Date,股价,A500指数,美元指数,中国10年期利率,美国10年期利率,布伦特原油,铜,黄金,最新模型预测（RSI＋MACD）,股价_MA5,股价_MA20,股价_相邻变化_pct,股价_MA5偏离_pct,股价_MA20偏离_pct,A500指数_MA5,A500指数_MA20,A500指数_相邻变化_pct,A500指数_MA5偏离_pct,A500指数_MA20偏离_pct,美元指数_MA5,美元指数_MA20,美元指数_相邻变化_pct,美元指数_MA5偏离_pct,美元指数_MA20偏离_pct,中国10年期利率_MA5,中国10年期利率_MA20,中国10年期利率_相邻变化_pct,中国10年期利率_MA5偏离_pct,中国10年期利率_MA20偏离_pct,美国10年期利率_MA5,美国10年期利率_MA20,美国10年期利率_相邻变化_pct,美国10年期利率_MA5偏离_pct,美国10年期利率_MA20偏离_pct,布伦特原油_MA5,布伦特原油_MA20,布伦特原油_相邻变化_pct,布伦特原油_MA5偏离_pct,布伦特原油_MA20偏离_pct,铜_MA5,铜_MA20,铜_相邻变化_pct,铜_MA5偏离_pct,铜_MA20偏离_pct,黄金_MA5,黄金_MA20,黄金_相邻变化_pct,黄金_MA5偏离_pct,黄金_MA20偏离_pct
2017-01-02,3.36,1378.873182183108,103.20999908447266,3.1054,2.45,55.05,2.489,728.1169981594091,3.4083169,3.34,3.408,0.0,0.5988023952095745,-1.4084507042253502,1370.1258843188293,1384.3322403808324,0.0,0.6384302321700508,-0.3943459552905204,102.95,102.4639991760254,0.0,0.25254889215411414,0.728060503636696,3.0595600000000003,3.16906,3.118047484642217,1.4982546509955563,-2.0087975614220044,2.47,2.5084999999999997,0.0,-0.8097165991902799,-2.332070958740262,54.996,53.7965,0.0,0.09818895919702086,2.330077235507888,2.4936999999999996,2.5418499999999997,0.0,-0.18847495689134908,-2.0791942876251523,723.674502645993,720.1418434555619,0.0,0.6138803422219397,1.1074422041050802
2017-01-03,3.36,1378.873182183108,103.20999908447266,3.1054,2.45,55.05,2.489,728.1169981594091,3.3823237,3.3519999999999994,3.4019999999999997,0.0,0.23866348448688957,-1.2345679012345623,1373.1127151727553,1381.578076297134,0.0,0.41951887464881654,-0.19578293550196468,102.93999938964843,102.61299896240234,0.0,0.26228841696629424,0.5817977528256968,3.05618,3.169945,0.0,1.6105072345215188,-2.0361552014309336,2.458,2.5140000000000002,0.0,-0.32546786004882255,-2.545743834526648,55.016,53.95400000000001,0.0,0.06180020357713367,2.0313600474478166,2.4920999999999998,2.534225,0.0,-0.12439308213955114,-1.7845692470084606,726.309879522871,719.6837906214885,0.0,0.2488082136133496,1.1717934525992568
2017-01-04,3.37,1391.445644425797,102.69999694824219,3.1823,2.46,54.57,2.5565,730.2504138074188,3.4185965,3.3579999999999997,3.3945,0.29761904761904656,0.3573555687909513,-0.7217557814111042,1378.9109286055455,1379.5916708163536,0.9117924987694259,0.9090301309691906,0.8592378353827534,102.94399871826172,102.69449882507324,-0.4941402390799876,-0.23702379260331918,0.005353863383006363,3.08322,3.1752949999999998,2.4763315514909623,3.2135235241079307,0.2206094236913536,2.4520000000000004,2.5170000000000003,0.40816326530610514,0.32626427406197145,-2.2646007151370884,54.936,54.1025,-0.8719346049046228,-0.666229794670159,0.8641005498821741,2.5058,2.5308750000000004,2.71193250301327,2.0233059302418477,1.012495678372094,727.2385392004497,719.4955494159974,0.29300451073146494,0.41415222717438027,1.4947784458362534
2017-01-05,3.41,1392.2092835874198,101.5199966430664,3.2086,2.37,54.99,2.5375,740.2271364220231,3.4380903,3.372,3.3890000000000002,1.1869436201780381,1.1269276393831573,0.6196518146945884,1384.0548949125082,1377.3552315815605,0.05488099119661527,0.5891665644827793,1.0784474233856978,102.7699981689453,102.69199867248535,-1.1489779359686536,-1.2163097675880086,-1.1412788187683431,3.1226399999999996,3.18146,0.8264462809917328,2.7527989137396736,0.8530674595940368,2.436,2.5119999999999996,-3.658536585365846,-2.709359605911321,-5.652866242038201,54.94199999999999,54.24249999999999,0.7696536558548628,0.08736485748608303,1.3780707010185855,2.5122,2.5255,-0.7432035986700614,1.0070854231351012,0.47515343496338236,730.9657089415339,720.1324298633765,1.366205677664345,1.2670125790032127,2.790418223834057
2017-01-06,3.38,1384.8567160322123,102.22000122070312,3.1953,2.42,55.9,2.546,735.3329110365752,3.4583297,3.376,3.3875,-0.8797653958944385,0.11848341232227888,-0.22140221402214832,1385.251601682329,1376.751343264514,-0.5281222903687044,-0.028506420756857498,0.5887317856889895,102.5719985961914,102.75499877929687,0.6895238384392988,-0.34317102162944035,-0.5206535593882289,3.1594,3.183935,-0.41451100168298227,1.1362917009558826,0.3569482417197678,2.43,2.5085,2.1097046413502074,-0.4115226337448652,-3.5280047837353057,55.112,54.338,1.6548463356973908,1.4298156481346913,2.8745997276307556,2.5236,2.522,0.3349753694581237,0.8876208590901769,0.9516256938937317,732.4088915169671,720.3959683170198,-0.6611788658687612,0.3992332088639472,2.073435079661934
2017-01-09,3.37,1392.804515633552,101.93000030517578,3.1692,2.38,54.39,2.5385,742.6115556631297,3.3925457,3.378,3.3839999999999995,-0.2958579881656709,-0.2368265245707546,-0.4137115839243255,1388.037868372418,1376.5592720457255,0.5739077197900455,0.3434090214500696,1.1801339700893587,102.31599884033203,102.79999885559081,-0.28370271186086704,-0.3772611708151463,-0.8463021012647731,3.17216,3.18308,-0.8168247112947169,-0.0933118127711019,-0.4360556442188024,2.416,2.5035,-1.6528925619834767,-1.490066225165565,-4.933093668863586,54.98,54.393499999999996,-2.7012522361359537,-1.073117497271725,-0.0064345923685649176,2.5335,2.519175,-0.29457973291436845,0.1973554371422992,0.7671162186033031,735.3078030177112,721.2367805667917,0.9898434460513972,0.9932918725251927,2.963627989069062
2017-01-10,3.4,1389.8062156743472,102.01000213623047,3.1792,2.38,53.2,2.6125,743.0507545043924,3.3690436,3.386,3.3765,0.8902077151335286,0.41346721795627595,0.6959869687546139,1390.2244750706657,1376.7408904090694,-0.21527069488577188,-0.030085745418717558,0.9490039379447479,102.0759994506836,102.80049896240234,0.07848703111466016,-0.06465507544211047,-0.7689620518875007,3.1869199999999998,3.18111,0.31553704404896354,-0.242240156640261,-0.06004193504782762,2.402,2.4955,0.0,-0.915903413821828,-4.628330995792429,54.61,54.396,-2.18790218790218,-2.5819446987731087,-2.198691080226478,2.5582000000000003,2.519725,2.915107346858381,2.1225861934172308,3.681949419083419,738.2945542867079,721.9552314372618,0.05914247333123068,0.6442144520867554,2.921998781715862
2017-01-11,3.41,1380.4719609411634,101.77999877929688,3.2055,2.38,53.61,2.6105,750.2039356321698,3.3740096,3.3939999999999997,3.3729999999999998,0.2941176470588225,0.4714201532115547,1.0969463385710254,1388.0297383737388,1377.0017036702588,-0.6716227505612848,-0.5444967945305246,0.2520154667677632,101.89199981689453,102.73299903869629,-0.2254713774306527,-0.109921326305229,-0.9276476578284787,3.19156,3.17481,0.8272521389028675,0.43677699933575287,0.9666720213178159,2.386,2.4844999999999997,0.0,-0.25146689019279744,-4.206077681626075,54.418000000000006,54.4905,0.7706766917293217,-1.4848028225954768,-1.6158779970820603,2.569,2.5204,-0.07655502392344138,1.6154145581938506,3.574829392159984,742.2852586516581,724.082354761447,0.962677325124095,1.0667970147886008,3.6075428021345113
2017-01-12,3.4,1372.0976993555525,101.3499984741211,3.1888,2.36,54.51,2.6715,752.274619530791,3.3858368,3.3920000000000003,3.37,-0.2932551319648202,0.2358490566037652,0.8902077151335286,1384.0074215273653,1376.6457258709625,-0.606623084173441,-0.8605244442019933,-0.3303701475216192,101.85800018310547,102.65299911499024,-0.422480163424066,-0.49873520790822967,-1.269325447968206,3.1875999999999998,3.170235,-0.5209795663702943,0.03764587777639328,0.5856032754669727,2.384,2.4725,-0.8403361344537785,-1.0067114093959773,-4.550050556117302,54.322,54.50849999999999,1.6787912702853847,0.34608445933506093,0.00275186438813968,2.5958,2.525925,2.336717104003072,2.9162493258340305,5.763235250452814,744.6947552734116,726.0777107736992,0.2760161337831857,1.0178484813682553,3.608003436598639
2017-01-13,3.41,1368.9680128105551,101.18000030517578,3.2022,2.4,54.37,2.69,750.0157403840041,3.2714343,3.3979999999999997,3.3674999999999997,0.2941176470588225,0.35314891112421254,1.2620638455827837,1380.8296808830341,1376.4375398333639,-0.22809502169323093,-0.8590247035313969,-0.5426709753726278,101.65,102.5549991607666,-0.16773376566820986,-0.46237058025009325,-1.3407428861028525,3.18898,3.1637649999999997,0.42022077270447156,0.4145526155698631,1.2148500283680974,2.38,2.4654999999999996,1.6949152542372836,0.8403361344537785,-2.656661934698834,54.016,54.5505,-0.25683360851219694,0.6553613744075815,-0.33088605970614804,2.6246,2.5356,0.6924948530787844,2.4918082755467363,6.089288531314074,747.6313211428974,727.7969819824306,-0.3002732098280614,0.3189298219156589,3.052878611979448
2017-01-16,3.45,1367.27958629921,100.33000183105469,3.2496,2.33,54.3,2.625,760.4944701848021,3.3868885,3.414,3.3705,1.1730205278592365,1.0544815465729274,2.358700489541632,1375.7246950161657,1376.5196564494843,-0.12333571679872257,-0.6138661861308292,-0.6712632185803757,101.33000030517579,102.40699920654296,-0.8400854630928656,-0.9868730594191244,-2.0281791201587795,3.2050600000000005,3.1575499999999996,1.4802323402660633,1.3896775723387211,2.915234913144693,2.37,2.4534999999999996,-2.9166666666666563,-1.6877637130801704,-5.0336254330548,53.998000000000005,54.5375,-0.12874747103182038,0.5592799733323384,-0.4354801741920822,2.6419,2.541875,-2.4163568773234223,-0.6396911313827247,3.2702237521514688,751.2079040472319,730.3225514894386,1.3971346515251781,1.2362178416304825,4.131314120566332
2017-01-17,3.49,1367.27958629921,100.33000183105469,3.2692,2.33,54.68,2.625,760.4944701848021,3.440401,3.432,3.374,1.1594202898550732,1.6899766899767021,3.4380557202134066,1371.2193691411383,1375.9879218707126,0.0,-0.2873196609231021,-0.6328787798997038,100.99400024414062,102.27249946594239,0.0,-0.6574632270043734,-1.8993352514422246,3.2230600000000003,3.156935,0.6031511570654846,1.431558829187174,3.5561391032758127,2.3600000000000003,2.4425,0.0,-1.2711864406779738,-4.605936540429878,54.294,54.621,0.6998158379373898,0.7109441190555232,0.1080170630343602,2.6444,2.548425,0.0,-0.7336257752231123,3.004797080549748,754.6966471833138,732.8606711761015,0.0,0.7682322457807533,3.7706756680439213
2017-01-18,3.49,1370.5660656758716,100.93000030517578,3.2682,2.42,53.77,2.6165,760.0552713435394,3.5285633,3.4480000000000004,3.379,0.0,1.2180974477958184,3.2849955608168058,1369.2381900880798,1375.654555630242,0.24036630178594365,0.09697915215951536,-0.3698959112623301,100.82400054931641,102.16449966430665,0.5980249807345128,0.1051334556076533,-1.208344741262568,3.2356000000000003,3.1608050000000003,-0.03058852318609251,1.0075411052046013,3.3977103933966246,2.368,2.436,3.862660944205998,2.195945945945943,-0.6568144499178974,54.326,54.6075,-1.6642282370153527,-1.0234510179288003,-1.5336721146362642,2.6456,2.5544,-0.3238095238095262,-1.0999395222255903,2.431099279674287,756.6669143255878,735.4489877516068,-0.05775174685438422,0.4478003403877828,3.3457498754819515
2017-01-19,3.42,1365.8982124165404,101.1500015258789,3.2584,2.47,53.18,2.6105,753.529560900733,3.4881132,3.4520000000000004,3.383,-2.005730659025795,-0.9269988412514585,1.0937038131835664,1367.9982927002775,1375.62640913928,-0.3405784935313849,-0.15351483221457407,-0.7071830446193861,100.78400115966797,102.07149963378906,0.21797406126813357,0.363153240593328,-0.9027966780308816,3.2495199999999995,3.1648799999999997,-0.29985924973993106,0.27327112927448827,2.954930360708796,2.3899999999999997,2.432,2.066115702479343,3.3472803347280644,1.5625,54.06,54.57000000000001,-1.0972661335317158,-1.6278209396966337,-2.547187099138737,2.6334,2.5611249999999997,-0.22931396904261048,-0.8695982380192868,1.9278637317585279,756.9179025995761,737.6137616147566,-0.8585836700100713,-0.4476498292887654,2.1577416412532857
2017-01-20,3.44,1378.039857318523,100.73999786376953,3.244,2.48,55.04,2.625,755.6629765487427,3.4962714,3.4579999999999997,3.3899999999999997,0.5847953216374213,-0.5205320994794649,1.4749262536873253,1369.812661601871,1376.0448500087834,0.8889128627309395,0.6006073638588738,0.14498127075777134,100.69600067138671,101.95749969482422,-0.40534222038985934,0.04369308819562878,-1.194126802539175,3.25788,3.1693249999999997,-0.4419346918733025,-0.426043930408726,2.356179943678871,2.4059999999999997,2.4274999999999998,0.4048582995951344,3.075644222776397,2.162718846549949,54.193999999999996,54.5745,3.497555471981939,1.5610584197512711,0.8529624641544942,2.6204,2.56675,0.5554491476728485,0.17554571821096765,2.2694068374403464,758.0473498325239,739.7157884094094,0.28312301981350263,-0.3145414708339733,2.155853422248044
2017-01-22,3.51,1383.2071247824135,100.16000366210938,3.255,2.41,54.8,2.6475,762.3768822397149,3.5345147,3.47,3.4005,2.034883720930236,1.1527377521613813,3.220114689016307,1372.9981692985118,1376.7216542514811,0.3749722793900512,0.7435520099140058,0.47108073813646456,100.66200103759766,101.81450004577637,-0.5757337839578658,-0.4986960027754561,-1.6250105661994363,3.2589600000000005,3.1739349999999997,0.3390875462391918,-0.1215111569335181,2.5540850710553453,2.4219999999999997,2.4195,-2.822580645161288,-0.49545829892648774,-0.39264310808018177,54.294000000000004,54.56699999999999,-0.43604651162790775,0.9319630161712,0.42699800245571407,2.6249,2.5735,0.8571428571428452,0.860985180387841,2.8754614338449613,758.4238322435065,742.1535104886107,0.8884788456404058,0.5212191162973889,2.7249580397173734
2017-01-23,3.51,1383.2071247824135,100.16000366210938,3.2429,2.41,54.8,2.6475,762.3768822397149,3.5032594,3.474,3.411,0.0,1.036269430051795,2.902374670184682,1376.1836769951526,1377.685059094928,0.0,0.5103568589475138,0.40082206386946595,100.6280014038086,101.65950012207031,0.0,-0.46507705128834287,-1.4750185257259574,3.2537,3.179965,-0.3717357910906216,-0.3319298029935025,1.9791098329698498,2.4379999999999997,2.4145,0.0,-1.1484823625922735,-0.186373990474209,54.318,54.5595,0.0,0.8873669870024692,0.4408031598529982,2.6294,2.581025,0.0,0.688369970335434,2.575527164595459,758.8003146544891,744.5253489118454,0.0,0.47134503190795485,2.397706586345283
2017-01-24,3.49,1382.436226693399,100.3499984741211,3.2837,2.47,54.7,2.7085,759.4278006585686,3.6035202,3.474,3.4185000000000003,-0.5698005698005604,0.4605641911341385,2.091560626005551,1378.557709198658,1378.6841415665053,-0.05573265747426115,0.2813460378815469,0.272149726958526,100.51200103759766,101.54300003051758,0.1896912989866273,-0.1611773338548561,-1.1748732616112756,3.2567999999999997,3.191795,1.2581331524252892,0.8259641365757853,2.879414248095502,2.448,2.4135,2.4896265560165887,0.8986928104575354,2.340998549823925,54.504,54.54600000000001,-0.18248175182480342,0.3596066343754645,0.28233051002821696,2.6477999999999997,2.59205,2.304060434372057,2.292469219729587,4.492583090603963,758.6748205174947,746.2163831737977,-0.386827256944422,0.09924939126888521,1.7704539571458122
2017-01-25,3.51,1387.2637763553505,100.02999877929688,3.3463,2.53,54.34,2.71,751.270681753946,3.511881,3.492,3.4269999999999996,0.5730659025787732,0.5154639175257714,2.421943390720749,1382.83082198642,1379.7228577816427,0.3492059574782935,0.320570983698687,0.5465531379129418,100.28800048828126,101.425,-0.31888360706526786,-0.257260796633918,-1.375401745825111,3.27438,3.208535,1.9063860888631545,2.1964463501487286,4.293704135999765,2.46,2.4175,2.4291497975708287,2.8455284552845406,4.653567735263686,54.736000000000004,54.515,-0.6581352833638032,-0.7234726688102877,-0.32101256534897704,2.6677,2.602275,0.055381207310323255,1.585635566218091,4.139647039609562,758.2230446881374,747.7003528756647,-1.0741138127349115,-0.9169284662207788,0.47750798358590085
2017-01-26,3.58,1393.4879436474948,100.37999725341797,3.3465,2.51,55.89,2.673,746.3763797729555,3.542375,3.5199999999999996,3.4379999999999997,1.9943019943019946,1.7045454545454586,4.130308318789999,1385.9204392522145,1380.453595854862,0.4486650194598596,0.5460273317971609,0.9442076018905343,100.21600036621093,101.28349990844727,0.34989351033916094,0.16364341682739703,-0.8920531536192988,3.29488,3.2252849999999995,0.005976750440783718,1.5666731413586987,3.7582725247536253,2.466,2.4204999999999997,-0.7905138339920903,1.7842660178426506,3.6975831439785223,54.90599999999999,54.557,2.8524107471475935,1.7921538629658063,2.443316164745135,2.6773,2.6114749999999995,-1.365313653136524,-0.16060956934224047,2.3559482667841136,756.3657253329799,748.613321956342,-0.6514698496637772,-1.3207030971196798,-0.2988114314531276
2017-01-27,3.57,1385.0400039488563,100.52999877929688,3.4214,2.49,54.8,2.6895,764.5730296371132,3.559002,3.532,3.4485,-0.27932960893854997,1.0758776896942157,3.523270987385807,1386.2870150855028,1380.7619369431493,-0.6062441901381499,-0.08995331580521349,0.30983378750852886,100.28999938964844,101.14949989318848,0.14943368199165086,0.2393054054332877,-0.6124608767673401,3.3281599999999996,3.2410850000000004,2.238159270880047,2.8015480024998984,5.563414720687665,2.482,2.4225000000000003,-0.7968127490039723,0.3223207091055613,2.786377708978316,54.90599999999999,54.54449999999999,-1.9502594381821448,-0.19305722507557688,0.46842486410179074,2.6856999999999998,2.6215,0.6172839506172645,0.1414901143091285,2.593934770169737,756.8049548124596,750.4361235302273,2.437999159310622,1.0264302281924875,1.8838253734885013
2017-01-30,3.57,1385.0400039488563,100.43000030517578,3.4214,2.49,54.77,2.661,764.5730296371132,3.5668147,3.5439999999999996,3.4589999999999996,0.0,0.7336343115124322,3.2090199479618553,1386.6535909187915,1381.070278031437,0.0,-0.11636554223076745,0.28743837157061414,100.34399871826172,101.01049995422363,-0.09947127756425589,0.08570675676931039,-0.5746923827829042,3.36386,3.2568849999999996,0.0,1.710534921191731,5.051299017312583,2.498,2.4245,0.0,-0.32025620496397567,2.7015879562796608,54.9,54.530499999999996,-0.054744525547434364,-0.23679417122038915,0.4392037483610167,2.6884,2.6301,-1.059676519799213,-1.0191935723850687,1.1748602714725553,757.2441842919392,752.2589251041124,0.0,0.9678311827547192,1.636950273643678
2017-01-31,3.57,1385.0400039488563,99.51000213623047,3.4214,2.45,55.25,2.7335,764.5730296371132,3.6240447,3.56,3.469,0.0,0.2808988764044784,2.911501873738831,1387.1743463698829,1380.74999600759,0.0,-0.15386259316371165,0.3107012821778721,100.17599945068359,100.85100021362305,-0.9160591119682593,-0.6648272221940643,-1.3296824766755644,3.3914,3.26884,0.0,0.8845904346287847,4.667099032072541,2.494,2.424,-1.6064257028112428,-1.7642341619887758,1.0726072607260884,55.010000000000005,54.564499999999995,0.8763921855030166,0.4362843119432691,1.2563113379578494,2.6934,2.63895,2.7245396467493244,1.4888245340461737,3.582864396824492,758.2732300876482,753.9750558955972,0.0,0.8308086451551011,1.4056133102344326
2017-02-01,3.57,1385.0400039488563,99.63999938964844,3.4214,2.48,55.79,2.7175,764.5730296371132,3.55166,3.572,3.4769999999999994,0.0,-0.05599104143337863,2.674719585849883,1386.729591888584,1380.3915320256617,0.0,-0.12183975517726653,0.33675024913932816,100.0979995727539,100.75700035095215,0.13063737375866857,-0.45755178431171606,-1.1086087888812046,3.40642,3.2794799999999995,0.0,0.43975786896508495,4.327515337797472,2.4840000000000004,2.4295,1.2244897959183598,-0.16103059581322743,2.0786169993825876,55.3,54.604499999999994,0.9773755656108607,0.8860759493670933,2.1710664871942953,2.6948999999999996,2.6479500000000002,-0.5853301627949503,0.838621099113146,2.626560169187475,760.9336996642817,755.1923505563517,0.0,0.47827162529892053,1.2421575872492374
2017-02-02,3.57,1385.0400039488563,99.8499984741211,3.4214,2.48,55.94,2.6925,764.5730296371132,3.6530797,3.57,3.4865000000000004,0.0,0.0,2.3949519575505285,1385.0400039488563,1380.4006964214939,0.0,0.0,0.33608411958856443,99.99199981689453,100.63850021362305,0.2107578138890176,-0.1420127040497987,-0.7834990960996269,3.4214,3.2907850000000005,0.0,0.0,3.9691137524936915,2.478,2.4325,0.0,0.08071025020177647,1.9527235354573458,55.31,54.6065,0.26886538806236704,1.1390345326342421,2.442016976001038,2.6988,2.655275,-0.9199632014719406,-0.2334370831480692,1.4019263541441118,764.5730296371132,756.6543564863787,0.0,0.0,1.0465377067946813
2017-02-03,3.57,1385.0400039488563,99.87000274658203,3.4214,2.49,55.92,2.6225,764.5730296371132,3.694641,3.57,3.4964999999999997,0.0,0.0,2.1021021021021102,1385.0400039488563,1380.0124708372591,0.0,0.0,0.36431070137699084,99.86000061035156,100.53550033569336,0.020034324253015434,0.010016158791636975,-0.661952829487289,3.4214,3.3033949999999996,0.0,0.0,3.5722340198492963,2.478,2.4379999999999997,0.40322580645162365,0.4842615012106588,2.1328958162428524,55.534000000000006,54.68300000000001,-0.03575259206292092,0.6950696870385631,2.2621289980432557,2.6854,2.6594749999999996,-2.599814298978642,-2.3422953749906883,-1.3903119976686917,764.5730296371132,757.7524301850779,0.0,0.0,0.9001092151389667
2017-02-04,3.54,1390.7604016800062,99.91000366210938,3.4099,2.42,55.02,2.658,771.7889425142794,3.5825887,3.564,3.5035000000000003,-0.8403361344537785,-0.6734006734006703,1.041815327529605,1386.1840834950865,1380.060180137542,0.4130131775862411,0.3301378395127008,0.7753445608000842,99.75600128173828,100.43050041198731,0.04005298330556073,0.15437906330681983,-0.5182656142733055,3.4191000000000003,3.3149300000000004,-0.33611971707488975,-0.2690766575999648,2.864917207904827,2.464,2.4400000000000004,-2.8112449799196915,-1.7857142857142905,-0.8196721311475641,55.584,54.774,-1.6094420600858306,-1.0146804835924006,0.4491181947639422,2.6848,2.66175,1.3536701620590952,-0.9982121573301583,-0.14088475626937713,766.0162122125464,759.189339585572,0.943783340172355,0.7536041939711913,1.6596127305456232
2017-02-06,3.54,1390.7604016800062,99.91000366210938,3.4905,2.42,55.02,2.658,771.7889425142794,3.6423767,3.558,3.5099999999999993,0.0,-0.5059021922428242,0.8547008547008739,1387.3281630413162,1380.5746021744842,0.0,0.24739919004930222,0.7377942118795167,99.83600158691407,100.33700065612793,0.0,0.07412363678336309,-0.42556284444055237,3.43292,3.32918,2.363705680518491,1.6772893047318327,4.845637664530011,2.4579999999999997,2.442,0.0,-1.5459723352318933,-0.9009009009009139,55.538,54.844500000000004,0.0,-0.9326947315351553,0.31999562399147585,2.6696999999999997,2.664125,0.0,-0.43825148893132937,-0.22990662975648224,767.4593947879797,760.2685899296777,0.0,0.5641402992396349,1.5153003474294824
2017-02-07,3.58,1387.7040303016663,100.26000213623047,3.4866,2.4,53.79,2.6395,774.4242887529404,3.6493273,3.5599999999999996,3.5189999999999997,1.1299435028248705,0.5617977528090012,1.7334470019892079,1387.8609683118784,1381.35491872179,-0.21976261149281306,-0.011307905748147995,0.459629273680906,99.96000213623047,100.28250083923339,0.35031374366152335,0.3001200416053784,-0.02243532302709239,3.4459600000000004,3.34407,-0.11173184357541333,1.179352052838678,4.262171545452098,2.4419999999999997,2.444,-0.8264462809917328,-1.7199017199017175,-1.8003273322422242,55.138,54.8085,-2.235550708833156,-2.4447749283615594,-1.8582884041708936,2.6541,2.662525,-0.6960120391271585,-0.5500923100109301,-0.8647806123886159,769.4296466111451,761.3760733907851,0.3414594448678754,0.6491356505163859,1.7137674558178606
2017-02-08,3.55,1394.0022386532075,100.27999877929688,3.4591,2.34,54.42,2.6735,776.5577044009501,3.6719437,3.556,3.5260000000000007,-0.8379888268156499,-0.16872890888639525,0.6806579693703574,1389.6534152527486,1382.6066300139225,0.45385818690546476,0.31294302253543904,0.8242119191320674,100.04600219726562,100.23750076293945,0.019944786196224307,0.23388898795762003,0.042397322393283865,3.4534999999999996,3.356915,-0.7887340102105234,0.16215433618069763,3.0440151150684436,2.414,2.441,-2.500000000000002,-3.0654515327257825,-4.137648504711189,54.834,54.811,1.171221416620205,-0.7550060181639173,-0.7133604568426044,2.6503,2.6616999999999997,1.288122750520948,0.8753725993283723,0.4433256941052788,771.8265815639124,762.7031715916323,0.27548408269131297,0.6129774420895462,1.8165038936976963
2017-02-09,3.58,1399.9796024140287,100.6500015258789,3.4148,2.4,53.98,2.6605,774.9890276885227,3.7087955,3.558,3.5325,0.8450704225352101,0.6183249016301406,1.3446567586695046,1392.641334945783,1384.2416308196637,0.42879154674788644,0.5269316143435843,1.136938179286373,100.202001953125,100.25350074768066,0.36896963610495437,0.44709642923448367,0.39549818733628506,3.45218,3.365175,-1.280679945650598,-1.082794060564618,1.4746632790270997,2.396,2.4445,2.564102564102577,0.16694490818029983,-1.8204131724279038,54.446000000000005,54.795,-0.8085262771040158,-0.8558939132351506,-1.4873619855826359,2.6579,2.6634749999999996,-0.4862539741911531,0.09782158847209121,-0.1116961863730559,773.9097811741944,763.4278994668184,-0.2020038824593895,0.13945378913429174,1.5143706733508955
2017-02-10,3.55,1405.3319725264118,100.80000305175781,3.4368,2.41,55.2,2.775,774.5498288472601,3.5974839,3.56,3.5355,-0.8379888268156499,-0.2808988764045006,0.4101258662141172,1395.5556491150642,1386.1442501310237,0.3823177211406348,0.7005326815556989,1.3842514870710199,100.38000183105468,100.27700080871583,0.14903281033764593,0.4184112502906734,0.5215575244812642,3.45756,3.3735550000000005,0.644254421928081,-0.6004234199840419,1.8747285874989306,2.394,2.4485,0.4166666666666874,0.6683375104427736,-1.572391259955075,54.482000000000006,54.821000000000005,2.2600963319748146,1.3178664513050053,0.6913409095054668,2.6813,2.670975,4.303702311595559,3.494573527766387,3.8946452138264087,774.4619584407905,764.1306673999413,-0.05667162057411135,0.011345993888012273,1.3635313817166095
2017-02-13,3.6,1413.7563207110263,100.95999908447266,3.4192,2.43,54.15,2.79,768.2751219975504,3.5984652,3.572,3.5409999999999995,1.4084507042253502,0.7838745800671898,1.6661959898333967,1400.154832921268,1388.3037628827813,0.599456096446005,0.9714274071661144,1.833356539738351,100.59000091552734,100.27850074768067,0.15872621812589305,0.3678279804928408,0.679605630031066,3.4433,3.3811050000000002,-0.5121042830540046,-0.6999099700868316,1.126702660816492,2.396,2.4490000000000003,0.8298755186721962,1.4190317195325708,-0.7758268681094416,54.30800000000001,54.839999999999996,-1.9021739130434812,-0.2909331958459327,-1.2582056892778914,2.7077,2.67965,0.540540540540535,3.0394800014772683,4.118075121750975,773.7591943374447,764.5416599326419,-0.8101101589613857,-0.7087569853809872,0.4883268316912215
2017-02-14,3.63,1413.733455089742,101.25,3.4107,2.47,54.96,2.746,767.961386655065,3.5897858,3.582,3.5515,0.8333333333333304,1.340033500837512,2.2103336618330305,1405.3607178788832,1390.6955250164415,-0.001617366511430518,0.595771399067968,1.6565761274760726,100.78800048828126,100.28350067138672,0.287243381692881,0.458387416637418,0.9637670425769684,3.42812,3.38872,-0.2485961628451161,-0.5081502397815685,0.6486224887273018,2.41,2.449,1.6460905349794164,2.4896265560165887,0.8574928542262272,54.54200000000001,54.928999999999995,1.4958448753462639,0.7663818708518066,0.05643649074260626,2.729,2.686425,-1.5770609318996431,0.6229388054232343,2.2176312385419283,772.4666139178696,765.2632512203584,-0.040836327183113585,-0.5832261461702015,0.3525761142200379
2017-02-15,3.55,1406.2455085386762,101.18000030517578,3.4058,2.51,54.57,2.752,772.8556120405129,3.5785296,3.582,3.557,-2.203856749311295,-0.8933556672250154,-0.1967950520101236,1407.8093718559771,1392.105807577449,-0.5296575902697609,-0.11108487758106911,1.0157059100150745,100.96800079345704,100.30550079345703,-0.06913550106095734,0.20996702920998978,0.871836045681551,3.4174599999999997,3.39681,-0.14366552320637105,-0.34118907024514034,0.26466007813212844,2.444,2.4505,1.6194331983805599,2.7004909983633363,2.4280759028769694,54.572,54.905499999999996,-0.7096069868995691,-0.003664883090237492,-0.6110498948192711,2.7446999999999995,2.692775,0.21849963583393528,0.2659671366634031,2.1994039605982563,771.7261954457823,766.122882994947,0.6373009724831791,0.14634939197291086,0.8788053711757282
2017-02-16,3.62,1414.1969376037118,100.44000244140625,3.3559,2.45,54.16,2.728,778.0636493639888,3.5892208,3.59,3.5625,1.9718309859154903,0.8356545961002881,1.6140350877193121,1410.6528388939137,1393.655298218514,0.5654367617001999,0.25123819355703514,1.4739397476159155,100.9260009765625,100.31950073242187,-0.731367722413101,-0.481539474916004,0.12011793131405657,3.4056800000000003,3.401855,-1.4651476892360127,-1.4616757886824372,-1.3508806224839076,2.4539999999999997,2.4524999999999997,-2.390438247011939,-0.16299918500405353,-0.10193679918448773,54.608000000000004,54.8735,-0.7513285688107052,-0.8203926164664699,-1.3002633329384894,2.7582,2.6968,-0.8720930232557933,-1.0949169748386556,1.1569267279738948,772.3411197808754,766.9072213511606,0.6738693803006068,0.7409329163695189,1.4547298163619438
2017-02-17,3.57,1404.7606949406727,100.94999694824219,3.3311,2.42,54.48,2.714,776.5577044009501,3.545505,3.594,3.5655,-1.3812154696132617,-0.6677796327211993,0.12620950778290396,1410.5385833767657,1394.7329767264268,-0.6672509614557898,-0.4096228564170912,0.7189704682957876,100.95599975585938,100.35900039672852,0.5077603489042737,-0.005945964213827093,0.5888824611419041,3.38454,3.4062650000000003,-0.7389969903751625,-1.578944258303927,-2.2066691816403083,2.456,2.4530000000000003,-1.224489795918382,-1.4657980456026065,-1.3452914798206428,54.464,54.8575,0.5908419497784312,0.029377203290237297,-0.6881465615458326,2.746,2.700125,-0.5131964809384271,-1.1653313911143437,0.5138650988380178,772.7426948916134,767.6162624592224,-0.19355035597277137,0.49369725971617484,1.1648322708903924
2017-02-20,3.62,1430.6754286759572,101.37000274658203,3.2812,2.43,55.25,2.7515,776.4949726515615,3.5302103,3.5980000000000003,3.572,1.400560224089653,0.611450806003333,1.3437849944008873,1413.922404969752,1397.1449368255549,1.8447792445088984,1.1848616053696137,2.399929382171817,101.03800048828126,100.41000061035156,0.41605330464267176,0.3285914771633758,0.9560821934020636,3.3569400000000003,3.4061400000000006,-1.4980036624538506,-2.256221439763595,-3.6680817582366076,2.4560000000000004,2.451,0.4132231404958775,-1.0586319218241158,-0.8567931456548328,54.684000000000005,54.885000000000005,1.4133627019089712,1.0350376709823639,0.6650268743736865,2.7383,2.7022749999999998,1.3817243920412725,0.4820509074973556,1.8216132703000376,774.3866650224156,768.469621058872,-0.008078182604209783,0.27225515680655565,1.0443290629539081
2017-02-21,3.64,1430.6754286759572,101.37000274658203,3.3013,2.43,56.34,2.7515,776.4949726515615,3.6049235,3.6,3.5785000000000005,0.5524861878453136,1.1111111111111072,1.7185971775883546,1417.310799686995,1399.3155194415854,0.0,0.9429568300695523,2.2410892181690567,101.06200103759765,100.47700080871581,0.0,0.3047651004553176,0.8887625333943605,3.33506,3.4038900000000005,0.6125807631354396,-1.0122756412178524,-3.013904679645951,2.448,2.446,0.0,-0.7352941176470451,-0.6541291905151292,54.96,54.985,1.972850678733029,2.510917030567694,2.46430844775849,2.7394,2.70435,0.0,0.441702562604962,1.743487344463568,776.093382221715,769.7308356037528,0.0,0.05174511715289043,0.878766542138476
2017-02-22,3.63,1434.6819936498905,101.33000183105469,3.2839,2.42,54.9,2.74,773.0438838842213,3.6453667,3.6160000000000005,3.5810000000000004,-0.27472527472528485,0.38716814159289736,1.3683328679139795,1422.9980967092379,1401.3752219417051,0.280047094793634,0.8210760764664649,2.3767204662029418,101.09200134277344,100.52450103759766,-0.039460308220906626,0.235429593953973,0.8012979772521023,3.31068,3.4007600000000004,-0.5270650955684131,-0.8088972658184979,-3.4362907114880326,2.43,2.4415000000000004,-0.4115226337448652,-0.4115226337448652,-0.8806061847225322,55.025999999999996,54.935500000000005,-2.5559105431310014,-0.22898266274125056,-0.06462123763323335,2.7370000000000005,2.7077,-0.4179538433581653,0.1096090610156919,1.1928943383683555,776.1310365904567,771.0642108093161,-0.4444444444444362,-0.3977617903024866,0.2567455533732055
2017-02-23,3.64,1430.3044974862332,101.05000305175781,3.2714,2.38,55.82,2.6515,784.4638197124757,3.6282887,3.62,3.5845,0.27548209366392573,0.5524861878453136,1.548333100850896,1426.2196086857423,1403.6384466185739,-0.3051196141746204,0.28641373149085325,1.899780597482148,101.21400146484375,100.55050125122071,-0.2763236694337645,-0.16203135012194947,0.4967670914828304,3.2937799999999995,3.39326,-0.3806449648284138,-0.6794625020493106,-3.5912367457842986,2.416,2.436,-1.6528925619834767,-1.490066225165565,-2.298850574712641,55.358000000000004,54.9865,1.675774134790542,0.8345677228223547,1.5158266119865704,2.7217,2.7058,-3.2299270072992825,-2.5792703089980495,-2.006800206962822,777.411070660154,772.0587503130843,1.4772687639508897,0.9072097527930367,1.6067519983888445
2017-02-24,3.61,1431.2710236684586,101.08999633789062,3.2916,2.31,54.69,2.6885,788.6679192591066,3.5434082,3.628,3.5865,-0.8241758241758323,-0.4961411245865577,0.6552349086853537,1431.5216744312995,1405.9499976045538,0.06757485444002231,-0.01750939348791336,1.8009905122548187,101.24200134277343,100.58350105285645,0.03957771887679318,-0.1501402608272917,0.5035570244945164,3.28588,3.38677,0.6174726416824594,0.17407817692671745,-2.810052055498302,2.394,2.427,-2.941176470588225,-3.508771929824561,-4.820766378244745,55.4,54.9825,-2.0243640272303853,-1.2815884476534367,-0.5319874505524513,2.7166000000000006,2.707175,1.3954365453516804,-1.034381211808899,-0.6898334980191545,779.8331136317854,773.263494794184,0.5359201330880747,1.1329097819630096,1.9921313457352152
2017-02-27,3.57,1420.722350382618,101.12999725341797,3.2871,2.36,54.65,2.698,788.9816546015921,3.5220385,3.618,3.5864999999999996,-1.1080332409972304,-1.3266998341625258,-0.46005855290672804,1429.5310587726315,1407.734114926242,-0.7370143817209018,-0.6161956633230714,0.9226341337232213,101.19400024414062,100.66450080871581,0.03956960824653688,-0.06324781169658733,0.4624236359018985,3.2870599999999994,3.380055,-0.13671162960261496,0.0012168929073519408,-2.7501031787944274,2.38,2.4225000000000003,2.1645021645021467,-0.8403361344537785,-2.579979360165141,55.279999999999994,54.9525,-0.07313951362223348,-1.1396526772793014,-0.5504754105818743,2.7059,2.7054,0.35335689045936647,-0.2919546176872845,-0.2735270200340034,782.3304500217915,774.4839260424079,0.039780411352374756,0.8501784098542187,1.8719211686248016
2017-02-28,3.57,1423.497075378154,101.12000274658203,3.2921,2.36,53.36,2.714,785.9697646755145,3.5578456,3.604,3.5865,0.0,-0.9433962264151052,-0.46005855290673914,1428.0953881130708,1409.6569684977069,0.1953038181449429,-0.3219891873604164,0.9818067224678595,101.14400024414063,100.7385009765625,-0.009882831115770596,-0.023726071245622204,0.3787050296770733,3.2852200000000003,3.373589999999999,0.15210976240453977,0.20942280882254583,-2.4155276723015873,2.3659999999999997,2.4165,0.0,-0.2535925612848544,-2.3380922822263672,54.684000000000005,54.831,-2.360475754803293,-2.42118352717432,-2.682788933267688,2.6984,2.705225,0.5930318754633124,0.5781203676252566,0.3243722795700954,784.2254084265821,775.5537627943279,-0.3817439744652318,0.22243046835630498,1.3430405963936964
2017-03-01,3.57,1426.3810472309372,101.77999877929688,3.3252,2.46,55.72,2.736,783.6481537793389,3.5774887,3.592,3.5864999999999996,0.0,-0.6124721603563588,-0.46005855290672804,1426.4351988292801,1411.724020661811,0.20259766617483077,-0.0037962887053932803,1.0382359692551635,101.23399963378907,100.83500099182129,0.6526859323460199,0.5393436468804413,0.9371723887345862,3.2934799999999997,3.36878,1.0054372588925053,0.9631150029755897,-1.2936433961255989,2.3739999999999997,2.4155,4.237288135593231,3.6225779275484538,1.8422686814324019,54.848,54.82000000000001,4.422788605697159,1.5898483080513337,1.6417365924844773,2.6976,2.7074000000000003,0.8106116433308941,1.4234875444840034,1.0563640392996954,786.3462624056056,776.5075190014393,-0.2953817055715957,-0.3431196605440112,0.9195834686935411
2017-03-02,3.53,1416.9912617032057,102.19999694824219,3.3483,2.49,54.16,2.6905,772.9811521348327,3.5983937,3.5699999999999994,3.5845,-1.1204481792717047,-1.1204481792716936,-1.520435207141857,1423.7725516726746,1413.3215835495284,-0.6582943278698239,-0.4762902586864737,0.25964919777570206,101.46399841308593,100.9515007019043,0.41265295144683467,0.7253789981346959,1.2367287634728052,3.30886,3.365125,0.6946950559364895,1.191951306492256,-0.49998142713866267,2.396,2.4155,1.2195121951219523,3.9232053422370683,3.084247567791354,54.516,54.73199999999999,-2.799712849964109,-0.6530192970870985,-1.045092450485996,2.7054,2.7108,-1.6630116959064356,-0.5507503511495537,-0.7488564261472486,784.049728890077,776.9279251263251,-1.361197827502303,-1.4117187146934218,-0.5079973140173499
2017-03-03,3.45,1416.2856939607175,101.54000091552734,3.3573,2.49,54.12,2.6965,768.9653244319101,3.5425315,3.5380000000000003,3.5799999999999996,-2.2662889518413443,-2.487280949689097,-3.631284916201105,1420.7754857311265,1414.5978481635639,-0.049793372870921004,-0.3160099407330752,0.11931629892869555,101.55399932861329,101.03300056457519,-0.6457887010007379,-0.013784206607803107,0.501816582818515,3.322,3.362495,0.2687931188961601,1.0626128838049365,-0.15449837100129926,2.432,2.4189999999999996,0.0,2.3848684210526327,2.9350971475816667,54.402,54.687,-0.07385524372229835,-0.5183632954670836,-1.0368094794009575,2.707,2.712725,0.22300687604532854,-0.38788326560768027,-0.5981070694596746,780.1092099246376,776.7867442222067,-0.5195246600556369,-1.4285032596659253,-1.0068940862434816
2017-03-06,3.47,1425.2704313399836,101.63999938964844,3.3615,2.49,54.73,2.652,768.3378537469391,3.5531676,3.518,3.5765000000000002,0.5797101449275477,-1.3644115974985715,-2.977771564378584,1421.6851019225994,1416.3233496465627,0.6343873568432246,0.25218871693426514,0.6317117977087339,101.65599975585937,101.11950035095215,0.09848185268805931,-0.01573971654339479,0.5147365610884247,3.33688,3.3560450000000004,0.12510052720935416,0.7378149648773702,0.1625425165633798,2.458,2.4225,0.0,1.3018714401952902,2.786377708978338,54.41799999999999,54.6725,1.1271249076127088,0.5733397037744892,0.10517170423887112,2.6978,2.712425,-1.6502874096050335,-1.6976795907776676,-2.2277113652912073,775.9804497537071,776.6141897838397,-0.081599347205219,-0.9848954325065495,-1.0656946712761184
2017-03-07,3.46,1428.5300526852948,101.80999755859375,3.3643,2.52,54.61,2.6185,762.4396139891036,3.5614102,3.496,3.5705,-0.2881844380403509,-1.0297482837528626,-3.0948046492087933,1422.6916973840277,1418.3646507657443,0.22870195533675197,0.4103738928119327,0.716698763894219,101.79399871826172,101.1970001220703,0.16725518493325708,0.015716879711447085,0.6057466484026275,3.35132,3.3499300000000005,0.08329614755318016,0.38731007483618907,0.42896418731135366,2.4899999999999998,2.4285,1.2048192771084265,1.2048192771084487,3.7677578752316254,54.66799999999999,54.713499999999996,-0.21925817650282342,-0.10609497329332473,-0.18916720736198434,2.6787,2.711375,-1.263197586727005,-2.247358793444587,-3.4253837997326064,771.2744196164249,776.0149560456479,-0.7676622632962427,-1.1454814787861256,-1.7493660335775485
2017-03-08,3.44,1425.7596830461944,102.06999969482422,3.4088,2.57,53.3,2.6005,758.2983227874038,3.4987755,3.4699999999999998,3.565,-0.5780346820809301,-0.8645533141210304,-3.5063113604488105,1422.5674245470793,1419.9525229853937,-0.19393149159815382,0.22440120897126992,0.40896860752719366,101.85199890136718,101.28650016784668,0.2553797686527082,0.21403683364933368,0.7735478328100509,3.3680399999999997,3.3474150000000003,1.3227120054691843,1.2101994038075548,1.8338030988090726,2.512,2.4400000000000004,1.984126984126977,2.3089171974522316,5.3278688524589946,54.18399999999999,54.65749999999999,-2.39882805347007,-1.6314779270633295,-2.483648172711883,2.6515999999999997,2.7077250000000004,-0.6874164598052457,-1.9271383315733859,-3.959966392451253,766.2044534180379,775.1019869649706,-0.54316317328168,-1.0318565228073173,-2.167929441564731
2017-03-09,3.39,1416.875844757675,101.8499984741211,3.4151,2.6,50.65,2.58,754.4707669281894,3.4866414,3.442,3.5555,-1.4534883720930147,-1.5107495642068591,-4.654760230628597,1422.5443411579731,1420.797335102576,-0.6230950695378601,-0.3984759023879625,-0.27600631335770176,101.78199920654296,101.34650001525878,-0.21553955262163527,0.06680873642512797,0.49680892658996445,3.3814,3.34743,0.18481577094577872,0.9966286153664017,2.0215508614070954,2.534,2.45,1.1673151750972943,2.60457774269931,6.1224489795918435,53.48199999999999,54.491,-4.971857410881797,-5.295239519838435,-7.048870455671585,2.6294999999999997,2.7037,-0.7883099403960703,-1.8824871648602248,-4.5752117468654045,762.5023763767092,774.0760739269539,-0.504755944223223,-1.0533225465715557,-2.5327364659787355
2017-03-10,3.4,1417.29904022462,101.25,3.4156,2.58,50.63,2.595,753.4040208064132,3.506506,3.432,3.5479999999999996,0.2949852507374562,-0.9324009324009341,-4.171364148816226,1422.7470104107535,1421.3956884874865,0.029868211001748968,-0.3829191097411311,-0.2882130778956937,101.7239990234375,101.3689998626709,-0.5891001306922439,-0.4659657779756521,-0.11739275600244348,3.3930599999999997,3.3463700000000003,0.014640859711279042,0.6642971241298534,2.0688088884373013,2.552,2.4585,-0.7692307692307665,1.0971786833855912,4.942037827943868,52.78399999999999,54.26249999999999,-0.039486673247768334,-4.080782055168209,-6.694310066804854,2.6092000000000004,2.6947,0.5813953488372103,-0.5442281158976048,-3.699855271458785,759.3901156516098,773.0187835249116,-0.14138998733104202,-0.7882766343436098,-2.5374238164118657
2017-03-13,3.46,1429.6395797371397,101.37999725341797,3.3851,2.62,50.1,2.6255,754.4707669281894,3.5575156,3.4299999999999997,3.5410000000000004,1.764705882352935,0.8746355685131268,-2.2874894097712595,1423.6208400901846,1422.189851438792,0.8707082388600185,0.42277687130329866,0.5238209435126429,101.6719985961914,101.38999977111817,0.12839234905477337,-0.2871993732838529,-0.009865388818208753,3.39778,3.344665,-0.8929617051176897,-0.37318484422181886,1.208940207763698,2.5780000000000003,2.468,1.5503875968992276,1.6291698991466097,6.158833063209079,51.85799999999999,54.06,-1.0468101915860228,-3.39002661113037,-7.325194228634846,2.6039000000000003,2.686475,1.1753371868978846,0.8295249433541985,-2.2697028634176775,756.6166982878598,772.3285657714434,0.1415901816709697,-0.28362199308136216,-2.312202297660282
2017-03-14,3.44,1428.6193374922148,101.69999694824219,3.3653,2.6,49.6,2.635,754.1570315857039,3.4127738,3.4259999999999997,3.5315,-0.5780346820809301,0.4086398131932345,-2.5909670111850414,1423.6386970515687,1422.9341455589158,-0.07136359816733995,0.3498528419437541,0.39954005960449734,101.64999847412109,101.41249961853028,0.3156438187942756,0.04918689116737429,0.2834929922774343,3.3979799999999996,3.342395,-0.5849162506277539,-0.9617478619650344,0.6852870471622863,2.5940000000000003,2.4745,-0.7633587786259555,0.23130300693907646,5.07173166296222,50.856,53.791999999999994,-0.9980039920159722,-2.469718420638667,-7.792980368828061,2.6071999999999997,2.6809250000000002,0.36183584079221287,1.0662779993863225,-1.7130281525965962,754.96018180718,771.6383480179754,-0.041583498823005716,-0.10638312335276012,-2.2654805165106096
2017-03-15,3.46,1431.5631954959806,100.73999786376953,3.3524,2.51,50.63,2.6565,753.0275537145391,3.4548316,3.4299999999999997,3.5269999999999997,0.5813953488372103,0.8746355685131268,-1.899631414800107,1424.7993995415259,1424.2000299067809,0.20606314967943629,0.4747191749681523,0.5170036114717558,101.38399810791016,101.39049949645997,-0.9439519304619282,-0.6352089640962566,-0.641580459629898,3.3867,3.339725,-0.3833239235729424,-1.0127853072312232,0.3795222660548436,2.582,2.4745,-3.4615384615384714,-2.7885360185902375,1.434633259244289,50.322,53.595000000000006,2.076612903225805,0.6120583442629446,-5.532232484373544,2.6184000000000003,2.6761500000000003,0.8159392789373943,1.4550870760769774,-0.7342637744521152,753.906027992607,770.6469451016767,-0.14976693498301996,-0.11652304736269326,-2.28631171499849
2017-03-16,3.48,1438.759333165894,100.2699966430664,3.3097,2.53,50.56,2.6775,769.5927951168809,3.4897113,3.4479999999999995,3.5199999999999996,0.5780346820809301,0.9280742459396807,-1.1363636363636243,1429.17609722317,1425.4281496848898,0.5026769123817942,0.6705426966868488,0.9352406492008303,101.06799774169922,101.38199920654297,-0.46654876977335613,-0.7895685246206874,-1.0968441855354505,3.36562,3.337415,-1.2737143538957163,-1.661506646620825,-0.8304331346266514,2.568,2.4785,0.7968127490039834,-1.4797507788162134,2.077869679241462,50.30400000000001,53.415,-0.13825794983212125,0.5089058524172962,-5.344940559767853,2.6379,2.673625,0.7905138339921125,1.5011941316956712,0.1449343120295543,756.9304336303452,770.2234023893213,2.1998187610305475,1.6728567017453955,-0.08187329422660872
2017-03-17,3.45,1425.3557237368377,100.30000305175781,3.3124,2.5,50.58,2.6915,771.6634790155022,3.5045502,3.4579999999999997,3.5140000000000002,-0.8620689655172376,-0.23134759976863872,-1.8212862834376842,1430.7874339256134,1426.457901124698,-0.9316088605008432,-0.37963082845037244,-0.077266730899761,100.87799835205078,101.34949951171875,0.029925610547509862,-0.5729646798460886,-1.0355220943538912,3.3449799999999996,3.3364800000000003,0.08157839079070417,-0.973996854988668,-0.7217186975495338,2.552,2.4825,-1.1857707509881354,-2.0376175548589393,0.7049345417925457,50.294,53.21999999999999,0.039556962025311115,0.5686563009504209,-4.96054114994362,2.6572,2.6725000000000003,0.5228758169934622,1.2908324552160177,0.7109448082319725,760.5823252721632,769.978691120049,0.2690622770587181,1.4569302197988465,0.2188096780967319
2017-03-20,3.5,1429.0392664418334,100.41000366210938,3.3141,2.47,50.67,2.667,774.0478216610662,3.5478847,3.4659999999999997,3.508,1.4492753623188248,0.980957876514732,-0.22805017103763037,1430.667371266552,1426.376093012992,0.25842971292378003,-0.1138003743859195,0.18670906234945495,100.68399963378906,101.30149955749512,0.10967159222796674,-0.27213457220240933,-0.8800421506887646,3.33078,3.3381250000000002,0.051322304069567615,-0.5007836002377863,-0.7197154090994307,2.522,2.4844999999999997,-1.19999999999999,-2.0618556701030744,-0.5836184342925987,50.408,52.991,0.1779359430605032,0.519758768449452,-4.379989054745137,2.6654999999999998,2.6682750000000004,-0.9102730819245841,0.056274620146323784,-0.047783680467738954,764.4977362187384,769.8563335705242,0.308987364363289,1.2491973474719753,0.5444506861562504
2017-03-21,3.47,1436.7522397420466,99.80999755859375,3.3141,2.43,50.14,2.6185,781.8912052232032,3.6431625,3.472,3.4995,-0.8571428571428563,-0.05760368663594306,-0.8429775682240237,1432.2939517165184,1426.6799335662965,0.5397313762705691,0.3112690673716223,0.7059962041081169,100.30599975585938,101.2234992980957,-0.597556101615837,-0.4944890619433262,-1.396416592296712,3.32054,3.338765,0.0,-0.1939443584477174,-0.7387462130458489,2.488,2.4844999999999997,-1.619433198380571,-2.331189710610926,-2.1936003219963585,50.516000000000005,52.681000000000004,-1.0459838168541569,-0.7443186317206529,-4.823370854767384,2.6622,2.661625,-1.8185226846644031,-1.6414995116820652,-1.6202507866434956,770.0445709462383,770.1261451991063,1.0132944428815183,1.5384348807767845,1.527679601249643
2017-03-22,3.46,1431.6702646750107,99.68000030517578,3.3068,2.4,49.56,2.6305,783.8991573724359,3.587218,3.472,3.4909999999999997,-0.2881844380403509,-0.3456221198156695,-0.8879977083930068,1432.3153655523245,1426.5293471175523,-0.3537126949562541,-0.0450390251217514,0.3603793758499396,100.09400024414063,101.14099922180176,-0.13024472156875078,-0.4136111434801859,-1.4445169890224374,3.3114199999999996,3.3399099999999997,-0.2202709634591571,-0.1395171859806199,-0.9913440781338378,2.466,2.4835000000000003,-1.2345679012345734,-2.676399026763998,-3.362190457016323,50.302,52.414,-1.1567610690067731,-1.4750904536598886,-5.445110085091764,2.657,2.65615,0.4582776398701638,-0.9973654497553608,-0.9656834139638137,776.2188916778176,770.668908873517,0.2568071025507157,0.989445860821192,1.716722751701183
2017-03-23,3.46,1435.461965398145,99.76000213623047,3.3034,2.41,50.17,2.6445,782.393212409397,3.5202818,3.468,3.482,0.0,-0.23068050749711633,-0.631820792647908,1431.6558919987747,1426.7872205131482,0.2648445537139832,0.26585113228965174,0.6079914902711758,99.99200134277343,101.0764991760254,0.08025865851701841,-0.23201776484867986,-1.302475897490507,3.3101599999999998,3.3415100000000004,-0.10281843474053698,-0.204219735601896,-1.1405023477410126,2.442,2.4850000000000003,0.4166666666666874,-1.3104013104013101,-3.0181086519114775,50.224000000000004,52.1315,1.2308313155770856,-0.10751831793565092,-3.762600347198908,2.6504,2.6558,0.5322182094658734,-0.22260790824026877,-0.425483846675212,778.7789751363209,770.5653785083631,-0.1921095269558193,0.46409024748561567,1.5349552719238435
2017-03-24,3.42,1446.2788560511144,99.62999725341797,3.2529,2.4,49.97,2.631,783.2088783425337,3.5977073,3.4619999999999997,3.4725,-1.1560693641618491,-1.21317157712304,-1.5118790496760348,1435.84051846163,1427.537612132281,0.7535477019740666,0.7269844704388406,1.3128371371483594,99.85800018310547,101.00349922180176,-0.1303176423703034,-0.2283271538278564,-1.3598558257547189,3.29826,3.339575,-1.5287279772355777,-1.3752705972239876,-2.5953901319778705,2.422,2.4895,-0.4149377593361092,-0.9083402146986108,-3.5950994175537265,50.102,51.89549999999999,-0.3986446083316775,-0.26346253642568485,-3.710340973687498,2.6383,2.652925,-0.5104934770277958,-0.2766933252473347,-0.826446280991755,781.0880550017271,770.2924264625344,0.1042526852482295,0.27152167124127047,1.6768244677305644
2017-03-27,3.47,1440.6078190262294,99.16999816894531,3.2451,2.38,50.12,2.632,787.7267132316503,3.5652874,3.4560000000000004,3.4675,1.4619883040935644,0.4050925925925819,0.07209805335257613,1438.154228978509,1428.5318855644614,-0.3921122818851819,0.17060687917060946,0.8453387413887903,99.60999908447266,100.90549926757812,-0.4617074145878086,-0.44172364177437196,-1.7199271706992536,3.28446,3.337475,-0.23978603707460744,-1.1983705083940865,-2.767810994838915,2.404,2.4905,-0.8333333333333304,-0.9983361064891838,-4.436860068259385,49.992,51.669,0.3001801080648292,0.25604096655464925,-2.997929125781418,2.6313000000000004,2.649625,0.038008361839625415,0.02660281989890212,-0.6651884700665134,783.823833315844,770.2296793940374,0.5768365265058639,0.4979282014551334,2.2716644535664132
2017-03-28,3.44,1437.0970387931598,99.70999908447266,3.2626,2.42,50.72,2.676,787.6639814822615,3.4961722,3.45,3.461,-0.8645533141210415,-0.28985507246377384,-0.6067610517191513,1438.223188788732,1429.2118837352116,-0.24370131736775047,-0.07830147673537624,0.5517135106196003,99.58999938964844,100.83499908447266,0.5445204451929087,0.12049371981086576,-1.1156840484101704,3.2741599999999997,3.336,0.5392745986256164,-0.3530676570479119,-2.20023980815347,2.402,2.4935,1.680672268907557,0.7493755203996644,-2.947663926208144,50.108,51.537,1.1971268954509284,1.2213618583858832,-1.5852688359819123,2.6428,2.647725,1.6717325227963542,1.2562433782352223,1.0678979123587284,784.9783885676557,770.3143902343747,-0.00796364377835257,0.3421231659009427,2.252274067294535
2017-03-29,3.46,1435.3832060359432,100.0,3.2695,2.39,51.36,2.6775,786.4717718617082,3.5120146,3.45,3.4555000000000007,0.5813953488372103,0.28985507246375164,0.1302271740702965,1438.9657770609183,1429.661991675462,-0.11925657843229187,-0.24896846624751223,0.4001795105272654,99.65399932861328,100.74599914550781,0.29084436685398174,0.34720199261222273,-0.7404752067924458,3.2667,3.333215,0.21148777048978218,0.08571341108762898,-1.9115178588839932,2.4,2.4899999999999998,-1.2396694214875992,-0.4166666666666541,-4.016064257028096,50.468,51.319,1.2618296529968376,1.7674566061662844,0.07989243749877417,2.6521999999999997,2.6448,0.05605381165918466,0.9539250433602486,1.236388384754994,785.4929114655101,770.455571138493,-0.15136018004907603,0.1246173430606623,2.078796146486206
2017-03-30,3.4,1420.084290664874,100.41000366210938,3.289,2.42,52.25,2.6785,781.2010027888438,3.5106385,3.4379999999999997,3.4490000000000003,-1.7341040462427793,-1.105293775450833,-1.420701652652956,1435.890242114264,1429.8166431235454,-1.0658418815780668,-1.1007771336419614,-0.680671364784946,99.78399963378907,100.65649948120117,0.41000366210937056,0.627359126330651,-0.24488812979019947,3.26382,3.3302500000000004,0.5964214711729809,0.7714886237598861,-1.2386457473162693,2.402,2.4865,1.2552301255229992,0.7493755203996644,-2.6744419867283376,50.884,51.2235,1.7328660436137122,2.684537379136853,2.0039630247835394,2.659,2.6442,0.03734827264239016,0.733358405415574,1.2971787308070581,785.2544695413995,770.8665636711937,-0.670179053011366,-0.5161978581189164,1.3406261997449986
2017-03-31,3.38,1428.6901120342854,100.3499984741211,3.2828,2.4,52.2,2.66,782.6442160024939,3.5509207,3.4300000000000006,3.4455,-0.588235294117645,-1.4577259475218818,-1.9010303294151876,1432.3724933108983,1430.436864027224,0.60600778601545,-0.25708265788468854,-0.1221131835221767,99.9279998779297,100.59699935913086,-0.05976016910645976,0.4223026546182229,-0.2455350423803182,3.2698,3.326525,-0.18850714502889332,0.3975778335066238,-1.314434732942038,2.402,2.4819999999999998,-0.8264462809917328,-0.08326394671108739,-3.3037872683319813,51.33,51.127500000000005,-0.0956937799043045,1.6949152542373058,2.0976969341352403,2.6648000000000005,2.642375,-0.6906850849355939,-0.18012608826180054,0.6670135768011898,785.1415370733915,771.550508249723,0.18474287776102383,-0.31807272357623484,1.4378459522937925
2017-04-01,3.42,1449.7812885176836,100.54000091552734,3.273,2.35,52.04,2.612,781.4520063819406,3.5894668,3.4200000000000004,3.443,1.183431952662728,-1.1102230246251565e-14,-0.6680220737728781,1434.2071872091892,1431.6624068861088,1.4762597085078655,1.0859031698760235,1.2655833906391134,100.20200042724609,100.5419994354248,0.18933975515231793,0.33731910225351935,-0.00198774632360621,3.2753799999999997,3.3221,-0.29852564883635635,-0.0726633245608066,-1.4779807952800872,2.396,2.475,-2.083333333333326,-1.919866444073448,-5.05050505050505,51.714,50.993,-0.30651340996169507,0.6303902231504122,2.0532229913909683,2.6608,2.6403749999999997,-1.8045112781954864,-1.8340348767287962,-1.0746579557827762,783.8865957034495,772.206215881473,-0.15233098209589402,-0.3105792770093485,1.197321429213516
2017-04-03,3.42,1449.7812885176836,100.54000091552734,3.3102,2.35,52.04,2.612,781.4520063819406,3.5665138,3.4159999999999995,3.441,0.0,0.11709601873537423,-0.6102877070618962,1436.7440371540938,1432.7249686777282,0.0,0.9074164239730509,1.1904810911264274,100.36800079345703,100.47849960327149,0.0,0.17136948102041138,0.06120843016037547,3.2849000000000004,3.319395,1.1365719523372952,0.7701908733903418,-0.27700831024930483,2.382,2.4665,0.0,-1.3434089000839644,-4.723292114332045,51.977999999999994,50.86450000000001,0.0,0.11928123436839577,2.311042082395365,2.648,2.64005,0.0,-1.3595166163142047,-1.0624798772750466,782.6442006833854,773.1568355011148,0.0,-0.1523290277247069,1.0728962740721881
2017-04-04,3.42,1449.7812885176836,100.54000091552734,3.3102,2.36,53.08,2.621,781.4520063819406,3.534215,3.408,3.44,0.0,0.35211267605634866,-0.5813953488372103,1439.623653650442,1433.9260489513026,0.0,0.7055757135890905,1.105722263569775,100.4760009765625,100.40199966430664,0.0,0.06369674185158214,0.13744870787644192,3.29304,3.3144649999999998,0.0,0.5210990452590991,-0.12867838399258646,2.376,2.456,0.42553191489360653,-0.6734006734006703,-3.9087947882736174,52.322,50.8535,1.9984627209838512,1.4487213791521736,4.378263049740916,2.6367,2.641075,0.34456355283307705,-0.5954412712860679,-0.760107153337175,781.6402475874319,774.3145196808416,0.0,-0.02408284451476117,0.9217813329964297
2017-04-05,3.42,1449.7812885176836,100.55999755859375,3.3102,2.34,53.41,2.6885,781.4520063819406,3.4711735,3.412,3.4415,0.0,0.23446658851113966,-0.6247275897137916,1445.5630532210039,1435.5713211393033,0.0,0.29180569379390064,0.9898475379894744,100.50599975585938,100.33749961853027,0.019889240983017586,0.053725949560767816,0.22174953622462468,3.2972799999999998,3.30922,0.0,0.3918381211180266,0.02961422933500657,2.3600000000000003,2.443,-0.8474576271186418,-0.847457627118664,-4.216127711829721,52.553999999999995,50.991499999999995,0.6217030896759512,1.6288008524565134,4.742947353970761,2.6387,2.6465,2.575352918733298,1.8872929851820874,1.5870017003589476,781.6904483060512,775.6635816535293,0.0,-0.030503369284773374,0.746254544537428
2017-04-06,3.46,1455.0813943528449,100.66999816894531,3.3109,2.34,53.62,2.666,784.5266280574068,3.6119523,3.428,3.4445,1.1695906432748648,0.9334889148191472,0.4499927420525518,1450.8413096847157,1437.4604388457144,0.36557968275203745,0.29225006482966887,1.2258393365788933,100.56999969482422,100.30849952697754,0.1093880399981817,0.09943171365669468,0.36038685023949135,3.3028999999999997,3.303985,0.02114675850402037,0.24221138999063196,0.20929271773328928,2.348,2.431,0.0,-0.34071550255536653,-3.7433155080213942,52.838,51.141,0.3931847968545288,1.4799954578144536,4.847382726188387,2.6399,2.65005,-0.8368978984563902,0.988673813402019,0.6018754363125378,782.0669307170339,777.2197120160789,0.39344984085478707,0.31451238298974005,0.9401351932227797
2017-04-07,3.56,1457.344364967255,101.18000030517578,3.2966,2.38,54.24,2.6545,787.0365107972906,3.6207285,3.4560000000000004,3.4494999999999996,2.8901734104046284,3.009259259259256,3.2033628062038133,1452.3539249746302,1438.84567810722,0.15552192634671336,0.3436104593246281,1.28566163428796,100.6979995727539,100.29849967956542,0.506607872759246,0.4786596898319173,0.8788771800441575,3.30762,3.2995599999999996,-0.43190673230844023,-0.3331700739504506,-0.08970893088773302,2.354,2.419,1.7094017094017033,1.1045029736618472,-1.6122364613476714,53.278,51.348,1.156284968295429,1.8056233342092387,5.63215704603881,2.6483999999999996,2.6515,-0.43135783945985606,0.23032774505362674,0.11314350367717108,783.1838316001039,778.847999209534,0.31992320593356993,0.4919252724249201,1.0513619597234847
2017-04-10,3.51,1451.9059765652787,101.0199966430664,3.3166,2.37,54.79,2.611,785.028558648058,3.6385436,3.474,3.4530000000000003,-1.404494382022481,1.036269430051795,1.650738488271064,1452.778862584149,1440.0100100608734,-0.3731711277518368,-0.06008388759990435,0.8261030424297156,100.79399871826172,100.26449966430664,-0.15813763750422982,0.22421763961999464,0.7535039633062901,3.3089,3.297125,0.6066856761511863,0.2327057330230753,0.590666110626703,2.3579999999999997,2.4074999999999998,-0.42016806722687816,0.5089058524173184,-1.5576323987538832,53.827999999999996,51.6075,1.0140117994100306,1.787173961507027,6.166739330523652,2.6482,2.6503,-1.638726690525516,-1.4047277395967006,-1.482850998000218,783.8991420533273,780.3915755626517,-0.25512820837224615,0.14407677392940244,0.5941867173621329
2017-04-11,3.57,1458.069531813701,100.70999908447266,3.3209,2.32,54.73,2.6155,797.6407040968659,3.7000136,3.504,3.4585,1.7094017094017033,1.8835616438356073,3.223941014890852,1454.4365112433527,1441.3353268767594,0.4245147652744752,0.24978887302840036,1.16102093835464,100.82799835205078,100.2629997253418,-0.30686752018915797,-0.11703025896251384,0.44582683577725213,3.3110399999999998,3.29555,0.1296508472532043,0.29779163042429335,0.7692190984812886,2.35,2.398,-2.1097046413502185,-1.276595744680864,-3.2527105921601462,54.158,51.8125,-0.10950903449534755,1.0561689870379087,5.630880579010844,2.6471000000000005,2.64825,0.17234775947911896,-1.193759208190115,-1.2366657226470346,787.1368815963124,782.622233081768,1.606584284083623,1.334434041414978,1.918993657509449
2017-04-12,3.57,1451.838105594165,100.77999877929688,3.3283,2.28,54.75,2.5535,800.2133951816808,3.786282,3.5340000000000003,3.463,0.0,1.0186757215619568,3.0898065261333985,1454.847874658649,1441.989265498173,-0.427375106849992,-0.20687861025953103,0.6830037040941095,100.8719985961914,100.28849983215332,0.06950620143040265,-0.09120451480575387,0.49008505258942847,3.31466,3.29648,0.22283116022765448,0.41150525242408253,0.9652720477600463,2.338,2.3855,-1.7241379310344862,-2.480752780153994,-4.422552923915324,54.426,52.022000000000006,0.036543029417135386,0.5953037151361418,5.243935258160004,2.6201,2.64205,-2.37048365513286,-2.5418877142093677,-3.3515641263412776,790.8891593562605,784.153263085008,0.32253758761318085,1.1789560793840748,2.0480858593241225
2017-04-13,3.58,1455.9292370722133,100.55999755859375,3.322,2.24,55.05,2.5785,806.8645691232645,3.637978,3.558,3.4695,0.2801120448179262,0.6183249016301406,3.1848969592160215,1455.0174432025226,1443.517941164942,0.28178978512027886,0.06266549407709654,0.8597950571542778,100.8499984741211,100.30149955749512,-0.2182984951060729,-0.2875566880665481,0.25772097350393874,3.3168800000000003,3.29696,-0.18928582159060126,0.1543619304888777,0.7594875279044899,2.318,2.3725,-1.754385964912264,-3.3649698015530527,-5.584826132771337,54.712,52.24549999999999,0.5479452054794498,0.6177803772481338,5.367926424285363,2.6026,2.6364,0.9790483649892323,-0.9259970798432215,-2.1961766044606312,795.356747569432,785.9133175903961,0.8311750317643307,1.4468754541908213,2.6658476277135357
2017-04-14,3.62,1438.966212596562,100.30000305175781,3.3599,2.26,54.79,2.604,809.0607165206628,3.5144732,3.5700000000000003,3.4755000000000003,1.1173184357541999,1.4005602240896309,4.157675154653995,1451.341812728384,1444.0142884726781,-1.1650995147101328,-0.8527005852988601,-0.3495862829345997,100.6739990234375,100.29599952697754,-0.2585466518974844,-0.3714921184293285,0.003991709339512539,3.32954,3.29925,1.1408789885611004,0.9118376712698995,1.8382965825566533,2.2939999999999996,2.362,0.8928571428571175,-1.4821272885788939,-4.318374259102464,54.822,52.451499999999996,-0.47229791099000495,-0.05837072708038127,4.458404430759844,2.5925000000000002,2.63325,0.9889470622455043,0.44358727097395523,-1.1107946454001594,799.7615887141063,787.6639623333759,0.27218290174579884,1.1627374879941588,2.7164825624243605
2017-04-17,3.53,1438.966212596562,100.30000305175781,3.416,2.26,54.79,2.604,809.0607165206628,3.5617218,3.5739999999999994,3.4784999999999995,-2.4861878453038777,-1.231113598209277,1.4805232140290503,1448.7538599346408,1444.1249871154037,0.0,-0.6755907686430862,-0.35722493308187886,100.53000030517578,100.32049980163575,0.0,-0.22878469384239875,-0.020431267705467437,3.34942,3.304345,1.669692550373525,1.987806844170037,3.379035784701645,2.272,2.3535,0.0,-0.5281690140845119,-3.972806458466116,54.822,52.684000000000005,0.0,-0.05837072708038127,3.997418571103162,2.5911,2.6325250000000002,0.0,0.4978580525645482,-1.083560460014632,804.5680202886273,789.022437898249,0.0,0.5583985590707163,2.539633559191379
2017-04-18,3.47,1432.4491475841562,99.5,3.4064,2.18,52.6,2.5345,810.5038531387705,3.5784173,3.554,3.479,-1.6997167138810054,-2.363534046145177,-0.258695027306699,1443.6297830887318,1444.163931260861,-0.45289909904457915,-0.7744808007946413,-0.8111810178278778,100.28800048828126,100.31149978637696,-0.7976101968262039,-0.7857375602710603,-0.8089798159783501,3.36652,3.309325,-0.2810304449648693,1.1846060620462673,2.933377652542446,2.244,2.3425000000000002,-3.539823008849541,-2.8520499108734443,-6.937033084311639,54.396,52.836,-3.9970797590801244,-3.3017133612765592,-0.4466651525474985,2.5749,2.6277250000000003,-2.66897081413211,-1.5689929706008021,-3.5477456735389046,807.1406500970082,790.3526726865657,0.17837185623272855,0.4166811622432931,2.5496441207324416
2017-04-19,3.49,1423.8705471924645,99.73999786376953,3.4065,2.21,52.43,2.5425,804.0409510408952,3.510829,3.5380000000000003,3.4805,0.5763688760807018,-1.3566986998304165,0.2729492888952745,1438.0362714083917,1443.584360350577,-0.5988764352409692,-0.9850741944119057,-1.3656155954283822,100.08000030517579,100.31049957275391,0.24120388318544794,-0.33973065584480544,-0.5687357867962817,3.3821600000000003,3.3144800000000005,0.0029356505401478827,0.719658443125093,2.776302768458372,2.23,2.3325,1.3761467889908063,-0.8968609865470878,-5.2518756698821,53.932,52.949,-0.32319391634981764,-2.7849885040421296,-0.9801884832574714,2.5727,2.622625,0.31564411126454583,-1.1738640338943562,-3.055145131309289,807.9061612688512,791.4350596181405,-0.7973931367318055,-0.4784231651217441,1.5927891075278922
2017-04-20,3.43,1430.1426234053952,99.77999877929688,3.424,2.24,50.66,2.5505,804.3546863833806,3.5248752,3.508,3.4809999999999994,-1.7191977077363862,-2.2234891676168766,-1.46509623671357,1432.878948675028,1442.7775487182912,0.44049483468127093,-0.19096695308162825,-0.8757362023078641,99.9240005493164,100.31799964904785,0.04010518987775935,-0.14411129381119991,-0.5362954520954477,3.40256,3.323035,0.5137237633935143,0.6301137966707504,3.038336941982256,2.23,2.3245,1.3574660633484337,0.4484304932735439,-3.6351903635190252,53.053999999999995,52.98349999999999,-3.3759298111768143,-4.512383609152937,-4.385327507620285,2.5671,2.6186,0.31465093411995326,-0.6466440730785727,-2.6006262888566334,807.4041847208744,792.4923500201829,0.039019821326169435,-0.3776916685845566,1.4968392266367703
2017-04-21,3.44,1429.0777387570101,99.9800033569336,3.4614,2.24,49.93,2.5455,807.8057751507208,3.4555967,3.472,3.4795000000000003,0.2915451895043608,-0.9216589861751112,-1.135220577669216,1430.9012539071177,1442.20104470483,-0.07446003153512848,-0.12743822434486685,-0.909949829533363,99.86000061035156,100.35849990844727,0.2004455603162647,0.12017098522787428,-0.37714448886637664,3.42286,3.3338499999999995,1.0922897196261605,1.1259589933564351,3.8259069844174265,2.226,2.3175,0.0,0.6289308176100628,-3.3441208198489614,52.081999999999994,52.974000000000004,-1.4409790761942265,-4.131945777811897,-5.746215124400655,2.5554,2.614275,-0.19603999215839218,-0.38741488612350494,-2.630748486674128,807.153196446886,793.4963031161365,0.42905061980273995,0.08084942322070798,1.8033445119264746
2017-04-24,3.36,1409.6125620093874,99.08999633789062,3.4991,2.28,49.45,2.5595,800.5271305241663,3.4379075,3.438,3.4755000000000003,-2.3255813953488413,-2.2687609075043746,-3.3232628398791597,1425.0305237896825,1440.8268208656416,-1.3620796279811387,-1.0819390548416519,-2.1664129515232666,99.61799926757813,100.32749977111817,-0.89018502616528,-0.5300276391510983,-1.2334638419682742,3.4394799999999996,3.345675,1.0891546772981986,1.7334015607010533,4.5857711821979175,2.2300000000000004,2.3104999999999998,1.7857142857142572,2.242152466367675,-1.3200605929452491,51.013999999999996,52.9105,-0.9613458842379297,-3.0658250676284804,-6.540289734551741,2.5465,2.6084500000000004,0.5499901787467953,0.5105046141763214,-1.87659337920989,805.4464792475867,794.1394605682317,-0.9010389440699984,-0.61076047262828,0.804351159097938
2017-04-25,3.36,1415.6131543378622,98.81999969482422,3.4568,2.35,49.37,2.5855,794.1268835801369,3.3976521,3.4160000000000004,3.4705000000000004,0.0,-1.639344262295095,-3.1839792537098566,1421.663325140424,1439.8383182807374,0.4256908948031102,-0.42556987266757496,-1.682491960055743,99.48199920654297,100.26849975585938,-0.27247618634047566,-0.6654465300243051,-1.4446212564883987,3.4495599999999995,3.35504,-1.2088822840158886,0.2098818400027902,3.0330487863035938,2.2640000000000002,2.3084999999999996,3.070175438596512,3.798586572438145,1.7977041368854474,50.367999999999995,52.811,-0.16177957532862441,-1.981416772554001,-6.515688019541388,2.5567,2.60385,1.015823403008409,1.126452067117767,-0.7047256946444591,802.17108533586,794.522216154153,-0.7995040642580942,-1.002803753809578,-0.04975727122266127
2017-04-26,3.35,1418.1780963317735,98.95999908447266,3.4519,2.32,49.99,2.5955,791.9307361827385,3.3733227,3.3879999999999995,3.468,-0.29761904761904656,-1.1216056670601993,-3.4025374855824686,1420.5248349682856,1439.7430085640826,0.18118947157643728,-0.16520222517366623,-1.4978306617245973,99.3259994506836,100.19599952697754,0.14167110916898373,-0.36848395005847356,-1.2335826263922822,3.45864,3.363185,-0.14174959500115047,-0.19487428584645805,2.6378269408313892,2.286,2.3035,-1.276595744680864,1.4873140857392775,0.7163012806598479,49.88,52.698,1.2558233745189495,0.22052927024860391,-5.138714941743516,2.5673,2.5997,0.3867723844517501,1.0984302574689409,-0.16155710274262658,799.7490423642287,795.0587028238479,-0.2765486779011339,-0.9775949413302842,-0.3934258728317208
2017-04-27,3.35,1421.0961851432985,99.08000183105469,3.4494,2.3,49.46,2.593,792.9346739595836,3.389999,3.372,3.466500000000001,0.0,-0.6524317912218192,-3.3607384970431475,1418.7155473158664,1439.363312219533,0.20576321260867836,0.1678023358478109,-1.2691116218646825,99.18600006103516,100.13249969482422,0.12126389217081979,-0.10686813654673388,-1.0511051526499893,3.46372,3.371515,-0.07242388249950604,-0.4134283371635128,2.3100890845806576,2.298,2.2984999999999998,-0.8620689655172376,0.08703220191470518,0.06525995214270441,49.64,52.561,-1.0602120424084815,-0.3626107977437565,-5.899811647419185,2.5758,2.59635,-0.09632055480639501,0.667753707585983,-0.1290272883085919,797.4650398794693,795.5732257217023,0.12677090697150728,-0.5680958654401214,-0.33165416793974334
2017-04-28,3.38,1419.590683602228,99.05000305175781,3.4668,2.29,49.46,2.6025,794.4406189226224,3.4224522,3.3600000000000003,3.4645,0.8955223880596996,0.5952380952380931,-2.4390243902439046,1416.8181362849098,1437.8537819737603,-0.10593945412067374,0.19568829945868504,-1.2701638094565038,99.0,100.05799980163575,-0.03027733018013956,0.05050813308868918,-1.0074124526537442,3.4647999999999994,3.381205,0.5044355540094081,0.05772338951746114,2.531493949642205,2.308,2.2955,-0.43478260869563856,-0.7798960138648114,-0.23959921585711141,49.54600000000001,52.432,0.0,-0.17357607072217007,-5.668294171498323,2.5872,2.5958750000000004,0.36637099884304636,0.5913729128014689,0.25521259690854947,794.7920086338496,796.2226563487363,0.18992043260244174,-0.04421153048973503,-0.22381144418646137
2017-05-01,3.37,1416.879474221371,99.13999938964844,3.487,2.33,50.41,2.656,787.5384413879418,3.4270148,3.3620000000000005,3.4620000000000006,-0.2958579881656709,0.23795359904816848,-2.6574234546505093,1418.2715187273066,1436.2086912589448,-0.19098528978629403,-0.09815077631852853,-1.3458501647577559,99.01000061035157,99.9879997253418,0.09085950037133195,0.1312986349818024,-0.8481021102759723,3.4623800000000005,3.3900449999999998,0.5826698973116384,0.7110715750437535,2.8599915340356885,2.318,2.2945,1.7467248908296984,0.5176876617773996,1.5471780344301633,49.738,52.3505,1.9207440355843097,1.3510796574047967,-3.7067458763526573,2.6064999999999996,2.598075,2.05571565802114,1.8990984078266049,2.2295353290416875,792.1942708066047,796.5269780990365,-0.8688097474221501,-0.5877130888515936,-1.1284660731198826
2017-05-02,3.37,1416.879474221371,98.9800033569336,3.487,2.29,49.31,2.631,787.5384413879418,3.4704695,3.364,3.4595,0.0,0.1783590963139181,-2.5870790576672853,1418.5247827040084,1434.5636005441293,0.0,-0.11598729205851699,-1.2327181810587229,99.04200134277343,99.90999984741211,-0.16138393554554487,-0.06259767068444999,-0.9308342427173044,3.4684200000000005,3.398885,0.0,0.5356906026374952,2.5924678240069943,2.306,2.291,-1.716738197424894,-0.6938421509106729,-0.04364906154517012,49.726,52.162,-2.18210672485617,-0.8365844829666513,-5.467581764502894,2.6155999999999997,2.598575,-0.9412650602409811,0.5887750420553672,1.2477992746024125,790.8765823681657,796.8312998493365,0.0,-0.4220811507945177,-1.1662265856212883
2017-05-03,3.36,1412.048658042093,99.20999908447266,3.5219,2.33,48.82,2.55,782.0794770669116,3.401137,3.3659999999999997,3.4564999999999997,-0.29673590504452063,-0.17825311942958333,-2.7918414581223683,1417.2988950460724,1432.6769690203496,-0.340947572970729,-0.3704396456055137,-1.4398438325118113,99.09200134277344,99.84249992370606,0.23236585142321076,0.11907897721334937,-0.6334986000117393,3.48242,3.40947,1.0008603383997672,1.1336943849392211,3.2975799757733792,2.3080000000000003,2.2904999999999998,1.7467248908296984,0.9532062391681029,1.7245142981881845,49.492000000000004,51.932500000000005,-0.9937132427499495,-1.357795199224121,-5.99335676118039,2.6065,2.59165,-3.078677309007982,-2.167657778630361,-1.6070842899311266,788.9063305450002,796.8626733835852,-0.6931679819221825,-0.8653566607042418,-1.8551749015802366
2017-05-04,3.33,1408.573083606874,98.76000213623047,3.5517,2.36,47.53,2.5185,769.5927951168809,3.3782349,3.3619999999999997,3.45,-0.8928571428571397,-0.9518143961927295,-3.4782608695652195,1414.7942747387874,1430.351553483051,-0.24613701627237417,-0.4397240816557568,-1.522595604076793,99.02800140380859,99.74700012207032,-0.4535802362613084,-0.2706297852920314,-0.9895014232327415,3.5028799999999998,3.42151,0.8461341889321128,1.3937103183666144,3.805045140888086,2.32,2.2915,1.2875536480686511,1.724137931034475,2.989308313331862,49.106,51.628,-2.642359688652185,-3.209383782022568,-7.937553265669795,2.5916,2.5842750000000003,-1.2352941176470567,-2.82065133508258,-2.5452012653452316,784.2379547764597,796.1159817365588,-1.5966001303167388,-1.8674382654373378,-3.331573191361281
2017-05-05,3.3,1398.1692259225008,98.6500015258789,3.5592,2.36,47.45,2.5355,768.5261255906473,3.3143775,3.346,3.4370000000000003,-0.9009009009009028,-1.3747758517633102,-3.9860343322665193,1410.509983202842,1427.3927965308135,-0.7386097182641382,-0.8749145647533152,-2.047339084191735,98.94800109863282,99.62050018310546,-0.11138174156762881,-0.3011678552827579,-0.9741957282313862,3.52136,3.4346400000000004,0.21116648365571145,1.0745848195015562,3.6265809517154635,2.3339999999999996,2.2904999999999998,0.0,1.1139674378749076,3.0342719930146256,48.70399999999999,51.2885,-0.1683147485798453,-2.574737187910625,-7.484133870165821,2.5782,2.578325,0.6750049632717747,-1.6561942440462274,-1.66096205870091,779.0550561100647,795.1904624762267,-0.13860180773542785,-1.3515001843374064,-3.3532012950138412
2017-05-08,3.29,1385.3499601484887,99.1500015258789,3.6042,2.39,46.61,2.5,768.8398609331329,3.2206235,3.3299999999999996,3.4259999999999997,-0.3030303030302939,-1.2012012012011852,-3.9696438995913463,1404.2040803882655,1424.0649957099738,-0.9168608160113112,-1.3426908882477884,-2.7186284107898917,98.9500015258789,99.5270004272461,0.506842364182658,0.2021222808649359,-0.37879057918838166,3.5448,3.44902,1.2643290627107229,1.6756939742721855,4.499249062052413,2.346,2.2915,1.271186440677985,1.8755328218243772,4.298494435958977,47.944,50.87949999999999,-1.7702845100105447,-2.7824128149507854,-8.391395355693342,2.5469999999999997,2.572775,-1.4001183198580125,-1.8453082057322212,-2.8286577722498096,775.3153400191029,794.3810275904804,0.040822989881372784,-0.8352058513134142,-3.215228683748783
2017-05-09,3.27,1385.085009298686,99.58999633789062,3.6325,2.42,47.06,2.504,761.9376833984524,3.2875535,3.3099999999999996,3.411,-0.6079027355623157,-1.2084592145015005,-4.1336851363236615,1397.8451874037285,1420.415769584223,-0.019125192725621964,-0.9128463022963551,-2.48735342440467,99.0720001220703,99.47100028991699,0.44376682323790106,0.5228482469134432,0.11962888442542674,3.5738999999999996,3.4646,0.7851950502191896,1.6396653515767134,4.8461582866708985,2.372,2.2965,1.2552301255229992,2.023608768971341,5.377748748094935,47.49400000000001,50.496,0.9654580562111104,-0.9137996378489999,-6.804499366286443,2.5216000000000003,2.5672,0.16000000000000458,-0.6979695431472144,-2.461826114054233,770.1951884212051,792.5958765555597,-0.8977392933690265,-1.0721314735397836,-3.86807376419126
2017-05-10,3.23,1374.1084222430957,99.66999816894531,3.69,2.41,48.09,2.5,763.8200954533652,3.2203379,3.284,3.3939999999999997,-1.2232415902140636,-1.6443361753958552,-4.832056570418375,1390.257140243929,1416.5292854166696,-0.792484719847486,-1.1615633923663826,-2.994704282523597,99.16399993896485,99.41550025939941,0.08033119188322058,0.5102640376466239,0.2559941949513478,3.6075199999999996,3.482685,1.5829318651066737,2.2863352108928092,5.952734743452237,2.388,2.303,-0.4132231404958553,0.9212730318258089,4.646113764654802,47.348,50.163000000000004,2.188695282617936,1.5671200473093005,-4.132527958854137,2.5116,2.564525,-0.15974440894568342,-0.4618569835961206,-2.5160604790360863,766.5433120984957,790.7762115691439,0.24705590705484948,-0.35525933135799326,-3.408817276165843
2017-05-11,3.2,1380.769939910599,99.62000274658203,3.64,2.39,49.18,2.5135,767.2083758757743,3.3376205,3.258,3.375,-0.9287925696594312,-1.7802332719459746,-5.185185185185182,1384.6965115046742,1412.771320558589,0.484788358740218,-0.2835691114588257,-2.2651493686421276,99.33600006103515,99.36850051879883,-0.05016095443137747,0.28590106846699825,0.2531005564843314,3.6251799999999994,3.498585,-1.3550135501354976,0.4088072868106085,4.042062719642381,2.394,2.3104999999999998,-0.8298755186721962,-0.1670843776106934,3.4408136766933772,47.678,49.8695,2.2665834892908965,3.150299928688294,-1.3826086084681055,2.5106,2.5612749999999997,0.5400000000000071,0.11551023659681636,-1.865281939658947,766.0664282502744,788.7934019067694,0.4435966587653217,0.14906639729770355,-2.7364612810930056
2017-05-12,3.2,1389.4733938534305,99.25,3.6525,2.33,49.08,2.5295,769.4045232731727,3.1477678,3.2380000000000004,3.354,0.0,-1.1735639283508403,-4.591532498509244,1382.95734509086,1410.2966796214323,0.6303333880077755,0.47116773237445564,-1.4765181021053952,99.45599975585938,99.31600036621094,-0.3714141099988355,-0.2071265246592069,-0.06645491760398636,3.64384,3.513215,0.3434065934065922,0.23766136822691575,3.9646022233196465,2.388,2.314,-2.5104602510460317,-2.4288107202680043,0.6914433880726101,48.004000000000005,49.584,-0.20333468889792705,2.241479876676933,-1.0164569215876162,2.5094000000000003,2.55755,0.6365625621643112,0.8009882840519511,-1.0967527516568598,766.2421077867795,786.8105922443949,0.2862517493883443,0.41271752808358375,-2.2122311446737153
2017-05-15,3.21,1395.117572846966,98.91000366210938,3.61,2.34,51.29,2.5445,770.9104682362115,3.2281766,3.222,3.338,0.31249999999998224,-0.3724394785847296,-3.8346315158777733,1384.9108676305555,1408.1042476339526,0.4062099366928029,0.7369936546077538,-0.9222807763564544,99.40800018310547,99.24650039672852,-0.34256557973866286,-0.5009622163998917,-0.33905148622271897,3.6450000000000005,3.522915,-1.16358658453114,-0.9602194787380114,2.471958591109913,2.378,2.318,0.42918454935620964,-1.5979814970563555,0.9490940465918918,48.94,49.409000000000006,4.502852485737563,4.801798120147116,3.806998724928645,2.5183000000000004,2.554575,0.593002569677803,1.0403843862923257,-0.39439045633812286,766.6562292473952,784.9030798301724,0.19572863396126738,0.5549082922071236,-1.7827183958799675
2017-05-16,3.25,1411.2588867418594,98.11000061035156,3.6225,2.33,51.21,2.5565,774.9262959391341,3.2594366,3.218,3.3270000000000004,1.2461059190031154,0.9944064636420169,-2.3143973549744623,1390.1456431191903,1407.0447345918378,1.1569859206887134,1.5187792536108358,0.29950377883642965,99.11200103759765,99.1770004272461,-0.8088191508825893,-1.010977900512755,-1.075854091470796,3.643,3.53372,0.3462603878116477,-0.5627230304693809,2.5123665712054155,2.3600000000000003,2.3255000000000003,-0.42735042735041473,-1.2711864406779738,0.19350677273703987,49.769999999999996,49.3395,-0.1559758237473119,2.893309222423146,3.7910801690329343,2.5288,2.555675,0.47160542346236234,1.095381208478341,0.03228109990511818,769.2539517555316,783.1242019701905,0.5209201156796572,0.737382521163199,-1.0468206716676698
2017-05-17,3.24,1405.0191127558228,97.41999816894531,3.6275,2.22,51.76,2.553,789.0443863509807,3.2717354,3.22,3.3145000000000002,-0.3076923076922977,0.6211180124223503,-2.2476995021873614,1396.3277812217354,1406.1021628700057,-0.4421424052423295,0.622442069188267,-0.0770249945403867,98.66200103759766,99.06100044250488,-0.7032947070774398,-1.258846217987264,-1.6565573396485123,3.6305,3.5447699999999998,0.13802622498273465,-0.08263324610935374,2.3338608710861353,2.322,2.326,-4.72103004291845,-4.392764857881126,-4.557179707652614,50.504,49.306,1.0740089826205779,2.486931728179953,4.977081896726565,2.5393999999999997,2.5562,-0.1369059260708072,0.5355595810033975,-0.12518582270558687,774.2988099350547,782.3743737356948,1.8218623481781382,1.9043780290922685,0.8525346482704865
2017-05-18,3.27,1398.9553677590384,97.87999725341797,3.6075,2.23,51.71,2.538,785.4050257399321,3.2248535,3.2340000000000004,3.3064999999999998,0.92592592592593,1.1131725417439675,-1.1038862845909492,1399.9648667914232,1404.5428000876877,-0.4315774028789465,-0.07210888332493948,-0.3978114677815836,98.31399993896484,98.96600036621093,0.47218137252982295,-0.44144545620797837,-1.0973497047211733,3.6239999999999997,3.553945,-0.5513439007580945,-0.4552980132450313,1.506916961292304,2.29,2.3255,0.45045045045044585,-2.6200873362445476,-4.106643732530635,51.01,49.3585,-0.09659969088098297,1.3722799451088008,4.764123707162904,2.5443,2.555575,-0.5875440658049458,-0.2476123098691163,-0.6877121587118507,777.9381399078862,781.4268907035223,-0.4612364873260555,0.9598302807122927,0.5090860173532219
2017-05-19,3.24,1401.1377642793989,97.1500015258789,3.625,2.23,52.78,2.588,786.032496424903,3.3150299,3.242,3.2965000000000004,-0.917431192660545,-0.061690314620599374,-1.7139390262399523,1402.2977408766171,1403.1458013638073,0.15600186901290058,-0.0827197080480957,-0.14310965278566679,97.89400024414063,98.8245002746582,-0.745806853313502,-0.760004409265369,-1.6944166113923576,3.6185,3.5621250000000004,0.485100485100487,0.17963244438303771,1.765098080499694,2.27,2.325,0.0,-1.7621145374449365,-4.086021505376348,51.75,49.501000000000005,2.0692322568168553,1.9903381642512041,6.624108603866574,2.556,2.5576999999999996,1.9700551615445372,1.2519561815336422,1.1846580912538762,781.2637345382323,780.3382267672315,0.07989135088355415,0.6103907906962247,0.7297181481498827
2017-05-22,3.23,1401.8625681794754,96.9800033569336,3.6601,2.25,53.35,2.602,791.0522619046707,3.2952347,3.246,3.29,-0.30864197530865445,-0.49291435613062484,-1.823708206686936,1403.646739943119,1402.7583016723115,0.05172966702879922,-0.12710974299102729,-0.06385515535842767,97.50800018310547,98.71900062561035,-0.17498524577997943,-0.541490775300868,-1.7615628781250114,3.6285200000000004,3.5701750000000003,0.9682758620689569,0.8703272959774022,2.5187840932167083,2.252,2.3235,0.8968609865470878,-0.0888099467140191,-3.1633311814073695,52.162,49.696,1.079954528230398,2.277520033741043,7.352704443013525,2.5675,2.559825,0.5409582689335224,1.3437195715676697,1.6475735645991474,785.292093271924,779.8644833362567,0.6386206044405318,0.733506510774462,1.4345798286072409
2017-05-23,3.27,1400.2514492448538,97.3499984741211,3.6725,2.29,53.19,2.6025,787.3502461397761,3.3181663,3.25,3.2855000000000003,1.238390092879249,0.6153846153846176,-0.47176989803683345,1401.445252443718,1401.9902164176613,-0.11492702431693536,-0.0851837199335792,-0.12402134854052616,97.35599975585937,98.6455005645752,0.3815169152198816,-0.006164264917751794,-1.3132906042744974,3.6385199999999998,3.58096,0.3387885576896732,0.9338961995536632,2.5562977525579678,2.244,2.3205,1.7777777777777892,2.049910873440286,-1.314371902607192,52.55800000000001,49.887,-0.2999062792877316,1.2024810685338005,6.620963377232547,2.5766999999999998,2.5606750000000003,0.019215987701781678,1.0012807078821906,1.6333583918302752,787.7768833120524,779.5256514642388,-0.4679862435360449,-0.0541571073376268,1.0037635914661447
2017-05-24,3.25,1401.9384239707201,97.23999786376953,3.6601,2.26,53.29,2.59,785.8443011767373,3.3718877,3.2520000000000002,3.2805,-0.6116207951070374,-0.06150061500616033,-0.9297363206828169,1400.8291146866973,1401.1782327996084,0.1204765563196597,0.07918947945846355,0.0542537097220519,97.31999969482422,98.55950050354004,-0.11299497901975375,-0.08220492324861883,-1.3387878723300828,3.6450400000000003,3.59137,-0.3376446562287305,0.41316419024206574,1.9137543611490893,2.252,2.3175,-1.310043668122285,0.3552397868561208,-2.481121898597627,52.864,50.052,0.18800526414739505,0.8058414043583539,6.469271957164557,2.5841000000000003,2.5604,-0.4803073967339144,0.22831933748692634,1.156069364161838,787.1368662772038,779.2213297139385,-0.1912674785360391,-0.16421097217561575,0.8499474039333821
2017-05-25,3.27,1421.5193806102436,97.25,3.6476,2.25,52.25,2.6035,787.9777168247472,3.3866198,3.2520000000000002,3.2765,0.6153846153846176,0.5535055350553542,-0.19838242026553043,1405.3419172569381,1401.1993925729557,1.3967058969725832,1.1511407405311092,1.450185330153131,97.19400024414062,98.4680004119873,0.010286030903139398,0.057616473978550076,-1.2369504883731008,3.65306,3.60128,-0.3415207234774953,-0.1494637372504104,1.286209347787448,2.2560000000000002,2.315,-0.4424778761061843,-0.26595744680851796,-2.8077753779697567,52.972,50.1915,-1.9515856633514739,-1.3629842180774787,4.101292051442984,2.5972,2.560925,0.5212355212355302,0.24256892037579636,1.66248523482726,787.6514044941669,778.9734818571967,0.2714807048693091,0.04142852138884212,1.1559103329272347
2017-05-26,3.28,1419.6716206426472,97.4000015258789,3.6501,2.25,50.84,2.573,795.3818249500788,3.3761494,3.2599999999999993,3.2714999999999996,0.3058103975535076,0.6134969325153561,0.25981965459269674,1409.048688529588,1401.2034394249768,-0.12998485935542536,0.7539080941301401,1.3180228293793839,97.24400024414062,98.38550033569337,0.15424321427137677,0.16042252616781383,-1.0016707812146253,3.6580799999999996,3.610445,0.06853821690975259,-0.2181472247736349,1.0983410632207535,2.2600000000000002,2.3129999999999997,0.0,-0.4424778761062065,-2.7237354085603016,52.584,50.2605,-2.6985645933014335,-3.3165982047771214,1.152992906954764,2.5942,2.55945,-1.1714999039754148,-0.8172076169917442,0.5294106155619316,789.521270199202,779.0205421585697,0.9396342012268244,0.7422921930144044,2.100237658197557
2017-05-27,3.28,1421.8358698445281,97.27999877929688,3.6499,2.21,52.25,2.578,798.1427112830596,3.396219,3.2700000000000005,3.2670000000000003,0.0,0.3058103975535076,0.3979185797367446,1413.0433488625986,1401.4512592061346,0.15244716950115755,0.6222400033945918,1.4545358252373797,97.30399932861329,98.29250030517578,-0.12320610339020543,-0.024665532230960796,-1.0300903148615759,3.65604,3.6185899999999998,-0.005479301936928138,-0.16794126978916246,0.8652541459518881,2.252,2.307,-1.7777777777777781,-1.8650088809946674,-4.204594711746856,52.364,50.3525,2.7734067663257145,-0.2177068214804012,3.768432550518841,2.5894,2.5555499999999998,0.1943256898562007,-0.44025643006102566,0.878480170609075,790.9393600748798,779.5507556533255,0.3471145865262981,0.9107336885469719,2.3849576817038143
2017-05-29,3.28,1421.8358698445281,97.27999877929688,3.6102,2.21,52.25,2.578,798.1427112830596,3.4048307,3.272,3.2625,0.0,0.24449877750611915,0.5363984674329414,1417.3602329825335,1401.6990789872923,0.0,0.3157727130933097,1.43659870788988,97.28999938964844,98.20750007629394,0.0,-0.01027917608624751,-0.9444302077504463,3.64358,3.62475,-1.0877010329050196,-0.9161319361726705,-0.40140699358577336,2.2359999999999998,2.303,0.0,-1.1627906976744096,-4.038211029092487,52.176,50.4995,0.0,0.14182766022692306,3.4663709541678633,2.5845,2.5529,0.0,-0.2514993228864393,0.9831955814955329,793.0978531035365,780.0809691480814,0.0,0.6360953014538762,2.3153676155826863
2017-05-30,3.28,1421.8358698445281,97.27999877929688,3.6102,2.21,50.65,2.578,798.1427112830596,3.3656235,3.278,3.2585,0.0,0.06101281269066394,0.6598127972993639,1421.3397221572952,1402.1884395774143,0.0,0.03490704435389347,1.401197564646517,97.29799957275391,98.11100006103516,0.0,-0.0185006819627076,-0.8470011326164428,3.6336,3.6291649999999995,0.0,-0.6439894319682948,-0.5225719965887388,2.226,2.297,0.0,-0.7187780772686447,-3.787548976926436,51.648,50.590999999999994,-3.0622009569377995,-1.9323110285006329,0.11662153347433701,2.5820999999999996,2.5543,0.0,-0.15878548468299947,0.9278471596914972,795.557535124801,780.8841308588887,0.0,0.32495150182356713,2.2101333273591095
2017-05-31,3.28,1421.8358698445281,96.91999816894531,3.6102,2.21,49.4,2.593,798.1427112830596,3.3448164,3.28,3.2560000000000002,0.0,0.0,0.7371007371007154,1421.403020004152,1402.851578889297,0.0,0.03045229497085078,1.353264396669962,97.23199920654297,98.0189998626709,-0.37006642153472047,-0.32088308390624265,-1.1212129232754164,3.6261200000000002,3.6320900000000003,0.0,-0.4390367665714434,-0.6026833035525092,2.218,2.2895,0.0,-0.36068530207393756,-3.4723738807599824,51.077999999999996,50.6845,-2.4679170779861814,-3.2851716981870838,-2.5343053596267096,2.5799999999999996,2.5580249999999998,0.5818463925523654,0.5038759689922623,1.36726576167161,797.5905340164634,782.3116266671976,0.0,0.06923066950350609,2.0236289575939814
2017-06-01,3.27,1417.7029995339767,97.19999694824219,3.6152,2.21,50.41,2.599,795.0053578582048,3.330518,3.278,3.2545,-0.304878048780477,-0.24405125076265577,0.4762636349669558,1421.0092957824177,1403.8282675698708,-0.29067140576523043,-0.23267238703181814,0.9883496638890099,97.19199829101562,97.94649963378906,0.28889680621826397,0.008229748711019447,-0.762153510679775,3.6191400000000002,3.63489,0.13849648218935418,-0.10886564211387562,-0.5416945217049163,2.21,2.282,0.0,0.0,-3.1551270815074473,50.992000000000004,50.8325,2.0445344129554677,-1.1413555067461667,-0.8311611665765106,2.5851999999999995,2.5612,0.23139220979562225,0.5338078291815318,1.4758706856161208,797.5152405980887,783.6355882805756,-0.39308176100629755,-0.31471282454760274,1.4509001055677428
2017-06-02,3.26,1416.9945282205322,96.72000122070312,3.6277,2.15,48.46,2.5865,801.1546012091372,3.2922604,3.274,3.253,-0.3058103975535187,-0.42761148442272967,0.21518598217029616,1420.0410274576184,1405.4104959734727,-0.04997318293588071,-0.21453600129712758,0.824245462820139,97.07999877929687,97.82499961853027,-0.493822780462283,-0.37082567276517375,-1.129566472922161,3.6147,3.636065,0.34576233680017054,0.35964257061442684,-0.230056393381306,2.198,2.2700000000000005,-2.714932126696834,-2.1838034576888155,-5.286343612334821,50.233999999999995,50.925,-3.8682801031541314,-3.531472707727823,-4.840451644575349,2.5869,2.565525,-0.48095421315891285,-0.015462522710574245,0.8175714522368649,798.1176185833042,785.2513252943759,0.7734845168212434,0.38051817866442406,2.0252466188197094
2017-06-05,3.28,1414.1624576986007,96.80000305175781,3.6152,2.18,48.25,2.57,802.7232779215647,3.2982078,3.2739999999999996,3.2535,0.6134969325153339,0.18326206475260953,0.8145074535115926,1418.506345028433,1406.8643683934686,-0.19986460536922657,-0.3062296721517477,0.5187486064108571,96.98399963378907,97.68549995422363,0.08271487804485389,-0.1897184924585793,-0.906477320462884,3.6157000000000004,3.6352,-0.34457094026517643,-0.013828580911035004,-0.5501760563380254,2.1919999999999997,2.258,1.3953488372093092,-0.5474452554744325,-3.454384410983169,49.434000000000005,50.9845,-0.4333470903838288,-2.3951126754865215,-5.363394757230133,2.5853,2.568825,-0.6379277015271634,-0.5918075271728718,0.04574075696086588,799.0337319110051,787.2906050205314,0.1958019975245584,0.4617509703545908,1.9602257162246728
2017-06-06,3.3,1423.1497357024537,96.63999938964844,3.6328,2.14,48.11,2.5595,812.1980699455175,3.314793,3.278,3.257,0.6097560975609762,0.6711409395973034,1.3202333435677005,1418.7691182000183,1409.3164340664366,0.635519487519054,0.3087618306770734,0.981561081786464,96.85599975585937,97.53400001525878,-0.16529303415808716,-0.22301185962191328,-0.9166040821359522,3.6202199999999998,3.63234,0.48683337021464546,0.3474926938141998,0.012664012730079222,2.178,2.2445,-1.834862385321101,-1.7447199265380964,-4.655825350857645,48.926,50.985499999999995,-0.2901554404145079,-1.6678248783877692,-5.639838777691686,2.5816000000000003,2.5718,-0.40856031128404524,-0.8560582584443921,-0.4782642507193513,801.8448036434968,789.709503745139,1.1803310411634405,1.2911808189036922,2.8477010968879224
2017-06-07,3.32,1442.3082227677708,96.75,3.6427,2.18,47.08,2.564,809.4999153619254,3.4005878,3.286,3.2629999999999995,0.60606060606061,1.0346926354229957,1.74685871897029,1422.863588784667,1412.393348209295,1.3462031847169431,1.3665845507869312,2.1180271484854574,96.8220001220703,97.39049987792968,0.11382513560254104,-0.07436339053059626,-0.657661557064082,3.62672,3.6324750000000003,0.27251706672539733,0.4406185203158719,0.2814885167826242,2.1719999999999997,2.234,1.869158878504673,0.36832412523022384,-2.4171888988361645,48.462,50.8805,-2.1409270421949733,-2.8517188725186826,-7.469462760782619,2.5758,2.574325,0.17581558898223104,-0.45811010171596944,-0.4010760102162725,804.1162444592699,791.8240807194467,-0.33220401321233384,0.6695140086712126,2.2322931409737734
2017-06-08,3.29,1452.6286027871377,96.91999816894531,3.6478,2.19,46.3,2.6195,800.8408658666517,3.4021404,3.29,3.2675000000000005,-0.9036144578313143,0.0,0.6885998469777999,1429.848709435299,1415.5511086559804,0.715546084841856,1.593168088450092,2.619297452732816,96.76600036621093,97.27399978637695,0.17570870175225295,0.15914453646070914,-0.3639221356262268,3.63324,3.6322400000000004,0.14000603947621482,0.4007442393015648,0.42838578948527495,2.168,2.227,0.4587155963302614,1.0147601476014678,-1.6614279299505985,47.64,50.741499999999995,-1.656754460492782,-2.8127623845508043,-8.753190189489857,2.5799,2.578825,2.1645865834633238,1.5349432148533015,1.577268717342184,805.2833460609593,793.3958978491206,-1.0696788635737309,-0.5516667165709976,0.9383673444385288
2017-06-09,3.3,1459.5547083580743,97.2699966430664,3.6303,2.21,46.64,2.6585,795.9465638856612,3.4040766,3.2979999999999996,3.272,0.3039513677811412,0.06064281382656134,0.8557457212713837,1438.3607454628077,1418.7729654315358,0.4767980995037391,1.4734803464375057,2.8744375541533085,96.8759994506836,97.1919994354248,0.3611210077728133,0.4067025833198068,0.08025064624113121,3.63376,3.6332549999999997,-0.47974121388234536,-0.0952181762141735,-0.08133202871803968,2.18,2.2205000000000004,0.9132420091324311,1.3761467889908063,-0.4728664715154429,47.275999999999996,50.509,0.7343412526997994,-1.3452914798206206,-7.660020986358862,2.5942999999999996,2.584525,1.488833746898277,2.474655976564022,2.862228068987527,804.2417385962641,794.647702631593,-0.611145383508116,-1.031428028726955,0.1634512060837645
2017-06-12,3.25,1457.4964394961144,97.13999938964844,3.5841,2.21,47.18,2.627,794.4406189226224,3.5082796,3.2919999999999994,3.272,-1.5151515151515138,-1.275820170109332,-0.6723716381417999,1447.02754182231,1421.0848430692488,-0.14102032970558787,0.7234760480522962,2.562239447169401,96.94399871826172,97.14349937438965,-0.13364578791443815,0.20217927254715384,-0.003602901649368828,3.6275400000000007,3.631335,-1.2726220973473312,-1.1975057476968032,-1.3007612902692811,2.186,2.2145,0.0,1.097895699908502,-0.20320614134117232,47.062,50.3075,1.1578044596912473,0.2507330755174175,-6.216766883665448,2.6056999999999997,2.58805,-1.1848786909911757,0.8174386920980936,1.5049941075326867,802.5852067964757,795.6234187807675,-0.18920176697379,-1.0147941682556616,-0.14866327840846738
2017-06-13,3.31,1464.0076973666064,96.9800033569336,3.5754,2.21,46.95,2.609,794.2524236744567,3.4625945,3.2939999999999996,3.2755,1.846153846153853,0.4857316332726347,1.0532743092657615,1455.1991341551407,1424.0342722997877,0.4467426261942187,0.6053166886042627,2.807054987676838,97.01199951171876,97.12149963378906,-0.16470664373083865,-0.03298164654497171,-0.14568996297318337,3.61606,3.62873,-0.24273876286933227,-1.1244282451065457,-1.4696601841415524,2.2,2.214,0.0,0.4545454545454408,-0.18066847335139746,46.83,50.06699999999999,-0.48749470114454185,0.2562459961563235,-6.2256576187908035,2.6156,2.59085,-0.6851922344879968,-0.25233216088087485,0.7005422930698391,798.9960775422635,795.8838206469413,-0.023689026427287097,-0.5937017716530435,-0.2049792859413202
2017-06-14,3.31,1447.7382634032465,96.94000244140625,3.5354,2.15,45.47,2.5875,798.6447184692535,3.425507,3.2920000000000003,3.2775,0.0,0.5467800729040073,0.9916094584286883,1456.2851422822357,1426.4734170819982,-1.1112942911860824,-0.5868959746162639,1.4907285384082147,97.05,97.07449989318847,-0.041246560262653276,-0.11334112168340793,-0.13855075424566987,3.5946,3.6251249999999997,-1.1187559433909477,-1.6469148166694425,-2.475087065963233,2.194,2.21,-2.714932126696834,-2.0054694621695512,-2.714932126696834,46.507999999999996,49.755,-3.1522896698615632,-2.23187408617872,-8.612199778916697,2.6202999999999994,2.593325,-0.8240705251054026,-1.251765065068866,-0.2246151176578448,796.8250381637291,796.5458052834074,0.5530099328468596,0.22836635627285773,0.26350188174040223
2017-06-15,3.35,1447.481297373575,97.43000030517578,3.5554,2.16,45.61,2.5805,785.7187610824176,3.3678777,3.304,3.283,1.2084592145015227,1.3922518159806385,2.0408163265306145,1455.2556811995232,1428.790593736707,-0.017749481115969523,-0.5342280347285788,1.3081485641633694,97.1520004272461,97.08849983215332,0.505465082967893,0.2861494119597463,0.3517414252077744,3.5761200000000004,3.621645,0.5657068507099572,-0.5793989016028678,-1.829141177558813,2.188,2.2064999999999997,0.46511627906977715,-1.2797074954296161,-2.1074099252209155,46.370000000000005,49.396499999999996,0.3078953155926989,-1.638990726763001,-7.665522860931439,2.6125,2.59295,-0.27053140096618966,-1.2248803827751176,-0.4801480938699254,793.8006172068823,796.5301185162831,-1.6184865545233684,-1.0181216730344778,-1.357306796383806
2017-06-16,3.35,1443.8765140307808,97.16000366210938,3.568,2.16,45.7,2.5715,786.8482389535824,3.4097455,3.314,3.289,0.0,1.0863005431502648,1.8546670720583691,1452.1200423340645,1430.8912910292725,-0.24903833640786965,-0.5676891760293734,0.907491930583193,97.13000183105468,97.09749984741211,-0.27711858998328287,0.030888325428923835,0.06437221843558216,3.56366,3.6170400000000003,0.35439050458456745,0.1217849065286769,-1.3558047464224954,2.178,2.202,0.0,-0.8264462809917217,-1.9073569482288777,46.182,49.014,0.19732514799386536,-1.0436966783595292,-6.761333496552002,2.5951,2.591425,-0.3487696182910227,-0.9094061885861815,-0.7688819857800344,791.9809522204666,796.3199173687286,0.1437509102632184,-0.6480854435316541,-1.1894313087688957
2017-06-19,3.35,1456.4311919013599,97.52999877929688,3.5006,2.19,45.93,2.598,780.6989956026499,3.3801472,3.3340000000000005,3.293,0.0,0.47990401919615344,1.730944427573644,1451.9069928151137,1433.7002781620977,0.8695118833625948,0.31160391875200144,1.5854718092404685,97.20800170898437,97.1064998626709,0.38081011037651713,0.3312454372598639,0.4361179913032531,3.54696,3.6084449999999997,-1.8890134529148006,-1.307034756523895,-2.988683491088262,2.174,2.197,1.388888888888884,0.7359705611775569,-0.3186162949476601,45.932,48.650999999999996,0.5032822757111477,-0.00435426282331397,-5.592896343343401,2.5892999999999997,2.5911999999999997,1.030526929807496,0.3359981462171202,0.26242667489966287,789.2326275564722,795.9873548418723,-0.7815030963417069,-1.0812568634222641,-1.9206786572959378
2017-06-20,3.33,1454.8077327901722,97.75,3.4881,2.16,43.98,2.564,778.6911200489599,3.481797,3.338,3.2969999999999997,-0.5970149253731294,-0.23966446974236222,1.0009099181073733,1450.066999899827,1436.3437436030704,-0.11146830143539121,0.3269319893958622,1.2854854048227171,97.36200103759765,97.13199996948242,0.2255728734304352,0.39851169682976195,0.6362476122305116,3.5295,3.5998449999999997,-0.35708164314688373,-1.1729706757330982,-3.104161429172636,2.164,2.192,-1.3698630136986245,-0.1848428835489857,-1.4598540145985384,45.338,48.185500000000005,-4.245591116917058,-2.995279897657599,-8.727729296157571,2.5803,2.5899,-1.3086989992301734,-0.6317094911444276,-1.000038611529408,786.1203668313726,795.6296957854836,-0.2571894629043392,-0.9450520678350949,-2.128952177909993
2017-06-21,3.34,1469.7364428642566,97.55999755859375,3.5406,2.16,44.62,2.6085,780.1970650119987,3.434164,3.344,3.3004999999999995,0.30030030030030463,-0.11961722488038617,1.1967883653991818,1454.4666357920287,1438.7545967157707,1.0261637835435877,1.0498561257070493,2.153379472719519,97.48600006103516,97.1474998474121,-0.19437589913683384,0.07590576853317987,0.4246097036254559,3.5305400000000007,3.5944949999999998,1.5051173991571298,0.2849422467950946,-1.499376129331098,2.166,2.1875,0.0,-0.27700831024929373,-1.2571428571428456,45.168,47.804,1.4552069122328426,-1.2132483173928454,-6.660530499539796,2.5845,2.59015,1.7355694227769058,0.9286128845037656,0.7084531783873471,782.4308361399217,795.2406631948461,0.19339439275281034,-0.28549119292680114,-1.891703842508552
2017-06-22,3.35,1465.6228087112934,97.54000091552734,3.5607,2.15,44.46,2.604,782.8324112506597,3.4785492,3.344,3.304,0.29940119760478723,0.17942583732057926,1.3922518159806385,1458.0949380595725,1441.0521561192031,-0.2798892395255881,0.5162812417234486,1.7050495006551092,97.50800018310547,97.15449981689453,-0.020496764623634256,0.03281857115495779,0.39679181032208355,3.5316,3.5900250000000007,0.5677003897644584,0.8239891267414201,-0.8168466793406881,2.164,2.1825,-0.4629629629629761,-0.64695009242145,-1.4891179839633506,44.938,47.485,-0.35858359480053226,-1.0636877475633133,-6.370432768242596,2.5892,2.5917,-0.17251293847037052,0.5716051289973878,0.47459196666281844,781.8535661735701,794.613192509875,0.33777956324667624,0.12519544828324403,-1.4825806279410547
2017-06-23,3.36,1478.0577142799073,97.30000305175781,3.5457,2.15,44.14,2.6295,788.2286438223014,3.4849944,3.346,3.308,0.29850746268655914,0.4184100418409997,1.5719467956469169,1464.9311781093977,1443.8632483409722,0.8484383222411518,0.8960513890795996,2.368262089794526,97.53600006103515,97.15550003051757,-0.24605070895721282,-0.24195887583011721,0.148733752793051,3.52714,3.5848150000000003,-0.4212654815064498,0.5262053675215483,-1.0911302256880862,2.162,2.1795,0.0,-0.5550416281221104,-1.353521449873829,44.626,47.0795,-0.7197480881691365,-1.089051225742832,-6.24369417687104,2.6008,2.594275,0.9792626728110543,1.1035066133497473,1.3577974578639518,782.1296471473139,794.1174891368371,0.689321557729139,0.7797935671192802,-0.741558446337276
2017-06-26,3.37,1497.1294571628916,97.43000030517578,3.5134,2.14,44.09,2.6325,782.0167453175229,3.5781388,3.35,3.3125,0.29761904761904656,0.5970149253731405,1.7358490566037776,1473.070831161704,1447.6279277068902,1.2903246401495094,1.6332294070485531,3.4194925718526337,97.51600036621093,97.16300010681152,0.133604572806445,-0.08819071815105994,0.2747961652797226,3.5297000000000005,3.579975,-0.9109625743858873,-0.46179562002438557,-1.8596498578900778,2.152,2.1759999999999997,-0.46511627906975495,-0.5576208178438624,-1.6544117647058654,44.257999999999996,46.671499999999995,-0.11327594019029386,-0.37959239007635537,-5.531212838670263,2.6077000000000004,2.597,0.11409013120364797,0.9510296429803944,1.3669618790912441,782.3931970902884,793.3111908385603,-0.7880833249925501,-0.048115419991567876,-1.4237093402273415
2017-06-27,3.36,1499.8914790354916,96.47000122070312,3.5084,2.21,46.17,2.6545,782.0794770669116,3.5899446,3.3560000000000003,3.3165,-0.29673590504452063,0.11918951132299238,1.3116236996834063,1482.087580410768,1451.5307081664384,0.1844878450146803,1.2012716967636505,3.3317084231818894,97.26000061035157,97.12250022888183,-0.9853218530901042,-0.8122551765276875,-0.6718309419969759,3.53376,3.5748850000000005,-0.14231229008936364,-0.7176491895318327,-1.859780104814579,2.162,2.1759999999999997,3.2710280373831724,2.2201665124884418,1.5625000000000222,44.696000000000005,46.447500000000005,4.7176230437741,3.2978342580991526,-0.5974487324398536,2.6258000000000004,2.600825,0.8357075023741833,1.0930002285017837,2.0637682273893843,783.0708684938788,792.5080291277529,0.00802179106320633,-0.12660302749788466,-1.3158922909991322
2017-06-28,3.37,1488.7544696845416,96.05000305175781,3.5333,2.22,46.45,2.6685,783.0834148437565,3.5745165,3.3619999999999997,3.321,0.29761904761904656,0.2379535990481907,1.4754591990364219,1485.891185774825,1454.8766381584392,-0.7425210094607393,0.192698088334331,2.3285707280986,96.95800170898437,97.07900047302246,-0.43536660477949685,-0.9364865624519325,-1.0599588131839033,3.5323,3.57104,0.7097252308744695,0.028310166180678387,-1.0568349836462154,2.1740000000000004,2.1765,0.452488687782826,2.1159153633854455,1.9986216402481105,45.062,46.3,0.6064544076239908,3.080200612489481,0.3239740820734527,2.6378,2.6046,0.5274062912036026,1.163848661763578,2.4533517622667533,783.6481384602305,791.7550643057878,0.12836774346898228,-0.07206341580592301,-1.0952439527032953
2017-06-29,3.39,1498.873051522415,95.62999725341797,3.5483,2.27,47.02,2.6955,780.6989956026499,3.5668626,3.37,3.3269999999999995,0.5934718100890191,0.5934718100890191,1.8935978358882055,1492.5412343370494,1458.935140757861,0.6796676042905458,0.4242306369631299,2.7374699291846216,96.5760009765625,97.00050048828125,-0.43727827693406107,-0.9795432753258337,-1.4128826428363106,3.52982,3.5676949999999996,0.4245323069085538,0.5235394439376373,-0.5436283090342608,2.198,2.1795,2.2522522522522515,3.2757051865332176,4.1523285157146095,45.574000000000005,46.1305,1.2271259418729752,3.1728617194014097,1.9282253606616173,2.6561,2.6094250000000003,1.0118043844856706,1.4833778848687862,3.2986194276516834,783.2214553306285,791.03974619301,-0.30449109199718327,-0.32206213336095635,-1.3072352735910453
2017-06-30,3.43,1499.85736207675,95.66000366210938,3.5683,2.31,47.08,2.711,778.5028482052516,3.384911,3.3840000000000003,3.3354999999999997,1.179941002949847,1.3593380614657091,2.833158447009465,1496.901163896418,1463.0782824506718,0.06567004145783262,0.1974878670437441,2.513814883812837,96.24800109863281,96.94750061035157,0.031377611160943175,-0.6109191150067361,-1.3280352150767283,3.5343399999999994,3.564725,0.5636501986866937,0.9608583214971045,0.10028824102839007,2.2299999999999995,2.1875,1.7621145374449254,3.5874439461883734,5.600000000000005,46.162,46.0615,0.12760527435133895,1.9886486720679386,2.21117419102721,2.6724,2.61565,0.5750324615099167,1.4443945517138124,3.6453653967464916,781.2762962072186,789.9071585428158,-0.2813052674293548,-0.3549893956121597,-1.443753258117364
2017-07-03,3.44,1496.5400322586734,96.19999694824219,3.6033,2.35,49.13,2.693,764.1965625452393,3.4364324,3.3980000000000006,3.3435,0.2915451895043608,1.236021188934644,2.8861970988484975,1496.783278915574,1467.1971611786757,-0.22117635329557128,-0.016251294380908998,1.9999269257326757,96.00200042724609,96.91750030517578,0.5644922281627496,0.2062420784097574,-0.7403238369482312,3.5523200000000004,3.5641299999999996,0.9808592326878474,1.4351184577965803,1.0990059285155285,2.2720000000000002,2.1959999999999997,1.7316017316017396,3.4330985915492995,7.012750455373418,47.17,46.1055,4.354290569243857,4.1551833792664805,6.559954886076502,2.6845,2.6218,-0.663961637772037,0.3166325200223641,2.7156915096498757,777.7122596527618,787.9808227739994,-1.8376664508028107,-1.737878879980237,-3.0183805926939034
2017-07-04,3.45,1500.9803181442696,96.29000091552734,3.6009,2.348,49.15,2.66,765.7652392576666,3.5424106,3.4160000000000004,3.351,0.29069767441860517,0.9953161592505699,2.9543419874664245,1497.00104673733,1471.0886903007663,0.2967034486137221,0.2658162073842396,2.031939205337241,95.96600036621093,96.90000038146972,0.093559220520123,0.33762014471792057,-0.6295144102590022,3.57082,3.5625350000000005,-0.06660561152276312,0.8423835421556003,1.076901700614874,2.2996,2.2064000000000004,-0.08510638297872797,2.1047138632805718,6.417693981145733,47.766,46.1575,0.04070832485243425,2.8974584432441386,6.483236743757792,2.6856,2.626825,-1.2253991830672106,-0.9532320524277549,1.2629314857289575,774.4494120909128,785.6591812396069,0.20527136463459605,-1.1213350669090238,-2.5321338383078262
2017-07-05,3.47,1500.9803181442696,96.29000091552734,3.576,2.33,47.58,2.66,765.7652392576666,3.4771073,3.436,3.3585000000000003,0.5797101449275477,0.9895227008149154,3.3199344945660236,1499.4462164292756,1474.0222950695913,0.0,0.10231121984802805,1.8288748524937004,96.01399993896484,96.87700042724609,0.0,0.28745909631715527,-0.6059224677993358,3.57936,3.5591999999999997,-0.6914937932183673,-0.09387153010593785,0.47201618341201623,2.3215999999999997,2.2138999999999998,-0.7666098807495692,0.36181943487252344,5.244139301684814,47.992000000000004,46.1825,-3.1943031536113997,-0.8584764127354649,3.0260380014074606,2.6839,2.631625,0.0,-0.8904951749319934,1.0782311309552206,770.9857769736948,783.472447434394,0.0,-0.6771250354993597,-2.2600932853111155
2017-07-06,3.49,1501.9018389766657,95.81999969482422,3.566,2.37,48.53,2.6615,766.8946405332888,3.513115,3.4560000000000004,3.3685,0.5763688760807018,0.9837962962962798,3.606946712186443,1500.0519739201256,1476.4859568790675,0.06139459800080793,0.12332006415123331,1.7213764871371495,96.0520004272461,96.82200050354004,-0.48811010098073204,-0.24153659620822499,-1.034889594828381,3.5829,3.55511,-0.2796420581655523,-0.47168494794719296,0.30631963567933074,2.3416,2.2229,1.7167381974249052,1.2128459173214923,6.617481668091241,48.294,46.294,1.99663724253889,0.4886735412266585,4.829999567978582,2.6771000000000003,2.6337249999999996,0.05639097744360999,-0.5827201075791044,1.0545899818698024,768.2249059598225,781.7751361677258,0.14748662092798348,-0.173160934540606,-1.903424008517518
2017-07-07,3.51,1498.852363579348,96.01000213623047,3.5897,2.39,46.47,2.647,758.3610545367923,3.4909112,3.472,3.379,0.5730659025787732,1.0944700460829404,3.87688665285586,1499.8509742206452,1478.4508396401316,-0.20304092572357435,-0.06658065757606524,1.3799257568944512,96.12200012207032,96.75900077819824,0.19829100606489902,-0.11651649538879649,-0.7740867887678138,3.58718,3.55308,0.6646102075154259,0.07025016865616074,1.0306550936089343,2.3576,2.2319,0.8438818565400741,1.374278927723105,7.083650701196298,48.172000000000004,46.2855,-4.244797032763248,-3.5331727974757254,0.39861295654146645,2.6643,2.63315,-0.5448055607740199,-0.6493262770709052,0.5259859863661287,764.1965472261307,779.8958607002825,-1.11274555140487,-0.7636114963513019,-2.761241243690371
2017-07-10,3.54,1495.2889561226875,96.05000305175781,3.5911,2.38,46.57,2.6475,760.5572019341906,3.5200913,3.492,3.3935000000000004,0.8547008547008517,1.3745704467353903,4.3170767644025165,1499.6007589934482,1480.34046547146,-0.23774239166231004,-0.2875300539094683,1.0098008532426928,96.09200134277344,96.70450096130371,0.04166327948893489,-0.04370633395990309,-0.6768019099832712,3.58474,3.55343,0.03900047357716652,0.17741872492844646,1.0601024925213087,2.3636,2.2404,-0.4184100418410108,0.6938568285665969,6.231030173183338,47.660000000000004,46.255,0.21519259737465823,-2.2870331514897257,0.6810074586531156,2.6552,2.634175,0.018889308651304226,-0.2899969870442831,0.5058509780101916,763.468675103921,778.2016898508608,0.289591268467726,-0.3813480846917572,-2.267341249291255
2017-07-11,3.47,1497.039446463233,95.73999786376953,3.5836,2.37,46.68,2.672,761.498407961647,3.5629058,3.496,3.4015,-1.9774011299435013,-0.7437070938214996,2.013817433485232,1498.812584657241,1481.9920529262913,0.11706702797327218,-0.11830286269003398,1.0153491381569513,95.98200073242188,96.6425006866455,-0.32275395954045605,-0.2521335946382375,-0.9338570675051727,3.5812799999999996,3.5538399999999997,-0.20884965609422323,0.06478130724212328,0.8374040474529165,2.368,2.2483999999999997,-0.42016806722687816,0.08445945945947386,5.408290339797217,47.166000000000004,46.2415,0.23620356452651592,-1.0304032565831456,0.9482823870332835,2.6576,2.6373249999999997,0.9254013220018953,0.5418422636965792,1.3147791796612296,762.615308844717,776.5639890652203,0.12375216815549983,-0.1464566564710057,-1.9400308687643752
2017-07-12,3.47,1493.420871158394,95.79000091552734,3.5749,2.33,46.73,2.684,764.3220260440164,3.5052004,3.496,3.4095,0.0,-0.7437070938214996,1.7744537322188059,1497.3006952600656,1484.276183314049,-0.2417154279660383,-0.25912123823582656,0.6161041959136693,95.88200073242187,96.58500061035156,0.05222796414614539,-0.09595108173772182,-0.8231088572763445,3.58106,3.555815,-0.2427726308739886,-0.17201610696274683,0.5367264607410771,2.368,2.2573999999999996,-1.6877637130801704,-1.6047297297297258,3.2160893062815887,46.995999999999995,46.304500000000004,0.10711225364181676,-0.5660056174993544,0.9189171678778418,2.6624000000000003,2.64215,0.44910179640718084,0.8112980769230616,1.5839373237704235,762.326666201987,774.8478544439585,0.37079763435456936,0.26174603755770853,-1.3584380907262772
2017-07-13,3.55,1500.8692565551744,95.7300033569336,3.5643,2.35,47.65,2.6615,763.1926247683942,3.522319,3.508,3.4195,2.3054755043227626,1.1972633979475455,3.8163474192133284,1497.0941787757674,1486.945581273129,0.4987465717552819,0.2521603405400974,0.9363944086053122,95.86400146484375,96.50000076293945,-0.0626344691724734,-0.1397793810633874,-0.7979247667545875,3.5807200000000003,3.5562599999999995,-0.29651179053959975,-0.4585669921133295,0.22608020785883642,2.364,2.2669,0.8583690987124415,-0.5922165820642866,3.6657991089152464,46.82,46.4065,1.9687566873528795,1.7727466894489563,2.67958152413994,2.6624000000000003,2.6462,-0.8383010432190696,-0.033804086538469225,0.5781875897513444,761.586263049008,773.7215476282573,-0.14776510909514373,0.21092314781980814,-1.3608155145915402
2017-07-14,3.55,1503.5176762140918,95.11000061035156,3.5637,2.33,47.89,2.691,769.6555268662696,3.5820696,3.5160000000000005,3.4295,0.0,0.967007963594968,3.5136317247412174,1498.0272413027162,1489.9276393822943,0.17645905180283528,0.3665110192923482,0.9121273055537005,95.68400115966797,96.39750061035156,-0.6476577090155589,-0.5998918757155414,-1.335615541739199,3.57552,3.5560449999999997,-0.016833599865329063,-0.3305812860786683,0.21526724211871073,2.352,2.2754,-0.8510638297872353,-0.9353741496598511,2.3995780961589164,47.104,46.516,0.5036726128016866,1.6686480978260976,2.9538223406999853,2.6712,2.6521749999999997,1.1083975201953589,0.7412398921832875,1.4638928426668807,763.8451575149036,772.8619120238917,0.8468244959569216,0.7606737169440825,-0.41487167471165876
2017-07-17,3.58,1478.3005254011646,95.12999725341797,3.5626,2.31,47.66,2.724,773.545891070415,3.5130723,3.524,3.4410000000000003,0.8450704225352101,1.5891032917139558,4.039523394362088,1494.6295551584117,1491.0211060572844,-1.677210132735174,-1.0925135061655045,-0.8531455795254939,95.5,96.27750053405762,0.0210247533782848,-0.3874374309759454,-1.1918706595771322,3.56982,3.559145,-0.030866795745987385,-0.20225109389268026,0.09707387588873129,2.338,2.2814,-0.8583690987124526,-1.19760479041916,1.2536162005786,47.321999999999996,46.6025,-0.4802672791814677,0.7142555259710193,2.2691915669760254,2.6865,2.658475,1.2263099219621099,1.3958682300390768,2.4647589313422147,766.4428953421484,772.5042567972799,0.5054682345991157,0.9267481989112536,0.1348386450909178
2017-07-18,3.6,1483.0315313288047,94.66000366210938,3.5851,2.27,47.92,2.7305,778.7538517983485,3.4975886,3.55,3.4545000000000003,0.5586592178770999,1.4084507042253502,4.211897524967423,1491.827972131526,1492.4322959842161,0.3200300511532417,-0.5896417661449882,-0.6298955524285166,95.28400115966797,96.12300071716308,-0.4940540364534729,-0.6548817114774175,-1.5220051851673855,3.57012,3.563995,0.6315612193341869,0.41959373914601805,0.5921725479413054,2.318,2.2869,-1.7316017316017285,-2.070750647109576,-0.7389916480825653,47.57,46.7995,0.5455308434746176,0.7357578305654755,2.3942563488926094,2.6982,2.6668,0.23861967694567277,1.197094359202433,2.3886305684715836,769.8939841094887,772.5073933847493,0.6732581464206078,1.1507906116590583,0.8085952920437789
2017-07-19,3.64,1503.888244457446,94.80000305175781,3.5901,2.27,48.34,2.7105,778.816583547737,3.6053724,3.5840000000000005,3.4695,1.1111111111111072,1.5624999999999778,4.914252774174965,1493.9214467913364,1494.1398860638758,1.4063566881786782,0.6671567429141989,0.6524394726688643,95.08600158691407,95.9850009918213,0.14789708877274155,-0.3007788006469392,-1.23456574237516,3.57316,3.5664700000000003,0.1394661236785666,0.47409016108990176,0.6625598981625958,2.306,2.2923999999999998,0.0,-1.5611448395490002,-0.9771418600593162,47.892,46.9855,0.8764607679465852,0.9354380689885478,2.8828042694022615,2.7035,2.6719,-0.7324665812122322,0.25892361753283577,1.444664845241217,772.7928956102329,772.4383693115362,0.008055401490936198,0.7794698905387198,0.8257246777999327
2017-07-20,3.59,1511.3562289581844,94.2699966430664,3.574,2.27,48.54,2.716,781.0755392900666,3.6570141,3.592,3.4815000000000005,-1.3736263736263798,-0.05567928730513261,3.116472784719204,1496.0188412719383,1496.4265570762202,0.4965784211866442,1.0252135376320526,0.9976882468013981,94.79400024414062,95.82150077819824,-0.5590784721832165,-0.5527813993761677,-1.6191607546652387,3.5751000000000004,3.5671349999999995,-0.4484554747778646,-0.030768370115541455,0.19245136503105442,2.29,2.2984,0.0,-0.8733624454148492,-1.2356421858684241,48.07,47.189499999999995,0.4137360364087517,0.977740794674431,2.861865457358115,2.7144000000000004,2.6775,0.2029145914038022,0.05894488653108709,1.437908496732021,776.3694785145674,772.3505257135066,0.2900497742407415,0.6061625174270446,1.1296701803238385
2017-07-21,3.54,1507.4966572639362,93.94000244140625,3.5829,2.24,47.47,2.7225,787.0365107972906,3.5657682,3.59,3.4905,-1.392757660167121,-1.392757660167121,1.4181349376880092,1496.8146374819073,1497.8985042254217,-0.2553714088245562,0.713650141743627,0.6407745926335418,94.56000061035157,95.65350074768067,-0.3500522047429455,-0.6556664180873972,-1.7913597441607143,3.5789400000000002,3.5689949999999997,0.24902070509233987,0.11064728662675272,0.3896054771721502,2.272,2.3029,-1.3215859030836885,-1.4084507042253391,-2.731338746797518,47.986000000000004,47.356,-2.2043675319324274,-1.0753136331430158,0.24072979136751105,2.7207,2.68215,0.23932253313696528,0.06615944426067166,1.5043901347799427,779.8456753007715,772.2909190622561,0.763174777261888,0.9220844231450975,1.9093312340042967
2017-07-24,3.56,1514.8368846425774,93.9800033569336,3.5769,2.26,47.81,2.7365,786.7855072041937,3.575095,3.586,3.5,0.5649717514124353,-0.7250418293363037,1.7142857142857126,1504.1219093301897,1498.783875599406,0.48691500198505544,0.7123741264535743,1.0710689716188382,94.33000183105469,95.48100090026855,0.04258134392991497,-0.3710362210613938,-1.5720379229191117,3.5818,3.57217,-0.16746211169722525,-0.1368027248869197,0.13241251116269392,2.262,2.3089000000000004,0.8928571428571175,-0.08841732979665284,-2.1178916367101452,48.016000000000005,47.542,0.7162418369496493,-0.42902365878041415,0.563712086155399,2.7232,2.68735,0.514233241505968,0.4883960047003644,1.8289392896347678,782.4935985275273,772.5293571565896,-0.03189224256479051,0.5484912189368307,1.8453861870150634
2017-07-25,3.56,1507.8755732737907,94.05000305175781,3.592,2.33,49.19,2.8465,785.4050257399321,3.4981809,3.5780000000000003,3.5100000000000002,0.0,-0.5030743432084983,1.424501424501412,1509.090717719187,1499.183080311321,-0.45954197705115885,-0.08052163008681612,0.5798153058574229,94.20800170898437,95.3600009918213,0.07448360536694842,-0.1677125661943557,-1.3737394362819177,3.58318,3.57635,0.4221532612038281,0.24615006781685267,0.4375969913459343,2.274,2.3149,3.0973451327433787,2.462620932277937,0.6522959955073571,48.269999999999996,47.693,2.8864254340096096,1.9059457219805287,3.1388254041473607,2.7464000000000004,2.69695,4.019733235885248,3.6447713370229895,5.545152857857927,783.823833315844,772.6956345902406,-0.17545842566001335,0.20172803592857225,1.6448120813354006
2017-07-26,3.67,1501.9508367365604,93.66999816894531,3.617,2.29,50.08,2.872,783.7108855287275,3.6859567,3.5840000000000005,3.525,3.08988764044944,2.3995535714285587,4.113475177304959,1508.7032361750098,1499.842898663922,-0.39291945849132537,-0.44756313080951404,0.14054392460145504,93.98200073242188,95.24100074768066,-0.4040455826496592,-0.33198118899903095,-1.6495023848997148,3.58856,3.5805350000000002,0.6959910913140188,0.7925184475109814,1.0184232244622615,2.278,2.3184,-1.716738197424894,0.5267778753292429,-1.224982746721881,48.617999999999995,47.8745,1.8093108355356824,3.0071167057468484,4.606836624925581,2.7786999999999997,2.707125,0.8958369927981824,3.3576852484975106,6.090409567345434,784.8026937120421,772.7270081244892,-0.21570274644072684,-0.13911881190805664,1.4214434449363544
2017-07-27,3.66,1507.3336943439888,93.86000061035156,3.6021,2.32,50.67,2.8775,790.3620594703112,3.68831,3.5980000000000003,3.5385,-0.27247956403269047,1.7231795441912112,3.4336583298007595,1507.8987292521708,1500.2659308050004,0.3583910655241107,-0.03747167480286917,0.47110071580416246,93.9000015258789,95.15250091552734,0.20284236694823043,-0.042599483362437685,-1.3583461209529468,3.59418,3.583225,-0.4119435996682297,0.220356242592179,0.526760111352198,2.2880000000000003,2.3209,1.3100436681222627,1.3986013986013734,-0.038778060235256095,49.044,48.057,1.1781150159744458,3.3153902618057396,5.437293214308014,2.811,2.7162250000000006,0.19150417827298316,2.3657061543934654,5.937468361420706,786.6599977480911,773.2101613178722,0.8486769884657797,0.47060505590950097,2.2182711778134134
2017-07-28,3.65,1512.7644608722037,93.26000213623047,3.6034,2.3,52.0,2.8825,795.8838321362726,3.7166042,3.62,3.5495000000000005,-0.2732240437158584,0.8287292817679592,2.831384702070694,1508.9522899738245,1500.911285744773,0.3602895993497057,0.2526369404592277,0.7897318942171161,93.76400146484374,95.03250083923339,-0.6392483168755958,-0.5375190059505375,-1.8651500143108568,3.59828,3.5849800000000003,0.03609005857694303,0.14229020532032788,0.5138103978264752,2.3,2.3204000000000002,-0.8620689655172376,0.0,-0.8791587657300592,49.95,48.303000000000004,2.624827313992495,4.104104104104089,7.653768917044479,2.843,2.7247999999999997,0.17376194613378804,1.3893774182201835,5.787580739870823,788.4294620158875,774.0792105144234,0.698638377158689,0.9454707718970168,2.8168463027651525
2017-07-31,3.73,1520.914058655037,92.86000061035156,3.626,2.3,51.99,2.9,794.7543542651078,3.6789691,3.654,3.564,2.191780821917799,2.079912424740016,4.657687991021331,1510.167724776316,1502.1299870645912,0.5387221866737013,0.7115986987679124,1.2504957461872523,93.54000091552734,94.86550102233886,-0.4289100543817259,-0.726962046739621,-2.1140460866959865,3.6081000000000003,3.5861150000000004,0.627185435977129,0.4961059837587545,1.112206384903991,2.308,2.3179000000000003,0.0,-0.34662045060658286,-0.7722507442081361,50.786,48.446000000000005,-0.01923076923076028,2.370732091521277,7.315361433348455,2.8757,2.73515,0.6071118820468291,0.8450116493375459,6.027091749995428,790.0232314280702,775.6071001004168,-0.14191491591594163,0.5988586979253085,2.4686795881847967
2017-08-01,3.76,1530.6907450127537,93.02999877929688,3.6373,2.26,50.77,2.889,798.5191783749337,3.732657,3.694,3.5795000000000003,0.8042895442359255,1.7866811044937592,5.042603715602723,1514.7307591241088,1503.6155084080156,0.6428164893394595,1.053651666641664,1.8006755352905746,93.33600006103515,94.70250091552734,0.18306931706648655,-0.327849148815218,-1.7660591009336701,3.6171599999999997,3.5879349999999994,0.31163816878103656,0.5567904101560384,1.3758610454202902,2.2939999999999996,2.3135,-1.7391304347826098,-1.4821272885788939,-2.3125135076723646,51.102,48.527,-2.3466051163685275,-0.6496810300966605,4.6221691017371835,2.8842,2.7466,-0.3793103448275881,0.1664239650509547,5.184591859025689,792.6460619550705,777.24479705628,0.47370915171733863,0.7409506842659619,2.7371532622962214
2017-08-02,3.74,1525.484642287317,92.83000183105469,3.6311,2.27,52.09,2.8915,798.0172477842824,3.7445996,3.7079999999999997,3.593,-0.5319148936170137,0.8629989212513678,4.091288616754807,1519.43752023426,1504.8407246151678,-0.34011460135883187,0.3979842522333188,1.3718340641949656,93.16800079345703,94.52950096130371,-0.21498113604908609,-0.3627843889788318,-1.7978505259905297,3.6199800000000004,3.59069,-0.1704561075523081,0.30718401759124436,1.1254104364342155,2.29,2.3105,0.4424778761062065,-0.8733624454148492,-1.752867344730591,51.504000000000005,48.7525,2.599960606657481,1.1377757067412286,6.845802779344656,2.8881,2.758175,0.08653513326410955,0.11772445552440391,4.8338122127856264,795.5073344061815,778.857397482611,-0.06285767508713569,0.3155110291942709,2.4599946490331925
2017-08-03,3.76,1516.3739625178025,92.80999755859375,3.6262,2.24,52.88,2.885,795.5073650443985,3.7804177,3.728,3.6064999999999996,0.53475935828875,0.8583690987124415,4.256204075973935,1521.2455738690228,1505.5643307922248,-0.5972318250188291,-0.32023832541581143,0.7179787342524113,92.95800018310547,94.37900085449219,-0.02154936126936846,-0.1592145100154818,-1.6624495721430987,3.6248000000000005,3.5936999999999997,-0.1349453333700512,0.03862282056938948,0.9043604084926438,2.274,2.304,-1.3215859030836885,-1.4951627088830133,-2.777777777777757,51.946000000000005,48.970000000000006,1.5166058744480626,1.7980210218303538,7.984480294057583,2.8896,2.7693499999999998,-0.22479681826043096,-0.15919158361019647,4.176070196977633,796.536395520999,780.2880337081663,-0.3145148487520344,-0.12918813030852183,1.9504760650891129
2017-08-04,3.79,1508.0076857523225,93.54000091552734,3.6262,2.27,52.48,2.8925,789.5463935371745,3.7169387,3.7560000000000002,3.6205000000000007,0.7978723404255428,0.9052183173588801,4.681673801961028,1520.2942188450465,1506.0220969008735,-0.551729123044864,-0.8081681124893048,0.1318432747789533,93.01399993896484,94.25550079345703,0.7865568108357257,0.5655073181538794,-0.7591067597185308,3.6293599999999997,3.5955250000000007,0.0,-0.08706769237550871,0.853143838521464,2.268,2.298,1.3392857142856984,0.08818342151677427,-1.2184508268059169,52.04200000000001,49.2705,-0.7564296520423675,0.841627915914045,6.514039841284336,2.8916,2.781625,0.25996533795495935,0.03112463687924283,3.985979418505381,795.2689078011794,781.8473006581855,-0.7493295183874649,-0.7195697213697061,0.984731017489926
2017-08-07,3.75,1520.1758257392853,93.43000030517578,3.6626,2.26,51.42,2.915,789.4835851922434,3.6350126,3.7600000000000002,3.6310000000000002,-1.055408970976257,-0.26595744680851796,3.2773340677499263,1520.1465722618964,1507.2664403817032,0.8069017221813635,0.0019243853140782363,0.8564766660838607,93.12799987792968,94.12450065612794,-0.11759740140573349,0.3242853144510338,-0.7378528928290717,3.6366799999999997,3.5991,1.0038056367547288,0.7127379917947207,1.7643299713817395,2.26,2.292,-0.440528634361248,0.0,-1.3961605584642212,51.928,49.513,-2.0198170731707266,-0.9782776151594397,3.8515137438652536,2.8945999999999996,2.795,0.7778738115816752,0.7047605886823849,4.29338103756709,794.2147539866066,783.2936198210881,-0.007954991048686466,-0.5957039667942365,0.7902484093473383
2017-08-08,3.9,1522.902641814035,93.63999938964844,3.6538,2.29,52.18,2.95,788.3541839166212,3.645562,3.7879999999999994,3.6525,4.0000000000000036,2.9567053854276715,6.776180698151957,1518.5889516221525,1508.5596001492436,0.17937504521383651,0.2840591054791064,0.9507772621891952,93.25,94.01950073242188,0.22476622475300356,0.41822990847018016,-0.4036410955355896,3.63998,3.60261,-0.24026647736580253,0.3796724157824949,1.420914281590302,2.2659999999999996,2.288,1.3274336283185972,1.0591350397175958,0.08741258741260527,52.21,49.788,1.4780241151302942,-0.05746025665581689,4.8043705310516716,2.9068,2.8089,1.2006861063464935,1.4861703591578346,5.0233187368720955,792.1817550949439,784.6364086188369,-0.14305570081576402,-0.48316830748822426,0.4738214103942262
2017-08-09,4.06,1525.4280226536605,93.5199966430664,3.66,2.24,52.16,2.9345,798.7701819680306,3.7567465,3.8519999999999994,3.682,4.102564102564088,5.399792315680174,10.266159695817478,1518.5776276954211,1510.1599577240067,0.165826807984093,0.4511060108685738,1.0110230278297605,93.38799896240235,93.90600051879883,-0.12815329705704315,0.14134330120640914,-0.4110534721954773,3.64576,3.6068650000000004,0.16968635393290743,0.3905907135960618,1.4731629822574366,2.2600000000000002,2.2835,-2.183406113537112,-0.8849557522123908,-1.9049704401138512,52.224000000000004,50.0595,-0.03832886163281923,-0.1225490196078538,4.1960067519651645,2.9154,2.821425,-0.5254237288135677,0.6551416615215633,4.007726592058969,792.3323419316937,786.3588164150375,1.3212333065401705,0.8125176388283695,1.5783336174159945
2017-08-10,4.04,1517.154660158796,93.4000015258789,3.6375,2.2,52.59,2.911,805.4840876590029,3.7638066,3.908,3.7065000000000006,-0.49261083743841194,3.377686796315249,8.997706731417754,1518.73376722362,1510.974227904188,-0.5423633479914591,-0.10397523903814543,0.40903624565329366,93.50599975585938,93.7895004272461,-0.1283095824366587,-0.11335981675746343,-0.41529051716117094,3.64802,3.610525,-0.6147540983606592,-0.28837561197579964,0.747121263528161,2.252,2.2760000000000002,-1.7857142857142905,-2.3090586145648184,-3.3391915641476255,52.166,50.3065,0.8243865030674868,0.8127899398075566,4.539174858119743,2.9206,2.8339,-0.8008178565343305,-0.3286995822776029,2.7206323441194113,794.3276864546144,788.473389559568,0.840530335575429,1.4045086674724372,2.1574219656210314
2017-08-11,3.88,1490.7557559664754,93.06999969482422,3.6163,2.19,51.47,2.933,807.9939703988866,3.7686968,3.9259999999999997,3.723,-3.960396039603964,-1.171676006113087,4.2170292774644125,1515.2833812664505,1510.336131891807,-1.7400272289680552,-1.6186823932217487,-1.2964250481649953,93.41199951171875,93.68750038146973,-0.3533210124876174,-0.36611979047898036,-0.6591068009406009,3.64604,3.6131550000000003,-0.5828178694158193,-0.8156794769119458,0.08704304133089202,2.2359999999999998,2.269,-0.454545454545463,-2.0572450805008913,-3.4817100044072347,51.964,50.4855,-2.1296824491348287,-0.9506581479485798,1.9500648701112233,2.9287,2.8459999999999996,0.7557540364135917,0.1468228224126733,3.056921995783557,798.0172018269569,790.3903117361988,0.3115992951739477,1.2501946761409588,2.22721083511499
2017-08-14,3.79,1512.7441358755066,93.45999908447266,3.5925,2.22,51.29,2.927,805.7978230014883,3.7915702,3.934,3.7334999999999994,-2.319587628865971,-3.6603965429588214,1.5133252979777856,1513.7970432936945,1512.0583124155241,1.4749820566532623,-0.0695540675582973,0.04535694518863487,93.41799926757812,93.60400047302247,0.41903877826070524,0.04495901991459217,-0.15384106215771132,3.63202,3.61465,-0.6581312391118033,-1.0880997351336186,-0.6127840869793899,2.228,2.2645,1.3698630136986356,-0.35906642728904536,-1.9651137116361128,51.938,50.667,-0.34971828249465986,-1.247641418614509,1.22959717370279,2.9311,2.85615,-0.2045687009887387,-0.13987922622905602,2.480612012674399,801.280049388806,792.0029083327524,-0.2718024487626036,0.5638195554885428,1.7417757591036587
2017-08-15,3.73,1517.8979743237219,93.8499984741211,3.5801,2.27,49.9,2.906,799.2093808092932,3.694049,3.9,3.7399999999999998,-1.58311345646438,-4.358974358974354,-0.267379679144375,1512.796109795632,1513.80163456527,0.3406946572119818,0.33724733260842576,0.2705995068916778,93.45999908447266,93.56350021362304,0.4172901706279042,0.4172901706279042,0.306207292206806,3.6172799999999996,3.6144000000000007,-0.3451635351426563,-1.0278441259730986,-0.9489818503762959,2.224,2.2645,2.2522522522522515,2.0683453237410054,0.2428792227864962,51.482000000000006,50.766,-2.7100799376096663,-3.072918690027593,-1.705866130874989,2.9223,2.8649250000000004,-0.7174581482746856,-0.557779830955063,1.4337199054076377,803.4510887673403,793.0256847832998,-0.8176296837901664,-0.5279360520320853,0.7797598671325678
2017-08-16,3.66,1517.5996324079167,93.48999786376953,3.5988,2.23,50.39,2.976,801.2173329585258,3.8765645,3.8200000000000003,3.7409999999999997,-1.8766756032171594,-4.188481675392675,-2.1651964715316607,1511.2304317464834,1514.4872039627935,-0.01965493866200596,0.4214579410019237,0.2055103824567972,93.45399932861328,93.49799995422363,-0.3835914930257922,0.03852005844038331,-0.008558568587579973,3.60504,3.6148350000000002,0.5223317784419645,-0.17309100592503013,-0.44358871151795043,2.222,2.2625,-1.7621145374449365,0.36003600360035026,-1.436464088397793,51.128,50.8685,0.9819639278557224,-1.4434360819903014,-0.9406607232373632,2.9305999999999996,2.8782,2.408809359944941,1.5491708182624908,3.397957056493639,803.9405189654393,794.1457222538392,0.2512423148986809,-0.33872978692724987,0.8904676442274218
2017-08-17,3.82,1526.1531895001067,93.62000274658203,3.5926,2.19,50.37,2.961,807.1783044657499,3.7705579,3.776,3.7525,4.371584699453535,1.165254237288127,1.7988007994670152,1513.0301376147454,1515.2270519898898,0.5636240882991306,0.8673357892295064,0.7210891262710684,93.49799957275391,93.46550025939942,0.13905753105476482,0.13048746966310976,0.16530429597425567,3.59606,3.6157650000000006,-0.17227964877182256,-0.09621641463156694,-0.6406666362443469,2.2199999999999998,2.2585,-1.7937219730941756,-1.3513513513513375,-3.032986495461598,50.684000000000005,50.96,-0.03969041476483692,-0.6195248993765445,-1.1577708006279552,2.9406,2.89045,-0.504032258064524,0.6937359722505532,2.4407964157830087,804.2793623267887,795.4508605126233,0.7439893349801663,0.3604397022664463,1.4743140695792079
2017-08-18,3.76,1526.981433115517,93.43000030517578,3.5951,2.19,50.96,2.9615,806.7390290289446,3.7919362,3.7520000000000002,3.7635000000000005,-1.5706806282722474,0.2132196162046851,-0.0929985385944132,1520.2752730445536,1516.2012907824687,0.05427001831195266,0.44111485530731187,0.7109967785006166,93.56999969482422,93.44000015258788,-0.2029506898440947,-0.14961995308864218,-0.010701891476638803,3.59182,3.616375,0.06958748538663517,0.09131860727988883,-0.5882962911755607,2.22,2.256,0.0,-1.3513513513513598,-2.9255319148936088,50.582,51.134499999999996,1.171332142148107,0.7473014115693344,-0.34125688136188437,2.9463,2.9024,0.01688618709896339,0.5159012999355062,2.036245865490627,804.0283740528004,796.435986424206,-0.054421115430747236,0.33713424346966114,1.293643529468902
2017-08-21,3.78,1535.1179648290451,93.0999984741211,3.6181,2.18,51.94,3.0015,809.9391907987307,3.739394,3.75,3.7744999999999997,0.5319148936170137,0.8000000000000007,0.14571466419392998,1524.7500388352614,1517.2153447917922,0.532850730013612,0.6799754536621405,1.1799656587120566,93.49799957275391,93.39599990844727,-0.3532075671377366,-0.42567873157876024,-0.31693159730216136,3.59694,3.6184349999999994,0.6397596728880961,0.5882778139196132,-0.009258146132218315,2.212,2.252,-0.45662100456620447,-1.446654611211573,-3.1971580817051315,50.712,51.340999999999994,1.9230769230769162,2.4215175895251573,1.1667088681560633,2.9612000000000003,2.9156500000000003,1.3506668917778075,1.36093475617991,2.944454924287876,804.8566476122489,797.5936706039329,0.3966786847585668,0.6314842775493101,1.5478458079349888
2017-08-22,3.75,1537.7609402924184,93.55000305175781,3.6201,2.22,52.29,3.0075,806.3625619370707,3.8097134,3.754,3.784,-0.7936507936507908,-0.10655301012253426,-0.8985200845665897,1528.7226320290006,1518.7096131427234,0.17216758085867312,0.5912327111571303,1.2544417303233635,93.43800048828125,93.37099990844726,0.48335616005601434,0.11986832219361698,0.19171171293663747,3.60494,3.61984,0.05527763190624757,0.4205340449494166,0.007182637906644196,2.2020000000000004,2.2465,1.8348623853211121,0.8174386920980936,-1.1796127309147586,51.19,51.496,0.6738544474393482,2.1488571986716165,1.541867329501323,2.9814999999999996,2.9237,0.19990004997501032,0.8720442730169475,2.866231145466358,806.2872838378044,798.6415474137899,-0.44159227041882243,0.009336386766278792,0.9667684517896014
2017-08-23,3.67,1535.4620379874186,93.1500015258789,3.6152,2.17,52.31,3.003,808.7469811781773,3.910441,3.7559999999999993,3.784,-2.1333333333333315,-2.2896698615548328,-3.0126849894291707,1532.2951131449013,1520.3851732052665,-0.14949672896247268,0.20667851873634735,0.9916477118996792,93.37000122070313,93.34500007629394,-0.4275804519831006,-0.23562139011243932,-0.20890090551787255,3.60822,3.61975,-0.13535537692328514,0.19344718448430775,-0.125699288624892,2.19,2.2405,-2.2522522522522626,-0.91324200913242,-3.1466190582459252,51.574,51.6075,0.038248231019322176,1.4270756582774435,1.3612362544203949,2.9869,2.93025,-0.14962593516208988,0.5390203890321077,2.4827233171231144,807.7932134817347,799.8933521962623,0.2957006381073324,0.11807077362431251,1.106851176798207
2017-08-24,3.64,1527.5483553448205,93.27999877929688,3.6252,2.19,51.73,3.0565,807.2410362151386,3.7190342,3.7199999999999998,3.783,-0.8174386920980825,-2.150537634408589,-3.7800687285223344,1532.574146313844,1521.395906255308,-0.5153942231597486,-0.32793134225261866,0.4043950075201419,93.3020004272461,93.31599998474121,0.13955689886044897,-0.023581110639081526,-0.03857988496102083,3.61474,3.6209049999999996,0.27660986944013644,0.2893707431239845,0.11861675465112409,2.1900000000000004,2.234,0.9216589861751112,-2.220446049250313e-14,-1.96956132497762,51.84599999999999,51.6605,-1.1087746128847331,-0.22373953631908972,0.13453218609962292,3.0060000000000002,2.9392,1.7815517815517934,1.6799733865602073,3.9908818726184014,807.8057598316124,800.7373010335036,-0.1862071819847544,-0.06990834239551935,0.8122183359312363
2017-08-25,3.7,1548.789065732491,92.73999786376953,3.6327,2.17,51.87,3.0565,811.0058603249643,3.6688507,3.7079999999999997,3.7855,1.6483516483516425,-0.21574973031283085,-2.258618412362956,1536.9356728372388,1523.1971364983224,1.3905098528207205,0.771235459280506,1.680145571505065,93.16399993896485,93.28999977111816,-0.5789032189044141,-0.4551136441899195,-0.5895614842941654,3.62226,3.622369999999999,0.2068851373717262,0.28821785294264046,0.2851724147450607,2.1860000000000004,2.2275,-0.91324200913242,-0.7319304666056903,-2.581369248035914,52.028,51.653999999999996,0.27063599458727605,-0.3036826324286923,0.4181670344987731,3.025,2.9478999999999997,0.0,1.0413223140495864,3.683978425319734,808.6591260908164,801.4934024429383,0.46638165565486833,0.29020067398390914,1.1868416948950689
2017-08-28,3.74,1563.537391460888,92.20999908447266,3.6502,2.16,51.87,3.086,821.7983254682478,3.7382958,3.7,3.786,1.0810810810810922,1.0810810810810922,-1.2150026413100812,1542.6195581636073,1525.328303138615,0.9522488281141106,1.3559943011601794,2.5049747155187374,92.98600006103516,93.25749969482422,-0.5714888845214539,-0.8345352806370165,-1.1232347143976695,3.62868,3.6235799999999996,0.48173534836348786,0.5930531212451795,0.7346326009084914,2.182,2.2205,-0.4608294930875445,-1.0082493125572745,-2.724611573969815,52.013999999999996,51.648,0.0,-0.27684854077747456,0.42983271375462984,3.0419,2.9572,0.9651562244397116,1.4497517998619314,4.355471391857169,811.0309530247198,802.8456010030952,1.3307505742263137,1.3276154755094582,2.360693568162109
2017-08-29,3.79,1560.9172816187988,92.3499984741211,3.6303,2.13,51.64,3.1045,823.9317411162574,3.646043,3.7079999999999997,3.7875,1.3368983957219305,2.2114347357065967,0.06600660066007347,1547.2508264288836,1526.839629968917,-0.16757577122228362,0.8832734134941678,2.2319077250159802,92.74599914550781,93.22349967956544,0.1518266902054588,-0.4269733196419989,-0.9369967963515635,3.63072,3.6232300000000004,-0.5451756068160618,-0.011567953463775815,0.19512975991033965,2.164,2.214,-1.388888888888895,-1.5711645101663674,-3.7940379403794022,51.88399999999999,51.6915,-0.44341623288991494,-0.470279855061273,-0.09962953290192367,3.0613,2.967975,0.5994815294880107,1.411165191258612,4.599937667938581,814.544788860557,804.1162291401614,0.2596033092175043,1.1524169553440489,2.464259675157243
2017-08-30,3.77,1563.04559913009,92.87999725341797,3.6303,2.15,51.91,3.0945,820.7943876914027,3.6759803,3.728,3.789,-0.527704485488123,1.1266094420600892,-0.5014515703351874,1552.7675386574178,1528.7176778110559,0.13635043550059844,0.6619188137819476,2.2455370155846976,92.69199829101562,93.22599945068359,0.5739023151639655,0.20282113436815852,-0.371143457087475,3.6337399999999995,3.62319,0.0,-0.09466830318073383,0.1962359136562064,2.1599999999999997,2.2079999999999997,0.9389671361502261,-0.4629629629629539,-2.6268115942028936,51.803999999999995,51.682500000000005,0.5228505034856612,0.2046174040614579,0.4401876844192687,3.0796,2.978125,-0.32211306168464793,0.4838290687102287,3.90766002098637,816.9542701632022,805.2550861355173,-0.3807783179470947,0.470052935451748,1.9297365298814428
2017-08-31,3.75,1559.4357345381216,92.66999816894531,3.6265,2.12,52.69,3.106,825.8768849205588,3.6152365,3.75,3.7885,-0.5305039787798393,0.0,-1.0162333377326083,1559.1450144960777,1530.8707664120718,-0.23095068972892596,0.018646119465537403,1.8659294274067317,92.56999816894532,93.21899948120117,-0.226097212190568,0.10802636056823633,-0.5889371429764867,3.6339999999999995,3.623205,-0.1046745448034625,-0.2063841496972918,0.0909415834875471,2.146,2.2020000000000004,-1.3953488372092981,-1.2115563839701693,-3.7238873751135437,51.995999999999995,51.673,1.50260065497978,1.334718055235018,1.9681458401873186,3.0895,2.9891750000000004,0.37162708030376024,0.5340670011328541,3.908269003989373,820.6814399042862,806.7735621293255,0.6192168593466274,0.6330647634578579,2.367866733363666
2017-09-01,4.04,1565.4083799961381,92.80999755859375,3.6353,2.16,53.15,3.1245,831.0849222440349,3.636446,3.818,3.8009999999999997,7.733333333333325,5.814562598218953,6.287818995001326,1562.4688773488074,1533.7408011242626,0.3830004228924322,0.18813191673414664,2.0647282023574354,92.58399810791016,93.1824993133545,0.15107304674075728,0.24410206439797744,-0.3997550586275822,3.6345199999999998,3.6236599999999997,0.24265821039568536,0.021460880666501758,0.3212221897197942,2.1439999999999997,2.1965,1.8867924528301883,0.7462686567164312,-1.661734577737295,52.251999999999995,51.706500000000005,0.873030935661423,1.7185945035596895,2.7917186427238283,3.1031,3.000775,0.5956213779781061,0.6896329476974605,4.123101532104201,824.6972522881003,808.8504885646685,0.6306069849596474,0.7745472581862201,2.7488929034118703
2017-09-04,4.3,1578.8217889771736,92.30999755859375,3.6454,2.166,52.6,3.1345,840.308710674891,3.909401,3.9299999999999997,3.8284999999999996,6.435643564356441,9.414758269720114,12.315528274781261,1565.5257568520644,1536.6730992861571,0.8568632410840049,0.8493013971130337,2.742853357073538,92.60399780273437,93.12649917602539,-0.5387350642740096,-0.31748115752723294,-0.8767661456792308,3.63356,3.6227999999999994,0.2778312656452009,0.32585123129933447,0.6238268742409403,2.1452,2.1918,0.2777777777777768,0.9696065634905882,-1.1771147002463844,52.398,51.765499999999996,-1.0348071495766664,0.38551089736249544,1.6120775419922628,3.1128,3.01175,0.3200512081933171,0.6971215625803051,4.075703494645966,828.3993293294291,811.3917448388008,1.1098490880992795,1.4376377338574553,3.5638723243154313
2017-09-05,4.27,1578.8217889771736,92.30999755859375,3.6641,2.07,53.63,3.1345,840.308710674891,4.072863,4.026,3.847,-0.6976744186046546,6.060606060606055,10.995580972186115,1569.1066583237393,1539.469056644314,0.0,0.6191504319924768,2.556253544883802,92.5959976196289,93.05999908447265,0.0,-0.3088687074899288,-0.805933304596429,3.64032,3.6233150000000003,0.5129752564876355,0.6532392756680716,1.1256266706041185,2.1332,2.1808,-4.432132963988922,-2.962685167822998,-5.0807043286867355,52.79600000000001,51.838,1.9581749049429664,1.5796651261459127,3.4569234924186842,3.1188,3.020975,0.0,0.5033987431063425,3.7578927333063117,831.6747232411557,813.9894711767143,0.0,1.0381447448694292,3.2333636281719036
2017-09-06,4.38,1579.0733108113013,92.29000091552734,3.6554,2.1,54.48,3.1585,836.9831620018705,4.093915,4.148000000000001,3.8630000000000004,2.576112412177989,5.593056894889092,13.383380792130462,1572.3122006599817,1542.151321052196,0.015930983210621363,0.4300106650881208,2.3941872146446608,92.47799835205078,92.99849929809571,-0.021662488999318885,-0.20328882531361891,-0.7618385112832415,3.64534,3.6230849999999997,-0.23743893452689013,0.275968771088575,0.8919194553812737,2.1231999999999998,2.1738,1.449275362318847,-1.0926902788244042,-3.3949765387800146,53.31,51.95399999999999,1.584933805705746,2.194710185706228,4.861993301766954,3.1315999999999997,3.032175,0.7656723560376388,0.8589858219440583,4.166151359997361,834.9124781032493,815.9001201784064,-0.3957532072170977,0.24801209143805458,2.5840223946595353
2017-09-07,4.17,1569.8675390929534,91.52999877929688,3.6155,2.05,54.16,3.1505,844.0108030353282,4.765033,4.232,3.8694999999999995,-4.794520547945202,-1.465028355387532,7.765861222380166,1574.398561570948,1544.7869649989038,-0.5829857078401335,-0.2877938654538337,1.6235619967227777,92.2499984741211,92.90499916076661,-0.823493475664927,-0.7804874869740019,-1.4800068821811951,3.64314,3.6219849999999996,-1.0915358100344719,-0.7586861882881268,-0.179045468161787,2.1092,2.1663,-2.3809523809523947,-2.8067513749288953,-5.36860084014219,53.604,52.032500000000006,-0.5873715124816492,1.0372360271621472,4.088790659683839,3.1405000000000003,3.04415,-0.25328478708247504,0.3184206336570572,3.493586058505649,838.539261726203,817.8264559472226,0.8396394757391734,0.6525086610567943,3.20169968795867
2017-09-08,4.29,1569.7383301853783,91.33000183105469,3.6005,2.06,54.55,3.0485,844.5755419709105,4.4083686,4.281999999999999,3.8899999999999997,2.877697841726623,0.18682858477350184,10.282776349614409,1575.264551608796,1548.7360937098488,-0.00823056113700149,-0.3508122758030585,1.3560887849666248,91.95399932861328,92.81799926757813,-0.21850426189170546,-0.6785974531989925,-1.6031345733210745,3.6361800000000004,3.621195,-0.41488037615821094,-0.9812495531024479,-0.571496425903617,2.0891999999999995,2.1597999999999997,0.4878048780487809,-1.3976641776756393,-4.620798222057587,53.884,52.1865,0.72008862629247,1.2359884195679571,4.528949057706488,3.1253,3.049925,-3.237581336295825,-2.4573640930470653,-0.04672246038835981,841.2373856715783,819.6555345258239,0.06691133970695429,0.39681501989683454,3.040302467975531
2017-09-11,4.16,1573.3035523738872,91.86000061035156,3.6156,2.14,54.2,3.073,835.1634816963461,4.207398,4.254,3.908499999999999,-3.0303030303030276,-2.209685002350714,6.4346936164769275,1574.1609042881387,1551.764064534768,0.22712206996231554,-0.05446405840190405,1.3880646118439977,91.86399993896484,92.73799934387208,0.5803118018953723,-0.0043535319776299986,-0.9467518597903957,3.63022,3.62235,0.4193861963616152,-0.40273041303281465,-0.18634311979791596,2.084,2.1558,3.8834951456310662,2.6871401151631558,-0.7329065776046084,54.20399999999999,52.33200000000001,-0.6416131989000817,-0.00737952918602458,3.569517694718316,3.1130000000000004,3.057225,0.8036739380022917,-1.284934147124972,0.5159908086581844,840.2083398758692,821.1238174605667,-1.1144130757800963,-0.6004294339982841,1.7098108637499942
2017-09-12,4.14,1576.3831523198805,91.91000366210938,3.6181,2.17,55.06,3.043,833.2810696414333,4.005256,4.228,3.929,-0.48076923076924016,-2.081362346263016,5.370323237465002,1573.6731769566802,1554.688323434576,0.19574098980115195,0.17220699970506015,1.395445540967133,91.78400115966797,92.64099960327148,0.05443397716695664,0.13728155326571123,-0.7890630976485014,3.62102,3.62425,0.06914481690452057,-0.08064026158375315,-0.1696902807477363,2.104,2.1508,1.4018691588784993,3.136882129277563,0.8926910916868147,54.489999999999995,52.589999999999996,1.5867158671586612,1.0460634978895378,4.696710401216975,3.0947000000000005,3.064075,-0.976244712007801,-1.670598119365374,-0.6878095346882773,838.8028116691778,822.8274019021737,-0.2253944402704655,-0.6582884500299313,1.2704569287669942
2017-09-13,4.05,1580.5345328952812,92.5199966430664,3.6356,2.2,55.52,2.988,830.3947198096754,3.9895818,4.162,3.9485,-2.1739130434782594,-2.6910139356078777,2.570596429023664,1573.9654213734761,1557.8350684589443,0.2633484485856874,0.41736059970571837,1.457116025690186,91.83000030517579,92.59249954223633,0.6636850795910698,0.7513844447321949,-0.07830320979383965,3.61706,3.62609,0.4836792791796718,0.5125709830636094,0.2622659669230476,2.124,2.1493,1.382488479262678,3.5781544256120457,2.3589075512957747,54.698,52.84649999999999,0.8354522339266257,1.5027971772276993,5.058991607769703,3.0606,3.064675,-1.8074268813670802,-2.37208390511664,-2.501896612201937,837.4851232307388,824.2862712447311,-0.34638370376035565,-0.8466303728131952,0.7410591172069436
2017-09-14,4.01,1574.349563811053,92.12000274658203,3.5982,2.2,56.76,2.9645,831.210385742812,4.046833,4.13,3.9579999999999997,-0.987654320987652,-2.9055690072639306,1.313794845881766,1574.861826317096,1560.2448871744914,-0.39132135081531016,-0.03252745717007288,0.9040040286306894,91.94800109863282,92.51749954223632,-0.43233237245728917,0.18706404260460108,-0.42964498351236724,3.6135999999999995,3.62637,-1.0287160303663834,-0.4261678104936828,-0.7768098677189639,2.154,2.1498,0.0,2.1355617455896203,2.3351009396223033,55.218,53.166,2.2334293948126804,2.792567640986632,6.75995937253131,3.0233999999999996,3.06485,-0.7864792503346707,-1.9481378580405995,-3.2742222294728895,834.9250397722356,825.4878753085843,0.09822629090459056,-0.4449086867052032,0.6932276784911595
2017-09-15,4.01,1571.2859335053215,91.87000274658203,3.5982,2.2,56.18,2.956,828.5123077547624,3.9801748,4.074,3.9705,0.0,-1.5709376534118857,0.9948369223019782,1575.1713469810848,1562.4601121939818,-0.19459657347732362,-0.24666608386508804,0.5648669839607434,92.05600128173828,92.43949966430664,-0.2713851417131874,-0.20204933145748782,-0.6160752922643842,3.61314,3.626525,0.0,-0.4134907587306391,-0.7810507303823933,2.1820000000000004,2.1503,0.0,0.8249312557286892,2.3113053992466215,55.544000000000004,53.427,-1.0218463706835768,1.1450381679389166,5.1528253504782295,3.0049,3.064575,-0.28672626075224583,-1.6273420080535228,-3.5429056231288225,831.7123929290059,826.5765392448751,-0.3245962796336377,-0.3847586258723168,0.23419107825826124
2017-09-18,3.95,1576.8905513445711,92.05000305175781,3.622,2.23,55.5,2.976,819.6649864157805,3.8520532,4.032,3.9790000000000005,-1.4962593516209433,-2.0337301587301515,-0.7288263382759563,1575.8887467752215,1564.548741519758,0.35668987545420805,0.06357076737806278,0.7888415040891994,92.09400177001953,92.38699989318847,0.19592935647592125,-0.04777587835914643,-0.3647665167396674,3.61442,3.62672,0.6614418320271209,0.20971552835586937,-0.13014514492434293,2.2,2.1528,1.3636363636363447,1.3636363636363447,3.586027499070976,55.803999999999995,53.605,-1.210395158419364,-0.5447638162138779,3.535117992724568,2.9855,3.0633,0.6765899864682012,-0.31820465583654034,-2.849867789638627,828.6126938728928,827.0628290257276,-1.0678563560459153,-1.0798419482679122,-0.8944716592645952
2017-09-19,3.99,1571.6271030927385,91.79000091552734,3.6158,2.24,56.58,2.976,819.6021780708494,3.829709,4.002,3.9910000000000005,1.0126582278481067,-0.2998500749625044,-0.025056376847920614,1574.937536929793,1566.242049659774,-0.3337865299113285,-0.21019461149601737,0.3438200011380177,92.07000122070312,92.29899978637695,-0.2824574987621453,-0.30411676057718884,-0.5514673745410814,3.61396,3.6265050000000003,-0.17117614577580875,0.05091367917742229,-0.29518779099988457,2.214,2.1538,0.4484304932735439,1.1743450767841113,4.002228619184711,56.108000000000004,53.81949999999999,1.9459459459459483,0.8412347615313287,5.12918180213493,2.9720999999999997,3.061725,0.0,0.13122034924801795,-2.799892217622424,825.8769155587759,827.7248098324166,-0.007662684873943615,-0.7597666637383926,-0.9813203210873533
2017-09-20,4.05,1578.2603109434137,92.51000213623047,3.6209,2.28,57.2,2.976,823.241538681898,3.8690937,4.002,4.01,1.5037593984962294,1.1994002998500841,0.9975062344139696,1574.4826925394195,1568.3819633075736,0.4220599045169138,0.23992759157622778,0.629843231237337,92.06800231933593,92.26699981689453,0.7844004940861904,0.4800797299385984,0.2633686148007186,3.61102,3.6267899999999997,0.14104762431550455,0.2736069033126398,-0.16240256535393627,2.23,2.1593,1.7857142857142572,2.2421524663676973,5.58977446394664,56.444,54.064,1.09579356663132,1.3393806250442841,5.800532701982841,2.9697,3.0603749999999996,0.0,0.21214264067077604,-2.7570150716823782,824.4462793332204,828.4495377076028,0.4440398901348397,-0.1461272470411057,-0.6286440861703935
2017-09-21,3.9,1573.8759187987346,92.26000213623047,3.6334,2.27,57.73,2.9415,809.8136507044109,3.8802416,3.9800000000000004,4.023000000000001,-3.703703703703698,-2.01005025125629,-3.0574198359433424,1574.3879635369558,1570.6983414802694,-0.27779904964209123,-0.03252341545287862,0.20230347448324526,92.09600219726562,92.21599998474122,-0.2702410487807061,0.17807498159754243,0.04771639574101538,3.61806,3.6272000000000006,0.3452180397138793,0.4239841240885944,0.17093074547858134,2.244,2.1633000000000004,-0.43859649122806044,1.158645276292325,4.9322793879720495,56.638,54.364,0.9265734265734071,1.9280341819979396,6.191597380619518,2.9651,3.054625,-1.1592741935483875,-0.7959259384169193,-3.703400581086058,820.1669323255403,828.5781684320664,-1.6310994218035502,-1.2623383378519315,-2.2646647525319086
2017-09-22,3.92,1572.3715060967731,92.16999816894531,3.6209,2.26,58.16,2.9515,811.5078675111581,3.853685,3.9619999999999997,4.034000000000001,0.512820512820511,-1.0600706713780883,-2.8259791769955522,1574.6050780552462,1571.8774634984834,-0.09558648709167006,-0.14184966056578485,0.031430096159668075,92.15600128173828,92.1875,-0.09755469889568547,0.015188253626852166,-0.018985037076268974,3.6226,3.6266100000000003,-0.34403038476358283,-0.046927621045655954,-0.15744731305545878,2.256,2.1678,-0.440528634361248,0.17730496453900457,4.25315988559829,57.034000000000006,54.6785,0.7448467001558878,1.9742609671423939,6.367219290946169,2.9641999999999995,3.049375,0.33996260411353063,-0.42844612374333124,-3.209674113547867,816.7660442768193,828.603268791376,0.20921069992752006,-0.6437800398909732,-2.063158802783105
2017-09-25,3.91,1565.3067550126523,92.6500015258789,3.5985,2.22,59.42,2.9445,819.978721758266,3.8963413,3.9539999999999997,4.0424999999999995,-0.25510204081632404,-1.1127971674253834,-3.2776747062461253,1572.2883187888624,1571.965931676072,-0.44930546354521317,-0.44403839249966826,-0.42362092773343685,92.2760009765625,92.20950012207031,0.5207804778879943,0.4053064126732231,0.477718026044438,3.6179,3.6240250000000005,-0.6186307271672686,-0.5362226706100204,-0.7043273708100872,2.2540000000000004,2.1708000000000003,-1.7699115044247593,-1.5084294587400238,2.2664455500276404,57.818,55.056000000000004,2.1664374140302645,2.770763430073697,7.926474861958721,2.9579,3.0423,-0.23716754192781853,-0.45302410493931466,-3.214673109160826,816.8287913453165,828.5122886058768,1.0438412967070265,0.3856292097345948,-1.0299867563787202
2017-09-26,3.93,1567.597672497521,92.97000122070312,3.6172,2.24,59.77,2.926,813.8294784073336,3.8473904,3.942,4.0495,0.5115089514066584,-0.30441400304414,-2.950981602666991,1571.4824326698188,1572.2999512200079,0.1463558166814538,-0.24720353798024508,-0.2990700800339141,92.51200103759766,92.24050025939941,0.3453855256924543,0.4950711020933696,0.7908683921403314,3.6181799999999997,3.62337,0.5196609698485455,-0.027085440746443812,-0.17028346539271766,2.2540000000000004,2.1763000000000003,0.9009009009008917,-0.6211180124223725,2.92698616918623,58.456,55.4625,0.5890272635476368,2.247844532639931,7.766508902411551,2.9479,3.033375,-0.6282900322635454,-0.742901726652867,-3.5397865413936525,815.6742514126133,828.0071754704306,-0.7499271856404754,-0.22616540881178482,-1.7122674154414264
2017-09-27,3.91,1571.4935388287286,93.36000061035156,3.6235,2.31,58.74,2.9365,805.295892410837,3.794479,3.914,4.056500000000001,-0.5089058524173073,-0.10219724067450642,-3.611487735732788,1570.1290782468818,1572.7223482049399,0.2485246310043765,0.08690117269658515,-0.07813263273163118,92.68200073242187,92.26450042724609,0.4194894961038198,0.7315334936360607,1.187347439191222,3.6186999999999996,3.62303,0.17416786464667933,0.13264431978334823,0.012972567160640658,2.2600000000000002,2.1843,3.125,2.212389380530966,5.754704024172508,58.763999999999996,55.80400000000001,-1.7232725447548947,-0.04084133142739921,5.261271593434147,2.94,3.025475,0.3588516746411363,-0.11904761904761862,-2.9408605260331067,812.0851221584011,827.2322507064024,-1.0485717491085178,-0.836024397235513,-2.6517774514754677
2017-09-28,3.87,1573.1961202484877,93.08999633789062,3.6136,2.31,58.8,2.995,806.6135655301675,3.7645888,3.908,4.0625,-1.0230179028132946,-0.9723643807574178,-4.738461538461536,1569.9931185368328,1573.410367490458,0.10834161119288588,0.2040137420882493,-0.013616742739019916,92.8479995727539,92.28550033569336,-0.28920765927137326,0.2606375648913195,0.8717469150309354,3.61474,3.622385,-0.27321650338071324,-0.031537537969528184,-0.24251977633520383,2.268,2.1938,0.0,1.85185185185186,5.296745373324829,58.977999999999994,56.109500000000004,0.10214504596526286,-0.30180745362676786,4.7950881757991,2.9507000000000003,3.0199249999999997,1.992167546398771,1.5013386654014305,-0.8253516229707603,811.4451051235525,826.2690847368829,0.16362595807930536,-0.5954240851140824,-2.3788278624722436
2017-09-29,3.87,1579.0918210761504,93.08000183105469,3.6136,2.33,57.02,2.955,804.1036827902836,3.809622,3.8980000000000006,4.054,0.0,-0.718317085684983,-4.538727183029112,1571.337181532708,1574.0945395444587,0.37475943093041586,0.4935057627719619,0.31747022851231765,93.03000030517578,92.2990005493164,-0.010736391910104448,0.05374774343209765,0.8461643973284305,3.6132799999999996,3.6213,0.0,0.008856219279995692,-0.212630823185056,2.282,2.2023,0.8658008658008587,2.1034180543382908,5.798483403714294,58.75,56.303,-3.027210884353726,-2.944680851063819,1.2734667779692233,2.9514,3.01145,-1.3355592654424098,0.12197601138443925,-1.8745122781384294,809.9642681793775,824.9200227641953,-0.3111629716063824,-0.7235609790870456,-2.523437351436686
2017-09-30,3.9,1599.0640339020945,93.55999755859375,3.6136,2.34,55.67,2.9555,804.2919546339921,3.8005075,3.896,4.034000000000001,0.7751937984496138,0.10266940451746365,-3.3217649975210928,1578.0886373105964,1575.1066517907047,1.2647911007691137,1.3291646676605318,1.521000630919378,93.21199951171874,92.3615005493164,0.5156808316466144,0.3733403946894809,1.297615350713599,3.6163,3.61971,0.0,-0.07466194729419673,-0.16879805288269045,2.306,2.211,0.42918454935620964,1.4744145706851564,5.834464043419274,58.0,56.456500000000005,-2.3675903191862524,-4.017241379310343,-1.3931079680816305,2.9536000000000002,3.0025,0.01692047377326311,0.0643282773564291,-1.5653621981681964,806.8269147545227,823.1191849621503,0.023413876560685054,-0.3141888395359116,-2.287303062802981
2017-10-02,3.9,1599.0640339020945,93.55999755859375,3.6477,2.34,55.67,2.9555,804.2919546339921,3.7948978,3.8900000000000006,4.0155,0.0,0.25706940874035134,-2.8763541277549542,1584.381909591511,1576.1187640369508,0.0,0.9266783609242824,1.4558084319974407,93.32999877929687,92.4240005493164,0.0,0.24643606804364282,1.229114734836867,3.6224,3.6188900000000004,0.9436572946645905,0.6984319787985971,0.7961004617437872,2.3259999999999996,2.2245,0.0,0.601891659501308,5.192178017532023,57.18000000000001,56.558499999999995,0.0,-2.6407834907310357,-1.570939823368711,2.9595,2.99355,0.0,-0.13515796587261208,-1.271066125503173,804.9194099998545,821.3183471601054,0.0,-0.0779525699178385,-2.0730563958525905
2017-10-03,3.9,1599.0640339020945,93.56999969482422,3.6477,2.33,56.12,2.9635,804.2919546339921,3.7541678,3.8880000000000003,3.9915,0.0,0.30864197530862114,-2.2923712889891035,1589.8960086061843,1577.1183001914906,0.0,0.5766430789361898,1.3915084054214155,93.3719985961914,92.48800048828124,0.010690611897690161,0.21205618559061445,1.16988063406136,3.6272399999999996,3.6185050000000003,0.0,0.5640652396863732,0.8068249180255282,2.33,2.236,-0.42735042735041473,0.0,4.203935599284425,56.656000000000006,56.64050000000001,0.8083348302496685,-0.9460604349054047,-0.9189537521738234,2.9649,2.9838,0.2706817797327066,-0.047219130493447725,-0.6803405053958156,804.7186224444855,819.6837867917114,0.0,-0.053020745213694376,-1.8777768214696344
2017-10-04,3.9,1599.0640339020945,93.45999908447266,3.6477,2.33,56.0,2.959,804.2919546339921,3.7764745,3.8939999999999997,3.9779999999999993,0.0,0.15408320493066618,-1.9607843137254721,1595.0695913369057,1578.5781249319475,0.0,0.2504243442971621,1.2977443844301328,93.44599914550781,92.58450050354004,-0.11755969938048727,0.014981849509720924,0.9456211095496991,3.6340599999999994,3.6201149999999997,0.0,0.3753377764814214,0.7619923676457807,2.334,2.25,0.0,-0.1713796058269046,3.5555555555555562,56.096000000000004,56.7325,-0.2138275124732636,-0.17113519680548306,-1.2911470497510291,2.9577,2.9742249999999997,-0.1518474776446732,0.04395307164350992,-0.5118980574771448,804.2543002652504,817.6978443716446,0.0,0.004681898341019064,-1.6394674181823499
2017-10-05,3.9,1599.0640339020945,93.95999908447266,3.6477,2.35,57.09,3.0465,804.2919546339921,3.568228,3.9,3.9585,0.0,0.0,-1.4778325123152691,1599.0640339020945,1580.0444101177834,0.0,0.0,1.2037398229137963,93.6219985961914,92.71600036621093,0.5349882354996449,0.3610267814716295,1.341730352202597,3.64088,3.6224749999999992,0.0,0.18731735184900344,0.6963471107461316,2.338,2.2645000000000004,0.8583690987124415,0.5132591958939337,3.7756679178626573,56.11,56.859500000000004,1.9464285714285712,1.7465692389948329,0.40538520387973787,2.976,2.974125,2.957080094626563,2.368951612903225,2.4334888412558264,804.2919546339921,815.6836650047987,0.0,0.0,-1.3965843450769122
2017-10-06,3.9,1599.0640339020945,93.80000305175781,3.6477,2.37,55.5,3.029,804.2919546339921,3.8061452,3.9,3.9455,0.0,0.0,-1.1532125205930832,1599.0640339020945,1581.3324341941936,0.0,0.0,1.121307533095428,93.66999969482421,92.81300048828125,-0.1702810071028238,0.13878868085528406,1.0634313709114274,3.6477,3.6240799999999993,0.0,0.0,0.6517516169621151,2.3440000000000003,2.2760000000000002,0.8510638297872353,1.1092150170648463,4.1300527240773155,56.076,56.9245,-2.785076195480829,-1.027177402097157,-2.5024374390640314,2.9906999999999995,2.971925,-0.5744296733957044,1.2806366402514646,1.920472421073871,804.2919546339921,814.140088651681,0.0,0.0,-1.2096362966229401
2017-10-09,3.9,1599.0640339020945,93.73999786376953,3.6477,2.361,55.29,3.031,804.2919546339921,3.7225623,3.9,3.9335,0.0,0.0,-0.8516588280157666,1599.0640339020945,1582.4664782733043,0.0,0.0,1.0488408984751674,93.70599975585938,92.90450019836426,-0.06397141368446047,0.03628167673226379,0.899308067554716,3.6477,3.6255599999999992,0.0,0.0,0.6106642835865594,2.3482000000000003,2.2855499999999997,-0.3797468354430289,0.5450983732220305,3.3011747719367435,56.0,56.936,-0.3783783783783745,-1.2678571428571428,-2.8909652943655995,3.0058,2.971325,0.0660283922086613,0.8383791336749047,2.0083632722775135,804.2919546339921,812.690632901309,0.0,0.0,-1.0334410078449596
2017-10-10,3.9,1604.8319776076607,93.29000091552734,3.647,2.35,56.62,3.0605,809.8136507044109,3.7199945,3.9,3.9260000000000006,0.0,0.0,-0.6622516556291536,1600.217622643208,1583.6813505089233,0.36070748783532114,0.2883579645142742,1.3355355287817616,93.65,92.9430004119873,-0.48004796084608614,-0.3844090597679206,0.3733476453330553,3.64756,3.62613,-0.01919017463059003,-0.015352728947570782,0.5755447267472569,2.3522000000000003,2.29305,-0.4659042778483724,-0.09352946178047272,2.4835917228146043,56.1,56.99100000000001,2.405498281786933,0.9269162210338688,-0.6509799792949966,3.0252000000000003,2.97495,0.9732761464863016,1.1668650006610992,2.8756785828333298,805.3962938480757,811.6615794460457,0.6865288206111098,0.5484699755979205,-0.227672319157457
2017-10-11,3.87,1607.5642378779542,92.95999908447266,3.654,2.35,56.13,3.0955,806.8018373738759,3.7519104,3.8939999999999997,3.9189999999999996,-0.7692307692307665,-0.6163328197226425,-1.250318958918073,1601.9176634383798,1585.3420842122684,0.17025210791017376,0.3524884311129073,1.4017260935028863,93.55,92.98500022888183,-0.3537376222704669,-0.6306797600506009,-0.026887287570720453,3.6488199999999997,3.6289199999999995,0.19193857965451588,0.1419637033342358,0.6911147118150884,2.3562000000000003,2.3005500000000003,0.0,-0.26313555725321347,2.149485992480038,56.126,56.959500000000006,-0.8654185800070602,0.007126821793823623,-1.456297895873393,3.0525,2.9815,1.1436039862767533,1.4086814086814003,3.823578735535804,805.8982703960526,810.441152027599,-0.3719143691780502,0.11211923527012502,-0.4490535364126136
2017-10-12,3.87,1611.959518413721,93.12000274658203,3.6765,2.33,56.13,3.12,811.5078675111581,3.8930516,3.8880000000000003,3.912,0.0,-0.462962962962965,-1.0736196319018343,1604.496760340705,1587.3757634576884,0.273412435547149,0.4651151848652946,1.548704189768113,93.38200073242187,93.04750022888183,0.17212098072847404,-0.2805658304436798,0.07791989846246405,3.65458,3.632835,0.6157635467980205,0.5997953253178201,1.2019538459632662,2.3522000000000003,2.30705,-0.8510638297872353,-0.9437972961482965,0.9947768795648182,55.934000000000005,56.95700000000001,0.0,0.35041298673437193,-1.4519725406885953,3.0672,2.9897,0.7914714908738629,1.7214397496087663,4.358296819078844,807.3414529714858,809.5909300154187,0.5832944248863159,0.5160659748533414,0.23677852909034236
2017-10-13,3.9,1617.8566710268624,93.08999633789062,3.674,2.28,56.86,3.1335,816.6530964897029,3.8873365,3.8880000000000003,3.9095,0.7751937984496138,0.30864197530862114,-0.2429978258089327,1608.2552877656585,1589.4240694418029,0.36583751302541323,0.5970061677548211,1.7888618985771876,93.23999938964843,93.09949989318848,-0.03222337608072001,-0.16087843494179133,-0.010207955261587465,3.65984,3.6354349999999998,-0.06799945600435287,0.38690215965724306,1.0608084039461563,2.3342,2.30955,-2.145922746781126,-2.3219946876874453,-1.279470026628582,56.206,57.025,1.3005522893283494,1.1635768423299941,-0.28934677772906037,3.0881,2.9975750000000003,0.43269230769231726,1.4701596450892307,4.5344987197984965,809.8136813426279,809.4403355191148,0.6340331603099436,0.8445665101305178,0.8910800035634825
2017-10-16,4.01,1611.396588594483,93.27999877929688,3.7054,2.3,57.49,3.239,815.6491587128578,3.7552984,3.9099999999999993,3.9105,2.8205128205128105,2.55754475703327,2.544431658355717,1610.7217987041363,1591.4125437168902,-0.3992988098432182,0.04189363370443733,1.255742576398089,93.1479995727539,93.17399978637695,0.20410618635819944,0.14170911576032452,0.11376456217715436,3.67138,3.639915,0.8546543277082153,0.9266270448714087,1.7990804730330323,2.322,2.3125500000000003,0.8771929824561431,-0.9474590869939847,-0.5426909688439396,56.646,57.0705,1.1079845233907815,1.489955160117229,0.735055764361614,3.1297,3.010725,3.366842189245234,3.4923475093459277,7.582060799309143,812.0851221584011,809.2426845512152,-0.12293319907319411,0.4388747505906787,0.7916629070543246
2017-10-17,3.91,1610.8126078858083,93.48999786376953,3.7409,2.3,57.63,3.1955,805.0448888177401,3.6414313,3.9120000000000004,3.9034999999999997,-2.4937655860349017,-0.051124744376285225,0.16651722812861536,1611.9179247597658,1593.04015856401,-0.036240656881625366,-0.06857153562097595,1.1156309667559539,93.18799896240235,93.2229995727539,0.2251276664030799,0.3240748859614673,0.28640817420517717,3.69016,3.645915,0.9580612079667539,1.3750081297287942,2.6052444996660595,2.312,2.31355,0.0,-0.519031141868509,-0.5856800155605191,56.848,57.092000000000006,0.24352061228039013,1.3755980861244188,0.9423386814264578,3.1567,3.0217,-1.3430071009570832,1.2291316881553493,5.751729159082641,811.1313697810668,808.3328520580073,-1.3001018614243187,-0.7503693224156227,-0.4067585811829977
2017-10-18,3.93,1619.273613653752,93.36000061035156,3.7366,2.34,58.05,3.178,803.0997450134387,3.67337,3.9240000000000004,3.905,0.5115089514066584,0.1529051987767538,0.6402048655569814,1614.2597999149252,1595.3100433067607,0.5252631948944542,0.3105952176403637,1.502126213492616,93.26799926757812,93.27799949645996,-0.13904937040152276,0.0986419173734987,0.0879104551279708,3.70668,3.6510749999999996,-0.11494560132587761,0.8071913410383491,2.3424607820984322,2.31,2.31705,1.7391304347826209,1.298701298701288,0.9904835890464092,57.232000000000006,57.108000000000004,0.7287870900572591,1.4292703382722705,1.6495061987812365,3.1732,3.033525,-0.5476451259583848,0.15126685995210387,4.762611153690832,810.3909513089795,807.9971567734588,-0.24161929742303467,-0.8997146727469985,-0.6061174496673649
2017-10-19,3.94,1615.1000933498062,93.2699966430664,3.7167,2.33,57.82,3.1675,807.4920398082354,3.619773,3.9379999999999997,3.9059999999999997,0.2544529262086481,0.0507872016251909,0.8704557091653964,1614.8879149021425,1597.4464726694125,-0.25774027741540806,0.013138896248210408,1.105115005881463,93.297998046875,93.33299942016602,-0.09640527709591229,-0.03001286672251746,-0.06750321696614714,3.71472,3.655865,-0.5325697157844145,0.05330146013697856,1.664038469691853,2.31,2.32055,-0.42735042735041473,0.8658008658008587,0.40723104436448665,57.57000000000001,57.090999999999994,-0.3962101636520221,0.43425395171095005,1.2769087947312352,3.1827,3.0443249999999997,-0.3303964757709221,-0.4775819272944348,4.046052901710562,809.5877857683951,807.7963653883127,0.5469177175150497,-0.25886580763697653,-0.037673551543027095
2017-10-20,3.94,1616.312334224246,93.69999694824219,3.7217,2.39,57.89,3.1655,801.5310683010113,3.6725395,3.946,3.9074999999999998,0.0,-0.1520527116066983,0.8317338451695466,1614.5790475416193,1599.996751629992,0.07505670264220665,0.10735223433413488,1.0197259824204163,93.41999816894531,93.38549919128418,0.46102746933864847,0.29972038619665575,0.33677365295634587,3.7242599999999997,3.662025,0.13452794145343283,-0.06873848764586965,1.6295628784620542,2.332,2.32905,2.5751072961373467,2.487135506003435,2.616946823812283,57.775999999999996,57.0145,0.1210653753026536,0.1973137635004285,1.535574283734853,3.1891000000000003,3.055375,-0.0631412786108898,-0.7400206954940258,3.604303890684446,806.5633801306567,806.8739827154499,-0.7382080829725246,-0.6239201969261532,-0.6621745810241109
2017-10-23,3.9,1620.3188991981788,93.94000244140625,3.7231,2.38,57.69,3.188,801.719263549177,3.6970654,3.9240000000000004,3.906,-1.0152284263959421,-0.6116207951070485,-0.1536098310291889,1616.3635096623582,1602.632812965025,0.2478830909779406,0.24470915806846794,1.1035644653021093,93.55199890136718,93.43399925231934,0.25614247703404924,0.41474639194845064,0.5415621648822366,3.7278,3.66732,0.03761721793804629,-0.12607972530714884,1.5210017124221542,2.348,2.3360499999999997,-0.4184100418410108,1.3628620102214661,1.881380963592405,57.815999999999995,56.9105,-0.34548281223009125,-0.2179327521793284,1.3696945203433453,3.1789,3.0684750000000003,0.7107881851208253,0.2862625436471866,3.895257416143183,803.7774010979205,806.268471972542,0.023479470180065576,-0.25605815066860327,-0.564229978165387
2017-10-24,3.96,1628.0859515074612,93.95999908447266,3.722,2.42,57.84,3.198,800.0251233379724,3.8310657,3.934,3.908499999999999,1.538461538461533,0.6609049313675674,1.3176410387616855,1619.8181783866887,1605.4624335989615,0.47935331206259146,0.5104136520437841,1.4091589709629426,93.64599914550782,93.4639991760254,0.021286611184501147,0.3353052365610898,0.5306855182957815,3.7240200000000003,3.6722449999999993,-0.029545271413611296,-0.05424245841859632,1.3548932601174624,2.3720000000000003,2.3415500000000002,1.680672268907557,2.023608768971319,3.3503448570391337,57.858000000000004,56.8655,0.26001040041603307,-0.031110650212595736,1.7136928366056958,3.1794000000000002,3.08155,0.31367628607277265,0.5850160407623983,3.778942415342934,802.7734480019669,806.0049335188988,-0.21131339712415764,-0.3423537077409389,-0.7419073919088137
2017-10-25,3.97,1636.683425110372,93.70999908447266,3.7768,2.44,58.45,3.183,800.2761269310694,3.8623164,3.942,3.9135,0.2525252525252597,0.7102993404363378,1.4437204548358284,1623.3001406780127,1608.636798842056,0.5280724641687495,0.8244491635890139,1.7435027153739568,93.71599884033203,93.4949993133545,-0.2660706709620597,-0.00640206147682898,0.22995857820971022,3.7320599999999997,3.6804050000000004,1.4723267060720024,1.1988017341629131,2.6191410999604647,2.392,2.3480499999999997,0.8264462809917328,2.006688963210701,3.916015417048202,57.938,56.848,1.054633471645916,0.8837032690117042,2.8180410920349175,3.1804,3.0909500000000003,-0.46904315196998336,0.08175072317946341,2.9780488199420807,802.208724385493,805.6880615889438,0.03137446384804399,-0.240909553296631,-0.6717158806103241
2017-10-26,3.87,1644.1234627406518,94.61000061035156,3.7769,2.46,58.75,3.1775,794.5661590169422,3.8939009,3.928,3.9135,-2.518891687657432,-1.4765784114052938,-1.111536987351469,1629.104814556182,1611.888380925281,0.4545801293110996,0.9218957583500442,1.999833375364779,93.98399963378907,93.57149925231934,0.9604114125191909,0.6660718622337081,1.109847941232478,3.7441000000000004,3.68857,0.0026477441219974196,0.8760449774311452,2.394694963088684,2.418,2.35455,0.8196721311475308,1.7369727047146233,4.478562782697315,58.124,56.9345,0.5132591958939114,1.0770077764778785,3.188751986932359,3.1824,3.102075,-0.1727929626138769,-0.1539718451483041,2.4314370219933545,799.6235482272344,805.2111854002768,-0.713499718656363,-0.6324712699500301,-1.3220167052253373
2017-10-27,3.72,1652.5184122693292,94.91999816894531,3.8266,2.42,60.15,3.1035,795.9465638856612,3.884208,3.8840000000000003,3.9044999999999996,-3.875968992248058,-4.222451081359424,-4.725316941989998,1636.3460301651985,1614.5610998436428,0.5106033530282161,0.9883228734021587,2.350936884913324,94.22799987792969,93.63949928283691,0.32765834118368975,0.7343871162627691,1.367477288874297,3.7650799999999998,3.6992199999999995,1.3158939871322994,1.6339626249641581,3.4434286146809434,2.4240000000000004,2.35855,-1.6260162601625994,-0.16501650165018367,2.605414343558543,58.576,57.15849999999999,2.38297872340425,2.6871073477191976,5.233692276739266,3.17,3.109475,-2.328874901652256,-2.0977917981072514,-0.1921546241729022,798.5066473441644,804.7939158628603,0.17373063942554,-0.32060891002198,-1.0993313695361828
2017-10-30,3.7,1643.951063215095,94.48999786376953,3.9115,2.37,60.65,3.119,799.4603844023901,3.7685373,3.8440000000000003,3.8945,-0.5376344086021501,-3.7460978147762725,-4.994222621645905,1641.0724629685817,1616.8054513092927,-0.5184419726052547,0.17540969771110415,1.6789658820002051,94.33799896240234,93.68599929809571,-0.45301339387979755,0.16112160851298185,0.8581843303134384,3.80276,3.7124099999999998,2.2186797679402126,2.859502045882456,5.362823610538725,2.4219999999999997,2.36005,-2.066115702479332,-2.146985962014847,0.4216012372619149,59.168000000000006,57.407500000000006,0.8312551953449709,2.504732287723077,5.648216696424679,3.1561999999999997,3.1176500000000003,0.49943612050911135,-1.1786325327925784,0.04330184594165676,798.054871514807,804.5523373512801,0.44146437413776773,0.1761173244786196,-0.6328926923080735
2017-10-31,3.69,1646.6230743880362,94.55000305175781,3.8917,2.38,61.35,3.108,795.0053578582048,3.8102977,3.79,3.8839999999999995,-0.2702702702702786,-2.638522427440637,-4.994850669412965,1644.779887544697,1619.1834033335897,0.1625359314355368,0.11206282720850336,1.6946610864435385,94.45599975585938,93.73499946594238,0.06350427489139054,0.09952072514334276,0.8694762793608923,3.8366999999999996,3.7246099999999998,-0.5061996676466785,1.4335236010112995,4.486107270291395,2.414,2.3625499999999997,0.42194092827003704,-1.4084507042253613,0.7386087066940439,59.86999999999999,57.669,1.154163231657046,2.4720227158844255,6.382978723404253,3.1382,3.1248750000000003,-0.3526771401090145,-0.9623350965521582,-0.5400216008640379,797.0509184188535,804.0880075124908,-0.5572541968437261,-0.25664113965347957,-1.1295591489274726
2017-11-01,3.68,1644.0966047093018,94.81999969482422,3.863,2.37,60.98,3.1495,799.4603844023901,3.7811007,3.732,3.873,-0.27100271002709064,-1.393354769560562,-4.9832171443325635,1646.2625234644827,1621.4350318739503,-0.15343339456562743,-0.13156581798526856,1.3976244739920762,94.6779998779297,93.80299949645996,0.28555963442815635,0.14998185119838858,1.0841872901970806,3.85394,3.7353750000000003,-0.7374669167715897,0.23508409575654365,3.416658300706077,2.4,2.36455,-0.42016806722687816,-1.2499999999999956,0.23048783066546008,60.376,57.91799999999999,-0.6030969845150835,1.0003975089439399,5.286784764667307,3.1315,3.1344000000000003,1.3352638352638335,0.5748044068337954,0.48175089331290444,796.8877699131177,803.8464290009107,0.5603769207527698,0.32283272330215773,-0.5456321556310151
2017-11-02,3.7,1639.9960366256441,94.69000244140625,3.8718,2.35,60.79,3.1505,799.9623915885838,3.7632146,3.6980000000000004,3.8630000000000004,0.5434782608695565,0.05408328826392861,-4.219518508930886,1645.4370382414813,1623.4816320101277,-0.2494116265377655,-0.3306721247536837,1.017221525017753,94.69400024414062,93.83949966430664,-0.13709898105500606,-0.004221812072646713,0.906337715079597,3.8729199999999997,3.7465800000000002,0.2278022262490298,-0.02891874864442423,3.3422481302948226,2.3779999999999997,2.36455,-0.8438818565400852,-1.1774600504625532,-0.6153390708591444,60.784000000000006,58.102999999999994,-0.31157756641521095,0.009871018689122657,4.624546064747093,3.1261,3.1396,0.03175107159867352,0.7805252551102093,0.34717798445662584,797.967016427446,803.6299508486402,0.06279325354801024,0.25005734824370407,-0.4563741378956099
2017-11-03,3.7,1636.475093894226,94.94000244140625,3.8816,2.34,61.42,3.125,794.6916225157194,3.6974833,3.694,3.853,0.0,0.16242555495398214,-3.9709317415001277,1642.2283745664608,1625.3521850097343,-0.21469214880925902,-0.35033377582175396,0.6843383844483464,94.69800109863282,93.89649963378906,0.2640194250229211,0.2555506346130665,1.1113330227292995,3.88392,3.7582750000000003,0.2531122475334602,-0.05973346515890654,3.2814256540567133,2.3619999999999997,2.3630500000000003,-0.42553191489362874,-0.9314140558848383,-0.9754342904297553,61.038,58.399,1.0363546635959953,0.6258396408794553,5.173033784825076,3.1304000000000003,3.1444,-0.809395334073959,-0.17250191668797266,-0.6169698511639732,797.7160281534576,803.1499342427267,-0.6588771082597589,-0.3791331164222811,-1.0531423046161947
2017-11-06,3.68,1652.2298699055034,94.72000122070312,3.8694,2.32,64.27,3.165,802.7860096709533,3.7933185,3.6900000000000004,3.842,-0.5405405405405461,-0.27100271002710175,-4.216553878188445,1643.8841359045423,1628.0104768099047,0.9627262932420555,0.5076838335914102,1.4876681348547915,94.74400177001954,93.94549980163575,-0.23172657999340762,-0.025331998720801163,0.8244156672780667,3.8755,3.7693600000000003,-0.31430338004946323,-0.15739904528447868,2.6540314536154685,2.352,2.3609999999999998,-0.8547008547008517,-1.3605442176870763,-1.7365523083439194,61.762,58.848,4.640182351025723,4.060749328065794,9.213567156063075,3.1396,3.1511,1.2799999999999923,0.8090202573576288,0.44111580083145974,798.3811532071702,803.0746369945748,1.0185570007155587,0.5517235027515888,-0.03594028628542967
2017-11-07,3.73,1664.932992841246,94.91000366210938,3.8813,2.32,64.36,3.097,799.2093808092932,3.8112311,3.6980000000000004,3.8335,1.3586956521739024,0.8653326122228133,-2.699882613799398,1647.546119595184,1631.015527571584,0.7688471905225258,1.0553193649191384,2.0795304947318183,94.81600189208984,94.02649993896485,0.20059379112922215,0.09914125057342016,0.9396326819758549,3.8734200000000003,3.781075,0.30754122086111835,0.2034377888274319,2.6507011894765453,2.34,2.3594999999999997,0.0,-0.8547008547008517,-1.6740834922653103,62.364,59.235,0.14003423058970288,3.2005644281957624,8.651979404068545,3.1374000000000004,3.152925,-2.148499210110588,-1.287690444316969,-1.773749772037081,799.221957797388,802.5444234998188,-0.44552705435487727,-0.0015736539733524069,-0.4155586398546962
2017-11-08,3.72,1661.6055005248202,94.87000274658203,3.8725,2.32,63.96,3.1065,804.1664145396724,3.7835262,3.7060000000000004,3.8260000000000005,-0.2680965147452974,0.37776578521315773,-2.7705175117616387,1651.0478987582878,1633.7175907039273,-0.19985743154428137,0.639448545040544,1.7070214570485742,94.82600250244141,94.12200012207032,-0.04214615318081094,0.04640103239561544,0.7947160318964697,3.87532,3.7920000000000003,-0.2267281580913605,-0.07276818430477228,2.122890295358637,2.3299999999999996,2.3579999999999997,0.0,-0.42918454935620964,-1.6115351993214566,62.96,59.6265,-0.621504039776255,1.5883100381194337,7.267741692032903,3.1288000000000005,3.153475,0.30674846625766694,-0.7127333162874061,-1.4896265231213124,800.1631638248443,802.4126523581086,0.6202421855158402,0.5003042998995566,0.21856113265534827
2017-11-09,3.73,1674.9956809382018,94.44000244140625,3.8863,2.33,64.49,3.0935,806.6762972795561,3.8683913,3.7120000000000006,3.819,0.26881720430107503,0.4849137931034253,-2.330452998167054,1658.0478276207996,1636.8693988301513,0.8058579734571358,1.0221570834733518,2.329219553820172,94.7760025024414,94.18800010681153,-0.4532521268333922,-0.35452018671762175,0.2675524847209232,3.8782200000000002,3.80249,0.3563589412524104,0.20834300271772577,2.204082062017254,2.3259999999999996,2.358,0.4310344827586299,0.17196904557181814,-1.187446988973706,63.7,60.04449999999999,0.8286429018136143,1.2401883830455152,7.403675607257965,3.1174,3.1521500000000002,-0.4184773861258595,-0.7666645281324103,-1.860634804815764,801.5059449630389,802.1710738465285,0.31210986861724965,0.6450797213682025,0.561628757245547
2017-11-10,3.7,1690.4241681632154,94.38999938964844,3.9,2.4,64.35,3.0835,798.3937148761565,3.9227974,3.7120000000000006,3.8089999999999997,-0.8042895442359144,-0.3232758620689724,-2.8616434759779374,1668.8376424745973,1640.497773686969,0.9211060900391033,1.2935066383455318,3.0433686212227196,94.66600189208984,94.25300025939941,-0.052946897993610964,-0.2915539865685046,0.14535254036687206,3.8819000000000004,3.81379,0.3525203921467712,0.4662665189726578,2.260481043791085,2.338,2.364,3.0042918454935563,2.651839178785287,1.522842639593902,64.28599999999999,60.419000000000004,-0.2170879206078502,0.09955511308838982,6.5062314834737345,3.1091,3.14965,-0.32325844512688384,-0.8233894052941504,-2.100233359262138,802.2463634351263,801.2581047658512,-1.0267541554563886,-0.48023259868367196,-0.3574865418093598
2017-11-13,3.67,1698.698256550819,94.48999786376953,3.95,2.4,62.94,3.124,801.4683365516228,4.040357,3.71,3.7920000000000003,-0.8108108108108136,-1.0781671159029615,-3.217299578059085,1678.1313198036605,1644.8628570847857,0.4894681786639321,1.2255856561669276,3.2729415242220616,94.62000122070313,94.31350021362304,0.1059418103270593,-0.13739521798394883,0.1871393276113409,3.8980200000000003,3.8260199999999998,1.2820512820512997,1.3334975192533571,3.240443071390131,2.354,2.369,0.0,1.954120645709434,1.3085690164626351,64.02000000000001,60.6915,-2.1911421911421813,-1.6869728209934598,3.704802155161757,3.1009,3.1439,1.313442516620733,0.7449450159630944,-0.6329717866344287,801.9828288112601,800.5490636577895,0.3851009368157632,-0.06415252810336725,0.11483030029828534
2017-11-14,3.65,1685.7773657933208,93.83000183105469,3.9525,2.38,60.91,3.073,804.1036827902836,3.9308064,3.694,3.779000000000001,-0.544959128065392,-1.1911207363291876,-3.4136014818735294,1682.3001943940756,1648.6110949801612,-0.7606348395113982,0.20669149363663486,2.254398925636658,94.40400085449218,94.3305004119873,-0.698482429501579,-0.6080240437290496,-0.5305798005382112,3.9122600000000007,3.8366,0.06329113924050667,1.028561496424052,3.020903925350571,2.3659999999999997,2.373,-0.8333333333333304,0.591715976331364,0.2949852507374562,63.33,60.85549999999999,-3.2252939307276796,-3.8212537501973842,0.08955640821290967,3.0961,3.137775,-1.6325224071703004,-0.746099932172728,-2.064360892670758,802.9616892074582,800.5020033564167,0.3288147664073149,0.14222267365615604,0.4499275977780881
2017-11-15,3.66,1672.0420233824568,93.80999755859375,3.95,2.33,61.25,3.062,800.9663293654289,3.802738,3.682,3.7655000000000003,0.273972602739736,-0.5975013579576305,-2.8017527552781862,1684.3874989656026,1651.2495154665964,-0.8147779587964865,-0.7329355977010787,1.2591984264706868,94.19199981689454,94.35300025939941,-0.021319697400146165,-0.40555701019554524,-0.575501255193589,3.92776,3.8472700000000004,-0.06325110689436864,0.5662260423243692,2.670205106478085,2.368,2.3725,-2.1008403361344463,-1.6047297297297258,-1.7913593256059013,62.788,61.015499999999996,0.5582006238712856,-2.44951264572848,0.3843285722480383,3.0872,3.1319749999999997,-0.35795639440286964,-0.8162736460222919,-2.2342132360571143,802.3216721726096,800.3953325740162,-0.3901677721420138,-0.16892760773999926,0.0713393454677469
2017-11-16,3.6,1686.2197974178544,93.93000030517578,3.9225,2.37,61.18,3.056,801.5310683010113,3.8560598,3.656,3.7485,-1.6393442622950838,-1.5317286652078765,-3.961584633853532,1686.632322261533,1654.805500669999,0.8479316809703485,-0.02445849271556222,1.8983679190778702,94.08999938964844,94.38600044250488,0.12792106353811672,-0.1700489802429095,-0.4831226402128075,3.935,3.8575600000000003,-0.6962025316455733,-0.31766200762389785,1.6834475678926486,2.3760000000000003,2.3745,1.7167381974249052,-0.2525252525252597,-0.18951358180668842,62.126,61.1835,-0.11428571428571122,-1.5227119080578166,-0.005720496539107778,3.0797,3.1264000000000003,-0.19595035924231397,-0.7695554761827372,-2.2517911975435068,801.2926263769007,800.097283998655,0.07050720047492298,0.02975715940238821,0.17920124602730514
2017-11-17,3.69,1680.1074176075444,93.66000366210938,3.92,2.35,61.34,3.0755,813.0765442235854,3.9244716,3.654,3.7360000000000007,2.499999999999991,0.9852216748768461,-1.231263383297665,1684.568972150399,1657.995254839164,-0.36249009883941863,-0.26484843402756475,1.3336686401147269,93.94400024414062,94.38400077819824,-0.28744452484743555,-0.3023041187230735,-0.7670761041272844,3.939,3.867475,-0.06373486297004405,-0.48235592790049076,1.3581212548238852,2.366,2.3724999999999996,-0.8438818565400852,-0.6762468300929858,-0.9483667017913366,61.524,61.355999999999995,0.2615233736515288,-0.2990702815161561,-0.02607731925157175,3.0781,3.1219,0.638089005235587,-0.08446769110815877,-1.4862743841891235,804.2291922463863,800.6745577947837,1.4404277487392703,1.100103311655043,1.5489422397733321
2017-11-20,3.71,1693.2246623509923,94.08000183105469,3.94,2.37,61.34,3.1005,799.7741197448755,3.999914,3.662,3.7265,0.5420054200542035,1.3107591480065572,-0.4427747215886235,1683.4742533104338,1661.6405429968047,0.7807384579092469,0.5791837339587991,1.9007792923266598,93.86200103759765,94.39100074768066,0.4484285207381644,0.23225670777007323,-0.3294794145231261,3.9370000000000003,3.87832,0.5102040816326481,0.07620015240028533,1.5903793395078303,2.3600000000000003,2.372,0.8510638297872353,0.4237288135593209,-0.0843170320404596,61.20399999999999,61.5385,0.0,0.22220769884322422,-0.3225622983985543,3.0734000000000004,3.1175249999999997,0.8128759551292442,0.8817596147588702,-0.5461062862366695,803.8903488850369,800.5773006045686,-1.6360605373768933,-0.5120386313718583,-0.10032521020599816
2017-11-21,3.68,1716.100809080047,93.94999694824219,3.95,2.36,62.28,3.1355,803.8526791971868,4.182724,3.668,3.7125,-0.8086253369272156,0.32715376226826187,-0.8754208754208737,1689.538941967779,1666.041285875434,1.3510402510492403,1.5721370163467085,3.0046988408398922,93.88600006103516,94.39050064086913,-0.1381854594836862,0.06816446239632512,-0.46668222928804015,3.9365,3.8897200000000005,0.2538071065989911,0.34294423980694155,1.5497259442839084,2.3560000000000003,2.3689999999999998,-0.42194092827004814,0.1697792869269854,-0.3799071338117299,61.477999999999994,61.7605,1.5324421258558818,1.3045317023976155,0.8411525165761269,3.0859,3.1144,1.1288501854539668,1.6073106711170126,0.6774980734651992,803.8401481664175,800.7686783975294,0.5099639200143669,0.0015588958573342637,0.38513004852152033
2017-11-22,3.73,1720.132780299852,93.22000122070312,3.985,2.32,62.92,3.144,810.4411213893818,4.281715,3.682,3.7005000000000003,1.3586956521739024,1.30363932645301,0.7971895689771635,1699.157093351258,1670.213753634908,0.23494955532166184,1.2344760252404496,2.9887807208092143,93.76800079345703,94.36600074768066,-0.7770045250147462,-0.5844206638904392,-1.2144199371569742,3.9435000000000002,3.90013,0.8860759493670711,1.0523646506910067,2.1760813101101784,2.354,2.363,-1.6949152542372947,-1.4443500424808908,-1.8197206940330113,61.812,61.983999999999995,1.0276172125883054,1.7925321943959238,1.5100671140939603,3.1022999999999996,3.11245,0.27108914048796784,1.3441640073494021,1.0136709023438106,805.7351065712082,801.276928120445,0.8196081648660813,0.5840647602162852,1.1436986324357745
2017-11-23,3.79,1667.8173276403984,92.76000213623047,3.9851,2.34,63.27,3.1765,807.3664997139156,4.010661,3.72,3.6965000000000003,1.608579088471851,1.8817204301075252,2.5294197213580283,1695.4765993957667,1671.3984468798953,-3.0413612983024474,-1.6313567385846217,-0.21425885887246254,93.53400115966797,94.27350082397462,-0.4934553512647821,-0.8275055208172177,-1.605433843567683,3.95602,3.91054,0.0025094102885869773,0.735082229109052,1.906642049435625,2.348,2.357,0.8620689655172376,-0.34071550255536653,-0.7212558336869068,62.23,62.209999999999994,0.5562619198982821,1.6712196689699699,1.7039061244173093,3.1264,3.1124,1.0337150127226469,1.6024820880245594,2.0595039198046505,806.9021928537891,801.9169451552937,-0.3793763167144415,0.05754190089437561,0.6795659564927448
2017-11-24,3.83,1667.8173276403984,92.76000213623047,3.9463,2.34,63.58,3.1765,807.3664997139156,4.0532722,3.748,3.7020000000000004,1.055408970976246,2.187833511205972,3.457590491626128,1693.0185814023375,1672.1633926484487,0.0,-1.488539702917191,-0.2599067188743365,93.35400085449218,94.16550102233887,0.0,-0.6362863003456676,-1.492583664770153,3.96128,3.916525,-0.9736267596798132,-0.37816059455529905,0.7602402640095374,2.346,2.3529999999999998,0.0,-0.2557544757033292,-0.5524861878453025,62.678,62.3815,0.4899636478583824,1.4391014391014423,1.92124267611391,3.1466000000000003,3.11605,0.0,0.9502319964405981,1.9399560340816135,805.7601839518551,802.4879419467063,0.0,0.19935407507756242,0.607929105498406
2017-11-27,3.84,1643.9996980286205,92.9000015258789,3.9501,2.32,63.25,3.142,811.8216028536435,3.91858,3.774,3.7090000000000005,0.26109660574411553,1.748807631160565,3.531949312483129,1683.1735885378632,1672.1658243891247,-1.4280718407857496,-2.3273826761547656,-1.6844098802697327,93.11800079345703,94.08600120544433,0.15092646229442064,-0.23411076883154136,-1.26054850282743,3.9633000000000003,3.9184550000000002,0.0962927298988836,-0.33305578684430515,0.8075887052422459,2.336,2.3505,-0.8547008547008517,-0.6849315068493178,-1.2975962561157184,63.06,62.5115,-0.519031141868509,0.3013003488740784,1.181382625596883,3.1549,3.1172,-1.086101054619859,-0.4088877618942055,0.7955857821121404,808.1696805736086,803.106002869269,0.551806786794673,0.45187568499760467,1.0852365631979
2017-11-28,3.84,1652.3438350655554,93.26000213623047,3.9601,2.34,63.56,3.0815,812.3862651936832,3.8991356,3.806,3.7165,0.0,0.8933263268523284,3.3230189694605228,1670.4221937349648,1672.4518624230009,0.5075510078828227,-1.0822628397307965,-1.2023082881628344,92.9800018310547,94.02150115966796,0.3875141059618503,0.30114035240023096,-0.8099200864112088,3.9653199999999997,3.921875,0.253158147894994,-0.13164133033398695,0.9746613545816851,2.332,2.3485,0.8620689655172376,0.34305317324185847,-0.3619331488184052,63.315999999999995,62.622,0.49011857707510487,0.38536862720324194,1.497876145763466,3.1441,3.115875,-1.9255251432208742,-1.9910308196304127,-1.1032214065069934,809.8763977729079,803.975048236043,0.06955497834189028,0.3099074658401202,1.0462037318315742
2017-11-29,3.95,1649.8946729635443,93.26000213623047,3.9101,2.37,63.74,3.06,804.4801498821578,3.817188,3.85,3.7299999999999995,2.864583333333348,2.5974025974025983,5.898123324396809,1656.3745722677036,1672.7417658357128,-0.14822351438216197,-0.39120977903492893,-1.3658469788224603,92.98800201416016,93.94350128173828,0.0,0.29251098655598273,-0.7275640530556626,3.9503399999999997,3.92423,-1.2625943789298266,-1.0186464962509523,-0.36007063806148265,2.3419999999999996,2.3485,1.2820512820512997,1.1955593509820783,0.9154779646582956,63.480000000000004,62.760000000000005,0.2831969792322253,0.4095778197857669,1.5615041427660792,3.1272999999999995,3.1114,-0.6977121531721586,-2.152016116138511,-1.6519894581217498,808.6842034714631,804.2260365100313,-0.9731965753557614,-0.5198634487057485,0.031597257560722625
2017-11-30,3.95,1631.3266996415541,93.01000213623047,3.8901,2.42,63.53,3.0555,798.8956454668077,3.7207003,3.882,3.7424999999999997,0.0,1.7516743946419444,5.544422177688713,1649.0764466679345,1672.3082989865084,-1.1254035561335751,-1.0763447056832853,-2.4506007277360853,93.03800201416016,93.8595012664795,-0.2680677613912219,-0.030095098049742752,-0.9050752654621408,3.93134,3.9251449999999997,-0.5114958696708527,-1.0490061912732052,-0.8928332583891696,2.3579999999999997,2.352,2.1097046413502074,2.6293469041560824,2.8911564625850428,63.532000000000004,62.897000000000006,-0.3294634452463141,-0.0031480198954936256,1.0064073008251517,3.1031,3.10665,-0.14705882352942234,-1.5339499210466956,-1.6464680604509785,806.9900326220416,804.1726992039426,-0.6941755388455761,-1.0030343409489162,-0.6562090136060017
2017-12-01,3.94,1632.222451281709,92.9000015258789,3.8852,2.37,64.57,3.084,802.4095425790791,3.8903465,3.904,3.7545,-0.25316455696202667,0.9221311475409832,4.940737781329063,1641.9574713961968,1672.0956668558824,0.054909396159064094,-0.5928911244095669,-2.384625255871209,93.06600189208984,93.75750122070312,-0.11826750653165519,-0.17836842975528233,-0.9145931617841163,3.9191200000000004,3.925325,-0.12596077221664892,-0.8655004184612958,-1.0222083521746583,2.364,2.3534999999999995,-2.066115702479332,0.2538071065989911,0.7010834926705067,63.73,63.0545,1.6370218794270253,1.3180605680213286,2.4034763577539975,3.0845999999999996,3.1046,0.9327442317133006,-0.019451468585862663,-0.6635315338529901,805.9986411950742,804.5585952071104,0.43984431911858746,-0.44529834574825733,-0.26710952326326476
2017-12-04,3.94,1639.1256912313609,93.19000244140625,3.8902,2.37,63.45,3.081,799.5859244967098,3.8898652,3.9240000000000004,3.7674999999999996,0.0,0.4077471967380175,4.57863304578634,1640.9826700367448,1671.4404579221755,0.4229349954248507,-0.11316260916651721,-1.9333483605504131,93.1240020751953,93.68100128173828,0.3121645971626341,0.07087363594795448,-0.5241178399186697,3.9071400000000005,3.9263649999999997,0.12869350355193543,-0.43356521650108615,-0.9210809489183958,2.3739999999999997,2.3560000000000003,0.0,-0.16849199663013792,0.5942275042444711,63.77,63.0135,-1.734551649372762,-0.5018033558099377,0.692708705277445,3.0724,3.1004,-0.09727626459143934,0.27991146986068305,-0.6257257128112537,803.5515055236875,804.3985909483984,-0.35189238568795744,-0.4935067633770718,-0.5982937446489478
2017-12-05,4.01,1638.1188780021107,93.37999725341797,3.8752,2.36,63.45,2.9375,791.6170008402531,3.7709963,3.9579999999999997,3.7815,1.7766497461928932,1.313794845881766,6.04257569747455,1638.1376786240558,1670.0997521802187,-0.06142379651763452,-0.0011476826514922323,-1.9149080248864636,93.14800109863282,93.60450096130371,0.20387896451787846,0.24906187148288073,-0.2398428553970433,3.8901600000000003,3.9260600000000005,-0.38558428872551564,-0.3845600180969466,-1.2954463253236237,2.378,2.358,-0.42194092827004814,-0.7569386038688064,0.08481764206953457,63.748000000000005,62.967999999999996,0.0,-0.4674656459810578,0.7654681743107794,3.0436,3.092425,-4.657578708211618,-3.486003417006178,-5.009822388578544,799.3976526530016,804.0189719499464,-0.9966313078200617,-0.9733143182152793,-1.5424973218748028
2017-12-06,3.9,1632.201763338642,93.61000061035156,3.8752,2.33,62.25,2.9535,792.3700116195438,3.9390714,3.9479999999999995,3.7905,-2.7431421446383997,-1.2158054711246091,2.888800949742776,1634.5990966990753,1668.6295653209097,-0.36121399630565376,-0.1466618552080745,-2.1830970000379923,93.21800079345704,93.54150085449218,0.24630902088098594,0.4205194421226466,0.07322926747341807,3.8831800000000003,3.926195,0.0,-0.20550167646105066,-1.2988402257147147,2.37,2.3585000000000003,-1.2711864406779627,-1.6877637130801704,-1.2083951664193404,63.45,62.88250000000001,-1.891252955082745,-1.891252955082745,-1.0058442332922635,3.0223000000000004,3.084775,0.5446808510638279,-2.2764120041028457,-4.255577797408239,796.9756250004787,803.4291518039399,0.09512311869142032,-0.5778863539185553,-1.3764922718531025
2017-12-07,3.9,1615.6586678126093,93.80000305175781,3.8927,2.37,62.37,2.956,784.2128927149214,3.8326235,3.938,3.7990000000000004,0.0,-0.9649568308786272,2.658594366938649,1631.4654903332862,1665.6627146646301,-1.0135447649678997,-0.9688726249090118,-3.002051160284802,93.3760009765625,93.50950088500977,0.20297237492512554,0.4540803533680471,0.31066593661459585,3.8837,3.9265149999999998,0.4515895953757232,0.23173777583231914,-0.8611962516378968,2.3600000000000003,2.3604999999999996,1.7167381974249052,0.4237288135593209,0.4024571065452509,63.217999999999996,62.7765,0.1927710843373509,-1.3413901104115888,-0.647535303815916,3.0024,3.0778999999999996,0.08464533604197744,-1.5454303224087473,-3.960492543617389,794.0390744501016,802.3059815757082,-1.0294583067259055,-1.237493474988638,-2.255135730790947
2017-12-08,3.86,1631.1121983371252,93.9000015258789,3.9102,2.38,63.86,2.9705,781.3264662876209,3.816548,3.9219999999999997,3.807,-1.025641025641022,-1.5808261091279863,1.3921723141581355,1631.2434397443697,1662.6971161733259,0.956484858614215,-0.008045482608354249,-1.8996194513702491,93.5760009765625,93.4850009918213,0.10660817789729382,0.3462432097280477,0.4439220512966857,3.8887,3.9270250000000004,0.4495594317568852,0.5528839972227306,-0.42844137737856336,2.3619999999999997,2.3594999999999997,0.42194092827003704,0.7620660457239747,0.8688281415554222,63.076,62.751999999999995,2.3889690556357257,1.2429450187075863,1.7656807751147419,2.9797000000000002,3.07225,0.49052774018945033,-0.3087559150250163,-3.3119049556514013,789.8224591918099,801.4526191462814,-0.36806668879261206,-1.0756838838037908,-2.511209318911356
2017-12-11,3.87,1659.3762839227822,93.87000274658203,3.9303,2.39,65.62,3.0035,780.3852602601644,3.8413205,3.908,3.817,0.2590673575129543,-0.9723643807574178,1.3885250196489451,1635.293558282654,1660.7310175419238,1.7328106315722236,1.4726851651895023,-0.08157453584185514,93.71200103759766,93.45400123596191,-0.03194758126665587,0.16860349500058547,0.4451403954013333,3.8967199999999997,3.9260399999999995,0.5140402025471724,0.861750395204175,0.10850628113825422,2.366,2.359,0.42016806722691147,1.0143702451394843,1.3141161509114152,63.510000000000005,62.88599999999999,2.7560288130284993,3.322311447016224,4.347549534077566,2.9642,3.066225,1.1109240868540704,1.325821469536459,-2.0456750564619486,785.9823263445007,800.3984653317085,-0.12046258101667817,-0.712110933889254,-2.500405227944813
2017-12-12,3.85,1638.6578533609559,94.0999984741211,3.9378,2.4,64.96,3.0145,777.1224433365325,3.8320653,3.876,3.8269999999999995,-0.5167958656330796,-0.6707946336429238,0.6009929448654416,1635.4013533544228,1658.3750419203054,-1.2485673540450826,0.1991254318001845,-1.188946291456372,93.85600128173829,93.46750106811524,0.24501514947217196,0.25996972921356054,0.6767030238081562,3.9092400000000005,3.9253050000000003,0.190825127852845,0.730576787303927,0.3183192134114332,2.374,2.36,0.4184100418409997,1.0951979780960297,1.6949152542372836,63.812,63.088499999999996,-1.0057909174032487,1.7990346643264488,2.9664677397623906,2.9796,3.0633,0.36623938738138406,1.1712981608269502,-1.5930532432344213,783.0834148437565,799.049403359021,-0.4181033509710552,-0.7612179487179405,-2.744130704598813
2017-12-13,3.88,1654.1611075381059,93.43000030517578,3.9303,2.36,63.66,3.0445,781.4520063819406,3.8308382,3.872,3.838,0.7792207792207684,0.20661157024792765,1.094319958311618,1639.7932221943156,1657.480996128088,0.9460946435738249,0.8762010447002311,-0.2002972340399367,93.82000122070312,93.44850120544433,-0.7120065672791442,-0.4156905888435203,-0.019797963616208225,3.92026,3.9243200000000003,-0.19046167911016543,0.2561054623928083,0.15238308802543177,2.38,2.3615,-1.6666666666666718,-0.8403361344537785,-0.06351894982002948,64.094,63.209,-2.0012315270935943,-0.6771304646300713,0.7135059880713168,2.9978,3.062425,0.9951899154088562,1.557809059977333,-0.5853204568275094,780.8998137962359,798.0736872098465,0.5571275263675846,0.07071234695528172,-2.082725078434444
2017-12-14,3.93,1647.8665286502603,93.48999786376953,3.9104,2.35,63.72,3.0635,786.7227754548052,3.7968276,3.878,3.8545000000000003,1.2886597938144506,1.3408973697782267,1.958749513555591,1646.2347943618456,1655.5633326897084,-0.38052997734989713,0.0991191714573958,-0.46490544260505695,93.75800018310547,93.42650108337402,0.06421658824551368,-0.28584474798154513,0.06796442086474119,3.9238,3.923715,-0.5063226725695147,-0.3415056832662189,-0.33934676703073485,2.376,2.3605,-0.4237288135593098,-1.094276094276081,-0.44482101249735395,64.364,63.336,0.09425070688029447,-1.000559318873917,0.6062902614626831,3.0193,3.0628,0.6240762029889879,1.463915477097344,0.02285490400939505,781.4017903442126,797.3332725675361,0.674484041223189,0.6809537905267282,-1.330748067061538
2017-12-15,3.98,1629.4923686896327,93.93000030517578,3.8904,2.35,63.81,3.125,787.0365107972906,3.7820485,3.9019999999999997,3.8689999999999998,1.2722646310432628,1.9989748846745314,2.868958387180154,1645.9108284323477,1653.0325802438128,-1.1150271967522496,-0.9975303314793016,-1.4240621652301666,93.76399993896484,93.44000091552735,0.4706411931332033,0.1770406193410956,0.5244000265918203,3.9198399999999998,3.9222349999999997,-0.5114566284779021,-0.7510510633086942,-0.8116545795955554,2.37,2.3605,0.0,-0.8438818565400852,-0.44482101249735395,64.354,63.459500000000006,0.14124293785311437,-0.8453242999658106,0.5523207715156797,3.0502000000000002,3.065275,2.007507752570592,2.4522982099534296,1.9484385577150487,782.5437992461467,796.0312708962215,0.039878766990586456,0.574116305754635,-1.1299505971422485
2017-12-18,3.99,1629.526848594744,93.69999694824219,3.8904,2.39,64.45,3.1375,791.9934679321271,3.7453654,3.9260000000000006,3.883,0.2512562814070307,1.6301579215486361,2.7556013391707435,1639.94094136674,1649.8476895560004,0.002115990585394023,-0.6350285250709575,-1.2316798144394236,93.72999877929688,93.42100067138672,-0.24486676906879667,-0.03200878208196034,0.2986440680900593,3.91186,3.919755,0.0,-0.5485881396573467,-0.7488988469942615,2.37,2.3615000000000004,1.7021276595744705,0.8438818565400741,1.206860046580549,64.11999999999999,63.614999999999995,1.0029775897194781,0.5146600124766199,1.3125835101784222,3.077,3.067125,0.40000000000000036,1.9662008449788937,2.294494029424965,784.8654407805392,795.642238305584,0.6298255629608507,0.9081846111735015,-0.4585943528120584
2017-12-19,3.99,1649.2787529743455,93.47000122070312,3.9005,2.46,63.69,3.143,791.0522619046707,3.8156555,3.9539999999999997,3.8985,0.0,0.9104704097117056,2.347056560215477,1642.0651212894177,1646.5065867507153,1.2121251267897204,0.4393024120300071,0.16836654319742905,93.60399932861328,93.39700088500976,-0.24545969586968752,-0.1431542550225151,0.07816132745337434,3.9044000000000003,3.9172799999999994,0.259613407361714,-0.09988730662842116,-0.42835845280396745,2.382,2.3665000000000003,2.9288702928870203,3.2745591939546514,3.950982463553765,63.866,63.685500000000005,-1.1792086889061415,-0.2755769893213911,0.0070659726311150806,3.1027,3.0675,0.17529880478086568,1.2988687272375676,2.4612876935615313,787.6514044941669,795.0022174409581,-0.11884012502197949,0.4317718969456985,-0.49684836716582526
2017-12-20,3.99,1645.5331464401495,93.3499984741211,3.9005,2.49,64.43,3.187,794.4406189226224,3.7868395,3.9760000000000004,3.9115,0.0,0.35211267605632646,2.0069027227406444,1640.3395290698263,1642.7766050577302,-0.22710572894006908,0.31661843650554466,0.16779770139971895,93.58799896240234,93.40350074768067,-0.12838637532343045,-0.25430663217498317,-0.05728080118121426,3.89844,3.913055,0.0,0.05284164948031744,-0.3208490552777832,2.4080000000000004,2.375,1.2195121951219523,3.405315614617943,4.842105263157914,64.02000000000001,63.761,1.161877845815673,0.6404248672289947,1.0492307209736484,3.1312,3.0696499999999998,1.3999363665287978,1.7820643842616057,3.8229114068379255,790.2491270023031,794.2021923176202,0.4283354186730204,0.5304013351105086,0.030020894843718615
2017-12-21,4.05,1659.9308659755202,93.27999877929688,3.9005,2.48,64.64,3.21,795.1936297019131,3.9312131,4.0,3.9244999999999997,1.5037593984962294,1.2499999999999956,3.197859599949049,1642.7523965348785,1642.3822819744862,0.8749577343074355,1.045712639158336,1.0684835189488817,93.5459991455078,93.42950057983398,-0.07498628384404737,-0.2843524775412165,-0.16001562633780608,3.8964600000000003,3.9088249999999993,0.0,0.10368385662882229,-0.21297960384513148,2.434,2.382,-0.40160642570281624,1.8898931799506968,4.114189756507125,64.204,63.829499999999996,0.3259351233897201,0.6790854152389336,1.2697890473840623,3.1605,3.071325,0.7216818324442986,1.5662078785002365,4.515152255134192,791.9432978517249,793.5935488170201,0.09478503003934602,0.41042481942903386,0.20162473438427586
2017-12-22,4.16,1656.4883196599335,93.3499984741211,3.878,2.48,64.61,3.2295,800.2761269310694,3.927833,4.036,3.941,2.716049382716057,3.07234886025769,5.556965237249445,1648.1515867289386,1641.815831575463,-0.20739094537913783,0.5058231899373267,0.8936744184267598,93.42999877929688,93.45900039672851,0.0750425554676859,-0.08562592980950745,-0.11663073876749808,3.8939800000000004,3.90541,-0.5768491219074523,-0.41037704353901194,-0.7018469251627746,2.46,2.3890000000000002,0.0,0.8130081300812941,3.8091251569694284,64.364,63.88099999999999,-0.04641089108911034,0.3822012305015221,1.1411843897246587,3.1813999999999996,3.073975,0.6074766355140149,1.511912994279263,5.059410047251522,794.5912210784805,793.2390301778778,0.6391521560681346,0.7154503726926276,0.8871344557533467
2017-12-25,4.18,1653.6043478071506,93.26000213623047,3.8731,2.47,66.03,3.2715,805.7350912520997,3.9162502,4.074,3.9579999999999997,0.48076923076922906,2.6018654884634174,5.608893380495195,1652.9670865714202,1642.2960640643894,-0.17410155076583722,0.03855256652764982,0.6885654779428263,93.34199981689453,93.4770004272461,-0.09640743370292748,-0.08784650085160717,-0.23214083680885844,3.89052,3.90156,-0.1263537906137202,-0.44775505587941744,-0.7294518090199764,2.476,2.3965000000000005,-0.40322580645160144,-0.24232633279481774,3.0669726684748433,64.67999999999999,64.02,2.19780219780219,2.08719851576995,3.139643861293351,3.2082,3.08045,1.3005109150023397,1.973069010660189,6.202015939229666,797.339545742475,792.9347045978006,0.6821350952907368,1.0529448281417997,1.6143052612121123
2017-12-26,4.18,1653.6043478071506,93.26000213623047,3.8881,2.47,66.03,3.2715,805.7350912520997,3.8746228,4.112,3.975,0.0,1.6536964980544688,5.157232704402515,1653.8322055379808,1642.3590897014697,0.0,-0.013777560387762122,0.6847015476819429,93.3,93.4770004272461,0.0,-0.042870164811925626,-0.23214083680885844,3.88804,3.89796,0.38728666959284563,0.0015431940000532052,-0.2529528266067338,2.478,2.403,0.0,-0.32284100080710587,2.7881814398668325,65.148,64.14349999999999,0.0,1.3538404862774023,2.9410618379103193,3.2338999999999998,3.08995,0.0,1.1626828287826019,5.875499603553469,800.2761116119608,792.6021459007214,0.0,0.6821370225762458,1.6569404233007567
2017-12-27,4.26,1629.9064904973382,93.02999877929688,3.8956,2.42,66.03,3.274,807.554771557624,3.8659213,4.166,3.9905,1.9138755980861344,2.2563610177628313,6.753539656684615,1650.7068743494187,1641.3596805781592,-1.4331032293933066,-1.260089491072025,-0.6977867323258891,93.23600006103516,93.46550025939942,-0.24662594002261562,-0.22094607405233058,-0.4659489104470338,3.8870599999999995,3.897235,0.19289627324399206,0.2197033233343637,-0.04195282039701764,2.464,2.4055,-2.0242914979757165,-1.7857142857142905,0.6027852837247938,65.468,64.25800000000001,0.0,0.8584346550986721,2.7576332907964574,3.2512999999999996,3.10065,0.07641754546843238,0.698182265555336,5.590763227065287,802.8989421389612,792.7558769844948,0.22584101465614737,0.5798773885863584,1.8667656718511783
2017-12-28,4.69,1641.1077413557061,92.5999984741211,3.8857,2.43,66.8,3.3085,812.0097981018093,3.9051666,4.294,4.0275,10.093896713615047,9.222170470423862,16.449410304158917,1646.9422494254559,1641.8487326638665,0.6872327292193336,-0.35426306367360993,-0.045131521157748544,93.1,93.44500007629395,-0.46221682340973347,-0.5370585670020467,-0.9042769559451491,3.8841,3.8970150000000006,-0.25413286785090916,0.04119358409926388,-0.2903504348841568,2.4539999999999997,2.406,0.4132231404958775,-0.9779951100244322,0.9975062344139696,65.9,64.42150000000001,1.1661366045736754,1.3657056145675028,3.692090373555401,3.271,3.1132999999999997,1.053756872327427,1.1464383980434256,6.269874409790255,806.2621758189405,793.4115846162448,0.5516686546960026,0.7128726182684675,2.344081413250354
2017-12-29,4.59,1645.8245923749323,92.12000274658203,3.8807,2.4,66.73,3.3005,819.6649864157805,3.998729,4.38,4.0600000000000005,-2.1321961620469176,4.794520547945202,13.054187192118217,1644.8095039684554,1642.528839718528,0.28741872945707847,0.0617146486585618,0.20065112871741064,92.85400085449218,93.4060001373291,-0.5183539259703163,-0.7904862484712671,-1.3767824217463032,3.88464,3.89679,-0.12867694366522908,-0.10142509988055881,-0.41290395428031923,2.438,2.4075,-1.2345679012345734,-1.5586546349466879,-0.31152647975078995,66.324,64.52950000000001,-0.10479041916167109,0.6121464326638959,3.410068263352395,3.2852000000000006,3.1241250000000003,-0.24180142058334297,0.4657250700109472,5.645580762613522,810.1399477158827,794.2743568080799,0.9427458057607474,1.1757275674101564,3.1967077106375363
2017-12-30,4.61,1667.791921394527,91.8499984741211,3.8807,2.46,66.65,3.278,824.3082082081315,4.784398,4.466,4.093500000000001,0.43572984749455923,3.2243618450515044,12.61756443141564,1647.6470186859308,1643.9621512266858,1.334730877237389,1.2226467489779846,1.4495327736140373,92.5720001220703,93.33899993896485,-0.29310059097991115,-0.7799352363534795,-1.5952618581915656,3.8861599999999994,3.896315,0.0,-0.14049858986762143,-0.4007632853093246,2.436,2.412,2.5000000000000133,0.9852216748768461,1.990049751243772,66.44800000000001,64.6895,-0.11988610819720913,0.30399711052251366,3.0306309370145224,3.2865,3.133975,-0.6817148916830718,-0.2586338049596848,4.595601432685337,813.854571107089,795.510470993651,0.5664779964134947,1.2844600831844577,3.6200324526853844
2017-12-31,4.61,1667.791921394527,91.8499984741211,3.8807,2.46,66.65,3.278,824.3082082081315,4.8154273,4.5520000000000005,4.1235,0.0,1.2741652021089678,11.798229659270042,1650.484533403406,1645.445803396307,0.0,1.0486246699587198,1.3580585852233096,92.28999938964844,93.2625,0.0,-0.4767590404564426,-1.5145439226687096,3.8846800000000004,3.8965899999999998,0.0,-0.10245374136351737,-0.40779245442809087,2.434,2.417,0.0,1.0682004930156141,1.77906495655773,66.572,64.8495,0.0,0.11716637625429627,2.776428499834238,3.2878,3.151,0.0,-0.29807165886002185,4.030466518565534,817.5691944982954,797.145031362045,0.0,0.8242744167937577,3.407557693695229
