Date,Year,Actual,Features_only,Triggers_only,Features_and_triggers
2015-01-01,2015,3.65,3.407654,3.3720334,3.407654
2015-01-02,2015,3.65,3.427916,3.401768,3.427916
2015-01-04,2015,3.65,3.447508,3.4307249,3.447508
2015-01-05,2015,3.65,3.5371354,3.5181313,3.5371354
2015-01-06,2015,3.75,3.634537,3.5533266,3.634537
2015-01-07,2015,3.98,3.7021382,3.6393445,3.7021382
2015-01-08,2015,3.8,3.5451777,3.678483,3.7240536
2015-01-09,2015,3.74,3.6287842,3.694576,3.7219336
2015-01-12,2015,3.76,3.6016488,3.6838958,3.9625812
2015-01-13,2015,3.72,3.9883049,3.6795487,3.9883049
2015-01-14,2015,3.59,4.079337,3.5817018,4.079337
2015-01-15,2015,3.63,3.6338785,3.7183688,3.800977
2015-01-16,2015,3.77,3.5832498,3.6470554,3.5832498
2015-01-19,2015,3.6,3.6023438,3.5929146,3.6023438
2015-01-20,2015,3.64,3.6116192,3.5302923,3.6116192
2015-01-21,2015,3.77,3.7093458,3.869038,3.799946
2015-01-22,2015,3.92,3.8441584,3.9947448,3.8851388
2015-01-23,2015,3.84,3.7860377,3.7156305,3.937812
2015-01-26,2015,3.87,3.7436411,3.7507126,3.7036738
2015-01-27,2015,3.79,3.765229,3.8087976,3.765229
2015-01-28,2015,3.74,3.925136,3.796715,3.925136
2015-01-29,2015,3.65,3.7744484,3.5561635,3.7744484
2015-01-30,2015,3.59,3.749799,3.6101582,3.749799
2015-02-02,2015,3.58,3.7633233,3.6013846,3.7633233
2015-02-03,2015,3.63,3.5498743,3.1519592,3.5498743
2015-02-04,2015,3.54,3.551591,3.3949616,3.551591
2015-02-05,2015,3.49,3.5517366,3.4805334,3.5517366
2015-02-06,2015,3.34,3.5485942,3.474713,3.5485942
2015-02-09,2015,3.31,3.3931363,3.3906446,3.3931363
2015-02-10,2015,3.37,3.472263,3.4253223,3.472263
2015-02-11,2015,3.38,3.447572,3.3454087,3.447572
2015-02-12,2015,3.37,3.67851,3.3667684,3.67851
2015-02-13,2015,3.44,3.5740879,3.3165996,3.5740879
2015-02-15,2015,3.46,3.662707,3.3772466,3.662707
2015-02-16,2015,3.46,3.5955358,3.380011,3.467929
2015-02-17,2015,3.49,3.5490692,3.38953,3.4462652
2015-02-18,2015,3.42,3.681315,3.3791091,3.4397266
2015-02-19,2015,3.42,3.588058,3.4129539,3.4358315
2015-02-20,2015,3.42,3.4566705,3.4415123,3.4121459
2015-02-23,2015,3.42,3.5391917,3.470418,3.468926
2015-02-24,2015,3.42,3.2556047,3.3727121,3.2556047
2015-02-25,2015,3.42,3.365954,3.4190676,3.365954
2015-02-26,2015,3.52,3.4625814,3.4234362,3.4625814
2015-02-27,2015,3.55,3.519564,3.4902391,3.519564
2015-02-28,2015,3.64,3.5158424,3.5010707,3.5158424
2015-03-02,2015,3.64,3.4913,3.4393969,3.4913
2015-03-03,2015,3.55,3.4420376,3.3881154,3.4420376
2015-03-04,2015,3.54,3.6217713,3.5646522,3.6217713
2015-03-05,2015,3.46,3.5612738,3.5590513,3.5612738
2015-03-06,2015,3.5,3.4074042,3.358955,3.4074042
2015-03-09,2015,3.49,3.5125117,3.2658956,3.5125117
2015-03-10,2015,3.47,3.5754154,3.5389714,3.5754154
2015-03-11,2015,3.45,3.4722426,3.4345171,3.4722426
2015-03-12,2015,3.48,3.5531282,3.5351229,3.5531282
2015-03-13,2015,3.5,3.6443472,3.5821795,3.6443472
2015-03-16,2015,3.57,3.7643895,3.664293,3.7643895
2015-03-17,2015,3.67,3.6498325,3.652211,3.6498325
2015-03-18,2015,3.86,3.696133,3.7288837,3.696133
2015-03-19,2015,3.91,3.5782125,3.7470171,3.5782125
2015-03-20,2015,3.88,3.7410617,3.873254,3.932076
2015-03-23,2015,4.0,4.0163383,3.85953,4.0163383
2015-03-24,2015,4.4,4.0991383,3.933374,4.0991383
2015-03-25,2015,4.52,4.0751967,4.06474,4.0751967
2015-03-26,2015,4.41,4.0890326,3.9276948,4.0890326
2015-03-27,2015,4.43,4.0944304,4.5261064,4.4241543
2015-03-30,2015,4.45,4.496951,4.458103,4.496951
2015-03-31,2015,4.32,4.452175,4.431446,4.452175
2015-04-01,2015,4.36,4.789136,4.549286,4.789136
2015-04-02,2015,4.44,4.634031,4.55493,4.5920887
2015-04-03,2015,4.46,4.869787,4.626311,4.68449
2015-04-06,2015,4.56,4.709155,4.6643934,4.620605
2015-04-07,2015,4.56,4.783341,4.6832786,4.74403
2015-04-08,2015,4.47,4.645014,4.7352934,4.6624193
2015-04-09,2015,4.33,4.514905,4.2729897,4.3592057
2015-04-10,2015,4.38,4.657853,4.34347,4.40338
2015-04-13,2015,4.47,4.702511,4.449948,4.47566
2015-04-14,2015,4.62,4.6872177,4.3926053,4.4106355
2015-04-15,2015,4.6,4.665554,4.2633247,4.353018
2015-04-16,2015,4.86,4.8359156,4.494488,4.5239863
2015-04-17,2015,5.0,4.9148583,4.591891,4.622135
2015-04-20,2015,5.2,4.655969,4.7225695,4.668296
2015-04-21,2015,5.24,4.7999372,4.853934,4.8452206
2015-04-22,2015,5.76,4.7156615,5.0787816,5.0739865
2015-04-23,2015,5.76,4.870374,4.9985056,5.010378
2015-04-24,2015,5.76,4.9684253,5.050484,5.090685
2015-04-27,2015,5.76,5.2087173,5.4802504,5.607963
2015-04-28,2015,5.76,4.863578,5.622253,5.451922
2015-04-29,2015,5.76,4.8738866,5.833059,5.952024
2015-04-30,2015,5.76,4.898857,6.0634675,6.2863884
2015-05-01,2015,5.76,5.994559,6.043867,5.994559
2015-05-04,2015,5.76,6.041459,6.0440354,6.041459
2015-05-05,2015,5.76,5.5350018,5.718274,5.5350018
2015-05-06,2015,5.76,5.4115133,5.5782185,5.566484
2015-05-07,2015,5.76,5.4135184,5.4254932,5.344134
2015-05-08,2015,5.76,5.6098886,5.7672653,5.804424
2015-05-11,2015,5.76,5.9307766,6.067264,6.035989
2015-05-12,2015,5.76,5.89784,6.0402637,5.957873
2015-05-13,2015,5.76,5.754964,6.050033,5.918211
2015-05-14,2015,5.76,5.607291,5.8867617,5.910872
2015-05-15,2015,5.76,5.792608,5.7736697,5.792608
2015-05-18,2015,5.76,5.758247,5.7116585,5.758247
2015-05-19,2015,5.76,6.1012015,6.142069,6.1012015
2015-05-20,2015,5.76,5.9184957,5.926395,5.9184957
2015-05-21,2015,5.76,6.02202,6.0608582,6.02202
2015-05-22,2015,5.76,6.1109304,5.9975996,5.99118
2015-05-25,2015,5.76,6.4474077,6.364374,6.239537
2015-05-26,2015,5.76,5.882454,5.9435787,5.882454
2015-05-27,2015,5.76,5.851939,5.907964,5.851939
2015-05-28,2015,6.34,5.3900113,5.430052,5.3900113
2015-05-29,2015,6.97,5.306772,5.4637504,5.7029424
2015-06-01,2015,7.18,5.5962787,5.7359476,5.703143
2015-06-02,2015,6.97,5.979896,6.9742317,6.8015695
2015-06-03,2015,6.72,5.9806156,6.804922,6.8615017
2015-06-04,2015,6.52,5.893145,6.519858,6.6404366
2015-06-05,2015,6.78,6.0342546,6.5247536,6.812481
2015-06-08,2015,6.64,6.110593,7.1093683,7.0836043
2015-06-09,2015,6.57,6.143336,7.0376267,7.1395445
2015-06-10,2015,6.55,6.967093,7.0117044,6.9670935
2015-06-11,2015,6.46,7.1605096,7.1391373,7.2628055
2015-06-12,2015,6.44,6.81368,6.9082875,6.81368
2015-06-15,2015,6.52,6.752989,6.666612,6.752989
2015-06-16,2015,6.3,6.7593865,6.280956,6.7593865
2015-06-17,2015,6.29,6.784081,6.407095,6.784081
2015-06-18,2015,6.18,6.9954114,6.010787,6.9954114
2015-06-19,2015,5.6,7.078912,6.020424,7.078912
2015-06-22,2015,5.58,6.7685456,5.8236475,6.164413
2015-06-23,2015,5.58,6.4313087,5.6798897,5.6586623
2015-06-24,2015,5.88,5.849703,5.7223725,5.849703
2015-06-25,2015,5.58,5.5209546,5.590046,5.5313478
2015-06-26,2015,5.04,4.626866,5.0899553,4.938996
2015-06-29,2015,4.75,4.634872,4.9302044,5.0489182
2015-06-30,2015,5.12,5.091816,5.2474804,5.1428714
2015-07-01,2015,4.83,4.4913664,4.8891234,4.82167
2015-07-02,2015,4.49,4.38696,4.595206,4.7107186
2015-07-03,2015,4.08,4.7468576,4.342972,4.080306
2015-07-06,2015,4.28,4.3057775,4.503858,4.3057775
2015-07-07,2015,4.1,3.9848716,3.966374,3.9848716
2015-07-08,2015,3.69,4.020513,3.649209,4.020513
2015-07-09,2015,3.97,4.312808,4.185108,4.312808
2015-07-10,2015,4.37,4.488867,4.456993,4.488867
2015-07-13,2015,4.81,4.7348285,4.587742,4.7348285
2015-07-14,2015,4.57,4.656714,4.630417,4.708891
2015-07-15,2015,4.11,4.3118777,4.2413955,4.382511
2015-07-16,2015,4.24,4.449367,4.317738,4.2021427
2015-07-17,2015,4.45,4.599484,4.3793373,4.5307083
2015-07-20,2015,4.42,4.4090886,4.3478875,4.3254356
2015-07-21,2015,4.45,4.5471425,4.285368,4.5471425
2015-07-22,2015,4.36,4.5886583,4.3194866,4.5886583
2015-07-23,2015,4.5,4.999178,4.7014365,4.999178
2015-07-24,2015,4.39,4.781412,4.499297,4.675351
2015-07-27,2015,3.95,4.5253882,3.9942675,4.3148417
2015-07-28,2015,3.88,4.2618237,4.263824,4.171362
2015-07-29,2015,4.13,4.586355,4.4877243,4.5036554
2015-07-30,2015,3.99,4.3017983,3.9943528,4.2326927
2015-07-31,2015,4.01,4.335374,4.0208726,4.1368504
2015-08-03,2015,4.0,3.6881437,3.8855689,3.6881437
2015-08-04,2015,4.11,4.0452466,4.114984,4.0452466
2015-08-05,2015,4.0,4.00603,3.9719484,4.00603
2015-08-06,2015,3.95,3.9783435,4.018356,3.9783435
2015-08-07,2015,4.04,4.145151,4.181854,4.145151
2015-08-10,2015,4.22,4.346669,4.229151,4.346669
2015-08-11,2015,4.64,4.3173237,4.221264,4.3173237
2015-08-12,2015,4.71,4.325343,4.2961693,4.325343
2015-08-13,2015,4.65,4.445226,4.326848,4.445226
2015-08-14,2015,4.52,4.332897,4.256728,4.332897
2015-08-17,2015,4.57,4.318089,4.248363,4.318089
2015-08-18,2015,4.11,3.9688911,3.8331754,3.9688911
2015-08-19,2015,4.25,4.342621,4.2638817,4.342621
2015-08-20,2015,4.26,3.9070656,3.869574,3.9070656
2015-08-21,2015,4.17,3.6609995,4.1424093,3.6609995
2015-08-24,2015,3.75,3.2125316,3.6152122,3.5541127
2015-08-25,2015,3.38,3.3649173,3.2185922,3.3649173
2015-08-26,2015,3.37,3.3849165,3.0137436,3.3849165
2015-08-27,2015,3.49,3.3082886,3.2658222,3.3082886
2015-08-28,2015,3.72,3.4692926,3.4234283,3.4692926
2015-08-31,2015,3.56,3.3407004,3.43698,3.3407004
2015-09-01,2015,3.65,3.3552125,3.4682543,3.3552125
2015-09-02,2015,3.56,3.2656329,3.3335917,3.2656329
2015-09-03,2015,3.59,3.3668375,3.3834713,3.3668375
2015-09-04,2015,3.59,3.586297,3.485023,3.586297
2015-09-06,2015,3.59,3.5077639,3.450866,3.5077639
2015-09-07,2015,3.59,3.3056781,3.5898778,3.3056784
2015-09-08,2015,3.64,3.2700658,3.547469,3.4317832
2015-09-09,2015,3.75,3.5114427,3.5150235,3.561011
2015-09-10,2015,3.64,3.2476037,3.3924108,3.506372
2015-09-11,2015,3.6,3.4157202,3.563753,3.667677
2015-09-14,2015,3.63,3.2797024,3.10369,3.4130378
2015-09-15,2015,3.35,3.2817893,3.0509424,3.2817893
2015-09-16,2015,3.59,3.3370616,3.5353384,3.3534687
2015-09-17,2015,3.5,3.7199485,3.5278268,3.7199485
2015-09-18,2015,3.51,3.7311084,3.6181128,3.7311084
2015-09-21,2015,3.55,3.7025726,3.6272283,3.7025726
2015-09-22,2015,3.57,3.5220869,3.589441,3.5220869
2015-09-23,2015,3.44,3.3896823,3.4700444,3.3896823
2015-09-24,2015,3.47,3.4755626,3.6531212,3.4755626
2015-09-25,2015,3.51,3.6769745,3.664135,3.6769745
2015-09-28,2015,3.47,3.7201567,3.6545608,3.7201567
2015-09-29,2015,3.37,3.5774193,3.5553367,3.5774193
2015-09-30,2015,3.38,3.2470248,3.493256,3.2470248
2015-10-01,2015,3.48,3.5382595,3.5402315,3.5382595
2015-10-02,2015,3.48,3.5625143,3.6441011,3.5625143
2015-10-05,2015,3.48,3.5682762,3.6078305,3.5682762
2015-10-06,2015,3.48,3.6788535,3.6327727,3.6788535
2015-10-07,2015,3.48,3.6488297,3.5842898,3.6488297
2015-10-08,2015,3.48,3.697851,3.6083598,3.697851
2015-10-09,2015,3.55,3.7241452,3.6946995,3.7241452
2015-10-10,2015,3.74,3.9380414,3.8304784,3.9380414
2015-10-12,2015,3.74,3.9430263,3.8285267,3.8485553
2015-10-13,2015,3.7,3.9098573,3.8628983,3.8645911
2015-10-14,2015,3.67,3.927766,3.7909598,3.599129
2015-10-15,2015,3.74,3.9686413,3.907602,3.9686413
2015-10-16,2015,3.74,3.9703598,3.838146,3.9703598
2015-10-19,2015,3.7,3.7817996,3.7517478,3.7817996
2015-10-20,2015,3.73,3.9141593,3.8338935,3.9141593
2015-10-21,2015,3.73,3.6893845,3.7327924,3.6893845
2015-10-22,2015,3.77,3.7557027,3.7587917,3.8467507
2015-10-23,2015,3.78,3.7721004,3.851962,3.6370656
2015-10-26,2015,3.77,3.8552918,3.781364,3.80621
2015-10-27,2015,3.73,3.9402773,3.810198,3.8215961
2015-10-28,2015,3.71,3.7563632,3.76858,3.6257882
2015-10-29,2015,3.69,3.7304955,3.8231442,3.7740562
2015-10-30,2015,3.65,3.6892006,3.5588744,3.6185417
2015-11-02,2015,3.56,3.5817423,3.487635,3.5322301
2015-11-03,2015,3.56,3.61409,3.5541904,3.6057177
2015-11-04,2015,3.68,3.6512847,3.625927,3.6512847
2015-11-05,2015,3.73,3.716203,3.6405487,3.716203
2015-11-06,2015,3.78,3.7496655,3.702514,3.7496655
2015-11-09,2015,3.79,3.7665005,3.715507,3.7659674
2015-11-10,2015,3.88,3.7532372,3.6876156,3.763489
2015-11-11,2015,3.81,3.8251905,3.7801573,3.8833451
2015-11-12,2015,3.77,3.8482559,3.8683531,3.8660288
2015-11-13,2015,3.67,3.6935387,3.7323353,3.6845126
2015-11-16,2015,3.79,3.7921627,3.790518,3.7656431
2015-11-17,2015,3.74,3.766092,3.81583,3.7167459
2015-11-18,2015,3.69,3.620974,3.651056,3.5829775
2015-11-19,2015,3.72,3.6934314,3.7662382,3.7273488
2015-11-20,2015,3.73,3.8003824,3.7594414,3.837641
2015-11-23,2015,3.68,3.7266371,3.7636735,3.7266371
2015-11-24,2015,3.66,3.6160698,3.6773667,3.6160698
2015-11-25,2015,3.72,3.7827563,3.6946602,3.7827563
2015-11-26,2015,3.69,3.6017425,3.4603274,3.6017425
2015-11-27,2015,3.49,3.5053036,3.4494188,3.5053036
2015-11-30,2015,3.46,3.474792,3.5379732,3.474792
2015-12-01,2015,3.48,3.5335698,3.531973,3.5335698
2015-12-02,2015,3.55,3.686711,3.69892,3.686711
2015-12-03,2015,3.56,3.6280441,3.6661046,3.6280441
2015-12-04,2015,3.51,3.57663,3.6331832,3.57663
2015-12-07,2015,3.55,3.8074198,3.6771336,3.8074198
2015-12-08,2015,3.46,3.6482744,3.6410801,3.6482744
2015-12-09,2015,3.48,3.689962,3.6520264,3.689962
2015-12-10,2015,3.44,3.7137244,3.5807493,3.7137244
2015-12-11,2015,3.45,3.5675986,3.6038558,3.5675986
2015-12-14,2015,3.66,3.8277235,3.6688347,3.8277235
2015-12-15,2015,3.57,3.6984482,3.5911806,3.6984482
2015-12-16,2015,3.6,3.6815164,3.6529634,3.6815164
2015-12-17,2015,3.62,3.7037754,3.6768525,3.7037754
2015-12-18,2015,3.58,3.626369,3.6785092,3.626369
2015-12-21,2015,3.64,3.6767366,3.7660964,3.6767366
2015-12-22,2015,3.65,3.6356766,3.781273,3.6356766
2015-12-23,2015,3.59,3.6765585,3.7620294,3.6765585
2015-12-24,2015,3.57,3.6654313,3.720692,3.6654313
2015-12-25,2015,3.58,3.5748785,3.540045,3.5748785
2015-12-28,2015,3.51,3.587102,3.6295638,3.587102
2015-12-29,2015,3.56,3.6397314,3.5942223,3.6397314
2015-12-30,2015,3.56,3.679317,3.6483123,3.679317
2015-12-31,2015,3.52,3.5100775,3.5723734,3.5100775
2016-01-01,2016,3.31,3.4599612,3.4825153,3.4599612
2016-01-04,2016,3.31,3.2730858,3.4177377,3.2686217
2016-01-05,2016,3.4,3.2790794,3.388404,3.283557
2016-01-06,2016,3.57,3.3001258,3.5094233,3.3599944
2016-01-07,2016,3.29,3.2821748,3.1939437,3.4736314
2016-01-08,2016,3.52,3.258819,3.3539474,3.258819
2016-01-11,2016,3.39,3.38449,3.2767756,3.38449
2016-01-12,2016,3.29,3.3841321,3.366652,3.3841321
2016-01-13,2016,3.25,3.3855004,3.3125005,3.3855004
2016-01-14,2016,3.28,3.5079732,3.38821,3.5079732
2016-01-15,2016,3.13,3.2647212,3.280106,3.2647212
2016-01-18,2016,3.12,3.378787,3.414794,3.378787
2016-01-19,2016,3.19,3.4241388,3.4413586,3.4241388
2016-01-20,2016,3.2,3.2532425,3.2244184,3.1994238
2016-01-21,2016,3.1,3.3447957,3.0583043,3.0632255
2016-01-22,2016,3.12,3.2209496,3.1787684,3.22095
2016-01-25,2016,3.13,3.1606817,3.193157,3.1473422
2016-01-26,2016,2.96,3.2657032,3.0734708,3.303381
2016-01-27,2016,2.87,3.2606502,3.1589766,3.0966144
2016-01-28,2016,2.71,3.3091223,2.9664936,3.0969913
2016-01-29,2016,2.79,3.2242818,3.0609236,3.2029312
2016-02-01,2016,2.78,3.2661326,2.8697658,3.1468418
2016-02-02,2016,2.83,3.1976233,2.995801,3.2650921
2016-02-03,2016,2.85,3.2326052,2.8165116,2.8016388
2016-02-04,2016,2.94,2.9782767,2.9732656,2.9782767
2016-02-05,2016,3.02,2.8969047,3.088631,2.8969047
2016-02-06,2016,3.32,2.9603233,3.1735854,2.9603236
2016-02-08,2016,3.32,3.0451746,3.4305668,3.3058727
2016-02-09,2016,3.32,3.2995522,3.3583002,3.2995522
2016-02-10,2016,3.32,3.2641475,3.2499368,3.2641475
2016-02-11,2016,3.32,3.220854,3.2055116,3.220854
2016-02-12,2016,3.32,3.2283988,3.09663,3.2283988
2016-02-14,2016,3.32,3.1849456,3.227452,3.2526522
2016-02-15,2016,3.32,3.1613433,3.1585262,3.2379668
2016-02-16,2016,3.37,3.1651635,3.1895163,3.239592
2016-02-17,2016,3.33,3.2018173,3.193511,3.2632432
2016-02-18,2016,3.26,3.2606125,3.3060093,3.3259335
2016-02-19,2016,3.18,3.259237,3.276445,3.3411403
2016-02-22,2016,3.22,3.147632,3.203169,3.2360313
2016-02-23,2016,3.27,3.23704,3.290581,3.23704
2016-02-24,2016,3.33,3.31408,3.3921793,3.31408
2016-02-25,2016,3.11,3.2236295,3.0789487,3.2236295
2016-02-26,2016,3.17,3.1434755,3.0557592,3.1434755
2016-02-29,2016,3.13,2.9167025,2.7133155,2.9167025
2016-03-01,2016,3.3,2.9712386,2.986157,3.0327203
2016-03-02,2016,3.37,3.2576926,3.2670941,3.2576926
2016-03-03,2016,3.46,3.3306563,3.2833786,3.3306563
2016-03-04,2016,3.48,3.3078606,3.3261018,3.3078606
2016-03-07,2016,3.58,3.3907886,3.6271093,3.3907886
2016-03-08,2016,3.5,3.130017,3.289901,3.130017
2016-03-09,2016,3.36,3.4596136,3.3116515,3.5502243
2016-03-10,2016,3.3,3.2967434,3.2803593,3.62415
2016-03-11,2016,3.34,3.3741128,3.2537699,3.4907048
2016-03-14,2016,3.42,3.2655847,3.3378704,3.4821236
2016-03-15,2016,3.36,3.2655656,3.2727008,3.3966079
2016-03-16,2016,3.38,3.2079036,3.338722,3.375823
2016-03-17,2016,3.39,3.2149038,3.415655,3.2149038
2016-03-18,2016,3.41,3.493337,3.4681964,3.493337
2016-03-21,2016,3.42,3.4280112,3.5254302,3.4280112
2016-03-22,2016,3.4,3.4158242,3.4762022,3.3971436
2016-03-23,2016,3.35,3.5169754,3.4147637,3.5269938
2016-03-24,2016,3.26,3.327907,3.45453,3.327907
2016-03-25,2016,3.27,3.3589556,3.2878587,3.2327178
2016-03-28,2016,3.27,3.3958135,3.3305967,3.2918646
2016-03-29,2016,3.25,3.336408,3.4257002,3.4314048
2016-03-30,2016,3.3,3.4726276,3.4919207,3.3110847
2016-03-31,2016,3.27,3.4717307,3.4721258,3.2542615
2016-04-01,2016,3.29,3.5145257,3.421818,3.278884
2016-04-04,2016,3.3,3.3492556,3.3689296,3.3492556
2016-04-05,2016,3.3,3.2579613,3.3683016,3.2579613
2016-04-06,2016,3.28,3.2959673,3.398155,3.2959673
2016-04-07,2016,3.25,3.3521233,3.3567007,3.3521233
2016-04-08,2016,3.31,3.3379831,3.4545245,3.3379831
2016-04-11,2016,3.35,3.426283,3.5254438,3.426283
2016-04-12,2016,3.36,3.2904027,3.3858414,3.2904027
2016-04-13,2016,3.4,3.2982671,3.379095,3.2982671
2016-04-14,2016,3.35,3.4027138,3.468234,3.4027138
2016-04-15,2016,3.33,3.3791342,3.4033556,3.3791342
2016-04-18,2016,3.29,3.366655,3.3631778,3.366655
2016-04-19,2016,3.32,3.3947842,3.3440745,3.3947842
2016-04-20,2016,3.25,3.4394882,3.4183357,3.4394882
2016-04-21,2016,3.32,3.3982968,3.3616812,3.3982968
2016-04-22,2016,3.24,3.4120564,3.4339464,3.4120564
2016-04-25,2016,3.19,3.3602912,3.429765,3.3602912
2016-04-26,2016,3.19,3.3434176,3.384178,3.3434176
2016-04-27,2016,3.23,3.2136405,3.318993,3.2136405
2016-04-28,2016,3.18,3.3849106,3.3731017,3.3849106
2016-04-29,2016,3.21,3.5849507,3.4437459,3.5849507
2016-05-02,2016,3.29,3.362881,3.3778536,3.362881
2016-05-03,2016,3.29,3.3645175,3.361169,3.3645175
2016-05-04,2016,3.25,3.2819283,3.3711932,3.2819283
2016-05-05,2016,3.25,3.2758603,3.2695057,3.2758603
2016-05-06,2016,3.17,3.3469632,3.316304,3.3469632
2016-05-09,2016,3.09,3.3247092,3.366085,3.3247092
2016-05-10,2016,3.08,3.1028206,3.2249496,3.1028206
2016-05-11,2016,3.1,2.987629,3.178094,2.987629
2016-05-12,2016,3.09,3.1127732,3.1377153,3.1127732
2016-05-13,2016,3.1,3.0926616,3.1606147,3.0926616
2016-05-16,2016,3.17,3.0395994,3.1623614,3.0395994
2016-05-17,2016,3.12,3.063463,3.0777938,3.063463
2016-05-18,2016,3.09,3.144927,3.0859854,3.144927
2016-05-19,2016,3.07,3.2026658,3.0724175,3.2026658
2016-05-20,2016,3.06,3.0525188,3.1133997,3.0525188
2016-05-23,2016,3.06,3.0240622,3.1220636,3.0240622
2016-05-24,2016,3.06,3.1420405,3.0567343,3.1420405
2016-05-25,2016,3.02,3.1284432,3.1382236,3.1284432
2016-05-26,2016,3.03,2.8489573,2.9330456,2.8489573
2016-05-27,2016,3.02,2.9398735,2.9428072,2.9398735
2016-05-30,2016,2.99,3.042917,3.0307245,3.042917
2016-05-31,2016,3.06,3.0649476,3.0448916,3.0649476
2016-06-01,2016,3.06,3.1188762,3.0807374,3.1188762
2016-06-02,2016,3.06,3.1410522,3.1072104,3.1410522
2016-06-03,2016,3.05,3.1237016,3.073237,3.1237016
2016-06-06,2016,3.11,3.0306964,3.0484233,3.0306964
2016-06-07,2016,3.08,2.9860535,3.0605593,2.9860535
2016-06-08,2016,3.09,3.0665781,3.0377173,3.0665781
2016-06-09,2016,3.15,3.221859,3.0595973,3.221859
2016-06-10,2016,3.15,3.208505,3.1875446,3.208505
2016-06-12,2016,3.15,3.1165378,3.1396337,3.1165378
2016-06-13,2016,3.15,3.0828395,3.0875695,3.0828395
2016-06-14,2016,3.09,3.0876212,3.071527,3.0876212
2016-06-15,2016,3.16,3.092989,3.2771919,3.092989
2016-06-16,2016,3.48,3.1401656,3.0830164,3.1401656
2016-06-17,2016,3.42,3.183815,3.1996787,3.183815
2016-06-20,2016,3.38,3.0735164,3.2067454,3.0735164
2016-06-21,2016,3.27,3.1112056,3.1352267,3.1112056
2016-06-22,2016,3.27,3.1872423,3.2217953,3.1872423
2016-06-23,2016,3.27,3.1649911,3.175196,3.1649911
2016-06-24,2016,3.51,3.537971,3.617366,3.537971
2016-06-27,2016,3.44,3.40463,3.6618807,3.4046295
2016-06-28,2016,3.4,3.246706,3.4620738,3.3501792
2016-06-29,2016,3.39,3.2996979,3.4755387,3.2996979
2016-06-30,2016,3.37,3.4248621,3.557791,3.4248621
2016-07-01,2016,3.41,3.3521104,3.5218136,3.3521104
2016-07-04,2016,3.51,3.6634634,3.6329236,3.6634634
2016-07-05,2016,3.48,3.6918263,3.5808096,3.7084022
2016-07-06,2016,3.68,3.66095,3.5595026,3.6359613
2016-07-07,2016,4.05,3.6232615,3.631174,3.6232615
2016-07-08,2016,4.05,3.6275237,3.7708523,3.7663906
2016-07-11,2016,4.05,3.594428,3.6788065,3.7658033
2016-07-12,2016,3.93,3.6774163,3.7738054,3.6774163
2016-07-13,2016,3.93,3.7848384,3.840565,3.7848384
2016-07-14,2016,3.84,3.8355837,3.7887478,3.8355837
2016-07-15,2016,3.85,3.7249296,3.7529576,3.7249296
2016-07-18,2016,3.83,3.7377446,3.7700372,3.7377446
2016-07-19,2016,3.79,3.88477,3.8212554,3.88477
2016-07-20,2016,3.73,3.7725117,3.7850807,3.7725117
2016-07-21,2016,3.68,3.8698661,3.798077,3.8698661
2016-07-22,2016,3.56,3.7129955,3.7529747,3.7129955
2016-07-25,2016,3.48,3.6838934,3.7101977,3.6838934
2016-07-26,2016,3.57,3.7726321,3.7772381,3.7726321
2016-07-27,2016,3.5,3.702146,3.6854007,3.702146
2016-07-28,2016,3.54,3.804281,3.7719922,3.804281
2016-07-29,2016,3.47,3.6984138,3.7207415,3.6984138
2016-08-01,2016,3.56,3.7156515,3.7598479,3.7156515
2016-08-02,2016,3.58,3.6454296,3.6957889,3.6454296
2016-08-03,2016,3.62,3.8095393,3.8314126,3.8095393
2016-08-04,2016,3.56,3.7544558,3.813398,3.7544558
2016-08-05,2016,3.56,3.6504133,3.6619208,3.6504133
2016-08-08,2016,3.48,3.6796927,3.6770399,3.6796927
2016-08-09,2016,3.48,3.6506016,3.709806,3.6506016
2016-08-10,2016,3.55,3.6793885,3.7193258,3.6793885
2016-08-11,2016,3.5,3.716265,3.7142928,3.716265
2016-08-12,2016,3.52,3.646619,3.6904755,3.646619
2016-08-15,2016,3.54,3.6974375,3.7167766,3.6974375
2016-08-16,2016,3.55,3.7072978,3.7000613,3.7072978
2016-08-17,2016,3.49,3.6644392,3.7317512,3.6644392
2016-08-18,2016,3.49,3.6564417,3.6846616,3.6564417
2016-08-19,2016,3.47,3.6689763,3.699105,3.6689763
2016-08-22,2016,3.43,3.5657308,3.625532,3.5657308
2016-08-23,2016,3.44,3.556674,3.618575,3.556674
2016-08-24,2016,3.41,3.5678337,3.5059688,3.5678337
2016-08-25,2016,3.36,3.334236,3.3571348,3.334236
2016-08-26,2016,3.37,3.2789562,3.3326378,3.2789562
2016-08-29,2016,3.34,3.3449314,3.391407,3.3449314
2016-08-30,2016,3.34,3.3986874,3.476378,3.3986874
2016-08-31,2016,3.34,3.3601453,3.414883,3.3601453
2016-09-01,2016,3.33,3.3880038,3.3900301,3.3880038
2016-09-02,2016,3.34,3.4036214,3.4221826,3.4036214
2016-09-05,2016,3.36,3.3986113,3.4509277,3.3986113
2016-09-06,2016,3.36,3.43651,3.3919237,3.43651
2016-09-07,2016,3.39,3.4884796,3.5063608,3.4884796
2016-09-08,2016,3.37,3.4212124,3.3962917,3.4212124
2016-09-09,2016,3.34,3.4246678,3.332579,3.4246678
2016-09-12,2016,3.22,3.354419,3.2934043,3.354419
2016-09-13,2016,3.22,3.3696547,3.2478464,3.3696547
2016-09-14,2016,3.24,3.3963494,3.3563957,3.3963494
2016-09-15,2016,3.22,3.3743691,3.3736212,3.3743691
2016-09-16,2016,3.22,3.385107,3.4380069,3.385107
2016-09-18,2016,3.22,3.3429375,3.3905725,3.3429375
2016-09-19,2016,3.22,3.3388176,3.370373,3.3388176
2016-09-20,2016,3.22,3.3523874,3.399165,3.3523874
2016-09-21,2016,3.25,3.3315814,3.3321414,3.3315814
2016-09-22,2016,3.26,3.412083,3.4894152,3.412083
2016-09-23,2016,3.23,3.3992841,3.3987029,3.3992841
2016-09-26,2016,3.17,3.2737403,3.3479517,3.2737403
2016-09-27,2016,3.21,3.3821664,3.5417066,3.3821664
2016-09-28,2016,3.18,3.400971,3.4641652,3.400971
2016-09-29,2016,3.18,3.2796714,3.4199715,3.2796714
2016-09-30,2016,3.21,3.308157,3.3994863,3.308157
2016-10-03,2016,3.18,3.401041,3.6074986,3.401041
2016-10-04,2016,3.18,3.1351733,3.6040368,3.1351733
2016-10-05,2016,3.18,3.1195652,3.2270007,3.1195652
2016-10-06,2016,3.18,3.2429907,3.1402402,3.2429907
2016-10-07,2016,3.18,3.179733,3.1750798,3.179733
2016-10-08,2016,3.18,3.225531,3.1927795,3.225531
2016-10-09,2016,3.18,3.2269955,3.1798358,3.2269955
2016-10-10,2016,3.18,3.2052386,3.151502,3.2052386
2016-10-11,2016,3.19,3.1999016,3.1334145,3.1999016
2016-10-12,2016,3.18,3.2190692,3.12893,3.2190692
2016-10-13,2016,3.18,3.2345867,3.1768022,3.2345867
2016-10-14,2016,3.17,3.3064907,3.2053583,3.3064907
2016-10-17,2016,3.24,3.1659272,3.1594155,3.1659272
2016-10-18,2016,3.25,3.1559627,3.2159832,3.1559627
2016-10-19,2016,3.25,3.1567693,3.1561596,3.1567693
2016-10-20,2016,3.24,3.1393452,3.1641207,3.1393452
2016-10-21,2016,3.24,3.2176666,3.2016718,3.2176666
2016-10-24,2016,3.27,3.340752,3.2799962,3.340752
2016-10-25,2016,3.3,3.3754518,3.3819273,3.3754518
2016-10-26,2016,3.28,3.4048686,3.265309,3.4048686
2016-10-27,2016,3.25,3.4244483,3.2520907,3.4244483
2016-10-28,2016,3.24,3.4261026,3.2352703,3.4261026
2016-10-31,2016,3.28,3.4589741,3.3382452,3.4589741
2016-11-01,2016,3.29,3.4519181,3.2785077,3.4519181
2016-11-02,2016,3.43,3.3107147,3.2366436,3.3107147
2016-11-03,2016,3.39,3.4015234,3.326496,3.4015234
2016-11-04,2016,3.34,3.3836877,3.4178138,3.3836877
2016-11-07,2016,3.35,3.532874,3.5545974,3.532874
2016-11-08,2016,3.37,3.9903936,3.769319,3.9903939
2016-11-09,2016,3.59,4.205822,3.467341,3.6641216
2016-11-10,2016,3.48,4.4231443,3.7649257,3.6679652
2016-11-11,2016,3.58,4.0331903,3.759313,4.084146
2016-11-14,2016,3.62,3.8048742,3.7035303,3.8048742
2016-11-15,2016,3.63,3.724951,3.5226126,3.5740485
2016-11-16,2016,3.59,3.5908298,3.2878127,3.4676485
2016-11-17,2016,3.58,3.6485882,3.5813367,3.615628
2016-11-18,2016,3.5,3.488194,3.5345142,3.5422626
2016-11-21,2016,3.5,3.671443,3.6641572,3.5848162
2016-11-22,2016,3.54,3.6052978,3.5563645,3.5320983
2016-11-23,2016,3.51,3.627478,3.6524704,3.5067687
2016-11-24,2016,3.52,3.5494535,3.5411186,3.40212
2016-11-25,2016,3.51,3.7170005,3.5994997,3.4487047
2016-11-28,2016,3.7,3.7604532,3.5941792,3.53843
2016-11-29,2016,3.66,3.5451033,3.56941,3.5559812
2016-11-30,2016,3.56,3.6667504,3.455841,3.529918
2016-12-01,2016,3.65,3.656333,3.5055149,3.548118
2016-12-02,2016,3.57,3.5979173,3.591228,3.555647
2016-12-05,2016,3.5,3.4633946,3.504607,3.4569926
2016-12-06,2016,3.47,3.6302814,3.5755167,3.6302814
2016-12-07,2016,3.48,3.4612231,3.5553892,3.4612231
2016-12-08,2016,3.52,3.474313,3.4374056,3.474313
2016-12-09,2016,3.52,3.5261712,3.5015016,3.5261712
2016-12-12,2016,3.41,3.3898823,3.4123726,3.3898823
2016-12-13,2016,3.44,3.3904095,3.4638948,3.3904095
2016-12-14,2016,3.55,3.492688,3.4231808,3.492688
2016-12-15,2016,3.48,3.4437573,3.5389292,3.4437573
2016-12-16,2016,3.46,3.4520483,3.3745828,3.4520483
2016-12-19,2016,3.46,3.4651551,3.3976536,3.4651551
2016-12-20,2016,3.39,3.6436243,3.4494724,3.6436243
2016-12-21,2016,3.42,3.6004303,3.483147,3.6004303
2016-12-22,2016,3.39,3.5360458,3.465536,3.5360458
2016-12-23,2016,3.34,3.4642732,3.5009115,3.4642732
2016-12-26,2016,3.3,3.486359,3.3873036,3.486359
2016-12-27,2016,3.3,3.365214,3.3625472,3.365214
2016-12-28,2016,3.3,3.334171,3.3374236,3.334171
2016-12-29,2016,3.34,3.282026,3.2659514,3.282026
2016-12-30,2016,3.34,3.3194544,3.3345919,3.3194544
2016-12-31,2016,3.36,3.2730749,3.3344743,3.2730749
2017-01-02,2017,3.36,3.3799005,3.3728595,3.3799005
2017-01-03,2017,3.36,3.385859,3.3842149,3.385859
2017-01-04,2017,3.37,3.4099689,3.4037902,3.4099689
2017-01-05,2017,3.41,3.3563359,3.52881,3.3563359
2017-01-06,2017,3.38,3.376135,3.4910793,3.376135
2017-01-09,2017,3.37,3.3932786,3.4990861,3.3932786
2017-01-10,2017,3.4,3.4326174,3.4124606,3.4326174
2017-01-11,2017,3.41,3.3786516,3.4521325,3.3786516
2017-01-12,2017,3.4,3.3179243,3.4322424,3.3179243
2017-01-13,2017,3.41,3.3271174,3.4739058,3.3271174
2017-01-16,2017,3.45,3.4796987,3.4328172,3.4796987
2017-01-17,2017,3.49,3.5260153,3.4499142,3.5260153
2017-01-18,2017,3.49,3.6035478,3.4421322,3.6035478
2017-01-19,2017,3.42,3.5632071,3.4502728,3.5632071
2017-01-20,2017,3.44,3.5570507,3.6580112,3.5570507
2017-01-22,2017,3.51,3.5241199,3.5633528,3.5241199
2017-01-23,2017,3.51,3.4966812,3.4944696,3.4966812
2017-01-24,2017,3.49,3.5530927,3.5617433,3.5530927
2017-01-25,2017,3.51,3.5243404,3.6302433,3.5243404
2017-01-26,2017,3.58,3.6053839,3.6096115,3.6053839
2017-01-27,2017,3.57,3.6142635,3.454938,3.6142635
2017-01-30,2017,3.57,3.559474,3.533716,3.559474
2017-01-31,2017,3.57,3.550212,3.4833298,3.550212
2017-02-01,2017,3.57,3.5762005,3.5385876,3.5762005
2017-02-02,2017,3.57,3.590916,3.6089385,3.590916
2017-02-03,2017,3.57,3.5717428,3.5768368,3.5717428
2017-02-04,2017,3.54,3.5959911,3.5893867,3.5959911
2017-02-06,2017,3.54,3.6044033,3.6365752,3.6044033
2017-02-07,2017,3.58,3.5645633,3.6150842,3.5645633
2017-02-08,2017,3.55,3.5737267,3.6104374,3.5737267
2017-02-09,2017,3.58,3.6140702,3.641533,3.6140702
2017-02-10,2017,3.55,3.5948074,3.58953,3.5948074
2017-02-13,2017,3.6,3.5792847,3.6512272,3.5792847
2017-02-14,2017,3.63,3.6556582,3.6121693,3.6556582
2017-02-15,2017,3.55,3.623845,3.6054537,3.623845
2017-02-16,2017,3.62,3.6439424,3.5781019,3.6439424
2017-02-17,2017,3.57,3.5449796,3.5564525,3.5449796
2017-02-20,2017,3.62,3.58971,3.6120703,3.58971
2017-02-21,2017,3.64,3.6178405,3.6127172,3.6178405
2017-02-22,2017,3.63,3.633563,3.6217253,3.633563
2017-02-23,2017,3.64,3.5603542,3.5491896,3.5603542
2017-02-24,2017,3.61,3.587421,3.5228245,3.587421
2017-02-27,2017,3.57,3.5641642,3.5475998,3.5641642
2017-02-28,2017,3.57,3.6062396,3.6302805,3.6062396
2017-03-01,2017,3.57,3.6073523,3.6810908,3.6073523
2017-03-02,2017,3.53,3.6232815,3.6602416,3.6232815
2017-03-03,2017,3.45,3.593251,3.6028948,3.593251
2017-03-06,2017,3.47,3.5972836,3.6405308,3.5972836
2017-03-07,2017,3.46,3.6006455,3.6713696,3.6006455
2017-03-08,2017,3.44,3.4817598,3.4918878,3.4817598
2017-03-09,2017,3.39,3.456214,3.4984932,3.456214
2017-03-10,2017,3.4,3.5066314,3.519088,3.5066314
2017-03-13,2017,3.46,3.5937548,3.5969732,3.5937548
2017-03-14,2017,3.44,3.4216871,3.454283,3.4216871
2017-03-15,2017,3.46,3.4738276,3.534669,3.4738276
2017-03-16,2017,3.48,3.5714858,3.5118592,3.5714858
2017-03-17,2017,3.45,3.4841094,3.5131392,3.4841094
2017-03-20,2017,3.5,3.5577898,3.5298517,3.5577898
2017-03-21,2017,3.47,3.6278112,3.6048565,3.6278112
2017-03-22,2017,3.46,3.613997,3.6382422,3.613997
2017-03-23,2017,3.46,3.6323662,3.657644,3.6323662
2017-03-24,2017,3.42,3.6720557,3.6731691,3.6720557
2017-03-27,2017,3.47,3.6508048,3.6554027,3.6508048
2017-03-28,2017,3.44,3.6233876,3.6395233,3.6233876
2017-03-29,2017,3.46,3.6234226,3.6377807,3.6234226
2017-03-30,2017,3.4,3.5762258,3.63521,3.5762258
2017-03-31,2017,3.38,3.6349626,3.6618104,3.6349626
2017-04-01,2017,3.42,3.7282903,3.6952431,3.7282903
2017-04-03,2017,3.42,3.678101,3.6575406,3.678101
2017-04-04,2017,3.42,3.6593034,3.6709974,3.6593034
2017-04-05,2017,3.42,3.634939,3.6543765,3.634939
2017-04-06,2017,3.46,3.670882,3.6628747,3.670882
2017-04-07,2017,3.56,3.6285481,3.6331165,3.6285481
2017-04-10,2017,3.51,3.6864734,3.6453702,3.6864734
2017-04-11,2017,3.57,3.6577313,3.6900773,3.6577313
2017-04-12,2017,3.57,3.7364852,3.7629368,3.7364852
2017-04-13,2017,3.58,3.564312,3.5583012,3.564312
2017-04-14,2017,3.62,3.4764025,3.542793,3.4764025
2017-04-17,2017,3.53,3.5019014,3.5490522,3.5019014
2017-04-18,2017,3.47,3.574633,3.5998485,3.574633
2017-04-19,2017,3.49,3.5159967,3.544591,3.5159967
2017-04-20,2017,3.43,3.5085726,3.514541,3.5085726
2017-04-21,2017,3.44,3.5018792,3.455671,3.5018792
2017-04-24,2017,3.36,3.4225676,3.519432,3.4225676
2017-04-25,2017,3.36,3.437436,3.4756103,3.437436
2017-04-26,2017,3.35,3.3828032,3.4747071,3.3828032
2017-04-27,2017,3.35,3.4093773,3.4649165,3.4093773
2017-04-28,2017,3.38,3.4520645,3.4947045,3.4520645
2017-05-01,2017,3.37,3.475907,3.5357485,3.475907
2017-05-02,2017,3.37,3.4291399,3.522342,3.4291399
2017-05-03,2017,3.36,3.4204826,3.482759,3.4204826
2017-05-04,2017,3.33,3.4542856,3.5007403,3.4542856
2017-05-05,2017,3.3,3.253057,3.3087394,3.253057
2017-05-08,2017,3.29,3.269012,3.307839,3.269012
2017-05-09,2017,3.27,3.2835207,3.279264,3.2835207
2017-05-10,2017,3.23,3.298226,3.349748,3.298226
2017-05-11,2017,3.2,3.3256724,3.3501158,3.3256724
2017-05-12,2017,3.2,3.2091339,3.263447,3.2091339
2017-05-15,2017,3.21,3.312015,3.3171287,3.312015
2017-05-16,2017,3.25,3.3592706,3.351655,3.3592706
2017-05-17,2017,3.24,3.3281446,3.356522,3.3281446
2017-05-18,2017,3.27,3.3029087,3.3095927,3.3029087
2017-05-19,2017,3.24,3.3530574,3.3537045,3.3530574
2017-05-22,2017,3.23,3.3181398,3.379393,3.3181398
2017-05-23,2017,3.27,3.3486385,3.3719966,3.3486385
2017-05-24,2017,3.25,3.3369431,3.3997583,3.3369431
2017-05-25,2017,3.27,3.4214551,3.449064,3.4214551
2017-05-26,2017,3.28,3.3424368,3.371201,3.3424368
2017-05-27,2017,3.28,3.3961053,3.414609,3.3961053
2017-05-29,2017,3.28,3.3993173,3.4168644,3.3993173
2017-05-30,2017,3.28,3.357113,3.3827424,3.357113
2017-05-31,2017,3.28,3.3415298,3.332293,3.3415298
2017-06-01,2017,3.27,3.347633,3.3666837,3.347633
2017-06-02,2017,3.26,3.211085,3.310073,3.211085
2017-06-05,2017,3.28,3.2461324,3.302807,3.2461324
2017-06-06,2017,3.3,3.25911,3.280704,3.25911
2017-06-07,2017,3.32,3.3868463,3.2943723,3.3868463
2017-06-08,2017,3.29,3.3978946,3.3775313,3.3978946
2017-06-09,2017,3.3,3.4620605,3.4498963,3.4620605
2017-06-12,2017,3.25,3.4713233,3.4064283,3.4713233
2017-06-13,2017,3.31,3.4636915,3.4200358,3.4636915
2017-06-14,2017,3.31,3.305356,3.3760917,3.305356
2017-06-15,2017,3.35,3.418258,3.4578207,3.418258
2017-06-16,2017,3.35,3.2651107,3.3451314,3.2651107
2017-06-19,2017,3.35,3.418579,3.4189086,3.418579
2017-06-20,2017,3.33,3.2689264,3.3724375,3.2689264
2017-06-21,2017,3.34,3.4103477,3.4267528,3.4103477
2017-06-22,2017,3.35,3.3546572,3.4350722,3.3546572
2017-06-23,2017,3.36,3.4625194,3.440821,3.4625194
2017-06-26,2017,3.37,3.5344093,3.5970159,3.5344093
2017-06-27,2017,3.36,3.6578875,3.6356413,3.6578875
2017-06-28,2017,3.37,3.6456287,3.6262116,3.6456287
2017-06-29,2017,3.39,3.714719,3.6968913,3.714719
2017-06-30,2017,3.43,3.4070253,3.3460772,3.4070253
2017-07-03,2017,3.44,3.339976,3.407919,3.339976
2017-07-04,2017,3.45,3.4067218,3.4319103,3.4067218
2017-07-05,2017,3.47,3.4328012,3.4405272,3.4328012
2017-07-06,2017,3.49,3.460269,3.5016158,3.460269
2017-07-07,2017,3.51,3.4113493,3.4124672,3.4113493
2017-07-10,2017,3.54,3.3786337,3.4185746,3.3786337
2017-07-11,2017,3.47,3.4049647,3.4293773,3.4049647
2017-07-12,2017,3.47,3.398236,3.4414797,3.398236
2017-07-13,2017,3.55,3.4388947,3.4295561,3.4388947
2017-07-14,2017,3.55,3.4570653,3.4912522,3.4570653
2017-07-17,2017,3.58,3.3073747,3.3777673,3.3073747
2017-07-18,2017,3.6,3.3310413,3.3880148,3.3310413
2017-07-19,2017,3.64,3.4221485,3.4662478,3.4221485
2017-07-20,2017,3.59,3.4764023,3.4895444,3.4764023
2017-07-21,2017,3.54,3.4242058,3.4453244,3.4242058
2017-07-24,2017,3.56,3.4686074,3.4469125,3.4686074
2017-07-25,2017,3.56,3.47164,3.4475596,3.47164
2017-07-26,2017,3.67,3.6452847,3.6447084,3.6452847
2017-07-27,2017,3.66,3.7071245,3.6307158,3.7071245
2017-07-28,2017,3.65,3.7213194,3.6790702,3.7213194
2017-07-31,2017,3.73,3.7101088,3.6993783,3.7101088
2017-08-01,2017,3.76,3.708114,3.6858425,3.708114
2017-08-02,2017,3.74,3.7011743,3.693627,3.7011743
2017-08-03,2017,3.76,3.6984422,3.709926,3.6984422
2017-08-04,2017,3.79,3.6518428,3.6636624,3.6518428
2017-08-07,2017,3.75,3.689863,3.6596336,3.689863
2017-08-08,2017,3.9,3.7115083,3.691771,3.7115083
2017-08-09,2017,4.06,3.7057152,3.7196481,3.7057152
2017-08-10,2017,4.04,3.6314106,3.6967316,3.6314106
2017-08-11,2017,3.88,3.8804228,3.846654,3.8804228
2017-08-14,2017,3.79,3.8522809,3.8486097,3.8522809
2017-08-15,2017,3.73,3.6871943,3.6862392,3.6871943
2017-08-16,2017,3.66,3.9456103,3.930318,3.9456103
2017-08-17,2017,3.82,3.9043639,3.941015,3.9043639
2017-08-18,2017,3.76,3.962963,3.944249,3.962963
2017-08-21,2017,3.78,4.1046386,4.123179,4.1046386
2017-08-22,2017,3.75,4.001413,3.9839597,4.001413
2017-08-23,2017,3.67,4.1817145,4.1521997,4.1817145
2017-08-24,2017,3.64,4.0446777,4.037538,4.0446777
2017-08-25,2017,3.7,3.8564677,3.8576922,3.8564677
2017-08-28,2017,3.74,4.0226903,4.0328503,4.0226903
2017-08-29,2017,3.79,3.8622463,3.9040177,3.8622463
2017-08-30,2017,3.77,3.8329382,3.8384943,3.8329382
2017-08-31,2017,3.75,3.8602943,3.8951519,3.8602943
2017-09-01,2017,4.04,3.892478,3.8759766,3.892478
2017-09-04,2017,4.3,4.0599246,4.027924,4.0599246
2017-09-05,2017,4.27,4.2298436,4.146458,4.2298436
2017-09-06,2017,4.38,4.183097,4.020657,4.183097
2017-09-07,2017,4.17,4.704337,4.73208,4.704337
2017-09-08,2017,4.29,4.5714583,4.4050922,4.5714583
2017-09-11,2017,4.16,4.2061586,4.190667,4.2061586
2017-09-12,2017,4.14,4.072692,4.09045,4.072692
2017-09-13,2017,4.05,4.020417,4.031983,4.020417
2017-09-14,2017,4.01,4.1253366,4.229016,4.1253366
2017-09-15,2017,4.01,4.0636706,4.040825,4.0636706
2017-09-18,2017,3.95,3.9744222,3.8471782,3.9744222
2017-09-19,2017,3.99,3.7905557,3.8117044,3.7905557
2017-09-20,2017,4.05,3.7073991,3.8034976,3.7073991
2017-09-21,2017,3.9,3.7741585,3.8474844,3.7741585
2017-09-22,2017,3.92,3.9794052,3.9672787,3.9794052
2017-09-25,2017,3.91,3.90031,4.0001163,3.90031
2017-09-26,2017,3.93,3.9101093,3.9730716,3.9101093
2017-09-27,2017,3.91,3.9502568,3.9196723,3.9502568
2017-09-28,2017,3.87,3.8262982,3.8919063,3.8262982
2017-09-29,2017,3.87,3.9268942,3.8657954,3.9268942
2017-09-30,2017,3.9,3.9149094,3.9281447,3.9149094
2017-10-02,2017,3.9,3.8864052,3.9258227,3.8864052
2017-10-03,2017,3.9,3.8748956,3.941325,3.8748956
2017-10-04,2017,3.9,3.8847847,3.909673,3.8847847
2017-10-05,2017,3.9,3.8485413,3.8802667,3.8485413
2017-10-06,2017,3.9,3.8529,3.7881708,3.8529
2017-10-09,2017,3.9,3.863473,3.861364,3.863473
2017-10-10,2017,3.9,3.9714413,3.9636154,3.9714413
2017-10-11,2017,3.87,3.9519112,3.9674454,3.9519112
2017-10-12,2017,3.87,3.9380884,3.9208102,3.9380884
2017-10-13,2017,3.9,4.080417,4.0374255,4.080417
2017-10-16,2017,4.01,3.9963338,3.9191287,3.9963338
2017-10-17,2017,3.91,3.9074416,4.001135,3.9074416
2017-10-18,2017,3.93,3.938527,4.0321183,3.938527
2017-10-19,2017,3.94,3.9916923,4.0539327,3.9916923
2017-10-20,2017,3.94,3.989396,4.0126457,3.989396
2017-10-23,2017,3.9,4.0503597,3.9695628,4.0503597
2017-10-24,2017,3.96,4.032014,3.9742312,4.032014
2017-10-25,2017,3.97,4.039636,4.0585036,4.039636
2017-10-26,2017,3.87,3.9248683,3.9676914,3.9248683
2017-10-27,2017,3.72,3.9374537,3.9981441,3.9374537
2017-10-30,2017,3.7,4.0080895,4.0055766,4.0080895
2017-10-31,2017,3.69,3.8990183,4.0633855,3.8990183
2017-11-01,2017,3.68,3.953555,3.997916,3.953555
2017-11-02,2017,3.7,3.9730976,3.9819865,3.9730976
2017-11-03,2017,3.7,3.829527,4.0235486,3.829527
2017-11-06,2017,3.68,4.0100875,4.0820413,4.0100875
2017-11-07,2017,3.73,3.9365609,4.1923323,3.9365609
2017-11-08,2017,3.72,4.102851,4.153001,4.102851
2017-11-09,2017,3.73,4.2367806,4.2767463,4.2367806
2017-11-10,2017,3.7,4.1875257,4.2617545,4.1875257
2017-11-13,2017,3.67,4.298736,4.2665305,4.298736
2017-11-14,2017,3.65,4.2031083,4.2298923,4.2031083
2017-11-15,2017,3.66,4.079476,4.24165,4.079476
2017-11-16,2017,3.6,4.1649194,4.2564816,4.1649194
2017-11-17,2017,3.69,4.3009477,4.2395587,4.3009477
2017-11-20,2017,3.71,4.3255477,4.2687488,4.3255477
2017-11-21,2017,3.68,4.3193336,4.2870564,4.3193336
2017-11-22,2017,3.73,4.5074635,4.4323545,4.5074635
2017-11-23,2017,3.79,4.2530866,4.1891403,4.2530866
2017-11-24,2017,3.83,4.243317,4.186256,4.243317
2017-11-27,2017,3.84,4.2192802,4.2220125,4.2192802
2017-11-28,2017,3.84,4.244804,4.2890134,4.244804
2017-11-29,2017,3.95,4.0875,4.1463685,4.0875
2017-11-30,2017,3.95,3.96441,3.9482038,3.96441
2017-12-01,2017,3.94,4.026636,4.0731344,4.026636
2017-12-04,2017,3.94,4.006299,4.0991807,4.006299
2017-12-05,2017,4.01,3.7805276,3.9570496,3.7805276
2017-12-06,2017,3.9,3.812433,3.8667977,3.812433
2017-12-07,2017,3.9,3.8320372,3.7717986,3.8320372
2017-12-08,2017,3.86,3.8038063,3.7692075,3.8038063
2017-12-11,2017,3.87,3.7741992,3.726147,3.7741992
2017-12-12,2017,3.85,3.8195357,3.790922,3.8195357
2017-12-13,2017,3.88,3.824426,3.7991316,3.824426
2017-12-14,2017,3.93,3.8099232,3.7822714,3.8099232
2017-12-15,2017,3.98,3.762258,3.7059634,3.762258
2017-12-18,2017,3.99,3.758671,3.7204907,3.758671
2017-12-19,2017,3.99,3.837802,3.78413,3.837802
2017-12-20,2017,3.99,3.829209,3.741177,3.829209
2017-12-21,2017,4.05,3.968108,3.903567,3.968108
2017-12-22,2017,4.16,3.9715354,3.8712626,3.9715354
2017-12-25,2017,4.18,3.9566262,3.8840873,3.9566262
2017-12-26,2017,4.18,3.9246187,3.8886101,3.9246187
2017-12-27,2017,4.26,3.9034398,3.870847,3.9034398
2017-12-28,2017,4.69,3.9064887,3.8944528,3.9064887
2017-12-29,2017,4.59,3.9322815,3.9357135,3.9322815
2017-12-30,2017,4.61,4.7251244,4.7175775,4.7251244
2017-12-31,2017,4.61,4.8347473,4.7645946,4.8347473
2018-01-01,2018,4.61,4.622734,4.60773,4.622734
2018-01-02,2018,4.61,4.6041126,4.58599,4.6041126
2018-01-03,2018,4.63,4.5127187,4.5226316,4.5127187
2018-01-04,2018,4.69,4.5950627,4.5853133,4.5950627
2018-01-05,2018,4.63,4.553328,4.5511603,4.553328
2018-01-08,2018,4.85,4.495612,4.530471,4.495612
2018-01-09,2018,4.81,4.5280104,4.4601917,4.5280104
2018-01-10,2018,4.82,4.55096,4.556625,4.55096
2018-01-11,2018,4.72,4.552356,4.5275197,4.552356
2018-01-12,2018,4.64,4.6948624,4.7811575,4.6948624
2018-01-15,2018,4.71,4.7644787,4.8212776,4.7644787
2018-01-16,2018,4.7,4.772557,4.8322263,4.772557
2018-01-17,2018,4.46,4.7860546,4.7948146,4.7860546
2018-01-18,2018,4.48,4.838263,4.8920536,4.838263
2018-01-19,2018,4.51,4.8236756,4.9112678,4.8236756
2018-01-22,2018,4.56,4.8364944,4.9784083,4.8364944
2018-01-23,2018,4.61,4.8128047,4.83055,4.8128047
2018-01-24,2018,4.52,4.6236,4.5427694,4.6236
2018-01-25,2018,4.9,4.6302705,4.5841446,4.6302705
2018-01-26,2018,4.88,4.637216,4.544345,4.637216
2018-01-29,2018,5.04,4.3725457,4.334056,4.3725457
2018-01-30,2018,4.94,4.303751,4.2528424,4.303751
2018-01-31,2018,5.13,4.3450623,4.2915163,4.3450623
2018-02-01,2018,5.08,4.1154885,4.0518823,4.1154885
2018-02-02,2018,5.38,4.1721773,4.0178547,4.1721773
2018-02-05,2018,5.41,4.1653476,4.1749196,4.1653476
2018-02-06,2018,5.3,3.983691,3.9211035,3.983691
2018-02-07,2018,5.12,3.9092891,3.8725014,3.9092891
2018-02-08,2018,4.69,5.2396336,4.931213,5.2396336
2018-02-09,2018,4.37,5.1702323,4.798733,5.1702323
2018-02-11,2018,4.39,5.2234993,4.5017376,4.625112
2018-02-12,2018,4.39,4.5653543,4.5653777,4.565354
2018-02-13,2018,4.42,4.676392,4.545964,4.676392
2018-02-14,2018,4.59,4.792029,4.616214,4.792029
2018-02-15,2018,4.77,5.1567893,5.11172,5.1310253
2018-02-16,2018,4.77,5.22772,5.256425,5.158161
2018-02-19,2018,4.77,5.241228,5.218225,5.1884127
2018-02-20,2018,4.77,5.2033296,5.137109,5.157253
2018-02-21,2018,4.77,5.1964574,5.098521,5.0659595
2018-02-22,2018,4.77,5.172307,5.1850824,5.1019826
2018-02-23,2018,4.82,5.088884,5.1922946,5.112628
2018-02-24,2018,4.89,5.0195584,5.1648436,5.077191
2018-02-26,2018,4.89,4.996113,5.172184,5.0910068
2018-02-27,2018,4.7,4.9141064,5.1846604,5.12092
2018-02-28,2018,4.6,4.865869,5.0057006,4.964518
2018-03-01,2018,4.68,4.5940065,4.9400444,4.785529
2018-03-02,2018,4.61,4.727351,4.740088,4.6605487
2018-03-05,2018,4.61,4.7302885,4.7295156,4.7410593
2018-03-06,2018,4.59,4.7568984,4.69965,4.669514
2018-03-07,2018,4.54,4.8380756,4.8304033,4.838863
2018-03-08,2018,4.82,4.702415,4.793379,4.7677636
2018-03-09,2018,4.77,4.5991607,4.6910825,4.5991607
2018-03-12,2018,4.81,4.764108,4.9277163,4.764108
2018-03-13,2018,4.77,4.7449646,4.8467555,4.7449646
2018-03-14,2018,4.88,4.7576523,4.854833,4.7576523
2018-03-15,2018,4.84,4.7552953,4.8851786,4.7552953
2018-03-16,2018,4.72,4.780513,4.855603,4.780513
2018-03-19,2018,4.58,4.7318487,4.766836,4.7318487
2018-03-20,2018,4.57,4.7642174,4.7848454,4.7642174
2018-03-21,2018,4.62,4.60091,4.464302,4.60091
2018-03-22,2018,4.57,4.558575,4.3772798,4.558575
2018-03-23,2018,4.54,4.3545756,4.1379204,4.3545756
2018-03-26,2018,4.52,4.3600545,4.289471,4.3600545
2018-03-27,2018,4.61,4.461739,4.6407084,4.461739
2018-03-28,2018,4.49,4.564199,4.43824,4.564199
2018-03-29,2018,4.4,4.5681973,4.627908,4.5681973
2018-03-30,2018,4.35,4.543788,4.558593,4.543788
2018-04-02,2018,4.42,4.6679435,4.586359,4.6679435
2018-04-03,2018,4.34,4.6305737,4.5336905,4.6305737
2018-04-04,2018,4.35,4.580218,4.4822054,4.580218
2018-04-05,2018,4.28,4.603932,4.509228,4.603932
2018-04-06,2018,4.28,4.6494703,4.5803595,4.6494703
2018-04-08,2018,4.28,4.6647377,4.5775075,4.6647377
2018-04-09,2018,4.28,4.6695533,4.5931606,4.6695533
2018-04-10,2018,4.39,4.7187915,4.702439,4.7187915
2018-04-11,2018,4.52,4.7431636,4.728034,4.7431636
2018-04-12,2018,4.47,4.6745157,4.612173,4.6745157
2018-04-13,2018,4.37,4.6258993,4.5466948,4.6258993
2018-04-16,2018,4.33,4.648369,4.5470066,4.648369
2018-04-17,2018,4.21,4.568778,4.451007,4.568778
2018-04-18,2018,4.14,4.599841,4.483369,4.599841
2018-04-19,2018,4.27,4.2967415,4.1699123,4.2967415
2018-04-20,2018,4.21,4.255739,4.1196146,4.255739
2018-04-23,2018,4.12,4.4016805,4.296332,4.4016805
2018-04-24,2018,4.15,4.149103,4.158648,4.149103
2018-04-25,2018,4.14,4.4175816,4.2844377,4.4175816
2018-04-26,2018,4.12,4.2892456,4.2213225,4.2892456
2018-04-27,2018,4.12,4.077755,4.0991054,4.077755
2018-04-28,2018,3.99,4.2168493,4.2479577,4.2168493
2018-04-30,2018,3.99,4.1709743,4.1621394,4.1709743
2018-05-01,2018,3.99,4.1428432,4.1635365,4.1428432
2018-05-02,2018,3.99,4.1701164,4.1560435,4.1701164
2018-05-03,2018,3.96,4.035737,4.068494,4.035737
2018-05-04,2018,3.96,4.0773525,4.003636,4.0773525
2018-05-07,2018,3.99,4.1243453,4.054463,4.1243453
2018-05-08,2018,4.08,4.079571,4.1360803,4.079571
2018-05-09,2018,4.07,4.08892,4.1451397,4.08892
2018-05-10,2018,4.1,4.056931,4.1174855,4.056931
2018-05-11,2018,4.12,4.1658454,4.0828648,4.1658454
2018-05-14,2018,4.1,4.132059,4.130715,4.132059
2018-05-15,2018,4.06,4.205028,4.465668,4.205028
2018-05-16,2018,3.96,4.193577,4.1928635,4.193577
2018-05-17,2018,3.92,4.197665,4.1866775,4.197665
2018-05-18,2018,3.97,4.086769,4.140148,4.086769
2018-05-21,2018,4.0,4.0216084,4.070223,4.0216084
2018-05-22,2018,3.95,4.0279546,4.0265565,4.0279546
2018-05-23,2018,3.93,3.9540033,3.9918618,3.9540033
2018-05-24,2018,3.89,3.9821389,4.033063,3.9821389
2018-05-25,2018,3.88,3.9239647,3.9260159,3.9239647
2018-05-28,2018,3.81,3.6706164,3.801925,3.6706164
2018-05-29,2018,3.82,3.7413402,3.8148243,3.7413402
2018-05-30,2018,3.84,3.8497822,3.8854728,3.8497822
2018-05-31,2018,3.75,3.8469265,3.8873885,3.8469265
2018-06-01,2018,3.68,3.9195757,3.9065409,3.9195757
2018-06-04,2018,3.66,4.0484524,4.015333,4.0484524
2018-06-05,2018,3.72,4.0636864,4.060321,4.0636864
2018-06-06,2018,3.96,3.7431376,3.8849387,3.7431376
2018-06-07,2018,3.96,3.8135974,4.036613,3.8135974
2018-06-08,2018,3.9,3.8239017,4.031464,3.8239017
2018-06-11,2018,4.02,4.028738,4.1254287,4.028738
2018-06-12,2018,4.05,4.0676703,4.0722795,4.0676703
2018-06-13,2018,4.0,4.088447,4.035722,4.088447
2018-06-14,2018,3.95,3.959266,3.9650416,3.959266
2018-06-15,2018,3.96,3.777789,3.8909364,3.777789
2018-06-18,2018,3.97,3.8580432,3.6759126,3.8580432
2018-06-19,2018,3.97,3.8920503,3.8792837,3.8643444
2018-06-20,2018,3.85,3.9139638,3.949673,3.9139638
2018-06-21,2018,3.78,3.9188073,3.858283,3.8818336
2018-06-22,2018,3.8,3.917438,3.7956436,3.7784553
2018-06-25,2018,3.74,3.9516153,3.8680096,3.8595486
2018-06-26,2018,3.66,3.9004507,3.794767,3.737737
2018-06-27,2018,3.66,3.8553562,3.6868677,3.626902
2018-06-28,2018,3.64,3.8913503,3.6980743,3.5971737
2018-06-29,2018,3.61,3.8449159,3.6846344,3.6584387
2018-07-02,2018,3.48,3.85636,3.5965402,3.6768456
2018-07-03,2018,3.47,3.7979538,3.5845304,3.5452957
2018-07-04,2018,3.56,3.9194849,3.5442207,3.6230967
2018-07-05,2018,3.57,3.8451488,3.603462,3.5385518
2018-07-06,2018,3.53,3.8955996,3.4988227,3.5391808
2018-07-09,2018,3.58,3.6875749,3.5765243,3.4764352
2018-07-10,2018,3.57,3.7633436,3.5123758,3.547061
2018-07-11,2018,3.4,3.8927026,3.600115,3.719794
2018-07-12,2018,3.45,3.5565429,3.6618059,3.5458486
2018-07-13,2018,3.41,3.5988982,3.538675,3.5304277
2018-07-16,2018,3.39,3.6528988,3.4965994,3.5458057
2018-07-17,2018,3.37,3.6909468,3.5338562,3.5511432
2018-07-18,2018,3.31,3.6191497,3.6309679,3.5683868
2018-07-19,2018,3.27,3.7404902,3.5239084,3.6267326
2018-07-20,2018,3.28,3.7111533,3.4635308,3.5174575
2018-07-23,2018,3.41,3.8331103,3.4987302,3.413055
2018-07-24,2018,3.57,3.757197,3.65561,3.5017989
2018-07-25,2018,3.59,3.4249382,3.4943247,3.4249382
2018-07-26,2018,3.56,3.5182686,3.450157,3.5182686
2018-07-27,2018,3.55,3.4881318,3.4717839,3.4881318
2018-07-30,2018,3.52,3.5250678,3.5200107,3.5250678
2018-07-31,2018,3.54,3.53369,3.504629,3.53369
2018-08-01,2018,3.47,3.5424905,3.505353,3.5424905
2018-08-02,2018,3.36,3.5208576,3.460932,3.5208576
2018-08-03,2018,3.3,3.5299006,3.4500666,3.5299006
2018-08-06,2018,3.28,3.4928362,3.4156692,3.4928365
2018-08-07,2018,3.39,3.502434,3.397071,3.3543236
2018-08-08,2018,3.39,3.5733345,3.449472,3.3926227
2018-08-09,2018,3.46,3.5216472,3.4341414,3.4230728
2018-08-10,2018,3.43,3.4017994,3.3801014,3.3488336
2018-08-13,2018,3.41,3.36345,3.2614348,3.193951
2018-08-14,2018,3.39,3.3203743,3.3409963,3.2809343
2018-08-15,2018,3.31,3.3961112,3.4055462,3.4759877
2018-08-16,2018,3.24,3.335525,3.1738098,3.335525
2018-08-17,2018,3.23,3.2878647,3.337992,3.2878647
2018-08-20,2018,3.28,3.158133,3.2819166,3.0744915
2018-08-21,2018,3.32,3.37368,3.3778987,3.37368
2018-08-22,2018,3.3,3.397718,3.3579068,3.397718
2018-08-23,2018,3.3,3.3352778,3.3817754,3.3352778
2018-08-24,2018,3.31,3.4292715,3.368136,3.4292715
2018-08-27,2018,3.43,3.4483652,3.455963,3.4483652
2018-08-28,2018,3.43,3.3929243,3.473331,3.3929243
2018-08-29,2018,3.43,3.4830904,3.436326,3.4830904
2018-08-30,2018,3.39,3.3826394,3.4020336,3.3826394
2018-08-31,2018,3.4,3.3869534,3.41569,3.3869534
2018-09-03,2018,3.37,3.34783,3.3819284,3.34783
2018-09-04,2018,3.4,3.3429213,3.3311148,3.3429213
2018-09-05,2018,3.37,3.3191562,3.298499,3.3191562
2018-09-06,2018,3.39,3.3598132,3.3140013,3.3598132
2018-09-07,2018,3.44,3.4416494,3.318259,3.4416494
2018-09-10,2018,3.35,3.4101956,3.318708,3.4101956
2018-09-11,2018,3.33,3.4333801,3.3440552,3.4333801
2018-09-12,2018,3.32,3.4599714,3.29595,3.4599714
2018-09-13,2018,3.4,3.5684204,3.3656347,3.5684204
2018-09-14,2018,3.45,3.4082642,3.3646326,3.4082642
2018-09-17,2018,3.4,3.4060104,3.3326602,3.4060104
2018-09-18,2018,3.45,3.5191057,3.4514167,3.5191057
2018-09-19,2018,3.55,3.7171855,3.517592,3.7171855
2018-09-20,2018,3.53,3.7286854,3.528656,3.7286854
2018-09-21,2018,3.61,3.644415,3.62822,3.644415
2018-09-24,2018,3.6,3.6687095,3.723296,3.6687095
2018-09-25,2018,3.6,3.6773818,3.677146,3.6773818
2018-09-26,2018,3.59,3.5940943,3.6052248,3.5940943
2018-09-27,2018,3.55,3.4696887,3.4897976,3.4696887
2018-09-28,2018,3.57,3.5054426,3.401336,3.5054426
2018-09-29,2018,3.47,3.423314,3.430161,3.423314
2018-09-30,2018,3.47,3.4785583,3.4870071,3.4785583
2018-10-01,2018,3.47,3.4962184,3.4827924,3.4962184
2018-10-02,2018,3.47,3.4733858,3.4698367,3.4733858
2018-10-03,2018,3.47,3.4981365,3.505536,3.4981365
2018-10-04,2018,3.47,3.4681692,3.5174272,3.4681692
2018-10-05,2018,3.47,3.4759321,3.4643767,3.4759321
2018-10-08,2018,3.47,3.4706123,3.44128,3.4706123
2018-10-09,2018,3.59,3.4673939,3.4825742,3.4673939
2018-10-10,2018,3.69,3.5005705,3.486001,3.5005705
2018-10-11,2018,3.6,3.5092287,3.4464145,3.5092287
2018-10-12,2018,3.65,3.6196823,3.5411983,3.4955544
2018-10-15,2018,3.58,3.6947567,3.5566459,3.530484
2018-10-16,2018,3.34,3.7503881,3.5131483,3.655745
2018-10-17,2018,3.37,3.7372758,3.5278075,3.6203306
2018-10-18,2018,3.29,3.7565172,3.4701662,3.6009104
2018-10-19,2018,3.4,3.6349933,3.5178118,3.529687
2018-10-22,2018,3.5,3.572521,3.436156,3.4403734
2018-10-23,2018,3.48,3.6102118,3.3477309,3.4916723
2018-10-24,2018,3.51,3.5387735,3.3178298,3.4146678
2018-10-25,2018,3.56,3.5363014,3.3058875,3.3634264
2018-10-26,2018,3.55,3.525009,3.2853997,3.3978364
2018-10-29,2018,3.42,3.5044305,3.2434046,3.3100638
2018-10-30,2018,3.41,3.448381,3.3116736,3.397676
2018-10-31,2018,3.42,3.418189,3.4300902,3.418189
2018-11-01,2018,3.5,3.3888495,3.3317704,3.3888495
2018-11-02,2018,3.54,3.6386247,3.5256946,3.6386247
2018-11-05,2018,3.55,3.4806774,3.4367983,3.4806774
2018-11-06,2018,3.55,3.4360027,3.4449093,3.4360027
2018-11-07,2018,3.56,3.4682035,3.4374337,3.4682035
2018-11-08,2018,3.48,3.453644,3.453591,3.453644
2018-11-09,2018,3.42,3.3893802,3.3653007,3.3893802
2018-11-12,2018,3.44,3.3896124,3.3610153,3.3896124
2018-11-13,2018,3.46,3.370215,3.3337984,3.370215
2018-11-14,2018,3.44,3.353289,3.3483377,3.353289
2018-11-15,2018,3.48,3.3857598,3.427487,3.3857598
2018-11-16,2018,3.46,3.4073045,3.4540894,3.4073045
2018-11-19,2018,3.47,3.3759465,3.4994814,3.3759465
2018-11-20,2018,3.54,3.396332,3.433204,3.396332
2018-11-21,2018,3.53,3.4344745,3.4727519,3.4344745
2018-11-22,2018,3.51,3.3925982,3.4678104,3.3925982
2018-11-23,2018,3.39,3.4157531,3.4337695,3.4157531
2018-11-26,2018,3.34,3.4250665,3.42911,3.4250665
2018-11-27,2018,3.34,3.400908,3.4181051,3.400908
2018-11-28,2018,3.34,3.306003,3.392842,3.306003
2018-11-29,2018,3.38,3.320792,3.456939,3.320792
2018-11-30,2018,3.39,3.353231,3.456924,3.353231
2018-12-03,2018,3.44,3.4336321,3.490416,3.4336321
2018-12-04,2018,3.44,3.5264025,3.4937723,3.5264025
2018-12-05,2018,3.41,3.4995487,3.4525144,3.4995487
2018-12-06,2018,3.4,3.4718015,3.4400303,3.4718015
2018-12-07,2018,3.4,3.5056908,3.4407444,3.5056908
2018-12-10,2018,3.46,3.4630036,3.4296393,3.4630036
2018-12-11,2018,3.48,3.4222865,3.4210052,3.4222865
2018-12-12,2018,3.43,3.390147,3.4274385,3.390147
2018-12-13,2018,3.43,3.4298348,3.4180095,3.4298348
2018-12-14,2018,3.38,3.3919287,3.4242554,3.3919287
2018-12-17,2018,3.41,3.4735463,3.4565206,3.4735463
2018-12-18,2018,3.42,3.4360652,3.4835606,3.4360652
2018-12-19,2018,3.42,3.3850217,3.3379204,3.3850217
2018-12-20,2018,3.37,3.4007006,3.4242492,3.4007006
2018-12-21,2018,3.38,3.3747582,3.380129,3.3747582
2018-12-24,2018,3.39,3.360341,3.3989644,3.360341
2018-12-25,2018,3.39,3.3813605,3.398897,3.3813605
2018-12-26,2018,3.37,3.366675,3.4039285,3.366675
2018-12-27,2018,3.32,3.3986907,3.3981118,3.3986907
2018-12-28,2018,3.34,3.3830469,3.399612,3.3830469
2018-12-29,2018,3.01,3.3960414,3.3876798,3.3960414
2018-12-30,2018,3.01,3.252781,3.2716582,3.252781
2018-12-31,2018,3.01,3.0324852,3.101401,3.0324852
2019-01-01,2019,3.01,3.0704818,3.0584517,3.0704818
2019-01-02,2019,3.01,2.9488575,2.9849749,2.9488575
2019-01-03,2019,3.05,2.8884184,2.916631,2.8884184
2019-01-04,2019,3.08,3.1807709,3.1781313,3.1807709
2019-01-07,2019,3.08,3.2827547,3.0609949,3.2827547
2019-01-08,2019,3.04,3.3197546,3.125875,3.3197546
2019-01-09,2019,3.06,3.3427536,3.117108,3.3427536
2019-01-10,2019,3.07,3.208634,3.0336945,3.208634
2019-01-11,2019,3.05,3.2796566,3.146654,3.2796566
2019-01-14,2019,3.05,3.2728438,3.053053,3.2728438
2019-01-15,2019,3.05,3.216453,3.0895953,3.216453
2019-01-16,2019,2.99,3.2971127,3.1745133,3.2971127
2019-01-17,2019,3.0,3.3047438,3.1774652,3.3047438
2019-01-18,2019,3.03,3.4006479,3.3159947,3.4006479
2019-01-20,2019,3.01,3.3696337,3.2373595,3.3696337
2019-01-21,2019,3.01,3.2252204,3.1383739,3.2252204
2019-01-22,2019,2.98,3.2017167,3.1169868,3.2017167
2019-01-23,2019,2.98,3.1873407,3.1155505,3.1873407
2019-01-24,2019,2.97,3.1832473,3.1212275,3.1832473
2019-01-25,2019,2.98,3.3536987,3.2800817,3.3536987
2019-01-28,2019,2.99,3.3969011,3.2114358,3.3969011
2019-01-29,2019,2.95,3.3398886,3.2316139,3.3398886
2019-01-30,2019,2.97,3.3487675,3.295303,3.3487675
2019-01-31,2019,2.98,2.857689,3.043298,2.857689
2019-02-01,2019,3.01,2.9243248,3.0393157,2.9243248
2019-02-02,2019,3.05,3.129094,2.9617627,3.129094
2019-02-03,2019,3.05,3.0548506,3.0046039,3.0548506
2019-02-04,2019,3.05,3.0351655,3.0015836,3.0351655
2019-02-05,2019,3.05,3.0983233,2.9943404,3.0983233
2019-02-06,2019,3.05,3.095322,3.001562,3.095322
2019-02-07,2019,3.05,3.0042317,3.0102634,3.0042317
2019-02-08,2019,3.05,3.016207,3.0326114,3.016207
2019-02-11,2019,3.05,3.0360398,3.0572603,3.0360398
2019-02-12,2019,3.08,3.0016494,3.0264382,3.0016494
2019-02-13,2019,3.2,3.0501003,3.0648055,3.0501003
2019-02-14,2019,3.17,3.0207653,3.0686042,3.0207653
2019-02-15,2019,3.25,3.0716312,3.0549002,3.0716312
2019-02-17,2019,3.4,3.0361147,3.1410515,3.0361147
2019-02-18,2019,3.4,3.10943,3.4835308,3.4682093
2019-02-19,2019,3.39,3.1437259,3.4066627,3.4329665
2019-02-20,2019,3.51,3.1545622,3.4284515,3.4611537
2019-02-21,2019,3.49,3.349403,3.3759499,3.349403
2019-02-22,2019,3.48,3.5807815,3.5037017,3.5807815
2019-02-25,2019,3.74,3.5650592,3.627076,3.5650592
2019-02-26,2019,3.69,3.5713096,3.6970723,3.6847577
2019-02-27,2019,3.63,3.5633378,3.6472127,3.7044778
2019-02-28,2019,3.58,3.6105392,3.642274,3.6886146
2019-03-01,2019,3.63,3.665354,3.620458,3.7418635
2019-03-04,2019,3.63,3.610955,3.5290225,3.610955
2019-03-05,2019,3.61,3.6178265,3.592546,3.6178267
2019-03-06,2019,3.7,3.6074648,3.6072714,3.6074646
2019-03-07,2019,3.77,3.5453022,3.485483,3.545302
2019-03-08,2019,3.55,3.395863,3.6572533,3.587709
2019-03-11,2019,3.61,3.449237,3.6892073,3.672613
2019-03-12,2019,3.6,3.535063,3.7200098,3.625817
2019-03-13,2019,3.56,3.5288754,3.6782486,3.633929
2019-03-14,2019,3.45,3.4573934,3.6317334,3.6107967
2019-03-15,2019,3.48,3.491622,3.6450148,3.604153
2019-03-18,2019,3.56,3.5753582,3.7303934,3.7349355
2019-03-19,2019,3.55,3.5912266,3.7228284,3.6848884
2019-03-20,2019,3.54,3.5628223,3.7173133,3.7144144
2019-03-21,2019,3.64,3.6242275,3.7199416,3.7270474
2019-03-22,2019,3.59,3.7667484,3.799707,3.7838576
2019-03-25,2019,3.52,3.705397,3.7713454,3.6958098
2019-03-26,2019,3.5,3.6871257,3.683037,3.6801527
2019-03-27,2019,3.47,3.6474612,3.7389615,3.6877227
2019-03-28,2019,3.45,3.3853066,3.642465,3.4995253
2019-03-29,2019,3.51,3.6828957,3.6222527,3.7343335
2019-04-01,2019,3.65,3.774305,3.8620636,3.8801203
2019-04-02,2019,3.66,3.7585528,3.6139464,3.6661766
2019-04-03,2019,3.7,3.6478844,3.6591873,3.628898
2019-04-04,2019,3.73,3.7281988,3.7467492,3.7494996
2019-04-05,2019,3.75,3.710533,3.692366,3.7925384
2019-04-08,2019,3.75,3.7133508,3.6764517,3.7586634
2019-04-09,2019,3.69,3.7431016,3.7719235,3.8526208
2019-04-10,2019,3.68,3.7665255,3.7556963,3.8525355
2019-04-11,2019,3.61,3.7368615,3.6659234,3.7130847
2019-04-12,2019,3.55,3.7302117,3.6432598,3.668012
2019-04-15,2019,3.52,3.7205849,3.662109,3.6457884
2019-04-16,2019,3.63,3.7871733,3.6627178,3.6949348
2019-04-17,2019,3.59,3.7034242,3.6103685,3.6497748
2019-04-18,2019,3.56,3.6799297,3.6871586,3.6306934
2019-04-19,2019,3.57,3.681468,3.700625,3.6181183
2019-04-22,2019,3.54,3.6692994,3.704988,3.629483
2019-04-23,2019,3.47,3.6627254,3.625509,3.6092305
2019-04-24,2019,3.49,3.6189632,3.637039,3.6185994
2019-04-25,2019,3.39,3.6571186,3.6018753,3.5530565
2019-04-26,2019,3.33,3.535388,3.61174,3.6327903
2019-04-28,2019,3.31,3.5715783,3.584659,3.5767756
2019-04-29,2019,3.31,3.5715609,3.5931637,3.594978
2019-04-30,2019,3.32,3.5717742,3.5988505,3.6081614
2019-05-01,2019,3.18,3.4609985,3.5267806,3.4901683
2019-05-02,2019,3.18,3.138118,3.2411172,3.138118
2019-05-03,2019,3.18,3.0372343,3.1476288,3.064435
2019-05-05,2019,3.18,3.1190507,3.1752057,3.1190507
2019-05-06,2019,3.18,3.1243968,3.1957078,3.1243968
2019-05-07,2019,3.21,3.1422307,3.15697,3.1422307
2019-05-08,2019,3.28,3.0901065,3.1029613,3.0901065
2019-05-09,2019,3.2,3.0294063,3.037552,3.0294063
2019-05-10,2019,3.25,3.2452636,3.2254875,3.2452636
2019-05-13,2019,3.2,3.3191452,3.320554,3.3191452
2019-05-14,2019,3.25,3.2570152,3.2691894,3.2570152
2019-05-15,2019,3.26,3.3226614,3.3236096,3.3226614
2019-05-16,2019,3.31,3.2849977,3.2892234,3.2849977
2019-05-17,2019,3.21,3.1878636,3.2271278,3.1878636
2019-05-20,2019,3.19,3.150819,3.1791906,3.150819
2019-05-21,2019,3.24,3.2077773,3.231409,3.2077773
2019-05-22,2019,3.23,3.2153065,3.2124243,3.2153065
2019-05-23,2019,3.19,3.2909698,3.2327101,3.2909698
2019-05-24,2019,3.2,3.2323513,3.1833258,3.2323513
2019-05-26,2019,3.22,3.2417796,3.2350588,3.2417796
2019-05-27,2019,3.22,3.2527828,3.2259243,3.2527828
2019-05-28,2019,3.23,3.246718,3.2215574,3.246718
2019-05-29,2019,3.23,3.2560127,3.2320802,3.2560127
2019-05-30,2019,3.21,3.2796693,3.2406557,3.2796693
2019-05-31,2019,3.25,3.3295555,3.2826717,3.3295555
2019-06-03,2019,3.34,3.3532434,3.3297987,3.3532434
2019-06-04,2019,3.31,3.301832,3.3331418,3.3292174
2019-06-05,2019,3.36,3.2915652,3.3786705,3.3879755
2019-06-06,2019,3.3,3.309215,3.3282297,3.3674877
2019-06-07,2019,3.25,3.4094357,3.3714845,3.4094357
2019-06-10,2019,3.25,3.3402193,3.3015099,3.3402193
2019-06-11,2019,3.32,3.412804,3.3563504,3.412804
2019-06-12,2019,3.42,3.424105,3.3557277,3.424105
2019-06-13,2019,3.4,3.419095,3.3693273,3.419095
2019-06-14,2019,3.48,3.3760965,3.3364062,3.3760965
2019-06-17,2019,3.43,3.387486,3.3511767,3.387486
2019-06-18,2019,3.47,3.3652656,3.3713055,3.3652656
2019-06-19,2019,3.47,3.4675355,3.3827937,3.4675355
2019-06-20,2019,3.63,3.5467176,3.7720785,3.5467176
2019-06-21,2019,3.73,3.8004014,3.6258569,3.8004014
2019-06-24,2019,3.75,3.7546575,3.694111,3.7546575
2019-06-25,2019,3.92,3.7733738,3.734759,3.7733738
2019-06-26,2019,3.67,3.7679634,3.755991,3.7679634
2019-06-27,2019,3.73,3.7277384,3.7036426,3.7277384
2019-06-28,2019,3.77,3.7206125,3.7253723,3.7206125
2019-07-01,2019,3.74,3.7330234,3.7524445,3.7330234
2019-07-02,2019,3.78,3.7760231,3.8658764,3.7760231
2019-07-03,2019,3.83,3.7747393,3.8038337,3.7747393
2019-07-04,2019,3.72,3.8423176,3.7428627,3.8423176
2019-07-05,2019,3.76,3.7491953,3.742848,3.7491953
2019-07-08,2019,3.7,3.651388,3.632159,3.651388
2019-07-09,2019,3.65,3.664723,3.6279924,3.664723
2019-07-10,2019,3.58,3.6874912,3.648336,3.6874912
2019-07-11,2019,3.58,3.6705723,3.6720188,3.6705723
2019-07-12,2019,3.52,3.7254448,3.7353413,3.7254448
2019-07-15,2019,3.55,3.7343037,3.7413933,3.7343037
2019-07-16,2019,3.57,3.7004676,3.7390325,3.7004676
2019-07-17,2019,3.52,3.7603471,3.775708,3.7603471
2019-07-18,2019,3.53,3.7879834,3.8314612,3.7879834
2019-07-19,2019,3.67,3.8305025,3.831027,3.8305025
2019-07-22,2019,3.61,3.7712219,3.8359447,3.7712219
2019-07-23,2019,3.61,3.7820804,3.792525,3.7820804
2019-07-24,2019,3.64,3.76836,3.789758,3.76836
2019-07-25,2019,3.61,3.7887664,3.8046362,3.7887664
2019-07-26,2019,3.58,3.7969613,3.8240929,3.7969613
2019-07-29,2019,3.57,3.759383,3.7999716,3.759383
2019-07-30,2019,3.63,3.805991,3.8868601,3.805991
2019-07-31,2019,3.66,3.7908974,3.8276522,3.7908974
2019-08-01,2019,3.58,3.7395992,3.8258653,3.7395992
2019-08-02,2019,3.58,3.7997658,3.8058083,3.7997658
2019-08-05,2019,3.79,3.6281981,3.7256784,3.6281981
2019-08-06,2019,3.69,3.6530206,3.684427,3.6530206
2019-08-07,2019,3.78,3.5569081,3.6256957,3.5569081
2019-08-08,2019,3.8,3.659223,3.7759774,3.659223
2019-08-09,2019,3.73,3.7470608,3.9034357,3.7470608
2019-08-12,2019,3.71,3.725743,3.9905953,3.725743
2019-08-13,2019,3.83,3.6648748,3.7883477,3.6648748
2019-08-14,2019,3.72,3.8015635,4.0410357,3.8015635
2019-08-15,2019,3.71,3.7557447,4.022792,3.7557447
2019-08-16,2019,3.71,3.7689965,3.9653647,3.7689965
2019-08-19,2019,3.68,3.7898226,3.9564145,3.7898226
2019-08-20,2019,3.7,3.6450562,3.8777769,3.6450562
2019-08-21,2019,3.66,3.6828825,3.77393,3.6828825
2019-08-22,2019,3.62,3.7308528,3.793267,3.7308528
2019-08-23,2019,3.63,3.7710872,3.7368436,3.7612367
2019-08-26,2019,3.69,3.845534,3.7451906,3.7530558
2019-08-27,2019,3.69,3.8307562,3.7356746,3.6925051
2019-08-28,2019,3.64,3.6895976,3.7265685,3.6895976
2019-08-29,2019,3.7,3.6464322,3.6682553,3.6464322
2019-08-30,2019,3.66,3.6480148,3.6732163,3.656397
2019-09-01,2019,3.62,3.610237,3.6294885,3.6251137
2019-09-02,2019,3.62,3.7349746,3.7655928,3.6857805
2019-09-03,2019,3.57,3.7455697,3.710812,3.7036526
2019-09-04,2019,3.59,3.6867914,3.76636,3.7187705
2019-09-05,2019,3.63,3.7990782,3.8836992,3.7840438
2019-09-06,2019,3.54,3.828011,3.738076,3.8280444
2019-09-09,2019,3.55,3.749339,3.7348351,3.7752955
2019-09-10,2019,3.54,3.6753588,3.7473438,3.6372025
2019-09-11,2019,3.56,3.6460419,3.703261,3.550028
2019-09-12,2019,3.55,3.5656378,3.628493,3.4999797
2019-09-13,2019,3.58,3.5020094,3.6075249,3.5052655
2019-09-16,2019,3.58,3.5206807,3.6054583,3.5206807
2019-09-17,2019,3.49,3.6231754,3.5864434,3.6231754
2019-09-18,2019,3.48,3.628535,3.593759,3.628535
2019-09-19,2019,3.47,3.625666,3.6016417,3.625666
2019-09-20,2019,3.5,3.5843189,3.5849996,3.5843189
2019-09-23,2019,3.45,3.592309,3.4670126,3.545924
2019-09-24,2019,3.44,3.5690463,3.4514768,3.4646828
2019-09-25,2019,3.41,3.590573,3.5893583,3.5335
2019-09-26,2019,3.31,3.5990694,3.5290177,3.565433
2019-09-27,2019,3.29,3.5699656,3.5044494,3.548796
2019-09-29,2019,3.27,3.4730287,3.7040083,3.503046
2019-09-30,2019,3.27,3.5908592,3.6402853,3.5683172
2019-10-01,2019,3.26,3.6372297,3.7003338,3.664874
2019-10-02,2019,3.26,3.5764098,3.5457926,3.5503879
2019-10-03,2019,3.26,3.5710096,3.6033602,3.5568194
2019-10-04,2019,3.26,3.5231676,3.2905154,3.2805102
2019-10-07,2019,3.26,3.5460749,3.2842522,3.2320168
2019-10-08,2019,3.26,3.541808,3.243487,3.2205856
2019-10-09,2019,3.32,3.543447,3.2289026,3.2036555
2019-10-10,2019,3.33,3.5736716,3.4227486,3.4124067
2019-10-11,2019,3.34,3.516808,3.4963725,3.4031103
2019-10-12,2019,3.33,3.51062,3.4404743,3.444654
2019-10-14,2019,3.33,3.5363123,3.4720237,3.439648
2019-10-15,2019,3.3,3.580848,3.5011356,3.4365597
2019-10-16,2019,3.28,3.6913004,3.532004,3.571484
2019-10-17,2019,3.27,3.668221,3.6215775,3.6371384
2019-10-18,2019,3.21,3.579561,3.6260161,3.5977664
2019-10-21,2019,3.22,3.5598335,3.6402628,3.5435517
2019-10-22,2019,3.21,3.5447552,3.5859056,3.5130644
2019-10-23,2019,3.24,3.5399654,3.5690792,3.5438387
2019-10-24,2019,3.21,3.5976827,3.5856302,3.563636
2019-10-25,2019,3.24,3.597841,3.5429246,3.529658
2019-10-28,2019,3.36,3.5797086,3.5930364,3.5191085
2019-10-29,2019,3.31,3.52717,3.5876331,3.509445
2019-10-30,2019,3.35,3.5494719,3.576317,3.5662928
2019-10-31,2019,3.38,3.6320028,3.6753168,3.628761
2019-11-01,2019,3.37,3.676167,3.6854303,3.7218351
2019-11-04,2019,3.47,3.5912306,3.6240826,3.6106138
2019-11-05,2019,3.47,3.571085,3.6262968,3.5818098
2019-11-06,2019,3.59,3.5549495,3.5321558,3.5948274
2019-11-07,2019,3.59,3.5361197,3.5715954,3.617229
2019-11-08,2019,3.59,3.5794725,3.70342,3.7145972
2019-11-11,2019,3.5,3.671167,3.6098156,3.6286771
2019-11-12,2019,3.44,3.6996021,3.5917914,3.6366873
2019-11-13,2019,3.49,3.6702309,3.622241,3.5732362
2019-11-14,2019,3.44,3.6342752,3.4770699,3.4510555
2019-11-15,2019,3.53,3.6389296,3.4570997,3.509571
2019-11-18,2019,3.53,3.624585,3.4964623,3.4911063
2019-11-19,2019,3.53,3.5677793,3.4958801,3.4785032
2019-11-20,2019,3.53,3.5528374,3.3994956,3.389885
2019-11-21,2019,3.53,3.6132395,3.5073035,3.458346
2019-11-22,2019,3.62,3.580632,3.4067898,3.3817916
2019-11-25,2019,3.77,3.582436,3.3914301,3.3997285
2019-11-26,2019,3.77,3.543994,3.4101758,3.3813462
2019-11-27,2019,3.68,3.5398157,3.4371688,3.4227552
2019-11-28,2019,3.64,3.5526352,3.4544313,3.4003592
2019-11-29,2019,3.56,3.6155035,3.415075,3.405939
2019-12-02,2019,3.7,3.6426394,3.4812627,3.4819205
2019-12-03,2019,3.73,3.5946093,3.4768474,3.4153593
2019-12-04,2019,3.77,3.6325316,3.5151877,3.537829
2019-12-05,2019,3.7,3.5814154,3.5201523,3.5316103
2019-12-06,2019,3.68,3.5987585,3.610879,3.5960915
2019-12-09,2019,3.85,3.5300055,3.5192738,3.498407
2019-12-10,2019,3.96,3.739883,3.8572917,3.739883
2019-12-11,2019,3.95,3.7248943,3.762521,3.7248943
2019-12-12,2019,3.93,3.744659,3.8438144,3.744659
2019-12-13,2019,3.96,3.7478435,3.8234074,3.7478435
2019-12-16,2019,3.95,3.8151784,3.9194584,3.8151784
2019-12-17,2019,3.99,3.81643,3.9643497,3.81643
2019-12-18,2019,3.97,3.845624,3.9668784,3.845624
2019-12-19,2019,4.1,3.7996614,3.9747374,3.7996614
2019-12-20,2019,4.02,3.871569,3.9476335,3.871569
2019-12-23,2019,3.97,3.9059715,3.9233637,3.9059715
2019-12-24,2019,4.12,4.05769,4.0289216,4.05769
2019-12-25,2019,4.14,4.068694,4.066799,4.068694
2019-12-26,2019,4.19,4.1951666,4.105395,4.1951666
2019-12-27,2019,4.46,4.140116,4.092841,4.140116
2019-12-30,2019,4.49,4.3261895,4.284937,4.3261895
2019-12-31,2019,4.59,4.394147,4.3064404,4.394147
2020-01-01,2020,4.75,4.372092,4.3755894,4.372092
2020-01-02,2020,4.75,4.275235,4.3427963,4.275235
2020-01-03,2020,4.8,4.2559896,4.42527,4.2559896
2020-01-06,2020,4.86,4.969941,5.012702,4.969941
2020-01-07,2020,4.67,4.895567,4.8701606,4.895567
2020-01-08,2020,4.7,4.6099,4.681238,4.6099
2020-01-09,2020,4.51,4.4982843,4.6393156,4.4982843
2020-01-10,2020,4.54,4.8086424,4.8321815,4.8086424
2020-01-13,2020,4.63,4.67548,4.6951213,4.67548
2020-01-14,2020,4.74,4.5061636,4.488346,4.5061636
2020-01-15,2020,4.6,4.5792894,4.5486975,4.5792894
2020-01-16,2020,4.52,4.598127,4.519633,4.598127
2020-01-17,2020,4.62,4.7568917,4.7451787,4.7568917
2020-01-19,2020,4.54,4.564118,4.6474085,4.564118
2020-01-20,2020,4.54,4.5319915,4.5893664,4.5319915
2020-01-21,2020,4.36,4.5308824,4.49434,4.5308824
2020-01-22,2020,4.43,4.4176025,4.5940795,4.4176025
2020-01-23,2020,4.29,4.2537837,4.508541,4.2537837
2020-01-24,2020,3.86,4.3048263,4.4147453,4.3048263
2020-01-27,2020,3.86,3.9698694,3.9693177,3.7184925
2020-01-28,2020,3.86,4.1757994,3.980279,3.988428
2020-01-29,2020,3.86,4.023647,3.8662732,3.8136568
2020-01-30,2020,3.86,3.9286551,3.8329368,3.7463825
2020-01-31,2020,3.86,4.0037117,3.8247106,3.89768
2020-02-03,2020,3.86,3.887598,3.7658396,3.7857463
2020-02-04,2020,3.98,3.5217428,3.770915,3.8421724
2020-02-05,2020,4.03,3.6250496,4.017253,3.9731507
2020-02-06,2020,4.13,3.719103,4.0217667,3.9506583
2020-02-07,2020,4.1,3.6876593,3.9038908,3.8982742
2020-02-10,2020,4.2,3.8815274,3.9725108,3.923653
2020-02-11,2020,4.24,3.9401338,3.932906,3.8883102
2020-02-12,2020,4.3,4.1190033,4.137388,4.1190033
2020-02-13,2020,4.32,4.1215615,4.196656,4.1215615
2020-02-14,2020,4.54,4.1416965,4.1673565,4.1416965
2020-02-16,2020,4.61,4.2910776,4.194248,4.2910776
2020-02-17,2020,4.61,4.2445126,4.457843,4.5386944
2020-02-18,2020,4.57,4.2620015,4.4724383,4.5743566
2020-02-19,2020,4.59,4.2943416,4.5295424,4.623442
2020-02-20,2020,4.59,4.432001,4.5498114,4.740728
2020-02-21,2020,4.7,4.6953855,4.77508,4.94391
2020-02-24,2020,4.72,4.922416,4.980807,4.922416
2020-02-25,2020,4.57,4.8233914,4.674541,4.775401
2020-02-26,2020,4.36,4.5819826,4.6110544,4.526171
2020-02-27,2020,4.41,4.3812675,4.549526,4.3812675
2020-02-28,2020,4.16,4.043946,3.3104482,4.043946
2020-03-02,2020,4.3,4.2405796,4.2120137,4.23506
2020-03-03,2020,4.3,4.3468795,4.6959,4.3120537
2020-03-04,2020,4.33,4.4926305,4.8217816,4.5200996
2020-03-05,2020,4.35,4.5952687,4.94854,4.583362
2020-03-06,2020,4.38,4.3842406,4.4324346,4.3842406
2020-03-09,2020,4.08,4.301427,4.214419,4.301427
2020-03-10,2020,4.04,4.1911216,4.186397,4.1911216
2020-03-11,2020,4.02,3.9575727,4.015817,3.9575727
2020-03-12,2020,3.92,3.8594058,3.884489,3.8594058
2020-03-13,2020,3.84,3.6999502,3.7973673,3.6999502
2020-03-16,2020,3.64,3.8710144,3.60357,3.8710144
2020-03-17,2020,3.48,3.2674022,3.7277822,3.768997
2020-03-18,2020,3.41,3.349404,3.4650116,3.3392608
2020-03-19,2020,3.36,3.1531458,3.7201412,3.4879217
2020-03-20,2020,3.46,3.2234733,3.3244689,3.3586469
2020-03-23,2020,3.46,3.0371017,3.3505414,3.570736
2020-03-24,2020,3.74,3.870503,4.1855273,3.870503
2020-03-25,2020,3.8,3.9561641,3.7165277,3.9561641
2020-03-26,2020,3.77,3.8108304,3.7391236,3.8108304
2020-03-27,2020,3.79,3.79116,3.8707957,3.79116
2020-03-30,2020,3.69,3.734818,3.7976484,3.734818
2020-03-31,2020,3.69,3.6884973,3.7515655,3.6884973
2020-04-01,2020,3.73,3.596971,3.5670342,3.5425937
2020-04-02,2020,3.7,3.8112326,3.7008662,3.8262584
2020-04-03,2020,3.7,3.7126884,3.7748942,3.7824912
2020-04-06,2020,3.97,3.9531107,3.9179745,3.9531107
2020-04-07,2020,3.97,4.065666,4.051056,4.065666
2020-04-08,2020,3.95,4.074794,4.1220713,3.9138694
2020-04-09,2020,3.95,4.269032,4.0759573,4.0906167
2020-04-10,2020,3.97,4.200877,4.0753508,4.093227
2020-04-13,2020,4.0,4.1899166,4.0824995,4.0664954
2020-04-14,2020,4.28,4.053005,3.9777353,4.053005
2020-04-15,2020,4.26,4.029654,4.022219,4.029654
2020-04-16,2020,4.25,4.021219,4.195406,4.063611
2020-04-17,2020,4.13,3.9763272,3.8611486,4.0299606
2020-04-20,2020,4.14,4.110515,4.1411185,4.110515
2020-04-21,2020,4.09,4.0647125,3.843203,4.008396
2020-04-22,2020,4.06,3.9613347,3.9287894,3.9613347
2020-04-23,2020,4.15,4.1470814,4.0467496,4.1470814
2020-04-24,2020,4.23,4.167355,4.0853724,4.167355
2020-04-26,2020,3.84,4.129519,4.1376286,4.129519
2020-04-27,2020,3.84,4.122205,4.101142,4.0774174
2020-04-28,2020,3.97,4.110626,4.1130133,4.1208906
2020-04-29,2020,3.92,4.1433825,4.097492,4.159221
2020-04-30,2020,3.91,3.9905217,3.9453266,3.9987483
2020-05-01,2020,3.96,3.9634285,3.9705105,3.955907
2020-05-04,2020,3.96,3.977765,4.018738,3.9997725
2020-05-05,2020,3.96,4.043882,4.0641212,4.085415
2020-05-06,2020,3.96,3.9424865,4.0237203,3.8622646
2020-05-07,2020,3.95,3.8348007,3.9241471,3.8570275
2020-05-08,2020,4.01,4.135381,4.0059524,4.0717673
2020-05-09,2020,3.95,3.916723,3.8991728,3.916723
2020-05-11,2020,3.95,3.9409728,4.023962,3.9409728
2020-05-12,2020,3.88,4.0590515,4.1234374,4.0590515
2020-05-13,2020,3.88,4.1225996,4.0441337,4.0906506
2020-05-14,2020,3.83,4.1618423,4.0999465,4.167844
2020-05-15,2020,3.94,4.227892,4.1058145,4.2201633
2020-05-18,2020,4.14,4.090979,4.16334,4.135061
2020-05-19,2020,4.02,4.1523523,4.119278,4.0242033
2020-05-20,2020,4.12,4.213871,4.1573386,4.125007
2020-05-21,2020,4.03,3.9995155,4.0201173,3.9995155
2020-05-22,2020,3.92,4.064554,4.082632,4.064554
2020-05-24,2020,3.84,3.9986045,4.058798,3.9986045
2020-05-25,2020,3.84,3.888108,4.06587,3.888108
2020-05-26,2020,3.88,3.8721285,4.0224648,3.8721285
2020-05-27,2020,3.8,3.8693128,3.9408734,3.8693128
2020-05-28,2020,3.83,3.9101348,4.02612,3.9101348
2020-05-29,2020,3.78,3.9107206,3.9985209,3.9107206
2020-06-01,2020,3.89,4.170241,4.12177,4.170241
2020-06-02,2020,3.88,3.9492753,3.9985414,3.9492753
2020-06-03,2020,3.93,3.986429,3.8825884,3.986429
2020-06-04,2020,3.85,3.9151154,3.9653404,3.861271
2020-06-05,2020,3.82,4.164435,4.0186343,3.7319279
2020-06-08,2020,4.01,4.0541897,4.0094056,3.9801235
2020-06-09,2020,4.04,4.242964,4.0572267,4.1016197
2020-06-10,2020,4.01,4.256751,4.0415893,4.088602
2020-06-11,2020,4.05,4.2241654,3.9008517,3.930046
2020-06-12,2020,3.97,4.2344604,3.960992,3.9977782
2020-06-15,2020,3.91,4.117591,3.9578485,3.936399
2020-06-16,2020,4.0,4.2171726,3.8948429,3.8854945
2020-06-17,2020,4.03,4.2256026,3.901196,3.921302
2020-06-18,2020,4.15,4.2571545,3.9364126,4.0045795
2020-06-19,2020,4.16,4.3498526,3.995442,4.0925417
2020-06-22,2020,4.25,4.411541,4.0762706,4.116493
2020-06-23,2020,4.24,4.5634437,4.157698,4.1612124
2020-06-24,2020,4.38,4.5021877,4.110696,4.1673064
2020-06-25,2020,4.37,4.4473166,4.187675,4.2320046
2020-06-26,2020,4.37,4.4260716,4.157193,4.257826
2020-06-28,2020,4.37,4.435359,4.361834,4.435359
2020-06-29,2020,4.37,4.367496,4.362775,4.367496
2020-06-30,2020,4.4,4.521731,4.562981,4.521731
2020-07-01,2020,4.59,4.476373,4.463621,4.476373
2020-07-02,2020,4.62,4.6236873,4.5850925,4.6236873
2020-07-03,2020,4.75,4.9551063,4.8133144,4.933403
2020-07-06,2020,5.11,4.8705463,4.906265,4.8705463
2020-07-07,2020,5.13,5.118289,5.05682,5.118289
2020-07-08,2020,5.58,5.2731996,5.2100616,5.2731996
2020-07-09,2020,6.14,5.207218,5.2356987,5.207218
2020-07-10,2020,5.66,5.329268,5.3184137,5.329268
2020-07-13,2020,6.0,5.562362,5.5373116,5.5623617
2020-07-14,2020,5.82,5.4394555,6.192521,5.956581
2020-07-15,2020,5.65,5.3118277,5.754212,5.6083746
2020-07-16,2020,5.44,4.9595733,5.2466383,5.2583213
2020-07-17,2020,5.35,5.0131493,5.363322,5.2780814
2020-07-20,2020,5.61,5.2600937,5.6082516,5.5435696
2020-07-21,2020,5.68,5.3933554,5.658413,5.6143126
2020-07-22,2020,5.85,5.4079022,5.785723,5.6593323
2020-07-23,2020,5.82,5.791279,5.8821692,5.791279
2020-07-24,2020,5.63,5.2434926,5.4487653,5.2434926
2020-07-27,2020,6.02,5.4873905,5.5779276,5.4873905
2020-07-28,2020,5.76,5.673522,5.6949115,5.673522
2020-07-29,2020,5.74,5.898311,5.9585023,5.898311
2020-07-30,2020,5.65,5.7328696,5.9735813,5.7328696
2020-07-31,2020,5.85,5.8761997,5.8829446,5.9231014
2020-08-03,2020,5.84,6.116805,6.0216236,6.1030626
2020-08-04,2020,5.79,6.1017795,6.0665855,6.140387
2020-08-05,2020,6.04,6.154448,5.973983,6.1042695
2020-08-06,2020,6.57,6.1499968,5.9685545,6.0175395
2020-08-07,2020,6.64,5.3623095,5.750411,5.390121
2020-08-10,2020,6.33,5.9199624,5.8338065,5.9199624
2020-08-11,2020,6.03,5.8092747,5.7938986,5.8092747
2020-08-12,2020,5.7,5.328353,5.7909985,5.3283525
2020-08-13,2020,5.72,5.244341,5.415564,5.3964615
2020-08-14,2020,5.78,5.513228,5.624157,5.6378074
2020-08-17,2020,6.11,5.4030895,5.7816567,5.495632
2020-08-18,2020,6.36,5.6572704,5.913448,5.6764317
2020-08-19,2020,6.5,5.4575057,5.9753213,5.4597077
2020-08-20,2020,6.32,5.762099,6.0329943,5.762099
2020-08-21,2020,6.2,5.9546523,5.976056,5.9546523
2020-08-24,2020,6.7,5.881604,6.055487,5.881604
2020-08-25,2020,6.6,5.9225836,6.084537,5.9225836
2020-08-26,2020,6.53,5.795869,6.375152,6.171179
2020-08-27,2020,6.48,6.0372233,6.4120445,6.459458
2020-08-28,2020,6.65,6.17405,6.545244,6.480345
2020-08-31,2020,7.19,6.7666035,6.7718287,6.7666035
2020-09-01,2020,7.34,6.9114566,6.882443,6.9114566
2020-09-02,2020,7.13,6.995344,6.935853,6.995344
2020-09-03,2020,7.06,6.573948,6.6295977,6.573948
2020-09-04,2020,7.0,6.602604,6.66253,6.602604
2020-09-06,2020,7.09,6.6129932,6.581841,6.6129932
2020-09-07,2020,7.09,6.74313,6.699968,6.74313
2020-09-08,2020,7.04,6.6676707,6.586753,6.6676707
2020-09-09,2020,6.73,6.7940536,6.5765066,6.7940536
2020-09-10,2020,6.98,6.8336177,6.477959,6.8336177
2020-09-11,2020,6.91,6.7793274,6.599672,6.7793274
2020-09-14,2020,7.14,6.7008905,6.626587,6.7008905
2020-09-15,2020,7.17,6.866585,6.78252,6.866585
2020-09-16,2020,7.04,6.906246,6.7867384,6.906246
2020-09-17,2020,6.8,7.056691,6.875195,7.056691
2020-09-18,2020,7.03,6.965895,6.966597,6.965895
2020-09-21,2020,6.87,6.5394454,6.5165133,6.5394454
2020-09-22,2020,6.56,6.583209,6.425931,6.583209
2020-09-23,2020,6.45,6.1907306,5.7965245,6.1907306
2020-09-24,2020,6.02,6.2662396,6.1418343,6.2662396
2020-09-25,2020,6.2,6.2912416,6.262261,6.2912416
2020-09-27,2020,6.19,6.340374,6.2631235,6.340374
2020-09-28,2020,6.19,6.2814703,6.2250667,6.2814703
2020-09-29,2020,6.19,6.35126,6.293739,6.35126
2020-09-30,2020,6.15,6.439315,6.4434156,6.439315
2020-10-01,2020,6.22,6.693016,6.3820095,6.693016
2020-10-02,2020,6.22,6.4705076,6.551196,6.4705076
2020-10-05,2020,6.22,6.648266,6.5421214,6.648266
2020-10-06,2020,6.22,6.602101,6.4902444,6.481001
2020-10-07,2020,6.22,6.485337,6.3416014,6.3973737
2020-10-08,2020,6.22,6.8224006,6.716023,6.7350698
2020-10-09,2020,6.22,6.899253,6.8274236,6.83435
2020-10-10,2020,6.58,7.140663,7.1413317,7.0509133
2020-10-12,2020,6.58,7.188954,6.9807334,6.9621134
2020-10-13,2020,6.58,7.194052,6.90543,7.000635
2020-10-14,2020,6.49,7.169802,6.981096,6.8138995
2020-10-15,2020,6.56,7.1806545,6.9652987,6.805322
2020-10-16,2020,6.59,7.275237,6.9439425,6.900668
2020-10-19,2020,6.68,7.1671643,6.9919243,6.8513837
2020-10-20,2020,6.75,7.2735753,7.127633,6.8808236
2020-10-21,2020,6.97,6.935122,6.974158,6.935122
2020-10-22,2020,6.96,6.989208,7.089269,6.989208
2020-10-23,2020,6.91,7.0695086,7.014857,7.0695086
2020-10-26,2020,7.04,7.037786,6.9741297,7.037786
2020-10-27,2020,7.07,7.0121903,6.931241,7.0080943
2020-10-28,2020,7.16,6.829155,6.8688903,6.823327
2020-10-29,2020,7.01,6.5132084,6.5785594,6.5033755
2020-10-30,2020,6.99,6.4858923,6.374166,6.4739347
2020-11-02,2020,7.19,6.5138445,6.7157235,6.716008
2020-11-03,2020,7.65,6.5713077,6.8589525,6.827122
2020-11-04,2020,7.67,6.8079295,6.817059,6.8512464
2020-11-05,2020,7.66,6.8691926,7.139653,6.9878135
2020-11-06,2020,7.9,6.9454713,7.3394995,7.383055
2020-11-09,2020,8.13,6.849562,7.2881927,7.2302866
2020-11-10,2020,7.7,6.708893,7.0413437,7.0251193
2020-11-11,2020,7.53,6.9551687,7.073535,7.2817345
2020-11-12,2020,7.67,7.0756307,7.352191,7.584143
2020-11-13,2020,7.64,7.205315,7.505435,7.6976156
2020-11-16,2020,8.19,7.281735,7.614227,7.7665353
2020-11-17,2020,8.21,7.9922667,7.7045465,7.9922667
2020-11-18,2020,8.42,8.050969,7.765319,8.050969
2020-11-19,2020,8.38,8.182218,7.79213,8.182218
2020-11-20,2020,8.98,8.308558,7.7444344,8.308558
2020-11-23,2020,9.16,8.440634,8.032188,8.440634
2020-11-24,2020,9.15,8.538637,8.209922,8.538637
2020-11-25,2020,8.62,8.958887,8.706164,8.958887
2020-11-26,2020,8.86,9.536414,9.054796,9.536414
2020-11-27,2020,8.95,9.752429,9.225946,9.752429
2020-11-30,2020,9.29,9.820466,9.216636,9.820466
2020-12-01,2020,9.39,9.651797,9.466879,9.651797
2020-12-02,2020,9.35,9.554225,9.6480255,9.554225
2020-12-03,2020,8.86,9.643376,9.695696,9.643376
2020-12-04,2020,9.13,9.49818,9.6872225,9.49818
2020-12-07,2020,8.81,9.565227,9.527013,9.565227
2020-12-08,2020,8.91,9.569964,9.334,9.569964
2020-12-09,2020,8.71,9.538961,9.352866,9.538961
2020-12-10,2020,8.55,9.523704,9.374752,9.523704
2020-12-11,2020,8.43,9.7320595,9.324657,9.7320595
2020-12-14,2020,8.51,9.703243,9.318638,9.703243
2020-12-15,2020,8.33,9.643208,9.350466,9.643208
2020-12-16,2020,8.38,9.726609,9.374101,9.726609
2020-12-17,2020,8.83,9.777904,9.489023,9.777904
2020-12-18,2020,9.19,8.8437395,8.749022,8.8437395
2020-12-21,2020,9.39,8.881381,8.615726,8.881381
2020-12-22,2020,8.75,8.728801,8.30978,8.728801
2020-12-23,2020,8.77,8.502898,8.155636,8.502898
2020-12-24,2020,8.91,8.714055,8.3660965,8.714055
2020-12-25,2020,9.27,8.808968,8.483046,8.808968
2020-12-28,2020,9.44,8.84268,8.508228,8.84268
2020-12-29,2020,9.1,8.84529,8.447709,8.84529
2020-12-30,2020,9.27,8.877384,8.388254,8.877384
2020-12-31,2020,9.29,8.969749,8.375706,8.969749
2021-01-01,2021,10.04,9.188683,8.774849,9.188683
2021-01-04,2021,10.04,9.495946,9.204419,9.495946
2021-01-05,2021,10.21,9.458442,8.891604,9.458442
2021-01-06,2021,10.5,9.467999,9.208364,9.467999
2021-01-07,2021,11.18,9.822636,9.084425,9.822636
2021-01-08,2021,11.35,10.401173,10.321629,10.401173
2021-01-11,2021,10.67,10.160629,9.131739,10.160629
2021-01-12,2021,10.9,10.397213,9.368215,10.397214
2021-01-13,2021,10.68,10.314955,9.3960905,10.314955
2021-01-14,2021,10.43,10.126607,9.63483,10.126607
2021-01-15,2021,10.56,10.234962,9.985216,10.515946
2021-01-17,2021,10.69,9.845978,10.001301,10.206225
2021-01-18,2021,10.69,9.870177,10.16721,10.214022
2021-01-19,2021,10.28,9.919859,10.244291,10.260145
2021-01-20,2021,10.56,9.923987,10.064646,10.276187
2021-01-21,2021,10.97,10.152563,10.240463,10.482737
2021-01-22,2021,10.83,10.168039,10.225691,10.479236
2021-01-25,2021,11.05,10.19987,10.229034,10.473121
2021-01-26,2021,10.74,9.905761,10.199771,10.1540985
2021-01-27,2021,10.42,9.80604,9.873548,10.041978
2021-01-28,2021,9.68,9.404534,9.959757,9.624505
2021-01-29,2021,9.6,9.196389,9.755058,9.466943
2021-02-01,2021,10.44,9.220081,9.531259,9.424673
2021-02-02,2021,10.8,9.523163,9.808036,9.695446
2021-02-03,2021,10.49,9.347497,9.800465,9.609337
2021-02-04,2021,10.15,9.708598,10.165442,9.933392
2021-02-05,2021,9.8,9.48091,10.086761,9.851974
2021-02-07,2021,10.59,9.757048,10.141792,10.153944
2021-02-08,2021,10.59,9.800171,10.164924,10.144221
2021-02-09,2021,11.34,10.138432,10.346624,10.537798
2021-02-10,2021,12.08,11.187373,10.884801,11.187373
2021-02-11,2021,13.29,11.438614,11.525206,11.438614
2021-02-12,2021,13.29,11.717658,11.525363,11.717658
2021-02-14,2021,13.29,11.454704,11.600258,11.454704
2021-02-15,2021,13.29,11.485528,12.7668705,12.619031
2021-02-16,2021,13.29,12.543125,12.70858,12.543125
2021-02-17,2021,13.29,12.42906,12.655788,12.42906
2021-02-18,2021,13.29,12.66865,12.824374,12.66865
2021-02-19,2021,13.64,13.3928995,13.847113,14.120124
2021-02-20,2021,14.63,12.925984,13.909108,13.158579
2021-02-22,2021,14.63,12.986679,14.143081,13.355621
2021-02-23,2021,13.85,12.909017,14.231075,13.3819685
2021-02-24,2021,13.1,12.937554,14.4985695,13.501326
2021-02-25,2021,12.98,12.7562065,14.933941,13.446917
2021-02-26,2021,12.19,12.51625,13.50087,12.717731
2021-03-01,2021,12.32,12.543751,13.380391,12.543751
2021-03-02,2021,11.75,12.666834,13.286692,12.580096
2021-03-03,2021,12.32,13.16287,13.40089,13.16287
2021-03-04,2021,11.45,11.3762045,11.892867,11.3762045
2021-03-05,2021,11.0,11.613365,12.388171,11.613365
2021-03-08,2021,10.67,10.916254,12.004004,10.916254
2021-03-09,2021,10.71,10.278573,11.373295,10.691878
2021-03-10,2021,10.49,10.333639,11.243888,10.333639
2021-03-11,2021,11.54,11.374519,11.9474745,11.392272
2021-03-12,2021,11.35,11.51986,12.27793,11.521932
2021-03-15,2021,11.25,11.028484,11.011768,10.544478
2021-03-16,2021,11.11,11.055674,11.433231,11.302813
2021-03-17,2021,11.09,11.189729,11.445537,11.020061
2021-03-18,2021,11.18,11.170967,11.333861,11.150154
2021-03-19,2021,10.83,10.527176,10.984705,10.555532
2021-03-22,2021,10.66,10.824678,11.206627,10.65714
2021-03-23,2021,10.13,10.449358,10.637913,10.307426
2021-03-24,2021,9.36,9.946575,10.196207,9.872373
2021-03-25,2021,9.56,9.695419,9.935181,9.566159
2021-03-26,2021,9.91,9.974632,10.306617,9.870543
2021-03-29,2021,9.93,10.433537,10.486423,10.193718
2021-03-30,2021,9.93,10.522577,10.405636,10.345305
2021-03-31,2021,9.62,10.388989,10.179884,10.239862
2021-04-01,2021,9.74,10.711182,10.2606535,10.520407
2021-04-02,2021,10.13,11.012206,10.926001,10.872295
2021-04-05,2021,10.15,11.409748,11.342173,11.204976
2021-04-06,2021,10.15,11.354201,11.199,11.055801
2021-04-07,2021,10.24,11.1972,10.730118,10.921986
2021-04-08,2021,10.53,10.89618,10.641014,10.673853
2021-04-09,2021,10.29,10.905902,10.624577,10.630401
2021-04-12,2021,9.68,10.388307,10.269552,10.1481495
2021-04-13,2021,9.7,10.295808,10.282155,10.112188
2021-04-14,2021,9.93,10.544146,10.999011,10.348598
2021-04-15,2021,10.21,10.997733,11.26157,10.903295
2021-04-16,2021,10.23,10.421904,10.847796,10.421904
2021-04-19,2021,10.65,10.845335,11.23457,10.845335
2021-04-20,2021,10.74,10.87767,10.843661,10.877671
2021-04-21,2021,10.55,10.602934,10.756687,10.602934
2021-04-22,2021,10.6,11.001353,11.098177,11.001352
2021-04-23,2021,10.78,11.382693,11.508886,11.382693
2021-04-25,2021,11.15,11.548126,11.690234,11.548127
2021-04-26,2021,11.15,11.95681,12.260861,11.95681
2021-04-27,2021,11.29,12.033756,12.307447,12.033756
2021-04-28,2021,11.09,12.451133,12.516314,12.451133
2021-04-29,2021,11.36,12.651233,12.474574,12.651233
2021-04-30,2021,11.03,12.312297,12.103335,12.312297
2021-05-03,2021,11.54,11.536691,11.460902,11.536691
2021-05-04,2021,11.54,11.580233,11.589112,11.580232
2021-05-05,2021,11.54,11.622026,11.5510025,11.622026
2021-05-06,2021,11.54,11.796439,11.931382,11.796439
2021-05-07,2021,11.92,12.525186,12.253724,12.525187
2021-05-08,2021,12.35,12.600268,11.839524,11.819694
2021-05-10,2021,12.35,12.420743,11.664069,11.746599
2021-05-11,2021,11.58,12.528701,11.760659,11.816065
2021-05-12,2021,11.75,12.6486025,11.79424,11.724324
2021-05-13,2021,11.08,12.444388,11.582548,11.512142
2021-05-14,2021,11.06,12.592874,11.404901,11.543033
2021-05-17,2021,11.45,11.439835,11.628172,11.439835
2021-05-18,2021,11.73,11.79015,11.899859,11.79015
2021-05-19,2021,11.42,11.531276,10.895182,11.531276
2021-05-20,2021,10.93,11.19997,11.132823,11.19997
2021-05-21,2021,10.82,11.06341,10.75345,11.06341
2021-05-24,2021,10.62,10.510175,10.920668,10.510175
2021-05-25,2021,10.93,10.928372,11.344701,10.928372
2021-05-26,2021,11.06,11.051346,11.325698,11.051346
2021-05-27,2021,11.14,11.484786,11.330429,11.484786
2021-05-28,2021,11.19,11.777356,11.923655,11.777356
2021-05-30,2021,11.23,11.927678,11.956117,11.927678
2021-05-31,2021,11.23,11.832778,11.859783,11.832778
2021-06-01,2021,11.44,11.68606,11.726544,11.68606
2021-06-02,2021,11.18,11.33246,11.483269,11.33246
2021-06-03,2021,11.0,11.2720785,11.486188,11.2720785
2021-06-04,2021,10.84,10.664181,10.910993,10.664181
2021-06-07,2021,11.17,11.117428,11.277933,11.117428
2021-06-08,2021,11.06,11.1635685,11.51108,11.1635685
2021-06-09,2021,11.08,11.220523,11.60909,11.220523
2021-06-10,2021,11.07,11.017318,11.484412,11.017318
2021-06-11,2021,11.0,11.081002,11.456436,11.081002
2021-06-14,2021,10.47,11.319379,11.699537,11.319379
2021-06-15,2021,10.47,10.91574,10.439007,10.91574
2021-06-16,2021,9.94,10.676708,10.427239,10.676708
2021-06-17,2021,9.87,11.041894,10.674902,11.041894
2021-06-18,2021,9.77,9.474228,8.972063,9.474228
2021-06-21,2021,9.76,9.877623,8.582874,9.877623
2021-06-22,2021,9.78,10.429033,9.499579,10.429033
2021-06-23,2021,9.78,10.951302,10.443558,10.951302
2021-06-24,2021,9.73,11.063863,11.298217,11.063863
2021-06-25,2021,10.15,11.135452,11.205815,11.135452
2021-06-28,2021,9.97,11.035356,11.1405115,11.035356
2021-06-29,2021,9.65,10.726326,10.434976,10.726326
2021-06-30,2021,9.69,10.192969,10.540783,10.192969
2021-07-01,2021,9.79,10.486564,10.551083,10.486564
2021-07-02,2021,9.84,9.936153,10.3159895,9.936153
2021-07-05,2021,10.03,9.738811,10.5205145,9.7388115
2021-07-06,2021,10.04,9.85991,10.600811,9.85991
2021-07-07,2021,9.99,9.831308,10.503308,9.831308
2021-07-08,2021,9.73,9.791931,10.389334,9.791931
2021-07-09,2021,10.14,10.035751,10.105913,10.00944
2021-07-12,2021,10.38,10.217889,10.026306,9.866436
2021-07-13,2021,10.15,10.158392,9.783554,9.703521
2021-07-14,2021,9.82,9.911322,9.790124,9.436628
2021-07-15,2021,10.03,9.8478,9.91766,9.57854
2021-07-16,2021,10.0,9.93736,9.893063,9.690068
2021-07-19,2021,9.97,9.684267,9.914246,9.572826
2021-07-20,2021,9.72,9.620282,9.596786,9.4508505
2021-07-21,2021,9.82,9.968118,9.687851,9.632007
2021-07-22,2021,10.03,9.996843,9.8785925,9.783032
2021-07-23,2021,10.13,10.492211,10.151838,9.727334
2021-07-26,2021,10.18,11.158875,10.249381,9.535322
2021-07-27,2021,10.64,10.716793,10.805422,10.716794
2021-07-28,2021,10.02,10.581259,10.367023,10.49735
2021-07-29,2021,10.24,10.500015,10.273776,10.330493
2021-07-30,2021,10.25,10.408074,10.864121,10.229013
2021-08-02,2021,10.81,10.105894,10.724827,10.105894
2021-08-03,2021,10.41,10.057819,10.491143,10.057819
2021-08-04,2021,10.53,10.027502,10.359234,10.027502
2021-08-05,2021,10.28,10.120128,10.105675,10.120128
2021-08-06,2021,10.68,10.352512,10.112656,10.352512
2021-08-09,2021,10.69,10.649442,10.061324,10.649442
2021-08-10,2021,10.55,10.2878685,10.029243,10.2878685
2021-08-11,2021,10.59,10.090106,9.962045,10.090106
2021-08-12,2021,11.01,9.983592,9.950317,9.983592
2021-08-13,2021,11.29,9.938254,10.061959,9.938254
2021-08-16,2021,11.17,9.675916,9.773181,9.675916
2021-08-17,2021,10.95,9.314736,9.397272,9.314736
2021-08-18,2021,10.91,10.004957,9.963538,10.004957
2021-08-19,2021,10.34,9.491512,9.332823,9.491512
2021-08-20,2021,10.04,8.945211,8.797655,8.945211
2021-08-23,2021,10.14,9.80907,9.814133,9.80907
2021-08-24,2021,10.32,10.2282915,10.132308,10.2282915
2021-08-25,2021,10.52,10.4818125,9.867963,10.4818125
2021-08-26,2021,10.39,10.267653,9.7775,10.267653
2021-08-27,2021,10.45,10.496049,10.312215,10.496049
2021-08-30,2021,10.89,10.424027,10.299501,10.424027
2021-08-31,2021,11.11,10.512206,10.408149,10.512206
2021-09-01,2021,10.69,10.75833,10.4309435,10.75833
2021-09-02,2021,10.9,10.259538,10.059765,10.259538
2021-09-03,2021,11.07,10.717112,10.454046,10.717112
2021-09-05,2021,10.95,10.951535,10.593543,10.951535
2021-09-06,2021,10.95,10.772791,10.2754135,10.772791
2021-09-07,2021,10.98,10.821252,10.318754,10.821252
2021-09-08,2021,10.85,10.530259,10.17007,10.530259
2021-09-09,2021,11.43,10.264458,10.340296,10.264458
2021-09-10,2021,11.97,10.527489,10.739848,10.527489
2021-09-13,2021,12.39,10.634878,10.78316,10.634878
2021-09-14,2021,11.72,10.4779,10.663366,10.4779
2021-09-15,2021,11.52,10.773705,10.8988085,10.773705
2021-09-16,2021,11.11,10.244349,10.48497,10.244349
2021-09-17,2021,10.81,9.935278,10.267188,9.935278
2021-09-18,2021,10.71,10.069988,10.36392,10.069988
2021-09-20,2021,10.71,10.144497,9.92286,10.144497
2021-09-21,2021,10.71,10.06233,9.827837,10.06233
2021-09-22,2021,10.71,9.833833,9.964784,9.833833
2021-09-23,2021,10.58,9.976129,9.664267,9.976129
2021-09-24,2021,10.34,10.51175,9.924634,10.51175
2021-09-26,2021,10.13,10.556393,10.1189785,10.556393
2021-09-27,2021,10.13,10.62903,10.386187,10.62903
2021-09-28,2021,10.22,10.438506,10.240458,10.438507
2021-09-29,2021,10.02,10.132057,9.983316,10.186933
2021-09-30,2021,10.09,10.079641,10.396627,10.096839
2021-10-01,2021,10.26,10.123473,9.9902,10.123473
2021-10-04,2021,10.26,10.339025,10.093354,10.339025
2021-10-05,2021,10.26,10.121733,9.781436,10.121733
2021-10-06,2021,10.26,9.965304,9.6631565,9.965304
2021-10-07,2021,10.26,10.383282,9.942934,10.383282
2021-10-08,2021,10.26,10.443353,9.781606,10.3354435
2021-10-09,2021,11.04,10.7386675,10.136488,10.570749
2021-10-11,2021,11.04,10.531612,10.418206,10.531612
2021-10-12,2021,10.82,10.358753,10.2282095,10.358753
2021-10-13,2021,10.71,10.910374,9.561484,10.910374
2021-10-14,2021,11.13,11.39565,11.048646,11.39565
2021-10-15,2021,11.46,12.483917,11.994022,12.404525
2021-10-18,2021,11.56,12.200618,12.208442,12.201696
2021-10-19,2021,11.8,12.251188,11.877592,12.191239
2021-10-20,2021,11.32,12.201153,11.785355,12.147379
2021-10-21,2021,11.34,11.531733,11.47546,11.015566
2021-10-22,2021,11.12,10.7618685,10.909606,10.800955
2021-10-25,2021,11.16,10.9215555,10.839727,10.9215555
2021-10-26,2021,11.31,10.502921,10.659471,10.502921
2021-10-27,2021,10.89,10.246208,10.30503,10.246208
2021-10-28,2021,10.51,10.076228,10.397407,10.076228
2021-10-29,2021,10.46,10.023545,10.11899,10.023545
2021-11-01,2021,10.48,9.777767,10.001809,9.777767
2021-11-02,2021,10.23,9.738758,9.845855,9.738758
2021-11-03,2021,10.2,9.96501,9.740589,9.96501
2021-11-04,2021,10.26,9.743901,10.151089,9.743901
2021-11-05,2021,10.18,9.700779,9.876857,9.700779
2021-11-08,2021,10.51,9.946751,9.721284,9.946751
2021-11-09,2021,10.56,10.087646,10.204629,10.087646
2021-11-10,2021,10.55,10.052426,9.883829,10.052426
2021-11-11,2021,10.69,10.234304,9.565153,10.234304
2021-11-12,2021,10.74,10.445184,10.271634,10.445184
2021-11-15,2021,10.56,10.366338,10.152015,10.366338
2021-11-16,2021,10.36,9.90909,10.158734,9.90909
2021-11-17,2021,10.42,10.169488,10.15705,10.169488
2021-11-18,2021,10.36,10.311721,10.347055,10.311721
2021-11-19,2021,10.43,10.2186165,10.289594,10.2186165
2021-11-22,2021,10.54,10.613242,9.717691,10.613242
2021-11-23,2021,10.58,10.549086,9.971257,10.549086
2021-11-24,2021,10.44,10.507229,10.530049,10.507229
2021-11-25,2021,10.53,10.147292,10.790676,10.147292
2021-11-26,2021,10.36,10.427861,10.625904,10.427861
2021-11-29,2021,10.25,10.189283,10.379504,10.189283
2021-11-30,2021,10.15,10.021753,10.550728,10.021753
2021-12-01,2021,10.14,9.992411,10.376788,9.992411
2021-12-02,2021,10.04,10.0027,10.102036,10.0027
2021-12-03,2021,10.12,9.953103,10.236357,9.953103
2021-12-06,2021,10.17,9.905548,10.3069725,9.905548
2021-12-07,2021,10.25,10.165013,10.368718,10.125149
2021-12-08,2021,10.3,10.446415,10.590951,10.489196
2021-12-09,2021,10.36,10.432806,10.462746,10.420756
2021-12-10,2021,10.26,10.427504,10.457663,10.479734
2021-12-13,2021,10.38,10.282978,10.418143,10.308538
2021-12-14,2021,10.14,10.149288,10.202458,10.172088
2021-12-15,2021,10.05,10.119291,10.125501,10.047543
2021-12-16,2021,10.11,10.30277,10.292399,10.30277
2021-12-17,2021,10.17,10.107587,10.352055,10.107587
2021-12-20,2021,9.96,9.911386,10.1053705,9.911386
2021-12-21,2021,9.99,10.185651,10.1958275,10.185651
2021-12-22,2021,9.97,10.405747,10.372421,10.405747
2021-12-23,2021,10.03,10.681506,10.605101,10.681506
2021-12-24,2021,9.69,10.563596,10.533342,10.563596
2021-12-27,2021,9.58,10.731722,10.631562,10.731722
2021-12-28,2021,9.71,10.544203,10.541149,10.544203
2021-12-29,2021,9.62,10.469753,10.455972,10.469753
2021-12-30,2021,9.64,10.446713,10.353396,10.446713
2021-12-31,2021,9.7,10.490627,10.426434,10.490627
2022-01-03,2022,9.82,10.533578,10.428274,10.533578
2022-01-04,2022,9.82,10.318462,10.351114,10.318462
2022-01-05,2022,9.77,10.662107,10.110153,10.620188
2022-01-06,2022,9.67,10.536685,9.95099,10.329314
2022-01-07,2022,9.37,10.166484,9.832337,10.048644
2022-01-10,2022,9.4,10.482968,9.960854,10.180002
2022-01-11,2022,9.43,10.18371,9.964873,10.012719
2022-01-12,2022,10.01,11.1291065,10.506728,10.53091
2022-01-13,2022,10.06,10.715944,10.383546,10.715945
2022-01-14,2022,9.82,10.397747,10.228035,10.351373
2022-01-16,2022,9.68,10.012139,9.853894,10.012139
2022-01-17,2022,9.68,9.959753,9.840452,9.959753
2022-01-18,2022,9.94,9.899854,9.778774,9.899854
2022-01-19,2022,9.89,9.79662,9.934289,9.79662
2022-01-20,2022,10.12,10.043741,10.053617,9.919475
2022-01-21,2022,10.27,10.092316,10.206593,10.092316
2022-01-24,2022,10.29,9.953062,9.891692,9.953062
2022-01-25,2022,10.11,9.309396,9.802244,9.309396
2022-01-26,2022,10.18,9.705111,9.722863,9.705111
2022-01-27,2022,9.91,9.696546,10.060094,9.696546
2022-01-28,2022,9.76,9.145769,9.588371,9.145769
2022-01-29,2022,10.25,9.495043,9.889585,9.495043
2022-01-30,2022,10.25,9.655089,9.89601,9.655089
2022-01-31,2022,10.25,9.707066,9.762018,9.707066
2022-02-01,2022,10.25,9.913131,9.799173,9.913131
2022-02-02,2022,10.25,9.933035,10.078508,9.933035
2022-02-03,2022,10.25,9.900192,10.0499,9.900192
2022-02-04,2022,10.25,9.950202,10.021923,9.950202
2022-02-07,2022,10.25,9.991714,9.959007,9.991714
2022-02-08,2022,10.35,9.900516,9.8599615,9.900516
2022-02-09,2022,10.78,10.256771,10.15619,10.256771
2022-02-10,2022,11.21,10.490666,10.540385,10.490666
2022-02-11,2022,11.06,10.360737,10.3950615,10.367641
2022-02-14,2022,11.06,10.33049,10.252798,10.33049
2022-02-15,2022,10.9,10.101219,10.23863,10.101219
2022-02-16,2022,10.93,10.234843,10.392753,10.457541
2022-02-17,2022,11.27,10.32895,10.652121,10.835612
2022-02-18,2022,11.23,10.648368,10.736407,10.648368
2022-02-20,2022,11.12,10.664222,10.710501,10.664222
2022-02-21,2022,11.12,10.600652,10.569619,10.600652
2022-02-22,2022,11.2,10.231909,10.34947,10.231909
2022-02-23,2022,10.92,10.7744055,10.533055,10.7744055
2022-02-24,2022,11.0,10.900975,10.823856,10.900975
2022-02-25,2022,10.95,10.365845,10.660335,10.365845
2022-02-28,2022,11.22,10.53097,10.512234,10.53097
2022-03-01,2022,11.15,10.972255,10.45071,10.972255
2022-03-02,2022,11.4,11.054312,11.460991,11.054312
2022-03-03,2022,11.87,11.040977,11.248257,11.040977
2022-03-04,2022,11.58,11.552211,11.812608,11.552211
2022-03-07,2022,11.83,12.243234,12.231556,12.243234
2022-03-08,2022,11.41,13.705911,11.409766,13.210343
2022-03-09,2022,11.27,11.679458,11.968423,11.679458
2022-03-10,2022,10.98,11.437194,11.07442,11.437194
2022-03-11,2022,10.98,10.950855,10.722059,10.950855
2022-03-14,2022,10.45,10.189716,10.299092,10.189717
2022-03-15,2022,9.55,10.122077,9.867145,10.257347
2022-03-16,2022,10.12,10.315786,10.052876,10.11306
2022-03-17,2022,10.3,10.614968,10.776186,10.665198
2022-03-18,2022,10.63,10.861793,10.863283,10.619337
2022-03-21,2022,11.0,10.746441,10.772209,10.813547
2022-03-22,2022,11.3,10.330237,10.799128,10.522198
2022-03-23,2022,11.34,10.814965,11.027197,10.859926
2022-03-24,2022,11.71,10.798439,10.871892,11.014507
2022-03-25,2022,11.52,10.232063,10.7286415,10.399096
2022-03-28,2022,11.56,10.152885,10.652626,10.452088
2022-03-29,2022,11.59,10.241628,10.667502,10.378193
2022-03-30,2022,11.46,10.631111,10.870818,10.79289
2022-03-31,2022,11.34,10.5815935,10.914189,10.728027
2022-04-01,2022,11.45,10.398001,10.947781,10.850731
2022-04-02,2022,11.6,10.534834,11.12842,10.683321
2022-04-04,2022,11.6,10.5473,11.102849,10.985184
2022-04-05,2022,11.6,10.387492,11.08151,11.007713
2022-04-06,2022,11.6,10.1527605,11.169446,11.310018
2022-04-07,2022,11.53,9.918738,10.9757805,10.924344
2022-04-08,2022,11.95,9.981506,10.809287,10.819644
2022-04-11,2022,11.68,9.560065,10.871117,10.845849
2022-04-12,2022,11.68,10.058452,11.042797,10.933445
2022-04-13,2022,12.53,10.242131,11.046631,11.104988
2022-04-14,2022,12.74,10.136932,11.398762,11.499497
2022-04-15,2022,12.13,10.025692,11.463428,11.75691
2022-04-18,2022,12.02,10.2866,11.517688,11.56734
2022-04-19,2022,12.0,10.165481,11.311151,11.4775505
2022-04-20,2022,11.44,9.905954,10.976963,11.082866
2022-04-21,2022,11.01,9.88208,11.154389,10.898539
2022-04-22,2022,11.33,9.657421,11.080492,11.09951
2022-04-24,2022,10.62,9.132599,10.958627,9.861359
2022-04-25,2022,10.62,10.368647,10.404884,10.368647
2022-04-26,2022,10.24,10.34875,10.558822,10.34875
2022-04-27,2022,10.89,10.466544,10.56941,10.466544
2022-04-28,2022,10.8,10.622664,10.612724,10.765283
2022-04-29,2022,11.07,10.941688,10.905054,11.25381
2022-05-02,2022,10.84,11.088327,11.164503,11.308252
2022-05-03,2022,10.84,10.877366,10.442699,10.877366
2022-05-04,2022,10.84,10.928629,10.472385,10.928629
2022-05-05,2022,10.84,11.13195,10.67798,11.13195
2022-05-06,2022,10.07,11.189061,10.729064,11.189061
2022-05-07,2022,9.8,10.679367,10.652442,10.679367
2022-05-09,2022,9.8,10.455324,10.294905,10.455324
2022-05-10,2022,9.63,10.067781,10.178431,10.067781
2022-05-11,2022,9.8,10.567776,10.021035,10.567776
2022-05-12,2022,9.53,10.175595,10.236546,10.175595
2022-05-13,2022,9.53,9.883158,9.87397,9.883158
2022-05-16,2022,9.7,10.318618,9.980413,10.318618
2022-05-17,2022,9.97,10.409873,10.148037,10.409873
2022-05-18,2022,9.79,10.453929,10.125552,10.453929
2022-05-19,2022,9.72,9.978023,10.264374,9.978023
2022-05-20,2022,10.02,10.458003,10.678971,10.458003
2022-05-23,2022,10.01,10.392482,10.569404,10.392482
2022-05-24,2022,9.71,10.583476,10.940744,10.583476
2022-05-25,2022,9.9,10.679301,10.731629,10.679301
2022-05-26,2022,9.86,10.427904,10.655621,10.427904
2022-05-27,2022,9.93,10.442096,10.765839,10.442096
2022-05-29,2022,10.11,10.993886,10.85411,10.993886
2022-05-30,2022,10.11,10.949651,10.9055195,10.949651
2022-05-31,2022,10.06,11.099863,10.866097,11.099863
2022-06-01,2022,9.86,10.962347,10.87236,10.962347
2022-06-02,2022,9.87,11.263468,11.033068,11.263468
2022-06-03,2022,10.4,11.633846,11.441069,11.633846
2022-06-06,2022,10.4,10.942129,11.051597,10.942129
2022-06-07,2022,10.3,10.72774,10.826627,10.72774
2022-06-08,2022,10.34,10.933633,10.82979,10.933633
2022-06-09,2022,10.28,11.04695,10.705685,11.04695
2022-06-10,2022,10.19,11.111666,10.764131,11.111666
2022-06-13,2022,10.12,11.433559,10.679559,11.433559
2022-06-14,2022,10.01,10.992622,10.31195,10.207981
2022-06-15,2022,9.98,10.150774,10.321449,10.150774
2022-06-16,2022,9.9,10.65595,10.554569,10.65595
2022-06-17,2022,9.88,10.245621,10.329545,10.140642
2022-06-19,2022,9.59,10.452589,10.380416,10.289731
2022-06-20,2022,9.59,10.204715,10.2672615,10.087183
2022-06-21,2022,9.43,10.107901,10.212722,10.0140915
2022-06-22,2022,9.25,10.053847,10.039712,9.920084
2022-06-23,2022,9.3,10.284863,9.787941,9.853909
2022-06-24,2022,9.2,10.67329,8.821453,9.599039
2022-06-27,2022,9.29,10.230522,8.899402,9.303378
2022-06-28,2022,9.36,9.888978,9.231762,9.29892
2022-06-29,2022,9.2,9.783182,9.458359,9.564682
2022-06-30,2022,9.33,9.797398,9.312404,9.289479
2022-07-01,2022,9.47,9.945248,8.951945,9.249849
2022-07-03,2022,9.36,9.826172,8.9115925,9.4094925
2022-07-04,2022,9.36,9.58345,9.091594,9.58345
2022-07-05,2022,9.35,9.617237,8.8770685,9.617237
2022-07-06,2022,9.04,9.350409,8.848605,9.350409
2022-07-07,2022,9.04,9.429705,9.168973,9.414214
2022-07-08,2022,9.07,9.823014,9.727327,9.78712
2022-07-11,2022,9.05,9.961514,9.384541,9.883177
2022-07-12,2022,8.92,9.746175,9.056429,9.254255
2022-07-13,2022,8.75,9.578692,8.961224,9.54366
2022-07-14,2022,8.62,9.140088,9.089463,9.140088
2022-07-15,2022,8.37,9.134266,8.5698,9.134266
2022-07-18,2022,8.87,9.463129,8.439088,9.463129
2022-07-19,2022,8.74,9.489527,8.964635,9.438326
2022-07-20,2022,8.79,9.000862,8.826362,9.000862
2022-07-21,2022,8.67,8.90329,9.143471,8.90329
2022-07-22,2022,8.67,8.642158,9.022255,8.642158
2022-07-25,2022,8.71,8.725789,8.98433,8.725789
2022-07-26,2022,8.91,8.659855,8.981017,8.659855
2022-07-27,2022,8.81,8.716638,9.047833,8.716638
2022-07-28,2022,8.97,8.650233,9.314811,8.650233
2022-07-29,2022,8.93,8.893238,9.166972,8.893238
2022-08-01,2022,8.84,9.169214,9.804858,9.169214
2022-08-02,2022,8.6,9.583337,9.873576,9.583337
2022-08-03,2022,8.49,9.390622,9.806656,9.390622
2022-08-04,2022,8.55,8.988654,9.786931,8.988654
2022-08-05,2022,8.82,9.076574,9.53366,9.076574
2022-08-08,2022,8.72,9.638282,9.319647,9.638282
2022-08-09,2022,8.79,9.781728,9.374645,9.781728
2022-08-10,2022,8.84,9.265779,9.236555,9.265779
2022-08-11,2022,9.03,9.519617,9.4651785,9.519617
2022-08-12,2022,9.19,9.52318,9.524317,9.52318
2022-08-15,2022,9.04,9.340777,9.619151,9.340777
2022-08-16,2022,9.03,9.237637,9.664593,9.237637
2022-08-17,2022,9.02,9.3231,9.709588,9.3231
2022-08-18,2022,8.89,9.270901,9.474473,9.270901
2022-08-19,2022,8.84,9.572368,9.660186,9.572368
2022-08-22,2022,9.05,9.600217,9.689778,9.600217
2022-08-23,2022,9.0,9.673376,9.664617,9.673376
2022-08-24,2022,8.88,9.921089,9.861341,9.921089
2022-08-25,2022,9.13,9.546011,9.810708,9.546011
2022-08-26,2022,9.15,9.549174,9.778992,9.549174
2022-08-29,2022,9.02,9.70227,9.743051,9.70227
2022-08-30,2022,8.9,9.351643,9.579889,9.351643
2022-08-31,2022,8.8,9.302977,9.533409,9.302977
2022-09-01,2022,8.65,9.310923,8.971894,9.310923
2022-09-02,2022,8.52,9.182036,8.721203,9.182036
2022-09-04,2022,8.59,9.002189,9.056333,9.002189
2022-09-05,2022,8.59,9.136112,9.139943,9.107133
2022-09-06,2022,8.84,9.233225,9.153061,9.144177
2022-09-07,2022,8.94,9.261293,9.273418,9.276506
2022-09-08,2022,9.06,9.273458,9.255872,9.133241
2022-09-09,2022,9.19,9.267878,9.290227,9.267878
2022-09-12,2022,9.29,9.537405,9.301484,9.537405
2022-09-13,2022,9.29,9.321916,9.377911,9.321916
2022-09-14,2022,9.0,9.09696,9.40182,9.09696
2022-09-15,2022,8.95,9.081532,9.268769,9.081532
2022-09-16,2022,8.68,8.743752,9.088852,8.743752
2022-09-19,2022,8.62,9.001254,9.15537,9.001254
2022-09-20,2022,8.7,9.10736,9.1847725,9.10736
2022-09-21,2022,8.71,9.061245,9.254699,9.061245
2022-09-22,2022,8.65,9.448221,9.374131,9.448221
2022-09-23,2022,8.53,8.932771,8.998531,8.5469885
2022-09-26,2022,7.82,8.7791395,8.891128,8.7791395
2022-09-27,2022,7.85,8.418176,8.367993,8.418176
2022-09-28,2022,7.48,8.969534,8.706518,8.969534
2022-09-29,2022,7.7,8.614114,8.98168,8.614114
2022-09-30,2022,7.84,8.740258,8.986758,8.740257
2022-10-03,2022,7.77,8.593231,9.008059,8.593231
2022-10-04,2022,7.77,8.590344,8.730404,8.073507
2022-10-05,2022,7.77,8.727649,8.796161,8.122491
2022-10-06,2022,7.77,8.698068,8.673095,8.36974
2022-10-07,2022,7.77,8.752401,7.8727574,7.579406
2022-10-08,2022,7.77,8.4788885,7.710284,7.623626
2022-10-09,2022,7.77,8.602885,7.8173103,7.587413
2022-10-10,2022,7.77,8.638388,7.832293,7.593555
2022-10-11,2022,7.88,8.53754,7.82582,7.7950835
2022-10-12,2022,7.99,8.723553,7.976718,7.79644
2022-10-13,2022,7.84,8.680239,7.8277807,7.694195
2022-10-14,2022,7.96,8.811672,8.189998,7.9893365
2022-10-17,2022,8.05,8.671606,7.998501,7.9334946
2022-10-18,2022,8.0,8.666065,7.8746204,7.7644067
2022-10-19,2022,7.92,8.379019,7.807782,7.6913624
2022-10-20,2022,7.85,8.175276,7.6077747,7.8014407
2022-10-21,2022,7.93,8.490223,7.740038,7.958466
2022-10-24,2022,7.94,8.778425,7.9339266,7.9220133
2022-10-25,2022,7.9,8.675541,7.7622128,7.6023893
2022-10-26,2022,7.94,8.500273,7.5745416,7.8937564
2022-10-27,2022,8.23,8.095857,7.9296,8.095857
2022-10-28,2022,8.1,8.168705,7.907606,8.168705
2022-10-31,2022,7.92,8.244422,7.8921037,8.244422
2022-11-01,2022,8.2,7.7619915,7.7819705,7.7619915
2022-11-02,2022,8.26,8.217396,8.0200405,8.217396
2022-11-03,2022,8.14,8.143671,8.0408945,8.143671
2022-11-04,2022,8.36,8.748346,7.5865803,8.748346
2022-11-07,2022,9.09,8.913403,9.055875,8.913403
2022-11-08,2022,9.06,8.426951,8.556931,8.426951
2022-11-09,2022,9.29,8.949329,8.876389,8.949329
2022-11-10,2022,9.15,9.110734,9.261384,9.110734
2022-11-11,2022,9.92,9.120502,9.289655,9.120502
2022-11-14,2022,9.97,9.657845,10.218311,9.761093
2022-11-15,2022,9.92,8.96365,9.652984,9.439593
2022-11-16,2022,9.99,8.682405,9.262887,9.3731985
2022-11-17,2022,9.77,8.532713,9.017837,9.2581005
2022-11-18,2022,9.64,9.317511,9.021398,9.317511
2022-11-21,2022,9.42,9.0782995,8.836795,9.0782995
2022-11-22,2022,9.53,9.215363,9.111259,9.215363
2022-11-23,2022,9.55,9.329269,9.222817,9.329269
2022-11-24,2022,9.74,9.388678,9.315387,9.388678
2022-11-25,2022,9.79,9.367982,9.321048,9.367982
2022-11-28,2022,9.58,9.241477,9.151052,9.241477
2022-11-29,2022,9.87,9.3539505,9.296421,9.3539505
2022-11-30,2022,9.83,9.48733,9.160807,9.48733
2022-12-01,2022,10.3,9.662602,9.461243,9.662602
2022-12-02,2022,10.11,9.737265,9.591542,9.737265
2022-12-05,2022,10.45,9.9100275,9.756743,9.9100275
2022-12-06,2022,10.41,9.934256,9.867349,9.934256
2022-12-07,2022,10.27,9.886077,9.829121,9.886077
2022-12-08,2022,10.32,10.170435,10.087789,10.170435
2022-12-09,2022,10.61,10.164639,10.147967,10.164639
2022-12-12,2022,10.33,10.063467,9.891468,10.063467
2022-12-13,2022,10.34,10.211472,10.306549,10.211472
2022-12-14,2022,10.47,10.2987795,10.260826,10.2987795
2022-12-15,2022,10.26,10.336367,9.893913,10.336367
2022-12-16,2022,10.3,10.30519,10.187732,10.30519
2022-12-19,2022,10.06,10.296398,10.216344,10.296398
2022-12-20,2022,9.9,10.502568,10.4858265,10.502568
2022-12-21,2022,9.97,10.497794,10.41105,10.497794
2022-12-22,2022,10.01,10.383715,10.41638,10.383715
2022-12-23,2022,9.9,10.318284,10.394723,10.318284
2022-12-26,2022,9.78,10.732365,10.704308,10.732365
2022-12-27,2022,10.05,10.778387,10.70323,10.778387
2022-12-28,2022,10.0,10.747568,10.609731,10.747568
2022-12-29,2022,9.84,10.745983,10.7374325,10.745983
2022-12-30,2022,10.0,10.773605,10.667832,10.773605
2022-12-31,2022,10.53,10.842429,10.746293,10.842429
2023-01-02,2023,10.53,10.472028,10.444196,10.472028
2023-01-03,2023,10.53,10.491313,10.452832,10.491313
2023-01-04,2023,10.3,10.489955,10.402244,10.489955
2023-01-05,2023,10.39,10.503163,10.467997,10.503163
2023-01-06,2023,10.43,10.545423,10.678307,10.545423
2023-01-09,2023,11.44,10.911573,10.909545,10.911573
2023-01-10,2023,11.41,11.113863,11.165723,11.113863
2023-01-11,2023,11.49,11.097734,11.142963,11.097734
2023-01-12,2023,11.42,11.1157465,11.294018,11.153282
2023-01-13,2023,11.55,11.2374,11.375722,11.2374
2023-01-15,2023,11.51,11.353631,11.440583,11.353631
2023-01-16,2023,11.51,11.399618,11.1157465,10.975631
2023-01-17,2023,11.29,11.3367405,11.095731,11.2334175
2023-01-18,2023,11.39,11.253912,11.233565,11.253912
2023-01-19,2023,11.58,11.301916,11.289153,11.301916
2023-01-20,2023,11.91,11.372276,11.309177,11.372276
2023-01-23,2023,11.53,11.404911,11.354035,11.404911
2023-01-24,2023,11.53,11.295528,11.369986,11.295528
2023-01-25,2023,11.53,11.243213,11.350545,11.243213
2023-01-26,2023,11.53,11.297481,11.324612,11.297481
2023-01-27,2023,11.53,11.064526,11.320831,11.064526
2023-01-28,2023,11.53,11.4305105,11.428804,11.4305105
2023-01-29,2023,11.53,11.389652,11.399545,11.389652
2023-01-30,2023,11.53,11.378777,11.397488,11.378777
2023-01-31,2023,11.79,11.369955,11.395426,11.369955
2023-02-01,2023,12.27,11.550157,11.241134,11.550157
2023-02-02,2023,12.07,11.489632,11.176573,11.489632
2023-02-03,2023,11.85,11.081234,10.969014,11.081234
2023-02-06,2023,11.39,10.805034,10.878703,10.805034
2023-02-07,2023,11.56,10.690875,10.746944,10.690875
2023-02-08,2023,11.37,10.989504,11.005906,10.989504
2023-02-09,2023,11.4,11.2263975,11.065568,11.2263975
2023-02-10,2023,11.19,11.239334,11.316149,11.239334
2023-02-13,2023,11.3,11.250789,11.169236,11.250789
2023-02-14,2023,11.57,11.2840605,11.292488,11.2840605
2023-02-15,2023,11.57,11.124541,11.132139,11.124541
2023-02-16,2023,11.27,11.1242285,10.851906,11.1242285
2023-02-17,2023,11.36,11.167865,11.222703,11.167865
2023-02-19,2023,11.69,11.150069,11.296264,11.150069
2023-02-20,2023,11.69,11.184526,11.165315,11.184526
2023-02-21,2023,12.13,11.291947,11.323214,11.291947
2023-02-22,2023,11.95,11.2039995,11.335992,11.2039995
2023-02-23,2023,11.95,11.081841,10.719204,11.081841
2023-02-24,2023,11.63,10.754619,10.214073,10.754619
2023-02-27,2023,11.41,11.015385,10.845932,11.015385
2023-02-28,2023,11.41,11.262154,10.986682,11.262154
2023-03-01,2023,11.98,11.549053,11.316069,11.549053
2023-03-02,2023,12.1,11.4809,11.48168,11.4809
2023-03-03,2023,11.98,11.516527,11.345084,11.516527
2023-03-06,2023,11.93,11.438006,11.358913,11.438006
2023-03-07,2023,11.98,11.469448,11.003585,11.469448
2023-03-08,2023,11.66,11.085462,11.086423,11.085462
2023-03-09,2023,11.56,11.179229,11.082198,11.179229
2023-03-10,2023,11.44,11.251104,10.946974,11.251104
2023-03-13,2023,12.16,11.12856,10.791962,11.12856
2023-03-14,2023,12.03,11.372547,11.544508,11.372547
2023-03-15,2023,11.82,11.232153,11.763824,11.232153
2023-03-16,2023,11.39,10.963815,11.18616,10.963815
2023-03-17,2023,11.46,11.30977,11.90506,11.30977
2023-03-20,2023,11.8,11.06841,11.620057,11.220267
2023-03-21,2023,11.82,11.201679,11.355556,11.201679
2023-03-22,2023,11.74,11.048812,11.067988,11.048812
2023-03-23,2023,12.14,11.1910305,11.458537,11.1910305
2023-03-24,2023,12.01,11.462772,11.648904,11.462772
2023-03-27,2023,11.99,11.574697,11.527817,11.574697
2023-03-28,2023,12.01,11.699676,11.780547,11.699676
2023-03-29,2023,12.01,11.799943,11.69408,11.799943
2023-03-30,2023,12.25,11.819138,11.849652,11.819138
2023-03-31,2023,12.39,11.822635,11.635427,11.822635
2023-04-03,2023,12.12,11.931796,11.735531,11.931796
2023-04-04,2023,12.35,11.880123,11.772769,11.880123
2023-04-05,2023,13.13,11.756117,11.465631,11.756117
2023-04-06,2023,13.13,11.695801,11.528982,11.695801
2023-04-07,2023,12.89,12.09014,11.863648,12.09014
2023-04-10,2023,12.98,11.900529,11.757798,11.900529
2023-04-11,2023,13.43,11.847333,11.918294,11.847333
2023-04-12,2023,13.55,11.937394,11.931872,11.937394
2023-04-13,2023,13.4,12.093773,12.205452,12.093773
2023-04-14,2023,13.94,12.28138,12.1259165,12.28138
2023-04-17,2023,13.91,12.230699,12.24671,12.230699
2023-04-18,2023,13.86,12.186533,12.218012,12.186533
2023-04-19,2023,13.9,12.239576,12.275561,12.239576
2023-04-20,2023,13.59,12.53511,12.277901,12.53511
2023-04-21,2023,13.29,12.257608,12.155311,12.257608
2023-04-23,2023,12.69,12.069147,12.038565,12.069147
2023-04-24,2023,12.69,12.03828,12.051142,12.03828
2023-04-25,2023,12.88,11.984575,11.641349,11.984575
2023-04-26,2023,12.57,12.530877,12.444702,12.530877
2023-04-27,2023,12.82,12.625837,12.465508,12.625837
2023-04-28,2023,12.83,12.771127,12.551213,12.771127
2023-05-01,2023,12.93,12.332216,12.6575365,12.332216
2023-05-02,2023,12.93,12.9584675,12.781866,12.9584675
2023-05-03,2023,12.93,13.198214,13.29801,13.198214
2023-05-04,2023,12.93,13.148273,13.270972,13.148273
2023-05-05,2023,12.58,13.260328,13.128196,13.260328
2023-05-06,2023,12.66,13.347589,13.134024,13.347589
2023-05-08,2023,12.66,13.451982,13.395368,13.451982
2023-05-09,2023,12.25,13.291172,13.4419775,13.291172
2023-05-10,2023,12.08,13.339627,13.386847,13.339627
2023-05-11,2023,11.68,13.203595,12.76317,13.203595
2023-05-12,2023,10.98,12.049313,11.861736,12.049313
2023-05-15,2023,11.11,12.356166,12.3174,12.356166
2023-05-16,2023,11.25,12.026497,11.99657,12.026497
2023-05-17,2023,11.0,11.933721,11.655231,11.933721
2023-05-18,2023,11.1,11.743462,11.983365,11.743462
2023-05-19,2023,10.89,11.926496,12.104662,11.926496
2023-05-22,2023,10.9,12.198202,12.252695,12.198202
2023-05-23,2023,10.67,11.734894,12.064216,11.734894
2023-05-24,2023,10.69,11.30208,11.736153,11.30208
2023-05-25,2023,10.52,10.923483,11.290418,10.923483
2023-05-26,2023,10.8,10.734924,11.133087,10.734924
2023-05-28,2023,10.8,11.251855,11.3220825,11.251855
2023-05-29,2023,10.8,11.424922,11.507201,11.424922
2023-05-30,2023,10.71,11.508451,11.561209,11.508451
2023-05-31,2023,10.69,11.450671,11.467862,11.450671
2023-06-01,2023,11.05,11.5148735,11.6046915,11.5148735
2023-06-02,2023,11.59,11.899858,11.782821,11.899858
2023-06-05,2023,11.28,11.851105,11.445875,11.851105
2023-06-06,2023,11.39,11.793479,11.556089,11.793479
2023-06-07,2023,11.4,11.758481,11.869806,11.758481
2023-06-08,2023,11.52,11.669775,11.562746,11.669775
2023-06-09,2023,11.71,12.032162,11.765713,12.032162
2023-06-12,2023,11.55,12.099483,11.791357,12.099483
2023-06-13,2023,11.6,11.989273,11.711274,11.989273
2023-06-14,2023,11.88,11.821804,11.578146,11.821804
2023-06-15,2023,11.8,12.218493,11.805733,12.218493
2023-06-16,2023,12.03,12.413323,12.028983,12.413323
2023-06-18,2023,11.81,12.257442,12.319726,12.257442
2023-06-19,2023,11.81,12.091847,11.987265,12.091847
2023-06-20,2023,11.76,11.928912,11.937836,11.928912
2023-06-21,2023,11.57,11.961453,11.835943,11.961453
2023-06-22,2023,11.49,11.786011,11.68557,11.786011
2023-06-23,2023,11.49,11.538894,11.168952,11.538894
2023-06-25,2023,11.49,11.359994,11.285213,11.359994
2023-06-26,2023,11.49,11.3730545,11.337316,11.3730545
2023-06-27,2023,11.69,11.464698,11.352259,11.464698
2023-06-28,2023,11.66,11.347121,10.984789,11.347121
2023-06-29,2023,11.35,11.027397,10.864964,11.027397
2023-06-30,2023,11.37,11.366323,11.065142,11.366323
2023-07-03,2023,11.93,11.668971,11.61898,11.668971
2023-07-04,2023,11.8,11.759039,11.70388,11.759039
2023-07-05,2023,11.8,11.736467,11.703441,11.736467
2023-07-06,2023,11.61,11.589035,11.802139,11.589035
2023-07-07,2023,11.55,11.608565,11.681454,11.608565
2023-07-10,2023,11.54,11.984441,11.918186,11.984441
2023-07-11,2023,11.84,12.180385,12.004831,12.180385
2023-07-12,2023,11.95,11.97412,12.060341,11.97412
2023-07-13,2023,12.52,12.222286,12.174772,12.222286
2023-07-14,2023,12.58,12.679255,12.304572,12.679255
2023-07-17,2023,12.34,12.540587,12.259264,12.540587
2023-07-18,2023,12.4,12.265353,12.187773,12.265353
2023-07-19,2023,12.59,12.300413,11.93826,12.300413
2023-07-20,2023,12.61,12.052704,11.953365,12.052704
2023-07-21,2023,12.53,12.0623665,11.922195,12.0623665
2023-07-24,2023,12.43,11.82844,11.886576,11.82844
2023-07-25,2023,12.94,12.056017,12.174033,12.056017
2023-07-26,2023,13.07,12.515429,12.292719,12.515429
2023-07-27,2023,12.88,12.347035,12.194948,12.347035
2023-07-28,2023,12.79,12.20287,12.286872,12.20287
2023-07-31,2023,13.01,12.387364,12.411898,12.387364
2023-08-01,2023,13.05,13.140646,12.913921,13.140646
2023-08-02,2023,12.86,12.5213785,12.482694,12.5213785
2023-08-03,2023,12.74,12.735049,12.703117,12.735049
2023-08-04,2023,12.85,12.719512,12.632668,12.719512
2023-08-07,2023,12.85,12.7193775,12.624236,12.7193775
2023-08-08,2023,13.03,12.406349,12.250299,12.406349
2023-08-09,2023,12.87,12.329285,12.125327,12.329285
2023-08-10,2023,12.73,12.315597,12.172341,12.315597
2023-08-11,2023,12.5,12.033003,11.997539,12.033003
2023-08-14,2023,12.32,12.203878,12.168773,12.203878
2023-08-15,2023,12.32,12.142422,12.171284,12.142422
2023-08-16,2023,12.19,11.987024,12.037649,11.987024
2023-08-17,2023,12.29,12.140791,11.99455,12.140791
2023-08-18,2023,12.08,12.0175085,12.044208,12.0175085
2023-08-21,2023,11.98,12.077033,12.248064,12.077035
2023-08-22,2023,12.41,12.116974,12.134727,12.096703
2023-08-23,2023,12.17,11.909771,12.123005,11.978705
2023-08-24,2023,12.49,11.98151,12.1060705,12.053654
2023-08-25,2023,12.3,11.963002,12.070348,12.075706
2023-08-28,2023,12.14,11.9560585,12.02952,12.018083
2023-08-29,2023,12.08,12.1483555,12.135187,12.216358
2023-08-30,2023,12.45,12.359805,12.39989,12.46376
2023-08-31,2023,12.36,12.258839,12.328073,12.36983
2023-09-01,2023,12.8,12.306776,12.388664,12.358328
2023-09-03,2023,13.2,12.434795,12.483424,12.4496155
2023-09-04,2023,13.2,12.421935,12.444456,12.424987
2023-09-05,2023,13.15,12.428066,12.431884,12.433493
2023-09-06,2023,13.06,12.390056,12.452518,12.408584
2023-09-07,2023,13.01,12.104297,12.1353,12.11073
2023-09-08,2023,12.88,12.028754,11.993278,12.059893
2023-09-11,2023,13.0,12.257365,12.185941,12.254816
2023-09-12,2023,12.84,12.384096,12.285286,12.37194
2023-09-13,2023,12.84,12.29255,12.130115,12.283089
2023-09-14,2023,12.98,12.176078,12.051662,12.172931
2023-09-15,2023,13.15,12.113504,12.160859,12.1572075
2023-09-18,2023,13.07,12.204063,12.222587,12.268866
2023-09-19,2023,13.17,12.247234,12.320363,12.31196
2023-09-20,2023,13.25,12.218261,12.267173,12.270958
2023-09-21,2023,13.09,12.292465,12.492349,12.404154
2023-09-22,2023,12.93,12.10633,12.173769,12.103884
2023-09-25,2023,12.76,12.085948,12.20637,12.102689
2023-09-26,2023,12.65,12.70866,12.70331,12.70866
2023-09-27,2023,12.41,12.849515,12.623458,12.849515
2023-09-28,2023,12.13,12.89137,12.407267,12.89137
2023-09-29,2023,12.2,12.551049,12.3015375,12.551049
2023-10-02,2023,12.2,12.371644,12.113587,12.371644
2023-10-03,2023,12.2,12.095833,12.320405,12.095833
2023-10-04,2023,12.2,12.037966,11.948107,12.037966
2023-10-05,2023,12.2,12.133036,11.952702,12.133036
2023-10-06,2023,12.2,11.721053,12.033013,11.721053
2023-10-07,2023,12.2,12.025647,11.870616,12.025647
2023-10-08,2023,12.2,12.071729,11.949806,12.071729
2023-10-09,2023,12.2,12.073811,11.993347,12.073811
2023-10-10,2023,12.22,12.057735,12.122731,12.057735
2023-10-11,2023,12.13,12.065,12.087252,12.065
2023-10-12,2023,12.29,12.255225,12.243146,12.255225
2023-10-13,2023,12.02,12.282856,12.362329,12.282856
2023-10-16,2023,12.14,12.7441025,12.657661,12.7441025
2023-10-17,2023,12.06,12.950887,12.888511,12.950887
2023-10-18,2023,11.98,13.108862,12.873544,13.108862
2023-10-19,2023,11.77,12.401055,13.014368,12.401055
2023-10-20,2023,11.65,12.45845,13.040588,12.45845
2023-10-23,2023,11.45,12.6132145,13.245764,12.6132145
2023-10-24,2023,11.75,12.588884,12.371594,12.008822
2023-10-25,2023,12.08,12.755024,12.461182,12.1180525
2023-10-26,2023,12.08,12.749943,12.396578,12.129055
2023-10-27,2023,12.01,12.763413,12.294976,12.329694
2023-10-30,2023,12.42,12.837356,12.5428915,12.482925
2023-10-31,2023,12.44,12.988277,12.608021,12.620185
2023-11-01,2023,12.2,12.312679,12.210248,12.312679
2023-11-02,2023,12.21,12.413492,12.361091,12.413492
2023-11-03,2023,12.17,12.683452,12.610418,12.683452
2023-11-06,2023,11.93,12.77624,12.656052,12.77624
2023-11-07,2023,12.01,12.712046,12.173811,12.712046
2023-11-08,2023,11.82,12.486226,12.203359,12.486226
2023-11-09,2023,11.88,12.478067,12.537507,12.478067
2023-11-10,2023,11.78,12.382343,12.266248,12.382343
2023-11-13,2023,11.9,12.327128,12.465187,12.327128
2023-11-14,2023,11.86,12.706974,12.37747,12.706974
2023-11-15,2023,12.0,12.664148,12.339771,12.664148
2023-11-16,2023,11.97,12.46856,12.494837,12.46856
2023-11-17,2023,11.97,12.577242,12.488918,12.577242
2023-11-20,2023,11.86,12.643794,12.33643,12.643794
2023-11-21,2023,12.14,12.3742,12.423385,12.3742
2023-11-22,2023,11.95,12.781277,12.412301,12.781277
2023-11-23,2023,11.99,12.648268,12.605988,12.648268
2023-11-24,2023,11.85,12.505541,12.439539,12.505541
2023-11-27,2023,11.87,12.546886,12.486593,12.546886
2023-11-28,2023,11.89,12.31824,12.288935,12.31824
2023-11-29,2023,12.15,12.480707,12.134079,12.480707
2023-11-30,2023,12.18,12.234526,12.062848,12.234526
2023-12-01,2023,12.04,11.664856,11.655524,11.664856
2023-12-04,2023,12.4,12.625878,12.314771,12.625878
2023-12-05,2023,11.95,11.793843,11.65662,11.793843
2023-12-06,2023,12.0,11.487325,11.789597,11.487325
2023-12-07,2023,11.8,11.471242,11.477029,11.471242
2023-12-08,2023,11.67,11.960077,11.591876,11.960077
2023-12-11,2023,11.67,11.77819,11.682173,11.77819
2023-12-12,2023,11.62,11.593273,11.501113,11.593273
2023-12-13,2023,11.44,11.43015,11.484527,11.43015
2023-12-14,2023,11.48,11.099897,11.141271,11.099897
2023-12-15,2023,11.7,11.831595,11.522575,11.831595
2023-12-18,2023,11.78,11.767946,11.6315975,11.767946
2023-12-19,2023,11.8,11.484935,11.762119,11.484935
2023-12-20,2023,12.02,11.79477,11.571596,11.79477
2023-12-21,2023,12.07,11.801877,11.8009205,11.801877
2023-12-22,2023,12.14,11.801901,11.768376,11.801901
2023-12-25,2023,12.22,11.785864,11.822842,11.785864
2023-12-26,2023,12.18,11.767665,11.811539,11.767665
2023-12-27,2023,12.4,11.450015,11.698188,11.450015
2023-12-28,2023,12.35,11.939396,11.856869,11.939396
2023-12-29,2023,12.46,11.891896,11.947282,11.891896
2023-12-31,2023,12.49,11.774494,11.879154,11.774494
2024-01-01,2024,12.49,12.265995,12.140368,12.265995
2024-01-02,2024,12.49,12.241276,12.102433,12.241276
2024-01-03,2024,12.53,12.066711,11.993022,12.066711
2024-01-04,2024,12.51,12.200167,12.079704,12.200167
2024-01-05,2024,12.47,12.117555,12.012833,12.117555
2024-01-08,2024,12.3,11.776878,11.835761,11.776878
2024-01-09,2024,12.43,11.7944355,11.888024,11.7944355
2024-01-10,2024,12.28,12.1517315,12.145774,12.1517315
2024-01-11,2024,12.14,12.248851,12.180657,12.248851
2024-01-12,2024,12.2,12.275336,11.866156,12.275336
2024-01-14,2024,12.12,12.436183,11.999491,12.436183
2024-01-15,2024,12.12,12.5330925,12.097883,12.5330925
2024-01-16,2024,12.19,12.57953,12.271155,12.57953
2024-01-17,2024,11.7,11.910533,12.174924,11.910533
2024-01-18,2024,11.84,12.350288,12.302454,12.350288
2024-01-19,2024,11.92,12.342838,12.130749,12.342838
2024-01-22,2024,11.68,12.059653,12.234449,12.059653
2024-01-23,2024,11.54,12.329722,12.213049,12.329722
2024-01-24,2024,11.72,12.165511,11.714892,12.165511
2024-01-25,2024,12.05,12.653803,12.3479395,12.653803
2024-01-26,2024,12.22,12.577375,12.176969,12.577375
2024-01-29,2024,12.24,12.164416,12.233855,12.164416
2024-01-30,2024,12.18,12.07464,12.228238,12.07464
2024-01-31,2024,12.04,11.874916,12.127324,11.874916
2024-02-01,2024,12.13,12.002259,12.1282015,12.002259
2024-02-02,2024,12.03,11.979879,12.442057,11.979879
2024-02-04,2024,12.16,12.06161,12.469168,12.06161
2024-02-05,2024,12.16,12.187849,12.476908,12.187849
2024-02-06,2024,12.19,12.40584,12.339355,12.40584
2024-02-07,2024,12.25,12.878923,12.260045,12.878923
2024-02-08,2024,12.5,13.031406,12.3289995,13.031406
2024-02-09,2024,12.85,13.018143,12.450191,13.018143
2024-02-12,2024,12.85,12.64687,12.207001,12.64687
2024-02-13,2024,12.85,12.324687,12.384501,12.324687
2024-02-14,2024,12.85,12.412731,12.38862,12.412731
2024-02-15,2024,12.85,12.575874,12.171363,12.575874
2024-02-16,2024,12.85,12.546662,11.953367,12.546662
2024-02-18,2024,12.85,12.495654,12.313833,12.495654
2024-02-19,2024,12.85,12.615149,12.249117,12.615149
2024-02-20,2024,13.1,12.581571,12.24548,12.581571
2024-02-21,2024,13.05,12.723496,12.259604,12.723496
2024-02-22,2024,13.26,12.773277,12.25174,12.773277
2024-02-23,2024,13.5,12.78265,12.34075,12.78265
2024-02-26,2024,13.15,13.057844,12.335442,13.057844
2024-02-27,2024,13.16,12.88384,12.474187,12.88384
2024-02-28,2024,13.01,12.663404,12.432922,12.663404
2024-02-29,2024,13.11,12.837249,12.40589,12.837249
2024-03-01,2024,13.25,12.848593,12.381909,12.848593
2024-03-04,2024,13.46,13.054607,12.630984,13.054607
2024-03-05,2024,13.85,13.384191,12.81581,13.384191
2024-03-06,2024,14.2,13.449707,12.790926,13.449707
2024-03-07,2024,14.73,13.315958,12.7922125,13.315958
2024-03-08,2024,14.89,13.604636,13.340441,13.604636
2024-03-11,2024,14.86,13.582034,12.8638735,13.582034
2024-03-12,2024,14.36,13.654686,13.133342,13.654686
2024-03-13,2024,14.69,13.370435,12.998239,13.370435
2024-03-14,2024,15.39,14.275337,14.098456,14.275337
2024-03-15,2024,15.96,14.031872,13.967792,14.031872
2024-03-18,2024,15.78,14.989082,14.778807,14.989082
2024-03-19,2024,15.53,14.80292,14.73845,14.80292
2024-03-20,2024,15.51,14.559378,14.584469,14.559378
2024-03-21,2024,15.62,14.347941,14.269277,14.347941
2024-03-22,2024,15.39,13.914747,13.846173,13.914747
2024-03-25,2024,15.74,13.814419,14.02575,13.814419
2024-03-26,2024,15.53,13.728008,14.117138,13.728008
2024-03-27,2024,15.72,13.52745,13.74981,13.52745
2024-03-28,2024,16.1,13.609011,13.359065,13.609011
2024-03-29,2024,16.82,14.192642,13.734532,14.192642
2024-04-01,2024,16.87,14.748589,14.33494,14.748589
2024-04-02,2024,16.95,15.43229,14.929121,15.43229
2024-04-03,2024,17.51,15.71383,15.185351,15.71383
2024-04-04,2024,17.3,16.537569,16.390764,16.537569
2024-04-05,2024,17.3,16.544613,16.155977,16.544613
2024-04-07,2024,17.3,16.645117,16.33339,16.645117
2024-04-08,2024,17.3,16.770102,16.528824,16.770102
2024-04-09,2024,17.01,16.793331,16.680042,16.793331
2024-04-10,2024,17.99,16.74525,16.225746,16.74525
2024-04-11,2024,17.99,17.000753,16.450489,17.000753
2024-04-12,2024,18.39,16.711582,16.31823,16.711582
2024-04-15,2024,18.46,17.03804,16.31149,17.03804
2024-04-16,2024,17.94,17.139078,16.383465,17.139078
2024-04-17,2024,18.08,16.673693,16.177532,16.673693
2024-04-18,2024,18.47,16.906046,16.257427,16.906046
2024-04-19,2024,18.63,16.911997,16.326994,16.911997
2024-04-22,2024,17.8,15.885507,15.401837,15.885507
2024-04-23,2024,17.04,17.199898,16.56342,17.199898
2024-04-24,2024,17.54,17.103067,16.45076,17.103067
2024-04-25,2024,17.4,17.037434,16.174908,17.037434
2024-04-26,2024,18.27,16.565357,15.652271,16.565357
2024-04-28,2024,17.66,16.481462,15.698298,16.481462
2024-04-29,2024,17.66,16.308071,15.452552,16.308071
2024-04-30,2024,17.61,16.205729,15.580073,16.205729
2024-05-01,2024,17.52,16.01132,15.388145,16.01132
2024-05-02,2024,17.52,16.242054,16.044987,16.242054
2024-05-03,2024,17.52,15.895512,15.989494,15.895512
2024-05-06,2024,17.52,15.705757,15.767901,15.705757
2024-05-07,2024,17.45,16.910212,16.790869,16.910212
2024-05-08,2024,17.45,16.971968,16.766926,16.971968
2024-05-09,2024,17.71,17.105291,17.11991,17.105291
2024-05-10,2024,18.24,17.207773,17.23077,17.207773
2024-05-11,2024,18.18,16.743046,16.973478,16.743046
2024-05-13,2024,18.18,17.352919,17.25718,17.352919
2024-05-14,2024,18.49,17.352276,17.366823,17.352276
2024-05-15,2024,18.3,17.086092,17.405275,17.086092
2024-05-16,2024,18.27,17.391973,17.481785,17.391973
2024-05-17,2024,18.78,17.8844,18.225246,17.8844
2024-05-20,2024,19.47,18.819288,18.890394,18.819288
2024-05-21,2024,18.65,18.565468,18.776613,18.565468
2024-05-22,2024,18.43,18.529833,18.269575,18.529833
2024-05-23,2024,17.84,18.354618,18.531315,18.354618
2024-05-24,2024,17.82,17.740759,18.136398,17.740759
2024-05-26,2024,18.2,18.088367,18.173506,18.088367
2024-05-27,2024,18.2,18.063793,17.888187,18.063793
2024-05-28,2024,18.05,18.129938,17.81835,18.129938
2024-05-29,2024,18.45,18.094378,17.647945,18.094378
2024-05-30,2024,17.64,17.771812,17.531862,17.771812
2024-05-31,2024,17.41,17.20314,16.809996,17.20314
2024-06-03,2024,17.33,16.947275,16.778118,16.947275
2024-06-04,2024,17.42,16.539135,16.428736,16.539135
2024-06-05,2024,17.05,16.518106,16.39672,16.518106
2024-06-06,2024,17.59,16.744848,16.637636,16.744848
2024-06-07,2024,17.76,17.318455,16.815414,17.318455
2024-06-10,2024,17.0,17.157076,17.567284,17.157076
2024-06-11,2024,17.0,16.877548,17.102137,16.877548
2024-06-12,2024,17.21,17.054697,17.233746,17.054697
2024-06-13,2024,16.81,16.378145,16.56781,16.378145
2024-06-14,2024,17.09,16.62188,16.746838,16.62188
2024-06-17,2024,17.04,16.461615,16.767605,16.461615
2024-06-18,2024,16.92,16.576307,16.88695,16.576307
2024-06-19,2024,17.32,16.9316,17.011246,16.9316
2024-06-20,2024,17.56,16.826162,17.080956,16.826162
2024-06-21,2024,17.32,16.397718,16.595718,16.397718
2024-06-24,2024,17.47,16.587599,16.665117,16.587599
2024-06-25,2024,17.35,16.605524,16.508717,16.605524
2024-06-26,2024,17.26,16.436356,16.606133,16.436356
2024-06-27,2024,16.9,16.794159,16.681356,16.794159
2024-06-28,2024,17.57,16.85305,17.04417,16.85305
2024-07-01,2024,18.04,17.428917,17.269196,17.428917
2024-07-02,2024,17.84,17.327541,17.209671,17.327541
2024-07-03,2024,17.89,17.657873,17.418236,17.657873
2024-07-04,2024,18.17,17.781755,17.477749,17.781755
2024-07-05,2024,18.64,17.967499,17.778395,17.967499
2024-07-08,2024,18.45,18.044506,18.22133,18.044506
2024-07-09,2024,18.82,17.870764,18.150673,17.870764
2024-07-10,2024,18.38,18.198032,18.279669,18.198032
2024-07-11,2024,18.87,18.58428,18.415066,18.58428
2024-07-12,2024,18.48,18.978634,19.142954,18.978634
2024-07-15,2024,18.82,18.651068,18.660305,18.651068
2024-07-16,2024,19.21,18.702936,18.704428,18.702936
2024-07-17,2024,18.47,18.674355,18.69219,18.674355
2024-07-18,2024,18.45,18.25495,18.098454,18.25495
2024-07-19,2024,17.94,17.444508,17.939156,17.444508
2024-07-22,2024,17.6,16.81302,16.845104,16.81302
2024-07-23,2024,16.52,16.480154,16.339188,16.480154
2024-07-24,2024,16.53,16.639355,16.29591,16.639355
2024-07-25,2024,15.43,16.04961,16.29454,16.04961
2024-07-26,2024,15.85,15.801526,15.735316,15.801526
2024-07-29,2024,16.11,15.796481,15.891342,15.796481
2024-07-30,2024,15.91,15.7708435,15.678871,15.7708435
2024-07-31,2024,16.58,16.821459,17.035189,16.821459
2024-08-01,2024,16.63,16.536657,16.426027,16.536657
2024-08-02,2024,15.96,16.022352,16.212788,16.022352
2024-08-05,2024,15.63,15.324392,15.436705,15.324392
2024-08-06,2024,15.35,15.2543955,15.637065,15.2543955
2024-08-07,2024,15.48,15.272554,15.200282,15.272554
2024-08-08,2024,15.21,15.795509,15.617478,15.795509
2024-08-09,2024,15.34,15.904276,16.055702,15.904276
2024-08-12,2024,15.36,16.248526,16.610989,16.248526
2024-08-13,2024,15.54,15.928582,16.068373,15.928582
2024-08-14,2024,15.4,15.5418415,15.771435,15.5418415
2024-08-15,2024,15.58,15.953226,16.125544,15.953226
2024-08-16,2024,15.87,16.426044,16.595213,16.426044
2024-08-19,2024,16.22,16.676973,16.610493,16.676973
2024-08-20,2024,16.05,16.27926,16.524338,16.27926
2024-08-21,2024,16.16,16.240389,16.515879,16.240389
2024-08-22,2024,16.17,15.976935,16.200998,15.976935
2024-08-23,2024,16.06,15.972869,15.9878235,15.972869
2024-08-26,2024,16.21,16.386623,16.433722,16.386623
2024-08-27,2024,16.07,16.439388,16.444904,16.439388
2024-08-28,2024,15.82,16.486803,16.199112,16.486803
2024-08-29,2024,15.93,16.389677,16.485321,16.389677
2024-08-30,2024,16.0,16.523645,16.165817,16.523645
2024-09-01,2024,15.61,16.108477,16.050974,16.108477
2024-09-02,2024,15.61,16.033377,15.989965,16.033377
2024-09-03,2024,15.49,16.551388,16.134665,16.551388
2024-09-04,2024,14.68,15.980942,15.750334,15.980942
2024-09-05,2024,14.68,15.757723,15.649717,15.757723
2024-09-06,2024,14.76,15.586386,15.336816,15.586386
2024-09-09,2024,14.15,15.72027,15.334098,15.72027
2024-09-10,2024,14.22,15.409084,15.393637,15.409084
2024-09-11,2024,14.2,15.601014,15.384687,15.601014
2024-09-12,2024,14.2,15.924868,15.866081,15.924868
2024-09-13,2024,14.68,16.072561,16.196604,16.072561
2024-09-14,2024,15.04,16.06041,16.240726,16.06041
2024-09-16,2024,15.04,15.958738,16.197847,15.958738
2024-09-17,2024,15.04,16.06259,16.179893,16.06259
2024-09-18,2024,15.04,16.292786,16.276657,16.292786
2024-09-19,2024,15.4,16.628046,16.574444,16.628046
2024-09-20,2024,15.88,15.668646,15.696617,15.668646
2024-09-23,2024,15.82,15.953524,15.850817,15.953524
2024-09-24,2024,16.51,16.136637,16.663206,16.136637
2024-09-25,2024,16.92,16.893211,17.01431,16.893211
2024-09-26,2024,17.37,16.61443,17.513916,16.86158
2024-09-27,2024,17.51,18.180885,17.428795,18.590582
2024-09-29,2024,18.14,18.770761,18.43582,18.770761
2024-09-30,2024,18.14,18.268785,18.790651,17.992949
2024-10-01,2024,17.96,19.09338,19.570837,18.431805
2024-10-02,2024,17.96,19.022434,19.539083,18.565086
2024-10-03,2024,17.96,20.016863,19.714603,19.422186
2024-10-04,2024,17.96,19.572403,19.979074,19.080652
2024-10-07,2024,17.96,19.845104,20.185295,19.380003
2024-10-08,2024,17.96,20.139528,19.867113,19.542902
2024-10-09,2024,16.93,17.392735,17.482372,17.392735
2024-10-10,2024,17.35,17.613306,17.677568,17.571445
2024-10-11,2024,17.24,18.231058,17.991528,18.252897
2024-10-12,2024,17.67,17.720503,17.058432,17.815088
2024-10-14,2024,17.67,17.398878,16.815823,17.48908
2024-10-15,2024,17.13,17.469889,17.385044,17.5307
2024-10-16,2024,17.45,17.365137,17.054941,17.365137
2024-10-17,2024,17.14,17.667988,17.423647,17.667988
2024-10-18,2024,17.63,17.69557,17.051153,17.69557
2024-10-21,2024,18.22,18.154976,16.97495,18.154976
2024-10-22,2024,18.05,17.93701,17.034313,17.93701
2024-10-23,2024,17.85,18.322208,16.994125,18.322208
2024-10-24,2024,17.49,18.340446,16.863052,18.340446
2024-10-25,2024,17.23,18.597612,16.880938,18.597612
2024-10-28,2024,17.2,18.701105,16.857979,18.701105
2024-10-29,2024,17.22,18.48021,16.993515,18.48021
2024-10-30,2024,17.13,18.238651,17.41945,18.238651
2024-10-31,2024,16.82,18.115181,17.415903,18.115181
2024-11-01,2024,17.25,18.0022,16.6895,18.0022
2024-11-04,2024,17.35,17.820269,16.58755,17.820269
2024-11-05,2024,17.7,17.96785,16.584122,17.96785
2024-11-06,2024,17.31,17.171356,17.209497,17.171356
2024-11-07,2024,17.09,17.029058,16.872726,17.029058
2024-11-08,2024,17.09,17.780611,16.629154,17.471323
2024-11-11,2024,16.51,16.807467,17.231258,16.81791
2024-11-12,2024,15.98,17.339403,15.016157,17.339403
2024-11-13,2024,16.0,16.93632,15.572933,16.93632
2024-11-14,2024,15.61,16.615868,15.429049,16.615868
2024-11-15,2024,15.62,15.986813,14.802556,15.986813
2024-11-18,2024,15.71,16.294462,15.883046,16.294462
2024-11-19,2024,16.21,16.436274,15.763974,16.436274
2024-11-20,2024,16.03,16.590897,16.070227,16.590897
2024-11-21,2024,16.16,16.466976,16.80623,16.466976
2024-11-22,2024,15.76,16.161402,17.616678,16.161402
2024-11-25,2024,15.55,16.62798,17.653845,16.62798
2024-11-26,2024,15.54,15.850628,16.057367,15.850628
2024-11-27,2024,15.68,15.881437,16.006666,15.881437
2024-11-28,2024,15.53,16.224678,15.826992,16.224678
2024-11-29,2024,15.7,16.195145,15.91467,16.195145
2024-12-02,2024,15.56,15.866861,15.859763,15.866861
2024-12-03,2024,15.61,15.976158,16.121374,15.976158
2024-12-04,2024,15.8,16.39716,15.990877,16.39716
2024-12-05,2024,15.48,15.762755,16.155567,15.762755
2024-12-06,2024,15.69,16.078917,16.067945,16.078917
2024-12-09,2024,15.88,16.30636,16.337664,16.30636
2024-12-10,2024,16.06,17.081123,16.576683,17.081123
2024-12-11,2024,16.12,17.554047,16.674822,17.554047
2024-12-12,2024,16.24,17.140726,17.049145,17.140726
2024-12-13,2024,15.57,17.416431,17.218441,17.416431
2024-12-16,2024,15.35,17.215986,17.01183,17.215986
2024-12-17,2024,15.45,17.274296,16.886654,17.274296
2024-12-18,2024,15.49,17.155872,16.512728,17.155872
2024-12-19,2024,15.32,16.749878,16.321325,16.749878
2024-12-20,2024,15.02,17.166775,16.55735,17.166775
2024-12-23,2024,15.51,17.101974,15.9974785,17.101974
2024-12-24,2024,15.63,17.117361,16.17733,17.117361
2024-12-25,2024,15.52,17.36825,16.052961,17.36825
2024-12-26,2024,15.62,17.298943,16.034513,17.298943
2024-12-27,2024,15.3,17.201454,15.914796,17.201454
2024-12-30,2024,15.54,16.782711,15.9781275,16.782711
2024-12-31,2024,15.12,16.802559,16.93334,16.802559
2025-01-01,2025,15.18,16.008911,15.700469,16.008911
2025-01-02,2025,15.18,15.810698,15.8430395,15.810698
2025-01-03,2025,15.57,15.7884865,15.791702,15.7884865
2025-01-06,2025,15.49,16.167824,16.005985,16.167824
2025-01-07,2025,16.02,16.232006,16.080677,16.232006
2025-01-08,2025,15.85,16.407421,16.386518,16.407421
2025-01-09,2025,15.92,16.476788,16.711054,16.476788
2025-01-10,2025,16.15,16.610779,17.040283,16.610779
2025-01-13,2025,16.4,17.228048,17.60152,17.228048
2025-01-14,2025,16.41,16.83244,17.41647,16.83244
2025-01-15,2025,15.78,17.149242,17.494614,17.149242
2025-01-16,2025,16.17,17.198135,17.617182,17.198135
2025-01-17,2025,16.27,16.863544,17.675634,16.863544
2025-01-20,2025,16.29,17.073166,17.447807,17.073166
2025-01-21,2025,16.25,17.121923,17.335896,17.121923
2025-01-22,2025,16.2,17.14074,17.293571,17.14074
2025-01-23,2025,15.88,17.006792,17.020037,17.006792
2025-01-24,2025,16.02,17.217035,17.013916,17.217035
2025-01-26,2025,16.24,16.946405,17.356554,16.946405
2025-01-27,2025,16.24,16.505054,16.421247,16.505054
2025-01-28,2025,16.47,18.297373,19.52268,18.297373
2025-01-29,2025,16.47,17.591335,17.822205,17.591335
2025-01-30,2025,16.47,17.648134,17.688053,17.648134
2025-01-31,2025,16.47,17.955196,17.971485,17.955196
2025-02-03,2025,16.47,17.50033,17.37723,17.50033
2025-02-04,2025,16.47,17.35171,17.183413,17.35171
2025-02-05,2025,16.47,17.528374,17.144707,17.528374
2025-02-06,2025,16.31,17.574144,17.17934,17.574144
2025-02-07,2025,16.62,17.235083,17.352808,17.235083
2025-02-08,2025,16.87,17.704765,17.96414,17.704765
2025-02-10,2025,16.87,17.444387,17.679419,17.44439
2025-02-11,2025,17.28,18.353394,17.643986,18.490093
2025-02-12,2025,16.98,17.36972,17.642097,17.36972
2025-02-13,2025,17.01,17.25649,18.018404,17.25649
2025-02-14,2025,17.16,18.121311,17.632532,17.932257
2025-02-17,2025,16.5,17.500998,17.456287,16.773829
2025-02-18,2025,16.41,17.399872,17.269978,16.542107
2025-02-19,2025,16.35,17.252937,17.22323,16.543123
2025-02-20,2025,16.44,16.879107,17.369404,16.879107
2025-02-21,2025,16.19,16.646782,17.207764,16.646782
2025-02-24,2025,16.08,16.6887,17.175175,16.6887
2025-02-25,2025,15.78,16.603193,16.87316,16.603193
2025-02-26,2025,15.86,16.55208,16.818253,16.55208
2025-02-27,2025,15.75,16.533516,17.56781,16.533516
2025-02-28,2025,15.35,16.092537,17.813324,16.092537
2025-03-03,2025,15.64,16.46743,17.083225,16.46743
2025-03-04,2025,15.93,16.218912,16.883213,16.218912
2025-03-05,2025,16.01,17.36098,17.571611,17.36098
2025-03-06,2025,16.3,17.16406,17.426344,17.16406
2025-03-07,2025,16.43,17.121237,16.975918,17.121237
2025-03-10,2025,16.65,15.405884,16.02785,15.405884
2025-03-11,2025,16.48,15.758522,16.225819,15.758522
2025-03-12,2025,16.69,16.30765,16.181303,16.30765
2025-03-13,2025,16.96,16.407547,16.514622,16.407547
2025-03-14,2025,17.48,16.739128,16.255695,16.739128
2025-03-17,2025,17.21,16.31257,16.475664,16.31257
2025-03-18,2025,17.76,16.532936,16.753777,16.532936
2025-03-19,2025,18.05,17.213654,17.305367,17.213654
2025-03-20,2025,18.17,17.150774,17.460754,17.150774
2025-03-21,2025,17.57,16.88928,17.452501,16.88928
2025-03-24,2025,18.05,17.116247,17.515055,17.116247
2025-03-25,2025,18.4,17.616062,17.851177,17.616062
2025-03-26,2025,18.2,17.656874,17.542208,17.656874
2025-03-27,2025,17.86,18.075071,17.666876,18.075071
2025-03-28,2025,18.16,17.885021,17.72231,17.885021
2025-03-31,2025,18.12,18.095713,18.51022,18.095713
2025-04-01,2025,17.93,18.362076,17.985266,18.362076
2025-04-02,2025,17.5,18.223534,18.12898,18.223534
2025-04-03,2025,17.11,17.675552,17.86259,17.675552
2025-04-04,2025,15.41,18.180864,16.86068,18.180862
2025-04-07,2025,15.41,18.573101,18.85905,17.886436
2025-04-08,2025,15.95,19.71492,19.047129,18.478336
2025-04-09,2025,15.92,19.59341,17.27799,18.213205
2025-04-10,2025,16.75,19.526007,17.0713,19.387304
2025-04-11,2025,17.15,18.04475,17.176306,18.04475
2025-04-14,2025,17.63,18.67076,15.926916,18.05926
2025-04-15,2025,17.65,17.845959,16.799908,17.507713
2025-04-16,2025,17.74,17.457045,17.706663,17.398249
2025-04-17,2025,17.82,18.00334,18.215124,18.00334
2025-04-18,2025,17.62,18.559956,18.633842,18.559956
2025-04-21,2025,18.6,18.870323,18.936283,18.870323
2025-04-22,2025,18.5,18.710073,19.112394,18.710073
2025-04-23,2025,17.79,18.366364,18.732035,18.366364
2025-04-24,2025,17.67,17.729069,17.202324,17.729069
2025-04-25,2025,17.65,17.564808,17.448444,17.564808
2025-04-27,2025,17.66,17.180601,17.0354,17.180601
2025-04-28,2025,17.66,17.352627,17.141226,17.352627
2025-04-29,2025,17.63,17.145582,17.04897,17.145582
2025-04-30,2025,17.46,17.016998,16.503223,17.016998
2025-05-01,2025,17.76,17.506468,16.38913,17.506468
2025-05-02,2025,17.76,17.18672,17.559212,17.18672
2025-05-05,2025,17.76,16.9785,16.844439,16.9785
2025-05-06,2025,17.76,16.735096,16.752434,16.735096
2025-05-07,2025,18.05,16.816574,16.684605,16.816574
2025-05-08,2025,17.76,16.435265,16.187626,16.435265
2025-05-09,2025,17.65,16.794779,15.9423275,16.794779
2025-05-12,2025,17.71,17.106316,17.47825,17.106316
2025-05-13,2025,17.76,17.047573,16.353825,17.047573
2025-05-14,2025,17.9,16.81535,16.602228,16.81535
2025-05-15,2025,17.49,16.793272,15.77398,16.793272
2025-05-16,2025,17.42,16.27891,15.67232,16.27891
2025-05-19,2025,17.42,16.918415,16.245556,16.918415
2025-05-20,2025,17.46,17.106031,17.213974,17.106031
2025-05-21,2025,18.49,17.222677,16.893202,17.222677
2025-05-22,2025,18.58,17.075266,16.640535,17.075266
2025-05-23,2025,18.59,16.776108,17.194742,16.776108
2025-05-25,2025,18.56,17.264854,17.199821,17.264854
2025-05-26,2025,18.56,16.924522,17.326887,16.924522
2025-05-27,2025,17.88,16.84816,17.139736,16.84816
2025-05-28,2025,17.98,16.93921,16.969877,16.93921
2025-05-29,2025,17.82,16.886923,17.023327,16.886923
2025-05-30,2025,17.73,16.885798,16.820555,16.885798
2025-06-02,2025,18.06,17.07996,17.484983,17.07996
2025-06-03,2025,18.06,17.630693,17.40545,17.630693
2025-06-04,2025,18.09,17.29192,17.435732,17.29192
2025-06-05,2025,17.88,17.525835,17.656202,17.525835
2025-06-06,2025,18.14,17.731007,17.387312,17.731007
2025-06-09,2025,17.97,17.496973,17.491787,17.496973
2025-06-10,2025,18.27,17.592777,17.502865,17.592777
2025-06-11,2025,18.66,17.580101,17.459682,17.580101
2025-06-12,2025,19.46,17.38577,17.460352,17.38577
2025-06-13,2025,19.15,17.894995,17.782871,17.894995
2025-06-16,2025,18.82,18.08984,17.786797,18.08984
2025-06-17,2025,18.87,18.11571,17.812214,18.11571
2025-06-18,2025,18.78,17.955034,17.770487,17.955034
2025-06-19,2025,18.37,17.985886,17.751417,17.985886
2025-06-20,2025,18.41,17.884256,17.75148,17.884256
2025-06-23,2025,18.51,17.776236,17.694887,17.776236
2025-06-24,2025,18.54,17.594545,17.614727,17.594545
2025-06-25,2025,18.99,17.712536,17.511955,17.712536
2025-06-26,2025,18.98,17.906355,17.776846,17.906355
2025-06-27,2025,19.78,18.571638,18.873337,18.571638
2025-06-30,2025,19.5,17.893518,18.60055,17.893518
2025-07-01,2025,19.9,17.971462,17.920107,17.971462
2025-07-02,2025,20.17,17.984724,18.176785,17.984724
2025-07-03,2025,20.29,18.351444,18.015285,18.351444
2025-07-04,2025,20.05,18.3871,17.832935,18.3871
2025-07-07,2025,19.8,18.775957,18.506182,18.775957
2025-07-08,2025,19.82,21.024675,22.011211,21.024675
2025-07-09,2025,18.9,19.677645,21.670515,19.677645
2025-07-10,2025,18.84,19.727125,21.159555,19.727125
2025-07-11,2025,18.89,19.534086,21.135258,19.534086
2025-07-14,2025,19.08,19.524328,21.264652,19.524328
2025-07-15,2025,19.12,19.544014,20.901213,19.544014
2025-07-16,2025,19.14,19.173178,19.600676,18.950365
2025-07-17,2025,19.07,19.354168,19.299122,19.224026
2025-07-18,2025,19.47,19.3153,18.915524,19.122868
2025-07-21,2025,19.79,19.506907,19.253492,19.205849
2025-07-22,2025,20.25,19.582115,19.04317,19.299318
2025-07-23,2025,20.21,19.593615,19.551264,19.593615
2025-07-24,2025,20.12,19.370579,19.588987,19.370579
2025-07-25,2025,19.85,19.596264,19.382889,19.596264
2025-07-28,2025,19.8,19.36509,19.071907,19.36509
2025-07-29,2025,19.59,19.522577,18.731752,19.522577
2025-07-30,2025,19.82,19.571594,18.910517,19.571594
2025-07-31,2025,19.15,20.19224,23.175163,20.19224
2025-08-01,2025,19.26,18.021555,16.045353,18.021555
2025-08-04,2025,19.88,16.596521,16.46012,16.596521
2025-08-05,2025,19.87,16.27326,16.721037,16.27326
2025-08-06,2025,20.16,16.470493,16.476063,16.470495
2025-08-07,2025,20.3,16.63098,16.549572,16.630978
2025-08-08,2025,20.54,16.575212,16.47288,16.575212
2025-08-11,2025,20.25,16.849384,16.973055,16.849384
2025-08-12,2025,20.3,16.813356,17.008116,16.813356
2025-08-13,2025,21.02,17.359678,17.287546,17.359678
2025-08-14,2025,21.17,17.051897,17.275503,17.051897
2025-08-15,2025,21.29,17.227793,17.285707,17.22779
2025-08-18,2025,20.8,17.510366,17.38006,17.510366
2025-08-19,2025,20.33,17.694025,18.539103,19.39928
2025-08-20,2025,20.56,17.722454,18.515343,19.156836
2025-08-21,2025,20.6,18.160494,18.49355,18.989738
2025-08-22,2025,20.66,18.447617,18.450798,19.171705
2025-08-25,2025,22.21,19.788742,19.288506,19.788742
2025-08-26,2025,22.39,19.659815,19.03997,19.659815
2025-08-27,2025,22.53,19.173164,18.896702,19.173164
2025-08-28,2025,22.52,19.614872,20.259731,21.381342
2025-08-29,2025,23.08,19.735346,21.874052,22.31623
2025-08-31,2025,24.38,19.48486,21.799894,22.038292
2025-09-01,2025,24.38,22.391966,22.252361,22.391966
2025-09-02,2025,24.41,22.108908,21.971827,22.108908
2025-09-03,2025,24.94,22.067207,22.791914,22.516697
2025-09-04,2025,23.87,21.147028,21.903866,21.645931
2025-09-05,2025,25.27,21.831856,22.527962,22.227787
2025-09-08,2025,24.64,22.159151,22.850756,22.635206
2025-09-09,2025,25.19,21.869728,22.93274,22.419699
2025-09-10,2025,25.18,21.808025,22.715664,22.275547
2025-09-11,2025,25.71,22.409723,22.593708,22.936863
2025-09-12,2025,25.65,22.209305,22.70359,22.754236
2025-09-15,2025,25.5,22.458477,23.190897,22.872564
2025-09-16,2025,25.32,24.951777,24.974054,24.951777
2025-09-17,2025,25.07,24.85323,24.927034,24.85323
2025-09-18,2025,24.42,23.819292,23.949995,23.819292
2025-09-19,2025,25.02,23.59919,24.35099,23.59919
2025-09-22,2025,25.37,24.006744,25.11063,24.006744
2025-09-23,2025,25.82,24.537838,25.516674,24.537838
2025-09-24,2025,25.93,24.399464,24.635355,24.399464
2025-09-25,2025,27.27,24.981224,24.856092,24.981224
2025-09-26,2025,27.4,25.01318,25.470728,25.01318
2025-09-28,2025,28.77,25.44231,25.682508,25.44231
2025-09-29,2025,28.77,26.277725,26.324793,26.277725
2025-09-30,2025,29.44,26.691322,26.595394,26.691322
2025-10-01,2025,32.38,27.505577,27.512098,27.505577
2025-10-02,2025,32.38,27.5536,27.749323,27.5536
2025-10-03,2025,32.38,27.299564,27.55468,27.299564
2025-10-06,2025,32.38,27.724796,27.30968,27.724796
2025-10-07,2025,32.38,27.282011,27.222937,27.282011
2025-10-08,2025,32.38,27.254175,27.093565,27.254175
2025-10-09,2025,32.38,26.946182,26.937506,26.946182
2025-10-10,2025,30.87,26.642265,26.45095,26.642265
2025-10-11,2025,31.3,28.198923,27.55799,28.198923
2025-10-13,2025,31.3,29.93704,30.102512,29.93704
2025-10-14,2025,29.5,29.455294,29.665676,29.455294
2025-10-15,2025,30.98,30.014635,30.165226,30.014635
2025-10-16,2025,30.47,30.667253,31.022781,30.667253
2025-10-17,2025,30.17,29.267939,29.038406,29.267939
2025-10-20,2025,29.75,30.027435,30.662586,30.027435
2025-10-21,2025,30.05,28.464895,28.835855,28.464895
2025-10-22,2025,29.45,28.525202,26.791649,28.525202
2025-10-23,2025,29.7,27.558783,27.88822,27.558783
2025-10-24,2025,30.03,28.636044,28.463146,28.636044
2025-10-27,2025,31.0,28.810205,28.171545,28.810205
2025-10-28,2025,29.84,27.850672,26.867214,27.850672
2025-10-29,2025,30.96,27.961773,27.325476,27.961773
2025-10-30,2025,31.11,29.107187,28.26173,29.107187
2025-10-31,2025,30.5,29.040455,28.537539,29.040455
2025-11-03,2025,30.0,28.706306,28.39196,28.706306
2025-11-04,2025,28.78,29.042952,27.913425,29.042952
2025-11-05,2025,29.01,28.776169,27.95095,28.776169
2025-11-06,2025,29.7,29.53138,28.74432,29.53138
2025-11-07,2025,30.17,29.137747,28.621004,29.137747
2025-11-10,2025,30.17,27.911514,28.96228,27.911514
2025-11-11,2025,29.62,29.053583,29.14669,29.053583
2025-11-12,2025,29.49,29.026272,29.589,29.026272
2025-11-13,2025,30.72,30.177393,30.541937,30.177393
2025-11-14,2025,30.02,30.379885,29.767334,30.379885
2025-11-17,2025,28.98,30.189728,29.191648,30.189728
2025-11-18,2025,28.39,29.967276,28.764774,29.967276
2025-11-19,2025,29.34,29.414043,28.887188,29.414043
2025-11-20,2025,28.97,29.661015,28.602093,29.661015
2025-11-21,2025,28.14,28.458153,28.12203,28.458153
2025-11-24,2025,28.0,28.698008,28.051336,28.698008
2025-11-25,2025,28.51,28.291761,28.886713,28.291761
2025-11-26,2025,28.43,28.586792,29.203941,28.586792
2025-11-27,2025,28.6,29.576109,29.660267,29.576109
2025-11-28,2025,28.58,29.477287,29.756441,29.477287
2025-12-01,2025,30.06,30.312374,30.212484,30.312374
2025-12-02,2025,29.74,30.195034,30.189537,30.195034
2025-12-03,2025,29.97,29.636818,29.97911,29.636818
2025-12-04,2025,30.69,30.390333,30.18495,30.390333
2025-12-05,2025,31.32,30.454586,30.314293,30.454586
2025-12-08,2025,31.5,30.785648,30.579395,30.785648
2025-12-09,2025,30.4,30.350147,30.286829,30.350147
2025-12-10,2025,30.75,31.135155,31.159588,31.135155
2025-12-11,2025,30.96,31.654287,30.619629,31.654287
2025-12-12,2025,31.7,31.828255,30.921442,31.828255
2025-12-15,2025,31.41,31.518145,31.260925,31.518145
2025-12-16,2025,30.32,31.39361,31.051712,31.39361
2025-12-17,2025,30.87,32.157505,31.674662,32.157505
2025-12-18,2025,30.97,32.003094,31.977184,32.003094
2025-12-19,2025,31.12,32.088093,31.913294,32.088093
2025-12-22,2025,32.53,32.784657,32.6583,32.784657
2025-12-23,2025,32.09,33.067955,32.925003,33.067955
2025-12-24,2025,32.31,33.46779,33.20424,33.46779
2025-12-25,2025,32.03,34.25019,34.039547,34.25019
2025-12-26,2025,33.53,34.977345,33.98702,34.977345
2025-12-29,2025,32.65,31.789625,33.237644,31.789625
2025-12-30,2025,33.42,32.596313,31.557255,32.596313
2025-12-31,2025,34.47,32.72585,32.95173,32.72585
2026-01-01,2026,35.4,33.79563,33.039722,33.79563
2026-01-02,2026,35.4,33.558037,33.605404,33.558037
2026-01-04,2026,35.4,33.96214,32.849083,33.96214
2026-01-05,2026,35.4,34.52726,32.56755,34.52726
2026-01-06,2026,37.6,35.383507,33.885822,35.383507
2026-01-07,2026,36.72,35.166626,35.510372,35.166626
2026-01-08,2026,36.3,34.41972,34.55693,34.41972
2026-01-09,2026,37.22,35.135727,35.23231,35.135727
2026-01-12,2026,37.26,36.288353,36.15183,36.288353
2026-01-13,2026,38.24,35.86604,35.45573,35.86604
2026-01-14,2026,38.5,35.710728,35.614796,35.710728
2026-01-15,2026,38.25,36.148476,35.890507,36.148476
2026-01-16,2026,37.47,35.51403,34.707924,35.51403
2026-01-18,2026,37.26,37.408215,37.581768,37.408215
2026-01-19,2026,37.26,37.717045,37.009266,37.717045
2026-01-20,2026,37.31,37.554756,36.720505,37.554756
2026-01-21,2026,38.13,37.93513,36.99785,37.93513
2026-01-22,2026,37.66,38.441956,37.40854,38.441956
2026-01-23,2026,37.56,38.793377,38.49364,38.793377
2026-01-26,2026,39.5,39.709003,38.922802,39.709003
2026-01-27,2026,40.61,39.82172,38.698536,39.82172
2026-01-28,2026,42.3,41.20516,39.89939,41.20516
2026-01-29,2026,43.45,41.587902,41.012672,41.587902
2026-01-30,2026,40.14,37.912792,38.963047,37.912792
2026-02-02,2026,36.61,38.350254,37.76743,38.350254
2026-02-03,2026,38.81,40.103462,38.203533,40.103462
2026-02-04,2026,39.16,38.98669,39.14799,38.98669
2026-02-05,2026,37.45,38.601658,38.71155,38.601658
2026-02-06,2026,37.19,38.2426,38.255028,38.2426
2026-02-09,2026,38.63,39.85615,39.480774,39.85615
2026-02-10,2026,38.81,39.799824,39.363342,39.799824
2026-02-11,2026,39.48,39.77321,39.080994,39.77321
2026-02-12,2026,39.75,39.749557,39.3668,39.749557
2026-02-13,2026,37.78,38.125004,39.124836,38.125004
2026-02-14,2026,39.32,39.261772,39.3164,39.261772
2026-02-15,2026,39.32,40.143383,39.605247,40.143383
2026-02-16,2026,39.32,39.99396,39.70534,39.99396
2026-02-17,2026,39.32,39.62676,39.939827,39.62676
2026-02-18,2026,39.32,39.327282,39.231808,39.327282
2026-02-19,2026,39.32,39.47455,39.74253,39.47455
2026-02-20,2026,39.32,39.593025,39.39875,39.593025
2026-02-23,2026,39.32,39.740562,40.126793,39.740562
2026-02-24,2026,39.32,39.849796,39.60936,39.849796
2026-02-25,2026,39.63,40.84773,40.37609,40.84773
2026-02-26,2026,39.37,40.81554,40.06473,40.81554
2026-02-27,2026,39.55,40.69446,40.04919,40.69446
2026-02-28,2026,40.77,40.807,40.26326,40.807
2026-03-02,2026,40.77,40.87536,40.69209,40.87536
2026-03-03,2026,38.86,38.743145,38.34814,38.743145
2026-03-04,2026,37.96,38.01653,37.934193,38.01653
2026-03-05,2026,37.67,38.208244,38.059677,38.208244
2026-03-06,2026,37.1,38.280113,37.87407,38.280113
2026-03-09,2026,36.4,38.44364,36.931873,38.44364
2026-03-10,2026,37.13,39.48621,38.246037,39.48621
2026-03-11,2026,37.24,40.09512,38.394558,40.09512
2026-03-12,2026,36.75,39.097916,37.6252,39.097916
2026-03-13,2026,35.77,37.988747,37.236317,37.988747
2026-03-16,2026,34.75,38.03833,36.279404,38.03833
2026-03-17,2026,34.9,35.01527,35.017345,35.01527
2026-03-18,2026,34.92,34.243282,32.78829,34.243282
2026-03-19,2026,32.32,34.690006,33.814804,34.690006
2026-03-20,2026,31.65,35.124054,32.35723,35.124054
2026-03-23,2026,30.58,36.57382,31.430155,36.57382
2026-03-24,2026,32.2,37.001205,28.424047,33.011005
2026-03-25,2026,33.24,34.900948,30.890903,32.3572
2026-03-26,2026,32.09,33.987885,28.120806,29.6827
2026-03-27,2026,32.47,33.132637,29.608452,31.039755
2026-03-30,2026,32.78,31.300098,29.57712,29.411037
2026-03-31,2026,32.72,29.437302,29.997972,28.855001
2026-04-01,2026,34.15,33.99029,33.323753,33.99029
2026-04-02,2026,33.12,31.821299,32.31553,31.821299
2026-04-03,2026,32.91,31.375626,31.674294,31.375626
2026-04-06,2026,32.41,31.332186,31.699492,31.332186
2026-04-07,2026,32.41,31.606731,31.571568,31.606731
2026-04-08,2026,34.62,33.85109,33.96168,33.85109
2026-04-09,2026,33.9,35.6309,35.252636,35.6309
2026-04-10,2026,33.75,36.251347,35.59537,36.251347
2026-04-13,2026,33.66,36.597275,35.59701,36.597275
2026-04-14,2026,34.8,38.412174,36.881596,38.412174
2026-04-15,2026,34.91,34.892677,34.903614,34.892677
2026-04-16,2026,35.3,34.472054,34.732323,34.600033
2026-04-17,2026,34.73,35.80135,35.678787,35.9318
2026-04-20,2026,34.82,35.785503,35.71014,35.970177
2026-04-21,2026,35.66,35.352932,35.503426,35.352932
2026-04-22,2026,35.53,35.21866,34.469505,35.21866
2026-04-23,2026,34.4,35.737362,34.992367,35.737362
2026-04-24,2026,34.31,35.946026,34.981667,35.946026
2026-04-27,2026,33.56,35.842278,34.917492,35.842278
2026-04-28,2026,32.95,34.043896,33.24598,34.043896
2026-04-29,2026,34.14,33.58263,32.959423,33.58263
2026-04-30,2026,33.3,34.86633,34.7291,34.86633
2026-05-01,2026,34.21,35.0998,34.587765,35.0998
2026-05-04,2026,34.21,35.11208,34.904465,35.11208
2026-05-05,2026,34.21,34.32807,33.80507,34.32807
2026-05-06,2026,34.21,34.47063,33.838226,34.47063
2026-05-07,2026,34.46,36.23119,36.63248,36.23119
2026-05-08,2026,34.8,35.769405,35.381737,35.769405
2026-05-09,2026,34.27,36.199738,35.031204,36.199738
2026-05-11,2026,34.27,36.971203,36.981068,36.971203
2026-05-12,2026,34.58,36.49704,36.030037,36.49704
2026-05-13,2026,34.66,36.739155,36.020332,36.739155
2026-05-14,2026,33.52,37.28985,31.98933,36.40369
2026-05-15,2026,31.84,35.975674,33.9164,35.32917
2026-05-18,2026,31.3,35.083694,34.793148,35.083694
2026-05-19,2026,31.16,34.152348,33.79218,34.152348
2026-05-20,2026,30.39,34.392166,34.259327,34.392166
2026-05-21,2026,29.99,34.975296,35.334682,34.975296
2026-05-22,2026,30.96,33.680683,33.796158,33.680683
2026-05-25,2026,31.35,33.88574,34.76301,33.88574
2026-05-26,2026,32.9,34.24555,35.194244,34.24555
2026-05-27,2026,31.62,34.509686,34.87519,34.509686
2026-05-28,2026,30.71,33.19121,33.292767,33.19121
2026-05-29,2026,30.44,33.862606,34.033886,33.862606
2026-06-01,2026,30.19,31.777864,31.236433,31.777864
2026-06-02,2026,31.58,32.065636,32.260548,32.065636
2026-06-03,2026,31.27,33.19701,32.425777,33.19701
2026-06-04,2026,30.34,30.793587,31.129133,30.793587
2026-06-05,2026,29.63,28.74499,30.35379,28.74499
2026-06-08,2026,28.05,29.924604,30.212835,29.924604
2026-06-09,2026,28.47,30.447443,31.159088,30.447443
2026-06-10,2026,27.7,29.079512,32.25621,29.079512
2026-06-11,2026,27.33,28.582619,29.604326,28.582619
2026-06-12,2026,29.09,30.556433,32.275333,30.556433
2026-06-15,2026,31.31,33.35013,33.740845,33.35013
2026-06-16,2026,30.29,31.811451,31.634094,31.811451
2026-06-17,2026,30.43,32.34261,32.50046,32.34261
2026-06-18,2026,29.69,31.282877,30.980373,31.282877
2026-06-19,2026,30.44,31.63512,30.319727,31.63512
2026-06-22,2026,30.44,31.963058,30.230032,31.963058
2026-06-23,2026,27.75,30.25694,29.936005,30.25694
2026-06-24,2026,27.65,28.334183,27.178215,28.334183
2026-06-25,2026,25.92,28.152237,25.238413,28.152237
2026-06-26,2026,25.1,29.031195,29.114439,29.031195
2026-06-29,2026,25.79,27.234869,26.122011,27.234869
2026-06-30,2026,25.14,27.813513,25.890097,27.813513
2026-07-01,2026,25.11,28.231083,27.263737,28.231083
2026-07-02,2026,26.3,27.333097,27.361713,27.333097
2026-07-03,2026,27.82,27.876331,27.957499,27.876331
2026-07-06,2026,28.28,27.924416,27.893688,27.924416
2026-07-07,2026,27.62,27.658169,27.191212,27.658169
2026-07-08,2026,27.36,26.788832,25.824379,26.788832
2026-07-09,2026,27.62,27.663237,26.780802,27.663237
2026-07-10,2026,27.72,27.1134,26.478657,27.1134
2026-07-13,2026,27.36,25.733513,27.063505,25.733513
2026-07-14,2026,29.06,25.438356,25.825287,25.438356
2026-07-15,2026,28.83,26.476215,26.388504,26.476215
2026-07-16,2026,29.25,25.475986,25.567299,25.475986
2026-07-17,2026,28.36,23.693962,24.938286,23.693962
2026-07-20,2026,29.35,24.910776,25.385365,26.418324
2026-07-21,2026,30.21,25.580145,25.714184,26.891462
2026-07-22,2026,32.2,28.75248,26.911697,28.75248
2026-07-23,2026,33.06,26.197453,26.565784,26.197453
