,Actual,Without_time,With_time
2012-05-09,4.28,2.1071985,0.8868062
2012-05-10,4.26,2.1796095,0.9781715
2012-05-11,4.2,2.1466124,0.9156582
2012-05-14,4.15,2.103513,0.7784774
2012-05-15,4.14,2.180042,0.83335274
2012-05-16,4.08,2.20914,0.8258993
2012-05-17,4.13,2.145106,0.70968074
2012-05-18,4.12,2.197008,0.7230446
2012-05-21,4.13,2.1969182,0.78439873
2012-05-22,4.14,2.314677,0.8942997
2012-05-23,4.08,2.2723038,0.73879546
2012-05-24,4.05,2.389294,0.891175
2012-05-25,4.05,2.442026,0.97474116
2012-05-28,4.14,2.4410598,0.95164984
2012-05-29,4.14,2.409713,0.92663735
2012-05-30,4.11,2.3378909,0.744929
2012-05-31,4.14,2.3072126,0.68691605
2012-06-01,4.14,2.2572377,0.37875047
2012-06-04,4.15,2.249719,0.38328472
2012-06-05,4.1,2.2367465,0.44358745
2012-06-06,4.19,2.3625767,0.6449048
2012-06-07,4.14,2.2671988,0.5736014
2012-06-08,4.07,2.355416,0.5239584
2012-06-11,4.11,2.3190997,0.5372235
2012-06-12,4.07,2.3891585,0.5573928
2012-06-13,4.09,2.2740743,0.42068925
2012-06-14,4.07,2.3130958,0.44455877
2012-06-15,4.08,2.3010175,0.40325132
2012-06-18,4.08,2.3768976,0.44007507
2012-06-19,4.06,2.426925,0.47632185
2012-06-20,4.06,2.4101903,0.42007986
2012-06-21,3.99,2.399296,0.3612372
2012-06-22,3.89,2.5305703,0.4611694
2012-06-25,3.89,2.5327418,0.4421374
2012-06-26,3.9,2.4852655,0.4758288
2012-06-27,3.87,2.5750282,0.60393256
2012-06-28,3.83,2.4901917,0.5173146
2012-06-29,3.88,2.7145588,0.73345536
2012-07-02,3.9,2.5744402,0.6543166
2012-07-03,3.89,2.6244957,0.8582851
2012-07-04,3.91,2.5502484,0.9318349
2012-07-05,3.88,2.550629,0.9329812
2012-07-06,3.84,2.526768,0.8031885
2012-07-09,3.76,2.5086071,0.8069088
2012-07-10,3.71,2.511852,0.7917916
2012-07-11,3.72,2.6548817,0.93444794
2012-07-12,3.73,2.5469296,0.83582467
2012-07-13,3.74,2.6170723,0.9672949
2012-07-16,3.7,2.4834626,0.87193507
2012-07-17,3.76,2.3727314,0.86103743
2012-07-18,3.74,2.3112237,0.88397616
2012-07-19,3.76,2.3660896,1.0172478
2012-07-20,3.74,2.2775385,0.902631
2012-07-23,3.7,2.2534335,0.7857844
2012-07-24,3.69,2.2218573,0.7500879
2012-07-25,3.69,2.2723782,0.68042105
2012-07-26,3.73,2.1822917,0.6424038
2012-07-27,3.74,2.2911289,0.8557498
2012-07-30,3.66,2.2398555,0.8076989
2012-07-31,3.67,2.1890895,0.7447564
2012-08-01,3.7,2.1975062,0.8104245
2012-08-02,3.66,2.0745986,0.6662976
2012-08-03,3.7,2.1018918,0.7621524
2012-08-06,3.76,2.0854342,0.7560794
2012-08-07,3.99,2.1340935,0.92491025
2012-08-08,3.97,2.1273668,0.93388146
2012-08-09,3.96,2.2502868,1.0344931
2012-08-10,3.95,2.190399,0.9340765
2012-08-13,3.88,2.069163,0.8535082
2012-08-14,3.85,2.1699507,0.958214
2012-08-15,3.8,2.1984994,1.0384203
2012-08-16,3.79,2.1961896,1.0812608
2012-08-17,3.83,2.2613108,1.1583234
2012-08-20,3.8,2.1855729,1.0578977
2012-08-21,3.83,2.1512668,1.0807458
2012-08-22,3.83,1.9407631,0.8816959
2012-08-23,3.92,1.9378539,0.91586274
2012-08-24,3.84,2.010081,0.9572498
2012-08-27,3.81,1.9747621,0.89741486
2012-08-28,3.78,1.9174277,0.7977516
2012-08-29,3.74,1.906655,0.7984325
2012-08-30,3.72,1.8887573,0.7834479
2012-08-31,3.68,1.7497889,0.6669914
2012-09-03,3.76,1.7735993,0.7287418
2012-09-04,3.72,1.7908398,0.74263304
2012-09-05,3.74,1.8742639,0.8255102
2012-09-06,3.8,1.9029533,0.8817856
2012-09-07,3.91,2.0407007,0.91790074
2012-09-10,3.97,2.0442421,0.9861652
2012-09-11,3.95,1.9571816,0.94642323
2012-09-12,3.99,1.9635354,1.0039321
2012-09-13,3.9,1.919623,0.9635555
2012-09-14,4.03,2.0031097,1.3127824
2012-09-17,3.98,1.9110824,1.195635
2012-09-18,3.89,2.105396,1.1555473
2012-09-19,4.08,2.2861302,1.0499097
2012-09-20,3.96,2.1907847,1.0362011
2012-09-21,4.1,2.1749814,1.0849963
2012-09-24,4.03,2.1542165,0.9524538
2012-09-25,3.91,2.1572492,0.98922175
2012-09-26,3.8,2.1445735,0.89377517
2012-09-27,3.86,2.1266067,0.9252979
2012-09-28,4.01,2.1942508,0.99487275
2012-09-29,3.93,2.1652758,1.0218216
2012-10-01,3.93,2.1249068,1.0079771
2012-10-02,3.93,2.14314,1.0245415
2012-10-03,3.93,2.2575152,1.0005046
2012-10-04,3.93,2.192282,0.987611
2012-10-05,3.93,2.158735,1.0678855
2012-10-08,3.93,2.0635855,0.9774334
2012-10-09,3.99,2.045211,1.0710655
2012-10-10,3.99,1.9447538,1.0625178
2012-10-11,3.96,1.9659425,1.0829512
2012-10-12,3.94,1.9232656,0.9491202
2012-10-15,3.89,1.9255148,0.9676396
2012-10-16,3.89,1.9010693,0.96730345
2012-10-17,3.88,2.0411718,1.0858971
2012-10-18,3.93,2.1133807,1.151755
2012-10-19,3.9,1.897698,0.8816902
2012-10-22,3.9,2.007448,0.8969175
2012-10-23,3.9,1.9537345,0.7873294
2012-10-24,3.88,1.9421793,0.79680365
2012-10-25,3.9,1.9497987,0.8386356
2012-10-26,3.82,1.8099328,0.7542998
2012-10-29,3.83,1.7031618,0.59714955
2012-10-30,3.81,1.6937681,0.604068
2012-10-31,3.81,1.6844822,0.62155837
2012-11-01,3.88,1.7768699,0.7084462
2012-11-02,3.87,1.8350564,0.67643183
2012-11-05,3.84,1.8381654,0.6362955
2012-11-06,3.87,1.8747393,0.7870061
2012-11-07,3.92,1.7658683,0.58118457
2012-11-08,3.83,1.7371565,0.555103
2012-11-09,3.84,1.7129079,0.55668086
2012-11-12,3.84,1.6871163,0.58863086
2012-11-13,3.78,1.7057916,0.60188025
2012-11-14,3.8,1.697116,0.5851633
2012-11-15,3.73,1.6680123,0.6049387
2012-11-16,3.69,1.7857467,0.59998053
2012-11-19,3.71,1.8004223,0.73880833
2012-11-20,3.72,1.80752,0.7908594
2012-11-21,3.74,1.796836,0.7870466
2012-11-22,3.7,1.7606574,0.7122175
2012-11-23,3.71,1.748861,0.7076556
2012-11-26,3.74,1.7123595,0.68289536
2012-11-27,3.7,1.716765,0.6779873
2012-11-28,3.62,1.6897517,0.6321165
2012-11-29,3.58,1.7338058,0.7514898
2012-11-30,3.6,1.7692729,0.81933135
2012-12-03,3.56,1.7281204,0.8044326
2012-12-04,3.53,1.6976334,0.7294256
2012-12-05,3.62,1.7873207,0.7564499
2012-12-06,3.6,1.8221976,0.75006074
2012-12-07,3.65,1.9458286,0.8511078
2012-12-10,3.68,1.9746348,0.9053275
2012-12-11,3.67,1.9547025,0.86607236
2012-12-12,3.72,1.9507824,0.9782116
2012-12-13,3.65,1.857575,0.9242088
2012-12-14,3.77,1.8878919,0.8592445
2012-12-17,3.79,1.9095222,0.8984539
2012-12-18,3.78,1.8586861,0.91757697
2012-12-19,3.74,1.7396079,0.79310006
2012-12-20,3.76,1.625518,0.664715
2012-12-21,3.71,1.7088972,0.71790713
2012-12-24,3.72,1.7347924,0.7125613
2012-12-25,3.76,1.7765032,0.77978486
2012-12-26,3.81,1.7804443,0.7833726
2012-12-27,3.78,1.7682554,0.76520795
2012-12-28,3.8,1.779174,0.75458497
2012-12-31,3.83,1.9207846,0.9322602
2013-01-01,3.81,1.9772693,1.2277051
2013-01-02,3.81,1.9772693,1.2288753
2013-01-03,3.81,2.1221788,1.3798114
2013-01-04,3.81,2.1281965,1.3536717
2013-01-05,3.8,2.0820153,1.2711788
2013-01-06,3.8,2.092098,1.2754036
2013-01-07,3.8,2.0885088,1.2737547
2013-01-08,3.79,2.095073,1.251136
2013-01-09,3.8,2.1307037,1.2806183
2013-01-10,3.83,2.052502,1.2534267
2013-01-11,3.78,1.9306546,1.0346833
2013-01-13,3.84,1.9477483,1.0108596
2013-01-14,3.84,1.9440705,1.0022599
2013-01-15,3.87,2.0022223,1.028021
2013-01-16,3.91,1.9542404,0.9283177
2013-01-17,3.84,2.0215561,1.0922829
2013-01-18,3.87,2.1268742,1.1842119
2013-01-20,3.86,2.073984,1.1347333
2013-01-21,3.86,2.1070573,1.21796
2013-01-22,3.81,2.110963,1.2213207
2013-01-23,3.81,2.0944011,1.2064039
2013-01-24,3.77,2.0565908,1.2300721
2013-01-25,3.77,2.0805247,1.2761532
2013-01-27,3.8,2.0854747,1.2714082
2013-01-28,3.8,2.1020267,1.316537
2013-01-29,3.82,2.1061747,1.4020058
2013-01-30,3.81,2.1500776,1.4978386
2013-01-31,3.87,2.0845544,1.432561
2013-02-01,3.85,2.175854,1.5539514
2013-02-03,3.87,2.2129943,1.5501906
2013-02-04,3.87,2.2125995,1.5503827
2013-02-05,3.91,2.2593148,1.623973
2013-02-06,3.87,2.257881,1.5434939
2013-02-07,3.9,2.3067644,1.5939709
2013-02-08,3.91,2.3460715,1.7008129
2013-02-11,3.81,2.196017,1.6114899
2013-02-12,3.81,2.2028916,1.6567689
2013-02-13,3.81,2.2195227,1.7043058
2013-02-14,3.81,2.2426693,1.6857973
2013-02-15,3.81,2.2980597,1.7330352
2013-02-16,3.81,2.210738,1.539116
2013-02-17,3.81,2.225783,1.5446101
2013-02-18,3.81,2.2093337,1.5410515
2013-02-19,3.78,2.2089326,1.5421058
2013-02-20,3.79,2.3250873,1.546847
2013-02-21,3.68,2.2980888,1.4296509
2013-02-22,3.69,2.2405002,1.3533612
2013-02-25,3.68,2.204941,1.2894055
2013-02-26,3.64,2.2628086,1.3445979
2013-02-27,3.67,2.2317698,1.3110362
2013-02-28,3.7,2.2743013,1.2977482
2013-03-01,3.69,2.2885988,1.2073346
2013-03-04,3.63,2.261648,1.2367455
2013-03-05,3.64,2.3076203,1.2614928
2013-03-06,3.66,2.4082396,1.3414704
2013-03-07,3.65,2.389715,1.4070598
2013-03-08,3.62,2.5499656,1.5533129
2013-03-11,3.6,2.5393164,1.560115
2013-03-12,3.57,2.5214994,1.5781127
2013-03-13,3.55,2.5421154,1.5724117
2013-03-14,3.53,2.5081255,1.5575029
2013-03-15,3.48,2.4051888,1.445633
2013-03-18,3.46,2.3394754,1.2791315
2013-03-19,3.49,2.3612397,1.2362252
2013-03-20,3.52,2.4731634,1.3357321
2013-03-21,3.51,2.4552138,1.2885505
2013-03-22,3.52,2.4115922,1.2741553
2013-03-25,3.52,2.4517515,1.3018218
2013-03-26,3.48,2.4239028,1.2990271
2013-03-27,3.47,2.4496005,1.3271171
2013-03-28,3.5,2.3367693,1.2451426
2013-03-29,3.47,2.279637,1.1624223
2013-04-01,3.42,2.2908504,1.1730992
2013-04-02,3.42,2.3328645,1.2608973
2013-04-03,3.4,2.2151601,1.0939103
2013-04-04,3.44,2.2206328,1.0505077
2013-04-05,3.44,2.1293323,0.9313304
2013-04-07,3.44,2.2444727,1.0593425
2013-04-08,3.44,2.244725,1.0605041
2013-04-09,3.42,2.3101418,1.1501952
2013-04-10,3.44,2.3695,1.2315084
2013-04-11,3.4,2.3266633,1.1769587
2013-04-12,3.39,2.1551049,0.9542691
2013-04-15,3.2,1.9185854,0.8348581
2013-04-16,3.16,2.0064504,0.8317172
2013-04-17,3.15,1.9959885,0.7380149
2013-04-18,3.13,1.9341193,0.7167627
2013-04-19,3.19,1.9328562,0.664776
2013-04-22,3.18,1.8614184,0.5877215
2013-04-23,3.1,1.8993374,0.6315028
2013-04-24,3.13,1.9976097,0.72750396
2013-04-25,3.12,2.0979922,0.86115426
2013-04-26,3.13,1.9336611,0.6837327
2013-04-27,3.07,1.9387552,0.70764035
2013-04-28,3.07,1.938377,0.7083966
2013-04-29,3.07,1.9629456,0.7246339
2013-04-30,3.07,1.8862482,0.5792939
2013-05-01,3.07,1.7631551,0.30735937
2013-05-02,3.07,1.8398677,0.46049753
2013-05-03,3.1,2.1242917,0.9714219
2013-05-06,3.14,2.1755102,1.0125605
2013-05-07,3.14,2.1871426,1.0303484
2013-05-08,3.13,2.2175777,1.047454
2013-05-09,3.11,2.3051984,1.1404296
2013-05-10,3.12,2.4732401,1.31486
2013-05-13,3.09,2.5042245,1.3737518
2013-05-14,3.05,2.4927495,1.3622419
2013-05-15,3.04,2.4726202,1.3375031
2013-05-16,3.03,2.4171178,1.3077646
2013-05-17,3.07,2.5900996,1.5212079
2013-05-20,3.1,2.5950325,1.5325414
2013-05-21,3.1,2.5598276,1.4696704
2013-05-22,3.09,2.7504385,1.6982266
2013-05-23,3.06,2.629688,1.4906327
2013-05-24,3.08,2.5840518,1.4499298
2013-05-27,3.06,2.8085468,1.7303787
2013-05-28,3.12,2.7999227,1.7279006
2013-05-29,3.11,2.6790383,1.5772735
2013-05-30,3.1,2.62976,1.520022
2013-05-31,3.08,2.6506336,1.5654694
2013-06-03,3.09,2.5468524,1.4856931
2013-06-04,3.06,2.5387213,1.5686866
2013-06-05,3.06,2.4634411,1.5044185
2013-06-06,3.03,2.2298167,1.2345282
2013-06-07,3.02,2.1920893,1.2812992
2013-06-08,2.93,2.1676705,1.297463
2013-06-09,2.93,2.2390363,1.3271381
2013-06-10,2.93,2.2174757,1.3194586
2013-06-11,2.93,2.0688603,1.1179138
2013-06-12,2.93,2.1236446,1.2207385
2013-06-13,2.93,1.973013,1.0356022
2013-06-14,2.95,1.9467894,1.0119087
2013-06-17,2.91,1.9412028,1.047145
2013-06-18,2.9,1.8981148,0.9935066
2013-06-19,2.84,1.9901654,1.1916848
2013-06-20,2.73,1.492973,1.084159
2013-06-21,2.68,1.8650271,1.4081279
2013-06-24,2.51,1.6612803,1.3840405
2013-06-25,2.46,1.7910157,1.5296026
2013-06-26,2.39,1.769848,1.5130068
2013-06-27,2.39,1.7943445,1.5080773
2013-06-28,2.38,1.915466,1.5862252
2013-07-01,2.41,2.0894244,1.685649
2013-07-02,2.45,2.1326015,1.7313176
2013-07-03,2.48,2.1907303,1.7901508
2013-07-04,2.53,2.324746,1.981908
2013-07-05,2.67,2.31935,1.980385
2013-07-08,2.56,2.2740843,1.9186279
2013-07-09,2.54,2.301545,1.9134065
2013-07-10,2.57,2.2244465,1.8719751
2013-07-11,2.64,2.2186973,1.744393
2013-07-12,2.56,2.1801083,1.7321187
2013-07-15,2.55,2.1658475,1.6871663
2013-07-16,2.56,2.093198,1.6430336
2013-07-17,2.53,1.9129092,1.5147711
2013-07-18,2.46,1.9106933,1.5432969
2013-07-19,2.41,1.7906276,1.4513317
2013-07-22,2.47,1.773574,1.4386836
2013-07-23,2.53,1.7614952,1.4578873
2013-07-24,2.5,1.7704779,1.519519
2013-07-25,2.47,1.9099699,1.5352751
2013-07-26,2.46,1.7046906,1.3315283
2013-07-29,2.41,1.7027866,1.3491427
2013-07-30,2.44,1.6389533,1.3011757
2013-07-31,2.44,1.6629621,1.3471218
2013-08-01,2.47,2.053127,1.7142411
2013-08-02,2.44,1.9011203,1.5476509
2013-08-05,2.46,1.9182802,1.5820347
2013-08-06,2.46,1.850216,1.5422212
2013-08-07,2.43,1.6203052,1.3938018
2013-08-08,2.44,1.5097157,1.4513088
2013-08-09,2.53,1.5644866,1.5413791
2013-08-12,2.59,1.6635004,1.6220552
2013-08-13,2.57,1.6578494,1.7751027
2013-08-14,2.53,1.6328923,1.7950007
2013-08-15,2.54,1.6024386,1.7609788
2013-08-16,2.55,1.7587653,1.9139739
2013-08-19,2.56,1.6217471,1.850784
2013-08-20,2.5,1.3558437,1.6943718
2013-08-21,2.49,1.5465122,1.7853967
2013-08-22,2.47,1.6433274,1.893727
2013-08-23,2.46,1.6685973,1.8589984
2013-08-26,2.52,1.7139889,1.8146921
2013-08-27,2.53,1.6359226,1.7397248
2013-08-28,2.78,1.5766312,1.7565461
2013-08-29,2.67,1.5574766,1.709385
2013-08-30,2.64,1.5469157,1.6994749
2013-09-02,2.69,1.7769071,1.9783326
2013-09-03,2.65,1.7665588,1.9761482
2013-09-04,2.68,1.6538154,1.8547183
2013-09-05,2.63,1.7821065,2.0155618
2013-09-06,2.64,1.7268158,1.9504849
2013-09-09,2.67,1.6645561,1.8933259
2013-09-10,2.69,1.6833473,1.9178439
2013-09-11,2.76,1.4499513,1.7849971
2013-09-12,2.73,1.3635451,1.6899139
2013-09-13,2.67,1.2693335,1.6393944
2013-09-16,2.67,1.2984182,1.6292721
2013-09-17,2.62,1.3415824,1.6092073
2013-09-18,2.62,1.128019,1.4139692
2013-09-19,2.65,1.4601232,1.7018286
2013-09-20,2.65,1.4401742,1.6500045
2013-09-22,2.65,1.3985196,1.5730411
2013-09-23,2.65,1.3459111,1.5580364
2013-09-24,2.59,1.232072,1.4250075
2013-09-25,2.61,1.1880795,1.3851057
2013-09-26,2.56,1.3051096,1.5175024
2013-09-27,2.57,1.2706472,1.506651
2013-09-29,2.6,1.2561365,1.4864837
2013-09-30,2.6,1.2664858,1.4905797
2013-10-01,2.6,1.2473007,1.4067336
2013-10-02,2.6,1.2156869,1.4322191
2013-10-03,2.6,1.1438938,1.3137056
2013-10-04,2.6,1.2685138,1.4748489
2013-10-07,2.6,1.2250801,1.4311925
2013-10-08,2.6,1.2475616,1.4573513
2013-10-09,2.59,1.1606728,1.376701
2013-10-10,2.57,1.2113792,1.4646422
2013-10-11,2.59,1.1702768,1.4835678
2013-10-12,2.59,1.2525059,1.5889531
2013-10-14,2.59,1.1662637,1.5647012
2013-10-15,2.59,1.1692821,1.6015044
2013-10-16,2.63,1.0647675,1.5202695
2013-10-17,2.57,0.8982808,1.2783743
2013-10-18,2.59,0.8649065,1.267893
2013-10-21,2.62,0.91982716,1.3278414
2013-10-22,2.6,0.77157325,1.2025853
2013-10-23,2.6,0.6186368,0.98755664
2013-10-24,2.57,0.5444495,0.95862883
2013-10-25,2.51,0.49156585,0.94372624
2013-10-28,2.5,0.5243818,1.0079032
2013-10-29,2.47,0.54191417,1.063192
2013-10-30,2.48,0.6476547,1.2137653
2013-10-31,2.47,0.7450964,1.2679101
2013-11-01,2.47,0.9526083,1.4414197
2013-11-04,2.47,0.8309981,1.2915045
2013-11-05,2.47,0.8346459,1.3702132
2013-11-06,2.46,0.7352287,1.2600323
2013-11-07,2.46,0.58798856,1.23166
2013-11-08,2.43,0.63989466,1.4282404
2013-11-11,2.41,0.50497216,1.4071022
2013-11-12,2.43,0.46977583,1.3747636
2013-11-13,2.38,0.1694104,1.0951377
2013-11-14,2.38,0.12300508,1.032848
2013-11-15,2.42,-0.035229996,0.99328774
2013-11-18,2.45,-0.24669965,0.84855
2013-11-19,2.44,-0.23938878,0.87217444
2013-11-20,2.46,-0.2227114,1.0095879
2013-11-21,2.43,-0.1670006,1.1142708
2013-11-22,2.46,-0.12767442,1.0993444
2013-11-25,2.42,-0.031857327,1.1633879
2013-11-26,2.43,-0.1107796,1.0755059
2013-11-27,2.43,0.038189575,1.1189533
2013-11-28,2.46,0.31456915,1.2510282
2013-11-29,2.45,0.4539987,1.2978388
2013-12-02,2.41,0.23443763,1.2612516
2013-12-03,2.41,0.23688523,1.2165943
2013-12-04,2.43,0.42665115,1.4400016
2013-12-05,2.44,0.24450271,1.3331143
2013-12-06,2.43,0.21656911,1.351319
2013-12-09,2.43,0.15695827,1.3134266
2013-12-10,2.43,0.019953415,1.2147871
2013-12-11,2.41,0.014644787,1.2905785
2013-12-12,2.4,0.11355893,1.382342
2013-12-13,2.38,0.23314302,1.4401284
2013-12-16,2.35,0.18655603,1.4604484
2013-12-17,2.35,0.10848443,1.3847586
2013-12-18,2.33,0.117125675,1.4136788
2013-12-19,2.33,0.12100808,1.4847323
2013-12-20,2.27,0.0519654,1.4431754
2013-12-23,2.27,0.08063237,1.4812299
2013-12-24,2.3,0.29278532,1.7077223
2013-12-25,2.3,0.29918495,1.7554933
2013-12-26,2.35,0.31543174,1.7621413
2013-12-27,2.33,0.3534166,1.763601
2013-12-30,2.31,0.24640004,1.6362792
2013-12-31,2.31,0.3130013,1.7218672
2014-01-01,2.33,0.31017032,1.7059299
2014-01-02,2.33,0.31017032,1.7068869
2014-01-03,2.3,0.2244765,1.6537687
2014-01-06,2.27,0.11335342,1.5882736
2014-01-07,2.27,0.14568536,1.608925
2014-01-08,2.24,0.28434196,1.6981622
2014-01-09,2.21,0.17340867,1.5582725
2014-01-10,2.2,0.115997,1.4824706
2014-01-13,2.24,0.08508031,1.437852
2014-01-14,2.23,0.11880605,1.4749418
2014-01-15,2.22,0.30648723,1.6377255
2014-01-16,2.23,0.17669074,1.5254713
2014-01-17,2.21,0.20040385,1.5571114
2014-01-20,2.21,0.19475,1.5616647
2014-01-21,2.22,0.28075853,1.600268
2014-01-22,2.25,0.3928701,1.6479594
2014-01-23,2.23,0.22020976,1.3643275
2014-01-24,2.27,0.13125198,1.2820255
2014-01-26,2.26,0.21262662,1.3111345
2014-01-27,2.26,0.20790355,1.3104559
2014-01-28,2.25,0.14384477,1.2861835
2014-01-29,2.25,0.054639503,1.1690799
2014-01-30,2.24,0.14407508,1.2699338
2014-01-31,2.23,0.18989007,1.2079836
2014-02-03,2.23,0.08697574,1.0753623
2014-02-04,2.23,0.13508336,1.138589
2014-02-05,2.23,0.15556018,1.1786295
2014-02-06,2.23,0.2107312,1.2710806
2014-02-07,2.23,0.15063302,1.2459575
2014-02-08,2.25,0.18931644,1.233903
2014-02-10,2.25,0.16079108,1.225938
2014-02-11,2.31,0.21802919,1.2498227
2014-02-12,2.29,0.3429691,1.3966423
2014-02-13,2.41,0.20142429,1.249735
2014-02-14,2.41,0.24550931,1.2832705
2014-02-17,2.43,0.13350217,1.2486292
2014-02-18,2.37,0.08627479,1.2332317
2014-02-19,2.38,0.104214355,1.2728697
2014-02-20,2.39,0.17307441,1.3075916
2014-02-21,2.37,0.15914218,1.2744247
2014-02-24,2.33,0.22853534,1.2774864
2014-02-25,2.32,0.23762481,1.2053028
2014-02-26,2.43,0.1852986,1.181791
2014-02-27,2.36,0.24722163,1.1137091
2014-02-28,2.38,0.07877652,1.0003577
2014-03-03,2.42,0.030930683,0.9551298
2014-03-04,2.43,0.08530395,1.1161858
2014-03-05,2.35,0.041705295,1.0670682
2014-03-06,2.34,0.04855697,1.0760051
2014-03-07,2.35,-0.029706791,0.8811299
2014-03-10,2.26,-0.1464699,0.7507078
2014-03-11,2.26,-0.26320204,0.5376503
2014-03-12,2.29,-0.23704512,0.4820353
2014-03-13,2.31,-0.31103787,0.3045546
2014-03-14,2.3,-0.28268084,0.34242883
2014-03-17,2.31,-0.23136695,0.4069368
2014-03-18,2.29,-0.3225225,0.35275045
2014-03-19,2.27,-0.18140586,0.6468522
2014-03-20,2.25,-0.2992371,0.54082316
2014-03-21,2.28,-0.20726998,0.57802504
2014-03-24,2.3,-0.30939612,0.5141699
2014-03-25,2.3,-0.22623618,0.66890544
2014-03-26,2.29,-0.28818116,0.54163283
2014-03-27,2.26,-0.29816994,0.5966584
2014-03-28,2.27,-0.21054871,0.76625985
2014-03-31,2.25,-0.25460657,0.72365206
2014-04-01,2.26,-0.1992944,0.8009302
2014-04-02,2.27,-0.11478694,0.88099736
2014-04-03,2.26,-0.12545331,0.88082093
2014-04-04,2.26,-0.11218484,0.8090927
2014-04-07,2.29,-0.027004078,0.81029385
2014-04-08,2.29,-0.088628605,0.7393705
2014-04-09,2.29,-0.16877444,0.6843268
2014-04-10,2.31,-0.12111457,0.6369435
2014-04-11,2.29,-0.1271251,0.6307284
2014-04-14,2.3,0.0016509742,0.754729
2014-04-15,2.27,-0.08346398,0.6579353
2014-04-16,2.27,0.056134388,0.7705328
2014-04-17,2.26,0.30133453,0.949814
2014-04-18,2.26,0.22043483,0.93861693
2014-04-21,2.24,0.22043483,0.9414856
2014-04-22,2.23,0.19229858,0.94362134
2014-04-23,2.23,0.1137511,0.893038
2014-04-24,2.23,0.17354552,0.9847843
2014-04-25,2.21,0.1752855,0.9669644
2014-04-28,2.2,0.1323177,0.955033
2014-04-29,2.2,0.16058366,0.9423496
2014-04-30,2.22,0.053260013,0.7715065
2014-05-01,2.23,0.07736032,0.7343103
2014-05-02,2.23,0.118069336,0.8017332
2014-05-04,2.23,0.12712733,0.79749554
2014-05-05,2.23,0.105566666,0.7919113
2014-05-06,2.22,0.08017366,0.7333333
2014-05-07,2.2,-0.0035265237,0.6994831
2014-05-08,2.2,0.1654927,0.81392545
2014-05-09,2.22,0.4986283,1.00943
2014-05-12,2.27,0.6659867,1.198505
2014-05-13,2.25,0.5742151,1.1388036
2014-05-14,2.24,0.48635927,1.0964872
2014-05-15,2.21,0.3456556,0.99117774
2014-05-16,2.21,0.3676888,1.028071
2014-05-19,2.21,0.43030897,1.0894471
2014-05-20,2.21,0.38948074,1.0288006
2014-05-21,2.21,0.3952028,1.025292
2014-05-22,2.2,0.46604267,1.1061217
2014-05-23,2.22,0.5414025,1.1732932
2014-05-26,2.21,0.46836677,1.1605016
2014-05-27,2.2,0.49055257,1.1671478
2014-05-28,2.2,0.476473,1.1230856
2014-05-29,2.19,0.4937264,1.0776192
2014-05-30,2.19,0.5687019,1.0751415
2014-06-02,2.19,0.81577176,1.3076621
2014-06-03,2.19,0.8098485,1.2895929
2014-06-04,2.18,0.77688664,1.2351066
2014-06-05,2.19,0.70705384,1.1569968
2014-06-06,2.17,0.5957157,1.0775658
2014-06-09,2.17,0.6264922,1.1199042
2014-06-10,2.17,0.7163493,1.1969005
2014-06-11,2.17,0.71598405,1.1836907
2014-06-12,2.16,0.65447587,1.0426913
2014-06-13,2.16,0.65020007,1.0847412
2014-06-16,2.19,0.7102205,1.1347104
2014-06-17,2.18,0.80034465,1.2417971
2014-06-18,2.17,0.7388951,1.1818124
2014-06-19,2.14,0.8052427,1.2071825
2014-06-20,2.16,0.82769984,1.2762915
2014-06-23,2.17,0.84353036,1.3160425
2014-06-24,2.16,0.827625,1.2945191
2014-06-25,2.16,0.7980735,1.2867819
2014-06-26,2.17,0.78339404,1.2630092
2014-06-27,2.16,0.7651922,1.2438961
2014-06-30,2.18,0.73590153,1.2551285
2014-07-01,2.21,0.7561838,1.3022715
2014-07-02,2.19,0.8183567,1.4812852
2014-07-03,2.21,0.8130452,1.5384861
2014-07-04,2.21,0.7170045,1.4640523
2014-07-07,2.13,0.83235425,1.501918
2014-07-08,2.13,0.79121035,1.4377872
2014-07-09,2.12,0.715862,1.3615414
2014-07-10,2.11,0.7518632,1.3965732
2014-07-11,2.13,0.7679741,1.39669
2014-07-14,2.14,0.71831197,1.3737751
2014-07-15,2.14,0.6887328,1.3991762
2014-07-16,2.16,0.54182166,1.3086449
2014-07-17,2.15,0.3717033,1.1998717
2014-07-18,2.16,0.28377786,1.1385657
2014-07-21,2.13,0.3025624,1.165579
2014-07-22,2.16,0.40137783,1.2383162
2014-07-23,2.16,0.3465139,1.2263194
2014-07-24,2.19,0.4438955,1.3960124
2014-07-25,2.23,0.48832288,1.3583633
2014-07-28,2.27,0.53854674,1.402404
2014-07-29,2.25,0.49410263,1.3503243
2014-07-30,2.25,0.62165946,1.5307385
2014-07-31,2.41,0.6794607,1.54383
2014-08-01,2.33,0.6130459,1.4219357
2014-08-04,2.36,0.6543085,1.4911271
2014-08-05,2.36,0.6173622,1.4052478
2014-08-06,2.4,0.62056845,1.34227
2014-08-07,2.37,0.55413884,1.2960578
2014-08-08,2.43,0.5120961,1.2644292
2014-08-11,2.43,0.5198347,1.2777444
2014-08-12,2.4,0.5349633,1.2459575
2014-08-13,2.38,0.5408823,1.1687614
2014-08-14,2.34,0.5624506,1.0911137
2014-08-15,2.35,0.52944297,0.9966213
2014-08-18,2.36,0.545489,1.0589691
2014-08-19,2.38,0.49978605,1.0702707
2014-08-20,2.37,0.6780955,1.3649942
2014-08-21,2.35,0.6081087,1.3181931
2014-08-22,2.34,0.67433614,1.3890263
2014-08-25,2.32,0.71354645,1.4511486
2014-08-26,2.3,0.69178027,1.4207784
2014-08-27,2.28,0.66084784,1.3380262
2014-08-28,2.26,0.60305804,1.235046
2014-08-29,2.28,0.65135163,1.3131453
2014-09-01,2.31,0.6897828,1.4248654
2014-09-02,2.33,0.6693589,1.4211346
2014-09-03,2.34,0.6074354,1.3390456
2014-09-04,2.36,0.76668423,1.6032602
2014-09-05,2.37,0.74986047,1.6059562
2014-09-08,2.38,0.7957956,1.7154423
2014-09-09,2.38,0.6772658,1.5825964
2014-09-10,2.36,0.6558525,1.6067683
2014-09-11,2.37,0.6163117,1.581266
2014-09-12,2.4,0.7259676,1.7485973
2014-09-15,2.41,0.73612803,1.7010609
2014-09-16,2.46,0.8253533,1.8418814
2014-09-17,2.51,1.0458857,1.9784709
2014-09-18,2.46,1.03113,1.848519
2014-09-19,2.44,1.3091089,1.9289366
2014-09-22,2.38,1.18218,1.7820832
2014-09-23,2.41,1.2109886,1.7525779
2014-09-24,2.47,1.201913,1.8294946
2014-09-25,2.44,1.2541896,1.7963468
2014-09-26,2.46,1.2985498,1.8883458
2014-09-28,2.45,1.29313,1.8632308
2014-09-29,2.45,1.3656956,1.8893672
2014-09-30,2.48,1.3351094,1.891833
2014-10-01,2.47,1.2823321,1.8124257
2014-10-02,2.47,1.1211768,1.6994554
2014-10-03,2.47,1.2360922,1.8538543
2014-10-06,2.47,1.1741248,1.7631398
2014-10-07,2.47,1.121483,1.6829025
2014-10-08,2.47,0.99468535,1.5540096
2014-10-09,2.54,1.0897518,1.6113735
2014-10-10,2.51,1.0367051,1.6087962
2014-10-11,2.56,0.9362528,1.4196779
2014-10-13,2.56,0.93911,1.4230162
2014-10-14,2.54,1.2672178,1.6652595
2014-10-15,2.56,1.1747872,1.3955704
2014-10-16,2.6,1.1284548,1.3656741
2014-10-17,2.56,1.2474605,1.5208055
2014-10-20,2.58,1.3428956,1.49255
2014-10-21,2.57,1.5256039,1.6647536
2014-10-22,2.51,1.4336764,1.6957198
2014-10-23,2.43,1.4113632,1.7790729
2014-10-24,2.45,1.4284645,1.7734419
2014-10-27,2.43,1.465707,1.7746207
2014-10-28,2.49,1.6440383,1.8665162
2014-10-29,2.55,1.8795844,2.0430863
2014-10-30,2.64,1.585694,1.9281822
2014-10-31,2.63,1.6337305,2.055652
2014-11-03,2.66,1.8767644,2.2175462
2014-11-04,2.72,1.8255845,2.1157296
2014-11-05,2.62,1.9023191,2.2138236
2014-11-06,2.64,1.966221,2.336603
2014-11-07,2.58,2.1287143,2.2908895
2014-11-10,2.67,2.303017,2.4009807
2014-11-11,2.62,2.2639816,2.3731315
2014-11-12,2.66,2.132447,2.3479197
2014-11-13,2.7,1.895435,2.2069871
2014-11-14,2.65,1.854683,2.1798131
2014-11-17,2.63,1.855168,2.2414792
2014-11-18,2.61,1.891667,2.1568906
2014-11-19,2.61,1.9749037,2.2731287
2014-11-20,2.59,1.8245198,2.1769178
2014-11-21,2.62,1.9846069,2.2832735
2014-11-24,2.67,2.3780262,2.3587954
2014-11-25,2.82,2.1367834,2.1789405
2014-11-26,2.78,2.062507,2.0753863
2014-11-27,2.79,1.7928754,1.885379
2014-11-28,2.8,1.7914335,1.885799
2014-12-01,2.8,1.9680859,1.96828
2014-12-02,2.86,2.004112,2.1047304
2014-12-03,3.06,1.8740603,2.0435603
2014-12-04,3.13,1.8130924,1.9491798
2014-12-05,3.05,1.5687772,1.9727584
2014-12-08,3.16,1.4206291,1.7863203
2014-12-09,3.1,1.5702707,1.8008357
2014-12-10,3.23,1.5189115,1.6458398
2014-12-11,3.22,1.5621463,1.7475053
2014-12-12,3.27,1.3721558,1.5524236
2014-12-15,3.28,1.180328,1.4683977
2014-12-16,3.27,1.1168371,1.344268
2014-12-17,3.22,1.3178903,1.6151148
2014-12-18,3.22,1.2682315,1.673113
2014-12-19,3.33,1.4725786,1.7714015
2014-12-22,3.6,1.4192215,1.7825476
2014-12-23,3.37,1.5756756,1.9946877
2014-12-24,3.24,1.6449038,2.0349648
2014-12-25,3.32,1.6332065,1.9194018
2014-12-26,3.4,1.6251699,1.9170042
2014-12-29,3.37,1.6013447,1.9131714
2014-12-30,3.29,1.5800225,1.8662249
2014-12-31,3.38,1.5161225,1.8159648
2015-01-01,3.65,1.5761639,1.7370883
2015-01-02,3.65,1.5761639,1.7381126
2015-01-04,3.65,1.3025104,1.642871
2015-01-05,3.65,1.309981,1.6469761
2015-01-06,3.75,1.2863623,1.539775
2015-01-07,3.98,1.2060477,1.5424935
2015-01-08,3.8,1.2504569,1.7142612
2015-01-09,3.74,1.140865,1.5176288
2015-01-12,3.76,1.0606948,1.356978
2015-01-13,3.72,0.9571907,1.2250625
2015-01-14,3.59,0.76443404,0.9280264
2015-01-15,3.63,1.033991,0.9765727
2015-01-16,3.77,1.3114201,1.2115337
2015-01-19,3.6,1.2862664,1.1725222
2015-01-20,3.64,1.2956482,1.1758577
2015-01-21,3.77,1.3956825,1.2962648
2015-01-22,3.92,1.4650799,1.4654752
2015-01-23,3.84,1.2936922,1.3146077
2015-01-26,3.87,1.3764988,1.4050599
2015-01-27,3.79,1.2405969,1.1552721
2015-01-28,3.74,1.135017,1.0834485
2015-01-29,3.65,0.95270365,1.1083528
2015-01-30,3.59,1.0762864,1.0634156
2015-02-02,3.58,1.3083974,1.1184064
2015-02-03,3.63,1.6295687,1.426624
2015-02-04,3.54,1.6914645,1.528721
2015-02-05,3.49,1.9789153,1.6973501
2015-02-06,3.34,1.83949,1.8333694
2015-02-09,3.31,1.9231435,1.8505226
2015-02-10,3.37,1.8409983,1.9000856
2015-02-11,3.38,1.7863065,1.8544465
2015-02-12,3.37,1.9951984,1.9117476
2015-02-13,3.44,2.3451908,2.1067965
2015-02-15,3.46,2.3478034,2.2634103
2015-02-16,3.46,2.4218075,2.2776225
2015-02-17,3.49,2.3853776,2.259557
2015-02-18,3.42,2.36003,2.209203
2015-02-19,3.42,2.3264277,2.2532518
2015-02-20,3.42,2.3719475,2.2790067
2015-02-23,3.42,2.2993782,2.1837533
2015-02-24,3.42,2.393,2.1755311
2015-02-25,3.42,2.3412893,2.102688
2015-02-26,3.52,2.59467,2.437041
2015-02-27,3.55,2.5527594,2.3946388
2015-02-28,3.64,2.6027405,2.5312607
2015-03-02,3.64,2.5141284,2.5183704
2015-03-03,3.55,2.4267805,2.4866197
2015-03-04,3.54,2.3917148,2.5269454
2015-03-05,3.46,2.2644508,2.5430954
2015-03-06,3.5,2.010792,2.7423246
2015-03-09,3.49,2.0355852,2.7782385
2015-03-10,3.47,1.7290493,2.6558588
2015-03-11,3.45,1.9342633,2.774483
2015-03-12,3.48,2.041876,2.789467
2015-03-13,3.5,1.9336396,2.9234126
2015-03-16,3.57,1.7164899,2.7404602
2015-03-17,3.67,1.6119591,2.6327116
2015-03-18,3.86,1.4041592,2.2474597
2015-03-19,3.91,1.7470604,2.5550702
2015-03-20,3.88,2.060601,2.570689
2015-03-23,4.0,2.1303275,2.5177376
2015-03-24,4.4,2.1731722,2.5155547
2015-03-25,4.52,2.1515558,2.5313203
2015-03-26,4.41,2.2965147,2.7626975
2015-03-27,4.43,2.079457,2.5716012
2015-03-30,4.45,2.133177,2.6452973
2015-03-31,4.32,1.8725873,2.5421755
2015-04-01,4.36,2.151068,2.5359728
2015-04-02,4.44,2.2049763,2.5291426
2015-04-03,4.46,2.3252418,2.3468072
2015-04-06,4.56,2.276343,2.3845923
2015-04-07,4.56,2.476102,2.5464795
2015-04-08,4.47,2.2264297,2.4529903
2015-04-09,4.33,2.1995223,2.6649797
2015-04-10,4.38,2.4258792,2.7078984
2015-04-13,4.47,2.5458705,2.7097042
2015-04-14,4.62,2.523524,2.567201
2015-04-15,4.6,2.5099123,2.5872438
2015-04-16,4.86,2.8819282,2.5676315
2015-04-17,5.0,3.0286238,2.5522454
2015-04-20,5.2,3.019418,2.7241862
2015-04-21,5.24,3.1890752,2.7324617
2015-04-22,5.76,3.2819412,2.7971761
2015-04-23,5.76,3.385382,2.7255986
2015-04-24,5.76,3.3911269,2.6843488
2015-04-27,5.76,3.7618783,2.7766492
2015-04-28,5.76,3.6875477,2.7652996
2015-04-29,5.76,3.7993944,2.721534
2015-04-30,5.76,4.033918,2.832291
2015-05-01,5.76,4.2749486,3.127857
2015-05-04,5.76,4.2786713,3.2118661
2015-05-05,5.76,4.0128818,3.1534202
2015-05-06,5.76,3.8279629,3.008262
2015-05-07,5.76,3.6092355,2.9657547
2015-05-08,5.76,3.8913357,3.0423782
2015-05-11,5.76,4.116396,3.257942
2015-05-12,5.76,4.3349943,3.2266667
2015-05-13,5.76,4.344357,3.044978
2015-05-14,5.76,4.2935896,2.9425733
2015-05-15,5.76,4.103512,2.7466376
2015-05-18,5.76,4.1146355,3.0107582
2015-05-19,5.76,4.087995,3.124715
2015-05-20,5.76,4.1605687,3.1444495
2015-05-21,5.76,4.427097,3.088055
2015-05-22,5.76,4.627541,3.218321
2015-05-25,5.76,5.305927,3.2668865
2015-05-26,5.76,5.1879935,3.1835473
2015-05-27,5.76,5.1416297,3.187905
2015-05-28,6.34,3.9766846,2.9706223
2015-05-29,6.97,4.0014663,2.8618534
2015-06-01,7.18,4.701576,3.0568984
2015-06-02,6.97,4.922101,3.0211766
2015-06-03,6.72,4.749498,3.0715706
2015-06-04,6.52,4.4637876,2.9044206
2015-06-05,6.78,4.8625755,3.2330391
2015-06-08,6.64,4.952516,3.0967557
2015-06-09,6.57,5.0492296,3.1730263
2015-06-10,6.55,5.2618494,3.2547653
2015-06-11,6.46,4.8931155,2.9362013
2015-06-12,6.44,5.0380726,2.9645236
2015-06-15,6.52,4.360461,2.7104847
2015-06-16,6.3,3.8607402,2.6481297
2015-06-17,6.29,3.9664876,2.5302708
2015-06-18,6.18,3.711938,2.5436761
2015-06-19,5.6,2.9594247,2.2858903
2015-06-22,5.58,3.1576412,2.5004694
2015-06-23,5.58,3.3947618,2.8465002
2015-06-24,5.88,3.5394318,2.7840044
2015-06-25,5.58,3.1955044,2.763117
2015-06-26,5.04,2.711292,2.9182694
2015-06-29,4.75,2.2657864,2.5560477
2015-06-30,5.12,2.7104132,2.7013123
2015-07-01,4.83,2.5059817,2.9626682
2015-07-02,4.49,2.177912,2.876023
2015-07-03,4.08,1.8544446,2.6668851
2015-07-06,4.28,1.9781872,2.736636
2015-07-07,4.1,1.7523547,2.565026
2015-07-08,3.69,1.7719523,2.4955523
2015-07-09,3.97,2.1285813,2.8514502
2015-07-10,4.37,2.0844166,2.8597143
2015-07-13,4.81,2.1886203,3.024719
2015-07-14,4.57,2.0009472,2.8848917
2015-07-15,4.11,1.8295857,2.8572276
2015-07-16,4.24,1.9459926,2.9698198
2015-07-17,4.45,1.9429542,2.940952
2015-07-20,4.42,1.9444,3.0175774
2015-07-21,4.45,1.8037521,2.825466
2015-07-22,4.36,1.7150513,2.7791474
2015-07-23,4.5,1.7219912,2.5976999
2015-07-24,4.39,1.6179334,2.58555
2015-07-27,3.95,1.3266593,2.3162682
2015-07-28,3.88,1.4973222,2.4733908
2015-07-29,4.13,1.6384383,2.5911415
2015-07-30,3.99,1.5040108,2.5639236
2015-07-31,4.01,1.2792093,2.3662107
2015-08-03,4.0,1.0393916,2.1987226
2015-08-04,4.11,1.209572,2.3905318
2015-08-05,4.0,1.1587931,2.4276288
2015-08-06,3.95,1.0699297,2.297785
2015-08-07,4.04,1.0732285,2.200002
2015-08-10,4.22,1.3470784,2.3912137
2015-08-11,4.64,1.0093185,2.118652
2015-08-12,4.71,0.9798352,2.032315
2015-08-13,4.65,1.1096317,2.1423328
2015-08-14,4.52,1.1217085,2.1615903
2015-08-17,4.57,1.0559627,2.0883482
2015-08-18,4.11,0.8076703,2.0409806
2015-08-19,4.25,0.71252745,1.8389932
2015-08-20,4.26,0.7645404,1.7638518
2015-08-21,4.17,0.5475442,1.4740411
2015-08-24,3.75,0.18891017,1.0237099
2015-08-25,3.38,0.3278891,1.3881127
2015-08-26,3.37,0.27851024,1.43743
2015-08-27,3.49,0.76333827,1.7824689
2015-08-28,3.72,1.0957967,2.0175312
2015-08-31,3.56,1.2827994,2.0579135
2015-09-01,3.65,1.2142121,1.8728782
2015-09-02,3.56,1.2489659,1.9798347
2015-09-03,3.59,1.4396621,2.1842043
2015-09-04,3.59,1.1711704,1.9182645
2015-09-06,3.59,1.3234969,2.1384575
2015-09-07,3.59,1.278051,2.1310813
2015-09-08,3.64,1.3281575,2.1749966
2015-09-09,3.75,1.2960979,2.2112653
2015-09-10,3.64,1.3151838,2.1791131
2015-09-11,3.6,1.2455322,2.0974872
2015-09-14,3.63,1.1012045,1.9568673
2015-09-15,3.35,1.2289449,2.164776
2015-09-16,3.59,1.5393044,2.331299
2015-09-17,3.5,1.3156492,2.0475976
2015-09-18,3.51,1.2049419,1.8392607
2015-09-21,3.55,1.3295451,2.0993607
2015-09-22,3.57,1.0581385,1.8861042
2015-09-23,3.44,1.0835048,1.9025513
2015-09-24,3.47,1.1487643,1.8469263
2015-09-25,3.51,1.1443187,1.9049288
2015-09-28,3.47,0.98094195,1.7048193
2015-09-29,3.37,1.1161534,1.6637799
2015-09-30,3.38,1.3449146,1.9103876
2015-10-01,3.48,1.3505684,1.8287526
2015-10-02,3.48,1.2914044,1.7172619
2015-10-05,3.48,1.5622579,1.986818
2015-10-06,3.48,1.588144,1.9162265
2015-10-07,3.48,1.6476251,1.9958454
2015-10-08,3.48,1.6205641,2.0059597
2015-10-09,3.55,2.0339596,2.1084096
2015-10-10,3.74,1.9764453,2.0253294
2015-10-12,3.74,2.0114706,2.0341141
2015-10-13,3.7,1.9683043,1.9534417
2015-10-14,3.67,2.1013653,1.8089529
2015-10-15,3.74,2.0941403,1.938759
2015-10-16,3.74,2.0083659,1.938975
2015-10-19,3.7,1.8651072,1.8998171
2015-10-20,3.73,2.0417993,1.9672381
2015-10-21,3.73,1.9491621,1.900304
2015-10-22,3.77,2.1414797,2.129381
2015-10-23,3.78,2.1778386,2.2314904
2015-10-26,3.77,2.255664,2.2068827
2015-10-27,3.73,2.3295863,2.1795256
2015-10-28,3.71,2.500744,2.4082916
2015-10-29,3.69,2.224971,2.3999798
2015-10-30,3.65,2.130325,2.309549
2015-11-02,3.56,2.1491482,2.3581426
2015-11-03,3.56,2.0666363,2.4398668
2015-11-04,3.68,1.9044496,2.5182412
2015-11-05,3.73,1.8638221,2.4369743
2015-11-06,3.78,1.854168,2.6759388
2015-11-09,3.79,1.5572067,2.6096857
2015-11-10,3.88,1.5884329,2.599171
2015-11-11,3.81,1.7395145,2.5745718
2015-11-12,3.77,1.5749418,2.4382365
2015-11-13,3.67,1.4178802,2.3307426
2015-11-16,3.79,1.2318326,2.24593
2015-11-17,3.74,1.2372681,2.2488444
2015-11-18,3.69,1.1506101,2.2218106
2015-11-19,3.72,1.1737071,2.116216
2015-11-20,3.73,1.2311164,2.204973
2015-11-23,3.68,1.1748983,2.1843374
2015-11-24,3.66,1.3592631,2.2352931
2015-11-25,3.72,1.3720437,2.2356722
2015-11-26,3.69,1.395847,2.2282894
2015-11-27,3.49,1.3407885,2.2117455
2015-11-30,3.46,1.4426361,2.2314804
2015-12-01,3.48,1.3596793,2.1135943
2015-12-02,3.55,1.2750198,2.1088436
2015-12-03,3.56,1.409854,2.0638602
2015-12-04,3.51,1.4726096,2.098014
2015-12-07,3.55,1.2831513,1.9743882
2015-12-08,3.46,1.3427979,1.9612328
2015-12-09,3.48,1.2910043,1.8046094
2015-12-10,3.44,1.2991043,1.9050628
2015-12-11,3.45,1.2303921,1.7409912
2015-12-14,3.66,1.1483456,1.8546101
2015-12-15,3.57,1.2080399,1.9517208
2015-12-16,3.6,1.2861763,1.9460541
2015-12-17,3.62,1.2157055,2.013758
2015-12-18,3.58,1.492755,2.0171797
2015-12-21,3.64,1.7220999,2.0518076
2015-12-22,3.65,1.7244612,2.0337627
2015-12-23,3.59,1.8341647,2.1350977
2015-12-24,3.57,2.0262363,2.1038425
2015-12-25,3.58,1.863701,1.9789549
2015-12-28,3.51,1.8947769,1.9856635
2015-12-29,3.56,2.06063,2.2283676
2015-12-30,3.56,1.9267641,2.228996
2015-12-31,3.52,1.943739,2.2206566
2016-01-01,3.31,1.6162273,2.029096
2016-01-04,3.31,1.6162273,2.0318563
2016-01-05,3.4,1.5894662,2.1234405
2016-01-06,3.57,1.4948031,1.943195
2016-01-07,3.29,1.3232671,1.6624495
2016-01-08,3.52,1.2902285,1.6194636
2016-01-11,3.39,1.1134025,1.5664979
2016-01-12,3.29,1.0726181,1.490276
2016-01-13,3.25,1.104437,1.4288579
2016-01-14,3.28,1.1454154,1.5149175
2016-01-15,3.13,0.99076384,1.3410193
2016-01-18,3.12,1.0437051,1.422001
2016-01-19,3.19,0.9929239,1.3995138
2016-01-20,3.2,0.833533,1.2679836
2016-01-21,3.1,0.9642927,1.3877817
2016-01-22,3.12,1.2225348,1.6191565
2016-01-25,3.13,0.9882676,1.4869071
2016-01-26,2.96,1.044398,1.547321
2016-01-27,2.87,1.0297991,1.5599653
2016-01-28,2.71,1.0253755,1.4992033
2016-01-29,2.79,1.1940948,1.6114165
2016-02-01,2.78,1.1524326,1.537561
2016-02-02,2.83,0.94145507,1.3334318
2016-02-03,2.85,1.0241495,1.2507006
2016-02-04,2.94,1.192989,1.2239243
2016-02-05,3.02,1.1308094,1.2194272
2016-02-06,3.32,1.1008316,0.9743778
2016-02-08,3.32,1.1628605,0.9871213
2016-02-09,3.32,0.96091765,0.78240556
2016-02-10,3.32,0.8812906,0.6837689
2016-02-11,3.32,0.7377855,0.4755818
2016-02-12,3.32,1.0030223,0.80082244
2016-02-14,3.32,1.0961453,0.9905159
2016-02-15,3.32,1.0662609,0.9862277
2016-02-16,3.37,1.0652648,0.98697394
2016-02-17,3.33,1.2440873,1.1198899
2016-02-18,3.26,1.2275783,1.0539109
2016-02-19,3.18,1.1892239,0.99053735
2016-02-22,3.22,1.3434249,1.2243782
2016-02-23,3.27,1.2465559,1.1320211
2016-02-24,3.33,1.2125107,1.1104604
2016-02-25,3.11,1.1028205,1.0070444
2016-02-26,3.17,1.4132215,1.37101
2016-02-29,3.13,1.428682,1.352853
2016-03-01,3.3,1.5288159,1.5252162
2016-03-02,3.37,1.6523148,1.6048433
2016-03-03,3.46,1.632928,1.5337054
2016-03-04,3.48,1.9157778,1.739647
2016-03-07,3.58,1.9291602,1.7813388
2016-03-08,3.5,1.7416755,1.5813485
2016-03-09,3.36,1.9188339,1.7314955
2016-03-10,3.3,1.8583118,1.5670224
2016-03-11,3.34,1.9912459,1.7185737
2016-03-14,3.42,1.9277316,1.7473413
2016-03-15,3.36,1.8829376,1.7292587
2016-03-16,3.38,1.930833,1.633555
2016-03-17,3.39,2.0861642,1.5707914
2016-03-18,3.41,2.0362337,1.549636
2016-03-21,3.42,2.1183984,1.6819607
2016-03-22,3.4,2.1746943,1.7667514
2016-03-23,3.35,1.9163624,1.5961758
2016-03-24,3.26,1.8856508,1.6207248
2016-03-25,3.27,1.8911382,1.5984069
2016-03-28,3.27,1.8212076,1.5888749
2016-03-29,3.25,1.6350843,1.2850887
2016-03-30,3.3,1.6362273,1.2501503
2016-03-31,3.27,1.5762836,1.1373268
2016-04-01,3.29,1.5045253,1.1123854
2016-04-04,3.3,1.416391,1.0337116
2016-04-05,3.3,1.3734218,0.9736473
2016-04-06,3.28,1.4557658,1.050893
2016-04-07,3.25,1.1968042,0.81289643
2016-04-08,3.31,1.3554355,0.89227885
2016-04-11,3.35,1.4456917,0.90489787
2016-04-12,3.36,1.6603938,1.1199542
2016-04-13,3.4,1.6740037,1.2360588
2016-04-14,3.35,1.6651994,1.3113581
2016-04-15,3.33,1.5704418,1.1692315
2016-04-18,3.29,1.6198231,1.1962258
2016-04-19,3.32,1.8258072,1.2794553
2016-04-20,3.25,1.8610302,1.4297253
2016-04-21,3.32,1.9237958,1.5150725
2016-04-22,3.24,1.9505893,1.6358334
2016-04-25,3.19,1.8886582,1.575852
2016-04-26,3.19,1.9585854,1.594782
2016-04-27,3.23,1.8888723,1.4417435
2016-04-28,3.18,1.9979202,1.3787624
2016-04-29,3.21,2.1145942,1.3648578
2016-05-02,3.29,2.131028,1.3629833
2016-05-03,3.29,1.8821412,1.1622578
2016-05-04,3.25,1.7606217,1.105033
2016-05-05,3.25,1.7346803,1.1140691
2016-05-06,3.17,1.7823845,1.1531473
2016-05-09,3.09,1.5528427,1.0256582
2016-05-10,3.08,1.5578171,1.0454003
2016-05-11,3.1,1.6352631,0.9906456
2016-05-12,3.09,1.6239787,1.0234305
2016-05-13,3.1,1.6221448,1.0390502
2016-05-16,3.17,1.706638,1.1437546
2016-05-17,3.12,1.7209398,1.1576039
2016-05-18,3.09,1.7358781,1.344545
2016-05-19,3.07,1.5664402,1.2712308
2016-05-20,3.06,1.6403061,1.3087989
2016-05-23,3.06,1.5904223,1.2699438
2016-05-24,3.06,1.6572195,1.3877922
2016-05-25,3.02,1.7244622,1.443566
2016-05-26,3.03,1.7157694,1.3837191
2016-05-27,3.02,1.7367917,1.4778019
2016-05-30,2.99,1.6878692,1.4895164
2016-05-31,3.06,1.6730539,1.4863044
2016-06-01,3.06,1.5654804,1.385358
2016-06-02,3.06,1.5103785,1.3367292
2016-06-03,3.05,1.5214602,1.0589191
2016-06-06,3.11,1.5876971,1.0955902
2016-06-07,3.08,1.4690968,0.96667975
2016-06-08,3.09,1.5423075,0.957658
2016-06-09,3.15,1.5073863,0.91728276
2016-06-10,3.15,1.4402748,0.8950736
2016-06-12,3.15,1.4517127,0.8716189
2016-06-13,3.15,1.4653918,0.8766772
2016-06-14,3.09,1.4574972,0.9160859
2016-06-15,3.16,1.5452343,0.94397897
2016-06-16,3.48,1.4049116,0.7849266
2016-06-17,3.42,1.4834315,0.83970994
2016-06-20,3.38,1.64807,0.9468314
2016-06-21,3.27,1.68393,1.0902082
2016-06-22,3.27,1.7323967,1.075401
2016-06-23,3.27,1.8102304,1.1735545
2016-06-24,3.51,1.7654501,1.0798517
2016-06-27,3.44,1.813397,1.102295
2016-06-28,3.4,1.8891393,1.1705781
2016-06-29,3.39,2.0389845,1.2352577
2016-06-30,3.37,2.0803988,1.2937237
2016-07-01,3.41,2.1738036,1.2367069
2016-07-04,3.51,2.0804245,1.1277024
2016-07-05,3.48,1.9412528,1.064778
2016-07-06,3.68,1.9322201,1.0201713
2016-07-07,4.05,1.9528772,1.0504953
2016-07-08,4.05,1.8578893,0.966984
2016-07-11,4.05,1.9079553,1.1186515
2016-07-12,3.93,2.189081,1.4288479
2016-07-13,3.93,2.1099489,1.3313586
2016-07-14,3.84,2.1990297,1.4229275
2016-07-15,3.85,2.279412,1.5815502
2016-07-18,3.83,2.2406456,1.5519425
2016-07-19,3.79,2.3310587,1.6362339
2016-07-20,3.73,2.3569334,1.6939393
2016-07-21,3.68,2.373573,1.6347595
2016-07-22,3.56,2.2719042,1.6291591
2016-07-25,3.48,2.1732905,1.5718938
2016-07-26,3.57,2.2168753,1.560031
2016-07-27,3.5,2.0311296,1.3802248
2016-07-28,3.54,2.0707557,1.3689162
2016-07-29,3.47,1.993148,1.1284243
2016-08-01,3.56,1.9512917,1.1654226
2016-08-02,3.58,2.0024102,1.1525875
2016-08-03,3.62,2.0232432,1.2138959
2016-08-04,3.56,2.0034692,1.1702505
2016-08-05,3.56,2.0741198,1.3363053
2016-08-08,3.48,2.1565673,1.408763
2016-08-09,3.48,2.1770284,1.3174592
2016-08-10,3.55,2.1486943,1.1919109
2016-08-11,3.5,2.34108,1.4053627
2016-08-12,3.52,2.2572553,1.2530318
2016-08-15,3.54,2.498945,1.3959085
2016-08-16,3.55,2.524593,1.369968
2016-08-17,3.49,2.4217484,1.3075882
2016-08-18,3.49,2.4751608,1.2423121
2016-08-19,3.47,2.464553,1.3462912
2016-08-22,3.43,2.3560212,1.2379185
2016-08-23,3.44,2.2560303,1.1863295
2016-08-24,3.41,2.0877035,1.1308342
2016-08-25,3.36,2.1726792,1.1927811
2016-08-26,3.37,2.3235118,1.3864809
2016-08-29,3.34,2.2522376,1.305915
2016-08-30,3.34,2.0860288,1.3049599
2016-08-31,3.34,2.1064742,1.3244144
2016-09-01,3.33,1.9543706,1.1881043
2016-09-02,3.34,2.0538766,1.2860061
2016-09-05,3.36,2.0816038,1.1189457
2016-09-06,3.36,2.0355546,1.1016489
2016-09-07,3.39,2.0327442,1.1302649
2016-09-08,3.37,2.1929395,1.2972294
2016-09-09,3.34,2.1943457,1.3891817
2016-09-12,3.22,2.0946958,1.3488361
2016-09-13,3.22,2.1514552,1.4760028
2016-09-14,3.24,2.2063463,1.4749423
2016-09-15,3.22,2.205397,1.4971668
2016-09-16,3.22,2.214577,1.5829269
2016-09-18,3.22,2.228521,1.5609304
2016-09-19,3.22,2.2383988,1.5646569
2016-09-20,3.22,2.253844,1.5793825
2016-09-21,3.25,2.2347095,1.483575
2016-09-22,3.26,2.3903325,1.5259372
2016-09-23,3.23,2.390826,1.5210453
2016-09-26,3.17,2.3673704,1.4500219
2016-09-27,3.21,2.2029207,1.3455569
2016-09-28,3.18,2.233074,1.3955365
2016-09-29,3.18,2.3670523,1.4731075
2016-09-30,3.21,2.4202874,1.5558053
2016-10-03,3.18,2.3755882,1.6396939
2016-10-04,3.18,2.393585,1.7307278
2016-10-05,3.18,2.443032,1.7895395
2016-10-06,3.18,2.4962838,1.8972436
2016-10-07,3.18,2.5061934,1.876824
2016-10-08,3.18,2.7114856,2.1655824
2016-10-09,3.18,2.7681801,2.1742184
2016-10-10,3.18,2.7731187,2.175802
2016-10-11,3.19,2.6832187,2.1251605
2016-10-12,3.18,2.5948493,2.1386077
2016-10-13,3.18,2.4411805,1.9330117
2016-10-14,3.17,2.4686115,2.0342877
2016-10-17,3.24,2.4525836,1.9866477
2016-10-18,3.25,2.4717443,1.9732572
2016-10-19,3.25,2.6308887,2.0432298
2016-10-20,3.24,2.6021197,2.0535753
2016-10-21,3.24,2.599047,2.061074
2016-10-24,3.27,2.5855196,2.0922658
2016-10-25,3.3,2.6247938,2.1506755
2016-10-26,3.28,2.5592582,2.1661828
2016-10-27,3.25,2.6834476,2.3176758
2016-10-28,3.24,2.705397,2.2852924
2016-10-31,3.28,2.5610607,2.2390473
2016-11-01,3.29,2.6006777,2.1632931
2016-11-02,3.43,2.5441244,2.061951
2016-11-03,3.39,2.5751898,2.068991
2016-11-04,3.34,2.5417645,2.0241
2016-11-07,3.35,2.613716,2.2355444
2016-11-08,3.37,2.773742,2.4447305
2016-11-09,3.59,3.1282036,2.92288
2016-11-10,3.48,3.329498,3.231623
2016-11-11,3.58,3.1588147,3.412913
2016-11-14,3.62,3.0864284,3.4248822
2016-11-15,3.63,3.1807272,3.474779
2016-11-16,3.59,3.1038516,3.4456394
2016-11-17,3.58,3.1163619,3.6125085
2016-11-18,3.5,3.1475632,3.6846516
2016-11-21,3.5,3.324207,3.7747004
2016-11-22,3.54,3.4196246,3.8069448
2016-11-23,3.51,3.6693268,4.071259
2016-11-24,3.52,3.8207717,4.1604548
2016-11-25,3.51,3.7319078,4.132534
2016-11-28,3.7,3.734016,4.0638733
2016-11-29,3.66,3.4003894,3.8402886
2016-11-30,3.56,3.5042412,4.086764
2016-12-01,3.65,3.697575,4.2296433
2016-12-02,3.57,3.5923388,4.107957
2016-12-05,3.5,3.6234226,4.129426
2016-12-06,3.47,3.2559211,4.0846753
2016-12-07,3.48,3.2152083,3.936436
2016-12-08,3.52,3.2928622,4.090784
2016-12-09,3.52,3.4104335,4.291632
2016-12-12,3.41,3.2064354,4.2032866
2016-12-13,3.44,2.9654744,4.1276255
2016-12-14,3.55,2.9761207,4.3170576
2016-12-15,3.48,2.5343764,4.433062
2016-12-16,3.46,2.7719123,4.437093
2016-12-19,3.46,2.3879955,4.220014
2016-12-20,3.39,2.3134482,4.272126
2016-12-21,3.42,2.5098994,4.245006
2016-12-22,3.39,2.8704617,4.3355846
2016-12-23,3.34,2.8631332,4.29524
2016-12-26,3.3,3.1022632,4.421195
2016-12-27,3.3,3.0763557,4.4182243
2016-12-28,3.3,3.127714,4.3617005
2016-12-29,3.34,3.3235676,4.2825103
2016-12-30,3.34,3.38289,4.234588
2016-12-31,3.36,3.4106266,4.3173223
2017-01-02,3.36,3.1658776,4.282886
2017-01-03,3.36,3.1658776,4.2838187
2017-01-04,3.37,3.0367439,4.296281
2017-01-05,3.41,2.8313901,3.980577
2017-01-06,3.38,2.988868,4.1811757
2017-01-09,3.37,2.9665816,4.072241
2017-01-10,3.4,3.0247118,4.16803
2017-01-11,3.41,2.9634573,4.1271644
2017-01-12,3.4,3.1494567,4.1696258
2017-01-13,3.41,3.1579301,4.220426
2017-01-16,3.45,2.8107464,3.8648272
2017-01-17,3.49,2.7655938,3.858934
2017-01-18,3.49,2.8080385,4.036489
2017-01-19,3.42,2.8314536,4.1191025
2017-01-20,3.44,3.0160787,4.1570168
2017-01-22,3.51,2.942724,4.013179
2017-01-23,3.51,2.9834354,4.02281
2017-01-24,3.49,3.0264118,4.2047086
2017-01-25,3.51,2.820659,4.2004538
2017-01-26,3.58,2.8037374,4.1914916
2017-01-27,3.57,2.5831974,4.135131
2017-01-30,3.57,2.5187113,4.080595
2017-01-31,3.57,2.6050642,4.0331774
2017-02-01,3.57,2.6384013,4.0835724
2017-02-02,3.57,2.6048238,4.0752597
2017-02-03,3.57,2.4724424,3.9801755
2017-02-04,3.54,2.5056326,3.9285154
2017-02-06,3.54,2.2384765,3.878673
2017-02-07,3.58,2.165871,3.8331587
2017-02-08,3.55,2.3093288,3.8417165
2017-02-09,3.58,2.4711607,3.9853368
2017-02-10,3.55,2.7130907,4.226258
2017-02-13,3.6,2.7600644,4.302662
2017-02-14,3.63,2.7955315,4.3444853
2017-02-15,3.55,2.8577068,4.392559
2017-02-16,3.62,2.8850844,4.2033567
2017-02-17,3.57,2.9329245,4.224887
2017-02-20,3.62,3.270829,4.4295135
2017-02-21,3.64,3.258869,4.4366865
2017-02-22,3.63,3.1970208,4.385457
2017-02-23,3.64,3.092346,4.1672807
2017-02-24,3.61,2.9929955,4.104284
2017-02-27,3.57,3.067002,4.1933293
2017-02-28,3.57,3.0065525,4.1942987
2017-03-01,3.57,3.192536,4.4826813
2017-03-02,3.53,2.94124,4.452418
2017-03-03,3.45,2.8728297,4.367511
2017-03-06,3.47,2.809222,4.3227434
2017-03-07,3.46,2.7439978,4.3293233
2017-03-08,3.44,2.536955,4.3456373
2017-03-09,3.39,2.3364685,4.2634935
2017-03-10,3.4,2.3106225,4.181327
2017-03-13,3.46,2.513532,4.3284025
2017-03-14,3.44,2.565251,4.3541555
2017-03-15,3.46,2.5610402,4.1802344
2017-03-16,3.48,2.8190582,4.2097535
2017-03-17,3.45,2.8049748,4.191429
2017-03-20,3.5,2.7398775,4.128731
2017-03-21,3.47,2.5820448,3.9061017
2017-03-22,3.46,2.5726388,3.8592396
2017-03-23,3.46,2.649707,3.9251792
2017-03-24,3.42,2.7806714,3.90728
2017-03-27,3.47,2.7976272,3.831049
2017-03-28,3.44,2.91132,4.0306916
2017-03-29,3.46,2.8985875,4.0380993
2017-03-30,3.4,2.8961303,4.130101
2017-03-31,3.38,2.86613,4.073082
2017-04-01,3.42,2.7734559,3.9669373
2017-04-03,3.42,2.6501524,3.9422588
2017-04-04,3.42,2.729287,3.9919946
2017-04-05,3.42,2.8544028,4.088979
2017-04-06,3.46,2.8432958,4.0733404
2017-04-07,3.56,2.9746196,4.2019644
2017-04-10,3.51,2.8218462,4.088024
2017-04-11,3.57,2.8190491,3.9851391
2017-04-12,3.57,2.656768,3.8250382
2017-04-13,3.58,2.729738,3.7965462
2017-04-14,3.62,2.6404097,3.7882679
2017-04-17,3.53,2.4544609,3.746795
2017-04-18,3.47,2.1493132,3.3744705
2017-04-19,3.49,2.1537774,3.4483879
2017-04-20,3.43,2.0512292,3.46433
2017-04-21,3.44,1.9199301,3.4385011
2017-04-24,3.36,1.7614757,3.3653085
2017-04-25,3.36,1.9409314,3.4955509
2017-04-26,3.35,1.9803697,3.5088022
2017-04-27,3.35,1.9547888,3.4870203
2017-04-28,3.38,1.9211437,3.4745367
2017-05-01,3.37,2.015208,3.6383433
2017-05-02,3.37,1.8799111,3.5000246
2017-05-03,3.36,1.6271597,3.4098165
2017-05-04,3.33,1.3774663,3.3019183
2017-05-05,3.3,1.3648583,3.307132
2017-05-08,3.29,1.1727587,3.2987144
2017-05-09,3.27,1.1412946,3.3891885
2017-05-10,3.23,1.0193769,3.3695796
2017-05-11,3.2,1.2322146,3.4166534
2017-05-12,3.2,1.1790735,3.3155534
2017-05-15,3.21,1.4270512,3.3993533
2017-05-16,3.25,1.3997012,3.316583
2017-05-17,3.24,1.3623773,3.0987136
2017-05-18,3.27,1.3825718,3.1464927
2017-05-19,3.24,1.4645745,3.1644876
2017-05-22,3.23,1.45431,3.1937134
2017-05-23,3.27,1.4293896,3.2778018
2017-05-24,3.25,1.4197956,3.2164538
2017-05-25,3.27,1.4414221,3.2144692
2017-05-26,3.28,1.3460952,3.1473706
2017-05-27,3.28,1.411832,3.1256907
2017-05-29,3.28,1.5144669,3.149081
2017-05-30,3.28,1.4376098,3.1097333
2017-05-31,3.28,1.3957344,3.0635273
2017-06-01,3.27,1.4333822,3.1248786
2017-06-02,3.26,1.2709066,2.9176533
2017-06-05,3.28,1.2821532,2.944455
2017-06-06,3.3,1.2351147,2.8490098
2017-06-07,3.32,1.2018539,2.8988044
2017-06-08,3.29,1.2484065,2.9988563
2017-06-09,3.3,1.3959452,3.1457975
2017-06-12,3.25,1.4537793,3.1230085
2017-06-13,3.31,1.4298426,3.0799406
2017-06-14,3.31,1.388219,2.9501402
2017-06-15,3.35,1.299832,2.9987094
2017-06-16,3.35,1.2464787,2.94434
2017-06-19,3.35,1.5023533,3.1291254
2017-06-20,3.33,1.3645612,3.030197
2017-06-21,3.34,1.369856,3.0654976
2017-06-22,3.35,1.3009869,3.0251787
2017-06-23,3.36,1.4038554,3.0492423
2017-06-26,3.37,1.4919926,3.0883415
2017-06-27,3.36,1.6372691,3.1472008
2017-06-28,3.37,1.5893675,3.118923
2017-06-29,3.39,1.6472536,3.1924212
2017-06-30,3.43,1.6511446,3.2655985
2017-07-03,3.44,1.6046811,3.3825076
2017-07-04,3.45,1.5594484,3.3427188
2017-07-05,3.47,1.5446306,3.2933295
2017-07-06,3.49,1.6198255,3.3294904
2017-07-07,3.51,1.4301106,3.2885711
2017-07-10,3.54,1.430802,3.2834795
2017-07-11,3.47,1.4889814,3.2830665
2017-07-12,3.47,1.5203615,3.2589152
2017-07-13,3.55,1.5549527,3.2769396
2017-07-14,3.55,1.6127053,3.2376645
2017-07-17,3.58,1.6404778,3.2523854
2017-07-18,3.6,1.6004893,3.1550791
2017-07-19,3.64,1.5907689,3.1559455
2017-07-20,3.59,1.6514641,3.1248753
2017-07-21,3.54,1.5966941,3.0269635
2017-07-24,3.56,1.6685115,3.0975177
2017-07-25,3.56,1.9317676,3.3958342
2017-07-26,3.67,1.9266602,3.3474772
2017-07-27,3.66,2.0464509,3.4439242
2017-07-28,3.65,2.110235,3.395973
2017-07-31,3.73,2.095638,3.3561513
2017-08-01,3.76,2.0118983,3.280742
2017-08-02,3.74,2.0731251,3.294328
2017-08-03,3.76,2.06471,3.2611287
2017-08-04,3.79,2.066109,3.4047678
2017-08-07,3.75,2.0048711,3.3710039
2017-08-08,3.9,2.1535418,3.5162737
2017-08-09,4.06,2.1219623,3.399824
2017-08-10,4.04,2.1286776,3.3254254
2017-08-11,3.88,2.1466205,3.2904046
2017-08-14,3.79,2.2205756,3.3833444
2017-08-15,3.73,2.157594,3.4344523
2017-08-16,3.66,2.2795074,3.4536345
2017-08-17,3.82,2.2776792,3.3980305
2017-08-18,3.76,2.290352,3.3928506
2017-08-21,3.78,2.3807223,3.4172113
2017-08-22,3.75,2.4230702,3.5457704
2017-08-23,3.67,2.397835,3.423569
2017-08-24,3.64,2.4820192,3.5333872
2017-08-25,3.7,2.5314233,3.420972
2017-08-28,3.74,2.6734698,3.3540556
2017-08-29,3.79,2.747247,3.3856514
2017-08-30,3.77,2.725055,3.477692
2017-08-31,3.75,2.786021,3.4410465
2017-09-01,4.04,2.8889978,3.536703
2017-09-04,4.3,2.9743154,3.466911
2017-09-05,4.27,2.9623644,3.333866
2017-09-06,4.38,3.0555274,3.428911
2017-09-07,4.17,3.061753,3.2828367
2017-09-08,4.29,2.7875888,3.1276882
2017-09-11,4.16,2.8195274,3.3313186
2017-09-12,4.14,2.7535222,3.3381627
2017-09-13,4.05,2.6134484,3.365414
2017-09-14,4.01,2.6431687,3.3291867
2017-09-15,4.01,2.5798252,3.2742689
2017-09-18,3.95,2.5446894,3.339307
2017-09-19,3.99,2.5832746,3.3371341
2017-09-20,4.05,2.6549504,3.4953048
2017-09-21,3.9,2.4986398,3.3874357
2017-09-22,3.92,2.5649393,3.397495
2017-09-25,3.91,2.6673043,3.448655
2017-09-26,3.93,2.5917642,3.476816
2017-09-27,3.91,2.573146,3.623867
2017-09-28,3.87,2.733535,3.6894934
2017-09-29,3.87,2.5802987,3.6282015
2017-09-30,3.9,2.6207602,3.6903985
2017-10-02,3.9,2.5658796,3.6541872
2017-10-03,3.9,2.5951016,3.661742
2017-10-04,3.9,2.5726902,3.6379445
2017-10-05,3.9,2.893247,3.8944318
2017-10-06,3.9,2.8043902,3.852153
2017-10-09,3.9,2.7957284,3.8331609
2017-10-10,3.9,2.9240286,3.8094134
2017-10-11,3.87,2.9804032,3.8015363
2017-10-12,3.87,3.0443175,3.8115423
2017-10-13,3.9,3.1137822,3.7722208
2017-10-16,4.01,3.385156,3.966466
2017-10-17,3.91,3.1724846,3.8980105
2017-10-18,3.93,3.1804197,3.9150534
2017-10-19,3.94,3.1656811,3.88994
2017-10-20,3.94,3.1980135,4.0404735
2017-10-23,3.9,3.2780745,4.101025
2017-10-24,3.96,3.3597963,4.1871314
2017-10-25,3.97,3.27403,4.1023397
2017-10-26,3.87,3.3365777,4.281049
2017-10-27,3.72,3.1097496,4.114568
2017-10-30,3.7,2.9571102,3.9024262
2017-10-31,3.69,2.978935,3.9434495
2017-11-01,3.68,3.1509192,4.0731244
2017-11-02,3.7,3.1020339,4.0103693
2017-11-03,3.7,3.0064218,3.991361
2017-11-06,3.68,3.2755044,4.048346
2017-11-07,3.73,3.1082618,3.9554775
2017-11-08,3.72,3.1426265,3.968295
2017-11-09,3.73,3.1341722,3.8834856
2017-11-10,3.7,3.1463583,3.954621
2017-11-13,3.67,3.1914837,3.9723682
2017-11-14,3.65,2.9058492,3.7106428
2017-11-15,3.66,2.7905595,3.6189451
2017-11-16,3.6,2.900195,3.7240143
2017-11-17,3.69,2.959442,3.681578
2017-11-20,3.71,3.037597,3.8165143
2017-11-21,3.68,3.251086,3.8481503
2017-11-22,3.73,3.2337162,3.648221
2017-11-23,3.79,3.0973918,3.6609724
2017-11-24,3.83,3.161041,3.7066092
2017-11-27,3.84,2.9662464,3.6365278
2017-11-28,3.84,2.8300345,3.6097424
2017-11-29,3.95,2.8388407,3.672627
2017-11-30,3.95,2.7815,3.7162008
2017-12-01,3.94,2.8774498,3.6985338
2017-12-04,3.94,2.8631885,3.7217512
2017-12-05,4.01,2.448435,3.5167992
2017-12-06,3.9,2.4395297,3.524779
2017-12-07,3.9,2.368046,3.5985613
2017-12-08,3.86,2.4776623,3.6515772
2017-12-11,3.87,2.688872,3.7244935
2017-12-12,3.85,2.6240919,3.7760217
2017-12-13,3.88,2.6962821,3.659565
2017-12-14,3.93,2.7783768,3.707792
2017-12-15,3.98,2.9496624,3.90285
2017-12-18,3.99,3.0309489,3.954481
2017-12-19,3.99,3.1076133,4.0172915
2017-12-20,3.99,3.2629645,4.153327
2017-12-21,4.05,3.3786523,4.1898665
2017-12-22,4.16,3.4801414,4.269801
2017-12-25,4.18,3.6426659,4.3695965
2017-12-26,4.18,3.6178432,4.354162
2017-12-27,4.26,3.4895542,4.1885867
2017-12-28,4.69,3.6656778,4.239204
2017-12-29,4.59,3.6623852,4.0788894
2017-12-30,4.61,3.714363,4.100872
2017-12-31,4.61,3.714363,4.1021986
2018-01-01,4.61,3.6842177,4.081066
2018-01-02,4.61,3.6842177,4.0823936
2018-01-03,4.63,3.6767154,4.0822706
2018-01-04,4.69,3.7252948,4.0846705
2018-01-05,4.63,3.6415577,4.043879
2018-01-08,4.85,3.6955726,4.1820235
2018-01-09,4.81,3.7870924,4.3730803
2018-01-10,4.82,3.8337414,4.366869
2018-01-11,4.72,3.7737732,4.2212787
2018-01-12,4.64,3.7676713,4.038093
2018-01-15,4.71,3.7099972,3.892677
2018-01-16,4.7,3.69829,3.8744211
2018-01-17,4.46,3.5928283,3.8794053
2018-01-18,4.48,3.6274557,3.991039
2018-01-19,4.51,3.6075377,4.0009966
2018-01-22,4.56,3.7958078,4.11895
2018-01-23,4.61,3.60007,3.819176
2018-01-24,4.52,3.9816148,3.9646714
2018-01-25,4.9,3.9709659,3.9631636
2018-01-26,4.88,3.9000595,3.9050899
2018-01-29,5.04,3.6464498,3.9311163
2018-01-30,4.94,3.6701763,3.9773903
2018-01-31,5.13,3.7146602,3.9781303
2018-02-01,5.08,3.7062569,4.0542526
2018-02-02,5.38,3.6922154,4.2202096
2018-02-05,5.41,3.753787,4.2231674
2018-02-06,5.3,3.4799469,4.1565228
2018-02-07,5.12,3.1039693,4.1252
2018-02-08,4.69,3.0142472,4.0704236
2018-02-09,4.37,2.5840056,3.9518752
2018-02-11,4.39,2.84631,4.042661
2018-02-12,4.39,2.850075,4.0465164
2018-02-13,4.42,3.0848882,4.0640054
2018-02-14,4.59,3.4159515,4.2723837
2018-02-15,4.77,3.481784,4.2077374
2018-02-16,4.77,3.563426,4.298757
2018-02-19,4.77,3.474672,4.335304
2018-02-20,4.77,3.4677842,4.3294363
2018-02-21,4.77,3.6036077,4.6023564
2018-02-22,4.77,3.6776767,4.5859265
2018-02-23,4.82,3.6309986,4.4963026
2018-02-24,4.89,3.7097106,4.473008
2018-02-26,4.89,3.7428684,4.496436
2018-02-27,4.7,3.657231,4.648228
2018-02-28,4.6,3.415418,4.4471784
2018-03-01,4.68,3.308964,4.211246
2018-03-02,4.61,3.2760108,4.208238
2018-03-05,4.61,3.3349106,4.3191504
2018-03-06,4.59,3.5131867,4.3306375
2018-03-07,4.54,3.37596,4.284807
2018-03-08,4.82,3.2578514,4.173427
2018-03-09,4.77,3.543294,4.4251275
2018-03-12,4.81,3.50997,4.296413
2018-03-13,4.77,3.4458687,4.1849594
2018-03-14,4.88,3.4303133,4.15221
2018-03-15,4.84,3.418203,4.2201023
2018-03-16,4.72,3.357497,4.2810254
2018-03-19,4.58,3.3095095,4.1754813
2018-03-20,4.57,3.30425,4.3095765
2018-03-21,4.62,3.3825004,4.3189516
2018-03-22,4.57,3.2510674,4.16058
2018-03-23,4.54,3.228274,4.050435
2018-03-26,4.52,3.096729,3.9501917
2018-03-27,4.61,3.0881302,3.9297879
2018-03-28,4.49,3.0675552,4.049553
2018-03-29,4.4,3.148732,4.0792756
2018-03-30,4.35,3.2540424,4.1028748
2018-04-02,4.42,3.2664287,4.1117344
2018-04-03,4.34,3.280669,4.2582126
2018-04-04,4.35,3.0875723,4.08276
2018-04-05,4.28,3.3846257,4.4102607
2018-04-06,4.28,3.2580445,4.187059
2018-04-08,4.28,3.3567283,4.2397346
2018-04-09,4.28,3.3695028,4.2460995
2018-04-10,4.39,3.6113803,4.4170175
2018-04-11,4.52,3.7042584,4.415028
2018-04-12,4.47,3.513347,4.376885
2018-04-13,4.37,3.6183,4.4331646
2018-04-16,4.33,3.71236,4.458904
2018-04-17,4.21,3.646368,4.4309916
2018-04-18,4.14,4.398584,4.901736
2018-04-19,4.27,4.488909,5.0813527
2018-04-20,4.21,4.464484,5.2280526
2018-04-23,4.12,4.2088904,5.2902393
2018-04-24,4.15,4.49555,5.4755383
2018-04-25,4.14,4.3544993,5.5618105
2018-04-26,4.12,4.2392135,5.4944496
2018-04-27,4.12,4.039066,5.255968
2018-04-28,3.99,4.1014924,5.340266
2018-04-30,3.99,3.977736,5.3018093
2018-05-01,3.99,3.9242978,5.3927855
2018-05-02,3.99,3.9150085,5.4461393
2018-05-03,3.96,4.0108843,5.422404
2018-05-04,3.96,4.150793,5.5343122
2018-05-07,3.99,4.1004767,5.5723867
2018-05-08,4.08,4.0070844,5.655969
2018-05-09,4.07,4.1494346,5.7939615
2018-05-10,4.1,4.2884,5.795484
2018-05-11,4.12,4.266916,5.74309
2018-05-14,4.1,4.302216,5.850564
2018-05-15,4.06,4.2872744,6.1937504
2018-05-16,3.96,4.3210855,6.2961555
2018-05-17,3.92,4.450344,6.465459
2018-05-18,3.97,4.2862587,6.2599225
2018-05-21,4.0,4.4402533,6.463776
2018-05-22,3.95,4.688093,6.635432
2018-05-23,3.93,4.470256,6.3160825
2018-05-24,3.89,4.470129,6.1920357
2018-05-25,3.88,4.397661,6.0637407
2018-05-28,3.81,4.067368,5.672828
2018-05-29,3.82,4.1028676,5.6891613
2018-05-30,3.84,4.235472,5.7220693
2018-05-31,3.75,4.19902,5.6807375
2018-06-01,3.68,4.2371125,5.9231787
2018-06-04,3.66,4.2197685,6.1125197
2018-06-05,3.72,4.33576,6.2673044
2018-06-06,3.96,4.552578,6.5993705
2018-06-07,3.96,4.5657096,6.437355
2018-06-08,3.9,4.6874127,6.5526466
2018-06-11,4.02,4.583611,6.493613
2018-06-12,4.05,4.498772,6.557973
2018-06-13,4.0,4.5925336,6.60303
2018-06-14,3.95,4.6875086,6.7313356
2018-06-15,3.96,4.3347774,6.3517656
2018-06-18,3.97,4.446864,6.178577
2018-06-19,3.97,4.287044,6.0329995
2018-06-20,3.85,4.1262293,6.0504217
2018-06-21,3.78,4.0309925,5.8446474
2018-06-22,3.8,4.1167064,5.8142653
2018-06-25,3.74,3.8583148,5.4950666
2018-06-26,3.66,3.917248,5.650377
2018-06-27,3.66,4.0662174,5.712456
2018-06-28,3.64,4.087642,5.707596
2018-06-29,3.61,4.3134847,5.6762033
2018-07-02,3.48,4.2425156,5.678972
2018-07-03,3.47,4.0144567,5.373305
2018-07-04,3.56,3.7590547,5.111124
2018-07-05,3.57,3.7950604,5.125224
2018-07-06,3.53,3.5444183,4.928186
2018-07-09,3.58,3.7554739,5.1696687
2018-07-10,3.57,3.7710426,5.1968703
2018-07-11,3.4,3.5228255,5.0076885
2018-07-12,3.45,3.5005224,5.0872283
2018-07-13,3.41,3.6501973,5.099869
2018-07-16,3.39,3.4666564,4.998115
2018-07-17,3.37,3.4429734,5.0780015
2018-07-18,3.31,3.510362,5.1784887
2018-07-19,3.27,3.4683135,5.000409
2018-07-20,3.28,3.4097574,5.062639
2018-07-23,3.41,3.535636,5.3104153
2018-07-24,3.57,3.576424,5.4200373
2018-07-25,3.59,3.5860715,5.3579926
2018-07-26,3.56,3.7492042,5.5871625
2018-07-27,3.55,3.7266254,5.4864774
2018-07-30,3.52,3.6970007,5.4478445
2018-07-31,3.54,3.8796296,5.5832357
2018-08-01,3.47,3.6374595,5.4446373
2018-08-02,3.36,3.6074836,5.4629555
2018-08-03,3.3,3.6366735,5.3934016
2018-08-06,3.28,3.5338511,5.284608
2018-08-07,3.39,3.559457,5.4800506
2018-08-08,3.39,3.3178117,5.269299
2018-08-09,3.46,3.329509,5.361284
2018-08-10,3.43,3.275277,5.3737845
2018-08-13,3.41,3.0939443,5.3417573
2018-08-14,3.39,3.1260822,5.328153
2018-08-15,3.31,2.548659,4.771664
2018-08-16,3.24,2.60237,4.8951726
2018-08-17,3.23,2.5030978,4.8104143
2018-08-20,3.28,2.6730006,4.826926
2018-08-21,3.32,2.7709634,4.8469663
2018-08-22,3.3,2.8042915,4.7797236
2018-08-23,3.3,2.833585,4.8546305
2018-08-24,3.31,2.915982,4.8610096
2018-08-27,3.43,2.9639976,4.88292
2018-08-28,3.43,3.177817,5.057964
2018-08-29,3.43,3.0996234,4.9845657
2018-08-30,3.39,3.160599,4.944316
2018-08-31,3.4,3.1035316,4.9360557
2018-09-03,3.37,2.9918125,4.9523115
2018-09-04,3.4,2.932638,4.933322
2018-09-05,3.37,2.8428843,4.85682
2018-09-06,3.39,2.8158734,4.8294263
2018-09-07,3.44,2.8106387,4.9667788
2018-09-10,3.35,2.7481081,4.9023733
2018-09-11,3.33,2.7696369,4.919568
2018-09-12,3.32,3.018462,4.976388
2018-09-13,3.4,2.9074738,4.959397
2018-09-14,3.45,2.93109,5.0140038
2018-09-17,3.4,2.9001982,4.9100184
2018-09-18,3.45,3.2055876,5.2818456
2018-09-19,3.55,3.183543,5.3317947
2018-09-20,3.53,3.0190585,5.1593633
2018-09-21,3.61,3.44216,5.630274
2018-09-24,3.6,3.4934204,5.6006494
2018-09-25,3.6,3.5249584,5.5866604
2018-09-26,3.59,3.5693724,5.5934687
2018-09-27,3.55,3.6152189,5.6982145
2018-09-28,3.57,3.8099537,5.827327
2018-09-29,3.47,3.8391898,5.764284
2018-09-30,3.47,3.8394895,5.7659135
2018-10-01,3.47,3.823908,5.761945
2018-10-02,3.47,3.890996,5.7855015
2018-10-03,3.47,4.0766764,6.1304646
2018-10-04,3.47,4.0014763,6.061003
2018-10-05,3.47,3.9406178,6.069769
2018-10-08,3.47,3.9085755,6.0779524
2018-10-09,3.59,4.0447416,6.167625
2018-10-10,3.69,3.9050248,6.0610228
2018-10-11,3.6,3.8010244,5.7018914
2018-10-12,3.65,3.8007572,5.802089
2018-10-15,3.58,3.7578187,5.7094164
2018-10-16,3.34,3.7271314,5.6588044
2018-10-17,3.37,3.776763,5.8667293
2018-10-18,3.29,3.7913,5.788033
2018-10-19,3.4,3.8794982,5.959846
2018-10-22,3.5,3.9292095,6.160889
2018-10-23,3.48,3.7835236,5.9425116
2018-10-24,3.51,3.7883947,5.929983
2018-10-25,3.56,3.845326,6.0531626
2018-10-26,3.55,3.7203133,5.7947006
2018-10-29,3.42,3.7720673,5.7483907
2018-10-30,3.41,3.5984254,5.7362485
2018-10-31,3.42,3.6135557,5.8807864
2018-11-01,3.5,3.595954,5.8420343
2018-11-02,3.54,3.7902577,6.4313107
2018-11-05,3.55,3.7432263,6.2225127
2018-11-06,3.55,3.6342735,6.152545
2018-11-07,3.56,3.7066598,6.137016
2018-11-08,3.48,3.7076514,6.2430277
2018-11-09,3.42,3.5054915,5.9863467
2018-11-12,3.44,3.5227606,6.071944
2018-11-13,3.46,3.3630884,6.026763
2018-11-14,3.44,3.4969819,5.9144664
2018-11-15,3.48,3.7490377,6.1051316
2018-11-16,3.46,3.919876,6.079712
2018-11-19,3.47,3.7536774,5.926089
2018-11-20,3.54,3.5751898,5.8203764
2018-11-21,3.53,3.6767538,5.8980966
2018-11-22,3.51,3.5412996,5.792587
2018-11-23,3.39,3.321246,5.6074495
2018-11-26,3.34,3.3491056,5.731225
2018-11-27,3.34,3.2744043,5.651575
2018-11-28,3.34,3.4875395,5.7611365
2018-11-29,3.38,3.4488266,5.6092577
2018-11-30,3.39,3.4526174,5.678755
2018-12-03,3.44,3.6578653,5.7954597
2018-12-04,3.44,3.6905887,5.531149
2018-12-05,3.41,3.7390947,5.3730106
2018-12-06,3.4,3.4926713,5.1809354
2018-12-07,3.4,3.6490433,5.219151
2018-12-10,3.46,3.5992851,5.2242064
2018-12-11,3.48,3.7403374,5.490514
2018-12-12,3.43,3.74992,5.4890094
2018-12-13,3.43,3.5111568,5.4483404
2018-12-14,3.38,3.394192,5.381569
2018-12-17,3.41,3.2255123,5.1407537
2018-12-18,3.42,2.8769524,4.7919397
2018-12-19,3.42,3.0413682,4.8089027
2018-12-20,3.37,2.928665,4.653949
2018-12-21,3.38,2.8170474,4.6602497
2018-12-24,3.39,2.6195476,4.4955583
2018-12-25,3.39,2.8308842,4.6728296
2018-12-26,3.37,2.9665449,4.764735
2018-12-27,3.32,2.879473,4.571695
2018-12-28,3.34,2.9364364,4.505316
2018-12-29,3.01,2.9609468,4.439931
2018-12-30,3.01,2.9609468,4.440819
2018-12-31,3.01,2.9609468,4.441707
2019-01-01,3.01,3.2063444,4.534357
2019-01-02,3.01,3.1439793,4.4901896
2019-01-03,3.05,3.0222118,4.207979
2019-01-04,3.08,3.3124273,4.533449
2019-01-07,3.08,3.357847,4.550516
2019-01-08,3.04,3.5079482,4.687763
2019-01-09,3.06,3.638393,4.6799555
2019-01-10,3.07,3.6907322,4.7203074
2019-01-11,3.05,3.6747904,4.7141595
2019-01-14,3.05,3.5081556,4.6238527
2019-01-15,3.05,3.5296192,4.7145443
2019-01-16,2.99,3.916316,4.8789
2019-01-17,3.0,3.9374037,4.9177036
2019-01-18,3.03,4.1662393,5.168672
2019-01-20,3.01,4.0427685,5.0275106
2019-01-21,3.01,3.9776928,4.982903
2019-01-22,2.98,3.8494437,4.917934
2019-01-23,2.98,3.8052413,4.913693
2019-01-24,2.97,3.7542496,4.8992977
2019-01-25,2.98,3.9574132,5.0114985
2019-01-28,2.99,3.7509496,4.874018
2019-01-29,2.95,3.968664,4.9491916
2019-01-30,2.97,4.078043,4.9367375
2019-01-31,2.98,4.1923165,4.9155774
2019-02-01,3.01,4.2090025,5.0286245
2019-02-02,3.05,4.375907,5.2393274
2019-02-03,3.05,4.3803587,5.241815
2019-02-04,3.05,4.500557,5.263711
2019-02-05,3.05,4.5415907,5.306995
2019-02-06,3.05,4.664101,5.427336
2019-02-07,3.05,4.524199,5.2590833
2019-02-08,3.05,4.491914,5.2100363
2019-02-11,3.05,4.4995146,5.297766
2019-02-12,3.08,4.5093293,5.310962
2019-02-13,3.2,4.6799197,5.5897684
2019-02-14,3.17,4.651554,5.452568
2019-02-15,3.25,4.7781153,5.5111356
2019-02-17,3.4,4.807991,5.5447836
2019-02-18,3.4,4.8632526,5.6054206
2019-02-19,3.39,4.8519564,5.678904
2019-02-20,3.51,5.060301,5.82911
2019-02-21,3.49,4.9377584,5.891614
2019-02-22,3.48,5.009528,5.9655466
2019-02-25,3.74,4.752688,6.1126585
2019-02-26,3.69,4.6679473,5.865998
2019-02-27,3.63,4.892735,6.1599054
2019-02-28,3.58,4.844287,6.232433
2019-03-01,3.63,4.706719,6.4300885
2019-03-04,3.63,4.5828667,6.329568
2019-03-05,3.61,4.5989513,6.5365663
2019-03-06,3.7,4.610714,6.458182
2019-03-07,3.77,4.756525,6.53335
2019-03-08,3.55,4.780445,6.132226
2019-03-11,3.61,4.79702,6.320291
2019-03-12,3.6,4.8379245,6.2946267
2019-03-13,3.56,4.901702,6.126099
2019-03-14,3.45,4.756046,6.0707874
2019-03-15,3.48,4.8032436,5.999218
2019-03-18,3.56,4.876903,6.2052174
2019-03-19,3.55,4.9566483,6.2522907
2019-03-20,3.54,4.8420606,5.8285418
2019-03-21,3.64,4.944948,6.027324
2019-03-22,3.59,4.6513247,5.5188894
2019-03-25,3.52,4.827378,5.5023293
2019-03-26,3.5,4.8233852,5.4436226
2019-03-27,3.47,4.7365966,5.431539
2019-03-28,3.45,4.742181,5.515639
2019-03-29,3.51,5.083894,6.0883636
2019-04-01,3.65,5.0269356,6.465575
2019-04-02,3.66,4.8644094,6.3683157
2019-04-03,3.7,4.7593455,6.55552
2019-04-04,3.73,4.5785174,6.4763627
2019-04-05,3.75,4.6327224,6.434875
2019-04-08,3.75,4.811097,6.585959
2019-04-09,3.69,4.6632776,6.5012026
2019-04-10,3.68,4.630287,6.373389
2019-04-11,3.61,4.5178404,6.260241
2019-04-12,3.55,4.5413876,6.513554
2019-04-15,3.52,4.307143,6.3178453
2019-04-16,3.63,4.3107176,6.658201
2019-04-17,3.59,4.40736,6.783995
2019-04-18,3.56,4.3795214,6.715214
2019-04-19,3.57,4.3136444,6.6163983
2019-04-22,3.54,4.161406,6.509977
2019-04-23,3.47,4.3405757,6.5689516
2019-04-24,3.49,4.223503,6.641446
2019-04-25,3.39,4.21938,6.449547
2019-04-26,3.33,4.096423,6.209634
2019-04-28,3.31,4.1230364,6.2882147
2019-04-29,3.31,4.0502477,6.2657404
2019-04-30,3.32,4.2044764,6.180454
2019-05-01,3.18,3.926145,5.748406
2019-05-02,3.18,3.8464327,5.755204
2019-05-03,3.18,3.9716384,5.8132324
2019-05-05,3.18,3.963101,5.7601824
2019-05-06,3.18,4.0598288,5.784784
2019-05-07,3.21,3.8769732,5.5139694
2019-05-08,3.28,3.9137268,5.569628
2019-05-09,3.2,3.920723,5.3398986
2019-05-10,3.25,4.074889,5.5730486
2019-05-13,3.2,4.0518327,5.230143
2019-05-14,3.25,4.0311866,5.3221946
2019-05-15,3.26,4.11387,5.3509154
2019-05-16,3.31,4.246196,5.590294
2019-05-17,3.21,4.1370487,5.447685
2019-05-20,3.19,4.0688663,5.4037
2019-05-21,3.24,3.9726098,5.480837
2019-05-22,3.23,3.735977,5.1866417
2019-05-23,3.19,3.5510962,4.7797446
2019-05-24,3.2,3.5526233,4.7858067
2019-05-26,3.22,3.5236294,4.7925644
2019-05-27,3.22,3.5472784,4.822449
2019-05-28,3.23,3.6387649,4.8264422
2019-05-29,3.23,3.6793678,4.804566
2019-05-30,3.21,3.6377184,4.7111077
2019-05-31,3.25,3.4382846,4.4434934
2019-06-03,3.34,3.3699477,4.2116265
2019-06-04,3.31,3.5431352,4.324233
2019-06-05,3.36,3.4057114,4.254932
2019-06-06,3.3,3.4923646,4.2588444
2019-06-07,3.25,3.4225757,4.168759
2019-06-10,3.25,3.5337484,4.336409
2019-06-11,3.32,3.4038103,4.3361254
2019-06-12,3.42,3.2984736,4.265511
2019-06-13,3.4,3.436199,4.2760763
2019-06-14,3.48,3.4323719,4.283307
2019-06-17,3.43,3.4416554,4.295224
2019-06-18,3.47,3.5760612,4.371295
2019-06-19,3.47,3.4447463,4.2234616
2019-06-20,3.63,3.7553525,4.284596
2019-06-21,3.73,3.8339984,4.334713
2019-06-24,3.75,3.7566688,4.209331
2019-06-25,3.92,3.8611035,4.270035
2019-06-26,3.67,3.8638306,4.3285036
2019-06-27,3.73,3.8027637,4.2727833
2019-06-28,3.77,3.884394,4.2769766
2019-07-01,3.74,3.7446752,4.342615
2019-07-02,3.78,3.7104802,4.1898823
2019-07-03,3.83,3.8160026,4.2119236
2019-07-04,3.72,3.864551,4.408631
2019-07-05,3.76,3.8026934,4.369542
2019-07-08,3.7,3.7871487,4.3810434
2019-07-09,3.65,3.739069,4.362302
2019-07-10,3.58,3.9811523,4.479837
2019-07-11,3.58,4.064058,4.60552
2019-07-12,3.52,4.0729656,4.561735
2019-07-15,3.55,4.0440054,4.551904
2019-07-16,3.57,4.0277395,4.648588
2019-07-17,3.52,3.9133403,4.4640284
2019-07-18,3.53,3.7911284,4.2814126
2019-07-19,3.67,3.9088256,4.4572783
2019-07-22,3.61,3.9010699,4.4333935
2019-07-23,3.61,3.8980017,4.5300207
2019-07-24,3.64,3.924068,4.5362296
2019-07-25,3.61,3.935408,4.598842
2019-07-26,3.58,3.8675702,4.569975
2019-07-29,3.57,3.8671653,4.5808163
2019-07-30,3.63,3.851967,4.5404587
2019-07-31,3.66,3.8896284,4.5640454
2019-08-01,3.58,3.7195854,4.3103833
2019-08-02,3.58,3.5966196,4.047554
2019-08-05,3.79,3.4774501,3.7258356
2019-08-06,3.69,3.4518077,3.7132866
2019-08-07,3.78,3.397001,3.6220071
2019-08-08,3.8,3.5259166,3.7448726
2019-08-09,3.73,3.5984282,3.7557442
2019-08-12,3.71,3.500089,3.6140876
2019-08-13,3.83,3.792131,3.8612807
2019-08-14,3.72,3.5780544,3.656988
2019-08-15,3.71,3.5143135,3.5818853
2019-08-16,3.71,3.5757916,3.654812
2019-08-19,3.68,3.6584096,3.7969613
2019-08-20,3.7,3.522376,3.6436377
2019-08-21,3.66,3.5834658,3.7437491
2019-08-22,3.62,3.5135543,3.706447
2019-08-23,3.63,3.3757398,3.4339397
2019-08-26,3.69,3.435768,3.5393739
2019-08-27,3.69,3.4283497,3.4718077
2019-08-28,3.64,3.5055025,3.5300264
2019-08-29,3.7,3.5817585,3.6473262
2019-08-30,3.66,3.482847,3.652417
2019-09-01,3.62,3.3974755,3.5733483
2019-09-02,3.62,3.359463,3.5397727
2019-09-03,3.57,3.3374317,3.5163338
2019-09-04,3.59,3.6295364,3.6413653
2019-09-05,3.63,3.8828928,3.9331365
2019-09-06,3.54,3.7753646,3.8547416
2019-09-09,3.55,3.9263206,4.0196
2019-09-10,3.54,3.9652984,4.1669188
2019-09-11,3.56,3.8734937,4.177869
2019-09-12,3.55,3.7997956,4.164841
2019-09-13,3.58,4.0352015,4.465587
2019-09-16,3.58,4.166625,4.492589
2019-09-17,3.49,3.9557245,4.240427
2019-09-18,3.48,3.8297544,4.2143273
2019-09-19,3.47,3.8436983,4.1704407
2019-09-20,3.5,3.8791814,4.158818
2019-09-23,3.45,3.8692474,4.129917
2019-09-24,3.44,3.7470057,3.9478893
2019-09-25,3.41,3.7027624,4.146064
2019-09-26,3.31,3.5480967,4.032625
2019-09-27,3.29,3.571582,4.0579348
2019-09-29,3.27,3.3954413,4.0154896
2019-09-30,3.27,3.4003022,4.018108
2019-10-01,3.26,3.4442627,3.9102888
2019-10-02,3.26,3.3303368,3.7973754
2019-10-03,3.26,3.2534335,3.6573668
2019-10-04,3.26,3.3027842,3.6621654
2019-10-07,3.26,3.376898,3.7821603
2019-10-08,3.26,3.287419,3.7323592
2019-10-09,3.32,3.4082582,3.8335345
2019-10-10,3.33,3.4742181,3.9605267
2019-10-11,3.34,3.5620654,4.083472
2019-10-12,3.33,3.4994085,4.090667
2019-10-14,3.33,3.5152595,4.095974
2019-10-15,3.3,3.4537466,4.0456
2019-10-16,3.28,3.409681,3.9281235
2019-10-17,3.27,3.4716294,3.910231
2019-10-18,3.21,3.4892642,3.9120877
2019-10-21,3.22,3.4173634,3.958781
2019-10-22,3.21,3.4445288,3.97422
2019-10-23,3.24,3.5366173,4.017355
2019-10-24,3.21,3.5815203,4.049315
2019-10-25,3.24,3.604714,4.13206
2019-10-28,3.36,3.4594328,4.1487846
2019-10-29,3.31,3.4588845,4.1441503
2019-10-30,3.35,3.356538,4.0226974
2019-10-31,3.38,3.2373421,3.7698476
2019-11-01,3.37,3.3651145,3.8823195
2019-11-04,3.47,3.5111992,4.0879936
2019-11-05,3.47,3.700639,4.334019
2019-11-06,3.59,3.5589087,4.176173
2019-11-07,3.59,3.7122838,4.486153
2019-11-08,3.59,3.6047692,4.4452376
2019-11-11,3.5,3.6037073,4.366672
2019-11-12,3.44,3.5267403,4.337326
2019-11-13,3.49,3.5442338,4.2891254
2019-11-14,3.44,3.455747,4.1464634
2019-11-15,3.53,3.567128,4.2065673
2019-11-18,3.53,3.5767567,4.126412
2019-11-19,3.53,3.6735272,4.190113
2019-11-20,3.53,3.658239,4.122893
2019-11-21,3.53,3.673506,4.1645103
2019-11-22,3.62,3.7083888,4.227903
2019-11-25,3.77,3.6577263,4.220835
2019-11-26,3.77,3.7575548,4.2596087
2019-11-27,3.68,3.7832143,4.3313417
2019-11-28,3.64,3.767271,4.2770734
2019-11-29,3.56,3.7328818,4.2508388
2019-12-02,3.7,3.6039553,4.1973906
2019-12-03,3.73,3.5508373,4.002531
2019-12-04,3.77,3.7459319,4.1714463
2019-12-05,3.7,3.8006775,4.212631
2019-12-06,3.68,3.9599853,4.450864
2019-12-09,3.85,3.9750156,4.4713106
2019-12-10,3.96,4.047253,4.5091815
2019-12-11,3.95,4.0158362,4.3879037
2019-12-12,3.93,4.1887493,4.6684694
2019-12-13,3.96,4.105787,4.494756
2019-12-16,3.95,4.2486362,4.6963453
2019-12-17,3.99,4.2387204,4.74513
2019-12-18,3.97,4.2687583,4.83702
2019-12-19,4.1,4.3314147,4.900988
2019-12-20,4.02,4.322309,4.8853436
2019-12-23,3.97,4.327739,4.8594036
2019-12-24,4.12,4.468961,4.9392724
2019-12-25,4.14,4.5371933,4.9950876
2019-12-26,4.19,4.6320314,5.063532
2019-12-27,4.46,4.518857,4.794307
2019-12-30,4.49,4.524135,4.8296123
2019-12-31,4.59,4.4531536,4.7269077
2020-01-01,4.75,4.4086714,4.7324595
2020-01-02,4.75,4.445018,4.773655
2020-01-03,4.8,4.4398675,4.61876
2020-01-06,4.86,4.5522294,4.6587753
2020-01-07,4.67,4.5309296,4.7244005
2020-01-08,4.7,4.5274334,4.8291364
2020-01-09,4.51,4.5061054,4.806654
2020-01-10,4.54,4.605404,4.820012
2020-01-13,4.63,4.6097846,4.966528
2020-01-14,4.74,4.5697856,4.899995
2020-01-15,4.6,4.5123224,4.7939477
2020-01-16,4.52,4.5242724,4.791554
2020-01-17,4.62,4.5828495,4.9056926
2020-01-19,4.54,4.5442996,4.7818522
2020-01-20,4.54,4.5318418,4.766125
2020-01-21,4.36,4.500106,4.6993203
2020-01-22,4.43,4.394094,4.6377897
2020-01-23,4.29,4.3101263,4.43903
2020-01-24,3.86,4.45131,4.27382
2020-01-27,3.86,4.1682067,3.9509716
2020-01-28,3.86,4.204125,4.001428
2020-01-29,3.86,4.1190863,3.8859148
2020-01-30,3.86,3.9692838,3.7465591
2020-01-31,3.86,3.9088602,3.5972128
2020-02-03,3.86,3.7519283,3.5909371
2020-02-04,3.98,3.7670493,3.7892563
2020-02-05,4.03,3.9832778,4.069788
2020-02-06,4.13,4.0435343,4.2434735
2020-02-07,4.1,3.9782948,4.151065
2020-02-10,4.2,3.9486423,4.183301
2020-02-11,4.24,3.9482262,4.231752
2020-02-12,4.3,4.1065645,4.449919
2020-02-13,4.32,4.1869435,4.4654546
2020-02-14,4.54,4.1092644,4.3238626
2020-02-16,4.61,4.106437,4.3923454
2020-02-17,4.61,4.1320114,4.437809
2020-02-18,4.57,4.14768,4.4725714
2020-02-19,4.59,4.246886,4.450971
2020-02-20,4.59,4.229897,4.488524
2020-02-21,4.7,4.2754207,4.547055
2020-02-24,4.72,4.197131,4.434835
2020-02-25,4.57,4.035334,4.266412
2020-02-26,4.36,4.014278,4.1804967
2020-02-27,4.41,3.9378662,4.1440997
2020-02-28,4.16,3.569133,3.4654706
2020-03-02,4.3,3.8313732,3.6968029
2020-03-03,4.3,3.895312,3.5367458
2020-03-04,4.33,4.1081905,3.797506
2020-03-05,4.35,4.189425,3.6506038
2020-03-06,4.38,4.3155894,3.3569539
2020-03-09,4.08,4.4996705,2.9081318
2020-03-10,4.04,4.1390777,3.3473222
2020-03-11,4.02,3.977261,3.2999666
2020-03-12,3.92,3.5280757,3.1810606
2020-03-13,3.84,3.0527718,3.1307986
2020-03-16,3.64,2.689511,2.453931
2020-03-17,3.48,2.394677,2.7152784
2020-03-18,3.41,1.6688925,2.6038802
2020-03-19,3.36,1.646959,2.752351
2020-03-20,3.46,1.7211858,2.5814712
2020-03-23,3.46,1.7607881,2.1969335
2020-03-24,3.74,2.3302848,2.515516
2020-03-25,3.8,2.4079635,2.6093023
2020-03-26,3.77,2.4833872,2.3588636
2020-03-27,3.79,2.383653,2.0807989
2020-03-30,3.69,2.2345684,2.054517
2020-03-31,3.69,2.4760697,2.2164266
2020-04-01,3.73,2.2995765,2.085899
2020-04-02,3.7,2.5206296,2.3093064
2020-04-03,3.7,2.4002597,2.2727864
2020-04-06,3.97,2.7828171,2.6297905
2020-04-07,3.97,3.037588,2.867468
2020-04-08,3.95,3.0745547,2.8950508
2020-04-09,3.95,3.2296999,2.8271453
2020-04-10,3.97,3.1819031,2.710652
2020-04-13,4.0,3.283837,2.804373
2020-04-14,4.28,3.5181487,3.0015304
2020-04-15,4.26,3.3027155,2.7370598
2020-04-16,4.25,3.2890332,2.8399704
2020-04-17,4.13,3.3701289,3.0027974
2020-04-20,4.14,3.2454164,2.908377
2020-04-21,4.09,2.9001396,2.6150248
2020-04-22,4.06,3.2866786,3.011202
2020-04-23,4.15,3.4146898,3.0841773
2020-04-24,4.23,3.4802887,3.090975
2020-04-26,3.84,3.4986026,3.1913912
2020-04-27,3.84,3.4647706,3.1661236
2020-04-28,3.97,3.514383,3.1177652
2020-04-29,3.92,3.659008,3.2248914
2020-04-30,3.91,3.4891884,3.0648797
2020-05-01,3.96,3.2992485,2.882305
2020-05-04,3.96,3.2412317,2.950074
2020-05-05,3.96,3.273073,3.0174258
2020-05-06,3.96,3.2919672,3.2283266
2020-05-07,3.95,3.4347174,3.0965302
2020-05-08,4.01,3.542426,3.32361
2020-05-09,3.95,3.311262,3.2858703
2020-05-11,3.95,3.244324,3.218796
2020-05-12,3.88,3.2446272,3.0754707
2020-05-13,3.88,3.1010206,2.9027393
2020-05-14,3.83,3.1345966,2.8781087
2020-05-15,3.94,3.162779,2.8593152
2020-05-18,4.14,3.3152983,3.0140388
2020-05-19,4.02,3.4482043,3.0659497
2020-05-20,4.12,3.70677,3.19333
2020-05-21,4.03,3.4993165,3.0520127
2020-05-22,3.92,3.4379075,2.9603941
2020-05-24,3.84,3.3435557,2.865925
2020-05-25,3.84,3.375386,2.8916824
2020-05-26,3.88,3.2961018,2.8401883
2020-05-27,3.8,3.12197,2.6953151
2020-05-28,3.83,3.3951762,2.8171732
2020-05-29,3.78,3.5588672,2.8452728
2020-06-01,3.89,3.7839534,3.0312588
2020-06-02,3.88,3.7024846,2.982475
2020-06-03,3.93,3.620026,3.0178244
2020-06-04,3.85,3.6352427,2.972555
2020-06-05,3.82,3.7030268,3.26148
2020-06-08,4.01,3.9253728,3.3749244
2020-06-09,4.04,4.1438856,3.471358
2020-06-10,4.01,4.3441634,3.4543917
2020-06-11,4.05,4.2059712,3.2863853
2020-06-12,3.97,4.2702446,3.5516
2020-06-15,3.91,4.0331964,3.1626813
2020-06-16,4.0,3.9427168,3.2396567
2020-06-17,4.03,3.928029,3.25995
2020-06-18,4.15,3.9692545,3.3271768
2020-06-19,4.16,4.062001,3.460778
2020-06-22,4.25,4.172925,3.449937
2020-06-23,4.24,4.2938266,3.5189025
2020-06-24,4.38,4.35711,3.6675367
2020-06-25,4.37,4.479998,3.7608924
2020-06-26,4.37,4.479059,3.7100627
2020-06-28,4.37,4.568756,3.78827
2020-06-29,4.37,4.5393205,3.7664747
2020-06-30,4.4,4.9092255,4.0926976
2020-07-01,4.59,4.8517656,4.153513
2020-07-02,4.62,4.9819937,4.2922378
2020-07-03,4.75,5.0926404,4.534181
2020-07-06,5.11,5.351932,4.565117
2020-07-07,5.13,5.6481504,4.6839156
2020-07-08,5.58,5.8823657,4.813957
2020-07-09,6.14,6.1144814,4.98828
2020-07-10,5.66,6.3366423,5.2939787
2020-07-13,6.0,6.9523206,5.7980676
2020-07-14,5.82,6.756089,5.6461143
2020-07-15,5.65,6.374453,5.375953
2020-07-16,5.44,5.9381166,4.899291
2020-07-17,5.35,6.027641,4.977752
2020-07-20,5.61,6.445577,5.379198
2020-07-21,5.68,6.8108993,5.5934825
2020-07-22,5.85,6.8002234,5.5498066
2020-07-23,5.82,6.9541745,5.5478234
2020-07-24,5.63,6.4018974,4.974421
2020-07-27,6.02,6.5597186,4.9906745
2020-07-28,5.76,6.657354,5.021214
2020-07-29,5.74,6.8262243,5.146353
2020-07-30,5.65,6.815052,5.040208
2020-07-31,5.85,6.6791024,4.939998
2020-08-03,5.84,7.161026,5.40319
2020-08-04,5.79,7.202648,5.290046
2020-08-05,6.04,7.3818502,5.35479
2020-08-06,6.57,7.352441,5.2387624
2020-08-07,6.64,6.4579797,4.6738987
2020-08-10,6.33,6.994825,5.1815977
2020-08-11,6.03,6.5406284,5.1109514
2020-08-12,5.7,6.4799604,5.101111
2020-08-13,5.72,6.1549535,4.7893376
2020-08-14,5.78,6.4887643,5.155148
2020-08-17,6.11,7.0594525,5.5251093
2020-08-18,6.36,7.416389,5.6448092
2020-08-19,6.5,7.3476405,5.6730895
2020-08-20,6.32,6.8813,5.2518907
2020-08-21,6.2,6.700995,5.1900005
2020-08-24,6.7,6.791701,5.2904887
2020-08-25,6.6,6.642277,5.1868734
2020-08-26,6.53,6.768125,5.1829123
2020-08-27,6.48,6.787693,5.3426147
2020-08-28,6.65,7.3251367,5.662617
2020-08-31,7.19,7.581808,5.8877068
2020-09-01,7.34,7.4515033,5.6828113
2020-09-02,7.13,7.286985,5.5488915
2020-09-03,7.06,6.920736,5.2013826
2020-09-04,7.0,7.2646184,5.6108527
2020-09-06,7.09,7.295211,5.5340166
2020-09-07,7.09,7.268331,5.515604
2020-09-08,7.04,7.056003,5.4069858
2020-09-09,6.73,7.0911994,5.3800097
2020-09-10,6.98,6.848171,5.0747714
2020-09-11,6.91,6.9934206,5.20534
2020-09-14,7.14,7.2092814,5.3668437
2020-09-15,7.17,7.3289804,5.5588746
2020-09-16,7.04,7.2135205,5.4315944
2020-09-17,6.8,7.097797,5.3502817
2020-09-18,7.03,7.62979,5.8258843
2020-09-21,6.87,6.967974,5.447965
2020-09-22,6.56,7.043873,5.533828
2020-09-23,6.45,6.582518,5.2865233
2020-09-24,6.02,6.32589,4.9621606
2020-09-25,6.2,6.217619,4.85085
2020-09-27,6.19,6.32095,4.898881
2020-09-28,6.19,6.3705897,4.971189
2020-09-29,6.19,6.505327,4.958589
2020-09-30,6.15,6.6538486,5.1346564
2020-10-01,6.22,6.037182,4.5495157
2020-10-02,6.22,6.673844,5.124046
2020-10-05,6.22,6.516103,5.1295114
2020-10-06,6.22,6.535937,5.115638
2020-10-07,6.22,6.902559,5.492396
2020-10-08,6.22,6.937994,5.455426
2020-10-09,6.22,7.110126,5.5856633
2020-10-10,6.58,7.3652825,5.7504077
2020-10-12,6.58,7.371248,5.766626
2020-10-13,6.58,7.1709256,5.6954412
2020-10-14,6.49,7.1433973,5.5723677
2020-10-15,6.56,7.3377805,5.733222
2020-10-16,6.59,7.1860547,5.664663
2020-10-19,6.68,7.234469,5.7421727
2020-10-20,6.75,7.6679783,6.172817
2020-10-21,6.97,7.950526,6.417069
2020-10-22,6.96,7.582278,6.2934227
2020-10-23,6.91,7.265652,5.86006
2020-10-26,7.04,7.1281,5.6918077
2020-10-27,7.07,7.22446,5.774114
2020-10-28,7.16,7.043503,5.726656
2020-10-29,7.01,7.069145,6.0118833
2020-10-30,6.99,6.957763,5.8816957
2020-11-02,7.19,7.21073,6.120932
2020-11-03,7.65,7.432832,6.350517
2020-11-04,7.67,7.5393023,6.198699
2020-11-05,7.66,7.831855,6.268146
2020-11-06,7.9,8.031496,6.4822974
2020-11-09,8.13,7.780825,6.9227724
2020-11-10,7.7,7.796586,6.9219084
2020-11-11,7.53,7.4900675,6.3660073
2020-11-12,7.67,7.5908256,6.379976
2020-11-13,7.64,7.716736,6.421186
2020-11-16,8.19,8.026712,6.7536163
2020-11-17,8.21,7.8050723,6.388341
2020-11-18,8.42,7.667434,6.1977158
2020-11-19,8.38,7.670328,6.13335
2020-11-20,8.98,8.347442,6.7812653
2020-11-23,9.16,8.19929,6.984016
2020-11-24,9.15,8.142833,6.9433455
2020-11-25,8.62,8.039501,6.8201017
2020-11-26,8.86,8.172331,6.8883486
2020-11-27,8.95,8.499399,7.147203
2020-11-30,9.29,8.639968,7.4759173
2020-12-01,9.39,9.162419,8.13693
2020-12-02,9.35,9.163176,8.089296
2020-12-03,8.86,9.164337,7.887558
2020-12-04,9.13,9.400369,8.423219
2020-12-07,8.81,9.420631,8.232651
2020-12-08,8.91,9.393821,8.168996
2020-12-09,8.71,9.14144,8.0247345
2020-12-10,8.55,9.442981,8.261943
2020-12-11,8.43,9.075081,7.6048117
2020-12-14,8.51,9.101546,7.7141323
2020-12-15,8.33,9.318424,7.949039
2020-12-16,8.38,9.434092,8.086762
2020-12-17,8.83,9.835054,8.439857
2020-12-18,9.19,9.949223,8.597317
2020-12-21,9.39,9.847987,8.676216
2020-12-22,8.75,9.442366,8.339435
2020-12-23,8.77,9.739394,8.793145
2020-12-24,8.91,9.732324,8.624219
2020-12-25,9.27,9.953835,9.091345
2020-12-28,9.44,9.991416,9.230452
2020-12-29,9.1,9.841096,9.002024
2020-12-30,9.27,10.04372,9.296752
2020-12-31,9.29,10.085582,9.388289
2021-01-01,10.04,10.414175,9.585332
2021-01-04,10.04,10.570472,9.818934
2021-01-05,10.21,11.081317,10.619578
2021-01-06,10.5,11.044395,10.886397
2021-01-07,11.18,11.427905,11.494001
2021-01-08,11.35,11.045827,11.216732
2021-01-11,10.67,10.529809,10.669168
2021-01-12,10.9,10.927022,11.118261
2021-01-13,10.68,11.046269,11.234154
2021-01-14,10.43,11.045083,11.412632
2021-01-15,10.56,10.700004,10.841127
2021-01-17,10.69,10.5390625,10.55834
2021-01-18,10.69,10.723901,10.771832
2021-01-19,10.28,10.7802725,10.860189
2021-01-20,10.56,11.001035,11.083875
2021-01-21,10.97,11.2143345,11.414832
2021-01-22,10.83,11.181005,11.383739
2021-01-25,11.05,11.272404,11.333829
2021-01-26,10.74,10.904363,10.850042
2021-01-27,10.42,10.6851635,10.612059
2021-01-28,9.68,10.41104,10.263873
2021-01-29,9.6,10.302282,10.309811
2021-02-01,10.44,10.442961,10.485242
2021-02-02,10.8,10.388224,10.499515
2021-02-03,10.49,10.476496,10.597771
2021-02-04,10.15,10.277235,10.361914
2021-02-05,9.8,10.597326,10.837489
2021-02-07,10.59,11.024019,11.254748
2021-02-08,10.59,10.994629,11.162036
2021-02-09,11.34,11.416814,11.550533
2021-02-10,12.08,11.813058,11.860526
2021-02-11,13.29,11.548662,11.509753
2021-02-12,13.29,11.571682,11.591452
2021-02-14,13.29,11.580628,11.792799
2021-02-15,13.29,11.66017,11.886626
2021-02-16,13.29,11.697306,11.925213
2021-02-17,13.29,11.696453,11.875685
2021-02-18,13.29,11.953077,12.216136
2021-02-19,13.64,12.647789,13.264201
2021-02-20,14.63,12.575763,13.186151
2021-02-22,14.63,12.550993,13.134537
2021-02-23,13.85,12.7051115,13.288364
2021-02-24,13.1,12.798114,13.389704
2021-02-25,12.98,12.650723,13.480754
2021-02-26,12.19,11.734634,12.379527
2021-03-01,12.32,12.041619,12.882493
2021-03-02,11.75,12.348685,13.170787
2021-03-03,12.32,12.16766,13.026644
2021-03-04,11.45,11.244011,12.066098
2021-03-05,11.0,11.539869,12.473608
2021-03-08,10.67,11.308301,12.357974
2021-03-09,10.71,10.894209,11.797788
2021-03-10,10.49,11.023363,11.943432
2021-03-11,11.54,11.533146,12.422783
2021-03-12,11.35,11.582781,12.6135645
2021-03-15,11.25,11.424048,12.380134
2021-03-16,11.11,11.292307,12.315236
2021-03-17,11.09,11.45086,12.510176
2021-03-18,11.18,11.6972065,12.994014
2021-03-19,10.83,11.481553,12.817247
2021-03-22,10.66,11.660953,12.935035
2021-03-23,10.13,11.441951,12.832224
2021-03-24,9.36,11.198717,12.529407
2021-03-25,9.56,10.984656,12.422234
2021-03-26,9.91,11.505973,12.860576
2021-03-29,9.93,11.386713,12.830217
2021-03-30,9.93,11.269048,12.742872
2021-03-31,9.62,11.348154,12.850306
2021-04-01,9.74,11.42021,12.840091
2021-04-02,10.13,12.115611,13.493784
2021-04-05,10.15,12.10966,13.488348
2021-04-06,10.15,11.977091,13.302395
2021-04-07,10.24,11.636509,13.012441
2021-04-08,10.53,11.775715,13.082455
2021-04-09,10.29,11.3929615,12.841004
2021-04-12,9.68,11.121966,12.638705
2021-04-13,9.7,11.18346,12.694019
2021-04-14,9.93,11.511947,12.909281
2021-04-15,10.21,11.856835,13.071943
2021-04-16,10.23,11.741341,13.046617
2021-04-19,10.65,12.200265,13.475855
2021-04-20,10.74,12.165733,13.4401455
2021-04-21,10.55,12.501995,13.746654
2021-04-22,10.6,12.433198,13.642576
2021-04-23,10.78,12.660045,13.836187
2021-04-25,11.15,12.932515,14.057177
2021-04-26,11.15,12.915684,13.992565
2021-04-27,11.29,13.073256,14.193812
2021-04-28,11.09,13.114367,14.251397
2021-04-29,11.36,13.124141,14.287336
2021-04-30,11.03,13.162615,14.364184
2021-05-03,11.54,13.312008,14.439227
2021-05-04,11.54,13.331896,14.4090395
2021-05-05,11.54,13.315451,14.355649
2021-05-06,11.54,13.578774,14.573753
2021-05-07,11.92,13.866751,14.756671
2021-05-08,12.35,13.795772,14.750992
2021-05-10,12.35,13.803489,14.801784
2021-05-11,11.58,13.963067,14.97142
2021-05-12,11.75,13.989076,15.011252
2021-05-13,11.08,13.78383,14.812919
2021-05-14,11.06,13.771153,14.831754
2021-05-17,11.45,14.177859,15.15919
2021-05-18,11.73,14.174951,15.244831
2021-05-19,11.42,13.817926,15.118241
2021-05-20,10.93,13.794078,15.228127
2021-05-21,10.82,13.38103,14.83816
2021-05-24,10.62,13.526527,14.917673
2021-05-25,10.93,13.73286,15.102325
2021-05-26,11.06,13.9300785,15.346434
2021-05-27,11.14,14.449942,15.74192
2021-05-28,11.19,14.492399,15.697944
2021-05-30,11.23,14.593051,15.976228
2021-05-31,11.23,14.552213,15.948888
2021-06-01,11.44,14.476593,15.913071
2021-06-02,11.18,14.128497,15.498202
2021-06-03,11.0,13.612498,15.063457
2021-06-04,10.84,13.812823,15.092467
2021-06-07,11.17,13.767876,15.047635
2021-06-08,11.06,13.787918,14.991609
2021-06-09,11.08,13.729664,14.925038
2021-06-10,11.07,13.647344,14.819133
2021-06-11,11.0,13.77547,14.859621
2021-06-14,10.47,13.575201,14.719318
2021-06-15,10.47,12.8067255,14.013262
2021-06-16,9.94,12.876785,14.04937
2021-06-17,9.87,12.072913,13.311761
2021-06-18,9.77,12.059326,13.267388
2021-06-21,9.76,12.141542,13.417276
2021-06-22,9.78,12.312246,13.548855
2021-06-23,9.78,12.817369,14.002007
2021-06-24,9.73,12.699878,13.870734
2021-06-25,10.15,12.80436,14.037552
2021-06-28,9.97,12.854116,14.070937
2021-06-29,9.65,12.6642,13.871847
2021-06-30,9.69,12.883726,14.00351
2021-07-01,9.79,12.7044935,13.862396
2021-07-02,9.84,12.489835,13.606385
2021-07-05,10.03,12.798058,13.780916
2021-07-06,10.04,12.49856,13.59333
2021-07-07,9.99,13.0292425,14.117865
2021-07-08,9.73,12.7524805,13.99375
2021-07-09,10.14,12.965728,14.12408
2021-07-12,10.38,13.152741,14.48699
2021-07-13,10.15,13.240759,14.619496
2021-07-14,9.82,12.952453,14.341409
2021-07-15,10.03,13.326118,14.601312
2021-07-16,10.0,13.186578,14.486396
2021-07-19,9.97,12.8634,14.217577
2021-07-20,9.72,13.145617,14.529644
2021-07-21,9.82,13.208587,14.624663
2021-07-22,10.03,13.431664,14.725155
2021-07-23,10.13,13.550113,14.855604
2021-07-26,10.18,13.895616,15.245606
2021-07-27,10.64,13.22777,14.527883
2021-07-28,10.02,12.981677,14.271981
2021-07-29,10.24,13.335532,14.73041
2021-07-30,10.25,13.103645,14.568286
2021-08-02,10.81,13.377331,14.818712
2021-08-03,10.41,13.178911,14.62195
2021-08-04,10.53,13.222319,14.73093
2021-08-05,10.28,13.219616,14.802852
2021-08-06,10.68,13.216012,14.8559675
2021-08-09,10.69,12.991337,14.631239
2021-08-10,10.55,13.307077,14.880595
2021-08-11,10.59,13.309594,14.838992
2021-08-12,11.01,13.264406,14.858042
2021-08-13,11.29,13.27299,14.777569
2021-08-16,11.17,13.024128,14.53574
2021-08-17,10.95,12.443198,14.067096
2021-08-18,10.91,12.255738,14.036856
2021-08-19,10.34,12.025653,13.900312
2021-08-20,10.04,12.181601,14.032644
2021-08-23,10.14,12.613929,14.263214
2021-08-24,10.32,12.842757,14.487706
2021-08-25,10.52,12.877468,14.555755
2021-08-26,10.39,12.669769,14.334041
2021-08-27,10.45,12.961312,14.547379
2021-08-30,10.89,13.108111,14.658442
2021-08-31,11.11,13.089702,14.668602
2021-09-01,10.69,12.825275,14.552308
2021-09-02,10.9,12.823116,14.479445
2021-09-03,11.07,12.911222,14.616794
2021-09-05,10.95,13.289914,15.01268
2021-09-06,10.95,13.288034,15.013134
2021-09-07,10.98,13.080053,14.817819
2021-09-08,10.85,12.821471,14.527722
2021-09-09,11.43,13.031621,14.673603
2021-09-10,11.97,13.722946,15.316923
2021-09-13,12.39,13.32599,14.879722
2021-09-14,11.72,13.060268,14.606996
2021-09-15,11.52,13.183337,14.648462
2021-09-16,11.11,12.534568,14.130355
2021-09-17,10.81,12.544111,14.210583
2021-09-18,10.71,12.089207,13.82659
2021-09-20,10.71,12.100144,13.855461
2021-09-21,10.71,12.147586,13.916599
2021-09-22,10.71,12.617811,14.238931
2021-09-23,10.58,12.488037,14.220171
2021-09-24,10.34,12.67888,14.36886
2021-09-26,10.13,12.665122,14.3233795
2021-09-27,10.13,12.662486,14.316339
2021-09-28,10.22,12.609223,14.322049
2021-09-29,10.02,12.3813305,14.143041
2021-09-30,10.09,12.08058,13.907893
2021-10-01,10.26,12.41418,14.040616
2021-10-04,10.26,12.514678,14.081722
2021-10-05,10.26,12.346751,13.960647
2021-10-06,10.26,12.260791,13.914138
2021-10-07,10.26,12.633969,14.224706
2021-10-08,10.26,12.750322,14.356706
2021-10-09,11.04,13.042581,14.540248
2021-10-11,11.04,12.987873,14.400354
2021-10-12,10.82,12.718026,14.16302
2021-10-13,10.71,13.524344,14.768734
2021-10-14,11.13,13.8070755,14.956103
2021-10-15,11.46,14.134458,15.231695
2021-10-18,11.56,13.990232,14.880716
2021-10-19,11.8,14.011904,15.079719
2021-10-20,11.32,14.046892,15.16695
2021-10-21,11.34,13.647584,14.976682
2021-10-22,11.12,13.423745,14.735237
2021-10-25,11.16,13.682647,14.93109
2021-10-26,11.31,13.498135,14.789246
2021-10-27,10.89,12.991069,14.395591
2021-10-28,10.51,12.977203,14.478185
2021-10-29,10.46,13.007093,14.436862
2021-11-01,10.48,13.0218525,14.546105
2021-11-02,10.23,12.8524685,14.427326
2021-11-03,10.2,12.701637,14.351631
2021-11-04,10.26,12.998563,14.585345
2021-11-05,10.18,12.953406,14.550082
2021-11-08,10.51,13.159364,14.724104
2021-11-09,10.56,13.001184,14.5931015
2021-11-10,10.55,13.086543,14.599736
2021-11-11,10.69,13.601382,14.856839
2021-11-12,10.74,13.777022,14.977716
2021-11-15,10.56,13.711795,14.982658
2021-11-16,10.36,13.571347,14.82508
2021-11-17,10.42,13.376253,14.7574005
2021-11-18,10.36,13.261029,14.685757
2021-11-19,10.43,13.870477,14.9976425
2021-11-22,10.54,14.079567,15.284264
2021-11-23,10.58,14.023045,15.230915
2021-11-24,10.44,14.293329,15.456807
2021-11-25,10.53,13.8551445,15.117494
2021-11-26,10.36,13.675742,15.37089
2021-11-29,10.25,13.939391,15.482948
2021-11-30,10.15,13.578616,15.319798
2021-12-01,10.14,13.498959,15.276853
2021-12-02,10.04,13.622949,15.258687
2021-12-03,10.12,13.533694,15.177422
2021-12-06,10.17,13.85993,15.433455
2021-12-07,10.25,13.836704,15.311907
2021-12-08,10.3,14.138544,15.591522
2021-12-09,10.36,14.134666,15.66031
2021-12-10,10.26,13.877426,15.510929
2021-12-13,10.38,13.95153,15.524619
2021-12-14,10.14,13.840006,15.464965
2021-12-15,10.05,13.441192,15.217083
2021-12-16,10.11,13.915416,15.489824
2021-12-17,10.17,13.850908,15.3951845
2021-12-20,9.96,13.716198,15.320006
2021-12-21,9.99,13.9662695,15.468056
2021-12-22,9.97,14.09118,15.578699
2021-12-23,10.03,14.191179,15.703227
2021-12-24,9.69,14.157969,15.632734
2021-12-27,9.58,14.254769,15.6619625
2021-12-28,9.71,14.255297,15.713562
2021-12-29,9.62,13.997142,15.627377
2021-12-30,9.64,14.074236,15.738809
2021-12-31,9.7,14.3699665,16.001709
2022-01-03,9.82,14.330479,15.885833
2022-01-04,9.82,14.511096,15.998286
2022-01-05,9.77,14.110891,15.643106
2022-01-06,9.67,13.679472,15.253172
2022-01-07,9.37,13.766419,15.403753
2022-01-10,9.4,13.785551,15.437714
2022-01-11,9.43,13.69003,15.367248
2022-01-12,10.01,14.109436,15.794521
2022-01-13,10.06,13.711791,15.50464
2022-01-14,9.82,13.336585,15.147398
2022-01-16,9.68,13.883321,15.528881
2022-01-17,9.68,13.848944,15.506829
2022-01-18,9.94,13.733501,15.5125675
2022-01-19,9.89,13.880521,15.627045
2022-01-20,10.12,14.376185,15.961357
2022-01-21,10.27,13.948718,15.659958
2022-01-24,10.29,13.867814,15.673238
2022-01-25,10.11,13.640562,15.362674
2022-01-26,10.18,14.005533,15.48644
2022-01-27,9.91,13.503187,14.931809
2022-01-28,9.76,12.983919,14.63954
2022-01-29,10.25,13.039947,14.843228
2022-01-30,10.25,13.043738,14.850707
2022-01-31,10.25,12.982363,14.756955
2022-02-01,10.25,13.445413,15.082275
2022-02-02,10.25,13.3945,15.111758
2022-02-03,10.25,13.10071,15.026978
2022-02-04,10.25,13.12671,14.99519
2022-02-07,10.25,12.980392,14.9251795
2022-02-08,10.35,13.1652775,15.003617
2022-02-09,10.78,13.759286,15.43938
2022-02-10,11.21,13.996961,15.581992
2022-02-11,11.06,13.157631,14.765608
2022-02-14,11.06,12.985256,14.536789
2022-02-15,10.9,13.402925,14.933199
2022-02-16,10.93,13.453344,15.058967
2022-02-17,11.27,13.60074,15.173167
2022-02-18,11.23,13.559582,15.070372
2022-02-20,11.12,13.145515,14.693662
2022-02-21,11.12,13.009291,14.616809
2022-02-22,11.2,13.162848,14.731437
2022-02-23,10.92,13.409429,14.950952
2022-02-24,11.0,13.239607,14.622432
2022-02-25,10.95,13.42058,14.890342
2022-02-28,11.22,12.896334,14.540157
2022-03-01,11.15,13.044214,14.386725
2022-03-02,11.4,12.732439,14.056068
2022-03-03,11.87,13.472644,14.395648
2022-03-04,11.58,13.443848,14.055121
2022-03-07,11.83,12.420607,12.981539
2022-03-08,11.41,12.062246,12.444205
2022-03-09,11.27,11.935449,13.1394615
2022-03-10,10.98,12.855103,13.62524
2022-03-11,10.98,12.890334,13.597523
2022-03-14,10.45,12.951665,13.70272
2022-03-15,9.55,12.569789,13.2668495
2022-03-16,10.12,13.148664,13.999592
2022-03-17,10.3,13.130564,13.90099
2022-03-18,10.63,13.230453,13.934019
2022-03-21,11.0,13.102747,13.40636
2022-03-22,11.3,13.201265,13.400977
2022-03-23,11.34,13.147877,13.206029
2022-03-24,11.71,13.339679,13.419141
2022-03-25,11.52,13.492336,13.33462
2022-03-28,11.56,13.808991,13.822565
2022-03-29,11.59,13.482021,13.851336
2022-03-30,11.46,13.413529,14.066116
2022-03-31,11.34,13.971079,14.444019
2022-04-01,11.45,14.165268,14.576658
2022-04-02,11.6,14.485792,14.620861
2022-04-04,11.6,14.51278,14.662863
2022-04-05,11.6,15.014624,14.843683
2022-04-06,11.6,15.222401,15.115659
2022-04-07,11.53,15.226681,15.043993
2022-04-08,11.95,15.385527,15.056731
2022-04-11,11.68,15.092379,14.653352
2022-04-12,11.68,15.264237,14.6160555
2022-04-13,12.53,14.939272,14.285358
2022-04-14,12.74,15.318175,14.371013
2022-04-15,12.13,15.638243,14.613868
2022-04-18,12.02,15.72913,14.628
2022-04-19,12.0,15.571254,14.382519
2022-04-20,11.44,14.917409,13.989603
2022-04-21,11.01,14.983183,13.755043
2022-04-22,11.33,14.93343,13.614798
2022-04-24,10.62,14.254512,13.118365
2022-04-25,10.62,14.300857,13.175559
2022-04-26,10.24,14.277318,12.822769
2022-04-27,10.89,14.834792,13.126577
2022-04-28,10.8,15.080509,12.995606
2022-04-29,11.07,15.154573,13.160856
2022-05-02,10.84,15.293422,13.206227
2022-05-03,10.84,15.211958,13.2151375
2022-05-04,10.84,14.955002,12.9854555
2022-05-05,10.84,15.491819,13.040921
2022-05-06,10.07,15.339685,12.838687
2022-05-07,9.8,14.938943,12.87653
2022-05-09,9.8,14.957545,12.901377
2022-05-10,9.63,14.907586,13.042276
2022-05-11,9.8,15.032452,12.934623
2022-05-12,9.53,14.957733,12.791551
2022-05-13,9.53,15.234256,12.835401
2022-05-16,9.7,14.992075,12.64666
2022-05-17,9.97,15.128053,12.926046
2022-05-18,9.79,15.037164,12.9353485
2022-05-19,9.72,14.809454,12.904997
2022-05-20,10.02,14.939536,12.987999
2022-05-23,10.01,14.882065,13.106244
2022-05-24,9.71,14.295902,12.700881
2022-05-25,9.9,14.308849,12.685204
2022-05-26,9.86,14.301966,12.707661
2022-05-27,9.93,14.316934,12.745943
2022-05-29,10.11,14.76494,12.946234
2022-05-30,10.11,14.783799,12.959267
2022-05-31,10.06,14.62511,12.798305
2022-06-01,9.86,15.248428,13.025301
2022-06-02,9.87,15.272112,13.163127
2022-06-03,10.4,15.498357,13.236119
2022-06-06,10.4,15.739531,13.299153
2022-06-07,10.3,15.600552,13.240692
2022-06-08,10.34,15.864185,13.304063
2022-06-09,10.28,15.939091,13.198643
2022-06-10,10.19,16.513414,13.412695
2022-06-13,10.12,17.036852,13.435934
2022-06-14,10.01,17.165165,13.50655
2022-06-15,9.98,16.866577,13.479154
2022-06-16,9.9,16.228436,13.264755
2022-06-17,9.88,16.404945,13.464489
2022-06-19,9.59,16.451864,13.550837
2022-06-20,9.59,16.400019,13.5112915
2022-06-21,9.43,16.467272,13.554985
2022-06-22,9.25,15.8232355,13.268085
2022-06-23,9.3,15.514264,13.082736
2022-06-24,9.2,15.629617,13.082095
2022-06-27,9.29,15.769252,13.097024
2022-06-28,9.36,16.080545,13.149389
2022-06-29,9.2,15.928936,13.020773
2022-06-30,9.33,15.580754,12.96061
2022-07-01,9.47,15.294058,12.716087
2022-07-03,9.36,15.602112,12.662286
2022-07-04,9.36,15.553556,12.620883
2022-07-05,9.35,15.174391,12.7498045
2022-07-06,9.04,15.311361,12.780921
2022-07-07,9.04,15.881831,12.997657
2022-07-08,9.07,15.832864,12.922374
2022-07-11,9.05,15.615897,12.733896
2022-07-12,8.92,15.134642,12.664551
2022-07-13,8.75,15.144081,12.631399
2022-07-14,8.62,15.155439,12.723701
2022-07-15,8.37,14.932009,12.551862
2022-07-18,8.87,15.171513,12.582593
2022-07-19,8.74,14.874441,12.539765
2022-07-20,8.79,15.17598,12.652335
2022-07-21,8.67,14.758702,12.461188
2022-07-22,8.67,14.495308,12.396109
2022-07-25,8.71,14.445607,12.340612
2022-07-26,8.91,14.804294,12.546498
2022-07-27,8.81,14.623585,12.448291
2022-07-28,8.97,14.559316,12.419314
2022-07-29,8.93,14.56665,12.447012
2022-08-01,8.84,14.326979,12.593859
2022-08-02,8.6,14.557977,12.5639
2022-08-03,8.49,14.372109,12.562324
2022-08-04,8.55,14.164558,12.758606
2022-08-05,8.82,14.94031,12.987498
2022-08-08,8.72,14.897572,12.880649
2022-08-09,8.79,14.963934,12.920251
2022-08-10,8.84,14.640017,12.832914
2022-08-11,9.03,15.061064,13.098615
2022-08-12,9.19,15.055815,13.175454
2022-08-15,9.04,15.204364,13.588473
2022-08-16,9.03,15.239936,13.830558
2022-08-17,9.02,15.401045,13.8426695
2022-08-18,8.89,15.716344,14.0045395
2022-08-19,8.84,16.050354,14.009136
2022-08-22,9.05,16.413765,14.1791525
2022-08-23,9.0,16.398148,13.944694
2022-08-24,8.88,16.203362,13.668115
2022-08-25,9.13,16.13448,13.709067
2022-08-26,9.15,16.20093,13.600968
2022-08-29,9.02,16.145197,13.612307
2022-08-30,8.9,15.9452715,13.492354
2022-08-31,8.8,15.8274975,13.497186
2022-09-01,8.65,15.950047,13.558416
2022-09-02,8.52,15.803503,13.444845
2022-09-04,8.59,16.249392,13.6049795
2022-09-05,8.59,16.381744,13.705247
2022-09-06,8.84,16.384829,13.81004
2022-09-07,8.94,16.10024,13.843962
2022-09-08,9.06,16.236826,13.9235115
2022-09-09,9.19,16.326254,13.937971
2022-09-12,9.29,16.297916,13.958512
2022-09-13,9.29,16.706053,14.051611
2022-09-14,9.0,16.42978,13.82746
2022-09-15,8.95,16.262714,13.813535
2022-09-16,8.68,16.117378,13.671918
2022-09-19,8.62,16.116735,13.671559
2022-09-20,8.7,16.365671,13.799354
2022-09-21,8.71,16.298456,13.708224
2022-09-22,8.65,16.689123,13.846153
2022-09-23,8.53,16.53569,13.812575
2022-09-26,7.82,16.676264,13.882192
2022-09-27,7.85,17.039677,14.030942
2022-09-28,7.48,16.408136,13.538762
2022-09-29,7.7,16.462654,13.561582
2022-09-30,7.84,16.401981,13.580332
2022-10-03,7.77,15.918057,13.285177
2022-10-04,7.77,15.669144,13.097199
2022-10-05,7.77,16.173912,13.344431
2022-10-06,7.77,16.491848,13.505791
2022-10-07,7.77,16.653751,13.572827
2022-10-08,7.77,16.867155,13.675547
2022-10-09,7.77,16.896889,13.688868
2022-10-10,7.77,16.905434,13.693091
2022-10-11,7.88,17.006905,13.735738
2022-10-12,7.99,17.028152,13.791808
2022-10-13,7.84,16.875912,13.739559
2022-10-14,7.96,17.284626,13.9872875
2022-10-17,8.05,16.957615,13.910519
2022-10-18,8.0,16.757536,13.862924
2022-10-19,7.92,16.897114,14.006194
2022-10-20,7.85,17.158981,14.099981
2022-10-21,7.93,17.040749,13.981134
2022-10-24,7.94,16.731447,13.911454
2022-10-25,7.9,16.139717,13.625854
2022-10-26,7.94,16.29565,13.655025
2022-10-27,8.23,16.355768,13.531316
2022-10-28,8.1,15.966634,13.471354
2022-10-31,7.92,16.09725,13.614327
2022-11-01,8.2,16.649553,13.724823
2022-11-02,8.26,16.751364,13.76668
2022-11-03,8.14,17.036722,13.940106
2022-11-04,8.36,17.634756,14.046756
2022-11-07,9.09,17.336222,13.941533
2022-11-08,9.06,17.253254,14.084414
2022-11-09,9.29,17.323395,14.181754
2022-11-10,9.15,16.34262,13.774577
2022-11-11,9.92,16.37684,13.998271
2022-11-14,9.97,16.138361,13.759702
2022-11-15,9.92,16.107006,13.806642
2022-11-16,9.99,15.656321,13.566299
2022-11-17,9.77,15.758034,13.636867
2022-11-18,9.64,15.690468,13.586299
2022-11-21,9.42,15.714481,13.533979
2022-11-22,9.53,15.522364,13.45624
2022-11-23,9.55,15.150017,13.5065775
2022-11-24,9.74,15.122021,13.509065
2022-11-25,9.79,14.987191,13.4819565
2022-11-28,9.58,14.986242,13.365094
2022-11-29,9.87,15.409263,13.619184
2022-11-30,9.83,15.322139,13.591532
2022-12-01,10.3,15.098084,13.661007
2022-12-02,10.11,15.011002,13.609148
2022-12-05,10.45,15.2944,13.788217
2022-12-06,10.41,15.251821,13.929843
2022-12-07,10.27,15.107198,14.258174
2022-12-08,10.32,15.114567,14.33319
2022-12-09,10.61,15.34793,14.4361315
2022-12-12,10.33,15.252738,14.1227045
2022-12-13,10.34,14.854406,13.995612
2022-12-14,10.47,14.909809,13.981603
2022-12-15,10.26,14.759627,13.707128
2022-12-16,10.3,14.836358,13.827823
2022-12-19,10.06,14.942551,13.762693
2022-12-20,9.9,14.809651,13.816942
2022-12-21,9.97,14.890014,13.820515
2022-12-22,10.01,14.801774,13.733945
2022-12-23,9.9,15.060979,13.804139
2022-12-26,9.78,15.41459,14.153714
2022-12-27,10.05,15.332246,14.027686
2022-12-28,10.0,15.458529,14.055673
2022-12-29,9.84,15.158762,14.050088
2022-12-30,10.0,15.162073,13.991719
2022-12-31,10.53,15.452027,14.230649
2023-01-02,10.53,15.473051,14.272872
2023-01-03,10.53,15.322627,14.14197
2023-01-04,10.3,15.01698,14.334109
2023-01-05,10.39,15.565339,14.529266
2023-01-06,10.43,15.213949,14.666134
2023-01-09,11.44,15.22226,14.848403
2023-01-10,11.41,15.519751,14.9035425
2023-01-11,11.49,15.5827,14.867719
2023-01-12,11.42,15.217175,14.751945
2023-01-13,11.55,15.44142,14.850389
2023-01-15,11.51,15.628443,14.993646
2023-01-16,11.51,15.5003805,14.883135
2023-01-17,11.29,15.705014,14.985553
2023-01-18,11.39,15.415584,14.869655
2023-01-19,11.58,15.464306,14.914046
2023-01-20,11.91,15.695546,14.928156
2023-01-23,11.53,15.860563,14.998874
2023-01-24,11.53,15.669725,15.055363
2023-01-25,11.53,15.576968,15.052583
2023-01-26,11.53,15.739851,15.061802
2023-01-27,11.53,15.708326,15.047319
2023-01-28,11.53,15.823387,15.070038
2023-01-29,11.53,15.844208,15.110174
2023-01-30,11.53,15.858884,15.138807
2023-01-31,11.79,15.748524,15.200166
2023-02-01,12.27,15.098873,15.062455
2023-02-02,12.07,15.20915,15.107901
2023-02-03,11.85,15.534246,15.093543
2023-02-06,11.39,15.756625,14.902102
2023-02-07,11.56,15.915381,14.930324
2023-02-08,11.37,15.725085,14.715322
2023-02-09,11.4,15.970424,15.032932
2023-02-10,11.19,15.989706,14.749654
2023-02-13,11.3,16.042925,14.889637
2023-02-14,11.57,16.125195,15.017332
2023-02-15,11.57,16.181568,14.905271
2023-02-16,11.27,16.388165,15.06351
2023-02-17,11.36,16.133884,14.938413
2023-02-19,11.69,16.661482,15.219175
2023-02-20,11.69,16.78648,15.341607
2023-02-21,12.13,16.850082,15.439936
2023-02-22,11.95,16.778984,15.412797
2023-02-23,11.95,16.419086,14.950628
2023-02-24,11.63,16.42903,14.735565
2023-02-27,11.41,16.29748,14.833975
2023-02-28,11.41,16.625277,14.990319
2023-03-01,11.98,16.944067,15.339433
2023-03-02,12.1,17.001886,15.130093
2023-03-03,11.98,16.725487,15.017531
2023-03-06,11.93,16.735353,15.0853
2023-03-07,11.98,16.66419,14.85096
2023-03-08,11.66,16.752846,14.943869
2023-03-09,11.56,16.590635,14.99644
2023-03-10,11.44,15.945887,14.707396
2023-03-13,12.16,15.5727215,14.900452
2023-03-14,12.03,15.525508,14.949346
2023-03-15,11.82,15.311791,14.756425
2023-03-16,11.39,15.245849,14.777811
2023-03-17,11.46,14.911721,14.933619
2023-03-20,11.8,15.035893,15.005225
2023-03-21,11.82,15.367084,15.072386
2023-03-22,11.74,15.099609,15.094782
2023-03-23,12.14,15.270573,15.404713
2023-03-24,12.01,15.304193,15.326983
2023-03-27,11.99,15.465649,15.22855
2023-03-28,12.01,15.375109,15.144186
2023-03-29,12.01,15.472879,15.203383
2023-03-30,12.25,15.391187,15.221477
2023-03-31,12.39,15.441235,15.212366
2023-04-03,12.12,15.310937,14.866174
2023-04-04,12.35,14.947783,14.732565
2023-04-05,13.13,14.953619,14.705381
2023-04-06,13.13,15.009222,14.723055
2023-04-07,12.89,15.314115,14.726726
2023-04-10,12.98,15.347784,14.745321
2023-04-11,13.43,15.415869,14.915147
2023-04-12,13.55,15.330928,14.97375
2023-04-13,13.4,15.26053,15.058725
2023-04-14,13.94,15.515756,15.07667
2023-04-17,13.91,15.777039,15.210749
2023-04-18,13.86,15.75182,15.316158
2023-04-19,13.9,15.722346,15.21744
2023-04-20,13.59,15.462985,15.182871
2023-04-21,13.29,15.186051,14.898077
2023-04-23,12.69,14.848905,14.688624
2023-04-24,12.69,14.856414,14.703579
2023-04-25,12.88,14.511941,14.482021
2023-04-26,12.57,14.432115,14.676632
2023-04-27,12.82,14.739196,14.850068
2023-04-28,12.83,14.786555,14.883171
2023-05-01,12.93,15.299376,15.380974
2023-05-02,12.93,14.858862,15.160177
2023-05-03,12.93,14.50388,15.305703
2023-05-04,12.93,14.543457,15.332605
2023-05-05,12.58,14.612706,15.232932
2023-05-06,12.66,15.009001,15.3776
2023-05-08,12.66,14.980303,15.325655
2023-05-09,12.25,14.957745,15.229311
2023-05-10,12.08,14.60066,15.121144
2023-05-11,11.68,14.425995,14.974602
2023-05-12,10.98,14.620313,14.942036
2023-05-15,11.11,14.7827835,15.077358
2023-05-16,11.25,14.62603,14.896612
2023-05-17,11.0,14.91706,14.924564
2023-05-18,11.1,15.077168,14.906399
2023-05-19,10.89,15.141602,15.037307
2023-05-22,10.9,15.124245,15.004851
2023-05-23,10.67,15.034917,14.81865
2023-05-24,10.69,14.89962,14.462246
2023-05-25,10.52,15.059905,14.637315
2023-05-26,10.8,15.266835,14.720281
2023-05-28,10.8,15.074383,14.868729
2023-05-29,10.8,15.06586,14.864123
2023-05-30,10.71,15.051873,14.845642
2023-05-31,10.69,14.86942,14.815112
2023-06-01,11.05,14.864004,14.856979
2023-06-02,11.59,15.24797,14.922231
2023-06-05,11.28,15.308013,14.943893
2023-06-06,11.39,15.287385,14.900165
2023-06-07,11.4,15.326822,14.830367
2023-06-08,11.52,15.142467,14.972296
2023-06-09,11.71,15.290451,15.132816
2023-06-12,11.55,15.191926,15.238995
2023-06-13,11.6,15.569682,15.504494
2023-06-14,11.88,15.547946,15.641595
2023-06-15,11.8,15.272158,15.543426
2023-06-16,12.03,15.472711,15.575906
2023-06-18,11.81,15.317675,15.390611
2023-06-19,11.81,15.298365,15.374896
2023-06-20,11.76,15.366269,15.474864
2023-06-21,11.57,15.094579,15.275787
2023-06-22,11.49,15.136702,15.341612
2023-06-23,11.49,15.013877,15.175239
2023-06-25,11.49,14.89221,15.118254
2023-06-26,11.49,14.875287,15.086061
2023-06-27,11.69,14.911593,15.274963
2023-06-28,11.66,14.857062,15.058127
2023-06-29,11.35,15.059008,15.073325
2023-06-30,11.37,15.158006,15.253011
2023-07-03,11.93,15.414085,15.436425
2023-07-04,11.8,15.60559,15.315474
2023-07-05,11.8,15.591368,15.287084
2023-07-06,11.61,15.507398,15.219081
2023-07-07,11.55,15.380012,15.1578045
2023-07-10,11.54,15.249854,15.228195
2023-07-11,11.84,15.2048,15.185089
2023-07-12,11.95,14.789596,15.138666
2023-07-13,12.52,14.711217,15.290667
2023-07-14,12.58,14.829414,15.383843
2023-07-17,12.34,14.506891,15.268512
2023-07-18,12.4,14.544421,15.186437
2023-07-19,12.59,14.51979,15.131399
2023-07-20,12.61,14.820601,15.15176
2023-07-21,12.53,14.848748,15.076925
2023-07-24,12.43,15.037558,15.095116
2023-07-25,12.94,15.3561735,15.210891
2023-07-26,13.07,15.125116,15.213913
2023-07-27,12.88,15.535317,15.176784
2023-07-28,12.79,15.697308,15.388113
2023-07-31,13.01,16.015133,15.559757
2023-08-01,13.05,16.013178,15.386337
2023-08-02,12.86,15.959581,15.329386
2023-08-03,12.74,16.332685,15.469585
2023-08-04,12.85,15.930158,15.29184
2023-08-07,12.85,15.861916,15.241174
2023-08-08,13.03,15.736002,14.980311
2023-08-09,12.87,15.686128,14.879253
2023-08-10,12.73,15.792198,15.005111
2023-08-11,12.5,15.739258,14.762269
2023-08-14,12.32,15.870395,14.819027
2023-08-15,12.32,15.800638,14.878501
2023-08-16,12.19,15.818634,14.939968
2023-08-17,12.29,15.973296,15.000627
2023-08-18,12.08,15.832881,14.848041
2023-08-21,11.98,15.863995,14.905905
2023-08-22,12.41,16.05347,15.033319
2023-08-23,12.17,15.773101,14.934673
2023-08-24,12.49,15.979915,14.945989
2023-08-25,12.3,15.942573,14.753189
2023-08-28,12.14,15.97809,14.753624
2023-08-29,12.08,15.949365,14.9731
2023-08-30,12.45,15.902361,15.035934
2023-08-31,12.36,15.903404,14.900348
2023-09-01,12.8,16.327538,14.850908
2023-09-03,13.2,16.68043,14.894318
2023-09-04,13.2,16.633678,14.854339
2023-09-05,13.15,16.649965,14.816376
2023-09-06,13.06,16.528631,14.653337
2023-09-07,13.01,16.359316,14.531421
2023-09-08,12.88,16.22756,14.405734
2023-09-11,13.0,16.3899,14.597253
2023-09-12,12.84,16.36153,14.522371
2023-09-13,12.84,16.291643,14.491834
2023-09-14,12.98,16.623444,14.548615
2023-09-15,13.15,16.538733,14.437142
2023-09-18,13.07,16.47899,14.388244
2023-09-19,13.17,16.449488,14.325793
2023-09-20,13.25,16.422134,14.37267
2023-09-21,13.09,16.417572,14.361966
2023-09-22,12.93,16.556847,14.400754
2023-09-25,12.76,16.66324,14.389552
2023-09-26,12.65,16.604988,14.318749
2023-09-27,12.41,16.833849,14.316493
2023-09-28,12.13,16.860237,14.425058
2023-09-29,12.2,16.878572,14.503987
2023-10-02,12.2,16.829195,14.648623
2023-10-03,12.2,17.049053,14.615647
2023-10-04,12.2,16.677443,14.646529
2023-10-05,12.2,16.3942,14.6091
2023-10-06,12.2,16.572744,14.771513
2023-10-07,12.2,16.578726,14.5827675
2023-10-08,12.2,16.58288,14.589708
2023-10-09,12.2,16.570253,14.572432
2023-10-10,12.22,16.394663,14.49985
2023-10-11,12.13,16.170116,14.483329
2023-10-12,12.29,16.58883,14.6496105
2023-10-13,12.02,16.699827,14.369824
2023-10-16,12.14,16.494137,14.457405
2023-10-17,12.06,16.693363,14.500795
2023-10-18,11.98,16.838882,14.531107
2023-10-19,11.77,16.730131,14.408598
2023-10-20,11.65,16.543154,14.2736845
2023-10-23,11.45,16.160059,14.189932
2023-10-24,11.75,16.328928,14.387483
2023-10-25,12.08,16.610065,14.449944
2023-10-26,12.08,16.465834,14.417186
2023-10-27,12.01,16.799273,14.515132
2023-10-30,12.42,16.888939,14.623369
2023-10-31,12.44,16.874626,14.793652
2023-11-01,12.2,16.796745,14.722266
2023-11-02,12.21,16.58659,14.5962925
2023-11-03,12.17,16.226067,14.555043
2023-11-06,11.93,16.623453,14.814177
2023-11-07,12.01,16.327051,14.768094
2023-11-08,11.82,16.051582,14.708906
2023-11-09,11.88,16.342236,14.840068
2023-11-10,11.78,16.107368,14.659487
2023-11-13,11.9,16.316301,14.769286
2023-11-14,11.86,15.716481,14.518661
2023-11-15,12.0,15.997458,14.736652
2023-11-16,11.97,15.680846,14.828266
2023-11-17,11.97,15.704408,14.714126
2023-11-20,11.86,15.823932,14.73049
2023-11-21,12.14,15.862023,14.765438
2023-11-22,11.95,15.684593,14.569859
2023-11-23,11.99,15.5292015,14.556429
2023-11-24,11.85,15.575165,14.656168
2023-11-27,11.87,15.285969,14.511843
2023-11-28,11.89,15.388203,14.568321
2023-11-29,12.15,15.28322,14.417238
2023-11-30,12.18,15.663713,14.637995
2023-12-01,12.04,15.582345,14.878984
2023-12-04,12.4,15.345799,14.651763
2023-12-05,11.95,15.001545,14.398138
2023-12-06,12.0,14.777959,14.431602
2023-12-07,11.8,14.786742,14.563684
2023-12-08,11.67,15.132068,14.598268
2023-12-11,11.67,15.08393,14.62995
2023-12-12,11.62,14.982164,14.741149
2023-12-13,11.44,14.391152,14.542476
2023-12-14,11.48,14.359706,14.466194
2023-12-15,11.7,14.488385,14.482142
2023-12-18,11.78,14.460018,14.324408
2023-12-19,11.8,14.458204,14.349264
2023-12-20,12.02,14.352074,14.151718
2023-12-21,12.07,14.378665,14.390265
2023-12-22,12.14,14.349768,14.423056
2023-12-25,12.22,14.297907,14.4296055
2023-12-26,12.18,14.247972,14.365542
2023-12-27,12.4,14.244127,14.524896
2023-12-28,12.35,14.412695,14.758993
2023-12-29,12.46,14.453834,14.877575
2023-12-31,12.49,14.726288,14.917029
2024-01-01,12.49,14.713461,14.903124
2024-01-02,12.49,14.673949,14.871647
2024-01-03,12.53,14.607557,14.736927
2024-01-04,12.51,14.569795,14.800499
2024-01-05,12.47,14.576979,14.638385
2024-01-08,12.3,14.248096,14.637385
2024-01-09,12.43,14.366927,14.539633
2024-01-10,12.28,14.33091,14.482362
2024-01-11,12.14,14.325988,14.408297
2024-01-12,12.2,14.238653,14.29352
2024-01-14,12.12,14.632174,14.379729
2024-01-15,12.12,14.70445,14.431016
2024-01-16,12.19,14.6785,14.379447
2024-01-17,11.7,14.396384,14.238485
2024-01-18,11.84,14.700651,14.293712
2024-01-19,11.92,14.743771,14.393217
2024-01-22,11.68,14.484659,14.123514
2024-01-23,11.54,14.73385,14.20311
2024-01-24,11.72,14.997808,14.474673
2024-01-25,12.05,15.204662,14.617815
2024-01-26,12.22,15.127092,14.496554
2024-01-29,12.24,15.085471,14.395882
2024-01-30,12.18,15.017819,14.424177
2024-01-31,12.04,14.812614,14.410508
2024-02-01,12.13,14.453606,14.28197
2024-02-02,12.03,14.613713,14.363028
2024-02-04,12.16,14.815407,14.431835
2024-02-05,12.16,14.823965,14.449303
2024-02-06,12.19,14.987669,14.542125
2024-02-07,12.25,15.081934,14.704788
2024-02-08,12.5,15.172734,14.582225
2024-02-09,12.85,15.236698,14.639615
2024-02-12,12.85,15.360969,14.674265
2024-02-13,12.85,15.739847,14.697605
2024-02-14,12.85,15.586998,14.669238
2024-02-15,12.85,15.575319,14.753151
2024-02-16,12.85,15.8630495,14.906332
2024-02-18,12.85,15.718899,14.808517
2024-02-19,12.85,15.712284,14.815171
2024-02-20,13.1,15.874809,15.027032
2024-02-21,13.05,16.029736,15.168596
2024-02-22,13.26,16.188913,15.266018
2024-02-23,13.5,16.072159,15.325256
2024-02-26,13.15,15.861232,15.226849
2024-02-27,13.16,16.070114,15.410188
2024-02-28,13.01,15.990698,15.367616
2024-02-29,13.11,16.251797,15.553662
2024-03-01,13.25,16.16984,15.537496
2024-03-04,13.46,16.311003,15.576676
2024-03-05,13.85,16.231447,15.68696
2024-03-06,14.2,16.222727,15.83179
2024-03-07,14.73,16.04029,15.88486
2024-03-08,14.89,16.014954,15.913467
2024-03-11,14.86,16.214714,16.088417
2024-03-12,14.36,16.260332,15.988213
2024-03-13,14.69,16.588972,16.2361
2024-03-14,15.39,16.793419,16.107769
2024-03-15,15.96,17.07092,16.403816
2024-03-18,15.78,17.308073,16.5597
2024-03-19,15.53,17.161856,16.367708
2024-03-20,15.51,16.932257,16.360329
2024-03-21,15.62,17.144785,16.46153
2024-03-22,15.39,16.94145,16.179188
2024-03-25,15.74,16.903954,16.065207
2024-03-26,15.53,16.911934,16.084583
2024-03-27,15.72,16.826548,16.100918
2024-03-28,16.1,16.989637,16.109592
2024-03-29,16.82,17.567724,16.366003
2024-04-01,16.87,17.650032,16.411814
2024-04-02,16.95,17.710747,16.500307
2024-04-03,17.51,17.860083,16.57959
2024-04-04,17.3,17.926832,16.575401
2024-04-05,17.3,17.982044,16.47379
2024-04-07,17.3,18.10562,16.607855
2024-04-08,17.3,18.135653,16.645208
2024-04-09,17.01,18.11637,16.63055
2024-04-10,17.99,18.515999,16.63811
2024-04-11,17.99,18.542194,16.655212
2024-04-12,18.39,18.669323,16.53578
2024-04-15,18.46,19.347246,17.13353
2024-04-16,17.94,19.162891,16.902601
2024-04-17,18.08,19.2131,17.186512
2024-04-18,18.47,19.703287,17.527536
2024-04-19,18.63,19.857529,17.60027
2024-04-22,17.8,19.657299,17.526674
2024-04-23,17.04,19.371567,17.347685
2024-04-24,17.54,19.450296,17.302313
2024-04-25,17.4,19.688618,17.547617
2024-04-26,18.27,19.817814,17.503168
2024-04-28,17.66,20.111292,17.83493
2024-04-29,17.66,20.03804,17.744324
2024-04-30,17.61,19.907116,17.657757
2024-05-01,17.52,19.904613,18.003565
2024-05-02,17.52,19.51198,17.766424
2024-05-03,17.52,19.600763,17.938517
2024-05-06,17.52,19.791891,18.111343
2024-05-07,17.45,19.864914,18.143911
2024-05-08,17.45,19.633852,17.913685
2024-05-09,17.71,19.6906,17.99085
2024-05-10,18.24,20.08164,18.224184
2024-05-11,18.18,20.217978,18.280315
2024-05-13,18.18,20.336103,18.442307
2024-05-14,18.49,20.689344,18.794916
2024-05-15,18.3,20.511122,18.786587
2024-05-16,18.27,20.354921,18.574814
2024-05-17,18.78,21.070557,19.066639
2024-05-20,19.47,21.281475,19.222351
2024-05-21,18.65,21.290485,19.226227
2024-05-22,18.43,20.576685,18.797018
2024-05-23,17.84,20.334469,18.581507
2024-05-24,17.82,20.017675,18.385172
2024-05-26,18.2,20.15379,18.370508
2024-05-27,18.2,20.324606,18.479301
2024-05-28,18.05,20.444668,18.572758
2024-05-29,18.45,20.497402,18.566334
2024-05-30,17.64,19.888288,18.21488
2024-05-31,17.41,19.60545,18.101023
2024-06-03,17.33,19.667341,18.409826
2024-06-04,17.42,19.211945,18.222809
2024-06-05,17.05,19.36627,18.27706
2024-06-06,17.59,19.525898,18.296083
2024-06-07,17.76,19.158552,17.848656
2024-06-10,17.0,19.410154,17.877172
2024-06-11,17.0,19.178288,17.697512
2024-06-12,17.21,19.187845,17.802395
2024-06-13,16.81,18.880945,17.483524
2024-06-14,17.09,19.019688,17.564585
2024-06-17,17.04,18.859522,17.431187
2024-06-18,16.92,18.860384,17.37403
2024-06-19,17.32,19.100145,17.366037
2024-06-20,17.56,19.14882,17.379625
2024-06-21,17.32,18.784882,17.085897
2024-06-24,17.47,18.694803,17.048
2024-06-25,17.35,18.478249,16.896416
2024-06-26,17.26,18.764292,17.11137
2024-06-27,16.9,18.640299,16.980444
2024-06-28,17.57,18.878674,17.11986
2024-07-01,18.04,19.050562,17.187561
2024-07-02,17.84,18.911982,17.064837
2024-07-03,17.89,19.14562,17.21602
2024-07-04,18.17,18.988434,17.155264
2024-07-05,18.64,19.195574,17.205057
2024-07-08,18.45,18.989487,17.070501
2024-07-09,18.82,19.074032,17.242298
2024-07-10,18.38,19.126007,17.267311
2024-07-11,18.87,18.750658,17.236574
2024-07-12,18.48,18.901958,17.352516
2024-07-15,18.82,18.825127,17.331944
2024-07-16,19.21,18.623228,17.223248
2024-07-17,18.47,18.352674,17.170689
2024-07-18,18.45,18.104433,16.944946
2024-07-19,17.94,18.037453,16.945337
2024-07-22,17.6,17.936775,16.978268
2024-07-23,16.52,17.77227,16.830599
2024-07-24,16.53,17.567625,16.628323
2024-07-25,15.43,17.513334,16.6475
2024-07-26,15.85,17.59008,16.832264
2024-07-29,16.11,17.548353,16.842669
2024-07-30,15.91,17.640793,16.966892
2024-07-31,16.58,17.889406,17.203434
2024-08-01,16.63,17.581532,17.000042
2024-08-02,15.96,17.08694,17.009253
2024-08-05,15.63,16.472153,16.66464
2024-08-06,15.35,16.746609,16.79731
2024-08-07,15.48,16.630419,16.620852
2024-08-08,15.21,16.595762,16.40402
2024-08-09,15.34,16.564915,16.344122
2024-08-12,15.36,16.6217,16.199223
2024-08-13,15.54,16.460497,16.273363
2024-08-14,15.4,16.38371,16.264372
2024-08-15,15.58,16.967373,16.531008
2024-08-16,15.87,16.919405,16.659018
2024-08-19,16.22,16.937046,16.825796
2024-08-20,16.05,16.746315,16.886723
2024-08-21,16.16,16.69019,16.93638
2024-08-22,16.17,16.706593,16.829556
2024-08-23,16.06,16.680294,16.922527
2024-08-26,16.21,16.771557,16.887775
2024-08-27,16.07,16.666126,16.788006
2024-08-28,15.82,16.58348,16.731403
2024-08-29,15.93,16.778444,16.730455
2024-08-30,16.0,16.943703,16.887545
2024-09-01,15.61,16.996765,17.04413
2024-09-02,15.61,16.889702,16.973438
2024-09-03,15.49,16.578785,16.835915
2024-09-04,14.68,16.361574,16.898817
2024-09-05,14.68,16.475521,17.063522
2024-09-06,14.76,16.212833,16.915163
2024-09-09,14.15,16.48158,17.04428
2024-09-10,14.22,16.391968,17.13357
2024-09-11,14.2,16.55984,17.256935
2024-09-12,14.2,16.670649,17.180147
2024-09-13,14.68,16.802155,17.364138
2024-09-14,15.04,16.868608,17.548552
2024-09-16,15.04,16.874249,17.559319
2024-09-17,15.04,16.91685,17.524235
2024-09-18,15.04,16.981236,17.593355
2024-09-19,15.4,17.210499,17.682535
2024-09-20,15.88,17.285057,17.717299
2024-09-23,15.82,17.42638,17.839985
2024-09-24,16.51,17.917093,18.36632
2024-09-25,16.92,18.278198,18.591486
2024-09-26,17.37,18.88367,19.299805
2024-09-27,17.51,18.818377,19.416473
2024-09-29,18.14,19.21438,19.86622
2024-09-30,18.14,19.474718,20.247276
2024-10-01,17.96,19.870111,20.63408
2024-10-02,17.96,20.243587,20.816566
2024-10-03,17.96,20.052193,20.438633
2024-10-04,17.96,20.376997,20.421406
2024-10-07,17.96,20.37757,20.271465
2024-10-08,17.96,20.122108,20.250978
2024-10-09,16.93,19.55713,19.410511
2024-10-10,17.35,19.806952,19.541874
2024-10-11,17.24,19.805859,19.357748
2024-10-12,17.67,19.726645,19.436403
2024-10-14,17.67,19.745348,19.466171
2024-10-15,17.13,19.487072,19.42159
2024-10-16,17.45,19.6013,19.398575
2024-10-17,17.14,19.625338,19.292032
2024-10-18,17.63,20.008404,19.879875
2024-10-21,18.22,20.25634,19.917412
2024-10-22,18.05,20.33116,19.826878
2024-10-23,17.85,20.300467,19.769104
2024-10-24,17.49,20.151537,19.68358
2024-10-25,17.23,20.397682,19.815613
2024-10-28,17.2,20.508018,20.074078
2024-10-29,17.22,20.483843,20.04873
2024-10-30,17.13,20.382673,19.885567
2024-10-31,16.82,20.298767,19.872267
2024-11-01,17.25,20.562176,19.938093
2024-11-04,17.35,20.674456,20.178202
2024-11-05,17.7,20.840034,20.497368
2024-11-06,17.31,20.594702,19.9394
2024-11-07,17.09,21.153288,20.682959
2024-11-08,17.09,20.861721,20.429756
2024-11-11,16.51,20.946003,20.556004
2024-11-12,15.98,20.728888,20.27847
2024-11-13,16.0,20.651451,20.135025
2024-11-14,15.61,20.511818,19.874495
2024-11-15,15.62,20.237911,19.542671
2024-11-18,15.71,20.259352,19.502659
2024-11-19,16.21,20.410791,19.711725
2024-11-20,16.03,20.641447,19.797411
2024-11-21,16.16,20.735756,19.798931
2024-11-22,15.76,20.53173,19.366108
2024-11-25,15.55,20.129742,19.35408
2024-11-26,15.54,20.04327,19.231907
2024-11-27,15.68,20.094833,19.560936
2024-11-28,15.53,20.053928,19.669464
2024-11-29,15.7,20.074642,19.690428
2024-12-02,15.56,20.396818,19.984253
2024-12-03,15.61,20.602493,20.010641
2024-12-04,15.8,20.579773,20.026518
2024-12-05,15.48,20.373308,20.066053
2024-12-06,15.69,20.526157,20.195446
2024-12-09,15.88,21.000048,20.539623
2024-12-10,16.06,21.365438,20.920519
2024-12-11,16.12,21.583094,21.004759
2024-12-12,16.24,21.669794,21.105944
2024-12-13,15.57,21.480593,20.82002
2024-12-16,15.35,21.50724,20.954018
2024-12-17,15.45,21.406378,20.915222
2024-12-18,15.49,21.744947,20.856077
2024-12-19,15.32,21.66772,20.803915
2024-12-20,15.02,21.638073,21.001713
2024-12-23,15.51,21.750433,21.030912
2024-12-24,15.63,21.924883,21.092468
2024-12-25,15.52,21.921362,21.067211
2024-12-26,15.62,21.983599,21.154278
2024-12-27,15.3,21.97854,21.193407
2024-12-30,15.54,21.843374,21.065714
2024-12-31,15.12,21.761341,20.87893
2025-01-01,15.18,21.950409,20.736712
2025-01-02,15.18,21.950409,20.737938
2025-01-03,15.57,21.897938,20.675343
2025-01-06,15.49,22.00765,20.847864
2025-01-07,16.02,22.296232,20.987186
2025-01-08,15.85,22.635246,21.148022
2025-01-09,15.92,22.75981,21.114407
2025-01-10,16.15,22.90587,20.989351
2025-01-13,16.4,22.866335,20.750946
2025-01-14,16.41,22.992756,21.134827
2025-01-15,15.78,22.961145,21.09935
2025-01-16,16.17,23.10271,21.271608
2025-01-17,16.27,22.93032,21.051071
2025-01-20,16.29,22.545605,21.056273
2025-01-21,16.25,22.630875,21.207605
2025-01-22,16.2,22.515863,21.055952
2025-01-23,15.88,22.564598,21.150906
2025-01-24,16.02,22.469664,21.241795
2025-01-26,16.24,21.967709,20.99009
2025-01-27,16.24,22.028982,21.075392
2025-01-28,16.47,22.469877,21.225883
2025-01-29,16.47,22.629528,21.366138
2025-01-30,16.47,22.679045,21.428087
2025-01-31,16.47,22.81228,21.4222
2025-02-03,16.47,23.005327,21.501757
2025-02-04,16.47,22.873762,21.590597
2025-02-05,16.47,22.978172,21.89231
2025-02-06,16.31,23.236269,22.198627
2025-02-07,16.62,23.86488,22.639956
2025-02-08,16.87,24.401161,22.913713
2025-02-10,16.87,24.32813,22.80979
2025-02-11,17.28,23.905006,22.4579
2025-02-12,16.98,24.414576,22.971224
2025-02-13,17.01,24.34787,23.060804
2025-02-14,17.16,23.7107,22.801945
2025-02-17,16.5,23.762749,22.539478
2025-02-18,16.41,23.73239,22.471659
2025-02-19,16.35,23.798677,22.639256
2025-02-20,16.44,23.6755,22.648838
2025-02-21,16.19,23.536953,22.655872
2025-02-24,16.08,23.24509,22.360764
2025-02-25,15.78,22.828098,22.257376
2025-02-26,15.86,23.051617,22.461704
2025-02-27,15.75,23.30367,22.338457
2025-02-28,15.35,22.977283,22.015234
2025-03-03,15.64,23.03681,22.409792
2025-03-04,15.93,22.728569,22.352577
2025-03-05,16.01,23.592518,23.070875
2025-03-06,16.3,23.255587,23.161535
2025-03-07,16.43,22.732588,22.608646
2025-03-10,16.65,22.439325,22.464685
2025-03-11,16.48,22.572554,22.492413
2025-03-12,16.69,23.058643,22.834341
2025-03-13,16.96,23.287506,22.98819
2025-03-14,17.48,23.451777,23.226162
2025-03-17,17.21,23.393488,23.133469
2025-03-18,17.76,23.621395,23.36764
2025-03-19,18.05,23.908125,23.586483
2025-03-20,18.17,24.067247,23.618557
2025-03-21,17.57,23.945122,23.366003
2025-03-24,18.05,24.04412,23.328518
2025-03-25,18.4,24.336826,23.605637
2025-03-26,18.2,24.59793,23.683315
2025-03-27,17.86,24.211866,23.47346
2025-03-28,18.16,24.154146,23.448212
2025-03-31,18.12,23.81423,23.013685
2025-04-01,17.93,23.750786,22.97177
2025-04-02,17.5,23.789185,23.129942
2025-04-03,17.11,22.674795,23.042608
2025-04-04,15.41,21.013569,21.63389
2025-04-07,15.41,20.630253,21.372875
2025-04-08,15.95,20.636395,21.440151
2025-04-09,15.92,21.099773,21.673698
2025-04-10,16.75,21.451357,22.453619
2025-04-11,17.15,21.955933,22.937262
2025-04-14,17.63,22.093582,23.130772
2025-04-15,17.65,22.226797,23.154009
2025-04-16,17.74,22.34247,23.383837
2025-04-17,17.82,22.48208,23.378185
2025-04-18,17.62,22.681425,23.726025
2025-04-21,18.6,22.637592,23.667927
2025-04-22,18.5,23.250216,24.016949
2025-04-23,17.79,23.13531,23.827396
2025-04-24,17.67,23.040758,23.902761
2025-04-25,17.65,22.940916,23.864468
2025-04-27,17.66,22.749653,23.857092
2025-04-28,17.66,22.781437,23.903233
2025-04-29,17.63,22.886934,24.105146
2025-04-30,17.46,22.106544,23.552454
2025-05-01,17.76,22.743546,23.925398
2025-05-02,17.76,22.935068,24.113556
2025-05-05,17.76,22.99588,24.138622
2025-05-06,17.76,23.018877,24.287127
2025-05-07,18.05,22.686224,24.115265
2025-05-08,17.76,22.780619,23.915197
2025-05-09,17.65,22.856659,23.897207
2025-05-12,17.71,22.94169,23.574808
2025-05-13,17.76,23.164328,23.829958
2025-05-14,17.9,22.973406,23.762287
2025-05-15,17.49,22.941595,23.818485
2025-05-16,17.42,22.585236,23.463753
2025-05-19,17.42,22.719667,23.594915
2025-05-20,17.46,22.713406,23.61071
2025-05-21,18.49,22.837032,23.819475
2025-05-22,18.58,22.850637,23.79582
2025-05-23,18.59,23.140287,24.089222
2025-05-25,18.56,22.87743,23.987183
2025-05-26,18.56,22.820923,23.948067
2025-05-27,17.88,22.587717,23.666597
2025-05-28,17.98,22.591948,23.57548
2025-05-29,17.82,22.577778,23.787342
2025-05-30,17.73,22.52192,23.764631
2025-06-02,18.06,23.053911,24.116674
2025-06-03,18.06,23.095533,24.00348
2025-06-04,18.09,23.13808,24.225773
2025-06-05,17.88,23.271349,24.312393
2025-06-06,18.14,23.235159,24.151848
2025-06-09,17.97,23.412807,24.317152
2025-06-10,18.27,23.278902,24.197325
2025-06-11,18.66,22.876263,23.931372
2025-06-12,19.46,22.805586,24.029129
2025-06-13,19.15,22.817904,23.672207
2025-06-16,18.82,22.877075,23.797663
2025-06-17,18.87,22.828676,23.472792
2025-06-18,18.78,22.983883,23.588701
2025-06-19,18.37,22.652544,23.229313
2025-06-20,18.41,22.75103,23.390423
2025-06-23,18.51,22.779259,23.715422
2025-06-24,18.54,22.733662,24.13063
2025-06-25,18.99,22.929201,24.401262
2025-06-26,18.98,23.314049,24.770262
2025-06-27,19.78,23.362635,24.70716
2025-06-30,19.5,23.153662,24.763693
2025-07-01,19.9,23.321238,24.917465
2025-07-02,20.17,23.61761,24.950195
2025-07-03,20.29,23.62711,24.926544
2025-07-04,20.05,23.513718,24.743374
2025-07-07,19.8,23.355896,24.567598
2025-07-08,19.82,25.412527,25.978031
2025-07-09,18.9,24.694162,25.54751
2025-07-10,18.84,25.106308,25.862518
2025-07-11,18.89,25.334066,25.867353
2025-07-14,19.08,25.22279,25.805534
2025-07-15,19.12,25.553677,25.991203
2025-07-16,19.14,25.310535,25.887608
2025-07-17,19.07,25.3752,25.83648
2025-07-18,19.47,25.617632,26.092209
2025-07-21,19.79,25.631176,26.174816
2025-07-22,20.25,25.94587,26.567879
2025-07-23,20.21,26.161646,26.719608
2025-07-24,20.12,26.09447,26.571424
2025-07-25,19.85,26.004705,26.54116
2025-07-28,19.8,25.609936,26.128286
2025-07-29,19.59,25.555159,25.917364
2025-07-30,19.82,25.74816,25.886292
2025-07-31,19.15,21.905046,23.094671
2025-08-01,19.26,21.762972,23.437592
2025-08-04,19.88,21.87289,23.574583
2025-08-05,19.87,21.794168,23.577898
2025-08-06,20.16,21.795616,23.78484
2025-08-07,20.3,21.895437,23.874346
2025-08-08,20.54,22.163622,24.059593
2025-08-11,20.25,21.966831,23.854124
2025-08-12,20.3,22.168938,24.107225
2025-08-13,21.02,22.063847,24.183928
2025-08-14,21.17,22.048052,23.957092
2025-08-15,21.29,22.099483,24.121656
2025-08-18,20.8,22.278572,24.137177
2025-08-19,20.33,22.10632,24.097122
2025-08-20,20.56,22.252941,24.211288
2025-08-21,20.6,22.439125,24.261887
2025-08-22,20.66,22.38547,24.513546
2025-08-25,22.21,22.82933,24.929688
2025-08-26,22.39,22.73178,24.902298
2025-08-27,22.53,22.380747,24.457352
2025-08-28,22.52,22.525396,24.624989
2025-08-29,23.08,22.891546,24.97613
2025-08-31,24.38,23.237978,25.127197
2025-09-01,24.38,23.228771,25.122347
2025-09-02,24.41,23.418667,25.221064
2025-09-03,24.94,23.338505,25.225878
2025-09-04,23.87,22.82658,24.773947
2025-09-05,25.27,22.932875,25.123768
2025-09-08,24.64,22.862255,25.085186
2025-09-09,25.19,22.84002,24.820148
2025-09-10,25.18,22.90315,24.830019
2025-09-11,25.71,23.238043,25.305565
2025-09-12,25.65,23.258894,25.26751
2025-09-15,25.5,23.491056,25.463017
2025-09-16,25.32,23.274313,25.3799
2025-09-17,25.07,23.260284,25.439201
2025-09-18,24.42,23.117552,25.231678
2025-09-19,25.02,23.317165,25.294443
2025-09-22,25.37,23.4127,25.452906
2025-09-23,25.82,23.410086,25.371021
2025-09-24,25.93,24.082142,25.681192
2025-09-25,27.27,24.166056,25.674532
2025-09-26,27.4,24.10706,25.596895
2025-09-28,28.77,24.777243,26.261297
2025-09-29,28.77,24.757933,26.23035
2025-09-30,29.44,24.804594,26.397696
2025-10-01,32.38,25.30779,26.922451
2025-10-02,32.38,25.589363,27.137222
2025-10-03,32.38,26.122576,27.457863
2025-10-06,32.38,25.975986,27.267855
2025-10-07,32.38,26.241291,27.377523
2025-10-08,32.38,26.267347,27.346216
2025-10-09,32.38,26.526423,27.423042
2025-10-10,30.87,25.419525,26.797718
2025-10-11,31.3,26.5899,27.522831
2025-10-13,31.3,26.550585,27.461298
2025-10-14,29.5,25.989124,27.083939
2025-10-15,30.98,26.161654,27.319784
2025-10-16,30.47,26.205719,27.463333
2025-10-17,30.17,25.731983,27.047022
2025-10-20,29.75,26.278988,27.364777
2025-10-21,30.05,25.814398,27.168558
2025-10-22,29.45,25.749538,27.076042
2025-10-23,29.7,26.22859,27.181017
2025-10-24,30.03,26.412483,27.377209
2025-10-27,31.0,26.393051,27.508863
2025-10-28,29.84,26.32601,27.572556
2025-10-29,30.96,26.987022,27.933964
2025-10-30,31.11,26.57623,27.595108
2025-10-31,30.5,26.429203,27.41306
2025-11-03,30.0,26.440102,27.407772
2025-11-04,28.78,25.869066,26.971308
2025-11-05,29.01,26.199703,27.252773
2025-11-06,29.7,26.118713,27.341778
2025-11-07,30.17,26.05041,27.281033
2025-11-10,30.17,26.85273,27.816526
2025-11-11,29.62,26.507286,27.548594
2025-11-12,29.49,26.88027,27.851608
2025-11-13,30.72,26.937202,27.988249
2025-11-14,30.02,26.439634,27.515574
2025-11-17,28.98,26.512325,27.519619
2025-11-18,28.39,26.213808,27.219563
2025-11-19,29.34,26.610828,27.424547
2025-11-20,28.97,26.300886,27.22394
2025-11-21,28.14,26.207247,27.032795
2025-11-24,28.0,25.919907,26.765436
2025-11-25,28.51,26.10368,27.039452
2025-11-26,28.43,26.582397,27.309334
2025-11-27,28.6,26.621311,27.374989
2025-11-28,28.58,27.014366,27.656046
2025-12-01,30.06,27.350595,27.93635
2025-12-02,29.74,26.976192,27.698921
2025-12-03,29.97,27.28159,27.890272
2025-12-04,30.69,27.313843,27.84434
2025-12-05,31.32,27.79799,28.231144
2025-12-08,31.5,27.86365,28.360016
2025-12-09,30.4,27.48268,28.127197
2025-12-10,30.75,27.424667,28.13263
2025-12-11,30.96,27.983328,28.529696
2025-12-12,31.7,27.65618,28.362368
2025-12-15,31.41,27.709255,28.389776
2025-12-16,30.32,27.403673,28.20913
2025-12-17,30.87,28.017271,28.659399
2025-12-18,30.97,27.909008,28.548302
2025-12-19,31.12,28.324444,28.78239
2025-12-22,32.53,28.498455,28.930902
2025-12-23,32.09,28.644903,29.020838
2025-12-24,32.31,28.757454,29.121992
2025-12-25,32.03,29.344896,29.53815
2025-12-26,33.53,29.86843,29.854021
2025-12-29,32.65,28.319223,28.871807
2025-12-30,33.42,29.374815,29.527096
2025-12-31,34.47,29.016712,29.357954
