date,open,high,low,close,volume,amount,outstanding_share,turnover,volume_mean_5,volume_growth_5,volume_mean_10,volume_growth_10,Volume_source_date
2008-04-25,9.98,22.0,9.61,13.92,971534170.0,10346791205.0,1050000000.0,0.925270638095238,,,,,2008-04-25
2008-04-28,12.53,12.53,12.53,12.53,9192800.0,115185784.0,1050000000.0,0.0087550476190476,,,,,2008-04-28
2008-04-29,11.28,11.28,11.28,11.28,7794300.0,87919704.0,1050000000.0,0.0074231428571428,,,,,2008-04-29
2008-04-30,10.31,11.2,10.15,10.51,592765501.0,6251440391.0,1050000000.0,0.5645385723809524,,,,,2008-04-30
2008-05-05,10.8,11.56,10.51,11.56,370013739.0,4129913484.0,1050000000.0,0.3523940371428571,,,,,2008-05-05
2008-05-06,11.54,12.15,11.36,11.45,391083955.0,4591564612.0,1050000000.0,0.3724609095238095,390260102.0,0.0021110356805063013,,,2008-05-06
2008-05-07,11.24,11.39,10.76,11.02,196600686.0,2172779265.0,1050000000.0,0.1872387485714285,274170059.0,-0.2829243035615352,,,2008-05-07
2008-05-08,10.9,11.36,10.6,11.29,154438117.0,1701251175.0,1050000000.0,0.1470839209523809,311651636.2,-0.5044527316362601,,,2008-05-08
2008-05-09,11.3,11.3,10.31,10.74,154082204.0,1664663294.0,1050000000.0,0.1467449561904762,340980399.6,-0.5481200556373564,,,2008-05-09
2008-05-12,10.35,11.05,10.03,10.72,129083972.0,1359626561.0,1050000000.0,0.1229371161904761,253243740.2,-0.4902777383636193,,,2008-05-12
2008-05-13,10.21,10.65,10.21,10.35,106678474.0,1105896215.0,1050000000.0,0.1015985466666666,205057786.8,-0.47976384771943714,297658944.4,-0.6416083708989999,2008-05-13
2008-05-14,10.22,10.85,10.22,10.62,116870457.0,1243837745.0,1050000000.0,0.1113051971428571,148176690.6,-0.21127637196669846,211173374.8,-0.4465663244209327,2008-05-14
2008-05-15,10.6,10.86,10.36,10.39,88626289.0,937747660.0,1050000000.0,0.0844059895238095,132230644.8,-0.32975983642787166,221941140.5,-0.6006766082199168,2008-05-15
2008-05-16,10.4,10.55,10.22,10.35,58337528.0,602078233.0,1050000000.0,0.0555595504761904,119068279.2,-0.5100497933457999,230024339.4,-0.7463854122908526,2008-05-16
2008-05-19,10.55,10.67,10.35,10.47,54139687.0,570482750.0,1050000000.0,0.0515616066666666,99919344.0,-0.45816610845643657,176581542.1,-0.6934012108165862,2008-05-19
2008-05-20,10.5,10.65,9.87,9.89,64148836.0,655744239.0,1050000000.0,0.0610941295238095,84930487.0,-0.24469011934430562,144994136.9,-0.557576345005989,2008-05-20
2008-05-21,9.8,10.02,9.32,9.81,83386803.0,803971045.0,1050000000.0,0.0794160028571428,76424559.4,0.09109955823965143,112300625.0,-0.25746804169611703,2008-05-21
2008-05-22,9.9,10.09,9.7,10.06,71685550.0,712827546.0,1050000000.0,0.0682719523809523,69727828.6,0.02807661502311576,100979236.7,-0.29009613914025556,2008-05-22
2008-05-23,9.89,9.96,9.42,9.58,52704624.0,507346223.0,1050000000.0,0.05019488,66339680.8,-0.20553395246363615,92703980.0,-0.43147398849542384,2008-05-23
2008-05-26,9.54,9.54,9.05,9.08,49058069.0,451854459.0,1050000000.0,0.0467219704761904,65213100.0,-0.24772677575517799,82566222.0,-0.40583367130447123,2008-05-26
2008-05-27,9.01,9.33,9.01,9.19,37720257.0,346679869.0,1050000000.0,0.0359240542857142,64196776.4,-0.41242755298223976,74563631.7,-0.49411990617940893,2008-05-27
2008-05-28,9.1,9.27,8.92,9.17,63064546.0,573899126.0,1050000000.0,0.0600614723809523,58911060.6,0.07050433921401855,67667810.0,-0.06802738259151586,2008-05-28
2008-05-29,9.1,9.15,8.74,8.77,56792382.0,508495911.0,1050000000.0,0.0540879828571428,54846609.2,0.03547662888155356,62287218.9,-0.08821772744135148,2008-05-29
2008-05-30,8.65,8.69,8.42,8.66,61315346.0,522894841.0,1050000000.0,0.0583955676190476,51867975.6,0.18214264757231047,59103828.2,0.037417505216692515,2008-05-30
2008-06-02,8.66,9.53,8.57,9.53,98566456.0,902573523.0,1050000000.0,0.0938728152380952,53590120.0,0.8392654466905467,59401610.0,0.6593229712123965,2008-06-02
2008-06-03,9.63,9.99,9.32,9.44,178418368.0,1733892922.0,1050000000.0,0.1699222552380952,63491797.4,1.810101072993092,63844286.9,1.7945862764425362,2008-06-03
2008-06-04,9.2,9.47,9.0,9.13,54529811.0,500209766.0,1050000000.0,0.0519331533333333,91631419.6,-0.4049005107850583,75271240.1,-0.2755558307853625,2008-06-04
2008-06-05,9.03,9.5,8.95,9.26,52422013.0,486263072.0,1050000000.0,0.0499257266666666,89924472.6,-0.41704397607998867,72385540.9,-0.27579441490365386,2008-06-05
2008-06-06,9.19,9.38,9.1,9.18,28315379.0,261547345.0,1050000000.0,0.0269670276190476,89050398.8,-0.682029733930849,70459187.2,-0.598130774349892,2008-06-06
2008-06-10,8.86,8.92,8.26,8.27,54706252.0,464216519.0,1050000000.0,0.0521011923809523,82450405.4,-0.33649505136332547,68020262.7,-0.195735949429081,2008-06-10
2008-06-11,8.15,8.23,7.9,8.05,38404324.0,309646045.0,1050000000.0,0.0365755466666666,73678364.6,-0.47875710585465403,68585081.0,-0.44004842685831336,2008-06-11
2008-06-12,8.06,8.32,7.86,8.3,50883559.0,412759709.0,1050000000.0,0.0484605323809523,45675555.8,0.11402167108385797,68653487.7,-0.25883504677359603,2008-06-12
2008-06-13,8.2,8.25,7.8,7.83,31425734.0,251856600.0,1050000000.0,0.0299292704761904,44946305.4,-0.30081607997973514,67435389.0,-0.5339875032084416,2008-06-13
2008-06-16,7.84,7.98,7.47,7.57,29941928.0,229114014.0,1050000000.0,0.0285161219047619,40747049.6,-0.26517555764331957,64898724.2,-0.5386361077341486,2008-06-16
2008-06-17,7.56,8.23,7.43,7.77,55797982.0,434202002.0,1050000000.0,0.0531409352380952,41072359.4,0.3585287725155619,61761382.4,-0.09655548772172562,2008-06-17
2008-06-18,7.62,8.3,7.51,8.19,71591727.0,573810089.0,1050000000.0,0.0681825971428571,41290705.4,0.7338460630900241,57484535.0,0.24540847377472907,2008-06-18
2008-06-19,8.05,8.09,7.37,7.37,56694826.0,439046194.0,1050000000.0,0.0539950723809523,47928186.0,0.18291199253816948,46801870.9,0.2113794792763295,2008-06-19
2008-06-23,7.46,7.95,7.39,7.65,53056376.0,406176872.0,1050000000.0,0.0505298819047619,49090439.4,0.08078837037258224,47018372.4,0.12841796284722107,2008-06-23
2008-06-24,7.45,7.85,7.39,7.76,41538644.0,319004146.0,1050000000.0,0.0395606133333333,53416567.8,-0.22236403964539253,47081808.7,-0.11773474411997265,2008-06-24
2008-06-25,7.68,8.3,7.65,8.1,62818461.0,505408303.0,1050000000.0,0.0598271057142857,55735911.0,0.1270733692681547,48404135.2,0.29779120607034404,2008-06-25
2008-06-26,8.04,8.46,7.96,8.21,66903537.0,546831568.0,1050000000.0,0.0637176542857142,57140006.8,0.1708703016815183,49215356.1,0.359403696359722,2008-06-26
2008-06-27,7.94,8.7,7.9,7.99,86551540.0,713975964.0,1050000000.0,0.082430038095238,56202368.8,0.539998079226867,52065277.4,0.6623658668915495,2008-06-27
2008-06-30,8.05,8.15,7.6,7.8,35694790.0,280714472.0,1050000000.0,0.033995038095238,62173711.6,-0.42588613287806354,55632075.5,-0.35837752449124427,2008-06-30
2008-07-01,7.85,7.95,7.56,7.64,21840914.0,167542907.0,1050000000.0,0.0208008704761904,58701394.4,-0.6279319388706037,56058981.1,-0.61039402480328,2008-07-01
2008-07-02,7.75,8.04,7.65,7.88,36262453.0,285625951.0,1050000000.0,0.0345356695238095,54761848.4,-0.3378153941202613,55248879.7,-0.343652700346067,2008-07-02
2008-07-03,7.9,8.4,7.8,8.26,75097467.0,614418024.0,1050000000.0,0.0715213971428571,49450646.8,0.5186346763820286,53295326.8,0.4090816495377978,2008-07-03
2008-07-04,8.06,8.19,7.87,7.99,47182069.0,378714001.0,1050000000.0,0.0449353038095238,51089432.8,-0.07648086083273165,53645900.8,-0.1204906936710437,2008-07-04
2008-07-07,7.97,8.35,7.85,8.28,58962179.0,482388187.0,1050000000.0,0.0561544561904761,43215538.6,0.36437450301730134,52694625.1,0.11894104736689726,2008-07-07
2008-07-08,8.3,8.48,8.18,8.34,58064688.0,485352436.0,1050000000.0,0.0552997028571428,47869016.4,0.21299104027547977,53285205.4,0.08969624052532987,2008-07-08
2008-07-09,8.34,9.16,8.2,8.96,120181425.0,1044341712.0,1050000000.0,0.1144585,55113771.2,1.180606087793898,54937809.8,1.1875903942570352,2008-07-09
2008-07-10,8.7,9.08,8.61,8.62,89252375.0,785129501.0,1050000000.0,0.0850022619047619,71897565.6,0.24138243423362882,60674106.2,0.4710126047147274,2008-07-10
2008-07-11,8.75,9.0,8.61,8.81,60290602.0,529974763.0,1050000000.0,0.0574196209523809,74728547.2,-0.1932052172961286,62908990.0,-0.041621841329832154,2008-07-11
2008-07-14,8.93,9.18,8.92,9.08,65260227.0,590752173.0,1050000000.0,0.0621525971428571,77350253.8,-0.1563023546278267,60282896.2,0.08256621884069326,2008-07-14
2008-07-15,9.21,9.29,8.62,8.67,61598254.0,547917825.0,1050000000.0,0.0586650038095238,78609863.4,-0.21640553315094557,63239439.9,-0.02595193604806101,2008-07-15
2008-07-16,8.41,8.58,7.97,8.24,46316303.0,383966956.0,1050000000.0,0.0441107647619047,79316576.6,-0.41605771472491915,67215173.9,-0.3109248951894775,2008-07-16
2008-07-17,8.3,8.39,8.03,8.08,30368503.0,249025233.0,1050000000.0,0.0289223838095238,64543552.2,-0.5294881988227478,68220558.9,-0.5548482233264143,2008-07-17
2008-07-18,8.09,8.25,7.89,8.21,29447677.0,238005065.0,1050000000.0,0.0280454066666666,52766777.8,-0.4419277009558086,63747662.5,-0.5380587170549195,2008-07-18
2008-07-21,8.18,8.38,7.86,8.32,53345923.0,435211800.0,1050000000.0,0.0508056409523809,46598192.8,0.14480669301836113,61974223.3,-0.1392240167050225,2008-07-21
2008-07-22,8.28,8.59,8.18,8.34,41239349.0,346771561.0,1050000000.0,0.0392755704761904,44215332.0,-0.06730658496469055,61412597.7,-0.32848714197934026,2008-07-22
2008-07-23,8.22,8.32,8.04,8.13,42343375.0,345355576.0,1050000000.0,0.0403270238095238,40143551.0,0.0547989389379131,59730063.8,-0.29108773193709525,2008-07-23
2008-07-24,8.0,8.23,7.95,8.15,41864075.0,339893745.0,1050000000.0,0.0398705476190476,39348965.4,0.06391806174400716,51946258.8,-0.19408873772445756,2008-07-24
2008-07-25,7.98,8.05,7.56,7.88,209528280.0,1634435261.0,1400000000.0,0.1496630571428571,41648079.8,4.0309229382527265,47207428.8,3.438459906123928,2008-07-25
2008-07-28,7.85,7.93,7.78,7.85,77085306.0,605526789.0,1400000000.0,0.0550609328571428,77664200.4,-0.007453812657807313,62131196.6,0.24068600346255042,2008-07-28
2008-07-29,7.87,7.94,7.66,7.74,66235342.0,516973774.0,1400000000.0,0.0473109585714285,82412077.0,-0.1962908300442422,63313704.5,0.04614542022256818,2008-07-29
2008-07-30,7.78,7.82,7.6,7.69,58670094.0,450182164.0,1400000000.0,0.04190721,87411275.6,-0.3288040519111244,63777413.3,-0.08008037698198711,2008-07-30
2008-07-31,7.71,7.72,7.48,7.52,41070455.0,310681343.0,1400000000.0,0.0293360392857142,90676619.4,-0.5470667601884593,65012792.4,-0.368271174274311,2008-07-31
2008-08-01,7.47,7.63,7.36,7.5,53166080.0,396472622.0,1400000000.0,0.0379757714285714,90517895.4,-0.41264564575813156,66082987.6,-0.1954649459583453,2008-08-01
2008-08-04,7.45,7.45,7.19,7.2,41838159.0,305925658.0,1400000000.0,0.0298843992857142,59245455.4,-0.2938165684181744,68454827.9,-0.3888209161650672,2008-08-04
2008-08-05,7.15,7.2,6.59,6.7,65229483.0,447394416.0,1400000000.0,0.0465924878571428,52196026.0,0.24970209417858746,67304051.5,-0.030823827893927014,2008-08-05
2008-08-06,6.61,6.73,6.37,6.52,50944329.0,330554028.0,1400000000.0,0.0363888064285714,51994854.2,-0.02020440707380622,69703064.9,-0.2691235446663982,2008-08-06
2008-08-07,6.52,6.53,6.27,6.47,39148560.0,249975561.0,1400000000.0,0.0279632571428571,50449701.2,-0.2240080898635729,70563160.3,-0.4451983183071805,2008-08-07
2008-08-08,6.45,6.45,6.0,6.02,42316721.0,263605536.0,1400000000.0,0.0302262292857142,50065322.2,-0.15476982588958554,70291608.8,-0.3979833194541992,2008-08-08
2008-08-11,5.98,5.98,5.42,5.43,53986427.0,302428708.0,1400000000.0,0.0385617335714285,47895450.4,0.1271723420310502,53570452.9,0.0077649912868293924,2008-08-11
2008-08-12,5.25,5.47,5.18,5.3,35309251.0,187191367.0,1400000000.0,0.0252208935714285,50325104.0,-0.2983769889477029,51260565.0,-0.31118100239433566,2008-08-12
2008-08-13,5.25,5.53,5.11,5.48,55608595.0,296529332.0,1400000000.0,0.039720425,44341057.6,0.2541107048380371,48167955.9,0.15447280169927247,2008-08-13
2008-08-14,5.47,5.51,5.34,5.42,31146252.0,169030297.0,1400000000.0,0.0222473228571428,45273910.8,-0.31204856285576277,47861806.0,-0.3492462027028399,2008-08-14
2008-08-15,5.34,5.59,5.15,5.34,42276140.0,228023363.0,1400000000.0,0.0301972428571428,43673449.2,-0.031994477779877406,46869385.7,-0.09800097934716478,2008-08-15
2008-08-18,5.28,5.28,4.87,4.88,38493767.0,194534294.0,1400000000.0,0.0274955478571428,43665333.0,-0.11843642644383356,45780391.7,-0.15916475218799853,2008-08-18
2008-08-19,4.82,5.02,4.74,4.96,26110949.0,128256863.0,1400000000.0,0.0186506778571428,40566801.0,-0.3563468561398272,45445952.5,-0.4254505062909618,2008-08-19
2008-08-20,4.95,5.45,4.87,5.39,65591122.0,343730970.0,1400000000.0,0.0468508014285714,38727140.6,0.6936732478514047,41534099.1,0.5792113810408854,2008-08-20
2008-08-21,5.26,5.38,5.08,5.12,45902515.0,239799543.0,1400000000.0,0.0327875107142857,40723646.0,0.12717105437956122,42998778.4,0.06753067663894385,2008-08-21
2008-08-22,5.19,5.25,5.01,5.14,29932226.0,153692982.0,1400000000.0,0.0213801614285714,43674898.6,-0.31465837450164114,43674173.9,-0.3146470024015726,2008-08-22
2008-08-25,5.12,5.12,4.9,5.0,26470564.0,132361983.0,1400000000.0,0.0189075457142857,41206115.8,-0.3576059406210764,42435724.4,-0.37621981539685934,2008-08-25
2008-08-26,4.93,5.0,4.77,4.81,22758326.0,110756405.0,1400000000.0,0.0162559471428571,38801475.2,-0.41346750651377295,39684138.1,-0.4265132849137021,2008-08-26
2008-08-27,4.79,4.9,4.72,4.81,20836864.0,100347390.0,1400000000.0,0.0148834742857142,38130950.6,-0.4535445963940904,38429045.6,-0.4577834636621837,2008-08-27
2008-08-28,4.85,4.92,4.8,4.87,20584411.0,100137738.0,1400000000.0,0.0147031507142857,29180099.0,-0.29457364075426884,34951872.5,-0.4110641425577414,2008-08-28
2008-08-29,4.9,5.07,4.87,5.01,32974868.0,163989260.0,1400000000.0,0.0235534771428571,24116478.2,0.3673168912366318,33895688.4,-0.027166298826372226,2008-08-29
2008-09-01,4.96,4.96,4.81,4.83,17410419.0,84658184.0,1400000000.0,0.0124360135714285,24725006.6,-0.29583763993818313,32965561.2,-0.4718603789460135,2008-09-01
2008-09-02,4.78,4.91,4.73,4.81,14296975.0,68722839.0,1400000000.0,0.010212125,22912977.6,-0.3760315551480311,30857226.4,-0.5366733608954561,2008-09-02
2008-09-03,4.79,4.8,4.57,4.63,33891932.0,157613880.0,1400000000.0,0.0242085228571428,21220707.4,0.5971160320508448,29675829.0,0.14207195357541647,2008-09-03
2008-09-04,4.62,4.71,4.54,4.63,26767873.0,123317330.0,1400000000.0,0.0191199092857142,23831721.0,0.12320352357263675,26505910.0,0.009883192088104176,2008-09-04
2008-09-05,4.5,4.52,4.33,4.33,26058758.0,115406657.0,1400000000.0,0.0186133985714285,25068413.4,0.03950567529734461,24592445.8,0.05962449655983382,2008-09-05
2008-09-08,4.34,4.4,4.08,4.08,24025234.0,101628138.0,1400000000.0,0.0171608814285714,23685191.4,0.01435675964180727,24205099.0,-0.007430872313308856,2008-09-08
2008-09-09,4.1,4.18,4.03,4.12,21667656.0,89055982.0,1400000000.0,0.0154768971428571,25008154.4,-0.13357636659504946,23960566.0,-0.09569515177563004,2008-09-09
2008-09-10,4.02,4.13,3.89,4.01,38038241.0,152383616.0,1400000000.0,0.0271701721428571,26482290.6,0.43636521381575655,23851499.0,0.5947945661612295,2008-09-10
2008-09-11,3.91,3.99,3.8,3.82,26301018.0,102123900.0,1400000000.0,0.0187864414285714,27311552.4,-0.037000254881154215,25571636.7,0.028523058909248444,2008-09-11
2008-09-12,3.82,3.93,3.76,3.85,21806360.0,84292673.0,1400000000.0,0.0155759714285714,27218181.4,-0.19883111661530772,26143297.4,-0.165890986651133,2008-09-12
2008-09-16,3.89,3.97,3.81,3.9,41708444.0,163305872.0,1400000000.0,0.0297917457142857,26367701.8,0.5818005041303977,25026446.6,0.666574750568065,2008-09-16
2008-09-17,3.86,3.91,3.79,3.8,22135043.0,85055190.0,1400000000.0,0.015810745,29904343.8,-0.25980509226221515,27456249.1,-0.19380673888189637,2008-09-17
2008-09-18,4.16,4.18,3.93,4.07,100257024.0,407312202.0,1400000000.0,0.07161216,29997821.2,2.3421435287440144,28240055.9,2.5501708762552417,2008-09-18
2008-09-19,4.4,4.48,4.27,4.48,56610494.0,251579824.0,1400000000.0,0.0404360671428571,42441577.8,0.3338451804682907,34876565.1,0.6231671277742887,2008-09-19
2008-09-22,4.82,4.93,4.48,4.81,162303620.0,770900692.0,1400000000.0,0.1159311571428571,48503473.0,2.3462267743177896,37860827.2,3.286848228186625,2008-09-22
2008-09-23,4.68,4.98,4.62,4.65,109239232.0,524314617.0,1400000000.0,0.0780280228571428,76602925.0,0.42604518038965233,51485313.4,1.121755211069571,2008-09-23
2008-09-24,4.49,4.5,4.3,4.49,59066796.0,260149990.0,1400000000.0,0.0421905685714285,90109082.6,-0.3444967555357177,60006713.2,-0.015663534126045153,2008-09-24
2008-09-25,4.49,4.75,4.43,4.59,65347981.0,301394621.0,1400000000.0,0.0466771292857142,97495433.2,-0.32973290281251866,63746627.2,0.02512060434155794,2008-09-25
2008-09-26,4.57,4.59,4.46,4.51,45637873.0,205564958.0,1400000000.0,0.0325984807142857,90513624.6,-0.4957900183349855,66477601.2,-0.3134849607058324,2008-09-26
2008-10-06,4.35,4.35,4.14,4.15,34765551.0,147910028.0,1400000000.0,0.0248325364285714,88319100.4,-0.606364298973317,68411286.7,-0.49181556615861755,2008-10-06
2008-10-07,4.1,4.35,4.1,4.28,30739418.0,131036000.0,1400000000.0,0.0219567271428571,62811486.6,-0.5106083351321286,69707205.8,-0.5590209412754857,2008-10-07
2008-10-08,4.26,4.39,4.22,4.38,44929300.0,193767914.0,1400000000.0,0.0320923571428571,47111523.8,-0.04632038244536674,68610303.2,-0.3451522890223869,2008-10-08
2008-10-09,4.48,4.48,4.14,4.15,36483998.0,156136439.0,1400000000.0,0.0260599985714285,44284024.6,-0.17613635324373844,70889728.9,-0.48534154995195644,2008-10-09
2008-10-10,4.08,4.15,3.96,3.99,34950805.0,141223918.0,1400000000.0,0.0249648607142857,38511228.0,-0.09245155724455212,64512426.3,-0.4582314291285615,2008-10-10
2008-10-13,3.84,4.0,3.7,4.0,31486802.0,119969604.0,1400000000.0,0.0224905728571428,36373814.4,-0.13435523550700246,62346457.4,-0.4949704712492614,2008-10-13
2008-10-14,4.09,4.13,3.9,3.91,34460844.0,138608952.0,1400000000.0,0.0246148885714285,35718064.6,-0.03519845249397979,49264775.6,-0.3004972908066996,2008-10-14
2008-10-15,3.86,3.87,3.78,3.85,15572767.0,59579604.0,1400000000.0,0.011123405,36462349.8,-0.5729082989599315,41786936.8,-0.6273292997155033,2008-10-15
2008-10-16,3.71,3.78,3.55,3.56,24826469.0,91350398.0,1400000000.0,0.0177331921428571,30591043.2,-0.18843993525529723,37437533.9,-0.3368561864594398,2008-10-16
2008-10-17,3.54,3.63,3.43,3.53,29705152.0,103835777.0,1400000000.0,0.0212179657142857,28259537.4,0.05115492796424914,33385382.7,-0.11023479146758441,2008-10-17
2008-10-20,3.5,3.66,3.39,3.59,36538646.0,126817351.0,1400000000.0,0.0260990328571428,27210406.8,0.34281880710434653,31792110.6,0.14929915977330555,2008-10-20
2008-10-21,3.59,3.71,3.55,3.61,39066778.0,141113785.0,1400000000.0,0.0279048414285714,28220775.6,0.38432687158321754,31969420.1,0.22200458681451019,2008-10-21
2008-10-22,3.5,3.55,3.43,3.45,20545471.0,71538497.0,1400000000.0,0.0146753364285714,29141962.4,-0.29498670274861105,32802156.1,-0.3736548616692913,2008-10-22
2008-10-23,3.34,3.44,3.3,3.41,21430104.0,71771272.0,1400000000.0,0.0153072171428571,30136503.2,-0.28889878637279987,30363773.2,-0.2942213123894628,2008-10-23
2008-10-24,3.38,3.41,3.29,3.32,18571756.0,62237560.0,1400000000.0,0.01326554,29457230.2,-0.36953488586988736,28858383.8,-0.356451971506457,2008-10-24
2008-10-27,3.29,3.38,3.06,3.08,29815860.0,97039592.0,1400000000.0,0.0212970428571428,27230551.0,0.094941486861577,27220478.9,0.09534663624158357,2008-10-27
2008-10-28,3.0,3.18,2.97,3.15,28850892.0,89073936.0,1400000000.0,0.02060778,25885993.8,0.1145367731641811,27053384.7,0.06644297266064458,2008-10-28
2008-10-29,3.19,3.2,3.01,3.02,22850844.0,70996256.0,1400000000.0,0.0163220314285714,23842816.6,-0.04160467350153596,26492389.5,-0.13745628721033265,2008-10-29
2008-10-30,3.07,3.18,3.03,3.12,24500448.0,76005024.0,1400000000.0,0.01750032,24303891.2,0.00808746214268763,27220197.2,-0.09991658693787864,2008-10-30
2008-10-31,3.09,3.16,3.03,3.09,23690772.0,73408568.0,1400000000.0,0.01692198,24917960.0,-0.04924913596458136,27187595.1,-0.12861833079160434,2008-10-31
2008-11-03,3.05,3.12,3.03,3.07,12578597.0,38773896.0,1400000000.0,0.0089847121428571,25941763.2,-0.5151217400673829,26586157.1,-0.5268741942399792,2008-11-03
2008-11-04,3.07,3.09,2.98,3.04,16002335.0,48505676.0,1400000000.0,0.0114302392857142,22494310.6,-0.2886052262477429,24190152.2,-0.33847729159802475,2008-11-04
2008-11-05,3.08,3.19,3.08,3.14,33243596.0,104128904.0,1400000000.0,0.0237454257142857,19924599.2,0.6684699986336489,21883707.9,0.5191025283242792,2008-11-05
2008-11-06,3.06,3.09,3.04,3.08,14114950.0,43253772.0,1400000000.0,0.0100821071428571,22003149.6,-0.3585032026505879,23153520.4,-0.3903756424012307,2008-11-06
2008-11-07,3.03,3.12,3.0,3.1,15296239.0,47057860.0,1400000000.0,0.010925885,19926050.0,-0.23234966287849323,22422005.0,-0.317802355320142,2008-11-07
2008-11-10,3.13,3.38,3.13,3.35,56443464.0,184809936.0,1400000000.0,0.04031676,18247143.4,2.093276726262808,22094453.3,1.5546440653501028,2008-11-10
2008-11-11,3.38,3.54,3.29,3.36,63247612.0,214627392.0,1400000000.0,0.0451768657142857,27020116.8,1.3407601258037491,24757213.7,1.5547144669191915,2008-11-11
2008-11-12,3.3,3.45,3.28,3.39,35168680.0,118240936.0,1400000000.0,0.0251204857142857,36469172.2,-0.03566004166115955,28196885.7,0.2472540540177457,2008-11-12
2008-11-13,3.34,3.59,3.3,3.52,73945488.0,256675008.0,1400000000.0,0.0528182057142857,36854189.0,1.0064337326755446,29428669.3,1.5127024007164334,2008-11-13
2008-11-14,3.57,3.87,3.51,3.87,146812272.0,552260288.0,1400000000.0,0.1048659085714285,48820296.6,2.0071974613935466,34373173.3,3.2711294275527365,2008-11-14
2008-11-17,3.89,4.15,3.87,4.13,154558144.0,622056448.0,1400000000.0,0.1103986742857142,75123503.2,1.0573873344074824,46685323.3,2.3106366856840426,2008-11-17
2008-11-18,4.07,4.07,3.72,3.72,107574080.0,417849312.0,1400000000.0,0.0768386285714285,94746439.2,0.13538915982818267,60883278.0,0.7668904095472653,2008-11-18
2008-11-19,3.64,4.0,3.62,3.96,80182944.0,306822496.0,1400000000.0,0.0572735314285714,103611732.8,-0.2261210016169134,70040452.5,0.14480905159771784,2008-11-19
2008-11-20,3.85,4.36,3.81,4.36,230938176.0,986461824.0,1400000000.0,0.16495584,112614585.6,1.050695074439807,74734387.3,2.0901193459038367,2008-11-20
2008-11-21,4.3,4.4,4.02,4.26,157798240.0,671234560.0,1400000000.0,0.1127130285714285,144013123.2,0.09572125438079526,96416709.9,0.6366275115969291,2008-11-21
2008-11-24,4.48,4.61,4.23,4.28,107764392.0,472838144.0,1400000000.0,0.0769745657142857,146210316.8,-0.26294946650440476,110666910.0,-0.02622751462022388,2008-11-24
2008-11-25,4.41,4.49,4.08,4.27,84879768.0,365848896.0,1400000000.0,0.0606284057142857,136851566.4,-0.3797676545995312,115799002.8,-0.26700778117581503,2008-11-25
2008-11-26,4.15,4.24,4.1,4.17,46747192.0,194642592.0,1400000000.0,0.0333908514285714,132312704.0,-0.6466915829941772,117962218.4,-0.6037104707417066,2008-11-26
2008-11-27,4.44,4.47,4.22,4.23,89769416.0,388714528.0,1400000000.0,0.0641210114285714,125625553.6,-0.2854207330633407,119120069.6,-0.2463955377003909,2008-11-27
2008-11-28,4.19,4.23,4.01,4.06,50715740.0,208424448.0,1400000000.0,0.0362255285714285,97391801.6,-0.4792606855318713,120702462.4,-0.5798284559271758,2008-11-28
2008-12-01,4.11,4.24,3.98,4.23,58598912.0,241900848.0,1400000000.0,0.0418563657142857,75975301.6,-0.22871103153343708,111092809.2,-0.47252290745025105,2008-12-01
2008-12-02,4.05,4.26,4.02,4.17,66394048.0,275748960.0,1400000000.0,0.04742432,66142205.6,0.0038075899906186983,101496886.0,-0.3458513791250699,2008-12-02
2008-12-03,4.19,4.39,4.16,4.35,85547144.0,366265056.0,1400000000.0,0.0611051028571428,62445061.6,0.3699585172640778,97378882.8,-0.12150210045334386,2008-12-03
2008-12-04,4.4,4.6,4.34,4.37,154322336.0,691489024.0,1400000000.0,0.11023024,70205052.0,1.1981656818657438,97915302.8,0.5760798525559991,2008-12-04
2008-12-05,4.31,4.41,4.26,4.4,69175632.0,300608832.0,1400000000.0,0.0494111657142857,83115636.0,-0.16771818963161156,90253718.8,-0.23354258506187997,2008-12-05
2008-12-08,4.48,4.75,4.4,4.73,128528672.0,582798848.0,1400000000.0,0.0918061942857142,86807614.4,0.4806151843748858,81391458.0,0.5791420274102965,2008-12-08
2008-12-09,4.73,4.87,4.6,4.6,133047896.0,629949248.0,1400000000.0,0.0950342114285714,100793566.4,0.3200038529443283,83467886.0,0.5940010269338798,2008-12-09
2008-12-10,4.52,4.78,4.51,4.73,79669408.0,371641664.0,1400000000.0,0.05690672,114124336.0,-0.30190693070056507,88284698.8,-0.09758532245227525,2008-12-10
2008-12-11,4.89,5.01,4.75,4.8,136455712.0,669262912.0,1400000000.0,0.0974683657142857,112948788.8,0.20812018835920454,91576920.4,0.4900666172652819,2008-12-11
2008-12-12,4.88,4.94,4.44,4.57,101695992.0,479920032.0,1400000000.0,0.0726399942857142,109375464.0,-0.07021201756913231,96245550.0,0.05663058707649338,2008-12-12
2008-12-15,4.78,4.78,4.52,4.68,60967768.0,282700256.0,1400000000.0,0.0435484057142857,115879536.0,-0.4738694155627271,101343575.2,-0.39840519855668166,2008-12-15
2008-12-16,4.61,4.8,4.53,4.73,66207300.0,309855936.0,1400000000.0,0.0472909285714285,102367355.2,-0.3532381502809404,101580460.8,-0.348228000950356,2008-12-16
2008-12-17,4.79,4.97,4.75,4.82,86470424.0,420668224.0,1400000000.0,0.0617645885714285,88999236.0,-0.02841386188978068,101561786.0,-0.14859291663106433,2008-12-17
2008-12-18,4.92,5.21,4.85,5.14,151084304.0,761330560.0,1400000000.0,0.10791736,90359439.2,0.6720367604937503,101654114.0,0.4862586279587269,2008-12-18
2008-12-19,5.03,5.16,5.0,5.06,88810368.0,451836192.0,1400000000.0,0.0634359771428571,93285157.6,-0.04796893434202654,101330310.8,-0.12355575248072759,2008-12-19
2008-12-22,5.0,5.13,4.9,4.99,63758852.0,319183232.0,1400000000.0,0.0455420371428571,90708032.8,-0.2970980625213162,103293784.4,-0.3827426076955701,2008-12-22
2008-12-23,5.01,5.05,4.6,4.64,68514712.0,332357856.0,1400000000.0,0.04893908,91266249.6,-0.2492875263278047,96816802.4,-0.2923262253908109,2008-12-23
2008-12-24,4.58,4.68,4.49,4.54,45583984.0,207766224.0,1400000000.0,0.0325599885714285,91727732.0,-0.5030512255552115,90363484.0,-0.4955486222731297,2008-12-24
2008-12-25,4.58,4.66,4.51,4.62,36642740.0,168029408.0,1400000000.0,0.0261733857142857,83550444.0,-0.5614297393799608,86954941.6,-0.578600832502888,2008-12-25
2008-12-26,4.62,4.65,4.52,4.54,20705480.0,94842232.0,1400000000.0,0.0147896285714285,60662131.2,-0.6586753615408751,76973644.4,-0.7310055907915411,2008-12-26
2008-12-29,4.68,4.9,4.6,4.85,65558816.0,312378976.0,1400000000.0,0.0468277257142857,47041153.6,0.3936481353637551,68874593.2,-0.04814224006189849,2008-12-29
2008-12-30,4.81,4.94,4.75,4.77,44703020.0,216340560.0,1400000000.0,0.0319307285714285,47401146.4,-0.05692112121575188,69333698.0,-0.3552482949921407,2008-12-30
2008-12-31,4.79,4.9,4.72,4.8,36205992.0,175228096.0,1400000000.0,0.0258614228571428,42638808.0,-0.1508676321345569,67183270.0,-0.46108619005892393,2008-12-31
2009-01-05,4.89,5.05,4.84,4.99,40235364.0,199991072.0,1400000000.0,0.0287395457142857,40763209.6,-0.012949068662149732,62156826.8,-0.35267988937942374,2009-01-05
2009-01-06,4.9,5.2,4.84,5.17,96125800.0,479797920.0,1400000000.0,0.0686612857142857,41481734.4,1.3173042639220025,51071932.8,0.8821649138761398,2009-01-06
2009-01-07,5.13,5.17,5.04,5.05,61143544.0,311965472.0,1400000000.0,0.04367396,56565798.4,0.08092779965075159,51803476.0,0.1802980942823218,2009-01-07
2009-01-08,4.93,4.93,4.8,4.84,37115276.0,180380256.0,1400000000.0,0.0265109114285714,55682744.0,-0.33345102389350645,51541945.2,-0.2799015276590687,2009-01-08
2009-01-09,4.88,4.99,4.86,4.91,35072440.0,172522000.0,1400000000.0,0.0250517428571428,54165195.2,-0.3524912100750631,48402001.6,-0.27539277631857273,2009-01-09
2009-01-12,4.89,5.12,4.85,4.99,44086632.0,221331392.0,1400000000.0,0.0314904514285714,53938484.8,-0.18264978774487184,47350847.2,-0.068936785570333,2009-01-12
2009-01-13,4.85,4.88,4.68,4.72,64577112.0,308588096.0,1400000000.0,0.0461265085714285,54708738.4,0.18038020778048147,48095236.4,0.3426924750493585,2009-01-13
2009-01-14,4.72,4.89,4.71,4.87,41402728.0,198639440.0,1400000000.0,0.0295733771428571,48399000.8,-0.14455407517421304,52482399.6,-0.21111213824910557,2009-01-14
2009-01-15,4.81,4.87,4.75,4.81,39795656.0,191708400.0,1400000000.0,0.0284254685714285,44450837.6,-0.10472652150878703,50066790.8,-0.20514865514407998,2009-01-15
2009-01-16,4.81,5.0,4.8,4.93,60428848.0,295753664.0,1400000000.0,0.0431634628571428,44986913.6,0.3432539190685888,49576054.4,0.21891200764859575,2009-01-16
2009-01-19,5.06,5.08,4.85,4.88,45678396.0,225953744.0,1400000000.0,0.0326274257142857,50058195.2,-0.08749414920975818,51998340.0,-0.12154126458652337,2009-01-19
2009-01-20,4.86,4.89,4.77,4.85,25667984.0,123546976.0,1400000000.0,0.0183342742857142,50376548.0,-0.4904775134651942,52542643.2,-0.511482817826721,2009-01-20
2009-01-21,4.85,4.95,4.81,4.87,34382360.0,168315632.0,1400000000.0,0.0245588285714285,42594722.4,-0.19280234586057543,45496861.6,-0.24429161065474458,2009-01-21
2009-01-22,4.9,5.04,4.88,5.01,55449112.0,275339680.0,1400000000.0,0.0396065085714285,41190648.8,0.34615777161538674,42820743.2,0.2949124152520546,2009-01-22
2009-01-23,5.0,5.11,4.96,5.03,66211796.0,334967360.0,1400000000.0,0.04729414,44321340.0,0.49390329805010413,44654126.8,0.4827699194870385,2009-01-23
2009-02-02,5.36,5.53,5.3,5.53,93001888.0,508127776.0,1400000000.0,0.06642992,45477929.6,1.044989488703549,47768062.4,0.9469470463595777,2009-02-02
2009-02-03,5.65,6.02,5.51,5.79,179433648.0,1024081792.0,1400000000.0,0.1281668914285714,54942628.0,2.265836646911029,52659588.0,2.4074259753038705,2009-02-03
2009-02-04,5.71,5.93,5.66,5.87,86062496.0,496592000.0,1400000000.0,0.0614732114285714,85695760.8,0.004279502236474775,64145241.6,0.34168168757821005,2009-02-04
2009-02-05,5.87,6.1,5.75,5.82,96743616.0,576006912.0,1400000000.0,0.0691025828571428,96031788.0,0.007412420562241229,68611218.4,0.41002620644323073,2009-02-05
2009-02-06,5.9,6.4,5.9,6.32,117540656.0,731996736.0,1400000000.0,0.0839576114285714,104290688.8,0.1270484196859576,74306014.4,0.5818457893228086,2009-02-06
2009-02-09,6.5,6.95,6.5,6.95,136489632.0,926343552.0,1400000000.0,0.0974925942857142,114556460.8,0.1914616691789417,80017195.2,0.7057537652856893,2009-02-09
2009-02-10,6.96,7.65,6.75,7.64,173295296.0,1260160896.0,1400000000.0,0.1237823542857142,123254009.6,0.4060012859816935,89098318.8,0.9449895164576327,2009-02-10
2009-02-11,7.7,8.3,7.51,7.78,187727712.0,1473459712.0,1400000000.0,0.1340912228571428,122026339.2,0.5384196004791726,103861050.0,0.8074890635132228,2009-02-11
2009-02-12,8.1,8.15,7.7,7.95,152686208.0,1210507648.0,1400000000.0,0.1090615771428571,142359382.4,0.07254053386508641,119195585.2,0.28097200700685,2009-02-12
2009-02-13,7.95,8.03,7.8,7.97,129410432.0,1025324992.0,1400000000.0,0.0924360228571428,153547900.8,-0.15719829886466286,128919294.8,0.003809648515080255,2009-02-13
2009-02-16,7.99,7.99,7.65,7.85,120570336.0,942373184.0,1400000000.0,0.0861216685714285,155921856.0,-0.2267258799176941,135239158.4,-0.10846579181314997,2009-02-16
2009-02-17,7.85,8.61,7.48,8.28,208928352.0,1683646720.0,1400000000.0,0.1492345371428571,152737996.8,0.36788720801135955,137996003.2,0.5140174146724854,2009-02-17
2009-02-18,8.26,8.59,8.1,8.12,150064816.0,1249739264.0,1400000000.0,0.1071891542857142,159864608.0,-0.061300572544487175,140945473.6,0.06470120797125056,2009-02-18
2009-02-19,8.25,8.43,7.71,7.97,120670280.0,966027392.0,1400000000.0,0.0861930571428571,152332028.8,-0.20784695805219922,147345705.6,-0.18103972213765007,2009-02-19
2009-02-20,7.88,8.23,7.75,8.15,98808912.0,789165760.0,1400000000.0,0.0705777942857142,145928843.2,-0.3228966266485144,149738372.0,-0.34012297128487545,2009-02-20
2009-02-23,8.3,8.97,8.16,8.97,203910016.0,1766860032.0,1400000000.0,0.1456500114285714,139808539.2,0.45849471832547417,147865197.6,0.3790264329244708,2009-02-23
2009-02-24,8.94,9.84,8.73,9.54,251574864.0,2387082496.0,1400000000.0,0.1796963314285714,156476475.2,0.6077487921328126,154607236.0,0.6271868672433933,2009-02-24
2009-02-25,9.39,9.77,9.01,9.47,201042768.0,1906711552.0,1400000000.0,0.1436019771428571,165005777.6,0.2183983550403874,162435192.8,0.2376798681030654,2009-02-25
2009-02-26,9.45,9.45,8.52,8.61,174251136.0,1549400064.0,1400000000.0,0.1244650971428571,175201368.0,-0.0054236562810400235,163766698.4,0.06402057135200812,2009-02-26
2009-02-27,8.11,8.6,7.75,8.2,183555616.0,1470740224.0,1400000000.0,0.1311111542857143,185917539.2,-0.012704144053128585,165923191.2,0.10626859737013072,2009-02-27
2009-03-02,8.0,8.75,7.87,8.69,136676432.0,1134426624.0,1400000000.0,0.0976260228571428,202866880.0,-0.32627527963164815,171337709.6,-0.20229800947450038,2009-03-02
2009-03-03,8.2,8.54,8.08,8.23,102962944.0,855226816.0,1400000000.0,0.07354496,189420163.2,-0.4564309191768239,172948319.2,-0.4046606265023476,2009-03-03
2009-03-04,8.0,8.8,8.0,8.58,167229152.0,1415380736.0,1400000000.0,0.1194493942857142,159697779.2,0.047160159882799535,162351778.4,0.03004200907478327,2009-03-04
2009-03-05,8.62,9.15,8.62,8.87,165314016.0,1466918656.0,1400000000.0,0.11808144,152935056.0,0.08094259304420048,164068212.0,0.007593207634883026,2009-03-05
2009-03-06,9.1,9.18,8.82,8.91,118757960.0,1068344320.0,1400000000.0,0.0848271142857142,151147632.0,-0.21429162714239547,168532585.6,-0.29534125654570154,2009-03-06
2009-03-10,8.02,8.69,8.02,8.56,115057504.0,962668992.0,1400000000.0,0.0821839314285714,138188100.8,-0.16738486646890804,170527490.4,-0.3252847166746319,2009-03-10
2009-03-11,8.57,8.78,8.3,8.51,101225360.0,858079936.0,1400000000.0,0.0723038285714285,133864315.2,-0.24382117931306613,161642239.2,-0.37376913051325755,2009-03-11
2009-03-12,8.5,8.55,8.08,8.26,71485944.0,591757568.0,1400000000.0,0.0510613885714285,133516798.4,-0.46459213479762407,146607288.8,-0.5123984313118272,2009-03-12
2009-03-13,8.36,8.44,8.12,8.15,57194624.0,471954784.0,1400000000.0,0.0408533028571428,114368156.8,-0.49990779251589723,133651606.4,-0.5720618289553159,2009-03-13
2009-03-16,8.14,8.22,7.96,8.17,64400840.0,521483008.0,1400000000.0,0.0460006,92744278.4,-0.30560848484643555,121945955.2,-0.4718903148991038,2009-03-16
2009-03-17,8.08,8.63,8.03,8.5,113874496.0,954636672.0,1400000000.0,0.0813389257142857,81872854.4,0.3908699877941473,110030477.6,0.03493594214845075,2009-03-17
2009-03-18,8.49,8.85,8.38,8.62,137665952.0,1185496576.0,1400000000.0,0.0983328228571428,81636252.8,0.6863335500867085,107750284.0,0.27763887842745727,2009-03-18
2009-03-19,8.8,9.09,8.6,9.03,177492992.0,1576344448.0,1400000000.0,0.1267807085714285,88924371.2,0.995999404941533,111220584.8,0.5958645813558068,2009-03-19
2009-03-20,9.35,9.93,9.35,9.93,285894080.0,2783526656.0,1400000000.0,0.2042100571428571,110125780.8,1.5960685856040713,112246968.8,1.5470093585279963,2009-03-20
2009-03-23,10.3,10.92,10.13,10.92,276302592.0,2911507968.0,1400000000.0,0.1973589942857143,155865672.0,0.7726968899219835,124304975.2,1.2227798328702777,2009-03-23
2009-03-24,10.8,10.9,10.33,10.39,239907040.0,2534263040.0,1400000000.0,0.1713621714285714,198246022.4,0.21014806297571398,140059438.4,0.712894487801973,2009-03-24
2009-03-25,10.11,11.28,10.01,10.65,281639200.0,3024733440.0,1400000000.0,0.2011708571428571,223452531.2,0.26039834271521567,152544392.0,0.8462769840794935,2009-03-25
2009-03-26,10.63,11.36,10.22,11.33,266847104.0,2890409984.0,1400000000.0,0.1906050742857143,252247180.8,0.05787943061919054,170585776.0,0.5642986786893651,2009-03-26
2009-03-27,11.3,11.55,11.08,11.2,216637344.0,2444856064.0,1400000000.0,0.15474096,270118003.2,-0.1979899842529267,190121892.0,0.13946553824532737,2009-03-27
2009-03-30,10.95,11.28,10.59,10.99,154306672.0,1676320640.0,1400000000.0,0.1102190514285714,256266656.0,-0.39786675953659767,206066164.0,-0.25117899511149244,2009-03-30
2009-03-31,10.64,11.17,10.6,10.87,123487528.0,1345884928.0,1400000000.0,0.0882053771428571,231867472.0,-0.46742194178923036,215056747.2,-0.4257909616518184,2009-03-31
2009-04-01,10.87,11.32,10.87,10.99,149231424.0,1650939520.0,1400000000.0,0.1065938742857142,208583569.6,-0.28454851795766756,216018050.4,-0.3091715080120916,2009-04-01
2009-04-02,11.0,11.1,10.73,10.83,120753544.0,1312201088.0,1400000000.0,0.0862525314285714,182102014.4,-0.33689067417587004,217174597.6,-0.4439794279144551,2009-04-02
2009-04-03,10.6,10.68,10.3,10.36,164918464.0,1721853568.0,1400000000.0,0.1177989028571428,152883302.4,0.0787212299254989,211500652.8,-0.22024607576057564,2009-04-03
2009-04-07,9.84,10.64,9.84,10.51,123652976.0,1273040000.0,1400000000.0,0.0883235542857142,142539526.4,-0.13250044304903774,199403091.2,-0.3798843575801095,2009-04-07
2009-04-08,10.4,10.63,10.0,10.14,84979408.0,878368832.0,1400000000.0,0.0606995771428571,136408787.2,-0.3770239458591125,184138129.6,-0.5385018399795889,2009-04-08
2009-04-09,10.12,10.32,10.0,10.25,64180744.0,650210944.0,1400000000.0,0.0458433885714285,128707163.2,-0.5013428747530658,168645366.4,-0.619433694681101,2009-04-09
2009-04-10,10.26,10.98,10.18,10.79,149229072.0,1579616512.0,1400000000.0,0.1065921942857142,111697027.2,0.3360165059075091,146899520.8,0.015858126611397294,2009-04-10
2009-04-13,10.78,10.97,10.57,10.72,137656896.0,1476869888.0,1400000000.0,0.0983263542857142,117392132.8,0.17262454234922986,135137717.6,0.018641563915239745,2009-04-13
2009-04-14,10.8,11.0,10.6,10.75,102941840.0,1111067136.0,1400000000.0,0.0735298857142857,111939819.2,-0.08038229170196842,127239672.8,-0.19096113865517572,2009-04-14
2009-04-15,10.69,10.9,10.49,10.68,99275376.0,1057897984.0,1400000000.0,0.0709109828571428,107797592.0,-0.07905757301146388,122103189.6,-0.18695509654401354,2009-04-15
2009-04-16,10.69,10.81,10.41,10.79,125590864.0,1330737536.0,1400000000.0,0.08970776,110656785.6,0.13495854157542064,119681974.4,0.04937159191785523,2009-04-16
2009-04-17,10.72,10.72,10.2,10.26,102712984.0,1064941312.0,1400000000.0,0.0733664171428571,122938809.6,-0.1645194521226273,117317918.4,-0.1244902279138973,2009-04-17
2009-04-20,10.16,10.38,10.0,10.29,91111128.0,931205504.0,1400000000.0,0.0650793771428571,113635592.0,-0.19821662917019867,115513862.4,-0.2112537308768926,2009-04-20
2009-04-21,10.39,10.7,10.29,10.43,97399584.0,1019530304.0,1400000000.0,0.0695711314285714,104326438.4,-0.06639596353746513,108133128.8,-0.09926231599061985,2009-04-21
2009-04-22,10.36,10.36,9.7,9.8,118187864.0,1188306176.0,1400000000.0,0.0844199028571428,103217987.2,0.1450316675037817,105507789.6,0.12018140507039887,2009-04-22
2009-04-23,9.69,9.8,9.22,9.5,115935768.0,1093967232.0,1400000000.0,0.0828112628571428,107000484.8,0.08350694126948488,108828635.2,0.06530572387440903,2009-04-23
2009-04-24,9.5,10.0,9.15,9.63,173639808.0,1657358720.0,1400000000.0,0.1240284342857142,105069465.6,0.6526191221058233,114004137.6,0.5231009299788782,2009-04-24
2009-04-27,9.38,9.76,9.18,9.43,157622112.0,1502531968.0,6324966980.0,0.0249206221152477,119254830.4,0.3217251785215738,116445211.2,0.35361609443325914,2009-04-27
2009-04-28,9.18,9.22,8.5,8.75,151373104.0,1345890816.0,6324966980.0,0.0239326315028446,132557027.2,0.14194703364621009,118441732.8,0.27803857999618864,2009-04-28
2009-04-29,8.65,8.99,8.28,8.78,220880624.0,1903409536.0,6324966980.0,0.0349220200988306,143351731.2,0.5408298326849925,123284859.2,0.7916281482844083,2009-04-29
2009-04-30,8.8,8.83,8.58,8.69,169211152.0,1466976768.0,6324966980.0,0.0267528909692426,163890283.2,0.03246604189161606,135445384.0,0.24929434287697827,2009-04-30
2009-05-04,8.64,9.0,8.5,8.86,606957312.0,5341835776.0,6324966980.0,0.0959621313311583,174545360.0,2.4773614835708035,139807412.8,3.3413814750171813,2009-05-04
2009-05-05,9.01,9.08,8.82,8.98,659250496.0,5882887680.0,6324966980.0,0.1042298715684362,261208860.8,1.5238443059738653,190231845.6,2.465510697857625,2009-05-05
2009-05-06,8.89,8.96,8.8,8.89,318520832.0,2824342016.0,6324966980.0,0.0503592877254831,361534537.6,-0.11897537061200547,247045782.4,0.2893190440477642,2009-05-06
2009-05-07,8.96,9.14,8.84,8.93,353051968.0,3174539264.0,6324966980.0,0.0558187843693691,394964083.2,-0.10611626976414645,269157907.2,0.3116908645662111,2009-05-07
2009-05-08,8.9,8.9,8.59,8.74,253465952.0,2204260864.0,6324966980.0,0.0400738775082111,421398352.0,-0.39851223718122186,292644317.6,-0.13387707617665368,2009-05-08
2009-05-11,8.75,8.78,8.35,8.36,241610272.0,2057701120.0,6324966980.0,0.0381994519123956,438249312.0,-0.4486921818601737,306397336.0,-0.2114478697686849,2009-05-11
2009-05-12,8.29,8.54,8.13,8.52,186775168.0,1562159872.0,6324966980.0,0.0295298249920666,365179904.0,-0.4885393036304648,313194382.4,-0.4036445782687831,2009-05-12
2009-05-13,8.57,8.85,8.57,8.8,322047936.0,2814910464.0,6324966980.0,0.050916935537899,270684838.4,0.18975239951969192,316109688.0,0.018785403375552345,2009-05-13
2009-05-14,8.72,8.95,8.63,8.8,210906368.0,1861311744.0,6324966980.0,0.0333450543958412,271390259.2,-0.22286684635732124,333177171.2,-0.3669843367707901,2009-05-14
2009-05-18,8.82,8.83,8.5,8.74,124177016.0,1074408960.0,6324966980.0,0.0196328322966201,242961139.2,-0.4889017379121673,332179745.6,-0.6261752330031287,2009-05-18
2009-05-19,8.7,8.83,8.58,8.79,234604112.0,2046418048.0,6324966980.0,0.0370917528489611,217103352.0,0.08061027081700711,327676332.0,-0.28403705397922974,2009-05-19
2009-05-20,8.81,9.03,8.74,8.88,377539712.0,3369622528.0,6324966980.0,0.0596903846603164,215702120.0,0.7502828066780243,290441012.0,0.29988430146359635,2009-05-20
2009-05-21,8.9,9.15,8.79,9.14,493956928.0,4452730880.0,6324966980.0,0.0780963647022865,253855028.8,0.9458228987425912,262269933.6,0.883391364079714,2009-05-21
2009-05-22,9.25,9.27,8.8,8.84,283949760.0,2559738368.0,6324966980.0,0.0448934770565395,288236827.2,-0.014873419339386906,279813543.2,0.01478204647529724,2009-05-22
2009-05-25,8.68,8.82,8.49,8.67,187273440.0,1623265024.0,6324966980.0,0.0296086035851526,302845505.6,-0.3816205407144071,272903322.4,-0.3137736896969342,2009-05-25
2009-05-26,8.68,8.78,8.56,8.58,174338720.0,1507567360.0,6324966980.0,0.027563577889224,315464790.4,-0.4473591814194424,266284071.2,-0.3452904666270552,2009-05-26
2009-05-27,8.58,8.67,8.46,8.57,167314752.0,1431938688.0,6324966980.0,0.0264530633170198,303411712.0,-0.4485553939328486,259556916.0,-0.35538318693846704,2009-05-27
2009-06-01,8.73,9.43,8.73,9.43,573483904.0,5319683072.0,6324966980.0,0.0906698652836287,261366720.0,1.194173397439429,257610874.4,1.2261634154058831,2009-06-01
2009-06-02,9.72,10.22,9.72,9.92,588055488.0,5871327232.0,6324966980.0,0.0929736850578783,277272115.2,1.1208605401081457,282754471.2,1.0797389533905983,2009-06-02
2009-06-03,10.0,10.3,9.8,10.23,407094688.0,4083300096.0,6324966980.0,0.0643631325329069,338093260.8,0.20408992192487974,320469383.2,0.2703075842534963,2009-06-03
2009-06-04,10.02,10.15,9.79,9.99,394783456.0,3938713600.0,6324966980.0,0.0624166825294635,382057510.4,0.03330897902432661,348761150.4,0.13195938121896966,2009-06-04
2009-06-05,10.21,10.51,10.1,10.17,539321408.0,5565904384.0,6324966980.0,0.0852686519479663,426146457.6,0.26557759282427496,364779084.8,0.478487749087088,2009-06-05
2009-06-08,9.84,10.07,9.6,9.79,350579296.0,3450334464.0,6324966980.0,0.0554278460438697,500547788.8,-0.299608740974624,380957254.4,-0.07974112068779116,2009-06-08
2009-06-09,9.79,9.86,9.42,9.71,218876432.0,2099576576.0,6324966980.0,0.0346051501441988,455966867.2,-0.5199729459640878,366619491.2,-0.40298746451372525,2009-06-09
2009-06-10,9.81,9.88,9.62,9.8,188770256.0,1842068480.0,6324966980.0,0.029845255571595,382131056.0,-0.5060065047421846,360112158.4,-0.4758014924052617,2009-06-10
2009-06-11,9.71,9.75,9.52,9.55,150363936.0,1446319616.0,6324966980.0,0.0237730784169247,338466169.6,-0.5557489950097512,360261840.0,-0.5826259700444543,2009-06-11
2009-06-12,9.55,9.66,9.2,9.33,156620560.0,1474603648.0,6324966980.0,0.024762273146286,289582265.6,-0.45915002883380995,357864361.6,-0.5623465848911176,2009-06-12
2009-06-15,9.13,9.22,8.97,9.17,214110160.0,1943504128.0,6324966980.0,0.0338515854196601,213042096.0,0.0050133941603729415,356794942.4,-0.3999069646005161,2009-06-15
2009-06-16,9.03,9.55,9.01,9.43,224997888.0,2104623360.0,6324966980.0,0.0355729743272114,185748268.8,0.21130543748034114,320857568.0,-0.29876085079595194,2009-06-16
2009-06-17,9.36,9.69,9.16,9.45,287388416.0,2730659328.0,6324966980.0,0.0454371409224337,186972560.0,0.5370619945515,284551808.0,0.009968687318971492,2009-06-17
2009-06-18,9.49,9.55,9.32,9.43,213177664.0,2000908288.0,6324966980.0,0.0337041544523604,206696192.0,0.03135748141891259,272581180.8,-0.2179296333872217,2009-06-18
2009-06-19,9.39,9.39,9.23,9.32,137831952.0,1281672448.0,6324966980.0,0.021791726729299,219258937.6,-0.3713736210313554,254420601.6,-0.4582516072472018,2009-06-19
2009-06-22,9.4,9.57,9.37,9.5,221073744.0,2098590208.0,6324966980.0,0.0349525530645537,215501216.0,0.025858452696619683,214271656.0,0.03174515998513594,2009-06-22
2009-06-23,9.3,9.48,9.24,9.37,165436320.0,1543879168.0,6324966980.0,0.0261560764701415,216893932.8,-0.23724782033183733,201321100.8,-0.17824649605730747,2009-06-23
2009-06-24,9.38,10.07,9.38,10.04,516869408.0,5078698496.0,6324966980.0,0.0817189100961915,204981619.2,1.5215402728168126,195977089.6,1.6373971011354382,2009-06-24
2009-06-25,10.12,10.12,9.76,9.96,394888928.0,3913801728.0,6324966980.0,0.0624333580315386,250877817.6,0.5740288710164545,228787004.8,0.7260111794601367,2009-06-25
2009-06-26,10.02,10.07,9.81,9.95,236700176.0,2349576704.0,6324966980.0,0.0374231480968142,287220070.4,-0.17589263288475254,253239504.0,-0.06531101087609148,2009-06-26
2009-06-29,9.95,10.06,9.7,9.94,272553696.0,2706891520.0,6324966980.0,0.0430917184013504,306993715.2,-0.11218476957276813,261247465.6,0.04327785677856544,2009-06-29
2009-06-30,9.95,10.47,9.8,10.2,438979776.0,4459852288.0,6324966980.0,0.0694042794828946,317289705.6,0.38352984119003186,267091819.2,0.6435538060088963,2009-06-30
2009-07-01,10.01,10.21,9.95,10.05,300501120.0,3021075968.0,6324966980.0,0.047510306528114,371998396.8,-0.19219780895571859,288490008.0,0.04163441251663724,2009-07-01
2009-07-02,10.15,11.06,10.14,10.79,665037888.0,7069155328.0,6324966980.0,0.1051448790330285,328724739.2,1.02308438853269,289801278.4,1.294806605656437,2009-07-02
2009-07-03,10.5,10.74,10.5,10.64,336874208.0,3570802176.0,6324966980.0,0.0532610223998355,382754531.2,-0.11986879177147147,334987300.8,0.00563277233343995,2009-07-03
2009-07-06,10.68,10.74,10.34,10.64,307538624.0,3245941248.0,6324966980.0,0.048622961190542,402789337.6,-0.23647774334729565,354891526.4,-0.1334292280245325,2009-07-06
2009-07-07,10.52,11.04,10.41,10.78,410920832.0,4423816192.0,6324966980.0,0.0649680596435303,409786323.2,0.0027685374932493456,363538014.4,0.13033799966752535,2009-07-07
2009-07-08,10.6,11.07,10.57,10.89,390260640.0,4246571776.0,6324966980.0,0.0617016090730642,404174534.4,-0.03442546032905125,388086465.6,0.005602293799755742,2009-07-08
2009-07-09,10.79,11.07,10.68,11.06,403172768.0,4413535232.0,6324966980.0,0.0637430628926382,422126438.4,-0.04490045795719577,375425588.8,0.07390859874173805,2009-07-09
2009-07-10,11.18,11.96,11.06,11.1,678724928.0,7752919040.0,6324966980.0,0.107308849223431,369753414.4,0.8356150384746792,376253972.8,0.8039010271415266,2009-07-10
2009-07-13,10.7,10.83,10.49,10.52,467574912.0,4951822336.0,6324966980.0,0.0739252732035606,438123558.4,0.06722157034320309,420456448.0,0.11206502890877301,2009-07-13
2009-07-14,10.56,10.67,10.42,10.6,235062816.0,2480534016.0,6324966980.0,0.0371642755991115,470130816.0,-0.5000055133590733,439958569.6,-0.46571601909308513,2009-07-14
2009-07-15,10.64,10.78,10.49,10.78,364394848.0,3869249024.0,6324966980.0,0.0576121344431113,434959212.8,-0.16223214205706782,419566873.6,-0.1314975730247928,2009-07-15
2009-07-16,10.93,11.07,10.66,10.68,325913696.0,3548377600.0,6324966980.0,0.0515281260804305,429786054.4,-0.24168387349145215,425956246.4,-0.23486579019680265,2009-07-16
2009-07-17,10.59,10.89,10.55,10.81,261342688.0,2798991104.0,6324966980.0,0.041319217764517,414334240.0,-0.3692467028551635,392043827.2,-0.3333839997774616,2009-07-17
2009-07-20,10.97,11.56,10.87,11.53,523846432.0,5894104576.0,6324966980.0,0.082822002653364,330857792.0,0.5832978538404803,384490675.2,0.36244248765594,2009-07-20
2009-07-21,11.65,11.81,11.11,11.23,374029376.0,4272419840.0,6324966980.0,0.0591353879289342,342112096.0,0.09329480124549594,406121456.0,-0.07902089270555557,2009-07-21
2009-07-22,11.14,11.45,11.03,11.29,254117584.0,2875147520.0,6324966980.0,0.0401769028681948,369905408.0,-0.3130200897198021,402432310.4,-0.3685457717164451,2009-07-22
2009-07-23,11.34,11.7,11.25,11.37,225349376.0,2576461312.0,6324966980.0,0.0356285458426219,347849955.2,-0.35216499921515587,388818004.8,-0.4204245348259654,2009-07-23
2009-07-24,11.36,11.45,10.81,11.19,315561536.0,3517829888.0,6324966980.0,0.0498914123975395,327737091.2,-0.03715037304877378,371035665.6,-0.14951158269459908,2009-07-24
2009-07-27,11.25,12.29,11.0,12.0,745409664.0,8684199936.0,6324966980.0,0.11785194552905,338580860.8,1.2015705856460506,334719326.4,1.2269692999716795,2009-07-27
2009-07-28,11.88,12.17,11.65,11.86,461721536.0,5495027200.0,6324966980.0,0.0729998334315414,382893507.2,0.20587455080251615,362502801.6,0.27370473817601515,2009-07-28
2009-07-29,11.59,11.75,10.67,10.87,404424864.0,4550560527.0,6324966980.0,0.0639410237680007,400431939.2,0.009971544247886932,385168673.6,0.049994175850338385,2009-07-29
2009-07-30,10.8,11.0,10.23,10.73,284013696.0,3013625344.0,6324966980.0,0.0449035855678095,430493395.2,-0.34026003844251307,389171675.2,-0.2702097452132354,2009-07-30
2009-07-31,10.83,11.18,10.7,11.11,257457216.0,2816521216.0,6324966980.0,0.0407049106839764,442226259.2,-0.4178156302483088,384981675.2,-0.33124812793686964,2009-07-31
2009-08-03,11.35,11.45,11.16,11.22,271282112.0,3061539328.0,6324966980.0,0.0428906764031833,430605395.2,-0.36999834413593524,384593128.0,-0.29462569076377254,2009-08-03
2009-08-04,11.29,11.45,11.03,11.28,239590944.0,2690269440.0,6324966980.0,0.0378801889017925,335779884.8,-0.2864642736335825,359336696.0,-0.3332410892986003,2009-08-04
2009-08-05,11.4,11.63,11.19,11.38,259048128.0,2957655552.0,6324966980.0,0.0409564395860292,291353766.4,-0.1108811421907192,345892852.8,-0.25107406555814216,2009-08-05
2009-08-06,11.06,11.17,10.66,10.91,217791760.0,2380900864.0,6324966980.0,0.0344336596046545,262278419.2,-0.1696161633720873,346385907.2,-0.3712453206872268,2009-08-06
2009-08-07,10.85,10.91,10.36,10.43,229629008.0,2436804096.0,6324966980.0,0.0363051710350589,249034032.0,-0.07792117344026295,345630145.6,-0.3356221645499895,2009-08-07
2009-08-10,10.55,10.61,10.21,10.4,156935856.0,1630776448.0,6324966980.0,0.0248121225764881,243468390.4,-0.355415888928471,337036892.8,-0.5343659422675523,2009-08-10
2009-08-11,10.4,10.43,10.19,10.42,107996024.0,1114097536.0,6324966980.0,0.0170745593362765,220599139.2,-0.5104422238833468,278189512.0,-0.6117897356245408,2009-08-11
2009-08-12,10.4,10.41,9.86,9.9,150659872.0,1521592064.0,6324966980.0,0.0238198669615821,194280155.2,-0.22452258778100864,242816960.8,-0.3795331615072254,2009-08-12
2009-08-13,9.9,10.15,9.61,10.1,155192704.0,1538187264.0,6324966980.0,0.0245365239835607,172602504.0,-0.10086643934203876,217440461.6,-0.2862749515060816,2009-08-13
2009-08-14,10.13,10.13,9.7,9.72,131304216.0,1296633088.0,6324966980.0,0.0207596682188529,160082692.8,-0.17977256814360643,204558362.4,-0.35810878392131673,2009-08-14
2009-08-17,9.41,9.41,8.75,8.76,211317520.0,1906241792.0,6324966980.0,0.033410059003976,140417734.4,0.5049204497063868,191943062.4,0.10093856666527778,2009-08-17
2009-08-18,8.6,9.2,8.47,9.02,167803824.0,1474304896.0,6324966980.0,0.0265303873570577,151294067.2,0.10912362332209158,185946603.2,-0.09756983396188212,2009-08-18
2009-08-19,8.98,9.0,8.26,8.36,165393216.0,1425219200.0,6324966980.0,0.0261492615729038,163255627.2,0.013093507627650158,178767891.2,-0.07481586939478302,2009-08-19
2009-08-20,8.45,8.72,8.3,8.65,161959776.0,1384225024.0,6324966980.0,0.0256064223753465,166202296.0,-0.025526241827609875,169402400.0,-0.04393458416173557,2009-08-20
2009-08-21,8.56,9.01,8.46,8.91,168878016.0,1472190720.0,6324966980.0,0.0267002209709559,167555710.4,0.007891737004028787,163819201.6,0.030880472805332015,2009-08-21
2009-08-24,9.08,9.14,8.91,9.05,167661616.0,1518203136.0,6324966980.0,0.0265079037614201,175070470.4,-0.04231926939518871,157744102.4,0.06287089944479596,2009-08-24
2009-08-25,8.9,8.9,8.4,8.64,138778592.0,1200436480.0,6324966980.0,0.0219413939138066,166339289.6,-0.16568964353686888,158816678.4,-0.12617117170484793,2009-08-25
2009-08-26,8.6,8.86,8.49,8.78,95684720.0,838011648.0,6324966980.0,0.0151280979493745,160534243.2,-0.4039606871862712,161894935.2,-0.40897026900937905,2009-08-26
2009-08-27,8.69,8.88,8.6,8.78,92990104.0,814764800.0,6324966980.0,0.0147020694802109,146592544.0,-0.36565597770102143,156397420.0,-0.4054243094291453,2009-08-27
2009-08-28,8.82,9.16,8.78,8.88,182690240.0,1638239616.0,6324966980.0,0.0288839832014427,132798609.6,0.37569392142190017,150177160.0,0.2164981678971689,2009-08-28
2009-08-31,8.9,8.99,8.19,8.25,168459072.0,1456807296.0,6324966980.0,0.0266339844196309,135561054.4,0.24268044937838718,155315762.4,0.08462315348361571,2009-08-31
2009-09-01,8.11,8.29,7.82,8.11,105422824.0,850156288.0,6324966980.0,0.0166677271728618,135720545.6,-0.22323607281460855,151029917.6,-0.3019739024210393,2009-09-01
2009-09-02,8.08,8.15,7.9,8.05,115510232.0,927887808.0,6324966980.0,0.0182625826135142,129049392.0,-0.10491455860559185,144791817.6,-0.20223232282982262,2009-09-02
2009-09-03,8.43,8.84,8.43,8.79,243020304.0,2108576512.0,6324966980.0,0.0384223830366937,133014494.4,0.8270212212301578,139803519.2,0.7382989025643929,2009-09-03
2009-09-04,9.05,9.37,9.0,9.01,298229888.0,2732500480.0,6324966980.0,0.0471512165902247,163020534.4,0.8294007506332894,147909572.0,1.016298769358889,2009-09-04
2009-09-07,9.12,9.4,8.94,9.24,247843600.0,2273244160.0,6324966980.0,0.0391849634604732,186128464.0,0.33157280017096147,160844759.2,0.5408870095159433,2009-09-07
2009-09-08,9.24,9.67,9.0,9.6,321952128.0,3005976320.0,6324966980.0,0.0509017879489388,202005369.6,0.5937800496962631,168862957.6,0.9065882332976503,2009-09-08
2009-09-09,9.68,9.88,9.46,9.6,317250432.0,3069284096.0,6324966980.0,0.0501584329219691,245311230.4,0.2932568618350544,187180311.2,0.6948921067933347,2009-09-09
2009-09-10,9.38,9.56,9.27,9.35,137316832.0,1292187520.0,6324966980.0,0.0217102844068918,285659270.4,-0.5192985272008872,209336882.4,-0.3440389938662811,2009-09-10
2009-09-11,9.31,9.77,9.27,9.49,180070880.0,1720718592.0,6324966980.0,0.0284698529762126,264518576.0,-0.31925053157703376,213769555.2,-0.15764019889769598,2009-09-11
2009-09-14,9.61,9.64,9.4,9.54,198547760.0,1892267264.0,6324966980.0,0.0313911140766145,240886774.4,-0.17576313396805565,213507619.2,-0.07006709763358177,2009-09-14
2009-09-15,9.54,9.72,9.35,9.59,218022624.0,2078713472.0,6324966980.0,0.0344701600323611,231027606.4,-0.05629189776343546,216516488.0,0.006956218502860656,2009-09-15
2009-09-16,9.74,10.35,9.51,10.09,402991296.0,3989058304.0,6324966980.0,0.0637143715175569,210241705.6,0.916799974819078,227776468.0,0.7692402535629801,2009-09-16
2009-09-17,10.14,10.29,9.98,10.14,297811392.0,3007880448.0,6324966980.0,0.047085050869309,227389878.4,0.3096950229074047,256524574.4,0.16094683207863447,2009-09-17
2009-09-18,10.0,10.03,9.5,9.63,216092064.0,2120054016.0,6324966980.0,0.0341649315614292,259488790.4,-0.1672393105424873,262003683.2,-0.17523272436194515,2009-09-18
2009-09-21,9.33,9.46,9.16,9.45,144597616.0,1344009984.0,6324966980.0,0.022861402511227,266693027.2,-0.45781253631516017,253789900.8,-0.4302467689053133,2009-09-21
2009-09-22,9.38,9.79,9.26,9.44,134954496.0,1283900800.0,6324966980.0,0.02133679059934,255902998.4,-0.472634174496644,243465302.4,-0.44569310423430586,2009-09-22
2009-09-23,9.56,9.58,9.01,9.1,118573576.0,1102999680.0,6324966980.0,0.0187469083040177,239289372.8,-0.5044762138304205,224765539.2,-0.47245660334749395,2009-09-23
2009-09-24,8.98,9.06,8.6,8.92,110317400.0,977503744.0,6324966980.0,0.0174415772206924,182405828.8,-0.39520901976790346,204897853.6,-0.46159806917567436,2009-09-24
2009-09-25,8.6,8.78,8.53,8.67,93835224.0,813068032.0,6324966980.0,0.0148356859880397,144907030.4,-0.35244533173457404,202197910.4,-0.5359238687760445,2009-09-25
2009-09-28,8.67,8.78,8.25,8.33,75232784.0,643216896.0,6324966980.0,0.0118945734006029,120455662.4,-0.375431735619263,193574344.8,-0.6113494064632887,2009-09-28
2009-09-29,8.24,8.43,8.14,8.29,74416904.0,616326720.0,6324966980.0,0.0117655798418097,106582696.0,-0.3017918781112461,181242847.2,-0.5894077744327115,2009-09-29
2009-09-30,8.38,8.66,8.35,8.49,76380736.0,648647872.0,6324966980.0,0.0120760687354608,94475177.6,-0.19152588076214416,166882275.2,-0.5423076782212998,2009-09-30
2009-10-09,9.34,9.34,9.34,9.34,45724648.0,427068224.0,6324966980.0,0.0072292311002705,86036609.6,-0.46854428350231037,134221219.2,-0.6593336860406047,2009-10-09
2009-10-12,9.8,9.8,9.34,9.43,237579744.0,2267711488.0,6324966980.0,0.0375622109571866,73118059.2,2.249262174070397,109012544.8,1.1793798542715974,2009-10-12
2009-10-13,9.43,9.59,9.37,9.58,118857376.0,1127174016.0,6324966980.0,0.0187917781034803,101866963.2,0.16679021604523503,111161312.8,0.06923328814806884,2009-10-13
2009-10-14,9.73,9.8,9.52,9.57,142003792.0,1371599488.0,6324966980.0,0.022451309619327,110591881.6,0.28403450547675657,108587288.8,0.30773862732264856,2009-10-14
2009-10-15,9.57,9.64,9.35,9.41,105822656.0,1002273792.0,6324966980.0,0.016730942048333,124109259.2,-0.14734277940158713,109292218.4,-0.03174574046344003,2009-10-15
2009-10-16,9.34,9.5,9.28,9.42,103484016.0,971466688.0,6324966980.0,0.0163611946635016,129997643.2,-0.20395467600292616,108017126.4,-0.04196658947594445,2009-10-16
2009-10-19,9.42,9.65,9.25,9.6,141573200.0,1345681792.0,6324966980.0,0.0223832314773602,141549516.8,0.00016731388799762215,107333788.0,0.31899938162994856,2009-10-19
2009-10-20,9.73,9.99,9.56,9.91,251370832.0,2458637312.0,6324966980.0,0.039742631510149,122348208.0,1.0545526257319602,112107585.6,1.24222857583332,2009-10-20
2009-10-21,9.73,9.88,9.69,9.71,140946304.0,1376083968.0,6324966980.0,0.0222841169678327,148850899.2,-0.05310411453664898,129721390.4,0.08653093807727164,2009-10-21
2009-10-22,9.75,9.93,9.69,9.75,113775584.0,1115268864.0,6324966980.0,0.0179883285335348,148639401.6,-0.23455300024566295,136374330.4,-0.16571114471261228,2009-10-22
2009-10-23,9.75,9.91,9.72,9.82,146972448.0,1444511872.0,6324966980.0,0.0232368719812668,150229987.2,-0.021683681538648192,140113815.2,0.04895043925689935,2009-10-23
2009-10-26,9.74,9.8,9.62,9.71,99836368.0,968568512.0,6324966980.0,0.0157844884116691,158927673.6,-0.37181256266750007,150238595.2,-0.33548121994154534,2009-10-26
2009-10-27,9.5,9.51,9.27,9.29,157634048.0,1480102656.0,6324966980.0,0.0249225092397241,150580307.2,0.04684371370441731,136464257.6,0.15513066038179946,2009-10-27
2009-10-28,9.21,9.33,9.0,9.27,119846480.0,1100049664.0,6324966980.0,0.0189481589989265,131832950.4,-0.09092165777699235,140341924.8,-0.14603935943737323,2009-10-28
2009-10-29,9.1,9.1,8.96,8.99,103670984.0,934401152.0,6324966980.0,0.0163907549759255,127612985.6,-0.1876141482579653,138126193.6,-0.24944732568088368,2009-10-29
2009-10-30,9.18,9.29,9.07,9.1,81717760.0,747965312.0,6324966980.0,0.0129198714014472,125592065.6,-0.3493397882294246,137911026.4,-0.40746028701879056,2009-10-30
2009-11-02,8.9,9.22,8.82,9.22,99285000.0,898827456.0,6324966980.0,0.0156973151502523,112541128.0,-0.11778918725605803,135734400.8,-0.2685347309537761,2009-11-02
2009-11-03,9.4,9.49,9.3,9.35,121208960.0,1137938688.0,6324966980.0,0.0191635719812089,112430854.4,0.07807559274405018,131505580.8,-0.0782979759289425,2009-11-03
2009-11-04,9.6,9.74,9.41,9.49,152600608.0,1457901184.0,6324966980.0,0.0241267042946681,105145836.8,0.4513233490191788,118489393.6,0.2878841165746333,2009-11-04
2009-11-06,9.57,9.65,9.46,9.59,160558864.0,1534894720.0,6324966980.0,0.0253849331558091,111696662.4,0.4374544462664265,119654824.0,0.3418503210534998,2009-11-06
2009-11-09,9.67,10.08,9.55,9.91,317024384.0,3117463552.0,6324966980.0,0.0501226939211625,123074238.4,1.5758793076553377,124333152.0,1.549797691930146,2009-11-09
2009-11-10,10.0,10.0,9.73,9.75,196667616.0,1931447680.0,6324966980.0,0.0310938565563863,170135563.2,0.15594654228058547,141338345.6,0.39146680375463516,2009-11-10
2009-11-11,9.78,9.9,9.66,9.72,111192472.0,1084666240.0,6324966980.0,0.0175799292473144,189612086.4,-0.4135791968164325,151021470.4,-0.26373070196249393,2009-11-11
2009-11-12,9.85,9.9,9.67,9.73,107155456.0,1046737920.0,6324966980.0,0.0169416625159994,187608788.8,-0.4288356281952608,146377312.8,-0.2679503814473633,2009-11-12
2009-11-13,9.59,9.66,9.43,9.65,138272960.0,1320874112.0,6324966980.0,0.0218614516782821,178519758.4,-0.22544730488499254,145108210.4,-0.04710450484612971,2009-11-13
2009-11-16,9.75,9.95,9.7,9.88,209341648.0,2060840704.0,6324966980.0,0.0330976665430749,174062577.6,0.2026803859073727,148568408.0,0.4090589703296814,2009-11-16
2009-11-17,10.01,10.13,9.85,9.89,180081184.0,1792944896.0,6324966980.0,0.0284714820756265,152526030.4,0.180658694963322,161330796.8,0.116223235562672,2009-11-17
2009-11-18,9.89,9.94,9.81,9.85,118073720.0,1163284992.0,6324966980.0,0.0186678792748416,149208744.0,-0.20866755637323775,169410415.2,-0.3030315175096743,2009-11-18
2009-11-19,9.89,10.1,9.86,10.02,212564528.0,2122082176.0,6324966980.0,0.0336072154482615,150584993.6,0.41159170590820415,169096891.2,0.25705757504783744,2009-11-19
2009-11-20,10.02,10.02,9.86,9.93,131849272.0,1309606144.0,6324966980.0,0.0208458435303957,171666808.0,-0.23194662068860739,175093283.2,-0.24697698512286503,2009-11-20
2009-11-23,10.03,10.18,9.98,10.15,219394240.0,2220178432.0,6324966980.0,0.0346870174490618,170382070.4,0.28766037109970455,172222324.0,0.2739012858751111,2009-11-23
2009-11-24,10.25,10.95,10.15,10.31,537388032.0,5655303168.0,6324966980.0,0.0849629782573189,172392588.8,2.1172339584936957,162459309.6,2.3078315630118866,2009-11-24
2009-11-25,10.4,11.08,10.39,10.98,581849728.0,6258080256.0,6324966980.0,0.09199253210963,243853958.4,1.3860581629172355,196531351.2,1.960594960790154,2009-11-25
2009-11-26,11.21,11.45,10.75,10.83,475162784.0,5271049216.0,6324966980.0,0.0751249430238132,336609160.0,0.41161572667838264,243597076.8,0.950609548529689,2009-11-26
2009-11-27,10.46,10.56,9.88,10.0,304923040.0,3117267456.0,6324966980.0,0.0482094279644761,389128811.2,-0.21639562215998664,280397809.6,0.08746584160192383,2009-11-27
2009-12-01,10.8,10.99,10.46,10.72,305482528.0,3279274752.0,6324966980.0,0.0482978850270614,423743564.8,-0.27908633103565195,297062817.6,0.02834319847910849,2009-12-01
2009-12-02,11.04,11.5,10.8,11.31,404937408.0,4490838016.0,6324966980.0,0.0640220588155544,440961222.4,-0.08169383739444203,306676905.6,0.3204039841466302,2009-12-02
2009-12-03,11.34,11.35,10.87,11.02,265037888.0,2937935104.0,6324966980.0,0.0419034421583652,414471097.6,-0.3605395176293229,329162528.0,-0.1948114823082171,2009-12-03
2009-12-04,10.82,10.96,10.41,10.74,237431456.0,2544769024.0,6324966980.0,0.0375387660917085,351108729.6,-0.32376658287450344,343858944.8,-0.3095091473101037,2009-12-04
2009-12-07,10.33,10.68,10.14,10.63,177633184.0,1854761088.0,6324966980.0,0.0280844444819536,303562464.0,-0.4148381138453271,346345637.6,-0.4871216359735089,2009-12-07
2009-12-08,10.54,10.65,10.33,10.52,133826672.0,1404688128.0,6324966980.0,0.0211584775735856,278104492.8,-0.5187899675671834,350924028.8,-0.6186448888734518,2009-12-08
2009-12-09,10.3,10.45,10.23,10.29,107973968.0,1114602880.0,6324966980.0,0.0170710722034472,243773321.6,-0.557072253471727,342367272.0,-0.6846253224811745,2009-12-09
2009-12-10,10.31,10.43,10.24,10.38,85280272.0,879883136.0,6324966980.0,0.0134831173458552,184380633.6,-0.5374770639686097,299425865.6,-0.7151873575480447,2009-12-10
2009-12-11,10.4,10.43,10.25,10.29,74524696.0,769802432.0,6324966980.0,0.0117826221442186,148429110.4,-0.4979105123033871,249768920.0,-0.7016254224104423,2009-12-11
2009-12-14,10.25,10.45,10.03,10.45,123762984.0,1266298112.0,6324966980.0,0.0195673723501399,115847758.4,0.06832437424184112,209705111.2,-0.4098237124894646,2009-12-14
2009-12-15,10.38,10.58,10.29,10.37,98386640.0,1026757440.0,6324966980.0,0.0155552812071755,105073718.4,-0.06364177933194759,191589105.6,-0.4864705918852622,2009-12-15
2009-12-16,10.33,10.42,10.18,10.26,86476168.0,888605184.0,6324966980.0,0.0136721927993369,97985712.0,-0.11746145193086932,170879516.8,-0.49393485176334495,2009-12-16
2009-12-17,10.35,10.38,10.03,10.06,83805904.0,850475264.0,6324966980.0,0.0132500144688502,93686152.0,-0.10546113581439442,139033392.8,-0.3972246356632103,2009-12-17
2009-12-18,9.88,9.9,9.5,9.63,113366136.0,1098129280.0,6324966980.0,0.0179235933339212,93391278.4,0.21388354396913356,120910194.4,-0.062393898524738534,2009-12-18
2009-12-21,9.65,9.74,9.46,9.65,67436424.0,646585024.0,6324966980.0,0.0106619408786225,101159566.4,-0.33336582589385244,108503662.4,-0.37848711731595897,2009-12-21
2009-12-22,9.5,9.58,9.19,9.23,103588456.0,966735296.0,6324966980.0,0.0163777070026696,89894254.4,0.15233678382897842,97483986.4,0.06262022949032775,2009-12-22
2009-12-23,9.16,9.33,9.08,9.22,79049960.0,725277312.0,6324966980.0,0.0124980826382116,90934617.6,-0.1306945354109016,94460164.8,-0.16313971961226137,2009-12-23
2009-12-24,9.29,9.77,9.25,9.65,115866672.0,1103659008.0,6324966980.0,0.0183189370579133,89449376.0,0.2953323676623525,91567764.0,0.26536530912778433,2009-12-24
2009-12-25,9.6,9.63,9.43,9.47,77530032.0,736006080.0,6324966980.0,0.0122577765615465,95861529.6,-0.1912289286066221,94626404.0,-0.18067232059246385,2009-12-25
2009-12-28,9.51,9.7,9.48,9.57,89381704.0,856084224.0,6324966980.0,0.0141315684781646,88694308.8,0.007750161304600045,94926937.6,-0.05841580630533261,2009-12-28
2009-12-29,9.51,9.51,9.33,9.47,81528792.0,767046400.0,6324966980.0,0.0128899948818388,93083364.8,-0.12413144738403348,91488809.6,-0.10886596561422524,2009-12-29
2009-12-30,9.35,9.58,9.28,9.55,129545352.0,1218132608.0,6324966980.0,0.0204815855022851,88671432.0,0.46095928618813775,89803024.8,0.44254998412926505,2009-12-30
2009-12-31,9.5,9.68,9.4,9.64,96611648.0,926531328.0,6324966980.0,0.0152746485958729,98770510.4,-0.021857357942740796,94109943.2,0.02658278939435177,2009-12-31
2010-01-04,9.69,9.74,9.6,9.62,81810248.0,790334272.0,6324966980.0,0.0129344940864813,94919505.6,-0.13810920650223024,95390517.6,-0.14236498492382643,2010-01-04
2010-01-05,9.75,9.89,9.63,9.82,123519568.0,1208108288.0,6324966980.0,0.0195288874061442,95775548.8,0.28967747559385426,92234928.8,0.33918429392228244,2010-01-05
2010-01-06,9.77,9.85,9.65,9.68,86071637.0,839737931.0,6324966980.0,0.013608234995086,102603121.6,-0.16112067880788528,97843243.2,-0.12031087497721049,2010-01-06
2010-01-07,9.76,9.87,9.44,9.51,93359856.0,904254272.0,6324966980.0,0.0147605285996291,103511690.6,-0.09807428070351698,96091561.3,-0.028428149808821912,2010-01-07
2010-01-08,9.42,9.44,9.27,9.43,80191440.0,749542464.0,6324966980.0,0.0126785547266208,96274591.4,-0.16705499515628175,97522550.9,-0.17771387991861898,2010-01-08
2010-01-11,9.64,9.72,9.43,9.52,74590304.0,711563008.0,6324966980.0,0.0117929950046948,92990549.8,-0.19787221217182216,93955027.7,-0.20610630611308944,2010-01-11
2010-01-12,9.55,9.65,9.41,9.61,73262994.0,698556530.0,6324966980.0,0.0115831425257495,91546561.0,-0.19971877479919753,93661054.9,-0.21778594018376796,2010-01-12
2010-01-13,9.37,9.46,9.3,9.36,97938752.0,917915456.0,6324966980.0,0.0154844685054782,81495246.2,0.20177257652115665,92049183.9,0.06398283885274081,2010-01-13
2010-01-14,9.4,9.44,9.29,9.4,76579936.0,716238528.0,6324966980.0,0.0121075629710243,83868669.2,-0.08690650834841196,93690179.9,-0.18262579833086656,2010-01-14
2010-01-15,9.4,9.45,9.32,9.4,66666640.0,624631232.0,6324966980.0,0.0105402352630147,80512685.2,-0.17197346189119533,88393638.3,-0.24579821260734325,2010-01-15
2010-01-18,9.34,9.39,9.29,9.39,63952716.0,596562880.0,6324966980.0,0.0101111541296931,77807725.2,-0.1780672698551018,85399137.5,-0.25113159368851945,2010-01-18
2010-01-19,9.4,9.52,9.35,9.5,92772664.0,877167232.0,6324966980.0,0.0146676914351258,75680207.6,0.22585107707870522,83613384.3,0.10954322417015239,2010-01-19
2010-01-20,9.52,9.56,9.2,9.23,83561360.0,779459392.0,6324966980.0,0.0132113511840025,79582141.6,0.05000139880628707,80538693.9,0.03753060738423519,2010-01-20
2010-01-21,9.18,9.24,9.03,9.1,77177280.0,702435328.0,6324966980.0,0.0122020052031955,76706663.2,0.00613527926215407,80287666.2,-0.03874052326109345,2010-01-21
2010-01-22,8.99,8.99,8.71,8.84,101306272.0,894275840.0,6324966980.0,0.0160168855142386,76826132.0,0.31864340118021306,78669408.6,0.28774670869967633,2010-01-22
2010-01-25,8.83,8.99,8.71,8.9,56331008.0,499219200.0,6324966980.0,0.0089061347162953,83754058.4,-0.32742354130507434,80780891.8,-0.30266914929007993,2010-01-25
2010-01-26,8.88,8.93,8.6,8.61,54536352.0,474205152.0,6324966980.0,0.008622393155956,82229716.8,-0.33678049588029224,78954962.2,-0.30927264759047657,2010-01-26
2010-01-27,8.61,8.7,8.4,8.42,52306712.0,444015968.0,6324966980.0,0.0082698790626729,74582454.4,-0.29867269157610354,77082298.0,-0.3214173246365851,2010-01-27
2010-01-28,8.39,8.43,8.2,8.36,50391892.0,418370080.0,6324966980.0,0.0079671391422821,68331524.8,-0.2625381601319102,72519094.0,-0.3051224274809611,2010-01-28
2010-01-29,8.3,8.41,8.21,8.3,45171260.0,376123456.0,6324966980.0,0.0071417384695975,62974447.2,-0.28270493813878217,69900289.6,-0.3537757817815964,2010-01-29
2010-02-01,8.26,8.28,8.0,8.04,57337676.0,463892128.0,6324966980.0,0.0090652925432347,51747444.8,0.1080291253337402,67750751.6,-0.15369682777068994,2010-02-01
2010-02-02,8.16,8.84,8.16,8.51,163835360.0,1409646208.0,6324966980.0,0.0259029589431943,51948778.4,2.1537865768177524,67089247.6,1.4420509375335429,2010-02-02
2010-02-03,8.56,8.76,8.38,8.66,89467424.0,766254400.0,6324966980.0,0.0141451211180868,73808580.0,0.21215479284386718,74195517.2,0.20583328179832394,2010-02-03
2010-02-04,8.56,8.58,8.42,8.49,55939216.0,474849664.0,6324966980.0,0.0088441909937053,81240722.4,-0.31143871758580033,74786123.6,-0.2520107567120914,2010-02-04
2010-02-05,8.16,8.29,8.07,8.29,55881132.0,458391456.0,6324966980.0,0.0088350077046568,82350187.2,-0.3214207046757023,72662317.2,-0.23094756466148048,2010-02-05
2010-02-08,8.3,8.36,8.24,8.29,28124428.0,232917872.0,6324966980.0,0.004446573094995,84492161.6,-0.6671356553387078,68119803.2,-0.5871328647643539,2010-02-08
2010-02-09,8.29,8.47,8.26,8.38,29757446.0,248741360.0,6324966980.0,0.0047047591069005,78649512.0,-0.621644874287332,65299145.2,-0.5442904205122734,2010-02-09
2010-02-10,8.48,8.53,8.35,8.42,30467028.0,256086112.0,6324966980.0,0.0048169465700515,51833929.2,-0.41221843548761883,62821254.6,-0.5150203829262588,2010-02-10
2010-02-11,8.45,8.49,8.37,8.44,29766204.0,251337776.0,6324966980.0,0.0047061437781608,40033850.0,-0.2564741087854403,60637286.2,-0.5091105511908611,2010-02-11
2010-02-12,8.53,8.63,8.45,8.6,50847872.0,435252704.0,6324966980.0,0.0080392312182474,34799247.6,0.4611773387882099,58574717.4,-0.13191434364478893,2010-02-12
2010-02-22,8.67,8.7,8.55,8.57,41146484.0,355008672.0,6324966980.0,0.0065054069262508,33792595.6,0.2176183353018315,59142378.6,-0.304280873140263,2010-02-22
2010-02-23,8.51,8.53,8.36,8.44,31188936.0,262458560.0,6324966980.0,0.0049310828180797,36397006.8,-0.14309063458481974,57523259.4,-0.4578030465359896,2010-02-23
2010-02-24,8.31,8.5,8.31,8.5,34010576.0,286304192.0,6324966980.0,0.0053771942379373,36683304.8,-0.07285954236053449,44258617.0,-0.23154905631145228,2010-02-24
2010-02-25,8.47,8.61,8.43,8.6,66667480.0,568921024.0,6324966980.0,0.0105403680700322,37392014.4,0.7829336308770785,38712932.2,0.7220984361396421,2010-02-25
2010-02-26,8.58,8.58,8.49,8.52,55892640.0,476410592.0,6324966980.0,0.0088368271607957,44772269.6,0.2483762940621621,39785758.6,0.40484037421370167,2010-02-26
2010-03-01,8.7,8.84,8.66,8.74,111038104.0,969522880.0,6324966980.0,0.0175555231119957,45781223.2,1.4254071044567458,39786909.4,1.7908200379092527,2010-03-01
2010-03-02,8.75,8.75,8.53,8.58,63611196.0,547035328.0,6324966980.0,0.0100571585908895,59759547.2,0.0644524428391251,48078277.0,0.3230756168737079,2010-03-02
2010-03-03,8.65,8.7,8.54,8.62,56147264.0,483162944.0,6324966980.0,0.0088770841298526,66243999.2,-0.15241735586519367,51463652.0,0.09100815464864409,2010-03-03
2010-03-04,8.64,8.64,8.37,8.39,70972480.0,602062208.0,6324966980.0,0.0112210040343957,70671336.8,0.004261178769721541,54031675.6,0.3135346851986207,2010-03-04
2010-03-05,8.39,8.45,8.34,8.4,36586688.0,307163520.0,6324966980.0,0.0057844867990125,71532336.8,-0.48852938913076305,58152303.2,-0.37084713783099144,2010-03-05
2010-03-08,8.41,8.47,8.36,8.45,31513480.0,265147760.0,6324966980.0,0.0049823943903024,67671146.4,-0.5343143765627119,56726184.8,-0.4444632560587787,2010-03-08
2010-03-09,8.39,8.45,8.33,8.43,35083112.0,294321536.0,6324966980.0,0.0055467660322868,51766221.6,-0.32227790795532973,55762884.4,-0.3708519138224492,2010-03-09
2010-03-10,8.4,8.55,8.36,8.47,52917784.0,448523296.0,6324966980.0,0.0083664917409576,46060604.8,0.14887297354810247,56152302.0,-0.057602589471754895,2010-03-10
2010-03-11,8.42,8.43,8.35,8.39,34333832.0,287971296.0,6324966980.0,0.0054283021727332,45414708.8,-0.24399312673782902,58043022.8,-0.4084761553803845,2010-03-11
2010-03-12,8.38,8.42,8.31,8.33,31167328.0,260393200.0,6324966980.0,0.0049276665156598,38086979.2,-0.1816802315474786,54809658.0,-0.4313533574684958,2010-03-12
2010-03-15,8.3,8.31,8.02,8.14,55655484.0,453329280.0,6324966980.0,0.008799331945287,37003107.2,0.504075960410157,52337126.8,0.06340350345712897,2010-03-15
2010-03-16,8.13,8.22,8.11,8.18,29597592.0,241646272.0,6324966980.0,0.0046794856152751,41831508.0,-0.29245696808252764,46798864.8,-0.3675574797275851,2010-03-16
2010-03-17,8.25,8.34,8.23,8.32,43705460.0,361962592.0,6324966980.0,0.0069099902241703,40734404.0,0.07293726452951166,43397504.4,0.007096159197578222,2010-03-17
2010-03-18,8.34,8.36,8.15,8.2,54136072.0,446939040.0,6324966980.0,0.0085591074500755,38891939.2,0.39196124218974404,42153324.0,0.28426579123392504,2010-03-18
2010-03-19,8.21,8.4,8.13,8.33,68416696.0,565602304.0,6324966980.0,0.0108169254031425,42852387.2,0.5965667368934815,40469683.2,0.690566631369133,2010-03-19
2010-03-22,8.26,8.29,8.22,8.28,41104632.0,339332864.0,6324966980.0,0.0064987899747106,50302260.8,-0.18284722502969486,43652684.0,-0.05837102708277919,2010-03-22
2010-03-23,8.28,8.29,8.21,8.24,32587780.0,268437216.0,6324966980.0,0.0051522450793885,47392090.4,-0.31237935012041584,44611799.2,-0.2695255384364772,2010-03-23
2010-03-24,8.25,8.29,8.18,8.19,38621284.0,316975648.0,6324966980.0,0.0061061637352611,47990128.0,-0.19522440115183692,44362266.0,-0.12941137858016538,2010-03-24
2010-03-25,8.12,8.15,8.11,8.13,42937008.0,349032640.0,6324966980.0,0.0067884952025472,46973292.8,-0.08592722714129164,42932616.0,0.00010229984587950547,2010-03-25
2010-03-26,8.13,8.17,8.05,8.15,63657384.0,516916640.0,6324966980.0,0.0100644610796055,44733480.0,0.42303670539381244,43792933.6,0.4535994455507315,2010-03-26
2010-03-29,8.19,8.35,8.17,8.35,84974432.0,703467136.0,6324966980.0,0.0134347629432209,43781617.6,0.9408700879064824,47041939.2,0.8063547856462514,2010-03-29
2010-03-30,8.3,8.32,8.24,8.26,63524156.0,525184640.0,6324966980.0,0.0100433972542256,52555577.6,0.20870436404451187,49973834.0,0.2711483373479009,2010-03-30
2010-03-31,8.22,8.22,8.16,8.2,59445268.0,486568960.0,6324966980.0,0.0093985104092986,58742852.8,0.011957458082457961,53366490.4,0.11390626504455326,2010-03-31
2010-04-01,8.2,8.3,8.2,8.28,63860932.0,527424064.0,6324966980.0,0.0100966427495879,62907649.6,0.01515368013367957,54940471.2,0.16236593180147318,2010-04-01
2010-04-02,8.31,8.6,8.31,8.44,127400216.0,1079988480.0,6324966980.0,0.0201424317949561,67092434.4,0.8988760378025573,55912957.2,1.2785454817617836,2010-04-02
2010-04-06,8.5,8.54,8.39,8.45,75875472.0,641623104.0,6324966980.0,0.0119961846820582,79841000.8,-0.049667824304126196,61811309.2,0.22753381188696764,2010-04-06
2010-04-07,8.49,8.52,8.41,8.47,55120892.0,466133216.0,6324966980.0,0.0087148110297328,78021208.8,-0.29351399641477993,65288393.2,-0.15573214015014236,2010-04-07
2010-04-08,8.5,8.54,8.37,8.39,55603824.0,469218016.0,6324966980.0,0.0087911643137147,76340556.0,-0.27163454245735386,67541704.4,-0.17674828472347526,2010-04-08
2010-04-09,8.4,8.46,8.33,8.41,46490088.0,389918464.0,6324966980.0,0.0073502499138738,75572267.2,-0.384826078103953,69239958.4,-0.3285656277921739,2010-04-09
2010-04-12,8.47,8.67,8.41,8.66,160357904.0,1369446528.0,6324966980.0,0.0253531606579233,72098098.4,1.2241627388053273,69595266.4,1.3041495822192872,2010-04-12
2010-04-13,8.6,8.67,8.43,8.6,100473616.0,859688640.0,6324966980.0,0.0158852396095829,78689636.0,0.27683416911472314,79265318.4,0.2675608706064314,2010-04-13
2010-04-14,8.6,8.97,8.53,8.85,204930016.0,1805500032.0,6324966980.0,0.0324001716764693,83609264.8,1.4510443488554632,80815236.8,1.5357843905989768,2010-04-14
2010-04-15,8.8,8.91,8.7,8.81,96690352.0,851069056.0,6324966980.0,0.0152870919809924,113571089.6,-0.1486358690354591,94955822.8,0.01826669654217361,2010-04-15
2010-04-16,8.83,8.85,8.6,8.66,56583468.0,492282304.0,6324966980.0,0.0089460495491788,121788395.2,-0.5353952410073304,98680331.2,-0.4265983168893134,2010-04-16
2010-04-19,8.5,8.55,8.28,8.31,89219504.0,750495360.0,6324966980.0,0.0141059240755119,123807071.2,-0.2793666538167814,97952584.8,-0.08915620570739646,2010-04-19
2010-04-20,8.28,8.47,8.16,8.46,65917792.0,551215104.0,6324966980.0,0.0104218397042129,109579391.2,-0.39844717808580055,94134513.6,-0.29974894988993706,2010-04-20
2010-04-21,8.47,8.56,8.31,8.54,80579152.0,678999808.0,6324966980.0,0.0127398533865547,102668226.4,-0.21515005347360328,93138745.6,-0.13484821509127132,2010-04-21
2010-04-22,8.48,8.67,8.36,8.49,80781576.0,689000320.0,6324966980.0,0.0127718573480995,77798053.6,0.03834957639608616,95684571.6,-0.15575129146525846,2010-04-22
2010-04-23,8.41,8.49,8.26,8.29,88769712.0,740635072.0,6324966980.0,0.0140348103445751,74616298.4,0.189682601569525,98202346.8,-0.09605304870372,2010-04-23
2010-04-26,8.35,8.4,8.21,8.22,53052332.0,441098048.0,6324966980.0,0.0083877642630792,81053547.2,-0.34546563558664345,102430309.2,-0.4820641232624533,2010-04-26
2010-04-27,8.23,8.27,8.01,8.11,63748808.0,515591424.0,6324966980.0,0.0100789155424175,73820112.8,-0.13643036318958313,91699752.0,-0.3048093739664639,2010-04-27
2010-04-28,8.11,8.26,8.05,8.2,55033384.0,449376064.0,6324966980.0,0.0087009757005877,73386316.0,-0.25008656927266926,88027271.2,-0.37481438138684464,2010-04-28
2010-04-29,8.22,8.23,8.05,8.06,42414452.0,345162176.0,6324966980.0,0.0067058772218285,68277162.4,-0.3787900593830186,73037608.0,-0.4192792841737095,2010-04-29
2010-04-30,8.09,8.16,7.9,8.01,63539024.0,508714816.0,6324966980.0,0.0100457479384342,60603737.6,0.04843408205899169,67610018.0,-0.060212881469725366,2010-04-30
2010-05-04,7.98,8.22,7.91,8.14,59590308.0,482560128.0,6324966980.0,0.0094214417543093,55557600.0,0.07258607283251983,68305573.6,-0.12759230529322418,2010-05-04
2010-05-05,8.0,8.13,7.95,8.12,53917484.0,433149536.0,6324966980.0,0.0085245479020666,56865195.2,-0.051836825489346094,65342654.0,-0.17485010633329956,2010-05-05
2010-05-06,8.06,8.14,7.86,7.87,57557560.0,460242880.0,6324966980.0,0.0091000569934991,54898930.4,0.048427712172694815,64142623.2,-0.10266282966737172,2010-05-06
2010-05-07,7.95,8.28,7.95,8.17,125702176.0,1027888320.0,6324966980.0,0.0198739655712795,55403765.6,1.268838131103493,61840464.0,1.0326848776555106,2010-05-07
2010-05-10,8.25,8.32,8.0,8.09,73046480.0,593397568.0,6324966980.0,0.0115489108845908,72061310.4,0.013671269569363709,66332524.0,0.10121665203030727,2010-05-10
2010-05-11,8.15,8.37,8.08,8.22,118505904.0,974829248.0,6324966980.0,0.0187362091177272,73962801.6,0.6022365491358024,64760200.8,0.8299187237850567,2010-05-11
2010-05-12,8.32,8.42,8.16,8.26,103404408.0,858571776.0,6324966980.0,0.0163486083527348,85745920.8,0.20593967660791623,71305558.0,0.45015915870120526,2010-05-12
2010-05-13,8.33,8.37,8.15,8.29,74934168.0,617367872.0,6324966980.0,0.0118473611383185,95643305.6,-0.21652469527360207,75271118.0,-0.004476484592669361,2010-05-13
2010-05-14,8.23,8.33,8.15,8.17,52541720.0,431607264.0,6324966980.0,0.0083070346716655,99118627.2,-0.46991073742393397,77261196.4,-0.31994684980052945,2010-05-14
2010-05-17,8.11,8.36,7.92,7.96,90083624.0,736596544.0,6324966980.0,0.0142425445515922,84486536.0,0.0662482836318441,78273923.2,0.1508765667695573,2010-05-17
2010-05-18,7.85,7.85,7.16,7.58,119062896.0,890779392.0,6324966980.0,0.0188242715537465,87893964.8,0.35461969739246535,80928383.2,0.4712130811480242,2010-05-18
2010-05-19,7.48,7.54,7.3,7.4,51164560.0,380443168.0,6324966980.0,0.0080893007286498,88005363.2,-0.41861997792425454,86875642.0,-0.4110597766863121,2010-05-19
2010-05-20,7.24,7.37,7.13,7.13,59047476.0,427225568.0,6324966980.0,0.0093356180651554,77557393.6,-0.23866090311730115,86600349.6,-0.3181612283006303,2010-05-20
2010-05-21,6.92,7.22,6.81,7.18,57969332.0,406994848.0,6324966980.0,0.009165159625861,74380055.2,-0.22063338291257417,86749341.2,-0.3317605505919393,2010-05-21
2010-05-24,7.18,7.43,7.18,7.4,60207916.0,442171744.0,6324966980.0,0.0095190877976725,75465577.6,-0.20218041238446705,79976056.8,-0.2471757372263944,2010-05-24
2010-05-26,7.36,7.4,7.24,7.32,37490152.0,274312704.0,6324966980.0,0.0059273277028238,69490436.0,-0.46049911098557506,78692200.4,-0.5235849066434289,2010-05-26
2010-05-27,7.3,7.5,7.26,7.45,57468664.0,426232928.0,6324966980.0,0.009086002216568,53175887.2,0.08072788299430567,70590625.2,-0.1858881567180114,2010-05-27
2010-05-28,7.45,7.48,7.3,7.35,60565064.0,446207136.0,6324966980.0,0.0095755541794148,54436708.0,0.11257763786891739,65997050.8,-0.08230650815687657,2010-05-28
2010-05-31,7.3,7.32,7.09,7.1,51164248.0,366320896.0,6324966980.0,0.008089251400329,54740225.6,-0.06532632192878651,64560140.4,-0.20749478419659695,2010-05-31
2010-06-01,7.01,7.2,7.0,7.1,36973936.0,262232640.0,6324966980.0,0.0058457120988796,53379208.8,-0.3073345066141182,64422393.2,-0.4260701261871159,2010-06-01
2010-06-02,7.13,7.15,7.0,7.08,30477428.0,214833568.0,6324966980.0,0.0048185908474102,48732412.8,-0.3745963672047036,59111424.4,-0.4844071461759598,2010-06-02
2010-06-03,7.09,7.13,7.0,7.01,33090990.0,233200832.0,6324966980.0,0.0052318043880127,47329868.0,-0.3008433913232127,50252877.6,-0.3415105446618245,2010-06-03
2010-06-04,6.94,6.97,6.86,6.94,33833300.0,233607696.0,6324966980.0,0.0053491662655288,42454333.2,-0.203066037084761,48445520.6,-0.30162170658973164,2010-06-04
2010-06-07,6.83,6.91,6.8,6.85,27042996.0,185388112.0,6324966980.0,0.0042755948110894,37107980.4,-0.27123503600858856,45924103.0,-0.4111371973884824,2010-06-07
2010-06-08,6.91,7.03,6.91,6.98,33931016.0,236599424.0,6324966980.0,0.0053646155161429,32283730.0,0.051025268765412246,42831469.4,-0.2078017290716624,2010-06-08
2010-06-09,7.02,7.15,6.95,7.14,46600864.0,328806624.0,6324966980.0,0.0073677639974019,31675146.0,0.47121228738772025,40203779.4,0.1591164983857214,2010-06-09
2010-06-10,7.04,7.15,6.98,7.03,35398752.0,249138496.0,6324966980.0,0.0055966698501246,34899833.2,0.01429573594638267,41114850.6,-0.13902759019146238,2010-06-10
2010-06-11,7.03,7.05,6.95,7.01,28349176.0,198144288.0,6324966980.0,0.0044821065611318,35361385.6,-0.1983013244820362,38907859.4,-0.27137662063207724,2010-06-11
2010-06-17,7.04,7.09,6.95,6.97,22910592.0,160720224.0,6324966980.0,0.0036222468943229,34264560.8,-0.3313618658727999,35686270.6,-0.35799982416767306,2010-06-17
2010-06-18,7.02,7.05,6.86,6.89,28942624.0,201083472.0,6324966980.0,0.0045759328217077,33438080.0,-0.13444121193561354,32860905.0,-0.11923837764054279,2010-06-18
2010-06-21,6.93,7.02,6.85,7.01,32545212.0,226345216.0,6324966980.0,0.0051455149256763,32440401.6,0.0032308601259731784,32057773.8,0.015204992181958588,2010-06-21
2010-06-22,6.99,7.0,6.94,6.96,27105162.0,188668016.0,6324966980.0,0.0042854234790013,29629271.2,-0.08518971603999492,32264552.2,-0.1599089356027077,2010-06-22
2010-06-23,6.91,6.94,6.82,6.88,28031072.0,192798992.0,6324966980.0,0.0044318131760428,27970553.2,0.0021636611749245027,31665969.4,-0.11478876121190207,2010-06-23
2010-06-24,6.86,6.87,6.81,6.83,21336166.0,145746048.0,6324966980.0,0.0033733244880908,27906932.4,-0.2354528368012243,31085746.6,-0.313635079300299,2010-06-24
2010-06-25,6.8,6.88,6.8,6.84,24069912.0,164394064.0,6324966980.0,0.0038055395508167,27592047.2,-0.1276503760112443,30515063.6,-0.21121213065405509,2010-06-25
2010-06-28,6.86,6.88,6.71,6.73,23721620.0,160645456.0,6324966980.0,0.0037504733344868,26617504.8,-0.10879625350908173,29528953.2,-0.1966657321262577,2010-06-28
2010-06-29,6.7,6.74,6.27,6.3,46187808.0,299659648.0,6324966980.0,0.0073024583600276,24852786.4,0.858455919453764,27241028.8,0.6955236286817479,2010-06-29
2010-06-30,6.26,6.26,6.01,6.07,30691420.0,186466880.0,6324966980.0,0.0048524237513094,28669315.6,0.07053200809579141,28319934.4,0.08373909227699339,2010-06-30
2010-07-01,6.07,6.09,5.93,5.94,26023684.0,156136192.0,6324966980.0,0.0041144379223304,29201385.2,-0.10882022130922742,28554158.8,-0.08862018376111291,2010-07-01
2010-07-02,5.78,5.9,5.68,5.86,38920016.0,224018528.0,6324966980.0,0.0061533943375622,30138888.8,0.2913553733938592,28865468.0,0.34832444081627223,2010-07-02
2010-07-05,5.8,5.8,5.64,5.72,25687252.0,146439840.0,6324966980.0,0.0040612468146039,33108909.6,-0.22415892548753713,29863207.2,-0.13983612583982608,2010-07-05
2010-07-06,5.69,5.84,5.65,5.81,25745088.0,149007360.0,6324966980.0,0.0040703908939616,33502036.0,-0.2315366146702248,29177411.2,-0.11763631723434054,2010-07-06
2010-07-07,5.82,5.84,5.72,5.83,22736564.0,131357976.0,6324966980.0,0.0035947324423818,29413492.0,-0.22700222061358777,29041403.8,-0.21709831395960277,2010-07-07
2010-07-08,5.85,5.9,5.8,5.87,29421398.0,172423008.0,6324966980.0,0.0046516287109533,27822520.8,0.05746701427571588,28511953.0,0.031896973174724286,2010-07-08
2010-07-09,5.86,5.99,5.77,5.98,43018228.0,254383968.0,6324966980.0,0.0068013363763046,28502063.6,0.5093022246992669,29320476.2,0.4671735788520379,2010-07-09
2010-07-13,5.7,5.83,5.5,5.76,94488128.0,538089792.0,6324966980.0,0.0149389124557927,29321706.0,2.222463522415783,31215307.8,2.0269804996124368,2010-07-13
2010-07-14,5.63,5.81,5.6,5.76,93412760.0,535244384.0,6324966980.0,0.0147688929120701,43081881.2,1.168260934715172,38291958.6,1.439487647414306,2010-07-14
2010-07-15,5.63,5.69,5.52,5.52,87993416.0,492066464.0,6324966980.0,0.0139120751583749,56615415.6,0.5542306820052734,43014453.8,1.0456708902810714,2010-07-15
2010-07-16,5.41,5.41,5.08,5.22,130309032.0,675227712.0,6324966980.0,0.0206023260535662,69666786.0,0.870461370214495,48744653.4,1.6732989755959573,2010-07-16
2010-07-19,5.01,5.23,4.97,5.21,115607936.0,593709184.0,6324966980.0,0.0182780299668853,89844312.8,0.28675853147601793,59173188.2,0.9537216012302003,2010-07-19
2010-07-20,5.2,5.73,5.17,5.73,259335552.0,1452466176.0,6324966980.0,0.0410018823529099,104362254.4,1.4849554418977746,66841980.2,2.879830478152112,2010-07-20
2010-07-21,5.74,5.9,5.66,5.71,218975680.0,1261869056.0,6324966980.0,0.0346208416095161,137331739.2,0.5945016153993339,90206810.2,1.4274850148730787,2010-07-21
2010-07-22,5.6,5.74,5.55,5.74,131000160.0,740312832.0,6324966980.0,0.0207115958730269,162444323.2,-0.19356886458436728,109529869.4,0.19602224231265253,2010-07-22
2010-07-23,5.76,5.78,5.65,5.72,98963160.0,566613952.0,6324966980.0,0.015646431090143,171045672.0,-0.42142260109335006,120356229.0,-0.17774791697735892,2010-07-23
2010-07-28,5.64,5.94,5.54,5.86,215558704.0,1259745664.0,6324966980.0,0.0340806054295005,164776497.6,0.30818840756814336,127310405.2,0.6931742826626397,2010-07-28
2010-07-29,5.85,6.37,5.81,6.17,211812384.0,1296178432.0,6324966980.0,0.0334882987800198,184766651.2,0.14637778313535854,144564452.8,0.46517611969960004,2010-07-29
2010-07-30,6.14,6.26,6.05,6.19,117639296.0,726197888.0,6324966980.0,0.0185991952799095,175262017.6,-0.3287804305181067,156296878.4,-0.2473343216815007,2010-07-30
2010-08-02,6.19,6.34,6.17,6.27,106445392.0,666651712.0,6324966980.0,0.0168293988469169,154994740.8,-0.31323223323200655,158719532.0,-0.3293491313973884,2010-08-02
2010-08-03,6.28,6.32,6.15,6.16,110728464.0,688314304.0,6324966980.0,0.017506567915711,150083787.2,-0.26222234882409734,160564729.6,-0.3103811511043083,2010-08-03
2010-08-04,6.18,6.24,6.04,6.18,83495584.0,514250016.0,6324966980.0,0.0132009517621228,152436848.0,-0.4522611488266931,158606672.8,-0.4735682772610309,2010-08-04
2010-08-05,6.21,6.24,6.05,6.1,75841400.0,465530720.0,6324966980.0,0.0119907977764652,126024224.0,-0.39819982545577903,155395437.6,-0.5119457741402826,2010-08-05
2010-08-06,6.07,6.18,5.94,6.16,93905816.0,570163776.0,6324966980.0,0.0148468468368193,98830027.2,-0.04982505155072958,137046022.4,-0.31478627138907755,2010-08-06
2010-08-09,6.15,6.5,6.1,6.46,180412304.0,1138282880.0,6324966980.0,0.0285238333370714,94083331.2,0.9175798911337867,124539036.0,0.448640601329209,2010-08-09
2010-08-10,6.46,6.46,6.16,6.17,130232144.0,818841792.0,6324966980.0,0.0205901697845701,108876713.6,0.19614323112706455,129480250.4,0.0058070137930470445,2010-08-10
2010-08-11,6.14,6.27,6.11,6.2,55611772.0,344259584.0,6324966980.0,0.0087924209210654,112777449.6,-0.506889256697644,132607148.8,-0.5806276471272716,2010-08-11
2010-08-12,6.12,6.27,6.1,6.15,58011492.0,359124256.0,6324966980.0,0.0091718252733075,107200687.2,-0.4588514913923052,116612455.6,-0.5025274812924871,2010-08-12
2010-08-13,6.22,6.42,6.19,6.35,118815696.0,752717184.0,6324966980.0,0.0187851883457579,103634705.6,0.14648558426550884,101232366.4,0.1736927647282578,2010-08-13
2010-08-16,6.36,6.48,6.32,6.41,106630256.0,683661312.0,6324966980.0,0.0168586265093829,108616681.6,-0.018288402579958674,101350006.4,0.05209915408549981,2010-08-16
2010-08-17,6.43,6.57,6.37,6.51,106083864.0,689103552.0,6324966980.0,0.0167722399714409,93860272.0,0.13023179817761443,101368492.8,0.04651712844644362,2010-08-17
2010-08-18,6.5,6.63,6.46,6.59,100423888.0,658719296.0,6324966980.0,0.0158773774341506,89030616.0,0.12797027036182707,100904032.8,-0.004758430229956034,2010-08-18
2010-08-19,6.63,6.7,6.51,6.59,112246936.0,742332736.0,6324966980.0,0.0177466437935459,97993039.2,0.14545825822289626,102596863.2,0.09405816609800599,2010-08-19
2010-08-20,6.54,6.64,6.35,6.37,91292528.0,589316288.0,6324966980.0,0.014433676616601,108840128.0,-0.16122362516883482,106237416.8,-0.140674437031304,2010-08-20
2010-08-23,6.3,6.45,6.3,6.32,46000232.0,292483008.0,6324966980.0,0.0072728019206196,103335494.4,-0.5548457742705686,105976088.0,-0.5659376292508551,2010-08-23
2010-08-24,6.32,6.41,6.17,6.31,56476592.0,354518752.0,6324966980.0,0.0089291520696602,91209489.6,-0.3808035518269143,92534880.8,-0.3896723969195408,2010-08-24
2010-08-25,6.31,6.42,6.24,6.25,54038312.0,341683744.0,6324966980.0,0.0085436512429034,81288035.2,-0.33522428156807016,85159325.6,-0.36544457557329457,2010-08-25
2010-08-26,6.28,6.37,6.17,6.25,44146076.0,275529088.0,6324966980.0,0.0069796531965452,72010920.0,-0.38695303434534656,85001979.6,-0.48064649543761917,2010-08-26
2010-08-27,6.23,6.27,6.16,6.22,33661880.0,208852960.0,6324966980.0,0.0053220641477562,58390748.0,-0.42350661443830107,83615438.0,-0.5974202754280854,2010-08-27
2010-08-30,6.24,6.45,6.24,6.43,70981864.0,451833696.0,6324966980.0,0.0112224876785048,46864618.4,0.5146152134250601,75100056.4,-0.05483607599527718,2010-08-30
2010-08-31,6.42,6.59,6.35,6.5,92409472.0,600240704.0,6324966980.0,0.0146102694752724,51860944.8,0.7818701984002421,71535217.2,0.2918038920835204,2010-08-31
2010-09-01,6.62,6.67,6.42,6.54,92239824.0,604652032.0,6324966980.0,0.0145834475170651,59047520.8,0.5621286507934133,70167778.0,0.3145609940790772,2010-09-01
2010-09-02,6.51,6.54,6.44,6.49,80029688.0,518730368.0,6324966980.0,0.0126529811543775,66687823.2,0.20006448193678628,69349371.6,0.15400739983057044,2010-09-02
2010-09-03,6.52,6.55,6.34,6.41,65546528.0,419205792.0,6324966980.0,0.0103631415321633,73864545.6,-0.11261177514100884,66127646.8,-0.008787834258756622,2010-09-03
2010-09-06,6.42,6.49,6.33,6.46,74407928.0,478322016.0,6324966980.0,0.0117641607039662,80241475.2,-0.07269989971470514,63553046.8,0.1708003273888672,2010-09-06
2010-09-07,6.45,6.56,6.39,6.48,69201112.0,448288512.0,6324966980.0,0.0109409443905112,80926688.0,-0.1448913367120621,66393816.4,0.04228248581294092,2010-09-07
2010-09-08,6.48,6.81,6.43,6.71,176024240.0,1171990400.0,6324966980.0,0.0278300646559264,76285016.0,1.3074549791010073,67666268.4,1.6013587591302727,2010-09-08
2010-09-09,6.69,6.69,6.44,6.5,104198448.0,680804352.0,6324966980.0,0.0164741489290747,93041899.2,0.11990886789636801,79864861.2,0.3046845187530358,2010-09-09
2010-09-10,6.47,6.48,6.36,6.45,57864400.0,371061536.0,6324966980.0,0.0091485694997256,97875651.2,-0.4087967815227165,85870098.4,-0.32614028540579854,2010-09-10
2010-09-13,6.44,6.48,6.37,6.46,53878488.0,345913728.0,6324966980.0,0.0085183824943857,96339225.6,-0.44074194426574254,88290350.4,-0.3897579094895064,2010-09-13
2010-09-14,6.46,6.48,6.38,6.4,53507832.0,342933472.0,6324966980.0,0.0084597804493202,92233337.6,-0.4198645154525992,86580012.8,-0.38198401375149715,2010-09-14
2010-09-15,6.58,6.61,6.33,6.37,67141576.0,433903456.0,6324966980.0,0.0106153243506735,89094681.6,-0.2464019760299586,82689848.8,-0.18803121574942339,2010-09-15
2010-09-16,6.34,6.37,6.15,6.18,65182464.0,405993440.0,6324966980.0,0.0103055817059775,67318148.8,-0.031725245540322966,80180024.0,-0.18704858457014184,2010-09-16
2010-09-17,6.2,6.46,6.19,6.35,70740312.0,448407488.0,6324966980.0,0.0111842974396049,59514952.0,0.18861411498744052,78695301.6,-0.10108595352279581,2010-09-17
2010-09-20,6.34,6.43,6.21,6.3,53309000.0,337087584.0,6324966980.0,0.0084283443958785,62090134.4,-0.1414255982026027,79214680.0,-0.3270313027837769,2010-09-20
2010-09-21,6.32,6.36,6.21,6.26,30774804.0,192805520.0,6324966980.0,0.0048656070612403,61976236.8,-0.5034418740313061,77104787.2,-0.6008703853863953,2010-09-21
2010-09-27,6.21,6.53,6.21,6.42,103114160.0,662230080.0,6324966980.0,0.0163027191013098,57429631.2,0.7954870655690367,73262156.4,0.40746826283699167,2010-09-27
2010-09-28,6.33,6.83,6.28,6.63,247098320.0,1635165184.0,6324966980.0,0.0390671320152884,64624148.0,2.823622092472306,65971148.4,2.74555129011518,2010-09-28
2010-09-29,6.64,6.89,6.58,6.68,200694208.0,1355273984.0,6324966980.0,0.0317304752158563,101007319.2,0.986927379021064,80261135.6,1.500515430035854,2010-09-29
2010-09-30,6.63,7.34,6.58,7.27,310617952.0,2193265664.0,6324966980.0,0.049109814008863,126998098.4,1.4458472678989343,94544116.4,2.2854286848039123,2010-09-30
2010-10-08,7.66,8.0,7.65,8.0,167731888.0,1322356736.0,6324966980.0,0.0265190140170502,178459888.8,-0.06011435327085113,120218062.8,0.395230334721381,2010-10-08
2010-10-11,8.78,8.8,8.35,8.61,695915520.0,6046235136.0,6324966980.0,0.1100267435704462,205851305.6,2.3806709069519743,131640468.4,4.2864862033565965,2010-10-11
2010-10-12,8.5,9.47,8.41,9.47,534763232.0,4916452352.0,6324966980.0,0.0845479879485473,324411577.6,0.6484098254328146,194517862.8,1.7491728744204562,2010-10-12
2010-10-13,9.47,9.84,9.23,9.42,466631584.0,4462541312.0,6324966980.0,0.0737761296581504,381944560.0,0.22172595939054607,241475939.6,0.9324144044038747,2010-10-13
2010-10-14,9.83,10.25,9.68,10.2,545772608.0,5460573696.0,6324966980.0,0.0862886098418809,435132035.2,0.2542689663130553,281065066.8,0.9418016412134216,2010-10-14
2010-10-15,10.04,10.82,9.82,10.27,524548864.0,5396043264.0,6324966980.0,0.0829330596758309,482162966.4,0.08790782485114557,330311427.6,0.5880433438567476,2010-10-15
2010-10-18,9.92,10.31,9.38,9.47,434529568.0,4261651200.0,6324966980.0,0.0687006856121168,553526361.6,-0.21497945148634456,379688833.6,0.14443599481193692,2010-10-18
2010-10-19,9.51,10.1,9.51,9.92,325512064.0,3210460928.0,6324966980.0,0.0514646266184934,501249171.2,-0.3505982998022361,412830374.4,-0.2115113514283119,2010-10-19
2010-10-20,9.33,10.02,9.22,9.78,362326432.0,3488522752.0,6324966980.0,0.057285110443375,459398937.6,-0.21130328708883805,420671748.8,-0.1386955909600175,2010-10-20
2010-10-21,9.89,10.02,9.53,9.84,260268624.0,2553361664.0,6324966980.0,0.0411494043878787,438537907.2,-0.40650826364868464,436834971.2,-0.40419462460838806,2010-10-21
2010-10-22,9.61,10.24,9.52,10.01,360791104.0,3599080960.0,6324966980.0,0.0570423695713902,381437110.4,-0.05412689493780298,431800038.4,-0.16444865235102302,2010-10-22
2010-10-25,9.98,10.69,9.73,10.6,439856640.0,4503424000.0,6324966980.0,0.0695429148311538,348685558.4,0.2614707704510426,451105960.0,-0.024937201007053877,2010-10-25
2010-10-26,10.59,10.82,10.2,10.3,332572928.0,3484471296.0,6324966980.0,0.0525809745808348,349750972.8,-0.04911507368364931,425500072.0,-0.21839513108237496,2010-10-26
2010-10-27,10.2,10.2,9.8,9.84,252188784.0,2523543808.0,6324966980.0,0.0398719526595852,351163145.6,-0.2818472349394515,405281041.6,-0.3777434468575448,2010-10-27
2010-10-28,9.9,9.98,9.6,9.61,202703248.0,1971533312.0,6324966980.0,0.032048111656703,329135616.0,-0.3841345690160739,383836761.6,-0.4719024640708098,2010-10-28
2010-10-29,9.74,9.81,9.48,9.64,196793584.0,1898852096.0,6324966980.0,0.0311137725496868,317622540.8,-0.3804168195861243,349529825.6,-0.4369762761670316,2010-10-29
2010-11-01,9.89,10.3,9.79,10.25,330761952.0,3339961600.0,6324966980.0,0.052294652769871,284823036.8,0.16128932447363042,316754297.6,0.04422246045636591,2010-11-01
2010-11-02,10.15,10.69,9.98,10.19,411924224.0,4232550912.0,6324966980.0,0.0651266995231017,263004099.2,0.56622739057293,306377536.0,0.34449878205169715,2010-11-02
2010-11-03,10.15,10.28,9.69,9.74,237228960.0,2346602752.0,6324966980.0,0.037506750746705,278874358.4,-0.14933391022012288,315018752.0,-0.24693702043489785,2010-11-03
2010-11-04,9.73,9.96,9.59,9.87,175081152.0,1720474240.0,6324966980.0,0.0276809590553783,275882393.6,-0.36537758094904393,302509004.8,-0.42123656082319705,2010-11-04
2010-11-05,10.86,10.86,10.26,10.31,523654720.0,5538988544.0,6324966980.0,0.0827916922974987,270357974.4,0.9368939316923661,293990257.6,0.7811975276829717,2010-11-05
2010-11-08,10.36,10.38,10.04,10.24,242666288.0,2470647552.0,6324966980.0,0.0383664118354021,335730201.6,-0.2771985158215805,310276619.2,-0.2179034030160658,2010-11-08
2010-11-09,10.36,10.57,10.26,10.48,317508000.0,3316457472.0,6324966980.0,0.0501991553480015,318111068.8,-0.0018957806223938167,290557584.0,0.09275413027938728,2010-11-09
2010-11-10,10.3,10.35,10.12,10.3,201377984.0,2060609152.0,6324966980.0,0.0318385826577074,299227824.0,-0.32700782531506833,289051091.2,-0.3033135313069525,2010-11-10
2010-11-11,10.21,10.68,10.08,10.32,380254560.0,3967159552.0,6324966980.0,0.0601196118813572,292057628.8,0.30198468556490576,283970011.2,0.3390659048577733,2010-11-11
2010-11-12,10.1,10.27,9.48,9.52,383458336.0,3778343424.0,6324966980.0,0.0606261403755186,333092310.4,0.151207410160616,301725142.4,0.2708862541247741,2010-11-12
2010-11-15,9.53,9.58,8.82,9.12,259400032.0,2355305472.0,6324966980.0,0.0410120768725341,305053033.6,-0.14965595018426336,320391617.6,-0.1903657344623364,2010-11-15
2010-11-16,9.02,9.03,8.39,8.42,241815152.0,2098314368.0,6324966980.0,0.0382318441763628,308399782.4,-0.21590362315378853,313255425.6,-0.2280575778158207,2010-11-16
2010-11-17,8.02,8.4,7.95,8.26,158464048.0,1298415232.0,6324966980.0,0.025053735221239,293261212.8,-0.4596488008522619,296244518.4,-0.46509036232685275,2010-11-17
2010-11-18,8.39,8.83,8.3,8.75,214420992.0,1835051264.0,6324966980.0,0.0339007290754267,284678425.6,-0.2467957782607605,288368027.2,-0.25643285047240494,2010-11-18
2010-11-19,8.79,8.8,8.37,8.71,186389968.0,1599488512.0,6324966980.0,0.0294689234883562,251511712.0,-0.25892131814521624,292302011.2,-0.36233771627227174,2010-11-19
2010-11-22,8.51,8.73,8.41,8.63,148898064.0,1284271872.0,6324966980.0,0.0235413187880389,212098038.4,-0.2979752895253557,258575536.0,-0.4241602809633159,2010-11-22
2010-11-23,8.55,8.55,8.09,8.29,141240048.0,1165435008.0,6324966980.0,0.022330558949416,189997644.8,-0.25662211155998504,249198713.6,-0.43322320585205454,2010-11-23
2010-11-24,8.41,8.59,8.33,8.5,130757248.0,1107199232.0,6324966980.0,0.0206731906132417,169882624.0,-0.23030828626711108,231571918.4,-0.43534929060725014,2010-11-24
2010-11-25,8.5,8.57,8.34,8.54,135824640.0,1145985920.0,6324966980.0,0.0214743634914596,164341264.0,-0.17352077808042177,224509844.8,-0.3950169974907043,2010-11-25
2010-11-26,8.45,8.48,8.31,8.38,91027888.0,763327232.0,6324966980.0,0.0143918360819648,148621993.6,-0.38752074443980544,200066852.8,-0.5450126458929332,2010-11-26
2010-11-29,8.23,8.27,8.05,8.18,109227296.0,889407232.0,6324966980.0,0.0172692278624354,129549577.6,-0.1568687600259686,170823808.0,-0.3605850538117029,2010-11-29
2010-11-30,8.2,8.29,7.88,8.19,127813032.0,1035276736.0,6324966980.0,0.0202076994874683,121615424.0,0.050960707089258594,155806534.4,-0.17966834643874863,2010-11-30
2010-12-01,8.28,8.44,8.2,8.37,121159344.0,1007090368.0,6324966980.0,0.019155727513379,118930020.8,0.018744831498423542,144406322.4,-0.16098310665101467,2010-12-01
2010-12-02,8.53,8.61,8.35,8.4,116252736.0,985650304.0,6324966980.0,0.0183799751631272,117010440.0,-0.006475524748048134,140675852.0,-0.17361271073019702,2010-12-02
2010-12-03,8.38,8.38,8.16,8.28,66903504.0,552075328.0,6324966980.0,0.0105776843122744,113096059.2,-0.4084364700834775,130859026.4,-0.4887360402980959,2010-12-03
2010-12-06,8.46,8.57,8.35,8.42,123819000.0,1047138880.0,6324966980.0,0.0195762286809598,108271182.4,0.14360070016192972,118910380.0,0.04127999590952447,2010-12-06
2010-12-07,8.43,8.99,8.32,8.85,242534288.0,2103553152.0,6324966980.0,0.0383455421612335,111189523.2,1.1812692510943332,116402473.6,1.0835836258379996,2010-12-07
2010-12-08,8.65,8.78,8.53,8.57,164798288.0,1426011136.0,6324966980.0,0.0260552013190114,134133774.4,0.2286114271902573,126531897.6,0.30242485196080704,2010-12-08
2010-12-09,8.4,8.45,8.3,8.31,96636688.0,807152256.0,6324966980.0,0.0152786075098213,142861563.2,-0.3235641145497419,129936001.6,-0.25627472902013626,2010-12-09
2010-12-10,8.25,8.45,8.19,8.36,94572840.0,785408768.0,6324966980.0,0.014952305727294,138938353.6,-0.3193179741263322,126017206.4,-0.249524388758391,2010-12-10
2010-12-13,8.38,8.68,8.33,8.63,163534672.0,1394408448.0,6324966980.0,0.0258554190902669,144472220.8,0.13194544317546741,126371701.6,0.2940766795847276,2010-12-13
2010-12-14,8.73,8.83,8.61,8.66,138677856.0,1203904384.0,6324966980.0,0.0219254671903441,152415355.2,-0.09013198953592039,131802439.2,0.05216456418964355,2010-12-14
2010-12-16,8.37,8.52,8.31,8.46,99816704.0,841871744.0,6324966980.0,0.0157813794626323,131644068.8,-0.24176831580884717,132888921.6,-0.24887114141499656,2010-12-16
2010-12-17,8.35,8.47,8.33,8.41,66018392.0,554277568.0,6324966980.0,0.0104377449255869,118647752.0,-0.4435765458076273,130754657.6,-0.4950972056233659,2010-12-17
2010-12-20,8.43,8.61,8.12,8.5,122384056.0,1029919744.0,6324966980.0,0.0193493588799731,112524092.8,0.0876253516438037,125731223.2,-0.026621606907265005,2010-12-20
2010-12-21,8.45,8.5,8.3,8.48,79477096.0,669258688.0,6324966980.0,0.0125656143741638,118086336.0,-0.3269577269295577,131279278.4,-0.39459527071867273,2010-12-21
2010-12-22,8.4,8.54,8.3,8.36,85714256.0,721362176.0,6324966980.0,0.0135517317752068,101274820.8,-0.15364692504101674,126845088.0,-0.3242603450281023,2010-12-22
2010-12-23,8.31,8.32,8.15,8.2,88509848.0,727460608.0,6324966980.0,0.0139937249126951,90682100.8,-0.02395459281199186,111163084.8,-0.20378380863356538,2010-12-23
2010-12-24,8.11,8.17,7.98,8.09,82580896.0,664968704.0,6324966980.0,0.0130563363035928,88420729.6,-0.0660459784308316,103534240.8,-0.20238082240324884,2010-12-24
2010-12-27,8.04,8.22,7.73,7.81,91350320.0,733083904.0,6324966980.0,0.0144428137394007,91733230.4,-0.004174173288461924,102128661.6,-0.10553689269144395,2010-12-27
2010-12-28,7.79,7.94,7.59,7.78,80903544.0,624423360.0,6324966980.0,0.0127911409270313,85526483.2,-0.05405272176560161,101806409.6,-0.20531974049696766,2010-12-28
2010-12-29,7.87,7.91,7.7,7.83,58306892.0,454471200.0,6324966980.0,0.0092185290744395,85811772.8,-0.3205257262789005,93543296.8,-0.37668551361127567,2010-12-29
2010-12-30,7.88,7.98,7.79,7.93,72826432.0,575355776.0,6324966980.0,0.0115141205053374,80330300.0,-0.09341267242870999,85506200.4,-0.14829063086283512,2010-12-30
2010-12-31,7.92,8.25,7.84,8.21,120029896.0,970448832.0,6324966980.0,0.018977157727391,77193616.8,0.5549199658695096,82807173.2,0.44951084986439316,2010-12-31
2011-01-04,8.26,8.5,8.16,8.35,155935952.0,1305827840.0,6324966980.0,0.0246540341622463,84683416.8,0.841398917196265,88208323.6,0.767814483212784,2011-01-04
2011-01-05,8.08,8.14,8.03,8.11,112367568.0,909728000.0,6324966980.0,0.0177657161460786,97600543.2,0.15130064153167533,91563513.2,0.2272090057811369,2011-01-05
2011-01-06,8.05,8.13,7.95,7.99,74141032.0,594925888.0,6324966980.0,0.0117219634876259,103893348.0,-0.2863736377039269,94852560.4,-0.21835497442196616,2011-01-06
2011-01-07,7.95,7.99,7.79,7.89,81836464.0,644294912.0,6324966980.0,0.0129386389302541,107060176.0,-0.23560312473239353,93695238.0,-0.12656752096622026,2011-01-07
2011-01-10,7.85,7.88,7.76,7.78,55368016.0,432595968.0,6324966980.0,0.0087538822218483,108862182.4,-0.49139347770415454,93027899.6,-0.4048235396255254,2011-01-10
2011-01-11,7.78,7.83,7.7,7.79,41467240.0,321843872.0,6324966980.0,0.0065561196020662,95929806.4,-0.5677335172856139,90306611.6,-0.5408172307065056,2011-01-11
2011-01-12,7.85,7.87,7.73,7.8,33777928.0,263538192.0,6324966980.0,0.0053404117534223,73036064.0,-0.5375171367394607,85318303.6,-0.6040951756570088,2011-01-12
2011-01-13,7.84,7.86,7.75,7.76,43916592.0,342423104.0,6324966980.0,0.0069433709517958,57318136.0,-0.23380983638407227,80605742.0,-0.45516794572773733,2011-01-13
2011-01-14,7.71,7.72,7.47,7.51,74346464.0,561761536.0,6324966980.0,0.011754443024776,51273248.0,0.450004961651737,79166712.0,-0.060887308291899256,2011-01-14
2011-01-17,7.39,7.45,7.16,7.22,66203560.0,483541696.0,6324966980.0,0.0104670206515449,49775248.0,0.3300498271751453,79318715.2,-0.1653475496537039,2011-01-17
2011-01-18,7.23,7.25,7.08,7.21,46911240.0,335320736.0,6324966980.0,0.0074168355579304,51942356.8,-0.09685961727481718,73936081.6,-0.36551628129559943,2011-01-18
2011-01-19,7.2,7.37,7.12,7.35,53631872.0,389961984.0,6324966980.0,0.008479391618895,53031156.8,0.011327589972542462,63033610.4,-0.14915436923790737,2011-01-19
2011-01-20,7.3,7.3,7.03,7.04,65298540.0,466403456.0,6324966980.0,0.0103239337385441,57001945.6,0.1455493196358546,57160040.8,0.14238092006400382,2011-01-20
2011-01-21,6.95,7.15,6.88,7.02,68121240.0,476500768.0,6324966980.0,0.0107702127482094,61278335.2,0.1116692347738586,56275791.6,0.21048923636997752,2011-01-21
2011-01-24,7.02,7.05,6.88,6.89,50049264.0,347181888.0,6324966980.0,0.0079129684246984,60033290.4,-0.16630816557741102,54904269.2,-0.08842673385405886,2011-01-24
2011-01-25,6.85,6.85,6.57,6.68,91404384.0,609323840.0,6324966980.0,0.0144513614520087,56802431.2,0.6091632359567032,54372394.0,0.681080733726751,2011-01-25
2011-01-26,6.67,6.8,6.66,6.74,50236072.0,338775776.0,6324966980.0,0.0079425034405476,65701060.0,-0.23538414753125747,59366108.4,-0.15379206496884001,2011-01-26
2011-01-27,6.76,6.95,6.72,6.91,74962800.0,515486208.0,6324966980.0,0.01185188796037,65021900.0,0.15288541245334275,61011922.8,0.22865821235845396,2011-01-27
2011-01-28,6.8,6.99,6.78,6.96,63276296.0,435467200.0,6324966980.0,0.0100042096978662,66954752.0,-0.054939431334164346,64116543.6,-0.013105004618496063,2011-01-28
2011-01-31,7.06,7.26,7.0,7.23,79989688.0,573595648.0,6324966980.0,0.01264665701069,65985763.2,0.21222645796419304,63009526.8,0.26948561689563433,2011-01-31
2011-02-01,7.29,7.3,7.14,7.2,57025960.0,411452640.0,6324966980.0,0.0090160091238926,71973848.0,-0.20768499135963936,64388139.6,-0.11434061685484698,2011-02-01
2011-02-09,7.22,7.45,7.15,7.18,73775496.0,536720896.0,6324966980.0,0.0116641709329524,65098163.2,0.13329612347649156,65399611.6,0.12807238751246652,2011-02-09
2011-02-10,7.11,7.27,7.05,7.26,55587832.0,398035904.0,6324966980.0,0.0087886359210684,69806048.0,-0.20368172110244664,67413974.0,-0.17542567658153485,2011-02-10
2011-02-11,7.22,7.32,7.2,7.25,50404600.0,365849888.0,6324966980.0,0.0079691483227316,65931054.4,-0.23549531463279616,66442903.2,-0.24138474430780144,2011-02-11
2011-02-14,7.25,7.5,7.25,7.47,119576120.0,885178880.0,6324966980.0,0.0189054141117429,63356715.2,0.8873472152483055,64671239.2,0.8489845173710542,2011-02-14
2011-02-15,7.47,7.78,7.41,7.59,141355024.0,1075691136.0,6324966980.0,0.0223487370680313,71274001.6,0.9832620706959156,71623924.8,0.9735727188186705,2011-02-15
2011-02-16,7.59,7.64,7.46,7.62,87419688.0,660275648.0,6324966980.0,0.0138213667006369,88139814.4,-0.008170273614735546,76618988.8,0.14096635010667224,2011-02-16
2011-02-17,7.66,7.69,7.47,7.54,86699360.0,654550656.0,6324966980.0,0.0137074802562842,90868652.8,-0.0458826302748927,80337350.4,0.07919118029563488,2011-02-17
2011-02-18,7.59,7.75,7.52,7.59,98742408.0,754826176.0,6324966980.0,0.0156115294059606,97090958.4,0.01700930372111764,81511006.4,0.21139969141639736,2011-02-18
2011-02-21,7.57,7.69,7.53,7.65,75110864.0,572002752.0,6324966980.0,0.0118752974106435,106758520.0,-0.29644150181175233,85057617.6,-0.11694136140488365,2011-02-21
2011-02-22,7.8,8.08,7.7,7.81,226351552.0,1786225664.0,6324966980.0,0.0357869934682251,97865468.8,1.3128847669710444,84569735.2,1.6765077538045783,2011-02-22
2011-02-23,7.8,8.59,7.76,8.51,367732224.0,3061394944.0,6324966980.0,0.0581397855771888,114864774.4,2.201436000905078,101502294.4,2.622895681065511,2011-02-23
2011-02-24,8.59,8.65,8.19,8.36,209838160.0,1760819712.0,6324966980.0,0.0331761668738387,170927281.6,0.22764580373458654,130897967.2,0.6030666059113559,2011-02-24
2011-02-25,8.34,8.34,8.0,8.19,134431760.0,1095429376.0,6324966980.0,0.0212541441599747,195555041.6,-0.31256305692708863,146323000.0,-0.08126705986071914,2011-02-25
2011-02-28,8.21,8.32,8.11,8.31,109049080.0,897205184.0,6324966980.0,0.0172410512726502,202692912.0,-0.46199855276636415,154725716.0,-0.29521037084746793,2011-02-28
2011-03-01,8.26,8.29,8.09,8.26,144671840.0,1182347776.0,6324966980.0,0.0228731375922534,209480555.2,-0.30937819091669083,153673012.0,-0.05857353794822473,2011-03-01
2011-03-02,8.4,8.54,8.16,8.4,228726656.0,1919306368.0,6324966980.0,0.036162505942442,193144612.8,0.18422488043632335,154004693.6,0.4851927603848043,2011-03-02
2011-03-03,8.41,8.41,8.15,8.18,125726744.0,1040527552.0,6324966980.0,0.0198778498603323,165343499.2,-0.2396027384909729,168135390.4,-0.2522291487777103,2011-03-03
2011-03-04,8.06,8.19,8.0,8.16,85290192.0,690590656.0,6324966980.0,0.0134846857334897,148521216.0,-0.4257373168827274,172038128.8,-0.504236691046828,2011-03-04
2011-03-07,8.28,8.4,8.17,8.32,160126592.0,1332750592.0,6324966980.0,0.0253165893998074,138692902.4,0.15454063783439853,170692907.2,-0.06190248542442067,2011-03-07
2011-03-08,8.32,8.33,8.14,8.23,107239032.0,883543296.0,6324966980.0,0.01695487618182,148908404.8,-0.2798322422160553,179194480.0,-0.40154946737198605,2011-03-08
2011-03-09,8.2,8.22,8.11,8.16,84026008.0,685494592.0,6324966980.0,0.0132848137019048,141421843.2,-0.4058484453411507,167283228.0,-0.49770213664217433,2011-03-09
2011-03-10,8.15,8.15,8.06,8.07,78581512.0,635424320.0,6324966980.0,0.0124240193266589,112481713.6,-0.30138411404856114,138912606.4,-0.4343097143125809,2011-03-10
2011-03-11,8.0,8.15,7.96,8.08,81344184.0,654880192.0,6324966980.0,0.0128608076938925,103052667.2,-0.21065425854402342,125786941.6,-0.3533177373954054,2011-03-11
2011-03-14,8.08,8.18,8.04,8.1,61161464.0,494985856.0,6324966980.0,0.0096698471617949,102263465.6,-0.40192263540890594,120478184.0,-0.49234407450895845,2011-03-14
2011-03-15,8.05,8.06,7.59,7.79,128356760.0,999514112.0,6324966980.0,0.0202936648374407,82470440.0,0.5563971769763809,115689422.4,0.10949434561270643,2011-03-15
2011-03-16,7.74,7.9,7.65,7.87,97647024.0,759224640.0,6324966980.0,0.0154383452607368,86693985.6,0.1263413871700001,114057914.4,-0.1438820838196916,2011-03-16
2011-03-17,7.71,7.73,7.58,7.63,86137856.0,658185728.0,6324966980.0,0.0136187044568571,89418188.8,-0.036685296850924365,100949951.2,-0.14672711600082478,2011-03-17
2011-03-18,7.7,7.75,7.63,7.66,55555160.0,426505376.0,6324966980.0,0.0087834703605045,90929457.6,-0.38903011778220475,96991062.4,-0.4272136150969721,2011-03-18
2011-03-21,7.79,7.83,7.72,7.77,68031624.0,528619584.0,6324966980.0,0.010756044136692,85771652.8,-0.2068285758858549,94017559.2,-0.27639448865845484,2011-03-21
2011-03-22,7.82,8.05,7.72,7.94,104390016.0,825285376.0,6324966980.0,0.0165044365180227,87145684.8,0.1978793469759963,84808062.4,0.23089731148014048,2011-03-22
2011-03-23,7.89,7.93,7.81,7.87,76183576.0,598737600.0,6324966980.0,0.0120448970312252,82352336.0,-0.07490692188743742,84523160.8,-0.09866626757763175,2011-03-23
2011-03-24,7.95,8.04,7.85,7.86,70749120.0,560636480.0,6324966980.0,0.0111856900160449,78059646.4,-0.09365308116486681,83738917.6,-0.15512258782766963,2011-03-24
2011-03-25,7.81,8.15,7.8,8.05,171040576.0,1373092736.0,6324966980.0,0.0270421294752751,74981899.2,1.281091541090226,82955678.4,1.0618308390568232,2011-03-25
2011-03-28,8.0,8.02,7.9,7.92,117372560.0,933505536.0,6324966980.0,0.018557023360144,98078982.4,0.1967147000089593,91925317.6,0.27682517792029926,2011-03-28
2011-03-29,7.89,7.89,7.7,7.72,111758776.0,866911616.0,6324966980.0,0.0176694639439841,107947169.6,0.0353099244206585,97546427.2,0.14569830190561817,2011-03-29
2011-03-30,7.7,7.83,7.67,7.78,66345772.0,514989056.0,6324966980.0,0.010489504879597,109420921.6,-0.39366465727153954,95886628.8,-0.308081086692663,2011-03-30
2011-03-31,7.78,7.8,7.56,7.61,71486424.0,546946816.0,6324966980.0,0.0113022604269785,107453360.8,-0.33472137616006514,92756503.6,-0.229310924565725,2011-03-31
2011-04-01,7.69,7.73,7.62,7.72,55171868.0,423252960.0,6324966980.0,0.0087228705184481,107600821.6,-0.4872542125644884,91291360.4,-0.3956507192108839,2011-04-01
2011-04-06,7.8,7.93,7.73,7.87,98356808.0,770191424.0,6324966980.0,0.0155505646608134,84427080.0,0.16499123267084448,91253031.2,0.0778470227956658,2011-04-06
2011-04-07,7.87,8.19,7.85,8.1,208873536.0,1682498944.0,6324966980.0,0.0330236563543293,80623929.6,1.5907139113199467,94285549.6,1.215329251259941,2011-04-07
2011-04-08,8.08,8.15,8.01,8.12,145124272.0,1175425152.0,6324966980.0,0.0229446687166736,100046881.6,0.4505626730098904,104733901.6,0.3856475294337742,2011-04-08
2011-04-11,8.2,8.28,8.04,8.06,158369232.0,1295021056.0,6324966980.0,0.0250387444710422,115802581.6,0.3675794599038542,111627971.2,0.41872355376104875,2011-04-11
2011-04-12,7.99,7.99,7.86,7.92,100254104.0,793604736.0,6324966980.0,0.0158505339738548,133179143.2,-0.24722368990281962,120389982.4,-0.16725543104656193,2011-04-12
2011-04-13,7.8,7.94,7.78,7.93,62496064.0,491633088.0,6324966980.0,0.0098808522159273,142195590.4,-0.5604922499762693,113311335.2,-0.4484570860479985,2011-04-13
2011-04-14,7.92,7.97,7.81,7.91,62116092.0,489985216.0,6324966980.0,0.0098207772777969,135023441.6,-0.539960681908733,107823685.6,-0.42391051043797745,2011-04-14
2011-04-15,7.99,8.05,7.91,7.97,75725968.0,604410944.0,6324966980.0,0.0119725475626119,105671952.8,-0.2833863102414437,102859417.2,-0.2637915899060723,2011-04-15
2011-04-18,7.97,8.08,7.87,7.93,75886584.0,603319424.0,6324966980.0,0.0119979415291745,91792292.0,-0.17327934245284993,103797436.8,-0.2688973221350298,2011-04-18
2011-04-19,7.93,8.1,7.91,7.94,102380656.0,817377856.0,6324966980.0,0.0161867494840265,75295762.4,0.35971338541091646,104237452.8,-0.01781314441329096,2011-04-19
2011-04-20,7.98,8.27,7.83,8.17,231974032.0,1880014336.0,6324966980.0,0.0366759277532228,75721072.8,2.0635333523695136,108958331.6,1.129016006335398,2011-04-20
2011-04-21,8.24,8.25,8.03,8.09,142412624.0,1154382976.0,6324966980.0,0.0225159474271279,109616666.4,0.2991876935969291,122320054.0,0.16426227215367328,2011-04-21
2011-04-22,8.09,8.24,8.04,8.19,188401568.0,1537647488.0,6324966980.0,0.0297869646743989,125675972.8,0.49910570654440956,115673962.8,0.6287292614479358,2011-04-22
2011-04-25,8.19,8.19,7.88,7.96,138611632.0,1107887104.0,10535869100.0,0.0131561649717155,148211092.8,-0.06476884164772867,120001692.4,0.15508064284600032,2011-04-25
2011-04-26,7.82,7.88,7.7,7.72,87238592.0,678023488.0,10535869100.0,0.0082801514684725,160756102.4,-0.45732329474541933,118025932.4,-0.2608523379053602,2011-04-26
2011-04-27,7.76,7.81,7.6,7.66,67678664.0,519727072.0,10535869100.0,0.0064236432094624,157727689.6,-0.5709145035241802,116724381.2,-0.4201839983710276,2011-04-27
2011-04-28,7.82,7.85,7.61,7.62,56580364.0,436827584.0,10535869100.0,0.0053702607220129,124868616.0,-0.5468808271247276,117242641.2,-0.5174079718702209,2011-04-28
2011-04-29,7.65,7.73,7.63,7.72,39657692.0,304879904.0,10535869100.0,0.0037640646085855,107702164.0,-0.6317837030646849,116689068.4,-0.6601421834643767,2011-04-29
2011-05-03,7.7,7.71,7.23,7.56,81120152.0,606277504.0,10535869100.0,0.0076994267136443,77953388.8,0.04062380415718381,113082240.8,-0.28264463609744805,2011-05-03
2011-05-04,7.41,7.43,7.22,7.26,72384720.0,530168512.0,10535869100.0,0.0068703131476832,66455092.8,0.08922758136604392,113605597.6,-0.3628419591183947,2011-05-04
2011-05-05,7.13,7.27,7.1,7.23,43037176.0,309782816.0,10535869100.0,0.0040848244783147,63484318.4,-0.3220817820105949,110606004.0,-0.6108965657958314,2011-05-05
2011-05-06,7.07,7.2,7.01,7.18,51892820.0,370136320.0,10535869100.0,0.0049253478291601,58556020.8,-0.11379189891947028,91712318.4,-0.4341782989971825,2011-05-06
2011-05-09,7.3,7.39,7.28,7.32,50764100.0,372193312.0,10535869100.0,0.0048182166576082,57618512.0,-0.11896197527627927,82660338.0,-0.38587112963414205,2011-05-09
2011-05-10,7.32,7.39,7.3,7.35,33536162.0,246349424.0,10535869100.0,0.0031830465699312,59839793.6,-0.4395675522517176,68896591.2,-0.5132391687906905,2011-05-10
2011-05-11,7.37,7.39,7.29,7.31,30525150.0,223420688.0,10535869100.0,0.0028972597998583,50322995.6,-0.39341548260294745,58389044.2,-0.47721100048423126,2011-05-11
2011-05-12,7.2,7.3,7.12,7.13,45473944.0,327616576.0,10535869100.0,0.0043161075340239,41951081.6,0.08397548443661584,52717700.0,-0.13740652570199385,2011-05-12
2011-05-13,7.15,7.25,7.13,7.24,33435800.0,240137792.0,10535869100.0,0.003173520825159,42438435.2,-0.2121340044130563,50497228.0,-0.33786860538166574,2011-05-13
2011-05-16,7.19,7.23,7.13,7.15,28684072.0,205695792.0,10535869100.0,0.0027225159811448,38747031.2,-0.2597091670858128,48182771.6,-0.4046819838815582,2011-05-16
2011-05-17,7.13,7.28,7.08,7.21,35449796.0,254730288.0,10535869100.0,0.0033646769586383,34331025.6,0.032587736033146575,47085409.6,-0.24711717916116416,2011-05-17
2011-05-18,7.17,7.23,7.12,7.19,24213332.0,174059888.0,10535869100.0,0.0022981807926979,34713752.4,-0.30248589317010854,42518374.0,-0.4305207438083122,2011-05-18
2011-05-19,7.22,7.26,7.15,7.16,27298034.0,196325984.0,10535869100.0,0.0025909617650811,33451388.8,-0.1839491578896718,37701235.2,-0.27593794062216837,2011-05-19
2011-05-20,7.17,7.2,7.12,7.18,22153500.0,158413520.0,10535869100.0,0.0021026741875523,29816206.8,-0.2569980430911152,36127321.0,-0.3867937232323426,2011-05-20
2011-05-23,7.19,7.2,7.0,7.0,44079696.0,311621792.0,10535869100.0,0.0041837740751733,27559746.8,0.5994231122616844,33153389.0,0.32956832859530594,2011-05-23
2011-05-24,7.01,7.11,7.0,7.09,28384504.0,199957936.0,10535869100.0,0.002694082826067,30638871.6,-0.0735786757890915,32484948.6,-0.1262259839315245,2011-05-24
2011-05-25,7.1,7.15,7.02,7.04,24528400.0,173702448.0,10535869100.0,0.0023280851125988,29225813.2,-0.16072822911220142,31969782.8,-0.23276300769863223,2011-05-25
2011-05-26,7.1,7.15,7.04,7.05,21674020.0,153449168.0,10535869100.0,0.002057164890175,29288826.8,-0.2599901611627544,31370107.8,-0.30908684987049995,2011-05-26
2011-05-27,7.06,7.09,6.96,6.97,32120774.0,224816752.0,10535869100.0,0.0030487066320898,28164024.0,0.14048951243614893,28990115.4,0.10799055322146112,2011-05-27
2011-05-31,7.02,7.14,7.02,7.13,35843320.0,254535952.0,10535869100.0,0.0034020278403041,30157478.8,0.18853834691247462,28858612.8,0.24203198013731275,2011-05-31
2011-06-01,7.11,7.14,7.07,7.1,25431654.0,180544816.0,10535869100.0,0.0024138164358932,28510203.6,-0.10798062487354532,29574537.6,-0.14008278526728346,2011-06-01
2011-06-02,7.09,7.18,7.05,7.12,44819772.0,318704544.0,10535869100.0,0.004254017544694,27919633.6,0.6053137602780001,28572723.4,0.5686209316679978,2011-06-02
2011-06-03,7.07,7.14,7.05,7.12,29944748.0,212613440.0,10535869100.0,0.0028421716059475,31977908.0,-0.06358014414201207,30633367.4,-0.022479389582223952,2011-06-03
2011-06-07,7.12,7.23,7.09,7.22,43632424.0,312729888.0,10535869100.0,0.0041413217633844,33632053.6,0.29734641003307627,30898038.8,0.4121421842476294,2011-06-07
2011-06-08,7.2,7.2,7.11,7.17,30176580.0,215748416.0,10535869100.0,0.0028641756758348,35934383.6,-0.1602310384419674,33045931.2,-0.08682918277091856,2011-06-08
2011-06-09,7.15,7.37,7.13,7.19,67417616.0,490613440.0,10535869100.0,0.0063988661362544,34801035.6,0.9372301667942318,31655619.6,1.129720310386848,2011-06-09
2011-06-10,7.16,7.2,7.04,7.13,40110968.0,285593152.0,10535869100.0,0.0038070867831871,43198228.0,-0.0714672833339367,35558930.8,0.12801389405105512,2011-06-10
2011-06-13,7.06,7.2,7.0,7.16,34959312.0,248046544.0,10535869100.0,0.0033181232291505,42256467.2,-0.17268729933012483,37117187.6,-0.05813682931085007,2011-06-13
2011-06-14,7.12,7.19,7.09,7.17,40327816.0,288307168.0,10535869100.0,0.0038276686638029,43259380.0,-0.06776712934859441,38445716.8,0.04895471736919221,2011-06-14
2011-06-15,7.15,7.2,7.08,7.09,29324876.0,209539952.0,10535869100.0,0.0027833371620002,42598458.4,-0.3115977173483818,39266421.0,-0.25318184715637826,2011-06-15
2011-06-16,7.05,7.06,6.87,6.88,64099092.0,445172352.0,10535869100.0,0.0060838922154034,42428117.6,0.5107691697356849,38614576.6,0.6599713798234421,2011-06-16
2011-06-17,6.88,6.93,6.77,6.78,30455006.0,208847600.0,10535869100.0,0.002890602162094,41764412.8,-0.2707905137840223,42481320.4,-0.2830965301163285,2011-06-17
2011-06-20,6.78,6.84,6.7,6.73,22582092.0,152539872.0,10535869100.0,0.0021433535084447,39833220.4,-0.43308394919533044,41044843.8,-0.4498190294002288,2011-06-20
2011-06-21,6.8,6.81,6.7,6.79,22166246.0,149758304.0,10535869100.0,0.0021038839596061,37357776.4,-0.40664974910016327,40308578.2,-0.450086135759559,2011-06-21
2011-06-22,6.81,6.82,6.73,6.75,18942740.0,128072520.0,10535869100.0,0.0017979285638619,33725462.4,-0.438325269633664,38161960.4,-0.503622460653253,2011-06-22
2011-06-23,6.71,6.85,6.7,6.84,25963060.0,176246400.0,10535869100.0,0.0024642542303415,31649035.2,-0.17965714164961333,37038576.4,-0.2990265144207864,2011-06-23
2011-06-24,6.77,7.03,6.74,7.01,62717376.0,435373504.0,10535869100.0,0.0059527482170407,24021828.8,1.6108493454919635,32893120.8,0.9067019022409086,2011-06-24
2011-06-27,7.03,7.07,6.99,7.05,47104336.0,331362688.0,10535869100.0,0.0044708543313242,30474302.8,0.5457067651109642,35153761.6,0.33995151176083516,2011-06-27
2011-06-28,7.05,7.22,7.03,7.14,50250744.0,359267328.0,10535869100.0,0.0047694920583248,35378751.6,0.42036509846774806,36368264.0,0.3817196223608583,2011-06-28
2011-06-29,7.16,7.17,7.08,7.08,31596104.0,224801472.0,10535869100.0,0.0029989081773994,40995651.2,-0.22928156828497948,37360556.8,-0.1542924756410482,2011-06-29
2011-06-30,7.12,7.26,7.11,7.24,64333592.0,463549440.0,10535869100.0,0.006106149515468,43526324.0,0.47803871514626417,37587679.6,0.7115606146648115,2011-06-30
2011-07-01,7.27,7.33,7.21,7.3,69581016.0,506624896.0,10535869100.0,0.006604202780006,51200430.4,0.35899279471681944,37611129.6,0.8500113328156993,2011-07-01
2011-07-04,4.9,5.28,4.86,5.28,106911648.0,555051648.0,10535869100.0,0.0101473971425859,52573158.4,1.0335785646844458,41523730.6,1.5747120129904704,2011-07-04
2011-07-05,5.52,5.57,5.29,5.36,501974208.0,2716201472.0,15803803650.0,0.0317628729840616,64534620.8,6.778370768702185,49956686.2,9.048188664683687,2011-07-05
2011-07-06,5.35,5.35,5.21,5.31,183627552.0,970707520.0,15803803650.0,0.0116191997867551,154879313.6,0.18561703129862006,97937482.4,0.8749466241129351,2011-07-06
2011-07-07,5.3,5.43,5.29,5.32,175380048.0,939200192.0,15803803650.0,0.0110973314958895,185285603.2,-0.05346100845896695,114405963.6,0.5329624652538656,2011-07-07
2011-07-08,5.35,5.36,5.25,5.28,105462320.0,558078208.0,15803803650.0,0.0066732238855675,207494894.4,-0.49173534941686736,129347662.4,-0.18466002366657386,2011-07-08
2011-07-11,5.29,5.33,5.25,5.3,97181936.0,514673440.0,15803803650.0,0.0061492750829006,214671155.2,-0.5472985836897383,133622156.8,-0.2727109161584794,2011-07-11
2011-07-12,5.28,5.32,5.22,5.22,112498032.0,590644800.0,15803803650.0,0.0071184149393048,212725212.8,-0.47115797643710244,138629916.8,-0.18850104943581714,2011-07-12
2011-07-13,5.28,5.49,5.28,5.44,332469280.0,1798746496.0,15803803650.0,0.021037295031187,134829977.6,1.465840949601997,144854645.6,1.2951923883620342,2011-07-13
2011-07-14,5.51,5.97,5.51,5.78,465288128.0,2682959616.0,15803803650.0,0.029441528021009,164598323.2,1.826809647596702,174941963.2,1.6596713532251024,2011-07-14
2011-07-15,5.74,5.83,5.66,5.75,206863712.0,1188532992.0,15803803650.0,0.0130894888712439,222579939.2,-0.07060936064807766,215037416.8,-0.03801061657842619,2011-07-15
2011-07-18,5.77,5.85,5.72,5.77,196671552.0,1134771072.0,15803803650.0,0.0124445707094064,242860217.6,-0.19018621516709044,228765686.4,-0.14029260640025776,2011-07-18
2011-07-19,5.79,5.94,5.79,5.83,239320784.0,1399669120.0,15803803650.0,0.0151432395200632,262758140.8,-0.08919745256471234,237741676.8,0.006642113495852975,2011-07-19
2011-07-20,5.78,5.79,5.6,5.65,201269792.0,1141579648.0,15803803650.0,0.0127355285130994,288122691.2,-0.30144414811019227,211476334.4,-0.04826328406418612,2011-07-20
2011-07-21,5.65,5.69,5.5,5.53,131618984.0,732160064.0,15803803650.0,0.0083283105077048,261882793.6,-0.49741263184692097,213240558.4,-0.38276758892599116,2011-07-21
2011-07-22,5.51,5.58,5.45,5.54,94061848.0,518579776.0,15803803650.0,0.0059518486867558,195148964.8,-0.5179997593305194,208864452.0,-0.5496512350507592,2011-07-22
2011-07-25,5.62,5.64,5.41,5.47,149190800.0,824510208.0,15803803650.0,0.0094401830916192,172588592.0,-0.13556974843389413,207724404.8,-0.28178492005480527,2011-07-25
2011-07-26,5.47,5.53,5.43,5.5,86178216.0,472700416.0,15803803650.0,0.0054530047264919,163092441.6,-0.47159895851359923,212925291.2,-0.5952654777912075,2011-07-26
2011-07-27,5.52,5.75,5.51,5.7,210653504.0,1196005760.0,15803803650.0,0.0133292913949864,132463928.0,0.5902707037345292,210293309.6,0.0017128191129101022,2011-07-27
2011-07-28,5.6,5.65,5.51,5.6,111923984.0,624059392.0,15803803650.0,0.0070820915318066,134340670.4,-0.1668644821650377,198111732.0,-0.4350461586999804,2011-07-28
2011-07-29,5.58,5.65,5.48,5.51,93402424.0,517454144.0,15803803650.0,0.0059101230354757,130401670.4,-0.2837329175807859,162775317.6,-0.42618804019461487,2011-07-29
2011-08-01,5.52,5.59,5.48,5.5,71814624.0,396348800.0,15803803650.0,0.0045441354240059,130269785.6,-0.448723864330978,151429188.8,-0.5257544165091639,2011-08-01
2011-08-02,5.5,5.52,5.33,5.51,95933128.0,519905376.0,15803803650.0,0.0060702556248223,114794550.4,-0.16430590419386326,138943496.0,-0.30955294229821306,2011-08-02
2011-08-03,5.61,5.65,5.53,5.63,153868528.0,860567744.0,15803803650.0,0.0097361705705575,116745532.8,0.3179821472363866,124604730.4,0.234853022883311,2011-08-03
2011-08-04,5.62,5.73,5.59,5.61,119046280.0,672065472.0,15803803650.0,0.0075327612666207,105388537.6,0.12959419222456314,119864604.0,-0.00682706964935198,2011-08-04
2011-08-05,5.38,5.59,5.33,5.5,116042152.0,634982528.0,15803803650.0,0.0073426723445782,106812996.8,0.0864047960126142,118607333.6,-0.021627512584095343,2011-08-05
2011-08-08,5.45,5.9,5.28,5.73,458759552.0,2585354240.0,15803803650.0,0.0290284264573231,111340942.4,3.120313176009187,120805364.0,2.797509786072082,2011-08-08
2011-08-09,5.72,5.83,5.6,5.67,364375392.0,2078502656.0,15803803650.0,0.0230561831866343,188729928.0,0.9306709638547628,151762239.2,1.4009621492195277,2011-08-09
2011-08-10,5.72,5.78,5.63,5.72,199194528.0,1135700224.0,15803803650.0,0.0126042143025486,242418380.8,-0.17830270401674098,179581956.8,0.10921237049355947,2011-08-10
2011-08-11,5.83,5.88,5.71,5.72,229674768.0,1325287040.0,15803803650.0,0.0145328791148325,251483580.8,-0.08672062299504213,178436059.2,0.2871544520189673,2011-08-11
2011-08-12,5.64,5.68,5.6,5.66,147419328.0,832133184.0,15803803650.0,0.0093280915952154,273609278.4,-0.46120493843603505,190211137.6,-0.22497005243713974,2011-08-12
2011-08-15,5.62,5.63,5.55,5.6,117021336.0,652682304.0,15803803650.0,0.0074046310996783,279884713.6,-0.5818945075819961,195612828.0,-0.4017706446123257,2011-08-15
2011-08-16,5.62,5.7,5.54,5.68,149833936.0,842031360.0,15803803650.0,0.0094808781049364,211537070.4,-0.2916894626711253,200133499.2,-0.25133005419414556,2011-08-16
2011-08-17,5.69,5.73,5.59,5.62,92756592.0,523385152.0,15803803650.0,0.0058692574303148,168628779.2,-0.4499361708004347,205523580.0,-0.548681508953863,2011-08-17
2011-08-18,5.6,5.65,5.55,5.56,80820696.0,451898272.0,15803803650.0,0.0051140027926125,147341192.0,-0.45147249792848154,199412386.4,-0.5947057378979344,2011-08-18
2011-08-19,5.62,5.72,5.58,5.7,227150192.0,1284969856.0,15803803650.0,0.0143731342802401,117570377.6,0.9320359144615014,195589828.0,0.1613599455693575,2011-08-19
2011-08-22,5.72,5.74,5.62,5.71,152503232.0,866920704.0,15803803650.0,0.0096497802286982,133516550.4,0.14220470453376843,206700632.0,-0.26220239133085965,2011-08-22
2011-08-23,5.72,5.73,5.63,5.66,122973544.0,695322304.0,15803803650.0,0.0077812624557633,140612929.6,-0.12544639849392625,176075000.0,-0.3015843021439727,2011-08-23
2011-08-24,5.6,5.61,5.48,5.5,168856048.0,934556224.0,15803803650.0,0.0106845194827512,135240851.2,0.24855800966742225,151934815.2,0.11137166144392707,2011-08-24
2011-08-25,5.35,5.52,5.29,5.51,163124816.0,884353216.0,15803803650.0,0.0103218705833516,150460742.4,0.08416862364225586,148900967.2,0.09552556351695762,2011-08-25
2011-08-26,5.49,5.54,5.45,5.49,87414752.0,479857536.0,15803803650.0,0.0055312476626473,166921566.4,-0.47631241495466825,142245972.0,-0.38546764614185347,2011-08-26
2011-08-29,5.49,5.51,5.39,5.4,83760232.0,455034496.0,15803803650.0,0.0053000045973109,138974478.4,-0.39729774153985964,136245514.4,-0.38522576417385523,2011-08-29
2011-08-30,5.42,5.45,5.36,5.37,73165688.0,395332032.0,15803803650.0,0.0046296252231658,125225878.4,-0.41573028726305183,132919404.0,-0.4495484797689885,2011-08-30
2011-08-31,5.4,5.42,5.33,5.36,51507944.0,276170080.0,15803803650.0,0.0032592118417011,115264307.2,-0.5531318822692755,125252579.2,-0.5887673984121837,2011-08-31
2011-09-01,5.36,5.39,5.3,5.31,53453012.0,285192832.0,15803803650.0,0.0033822877823466,91794686.4,-0.4176894753245761,121127714.4,-0.5587053527363512,2011-09-01
2011-09-02,5.31,5.33,5.18,5.2,92719776.0,484212128.0,15803803650.0,0.005866927864546,69860325.6,0.3272164880949253,118390946.0,-0.216833895389264,2011-09-02
2011-09-05,5.24,5.29,5.18,5.2,73281104.0,382992640.0,15803803650.0,0.004636928275175,70921330.4,0.03327311524883614,104947904.4,-0.3017382822557818,2011-09-05
2011-09-06,5.2,5.35,5.2,5.34,126497712.0,669347840.0,15803803650.0,0.0080042573801529,68825504.8,0.83794819039235,97025691.6,0.3037548087933444,2011-09-06
2011-09-07,5.28,5.33,5.24,5.31,72768528.0,383822304.0,15803803650.0,0.004604494564193,79491909.6,-0.08457944505084569,97378108.4,-0.25272189822081204,2011-09-07
2011-09-08,5.28,5.28,5.22,5.27,53760508.0,282004608.0,15803803650.0,0.0034017448704508,83744026.4,-0.35803769759988524,87769356.4,-0.38747975141811575,2011-09-08
2011-09-09,5.3,5.31,5.22,5.23,46183408.0,242373168.0,15803803650.0,0.0029222970003173,83805525.6,-0.44892168303518154,76832925.6,-0.3989112396886264,2011-09-09
2011-09-13,5.16,5.16,5.03,5.07,74009872.0,375197056.0,15803803650.0,0.0046830417309063,74498252.0,-0.006555590055992155,72709791.2,0.017880408931775227,2011-09-13
2011-09-14,5.1,5.12,4.98,5.06,50519864.0,254558400.0,15803803650.0,0.003196690184138,74644005.6,-0.3231892689317305,71734755.2,-0.29574076249165204,2011-09-14
2011-09-15,5.07,5.07,5.01,5.03,46967076.0,236788176.0,15803803650.0,0.0029718843033082,59448436.0,-0.20995270590465998,69470172.8,-0.3239245836451986,2011-09-15
2011-09-16,5.02,5.06,4.99,5.02,50832948.0,255182480.0,15803803650.0,0.003216500858007,54288145.6,-0.06364552632646936,69016086.0,-0.26346231804568,2011-09-16
2011-09-19,5.03,5.05,4.96,4.97,40031248.0,199816752.0,15803803650.0,0.0025330135002025,53702633.6,-0.2545757011067703,68754079.6,-0.4177618516181838,2011-09-19
2011-09-20,4.93,4.95,4.86,4.91,47094792.0,230851872.0,15803803650.0,0.0029799656489657,52472201.6,-0.10248111258971837,63485226.8,-0.2581771480731325,2011-09-20
2011-09-21,4.92,5.03,4.88,5.01,83933816.0,417492288.0,15803803650.0,0.0053109882822417,47089185.6,0.7824435681045203,60866595.6,0.37897996713323656,2011-09-21
2011-09-22,4.96,4.99,4.83,4.85,85759016.0,420180032.0,15803803650.0,0.0054264794665428,53771976.0,0.5948645071179828,56610206.0,0.514903796675815,2011-09-22
2011-09-23,4.75,4.75,4.64,4.71,99398024.0,466310752.0,15803803650.0,0.0062895000596897,61530364.0,0.6154304564166075,57909254.8,0.7164445362539875,2011-09-23
2011-09-26,4.61,4.67,4.47,4.5,107047976.0,487219712.0,15803803650.0,0.0067735577061538,71243379.2,0.5025673571643272,62473006.4,0.7135076758527825,2011-09-26
2011-09-27,4.52,4.55,4.46,4.52,82622880.0,371575968.0,15803803650.0,0.0052280376186526,84646724.8,-0.023909310192235522,68559463.2,0.2051272886862392,2011-09-27
2011-09-28,4.54,4.54,4.45,4.47,68249920.0,306970336.0,15803803650.0,0.0043185755474758,91752342.4,-0.25615065278159055,69420764.0,-0.016865904846567248,2011-09-28
2011-09-29,4.4,4.4,4.25,4.29,80650688.0,347547200.0,15803803650.0,0.0051032453823228,88615563.2,-0.0898812230310353,71193769.6,0.1328335113189456,2011-09-29
2011-09-30,4.31,4.34,4.26,4.34,52742480.0,226888016.0,15803803650.0,0.0033373282260438,87593897.6,-0.3978749496814261,74562130.8,-0.29263716803543927,2011-09-30
2011-10-10,4.36,4.39,4.3,4.33,40917180.0,177274736.0,15803803650.0,0.002589071650482,78262788.8,-0.47718218801832424,74753084.0,-0.45263555949076295,2011-10-10
2011-10-11,4.42,4.47,4.33,4.36,53166344.0,233630288.0,15803803650.0,0.0033641486048202,65036629.6,-0.18251692427800714,74841677.2,-0.28961581315283513,2011-10-11
2011-10-12,4.34,4.52,4.31,4.5,88527008.0,392243968.0,15803803650.0,0.0056016266691594,59145322.4,0.4967710785527817,75448832.4,0.17333834313915752,2011-10-12
2011-10-13,4.48,4.63,4.45,4.57,91684552.0,417424832.0,15803803650.0,0.0058014231276531,63200740.0,0.4506879508056394,75908151.6,0.2078353914232316,2011-10-13
2011-10-14,4.56,4.56,4.46,4.52,54280116.0,244345920.0,15803803650.0,0.0034346235376064,65407512.8,-0.17012413901174972,76500705.2,-0.2904625407296245,2011-10-14
2011-10-17,4.53,4.58,4.5,4.53,49807068.0,226488768.0,15803803650.0,0.0031515873711832,65715040.0,-0.2420750561819638,71988914.4,-0.30812864153984243,2011-10-17
2011-10-18,4.5,4.51,4.35,4.36,56820620.0,250977232.0,15803803650.0,0.0035953762308354,67493017.6,-0.15812595109097616,66264823.6,-0.1425221269282908,2011-10-18
2011-10-19,4.37,4.4,4.29,4.31,45431428.0,196835824.0,15803803650.0,0.0028747147842475,68223872.8,-0.33408312757055914,63684597.6,-0.28661827644177496,2011-10-19
2011-10-20,4.29,4.29,4.13,4.17,69036544.0,289351584.0,15803803650.0,0.0043683498940459,59604756.8,0.15823883371670777,61402748.4,0.12432335357809499,2011-10-20
2011-10-21,4.16,4.16,4.05,4.1,56491656.0,230731824.0,15803803650.0,0.0035745607355733,55075155.2,0.02571941549426615,60241334.0,-0.06224427234629304,2011-10-21
2011-10-24,4.11,4.19,4.05,4.19,52421308.0,216496944.0,15803803650.0,0.0033170057766441,55517463.2,-0.055769032328552126,60616251.6,-0.13519383636714355,2011-10-24
2011-10-25,4.19,4.36,4.16,4.31,89119408.0,380907936.0,15803803650.0,0.0056391113160913,56040311.2,0.590273253157809,61766664.4,0.44283990184193933,2011-10-25
2011-10-26,4.34,4.74,4.34,4.58,233822992.0,1065518720.0,15803803650.0,0.0147953617482459,62500068.8,2.74116375372694,65361970.8,2.5773552899050594,2011-10-26
2011-10-27,4.57,4.57,4.46,4.53,111054208.0,501873024.0,15803803650.0,0.0070270556670703,100178381.6,0.10856460472106488,79891569.2,0.39006166873487813,2011-10-27
2011-10-28,4.64,4.69,4.56,4.61,139246896.0,643976448.0,15803803650.0,0.0088109735531926,108581914.4,0.2824133445191863,81828534.8,0.7016911807151165,2011-10-28
2011-10-31,4.6,4.61,4.48,4.53,103098200.0,467680256.0,15803803650.0,0.0065236320498072,125132962.4,-0.17609079156588403,90325212.8,0.14141109446685962,2011-10-31
2011-11-01,4.46,4.55,4.45,4.51,63459944.0,285851392.0,15803803650.0,0.0040154854745996,135268340.8,-0.5308588571081224,95654326.0,-0.3365700574796795,2011-11-01
2011-11-02,4.44,4.57,4.41,4.56,104267800.0,469090400.0,15803803650.0,0.006597639549894,130136448.0,-0.1987809595049036,96318258.4,0.08253410861091726,2011-11-02
2011-11-03,4.57,4.68,4.56,4.6,150545856.0,695390464.0,15803803650.0,0.0095259254881972,104225409.6,0.44442565951786883,102201895.6,0.4730241070010057,2011-11-03
2011-11-04,4.68,4.79,4.66,4.7,162445712.0,766748608.0,15803803650.0,0.0102788996622341,112123739.2,0.4488074796563688,110352826.8,0.47205755131593974,2011-11-04
2011-11-07,4.68,4.78,4.62,4.76,137369776.0,647137856.0,15803803650.0,0.008692197083833,116763502.4,0.17647872131660214,120948232.4,0.13577332445579415,2011-11-07
2011-11-08,4.91,4.94,4.77,4.78,166618192.0,804656832.0,15803803650.0,0.0105429171160323,123617817.6,0.3478493249180288,129443079.2,0.28719274162631314,2011-11-08
2011-11-09,4.79,4.82,4.7,4.78,80570064.0,383401728.0,15803803650.0,0.0050981438256479,144249467.2,-0.4414532991772464,137192957.6,-0.4127244910419512,2011-11-09
2011-11-10,4.71,4.71,4.64,4.65,87062984.0,406973824.0,15803803650.0,0.0055089892236164,139509920.0,-0.3759369656293975,121867664.8,-0.2855940569397043,2011-11-10
2011-11-11,4.63,4.68,4.62,4.64,42013684.0,195028256.0,15803803650.0,0.0026584539349171,126813345.6,-0.6686966675217186,119468542.4,-0.6483284791461555,2011-11-11
2011-11-14,4.7,4.78,4.68,4.75,85297672.0,404746208.0,15803803650.0,0.0053972875067958,102726940.0,-0.1696659902455967,109745221.2,-0.22276641235655004,2011-11-14
2011-11-15,4.72,4.73,4.68,4.71,55555144.0,261245504.0,15803803650.0,0.0035153020899497,92312519.2,-0.39818407642373177,107965168.4,-0.48543456354206926,2011-11-15
2011-11-16,4.71,4.74,4.57,4.61,70409448.0,327077024.0,15803803650.0,0.0044552216390008,70099909.6,0.004415674738616371,107174688.4,-0.3430403292873022,2011-11-16
2011-11-17,4.6,4.63,4.54,4.57,47470136.0,217416192.0,15803803650.0,0.0030037158807651,68067786.4,-0.3026049690959247,103788853.2,-0.5426278011905039,2011-11-17
2011-11-18,4.48,4.5,4.43,4.45,53333552.0,237854000.0,15803803650.0,0.003374728842572,60149216.8,-0.11331261091333111,93481281.2,-0.4294734591207122,2011-11-18
2011-11-21,4.45,4.47,4.38,4.43,36542980.0,161115760.0,15803803650.0,0.0023122901808514,62413190.4,-0.4144990863982495,82570065.2,-0.5574306510296907,2011-11-21
2011-11-22,4.37,4.43,4.33,4.42,39339904.0,172011712.0,15803803650.0,0.0024892680819911,52662252.0,-0.2529771799352599,72487385.6,-0.45728620677416176,2011-11-22
2011-11-23,4.43,4.46,4.37,4.38,33987480.0,149987888.0,15803803650.0,0.0021505886021306,49419204.0,-0.3122616867726158,59759556.8,-0.4312628503295727,2011-11-23
2011-11-24,4.3,4.38,4.26,4.33,46993892.0,202609232.0,15803803650.0,0.0029735811100133,42134810.4,0.11532226094934561,55101298.4,-0.14713639488393615,2011-11-24
2011-11-25,4.33,4.39,4.29,4.33,35797168.0,155529936.0,15803803650.0,0.0022650982505721,42039561.6,-0.14848855131733818,51094389.2,-0.299391409497464,2011-11-25
2011-11-28,4.35,4.38,4.31,4.34,29947814.0,129984408.0,15803803650.0,0.0018949750745606,38532284.8,-0.2227864463412249,50472737.6,-0.40665366247144086,2011-11-28
2011-11-29,4.39,4.45,4.36,4.44,48228844.0,212487200.0,15803803650.0,0.003051723817133,37213251.6,0.29601262793171235,44937751.8,0.07323669004732025,2011-11-29
2011-11-30,4.44,4.46,4.25,4.27,69737576.0,302622976.0,15803803650.0,0.0044127083292381,38991039.6,0.7885539014968967,44205121.8,0.577590404920002,2011-11-30
2011-12-01,4.45,4.51,4.4,4.43,118366592.0,528377984.0,15803803650.0,0.0074897533923739,46141058.8,1.565320239248606,44137934.6,1.6817428833654575,2011-12-01
2011-12-02,4.4,4.43,4.33,4.41,47182164.0,206372768.0,15803803650.0,0.0029854941914568,60415598.8,-0.21904003374704606,51227580.2,-0.07896949620118898,2011-12-02
2011-12-05,4.41,4.41,4.31,4.33,43444056.0,188545504.0,15803803650.0,0.0027489620196591,62692598.0,-0.307030536523626,50612441.4,-0.14163287132005453,2011-12-05
2011-12-06,4.28,4.3,4.19,4.26,47531748.0,201594768.0,15803803650.0,0.0030076144359082,65391846.4,-0.2731242407616127,51302549.0,-0.07350124064985541,2011-12-06
2011-12-07,4.24,4.27,4.22,4.27,24624820.0,104660704.0,15803803650.0,0.0015581578046244,65252427.2,-0.6226221604826372,52121733.4,-0.5275517832259968,2011-12-07
2011-12-08,4.27,4.3,4.21,4.26,28920172.0,123021544.0,15803803650.0,0.0018299500955898,56229876.0,-0.4856796056245971,51185467.4,-0.43499251898987246,2011-12-08
2011-12-09,4.2,4.23,4.19,4.22,26173656.0,110139328.0,15803803650.0,0.0016561618063383,38340592.0,-0.3173382403693714,49378095.4,-0.4699338686927159,2011-12-09
2011-12-12,4.22,4.23,4.15,4.16,27069466.0,113458816.0,15803803650.0,0.0017128449960209,34138890.4,-0.20707832964600392,48415744.2,-0.44089538543125406,2011-12-12
2011-12-13,4.11,4.12,4.04,4.05,52376280.0,213017328.0,15803803650.0,0.0033141565891322,30863972.4,0.6970038503533655,48127909.4,0.08827249412998617,2011-12-13
2011-12-14,4.02,4.06,4.0,4.01,39682080.0,159647568.0,15803803650.0,0.0025109195785281,31832878.8,0.24657528617864122,48542653.0,-0.18253170052324907,2011-12-14
2011-12-15,3.93,3.93,3.79,3.81,64089920.0,245565232.0,15803803650.0,0.0040553477769891,34844330.8,0.8393213050313484,45537103.4,0.40742197493396115,2011-12-15
2011-12-16,3.81,3.93,3.8,3.92,44706488.0,172498256.0,15803803650.0,0.0028288435486858,41878280.4,0.06753399549805783,40109436.2,0.1146127254713194,2011-12-16
2011-12-19,3.9,3.9,3.76,3.85,52864704.0,201776832.0,15803803650.0,0.0033450620604236,45584846.8,0.15969906034651848,39861868.6,0.32619733737218737,2011-12-19
2011-12-20,3.82,3.88,3.8,3.84,37385000.0,143853488.0,15803803650.0,0.0023655697595306,50743894.4,-0.26326111856326107,40803933.4,-0.08378930939045204,2011-12-20
2011-12-21,3.9,3.92,3.82,3.83,31083252.0,120309328.0,15803803650.0,0.0019668209431341,47745638.4,-0.3489823774143943,39789258.6,-0.21880293592602906,2011-12-21
2011-12-22,3.8,3.85,3.72,3.8,44898232.0,169457008.0,15803803650.0,0.0028409763240762,46025872.8,-0.02450015027200081,40435101.8,0.11037761749866548,2011-12-22
2011-12-23,3.76,3.88,3.76,3.84,33012502.0,126496000.0,15803803650.0,0.0020888959854927,42187535.2,-0.2174820869838351,42032907.8,-0.21460342079878658,2011-12-23
2011-12-26,3.81,3.85,3.77,3.82,27773964.0,105925584.0,15803803650.0,0.0017574227455046,39848738.0,-0.30301521719458213,42716792.4,-0.3498115743353426,2011-12-26
2011-12-27,3.8,3.84,3.76,3.77,29235282.0,110757616.0,15803803650.0,0.0018498889664451,34830590.0,-0.16064350331131338,42787242.2,-0.316728994513229,2011-12-27
2011-12-28,3.75,3.79,3.73,3.78,25827988.0,97153856.0,15803803650.0,0.0016342893503362,33200646.4,-0.2220637005428906,40473142.4,-0.3618487108132231,2011-12-28
2011-12-29,3.75,3.79,3.74,3.77,23368208.0,88179536.0,15803803650.0,0.0014786445413727,32149593.6,-0.2731414184968112,39087733.2,-0.4021600618170409,2011-12-29
2011-12-30,3.78,3.84,3.78,3.82,30273952.0,115544416.0,15803803650.0,0.0019156117521113,27843588.8,0.0872862768322451,35015562.0,-0.13541436233409587,2011-12-30
2012-01-04,3.88,3.9,3.8,3.81,31264868.0,120237648.0,15803803650.0,0.0019783128601449,27295878.8,0.14540617025307134,33572308.4,-0.06873046596938803,2012-01-04
2012-01-05,3.79,3.82,3.76,3.78,29575140.0,112165128.0,15803803650.0,0.0018713937894311,27994059.6,0.05647913959574469,31412324.8,-0.05848611370528045,2012-01-05
2012-01-06,3.77,3.8,3.72,3.8,32262218.0,121057944.0,15803803650.0,0.00204142108536,28062031.2,0.14967508125356233,30631338.8,0.053242178236101,2012-01-06
2012-01-09,3.79,3.94,3.75,3.93,95963216.0,372118144.0,15803803650.0,0.006072159470293,29348877.2,2.2697406223090537,30749235.4,2.1208325914991697,2012-01-09
2012-01-10,3.91,4.14,3.89,4.12,122474840.0,493433792.0,15803803650.0,0.0077497065081544,43867878.8,1.7919024887977946,35855733.8,2.415767215451605,2012-01-10
2012-01-11,4.15,4.25,4.07,4.16,101194768.0,419521600.0,15803803650.0,0.0064031906647992,62308056.4,0.6241040701118707,44801967.6,1.2587125838642854,2012-01-11
2012-01-12,4.11,4.18,4.09,4.15,70783528.0,292804928.0,15803803650.0,0.0044788918900545,76294036.4,-0.07222724946821668,52144048.0,0.3574613156232136,2012-01-12
2012-01-13,4.15,4.18,4.02,4.06,60766036.0,248762736.0,15803803650.0,0.0038450260042303,84535714.0,-0.2811791238907617,56298872.6,0.07934729762243942,2012-01-13
2012-01-16,4.0,4.03,3.95,3.96,40686276.0,162250752.0,15803803650.0,0.0025744609905982,90236477.6,-0.5491149800820683,59792677.4,-0.31954416879816794,2012-01-16
2012-01-17,3.98,4.36,3.96,4.36,168959872.0,714800640.0,15803803650.0,0.0106910890404538,79181089.6,1.133841209479896,61524484.2,1.746221674134734,2012-01-17
2012-01-18,4.45,4.55,4.27,4.29,195219536.0,864496192.0,15803803650.0,0.012352693080947,88478096.0,1.206416557607659,75393076.2,1.5893562889267012,2012-01-18
2012-01-19,4.28,4.69,4.27,4.48,187809024.0,842404736.0,15803803650.0,0.0118837862175034,107283049.6,0.7505936371145066,91788543.0,1.0461052966054818,2012-01-19
2012-01-20,4.49,4.5,4.36,4.47,94722912.0,420628000.0,15803803650.0,0.0059936781105224,130688148.8,-0.27519891535872765,107611931.4,-0.11977314441175435,2012-01-20
2012-01-30,4.56,4.66,4.48,4.49,169178192.0,769495296.0,15803803650.0,0.0107049034363319,137479524.0,0.23057010293401947,113858000.8,0.48587003821693675,2012-01-30
2012-01-31,4.44,4.47,4.39,4.44,75016800.0,332255776.0,15803803650.0,0.0047467560127526,163177907.2,-0.540276001284566,121179498.4,-0.3809447885947018,2012-01-31
2012-02-01,4.43,4.5,4.36,4.37,95833408.0,424191072.0,15803803650.0,0.0060639457514394,144389292.8,-0.3362845253855278,116433694.4,-0.1769271902446823,2012-02-01
2012-02-02,4.42,4.47,4.37,4.46,61993708.0,274378240.0,15803803650.0,0.0039227080627517,124512067.2,-0.502106828726718,115897558.4,-0.4650991025536566,2012-02-02
2012-02-03,4.47,4.53,4.46,4.5,76130504.0,342176448.0,15803803650.0,0.0048172266427772,99349004.0,-0.23370641944231263,115018576.4,-0.33810253627865283,2012-02-03
2012-02-06,4.47,4.49,4.42,4.45,62084752.0,276496928.0,15803803650.0,0.0039284689543709,95630522.4,-0.35078518404078074,116555023.2,-0.4673352525230333,2012-02-06
2012-02-07,4.41,4.41,4.3,4.35,73128848.0,317693056.0,15803803650.0,0.0046272941387752,74211834.4,-0.014593176529807073,118694870.8,-0.38389209654036704,2012-02-07
2012-02-08,4.38,4.59,4.36,4.53,142939456.0,641976512.0,15803803650.0,0.0090446236340072,73834244.0,0.9359506951814933,109111768.4,0.3100278558036824,2012-02-08
2012-02-09,4.48,4.53,4.47,4.5,91963696.0,413431392.0,15803803650.0,0.0058190862172601,83255453.6,0.10459666032015957,103883760.4,-0.11474425217283535,2012-02-09
2012-02-10,4.5,4.58,4.47,4.5,98099984.0,444289216.0,15803803650.0,0.0062073654021891,89249451.2,0.09916624338862046,94299227.6,0.04030527605297163,2012-02-10
2012-02-13,4.45,4.56,4.41,4.53,90109120.0,407019232.0,15803803650.0,0.0057017362399336,93643347.2,-0.037741359164060295,94636934.8,-0.04784405591293517,2012-02-13
2012-02-14,4.55,4.55,4.45,4.48,59978772.0,268822656.0,15803803650.0,0.0037952111610801,99248220.8,-0.3956690455855507,86730027.6,-0.3084428350856422,2012-02-14
2012-02-15,4.51,4.56,4.46,4.52,92893216.0,419563904.0,15803803650.0,0.0058779024377463,96618205.6,-0.03855370296796312,85226224.8,0.08996046953847947,2012-02-15
2012-02-16,4.5,4.52,4.44,4.48,71877352.0,322181664.0,15803803650.0,0.0045481045950605,86608957.6,-0.17009332531211518,84932205.6,-0.15370910843271446,2012-02-16
2012-02-17,4.48,4.52,4.45,4.48,40812264.0,182907392.0,15803803650.0,0.0025824329954896,82591688.8,-0.505855073398136,85920570.0,-0.5250000785609313,2012-02-17
2012-02-20,4.52,4.58,4.49,4.55,142679792.0,646754112.0,15803803650.0,0.0090281931590563,71134144.8,1.005784878712705,82388746.0,0.7317873972738946,2012-02-20
2012-02-21,4.54,4.55,4.46,4.54,67706472.0,305117600.0,15803803650.0,0.0042841883827125,81648279.2,-0.17075445234858055,90448250.0,-0.2514341405168149,2012-02-21
2012-02-22,4.57,4.61,4.55,4.58,106989232.0,489878656.0,15803803650.0,0.0067698406263102,83193819.2,0.2860238059608158,89906012.4,0.1900119818905459,2012-02-22
2012-02-23,4.59,4.76,4.59,4.71,220089488.0,1033091328.0,15803803650.0,0.013926361835051,86013022.4,1.5587926323119183,86310990.0,1.5499590260753586,2012-02-23
2012-02-24,4.71,4.74,4.66,4.72,124253440.0,584271104.0,15803803650.0,0.0078622490352188,115655449.6,0.07434142039771219,99123569.2,0.25352064098192306,2012-02-24
2012-02-27,4.73,4.81,4.71,4.73,134017048.0,638514304.0,15803803650.0,0.0084800501808309,132343684.8,0.012644072911592419,101738914.8,0.3172643748309374,2012-02-27
2012-02-28,4.72,4.72,4.62,4.69,95571376.0,446153088.0,15803803650.0,0.0060473654391422,130611136.0,-0.2682754401584869,106129707.6,-0.09948516620618664,2012-02-28
2012-02-29,4.71,4.85,4.66,4.75,132731680.0,633737152.0,15803803650.0,0.0083987173556158,136184116.8,-0.025351244191496036,109688968.0,0.21007319532808433,2012-02-29
2012-03-01,4.58,4.67,4.53,4.65,110186320.0,509786848.0,15803803650.0,0.0069721392672453,141332606.4,-0.22037580140459367,113672814.4,-0.030671312383728666,2012-03-01
2012-03-02,4.65,4.7,4.65,4.68,83988040.0,392044640.0,15803803650.0,0.0053144193549886,119351972.8,-0.2962995245940333,117503711.2,-0.28523074597153664,2012-03-02
2012-03-05,4.67,4.7,4.61,4.64,81140400.0,376758816.0,15803803650.0,0.0051342323529816,111298892.8,-0.27096848891564174,121821288.8,-0.33393907748577356,2012-03-05
2012-03-06,4.62,4.63,4.52,4.53,89419488.0,407673472.0,15803803650.0,0.0056580991500739,100723563.2,-0.11222870638079252,115667349.6,-0.22692541750779427,2012-03-06
2012-03-07,4.46,4.5,4.42,4.46,77703744.0,346441344.0,15803803650.0,0.00491677482971,99493185.6,-0.21900436164142678,117838651.2,-0.34059204506577045,2012-03-07
2012-03-08,4.48,4.52,4.47,4.5,65953396.0,296820832.0,15803803650.0,0.0041732609098822,88487598.4,-0.2546594416331227,114910102.4,-0.4260435364471489,2012-03-08
2012-03-09,4.52,4.58,4.5,4.56,73911208.0,335484448.0,15803803650.0,0.0046767986768805,79641013.6,-0.07194541280926137,99496493.2,-0.2571476076907603,2012-03-09
2012-03-12,4.58,4.58,4.5,4.55,74681584.0,338580160.0,15803803650.0,0.0047255449165239,77625647.2,-0.03792642388429579,94462270.0,-0.20940303467193833,2012-03-12
2012-03-13,4.58,4.58,4.51,4.55,55622656.0,252549152.0,15803803650.0,0.0035195739729403,76333884.0,-0.27132417367888684,88528723.6,-0.3716993339775204,2012-03-13
2012-03-14,4.55,4.58,4.38,4.42,160944512.0,725806400.0,15803803650.0,0.010183909871596,69574517.6,1.3132680980313403,84533851.6,0.9039060560207577,2012-03-14
2012-03-15,4.34,4.39,4.28,4.32,120638632.0,522239712.0,15803803650.0,0.007633518782676,86222671.2,0.3991521060646517,87355134.8,0.38101363218318807,2012-03-15
2012-03-16,4.39,4.39,4.28,4.36,74132200.0,321809984.0,15803803650.0,0.0046907821459804,97159718.4,-0.2370068458329332,88400366.0,-0.16140392450411345,2012-03-16
2012-03-19,4.36,4.4,4.32,4.4,60169760.0,262200512.0,15803803650.0,0.0038072960998854,97203916.8,-0.38099449095450444,87414782.0,-0.3116752267368236,2012-03-19
2012-03-20,4.38,4.39,4.31,4.33,49292328.0,214077168.0,15803803650.0,0.0031190167311399,94301552.0,-0.4772903843618608,85317718.0,-0.422249807478442,2012-03-20
2012-03-21,4.35,4.53,4.3,4.43,105672832.0,466821056.0,15803803650.0,0.0066865442231687,93035486.4,0.13583360596048855,81305002.0,0.299708866620531,2012-03-21
2012-03-23,4.35,4.37,4.3,4.32,64684628.0,280032736.0,15803803650.0,0.0040929784647128,81981150.4,-0.21098169903212294,84101910.8,-0.23087802185821438,2012-03-23
2012-03-26,4.34,4.35,4.29,4.31,29189340.0,125968704.0,15803803650.0,0.0018469819447547,70790349.6,-0.5876649830812533,83975034.0,-0.6524045468085193,2012-03-26
2012-03-27,4.36,4.41,4.34,4.36,44069940.0,192785712.0,15803803650.0,0.0027885653970397,61801777.6,-0.2869146857678735,79502847.2,-0.4456809843660543,2012-03-27
2012-03-28,4.34,4.34,4.2,4.21,57055196.0,243251264.0,15803803650.0,0.0036102192398473,58581813.6,-0.026059582423033745,76441682.8,-0.25361146026471304,2012-03-28
2012-03-29,4.17,4.18,4.08,4.1,51809456.0,213236064.0,15803803650.0,0.0032782902867816,60134387.2,-0.1384387799997403,76584936.8,-0.32350331325206494,2012-03-29
2012-03-30,4.1,4.13,4.08,4.11,36403640.0,149447008.0,15803803650.0,0.0023034733160583,49361712.0,-0.26251261301471873,65671431.2,-0.44567006786963403,2012-03-30
2012-04-05,4.08,4.17,4.04,4.16,73383784.0,301166528.0,15803803650.0,0.0046434254452408,43705514.4,0.6790509162843763,57247932.0,0.28185912462305196,2012-04-05
2012-04-06,4.15,4.17,4.11,4.15,38720480.0,160239664.0,15803803650.0,0.0024500734669656,52544403.2,-0.2630903075896007,57173090.4,-0.3227499208263893,2012-04-06
2012-04-09,4.15,4.21,4.07,4.16,43353752.0,179638384.0,15803803650.0,0.0027432479522105,51474511.2,-0.157762725875093,55028162.4,-0.21215337548687618,2012-04-09
2012-04-10,4.15,4.18,4.09,4.17,39349088.0,162725488.0,15803803650.0,0.0024898492079152,48734222.4,-0.19257790394127638,54434304.8,-0.27712702229642505,2012-04-10
2012-04-11,4.14,4.25,4.12,4.23,79803960.0,335692192.0,15803803650.0,0.0050496679006765,46242148.8,0.7257839886540913,47801930.4,0.6694714906325205,2012-04-11
2012-04-12,4.22,4.29,4.19,4.28,73108992.0,310493152.0,15803803650.0,0.0046260377323784,54922212.8,0.3311370440631629,49313863.6,0.48252411518614013,2012-04-12
2012-04-13,4.3,4.37,4.3,4.32,68183696.0,295059392.0,15803803650.0,0.0043143851638526,54867254.4,0.24270289712182147,53705828.8,0.2695772046255063,2012-04-13
2012-04-16,4.28,4.32,4.24,4.26,47194408.0,201465952.0,15803803650.0,0.0029862689416544,60759897.6,-0.22326386540848941,56117204.4,-0.15900286722052037,2012-04-16
2012-04-17,4.25,4.26,4.2,4.22,34571304.0,146361104.0,15803803650.0,0.0021875305948894,61528028.8,-0.43812105353844844,55131125.6,-0.37292584499671455,2012-04-17
2012-04-18,4.24,4.37,4.22,4.35,90278976.0,390662240.0,15803803650.0,0.0057124840322854,60572472.0,0.49042911770218,53407310.4,0.6903861161298996,2012-04-18
2012-04-19,4.31,4.33,4.29,4.31,37243760.0,160538560.0,15803803650.0,0.0023566326705153,62667475.2,-0.4056923486842502,58794844.0,-0.36654717546320903,2012-04-19
2012-04-20,4.31,4.35,4.28,4.34,50839608.0,219349808.0,15803803650.0,0.0032169222755434,55494428.8,-0.08387906499183562,55180841.6,-0.0786728414087835,2012-04-20
2012-04-23,4.32,4.33,4.28,4.29,38542896.0,165699760.0,15803803650.0,0.0024388366784093,52025611.2,-0.25915534462764755,56392754.4,-0.3165275147475328,2012-04-23
2012-04-24,4.26,4.36,4.2,4.27,70733952.0,302097504.0,15803803650.0,0.0044757549237205,50295308.8,0.4063727549874394,55911668.8,0.2651017849783801,2012-04-24
2012-04-25,4.28,4.41,4.26,4.4,132146160.0,577930624.0,15803803650.0,0.0083616680469198,57527838.4,1.297081963712372,59050155.2,1.2378630429069557,2012-04-25
2012-04-26,4.38,4.41,4.34,4.38,54521864.0,238645760.0,15803803650.0,0.0034499203614188,65901275.2,-0.1726736116329355,64284375.2,-0.15186444870354754,2012-04-26
2012-04-27,4.35,4.38,4.28,4.3,72342168.0,312997056.0,15803803650.0,0.0045775162487544,69356896.0,0.04304217997299076,62425662.4,0.15885302964762782,2012-04-27
2012-05-02,4.35,4.44,4.31,4.4,103994416.0,456560992.0,15803803650.0,0.0065803409295078,73657408.0,0.4118663529403588,62841509.6,0.6548682019567524,2012-05-02
2012-05-03,4.38,4.4,4.35,4.37,57981480.0,253265040.0,15803803650.0,0.0036688306995006,86747712.0,-0.33160796217887567,68521510.4,-0.15382075407374562,2012-05-03
2012-05-04,4.33,4.38,4.31,4.38,58086300.0,252402400.0,15803803650.0,0.003675463280006,84197217.6,-0.3101161575676581,70862528.0,-0.1802959668613573,2012-05-04
2012-05-07,4.34,4.4,4.32,4.39,64803776.0,283670912.0,15803803650.0,0.0041005176624046,69385245.6,-0.06602944992674342,67643260.4,-0.04197734383601659,2012-05-07
2012-05-08,4.38,4.39,4.34,4.38,62989116.0,274541952.0,15803803650.0,0.0039856934061566,71441628.0,-0.11831354123117133,70399262.0,-0.10525885910565369,2012-05-08
2012-05-09,4.32,4.33,4.27,4.28,59025300.0,253534096.0,15803803650.0,0.0037348793560846,69571017.6,-0.15158205189167728,71614212.8,-0.17578791007809558,2012-05-09
2012-05-10,4.26,4.29,4.25,4.26,41687652.0,177868272.0,15803803650.0,0.0026378239646124,60577194.4,-0.3118259699396049,73662453.2,-0.43407190245464156,2012-05-10
2012-05-11,4.26,4.28,4.19,4.2,50435360.0,212726320.0,15803803650.0,0.0031913431169464,57318428.8,-0.12008474314634388,70757823.2,-0.2872115376211857,2012-05-11
2012-05-14,4.22,4.25,4.15,4.15,52395788.0,219246272.0,15803803650.0,0.0033153909755136,55788240.8,-0.06080946004664123,62586743.2,-0.16282929385595513,2012-05-14
2012-05-15,4.11,4.15,4.1,4.14,41390168.0,170496800.0,15803803650.0,0.0026190003948827,53306643.2,-0.22354578125076918,62374135.6,-0.3364209763894508,2012-05-15
2012-05-16,4.12,4.12,4.07,4.08,58878836.0,240740896.0,15803803650.0,0.0037256117137344,48986853.6,0.2019313687866655,59278935.6,-0.006749439677860902,2012-05-16
2012-05-17,4.08,4.14,4.06,4.13,48563456.0,198873184.0,15803803650.0,0.0030728966947143,48957560.8,-0.008049927193268136,54767377.6,-0.11327768229676938,2012-05-17
2012-05-18,4.12,4.19,4.1,4.12,60903424.0,252227712.0,15803803650.0,0.0038537193544542,50332721.6,0.2100165074324134,53825575.2,0.13149601790042742,2012-05-18
2012-05-21,4.12,4.16,4.11,4.13,37168756.0,153523200.0,15803803650.0,0.0023518867244342,52426334.4,-0.29102889939984056,54107287.6,-0.3130545320479159,2012-05-21
2012-05-22,4.14,4.16,4.11,4.14,37777504.0,155990144.0,15803803650.0,0.0023904058058833,49380928.0,-0.23497784407777833,51343785.6,-0.26422441277878816,2012-05-22
2012-05-23,4.11,4.12,4.03,4.08,62863268.0,256051552.0,15803803650.0,0.0039777302598922,48658395.2,0.29193056494390923,48822624.4,0.28758477801123705,2012-05-23
2012-05-24,4.04,4.08,4.03,4.05,33413002.0,135464224.0,15803803650.0,0.0021142379859926,49455281.6,-0.32437950166277085,49206421.2,-0.32096256575554416,2012-05-24
2012-05-25,4.06,4.07,4.02,4.05,32041068.0,129458824.0,15803803650.0,0.0020274276186669,46425190.8,-0.3098344358339179,48378956.2,-0.3377065047137169,2012-05-25
2012-05-29,4.06,4.16,4.05,4.14,72752896.0,299812672.0,15803803650.0,0.0046035054352247,40652719.6,0.7896194083900847,46539527.0,0.5632495792232697,2012-05-29
2012-05-30,4.12,4.13,4.09,4.11,41278336.0,169490400.0,15803803650.0,0.0026119241237219,47769547.6,-0.13588597602712071,48575237.8,-0.15021855024248587,2012-05-30
2012-06-01,4.2,4.25,4.12,4.14,72862272.0,304320224.0,15803803650.0,0.0046104263007595,48469714.0,0.5032535987317772,48564054.6,0.5003333762004294,2012-06-01
2012-06-04,4.22,4.27,4.14,4.15,98333488.0,411993632.0,15803803650.0,0.0062221405794294,50469514.8,0.9483739518732208,49962398.2,0.9681498795628267,2012-06-04
2012-06-05,4.15,4.16,4.05,4.1,46346376.0,189821568.0,15803803650.0,0.0029326089482262,63453612.0,-0.2696022410828244,54939401.4,-0.15640915592502247,2012-06-05
2012-06-06,4.12,4.27,4.08,4.19,126134792.0,530177856.0,15803803650.0,0.0079812932882141,66314673.6,0.9020645831844976,53483696.6,1.3583783473934372,2012-06-06
2012-06-07,4.2,4.2,4.12,4.14,63246092.0,263228192.0,15803803650.0,0.0040019537954712,76991052.8,-0.1785267287577602,62380300.2,0.013879250295752765,2012-06-07
2012-06-08,4.1,4.12,4.06,4.07,51331976.0,209384848.0,15803803650.0,0.0032480773070095,81384604.0,-0.36926674730763576,64927159.0,-0.20939131188536986,2012-06-08
2012-06-11,4.08,4.12,4.06,4.11,31397542.0,128549008.0,15803803650.0,0.0019867079277462,77078544.8,-0.5926552313426654,63774029.8,-0.5076751132323771,2012-06-11
2012-06-12,4.08,4.08,4.05,4.07,28606234.0,116217128.0,15803803650.0,0.0018100853840967,63691355.6,-0.5508615929035117,63572483.8,-0.5500217658634253,2012-06-12
2012-06-13,4.09,4.1,4.05,4.09,30171416.0,122940256.0,15803803650.0,0.001909123693776,60143327.2,-0.4983414219890382,63229000.4,-0.5228231379726193,2012-06-13
2012-06-14,4.08,4.1,4.06,4.07,25046302.0,102158288.0,15803803650.0,0.0015848274601918,40950652.0,-0.38837843167918307,58970852.4,-0.5752765818931931,2012-06-14
2012-06-15,4.06,4.09,4.05,4.08,35977336.0,146511392.0,15803803650.0,0.0022764985440704,33310694.0,0.08005363082498373,57347649.0,-0.3726449710257521,2012-06-15
2012-06-18,4.1,4.11,4.07,4.08,23526012.0,96194976.0,15803803650.0,0.0014886297325011,30239766.0,-0.22201739259490305,53659155.4,-0.5615657416777007,2012-06-18
2012-06-19,4.08,4.09,4.05,4.06,23041392.0,93551936.0,15803803650.0,0.0014579649627575,28665460.0,-0.19619667711594369,46178407.8,-0.5010353735063164,2012-06-19
2012-06-20,4.06,4.08,4.05,4.06,24175948.0,98123888.0,15803803650.0,0.0015297550219816,27552491.6,-0.12254948296581647,43847909.4,-0.44864080566632436,2012-06-20
2012-06-21,4.04,4.05,3.97,3.99,47041672.0,187788512.0,15803803650.0,0.0029766044328195,26353398.0,0.7850325032088841,33652025.0,0.39788532785174135,2012-06-21
2012-06-25,3.96,3.96,3.88,3.89,45353212.0,177844688.0,15803803650.0,0.0028697655959551,30752472.0,0.4747826451154886,32031583.0,0.41589043538684933,2012-06-25
2012-06-26,3.89,3.92,3.83,3.9,43808120.0,169763568.0,15803803650.0,0.0027719984992347,32627647.2,0.34266868007571194,31433706.6,0.39366701348545385,2012-06-26
2012-06-27,3.89,3.91,3.86,3.87,30097700.0,116881520.0,15803803650.0,0.0019044592470623,36684068.8,-0.17954302822592016,32674764.4,-0.0788701754189236,2012-06-27
2012-06-28,3.88,3.89,3.83,3.83,22247056.0,85802000.0,15803803650.0,0.0014077026323976,38095330.4,-0.41601619499275955,32823911.0,-0.32223018762145683,2012-06-28
2012-06-29,3.8,3.88,3.79,3.88,28728616.0,110205120.0,15803803650.0,0.0018178292160697,37709552.0,-0.2381607715732078,32031475.0,-0.10311292252386128,2012-06-29
2012-07-02,3.92,3.94,3.89,3.9,25282560.0,98965528.0,15803803650.0,0.0015997768992782,34046940.8,-0.25742050810039285,32399706.4,-0.2196670029083967,2012-07-02
2012-07-03,3.9,3.92,3.88,3.89,21654444.0,84532192.0,15803803650.0,0.0013702045709736,30032810.4,-0.2789737719650772,31330228.8,-0.3088322419145564,2012-07-03
2012-07-04,3.92,3.94,3.9,3.91,22483304.0,88058496.0,15803803650.0,0.001422651438725,25602075.2,-0.12181712519928856,31143072.0,-0.2780640265674498,2012-07-04
2012-07-05,3.9,3.91,3.86,3.88,28857804.0,112121064.0,15803803650.0,0.0018260037038615,24079196.0,0.1984538021950566,31087263.2,-0.07171616187815466,2012-07-05
2012-07-06,3.83,3.84,3.76,3.84,28558124.0,108481560.0,15803803650.0,0.0018070411802414,25401345.6,0.12427603047926716,31555448.8,-0.09498596641731172,2012-07-06
2012-07-09,3.79,3.8,3.75,3.76,28370468.0,107023904.0,15803803650.0,0.0017951670767562,25367247.2,0.11838970055844289,29707094.0,-0.044993495493029334,2012-07-09
2012-07-10,3.76,3.77,3.7,3.71,32412116.0,120673744.0,15803803650.0,0.0020509060171726,25984828.8,0.2473476831219299,28008819.6,0.15721106647421856,2012-07-10
2012-07-11,3.7,3.72,3.67,3.72,27571416.0,101880368.0,15803803650.0,0.0017446063372218,28136363.2,-0.020078899180545062,26869219.2,0.02613387440748549,2012-07-11
2012-07-12,3.7,3.79,3.67,3.73,53622712.0,199593056.0,15803803650.0,0.0033930257036571,29153985.6,0.8392926694729519,26616590.8,1.0146348720212508,2012-07-12
2012-07-13,3.71,3.78,3.71,3.74,25266232.0,94569688.0,15803803650.0,0.0015987437302791,34106967.2,-0.2592061366277094,29754156.4,-0.15083352858896715,2012-07-13
2012-07-16,3.77,3.78,3.69,3.7,35346260.0,131542992.0,15803803650.0,0.0022365666381839,33448588.8,0.05673396899781902,29407918.0,0.20193003802581333,2012-07-16
2012-07-17,3.71,3.76,3.69,3.76,27123644.0,101030128.0,15803803650.0,0.001716273158076,34843747.2,-0.22156351771488003,30414288.0,-0.10819401723295319,2012-07-17
2012-07-18,3.73,3.75,3.7,3.74,21171928.0,78834600.0,15803803650.0,0.001339672933737,33786052.8,-0.373353018616013,30961208.0,-0.31617887777505327,2012-07-18
2012-07-19,3.74,3.79,3.71,3.76,31262388.0,117631552.0,15803803650.0,0.0019781559358971,32506155.2,-0.038262513433148126,30830070.4,0.014022595290603013,2012-07-19
2012-07-20,3.74,3.76,3.72,3.74,26612930.0,99335200.0,15803803650.0,0.0016839572668317,28034090.4,-0.05069400789261913,31070528.8,-0.14346710442855415,2012-07-20
2012-07-23,3.73,3.74,3.69,3.7,21191248.0,78442040.0,15803803650.0,0.001340895424248,28303430.0,-0.2512833956873778,30876009.4,-0.31366622786427834,2012-07-23
2012-07-24,3.68,3.72,3.67,3.69,23876160.0,88135136.0,15803803650.0,0.0015107856645637,25472427.6,-0.06266648884301873,30158087.4,-0.20829992687135723,2012-07-24
2012-07-25,3.68,3.71,3.67,3.69,16041330.0,59182648.0,15803803650.0,0.0010150296950822,24822930.8,-0.353769700715598,29304491.8,-0.45259825321386393,2012-07-25
2012-07-26,3.71,3.77,3.7,3.73,35634128.0,133067040.0,15803803650.0,0.002254781746798,23796811.2,0.4974328997491899,28151483.2,0.2657993096434792,2012-07-26
2012-07-27,3.75,3.75,3.72,3.74,25997644.0,97099728.0,15803803650.0,0.0016450244875068,24671159.2,0.05376661831114937,26352624.8,-0.013470415288574955,2012-07-27
2012-07-30,3.72,3.75,3.66,3.66,27133460.0,100518104.0,15803803650.0,0.0017168942743729,24548102.0,0.10531804047416782,26425766.0,0.026780453592149422,2012-07-30
2012-07-31,3.66,3.7,3.65,3.67,25259182.0,92848912.0,15803803650.0,0.0015982976351392,25736544.4,-0.01854803786323378,25604486.0,-0.013486074276202964,2012-07-31
2012-08-01,3.66,3.72,3.65,3.7,21044436.0,77743704.0,15803803650.0,0.0013316057618825,26013148.8,-0.19100774143882193,25418039.8,-0.17206691918076233,2012-08-01
2012-08-02,3.69,3.69,3.66,3.66,18581206.0,68236144.0,15803803650.0,0.0011757426510421,27013770.0,-0.31215798461303257,25405290.6,-0.2686087991451671,2012-08-02
2012-08-03,3.66,3.7,3.66,3.7,22443860.0,82858576.0,15803803650.0,0.0014201555838742,23603185.6,-0.04911733609381952,24137172.4,-0.07015371858552899,2012-08-03
2012-08-06,3.7,3.77,3.7,3.76,45621952.0,170701984.0,15803803650.0,0.0028867703630321,22892428.8,0.9928838656036356,23720265.4,0.9233322743513654,2012-08-06
2012-08-07,3.81,4.11,3.81,3.99,151114512.0,604992640.0,15803803650.0,0.0095619077120083,26590127.2,4.683106021395791,26163335.8,4.775812119492805,2012-08-07
2012-08-08,3.97,4.02,3.9,3.97,83374448.0,330208960.0,15803803650.0,0.005275593765049,51761193.2,0.6107520488921032,38887171.0,1.1440090872128499,2012-08-08
2012-08-09,3.96,3.98,3.92,3.96,47335660.0,186921936.0,15803803650.0,0.0029952067899805,64227195.6,-0.2629966238164695,45620482.8,0.03759664726739809,2012-08-09
2012-08-10,3.96,4.04,3.94,3.95,43712844.0,174023392.0,15803803650.0,0.0027659698239796,69978086.4,-0.3753352478069478,46790636.0,-0.06577794753634036,2012-08-10
2012-08-13,3.93,3.94,3.86,3.88,45967456.0,179426704.0,15803803650.0,0.0029086324417856,74231883.2,-0.3807585902656987,48562156.0,-0.053430494313308485,2012-08-13
2012-08-14,3.88,3.9,3.81,3.85,34955288.0,134612240.0,15803803650.0,0.0022118275305198,74300984.0,-0.5295447500399187,50445555.6,-0.307069025521844,2012-08-14
2012-08-15,3.85,3.85,3.79,3.8,26386500.0,100668104.0,15803803650.0,0.001669629703353,51069139.2,-0.48331809751749255,51415166.2,-0.4867953961802034,2012-08-15
2012-08-16,3.78,3.84,3.78,3.79,26618092.0,101160256.0,15803803650.0,0.0016842838970604,39671549.6,-0.3290382586920678,51949372.6,-0.4876147551395067,2012-08-16
2012-08-17,3.82,3.84,3.77,3.83,29389568.0,111912600.0,15803803650.0,0.0018596515529348,35528036.0,-0.17277814062111396,52753061.2,-0.4428841221445553,2012-08-17
2012-08-20,3.81,3.82,3.77,3.8,31688524.0,120047864.0,15803803650.0,0.0020051200775327,32663380.8,-0.029845557199639328,53447632.0,-0.4071107958534066,2012-08-20
2012-08-21,3.79,3.88,3.78,3.83,38905752.0,149252976.0,15803803650.0,0.00246179672069,29807594.4,0.3052295156029097,52054289.2,-0.25259277193242324,2012-08-21
2012-08-22,3.88,3.9,3.81,3.83,36961464.0,141933536.0,15803803650.0,0.0023387701352515,30597687.2,0.2079822817457917,40833413.2,-0.0948230602481206,2012-08-22
2012-08-23,3.86,3.95,3.85,3.92,80057800.0,313227456.0,15803803650.0,0.0050657298567487,32712680.0,1.4473017802271166,36192114.8,1.2120232664602404,2012-08-23
2012-08-24,3.92,3.92,3.83,3.84,51328080.0,198852160.0,15803803650.0,0.0032478307840783,43400621.6,0.18265771566737188,39464328.8,0.3006196117036204,2012-08-24
2012-08-27,3.85,3.9,3.81,3.81,62838988.0,242595056.0,15803803650.0,0.0039761939208856,47788324.0,0.31494437846365986,40225852.4,0.5621542925961713,2012-08-27
2012-08-28,3.78,3.79,3.73,3.78,39883344.0,149993376.0,15803803650.0,0.0025236547405472,54018416.8,-0.26167136390417123,41913005.6,-0.04842557986344942,2012-08-28
2012-08-29,3.77,3.78,3.72,3.74,21295608.0,79842856.0,15803803650.0,0.0013474988978365,54213935.2,-0.6071930967298607,42405811.2,-0.49781392225790033,2012-08-29
2012-08-30,3.71,3.74,3.67,3.72,36976672.0,136959888.0,15803803650.0,0.0023397324352356,51080764.0,-0.27611356791766073,41896722.0,-0.11743281491091351,2012-08-30
2012-08-31,3.7,3.72,3.67,3.68,29506884.0,108988248.0,15803803650.0,0.0018670748291662,42464538.4,-0.3051405923206738,42932580.0,-0.3127157976529712,2012-08-31
2012-09-03,3.72,3.81,3.72,3.76,64904912.0,244972848.0,15803803650.0,0.0041069171344709,38100299.2,0.7035276195416333,42944311.6,0.5113739068528926,2012-09-03
2012-09-04,3.77,3.79,3.7,3.72,30275750.0,113070416.0,15803803650.0,0.0019157255221909,38513484.0,-0.213892204610728,46265950.4,-0.3456148692884087,2012-09-04
2012-09-05,3.71,3.78,3.69,3.74,30821216.0,115315944.0,15803803650.0,0.0019502403777333,36591965.2,-0.15770536423662762,45402950.2,-0.3211627027707993,2012-09-05
2012-09-06,3.73,3.8,3.73,3.8,37928892.0,142597584.0,15803803650.0,0.0023999850187964,38497086.8,-0.014759423302648345,44788925.4,-0.1531636077162949,2012-09-06
2012-09-07,3.8,3.96,3.78,3.91,124843968.0,485360256.0,15803803650.0,0.0078996152296539,38687530.8,2.2269820642055556,40576034.6,2.076790751750788,2012-09-07
2012-09-10,4.01,4.04,3.93,3.97,128057736.0,510702240.0,15803803650.0,0.0081029693127071,57754947.6,1.2172600153133892,47927623.4,1.6718983107349321,2012-09-10
2012-09-11,3.93,4.01,3.91,3.95,71994032.0,285194624.0,15803803650.0,0.0045554876278154,70385512.4,0.022852992684897933,54449498.2,0.3222166297209328,2012-09-11
2012-09-12,3.99,4.03,3.95,3.99,72109192.0,287752256.0,15803803650.0,0.0045627744811926,78729168.8,-0.08408544000784623,57660567.0,0.2505806958159118,2012-09-12
2012-09-13,3.97,3.97,3.9,3.9,61656324.0,242207696.0,15803803650.0,0.0039013597843579,86986764.0,-0.2911987851393115,62741925.4,-0.017302647202471655,2012-09-13
2012-09-14,4.1,4.15,3.99,4.03,190207008.0,770956032.0,15803803650.0,0.0120355208285569,91732250.4,1.073502036313283,65209890.6,1.916842924438214,2012-09-14
2012-09-17,4.04,4.09,3.97,3.98,122004464.0,491338272.0,15803803650.0,0.0077199430404211,104804858.4,0.16411076607112696,81279903.0,0.5010409645789071,2012-09-17
2012-09-18,3.92,3.93,3.86,3.89,64982008.0,253233120.0,15803803650.0,0.0041117954537482,103594204.0,-0.37272544707230915,86989858.2,-0.2529932874404892,2012-09-18
2012-09-19,3.89,4.1,3.88,4.08,155535920.0,622631488.0,15803803650.0,0.0098416763106266,102191799.2,0.5220000158290587,90460484.0,0.7193797017491086,2012-09-19
2012-09-20,4.02,4.1,3.94,3.96,148678576.0,599327552.0,15803803650.0,0.0094077716537562,118877144.8,0.2506910075114792,102931954.4,0.4444355678143035,2012-09-20
2012-09-21,3.96,4.18,3.96,4.1,250146752.0,1024882496.0,15803803650.0,0.0158282624575635,136281595.2,0.8355138243935085,114006922.8,1.194136512559218,2012-09-21
2012-09-24,4.0,4.04,3.96,4.03,145430832.0,581589696.0,15803803650.0,0.0092022677085082,148269544.0,-0.01914561765968603,126537201.2,0.14931285519850745,2012-09-24
2012-09-25,3.99,4.0,3.88,3.91,128618144.0,503973344.0,15803803650.0,0.0081384296368425,152954817.6,-0.15911021294957883,128274510.8,0.0026788891873910092,2012-09-25
2012-09-26,3.88,3.89,3.78,3.8,82056040.0,314143296.0,15803803650.0,0.0051921703038875,165682044.8,-0.5047378845483684,133936922.0,-0.3873531004393247,2012-09-26
2012-09-27,3.76,3.96,3.75,3.86,110211992.0,425232800.0,15803803650.0,0.0069737636863135,150986068.8,-0.27005191355773617,134931606.8,-0.18320107042555434,2012-09-27
2012-09-28,3.9,4.06,3.87,4.01,182024608.0,724535808.0,15803803650.0,0.0115177720522995,143292752.0,0.27029877966193294,139787173.6,0.3021552930232507,2012-09-28
2012-10-08,3.99,3.99,3.9,3.93,96049616.0,378001824.0,15803803650.0,0.0060776265086031,129668323.2,-0.2592669232573218,138968933.6,-0.3088410948272542,2012-10-08
2012-10-09,3.94,4.01,3.93,3.99,83342880.0,331789728.0,15803803650.0,0.0052735962712368,119792080.0,-0.30427053274306615,136373448.8,-0.38886285612511406,2012-10-09
2012-10-10,3.95,4.0,3.92,3.99,73166864.0,289440768.0,15803803650.0,0.0046296996356317,110737027.2,-0.339273720362253,138209536.0,-0.4706091481270873,2012-10-10
2012-10-11,3.96,4.02,3.93,3.96,65784520.0,261231984.0,15803803650.0,0.0041625751279186,108959192.0,-0.39624625703905736,129972630.4,-0.49385867010967255,2012-10-11
2012-10-12,3.97,4.0,3.92,3.94,51917132.0,204967760.0,15803803650.0,0.0032851035832756,100073697.6,-0.4812110150309865,121683224.8,-0.5733419122863351,2012-10-12
2012-10-15,3.89,3.9,3.86,3.89,49770088.0,192902880.0,15803803650.0,0.0031492474281658,74052202.4,-0.32790536422992334,101860262.8,-0.5113885765470458,2012-10-15
2012-10-16,3.86,3.91,3.85,3.89,34252308.0,133132168.0,15803803650.0,0.0021673458338619,64796296.8,-0.47138479061970096,92294188.4,-0.628879037848498,2012-10-16
2012-10-17,3.9,3.92,3.86,3.88,40305856.0,156739776.0,15803803650.0,0.0025503895702981,54978182.4,-0.2668754360275104,82857604.8,-0.5135527258205272,2012-10-17
2012-10-18,3.9,3.94,3.88,3.93,51239640.0,200568016.0,15803803650.0,0.0032422346629192,48405980.8,0.05853944395234745,78682586.4,-0.34878043104083833,2012-10-18
2012-10-19,3.91,3.93,3.89,3.9,37955676.0,148191136.0,15803803650.0,0.0024016798006725,45497004.8,-0.1657544014853478,72785351.2,-0.47852589327067785,2012-10-19
2012-10-22,3.86,3.92,3.85,3.9,37340424.0,145054864.0,15803803650.0,0.0023627491727284,42704713.6,-0.12561352477961596,58378458.0,-0.360373239046499,2012-10-22
2012-10-23,3.9,3.93,3.89,3.9,29480676.0,115122736.0,15803803650.0,0.0018654164942121,40218780.8,-0.2669923002738064,52507538.8,-0.43854393723744667,2012-10-23
2012-10-24,3.87,3.91,3.86,3.88,26420016.0,102581416.0,15803803650.0,0.0016717504586308,39264454.4,-0.32712636903468595,47121318.4,-0.4393192530029041,2012-10-24
2012-10-25,3.88,3.91,3.87,3.9,37832608.0,147175104.0,15803803650.0,0.0023938925614277,36487286.4,0.036870968842451335,42446633.6,-0.10870180291517872,2012-10-25
2012-10-26,3.92,3.92,3.81,3.82,50084608.0,192567008.0,15803803650.0,0.0031691489662363,33805880.0,0.48153540153369767,39651442.4,0.2631219690509923,2012-10-26
2012-10-29,3.81,3.86,3.8,3.83,26738992.0,102495752.0,15803803650.0,0.0016919339541402,36231666.4,-0.2619993873646397,39468190.0,-0.32251790619230325,2012-10-29
2012-10-30,3.82,3.85,3.8,3.81,25322192.0,96619504.0,15803803650.0,0.0016022846499994,34111380.0,-0.2576614607793646,37165080.4,-0.3186563374150537,2012-10-30
2012-10-31,3.82,3.83,3.79,3.81,21858680.0,83155152.0,15803803650.0,0.0013831277889864,33279683.2,-0.3431824495252407,36272068.8,-0.39736880957834964,2012-10-31
2012-11-01,3.81,3.91,3.81,3.88,43984500.0,170242912.0,15803803650.0,0.0027831591035997,32367416.0,0.35891292650608864,34427351.2,0.27760337251853384,2012-11-01
2012-11-02,3.88,3.89,3.84,3.87,27633472.0,106808776.0,15803803650.0,0.0017485329868673,33597794.4,-0.17752124824003324,33701837.2,-0.1800603677475483,2012-11-02
2012-11-05,3.84,3.86,3.82,3.84,29125732.0,111880304.0,15803803650.0,0.0018429570909026,29107567.2,0.000624057650548071,32669616.8,-0.10847647285535345,2012-11-05
2012-11-06,3.84,3.87,3.8,3.87,37776480.0,144972944.0,15803803650.0,0.0023903410113552,29584915.2,0.27688315969889965,31848147.6,0.18614371154195464,2012-11-06
2012-11-07,3.88,3.96,3.87,3.92,71620248.0,280356096.0,15803803650.0,0.0045318361064299,32075772.8,1.232845594915799,32677728.0,1.191714430085225,2012-11-07
2012-11-08,3.88,3.89,3.82,3.83,43740828.0,168239552.0,15803803650.0,0.0027677405369434,42028086.4,0.04075230986486211,37197751.2,0.17589979471662254,2012-11-08
2012-11-09,3.84,3.87,3.83,3.84,29236852.0,112534456.0,15803803650.0,0.0018499883096181,41979352.0,-0.3035420842132104,37788573.2,-0.2263044215704869,2012-11-09
2012-11-12,3.85,3.86,3.82,3.84,28563496.0,109502920.0,15803803650.0,0.0018073810984104,42300028.0,-0.32474049426161133,35703797.6,-0.19998717447356362,2012-11-12
2012-11-13,3.82,3.83,3.77,3.78,29768258.0,112985776.0,15803803650.0,0.0018836135059169,42187580.8,-0.2943833840313498,35886248.0,-0.17048285460213064,2012-11-13
2012-11-14,3.78,3.81,3.77,3.8,17489848.0,66340344.0,15803803650.0,0.0011066859844212,40585936.4,-0.5690662936139623,36330854.6,-0.5185951942897594,2012-11-14
2012-11-15,3.8,3.8,3.72,3.73,25849538.0,97611104.0,15803803650.0,0.0016356529461184,29759856.4,-0.13139574154665612,35893971.4,-0.2798362234166153,2012-11-15
2012-11-16,3.73,3.74,3.67,3.69,31122352.0,114895976.0,15803803650.0,0.0019692950310731,26181598.4,0.18871092301224834,34080475.2,-0.0867981793868885,2012-11-16
2012-11-19,3.7,3.71,3.68,3.71,20706544.0,76525368.0,15803803650.0,0.0013102253393283,26558698.4,-0.22034793693052368,34429363.2,-0.39857894322018717,2012-11-19
2012-11-20,3.73,3.75,3.7,3.72,20416108.0,75959120.0,15803803650.0,0.0012918477381867,24987308.0,-0.18294087542363502,33587444.4,-0.39215059779897987,2012-11-20
2012-11-21,3.71,3.74,3.67,3.74,21943190.0,81373296.0,15803803650.0,0.0013884752358334,23116878.0,-0.05077190786748975,31851407.2,-0.31107627797367765,2012-11-21
2012-11-22,3.73,3.73,3.69,3.7,13255387.0,49135816.0,15803803650.0,0.0008387466266704,24007546.4,-0.44786581772471334,26883701.4,-0.506935938516264,2012-11-22
2012-11-23,3.72,3.73,3.7,3.71,24579006.0,91190304.0,15803803650.0,0.0015552588822501,21488716.2,0.14380988474313794,23835157.3,0.03120804661104537,2012-11-23
2012-11-26,3.73,3.75,3.71,3.74,27528632.0,102727312.0,15803803650.0,0.0017418991408438,20180047.0,0.3641510349306918,23369372.7,0.17797907343914288,2012-11-26
2012-11-27,3.74,3.75,3.69,3.7,24101848.0,89591696.0,15803803650.0,0.0015250662773198,21544464.6,0.1187025738388503,23265886.3,0.035930791082736446,2012-11-27
2012-11-28,3.68,3.68,3.6,3.62,35617644.0,128981992.0,15803803650.0,0.0022537387067574,22281612.6,0.5985218233261984,22699245.3,0.5691113748173822,2012-11-28
2012-11-29,3.6,3.63,3.57,3.58,27056708.0,97088912.0,15803803650.0,0.0017120377220075,25016503.4,0.08155434703956277,24512024.9,0.10381366330939068,2012-11-29
2012-11-30,3.58,3.61,3.58,3.6,24417652.0,87812448.0,15803803650.0,0.0015450490616542,27776767.6,-0.12093255948183124,24632741.9,-0.008731869999417219,2012-11-30
2012-12-03,3.59,3.59,3.55,3.56,21951610.0,78405648.0,15803803650.0,0.0013890080189651,27744496.8,-0.20879408416590928,23962271.9,-0.08390948522706643,2012-12-03
2012-12-04,3.56,3.57,3.49,3.53,31039944.0,109281928.0,15803803650.0,0.0019640805901812,26629092.4,0.16564032801959105,24086778.5,0.2886714593236286,2012-12-04
2012-12-05,3.51,3.65,3.5,3.62,51388520.0,184765888.0,15803803650.0,0.0032516551798591,28016711.6,0.8342095508453604,25149162.1,1.043349189752926,2012-12-05
2012-12-06,3.6,3.63,3.58,3.6,30260244.0,108949904.0,15803803650.0,0.0019147443659868,31170886.8,-0.0292145297579407,28093695.1,0.0771186877442831,2012-12-06
2012-12-07,3.6,3.65,3.58,3.65,65708380.0,238515808.0,15803803650.0,0.0041577573004078,31811594.0,1.0655481771834507,29794180.8,1.2054098564106184,2012-12-07
2012-12-10,3.65,3.69,3.63,3.68,63438944.0,232303536.0,15803803650.0,0.0040141566805659,40069739.6,0.5832132834723986,33907118.2,0.8709624222798149,2012-12-10
2012-12-11,3.67,3.69,3.64,3.67,32616388.0,119405312.0,15803803650.0,0.002063831513118,48367206.4,-0.325650778127223,37498149.4,-0.13018672862826663,2012-12-11
2012-12-12,3.67,3.73,3.64,3.72,63737352.0,235652656.0,15803803650.0,0.0040330387172331,48682495.2,0.30924579231509886,38349603.4,0.66200811349199,2012-12-12
2012-12-13,3.69,3.7,3.64,3.65,43702864.0,160042288.0,15803803650.0,0.0027653383304341,51152261.6,-0.1456318326304462,41161574.2,0.06173937341784175,2012-12-13
2012-12-14,3.64,3.78,3.61,3.77,104808720.0,390859936.0,15803803650.0,0.006631866753166,53840785.6,0.9466417295367249,42826189.8,1.4473043361891609,2012-12-14
2012-12-17,3.77,3.84,3.73,3.79,90543744.0,343691552.0,15803803650.0,0.0057292374674624,61660853.6,0.46841535129186074,50865296.6,0.7800691247714064,2012-12-17
2012-12-18,3.79,3.83,3.77,3.78,54108904.0,205260720.0,15803803650.0,0.0034237899431254,67081813.6,-0.19338936894812875,57724510.0,-0.06263554251045178,2012-12-18
2012-12-19,3.74,3.77,3.73,3.74,55322856.0,207245472.0,15803803650.0,0.0035006038562115,71380316.8,-0.22495642384148118,60031406.0,-0.07843477795605858,2012-12-19
2012-12-20,3.73,3.77,3.7,3.76,40365880.0,150585312.0,15803803650.0,0.0025541876433019,69697417.6,-0.42084109583996976,60424839.6,-0.33196545878791217,2012-12-20
2012-12-21,3.72,3.77,3.71,3.71,47524536.0,177113472.0,15803803650.0,0.0030071580900715,69030020.8,-0.3115381474722082,61435403.2,-0.22643079519985965,2012-12-21
2012-12-24,3.71,3.73,3.69,3.72,35742392.0,132554376.0,15803803650.0,0.0022616322495249,57573184.0,-0.3791833364644207,59617018.8,-0.4004666331956874,2012-12-24
2012-12-25,3.71,3.8,3.69,3.76,86692320.0,325422368.0,15803803650.0,0.0054855351230588,46612913.6,0.8598348248284569,56847363.6,0.5250015921582685,2012-12-25
2012-12-26,3.76,3.85,3.75,3.81,121747312.0,462032032.0,15803803650.0,0.007703671514547,53129596.8,1.291515827953733,62254956.8,0.9556243913416387,2012-12-26
2012-12-27,3.8,3.81,3.76,3.78,73142640.0,276780384.0,15803803650.0,0.0046281668400758,66414488.0,0.10130548623667779,68055952.8,0.07474272257929515,2012-12-27
2012-12-28,3.78,3.81,3.77,3.8,59438860.0,225409728.0,15803803650.0,0.0037610477399217,72969840.0,-0.1854325019761589,70999930.4,-0.1628321370861514,2012-12-28
2012-12-31,3.8,3.86,3.8,3.83,80494856.0,308566400.0,15803803650.0,0.0050933849712818,75352704.8,0.06824109650274957,66462944.4,0.21112383338827834,2012-12-31
2013-01-04,3.87,3.87,3.79,3.81,79824296.0,304967264.0,15803803650.0,0.0050509546795084,84303197.6,-0.05312849011079501,65458055.6,0.21947245863502252,2013-01-04
2013-01-07,3.8,3.81,3.76,3.8,66805536.0,252918544.0,15803803650.0,0.0042271808407338,82929592.8,-0.19443067613856657,68029594.8,-0.017993033820039694,2013-01-07
2013-01-08,3.8,3.81,3.76,3.79,56235572.0,212720784.0,15803803650.0,0.0035583567883672,71941237.6,-0.21831241891229292,69177862.8,-0.18708717321056056,2013-01-08
2013-01-09,3.79,3.81,3.77,3.8,52526112.0,199058928.0,15803803650.0,0.003323637344735,68559824.0,-0.23386454434305437,70764832.0,-0.25773706351765235,2013-01-09
2013-01-10,3.79,3.85,3.77,3.83,84772184.0,323277824.0,15803803650.0,0.0053640367773108,67177274.4,0.2619175868201047,71264989.6,0.18953478385128397,2013-01-10
2013-01-11,3.85,3.85,3.76,3.78,61564004.0,233964224.0,15803803650.0,0.0038955181526821,68032740.0,-0.09508269106903533,76167968.8,-0.19173367794993634,2013-01-11
2013-01-14,3.76,3.85,3.75,3.84,88888224.0,338654560.0,15803803650.0,0.0056244829389537,64380681.6,0.38066609099087256,73655137.2,0.20681635224759298,2013-01-14
2013-01-15,3.84,3.88,3.82,3.87,114981888.0,442957504.0,15803803650.0,0.0072755831789899,68797219.2,0.6713159243506166,70369228.4,0.6339796614851043,2013-01-15
2013-01-16,3.88,3.94,3.85,3.91,132369752.0,515384000.0,15803803650.0,0.0083758160333762,80546482.4,0.6433958138934195,74553153.2,0.7755084301384048,2013-01-16
2013-01-17,3.9,3.9,3.83,3.84,62731332.0,241627008.0,15803803650.0,0.0039693818899097,96515210.4,-0.35003683108584926,81846242.4,-0.2335465849071161,2013-01-17
2013-01-18,3.87,3.89,3.83,3.87,63869692.0,246651040.0,15803803650.0,0.0040414126506817,92107040.0,-0.3065710069501745,80069890.0,-0.20232571819444234,2013-01-18
2013-01-21,3.87,3.88,3.84,3.86,60983192.0,235000304.0,15803803650.0,0.0038587667469533,92568177.6,-0.34120781481172857,78474429.6,-0.2228909173237239,2013-01-21
2013-01-22,3.86,3.87,3.8,3.81,65044348.0,248767184.0,15803803650.0,0.0041157400737511,86987171.2,-0.2522535552920705,77892195.2,-0.164943960906625,2013-01-22
2013-01-23,3.81,3.83,3.78,3.81,44447384.0,169271680.0,15803803650.0,0.0028124485082425,76999663.2,-0.42275872188490304,78773072.8,-0.43575409184748726,2013-01-23
2013-01-24,3.8,3.83,3.76,3.77,75207904.0,285860416.0,15803803650.0,0.004758848291563,59415189.6,0.26580264249463914,77965200.0,-0.03536572727319365,2013-01-24
2013-01-25,3.76,3.8,3.75,3.77,39265304.0,148228640.0,15803803650.0,0.0024845476993761,61910504.0,-0.3657731489312379,77008772.0,-0.4901190737076031,2013-01-25
2013-01-28,3.79,3.81,3.77,3.8,62751360.0,237531392.0,15803803650.0,0.0039706491797624,56989626.4,0.10110144536760823,74778902.0,-0.16084138277398086,2013-01-28
2013-01-29,3.8,3.84,3.78,3.82,78491520.0,298540448.0,15803803650.0,0.0049666220701242,57343260.0,0.3688011459411271,72165215.6,0.0876641793057984,2013-01-29
2013-01-30,3.82,3.82,3.78,3.81,56301704.0,214083808.0,15803803650.0,0.003562541350607,60032694.4,-0.06214930776120553,68516178.8,-0.17827139536859282,2013-01-30
2013-01-31,3.83,3.9,3.82,3.87,126606136.0,490255456.0,15803803650.0,0.0080111180070248,62403558.4,1.028828791917097,60909374.0,1.0785985421554325,2013-01-31
2013-02-01,3.84,3.86,3.81,3.85,68564336.0,262727568.0,15803803650.0,0.0043384705048521,72683204.8,-0.05666878354268712,67296854.4,0.018834187887390996,2013-02-01
2013-02-04,3.88,3.9,3.81,3.87,115398200.0,446409216.0,15803803650.0,0.0073019256981214,78543011.2,0.4692357504113618,67766318.8,0.7028842947862768,2013-02-04
2013-02-05,3.85,3.93,3.85,3.91,110076544.0,429322304.0,15803803650.0,0.0069651930913479,89072379.2,0.2358100792709037,73207819.6,0.5036172993738501,2013-02-05
2013-02-06,3.9,3.92,3.87,3.87,60568480.0,235787424.0,15803803650.0,0.003832525469272,95389384.0,-0.36503961489047876,77711039.2,-0.22059361676892875,2013-02-06
2013-02-07,3.88,3.91,3.85,3.9,70190856.0,272944544.0,15803803650.0,0.0044413900320762,96242739.2,-0.2706893363234616,79323148.8,-0.11512771414339007,2013-02-07
2013-02-08,3.89,3.91,3.87,3.91,59003344.0,229810640.0,15803803650.0,0.0037334900702844,84959683.2,-0.3055136062465921,78821444.0,-0.25143030873679506,2013-02-08
2013-02-18,3.86,3.86,3.8,3.81,131177512.0,501520512.0,15803803650.0,0.0083003759667692,83047484.8,0.5795482827193341,80795248.0,0.6235795451732509,2013-02-18
2013-02-19,3.81,3.82,3.76,3.78,77869336.0,294791648.0,15803803650.0,0.0049272528135971,86203347.2,-0.09667851041403652,87637863.2,-0.11146468938553489,2013-02-19
2013-02-20,3.76,3.8,3.76,3.79,47457696.0,179715936.0,15803803650.0,0.0030029287284899,79761905.6,-0.4050079966996174,87575644.8,-0.45809481496389737,2013-02-20
2013-02-21,3.75,3.76,3.67,3.68,96146976.0,356178560.0,15803803650.0,0.006083787050847,77139748.8,0.24639991049594911,86691244.0,0.10907366838570232,2013-02-21
2013-02-22,3.69,3.71,3.68,3.69,44907972.0,165813312.0,15803803650.0,0.0028415926314042,82330972.8,-0.45454340605094856,83645328.0,-0.46311440132077675,2013-02-22
2013-02-25,3.7,3.71,3.67,3.68,37353140.0,137651696.0,15803803650.0,0.0023635537891537,79511898.4,-0.5302194922816734,81279691.6,-0.5404369865989993,2013-02-25
2013-02-26,3.69,3.71,3.63,3.64,57069720.0,209698368.0,15803803650.0,0.0036111382591114,60747024.0,-0.060534718540286026,73475185.6,-0.22327899502440995,2013-02-26
2013-02-27,3.67,3.69,3.64,3.67,38691948.0,141785408.0,15803803650.0,0.0024482680788051,56587100.8,-0.316240849009886,68174503.2,-0.4324572063768263,2013-02-27
2013-02-28,3.66,3.72,3.63,3.7,60915008.0,223931024.0,15803803650.0,0.0038544523425536,54833951.2,0.11089948229008884,65986850.0,-0.0768614049617462,2013-02-28
2013-03-01,3.69,3.69,3.65,3.69,46937936.0,172146336.0,15803803650.0,0.0029700404433966,47787557.6,-0.017779138392291505,65059265.2,-0.2785357188448542,2013-03-01
2013-03-04,3.65,3.7,3.62,3.63,61691572.0,225713168.0,15803803650.0,0.0039035901335056,48193550.4,0.28007941909172973,63852724.4,-0.03384589178155728,2013-03-04
2013-03-05,3.63,3.65,3.59,3.64,71696744.0,259768208.0,15803803650.0,0.0045366764601634,53061236.8,0.3512075542121551,56904130.4,0.2599567640524034,2013-03-05
2013-03-06,3.64,3.66,3.61,3.66,67108976.0,243462720.0,15803803650.0,0.0042463812817618,55986641.6,0.19866050332977991,56286871.2,0.19226694554661972,2013-03-06
2013-03-07,3.64,3.68,3.61,3.65,63613552.0,231728848.0,15803803650.0,0.0040252051600248,61670047.2,0.03151456644255646,58251999.2,0.09204066596224214,2013-03-07
2013-03-08,3.64,3.64,3.61,3.62,57507412.0,208150416.0,15803803650.0,0.003638833617121,62209756.0,-0.07558852987624642,54998656.8,0.045614844906539664,2013-03-08
2013-03-11,3.62,3.62,3.58,3.6,48369796.0,174067392.0,15803803650.0,0.0030606426826873,64323651.2,-0.24802471411946225,56258600.8,-0.14022397798418051,2013-03-11
2013-03-12,3.6,3.62,3.54,3.57,69133584.0,247091792.0,15803803650.0,0.0043744901879997,61659296.0,0.12121915890833401,57360266.4,0.20525214297121885,2013-03-12
2013-03-13,3.57,3.59,3.54,3.55,54734064.0,194960576.0,15803803650.0,0.0034633475087498,61146664.0,-0.10487244242793037,58566652.8,-0.06543977872677742,2013-03-13
2013-03-14,3.54,3.56,3.51,3.53,50191700.0,176995232.0,15803803650.0,0.003175925309601,58671681.6,-0.14453278598375818,60170864.4,-0.16584711719713963,2013-03-14
2013-03-15,3.53,3.54,3.46,3.48,157278992.0,549973504.0,15803803650.0,0.0099519707712896,55987311.2,1.8091899508830136,59098533.6,1.6613010919106799,2013-03-15
2013-03-18,3.49,3.49,3.45,3.46,49702364.0,172457952.0,15803803650.0,0.003144962130683,75941627.2,-0.34551884345190853,70132639.2,-0.2913090885078228,2013-03-18
2013-03-19,3.47,3.49,3.46,3.49,57145468.0,198744528.0,15803803650.0,0.0036159312824669,76208140.8,-0.2501395861372332,68933718.4,-0.17100847993715662,2013-03-19
2013-03-20,3.49,3.53,3.49,3.52,89159120.0,312922656.0,15803803650.0,0.0056416241288849,73810517.6,0.20794600687097753,67478590.8,0.3212949313695508,2013-03-20
2013-03-21,3.54,3.54,3.49,3.51,64760368.0,227584864.0,15803803650.0,0.004097770981861,80695528.8,-0.19747266096358984,69683605.2,-0.07065129862138653,2013-03-21
2013-03-22,3.51,3.53,3.49,3.52,58193072.0,204491504.0,15803803650.0,0.0036822193750806,83609262.4,-0.3039877361721589,69798286.8,-0.1662679032975921,2013-03-22
2013-03-25,3.52,3.52,3.49,3.52,41938812.0,147041232.0,15803803650.0,0.0026537163412556,63792078.4,-0.3425702210699565,69866852.8,-0.39973234346116127,2013-03-25
2013-03-26,3.5,3.51,3.46,3.48,49883972.0,173507408.0,15803803650.0,0.0031564535414865,62239368.0,-0.19851416229033692,69223754.4,-0.27938072078910536,2013-03-26
2013-03-27,3.47,3.49,3.46,3.47,35672284.0,123926672.0,15803803650.0,0.0022571961022813,60787068.8,-0.4131599910275654,67298793.2,-0.46994169874653857,2013-03-27
2013-03-28,3.47,3.51,3.46,3.5,86218128.0,301080672.0,15803803650.0,0.0054555301944668,50089701.6,0.7212745383973298,65392615.2,0.3184688781188245,2013-03-28
2013-03-29,3.48,3.49,3.46,3.47,40538112.0,140665952.0,15803803650.0,0.0025650857792073,54381253.6,-0.25455723587806367,68995258.0,-0.41245075132554765,2013-03-29
2013-04-01,3.45,3.46,3.4,3.42,53468656.0,182849840.0,15803803650.0,0.0033832776706258,50850261.6,0.051492250336820256,57321170.0,-0.06720927015272016,2013-04-01
2013-04-02,3.42,3.44,3.4,3.42,33881744.0,115827016.0,15803803650.0,0.0021438980608949,53156230.4,-0.3626007008954495,57697799.2,-0.4127723332643163,2013-04-02
2013-04-03,3.4,3.41,3.39,3.4,36541276.0,124187024.0,15803803650.0,0.002312182358707,49955784.8,-0.2685276360626807,55371426.8,-0.34006981376900325,2013-04-03
2013-04-08,3.39,3.45,3.36,3.44,61735812.0,210982528.0,15803803650.0,0.0039063894596032,50129583.2,0.23152454217891827,50109642.4,0.23201461920630284,2013-04-08
2013-04-09,3.43,3.43,3.4,3.42,38306104.0,130887120.0,15803803650.0,0.0024238534499889,45233120.0,-0.15314035379385726,49807186.8,-0.2309121140726622,2013-04-09
2013-04-10,3.42,3.46,3.42,3.44,39689904.0,136391264.0,15803803650.0,0.0025114146492195,44786718.4,-0.1138019167753983,47818490.0,-0.16998834551237396,2013-04-10
2013-04-11,3.42,3.43,3.39,3.4,37025976.0,126079016.0,15803803650.0,0.0023428521905231,42030968.0,-0.11907867551373075,47593599.2,-0.222038748437416,2013-04-11
2013-04-12,3.39,3.4,3.38,3.39,18609306.0,63061160.0,15803803650.0,0.001177520704011,42659814.4,-0.5637743327828448,46307799.6,-0.5981388413886113,2013-04-12
2013-04-15,3.3,3.3,3.19,3.2,115542392.0,371858304.0,15803803650.0,0.0073110495776122,39073420.4,1.9570585532870322,44601501.8,1.5905493612773371,2013-04-15
2013-04-16,3.04,3.17,3.0,3.16,82860560.0,255908928.0,15803803650.0,0.0052430770360779,49834736.4,0.6627068985560041,47533928.2,0.7431877216493123,2013-04-16
2013-04-17,3.13,3.18,3.12,3.15,42278164.0,133214704.0,15803803650.0,0.002675189146633,58745627.6,-0.2803181151136429,51766173.0,-0.1832858882575693,2013-04-17
2013-04-18,3.13,3.16,3.1,3.13,36676336.0,114849200.0,15803803650.0,0.0023207284026209,59263279.6,-0.3811288162324381,50647123.8,-0.27584563054694133,2013-04-18
2013-04-19,3.13,3.2,3.13,3.19,58023072.0,184216992.0,15803803650.0,0.0036714624709982,59193351.6,-0.01977045678893441,50926583.0,0.13934744060876803,2013-04-19
2013-04-22,3.17,3.19,3.15,3.18,36733480.0,116468608.0,15803803650.0,0.0023243442410144,67076104.8,-0.45236116334531096,53074762.6,-0.30789177001424783,2013-04-22
2013-04-23,3.18,3.18,3.09,3.1,42581188.0,133103736.0,15803803650.0,0.002694363264884,51314322.4,-0.17018902309426187,50574529.4,-0.15805073215372323,2013-04-23
2013-04-24,3.11,3.15,3.09,3.13,39400312.0,122787408.0,15803803650.0,0.0024930904529429,43258448.0,-0.08918803559480448,51002037.8,-0.22747573039130597,2013-04-24
2013-04-25,3.13,3.15,3.1,3.12,36958828.0,115623496.0,15803803650.0,0.0023386033399624,42682877.6,-0.1341064595888446,50973078.6,-0.2749343572118479,2013-04-25
2013-04-26,3.16,3.2,3.12,3.13,35605032.0,112262736.0,15803803650.0,0.0022529406710263,42739376.0,-0.16692672349732018,50966363.8,-0.30140136856300503,2013-04-26
2013-05-02,3.11,3.11,3.05,3.07,39967556.0,122706000.0,15803803650.0,0.0025289833311742,38255768.0,0.0447458798892757,52665936.4,-0.2411118318215263,2013-05-02
2013-05-03,3.08,3.14,3.07,3.1,36540312.0,113698208.0,15803803650.0,0.0023121213607333,38902583.2,-0.06072273370268133,45108452.8,-0.18994534877950853,2013-05-03
2013-05-06,3.13,3.15,3.12,3.14,38044740.0,119290848.0,15803803650.0,0.0024073154059972,37694408.0,0.00929400456428442,40476428.0,-0.06007664510316968,2013-05-06
2013-05-07,3.14,3.16,3.1,3.14,34176852.0,107120608.0,15803803650.0,0.0021625712870711,37423293.6,-0.08674922188035317,40053085.6,-0.1467111337859074,2013-05-07
2013-05-08,3.14,3.16,3.12,3.13,37125096.0,116562976.0,15803803650.0,0.0023491240983622,36866898.4,0.007003507515023433,39803137.2,-0.06728216387928343,2013-05-08
2013-05-09,3.13,3.15,3.1,3.11,30463640.0,95125832.0,15803803650.0,0.0019276144322382,37170911.2,-0.180444088763689,37713339.6,-0.19223170572780568,2013-05-09
2013-05-10,3.11,3.13,3.1,3.12,30246214.0,94307336.0,15803803650.0,0.0019138566050205,35270128.0,-0.142441048130021,37086355.6,-0.18443822503821328,2013-05-10
2013-05-13,3.1,3.11,3.08,3.09,34198656.0,105692016.0,15803803650.0,0.0021639509549335,34011308.4,0.005508391438419302,35852858.2,-0.04613864230216391,2013-05-13
2013-05-14,3.08,3.09,3.03,3.05,45442664.0,138598704.0,15803803650.0,0.0028754257523314,33242091.6,0.3670218031647563,35332692.6,0.28613645482540995,2013-05-14
2013-05-15,3.05,3.06,3.03,3.04,26267032.0,79853648.0,15803803650.0,0.0016620702573712,35495254.0,-0.25998467288049265,36181076.2,-0.2740118659046411,2013-05-15
2013-05-16,3.02,3.06,3.0,3.03,46266248.0,140498576.0,15803803650.0,0.0029275387764008,33323641.2,0.3883911341597328,35247276.2,0.3126191010470192,2013-05-16
2013-05-17,3.04,3.08,3.02,3.07,49884080.0,152280992.0,15803803650.0,0.0031564603752844,36484162.8,0.36728038062586443,35877145.4,0.3904138538290731,2013-05-17
2013-05-20,3.05,3.12,3.04,3.1,77558560.0,238443136.0,15803803650.0,0.00490758818052,40411736.0,0.9192088159736567,37211522.2,1.0842619547555081,2013-05-20
2013-05-21,3.1,3.11,3.08,3.1,41438488.0,128133224.0,15803803650.0,0.0026220578866784,49083716.8,-0.15575896241011633,41162904.2,0.00669495521163932,2013-05-21
2013-05-22,3.09,3.1,3.07,3.09,41955592.0,129337400.0,15803803650.0,0.0026547781109644,48282881.6,-0.13104622985053982,41889067.8,0.0015881040923999556,2013-05-22
2013-05-23,3.07,3.08,3.05,3.06,38024700.0,116402528.0,15803803650.0,0.0024060473568336,51420593.6,-0.2605161213074756,42372117.4,-0.10260090046857084,2013-05-23
2013-05-24,3.07,3.08,3.06,3.08,34613172.0,106310680.0,15803803650.0,0.0021901798305371,49772284.0,-0.30456934626508203,43128223.4,-0.1974357098140982,2013-05-24
2013-05-27,3.07,3.08,3.05,3.06,36463144.0,111569976.0,15803803650.0,0.0023072384855907,46718102.4,-0.21950716902405687,43564919.2,-0.16301591579676344,2013-05-27
2013-05-28,3.06,3.12,3.03,3.12,97266200.0,300373440.0,15803803650.0,0.0061546069638748,38499019.2,1.5264591675623778,43791368.0,1.2211272321979072,2013-05-28
2013-05-29,3.1,3.12,3.09,3.11,60081348.0,186624000.0,15803803650.0,0.0038017017504517,49664561.6,0.20974284408059685,48973721.6,0.2268078887433378,2013-05-29
2013-05-30,3.11,3.11,3.08,3.1,47209452.0,146096896.0,15803803650.0,0.0029872208643898,53289712.8,-0.11409820921384284,52355153.2,-0.09828452187587144,2013-05-30
2013-05-31,3.12,3.12,3.07,3.08,45947648.0,142311328.0,15803803650.0,0.0029073790726323,55126663.2,-0.16650772361640065,52449473.6,-0.12396360065661371,2013-05-31
2013-06-03,3.06,3.09,3.06,3.09,46036096.0,141534032.0,15803803650.0,0.0029129756999986,57393558.4,-0.19788740612395972,52055830.4,-0.11563996489430695,2013-06-03
2013-06-04,3.09,3.09,3.05,3.06,37417024.0,114566504.0,15803803650.0,0.0023675961071561,59308148.8,-0.36910821266436156,48903584.0,-0.23488176244914893,2013-06-04
2013-06-05,3.06,3.06,3.04,3.06,27696168.0,84386960.0,15803803650.0,0.0017525001330929,47338313.6,-0.4149312492619087,48501437.6,-0.42896191596597133,2013-06-05
2013-06-06,3.05,3.05,3.03,3.03,23667452.0,71940352.0,15803803650.0,0.0014975794766976,40861277.6,-0.4207853158267376,47075495.2,-0.49724475760798803,2013-06-06
2013-06-07,3.03,3.05,3.01,3.02,35265180.0,106655440.0,15803803650.0,0.0022314362276957,36152877.6,-0.024553995668660122,45639770.4,-0.22731469306427532,2013-06-07
2013-06-13,3.0,3.01,2.91,2.93,60074000.0,176384368.0,15803803650.0,0.0038012367990917,34016384.0,0.7660313336067701,45704971.2,0.31438656283411026,2013-06-13
2013-06-14,2.93,2.95,2.91,2.95,39117284.0,114490824.0,15803803650.0,0.0024751815997157,36823964.8,0.062277900070119685,48066056.8,-0.1861765535965496,2013-06-14
2013-06-17,2.95,2.95,2.9,2.91,33479412.0,97556920.0,15803803650.0,0.0021184401389345,37164016.8,-0.0991444175646804,42251165.2,-0.2076097347488065,2013-06-17
2013-06-18,2.91,2.91,2.89,2.9,29504408.0,85508416.0,15803803650.0,0.001866918158022,38320665.6,-0.23006535669359562,39590971.6,-0.25476928684417544,2013-06-18
2013-06-19,2.89,2.89,2.81,2.84,36753360.0,104068808.0,15803803650.0,0.0023256021660329,39488056.8,-0.0692537699145529,37820467.2,-0.028215071864580277,2013-06-19
2013-06-20,2.8,2.8,2.72,2.73,48028972.0,132936352.0,15803803650.0,0.0030390767351757,39785692.8,0.20719204869545482,36901038.4,0.3015615300408456,2013-06-20
2013-06-21,2.64,2.76,2.58,2.68,57774452.0,152998624.0,15803803650.0,0.0036557308151572,37376687.2,0.5457349574844075,37100326.0,0.5572491734978287,2013-06-21
2013-06-24,2.66,2.66,2.5,2.51,61350368.0,158301152.0,15803803650.0,0.0038820001411495,41108120.8,0.4924148028678559,39136068.8,0.5676170315808522,2013-06-24
2013-06-25,2.5,2.5,2.27,2.46,80169648.0,193580720.0,15803803650.0,0.005072807140324,46682312.0,0.7173452763007968,42501488.8,0.8862785813752483,2013-06-25
2013-06-26,2.43,2.45,2.36,2.39,64530800.0,154505216.0,15803803650.0,0.0040832448585882,56815360.0,0.13579848829612273,48151708.4,0.34015598084158527,2013-06-26
2013-06-27,2.36,2.4,2.35,2.39,55968624.0,133019624.0,15803803650.0,0.0035414654117143,62370848.0,-0.10264769848888378,51078270.4,0.09574234917711699,2013-06-27
2013-06-28,2.35,2.41,2.31,2.38,57172860.0,135683360.0,15803803650.0,0.0036176645360941,63958778.4,-0.10609831159627026,50667732.8,0.1283879668679393,2013-06-28
2013-07-01,2.4,2.41,2.38,2.41,40066584.0,95995856.0,15803803650.0,0.0025352494176299,63838460.0,-0.37237546143813616,52473290.4,-0.23643850624621776,2013-07-01
2013-07-02,2.42,2.46,2.42,2.45,39821156.0,97193576.0,15803803650.0,0.002519719738482,59581703.2,-0.331654621111939,53132007.6,-0.2505241605062182,2013-07-02
2013-07-03,2.44,2.5,2.41,2.48,51534392.0,126652336.0,15803803650.0,0.0032608853628727,51512004.8,0.00043460160572128537,54163682.4,-0.048543420304820284,2013-07-03
2013-07-04,2.47,2.54,2.44,2.53,55452104.0,138515600.0,15803803650.0,0.0035087821405576,48912723.2,0.13369488288887577,55641785.6,-0.003408977586801254,2013-07-04
2013-07-05,2.49,2.67,2.43,2.67,144365888.0,375450432.0,15803803650.0,0.0091348824116781,48809419.2,1.9577464834902192,56384098.8,1.5604007348256137,2013-07-05
2013-07-08,2.6,2.65,2.55,2.56,88106008.0,228973504.0,15803803650.0,0.0055749875125789,66248024.8,0.3299416588794659,65043242.4,0.3545758905770664,2013-07-08
2013-07-09,2.56,2.61,2.52,2.54,50543220.0,129157344.0,15803803650.0,0.0031981680562071,75855909.6,-0.33369436519155515,67718806.4,-0.2536309677188877,2013-07-09
2013-07-10,2.53,2.58,2.47,2.57,55651312.0,140904352.0,15803803650.0,0.0035213872073132,78000322.4,-0.28652459005733555,64756163.6,-0.1406020847102808,2013-07-10
2013-07-11,2.62,2.68,2.59,2.64,129697288.0,341566080.0,15803803650.0,0.008206713451543,78823706.4,0.6454096606652335,63868214.8,1.030701631572768,2013-07-11
2013-07-12,2.62,2.63,2.55,2.56,68539224.0,177841600.0,15803803650.0,0.0043368815202914,93672743.2,-0.26831197999974876,71241081.2,-0.03792555018100996,2013-07-12
2013-07-15,2.55,2.6,2.54,2.55,52341808.0,134466288.0,15803803650.0,0.0033119753420879,78507410.4,-0.33328831337939535,72377717.6,-0.2768242805158586,2013-07-15
2013-07-16,2.54,2.56,2.5,2.56,48350400.0,122264352.0,15803803650.0,0.0030594153832074,71354570.4,-0.3223923887572029,73605240.0,-0.3431119849619402,2013-07-16
2013-07-17,2.6,2.61,2.52,2.53,48779428.0,125286912.0,15803803650.0,0.0030865625187642,70916006.4,-0.3121520729063503,74458164.4,-0.34487469046443486,2013-07-17
2013-07-18,2.5,2.51,2.46,2.46,38593736.0,95681480.0,15803803650.0,0.002442053625489,69541629.6,-0.4450268677626732,74182668.0,-0.47974726387570743,2013-07-18
2013-07-19,2.46,2.49,2.4,2.41,42669016.0,104213504.0,15803803650.0,0.0026999206611884,51320919.2,-0.1685843382166078,72496831.2,-0.41143612356949477,2013-07-19
2013-07-22,2.42,2.48,2.42,2.47,40863360.0,99992976.0,15803803650.0,0.0025856661412013,46146877.6,-0.11449350150615611,62327144.0,-0.34437297495935315,2013-07-22
2013-07-23,2.51,2.58,2.5,2.53,71516544.0,181760240.0,15803803650.0,0.0045252741418361,43851188.0,0.6308918244130581,57602879.2,0.24154460668000777,2013-07-23
2013-07-24,2.53,2.55,2.46,2.5,42714940.0,106886864.0,15803803650.0,0.0027028265439124,48484416.8,-0.1189965184855023,59700211.6,-0.28450940364841193,2013-07-24
2013-07-25,2.49,2.5,2.46,2.47,29664298.0,73471264.0,15803803650.0,0.001877035342691,47271519.2,-0.37246996707480473,58406574.4,-0.4921068680240901,2013-07-25
2013-07-26,2.47,2.48,2.45,2.46,21398830.0,52685564.0,15803803650.0,0.0013540303634435,45485631.6,-0.5295474802201054,48403275.4,-0.557905331340449,2013-07-26
2013-07-29,2.45,2.45,2.4,2.41,28891412.0,69789792.0,15803803650.0,0.0018281302805226,41231594.4,-0.299289478846833,43689236.0,-0.33870640356356885,2013-07-29
2013-07-30,2.41,2.47,2.4,2.44,25741342.0,62636788.0,15803803650.0,0.0016288067461531,38837204.8,-0.3371989016058128,41344196.4,-0.3773892289269407,2013-07-30
2013-07-31,2.44,2.47,2.42,2.44,20052504.0,48992720.0,15803803650.0,0.001268840365528,29682164.4,-0.32442581579394525,39083290.6,-0.4869289741944093,2013-07-31
2013-08-01,2.45,2.48,2.43,2.47,35524196.0,87438616.0,15803803650.0,0.0022478256998592,25149677.2,0.4125110122685789,36210598.2,-0.018955837078659554,2013-08-01
2013-08-02,2.47,2.48,2.43,2.44,34307904.0,84227240.0,15803803650.0,0.0021708637211523,26321656.8,0.3034097458485212,35903644.2,-0.04444507613519644,2013-08-02
2013-08-05,2.44,2.46,2.42,2.46,26491380.0,64639312.0,15803803650.0,0.0016762660804128,28903471.6,-0.08345335236477269,35067533.0,-0.24456105880045798,2013-08-05
2013-08-06,2.44,2.47,2.42,2.46,48678876.0,119261560.0,15803803650.0,0.0030801999998272,28423465.2,0.7126298872243064,33630335.0,0.4474692565506706,2013-08-06
2013-08-07,2.44,2.45,2.42,2.43,49107728.0,119547160.0,15803803650.0,0.0031073359988245,33010972.0,0.4876183591322303,31346568.2,0.5666061971019845,2013-08-07
2013-08-08,2.43,2.47,2.42,2.44,36406320.0,88974976.0,15803803650.0,0.0023036428954873,38822016.8,-0.062224917691550696,31985847.0,0.13820090491897874,2013-08-08
2013-08-09,2.46,2.56,2.45,2.53,113966600.0,284290752.0,15803803650.0,0.0072113399105664,38998441.6,1.9223372864212092,32660049.2,2.4894803526505407,2013-08-09
2013-08-12,2.53,2.61,2.49,2.59,127829248.0,326708352.0,15803803650.0,0.0080885115274132,54930180.8,1.3271222875712803,41916826.2,2.0495927194029777,2013-08-12
2013-08-13,2.59,2.59,2.55,2.57,53237440.0,136403008.0,15803803650.0,0.0033686472686592,75197754.4,-0.29203417808444565,51810609.8,0.027539343881646472,2013-08-13
2013-08-14,2.55,2.57,2.51,2.53,58096200.0,147505792.0,15803803650.0,0.003676089711479,76109467.2,-0.23667577586195487,54560219.6,0.0648087640761621,2013-08-14
2013-08-15,2.53,2.58,2.52,2.54,55534432.0,141577472.0,15803803650.0,0.003513991519377,77907161.6,-0.2871716686954745,58364589.2,-0.04849099837406212,2013-08-15
2013-08-16,2.56,2.79,2.53,2.55,149071552.0,388781408.0,15803803650.0,0.0094326375663367,81732784.0,0.8238893220620014,60365612.8,1.4694779873086952,2013-08-16
2013-08-19,2.55,2.57,2.53,2.56,52810280.0,134622432.0,15803803650.0,0.0033416183324955,88753774.4,-0.4049798968324214,71841977.6,-0.26491054722858853,2013-08-19
2013-08-20,2.54,2.55,2.49,2.5,55867528.0,140802080.0,15803803650.0,0.0035350684706842,73749980.8,-0.24247399939662084,74473867.6,-0.2498371603303169,2013-08-20
2013-08-21,2.51,2.51,2.47,2.49,41656308.0,103852328.0,15803803650.0,0.0026358406446033,74275998.4,-0.43916865612943423,75192732.8,-0.4460061970244018,2013-08-21
2013-08-22,2.5,2.5,2.47,2.47,30865342.0,76644472.0,15803803650.0,0.0019530324903777,70988020.0,-0.5652035089864459,74447590.8,-0.5854084508534559,2013-08-22
2013-08-23,2.48,2.5,2.44,2.46,34264144.0,84633552.0,15803803650.0,0.0021680947674897,66054202.0,-0.48127230422070655,73893493.0,-0.5363036363702552,2013-08-23
2013-08-26,2.49,2.52,2.48,2.52,41799652.0,104709080.0,15803803650.0,0.0026449108661255,43092720.4,-0.030006655137975402,65923247.4,-0.36593457318062883,2013-08-26
2013-08-27,2.51,2.53,2.5,2.53,40053696.0,100777344.0,15803803650.0,0.0025344339177486,40890594.8,-0.020466779808250624,57320287.8,-0.3012300262735247,2013-08-27
2013-08-28,2.56,2.78,2.56,2.78,365139168.0,991551296.0,15803803650.0,0.0231045118052956,37727828.4,8.678245037819352,56001913.4,5.520119507202409,2013-08-28
2013-08-29,2.77,2.77,2.64,2.67,215876784.0,579551488.0,15803803650.0,0.013659799171195,102424400.4,1.1076694923956811,86706210.2,1.489749967182858,2013-08-29
2013-08-30,2.63,2.65,2.59,2.64,102509336.0,268063344.0,15803803650.0,0.0064863711464802,139426688.8,-0.2647796710782965,102740445.4,-0.0022494490762642316,2013-08-30
2013-09-02,2.63,2.7,2.6,2.69,106611312.0,282999424.0,15803803650.0,0.006745927395776,153075727.2,-0.3035387520275651,98084223.8,0.08693638864275743,2013-09-02
2013-09-03,2.66,2.66,2.61,2.65,72759368.0,192176784.0,15803803650.0,0.0046039149568907,166038059.2,-0.5617910233920633,103464327.0,-0.2967685567606312,2013-09-03
2013-09-04,2.68,2.71,2.65,2.68,76709480.0,205234800.0,15803803650.0,0.0048538618739419,172579193.6,-0.555511424060797,105153511.0,-0.27050005966990487,2013-09-04
2013-09-05,2.64,2.65,2.62,2.63,46911580.0,123383344.0,15803803650.0,0.0029683727436084,114893256.0,-0.5916942244199259,108658828.2,-0.5682672013206931,2013-09-05
2013-09-06,2.6,2.65,2.59,2.64,53639056.0,140772112.0,15803803650.0,0.0033940598850707,81100215.2,-0.3386077229545995,110263452.0,-0.5135373051806866,2013-09-06
2013-09-09,2.64,2.68,2.62,2.67,73969064.0,196481440.0,15803803650.0,0.0046804595677193,71326159.2,0.037053793862490636,112200943.2,-0.3407447220105009,2013-09-09
2013-09-10,2.66,2.71,2.64,2.69,100795536.0,269525024.0,15803803650.0,0.0063779288981485,64797709.6,0.5555416483424593,115417884.4,-0.1266904906116959,2013-09-10
2013-09-11,2.66,2.82,2.65,2.76,186104384.0,510727936.0,15803803650.0,0.0117759235764739,70404943.2,1.643342577116091,121492068.4,0.5318233235380492,2013-09-11
2013-09-12,2.74,2.75,2.71,2.73,83998216.0,228907328.0,15803803650.0,0.0053150632506118,92283924.0,-0.08978495539483133,103588590.0,-0.1891171025689219,2013-09-12
2013-09-13,2.69,2.7,2.66,2.67,69719504.0,186891216.0,15803803650.0,0.0044115648070583,99701251.2,-0.30071585701423975,90400733.2,-0.2287728038028789,2013-09-13
2013-09-16,2.67,2.71,2.66,2.67,50965652.0,136783632.0,15803803650.0,0.0032248978238855,102917340.8,-0.5047904308075555,87121750.0,-0.4150065626551349,2013-09-16
2013-09-17,2.67,2.67,2.61,2.62,54350744.0,143245344.0,15803803650.0,0.0034390925883212,98316658.4,-0.44718682586958225,81557184.0,-0.3335872901153625,2013-09-17
2013-09-18,2.61,2.63,2.58,2.62,45020296.0,117243424.0,15803803650.0,0.002848700034311,89027700.0,-0.4943113660130499,79716321.6,-0.4352436854035673,2013-09-18
2013-09-23,2.65,2.66,2.63,2.65,43623152.0,115416224.0,15803803650.0,0.0027602944813858,60810882.4,-0.2826423449497585,76547403.2,-0.4301158474831188,2013-09-23
2013-09-24,2.64,2.64,2.58,2.59,55609512.0,144829360.0,15803803650.0,0.003518742274427,52735869.6,0.05449123000713718,76218560.4,-0.270394091568279,2013-09-24
2013-09-25,2.58,2.64,2.57,2.61,42878256.0,111742520.0,15803803650.0,0.0027131605118366,49913871.2,-0.14095510988937288,76415606.0,-0.43888090084635334,2013-09-25
2013-09-26,2.61,2.62,2.56,2.56,41156712.0,106148080.0,15803803650.0,0.0026042282548859,48296392.0,-0.14783050460580993,73306525.2,-0.4385668685330075,2013-09-26
2013-09-27,2.56,2.58,2.55,2.57,33089664.0,85005776.0,15803803650.0,0.0020937784809797,45657585.6,-0.27526469993630154,67342642.8,-0.5086372820521383,2013-09-27
2013-09-30,2.58,2.6,2.58,2.6,23556584.0,61017488.0,15803803650.0,0.0014905642035105,43271459.2,-0.45560920672626637,52041170.8,-0.547347155379525,2013-09-30
2013-10-08,2.58,2.6,2.56,2.6,39543956.0,101976216.0,15803803650.0,0.0025021796572371,39258145.6,0.00728028274468473,45997007.6,-0.14029285679010128,2013-10-08
2013-10-09,2.58,2.6,2.57,2.59,33796224.0,87224576.0,15803803650.0,0.0021384867053824,36045034.4,-0.06238890980223333,42979452.8,-0.21366555881325688,2013-10-09
2013-10-10,2.58,2.59,2.56,2.57,37590348.0,96580720.0,15803803650.0,0.0023785633403512,34228628.0,0.09821369410424508,41262510.0,-0.08899511929836557,2013-10-10
2013-10-11,2.57,2.6,2.56,2.59,43025692.0,111186784.0,15803803650.0,0.0027224896583677,33515355.2,0.283760585058636,39586470.4,0.0868787129857378,2013-10-11
2013-10-14,2.58,2.59,2.56,2.59,43554876.0,112152760.0,15803803650.0,0.0027559742556027,35502560.8,0.22680941933630883,39387010.0,0.10581828882161903,2013-10-14
2013-10-15,2.57,2.59,2.57,2.59,36831968.0,94974360.0,15803803650.0,0.0023305761584806,39502219.2,-0.06759749842105078,39380182.4,-0.06470803954427595,2013-10-15
2013-10-16,2.57,2.68,2.54,2.63,111066168.0,289807392.0,15803803650.0,0.0070278124469105,38959821.6,1.8507873865623656,37502428.0,1.9615727280377686,2013-10-16
2013-10-17,2.6,2.61,2.57,2.57,54662360.0,141261280.0,15803803650.0,0.0034588103731597,54413810.4,0.00456776686236271,44321219.2,0.23332257069318163,2013-10-17
2013-10-18,2.64,2.66,2.58,2.59,51466304.0,134514240.0,15803803650.0,0.00325657703296,57828212.8,-0.11001392731957294,45671784.0,0.12687308207623338,2013-10-18
2013-10-21,2.58,2.66,2.55,2.62,72930752.0,189773872.0,15803803650.0,0.0046147594348275,59516335.2,0.22539050421908358,47509448.0,0.5350789173555541,2013-10-21
2013-10-22,2.61,2.61,2.58,2.6,34327908.0,89077128.0,15803803650.0,0.0021721294923833,65391510.4,-0.4750402951389848,52446864.8,-0.3454726391957751,2013-10-22
2013-10-23,2.63,2.63,2.59,2.6,57429752.0,149928176.0,15803803650.0,0.0036339196102325,64890698.4,-0.11497713206920879,51925260.0,0.10600798147183088,2013-10-23
2013-10-24,2.59,2.59,2.56,2.57,37767300.0,97164816.0,15803803650.0,0.0023897601385347,54163415.2,-0.30271568252217596,54288612.8,-0.3043237236667796,2013-10-24
2013-10-25,2.57,2.58,2.5,2.51,46407288.0,117867352.0,15803803650.0,0.0029364632102348,50784403.2,-0.08619014745062525,54306308.0,-0.14545308438202065,2013-10-25
2013-10-28,2.5,2.51,2.48,2.5,34313108.0,85550608.0,15803803650.0,0.002171193008969,49772600.0,-0.3106024599880255,54644467.6,-0.3720662034595429,2013-10-28
2013-10-29,2.48,2.52,2.43,2.47,53123748.0,131514976.0,15803803650.0,0.0033614533043125,42049071.2,0.26337506356145135,53720290.8,-0.01110460854020534,2013-10-29
2013-10-30,2.46,2.49,2.45,2.48,30238564.0,74810000.0,15803803650.0,0.0019133725443368,45808239.2,-0.3398880959388634,55349468.8,-0.45367923747806593,2013-10-30
2013-10-31,2.48,2.48,2.44,2.47,31948956.0,78626056.0,15803803650.0,0.0020215991483797,40370001.6,-0.20859661298601484,47266708.4,-0.32407063911393497,2013-10-31
2013-11-01,2.46,2.48,2.45,2.47,24886364.0,61446120.0,15803803650.0,0.0015747072382793,39206332.8,-0.36524632061481654,44995368.0,-0.4469127577754226,2013-11-01
2013-11-04,2.48,2.49,2.46,2.47,18421216.0,45492576.0,15803803650.0,0.0011656191387824,34902148.0,-0.4722039457284979,42337374.0,-0.5648946956417278,2013-11-04
2013-11-05,2.46,2.47,2.44,2.47,23917368.0,58747968.0,15803803650.0,0.0015133931381133,31723769.6,-0.2460742118111966,36886420.4,-0.35159422517453065,2013-11-05
2013-11-06,2.46,2.47,2.45,2.46,22465562.0,55221588.0,15803803650.0,0.0014215287975942,25882493.6,-0.13201709436528175,35845366.4,-0.3732645455675967,2013-11-06
2013-11-07,2.46,2.47,2.45,2.46,21367160.0,52524388.0,15803803650.0,0.0013520264154889,24327893.2,-0.12170117550499604,32348947.4,-0.3394789717330957,2013-11-07
2013-11-08,2.45,2.46,2.43,2.43,24070314.0,58820252.0,15803803650.0,0.0015230709348885,22211534.0,0.08368535014285827,30708933.4,-0.21617876835800487,2013-11-08
2013-11-11,2.41,2.42,2.39,2.41,28200364.0,67865400.0,15803803650.0,0.0017844035919795,22048324.0,0.2790252900855412,28475236.0,-0.009653019205881241,2013-11-11
2013-11-12,2.4,2.43,2.4,2.43,22707332.0,54811608.0,15803803650.0,0.0014368270134765,24004153.6,-0.05402488342684164,27863961.6,-0.18506448128323583,2013-11-12
2013-11-13,2.41,2.42,2.37,2.38,29699536.0,70904008.0,15803803650.0,0.0018792650590796,23762146.4,0.2498675624690201,24822320.0,0.19648509889486565,2013-11-13
2013-11-14,2.38,2.4,2.37,2.38,23531756.0,56079212.0,15803803650.0,0.0014889931893073,25208941.2,-0.06653136229299461,24768417.2,-0.04992895549256171,2013-11-14
2013-11-15,2.38,2.43,2.38,2.42,37550928.0,90652624.0,15803803650.0,0.0023760690041223,25641860.4,0.4644385163254381,23926697.2,0.5694154394196955,2013-11-15
2013-11-18,2.42,2.45,2.41,2.45,42163116.0,102631336.0,15803803650.0,0.0026679093801573,28337983.2,0.4878657984383308,25193153.6,0.6735942101349313,2013-11-18
2013-11-19,2.44,2.45,2.43,2.44,25755118.0,62762252.0,15803803650.0,0.0016296784350392,31130533.6,-0.17267341668695335,27567343.6,-0.06573812937130441,2013-11-19
2013-11-20,2.45,2.46,2.44,2.46,28980044.0,70969664.0,15803803650.0,0.0018337385506558,31740090.8,-0.08695774745546725,27751118.6,0.044283814923409937,2013-11-20
2013-11-21,2.44,2.44,2.41,2.43,37772680.0,91548544.0,15803803650.0,0.002390100562911,31596192.4,0.19548202270093795,28402566.8,0.3299037465867345,2013-11-21
2013-11-22,2.42,2.48,2.41,2.46,58158740.0,142340752.0,15803803650.0,0.0036800469866632,34444377.2,0.6884828447413471,30043118.8,0.935842293443915,2013-11-22
2013-11-25,2.44,2.45,2.42,2.42,36157612.0,87994176.0,15803803650.0,0.0022879056713666,38565939.6,-0.06244700958874083,33451961.4,0.08088167290543402,2013-11-25
2013-11-26,2.43,2.44,2.42,2.43,24184320.0,58727060.0,15803803650.0,0.0015302847678697,37364838.8,-0.352751924624923,34247686.2,-0.2938407617154587,2013-11-26
2013-11-27,2.42,2.45,2.41,2.43,28805066.0,69868024.0,15803803650.0,0.0018226666591115,37050679.2,-0.22254958284273507,34395385.0,-0.16253107793385657,2013-11-27
2013-11-28,2.43,2.48,2.42,2.46,64184936.0,157525056.0,15803803650.0,0.0040613600005084,37015683.6,0.7339929931754656,34305938.0,0.8709570337356758,2013-11-28
2013-11-29,2.45,2.46,2.44,2.45,31028550.0,75896376.0,15803803650.0,0.001963359624504,42298134.8,-0.2664321926554548,38371256.0,-0.1913595426743393,2013-11-29
2013-12-02,2.43,2.44,2.39,2.41,62794208.0,151321088.0,15803803650.0,0.0039733604257985,36872096.8,0.7030278570976198,37719018.2,0.6647890373774361,2013-12-02
2013-12-03,2.39,2.42,2.38,2.41,35220120.0,84498928.0,15803803650.0,0.0022285850153548,42199416.0,-0.1653884499254682,39782127.4,-0.11467479740663644,2013-12-03
2013-12-04,2.4,2.44,2.4,2.43,45186096.0,109443760.0,15803803650.0,0.0028591911795866,44406576.0,0.01755415684379713,40728627.6,0.10944312790937238,2013-12-04
2013-12-05,2.43,2.45,2.43,2.44,51179880.0,124772864.0,15803803650.0,0.0032384532947547,47682782.0,0.07334089693004908,42349232.8,0.2085196499710853,2013-12-05
2013-12-06,2.43,2.44,2.41,2.43,29999562.0,72711272.0,15803803650.0,0.0018982494761632,45081770.8,-0.3345522709591523,43689952.8,-0.3133532980150072,2013-12-06
2013-12-09,2.43,2.44,2.42,2.43,28415348.0,69047600.0,15803803650.0,0.0017980068994339,44875973.2,-0.3668026346000225,40874035.0,-0.3048068780094747,2013-12-09
2013-12-10,2.44,2.44,2.42,2.43,22987838.0,55738676.0,15803803650.0,0.0014545762848679,38000201.2,-0.39506009773442996,40099808.6,-0.42673447074757365,2013-12-10
2013-12-11,2.44,2.44,2.4,2.41,32619588.0,78923544.0,15803803650.0,0.0020640339960184,35553744.8,-0.0825273629122747,39980160.4,-0.18410562454871993,2013-12-11
2013-12-12,2.4,2.41,2.39,2.4,22782044.0,54686748.0,15803803650.0,0.001441554482993,33040443.2,-0.3104800724949113,40361612.6,-0.4355516905189264,2013-12-12
2013-12-13,2.38,2.39,2.37,2.38,27087676.0,64513040.0,15803803650.0,0.0017139972502758,27360876.0,-0.009985060419849145,36221323.4,-0.25216216699580885,2013-12-13
2013-12-16,2.38,2.39,2.35,2.35,36369608.0,86161616.0,15803803650.0,0.0023013199104128,26778498.8,0.3581645585001949,35827236.0,0.015138538736284346,2013-12-16
2013-12-17,2.36,2.37,2.35,2.35,24828268.0,58455364.0,15803803650.0,0.001571031161223,28369350.8,-0.12482072025419777,33184776.0,-0.2518175201785301,2013-12-17
2013-12-18,2.35,2.35,2.31,2.33,31387140.0,73041320.0,15803803650.0,0.0019860497317682,28737436.8,0.09220388089726916,32145590.8,-0.023594240489118623,2013-12-18
2013-12-19,2.32,2.35,2.31,2.33,30465868.0,70906240.0,15803803650.0,0.0019277554109576,28490947.2,0.06931748481847588,30765695.2,-0.009745503816861567,2013-12-19
2013-12-20,2.31,2.32,2.26,2.27,41802204.0,95428000.0,15803803650.0,0.0026450723462386,30027712.0,0.3921208515653807,28694294.0,0.45681242410076384,2013-12-20
2013-12-23,2.27,2.28,2.24,2.27,25504748.0,57595216.0,15803803650.0,0.0016138360463621,32970617.6,-0.22644008949350103,29874558.2,-0.1462719606009102,2013-12-23
2013-12-24,2.27,2.31,2.25,2.3,31071428.0,70801560.0,15803803650.0,0.0019660727688172,30797645.6,0.008889718504975441,29583498.2,0.05029593829441037,2013-12-24
2013-12-25,2.29,2.32,2.28,2.3,23394382.0,53853680.0,15803803650.0,0.001480300724946,32046277.6,-0.26998129729738096,30391857.2,-0.23024177673485513,2013-12-25
2013-12-26,2.3,2.43,2.25,2.35,84408616.0,197503312.0,15803803650.0,0.0053410316825848,30447726.0,1.772246965175659,29469336.6,1.8642862628946997,2013-12-26
2013-12-27,2.32,2.35,2.31,2.33,47062860.0,109809392.0,15803803650.0,0.0029779451227236,41236275.6,0.14129754239977954,35631993.8,0.32080344041820097,2013-12-27
2013-12-30,2.33,2.35,2.3,2.31,38455584.0,89133976.0,15803803650.0,0.0024333119324726,42288406.8,-0.09063530858769542,37629512.2,0.021952763979757206,2013-12-30
2013-12-31,2.3,2.32,2.29,2.31,26234772.0,60406960.0,15803803650.0,0.0016600289766318,44878574.0,-0.4154276827066742,37838109.8,-0.30665743773490495,2013-12-31
2014-01-02,2.3,2.36,2.28,2.33,54957512.0,127717776.0,15803803650.0,0.0034774863834757,43911242.8,0.25155901986905294,37978760.2,0.4470591380705471,2014-01-02
2014-01-03,2.33,2.33,2.29,2.3,33051678.0,76179000.0,15803803650.0,0.0020913748824005,50223868.8,-0.3419129431940535,40335797.4,-0.18058696913228744,2014-01-03
2014-01-06,2.3,2.31,2.25,2.27,38442132.0,86964912.0,15803803650.0,0.0024324607449802,39952481.2,-0.03780363958972344,40594378.4,-0.053018336154643464,2014-01-06
2014-01-07,2.26,2.27,2.25,2.27,17938584.0,40493788.0,15803803650.0,0.0011350801615407,38228335.6,-0.5307516343976011,40258371.2,-0.554413567531515,2014-01-07
2014-01-08,2.26,2.27,2.23,2.24,29600436.0,66459464.0,15803803650.0,0.0018729944167586,34124935.6,-0.1325863190786506,39501754.8,-0.2506551632992263,2014-01-08
2014-01-09,2.23,2.24,2.21,2.21,24297580.0,54091992.0,15803803650.0,0.0015374513970249,34798068.4,-0.30175492154616257,39354655.6,-0.38259960277736493,2014-01-09
2014-01-10,2.21,2.25,2.2,2.2,34123448.0,75658792.0,15803803650.0,0.0021591921005675,28666082.0,0.19037711536581803,39444975.4,-0.13491014624894404,2014-01-10
2014-01-13,2.21,2.25,2.21,2.24,31824868.0,71042944.0,15803803650.0,0.0020137473677104,28880436.0,0.10195247744874769,34416458.6,-0.07530090850195725,2014-01-13
2014-01-14,2.24,2.24,2.21,2.23,19570204.0,43513692.0,15803803650.0,0.0012383223958872,27556983.2,-0.2898277776647191,32892659.4,-0.40502822340962796,2014-01-14
2014-01-15,2.22,2.23,2.2,2.22,14610356.0,32321080.0,15803803650.0,0.0009244835182446,27883307.2,-0.476017823308994,31004121.4,-0.5287608440341096,2014-01-15
2014-01-16,2.21,2.25,2.2,2.23,30922604.0,68801944.0,15803803650.0,0.0019566557953281,24885291.2,0.2426056722213481,29841679.8,0.036221962277069863,2014-01-16
2014-01-17,2.22,2.23,2.2,2.21,25751984.0,56876764.0,15803803650.0,0.0016294801283487,26210296.0,-0.017485952848453112,27438189.0,-0.06145467545252348,2014-01-17
2014-01-20,2.21,2.22,2.2,2.21,19600000.0,43295200.0,15803803650.0,0.0012402077647933,24536003.2,-0.20117388964148808,26708219.6,-0.2661435208507871,2014-01-20
2014-01-21,2.21,2.23,2.2,2.22,18583974.0,41193240.0,15803803650.0,0.0011759177987509,22091029.6,-0.15875473726222344,24824006.4,-0.25137088266300156,2014-01-21
2014-01-22,2.21,2.25,2.21,2.25,38418404.0,85920672.0,15803803650.0,0.0024309593342739,21893783.6,0.7547631191531461,24888545.4,0.5436178925908624,2014-01-22
2014-01-23,2.23,2.25,2.22,2.23,22797580.0,50912528.0,15803803650.0,0.0014425375374744,26655393.2,-0.1447291799844843,25770342.2,-0.11535594587486697,2014-01-23
2014-01-24,2.24,2.28,2.23,2.27,51598968.0,116569920.0,15803803650.0,0.0032649714678023,25030388.4,1.0614529497273004,25620342.2,1.0139843409273435,2014-01-24
2014-01-27,2.25,2.29,2.23,2.26,43650300.0,98839592.0,15803803650.0,0.0027620122956918,30199785.2,0.44538445260200077,27367894.2,0.5949455110068351,2014-01-27
2014-01-28,2.24,2.26,2.23,2.25,26386052.0,59286360.0,15803803650.0,0.001669601355747,35009845.2,-0.24632480237301946,28550437.4,-0.07580918532617642,2014-01-28
2014-01-29,2.25,2.25,2.24,2.25,18035322.0,40458780.0,15803803650.0,0.0011412013461708,36570260.8,-0.5068309165572042,29232022.2,-0.38302858842245957,2014-01-29
2014-01-30,2.25,2.26,2.23,2.24,16953670.0,38037164.0,15803803650.0,0.0010727588354971,32493644.4,-0.4782465828917608,29574518.8,-0.42674739309706033,2014-01-30
2014-02-07,2.22,2.23,2.19,2.23,23159842.0,51252336.0,15803803650.0,0.0014654599938667,31324862.4,-0.26065622558010015,28177625.4,-0.17807687229740798,2014-02-07
2014-02-10,2.23,2.26,2.22,2.25,65431600.0,147171168.0,15803803650.0,0.0041402437950436,25637037.2,1.5522293972409575,27918411.2,1.3436720496472954,2014-02-10
2014-02-11,2.26,2.33,2.25,2.31,107034088.0,245080672.0,15803803650.0,0.0067726789303662,29993297.2,2.568600253792704,32501571.2,2.293197345487101,2014-02-11
2014-02-12,2.3,2.31,2.28,2.29,65575596.0,150265184.0,15803803650.0,0.0041493552724568,46122904.4,0.42175773301908537,41346582.6,0.5859979683060916,2014-02-12
2014-02-13,2.31,2.52,2.3,2.41,293942944.0,717227584.0,15803803650.0,0.018599506201787,55630959.2,4.283801470027502,44062301.8,5.671075545127332,2014-02-13
2014-02-14,2.4,2.44,2.37,2.41,112764592.0,270884096.0,15803803650.0,0.007135281764906,111028814.0,0.015633581387260342,71176838.2,0.5842877381423217,2014-02-14
2014-02-17,2.46,2.5,2.42,2.43,96207232.0,234905648.0,15803803650.0,0.0060875998038611,128949764.0,-0.25391695947578474,77293400.6,0.2447017630635857,2014-02-17
2014-02-18,2.44,2.44,2.36,2.37,80299368.0,191535120.0,15803803650.0,0.005081015290898,135104890.4,-0.40565165507880097,82549093.8,-0.027253185909595024,2014-02-18
2014-02-19,2.37,2.4,2.35,2.38,47940768.0,114080000.0,15803803650.0,0.0030334955471305,129757946.4,-0.6305369395087776,87940425.4,-0.4548494872302494,2014-02-19
2014-02-20,2.37,2.44,2.36,2.39,64230216.0,154099648.0,15803803650.0,0.0040642251335487,126230980.8,-0.49116915995633303,90930970.0,-0.2936376242329759,2014-02-20
2014-02-21,2.39,2.4,2.35,2.37,45616120.0,108256408.0,15803803650.0,0.0028864013379462,80288435.2,-0.43184694176229255,95658624.6,-0.5231363592070715,2014-02-21
2014-02-24,2.37,2.37,2.3,2.33,43592480.0,101414088.0,15803803650.0,0.0027583536827857,66858740.8,-0.3479913100606884,97904252.4,-0.5547437528872852,2014-02-24
2014-02-25,2.34,2.37,2.3,2.32,45735592.0,107062904.0,15803803650.0,0.0028939610370317,56335790.4,-0.18816099543000286,95720340.4,-0.5221956816192016,2014-02-25
2014-02-26,2.32,2.47,2.32,2.43,132850664.0,318393600.0,15803803650.0,0.008406246176059,49423035.2,1.6880312684640622,89590490.8,0.48286567931158153,2014-02-26
2014-02-27,2.4,2.4,2.34,2.36,75141584.0,177952176.0,15803803650.0,0.0047546518334527,66405014.4,0.13156490784527253,96317997.6,-0.21985936302313658,2014-02-27
2014-02-28,2.36,2.42,2.34,2.38,78420800.0,187134816.0,15803803650.0,0.0049621471980259,68587288.0,0.14337222372752212,74437861.6,0.05350688902648448,2014-02-28
2014-03-03,2.39,2.43,2.38,2.42,80274672.0,192780208.0,15803803650.0,0.0050794526291143,75148224.0,0.06821781975845487,71003482.4,0.13057373084562962,2014-03-03
2014-03-04,2.44,2.51,2.42,2.43,171535440.0,421915744.0,15803803650.0,0.0108540604400637,82484662.4,1.0796040743691036,69410226.4,1.4713280577917836,2014-03-04
2014-03-05,2.4,2.4,2.32,2.35,98944360.0,233099792.0,15803803650.0,0.0062607940589036,107644632.0,-0.08082402102503361,78533833.6,0.25989469078967775,2014-03-05
2014-03-06,2.34,2.35,2.31,2.34,39425152.0,91961552.0,15803803650.0,0.0024946622264571,100863371.2,-0.6091231977382092,83634192.8,-0.5286000775510564,2014-03-06
2014-03-07,2.36,2.38,2.33,2.35,45937480.0,108029968.0,15803803650.0,0.0029067356832163,93720084.8,-0.5098438067140971,81153686.4,-0.43394462977839543,2014-03-07
2014-03-10,2.32,2.32,2.25,2.26,54835472.0,125294080.0,15803803650.0,0.0034697641918627,87223420.8,-0.37132169895359113,81185822.4,-0.32456837439143815,2014-03-10
2014-03-11,2.26,2.28,2.24,2.26,35558456.0,80442984.0,15803803650.0,0.0022499935324114,82135580.8,-0.5670760996189363,82310121.6,-0.5679941262533622,2014-03-11
2014-03-12,2.26,2.31,2.26,2.29,41159208.0,94195472.0,15803803650.0,0.0026043861915482,54940184.0,-0.25083600011241314,81292408.0,-0.49368939839990966,2014-03-12
2014-03-13,2.33,2.33,2.29,2.31,44403520.0,102626416.0,15803803650.0,0.0028096729738856,43383153.6,0.02351987615764295,72123262.4,-0.38433844334806466,2014-03-13
2014-03-14,2.31,2.32,2.28,2.3,27428984.0,62828516.0,15803803650.0,0.0017355938233261,44378827.2,-0.3819353567775221,69049456.0,-0.6027632136594965,2014-03-14
2014-03-17,2.31,2.32,2.29,2.31,30168046.0,69490080.0,15803803650.0,0.0019089104539716,40677128.0,-0.25835358877844083,63950274.4,-0.5282577552161372,2014-03-17
2014-03-18,2.29,2.29,2.26,2.29,43060800.0,98003160.0,15803803650.0,0.0027247111488885,35743642.8,0.20471212855786503,58939611.8,-0.26940815039436683,2014-03-18
2014-03-19,2.27,2.28,2.26,2.27,23499150.0,53324420.0,15803803650.0,0.0014869300151043,37244111.6,-0.36905059644381477,46092147.8,-0.49017021072730305,2014-03-19
2014-03-20,2.25,2.27,2.24,2.25,35815524.0,80765168.0,15803803650.0,0.0022662597431093,33712100.0,0.06239373993313979,38547626.8,-0.07087603120615449,2014-03-20
2014-03-21,2.24,2.29,2.23,2.28,46097324.0,104061952.0,15803803650.0,0.0029168499571936,31994500.8,0.44078897458528243,38186664.0,0.20715766111436174,2014-03-21
2014-03-24,2.28,2.3,2.27,2.3,43267924.0,98929968.0,15803803650.0,0.0027378171077188,35728168.8,0.2110311122354529,38202648.4,0.13258964527705364,2014-03-24
2014-03-25,2.28,2.31,2.27,2.3,40409360.0,92422736.0,15803803650.0,0.0025569388797107,38348144.4,0.053750074019226934,37045893.6,0.09079188199147659,2014-03-25
2014-03-26,2.29,2.3,2.28,2.29,24994296.0,57184240.0,15803803650.0,0.0015815367334053,37817856.4,-0.33908744758996967,37530984.0,-0.3340356863545064,2014-03-26
2014-03-27,2.27,2.28,2.25,2.26,34381336.0,77935680.0,15803803650.0,0.0021755101975086,38116885.6,-0.0980024873805535,35914492.8,-0.04268908400120852,2014-03-27
2014-03-28,2.26,2.28,2.25,2.27,30296720.0,68712584.0,15803803650.0,0.0019170524179474,37830048.0,-0.19913609414399902,34912274.4,-0.1322043458732668,2014-03-28
2014-03-31,2.27,2.28,2.25,2.25,27184768.0,61619368.0,15803803650.0,0.0017201408345768,34669927.2,-0.2158977478325943,35199048.0,-0.22768456692351458,2014-03-31
2014-04-01,2.25,2.28,2.25,2.26,20958524.0,47377532.0,15803803650.0,0.0013261696022147,31453296.0,-0.3336620747154766,34900720.2,-0.3994816187202922,2014-04-01
2014-04-02,2.27,2.28,2.26,2.27,26957304.0,61197640.0,15803803650.0,0.001705747843811,27563128.8,-0.021979536662760868,32690492.6,-0.17537785894361224,2014-04-02
2014-04-03,2.28,2.28,2.26,2.26,21841842.0,49531980.0,15803803650.0,0.001382062349275,27955730.4,-0.21869893265246254,33036308.0,-0.33885342151429265,2014-04-03
2014-04-04,2.26,2.27,2.24,2.26,21897144.0,49471592.0,15803803650.0,0.0013855616334489,25447831.6,-0.1395281003038389,31638939.8,-0.30790525414508363,2014-04-04
2014-04-08,2.26,2.29,2.25,2.29,42344796.0,96390648.0,15803803650.0,0.0026794053468261,23767916.4,0.7815947888473724,29218921.8,0.44922513875922676,2014-04-08
2014-04-09,2.29,2.31,2.28,2.29,50738060.0,116420392.0,15803803650.0,0.0032104967338037,26799922.0,0.8932167041381687,29126609.0,0.7419830780850596,2014-04-09
2014-04-10,2.29,2.32,2.27,2.31,66164572.0,151705728.0,15803803650.0,0.0041866232626852,32755829.2,1.0199327452837004,30159479.0,1.1938234410481692,2014-04-10
2014-04-11,2.31,2.31,2.28,2.29,42333948.0,97076640.0,15803803650.0,0.0026787189297938,40597282.8,0.04277786788233029,34276506.6,0.23507183780508134,2014-04-11
2014-04-14,2.29,2.3,2.28,2.3,27053572.0,61957380.0,15803803650.0,0.0017118392887651,44695704.0,-0.39471650340265363,35071767.8,-0.22862251614245688,2014-04-14
2014-04-15,2.29,2.29,2.26,2.27,31640168.0,71965344.0,15803803650.0,0.0020020603078044,45726989.6,-0.3080636123922752,34747453.0,-0.08942482777082972,2014-04-15
2014-04-16,2.26,2.28,2.25,2.27,20353140.0,46089608.0,15803803650.0,0.0012878633809146,43586064.0,-0.5330356051420473,35192993.0,-0.42167067177264517,2014-04-16
2014-04-17,2.27,2.27,2.25,2.26,25617268.0,57840104.0,15803803650.0,0.0016209558513465,37509080.0,-0.3170382211453867,35132454.6,-0.27083751216176055,2014-04-17
2014-04-18,2.26,2.26,2.24,2.26,19442022.0,43788512.0,15803803650.0,0.0012302115636573,29399619.2,-0.33869816926064134,34998451.0,-0.4444890718163498,2014-04-18
2014-04-21,2.25,2.27,2.24,2.24,25300460.0,56987976.0,15803803650.0,0.0016009095380022,24821234.0,0.01930709810801501,34758469.0,-0.2721066051557104,2014-04-21
2014-04-22,2.24,2.25,2.22,2.23,24298684.0,54255352.0,15803803650.0,0.0015375212536255,24470611.6,-0.00702588079163502,35098800.6,-0.3077061442378747,2014-04-22
2014-04-23,2.23,2.24,2.22,2.23,23616956.0,52604168.0,15803803650.0,0.0014943842965297,23002314.8,0.02672084115638662,33294189.4,-0.2906583273056048,2014-04-23
2014-04-24,2.23,2.24,2.22,2.23,22549996.0,50270996.0,15803803650.0,0.0014268714354724,23655078.0,-0.0467164809179661,30582079.0,-0.26264018871967465,2014-04-24
2014-04-25,2.23,2.24,2.2,2.21,32452852.0,72046976.0,15803803650.0,0.0020534836244944,23041623.6,0.40844467227561165,26220621.4,0.2376843212419062,2014-04-25
2014-04-28,2.22,2.22,2.19,2.2,36151716.0,79719056.0,15803803650.0,0.0022875325966227,25643789.6,0.40976495923207845,25232511.8,0.43274344966322364,2014-04-28
2014-04-29,2.2,2.21,2.19,2.2,23711768.0,52232656.0,15803803650.0,0.0015003836117642,27814040.8,-0.1474892781490419,26142326.2,-0.09297405982180729,2014-04-29
2014-04-30,2.2,2.24,2.2,2.22,24814422.0,55023304.0,15803803650.0,0.0015701550430234,27696657.6,-0.10406438356662939,25349486.2,-0.021107496845439,2014-04-30
2014-05-05,2.22,2.24,2.21,2.23,30248668.0,67266656.0,15803803650.0,0.0019140118840947,27936150.8,0.08277866254931587,25795614.4,0.17262832088232805,2014-05-05
2014-05-06,2.23,2.24,2.21,2.22,23730968.0,52730968.0,15803803650.0,0.0015015985091664,29475885.2,-0.19490227896531498,26258754.4,-0.09626452045265321,2014-05-06
2014-05-07,2.22,2.22,2.19,2.2,27499766.0,60559576.0,15803803650.0,0.0017400726185306,27731508.4,-0.00835664604526154,26687649.0,0.030430443685766306,2014-05-07
2014-05-08,2.19,2.22,2.18,2.2,33001124.0,72515272.0,15803803650.0,0.00208817603223,26001118.4,0.269219404039174,26907579.6,0.22646200403695915,2014-05-08
2014-05-09,2.2,2.23,2.19,2.22,35709928.0,79033232.0,15803803650.0,0.0022595780605006,27858989.6,0.2818098758326826,27777823.6,0.28555528734799784,2014-05-09
2014-05-12,2.22,2.29,2.21,2.27,105647272.0,239444592.0,15803803650.0,0.0066849268910019,30038090.8,2.5171100821094794,28987120.8,2.6446279963065527,2014-05-12
2014-05-13,2.27,2.27,2.24,2.25,51542728.0,116062144.0,15803803650.0,0.0032614128308282,45117811.6,0.14240310361152364,37296848.4,0.3819593400283119,2014-05-13
2014-05-14,2.24,2.25,2.22,2.24,33420012.0,74646904.0,15803803650.0,0.0021146815500963,50680163.6,-0.3405701634317534,39205836.0,-0.1475755803294183,2014-05-14
2014-05-15,2.24,2.24,2.21,2.21,31326000.0,69528840.0,15803803650.0,0.0019821810428529,51864212.8,-0.3959997017442439,38932665.6,-0.1953800358329434,2014-05-15
2014-05-16,2.21,2.22,2.2,2.21,26323508.0,58149184.0,15803803650.0,0.0016656438274592,51529188.0,-0.4891534483330108,39694088.8,-0.33684060282547656,2014-05-16
2014-05-19,2.2,2.21,2.19,2.21,30360044.0,66847824.0,15803803650.0,0.0019210593014422,49651904.0,-0.3885421997110121,39844997.4,-0.23804627980726134,2014-05-19
2014-05-20,2.21,2.23,2.2,2.21,20211420.0,44748740.0,15803803650.0,0.0012788959194642,34594458.4,-0.41576134055042757,39856135.0,-0.49289061771794984,2014-05-20
2014-05-21,2.2,2.22,2.19,2.21,18020516.0,39821480.0,15803803650.0,0.0011402644831011,28328196.8,-0.36386646396074174,39504180.2,-0.5438326802691125,2014-05-21
2014-05-22,2.21,2.23,2.2,2.2,23246468.0,51491384.0,15803803650.0,0.0014709413325316,25248297.6,-0.07928572578295345,38556255.2,-0.3970766123573122,2014-05-22
2014-05-23,2.21,2.22,2.2,2.22,14493561.0,32003124.0,15803803650.0,0.0009170932087605,23632391.2,-0.38670780805287275,37580789.6,-0.6143359106004521,2014-05-23
2014-05-26,2.22,2.22,2.2,2.21,28595674.0,63043700.0,15803803650.0,0.0018094171905255,21266401.8,0.3446409161704074,35459152.9,-0.1935601484715671,2014-05-26
2014-05-27,2.2,2.21,2.19,2.2,24733376.0,54393056.0,15803803650.0,0.001565026783916,20913527.8,0.18264963408038692,27753993.1,-0.10883540574202999,2014-05-27
2014-05-28,2.19,2.21,2.18,2.2,25647802.0,56287536.0,15803803650.0,0.0016228879178715,21817919.0,0.17553841867320163,25073057.9,0.022922776403750955,2014-05-28
2014-05-29,2.2,2.21,2.18,2.19,28649600.0,62806940.0,15803803650.0,0.0018128294070522,23343376.2,0.22731175450104768,24295836.9,0.17919790612357955,2014-05-29
2014-05-30,2.19,2.2,2.18,2.19,22774864.0,49920424.0,15803803650.0,0.0014411001619853,24424002.6,-0.06752122602541821,24028196.9,-0.05216092182097931,2014-05-30
2014-06-03,2.19,2.2,2.18,2.19,22115940.0,48423736.0,15803803650.0,0.0013994061486583,26080263.2,-0.15200472363331052,23673332.5,-0.06578678772834368,2014-06-03
2014-06-04,2.19,2.19,2.17,2.18,23781156.0,51754360.0,15803803650.0,0.0015047742003552,24784316.4,-0.04047561303728342,22848922.1,0.04079990714310311,2014-06-04
2014-06-05,2.18,2.19,2.17,2.19,19940352.0,43394656.0,15803803650.0,0.0012617438460772,24593872.4,-0.18921462729879002,23205895.7,-0.1407204333853832,2014-06-05
2014-06-06,2.19,2.19,2.17,2.17,21899724.0,47718056.0,15803803650.0,0.0013857248852873,23452382.4,-0.06620471956827712,23397879.3,-0.06402953365094077,2014-06-06
2014-06-09,2.17,2.18,2.16,2.17,19773368.0,42895088.0,15803803650.0,0.0012511777821284,22102407.2,-0.10537491138069344,23263204.9,-0.1500153102292453,2014-06-09
2014-06-10,2.17,2.18,2.16,2.17,31132304.0,67483656.0,15803803650.0,0.0019699247528932,21502108.0,0.4478721807182813,23791185.6,0.3085646307597212,2014-06-10
2014-06-11,2.17,2.18,2.16,2.17,25544012.0,55455732.0,15803803650.0,0.0016163205115497,23305380.8,0.09605640942798921,24044848.6,0.06234863129893031,2014-06-11
2014-06-12,2.17,2.18,2.16,2.16,31743644.0,68842056.0,15803803650.0,0.0020086078454916,23657952.0,0.34177480789545944,24125912.2,0.31574896471686564,2014-06-12
2014-06-13,2.17,2.18,2.16,2.16,55137320.0,119735984.0,15803803650.0,0.0034888638976478,26018610.4,1.1191492993799548,24735496.4,1.2290767530341538,2014-06-13
2014-06-16,2.17,2.19,2.17,2.19,44283568.0,96521016.0,15803803650.0,0.002802082902365,32666129.6,0.3556417164278929,27384268.4,0.6171170744148857,2014-06-16
2014-06-17,2.18,2.19,2.16,2.18,38577168.0,83690016.0,15803803650.0,0.0024410052702723,37568169.6,0.026857800386420605,29535138.8,0.3061448013239063,2014-06-17
2014-06-18,2.17,2.18,2.16,2.17,33602412.0,72810552.0,15803803650.0,0.0021262230754176,39057142.4,-0.13966025328058818,31181261.6,0.07764760871638354,2014-06-18
2014-06-19,2.16,2.17,2.12,2.14,41367040.0,88878464.0,15803803650.0,0.0026175369497203,40668822.4,0.017168375153149285,32163387.2,0.2861530952187772,2014-06-19
2014-06-20,2.17,2.19,2.15,2.16,56402976.0,122131064.0,15803803650.0,0.0035689494281966,42593501.6,0.3242155230552821,34306056.0,0.6441113487367944,2014-06-20
2014-06-23,2.15,2.19,2.14,2.17,56402464.0,122088008.0,15803803650.0,0.0035689170309326,42846632.8,0.3163803154211924,37756381.2,0.4938524881722508,2014-06-23
2014-06-24,2.16,2.17,2.15,2.16,34647592.0,74892784.0,15803803650.0,0.0021923577872343,45270412.0,-0.23465260267567256,41419290.8,-0.1634914231800414,2014-06-24
2014-06-25,2.16,2.16,2.15,2.16,21151680.0,45574360.0,15803803650.0,0.0013383917231849,44484496.8,-0.5245156959941154,41770819.6,-0.49362544947526,2014-06-25
2014-06-26,2.16,2.17,2.15,2.17,31578858.0,68222520.0,15803803650.0,0.001998180861985,41994350.4,-0.24802127669059026,41331586.4,-0.23596307931698457,2014-06-26
2014-06-27,2.16,2.17,2.15,2.16,39265760.0,84678720.0,15803803650.0,0.0024845765531894,40036714.0,-0.019256175719116198,41315107.8,-0.04960286706549499,2014-06-27
2014-06-30,2.16,2.18,2.15,2.18,40127544.0,86960016.0,15803803650.0,0.002539106716882,36609270.8,0.09610334003156384,39727951.8,0.010058212968331315,2014-06-30
2014-07-01,2.18,2.24,2.17,2.21,93031368.0,205187040.0,15803803650.0,0.0058866441307627,33354286.8,1.789187745426474,39312349.4,1.3664667571356088,2014-07-01
2014-07-02,2.2,2.21,2.18,2.19,41742800.0,91502496.0,15803803650.0,0.0026413135042967,45031042.0,-0.07302167247206937,44757769.4,-0.0673619226430886,2014-07-02
2014-07-03,2.2,2.22,2.2,2.21,56320208.0,124535760.0,15803803650.0,0.0035637122079784,49149266.0,0.14590130399912793,45571808.2,0.23585633804190365,2014-07-03
2014-07-04,2.21,2.22,2.19,2.21,45532140.0,100396296.0,15803803650.0,0.0028810874273295,54097536.0,-0.15833246083518482,47067125.0,-0.03261267816974167,2014-07-04
2014-07-07,2.14,2.14,2.12,2.13,41103060.0,87580896.0,15803803650.0,0.0026008333759575,55350812.0,-0.257408184002793,45980041.4,-0.10606735556353808,2014-07-07
2014-07-08,2.13,2.13,2.11,2.13,31766316.0,67363408.0,15803803650.0,0.0020100424368408,55545915.2,-0.42810707347927546,44450101.0,-0.2853488454390689,2014-07-08
2014-07-09,2.12,2.13,2.11,2.12,28031486.0,59369168.0,15803803650.0,0.0017737176834641,43292904.8,-0.3525154726970411,44161973.4,-0.36525739585722405,2014-07-09
2014-07-10,2.12,2.12,2.11,2.11,27158862.0,57403344.0,15803803650.0,0.0017185016089465,40550642.0,-0.33024828558817887,44849954.0,-0.39445061638190304,2014-07-10
2014-07-11,2.12,2.14,2.12,2.13,34002816.0,72346624.0,15803803650.0,0.0021515590014306,34718372.8,-0.02061032076941105,44407954.4,-0.234307986949293,2014-07-11
2014-07-14,2.13,2.14,2.11,2.14,39027136.0,82971096.0,15803803650.0,0.0024694774033085,32412508.0,0.20407640161631435,43881660.0,-0.11062762894566891,2014-07-14
2014-07-15,2.12,2.14,2.12,2.14,38449060.0,81807696.0,15803803650.0,0.0024328991204595,31997323.2,0.20163364165412445,43771619.2,-0.1215984077646367,2014-07-15
2014-07-16,2.13,2.17,2.12,2.16,92251136.0,198506144.0,15803803650.0,0.0058372742437862,33333872.0,1.7674893573719848,38313388.4,1.4078041606990834,2014-07-16
2014-07-17,2.15,2.16,2.13,2.15,37310920.0,79892424.0,15803803650.0,0.0023608822803869,46177802.0,-0.19201611198384883,43364222.0,-0.1395920812323117,2014-07-17
2014-07-18,2.15,2.17,2.15,2.16,54002432.0,116577976.0,15803803650.0,0.0034170528308227,48208213.6,0.12019151856728416,41463293.2,0.30241540968578917,2014-07-18
2014-07-21,2.15,2.15,2.13,2.13,33766512.0,72117256.0,15803803650.0,0.0021366066516524,52208136.8,-0.3532327704136723,42310322.4,-0.20193205618305565,2014-07-21
2014-07-22,2.13,2.17,2.13,2.16,68018016.0,146621792.0,15803803650.0,0.0043039016116857,51156012.0,0.329619204874688,41576667.6,0.6359660339877744,2014-07-22
2014-07-23,2.16,2.18,2.15,2.16,65304792.0,141421536.0,15803803650.0,0.004132219903909,57069803.2,0.14429677935178153,45201837.6,0.4447375475726234,2014-07-23
2014-07-24,2.16,2.21,2.15,2.19,116230000.0,252983200.0,15803803650.0,0.0073545585970374,51680534.4,1.2490092517309574,48929168.2,1.375474676473245,2014-07-24
2014-07-25,2.17,2.25,2.17,2.23,175469312.0,388233504.0,15803803650.0,0.0111029797563955,67464350.4,1.600919018113009,57836282.0,2.033896819301075,2014-07-25
2014-07-28,2.23,2.29,2.23,2.27,201155600.0,456024224.0,15803803650.0,0.0127283029107995,91757726.4,1.1922469953440347,71982931.6,1.7944902427397111,2014-07-28
2014-07-29,2.27,2.27,2.24,2.25,116184272.0,261872224.0,15803803650.0,0.0073516651163911,125235544.0,-0.07227398636923721,88195778.0,0.317345054771216,2014-07-29
2014-07-30,2.24,2.27,2.23,2.25,82635504.0,185962240.0,15803803650.0,0.0052288364136946,134868795.2,-0.3872896701015387,95969299.2,-0.13893813241474628,2014-07-30
2014-07-31,2.24,2.48,2.23,2.41,331630944.0,785927616.0,15803803650.0,0.0209842485609469,138334937.6,1.3973043235030165,95007736.0,2.490567799657914,2014-07-31
2014-08-01,2.35,2.38,2.32,2.33,191338032.0,450098496.0,15803803650.0,0.0121070873972798,181415126.4,0.05469723389063552,124439738.4,0.5375959035285145,2014-08-01
2014-08-04,2.33,2.36,2.3,2.36,104462096.0,243772592.0,15803803650.0,0.0066099338053975,184588870.4,-0.4340823703312505,138173298.4,-0.24397769171297434,2014-08-04
2014-08-05,2.36,2.36,2.33,2.36,80087008.0,187904080.0,15803803650.0,0.0050675780194219,165250169.6,-0.5153589966421432,145242856.8,-0.4485993338021427,2014-08-05
2014-08-06,2.35,2.42,2.33,2.4,174580704.0,416590144.0,15803803650.0,0.0110467522797905,158030716.8,0.1047263945587571,146449756.0,0.1920860011538701,2014-08-06
2014-08-07,2.44,2.46,2.35,2.37,156356416.0,376073856.0,15803803650.0,0.0098935939386971,176419756.8,-0.11372502243467564,157377347.2,-0.006487154715491328,2014-08-07
2014-08-08,2.36,2.46,2.36,2.43,202803968.0,491001216.0,15803803650.0,0.0128326048900259,141364851.2,0.43461381155544276,161389988.8,0.2566081050499458,2014-08-08
2014-08-11,2.41,2.43,2.4,2.43,97392312.0,235268080.0,15803803650.0,0.0061625868149785,143658038.4,-0.32205456036632063,164123454.4,-0.40659113984624984,2014-08-11
2014-08-12,2.42,2.42,2.37,2.4,109389600.0,261194464.0,15803803650.0,0.0069217260871246,142244081.6,-0.23097257355416045,153747125.6,-0.28850962531425695,2014-08-12
2014-08-13,2.38,2.39,2.35,2.38,93425744.0,221172944.0,15803803650.0,0.0059115986296121,148104600.0,-0.36919080163614093,153067658.4,-0.3896441287691378,2014-08-13
2014-08-14,2.37,2.38,2.33,2.34,75410872.0,177508000.0,15803803650.0,0.0047716912757265,131873608.0,-0.4281579677413543,154146682.4,-0.5107849820321531,2014-08-14
2014-08-15,2.33,2.36,2.33,2.35,73043392.0,171172928.0,15803803650.0,0.0046218868329207,115684499.2,-0.3685982780310122,128524675.2,-0.43167806581626744,2014-08-15
2014-08-18,2.35,2.38,2.34,2.36,73795112.0,174077600.0,15803803650.0,0.0046694525972549,89732384.0,-0.1776089221033067,116695211.2,-0.36762519009006256,2014-08-18
2014-08-19,2.36,2.39,2.35,2.38,89185368.0,211366144.0,15803803650.0,0.0056432849948752,85012944.0,0.04907986717881463,113628512.8,-0.21511453593538543,2014-08-19
2014-08-20,2.37,2.38,2.35,2.37,65238824.0,153944016.0,15803803650.0,0.0041280457189178,80972097.6,-0.19430487867218094,114538348.8,-0.4304193775840428,2014-08-20
2014-08-21,2.36,2.37,2.33,2.35,62226032.0,146045728.0,15803803650.0,0.0039374085744225,75334713.6,-0.17400585963069215,103604160.8,-0.3993867474094728,2014-08-21
2014-08-22,2.34,2.35,2.33,2.34,50957088.0,119207864.0,15803803650.0,0.0032243559290234,72697745.6,-0.29905545791780364,94191122.4,-0.45900328288263403,2014-08-22
2014-08-25,2.35,2.35,2.31,2.32,56004764.0,130480288.0,15803803650.0,0.0035437522029704,68280484.8,-0.1797837381494397,79006434.4,-0.2911366722809605,2014-08-25
2014-08-26,2.32,2.34,2.28,2.3,57655216.0,133128272.0,15803803650.0,0.0036481860491856,64722415.2,-0.1091924517674675,74867679.6,-0.22990512984991718,2014-08-26
2014-08-27,2.29,2.3,2.27,2.28,59303936.0,135322944.0,15803803650.0,0.0037525103015311,58416384.8,0.015193531798290971,69694241.2,-0.14908412834545648,2014-08-27
2014-08-28,2.28,2.28,2.25,2.26,46942084.0,106336240.0,15803803650.0,0.0029703029118562,57229407.2,-0.17975589305073214,66282060.4,-0.29178296937794046,2014-08-28
2014-08-29,2.26,2.29,2.26,2.28,40939660.0,93169816.0,15803803650.0,0.0025904940928571,54172617.6,-0.24427391893280048,63435181.6,-0.3546221675827913,2014-08-29
2014-09-01,2.29,2.31,2.28,2.31,44288788.0,101942792.0,15803803650.0,0.0028024132025963,52169132.0,-0.15105376873052057,60224808.4,-0.264608901603413,2014-09-01
2014-09-02,2.31,2.33,2.26,2.33,83620448.0,192337312.0,15803803650.0,0.0052911596380153,49825936.8,0.6782513961684309,57274176.0,0.4600026371396422,2014-09-02
2014-09-03,2.31,2.35,2.3,2.34,107408928.0,250602336.0,15803803650.0,0.0067963972711088,55018983.2,0.9522157944932721,56717684.0,0.8937467192771835,2014-09-03
2014-09-04,2.34,2.36,2.31,2.36,111956424.0,261656528.0,15803803650.0,0.0070841442022091,64639981.6,0.731999626683062,60934694.4,0.837318215876701,2014-09-04
2014-09-05,2.35,2.37,2.34,2.37,117108120.0,276112480.0,15803803650.0,0.0074101224359364,77642849.6,0.5082924004376059,65907733.6,0.7768494469972185,2014-09-05
2014-09-09,2.37,2.39,2.36,2.38,137585616.0,327030848.0,15803803650.0,0.0087058545554632,92876541.6,0.481381774447984,72522836.8,0.8971350552575186,2014-09-09
2014-09-10,2.37,2.38,2.35,2.36,70925792.0,167377312.0,15803803650.0,0.0044878937735979,111535907.2,-0.3640990262192443,80680922.0,-0.12090999654168555,2014-09-10
2014-09-11,2.36,2.4,2.35,2.37,120454168.0,285905440.0,15803803650.0,0.007621846655884,108996976.0,0.10511476942259379,82007979.6,0.46881033513475323,2014-09-11
2014-09-12,2.36,2.4,2.35,2.4,124683392.0,296946080.0,15803803650.0,0.0078894546377131,111606024.0,0.11717439194859236,88123002.8,0.4148790671940199,2014-09-12
2014-09-15,2.39,2.41,2.38,2.41,108996872.0,261420960.0,15803803650.0,0.0068968758669688,114151417.6,-0.045155335854541234,95897133.6,0.13660198077077879,2014-09-15
2014-09-16,2.41,2.61,2.4,2.46,460425536.0,1153126272.0,15803803650.0,0.029133843104916,112529168.0,3.091610594685993,102702854.8,3.4830841060515487,2014-09-16
2014-09-17,2.45,2.57,2.43,2.51,371983776.0,934366016.0,15803803650.0,0.0235376105802225,177097152.0,1.10045035619771,144316529.6,1.5775548859927686,2014-09-17
2014-09-18,2.48,2.5,2.45,2.46,215021472.0,530547552.0,15803803650.0,0.0136056785291685,237308748.8,-0.09391679368207095,173152862.4,0.2418014292092927,2014-09-18
2014-09-19,2.46,2.46,2.41,2.44,137991152.0,335491744.0,15803803650.0,0.0087315152134277,256222209.6,-0.4614395363484525,183914116.8,-0.24969787854805936,2014-09-19
2014-09-22,2.42,2.43,2.37,2.38,126862992.0,303475904.0,15803803650.0,0.0080273708032306,258883761.6,-0.5099615703358971,186517589.6,-0.3198336292460858,2014-09-22
2014-09-23,2.38,2.41,2.37,2.41,82012408.0,196414160.0,15803803650.0,0.0051894094495409,262456985.6,-0.6875205748000484,187493076.8,-0.562584339647468,2014-09-23
2014-09-24,2.4,2.48,2.39,2.47,189256736.0,463930624.0,15803803650.0,0.0119753915064618,186774360.0,0.013290775029292101,181935756.0,0.040239368890192306,2014-09-24
2014-09-25,2.46,2.49,2.43,2.44,141528272.0,348210048.0,15803803650.0,0.0089553296873566,150228952.0,-0.05791613323642175,193768850.4,-0.26960256146516315,2014-09-25
2014-09-26,2.44,2.47,2.43,2.46,89736184.0,220105248.0,15803803650.0,0.0056781383765167,135530312.0,-0.3378884570117422,195876260.8,-0.5418731007346247,2014-09-26
2014-09-29,2.46,2.47,2.44,2.45,112808776.0,276917536.0,15803803650.0,0.0071380775475529,125879318.4,-0.10383391462659841,192381540.0,-0.4136195395878419,2014-09-29
2014-09-30,2.46,2.49,2.45,2.48,131806552.0,325987136.0,15803803650.0,0.0083401790429103,123068475.2,0.07100174748894594,192762730.4,-0.31622387934384644,2014-09-30
2014-10-08,2.48,2.48,2.43,2.47,116073840.0,284667328.0,15803803650.0,0.0073446774314992,133027304.0,-0.1274434908490666,159900832.0,-0.27408858010194714,2014-10-08
2014-10-09,2.47,2.59,2.45,2.54,303852288.0,766154304.0,15803803650.0,0.0192265289248895,118390724.8,1.5665210557102696,134309838.4,1.2623233831543348,2014-10-09
2014-10-10,2.52,2.55,2.5,2.51,182508880.0,459460960.0,15803803650.0,0.0115484148020277,150855528.0,0.20982560214830182,143192920.0,0.2745663682254682,2014-10-10
2014-10-13,2.51,2.58,2.5,2.56,218435792.0,553908544.0,15803803650.0,0.0138217227217955,169410067.2,0.289390858585292,147644692.8,0.4794693114766668,2014-10-13
2014-10-14,2.55,2.56,2.52,2.54,136062256.0,345682656.0,15803803650.0,0.00860946257074,190535470.4,-0.2858953993481731,156801972.8,-0.13226693790679145,2014-10-14
2014-10-15,2.54,2.59,2.5,2.56,173718992.0,442132288.0,15803803650.0,0.0109922266719632,191386611.2,-0.09231376787134415,162206957.6,0.07097127379941681,2014-10-15
2014-10-16,2.56,2.68,2.54,2.6,413233760.0,1085335296.0,15803803650.0,0.0261477407054471,202915641.6,1.036480562768011,160653183.2,1.5722102218513654,2014-10-16
2014-10-17,2.58,2.6,2.48,2.56,218387072.0,556034048.0,15803803650.0,0.0138186399196373,224791936.0,-0.02849240997684188,187823732.0,0.1627235263326574,2014-10-17
2014-10-20,2.55,2.6,2.51,2.58,139287936.0,354673536.0,15803803650.0,0.0088135703963899,231967574.4,-0.39953704150126257,200688820.8,-0.3059506979772937,2014-10-20
2014-10-21,2.57,2.6,2.53,2.57,143394752.0,367291744.0,15803803650.0,0.0090734329010725,216138003.2,-0.33655928213923647,203336736.8,-0.29479171222737954,2014-10-21
2014-10-22,2.55,2.56,2.5,2.51,90807856.0,229565696.0,15803803650.0,0.0057459493936448,217604502.4,-0.582693119864417,204495556.8,-0.5559421562943221,2014-10-22
2014-10-23,2.49,2.5,2.42,2.43,138344720.0,338889056.0,15803803650.0,0.0087538875490901,201022275.2,-0.3117940792264995,201968958.4,-0.3150198867391891,2014-10-23
2014-10-24,2.42,2.49,2.41,2.45,101637760.0,249504096.0,15803803650.0,0.0064312213851125,146044467.2,-0.30406292036512006,185418201.6,-0.45184583216235874,2014-10-24
2014-10-27,2.43,2.44,2.42,2.43,68132104.0,165618992.0,15803803650.0,0.0043111206332913,122694604.8,-0.44470171193705166,177331089.6,-0.6157915447670039,2014-10-27
2014-10-28,2.44,2.49,2.44,2.49,113604912.0,280413184.0,15803803650.0,0.0071884537745443,108463438.4,0.04740282694191267,162300720.8,-0.3000344580108606,2014-10-28
2014-10-29,2.48,2.57,2.47,2.55,303110528.0,764481472.0,15803803650.0,0.0191795933885827,102505470.4,1.9570180675937854,160054986.4,0.8937899706697296,2014-10-29
2014-10-30,2.53,2.75,2.52,2.64,590640192.0,1549586944.0,15803803650.0,0.0373732934855844,144966004.8,3.0743358611204545,172994140.0,2.4142208053983794,2014-10-30
2014-10-31,2.6,2.64,2.58,2.63,309244352.0,807378944.0,15803803650.0,0.0195677166616784,235425099.2,0.31355727596949445,190734783.2,0.6213317089402286,2014-10-31
2014-11-03,2.61,2.71,2.6,2.66,420874784.0,1120048384.0,15803803650.0,0.0266312334246192,276946417.6,0.5196975200014284,199820511.2,1.106264174145502,2014-11-03
2014-11-04,2.7,2.74,2.66,2.72,461618720.0,1245116928.0,15803803650.0,0.0292093429039786,347494953.6,0.3284184855569654,227979196.0,1.0248282654703282,2014-11-04
2014-11-05,2.69,2.7,2.61,2.62,329363520.0,870584512.0,15803803650.0,0.0208407752522285,417097715.2,-0.2103444636658609,259801592.8,0.2677501952559238,2014-11-05
2014-11-06,2.6,2.65,2.59,2.64,181606864.0,475929536.0,15803803650.0,0.0114913389220701,422348313.6,-0.5700068920554582,283657159.2,-0.3597663301987972,2014-11-06
2014-11-07,2.61,2.64,2.57,2.58,201576400.0,526198176.0,15803803650.0,0.0127549294121988,340541648.0,-0.4080712265772556,287983373.6,-0.3000415354534204,2014-11-07
2014-11-10,2.61,2.69,2.58,2.67,295023520.0,778632960.0,15803803650.0,0.0186678806275855,319008057.6,-0.07518473915813728,297977237.6,-0.009912561186855018,2014-11-10
2014-11-11,2.66,2.71,2.6,2.62,344037600.0,915203328.0,15803803650.0,0.0217692909643306,293837804.8,0.1708418534986278,320666379.2,0.07288329028539464,2014-11-11
2014-11-12,2.6,2.66,2.58,2.66,158538144.0,416601824.0,15803803650.0,0.0100316447553434,270321580.8,-0.41352020977823467,343709648.0,-0.5387439807916012,2014-11-12
2014-11-13,2.65,2.74,2.6,2.7,359199392.0,959906752.0,15803803650.0,0.0227286670952786,236156505.6,0.521022641690037,329252409.6,0.0909544821141377,2014-11-13
2014-11-14,2.68,2.7,2.63,2.65,204121456.0,543230336.0,15803803650.0,0.0129159701373536,271675011.2,-0.24865575564573672,306108329.6,-0.33317248744347794,2014-11-14
2014-11-17,2.69,2.72,2.63,2.63,165174496.0,440160192.0,15803803650.0,0.0104515659431139,272184022.4,-0.393151388742207,295596040.0,-0.4412154641855148,2014-11-17
2014-11-18,2.63,2.64,2.59,2.61,131553024.0,343381152.0,15803803650.0,0.0083241368289209,246214217.6,-0.4656968826482586,270026011.2,-0.5128135122413717,2014-11-18
2014-11-19,2.62,2.63,2.59,2.61,75260784.0,196222800.0,15803803650.0,0.0047621943214917,203717302.4,-0.6305626320722377,237019441.6,-0.6824699970097305,2014-11-19
2014-11-20,2.6,2.6,2.58,2.59,81323968.0,210574208.0,15803803650.0,0.0051458477845616,187061830.4,-0.5652562159468744,211609168.0,-0.61568787983704,2014-11-20
2014-11-21,2.59,2.62,2.57,2.62,99216416.0,257354400.0,15803803650.0,0.0062780086488862,131486745.6,-0.24542648350405283,201580878.4,-0.5078083953820096,2014-11-21
2014-11-24,2.64,2.69,2.62,2.67,258592768.0,688333056.0,15803803650.0,0.0163626917751537,110505737.6,1.3400845387416336,191344880.0,0.3514485885381411,2014-11-24
2014-11-25,2.67,2.85,2.65,2.82,695383360.0,1924352640.0,15803803650.0,0.0440010123765363,129189392.0,4.382666093822936,187701804.8,2.7047238876629063,2014-11-25
2014-11-26,2.8,2.81,2.74,2.78,404967616.0,1122370048.0,15803803650.0,0.0256246929516869,241955459.2,0.6737279552979809,222836380.8,0.8173316876989953,2014-11-26
2014-11-27,2.78,2.8,2.73,2.79,269000576.0,744762496.0,15803803650.0,0.0170212552596475,307896825.6,-0.12632884254068788,247479328.0,0.08696180070442083,2014-11-27
2014-11-28,2.8,2.83,2.74,2.8,319098720.0,887204864.0,15803803650.0,0.0201912607285525,345432147.2,-0.07623328463622503,238459446.4,0.3381676625413821,2014-11-28
2014-12-01,2.77,2.85,2.75,2.8,377081664.0,1058304704.0,15803803650.0,0.02386018406398,389408608.0,-0.031655550870616556,249957172.8,0.5085850899014488,2014-12-01
2014-12-02,2.85,2.89,2.83,2.86,429633216.0,1227402752.0,15803803650.0,0.027185431147773,413106387.2,0.04000622917504959,271147889.6,0.5844977316024811,2014-12-02
2014-12-03,2.86,3.15,2.84,3.06,820547456.0,2481504256.0,15803803650.0,0.0519208839955436,359956358.4,1.27957483414745,300955908.8,1.7264706623364359,2014-12-03
2014-12-04,3.06,3.13,3.03,3.13,645356160.0,1996294784.0,15803803650.0,0.0408354959535326,443072326.4,0.45654811087745695,375484576.0,0.7187288140432164,2014-12-04
2014-12-05,3.13,3.19,2.92,3.05,596742400.0,1829887104.0,15803803650.0,0.0377594162276244,518343443.2,0.15124905664090793,431887795.2,0.38170702351905694,2014-12-05
2014-12-08,3.0,3.19,2.93,3.16,572304704.0,1773049600.0,15803803650.0,0.0362130988637029,573872179.2,-0.002731401271595324,481640393.6,0.18824067002008182,2014-12-08
2014-12-09,3.16,3.34,3.06,3.1,841567936.0,2732963072.0,15803803650.0,0.0532509739198132,612916787.2,0.3730541462970063,513011587.2,0.6404462530627222,2014-12-09
2014-12-10,3.2,3.25,3.1,3.23,453272224.0,1440435712.0,15803803650.0,0.02868121080459,695303731.2,-0.348094647474833,527630044.8,-0.14092795043198425,2014-12-10
2014-12-11,3.22,3.22,3.13,3.22,407926816.0,1298850944.0,15803803650.0,0.0258119390138082,621848684.8,-0.34400952197688073,532460505.6,-0.23388343039578108,2014-12-11
2014-12-12,3.22,3.33,3.21,3.27,377334080.0,1235406848.0,15803803650.0,0.0238761559151616,574362816.0,-0.34303880841756995,546353129.6,-0.30935861889130833,2014-12-12
2014-12-15,3.3,3.3,3.18,3.28,310733632.0,1007244800.0,15803803650.0,0.0196619522035127,530481152.0,-0.41424189939928346,552176665.6,-0.4372568575270125,2014-12-15
2014-12-16,3.26,3.29,3.2,3.27,309894688.0,1003539648.0,15803803650.0,0.0196088672615215,478166937.6,-0.351911092901125,545541862.4,-0.43195067260891473,2014-12-16
2014-12-17,3.25,3.26,3.18,3.22,319639616.0,1027999168.0,15803803650.0,0.0202254864132028,371832288.0,-0.14036616422078974,533568009.6,-0.4009393174833996,2014-12-17
2014-12-18,3.22,3.27,3.18,3.22,357951936.0,1158380032.0,15803803650.0,0.0226497331862257,345105766.4,0.03722386251034271,483477225.6,-0.2596302017002391,2014-12-18
2014-12-19,3.2,3.36,3.19,3.33,717712192.0,2344753152.0,15803803650.0,0.045413889459453,335110790.4,1.1417161504806024,454736803.2,0.5783024091066136,2014-12-19
2014-12-22,3.35,3.66,3.35,3.6,1105783168.0,3850760192.0,15803803650.0,0.0699694322005829,403186412.8,1.7426101993881478,466833782.4,1.368687120960165,2014-12-22
2014-12-23,3.48,3.52,3.35,3.37,578733504.0,1983383936.0,15803803650.0,0.0366198870105552,562196320.0,0.029415318833819537,520181628.8,0.11256044419537181,2014-12-23
2014-12-24,3.36,3.37,3.2,3.24,405593504.0,1320841472.0,15803803650.0,0.0256642965821712,615964083.2,-0.3415305939708402,493898185.6,-0.17879126543606405,2014-12-24
2014-12-25,3.24,3.32,3.21,3.32,301420128.0,987318144.0,15803803650.0,0.0190726317964599,633154860.8,-0.5239393288094614,489130313.6,-0.38376314119330024,2014-12-25
2014-12-26,3.32,3.43,3.28,3.4,398414048.0,1337208064.0,15803803650.0,0.0252100099965491,621848499.2,-0.3593068914493571,478479644.8,-0.16733333940144246,2014-12-26
2014-12-29,3.44,3.48,3.32,3.37,399399296.0,1362450176.0,15803803650.0,0.0252723524567454,557988870.4,-0.2842163756533592,480587641.6,-0.16893556673597165,2014-12-29
2014-12-30,3.34,3.37,3.26,3.29,269356384.0,888697600.0,15803803650.0,0.0170437693333402,416712096.0,-0.35361515399831345,489454208.0,-0.44968011389535345,2014-12-30
2014-12-31,3.31,3.42,3.31,3.38,321906336.0,1084985216.0,15803803650.0,0.020368915175683,354836672.0,-0.0928042071141959,485400377.6,-0.336823062248891,2014-12-31
2015-01-05,3.39,3.68,3.39,3.65,891583168.0,3185986304.0,15803803650.0,0.0564157330567695,338099238.4,1.6370457745461757,485627049.6,0.8359421468272346,2015-01-05
2015-01-06,3.65,3.84,3.55,3.75,833516224.0,3100740352.0,15803803650.0,0.0527414945452071,456131846.4,0.82735809959004,538990172.8,0.5464404845638775,2015-01-06
2015-01-07,3.8,4.1,3.75,3.98,857230016.0,3384443648.0,15803803650.0,0.0542420062274058,543152281.6,0.5782498666392419,550570576.0,0.5569847960781689,2015-01-07
2015-01-08,3.9,3.94,3.78,3.8,538367104.0,2068384768.0,15803803650.0,0.0340656664637819,634718425.6,-0.15180167726960037,525715260.8,0.024065961449829754,2015-01-08
2015-01-09,3.78,3.86,3.72,3.74,384060416.0,1461903616.0,15803803650.0,0.0243017709220906,688520569.6,-0.4421947099951973,521678620.8,-0.2637988204097016,2015-01-09
2015-01-12,3.73,3.82,3.7,3.76,323777856.0,1215545728.0,15803803650.0,0.020487337299967,700951385.6,-0.5380880006067,519525312.0,-0.3767813646007685,2015-01-12
2015-01-13,3.8,3.87,3.66,3.72,302321792.0,1138642048.0,15803803650.0,0.0191296854032984,587390323.2,-0.4853136320785749,521761084.8,-0.4205742804374053,2015-01-13
2015-01-14,3.72,3.72,3.53,3.59,322081216.0,1158730880.0,15803803650.0,0.0203799808661885,481151436.8,-0.3306032334807735,512151859.2,-0.3711216503185155,2015-01-14
2015-01-15,3.56,3.64,3.45,3.63,266723664.0,945720320.0,15803803650.0,0.0168771815891296,374121676.8,-0.2870670679085334,504420051.2,-0.4712270787700201,2015-01-15
2015-01-16,3.9,3.98,3.71,3.77,454817760.0,1727810944.0,15803803650.0,0.0287790059958129,319792988.8,0.4222255519318001,504156779.2,-0.0978644366902921,2015-01-16
2015-01-19,3.69,3.91,3.45,3.6,584717568.0,2175882496.0,15803803650.0,0.0369985340839134,333944457.6,0.7509425735113622,517447921.6,0.13000273765134773,2015-01-19
2015-01-20,3.57,3.68,3.51,3.64,336777152.0,1215779456.0,15803803650.0,0.0213098795365,386132400.0,-0.1278194940388323,486761361.6,-0.3081267771685846,2015-01-20
2015-01-21,3.69,3.79,3.68,3.77,398977184.0,1489475712.0,15803803650.0,0.025245642937357,393023472.0,0.015148489655600006,437087454.4,-0.08719140761501565,2015-01-21
2015-01-22,3.72,4.05,3.7,3.92,797800768.0,3120304640.0,15803803650.0,0.0504815666954961,408402665.6,0.9534661137138276,391262171.2,1.0390439626533463,2015-01-22
2015-01-23,3.99,4.05,3.81,3.84,533135424.0,2084957824.0,15803803650.0,0.0337346271699598,514618086.4,0.03598267936818478,417205537.6,0.2778723577517539,2015-01-23
2015-01-26,3.84,3.89,3.8,3.87,269623744.0,1037719488.0,15803803650.0,0.0170606867796664,530281619.2,-0.4915461252329223,432113038.4,-0.3760342316946852,2015-01-26
2015-01-27,3.81,3.84,3.7,3.79,373437984.0,1407848192.0,15803803650.0,0.0236296269094687,467262854.4,-0.2007967667801842,426697627.2,-0.12481823147105608,2015-01-27
2015-01-28,3.79,3.81,3.72,3.74,182745792.0,685410880.0,15803803650.0,0.0115634056235569,474595020.8,-0.6149437225617012,433809246.4,-0.5787415931851838,2015-01-28
2015-01-29,3.69,3.7,3.61,3.65,228083696.0,832452672.0,15803803650.0,0.0144322025919374,431348742.4,-0.4712313411858924,419875704.0,-0.4567828197079963,2015-01-29
2015-01-30,3.6,3.65,3.58,3.59,225513088.0,813938752.0,15803803650.0,0.0142695450408231,317405328.0,-0.28951070411773305,416011707.2,-0.4579164862502696,2015-01-30
2015-02-02,3.59,3.63,3.51,3.58,160405568.0,576806528.0,15803803650.0,0.0101498077015149,255880860.8,-0.37312400975008764,393081240.0,-0.5919276941326429,2015-02-02
2015-02-03,3.59,3.63,3.54,3.63,151232128.0,542217728.0,15803803650.0,0.0095693499710115,234037225.6,-0.35381165277324156,350650040.0,-0.5687092235894227,2015-02-03
2015-02-04,3.6,3.62,3.53,3.54,182335968.0,651532224.0,15803803650.0,0.011537473638506,189596054.4,-0.038292391806229564,332095537.6,-0.4509532729114274,2015-02-04
2015-02-05,3.61,3.62,3.48,3.49,177340416.0,628163584.0,15803803650.0,0.0112213755579024,189514089.6,-0.06423624557780638,310431416.0,-0.42872915929359423,2015-02-05
2015-02-06,3.46,3.46,3.3,3.34,241806656.0,814593536.0,15803803650.0,0.0153005353239756,179365433.6,0.3481229417884897,248385380.8,-0.02648595814621313,2015-02-06
2015-02-09,3.3,3.35,3.23,3.31,168774608.0,553847424.0,15803803650.0,0.0106793662929367,182624147.2,-0.07583629773138778,219252504.0,-0.23022722696019926,2015-02-09
2015-02-10,3.3,3.37,3.28,3.37,104103984.0,348307808.0,15803803650.0,0.0065872739440166,184297955.2,-0.4351321809999116,209167590.4,-0.502293907957167,2015-02-10
2015-02-11,3.37,3.41,3.35,3.38,104109032.0,351989184.0,15803803650.0,0.0065875933607919,174872326.4,-0.40465690516484143,182234190.4,-0.42870746827758843,2015-02-11
2015-02-12,3.36,3.39,3.31,3.37,106621048.0,356697472.0,15803803650.0,0.0067465434500004,159226939.2,-0.3303831089406508,174370514.4,-0.38853740056409447,2015-02-12
2015-02-13,3.38,3.47,3.38,3.44,159839856.0,548983616.0,15803803650.0,0.0101140117619722,145083065.6,0.1017127005069296,162224249.6,-0.014698133021907922,2015-02-13
2015-02-16,3.46,3.47,3.42,3.46,94884896.0,327310016.0,15803803650.0,0.0060039277949394,128689705.6,-0.2626846447615153,155656926.4,-0.3904229114985275,2015-02-16
2015-02-17,3.47,3.49,3.47,3.49,93534992.0,325545600.0,15803803650.0,0.0059185113958309,113911763.2,-0.1788820629896105,149104859.2,-0.3726898472534823,2015-02-17
2015-02-25,3.46,3.46,3.4,3.42,143189488.0,489905344.0,15803803650.0,0.009060444635428,111797964.8,0.28078796654445015,143335145.6,-0.0010162029653667526,2015-02-25
2015-02-26,3.42,3.52,3.38,3.52,178096400.0,615951552.0,15803803650.0,0.0112692111307014,119614056.0,0.488925348372101,139420497.6,0.2774047078139248,2015-02-26
2015-02-27,3.52,3.56,3.48,3.55,169401856.0,596736448.0,15803803650.0,0.0107190559786535,133909126.4,0.26505086362806707,139496096.0,0.21438420756950793,2015-02-27
2015-03-02,3.58,3.67,3.56,3.64,245758304.0,890976448.0,15803803650.0,0.015550579432819,135821526.4,0.809420866588052,132255616.0,0.8582069437414288,2015-03-02
2015-03-03,3.61,3.61,3.53,3.55,212337568.0,758852480.0,15803803650.0,0.0134358520709664,165996208.0,0.27917119648901867,139953985.6,0.5171955774584243,2015-03-03
2015-03-04,3.54,3.57,3.51,3.54,132991256.0,469800416.0,15803803650.0,0.0084151422622869,189756723.2,-0.2991486480306169,150777344.0,-0.11796260318791663,2015-03-04
2015-03-05,3.54,3.54,3.43,3.46,156009872.0,540254080.0,15803803650.0,0.0098716660530011,187717076.8,-0.16890953844216272,153665566.4,0.015255894049143404,2015-03-05
2015-03-06,3.44,3.55,3.41,3.5,179095952.0,626470784.0,15803803650.0,0.0113324586894623,183299771.2,-0.022934121371123606,158604448.8,0.12919879205809504,2015-03-06
2015-03-09,3.44,3.5,3.4,3.49,151802848.0,522326400.0,15803803650.0,0.0096054627962933,185238590.4,-0.18050095462181837,160530058.4,-0.05436496122273882,2015-03-09
2015-03-10,3.47,3.49,3.45,3.47,108641168.0,377315456.0,15803803650.0,0.0068743683739705,166447499.2,-0.34729468137302,166221853.6,-0.3464086361265315,2015-03-10
2015-03-11,3.46,3.5,3.44,3.45,107621904.0,372927360.0,15803803650.0,0.0068098735205432,145708219.2,-0.26138755527388935,167732471.2,-0.358371678244254,2015-03-11
2015-03-12,3.44,3.48,3.39,3.48,163747360.0,563473856.0,15803803650.0,0.0103612626192049,140634348.8,0.16434826482447495,164175712.8,-0.002609111863712932,2015-03-12
2015-03-13,3.48,3.52,3.45,3.5,163468080.0,569929984.0,15803803650.0,0.0103435909240747,142181846.4,0.1497113319242982,162740808.8,0.004468892623569198,2015-03-13
2015-03-16,3.5,3.57,3.49,3.57,225966672.0,800013888.0,15803803650.0,0.0142982459795367,139056272.0,0.6250016540066601,162147431.2,0.3935877388108755,2015-03-16
2015-03-17,3.58,3.69,3.55,3.67,470348928.0,1709987328.0,15803803650.0,0.0297617547279512,153889036.8,2.056416089024478,160168268.0,1.9365924591255492,2015-03-17
2015-03-18,3.69,3.93,3.68,3.86,638974208.0,2445220096.0,15803803650.0,0.0404316721563419,226230588.8,1.8244377181234652,185969404.0,2.435910393088102,2015-03-18
2015-03-19,3.9,4.05,3.83,3.91,756980672.0,2984331520.0,15803803650.0,0.0478986381231077,332501049.6,1.27662641339223,236567699.2,2.1998479697772706,2015-03-19
2015-03-20,3.94,3.96,3.85,3.88,427618304.0,1658904960.0,15803803650.0,0.0270579357647233,451147712.0,-0.052154554648389695,296664779.2,0.4414191841483015,2015-03-20
2015-03-23,3.95,4.04,3.94,4.0,605057088.0,2414528768.0,15803803650.0,0.0382855356469833,503977756.8,0.2005630800886964,321517014.4,0.8818820183719647,2015-03-23
2015-03-24,4.03,4.4,3.98,4.4,1403644160.0,6021473280.0,15803803650.0,0.0888168564407594,579795840.0,1.4209283046942867,366842438.4,2.826286201024227,2015-03-24
2015-03-25,4.49,4.66,4.45,4.52,1436268672.0,6534120448.0,15803803650.0,0.0908812020073408,766454886.4,0.8739115602042564,496342737.6,1.8937034093515464,2015-03-25
2015-03-26,4.51,4.51,4.31,4.41,711915328.0,3128761344.0,15803803650.0,0.0450470876357667,925913779.2,-0.23112135925323107,629207414.4,0.1314477733528756,2015-03-26
2015-03-27,4.46,4.53,4.41,4.43,469180672.0,2088988800.0,15803803650.0,0.0296878322706825,916900710.4,-0.48829718782165754,684024211.2,-0.31408762392064293,2015-03-27
2015-03-30,4.41,4.49,4.3,4.45,597394304.0,2610106880.0,15803803650.0,0.0378006660440886,925213184.0,-0.3543171300075205,714595470.4,-0.1640105083991027,2015-03-30
2015-03-31,4.44,4.44,4.31,4.32,489626016.0,2139222144.0,15803803650.0,0.0309815299432678,923680627.2,-0.46991849608860137,751738233.6,-0.3486748523415798,2015-03-31
2015-04-01,4.32,4.38,4.31,4.36,302148352.0,1314189056.0,15803803650.0,0.0191187108300981,740876998.4,-0.5921747433750536,753665942.4,-0.5990951229163569,2015-04-01
2015-04-02,4.41,4.46,4.36,4.44,464026048.0,2047197056.0,15803803650.0,0.0293616687651013,514052934.4,-0.09731855039090698,719983356.8,-0.3555044799057777,2015-04-02
2015-04-03,4.42,4.54,4.38,4.46,482667104.0,2148839680.0,15803803650.0,0.0305411984791395,464475078.4,0.03916684973210405,690687894.4,-0.30117914630704146,2015-04-03
2015-04-07,4.52,4.58,4.5,4.56,618877952.0,2811421696.0,15803803650.0,0.0391600633433584,467172364.8,0.32473150946106655,696192774.4,-0.11105375586041122,2015-04-07
2015-04-08,4.56,4.57,4.4,4.47,516419904.0,2310702848.0,15803803650.0,0.0326769374915639,471469094.4,0.09534200679093341,697574860.8,-0.25969249607453737,2015-04-08
2015-04-09,4.47,4.49,4.3,4.33,487326400.0,2122438528.0,15803803650.0,0.0308360196565717,476827872.0,0.022017437772597237,608852435.2,-0.1995985039627547,2015-04-09
2015-04-10,4.31,4.39,4.26,4.38,326217792.0,1421573248.0,15803803650.0,0.0206417264618445,513863481.6,-0.36516642322146287,513958208.0,-0.36528342786968393,2015-04-10
2015-04-13,4.4,4.49,4.37,4.47,474582464.0,2104409344.0,15803803650.0,0.0300296355554885,486301830.4,-0.024098955972179703,475388454.4,-0.001695435369832965,2015-04-13
2015-04-14,4.47,4.65,4.4,4.62,812016768.0,3700780544.0,15803803650.0,0.0513810969804095,484684902.4,0.6753498282681396,475928633.6,0.7061733854039749,2015-04-14
2015-04-15,4.61,4.72,4.51,4.6,748187584.0,3466710784.0,15803803650.0,0.0473422475101429,523312665.6,0.42971426678957103,497390880.0,0.5042245728349501,2015-04-15
2015-04-16,4.58,4.95,4.52,4.86,851053888.0,4069040384.0,15803803650.0,0.0538512061303672,569666201.6,0.493951871481364,523247036.8,0.6264858243722786,2015-04-16
2015-04-17,4.86,5.06,4.8,5.0,911478144.0,4531512320.0,15803803650.0,0.0576746056953194,642411699.2,0.4188380210619924,578137590.4,0.5765765090095065,2015-04-17
2015-04-20,5.01,5.46,4.86,5.2,1116098432.0,5751856640.0,15803803650.0,0.0706221398795979,759463769.6,0.46958745983081585,622882800.0,0.7918273421581075,2015-04-20
2015-04-21,5.12,5.28,5.08,5.24,642433088.0,3317023744.0,15803803650.0,0.0406505359233566,887766963.2,-0.27634940853811674,686225932.8,-0.06381694818980754,2015-04-21
2015-05-27,5.76,5.76,5.76,5.76,12555648.0,72320528.0,15803803650.0,0.0007944700072251,853850227.2,-0.9852952571773936,688581446.4,-0.9817659217139197,2015-05-27
2015-05-28,6.34,6.34,6.34,6.34,22088068.0,140038352.0,15803803650.0,0.0013976425225961,706723840.0,-0.9687458286393735,638195020.8,-0.9653897832478984,2015-05-28
2015-05-29,6.97,6.97,6.7,6.97,1004750208.0,6988145152.0,15803803650.0,0.0635764800836411,540930676.0,0.8574472711176024,591671187.6,0.698156389996909,2015-05-29
2015-06-01,7.49,7.49,6.71,7.18,2230625280.0,16023447552.0,15803803650.0,0.1411448363571639,559585088.8,2.986212864934367,659524429.2,2.382172336975808,2015-06-01
2015-06-02,7.07,7.08,6.86,6.97,1033601216.0,7179052032.0,15803803650.0,0.0654020537644429,782490458.4,0.32091222954137955,835128710.8,0.23765498974388755,2015-06-02
2015-06-03,6.96,6.96,6.5,6.72,874227776.0,5862871552.0,15803803650.0,0.0553175548976147,860724084.0,0.01568875816422488,857287155.6,0.01976073044993143,2015-06-03
2015-06-04,6.64,6.64,6.1,6.52,738324928.0,4741635584.0,15803803650.0,0.0467181790125568,1033058509.6,-0.2853019251679373,869891174.8,-0.15124448966877824,2015-06-04
2015-06-05,6.56,7.0,6.56,6.78,891516544.0,6057499648.0,15803803650.0,0.0564115173627837,1176305881.6,-0.24210483179139786,858618278.8,0.038315356209255746,2015-06-05
2015-06-08,6.79,6.81,6.53,6.64,806015680.0,5332706304.0,15803803650.0,0.0510013726980213,1153659148.8,-0.30133984475536624,856622118.8,-0.059076736041899114,2015-06-08
2015-06-09,6.63,6.64,6.5,6.57,516154592.0,3381006592.0,15803803650.0,0.0326601496342938,868737228.8,-0.40585648353878856,825613843.6,-0.37482323485594227,2015-06-09
2015-06-10,6.5,6.64,6.4,6.55,493908736.0,3227479552.0,15803803650.0,0.0312525229329839,765247904.0,-0.35457681959230825,812985994.0,-0.3924757134253902,2015-06-10
2015-06-11,6.52,6.52,6.4,6.46,457194272.0,2950323456.0,15803803650.0,0.0289293819466049,689184096.0,-0.33661517342965497,861121302.8,-0.4690710002024119,2015-06-11
2015-06-12,6.46,6.49,6.4,6.44,460186816.0,2959703296.0,15803803650.0,0.0291187378805481,632957964.8,-0.27295832963345623,904631923.2,-0.4912993846467876,2015-06-12
2015-06-15,6.44,6.59,6.28,6.52,751497728.0,4837971456.0,15803803650.0,0.0475516998719482,546692019.2,0.37462721533726007,850175584.0,-0.11606761927427922,2015-06-15
2015-06-16,6.4,6.49,6.27,6.3,451756704.0,2873425664.0,15803803650.0,0.0285853149029727,535788428.8,-0.15683751324791584,702262828.8,-0.3567127783597137,2015-06-16
2015-06-17,6.29,6.34,6.0,6.29,492771200.0,3046844928.0,15803803650.0,0.0311805443115588,522908851.2,-0.05763461668479786,644078377.6,-0.2349204427011028,2015-06-17
2015-06-18,6.26,6.4,6.16,6.18,460462496.0,2890751488.0,15803803650.0,0.0291361817824154,522681344.0,-0.11903782048895928,605932720.0,-0.24007652862845896,2015-06-18
2015-06-19,6.11,6.26,5.56,5.6,500172064.0,2987843840.0,15803803650.0,0.0316488406890577,523334988.8,-0.04426022585096456,578146476.8,-0.1348696496977424,2015-06-19
2015-06-23,5.58,5.67,5.11,5.58,523896192.0,2838158592.0,15803803650.0,0.0331500063910247,531332038.4,-0.013994726202454344,539012028.8,-0.028043598273033488,2015-06-23
2015-06-24,5.62,5.94,5.56,5.88,594155200.0,3423393792.0,15803803650.0,0.0375957088026716,485811731.2,0.22301534080369279,510800080.0,0.16318540905475198,2015-06-24
2015-06-25,5.94,5.97,5.5,5.58,444122848.0,2563133440.0,15803803650.0,0.0281022757454975,514291430.4,-0.13643739376606956,518600140.8,-0.1436121723474858,2015-06-25
2015-06-26,5.43,5.44,5.02,5.04,519033440.0,2695498496.0,15803803650.0,0.0328423113507867,504561760.0,0.028681682099729544,513621552.0,0.01053672296056618,2015-06-26
2015-06-29,5.21,5.28,4.54,4.75,603030400.0,2956205056.0,15803803650.0,0.0381572951268601,516275948.8,0.16803891678790506,519805468.8,0.16010784071227535,2015-06-29
2015-06-30,4.6,5.13,4.39,5.12,617124224.0,2948652288.0,15803803650.0,0.0390490946146372,536847616.0,0.14953332306499423,534089827.2,0.15546897276683436,2015-06-30
2015-07-01,5.09,5.17,4.75,4.83,465107648.0,2337320960.0,15803803650.0,0.0294301079854279,555493222.4,-0.16271229018689104,520652476.8,-0.10668311642611594,2015-07-01
2015-07-02,4.95,4.95,4.43,4.49,412634752.0,1927389184.0,15803803650.0,0.0261098379313261,529683712.0,-0.2209789679166121,521987571.2,-0.2094931474107865,2015-07-02
2015-07-03,4.47,4.55,4.04,4.08,511173248.0,2163805696.0,15803803650.0,0.032344950577768,523386092.8,-0.0233342936849239,513973926.4,-0.00544906707547721,2015-07-03
2015-07-06,4.47,4.49,4.0,4.28,614351936.0,2612794368.0,15803803650.0,0.0388736755787268,521814054.4,0.17733880645741396,519045001.6,0.18361979039622445,2015-07-06
2015-07-07,4.15,4.26,3.85,4.1,714081024.0,2872131584.0,15803803650.0,0.0451841240130821,524078361.6,0.36254628376551534,530462988.8,0.34614674176491755,2015-07-07
2015-07-08,3.79,3.95,3.69,3.69,474635776.0,1772079872.0,15803803650.0,0.0300330089206088,543469721.6,-0.12665644996256586,549481472.0,-0.13621150086749423,2015-07-08
2015-07-09,3.69,3.97,3.38,3.97,652695680.0,2471050240.0,15803803650.0,0.0412999107338314,545375347.2,0.19678251565823612,537529529.6,0.21425083471358364,2015-07-09
2015-07-10,4.1,4.37,4.0,4.37,573978496.0,2469578752.0,15803803650.0,0.0363190095695728,593387532.8,-0.03270887190436089,558386812.8,0.027922728192337543,2015-07-10
2015-07-13,4.51,4.81,4.42,4.81,835873024.0,3897142272.0,15803803650.0,0.0528906232013329,605948582.4,0.3794454649754784,563881318.4,0.4823562986122152,2015-07-13
2015-07-14,4.81,4.92,4.51,4.57,752993344.0,3542044416.0,15803803650.0,0.0476463363299252,650252800.0,0.15800092517863829,587165580.8,0.2824207832040553,2015-07-14
2015-07-15,4.45,4.48,4.11,4.11,506826528.0,2155247872.0,15803803650.0,0.0320699079300444,658035264.0,-0.2297881956672766,600752492.8,-0.1563471911073191,2015-07-15
2015-07-16,4.11,4.34,3.94,4.24,374981152.0,1568574208.0,15803803650.0,0.0237272722633452,664473414.4,-0.4356717005170222,604924380.8,-0.3801189637883413,2015-07-16
2015-07-17,4.25,4.51,4.24,4.45,408807584.0,1792805632.0,15803803650.0,0.0258676704073072,608930508.8,-0.3286465728156335,601159020.8,-0.3199676460714602,2015-07-17
2015-07-20,4.45,4.54,4.35,4.42,390828352.0,1729281920.0,15803803650.0,0.0247300182067245,575896326.4,-0.3213564072493448,590922454.4,-0.33861313089408296,2015-07-20
2015-07-21,4.32,4.54,4.26,4.45,385268768.0,1693917056.0,15803803650.0,0.024378230490101,486887392.0,-0.20871073202897805,568570096.0,-0.32239002594325683,2015-07-21
2015-07-22,4.38,4.44,4.27,4.36,321975840.0,1403415936.0,15803803650.0,0.0203733131042791,413342476.8,-0.22104342507292973,535688870.4,-0.3989499170300477,2015-07-22
2015-07-23,4.34,4.54,4.28,4.5,498165280.0,2198094848.0,15803803650.0,0.0315218596125749,376372339.2,0.32359694939027017,520422876.8,-0.04276829054260367,2015-07-23
2015-07-24,4.46,4.57,4.34,4.39,561858432.0,2505464832.0,15803803650.0,0.0355521015347466,401009164.8,0.4011111997408394,504969836.8,0.11265741249121675,2015-07-24
2015-07-27,4.3,4.34,3.95,3.95,428726208.0,1790084864.0,15803803650.0,0.0271280393944909,431619334.4,-0.006702958300099704,503757830.4,-0.14894383346939233,2015-07-27
2015-07-28,3.85,3.99,3.64,3.88,431287712.0,1644753536.0,15803803650.0,0.0272901208817536,439198905.6,-0.018012780767730607,463043148.8,-0.06857986535875948,2015-07-28
2015-07-29,3.92,4.14,3.89,4.13,267022896.0,1062425280.0,15803803650.0,0.0168961157651436,448402694.4,-0.4045020261144978,430872585.6,-0.3802741113636542,2015-07-29
2015-07-30,4.11,4.17,3.93,3.99,243191776.0,994453440.0,15803803650.0,0.0153881800474027,437412105.6,-0.44402138649909373,406892222.4,-0.40231893702571786,2015-07-30
2015-07-31,3.92,4.05,3.91,4.01,179810768.0,711974272.0,15803803650.0,0.011377689319748,386417404.8,-0.5346721815155672,393713284.8,-0.5432951466411885,2015-07-31
2015-08-03,3.98,4.03,3.83,4.0,211761568.0,827160768.0,15803803650.0,0.013399405148899,310007872.0,-0.3169155136808913,370813603.2,-0.42892718559252685,2015-08-03
2015-08-04,3.99,4.14,3.99,4.11,234423984.0,953908608.0,15803803650.0,0.0148333900617652,266614944.0,-0.1207395186370348,352906924.8,-0.33573424740006685,2015-08-04
2015-08-05,4.08,4.1,3.98,4.0,189060576.0,764278528.0,15803803650.0,0.0119629793046688,227242198.4,-0.16802170841874764,337822446.4,-0.4403551983750006,2015-08-05
2015-08-06,3.9,3.99,3.9,3.95,122470512.0,483366656.0,15803803650.0,0.0077494326500316,211649734.4,-0.4213528670508929,324530920.0,-0.6226229784206694,2015-08-06
2015-08-07,4.05,4.08,4.01,4.04,172432352.0,696853184.0,15803803650.0,0.0109108133597951,187505481.6,-0.08038767438359518,286961443.2,-0.3991096849906002,2015-08-07
2015-08-10,4.05,4.25,4.04,4.22,374356512.0,1556235392.0,15803803650.0,0.0236877476011922,186029798.4,1.0123470283780085,248018835.2,0.5093874289753944,2015-08-10
2015-08-11,4.25,4.64,4.22,4.64,945460736.0,4264929792.0,15803803650.0,0.0598248850048197,218548787.2,3.326085484678453,242581865.6,2.8974914042379267,2015-08-11
2015-08-12,4.61,4.94,4.47,4.71,1085489408.0,5061476352.0,15803803650.0,0.0686853261429883,360756137.6,2.008928455719224,293999168.0,2.6921512920744046,2015-08-12
2015-08-13,4.6,4.75,4.5,4.65,588221952.0,2721628928.0,15803803650.0,0.0372202771577714,540041904.0,0.08921538799700257,375845819.2,0.5650618470415594,2015-08-13
2015-08-14,4.6,4.62,4.51,4.52,442381184.0,2012518528.0,15803803650.0,0.0279920703773107,633192192.0,-0.3013476957087936,410348836.8,0.07806125990217505,2015-08-14
2015-08-17,4.52,4.63,4.48,4.57,333349152.0,1522520320.0,15803803650.0,0.0210929697294739,687181958.4,-0.5149040979245825,436605878.4,-0.23649870857991628,2015-08-17
2015-08-18,4.57,4.6,4.11,4.11,504204192.0,2190128640.0,15803803650.0,0.0319039772428455,678980486.4,-0.25740989306876194,448764636.8,0.12353815486737574,2015-08-18
2015-08-19,3.98,4.26,3.91,4.25,383445248.0,1565040768.0,15803803650.0,0.0242628456093226,590729177.6,-0.3508950250978766,475742657.6,-0.1940070080442583,2015-08-19
2015-08-20,4.31,4.5,4.21,4.26,439041088.0,1922765312.0,15803803650.0,0.0277807227755578,450320345.6,-0.025047186320155568,495181124.8,-0.11337273169019635,2015-08-20
2015-08-21,4.37,4.44,4.05,4.17,393665568.0,1688567808.0,15803803650.0,0.0249095456206835,420484172.8,-0.06378029551365794,526838182.4,-0.25277707434441254,2015-08-21
2015-08-24,3.97,4.29,3.75,3.75,591401216.0,2332584192.0,15803803650.0,0.0374214479689514,410741049.6,0.43983956942198943,548961504.0,0.07730908577516571,2015-08-24
2015-08-25,3.46,3.67,3.38,3.38,404135168.0,1406023936.0,15803803650.0,0.0255720190499835,462351462.4,-0.12591350765456122,570665974.4,-0.29181835586937,2015-08-25
2015-08-26,3.46,3.54,3.16,3.37,381325792.0,1297835776.0,15803803650.0,0.0241287351099176,442337657.6,-0.13793052558769991,516533417.6,-0.2617596867753944,2015-08-26
2015-08-27,3.39,3.49,3.3,3.49,274190816.0,934554752.0,15803803650.0,0.0173496723999098,441913766.4,-0.37953773598486384,446117056.0,-0.3853836962467537,2015-08-27
2015-08-28,3.55,3.73,3.48,3.72,327418272.0,1172319744.0,15803803650.0,0.0207176879219199,408943712.0,-0.1993561402406403,414713942.4,-0.2104961070148964,2015-08-28
2015-08-31,3.67,3.67,3.51,3.56,233063072.0,832939712.0,15803803650.0,0.0147472771214795,395694252.8,-0.4110021301780201,403217651.2,-0.42199189121212755,2015-08-31
2015-09-01,3.56,3.76,3.42,3.65,408213792.0,1478675328.0,15803803650.0,0.0258300976803138,324026624.0,0.2598155884869511,393189043.2,0.03821253175754835,2015-09-01
2015-09-02,3.5,3.69,3.45,3.56,244084224.0,875050880.0,15803803650.0,0.0154446505034881,324842348.8,-0.24860713234690168,383590003.2,-0.36368460605388375,2015-09-02
2015-09-07,3.56,3.7,3.53,3.59,179135024.0,649340928.0,15803803650.0,0.0113349310056759,297394035.2,-0.397650918319427,369653900.8,-0.51539798819296,2015-09-07
2015-09-08,3.57,3.68,3.48,3.64,160306400.0,575878720.0,15803803650.0,0.0101435327564323,278382876.8,-0.4241513636085824,343663294.4,-0.5335364509035563,2015-09-08
2015-09-09,3.66,3.79,3.62,3.75,289907520.0,1076776960.0,15803803650.0,0.0183441610906118,244960502.4,0.1834867954614383,320327377.6,-0.09496490068353125,2015-09-09
2015-09-10,3.69,3.7,3.61,3.64,164183536.0,600175424.0,15803803650.0,0.0103888620509405,256329392.0,-0.3594822087355476,290178008.0,-0.4341971773408825,2015-09-10
2015-09-11,3.64,3.67,3.56,3.6,117087872.0,423339968.0,15803803650.0,0.0074088412253843,207523340.8,-0.435784565010241,266182844.8,-0.5601223959869559,2015-09-11
2015-09-14,3.6,3.65,3.31,3.63,258006592.0,911037056.0,15803803650.0,0.0163256009574631,182124070.4,0.41665289729874155,239759052.8,0.07610782152706275,2015-09-14
2015-09-15,3.54,3.54,3.31,3.35,125712944.0,431453344.0,15803803650.0,0.007954600473665,197898384.0,-0.36476012861226803,238140630.4,-0.47210627691359297,2015-09-15
2015-09-16,3.36,3.65,3.36,3.59,159235920.0,556614464.0,15803803650.0,0.0100757971641845,190979692.8,-0.166215435445501,217970097.6,-0.26945979401167175,2015-09-16
2015-09-17,3.59,3.64,3.5,3.5,176930624.0,633601152.0,15803803650.0,0.0111954455976805,164845372.8,0.073312650484054,210587382.4,-0.15982324304725293,2015-09-17
2015-09-18,3.57,3.59,3.47,3.51,91210032.0,320375936.0,15803803650.0,0.0057713974445639,167394790.4,-0.45512024727861544,187459065.6,-0.5134402718371386,2015-09-18
2015-09-21,3.48,3.56,3.45,3.55,94221736.0,331793120.0,15803803650.0,0.005961965744873,162219222.4,-0.41917033871813214,172171646.4,-0.4527453389096475,2015-09-21
2015-09-22,3.54,3.6,3.52,3.57,129201696.0,459914368.0,15803803650.0,0.0081753544185548,129462251.2,-0.0020125959311296793,163680317.6,-0.21064610641982284,2015-09-22
2015-09-23,3.5,3.51,3.4,3.44,117795480.0,407815104.0,15803803650.0,0.0074536157629369,130160001.6,-0.09499478678555884,160569847.2,-0.2663910313542355,2015-09-23
2015-09-24,3.44,3.49,3.43,3.47,67723752.0,234298624.0,15803803650.0,0.0042852817903745,121871913.6,-0.4443038596876516,143358643.2,-0.52759212497904,2015-09-24
2015-09-25,3.52,3.6,3.42,3.51,219541712.0,775912064.0,15803803650.0,0.0138917008121649,100030539.2,1.1947468618663608,133712664.8,0.6418916811536015,2015-09-25
2015-09-28,3.48,3.49,3.41,3.47,86560784.0,298632608.0,15803803650.0,0.0054772120634389,125696875.2,-0.31135293648095397,143958048.8,-0.3987082714613732,2015-09-28
2015-09-29,3.41,3.43,3.36,3.37,79785192.0,270514368.0,15803803650.0,0.0050484803384658,124164684.8,-0.35742443893354126,126813468.0,-0.3708460681794461,2015-09-29
2015-09-30,3.38,3.41,3.37,3.38,48290620.0,163607360.0,15803803650.0,0.0030556327495248,114281384.0,-0.5774410642419241,122220692.8,-0.6048899830814901,2015-09-30
2015-10-08,3.49,3.53,3.46,3.48,97307280.0,339028480.0,15803803650.0,0.0061572063381083,100380412.0,-0.030614857408634677,111126162.8,-0.12435309968248087,2015-10-08
2015-10-09,3.48,3.58,3.45,3.55,161211072.0,568269824.0,15803803650.0,0.0102007766971971,106297117.6,0.5166081229656976,103163828.4,0.5626705067102762,2015-10-09
2015-10-12,3.57,3.83,3.54,3.74,300109632.0,1103943296.0,15803803650.0,0.0189897089742696,94630989.6,2.1713673635724087,110163932.4,1.7242095072488532,2015-10-12
2015-10-13,3.67,3.7,3.64,3.7,182631248.0,670770176.0,15803803650.0,0.011556157748138,137340759.2,0.3297672814961403,130752722.0,0.3967682294216406,2015-10-13
2015-10-14,3.72,3.79,3.66,3.67,224167440.0,835292288.0,15803803650.0,0.0141843979439721,157909970.4,0.41959015907712427,136095677.2,0.647131228647136,2015-10-14
2015-10-15,3.71,3.75,3.67,3.74,216669472.0,806329344.0,15803803650.0,0.0137099572228613,193085334.4,0.12214359870098956,146732873.2,0.4766252938063509,2015-10-15
2015-10-16,3.74,3.76,3.69,3.74,221357040.0,823839616.0,15803803650.0,0.0140065673367183,216957772.8,0.020277066561037227,161627445.2,0.3695510668134969,2015-10-16
2015-10-19,3.73,3.73,3.68,3.7,166261840.0,615898624.0,15803803650.0,0.0105203686202466,228986966.4,-0.2739244393955166,161808978.0,0.027519251743868045,2015-10-19
2015-10-20,3.68,3.74,3.65,3.73,173974048.0,642016320.0,15803803650.0,0.0110083655715375,202217408.0,-0.13966829205920783,169779083.6,0.024708369906645045,2015-10-20
2015-10-21,3.84,3.99,3.69,3.73,573766144.0,2211183872.0,15803803650.0,0.0363055728043039,200485968.0,1.8618768172344113,179197969.2,2.2018562853222337,2015-10-21
2015-10-22,3.65,3.78,3.61,3.77,282112864.0,1047067200.0,15803803650.0,0.0178509471673928,270405708.8,0.0432947782498887,231745521.6,0.2173390107056119,2015-10-22
2015-10-23,3.77,3.79,3.7,3.78,228381376.0,855979200.0,15803803650.0,0.0144510385637447,283494387.2,-0.19440600480431658,250226080.0,-0.08729986898248177,2015-10-23
2015-10-26,3.81,3.84,3.74,3.77,205996736.0,779015296.0,15803803650.0,0.0130346301790455,284899254.4,-0.2769488413234681,256943110.4,-0.19827881090366062,2015-10-26
2015-10-27,3.74,3.75,3.62,3.73,150263008.0,554132096.0,15803803650.0,0.0095080280246331,292846233.6,-0.4868876879419084,247531820.8,-0.3929547824826569,2015-10-27
2015-10-28,3.71,3.77,3.67,3.71,165754944.0,616855488.0,15803803650.0,0.0104882943164128,288104025.6,-0.4246698092648936,244294996.8,-0.32149677164407653,2015-10-28
2015-10-29,3.69,3.72,3.66,3.69,117518232.0,433116864.0,15803803650.0,0.0074360726444484,206501785.6,-0.4309093664321322,238453747.2,-0.5071655053445937,2015-10-29
2015-10-30,3.65,3.68,3.61,3.65,103037416.0,375654400.0,15803803650.0,0.0065197858871145,173582859.2,-0.4064078879972729,228538623.2,-0.5491465969416061,2015-10-30
2015-11-02,3.61,3.63,3.55,3.56,116486424.0,418991552.0,15803803650.0,0.0073707840580517,148514067.2,-0.2156539363834754,216706660.8,-0.4624695726011575,2015-11-02
2015-11-03,3.55,3.59,3.52,3.56,80967720.0,287600992.0,15803803650.0,0.0051233058694702,130612004.8,-0.3800897541999907,211729119.2,-0.6175881697050956,2015-11-03
2015-11-04,3.53,3.68,3.53,3.68,166961392.0,606252096.0,15803803650.0,0.0105646334070975,116752947.2,0.4300400632627457,202428486.4,-0.17520802052492157,2015-11-04
2015-11-05,3.67,3.83,3.64,3.73,367719456.0,1375040384.0,15803803650.0,0.0232677818671836,116994236.8,2.1430561543694777,161748011.2,1.2734094426998435,2015-11-05
2015-11-06,3.71,3.79,3.69,3.78,263951648.0,988557440.0,15803803650.0,0.0167017797642658,167034481.6,0.580222511373963,170308670.4,0.549842690804073,2015-11-06
2015-11-09,3.73,3.82,3.71,3.79,290743744.0,1096895360.0,15803803650.0,0.0183970739221377,199217328.0,0.4594299949650966,173865697.6,0.6722317743715769,2015-11-09
2015-11-10,3.77,3.97,3.75,3.88,487440160.0,1873242496.0,15803803650.0,0.03084321792368,234068792.0,1.0824653976084089,182340398.4,1.6732428155098296,2015-11-10
2015-11-11,3.84,3.86,3.77,3.81,289907296.0,1105286656.0,15803803650.0,0.0183441469168088,315363280.0,-0.08071955618929383,216058113.6,0.34180240292535813,2015-11-11
2015-11-12,3.8,3.85,3.76,3.77,215737024.0,818026688.0,15803803650.0,0.0136509557305212,339952460.8,-0.3653906093448699,228473348.8,-0.055745341270193705,2015-11-12
2015-11-13,3.73,3.74,3.66,3.67,199186512.0,735909952.0,15803803650.0,0.0126037070828831,309555974.4,-0.35654121234107894,238295228.0,-0.16411875440493506,2015-11-13
2015-11-16,3.69,3.79,3.69,3.79,244552800.0,918495168.0,15803803650.0,0.0154743000745899,296602947.2,-0.17548762644257365,247910137.6,-0.013542558737218768,2015-11-16
2015-11-17,3.77,3.79,3.72,3.74,195248608.0,734220544.0,15803803650.0,0.0123545326380969,287364758.4,-0.32055479214948857,260716775.2,-0.25110838053968076,2015-11-17
2015-11-18,3.71,3.73,3.68,3.69,113022600.0,418697344.0,15803803650.0,0.0071516074549559,228926448.0,-0.5062929557182488,272144864.0,-0.584696920828166,2015-11-18
2015-11-19,3.7,3.72,3.69,3.72,84219328.0,311895424.0,15803803650.0,0.0053290543128204,193549508.8,-0.5648693271186437,266750984.8,-0.6842773492920953,2015-11-19
2015-11-20,3.73,3.74,3.7,3.73,121761352.0,452877376.0,15803803650.0,0.0077045599082724,167245969.6,-0.271962413855383,238400972.0,-0.489258156212551,2015-11-20
2015-11-23,3.71,3.72,3.66,3.68,123697256.0,456633600.0,15803803650.0,0.0078270559885119,151760937.6,-0.18492032300148353,224181942.4,-0.44822827978137814,2015-11-23
2015-11-24,3.67,3.68,3.62,3.66,92395552.0,336591136.0,15803803650.0,0.0058464122970801,127589828.8,-0.2758392038848789,207477293.6,-0.5546714997250186,2015-11-24
2015-11-25,3.7,3.74,3.69,3.72,144152032.0,535701952.0,15803803650.0,0.0091213504794461,107019217.6,0.3469733308908063,167972832.8,-0.1418134135319531,2015-11-25
2015-11-26,3.7,3.76,3.67,3.69,158609168.0,588182656.0,15803803650.0,0.0100361388633172,113245104.0,0.40058300445377304,153397306.4,0.033976226325705516,2015-11-26
2015-11-27,3.68,3.69,3.46,3.49,177298848.0,634736576.0,15803803650.0,0.0112187453050266,128123072.0,0.3838167102331109,147684520.8,0.20052424614022235,2015-11-27
2015-11-30,3.49,3.53,3.35,3.46,142718880.0,491446048.0,15803803650.0,0.0090306664876844,139230571.2,0.02505418723729269,145495754.4,-0.019085604328809236,2015-11-30
2015-12-01,3.47,3.5,3.43,3.48,78210720.0,271338208.0,15803803650.0,0.0049488541956163,143034896.0,-0.45320532130844493,135312362.4,-0.42199871014889623,2015-12-01
2015-12-02,3.48,3.55,3.43,3.55,122495968.0,428236992.0,15803803650.0,0.0077510434015041,140197929.6,-0.1262640728754385,123608573.6,-0.009001039067082939,2015-12-02
2015-12-03,3.5,3.56,3.49,3.56,93727884.0,331010481.0,15803803650.0,0.0059307168119619,135866716.8,-0.3101483114663739,124555910.4,-0.2475035211175335,2015-12-03
2015-12-04,3.56,3.58,3.5,3.51,93824376.0,331526144.0,15803803650.0,0.005936822430719,122890460.0,-0.23652026365594203,125506766.0,-0.2524357133064842,2015-12-04
2015-12-07,3.55,3.58,3.53,3.55,94588142.0,336251724.0,15803803650.0,0.0059851504166213,106195565.6,-0.10930233794997557,122713068.4,-0.2291925934760507,2015-12-07
2015-12-08,3.52,3.52,3.45,3.46,79628768.0,276415264.0,15803803650.0,0.0050385824680883,96569418.0,-0.17542458420946472,119802157.0,-0.33533109925558346,2015-12-08
2015-12-09,3.46,3.52,3.45,3.48,67104488.0,233560219.0,15803803650.0,0.004246097299494,96853027.6,-0.30715136467246584,118525478.6,-0.433839130686286,2015-12-09
2015-12-10,3.45,3.48,3.42,3.44,68761392.0,237238320.0,15803803650.0,0.0043509394018572,85774731.6,-0.19834908582797584,110820724.2,-0.37952587391591874,2015-12-10
2015-12-11,3.41,3.49,3.38,3.45,96496936.0,331100064.0,15803803650.0,0.0061059310870392,80781433.2,0.19454350062212056,101835946.6,-0.05242756392269832,2015-12-11
2015-12-14,3.42,3.74,3.41,3.66,333227104.0,1207948800.0,15803803650.0,0.0210852470316536,81315945.2,3.0979306479241417,93755755.4,2.554204246750701,2015-12-14
2015-12-15,3.58,3.61,3.55,3.57,158222224.0,566057856.0,15803803650.0,0.0100116546310039,129043737.6,0.2261131531267737,112806577.8,0.40259749994827,2015-12-15
2015-12-16,3.58,3.67,3.56,3.6,131990048.0,476959168.0,15803803650.0,0.008351789918625,144762428.8,-0.08822994271287066,120807728.2,0.09256295078645471,2015-12-16
2015-12-17,3.62,3.64,3.59,3.62,145465280.0,524871680.0,15803803650.0,0.0092044474369307,157739540.8,-0.07781346856818039,121757136.2,0.19471666745722938,2015-12-17
2015-12-18,3.59,3.61,3.54,3.58,123793208.0,442553216.0,15803803650.0,0.0078331274382797,173080318.4,-0.2847643848568284,126930875.8,-0.024719500123389193,2015-12-18
2015-12-21,3.58,3.65,3.58,3.64,155465936.0,562755968.0,15803803650.0,0.0098372480095954,178539572.8,-0.1292354206865225,129927759.0,0.19655674196612605,2015-12-21
2015-12-22,3.64,3.68,3.63,3.65,133338379.0,486796413.0,15803803650.0,0.0084371067847328,142987339.2,-0.06748122074293406,136015538.4,-0.019682746776525706,2015-12-22
2015-12-23,3.65,3.65,3.58,3.59,108082296.0,390502112.0,15803803650.0,0.0068390052416273,138010570.2,-0.21685494202820121,141386499.5,-0.2355543394721361,2015-12-23
2015-12-24,3.59,3.6,3.55,3.57,66954188.0,239125376.0,15803803650.0,0.0042365869307671,133229019.8,-0.4974504195819356,145484280.3,-0.5397840380972074,2015-12-24
2015-12-25,3.58,3.59,3.56,3.58,49785641.0,177767657.0,15803803650.0,0.0031502315583375,117526801.4,-0.5763890414191091,145303559.9,-0.6573680573671892,2015-12-25
2015-12-28,3.59,3.59,3.51,3.51,89571453.0,318539188.0,15803803650.0,0.0056677148731849,102725288.0,-0.12804865536127774,140632430.4,-0.3630810991089862,2015-12-28
2015-12-29,3.5,3.57,3.48,3.56,70058186.0,247840183.0,15803803650.0,0.0044329952175785,89546391.4,-0.2176325041725803,116266865.3,-0.3974363562720048,2015-12-29
2015-12-30,3.55,3.57,3.54,3.56,60339124.0,214411672.0,15803803650.0,0.0038180127604913,76890352.8,-0.21525754788837437,107450461.5,-0.43844704659551414,2015-12-30
2015-12-31,3.55,3.56,3.51,3.52,64946996.0,229895209.0,15803803650.0,0.0041095800377145,67341718.4,-0.035560755752856,100285369.1,-0.3523781526372225,2015-12-31
2016-01-04,3.52,3.52,3.3,3.31,78948461.0,271405351.0,15803803650.0,0.0049955354260554,66940280.0,0.1793864770210103,92233540.7,-0.14403740330441417,2016-01-04
2016-01-05,3.25,3.46,3.25,3.4,150737963.0,509421299.0,15803803650.0,0.0095380812327417,72772844.0,1.0713490735637596,87749066.0,0.7178298285248985,2016-01-05
2016-01-06,3.4,3.6,3.38,3.57,196385320.0,689331885.0,15803803650.0,0.0124264591201751,85006146.0,1.3102484848566127,87276268.7,1.2501571495345103,2016-01-06
2016-01-07,3.55,3.57,3.26,3.29,57720415.0,199145163.0,15803803650.0,0.0036523115750049,110271572.8,-0.47656124298972546,93580962.8,-0.3832034500076761,2016-01-07
2016-01-08,3.46,3.54,3.31,3.52,224142486.0,779569861.0,15803803650.0,0.0141828189570046,109747831.0,1.0423409187922812,88544774.7,1.531402748038163,2016-01-08
2016-01-11,3.45,3.58,3.36,3.39,194671392.0,674145841.0,15803803650.0,0.0123180087725273,141586929.0,0.3749248844856292,104263604.5,0.8671078266817449,2016-01-11
2016-01-12,3.34,3.4,3.21,3.29,169386049.0,557131383.0,15803803650.0,0.0107180557764016,164731515.2,0.02825527218849988,118752179.6,0.4263826531062678,2016-01-12
2016-01-13,3.29,3.35,3.24,3.25,81994942.0,269327462.0,15803803650.0,0.0051883042725603,168461132.4,-0.5132708605727027,126733639.2,-0.3530135919903419,2016-01-13
2016-01-14,3.2,3.29,3.18,3.28,97559615.0,314847996.0,15803803650.0,0.0061731730639414,145583056.8,-0.3298697173667259,127927314.8,-0.2373824530552876,2016-01-14
2016-01-15,3.25,3.25,3.11,3.13,117921284.0,374461781.0,15803803650.0,0.0074615761250615,153550896.8,-0.23203780337673685,131649363.9,-0.10427760145068199,2016-01-15
2016-01-18,3.09,3.14,3.05,3.12,69446862.0,215733447.0,15803803650.0,0.0043943131373946,132306656.4,-0.47510681707470015,136946792.7,-0.4928916506125667,2016-01-18
2016-01-19,3.11,3.19,3.08,3.19,87382445.0,275129396.0,15803803650.0,0.0055292034079403,107261750.4,-0.18533452349850899,135996632.8,-0.35746611367572045,2016-01-19
2016-01-20,3.17,3.28,3.12,3.2,117898165.0,376609018.0,15803803650.0,0.0074601132493822,90861029.6,0.2975658048233256,129661081.0,-0.09072048381271791,2016-01-20
2016-01-21,3.18,3.24,3.1,3.1,92670954.0,294762436.0,15803803650.0,0.0058638386082454,98041674.2,-0.05477997233139864,121812365.5,-0.2392319645085621,2016-01-21
2016-01-22,3.1,3.14,3.06,3.12,69176654.0,214442543.0,15803803650.0,0.004377215481287,97063942.0,-0.2873084219060462,125307419.4,-0.44794446864173476,2016-01-22
2016-01-25,3.13,3.15,3.09,3.13,60622572.0,189343266.0,15803803650.0,0.0038359481895992,87315016.0,-0.3057027899989161,109810836.2,-0.44793634127703696,2016-01-25
2016-01-26,3.13,3.14,2.92,2.96,107475537.0,327272676.0,15803803650.0,0.006800612015956,85550158.0,0.2562868323399239,96405954.2,0.1148226050129173,2016-01-26
2016-01-27,2.96,2.99,2.78,2.87,114824677.0,330757698.0,15803803650.0,0.007265635510474,89568776.4,0.28197215162582023,90214903.0,0.2727905610007695,2016-01-27
2016-01-28,2.86,2.88,2.7,2.71,75180778.0,210850539.0,15803803650.0,0.0047571318693269,88954078.8,-0.15483607930972132,93497876.5,-0.1959092461313814,2016-01-28
2016-01-29,2.7,2.82,2.7,2.79,72782376.0,201356315.0,15803803650.0,0.0046053708089444,85456043.6,-0.14830627614031033,91259992.8,-0.2024722579202307,2016-01-29
2016-02-01,2.8,2.84,2.73,2.78,68809404.0,192147885.0,15803803650.0,0.0043539774046737,86177188.0,-0.2015357474880708,86746102.0,-0.20677238038891943,2016-02-01
2016-02-02,2.79,2.85,2.79,2.83,58388625.0,165171591.0,15803803650.0,0.0036945931683984,87814554.4,-0.33509171231414914,86682356.2,-0.32640703876021315,2016-02-02
2016-02-03,2.82,2.87,2.8,2.85,65577014.0,186140365.0,15803803650.0,0.004149444997692,77997172.0,-0.1592385682906554,83782974.2,-0.21729904403417566,2016-02-03
2016-02-04,2.88,2.99,2.88,2.94,116190211.0,342576665.0,15803803650.0,0.007352040911999,68147639.4,0.7049777809324969,78550859.1,0.47917174084732594,2016-02-04
2016-02-05,2.98,3.1,2.95,3.02,142354248.0,433554454.0,15803803650.0,0.009007594067394,76349526.0,0.8645072924224835,80902784.8,0.7595716680447322,2016-02-05
2016-02-15,3.3,3.32,3.2,3.32,342817905.0,1129938219.0,15803803650.0,0.0216921136577142,90263900.4,2.797951379021064,88220544.2,2.8859191825298214,2016-02-15
2016-02-16,3.28,3.43,3.21,3.37,345751094.0,1140707303.0,15803803650.0,0.021877713850235,145065600.6,1.3834120051201166,116440077.5,1.9693478519026235,2016-02-16
2016-02-17,3.28,3.34,3.26,3.33,200629434.0,662698470.0,15803803650.0,0.01269500928025,202538094.4,-0.009423710663686413,140267633.2,0.4303330670300354,2016-02-17
2016-02-18,3.31,3.32,3.25,3.26,141206344.0,463183161.0,15803803650.0,0.0089349594013717,229548578.4,-0.3848520213706538,148848108.9,-0.051339348255569295,2016-02-18
2016-02-19,3.3,3.32,3.16,3.18,184514829.0,597125759.0,15803803650.0,0.0116753430431287,234551805.0,-0.21333016814771477,155450665.5,0.18696712173290764,2016-02-19
2016-02-22,3.19,3.25,3.18,3.22,114512112.0,367866992.0,15803803650.0,0.0072458576768004,242983921.2,-0.528725557499975,166623910.8,-0.31275102444660663,2016-02-22
2016-02-23,3.2,3.28,3.17,3.27,181716644.0,586153409.0,15803803650.0,0.0114982853510711,197322762.6,-0.07908929712095969,171194181.6,0.061465070259140164,2016-02-23
2016-02-24,3.25,3.45,3.21,3.33,322372772.0,1074277463.0,15803803650.0,0.0203984293363452,164515872.6,0.9595238253017053,183526983.5,0.7565415496517438,2016-02-24
2016-02-25,3.33,3.38,3.07,3.11,261159609.0,844295156.0,15803803650.0,0.0165251109659287,188864540.2,0.3827879427416201,209206559.3,0.248333751455182,2016-02-25
2016-02-26,3.13,3.19,3.08,3.17,131817083.0,412612311.0,15803803650.0,0.0083408454014802,212855193.2,-0.38071944114539924,223703499.1,-0.41075091122702956,2016-02-26
2016-02-29,3.12,3.17,3.01,3.13,131519399.0,406523422.0,15803803650.0,0.0083220091765693,202315644.0,-0.34992966238438783,222649782.6,-0.4092992256081367,2016-02-29
2016-03-01,3.15,3.35,3.13,3.3,298599664.0,980301687.0,15803803650.0,0.0188941643804844,205717101.4,0.45150627715387404,201519932.0,0.48173761789478964,2016-03-01
2016-03-02,3.22,3.39,3.21,3.37,312441593.0,1035448534.0,15803803650.0,0.0197700249838272,229093705.4,0.36381570351081316,196804789.0,0.5875710880185949,2016-03-02
2016-03-03,3.37,3.47,3.28,3.46,443810598.0,1506330924.0,15803803650.0,0.0280825178437344,227107469.6,0.9541875869678573,207986004.9,1.1338483722180484,2016-03-03
2016-03-04,3.53,3.58,3.42,3.48,550527726.0,1937379714.0,15803803650.0,0.0348351408428185,263637667.4,1.088198289073468,238246430.3,1.3107491067411807,2016-03-04
2016-03-07,3.51,3.61,3.45,3.58,402628199.0,1426385094.0,15803803650.0,0.0254766642206415,347379796.0,0.15904322483970823,274847720.0,0.46491373113810086,2016-03-07
2016-03-08,3.58,3.58,3.41,3.5,308727838.0,1074560391.0,15803803650.0,0.0195350337701772,401601556.0,-0.23125836195714344,303659328.7,0.016691432868862766,2016-03-08
2016-03-09,3.34,3.39,3.29,3.36,223947744.0,747698702.0,15803803650.0,0.0141704964804469,403627190.8,-0.4451618991373463,316360448.1,-0.2921120660152461,2016-03-09
2016-03-10,3.32,3.39,3.28,3.3,144474514.0,481690682.0,15803803650.0,0.0091417558202831,385928421.0,-0.6256442745894581,306517945.3,-0.5286588722934389,2016-03-10
2016-03-11,3.4,3.4,3.32,3.34,147939554.0,496946584.0,15803803650.0,0.0093610093668811,326061204.2,-0.5462828693067803,294849435.8,-0.4982539016952733,2016-03-11
2016-03-14,3.27,3.43,3.26,3.42,224419160.0,755075878.0,15803803650.0,0.0142003257551228,245543569.8,-0.08603120748470938,296461682.9,-0.24300787270475277,2016-03-14
2016-03-15,3.36,3.42,3.3,3.36,145925270.0,488895021.0,15803803650.0,0.0092335537211005,209901762.0,-0.3047925438567781,305751659.0,-0.5227326959491657,2016-03-15
2016-03-16,3.33,3.4,3.31,3.38,156329526.0,525521473.0,15803803650.0,0.0098918924495749,177341248.4,-0.11848186809087558,290484219.6,-0.46183126155607535,2016-03-16
2016-03-17,3.42,3.42,3.36,3.39,152083640.0,515171790.0,15803803650.0,0.0096232301645939,163817604.8,-0.07162822832335791,274873012.9,-0.4467130898174835,2016-03-17
2016-03-18,3.42,3.44,3.39,3.41,203864820.0,696408270.0,15803803650.0,0.0128997312618472,165339430.0,0.233007879608633,245700317.1,-0.1702704237169257,2016-03-18
2016-03-21,3.4,3.42,3.38,3.42,240538002.0,816341078.0,15803803650.0,0.0152202600922594,176524483.2,0.36263252348669117,211034026.5,0.13980672211644496,2016-03-21
2016-03-22,3.39,3.42,3.34,3.4,171438015.0,579840563.0,15803803650.0,0.0108478957848859,179748251.6,-0.046232642187213346,194825006.8,-0.12004101621312002,2016-03-22
2016-03-23,3.37,3.39,3.33,3.35,122497758.0,410903545.0,15803803650.0,0.0077511566653765,184850800.6,-0.33731551282229066,181096024.5,-0.3235756646883212,2016-03-23
2016-03-24,3.3,3.3,3.26,3.26,125745909.0,412079800.0,15803803650.0,0.0079566863639184,178084447.0,-0.29389729918413365,170951025.9,-0.26443314195986933,2016-03-24
2016-03-25,3.25,3.28,3.24,3.27,57429111.0,187312530.0,15803803650.0,0.0036338790503765,172816900.8,-0.6676881095879483,169078165.4,-0.660339873784791,2016-03-25
2016-03-28,3.27,3.3,3.26,3.27,60696932.0,199076351.0,15803803650.0,0.0038406533859967,143529759.0,-0.5771125624198952,160027121.1,-0.6207084675223842,2016-03-28
2016-03-29,3.26,3.28,3.23,3.25,60610958.0,196898177.0,15803803650.0,0.0038352133032227,107561545.0,-0.436499745331847,143654898.3,-0.5780794200736279,2016-03-29
2016-03-30,3.29,3.3,3.26,3.3,77731443.0,255331453.0,15803803650.0,0.0049185275090405,85396133.6,-0.08975453895725316,135123467.1,-0.42473765165843647,2016-03-30
2016-03-31,3.28,3.29,3.26,3.27,58961971.0,193122537.0,15803803650.0,0.0037308721562103,76442870.6,-0.2286792667882882,127263658.8,-0.5366943591283893,2016-03-31
2016-04-01,3.27,3.29,3.25,3.29,65147912.0,213218025.0,15803803650.0,0.0041222931797181,63086083.0,0.0326827867883317,117951491.9,-0.4476719967625946,2016-04-01
2016-04-05,3.27,3.31,3.25,3.3,88872141.0,292122588.0,15803803650.0,0.0056234652725516,64629843.2,0.3750944857622678,104079801.1,-0.1461153839580117,2016-04-05
2016-04-06,3.3,3.32,3.27,3.28,69287409.0,228288677.0,15803803650.0,0.0043842236042966,70264885.0,-0.013911301498607753,88913215.0,-0.22072991062127267,2016-04-06
2016-04-07,3.28,3.29,3.25,3.25,63465649.0,207128621.0,15803803650.0,0.0040158464636454,72000175.2,-0.11853479767643682,78698154.4,-0.19355606895909627,2016-04-07
2016-04-08,3.26,3.33,3.25,3.31,132947337.0,437475678.0,15803803650.0,0.0084123632477552,69147016.4,0.922676406324308,72794943.5,0.8263265359907863,2016-04-08
2016-04-11,3.32,3.39,3.29,3.35,175198454.0,586523845.0,15803803650.0,0.0110858409709487,83944089.6,1.0870850447581724,73515086.3,1.3831632773312816,2016-04-11
2016-04-12,3.35,3.41,3.33,3.36,159217996.0,537113242.0,15803803650.0,0.0100746630068388,105954198.0,0.5027058767411934,85292020.6,0.8667396419964755,2016-04-12
2016-04-13,3.37,3.44,3.35,3.4,237503489.0,809360405.0,15803803650.0,0.015028248531802,120023369.0,0.9788103848343068,95144127.0,1.4962496003563102,2016-04-13
2016-04-14,3.37,3.38,3.33,3.35,139237157.0,465959345.0,15803803650.0,0.0088103573091405,153666585.0,-0.09390088287574039,112833380.1,0.2340067883865513,2016-04-14
2016-04-15,3.33,3.36,3.31,3.33,85382812.0,284140832.0,15803803650.0,0.0054026748174639,168820886.6,-0.4942402346085061,118983951.5,-0.28240060173157044,2016-04-15
2016-04-18,3.33,3.33,3.28,3.29,64992959.0,214352140.0,15803803650.0,0.0041124883881988,159307981.6,-0.5920294868640781,121626035.6,-0.46563284185512,2016-04-18
2016-04-19,3.29,3.33,3.27,3.32,69016981.0,226877164.0,15803803650.0,0.0043671120274896,137266882.6,-0.49720588322007975,121610540.3,-0.43247533618597034,2016-04-19
2016-04-20,3.35,3.37,3.18,3.25,170372194.0,557608422.0,15803803650.0,0.0107804549950859,119226679.6,0.42897709280834495,119625024.3,0.4242186782987345,2016-04-20
2016-04-21,3.23,3.33,3.21,3.32,151760878.0,498603770.0,15803803650.0,0.0096028071065031,105800420.6,0.43440713316030055,129733502.8,0.16978941233058276,2016-04-21
2016-04-22,3.25,3.27,3.21,3.24,107062221.0,346249667.0,15803803650.0,0.00677445907144,108305164.8,-0.011476311423331054,138563025.7,-0.2273391804261098,2016-04-22
2016-04-25,3.21,3.22,3.16,3.19,54887648.0,175206025.0,15803803650.0,0.0034730656755533,112641046.6,-0.5127207207607746,135974514.1,-0.5963387082991606,2016-04-25
2016-04-26,3.2,3.22,3.16,3.19,52032042.0,165663127.0,15803803650.0,0.0032923746176762,110619984.4,-0.5296325317507458,123943433.5,-0.580195250924689,2016-04-26
2016-04-27,3.21,3.24,3.18,3.23,91606594.0,293554441.0,15803803650.0,0.0057964902645446,107222996.6,-0.14564415372811912,113224838.1,-0.19093199392263027,2016-04-27
2016-04-28,3.19,3.2,3.15,3.18,85550272.0,271401926.0,15803803650.0,0.0054132710007441,91469876.6,-0.06471643802348803,98635148.6,-0.13265936925855648,2016-04-28
2016-04-29,3.2,3.26,3.2,3.21,126928902.0,410029898.0,15803803650.0,0.0080315413182193,78227755.4,0.6225558479976532,93266460.1,0.3609276246134703,2016-04-29
2016-05-03,3.26,3.32,3.24,3.29,139894752.0,459141234.0,15803803650.0,0.0088519672287879,82201091.6,0.7018600273673252,97421069.1,0.4359804639015197,2016-05-03
2016-05-04,3.25,3.27,3.23,3.25,80650901.0,262007474.0,15803803650.0,0.0051032588600909,99202512.4,-0.18700747542760832,104911248.4,-0.2312463894005098,2016-05-04
2016-05-05,3.24,3.28,3.23,3.25,59367632.0,193117731.0,15803803650.0,0.003756540723663,104926284.2,-0.43419675582107387,106074640.4,-0.44032209983339243,2016-05-05
2016-05-06,3.24,3.26,3.16,3.17,100214222.0,321271842.0,15803803650.0,0.0063411457279146,98478491.8,0.0176254750481466,94974184.2,0.05517328571062374,2016-05-06
2016-05-09,3.17,3.18,3.08,3.09,83461928.0,260450175.0,15803803650.0,0.005281129141338,101411281.8,-0.17699563087467052,89819518.6,-0.07078183783541225,2016-05-09
2016-05-10,3.06,3.08,3.04,3.08,47562635.0,145626124.0,15803803650.0,0.0030095688388282,92717887.0,-0.48701769918462445,87459489.3,-0.4561752488989208,2016-05-10
2016-05-11,3.08,3.12,3.04,3.1,48154656.0,148386961.0,15803803650.0,0.0030470295041915,74251463.6,-0.3514652282221141,86726988.0,-0.44475581234298145,2016-05-11
2016-05-12,3.08,3.1,3.05,3.09,43851541.0,134796449.0,15803803650.0,0.002774746002365,67752214.6,-0.35276593896017083,86339249.4,-0.4921018968228371,2016-05-12
2016-05-13,3.06,3.13,3.06,3.1,59868522.0,185496500.0,15803803650.0,0.0037882349924032,64648996.4,-0.07394506745970153,81563744.1,-0.26599100298045286,2016-05-13
2016-05-16,3.09,3.22,3.05,3.17,88397670.0,276871736.0,15803803650.0,0.0055934426899817,56579856.4,0.5623523215587376,78995569.1,0.11902061099272476,2016-05-16
2016-05-17,3.15,3.18,3.12,3.12,57684408.0,181450693.0,15803803650.0,0.0036500331994443,57567004.8,0.002039418246752467,75142445.9,-0.2323325743646043,2016-05-17
2016-05-18,3.13,3.16,3.06,3.09,63968252.0,198000395.0,15803803650.0,0.0040476491240132,59591359.4,0.07344844360103653,66921411.5,-0.04412876886196582,2016-05-18
2016-05-19,3.05,3.09,3.05,3.07,51153811.0,156765706.0,15803803650.0,0.0032368037551516,62754078.6,-0.1848528073201604,65253146.6,-0.21607135187561977,2016-05-19
2016-05-20,3.05,3.07,3.03,3.06,37634879.0,114718255.0,15803803650.0,0.0023813810797377,64214532.6,-0.4139195992528333,64431764.5,-0.4158955711976505,2016-05-20
2016-05-23,3.06,3.07,3.05,3.06,34903142.0,106738727.0,15803803650.0,0.0022085279451064,59767804.0,-0.4160210068952843,58173830.2,-0.40001987354100677,2016-05-23
2016-05-24,3.06,3.06,3.02,3.06,37334871.0,113435037.0,15803803650.0,0.0023623978016203,49068898.4,-0.2391337034784543,53317951.6,-0.2997692169404348,2016-05-24
2016-05-25,3.04,3.05,3.02,3.02,34868632.0,105737599.0,15803803650.0,0.0022063442935777,44998991.0,-0.2251241366723089,52295175.2,-0.3332342445235751,2016-05-25
2016-05-26,3.02,3.04,2.99,3.03,35084260.0,105645327.0,15803803650.0,0.0022199883507158,39179067.0,-0.10451517388099107,50966572.8,-0.3116221461922587,2016-05-26
2016-05-27,3.01,3.03,3.0,3.02,25805038.0,77760849.0,15803803650.0,0.0016328371682851,35965156.8,-0.2824989435330363,50089844.7,-0.48482495494740474,2016-05-27
2016-05-30,3.01,3.01,2.98,2.99,28217281.0,84477316.0,15803803650.0,0.0017854740304875,33599188.6,-0.1601796895773846,46683496.3,-0.3955619600839536,2016-05-30
2016-05-31,2.99,3.06,2.99,3.06,57917119.0,176035590.0,15803803650.0,0.0036647581988909,32262016.4,0.795210760602056,40665457.4,0.42423380192939875,2016-05-31
2016-06-01,3.05,3.08,3.04,3.06,48332303.0,148141582.0,15803803650.0,0.0030582702791299,36378466.0,0.32859651091390174,40688728.5,0.18785483798049873,2016-06-01
2016-06-02,3.05,3.07,3.04,3.06,37720771.0,115226850.0,15803803650.0,0.0023868159738874,39071200.2,-0.03456328940721931,39125133.6,-0.03589412918963175,2016-06-02
2016-06-03,3.05,3.06,3.03,3.05,40570206.0,123557590.0,15803803650.0,0.0025671165561462,39598502.4,0.02453889771346507,37781829.6,0.07380204795587764,2016-06-03
2016-06-06,3.13,3.17,3.1,3.11,107371617.0,336577984.0,15803803650.0,0.0067940363837663,42551536.0,1.5233311671757277,38075362.3,1.8199762395957557,2016-06-06
2016-06-07,3.12,3.14,3.07,3.08,44457043.0,137545140.0,15803803650.0,0.0028130596902221,58382403.2,-0.2385198182455086,45322209.8,-0.019089245732232474,2016-06-07
2016-06-08,3.09,3.1,3.07,3.09,40324493.0,124338254.0,15803803650.0,0.0025515688433651,55690388.0,-0.27591646515373536,46034427.0,-0.12403616971272391,2016-06-08
2016-06-13,3.14,3.22,3.11,3.15,210869679.0,666762315.0,15803803650.0,0.0133429700640453,54088826.0,2.898581178301041,46580013.1,3.5270420716133284,2016-06-13
2016-06-14,3.13,3.15,3.06,3.09,98802749.0,306252138.0,15803803650.0,0.0062518334945271,88718607.6,0.1136643334785612,64158555.0,0.5399777784895561,2016-06-14
2016-06-15,3.06,3.18,3.05,3.16,128242793.0,400523812.0,15803803650.0,0.0081146789621117,100365116.2,0.27776261170711414,71458326.1,0.7946515122749287,2016-06-15
2016-06-16,3.17,3.48,3.15,3.48,562083577.0,1884812019.0,15803803650.0,0.0355663477886856,104539351.4,4.376765490435212,81460877.3,5.900043255487994,2016-06-16
2016-06-17,3.35,3.49,3.35,3.42,449439795.0,1539170568.0,15803803650.0,0.0284387103860278,208064658.2,1.160096764573927,131877523.1,2.4080090711075846,2016-06-17
2016-06-20,3.42,3.43,3.34,3.38,150420366.0,506563838.0,15803803650.0,0.0095179849947072,289887718.6,-0.48110817965504526,171988272.3,-0.12540335461001084,2016-06-20
2016-06-21,3.38,3.38,3.23,3.27,257176477.0,846186735.0,15803803650.0,0.0162730746784493,277797856.0,-0.07423159882126662,183258231.8,0.40335566088333263,2016-06-21
2016-06-22,3.23,3.29,3.2,3.27,98108715.0,319292027.0,15803803650.0,0.0062079178641276,309472601.6,-0.6829809343613312,204918858.9,-0.521231400923051,2016-06-22
2016-06-23,3.26,3.29,3.23,3.27,102096693.0,333231806.0,15803803650.0,0.0064602607866492,303445786.0,-0.663542228264788,203992568.7,-0.4995077828048351,2016-06-23
2016-06-24,3.32,3.59,3.25,3.51,640612493.0,2214426270.0,15803803650.0,0.0405353361246044,211448409.2,2.0296396904744367,209756533.7,2.0540764652233574,2016-06-24
2016-06-27,3.48,3.52,3.41,3.44,312238561.0,1074371748.0,15803803650.0,0.0197571779500057,249682948.8,0.25054018506529263,269785333.7,0.1573592853168504,2016-06-27
2016-06-28,3.43,3.44,3.37,3.4,178128298.0,606414937.0,15803803650.0,0.0112712295055627,282046587.8,-0.3684437050296412,279922221.9,-0.3636507427279748,2016-06-28
2016-06-29,3.37,3.4,3.35,3.39,147393602.0,497442346.0,15803803650.0,0.0093264637592482,266236952.0,-0.44638187564587206,287854776.8,-0.4879584642001328,2016-06-29
2016-06-30,3.37,3.43,3.36,3.37,115735058.0,391540192.0,15803803650.0,0.0073232406933883,276093929.4,-0.5808127391590523,289769857.7,-0.6005966289294968,2016-06-30
2016-07-01,3.39,3.5,3.37,3.41,276661384.0,948770329.0,15803803650.0,0.0175059998293512,278821602.4,-0.0077476722800728925,245135005.8,0.12860822589215037,2016-07-01
2016-07-04,3.46,3.62,3.42,3.51,467692328.0,1645884930.0,15803803650.0,0.0295936559550966,206031380.6,1.270005310055181,227857164.7,1.052568013894891,2016-07-04
2016-07-05,3.51,3.51,3.44,3.48,192994782.0,668216273.0,15803803650.0,0.0122119197551533,237122134.0,-0.18609545745737932,259584360.9,-0.25652384708049647,2016-07-05
2016-07-06,3.52,3.81,3.51,3.68,932497664.0,3427297338.0,15803803650.0,0.0590046348747189,240095430.8,2.88386259952099,253166191.4,2.6833419930335927,2016-07-06
2016-07-11,3.78,4.05,3.73,4.05,1045503062.0,4164745672.0,15803803650.0,0.0661551538575335,397116243.2,1.6327380959671611,336605086.3,2.1060227683790647,2016-07-11
2016-07-12,3.97,4.0,3.85,3.93,612313542.0,2409567173.0,15803803650.0,0.0387446943508438,583069844.0,0.050154708395449,430945723.2,0.42086000402381996,2016-07-12
2016-07-13,3.8,3.94,3.78,3.93,427065430.0,1644745846.0,15803803650.0,0.0270229521612665,650200275.6,-0.3431786389110537,428115828.1,-0.002453537176286491,2016-07-13
2016-07-14,3.94,3.97,3.81,3.84,274462547.0,1065071012.0,15803803650.0,0.0173668664252228,642074896.0,-0.5725381124385215,439598515.0,-0.37565178763172113,2016-07-14
2016-07-15,3.81,3.9,3.78,3.85,211468928.0,812624783.0,15803803650.0,0.0133808880876598,658368449.0,-0.6787985081587651,449231939.9,-0.5292655993091822,2016-07-15
2016-07-18,3.8,3.92,3.75,3.83,228394358.0,876388434.0,15803803650.0,0.0144518600115612,514162701.8,-0.5557936092983242,455639472.5,-0.49873886749353136,2016-07-18
2016-07-19,3.76,3.85,3.75,3.79,199912947.0,758694069.0,15803803650.0,0.0126496729159248,350740961.0,-0.43002680260090864,466905402.5,-0.5718341532790467,2016-07-19
2016-07-20,3.8,3.85,3.72,3.73,182761563.0,691048281.0,15803803650.0,0.0115644035478762,268260842.0,-0.31871695608858186,459230558.8,-0.6020265648750203,2016-07-20
2016-07-21,3.68,3.7,3.65,3.68,177268247.0,651117006.0,15803803650.0,0.0112168089990158,219400068.6,-0.1920319436035035,430737482.3,-0.5884540949316869,2016-07-21
2016-07-22,3.68,3.68,3.54,3.56,175365810.0,632962306.0,15803803650.0,0.0110964305735347,199961208.6,-0.12300084987583937,429164828.8,-0.5913788870109759,2016-07-22
2016-07-25,3.51,3.53,3.46,3.48,172871148.0,604110301.0,15803803650.0,0.0109385785744054,192740585.0,-0.10308901469817577,353451643.4,-0.5109058021711832,2016-07-25
2016-07-26,3.49,3.58,3.49,3.57,179827357.0,636622648.0,15803803650.0,0.0113787390037587,181635943.0,-0.009957203239228885,266188452.0,-0.32443591880537326,2016-07-26
2016-07-27,3.56,3.56,3.37,3.5,211580648.0,735435002.0,15803803650.0,0.0133879572719191,177618825.0,0.1912062136431767,222939833.5,-0.050951798616105104,2016-07-27
2016-07-28,3.54,3.56,3.5,3.54,177970324.0,628781347.0,15803803650.0,0.0112612335575303,183382642.0,-0.029513796622038013,201391355.3,-0.1162961104517678,2016-07-28
2016-07-29,3.52,3.55,3.42,3.47,147770754.0,514567091.0,15803803650.0,0.0093503283938863,183523057.4,-0.1948109622110077,191742133.0,-0.22932559637270755,2016-07-29
2016-08-01,3.52,3.65,3.51,3.56,240097718.0,856868567.0,15803803650.0,0.0151924007231006,178004046.2,0.34883292332711036,185372315.6,0.2952188530572577,2016-08-01
2016-08-02,3.56,3.58,3.51,3.58,103446535.0,366631666.0,15803803650.0,0.0065456732626515,191449360.2,-0.459666332172992,186542651.6,-0.4454537119917298,2016-08-02
2016-08-03,3.64,3.67,3.61,3.62,172364609.0,627372430.0,15803803650.0,0.0109065268600701,176173195.8,-0.021618423748886895,176896010.4,-0.025616187667282797,2016-08-03
2016-08-04,3.58,3.58,3.51,3.56,121183213.0,429373661.0,15803803650.0,0.0076679776390413,168329988.0,-0.2800854176975287,175856315.0,-0.31089643837925296,2016-08-04
2016-08-05,3.56,3.57,3.53,3.56,73755778.0,261804239.0,15803803650.0,0.0046669637027539,156972565.8,-0.5301358704044322,170247811.6,-0.566774002515284,2016-08-05
2016-08-08,3.45,3.48,3.42,3.48,145205929.0,502471049.0,15803803650.0,0.0091880367673386,142169570.6,0.021357301616552915,160086808.4,-0.09295506324804714,2016-08-08
2016-08-09,3.47,3.48,3.45,3.48,75598956.0,262162390.0,15803803650.0,0.0047835924612996,123191212.8,-0.38632834045773756,157320286.5,-0.519458312199298,2016-08-09
2016-08-10,3.5,3.57,3.5,3.55,200535816.0,709816438.0,15803803650.0,0.0126890855164478,117621697.0,0.7049219754073095,146897446.4,0.3651416067093729,2016-08-10
2016-08-11,3.5,3.52,3.48,3.5,90658751.0,317355565.0,15803803650.0,0.005736514639626,123255938.4,-0.26446747980785323,145792963.2,-0.3781678552233445,2016-08-11
2016-08-12,3.48,3.52,3.46,3.52,62746131.0,219382749.0,15803803650.0,0.0039703183100481,117151046.0,-0.4643997374125025,137061805.9,-0.5422055722381227,2016-08-12
2016-08-15,3.51,3.56,3.49,3.54,181238091.0,640002913.0,15803803650.0,0.0114680044762515,114949116.6,0.5766810251415191,128559343.6,0.4097621061593535,2016-08-15
2016-08-16,3.54,3.57,3.46,3.55,277923240.0,976226605.0,15803803650.0,0.0175858449114558,122155549.0,1.2751585357780186,122673380.9,1.265554580472152,2016-08-16
2016-08-17,3.52,3.52,3.48,3.49,155382164.0,542509433.0,15803803650.0,0.0098319472603672,162620405.8,-0.04451004635237488,140121051.4,0.10891377453652185,2016-08-17
2016-08-18,3.51,3.52,3.48,3.49,100188935.0,350255418.0,15803803650.0,0.0063395456700703,153589675.4,-0.3476844407732892,138422806.9,-0.27621078315238246,2016-08-18
2016-08-19,3.48,3.49,3.45,3.47,80914985.0,280392154.0,15803803650.0,0.0051199690145479,155495712.2,-0.4796320499440755,136323379.1,-0.4064482150149401,2016-08-19
2016-08-22,3.44,3.45,3.42,3.43,104213932.0,357553810.0,15803803650.0,0.0065942310033698,159129483.0,-0.34509978895614213,137039299.8,-0.23953251255593477,2016-08-22
2016-08-23,3.42,3.44,3.41,3.44,79267891.0,271601284.0,15803803650.0,0.0050157476488263,143724651.2,-0.44847393722532125,132940100.1,-0.4037322753603072,2016-08-23
2016-08-24,3.44,3.44,3.4,3.41,70957191.0,242207298.0,15803803650.0,0.0044898805737819,103993581.4,-0.3176772061818808,133306993.6,-0.46771591584374306,2016-08-24
2016-08-25,3.38,3.38,3.32,3.36,120739639.0,403782447.0,15803803650.0,0.0076399100921505,87108586.8,0.38608194020201925,120349131.1,0.0032447920182783196,2016-08-25
2016-08-26,3.35,3.38,3.35,3.37,55424504.0,186556235.0,15803803650.0,0.0035070357255419,91218727.6,-0.39239994397817046,123357219.9,-0.5506991480115223,2016-08-26
2016-08-29,3.35,3.35,3.32,3.34,85714002.0,285504292.0,15803803650.0,0.0054236311648936,86120631.4,-0.004721625856542455,122625057.2,-0.3010074453200745,2016-08-29
2016-08-30,3.34,3.36,3.33,3.34,80682429.0,269617597.0,15803803650.0,0.0051052538228668,82420645.4,-0.02108957520975696,113072648.3,-0.28645494544413175,2016-08-30
2016-08-31,3.32,3.34,3.31,3.34,63987384.0,212694221.0,15803803650.0,0.0040488597186538,82703553.0,-0.22630429190871637,93348567.2,-0.3145327676759456,2016-08-31
2016-09-01,3.33,3.37,3.32,3.33,87232488.0,291695108.0,15803803650.0,0.0055197147428492,81309591.6,0.07284376029260486,84209089.2,0.03590347346970235,2016-09-01
2016-09-02,3.33,3.37,3.33,3.34,76484956.0,256061470.0,15803803650.0,0.0048396549143408,74608161.4,0.02515535250812384,82913444.5,-0.07753252248493914,2016-09-02
2016-09-05,3.36,3.37,3.34,3.36,60374303.0,202537950.0,15803803650.0,0.0038202387436014,78820251.8,-0.23402549952270002,82470441.6,-0.2679279772402722,2016-09-05
2016-09-06,3.35,3.36,3.32,3.36,69808167.0,232876256.0,15803803650.0,0.0044171750387445,73752312.0,-0.053478255705393996,78086478.7,-0.10601466268961113,2016-09-06
2016-09-07,3.39,3.42,3.38,3.39,140925243.0,479846429.0,15803803650.0,0.008917172480816,71577459.6,0.9688494644478833,77140506.3,0.8268643772176021,2016-09-07
2016-09-08,3.37,3.38,3.34,3.37,65789020.0,221067969.0,15803803650.0,0.0041628598694973,86965031.4,-0.24350030189260652,84137311.5,-0.21807556211253554,2016-09-08
2016-09-09,3.34,3.35,3.33,3.34,58047556.0,193792063.0,15803803650.0,0.0036730117182897,82676337.8,-0.29789396162634574,78642249.6,-0.2618782359959346,2016-09-09
2016-09-12,3.3,3.3,3.19,3.22,159933998.0,516884511.0,15803803650.0,0.0101199686823494,78988857.8,1.0247665614427963,78904554.8,1.0269298572862615,2016-09-12
2016-09-13,3.23,3.24,3.2,3.22,55898334.0,179826095.0,15803803650.0,0.0035370177482558,98900796.8,-0.43480400756488136,86326554.4,-0.3524781060878297,2016-09-13
2016-09-14,3.19,3.24,3.15,3.24,103682449.0,330349263.0,15803803650.0,0.0065606009348262,96118830.2,0.07869029184252385,83848144.9,0.23655030321368486,2016-09-14
2016-09-19,3.2,3.23,3.2,3.22,44964817.0,144701262.0,15803803650.0,0.0028451895503017,88670271.4,-0.49289861990881423,87817651.4,-0.4879751817184216,2016-09-19
2016-09-20,3.22,3.24,3.21,3.22,45631359.0,147160913.0,15803803650.0,0.0028873655994833,84505430.8,-0.46001862166709406,83590884.3,-0.45411082342144815,2016-09-20
2016-09-21,3.22,3.25,3.21,3.25,53908996.0,174172720.0,15803803650.0,0.0034111405832354,82022191.4,-0.34275108870110005,80505524.6,-0.3303689868757156,2016-09-21
2016-09-22,3.28,3.31,3.25,3.26,94790911.0,310888272.0,15803803650.0,0.0059979808088795,60817191.0,0.5586203414097175,79858993.9,0.1869785276621172,2016-09-22
2016-09-23,3.27,3.28,3.22,3.23,45503295.0,147610453.0,15803803650.0,0.0028792622338104,68595706.4,-0.3366451431426618,82357268.3,-0.44748902022531023,2016-09-23
2016-09-26,3.22,3.23,3.16,3.17,61056612.0,194823285.0,15803803650.0,0.0038634124639988,56959875.6,0.07192319780979295,72815073.5,-0.16148389248003714,2016-09-26
2016-09-27,3.18,3.21,3.17,3.21,56337165.0,179564026.0,15803803650.0,0.0035647851775227,60178234.6,-0.06382822004552458,72341832.7,-0.22123669117384692,2016-09-27
2016-09-28,3.19,3.19,3.17,3.18,38678891.0,122976280.0,15803803650.0,0.0024474418852957,62319395.8,-0.3793442554524894,72170793.6,-0.46406449104087444,2016-09-28
2016-09-29,3.18,3.19,3.17,3.18,36188342.0,115119802.0,15803803650.0,0.0022898501399693,59273374.8,-0.38946715752044536,60045282.9,-0.39731582145647615,2016-09-29
2016-09-30,3.18,3.21,3.17,3.21,43361477.0,138541085.0,15803803650.0,0.0027437367585872,47552861.0,-0.0881415736479031,58074283.7,-0.2533446090528363,2016-09-30
2016-10-10,3.12,3.18,3.1,3.18,105657856.0,332301931.0,15803803650.0,0.0066855966031949,47124497.4,1.242100432459997,52042186.5,1.0302347596406234,2016-10-10
2016-10-11,3.17,3.19,3.15,3.19,74291433.0,235440012.0,15803803650.0,0.0047008577583789,56044746.2,0.325573546802858,58111490.4,0.27842931731105636,2016-10-11
2016-10-12,3.17,3.18,3.16,3.18,42980449.0,136181145.0,15803803650.0,0.002719626866536,59635599.8,-0.27928202040151184,60977497.8,-0.29514246155243185,2016-10-12
2016-10-13,3.17,3.19,3.16,3.18,67334564.0,213992831.0,15803803650.0,0.0042606555669273,60495911.4,0.11304321964475772,59884643.1,0.1244045303494512,2016-10-13
2016-10-14,3.17,3.18,3.15,3.17,58885773.0,186114368.0,15803803650.0,0.0037260506586969,66725155.8,-0.11748766572381686,57139008.4,0.030570439510812397,2016-10-14
2016-10-17,3.17,3.27,3.16,3.24,150963549.0,484606310.0,15803803650.0,0.0095523553913554,69830015.0,1.1618719257041548,58477256.2,1.5815771602498683,2016-10-17
2016-10-18,3.21,3.25,3.2,3.25,99447985.0,321360138.0,15803803650.0,0.0062926613872477,78891153.6,0.2605720725574485,67467949.9,0.47400336229869633,2016-10-18
2016-10-19,3.25,3.29,3.23,3.25,106341843.0,346119088.0,15803803650.0,0.0067288765005632,83922464.0,0.2671439556398154,71779031.9,0.481516818841353,2016-10-19
2016-10-20,3.25,3.26,3.23,3.24,60592583.0,196750813.0,15803803650.0,0.0038340506084432,96594742.8,-0.3727134495770923,78545327.1,-0.2285653999141598,2016-10-20
2016-10-21,3.23,3.24,3.21,3.24,66354809.0,214015489.0,15803803650.0,0.0041986606812847,95246346.6,-0.30333486407971044,80985751.2,-0.18066069627319825,2016-10-21
2016-10-24,3.23,3.27,3.22,3.27,94130954.0,305909949.0,15803803650.0,0.0059562214315412,96740153.8,-0.026971218232650696,83285084.4,0.13022583429116374,2016-10-24
2016-10-25,3.26,3.32,3.25,3.3,117685802.0,387081823.0,15803803650.0,0.0074466757880783,85373634.8,0.37847946003114297,82132394.2,0.4328792329299953,2016-10-25
2016-10-26,3.32,3.32,3.27,3.28,97827563.0,322256123.0,15803803650.0,0.0061901277165007,89021198.2,0.09892435709767833,86471831.1,0.13132290314134454,2016-10-26
2016-10-27,3.27,3.27,3.24,3.25,54930309.0,178831433.0,15803803650.0,0.0034757650889948,87318342.2,-0.3709190117904002,91956542.5,-0.40264925684869024,2016-10-27
2016-10-28,3.26,3.27,3.23,3.24,65178097.0,211909356.0,15803803650.0,0.0041242031629518,86185887.4,-0.2437497719609255,90716117.0,-0.2815157972425121,2016-10-28
2016-10-31,3.25,3.29,3.25,3.28,105435970.0,345733215.0,15803803650.0,0.0066715565654348,85950545.0,0.22670507790264738,91345349.4,0.1542565734605421,2016-10-31
2016-11-01,3.28,3.3,3.25,3.29,85874041.0,281230264.0,15803803650.0,0.0054337577776727,88211548.2,-0.026498879655759255,86792591.5,-0.010583282330036248,2016-11-01
2016-11-02,3.32,3.46,3.31,3.43,427629920.0,1449425966.0,15803803650.0,0.0270586707776516,81849196.0,4.224607459797162,85435197.1,4.005313202466996,2016-11-02
2016-11-03,3.44,3.44,3.36,3.39,221493301.0,750964521.0,15803803650.0,0.0140151893749958,147809667.4,0.4985034801587003,117564004.8,0.8840231019418283,2016-11-03
2016-11-04,3.37,3.39,3.33,3.34,151398590.0,506883749.0,15803803650.0,0.0095798830049372,181122265.8,-0.16410834785393902,133654076.6,0.13276447566283966,2016-11-04
2016-11-07,3.3,3.36,3.29,3.35,137382215.0,456834700.0,15803803650.0,0.0086929841728323,198366364.4,-0.30743190552722555,142158454.7,-0.033597999570826764,2016-11-07
2016-11-08,3.31,3.37,3.31,3.37,153773604.0,512468135.0,15803803650.0,0.0097301641684215,204755613.4,-0.24898955663991584,146483580.8,0.049766828201403435,2016-11-08
2016-11-09,3.35,3.65,3.33,3.59,772258694.0,2710511491.0,15803803650.0,0.0488653688126528,218335526.0,2.537027199137533,150092361.0,4.145223173616411,2016-11-09
2016-11-10,3.4,3.53,3.4,3.48,439591529.0,1525348370.0,15803803650.0,0.0278155524287344,287261280.8,0.5302846515749433,217535474.1,1.0207808901913715,2016-11-10
2016-11-11,3.44,3.64,3.4,3.58,576321061.0,2037324965.0,15803803650.0,0.0364672374931714,330880926.4,0.7417778270582116,256001596.1,1.2512401085768077,2016-11-11
2016-11-14,3.48,3.78,3.46,3.62,815498786.0,2970823086.0,15803803650.0,0.0516014248253457,415865420.6,0.9609680093704813,307115892.5,1.6553454442283542,2016-11-14
2016-11-15,3.64,3.73,3.6,3.63,422443899.0,1544399838.0,15803803650.0,0.0267305205984383,551488734.8,-0.2339936025108449,378122174.1,0.1172153550780084,2016-11-15
2016-11-16,3.6,3.64,3.52,3.59,269822435.0,967238143.0,15803803650.0,0.0170732591327784,605222793.8,-0.5541766804487461,411779159.9,-0.3447399449123991,2016-11-16
2016-11-17,3.56,3.59,3.53,3.58,129613405.0,461757298.0,15803803650.0,0.0082014056786892,504735542.0,-0.743205314041467,395998411.4,-0.6726921086835451,2016-11-17
2016-11-18,3.57,3.63,3.49,3.5,234488254.0,831445469.0,15803803650.0,0.0148374568042674,442739917.2,-0.4703701995452241,386810421.8,-0.39379023732395213,2016-11-18
2016-11-21,3.5,3.52,3.44,3.5,222565321.0,774329811.0,15803803650.0,0.0140830224121393,374373355.8,-0.4054990357836785,395119388.2,-0.43671374362590687,2016-11-21
2016-11-22,3.51,3.55,3.47,3.54,176891129.0,621818669.0,15803803650.0,0.0111929465157585,255786662.8,-0.30844271916432386,403637698.8,-0.5617576615715261,2016-11-22
2016-11-23,3.52,3.54,3.49,3.51,141084054.0,495340008.0,15803803650.0,0.008927221390782,206676108.8,-0.3173664105679157,405949451.3,-0.6524590597469789,2016-11-23
2016-11-24,3.48,3.59,3.47,3.52,247751339.0,876049294.0,15803803650.0,0.0156766905288651,180928432.6,0.369333362588363,342831987.3,-0.27733890600120203,2016-11-24
2016-11-25,3.51,3.55,3.45,3.51,211991665.0,741693941.0,15803803650.0,0.0134139647451264,204556019.4,0.0363501676548561,323647968.3,-0.3449930610919272,2016-11-25
2016-11-28,3.56,3.8,3.56,3.7,570817774.0,2093795323.0,15803803650.0,0.0361190120202486,200056701.6,1.8532799423101158,287215028.7,0.987423069689807,2016-11-28
2016-11-29,3.68,3.69,3.62,3.66,246067068.0,898122032.0,15803803650.0,0.0155701167547725,269707192.2,-0.08765107080448109,262746927.5,-0.06348260532941907,2016-11-29
2016-11-30,3.63,3.67,3.53,3.56,241377750.0,866768277.0,15803803650.0,0.0152733959080793,283542380.0,-0.14870662368002974,245109244.4,-0.015223801163168238,2016-11-30
2016-12-01,3.53,3.66,3.52,3.65,188884714.0,680271224.0,15803803650.0,0.0119518514772233,303601119.2,-0.37785237914234937,242264775.9,-0.22033769334273245,2016-12-01
2016-12-02,3.64,3.66,3.55,3.57,202560619.0,728479375.0,15803803650.0,0.0128172067614874,291827794.2,-0.3058899014218708,248191906.8,-0.18385485807468727,2016-12-02
2016-12-05,3.53,3.54,3.48,3.5,163266262.0,572540729.0,15803803650.0,0.0103308207072036,289941585.0,-0.43689946373163413,244999143.3,-0.3336047636702083,2016-12-05
2016-12-06,3.51,3.54,3.45,3.47,125910993.0,438338891.0,15803803650.0,0.0079671322036451,208431282.6,-0.3959112498403826,239069237.4,-0.47332833630396653,2016-12-06
2016-12-07,3.47,3.48,3.41,3.48,181125727.0,625511028.0,15803803650.0,0.0114608945423084,184400067.6,-0.01775672125621275,233971223.8,-0.22586323198947178,2016-12-07
2016-12-08,3.49,3.57,3.48,3.52,218171716.0,771265777.0,15803803650.0,0.0138050130735457,172349663.0,0.26586679777842104,237975391.1,-0.08321732347391442,2016-12-08
2016-12-09,3.5,3.54,3.47,3.52,124494395.0,436320368.0,15803803650.0,0.0078774956812374,178207063.4,-0.3014059452819646,235017428.8,-0.47027590406520525,2016-12-09
2016-12-12,3.49,3.53,3.4,3.41,152726171.0,529430792.0,15803803650.0,0.0096638868959878,162593818.6,-0.0606889467567987,226267701.8,-0.32502001043438367,2016-12-12
2016-12-13,3.4,3.44,3.37,3.44,97684662.0,333231940.0,15803803650.0,0.0061810855262049,160485800.4,-0.3913189717935943,184458541.5,-0.47042483798452894,2016-12-13
2016-12-14,3.42,3.6,3.41,3.55,277689481.0,980341637.0,15803803650.0,0.0175710535988594,154840534.2,0.7933900992702725,169620300.9,0.6371240914359206,2016-12-14
2016-12-15,3.42,3.52,3.42,3.48,194086096.0,673244010.0,15803803650.0,0.0122809736376343,174153285.0,0.11445555563307352,173251474.0,0.12025653530659142,2016-12-15
2016-12-16,3.46,3.48,3.41,3.46,120906156.0,416631342.0,15803803650.0,0.007650446606251,169336161.0,-0.28599919068674295,173771612.2,-0.30422377700654146,2016-12-16
2016-12-19,3.47,3.48,3.42,3.46,69879631.0,240668228.0,15803803650.0,0.0044216969881171,168618513.2,-0.5855755713068402,165606165.9,-0.578037263164487,2016-12-19
2016-12-20,3.44,3.45,3.37,3.39,126043869.0,428929326.0,15803803650.0,0.0079755400529795,152049205.2,-0.17103237182853748,156267502.8,-0.1934095909799104,2016-12-20
2016-12-21,3.38,3.43,3.36,3.42,94281877.0,320832394.0,15803803650.0,0.0059657712211578,157721046.6,-0.40222386908761487,156280790.4,-0.39671486969904657,2016-12-21
2016-12-22,3.41,3.41,3.37,3.39,76783248.0,259703772.0,15803803650.0,0.0048585296110028,121039525.8,-0.3656349238605493,147596405.4,-0.4797756233160947,2016-12-22
2016-12-23,3.39,3.39,3.33,3.34,77726640.0,260945455.0,15803803650.0,0.0049182235948622,97578956.2,-0.20344874523263246,133457558.6,-0.4175928226518598,2016-12-23
2016-12-26,3.33,3.34,3.24,3.3,102474643.0,336124455.0,15803803650.0,0.0064841759154607,88943053.0,0.15213768297339647,128780783.1,-0.20427069526027752,2016-12-26
2016-12-27,3.29,3.33,3.26,3.3,96052298.0,316192317.0,15803803650.0,0.006077796214584,95462055.4,0.006183007452822853,123755630.3,-0.22385512669478924,2016-12-27
2016-12-28,3.31,3.32,3.28,3.3,75457656.0,248992493.0,15803803650.0,0.0047746515757299,89463741.2,-0.15655599701211698,123592393.9,-0.3894635938433749,2016-12-28
2016-12-29,3.32,3.36,3.31,3.34,101348457.0,337728940.0,15803803650.0,0.0064129154755728,85698897.0,0.1826109850632034,103369211.4,-0.019548900225043297,2016-12-29
2016-12-30,3.37,3.39,3.32,3.34,72380384.0,241769684.0,15803803650.0,0.0045799344007921,90611938.8,-0.20120477545724913,94095447.5,-0.23077698312662787,2016-12-30
2017-01-03,3.33,3.38,3.32,3.36,68200156.0,229097719.0,15803803650.0,0.0043154266852714,89542687.6,-0.238350357489158,89242870.3,-0.2357915453555285,2017-01-03
2017-01-04,3.36,3.38,3.34,3.37,71716774.0,240888466.0,15803803650.0,0.0045379438765679,82687790.2,-0.13268000237355482,89074922.8,-0.1948713313956416,2017-01-04
2017-01-05,3.38,3.42,3.37,3.41,106678038.0,363227531.0,15803803650.0,0.0067501495439042,77820685.4,0.37081853560750044,83642213.3,0.2754090762445187,2017-01-05
2017-01-06,3.41,3.42,3.36,3.38,83070256.0,281229352.0,15803803650.0,0.0052563457405394,84064761.8,-0.01183023396135996,84881829.4,-0.021342299203556125,2017-01-06
2017-01-09,3.37,3.39,3.34,3.37,74292309.0,249414045.0,15803803650.0,0.0047009131880729,80409121.6,-0.07607112822881523,85510530.2,-0.1311911079695306,2017-01-09
2017-01-10,3.38,3.42,3.36,3.4,89850694.0,304879802.0,15803803650.0,0.0056853841005548,80791506.6,0.11213044268195405,85167097.1,0.054993032045000945,2017-01-10
2017-01-11,3.4,3.45,3.39,3.41,127231420.0,435148803.0,15803803650.0,0.0080506834188616,85121614.2,0.494701682948113,83904702.2,0.5163800915081491,2017-01-11
2017-01-12,3.41,3.44,3.38,3.4,65327833.0,222560419.0,15803803650.0,0.0041336778440676,96224543.4,-0.32108970651660174,87022614.4,-0.24930050136484982,2017-01-12
2017-01-13,3.4,3.44,3.38,3.41,93620581.0,319232565.0,15803803650.0,0.005923927117381,87954502.4,0.06442056342075331,86009632.1,0.08848949488763136,2017-01-13
2017-01-16,3.41,3.48,3.36,3.45,208386617.0,711104710.0,15803803650.0,0.0131858520654298,90064567.4,1.3137469375109658,85236844.5,1.4447950674663934,2017-01-16
2017-01-17,3.43,3.5,3.41,3.49,115334243.0,399180006.0,15803803650.0,0.0072978787609778,116883429.0,-0.013254111495993204,98837467.8,0.1669081125528391,2017-01-17
2017-01-18,3.49,3.54,3.47,3.49,124184194.0,435343029.0,15803803650.0,0.0078578674318065,121980138.8,0.018068967798223312,103550876.5,0.19925777740761075,2017-01-18
2017-01-19,3.46,3.47,3.42,3.42,72496805.0,249288572.0,15803803650.0,0.0045873010450873,121370693.6,-0.4026827823945137,108797618.5,-0.3336544861963132,2017-01-19
2017-01-20,3.42,3.45,3.39,3.44,61454964.0,210973035.0,15803803650.0,0.0038886185478519,122804488.0,-0.4995706997288243,105379495.2,-0.4168223724799168,2017-01-20
2017-01-23,3.46,3.53,3.45,3.51,108756480.0,380308739.0,15803803650.0,0.0068816648452855,116371364.6,-0.06543606862542539,103217966.0,0.05365842996751158,2017-01-23
2017-01-24,3.52,3.52,3.48,3.49,82270141.0,288187292.0,15803803650.0,0.0052057177387166,96445337.2,-0.14697648026886678,106664383.1,-0.22870091581676244,2017-01-24
2017-01-25,3.48,3.53,3.48,3.51,85767064.0,301302062.0,15803803650.0,0.0054269887110372,89832516.8,-0.04525591561740594,105906327.8,-0.19016110008112275,2017-01-25
2017-01-26,3.5,3.59,3.48,3.58,192555703.0,682395176.0,15803803650.0,0.0121841366334616,82149090.8,1.343978504507076,101759892.2,0.8922553752469482,2017-01-26
2017-02-03,3.62,3.64,3.55,3.57,118628545.0,426080598.0,15803803650.0,0.0075063287058745,106160870.4,0.11744133740636697,114482679.2,0.036213913134905074,2017-02-03
2017-02-06,3.57,3.59,3.52,3.54,112262992.0,398370255.0,15803803650.0,0.0071035425702723,117595586.6,-0.0453468939964452,116983475.6,-0.04035171271659499,2017-02-06
2017-02-07,3.58,3.6,3.54,3.58,150379406.0,537238982.0,15803803650.0,0.0095153932135824,118296889.0,0.27120338726743687,107371113.1,0.40055739070101914,2017-02-07
2017-02-08,3.55,3.58,3.53,3.55,126882001.0,450703283.0,15803803650.0,0.0080285736149347,131918742.0,-0.038180632438110984,110875629.4,0.1443632986492882,2017-02-08
2017-02-09,3.57,3.58,3.55,3.58,126753361.0,452264335.0,15803803650.0,0.0080204338023397,140141729.4,-0.09553448824501243,111145410.1,0.14042820918972,2017-02-09
2017-02-10,3.54,3.57,3.53,3.55,146372377.0,518910978.0,15803803650.0,0.0092618448217685,126981261.0,0.15270848507324253,116571065.7,0.2556492996014532,2017-02-10
2017-02-13,3.61,3.69,3.6,3.6,232152006.0,843785431.0,15803803650.0,0.0146896285945693,132530027.4,0.7516936392031561,125062807.0,0.8562833472944518,2017-02-13
2017-02-14,3.6,3.63,3.57,3.63,111211725.0,399852683.0,15803803650.0,0.0070370226980135,156507830.2,-0.2894175016171171,137402359.6,-0.19061269891030308,2017-02-14
2017-02-15,3.6,3.62,3.55,3.55,108767911.0,390122906.0,15803803650.0,0.0068823881521712,148674294.0,-0.2684148141978061,140296518.0,-0.22472836424921105,2017-02-15
2017-02-16,3.56,3.66,3.55,3.62,168226530.0,608797531.0,15803803650.0,0.0106446861607268,145051476.0,0.15977123872907018,142596602.7,0.17973729257716742,2017-02-16
2017-02-17,3.62,3.64,3.55,3.57,98759019.0,354509048.0,15803803650.0,0.0062490664391416,153346109.8,-0.35597310470539245,140163685.4,-0.2954022383318412,2017-02-17
2017-02-20,3.55,3.63,3.54,3.62,135871591.0,488937334.0,15803803650.0,0.0085973980700525,143823438.2,-0.05528895220083807,138176732.8,-0.01668256119021516,2017-02-20
2017-02-21,3.62,3.65,3.62,3.64,96313423.0,349921991.0,15803803650.0,0.0060943191356341,124567355.2,-0.22681650545310772,140537592.7,-0.31467857710074465,2017-02-21
2017-02-22,3.64,3.65,3.62,3.63,76407950.0,277490185.0,15803803650.0,0.0048347822898951,121587694.8,-0.37158155580066143,135130994.4,-0.43456384422195893,2017-02-22
2017-02-23,3.64,3.68,3.61,3.64,125046688.0,456133606.0,15803803650.0,0.0079124425213926,115115702.6,0.0862695981147581,130083589.3,-0.03872049754395879,2017-02-23
2017-02-24,3.66,3.66,3.56,3.61,145993559.0,526025276.0,15803803650.0,0.0092378747694704,106479734.2,0.3710924439929715,129912922.0,0.12378011942491751,2017-02-24
2017-02-27,3.61,3.65,3.57,3.57,130474890.0,470576947.0,15803803650.0,0.0082559169228858,115926642.2,0.12549529188381858,129875040.2,0.0046186688302560786,2017-02-27
2017-02-28,3.56,3.58,3.54,3.57,75580748.0,268818964.0,15803803650.0,0.0047824403335965,114847302.0,-0.34190227646793125,119707328.6,-0.36862054408922795,2017-02-28
2017-03-01,3.55,3.59,3.53,3.57,89169381.0,317345110.0,15803803650.0,0.0056422734029601,110700767.0,-0.19450078426285877,116144230.9,-0.2322530330690752,2017-03-01
2017-03-02,3.56,3.57,3.53,3.53,76853145.0,272844209.0,15803803650.0,0.0048629524070301,113253053.2,-0.3214033279590206,114184377.9,-0.32693818179483203,2017-03-02
2017-03-03,3.5,3.5,3.43,3.45,144520454.0,499821555.0,15803803650.0,0.0091446627154216,103614344.6,0.39479195238764264,105047039.4,0.3757689395670869,2017-03-03
2017-03-06,3.46,3.47,3.44,3.47,71277967.0,246336294.0,15803803650.0,0.0045101779659227,103319723.6,-0.3101223607996566,109623182.9,-0.34979111977599775,2017-03-06
2017-03-07,3.46,3.46,3.44,3.46,69486916.0,239540735.0,15803803650.0,0.0043968475905482,91480339.0,-0.24041693811388254,103163820.5,-0.3264410365647519,2017-03-07
2017-03-08,3.44,3.44,3.42,3.44,63176685.0,216645812.0,15803803650.0,0.003997562004638,90261572.6,-0.30007108030377916,100481169.8,-0.37125846438941434,2017-03-08
2017-03-09,3.41,3.41,3.38,3.39,98834860.0,335124359.0,15803803650.0,0.0062538653471564,85063033.4,0.16190142826484233,99158043.3,-0.0032592746815527374,2017-03-09
2017-03-10,3.38,3.41,3.37,3.4,51034883.0,173161186.0,15803803650.0,0.0032292784781592,89459376.4,-0.4295189050747732,96536860.5,-0.4713430420704431,2017-03-10
2017-03-13,3.4,3.46,3.39,3.46,100126928.0,343823193.0,15803803650.0,0.0063356221209442,70762262.2,0.41497635727083915,87040992.9,0.15034220846991264,2017-03-13
2017-03-14,3.45,3.46,3.43,3.44,55696381.0,191752568.0,15803803650.0,0.0035242389891372,76532054.4,-0.27224766881470264,84006196.7,-0.3369967551453261,2017-03-14
2017-03-15,3.43,3.47,3.42,3.46,55938487.0,192850972.0,15803803650.0,0.0035395584657241,73773947.4,-0.24175824974223903,82017760.0,-0.3179710467586533,2017-03-15
2017-03-16,3.5,3.51,3.46,3.48,86167602.0,299955428.0,15803803650.0,0.0054523331160217,72326307.8,0.19137288520623197,78694670.6,0.09496108622125687,2017-03-16
2017-03-17,3.48,3.5,3.44,3.45,61361000.0,213085116.0,15803803650.0,0.003882672890586,69792856.2,-0.12081259686288637,79626116.3,-0.22938599982930474,2017-03-17
2017-03-20,3.45,3.52,3.45,3.5,99115773.0,345843224.0,15803803650.0,0.0062716403718417,71858079.6,0.3793267723230389,71310170.9,0.3899247715868255,2017-03-20
2017-03-21,3.49,3.5,3.45,3.47,64973674.0,225207835.0,15803803650.0,0.0041112681123445,71655848.6,-0.0932537222090758,74093951.5,-0.12309071544119221,2017-03-21
2017-03-22,3.49,3.5,3.44,3.46,92110439.0,319030833.0,15803803650.0,0.0058283715135881,73511307.2,0.25301048924892466,73642627.3,0.25077611129715915,2017-03-22
2017-03-23,3.46,3.48,3.42,3.46,90045247.0,310382646.0,15803803650.0,0.0056976946179662,80745697.6,0.11517083481114176,76536002.7,0.17650835977092383,2017-03-23
2017-03-24,3.44,3.45,3.4,3.42,125655432.0,429357734.0,15803803650.0,0.0079509613497381,81521226.6,0.5413829899365132,75657041.4,0.6608557468650895,2017-03-24
2017-03-27,3.43,3.48,3.42,3.47,125514511.0,433164286.0,15803803650.0,0.0079420444457369,94380113.0,0.3298830337276668,83119096.3,0.5100562516582607,2017-03-27
2017-03-28,3.45,3.46,3.43,3.44,64817253.0,223228890.0,15803803650.0,0.0041013704317947,99659860.6,-0.34961525523145265,85657854.6,-0.2433005320681939,2017-03-28
2017-03-29,3.44,3.47,3.44,3.46,75753919.0,261905580.0,15803803650.0,0.004793397885578,99628576.4,-0.23963664103906646,86569941.8,-0.1249397028010939,2017-03-29
2017-03-30,3.46,3.46,3.36,3.4,126224790.0,429396222.0,15803803650.0,0.0079869879932354,96357272.4,0.30996640789097296,88551485.0,0.42543956208074873,2017-03-30
2017-03-31,3.38,3.4,3.36,3.38,99857543.0,337061149.0,15803803650.0,0.0063185765409076,103593181.0,-0.03606065538232672,92557203.8,0.07887380884771278,2017-03-31
2017-04-05,3.39,3.42,3.39,3.42,123210632.0,419519988.0,15803803650.0,0.007796264413852,98433603.2,0.25171311416546827,96406858.1,0.27802766761880404,2017-04-05
2017-04-06,3.41,3.47,3.4,3.46,138195288.0,476278545.0,15803803650.0,0.0087444321038498,97972827.4,0.4105471044107072,98816344.0,0.3985063847332786,2017-04-06
2017-04-07,3.46,3.62,3.45,3.56,387706781.0,1380590722.0,15803803650.0,0.0245324979724105,112648434.4,2.441741406039461,106138505.4,2.652838143319097,2017-04-07
2017-04-10,3.5,3.52,3.48,3.51,143286724.0,500959469.0,15803803650.0,0.0090665973314595,175039006.8,-0.1814011824020474,135698139.6,0.05592253823353088,2017-04-10
2017-04-11,3.49,3.6,3.48,3.57,242283433.0,860595016.0,15803803650.0,0.0153307038207855,178451393.6,0.3576998650012224,141022287.3,0.7180506545365044,2017-04-11
2017-04-12,3.62,3.64,3.55,3.57,213761460.0,769407734.0,15803803650.0,0.0135259501278352,206936571.6,0.03298058118596958,152685087.4,0.40001531020507497,2017-04-12
2017-04-13,3.6,3.61,3.56,3.58,98934558.0,354118561.0,15803803650.0,0.0062601738284694,225046737.2,-0.5603821711395156,161509782.3,-0.3874392213826915,2017-04-13
2017-04-14,3.59,3.65,3.57,3.62,247270337.0,894840227.0,15803803650.0,0.0156462546913508,217194591.2,0.1384737328578558,164921512.8,0.49932130018637566,2017-04-14
2017-04-17,3.58,3.59,3.49,3.53,157567308.0,555898774.0,15803803650.0,0.0099702142275097,189107302.4,-0.16678358794038828,182073154.6,-0.13459340919224116,2017-04-17
2017-04-18,3.51,3.52,3.47,3.47,80474039.0,281157501.0,15803803650.0,0.005092067756739,191963419.2,-0.5807845091769442,185207406.4,-0.5654923279569235,2017-04-18
2017-04-19,3.5,3.55,3.44,3.49,170506485.0,594911779.0,15803803650.0,0.0107889523798278,159601540.4,0.06832606109358075,183269056.0,-0.06963843912635204,2017-04-19
2017-04-20,3.46,3.47,3.4,3.43,107461822.0,368713377.0,15803803650.0,0.0067997441869002,150950545.4,-0.2880991472058636,187998641.3,-0.4283904327344732,2017-04-20
2017-04-21,3.44,3.45,3.42,3.44,57359468.0,196997707.0,15803803650.0,0.0036294723264294,152655998.2,-0.6242567034617837,184925294.7,-0.6898235685223434,2017-04-21
2017-04-24,3.42,3.43,3.36,3.36,97540764.0,329993083.0,15803803650.0,0.0061719802498305,114673824.4,-0.14940689812731145,151890563.4,-0.3578220936403479,2017-04-24
2017-04-25,3.37,3.38,3.33,3.36,87296703.0,293040797.0,15803803650.0,0.0055237780051766,102668515.6,-0.14972275103196286,147315967.4,-0.4074185945983205,2017-04-25
2017-04-26,3.35,3.36,3.34,3.35,63032035.0,211106737.0,15803803650.0,0.003988409144782,104033048.4,-0.3941152742381815,131817294.4,-0.5218227222239209,2017-04-26
2017-04-27,3.35,3.36,3.28,3.35,84042353.0,279363407.0,15803803650.0,0.0053178560592911,82538158.4,0.018224232635653204,116744351.9,-0.2801163256960957,2017-04-27
2017-04-28,3.34,3.39,3.33,3.38,61427904.0,206687017.0,15803803650.0,0.0038869063018256,77854264.6,-0.21098857826729756,115255131.4,-0.4670267323125884,2017-04-28
2017-05-02,3.36,3.38,3.33,3.37,74337638.0,248917572.0,15803803650.0,0.0047037814216326,78667951.8,-0.05504546261747212,96670888.1,-0.23102353292645494,2017-05-02
2017-05-03,3.35,3.37,3.33,3.36,55269404.0,185119921.0,15803803650.0,0.0034972216324644,74027326.6,-0.25339186840228267,88347921.1,-0.37441194640628617,2017-05-03
2017-05-04,3.33,3.35,3.31,3.33,61721550.0,205285385.0,15803803650.0,0.0039054870186266,67621866.8,-0.0872545683698871,85827457.6,-0.2808647520743991,2017-05-04
2017-05-05,3.3,3.32,3.25,3.3,115237000.0,377589438.0,15803803650.0,0.007291725622015,67359769.8,0.710768910614656,74948964.1,0.5375395962277216,2017-05-05
2017-05-08,3.28,3.3,3.25,3.29,72756470.0,237585704.0,15803803650.0,0.0046037315833141,73598699.2,-0.01144353377375995,75726481.9,-0.03922025459893974,2017-05-08
2017-05-09,3.27,3.28,3.24,3.27,52688495.0,171691878.0,15803803650.0,0.0033339122762386,75864412.4,-0.30549129251543516,77266182.1,-0.318091129029656,2017-05-09
2017-05-10,3.26,3.28,3.22,3.23,57427780.0,187205305.0,15803803650.0,0.0036337948301452,71534583.8,-0.19720257042999667,72780955.2,-0.21095044930105566,2017-05-10
2017-05-11,3.22,3.22,3.14,3.2,83853376.0,266730910.0,15803803650.0,0.0053058983683336,71966259.0,0.16517625294375793,69794062.9,0.20143995801109882,2017-05-11
2017-05-12,3.19,3.21,3.17,3.2,58277711.0,186061288.0,15803803650.0,0.0036875749845196,76392624.2,-0.23712908660624332,71876197.0,-0.18919317614981768,2017-05-12
2017-05-15,3.19,3.24,3.18,3.21,52100420.0,166998036.0,15803803650.0,0.0032967012976018,65000766.4,-0.1984645276428617,69299732.8,-0.2481872888260256,2017-05-15
2017-05-16,3.21,3.25,3.18,3.25,58007906.0,186645611.0,15803803650.0,0.0036705028286022,60869556.4,-0.047012834810144954,68366984.4,-0.15152165172872545,2017-05-16
2017-05-17,3.25,3.27,3.24,3.24,52994998.0,172375530.0,15803803650.0,0.0033533065313678,61933438.6,-0.14432333811996678,66734011.2,-0.2058772274129388,2017-05-17
2017-05-18,3.29,3.32,3.26,3.27,83288592.0,274179647.0,15803803650.0,0.005270161148832,61046882.2,0.3643381774540486,66506570.6,0.25233629171671645,2017-05-18
2017-05-19,3.23,3.25,3.22,3.24,48323582.0,156382319.0,15803803650.0,0.0030577184499504,60933925.4,-0.2069511083886284,68663274.8,-0.29622375074950547,2017-05-19
2017-05-22,3.25,3.26,3.2,3.23,38530197.0,124469136.0,15803803650.0,0.0024380331376744,58943099.6,-0.34631539125913224,61971933.0,-0.3782637536899164,2017-05-22
2017-05-23,3.23,3.27,3.16,3.27,76899850.0,247403818.0,15803803650.0,0.004865907708237,56229055.0,0.3676176844871393,58549305.7,0.313420357092296,2017-05-23
2017-05-24,3.23,3.26,3.19,3.25,40707022.0,131332809.0,15803803650.0,0.0025757737125517,60007443.8,-0.3216337937061068,60970441.2,-0.33234824615308844,2017-05-24
2017-05-25,3.25,3.29,3.23,3.27,55886547.0,182298024.0,15803803650.0,0.0035362719151474,57549848.6,-0.02890192833626326,59298365.4,-0.057536466258140684,2017-05-25
2017-05-26,3.27,3.29,3.25,3.28,41373596.0,135230201.0,15803803650.0,0.0026179517865624,52069439.6,-0.2054149935579488,56501682.5,-0.26774577022551493,2017-05-26
2017-05-31,3.28,3.3,3.27,3.28,47092484.0,154486741.0,15803803650.0,0.0029798196081738,50679442.4,-0.07077738487509477,54811271.0,-0.14082481320310924,2017-05-31
2017-06-01,3.27,3.28,3.22,3.27,68817023.0,223891217.0,15803803650.0,0.0043544595038043,52391899.8,0.3135050124675953,54310477.4,0.26710399713776045,2017-06-01
2017-06-02,3.25,3.26,3.23,3.26,37102332.0,120323362.0,15803803650.0,0.0023476836856296,50775334.4,-0.26928433976005484,55391389.1,-0.33017870461746557,2017-06-02
2017-06-05,3.28,3.3,3.27,3.28,68072332.0,223605775.0,15803803650.0,0.0043073385058159,50054396.4,0.35996709371966373,53802122.5,0.2652350657727305,2017-06-05
2017-06-06,3.27,3.31,3.26,3.3,62333828.0,205197869.0,15803803650.0,0.0039442294640252,52491553.4,0.18750206390348523,52280496.5,0.1922960219017813,2017-06-06
2017-06-07,3.3,3.33,3.3,3.32,62959715.0,208692819.0,15803803650.0,0.0039838330312335,56683599.8,0.11072188820301432,53681521.1,0.17283776073923507,2017-06-07
2017-06-08,3.31,3.32,3.28,3.29,42844816.0,141130105.0,15803803650.0,0.0027110445655277,59857046.0,-0.28421432624657084,56124472.9,-0.2366108083306382,2017-06-08
2017-06-09,3.28,3.31,3.27,3.3,48223517.0,158350568.0,15803803650.0,0.0030513867463798,54662604.6,-0.11779694083585623,52718969.5,-0.08527201010634322,2017-06-09
2017-06-12,3.28,3.29,3.24,3.25,71804062.0,233959943.0,15803803650.0,0.0045434671038829,56886841.6,0.26222620170918387,53470619.0,0.3428694737945712,2017-06-12
2017-06-13,3.24,3.33,3.23,3.31,110969964.0,365180438.0,15803803650.0,0.0070217250516143,57633187.6,0.9254524800915227,55062370.5,1.0153502835479995,2017-06-13
2017-06-14,3.31,3.33,3.3,3.31,73225240.0,243109918.0,15803803650.0,0.0046333934299417,67360414.8,0.08706634627196519,62022007.3,0.1806331846986191,2017-06-14
2017-06-15,3.31,3.35,3.3,3.35,82003807.0,273561786.0,15803803650.0,0.0051888652134703,69413519.8,0.1813809072969672,64635282.9,0.2687158363160811,2017-06-15
2017-06-16,3.34,3.36,3.32,3.35,62151172.0,207729542.0,15803803650.0,0.0039326717400718,77245318.0,-0.19540531893466995,65953961.3,-0.05765823955141258,2017-06-16
2017-06-19,3.34,3.36,3.33,3.35,48645772.0,162465060.0,15803803650.0,0.0030781053142228,80030849.0,-0.39216223983829035,68458845.3,-0.28941582659151277,2017-06-19
2017-06-20,3.34,3.35,3.31,3.33,49698158.0,165225452.0,15803803650.0,0.0031446959922208,75399191.0,-0.3408661639353664,66516189.3,-0.25284117260758343,2017-06-20
2017-06-21,3.34,3.34,3.32,3.34,39578100.0,131844415.0,15803803650.0,0.0025043401497841,63144829.8,-0.3732170927476314,65252622.3,-0.3934634562571442,2017-06-21
2017-06-22,3.34,3.36,3.33,3.35,71678807.0,239830139.0,15803803650.0,0.0045355414802309,56415401.8,0.2705538685004989,62914460.8,0.1393057508330422,2017-06-22
2017-06-23,3.34,3.36,3.28,3.36,77749439.0,258819551.0,15803803650.0,0.0049196662222515,54350401.8,0.4305218807048452,65797859.9,0.18164084847385742,2017-06-23
2017-06-26,3.35,3.37,3.34,3.37,44362351.0,148976223.0,15803803650.0,0.0028070679680964,57470055.2,-0.228078851749563,68750452.1,-0.3547336832712987,2017-06-26
2017-06-27,3.35,3.37,3.32,3.36,53293381.0,178347483.0,15803803650.0,0.0033721869861373,56613371.0,-0.05864321345570467,66006281.0,-0.19260136773953374,2017-06-27
2017-06-28,3.35,3.38,3.34,3.37,53236135.0,179133440.0,15803803650.0,0.0033685646936014,57332415.6,-0.07144789831600962,60238622.7,-0.11624581350197438,2017-06-28
2017-06-29,3.37,3.4,3.36,3.39,67122050.0,227320875.0,15803803650.0,0.0042472085509617,60064022.6,0.11750840344149704,58239712.2,0.15251342193274087,2017-06-29
2017-06-30,3.37,3.44,3.37,3.43,78596350.0,267713787.0,15803803650.0,0.0049732552833886,59152671.2,0.32870330968248807,56751536.5,0.3849202126888671,2017-06-30
2017-07-03,3.43,3.45,3.39,3.44,76418222.0,261563139.0,15803803650.0,0.0048354322600053,59322053.4,0.28819246165878676,58396054.3,0.30861961336315846,2017-07-03
2017-07-04,3.41,3.46,3.41,3.45,84382858.0,290024803.0,15803803650.0,0.0053394018217886,65733227.6,0.28371694317958607,61173299.3,0.3794066850339066,2017-07-04
2017-07-05,3.44,3.48,3.43,3.47,64575573.0,223474934.0,15803803650.0,0.0040860779107439,71951123.0,-0.10250778156721752,64641769.3,-0.0010240483934278455,2017-07-05
2017-07-06,3.47,3.5,3.45,3.49,80725767.0,280315444.0,15803803650.0,0.005107996074097,74219010.6,0.08766967313897345,67141516.6,0.20232266245829789,2017-07-06
2017-07-07,3.48,3.52,3.45,3.51,120817513.0,421282267.0,15803803650.0,0.0076448376400829,76939754.0,0.5702872275884843,68046212.6,0.7755214931683061,2017-07-07
2017-07-10,3.49,3.55,3.49,3.54,106350999.0,374885012.0,15803803650.0,0.0067294558547619,85383986.6,0.24556141303432666,72353020.0,0.46989025475370627,2017-07-10
2017-07-11,3.54,3.54,3.46,3.47,101452764.0,355305888.0,15803803650.0,0.0064195155955382,91370542.0,0.11034433833171309,78551884.8,0.29153825217953266,2017-07-11
2017-07-12,3.47,3.5,3.45,3.47,62290249.0,216174550.0,15803803650.0,0.0039414719633016,94784523.2,-0.3428225738017956,83367823.1,-0.2528262501794891,2017-07-12
2017-07-13,3.47,3.64,3.46,3.55,169804393.0,605968173.0,15803803650.0,0.0107445268721748,94327458.4,0.80015867998835,84273234.5,1.014926732164291,2017-07-13
2017-07-14,3.54,3.57,3.51,3.55,80888332.0,286692705.0,15803803650.0,0.0051182825218155,112143183.6,-0.27870487172436575,94541468.8,-0.14441426575340022,2017-07-14
2017-07-17,3.57,3.61,3.46,3.58,170097887.0,604610739.0,15803803650.0,0.0107630979710381,104157347.4,0.6330858191574873,94770667.0,0.7948368665591432,2017-07-17
2017-07-18,3.55,3.61,3.54,3.6,105948989.0,379519665.0,15803803650.0,0.0067040183076433,116906725.0,-0.09373058735500461,104138633.5,0.017384091178803462,2017-07-18
2017-07-19,3.61,3.7,3.6,3.64,412481184.0,1510586532.0,15803803650.0,0.0261001207769371,117805970.0,2.50136061865116,106295246.6,2.8805233271832873,2017-07-19
2017-07-20,3.63,3.65,3.59,3.59,176336861.0,637293184.0,15803803650.0,0.0111578747056883,187844157.0,-0.06125980272040088,141085807.7,0.24985541688896618,2017-07-20
2017-07-21,3.6,3.6,3.51,3.54,190360360.0,673674385.0,15803803650.0,0.0120452243153501,189150650.6,0.00639548104203036,150646917.1,0.2636193535486562,2017-07-21
2017-07-24,3.54,3.57,3.53,3.56,111936875.0,397734316.0,15803803650.0,0.0070829072215156,211045056.2,-0.46960674172854655,157601201.8,-0.2897460569999284,2017-07-24
2017-07-25,3.56,3.56,3.51,3.56,83429038.0,294786780.0,15803803650.0,0.0052790479967776,199412853.8,-0.5816265781759752,158159789.4,-0.47250158642409024,2017-07-25
2017-07-26,3.61,3.7,3.61,3.67,334504981.0,1225610638.0,15803803650.0,0.0211661058570542,194908863.6,0.7162122584967963,156357416.8,1.13936113710469,2017-07-26
2017-07-27,3.67,3.71,3.62,3.66,185763332.0,680427969.0,15803803650.0,0.0117543432020556,179313623.0,0.03596887337444521,183578890.0,0.011899200392812004,2017-07-27
2017-07-28,3.65,3.66,3.62,3.65,73353019.0,266833477.0,15803803650.0,0.0046414787619814,181198917.2,-0.5951795952564334,185174783.9,-0.6038714480713916,2017-07-28
2017-07-31,3.66,3.75,3.65,3.73,254215302.0,945839759.0,15803803650.0,0.0160857036464129,157797449.0,0.6110228879555588,184421252.6,0.37844905842484233,2017-07-31
2017-08-01,3.73,3.8,3.71,3.76,190882553.0,715015125.0,15803803650.0,0.0120782665507236,186253134.4,0.024855520498558548,192832994.1,-0.010114664811917695,2017-08-01
2017-08-02,3.74,3.8,3.7,3.74,174631668.0,654936869.0,15803803650.0,0.0110499770730826,207743837.4,-0.15938941830675935,201326350.5,-0.13259408136939332,2017-08-02
2017-08-03,3.72,3.78,3.71,3.76,130941092.0,490512763.0,15803803650.0,0.0082854162769859,175769174.8,-0.2550395019548104,177541398.9,-0.2624757222187236,2017-08-03
2017-08-04,3.72,3.85,3.7,3.79,285711757.0,1082546763.0,15803803650.0,0.0180786703838857,164804726.8,0.7336381215978569,173001822.0,0.6514956530342206,2017-08-04
2017-08-07,3.75,3.78,3.7,3.75,189560153.0,707775964.0,15803803650.0,0.0119945904921439,207276474.4,-0.08547193525595786,182536961.7,0.03847544757287369,2017-08-07
2017-08-08,3.75,3.98,3.75,3.9,346885514.0,1346129314.0,15803803650.0,0.0219494953039358,194345444.6,0.784891406711161,190299289.5,0.8228418766639694,2017-08-08
2017-08-09,3.96,4.06,3.9,4.06,388759688.0,1555491404.0,15803803650.0,0.0245991216171557,225546036.8,0.7236378591069084,216644937.1,0.7944554495661003,2017-08-09
2017-08-10,4.1,4.13,3.94,4.04,334823622.0,1349566096.0,15803803650.0,0.0211862681551349,268371640.8,0.2476117856637554,222070407.8,0.5077363315401628,2017-08-10
2017-08-11,4.03,4.13,3.85,3.88,396294869.0,1574782586.0,15803803650.0,0.0250759170245702,309148146.8,0.28189307651382634,236976436.8,0.6722965133215302,2017-08-11
2017-08-14,3.86,3.9,3.76,3.79,306003244.0,1165727161.0,15803803650.0,0.0193626326153451,331264769.2,-0.0762578081001678,269270621.8,0.13641526117647929,2017-08-14
2017-08-15,3.76,3.76,3.68,3.73,208219832.0,774454723.0,15803803650.0,0.0131752985933864,354553387.4,-0.4127264344393625,274449416.0,-0.2413179993795287,2017-08-15
2017-08-16,3.71,3.72,3.64,3.66,176159598.0,646675657.0,15803803650.0,0.011146658228698,326820251.0,-0.46098934364994415,276183143.9,-0.3621638326204888,2017-08-16
2017-08-17,3.77,3.83,3.74,3.82,298267315.0,1128601829.0,15803803650.0,0.0188731346962792,284300233.0,0.04912793019061645,276335936.9,0.07936491484253283,2017-08-17
2017-08-18,3.77,3.78,3.69,3.76,133647237.0,499783228.0,15803803650.0,0.0084566500546215,276988971.6,-0.5174997898725004,293068559.2,-0.5439727913331209,2017-08-18
2017-08-21,3.77,3.78,3.71,3.78,122319456.0,459272834.0,15803803650.0,0.0077398744447195,224459445.2,-0.4550487465964742,277862107.2,-0.5597836019002163,2017-08-21
2017-08-22,3.77,3.79,3.73,3.75,102040385.0,383308605.0,15803803650.0,0.0064566978469135,187722687.6,-0.4564301933635857,271138037.5,-0.6236589084259341,2017-08-22
2017-08-23,3.73,3.73,3.66,3.67,127874012.0,470677280.0,15803803650.0,0.0080913440100858,166486798.2,-0.23192701533976634,246653524.6,-0.48156422168556356,2017-08-23
2017-08-24,3.67,3.7,3.63,3.64,70797731.0,259242790.0,15803803650.0,0.0044797905977527,156829681.0,-0.5485693106778684,220564957.0,-0.6790164132917995,2017-08-24
2017-08-25,3.65,3.72,3.64,3.7,114121793.0,421918259.0,15803803650.0,0.0072211598883032,111335764.2,0.025023664408457824,194162367.9,-0.41223526353584405,2017-08-25
2017-08-28,3.71,3.76,3.67,3.74,206350110.0,766853080.0,15803803650.0,0.013056990239182,107430675.4,0.9207745760853701,165945060.3,0.24348449798357752,2017-08-28
2017-08-29,3.78,3.82,3.76,3.79,223368910.0,846620831.0,15803803650.0,0.0141338702344609,124236806.2,0.7979286238283869,155979746.9,0.43203790517241814,2017-08-29
2017-08-30,3.77,3.82,3.74,3.77,198967999.0,750680410.0,15803803650.0,0.0125898804747552,148502511.2,0.33982918801981854,157494654.7,0.2633317580142611,2017-08-30
2017-08-31,3.76,3.77,3.71,3.75,117638656.0,439332243.0,15803803650.0,0.0074436925821968,162721308.6,-0.2770543881921559,159775494.8,-0.2637252906194725,2017-08-31
2017-09-01,3.77,4.09,3.77,4.04,521784167.0,2045698955.0,15803803650.0,0.0330163660948799,172089493.6,2.032051266376671,141712628.9,2.6819877737798428,2017-09-01
2017-09-04,4.2,4.32,4.08,4.3,578001845.0,2420321306.0,15803803650.0,0.0365735906241786,253621968.4,1.2789896657863804,180526321.9,2.201759382879223,2017-09-04
2017-09-05,4.24,4.32,4.16,4.27,348337767.0,1476594849.0,15803803650.0,0.0220413879287851,327952315.4,0.06215980385787523,226094560.8,0.5406729191868289,2017-09-05
2017-09-06,4.28,4.46,4.22,4.38,463099282.0,2022419512.0,15803803650.0,0.0293030268064612,352946086.8,0.3120963776612695,250724299.0,0.8470458740817937,2017-09-06
2017-09-07,4.29,4.34,4.15,4.17,258237080.0,1096560529.0,15803803650.0,0.0163401852945698,405772343.4,-0.36359122498046526,284246826.0,-0.09150408595943305,2017-09-07
2017-09-08,4.22,4.37,4.18,4.29,336567248.0,1439895448.0,15803803650.0,0.02129659767065,433892028.2,-0.22430644924211118,302990760.9,0.11081686781558897,2017-09-08
2017-09-11,4.18,4.2,4.06,4.16,435950330.0,1803947061.0,15803803650.0,0.0275851522617468,396848644.4,0.09853047541366378,325235306.4,0.34041514380924554,2017-09-11
2017-09-12,4.11,4.19,4.08,4.14,306246616.0,1262142676.0,15803803650.0,0.0193780321992294,368438341.4,-0.16879819066518031,348195328.4,-0.12047465597186335,2017-09-12
2017-09-13,4.11,4.13,4.03,4.05,233460021.0,950100469.0,15803803650.0,0.014772394429236,360020111.2,-0.35153616773839824,356483099.0,-0.3451021334394313,2017-09-13
2017-09-14,4.01,4.05,3.98,4.01,212775283.0,852650363.0,15803803650.0,0.0134635488843219,314092259.0,-0.3225707514173407,359932301.2,-0.40884637947020686,2017-09-14
2017-09-15,4.04,4.07,3.99,4.01,183356615.0,736789439.0,15803803650.0,0.0116020560025117,304999899.6,-0.39883057259865407,369445963.9,-0.5036984216462298,2017-09-15
2017-09-18,3.97,3.98,3.9,3.95,192424188.0,757123621.0,15803803650.0,0.0121758149026357,274357773.0,-0.298637738978877,335603208.7,-0.42663185866017617,2017-09-18
2017-09-19,3.96,4.0,3.93,3.99,173006890.0,685639405.0,15803803650.0,0.0109471677724874,225652544.6,-0.23330405909369034,297045443.0,-0.41757433390418985,2017-09-19
2017-09-20,3.99,4.07,3.95,4.05,218979416.0,880811763.0,15803803650.0,0.0138561210231183,199004599.4,0.1003736429219435,279512355.3,-0.2165662381365222,2017-09-20
2017-09-21,4.0,4.02,3.89,3.9,242811970.0,957902995.0,15803803650.0,0.015364147478509,196108478.4,0.23815131289091673,255100368.7,-0.04817083864920335,2017-09-21
2017-09-22,3.86,3.93,3.81,3.92,236761309.0,910985322.0,15803803650.0,0.0149812864196145,202115815.8,0.1714140630849137,253557857.7,-0.06624345564503475,2017-09-22
2017-09-25,3.9,3.92,3.85,3.91,142163375.0,553090135.0,15803803650.0,0.008995516405318,212796754.6,-0.3319288385425404,243577263.8,-0.4163520322786384,2017-09-25
2017-09-26,3.93,3.95,3.9,3.93,90603975.0,355291398.0,15803803650.0,0.0057330486385788,202744592.0,-0.5531127409800405,214198568.3,-0.577009427658252,2017-09-26
2017-09-27,3.88,3.92,3.87,3.91,85686490.0,334298753.0,15803803650.0,0.0054218903181576,186264009.0,-0.5399729101718196,192634304.2,-0.5551857165012668,2017-09-27
2017-09-28,3.88,3.9,3.83,3.87,139863352.0,539365804.0,15803803650.0,0.008849980365328,159605423.8,-0.12369298818277386,177856951.1,-0.21361885979164297,2017-09-28
2017-09-29,3.87,3.9,3.83,3.87,148353094.0,572399620.0,15803803650.0,0.0093871764852001,139015700.2,0.0671679082763057,170565758.0,-0.13022932774115192,2017-09-29
2017-10-09,3.89,3.95,3.87,3.9,177652527.0,694486067.0,15803803650.0,0.0112411246643145,121334057.2,0.4641604434867608,167065405.9,0.06337111530041772,2017-10-09
2017-10-10,3.91,3.92,3.86,3.9,106008102.0,411405912.0,15803803650.0,0.0067077587362963,128431887.6,-0.1745967144066175,165588239.8,-0.35980899290892765,2017-10-10
2017-10-11,3.9,3.91,3.85,3.87,96735024.0,374509606.0,15803803650.0,0.0061209963210343,131512713.0,-0.26444355231269545,158888361.0,-0.39117614788662836,2017-10-11
2017-10-12,3.87,3.88,3.83,3.87,107810208.0,415833930.0,15803803650.0,0.0068217886268157,133722419.8,-0.19377612100315877,146663921.8,-0.2649166429149722,2017-10-12
2017-10-13,3.86,3.91,3.86,3.9,99248592.0,385976250.0,15803803650.0,0.0062800446144495,127311791.0,-0.22042890748430366,133163745.6,-0.2546875911847285,2017-10-13
2017-10-16,3.91,4.03,3.88,4.01,310989033.0,1231324822.0,15803803650.0,0.0196781129332747,117490890.6,1.6469203817576648,119412473.9,1.604326188405012,2017-10-16
2017-10-17,3.98,3.99,3.9,3.91,182118475.0,719459214.0,15803803650.0,0.0115237115718025,144158191.8,0.26332380231755925,136295039.7,0.3362076521703381,2017-10-17
2017-10-18,3.9,3.94,3.87,3.93,155694383.0,608350702.0,15803803650.0,0.0098517032005772,159380266.4,-0.023126347340576503,145446489.7,0.07045816864427223,2017-10-18
2017-10-19,3.89,3.95,3.83,3.94,159974866.0,619756689.0,15803803650.0,0.0101225546420908,171172138.2,-0.0654152732900779,152447279.0,0.049378296873373584,2017-10-19
2017-10-20,3.91,3.98,3.89,3.94,102684245.0,404041839.0,15803803650.0,0.006497438671987,181605069.8,-0.4345739074735897,154458430.4,-0.33519818417111147,2017-10-20
2017-10-23,3.91,3.94,3.89,3.9,72708561.0,283804126.0,15803803650.0,0.0046007000979159,182292200.4,-0.6011427760460563,149891545.5,-0.5149255366107357,2017-10-23
2017-10-24,3.89,3.96,3.89,3.96,139159203.0,548388004.0,15803803650.0,0.0088054246991356,134636106.0,0.03359497785831689,139397148.9,-0.001706963893290947,2017-10-24
2017-10-25,3.93,4.0,3.92,3.97,137557586.0,546571683.0,15803803650.0,0.0087040809318078,126044251.6,0.09134358968259382,142712259.0,-0.036119342767883755,2017-10-25
2017-10-26,3.98,3.99,3.84,3.87,355855335.0,1381847433.0,15803803650.0,0.0225170688576607,122416892.2,1.9069136505982955,146794515.2,1.4241732364125825,2017-10-26
2017-10-27,3.85,3.86,3.7,3.72,347776960.0,1306758043.0,15803803650.0,0.0220059023575631,161592986.0,1.1521785605224228,171599027.9,1.0266837420703125,2017-10-27
2017-10-30,3.73,3.74,3.59,3.7,215911768.0,788259970.0,15803803650.0,0.0136620128155034,210611529.0,0.025165949011271893,196451864.7,0.09905685206764048,2017-10-30
2017-10-31,3.67,3.7,3.66,3.69,76374077.0,281040104.0,15803803650.0,0.0048326389451187,239252170.4,-0.6807800034904092,186944138.2,-0.5914604344625554,2017-10-31
2017-11-01,3.69,3.72,3.66,3.68,102050484.0,376782021.0,15803803650.0,0.0064573368702919,226695145.2,-0.5498338356122855,176369698.4,-0.4213831234855704,2017-11-01
2017-11-02,3.69,3.72,3.67,3.7,91943573.0,339791890.0,15803803650.0,0.0058178129161962,219593724.8,-0.5813014552955021,171005308.5,-0.4623349777471967,2017-11-02
2017-11-03,3.69,3.71,3.59,3.7,173395116.0,632520266.0,15803803650.0,0.0109717331245127,166811372.4,0.0394681939563013,164202179.2,0.055985473790837625,2017-11-03
2017-11-06,3.66,3.68,3.64,3.68,77774958.0,284496544.0,15803803650.0,0.004921280960106,131935003.6,-0.410505507425476,171273266.3,-0.5459013558848675,2017-11-06
2017-11-07,3.69,3.78,3.68,3.73,166134055.0,620270056.0,15803803650.0,0.0105122829085515,104307641.6,0.5927313900652895,171779906.0,-0.03286677197273591,2017-11-07
2017-11-08,3.71,3.74,3.7,3.72,100270130.0,372733574.0,15803803650.0,0.0063446833572878,122259637.2,-0.17985909089545382,174477391.2,-0.4253116159613922,2017-11-08
2017-11-09,3.72,3.74,3.71,3.73,75738618.0,282037298.0,15803803650.0,0.0047924297009346,121903566.4,-0.3787005562127672,170748645.6,-0.5564321009173498,2017-11-09
2017-11-10,3.73,3.75,3.69,3.7,75185943.0,279269600.0,15803803650.0,0.0047574586893833,118662575.4,-0.36638874770284147,142736973.9,-0.4732553104798588,2017-11-10
2017-11-13,3.68,3.7,3.65,3.67,101846018.0,373277610.0,15803803650.0,0.0064443990988207,99020740.8,0.02853217595802926,115477872.2,-0.11804732751215352,2017-11-13
2017-11-14,3.66,3.69,3.64,3.65,76848462.0,281555891.0,15803803650.0,0.0048626560859606,103834952.8,-0.2598979445002454,104071297.2,-0.2615787054876837,2017-11-14
2017-11-15,3.63,3.67,3.61,3.66,106398894.0,388228623.0,15803803650.0,0.0067324864542973,85977834.2,0.2375154013823717,104118735.7,0.021899596500766894,2017-11-15
2017-11-16,3.64,3.64,3.6,3.6,87145894.0,315129304.0,15803803650.0,0.0055142354290133,87203587.0,-0.0006615897577699759,104553576.7,-0.166495334252874,2017-11-16
2017-11-17,3.59,3.7,3.58,3.69,186846771.0,679487663.0,15803803650.0,0.011822898786774,89485042.2,1.0880223823596742,104073808.8,0.7953294220168869,2017-11-17
2017-11-20,3.69,3.73,3.66,3.71,109315395.0,404457008.0,15803803650.0,0.0069170306984926,111817207.8,-0.02237413050480408,105418974.3,0.03696128449240654,2017-11-20
2017-11-21,3.68,3.69,3.66,3.68,69630462.0,255733331.0,15803803650.0,0.0044059305938036,113311083.2,-0.38549292766799714,108573018.0,-0.35867618601151896,2017-11-21
2017-11-22,3.68,3.74,3.67,3.73,103081951.0,382329051.0,15803803650.0,0.0065226038796046,111867483.2,-0.078535173481046,98922658.7,0.04204590085486659,2017-11-22
2017-11-23,3.75,3.88,3.75,3.79,292812238.0,1119588626.0,15803803650.0,0.0185279597548024,111204094.6,1.6331066230361633,99203840.8,1.9516219900227898,2017-11-23
2017-11-24,3.76,3.83,3.7,3.83,177639932.0,673133505.0,15803803650.0,0.0112403277042739,152337363.4,0.16609561853556398,120911202.8,0.469176783344347,2017-11-24
2017-11-27,3.82,3.89,3.78,3.84,196440575.0,758262111.0,15803803650.0,0.0124299554303814,150495995.6,0.30528772022688955,131156601.7,0.4977559074710305,2017-11-27
2017-11-28,3.83,3.86,3.75,3.84,147555385.0,560382647.0,15803803650.0,0.009336700725208,167921031.6,-0.12128109508350593,140616057.4,0.049349467822584536,2017-11-28
2017-11-29,3.8,3.98,3.79,3.95,354085454.0,1391285508.0,15803803650.0,0.0224050780332239,183506016.2,0.9295577405706879,147686749.7,1.3975438197351027,2017-11-29
2017-11-30,3.93,3.99,3.89,3.95,197653479.0,778398452.0,15803803650.0,0.0125067030303176,233706716.8,-0.15426701591488023,172455405.7,0.146113560185142,2017-11-30
2017-12-01,3.92,3.95,3.85,3.94,141984107.0,553943890.0,15803803650.0,0.0089841730601354,214674965.0,-0.338608919768544,183506164.2,-0.22627063990474927,2017-12-01
2017-12-04,3.9,3.98,3.9,3.94,143716151.0,567554996.0,15803803650.0,0.0090937697141029,207543800.0,-0.3075382112113202,179019897.8,-0.1972057141907273,2017-12-04
2017-12-05,3.94,4.03,3.91,4.01,387557220.0,1543050936.0,15803803650.0,0.0245230343645784,196998915.2,0.9673063661621626,182459973.4,1.1240670640150383,2017-12-05
2017-12-06,3.95,3.95,3.85,3.9,221685893.0,865144327.0,15803803650.0,0.0140273758083548,244999282.2,-0.09515696940274543,214252649.2,0.03469382445330349,2017-12-06
2017-12-07,3.88,3.94,3.86,3.9,122767333.0,479096528.0,15803803650.0,0.0077682142678354,218519370.0,-0.4381855805277125,226113043.4,-0.45705329000936357,2017-12-07
2017-12-08,3.85,3.88,3.82,3.86,123442958.0,474647190.0,15803803650.0,0.0078109650520746,203542140.8,-0.3935262864249093,209108552.9,-0.40967044968728294,2017-12-08
2017-12-11,3.85,3.87,3.82,3.87,78779478.0,302827012.0,15803803650.0,0.0049848428735698,199833911.0,-0.6057752280092241,203688855.5,-0.6132361890560085,2017-12-11
2017-12-12,3.86,3.9,3.84,3.85,80284273.0,310817024.0,15803803650.0,0.0050800601410914,186846576.4,-0.5703198070478535,191922745.8,-0.5816844289854882,2017-12-12
2017-12-13,3.84,3.88,3.78,3.88,123419572.0,472189258.0,15803803650.0,0.0078094852817283,125391987.0,-0.015729992379816093,185195634.6,-0.33357191563088817,2017-12-13
2017-12-14,3.89,3.99,3.88,3.93,172302731.0,679983393.0,15803803650.0,0.0109026114735359,105738722.8,0.6295140175458975,162129046.4,0.06275053622963878,2017-12-14
2017-12-15,3.93,3.98,3.92,3.98,160180859.0,634141848.0,15803803650.0,0.0101355890358711,115645802.4,0.38509877294084993,159593971.6,0.0036773782500441055,2017-12-15
2017-12-18,3.98,3.99,3.94,3.99,130037227.0,516052886.0,15803803650.0,0.0082282233998775,122993382.6,0.057270108774128525,161413646.8,-0.19438517388109722,2017-12-18
2017-12-19,3.99,4.02,3.96,3.99,110923162.0,443111001.0,15803803650.0,0.0070187636126446,133244932.4,-0.16752434781527203,160045754.4,-0.3069284317110258,2017-12-19
2017-12-20,3.98,4.01,3.91,3.99,138165696.0,546261590.0,15803803650.0,0.0087425596432286,139372710.2,-0.00866033385063636,132382348.6,0.04368669585606666,2017-12-20
2017-12-21,4.0,4.07,3.97,4.05,189735197.0,763961786.0,15803803650.0,0.012005666559898,142321935.0,0.33314093150855495,124030328.9,0.5297483984983611,2017-12-21
2017-12-22,4.04,4.24,4.03,4.16,302081104.0,1256979437.0,15803803650.0,0.0191144556519468,145808428.2,1.071767096931095,130727115.3,1.3107761791176005,2017-12-22
2017-12-25,4.2,4.23,4.11,4.18,185549902.0,775717141.0,15803803650.0,0.0117408382253597,174188477.2,0.0652248930734669,148590929.9,0.24872966421889253,2017-12-25
2017-12-26,4.16,4.22,4.13,4.18,181912753.0,760081944.0,15803803650.0,0.0115106943257928,185291012.2,-0.018232180610862847,159267972.3,0.1421803792249321,2017-12-26
2017-12-27,4.22,4.38,4.22,4.26,341053510.0,1467075469.0,15803803650.0,0.0215804699648998,199488930.4,0.7096362656120592,169430820.3,1.0129366628581447,2017-12-27
2017-12-28,4.25,4.69,4.24,4.69,932802631.0,4255657336.0,15803803650.0,0.0590239319380559,240066493.2,2.885601103952811,191194214.1,3.8788224862919636,2017-12-28
2017-12-29,4.69,4.72,4.53,4.59,493022181.0,2272373523.0,15803803650.0,0.0311964253618147,388679980.0,0.26845272812867793,267244204.1,0.8448376931516772,2017-12-29
2018-01-02,4.66,4.78,4.48,4.61,904969245.0,4168940614.0,15803803650.0,0.0572627492116431,426868195.4,1.120020312480746,300528336.3,2.011260955095501,2018-01-02
2018-01-03,4.61,4.78,4.55,4.63,800586908.0,3721553056.0,15803803650.0,0.0506578622292615,570752064.0,0.4026877141525327,378021538.1,1.1178341107860805,2018-01-03
2018-01-04,4.56,4.75,4.5,4.69,745690604.0,3456677303.0,15803803650.0,0.0471842488374626,694486895.0,0.07372883400485186,446987912.7,0.6682567532882642,2018-01-04
2018-01-05,4.7,4.85,4.61,4.63,709989436.0,3365816802.0,15803803650.0,0.0449252250739017,775414313.8,-0.08437409090293735,507740403.5,0.3983315708299744,2018-01-05
2018-01-08,4.58,4.9,4.55,4.85,750815236.0,3580414036.0,15803803650.0,0.04750851457206,730851674.8,0.027315475750210316,559765827.4,0.34130237904551297,2018-01-08
2018-01-09,4.83,4.96,4.75,4.81,555580469.0,2691874245.0,15803803650.0,0.0351548577357831,782410285.8,-0.2899115987056212,604639240.6,-0.0811372605445152,2018-01-09
2018-01-10,4.78,4.92,4.76,4.82,409991182.0,1978303847.0,15803803650.0,0.0259425636435314,712532530.6,-0.42460005067451445,641642297.3,-0.36102843636520965,2018-01-10
2018-01-11,4.82,4.89,4.68,4.72,366501671.0,1740009788.0,15803803650.0,0.0231907254175484,634413385.4,-0.4222983319166267,664450140.2,-0.44841358466764314,2018-01-11
2018-01-12,4.7,4.71,4.6,4.64,365856913.0,1702481808.0,15803803650.0,0.023149927770711,558575598.8,-0.3450180892506255,666994956.3,-0.4514847383112063,2018-01-12
2018-01-15,4.69,4.78,4.6,4.71,421465788.0,1981633411.0,15803803650.0,0.0266686297383857,489749094.2,-0.1394250791041075,610300384.5,-0.3094125471585706,2018-01-15
2018-01-16,4.71,4.73,4.62,4.7,311944436.0,1456838523.0,15803803650.0,0.0197385669240455,423879204.6,-0.264072328590946,603144745.2,-0.4828033594215255,2018-01-16
2018-01-17,4.63,4.63,4.45,4.46,444916721.0,2017206958.0,15803803650.0,0.0281525087791128,375151998.0,0.1859638849637688,543842264.3,-0.18190116839729398,2018-01-17
2018-01-18,4.42,4.52,4.4,4.48,248575487.0,1110672768.0,15803803650.0,0.0157288392405457,382137105.8,-0.34951230009551193,508275245.6,-0.510943156976756,2018-01-18
2018-01-19,4.48,4.52,4.4,4.51,317515503.0,1417287849.0,15803803650.0,0.0200910812379018,358551869.0,-0.11445029170939836,458563733.9,-0.3075869731354697,2018-01-19
2018-01-22,4.48,4.57,4.45,4.56,280803436.0,1267011573.0,15803803650.0,0.0177680919238704,348883587.0,-0.19513715616550342,419316340.6,-0.33033032865306855,2018-01-22
2018-01-23,4.57,4.63,4.49,4.61,302481152.0,1384968836.0,15803803650.0,0.0191397690517371,320751116.6,-0.05695994075925226,372315160.6,-0.18756692176450684,2018-01-23
2018-01-24,4.55,4.55,4.42,4.52,398778773.0,1786094956.0,15803803650.0,0.0252330883014988,318858459.8,0.25064510833467923,347005228.9,0.1492010488260398,2018-01-24
2018-01-25,4.75,4.96,4.69,4.9,876609248.0,4242586241.0,15803803650.0,0.0554682446969024,309630870.2,1.8311429265233516,345883988.0,1.5344025118618676,2018-01-25
2018-01-26,4.81,4.9,4.78,4.88,417327700.0,2018676291.0,15803803650.0,0.0264067884695593,435237622.4,-0.04114975700225676,396894745.7,0.051482047876352244,2018-01-26
2018-01-29,4.88,5.12,4.87,5.04,662433560.0,3333594628.0,15803803650.0,0.0419160839169246,455200061.8,0.4552580625330662,402041824.4,0.6476732513802612,2018-01-29
2018-01-30,4.98,5.12,4.9,4.94,450541958.0,2259405129.0,15803803650.0,0.028508450748817,531526086.6,-0.15236153152525256,426138601.6,0.05726624227041155,2018-01-30
2018-01-31,4.87,5.15,4.82,5.13,511292654.0,2557821534.0,15803803650.0,0.0323525061006436,561138247.8,-0.08882943551865286,439998353.8,0.16203310667931858,2018-01-31
2018-02-01,5.13,5.23,5.01,5.08,577300310.0,2942522529.0,15803803650.0,0.0365292003612054,583641024.0,-0.010864064963329256,446635947.1,0.29255227607271994,2018-02-01
2018-02-02,5.02,5.5,4.83,5.38,595392538.0,3077204377.0,15803803650.0,0.037674002486104,523779236.4,0.13672420864218893,479508429.4,0.24167272459631972,2018-02-02
2018-02-05,5.21,5.53,5.18,5.41,586541196.0,3163354010.0,15803803650.0,0.0371139257984896,559392204.0,0.048533018168412045,507296132.9,0.15621065874677398,2018-02-05
2018-02-06,5.3,5.55,5.1,5.3,722180189.0,3834685965.0,15803803650.0,0.045696606019273,544213731.2,0.32701574325877636,537869908.9,0.34266702236035806,2018-02-06
2018-02-07,5.39,5.43,4.98,5.12,611264224.0,3196141141.0,15803803650.0,0.0386782978033266,598541377.4,0.021256419489771528,579839812.6,0.054194987507141024,2018-02-07
2018-02-08,4.89,4.95,4.61,4.69,577049289.0,2749736918.0,15803803650.0,0.0365133167799133,618535691.4,-0.06707196201742094,601088357.7,-0.03999257079605223,2018-02-08
2018-02-09,4.46,4.55,4.22,4.37,649434382.0,2814751716.0,15803803650.0,0.0410935491469485,618485487.2,0.05003980762768001,571132361.8,0.13709960323946757,2018-02-09
2018-02-12,4.34,4.45,4.16,4.39,336628211.0,1455777849.0,15803803650.0,0.0213004551597298,629293856.0,-0.4650699227548155,594343030.0,-0.4336129238362566,2018-02-12
2018-02-13,4.45,4.51,4.35,4.42,328270198.0,1456919583.0,15803803650.0,0.0207715943117276,579311259.0,-0.4333440047986362,561762495.1,-0.4156423740222027,2018-02-13
2018-02-14,4.53,4.62,4.44,4.59,325366478.0,1478247299.0,15803803650.0,0.0205878587968915,500529260.8,-0.3499551305352976,549535319.1,-0.4079243559215301,2018-02-14
2018-02-22,4.65,4.82,4.58,4.77,319993786.0,1513264830.0,15803803650.0,0.0202478968409608,443349711.6,-0.2782361697153747,530942701.5,-0.3973101332856348,2018-02-22
2018-02-23,4.83,4.88,4.68,4.82,260541903.0,1244804557.0,15803803650.0,0.0164860250589104,391938611.0,-0.3352481850786576,505212049.1,-0.48429198499098114,2018-02-23
2018-02-26,4.85,4.95,4.72,4.89,338513150.0,1639762325.0,15803803650.0,0.0214197263834013,314160115.2,0.07751790765831768,471726985.6,-0.28239604615911973,2018-02-26
2018-02-27,4.88,4.88,4.66,4.7,368811456.0,1748334003.0,15803803650.0,0.0233368791569363,314537103.0,0.1725531025826228,446924181.0,-0.17477847098185995,2018-02-27
2018-02-28,4.57,4.71,4.51,4.6,279989612.0,1286793739.0,15803803650.0,0.0177165964726472,322645354.6,-0.13220628157774816,411587307.7,-0.3197321521778306,2018-02-28
2018-03-01,4.55,4.69,4.52,4.68,251600854.0,1164974491.0,15803803650.0,0.0159202720795635,313569981.4,-0.197624552973233,378459846.5,-0.3351980234447408,2018-03-01
2018-03-02,4.6,4.68,4.55,4.61,170169220.0,785565427.0,15803803650.0,0.010767611631267,299891395.0,-0.4325638453214038,345915003.0,-0.5080605971866448,2018-03-02
2018-03-05,4.62,4.65,4.56,4.61,178464875.0,822677049.0,15803803650.0,0.0112925267203,281816858.4,-0.3667345665081049,297988486.8,-0.40110144215142207,2018-03-05
2018-03-06,4.62,4.65,4.44,4.59,399975539.0,1820549644.0,15803803650.0,0.025308814754858,249807203.4,0.6011369310257448,282172153.2,0.4174876381813002,2018-03-06
2018-03-07,4.62,4.65,4.49,4.54,228842371.0,1048768489.0,15803803650.0,0.0144802084402004,256040020.0,-0.10622421057458131,289342687.3,-0.2090957157568364,2018-03-07
2018-03-08,4.62,4.94,4.62,4.82,635166620.0,3040178320.0,15803803650.0,0.0401907435745697,245810571.8,1.5839678714745986,279690276.6,1.2709642527487133,2018-03-08
2018-03-09,4.78,4.8,4.7,4.77,341002790.0,1618334429.0,15803803650.0,0.0215772606109289,322523725.0,0.057295211383286526,311207560.0,0.095740701157774,2018-03-09
2018-03-12,4.83,4.89,4.74,4.81,413033855.0,1993447308.0,15803803650.0,0.0261350915353849,356690439.0,0.15796166602604123,319253648.7,0.2937482678173695,2018-03-12
2018-03-13,4.76,4.83,4.73,4.77,226292637.0,1079793154.0,15803803650.0,0.0143188717103556,403604235.0,-0.439320459558607,326705719.2,-0.30735024304404646,2018-03-13
2018-03-14,4.75,4.91,4.74,4.88,372302252.0,1801815221.0,15803803650.0,0.0235577624377787,368867654.6,0.009311191580960054,312453837.3,0.19154322192733075,2018-03-14
2018-03-15,4.86,4.94,4.79,4.84,282543317.0,1372284305.0,15803803650.0,0.0178781844711162,397559630.8,-0.2893058170130487,321685101.3,-0.12167733022704341,2018-03-15
2018-03-16,4.8,4.82,4.72,4.72,225419309.0,1073972294.0,15803803650.0,0.0142636110895999,327034970.2,-0.3107180285272134,324779347.6,-0.3059309015004623,2018-03-16
2018-03-19,4.66,4.66,4.54,4.58,261132788.0,1196628789.0,15803803650.0,0.016523413842844,303918274.0,-0.14077957681478537,330304356.5,-0.20941766930645977,2018-03-19
2018-03-20,4.54,4.58,4.51,4.57,170123686.0,773451388.0,15803803650.0,0.0107647304261464,273538060.6,-0.3780621035813545,338571147.8,-0.4975245613648831,2018-03-20
2018-03-21,4.55,4.65,4.52,4.62,213658188.0,976944842.0,15803803650.0,0.0135194154984328,262304270.4,-0.18545669243515295,315585962.5,-0.32297943068364454,2018-03-21
2018-03-22,4.65,4.68,4.51,4.57,209454663.0,961274662.0,15803803650.0,0.0132534336441214,230575457.6,-0.09160035859774862,314067544.2,-0.3330903913248098,2018-03-22
2018-03-23,4.41,4.59,4.31,4.54,519486467.0,2320704777.0,15803803650.0,0.0328709770448204,215957726.8,1.4055007185785953,271496348.5,0.9134197195289351,2018-03-23
2018-03-26,4.56,4.68,4.47,4.52,316902896.0,1442623396.0,15803803650.0,0.02005231797473,274771158.4,0.15333391555843878,289344716.2,0.09524341816890591,2018-03-26
2018-03-27,4.55,4.64,4.48,4.61,295866994.0,1346549251.0,15803803650.0,0.0187212522094325,285925180.0,0.03477068371522929,279731620.3,0.057681622416141165,2018-03-27
2018-03-28,4.52,4.58,4.45,4.49,217563114.0,982380889.0,15803803650.0,0.0137665032303789,311073841.6,-0.3006062069347589,286689056.0,-0.24111817508653,2018-03-28
2018-03-29,4.46,4.48,4.32,4.4,298277948.0,1310933147.0,15803803650.0,0.0188738075089916,311854826.8,-0.04353589437532479,271215142.2,0.09978353561116182,2018-03-29
2018-03-30,4.42,4.43,4.32,4.35,270815565.0,1177370385.0,15803803650.0,0.0171361003336687,329619483.8,-0.17839940200767956,272788605.3,-0.007232854531552535,2018-03-30
2018-04-02,4.33,4.43,4.33,4.42,291633136.0,1275452006.0,15803803650.0,0.0184533510070532,279885303.4,0.04197373873257826,277328230.9,0.051581135658555155,2018-04-02
2018-04-03,4.4,4.46,4.33,4.34,244083959.0,1068878545.0,15803803650.0,0.0154446337353729,274831351.4,-0.11187731037005688,280378265.7,-0.1294476467688629,2018-04-03
2018-04-04,4.32,4.4,4.31,4.35,204173242.0,889490962.0,15803803650.0,0.0129192469434407,264474744.4,-0.22800476671904102,287774293.0,-0.2905091004775746,2018-04-04
2018-04-09,4.34,4.36,4.28,4.28,201918931.0,871697257.0,15803803650.0,0.0127766033716826,261796770.0,-0.22871878442197735,286825798.4,-0.2960224215312425,2018-04-09
2018-04-10,4.29,4.4,4.28,4.39,242576599.0,1054708629.0,15803803650.0,0.0153492541651515,242524966.6,0.00021289519476641594,286072225.2,-0.1520442125046958,2018-04-10
2018-04-11,4.45,4.54,4.4,4.52,351698872.0,1569640345.0,15803803650.0,0.0222540648940547,236877173.4,0.48473095550708734,258381238.4,0.3611625758041106,2018-04-11
2018-04-12,4.5,4.55,4.45,4.47,252202090.0,1133414768.0,15803803650.0,0.015958315832404,248890320.6,0.013306139796904537,261860836.0,-0.036885034614340007,2018-04-12
2018-04-13,4.4,4.43,4.36,4.37,187450385.0,822549219.0,15803803650.0,0.0118610930097198,250513946.8,-0.2517367300525881,257494345.6,-0.27202135424289486,2018-04-13
2018-04-16,4.41,4.42,4.3,4.33,178887348.0,777957367.0,15803803650.0,0.0113192590822906,247169375.4,-0.2762560179208998,254483072.7,-0.29705600414970146,2018-04-16
2018-04-17,4.36,4.36,4.17,4.21,218257133.0,928681771.0,15803803650.0,0.0138104179116398,242563058.8,-0.10020456503247233,242544012.7,-0.10013390736649586,2018-04-17
2018-04-18,4.24,4.25,4.06,4.14,212365928.0,876452269.0,15803803650.0,0.013437646575671,237699165.6,-0.10657688905240315,237288169.5,-0.10502943131347309,2018-04-18
2018-04-19,4.2,4.3,4.2,4.27,199515833.0,847765706.0,15803803650.0,0.0126245451676438,209832576.8,-0.04916654962414779,229361448.7,-0.13012481334226933,2018-04-19
2018-04-20,4.21,4.24,4.1,4.21,178399448.0,742749915.0,15803803650.0,0.0112883867675741,199295325.4,-0.10484880846081301,224904636.1,-0.20677736531550317,2018-04-20
2018-04-23,4.16,4.18,4.1,4.12,111312115.0,459493431.0,15803803650.0,0.0070433749662537,197485138.0,-0.43635193955709217,222327256.7,-0.49933212574920416,2018-04-23
2018-04-24,4.09,4.18,4.08,4.15,123523286.0,511819389.0,15803803650.0,0.0078160478790813,183970091.4,-0.3285686545025003,213266575.1,-0.42080334931959995,2018-04-24
2018-04-25,4.12,4.17,4.09,4.14,114519246.0,472976940.0,15803803650.0,0.0072463090871165,165023322.0,-0.30604205143803853,201361243.8,-0.4312746393554011,2018-04-25
2018-04-26,4.12,4.16,4.06,4.12,128055471.0,524197419.0,15803803650.0,0.0081028259927792,145453985.6,-0.11961524827409054,177643281.2,-0.27914261583679867,2018-04-26
2018-04-27,4.12,4.14,4.05,4.12,117512377.0,480943612.0,15803803650.0,0.0074357021640166,131161913.2,-0.10406630909070946,165228619.3,-0.28878920917061734,2018-04-27
2018-05-02,4.08,4.1,3.98,3.99,136097114.0,548387635.0,15803803650.0,0.0086116682422841,118984499.0,0.14382222175007864,158234818.5,-0.13990412925458628,2018-05-02
2018-05-03,3.99,4.01,3.88,3.96,144132119.0,566675889.0,15803803650.0,0.0091200904663226,123941498.8,0.1629044379443958,153955795.1,-0.06380842042106405,2018-05-03
2018-05-04,3.95,3.99,3.93,3.96,86444077.0,342856025.0,15803803650.0,0.0054698273222345,128063265.4,-0.3249892798688546,146543293.7,-0.41011236463016654,2018-05-04
2018-05-07,3.95,4.0,3.93,3.99,105286276.0,418214731.0,15803803650.0,0.006662084541907,122448231.6,-0.14015682689532605,133951108.6,-0.21399473957022552,2018-05-07
2018-05-08,3.98,4.1,3.97,4.08,160479333.0,649312842.0,15803803650.0,0.0101544752487481,117894392.6,0.36121260274426326,124528152.9,0.28869921590236647,2018-05-08
2018-05-09,4.07,4.11,4.05,4.07,94121958.0,383985857.0,15803803650.0,0.0059556522014875,126487783.8,-0.25588104105908127,122736141.4,-0.2331357583317346,2018-05-09
2018-05-10,4.09,4.12,4.08,4.1,91203595.0,374134612.0,15803803650.0,0.0057709901375546,118092752.6,-0.2276952396145604,121017125.7,-0.2463579475016403,2018-05-10
2018-05-11,4.12,4.16,4.09,4.12,116731693.0,482282881.0,15803803650.0,0.0073863036763304,107507047.8,0.08580502756582997,117785156.6,-0.008943941922814336,2018-05-11
2018-05-14,4.12,4.13,4.07,4.1,86524457.0,354663889.0,15803803650.0,0.0054749134395883,113564571.0,-0.23810343104276777,118006401.3,-0.26678166568240225,2018-05-14
2018-05-15,4.1,4.11,3.99,4.06,132618822.0,534987975.0,15803803650.0,0.008391576163375,109812207.2,0.20768742730453016,113853299.9,0.16482194294308727,2018-05-15
2018-05-16,4.0,4.0,3.95,3.96,127135495.0,504987717.0,15803803650.0,0.0080446136775433,104240105.0,0.21964089541160758,115363944.4,0.102038385227057,2018-05-16
2018-05-17,3.96,3.97,3.9,3.92,105165087.0,412276559.0,15803803650.0,0.0066544161980903,110842812.4,-0.05122321670719365,114467782.5,-0.08126911605018639,2018-05-17
2018-05-18,3.91,3.97,3.9,3.97,92607473.0,364862250.0,15803803650.0,0.0058598217904333,113635110.8,-0.18504525275650985,110571079.3,-0.16246206886758674,2018-05-18
2018-05-21,3.98,4.02,3.97,4.0,88436197.0,353893495.0,15803803650.0,0.0055958805208263,108810266.8,-0.18724400186839718,111187418.9,-0.20462046987943894,2018-05-21
2018-05-22,4.01,4.02,3.93,3.95,82182634.0,325430770.0,15803803650.0,0.0052001806539781,109192614.8,-0.24736087554522046,109502411.0,-0.24949018702428383,2018-05-22
2018-05-23,3.96,3.99,3.92,3.93,93606992.0,370653460.0,15803803650.0,0.0059230672610893,99105377.2,-0.05548019043309793,101672741.1,-0.07933049716901941,2018-05-23
2018-05-24,3.9,3.93,3.88,3.89,85591156.0,334051519.0,15803803650.0,0.0054158579729,92399676.6,-0.07368554577819808,101621244.5,-0.1577434775461739,2018-05-24
2018-05-25,3.92,3.93,3.81,3.88,121488320.0,470151184.0,15803803650.0,0.0076872835610052,88484890.4,0.3729837879756248,101060000.6,0.202140503450581,2018-05-25
2018-05-28,3.85,3.86,3.77,3.81,99800165.0,379983795.0,15803803650.0,0.006314945895952,94261059.8,0.05876345133136307,101535663.3,-0.01709249975422178,2018-05-28
2018-05-29,3.79,3.83,3.76,3.82,98206205.0,372609541.0,15803803650.0,0.0062140866322393,96533853.4,0.017323990922338828,102863234.1,-0.04527399066096438,2018-05-29
2018-05-30,3.79,3.88,3.76,3.84,147489263.0,564250729.0,15803803650.0,0.0093325167957272,99738567.6,0.47875858405650495,99421972.4,0.4834674814799791,2018-05-30
2018-05-31,3.78,3.81,3.71,3.75,170948486.0,640028872.0,15803803650.0,0.010816920393718,110515021.8,0.546834839424517,101457349.2,0.6849295526439794,2018-05-31
2018-06-01,3.74,3.74,3.66,3.68,126384236.0,467186419.0,15803803650.0,0.007997077083402,127586487.8,-0.00942303390218413,108035689.1,0.16983782908087175,2018-06-01
2018-06-04,3.68,3.7,3.63,3.66,106601581.0,390589542.0,15803803650.0,0.0067453116579311,128565671.0,-0.17083946149201834,111413365.4,-0.04318857421391564,2018-06-04
2018-06-05,3.65,3.73,3.65,3.72,102980832.0,380916088.0,15803803650.0,0.0065162054832287,129925954.2,-0.20738829563277517,113229903.8,-0.0905155922246752,2018-06-05
2018-06-06,3.77,3.99,3.77,3.96,348214742.0,1362820915.0,15803803650.0,0.0220336034104043,130880879.6,1.6605470796362223,115309723.6,2.0198211488905176,2018-06-06
2018-06-07,4.03,4.09,3.93,3.96,267608747.0,1069134678.0,16875725837.0,0.0158576140418961,171025975.4,0.5647257463324487,140770498.6,0.9010286222002486,2018-06-07
2018-06-08,3.96,4.04,3.88,3.9,193883622.0,768406403.0,16875725837.0,0.0114889056549443,190358027.6,0.01852086011002574,158972257.7,0.21960664587076573,2018-06-08
2018-06-11,3.92,4.04,3.92,4.02,197254925.0,788921120.0,16875725837.0,0.0116886779807431,203857904.8,-0.0323901092110116,166211787.9,0.18676856492679605,2018-06-11
2018-06-12,3.99,4.06,3.96,4.05,165167658.0,663884527.0,16875725837.0,0.0097872920901494,221988573.6,-0.25596324476765775,175957263.9,-0.06131946849396308,2018-06-12
2018-06-13,4.0,4.01,3.96,4.0,106974656.0,426102311.0,16875725837.0,0.0063389662188904,234425938.8,-0.5436739784531046,182653409.2,-0.4143298147648261,2018-06-13
2018-06-14,3.98,4.02,3.93,3.95,105299261.0,417706662.0,16875725837.0,0.006239687822442,186177921.6,-0.43441596030793805,178601948.5,-0.41042490362304196,2018-06-14
2018-06-15,3.93,3.98,3.75,3.96,199486650.0,777005571.0,16875725837.0,0.0118209226629307,153716024.4,0.29776092491759765,172037026.0,0.15955648989189108,2018-06-15
2018-06-19,3.82,4.0,3.79,3.97,363722952.0,1428536094.0,16875725837.0,0.0215530256602378,154836630.0,1.3490756160218678,179347267.4,1.0280373226361181,2018-06-19
2018-06-20,3.91,3.92,3.78,3.85,183578570.0,704693848.0,16875725837.0,0.0108782621721374,188130235.4,-0.024194225826180027,205059404.5,-0.10475420306801875,2018-06-20
2018-06-21,3.82,3.92,3.77,3.78,119725731.0,459784036.0,16875725837.0,0.0070945529784266,191812417.8,-0.3758186650624661,213119178.3,-0.4382216938192841,2018-06-21
2018-06-22,3.76,3.82,3.71,3.8,73246225.0,276585020.0,16875725837.0,0.0043403303483046,194362632.8,-0.6231465691485529,190270277.2,-0.6150411610374213,2018-06-22
2018-06-25,3.85,3.85,3.72,3.74,81521208.0,307880073.0,16875725837.0,0.0048306786201316,187952025.6,-0.5662658716246365,170834025.0,-0.5228046169374045,2018-06-25
2018-06-26,3.67,3.68,3.6,3.66,122799870.0,447177991.0,16875725837.0,0.0072767163431134,164358937.2,-0.2528555362306151,159597783.6,-0.23056657034928896,2018-06-26
2018-06-27,3.64,3.67,3.61,3.66,88045681.0,319964759.0,16875725837.0,0.0052172974277029,116174320.8,-0.24212441791181105,152152278.1,-0.421331825592955,2018-06-27
2018-06-28,3.63,3.66,3.61,3.64,70000601.0,254395535.0,16875725837.0,0.0041480053466218,97067743.0,-0.27884795879100643,144440080.4,-0.515365812549077,2018-06-28
2018-06-29,3.56,3.63,3.52,3.61,95240469.0,340217147.0,16875725837.0,0.005643636897157,87122717.0,0.09317606566379233,140742674.9,-0.32330070415622036,2018-06-29
2018-07-02,3.6,3.6,3.45,3.48,108042332.0,381365196.0,16875725837.0,0.0064022331865049,91521565.8,0.1805122765939391,139736795.7,-0.22681544643434237,2018-07-02
2018-07-03,3.45,3.47,3.4,3.47,98470146.0,338863641.0,16875725837.0,0.0058350169320779,96825790.6,0.016982617852231652,130592363.9,-0.24597317133027263,2018-07-03
2018-07-04,3.47,3.59,3.46,3.56,152350864.0,538256754.0,16875725837.0,0.0090278110388574,91959845.8,0.6567107379816854,104067083.3,0.4639678481312832,2018-07-04
2018-07-05,3.51,3.6,3.42,3.57,233961495.0,821014505.0,16875725837.0,0.01386378857181,104820882.4,1.2320122636174258,100944312.7,1.317728346869016,2018-07-05
2018-07-06,3.52,3.56,3.48,3.53,104495672.0,367856641.0,16875725837.0,0.0061920697817271,137613061.2,-0.24065585716365123,112367889.1,-0.07005753301100315,2018-07-06
2018-07-09,3.53,3.59,3.52,3.58,93213680.0,331388820.0,16875725837.0,0.0055235360481875,139464101.8,-0.33162958211515914,115492833.8,-0.19290507529307843,2018-07-09
2018-07-10,3.56,3.62,3.55,3.57,99712288.0,356953748.0,16875725837.0,0.0059086221809423,136498371.4,-0.2694983319046399,116662081.0,-0.14528965071349964,2018-07-10
2018-07-11,3.48,3.49,3.36,3.4,172747618.0,593195315.0,16875725837.0,0.0102364555852911,136746799.8,0.2632662574382234,114353322.8,0.5106479966666959,2018-07-11
2018-07-12,3.37,3.46,3.36,3.45,112418876.0,385086316.0,16875725837.0,0.0066615727871995,140826150.6,-0.20171874668851453,122823516.5,-0.0847121202558958,2018-07-12
2018-07-13,3.44,3.45,3.4,3.41,83051585.0,283844966.0,16875725837.0,0.0049213637269402,116517626.8,-0.287218704320538,127065344.0,-0.3463868086643672,2018-07-13
2018-07-16,3.41,3.42,3.37,3.39,55170415.0,186902981.0,16875725837.0,0.0032692173085106,112228809.4,-0.5084112956828712,125846455.6,-0.5616053329673594,2018-07-16
2018-07-17,3.37,3.38,3.34,3.37,74982768.0,251642170.0,16875725837.0,0.0044432321740852,104620156.4,-0.28328564418013047,120559263.9,-0.3780422542875198,2018-07-17
2018-07-18,3.35,3.36,3.3,3.31,110973017.0,369907793.0,16875725837.0,0.006575895939047,99674252.4,0.11335690339223436,118210526.1,-0.06122558911443665,2018-07-18
2018-07-19,3.32,3.33,3.26,3.27,80229812.0,264344005.0,16875725837.0,0.0047541547412494,87319332.2,-0.08119072857499476,114072741.4,-0.2966784964107122,2018-07-19
2018-07-20,3.25,3.29,3.21,3.28,113083940.0,366872211.0,16875725837.0,0.0067009822920957,80881519.4,0.3981431214310249,98699573.1,0.14573889681798446,2018-07-20
2018-07-23,3.34,3.42,3.33,3.41,197011234.0,665743492.0,16875725837.0,0.0116742376537104,86887990.4,1.2674161652609701,99558399.9,0.9788509477641774,2018-07-23
2018-07-24,3.39,3.6,3.38,3.57,296322594.0,1046711688.0,16875725837.0,0.0175591021602349,115256154.2,1.5709915106641654,109938155.3,1.6953571595902521,2018-07-24
2018-07-25,3.62,3.62,3.54,3.59,169175839.0,605206332.0,16875725837.0,0.0100248037112028,159524119.4,0.06050319936760595,129599185.9,0.30537732799137896,2018-07-25
2018-07-26,3.59,3.62,3.52,3.56,126354595.0,450589762.0,16875725837.0,0.0074873576532612,171164683.8,-0.26179517763348337,129242008.0,-0.02234113385177361,2018-07-26
2018-07-27,3.53,3.58,3.51,3.55,73858620.0,261765338.0,16875725837.0,0.0043766188615167,180389640.4,-0.5905606339908198,130635579.9,-0.4346209504597607,2018-07-27
2018-07-30,3.57,3.6,3.52,3.52,83509977.0,297125412.0,16875725837.0,0.0049485265289688,172544576.4,-0.5160092612450263,129716283.4,-0.3562105326246189,2018-07-30
2018-07-31,3.54,3.56,3.53,3.54,58153102.0,206139744.0,16875725837.0,0.0034459615285109,149844325.0,-0.6119098804709487,132550239.6,-0.5612750140966173,2018-07-31
2018-08-01,3.54,3.57,3.46,3.47,69700287.0,245340314.0,16875725837.0,0.0041302097268718,102210426.6,-0.318070677145574,130867273.0,-0.4673971161605851,2018-08-01
2018-08-02,3.44,3.44,3.3,3.36,128103124.0,428847837.0,16875725837.0,0.0075909697299735,82315316.2,0.556248945077854,126740000.0,0.010755278522960321,2018-08-02
2018-08-03,3.33,3.35,3.29,3.3,77910253.0,258368508.0,16875725837.0,0.0046167053051538,82665022.0,-0.05751851127554286,131527331.2,-0.4076497083216116,2018-08-03
2018-08-06,3.3,3.35,3.25,3.28,88518903.0,291436300.0,16875725837.0,0.0052453390067479,83475348.6,0.06041968658517227,128009962.5,-0.30849989117057974,2018-08-06
2018-08-07,3.28,3.41,3.22,3.39,160752217.0,533523135.0,16875725837.0,0.0095256475811873,84477133.8,0.9029080387668171,117160729.4,0.3720656897856425,2018-08-07
2018-08-08,3.36,3.44,3.33,3.39,141103558.0,478449339.0,16875725837.0,0.0083613326835774,104996956.8,0.3438823590742395,103603691.7,0.3619549234653383,2018-08-08
2018-08-09,3.36,3.48,3.35,3.46,122494361.0,421206775.0,16875725837.0,0.0072586128847525,119277611.0,0.026968598490793028,100796463.6,0.21526447084597922,2018-08-09
2018-08-10,3.44,3.46,3.39,3.43,83895519.0,286875819.0,16875725837.0,0.0049713724796393,118155858.4,-0.28995887181502633,100410440.2,-0.16447414399444094,2018-08-10
2018-08-13,3.38,3.41,3.35,3.41,65728554.0,222503936.0,16875725837.0,0.0038948578944018,119352911.6,-0.44929241256984964,101414130.1,-0.35187972390841415,2018-08-13
2018-08-14,3.37,3.4,3.35,3.39,50637856.0,170882584.0,16875725837.0,0.0030006327721309,114794841.8,-0.5588838731253863,99635987.8,-0.49177142598670553,2018-08-14
2018-08-15,3.37,3.38,3.31,3.31,66431764.0,221442770.0,16875725837.0,0.0039365278057758,92771969.6,-0.2839241822025518,98884463.2,-0.3281880504762653,2018-08-15
2018-08-16,3.25,3.31,3.21,3.24,88496235.0,288416356.0,16875725837.0,0.0052439957756348,77837610.8,0.13693411309073733,98557610.9,-0.10208623979540887,2018-08-16
2018-08-17,3.26,3.3,3.21,3.23,66970601.0,217885862.0,16875725837.0,0.0039684575138787,71037985.6,-0.057256474344621555,94596922.0,-0.29204249372934143,2018-08-17
2018-08-20,3.23,3.28,3.23,3.28,55659941.0,181084021.0,16875725837.0,0.0032982250089632,67653002.0,-0.1772731533775841,93502956.8,-0.40472533805476407,2018-08-20
2018-08-21,3.28,3.33,3.28,3.32,59473421.0,197101232.0,16875725837.0,0.0035241992892302,65639279.4,-0.0939354980182796,90217060.6,-0.340774121829458,2018-08-21
2018-08-22,3.32,3.32,3.29,3.3,34221031.0,112980342.0,16875725837.0,0.0020278257261664,67406392.4,-0.4923177197063583,80089181.0,-0.5727134355388152,2018-08-22
2018-08-23,3.29,3.32,3.28,3.3,41309905.0,136220215.0,16875725837.0,0.0024478890803871,60964245.8,-0.32239127282043734,69400928.3,-0.40476437402350995,2018-08-23
2018-08-24,3.29,3.32,3.27,3.31,39982015.0,131987155.0,16875725837.0,0.0023692026871128,51526979.8,-0.2240566950520162,61282482.7,-0.3475784067736538,2018-08-24
2018-08-27,3.37,3.44,3.36,3.43,129243921.0,440278209.0,16875725837.0,0.0076585696075147,46129262.6,1.801777303936352,56891132.3,1.2717762114219688,2018-08-27
2018-08-28,3.45,3.46,3.41,3.43,89970171.0,308711988.0,16875725837.0,0.0053313363744474,60846058.6,0.47865240691202304,63242669.0,0.4226181852002482,2018-08-28
2018-08-29,3.42,3.47,3.41,3.43,90383591.0,311233066.0,16875725837.0,0.0053558342836925,66945408.6,0.3501088855853216,67175900.5,0.34547643317412624,2018-08-29
2018-08-30,3.43,3.47,3.38,3.39,71431588.0,244292105.0,16875725837.0,0.0042328009289761,78177920.6,-0.08629460272444234,69571083.2,0.026742501545527153,2018-08-30
2018-08-31,3.4,3.43,3.36,3.4,68925152.0,233939583.0,16875725837.0,0.0040842777765968,84202257.2,-0.18143344024273977,67864618.5,0.015627193130099082,2018-08-31
2018-09-03,3.4,3.4,3.34,3.37,57869087.0,194786402.0,16875725837.0,0.003429131733885,89990884.6,-0.3569450144064924,68060073.6,-0.1497351686672287,2018-09-03
2018-09-04,3.37,3.43,3.37,3.4,61418167.0,208711650.0,16875725837.0,0.0036394385399021,75715917.8,-0.18883414763282436,68280988.2,-0.10050852193143867,2018-09-04
2018-09-05,3.38,3.42,3.36,3.37,58111361.0,196698749.0,16875725837.0,0.0034434880941589,70005517.0,-0.16990312349239556,68475462.8,-0.15135497266036724,2018-09-05
2018-09-06,3.41,3.46,3.38,3.39,114259985.0,391608823.0,16875725837.0,0.0067706708501678,63551071.0,0.7979238304260836,70864495.8,0.6123727927518818,2018-09-06
2018-09-07,3.38,3.46,3.38,3.44,101482056.0,348019064.0,16875725837.0,0.0060134928109285,72116750.4,0.4071911925748666,78159503.8,0.29839688158306865,2018-09-07
2018-09-10,3.44,3.45,3.35,3.35,80334977.0,272793173.0,16875725837.0,0.0047603864732067,78628131.2,0.021707826117072893,84309507.9,-0.04714214326472188,2018-09-10
2018-09-11,3.35,3.36,3.29,3.33,71288918.0,236968287.0,16875725837.0,0.0042243467740924,83121309.2,-0.142350876254004,79418613.5,-0.10236511494877709,2018-09-11
2018-09-12,3.32,3.35,3.29,3.32,48056571.0,159331543.0,16875725837.0,0.0028476743142292,85095459.4,-0.43526280557338415,77550488.2,-0.3803189107454259,2018-09-12
2018-09-13,3.37,3.41,3.35,3.4,75581208.0,255709874.0,16875725837.0,0.0044786937599026,83084501.4,-0.09030918250175601,73317786.2,0.030871387657910532,2018-09-13
2018-09-14,3.39,3.47,3.38,3.45,105338132.0,361913558.0,16875725837.0,0.0062419911900349,75348746.0,0.39800776511927616,73732748.2,0.4286478474160549,2018-09-14
2018-09-17,3.42,3.44,3.38,3.4,56436193.0,192352712.0,16875725837.0,0.0033442231489838,76119961.2,-0.25858878393647944,77374046.2,-0.2706056388194935,2018-09-17
2018-09-18,3.4,3.47,3.36,3.45,95041737.0,324152375.0,16875725837.0,0.0056318606925706,71340204.4,0.3322324739512519,77230756.8,0.23062029867354616,2018-09-18
2018-09-19,3.45,3.58,3.44,3.55,178428653.0,630701468.0,16875725837.0,0.0105730950314916,76090768.2,1.344944823411574,80593113.8,1.21394415213673,2018-09-19
2018-09-20,3.54,3.58,3.52,3.53,106961357.0,379392919.0,16875725837.0,0.0063381781638978,102165184.6,0.04694527219598443,92624843.0,0.15478044049154294,2018-09-20
2018-09-21,3.56,3.63,3.54,3.61,145793098.0,522851804.0,16875725837.0,0.0086392193976243,108441214.4,0.3444436122065413,91894980.2,0.5865186290121209,2018-09-21
2018-09-25,3.61,3.67,3.57,3.6,112969413.0,408260969.0,16875725837.0,0.006694195798815,116532207.6,-0.030573475551320395,96326084.4,0.17278111846514532,2018-09-25
2018-09-26,3.6,3.65,3.57,3.59,115448165.0,416704574.0,16875725837.0,0.0068410784884215,127838851.6,-0.09692426398486198,99589528.0,0.159240005635934,2018-09-26
2018-09-27,3.61,3.62,3.55,3.55,94159472.0,337014128.0,16875725837.0,0.0055795805709023,131920137.2,-0.2862388260160178,104005452.7,-0.09466792792489809,2018-09-27
2018-09-28,3.52,3.58,3.51,3.57,87367883.0,309914651.0,16875725837.0,0.0051771333478555,115066301.0,-0.24071702800283812,108615742.8,-0.1956241264134686,2018-09-28
2018-10-08,3.51,3.57,3.45,3.47,105933154.0,372169362.0,16875725837.0,0.006277250236416,111147606.2,-0.046914660407684106,109794410.3,-0.03516805900636999,2018-10-08
2018-10-09,3.49,3.63,3.46,3.59,152155785.0,542088624.0,16875725837.0,0.0090162512990344,103175617.4,0.4747261885539247,109853912.5,0.38507388164258605,2018-10-09
2018-10-10,3.63,3.73,3.6,3.69,218598038.0,806092888.0,16875725837.0,0.0129534006484464,111012891.8,0.9691229951366784,119425871.7,0.8304077239571868,2018-10-10
2018-10-11,3.61,3.74,3.51,3.6,233582752.0,843449893.0,16875725837.0,0.0138413455075141,131642866.4,0.7743669549875434,131781501.8,0.7725003039842426,2018-10-11
2018-10-12,3.69,3.73,3.6,3.65,210741355.0,771736459.0,16875725837.0,0.0124878394586116,159527522.4,0.32103446370580624,137296911.7,0.5349315027600874,2018-10-12
2018-10-15,3.64,3.64,3.54,3.58,146955681.0,526147074.0,16875725837.0,0.0087081102418599,184202216.8,-0.20220460126406037,147674911.5,-0.004870363507886721,2018-10-15
2018-10-16,3.57,3.59,3.28,3.34,208346562.0,716109052.0,16875725837.0,0.01234593190316,192406722.2,0.0828445057310998,147791169.8,0.4097361992732531,2018-10-16
2018-10-17,3.33,3.41,3.31,3.37,107280833.0,360311959.0,16875725837.0,0.0063571092607339,203644877.6,-0.47319650626950016,157328884.7,-0.3181110181733844,2018-10-17
2018-10-18,3.34,3.35,3.25,3.29,101001739.0,333500632.0,16875725837.0,0.0059850308055226,181381436.6,-0.44315283364560143,156512151.5,-0.35467158280039357,2018-10-18
2018-10-19,3.26,3.43,3.24,3.4,129329428.0,430464003.0,16875725837.0,0.0076636364710574,154865234.0,-0.16489050085960544,157196378.2,-0.17727475988374897,2018-10-19
2018-10-22,3.42,3.55,3.41,3.5,186047967.0,646718299.0,16875725837.0,0.0110245905152174,138582848.6,0.3425035556672775,161392532.7,0.15276688386711212,2018-10-22
2018-10-23,3.48,3.51,3.39,3.48,143088697.0,493578974.0,16875725837.0,0.0084789654905555,146401305.8,-0.022626907471203772,169404014.0,-0.1553405753419751,2018-10-23
2018-10-24,3.45,3.55,3.44,3.51,134741366.0,472682340.0,16875725837.0,0.0079843301142389,133349732.8,0.010435965417997517,168497305.2,-0.20033518731906697,2018-10-24
2018-10-25,3.46,3.57,3.45,3.56,171463192.0,605311833.0,16875725837.0,0.0101603447256809,138841839.4,0.23495333064566126,160111638.0,0.07089774448500741,2018-10-25
2018-10-26,3.52,3.59,3.51,3.55,113865773.0,404415940.0,16875725837.0,0.0067473111438175,152934130.0,-0.2554587193846135,153899682.0,-0.2601299007232517,2018-10-26
2018-10-29,3.51,3.55,3.41,3.42,134893375.0,466537206.0,16875725837.0,0.0079933376675417,149841399.0,-0.09975897248530097,144212123.8,-0.0646183452157163,2018-10-29
2018-10-30,3.39,3.44,3.35,3.41,95908276.0,325844176.0,16875725837.0,0.00568320894321,139610480.6,-0.313029540563017,143005893.2,-0.32934039392440917,2018-10-30
2018-10-31,3.41,3.44,3.36,3.42,98727312.0,336171740.0,16875725837.0,0.0058502557432842,130174396.4,-0.24157657165829582,131762064.6,-0.25071520168028694,2018-10-31
2018-11-01,3.42,3.52,3.39,3.5,155805569.0,536065778.0,16875725837.0,0.0092325254928233,122971585.6,0.2670046355814413,130906712.5,0.1902030539495827,2018-11-01
2018-11-02,3.54,3.58,3.49,3.54,187295266.0,662036510.0,16875725837.0,0.0110985013509377,119840061.0,0.5628769247705907,136387095.5,0.3732623699725317,2018-11-02
2018-11-05,3.53,3.58,3.52,3.55,114472927.0,406837865.0,16875725837.0,0.00678328909261,134525959.6,-0.14906440853219527,142183679.3,-0.1948940443546393,2018-11-05
2018-11-06,3.53,3.55,3.5,3.55,81464032.0,287662229.0,16875725837.0,0.0048272905584535,130441870.0,-0.37547635586641004,135026175.3,-0.39667970436840183,2018-11-06
2018-11-07,3.54,3.63,3.53,3.56,134390284.0,480570633.0,16875725837.0,0.0079635261498115,127553021.2,0.05360329951949416,128863708.8,0.042886979208222265,2018-11-07
2018-11-08,3.54,3.55,3.47,3.48,97301177.0,341950309.0,16875725837.0,0.0057657476744891,134685615.6,-0.27756816073831714,128828600.6,-0.2447237915584406,2018-11-08
2018-11-09,3.45,3.49,3.4,3.42,78866534.0,271397265.0,16875725837.0,0.0046733713715048,122984737.2,-0.358729092767456,121412399.1,-0.3504243834680967,2018-11-09
2018-11-12,3.39,3.44,3.37,3.44,108277904.0,369331257.0,16875725837.0,0.0064161924083052,101298990.8,0.06889420264589652,117912475.2,-0.0817095153304016,2018-11-12
2018-11-13,3.4,3.48,3.39,3.46,99813597.0,343498405.0,16875725837.0,0.0059146254190239,100059986.2,-0.002462414890878728,115250928.1,-0.133945395100033,2018-11-13
2018-11-14,3.44,3.49,3.43,3.44,97716861.0,338478617.0,16875725837.0,0.0057903797409268,103729899.2,-0.057968225616476854,115641460.2,-0.1550014948704358,2018-11-14
2018-11-15,3.46,3.48,3.43,3.48,88172759.0,304095802.0,16875725837.0,0.0052248276519568,96395214.6,-0.0852994169276946,115540415.1,-0.23686652048387868,2018-11-15
2018-11-16,3.47,3.48,3.44,3.46,104465398.0,361846064.0,16875725837.0,0.0061902758440742,94569531.0,0.1046411766597426,108777134.1,-0.03963825794524212,2018-11-16
2018-11-19,3.47,3.48,3.45,3.47,100314835.0,347315730.0,16875725837.0,0.0059443271340696,99689303.8,0.006274807588735554,100494147.3,-0.0017843059005685502,2018-11-19
2018-11-20,3.46,3.55,3.45,3.54,212665738.0,748297396.0,16875725837.0,0.012601872064888,98096690.0,1.1679196107432372,99078338.1,1.146440302474149,2018-11-20
2018-11-21,3.52,3.54,3.48,3.53,126890818.0,445277376.0,16875725837.0,0.0075191324643229,120667118.2,0.05157742964976175,112198508.7,0.13094923872192243,2018-11-21
2018-11-22,3.53,3.54,3.5,3.51,61350805.0,215531368.0,16875725837.0,0.003635446889371,126501909.6,-0.5150207202880042,111448562.1,-0.44951461154831707,2018-11-22
2018-11-23,3.5,3.52,3.38,3.39,127364673.0,438775410.0,16875725837.0,0.0075472115528656,121137518.8,0.051405660786904006,107853524.9,0.18090413009765238,2018-11-23
2018-11-26,3.37,3.4,3.32,3.34,88107285.0,296798766.0,16875725837.0,0.0052209478780951,125717373.8,-0.29916381215402066,112703338.8,-0.21823713531368782,2018-11-26
2018-11-27,3.34,3.37,3.32,3.34,56393802.0,188470436.0,16875725837.0,0.00334171119777,123275863.8,-0.5425397943956649,110686276.9,-0.49050773429709604,2018-11-27
2018-11-28,3.33,3.34,3.29,3.34,99836942.0,331312288.0,16875725837.0,0.00591600876693,92021476.6,0.08493088449310982,106344297.4,-0.06119139022117426,2018-11-28
2018-11-29,3.38,3.45,3.37,3.38,163190285.0,555564330.0,16875725837.0,0.0096701194707848,86610701.4,0.8841815429519198,106556305.5,0.5314934600468106,2018-11-29
2018-11-30,3.36,3.39,3.32,3.39,83990033.0,282038749.0,16875725837.0,0.0049769730683732,106978597.4,-0.2148893793591652,114058058.1,-0.2636203491526917,2018-11-30
2018-12-03,3.42,3.44,3.39,3.44,112694896.0,385631751.0,16875725837.0,0.0066779288244252,98303669.4,0.14639561969392756,112010521.6,0.0061099117317207075,2018-12-03
2018-12-04,3.43,3.44,3.4,3.44,119089025.0,407564316.0,16875725837.0,0.0070568238753261,103221191.6,0.15372650861744175,113248527.7,0.051572390552146574,2018-12-04
2018-12-05,3.4,3.45,3.39,3.41,143883036.0,492685955.0,16875725837.0,0.0085260354066985,115760236.2,0.24294006926015577,103890856.4,0.3849441710829904,2018-12-05
2018-12-06,3.42,3.45,3.39,3.4,97294809.0,332574589.0,16875725837.0,0.0057653703277568,124569455.0,-0.2189513151518564,105590078.2,-0.07856106692418385,2018-12-06
2018-12-07,3.39,3.42,3.38,3.4,50006667.0,169973407.0,16875725837.0,0.0029632305883021,111390359.8,-0.5510682693745999,109184478.6,-0.5419983898700415,2018-12-07
2018-12-10,3.44,3.49,3.43,3.46,155008925.0,535494314.0,16875725837.0,0.0091853189899626,104593686.6,0.48201033961833795,101448678.0,0.5279541148875295,2018-12-10
2018-12-11,3.43,3.49,3.43,3.48,96102612.0,332499404.0,16875725837.0,0.0056947246552972,113056492.4,-0.14995937022366002,108138842.0,-0.11130348519914801,2018-12-11
2018-12-12,3.47,3.48,3.41,3.43,80943899.0,279133122.0,16875725837.0,0.0047964691878633,108459209.8,-0.25369270945951516,112109723.0,-0.2779939434869534,2018-12-12
2018-12-13,3.43,3.45,3.4,3.43,91535730.0,313858003.0,16875725837.0,0.0054241062508439,95871382.4,-0.04522363495198756,110220418.7,-0.16952111886688015,2018-12-13
2018-12-14,3.42,3.43,3.37,3.38,86016139.0,292736681.0,16875725837.0,0.0050970334450095,94719566.6,-0.09188626925157395,103054963.2,-0.16533724986085874,2018-12-14
2018-12-17,3.36,3.43,3.35,3.41,62025925.0,210290439.0,16875725837.0,0.0036754522797477,101921461.0,-0.3914341063066198,103257573.8,-0.3993087120162414,2018-12-17
2018-12-18,3.41,3.46,3.4,3.42,99574674.0,341688682.0,16875725837.0,0.0059004676279868,83324861.0,0.19501758304763328,98190676.7,0.014094997066050441,2018-12-18
2018-12-19,3.42,3.44,3.39,3.42,61950662.0,211668553.0,16875725837.0,0.0036709924419471,84019273.4,-0.2626612979016789,96239241.6,-0.35628480679964125,2018-12-19
2018-12-20,3.39,3.41,3.35,3.37,94984629.0,320432530.0,16875725837.0,0.0056284766603488,80220626.0,0.18404248054608807,88046004.2,0.07880681086036145,2018-12-20
2018-12-21,3.4,3.44,3.35,3.38,108557282.0,368394897.0,16875725837.0,0.0064327474295646,80910405.8,0.34169741118762254,87814986.2,0.23620451015910993,2018-12-21
2018-12-24,3.38,3.41,3.36,3.39,59325844.0,200664813.0,16875725837.0,0.0035154543616682,85418634.4,-0.3054695334721952,93670047.7,-0.36665086164998295,2018-12-24
2018-12-25,3.4,3.42,3.36,3.39,95503961.0,323666219.0,16875725837.0,0.0056592505663138,84878618.2,0.12518279662568776,84101739.6,0.1355765226050094,2018-12-25
2018-12-26,3.37,3.39,3.34,3.37,92924792.0,312749757.0,16875725837.0,0.0055064174956115,84064475.6,0.10539905634051205,84041874.5,0.10569632760868508,2018-12-26
2018-12-27,3.38,3.39,3.31,3.32,92075056.0,307861955.0,16875725837.0,0.0054560649354782,90259301.6,0.02011708896271802,85239963.8,0.08018647469205042,2018-12-27
2018-12-28,3.32,3.34,3.31,3.34,54649258.0,181881972.0,16875725837.0,0.0032383352590489,89677387.0,-0.3906015794148864,85293896.4,-0.3592828994033388,2018-12-28
2019-01-02,3.29,3.29,3.01,3.01,344893938.0,1053924528.0,16875725837.0,0.0204372802290862,78895782.2,3.3715130059259364,82157208.3,3.197975383250699,2019-01-02
2019-01-03,2.96,3.06,2.94,3.05,223657048.0,671474346.0,16875725837.0,0.0132531809393129,136009401.0,0.6444234468762935,110444009.6,1.0250717880492455,2019-01-03
2019-01-04,3.04,3.09,3.02,3.08,136524076.0,418297509.0,16875725837.0,0.0080899676445721,161640018.4,-0.15538195707109625,122852247.0,0.11128676384730674,2019-01-04
2019-01-07,3.08,3.1,3.05,3.08,140964202.0,432767016.0,16875725837.0,0.0083530749054322,170359875.2,-0.17255045042437311,130309588.4,0.08176384969688066,2019-01-07
2019-01-08,3.08,3.08,3.03,3.04,111505464.0,340018009.0,16875725837.0,0.00660744699677,180137704.4,-0.38099875108656045,134907545.7,-0.17346755200810082,2019-01-08
2019-01-09,3.04,3.09,3.03,3.06,102030136.0,312767505.0,16875725837.0,0.0060459702288063,191508945.6,-0.46723044356837606,135202363.9,-0.24535242538018975,2019-01-09
2019-01-10,3.07,3.09,3.05,3.07,82158912.0,252413214.0,16875725837.0,0.0048684668614292,142936185.2,-0.42520564764589786,139472793.1,-0.41093233903265103,2019-01-10
2019-01-11,3.06,3.07,3.04,3.05,65781950.0,200926574.0,16875725837.0,0.0038980219657143,114636558.0,-0.42616952961898946,138138288.2,-0.5237964010039036,2019-01-11
2019-01-14,3.06,3.07,3.03,3.05,76629224.0,233837403.0,16875725837.0,0.0045407957405891,100488132.8,-0.23743011373776868,135424004.0,-0.4341533130271351,2019-01-14
2019-01-15,3.04,3.05,3.01,3.05,97828330.0,296207954.0,16875725837.0,0.0057969850271868,87621137.2,0.1164923570519465,133879420.8,-0.26928030151740845,2019-01-15
2019-01-16,3.04,3.05,2.97,2.99,140584685.0,421550055.0,16875725837.0,0.0083305859764424,84885710.4,0.656164321857404,138197328.0,0.017274986677021653,2019-01-16
2019-01-17,3.0,3.02,2.97,3.0,113644594.0,340311195.0,16875725837.0,0.0067342048038511,92596620.2,0.22730822955026175,117766402.7,-0.034999869279356055,2019-01-17
2019-01-18,3.0,3.03,2.98,3.03,127583959.0,384932071.0,16875725837.0,0.0075602057198791,98893756.6,0.29011136179247954,106765157.3,0.19499621624216923,2019-01-18
2019-01-21,3.03,3.03,3.0,3.01,95026517.0,286619405.0,16875725837.0,0.0056309588054372,111254158.4,-0.14586098743074039,105871145.6,-0.10243233450002442,2019-01-21
2019-01-22,3.01,3.01,2.97,2.98,75337852.0,224932194.0,16875725837.0,0.0044642732838679,114933617.0,-0.3445098660733874,101277377.1,-0.2561235869525692,2019-01-22
2019-01-23,2.99,2.99,2.97,2.98,54932032.0,163490858.0,16875725837.0,0.0032550915160971,110435521.4,-0.5025872898174228,97660615.9,-0.4375211389589445,2019-01-23
2019-01-24,2.97,2.98,2.96,2.97,56591581.0,168086165.0,16875725837.0,0.0033534309307113,93304990.8,-0.3934774494399286,92950805.5,-0.39116631969370075,2019-01-24
2019-01-25,2.97,2.98,2.96,2.98,45509255.0,135332535.0,16875725837.0,0.0026967287475256,81894388.2,-0.444293363681298,90394072.4,-0.4965460257325457,2019-01-25
2019-01-28,3.01,3.02,2.99,2.99,93396791.0,280438867.0,16875725837.0,0.0055343866036995,65479447.4,0.42635276729595617,88366802.9,0.05692169383667944,2019-01-28
2019-01-29,2.99,2.99,2.93,2.95,105175315.0,311184295.0,16875725837.0,0.0062323431902053,65153502.2,0.6142695549526422,90043559.6,0.16804928045070322,2019-01-29
2019-01-30,2.96,2.97,2.95,2.97,49189999.0,145594596.0,16875725837.0,0.0029148375290709,71120994.8,-0.3083617694278933,90778258.1,-0.4581301731322822,2019-01-30
2019-01-31,2.98,3.02,2.96,2.98,112379860.0,335933675.0,16875725837.0,0.0066592608273836,69972588.2,0.6060554981729258,81638789.5,0.37654980785818726,2019-01-31
2019-02-01,2.99,3.01,2.97,3.01,86699838.0,259499586.0,16875725837.0,0.0051375471987054,81130244.0,0.0686500338887186,81512316.1,0.06364095817907955,2019-02-01
2019-02-11,3.01,3.06,3.01,3.05,152350959.0,462853611.0,16875725837.0,0.0090278166682449,89368360.6,0.7047527556413518,77423904.0,0.9677509287054293,2019-02-11
2019-02-12,3.04,3.08,3.03,3.08,150506609.0,460753002.0,16875725837.0,0.008918526554278,101159194.2,0.4878193741088539,83156348.2,0.8099232621184296,2019-02-12
2019-02-13,3.09,3.22,3.06,3.2,277932621.0,878670581.0,16875725837.0,0.0164693728545075,110225453.0,1.5214922092449918,90673223.9,2.065211636309757,2019-02-13
2019-02-14,3.19,3.19,3.14,3.17,132319449.0,418775529.0,16875725837.0,0.0078408152797724,155973977.4,-0.15165689042690278,112973282.8,0.17124549911724785,2019-02-14
2019-02-15,3.16,3.3,3.16,3.25,248612565.0,809923218.0,16875725837.0,0.0147319627849675,159961895.2,0.5541986714345957,120546069.6,1.0623863210551332,2019-02-15
2019-02-18,3.27,3.42,3.27,3.4,267694257.0,898396864.0,16875725837.0,0.0158626810832089,192344440.6,0.3917441864446589,140856400.6,0.9004763422869972,2019-02-18
2019-02-19,3.41,3.47,3.37,3.39,198043064.0,675266281.0,16875725837.0,0.0117353805052811,215413100.2,-0.08063593246591227,158286147.2,0.2511711700820274,2019-02-19
2019-02-20,3.48,3.58,3.44,3.51,304060196.0,1071154024.0,16875725837.0,0.0180176070017295,224920391.2,0.3518569587122433,167572922.1,0.814494801365047,2019-02-20
2019-02-21,3.53,3.56,3.45,3.49,227817222.0,798430780.0,16875725837.0,0.0134996991655618,230145906.2,-0.0101182951217752,193059941.8,0.18003362000391943,2019-02-21
2019-02-22,3.42,3.48,3.4,3.48,196605150.0,674102083.0,16875725837.0,0.0116501744516934,249245460.8,-0.21119867391382408,204603678.0,-0.03909278698303753,2019-02-22
2019-02-25,3.51,3.77,3.5,3.74,421263092.0,1541419020.0,16875725837.0,0.0249626650769818,238843977.8,0.7637584831749522,215594209.2,0.9539629267556413,2019-02-25
2019-02-26,3.68,3.79,3.66,3.69,338028793.0,1259418280.0,16875725837.0,0.0200304743194436,269557744.8,0.25401254284421504,242485422.5,0.3940169661126742,2019-02-26
2019-02-27,3.66,3.71,3.59,3.63,274601696.0,1000401454.0,16875725837.0,0.0162719931961644,297554890.6,-0.07713936260202747,261237640.9,0.051156697993286704,2019-02-27
2019-02-28,3.62,3.65,3.56,3.58,139667105.0,501639130.0,16875725837.0,0.0082762132040436,291663190.6,-0.5211356472077214,260904548.4,-0.464681218259666,2019-02-28
2019-03-01,3.59,3.63,3.55,3.63,131776899.0,472651861.0,16875725837.0,0.0078086655515035,274033167.2,-0.5191206219799513,261639314.0,-0.4963413678725668,2019-03-01
2019-03-04,3.62,3.71,3.58,3.63,297107382.0,1082746508.0,16875725837.0,0.0176056061155362,261067517.0,0.1380480628694991,249955747.4,0.18863992962939968,2019-03-04
2019-03-05,3.58,3.62,3.56,3.61,212953785.0,763237487.0,16875725837.0,0.0126189407825706,236236375.0,-0.0985563294391052,252897059.9,-0.1579428203546308,2019-03-05
2019-03-06,3.62,3.73,3.61,3.7,342072781.0,1256969888.0,16875725837.0,0.0202701077455291,211221373.4,0.6194988958442214,254388132.0,0.3446884424624024,2019-03-06
2019-03-07,3.68,3.86,3.65,3.77,468007540.0,1764096440.0,16875725837.0,0.0277325872984908,224715590.4,1.0826660899091762,258189390.5,0.8126520965624264,2019-03-07
2019-03-08,3.68,3.69,3.53,3.55,310032379.0,1120571834.0,16875725837.0,0.0183714989206718,290383677.4,0.06766462142751295,282208422.3,0.09859364392187375,2019-03-08
2019-03-11,3.55,3.61,3.53,3.61,184553876.0,659811851.0,16875725837.0,0.0109360555974052,326034773.4,-0.43394419535250706,293551145.2,-0.37130588990119184,2019-03-11
2019-03-12,3.63,3.64,3.57,3.6,221104114.0,797310719.0,16875725837.0,0.0131019024684099,303524072.2,-0.27154339885665246,269880223.6,-0.18073243363060565,2019-03-12
2019-03-13,3.62,3.63,3.55,3.56,169520946.0,607876408.0,16875725837.0,0.0100452536167852,305154138.0,-0.44447436593502787,258187755.7,-0.3434198862746456,2019-03-13
2019-03-14,3.56,3.61,3.43,3.45,182958636.0,642706827.0,16875725837.0,0.010841526922585,270643771.0,-0.323987264425162,247679680.7,-0.26130946437383706,2019-03-14
2019-03-15,3.45,3.51,3.43,3.48,149209484.0,517591807.0,16875725837.0,0.0088416631937014,213633990.2,-0.3015648686788419,252008833.8,-0.4079196282523332,2019-03-15
2019-03-18,3.48,3.57,3.48,3.56,157844342.0,555408698.0,16875725837.0,0.0093533364742111,181469411.2,-0.1301876114755366,253752092.3,-0.3779584610739385,2019-03-18
2019-03-19,3.57,3.58,3.51,3.55,148766752.0,528713620.0,16875725837.0,0.0088154283517589,176127504.4,-0.15534627878370144,239825788.3,-0.3796882601552988,2019-03-19
2019-03-20,3.54,3.58,3.49,3.54,147702573.0,522397780.0,16875725837.0,0.0087523686048609,161660032.0,-0.08633834119245998,233407085.0,-0.36718899085689705,2019-03-20
2019-03-21,3.58,3.67,3.57,3.64,313392126.0,1138116588.0,16875725837.0,0.0185705864759243,157296357.4,0.9923673451830359,213970064.2,0.46465407285698257,2019-03-21
2019-03-22,3.62,3.63,3.56,3.59,159107065.0,570971113.0,16875725837.0,0.0094281612854339,183383055.4,-0.13237859052489098,198508522.8,-0.19848748680527695,2019-03-22
2019-03-25,3.57,3.58,3.51,3.52,185615645.0,657300552.0,16875725837.0,0.0109989725356309,185362571.6,0.0013652885683206328,183415991.4,0.011992703488993506,2019-03-25
2019-03-26,3.55,3.59,3.48,3.5,158470262.0,561080935.0,16875725837.0,0.0093904264344324,190916832.2,-0.16995133339531698,183522168.3,-0.1365061590763692,2019-03-26
2019-03-27,3.5,3.51,3.41,3.47,151900538.0,523928947.0,16875725837.0,0.0090011262014554,192857534.2,-0.2123691789895341,177258783.1,-0.1430577636635033,2019-03-27
2019-03-28,3.43,3.47,3.41,3.45,103903538.0,357584262.0,16875725837.0,0.006156981868726,193697127.2,-0.4635772894415958,175496742.3,-0.40794605849501286,2019-03-28
2019-03-29,3.43,3.51,3.41,3.51,167790834.0,581712051.0,16875725837.0,0.0099427328709097,151799409.6,0.10534576150288277,167591232.5,0.0011910020412315703,2019-03-29
2019-04-01,3.55,3.72,3.54,3.65,346648722.0,1259302128.0,16875725837.0,0.0205412629565226,153536163.4,1.2577659511843708,169449367.5,1.0457362993697807,2019-04-01
2019-04-02,3.67,3.69,3.61,3.66,235620825.0,859311921.0,16875725837.0,0.0139621150092046,185742778.8,0.2685328954494999,188329805.5,0.25110746211650503,2019-04-02
2019-04-03,3.63,3.72,3.61,3.7,230835767.0,848546417.0,16875725837.0,0.0136785682126864,201172891.4,0.14744966577539587,197015212.8,0.17166468375380184,2019-04-03
2019-04-04,3.72,3.84,3.7,3.73,288487946.0,1085739335.0,16875725837.0,0.0170948466920155,216959937.2,0.32968302684409156,205328532.2,0.40500661505240143,2019-04-04
2019-04-08,3.76,3.81,3.68,3.75,333352428.0,1246674096.0,16875725837.0,0.0197533683125572,253876818.8,0.31304791660639797,202838114.2,0.6434407769701105,2019-04-08
2019-04-09,3.76,3.8,3.63,3.69,257117880.0,951603150.0,16875725837.0,0.015235959773432,286989137.6,-0.10408497635068692,220262650.5,0.16732400802559133,2019-04-09
2019-04-10,3.68,3.7,3.63,3.68,197666788.0,723624001.0,16875725837.0,0.01171308362729,269082969.2,-0.26540580183251516,227412874.0,-0.1308021198483249,2019-04-10
2019-04-11,3.67,3.69,3.6,3.61,156941363.0,570926700.0,16875725837.0,0.009299828909042,261492161.8,-0.3998238344136861,231332526.6,-0.32157675659951923,2019-04-11
2019-04-12,3.57,3.59,3.51,3.55,170424612.0,604890841.0,16875725837.0,0.0100988018913144,246713281.0,-0.30921995237054145,231836609.1,-0.26489344085217637,2019-04-12
2019-04-15,3.59,3.63,3.49,3.52,160273922.0,573876253.0,16875725837.0,0.0094973053928501,223100614.2,-0.281606988960051,238488716.5,-0.32796014691118525,2019-04-15
2019-04-16,3.5,3.64,3.48,3.63,263379873.0,948318251.0,16875725837.0,0.0156070248796374,188484913.0,0.3973525456650209,237737025.3,0.10786223840245879,2019-04-16
2019-04-17,3.6,3.62,3.56,3.59,226071018.0,811982992.0,16875725837.0,0.0133962248607013,189737311.6,0.19149478873505865,229410140.4,-0.014555251978739525,2019-04-17
2019-04-18,3.58,3.63,3.54,3.56,175409777.0,629662487.0,16875725837.0,0.0103942063703958,195418157.6,-0.10238752041125576,228455159.7,-0.23219165970975442,2019-04-18
2019-04-19,3.54,3.57,3.51,3.57,158245475.0,559821155.0,16875725837.0,0.0093771062962546,199111840.4,-0.20524327090695704,222912560.7,-0.2901006811681204,2019-04-19
2019-04-22,3.58,3.59,3.51,3.54,148102227.0,524731660.0,16875725837.0,0.0087760507862296,196676013.0,-0.24697361543524887,209888313.6,-0.2943760209429783,2019-04-22
2019-04-23,3.52,3.53,3.45,3.47,146636430.0,510690419.0,16875725837.0,0.0086891924777836,194241674.0,-0.2450825459834124,191363293.5,-0.2337274964385999,2019-04-23
2019-04-24,3.46,3.49,3.43,3.49,109202266.0,376959548.0,16875725837.0,0.0064709670597145,170892985.4,-0.36099035461054096,180315148.5,-0.3943810771949646,2019-04-24
2019-04-25,3.47,3.47,3.38,3.39,172772380.0,591371024.0,16875725837.0,0.0102379228999559,147519235.0,0.17118543897004357,171468696.3,0.007603042002017002,2019-04-25
2019-04-26,3.37,3.4,3.33,3.33,123799987.0,415461141.0,16875725837.0,0.0073359799866248,146991755.6,-0.15777598209732513,173051798.0,-0.28460733473569577,2019-04-26
2019-04-29,3.35,3.36,3.3,3.31,127627281.0,425138734.0,16875725837.0,0.0075627728390904,140102658.0,-0.08904454189584321,168389335.5,-0.24207028538336384,2019-04-29
2019-04-30,3.3,3.33,3.28,3.32,117784272.0,388963818.0,16875725837.0,0.0069795085045621,136007668.8,-0.1339880093584841,165124671.4,-0.2866948893743567,2019-04-30
2019-05-06,3.22,3.28,3.15,3.18,230442131.0,739351343.0,16875725837.0,0.0136552426382014,130237237.2,0.7694027910475361,150565111.3,0.5305147986165635,2019-05-06
2019-05-07,3.18,3.21,3.15,3.21,146427468.0,465262257.0,16875725837.0,0.0086768100770491,154485210.2,-0.052158664182598846,151002222.6,-0.030295942147278043,2019-05-07
2019-05-08,3.17,3.3,3.16,3.28,162070654.0,524053530.0,16875725837.0,0.0096037738207775,149216227.8,0.08614630184345118,148103991.7,0.09430307812561156,2019-05-08
2019-05-09,3.23,3.25,3.19,3.2,103281446.0,332260356.0,16875725837.0,0.0061201187431924,156870361.2,-0.34161274819580123,148486509.6,-0.3044388592726406,2019-05-09
2019-05-10,3.22,3.25,3.2,3.25,114172700.0,368469920.0,16875725837.0,0.0067654986281939,152001194.2,-0.24886971710384098,144004431.5,-0.2071584269266047,2019-05-10
2019-05-13,3.22,3.23,3.2,3.2,61057401.0,196370624.0,16875725837.0,0.0036180607334904,151278879.8,-0.5963917694213386,140758058.5,-0.5662244730378971,2019-05-13
2019-05-14,3.23,3.29,3.23,3.25,145078681.0,472593703.0,16875725837.0,0.0085968853962959,117401933.8,0.23574353764179645,135943572.0,0.06719780027554378,2019-05-14
2019-05-15,3.23,3.27,3.22,3.26,99146627.0,321697731.0,16875725837.0,0.0058751029708376,117132176.4,-0.15354917796951317,133174202.1,-0.25551176251425045,2019-05-15
2019-05-16,3.24,3.35,3.24,3.31,150643893.0,497132664.0,16875725837.0,0.008926661552519,104547371.0,0.44091517136284564,130708866.1,0.15251472600755744,2019-05-16
2019-05-17,3.28,3.29,3.2,3.21,120071846.0,389050310.0,16875725837.0,0.0071150626147731,114019860.4,0.05307834598962535,133010527.3,-0.09727561842392607,2019-05-17
2019-05-20,3.19,3.2,3.15,3.19,69048190.0,219325757.0,16875725837.0,0.0040915686037404,115199689.6,-0.4006217357030101,133239284.7,-0.48177303596707166,2019-05-20
2019-05-21,3.18,3.27,3.17,3.24,87065610.0,281220484.0,16875725837.0,0.0051592216442097,116797847.4,-0.2545615185712746,117099890.6,-0.2564842754857364,2019-05-21
2019-05-22,3.24,3.26,3.21,3.23,57109946.0,184427616.0,16875725837.0,0.0033841475354373,105195233.2,-0.45710519134055216,111163704.8,-0.4862536643345121,2019-05-22
2019-05-23,3.22,3.23,3.18,3.19,48545816.0,155472684.0,16875725837.0,0.0028766653635462,96787897.0,-0.49843092468472583,100667634.0,-0.5177614286633576,2019-05-23
2019-05-24,3.22,3.23,3.19,3.2,44999395.0,144322192.0,16875725837.0,0.0026665161211222,76368281.6,-0.4107580522016092,95194071.0,-0.5272878391764546,2019-05-24
2019-05-27,3.19,3.23,3.18,3.22,76507453.0,245418875.0,16875725837.0,0.0045335799916977,61353791.4,0.24698818531367905,88276740.5,-0.13332263327053862,2019-05-27
2019-05-28,3.22,3.24,3.19,3.23,96931021.0,311977015.0,16875725837.0,0.0057438134475661,62845644.0,0.5423665799335273,89821745.7,0.0791487099765864,2019-05-28
2019-05-29,3.2,3.23,3.2,3.23,63991993.0,205822189.0,16875725837.0,0.0037919550020004,64818726.2,-0.012754542529100243,85006979.7,-0.24721483781878206,2019-05-29
2019-05-30,3.21,3.22,3.17,3.21,76343565.0,244296235.0,16875725837.0,0.0045238685279312,66195135.6,0.15331080309774303,81491516.3,-0.06317162244286278,2019-05-30
2019-05-31,3.23,3.25,3.22,3.25,113893012.0,368863749.0,16875725837.0,0.0067489252373542,71754685.4,0.5872554017218226,74061483.5,0.5378170489928142,2019-05-31
2019-06-03,3.3,3.36,3.27,3.34,266795971.0,888632128.0,16875725837.0,0.015809451609782,85533408.8,2.1192018971655906,73443600.1,2.6326646656309545,2019-06-03
2019-06-04,3.39,3.4,3.29,3.31,171255469.0,571587163.0,16875725837.0,0.0101480357440106,123591112.4,0.3856616845209331,93218378.2,0.8371427641936813,2019-06-04
2019-06-05,3.31,3.37,3.29,3.36,157710476.0,526815268.0,16875725837.0,0.0093454040154065,138456002.0,0.1390656506172987,101637364.1,0.5516978170038946,2019-06-05
2019-06-06,3.33,3.37,3.3,3.3,121516118.0,405147975.0,16875725837.0,0.0072006454225261,157199698.6,-0.22699522275038253,111697417.1,0.08790445790890189,2019-06-06
2019-06-10,3.3,3.3,3.22,3.25,158761527.0,516379882.0,16875725837.0,0.0094076858402093,166234209.2,-0.044952734072981615,118994447.3,0.33419273421844786,2019-06-10
2019-06-11,3.24,3.33,3.22,3.32,154686714.0,507671330.0,16875725837.0,0.0091662258260234,175207912.2,-0.11712483724236733,130370660.5,0.18651476802175138,2019-06-11
2019-06-12,3.3,3.48,3.29,3.42,375130405.0,1271788146.0,16875725837.0,0.0222289937999305,152786060.8,1.4552658994923178,138188586.6,1.7146265421025735,2019-06-12
2019-06-13,3.39,3.43,3.36,3.4,184375944.0,624813001.0,16875725837.0,0.0109255119323967,193561048.0,-0.047453266527054505,166008525.0,0.1106414203728392,2019-06-13
2019-06-14,3.42,3.49,3.37,3.48,286710412.0,990449295.0,16875725837.0,0.0169895158744157,198894141.6,0.44152265971015403,178046920.1,0.610308180781612,2019-06-14
2019-06-17,3.42,3.48,3.41,3.43,178284782.0,613840179.0,16875725837.0,0.0105645697092987,231933000.4,-0.23130912076968935,199083604.8,-0.10447280588923724,2019-06-17
2019-06-18,3.41,3.48,3.41,3.47,145246787.0,500133362.0,16875725837.0,0.0086068468048673,235837651.4,-0.3841238405412648,205522781.8,-0.293281330040853,2019-06-18
2019-06-19,3.45,3.5,3.42,3.47,179674094.0,622624052.0,16875725837.0,0.0106468957682439,233949666.0,-0.23199679199371026,193367863.4,-0.07081719350476112,2019-06-19
2019-06-20,3.57,3.68,3.52,3.63,541793885.0,1954251539.0,16875725837.0,0.0321049233812579,194858403.8,1.7804491591550233,194209725.9,1.7897361086796115,2019-06-20
2019-06-21,3.72,3.9,3.64,3.73,677274913.0,2554960281.0,16875725837.0,0.0401330834324812,266341992.0,1.5428769527262527,232618066.8,1.911531861290492,2019-06-21
2019-06-24,3.79,3.83,3.71,3.75,382163722.0,1440315173.0,16875725837.0,0.0226457650290873,344454892.2,0.10947392722210258,288193946.3,0.3260643636219225,2019-06-24
2019-06-25,3.83,3.98,3.82,3.92,834572845.0,3241022154.0,16875725837.0,0.049454041447521,385230680.2,1.1664236206906349,310534165.8,1.687539526769843,2019-06-25
2019-06-26,3.8,3.82,3.65,3.67,542518726.0,2032183833.0,16875725837.0,0.0321478750745362,523095891.8,0.03713054241960312,378522778.9,0.433252518056054,2019-06-26
2019-06-27,3.66,3.76,3.65,3.73,309696852.0,1151680959.0,16875725837.0,0.0183516166943759,595664818.2,-0.48008201502339465,395261611.0,-0.21647626943462517,2019-06-27
2019-06-28,3.79,3.88,3.75,3.77,319098708.0,1218288356.0,16875725837.0,0.0189087397533074,549245411.6,-0.41902344332665886,407793701.8,-0.21749966566060386,2019-06-28
2019-07-01,3.65,3.77,3.62,3.74,303932527.0,1128537599.0,16875725837.0,0.0180100417567597,477610170.6,-0.3636389136810396,411032531.4,-0.26056332824852413,2019-07-01
2019-07-02,3.71,3.79,3.68,3.78,235653589.0,880675447.0,16875725837.0,0.0139640564960666,461963931.6,-0.4898874719854861,423597305.9,-0.44368487306755555,2019-07-02
2019-07-03,3.96,3.99,3.82,3.83,339464306.0,1315641436.0,16875725837.0,0.0201155380976695,342180080.4,-0.007936681751974928,432637986.1,-0.21536176455495948,2019-07-03
2019-07-04,3.82,3.85,3.69,3.72,272680635.0,1027790271.0,16875725837.0,0.0161581574406801,301569196.4,-0.0957941386085146,448617007.3,-0.39217499434288616,2019-07-04
2019-07-05,3.72,3.77,3.72,3.76,133314881.0,498832118.0,16875725837.0,0.0078998013055952,294165953.0,-0.5468038376283472,421705682.3,-0.6838674777325855,2019-07-05
2019-07-08,3.7,3.72,3.63,3.7,199171360.0,730919478.0,16875725837.0,0.0118022396146847,257009187.6,-0.2250418677250431,367309679.1,-0.4577562984781144,2019-07-08
2019-07-09,3.65,3.66,3.61,3.65,100211367.0,364207042.0,16875725837.0,0.0059381959607501,236056954.2,-0.5754780140258202,349010442.9,-0.7128700042115559,2019-07-09
2019-07-10,3.62,3.65,3.57,3.58,101798956.0,366622498.0,16875725837.0,0.0060322712624784,208968509.8,-0.5128502562542561,275574295.1,-0.6305934268540564,2019-07-10
2019-07-11,3.6,3.64,3.55,3.58,211054511.0,758833387.0,16875725837.0,0.0125063960530375,161435439.8,0.3073616998936066,231502318.1,-0.08832657602662686,2019-07-11
2019-07-12,3.54,3.56,3.49,3.52,121573973.0,428024229.0,16875725837.0,0.0072040737195107,149110215.0,-0.18467039297072974,221638084.0,-0.45147525729377813,2019-07-12
2019-07-15,3.53,3.56,3.48,3.55,99242100.0,349883320.0,16875725837.0,0.0058807603867569,146762033.4,-0.3237890093174466,201885610.5,-0.5084241033612448,2019-07-15
2019-07-16,3.53,3.58,3.52,3.57,86871280.0,309321289.0,16875725837.0,0.0051477062876628,126776181.4,-0.31476655125061215,181416567.8,-0.5211502397301996,2019-07-16
2019-07-17,3.53,3.55,3.5,3.52,93719750.0,329889608.0,16875725837.0,0.0055535240916583,124108164.0,-0.24485427082782407,166538336.9,-0.43724819315161545,2019-07-17
2019-07-18,3.6,3.61,3.52,3.53,132252728.0,470818812.0,16875725837.0,0.0078368616127927,122492322.8,0.07968177088074624,141963881.3,-0.06840580301885568,2019-07-18
2019-07-19,3.62,3.69,3.58,3.67,268517560.0,980937232.0,16875725837.0,0.0159114673107141,106731966.2,1.5158119873556681,127921090.6,1.0990874822951207,2019-07-19
2019-07-22,3.6,3.63,3.54,3.61,144723990.0,520057928.0,16875725837.0,0.0085758675744004,136120683.6,0.06320352037961707,141441358.5,0.023208427399260323,2019-07-22
2019-07-23,3.56,3.61,3.56,3.61,92937260.0,332945259.0,16875725837.0,0.0055071563082777,145217061.6,-0.360011427197202,135996621.5,-0.3166208176722979,2019-07-23
2019-07-24,3.6,3.64,3.59,3.64,124948452.0,451288238.0,16875725837.0,0.0074040342446219,146430257.6,-0.146703324518361,135269210.8,-0.0762979153863742,2019-07-24
2019-07-25,3.61,3.63,3.58,3.61,128370877.0,461568398.0,16875725837.0,0.0076068358919737,152675998.0,-0.15919411903893366,137584160.4,-0.06696470998706627,2019-07-25
2019-07-26,3.57,3.58,3.53,3.58,110488584.0,392964661.0,16875725837.0,0.0065471900330209,151899627.8,-0.27262110118218474,129315797.0,-0.14559097524643494,2019-07-26
2019-07-29,3.59,3.6,3.55,3.57,81150731.0,289893542.0,16875725837.0,0.0048087253718045,120293832.6,-0.3253957476785888,128207258.1,-0.3670348137645726,2019-07-29
2019-07-30,3.58,3.63,3.56,3.63,167623940.0,602459359.0,16875725837.0,0.0099328432814714,107579180.8,0.5581447892936549,126398121.2,0.32615847774167706,2019-07-30
2019-07-31,3.62,3.67,3.6,3.66,162458817.0,590928835.0,16875725837.0,0.0096267750832861,122516516.8,0.3260156364484563,134473387.2,0.20811128791139732,2019-07-31
2019-08-01,3.56,3.6,3.52,3.58,167697088.0,599389558.0,16875725837.0,0.0099371777913293,130018589.8,0.2897931615621938,141347293.9,0.18641880840422642,2019-08-01
2019-08-02,3.64,3.66,3.56,3.58,136928969.0,493236703.0,16875725837.0,0.008113960271847,137883832.0,-0.006925126652992941,144891729.9,-0.054956627997303054,2019-08-02
2019-08-05,3.57,3.83,3.57,3.79,458177644.0,1711798584.0,16875725837.0,0.027150099997207,143171909.0,2.2001923226434035,131732870.8,2.4780813719274084,2019-08-05
2019-08-06,3.8,3.85,3.65,3.69,387461557.0,1442662291.0,16875725837.0,0.0229596973038333,218577291.6,0.7726523838032588,163078236.2,1.3759243785591053,2019-08-06
2019-08-07,3.75,3.82,3.73,3.78,323050309.0,1222506083.0,16875725837.0,0.0191428986296822,262544815.0,0.23045777537065426,192530665.9,0.6779161256721129,2019-08-07
2019-08-08,3.85,3.88,3.76,3.8,285591175.0,1091029817.0,16875725837.0,0.0169231935715524,294663113.4,-0.030787492520941928,212340851.6,0.34496576070056606,2019-08-08
2019-08-09,3.79,3.82,3.72,3.73,195146372.0,737695153.0,16875725837.0,0.0115637320660982,318241930.8,-0.3867986801442571,228062881.4,-0.1443308494479102,2019-08-09
2019-08-12,3.72,3.72,3.67,3.71,136638962.0,504382239.0,16875725837.0,0.0080967754110119,329885411.4,-0.5857987128920973,236528660.2,-0.4223154103842507,2019-08-12
2019-08-13,3.76,3.87,3.73,3.83,309429103.0,1176951535.0,16875725837.0,0.0183357507694025,265577675.0,0.16511714698910596,242077483.3,0.2782233968308938,2019-08-13
2019-08-14,3.7,3.76,3.68,3.72,223181302.0,830019062.0,16875725837.0,0.0132249897963307,249971184.2,-0.10717188177404324,256257999.6,-0.1290757660312275,2019-08-14
2019-08-15,3.77,3.78,3.69,3.71,218554432.0,816343915.0,16875725837.0,0.0129508167003294,229997382.8,-0.04975252614048442,262330248.1,-0.16687292608099358,2019-08-15
2019-08-16,3.72,3.74,3.69,3.71,149629883.0,554886026.0,16875725837.0,0.0088665746555289,216590034.2,-0.30915619662430427,267415982.5,-0.44046020884335135,2019-08-16
2019-08-19,3.66,3.68,3.62,3.68,198651411.0,724358423.0,16875725837.0,0.0117714291473293,207486736.4,-0.04258260336683384,268686073.9,-0.2606560953585767,2019-08-19
2019-08-20,3.64,3.71,3.62,3.7,181590340.0,666060194.0,16875725837.0,0.0107604462026672,219889226.2,-0.17417354575237476,242733450.6,-0.25189404447085295,2019-08-20
2019-08-21,3.69,3.69,3.66,3.66,96672290.0,354938144.0,16875725837.0,0.0057284818996079,194321473.6,-0.5025136017700516,222146328.9,-0.5648260744226956,2019-08-21
2019-08-22,3.66,3.66,3.61,3.62,99838837.0,362373669.0,16875725837.0,0.0059161210583964,169019671.2,-0.4093064062237981,199508527.0,-0.4995760908003697,2019-08-22
2019-08-23,3.6,3.65,3.58,3.63,100201136.0,362096334.0,16875725837.0,0.0059375897053452,145276552.2,-0.3102731687763718,180933293.2,-0.44619846227394033,2019-08-23
2019-08-26,3.73,3.77,3.67,3.69,215623393.0,800903557.0,16875725837.0,0.0127771329709117,135390802.8,0.5926000034028898,171438769.6,0.2577283044149892,2019-08-26
2019-08-27,3.66,3.72,3.64,3.69,182000141.0,668406090.0,16875725837.0,0.0107847296618771,138785199.2,0.3113800466411696,179337212.7,0.014848721355197103,2019-08-27
2019-08-28,3.69,3.7,3.62,3.64,162154048.0,593139452.0,16875725837.0,0.009608715474891,138867159.4,0.16769183369642682,166594316.5,-0.026653181172600182,2019-08-28
2019-08-29,3.62,3.7,3.61,3.7,157937605.0,578097155.0,16875725837.0,0.0093588629328003,151963511.0,0.03931268737269433,160491591.1,-0.015913519720847202,2019-08-29
2019-08-30,3.64,3.7,3.63,3.66,127445684.0,467081098.0,16875725837.0,0.007552011998238,163583264.6,-0.2209124551240922,154429908.4,-0.17473444541653305,2019-08-30
2019-09-02,3.65,3.66,3.59,3.62,181443744.0,655668099.0,16875725837.0,0.0107517594059382,169032174.2,0.07342726234660257,152211488.5,0.19205025710000867,2019-09-02
2019-09-03,3.61,3.62,3.55,3.57,172952508.0,618596630.0,16875725837.0,0.0102485966927005,162196244.4,0.06631635423982729,150490721.8,0.14925695040423403,2019-09-03
2019-09-04,3.6,3.61,3.57,3.59,184818636.0,664404085.0,16875725837.0,0.0109517444040709,160386717.8,0.15233130607776535,149626938.6,0.23519626699092266,2019-09-04
2019-09-05,3.6,3.65,3.59,3.63,199660011.0,723946918.0,16875725837.0,0.0118311954655156,164919635.4,0.2106503298757596,158441573.2,0.2601491323743055,2019-09-05
2019-09-06,3.58,3.58,3.53,3.54,222410678.0,790645556.0,16875725837.0,0.0131793251530766,173264116.6,0.28365112387038827,168423690.6,0.3205427170469568,2019-09-06
2019-09-09,3.54,3.55,3.51,3.55,155197013.0,547940013.0,16875725837.0,0.0091964644661227,192257115.4,-0.1927632291938569,180644644.8,-0.1408712216638044,2019-09-09
2019-09-10,3.52,3.55,3.51,3.54,124017965.0,437623735.0,16875725837.0,0.007348896645861,187007769.2,-0.3368298786166152,174602006.8,-0.28971054071527436,2019-09-10
2019-09-11,3.53,3.58,3.52,3.56,155344511.0,550764358.0,16875725837.0,0.0092052047124045,177220860.6,-0.12344116559379803,168803789.2,-0.07973327058466284,2019-09-11
2019-09-12,3.54,3.55,3.53,3.55,93111669.0,329497768.0,16875725837.0,0.0055174912118951,171326035.6,-0.45652353027422765,168122835.5,-0.44616881625220983,2019-09-12
2019-09-16,3.56,3.58,3.54,3.58,119140628.0,424518749.0,16875725837.0,0.0070598816993568,150016367.2,-0.2058158038105058,161640241.9,-0.26292718570844953,2019-09-16
2019-09-17,3.56,3.56,3.48,3.49,119951230.0,421274280.0,16875725837.0,0.0071079153073823,129362357.2,-0.07275012147042115,160809736.3,-0.25407980412191,2019-09-17
2019-09-18,3.49,3.51,3.48,3.48,74665247.0,260507515.0,16875725837.0,0.0044244169241181,122313200.6,-0.389556919173612,154660484.9,-0.5172312627347776,2019-09-18
2019-09-19,3.47,3.47,3.43,3.47,87685864.0,302676394.0,16875725837.0,0.0051959758559094,112442657.0,-0.22017260762523605,144831758.8,-0.3945674296403008,2019-09-19
2019-09-20,3.46,3.5,3.46,3.5,85767787.0,298989340.0,16875725837.0,0.0050823169224493,98910927.6,-0.13287854960931533,135118481.6,-0.36524015083366657,2019-09-20
2019-09-23,3.5,3.51,3.45,3.45,70250594.0,244167787.0,16875725837.0,0.0041628191094439,97442151.2,-0.27905333436439983,123729259.2,-0.4322232715671186,2019-09-23
2019-09-24,3.46,3.47,3.43,3.44,90421323.0,311447936.0,16875725837.0,0.0053580701578921,87664144.4,0.03145161136141761,108513250.8,-0.16672551662234414,2019-09-24
2019-09-25,3.46,3.46,3.4,3.41,80683010.0,275765270.0,16875725837.0,0.0047810097639239,81758163.0,-0.013150405544214538,102035681.8,-0.20926671359783078,2019-09-25
2019-09-26,3.38,3.39,3.28,3.31,152296672.0,505757088.0,16875725837.0,0.0090245997992032,82961715.6,0.8357464150608767,97702186.3,0.558784688117056,2019-09-26
2019-09-27,3.3,3.31,3.28,3.29,78820942.0,259443496.0,16875725837.0,0.0046706697395607,95883877.2,-0.1779541639144313,97397402.4,-0.19072849934650826,2019-09-27
2019-09-30,3.29,3.3,3.26,3.27,57650269.0,188917350.0,16875725837.0,0.003416165299012,94494508.2,-0.3899087883712591,95968329.7,-0.3992781870830039,2019-09-30
2019-10-08,3.27,3.3,3.25,3.26,56785613.0,185964836.0,16875725837.0,0.0033649286287584,91974443.2,-0.3825935659483286,89819293.8,-0.3677793423042923,2019-10-08
2019-10-09,3.27,3.34,3.27,3.32,74633694.0,247151727.0,16875725837.0,0.0044225471971324,85247301.2,-0.12450373267652493,83502732.1,-0.10621254990050788,2019-10-09
2019-10-10,3.32,3.34,3.3,3.33,59814655.0,198644499.0,16875725837.0,0.0035444196935729,84037438.0,-0.28823799935452576,83499576.8,-0.2836531957129631,2019-10-10
2019-10-11,3.32,3.34,3.3,3.34,48805114.0,161989702.0,16875725837.0,0.0028920305100592,65541034.6,-0.25535026570972075,80712455.9,-0.39532116256668137,2019-10-11
2019-10-14,3.32,3.35,3.31,3.33,108556823.0,361196939.0,16875725837.0,0.0064327202307345,59537869.0,0.8233239587396048,77016188.6,0.4095325278145485,2019-10-14
2019-10-15,3.33,3.34,3.3,3.3,53369662.0,176899821.0,16875725837.0,0.0031625106093503,69719179.8,-0.2345053089680782,80846811.5,-0.33986682950384506,2019-10-15
2019-10-16,3.31,3.31,3.28,3.28,43326972.0,142885892.0,16875725837.0,0.0025674138356174,69035989.6,-0.37240021833481474,77141645.4,-0.4383452443185767,2019-10-16
2019-10-17,3.29,3.29,3.26,3.27,62259627.0,203746749.0,16875725837.0,0.0036893006914994,62774645.2,-0.008204239121689216,73406041.6,-0.15184601099645723,2019-10-17
2019-10-18,3.27,3.28,3.21,3.21,74581850.0,241910160.0,16875725837.0,0.0044194750922345,63263639.6,0.1789054577251985,64402337.1,0.15806123439579345,2019-10-18
2019-10-21,3.21,3.23,3.16,3.22,68742172.0,219256255.0,16875725837.0,0.0040734349837138,68418986.8,0.004723618619853598,63978427.9,0.07445859888032658,2019-10-21
2019-10-22,3.2,3.21,3.19,3.21,48405094.0,154874183.0,16875725837.0,0.0028683266407345,60456056.6,-0.19933424834063695,65087618.2,-0.2563087214028674,2019-10-22
2019-10-23,3.2,3.25,3.2,3.24,69112601.0,223124358.0,16875725837.0,0.0040953853877188,59463143.0,0.16227628600122945,64249566.3,0.07568976695178109,2019-10-23
2019-10-24,3.24,3.24,3.19,3.21,49556042.0,159094997.0,16875725837.0,0.0029365280331438,64620268.8,-0.23311922218435588,63697457.0,-0.22200909841659766,2019-10-24
2019-10-25,3.22,3.24,3.2,3.24,51727067.0,166483875.0,16875725837.0,0.0030651758330055,62079551.8,-0.16676159056934425,62671595.7,-0.17463299885309924,2019-10-25
2019-10-28,3.23,3.36,3.22,3.36,179880301.0,594036904.0,16875725837.0,0.0106591149167411,57508595.2,2.127885499105358,62963791.0,1.8568848562501583,2019-10-28
2019-10-29,3.33,3.35,3.31,3.31,70227470.0,233833283.0,16875725837.0,0.0041614488572708,79736221.0,-0.11925259161705193,70096138.8,0.0018735867944841278,2019-10-29
2019-10-30,3.31,3.36,3.3,3.35,124647773.0,415689023.0,16875725837.0,0.0073862169961726,84100696.2,0.4821253405985477,71781919.6,0.7364786800714092,2019-10-30
2019-10-31,3.36,3.39,3.33,3.38,108485100.0,364380428.0,16875725837.0,0.006428470161689,95207730.6,0.13945684154349558,79913999.7,0.35752309241505764,2019-10-31
2019-11-01,3.4,3.43,3.35,3.37,140977812.0,477409469.0,16875725837.0,0.0083538813892618,106993542.2,0.3176291680901093,84536547.0,0.6676551976981033,2019-11-01
2019-11-04,3.37,3.49,3.36,3.47,201467036.0,694381282.0,16875725837.0,0.011938273822764,124843691.2,0.6137542399098819,91176143.2,1.2096463935535278,2019-11-04
2019-11-05,3.47,3.5,3.44,3.47,105677308.0,366458650.0,16875725837.0,0.0062620896440674,129161038.2,-0.18181744686533496,104448629.6,0.011763470757877759,2019-11-05
2019-11-06,3.44,3.63,3.44,3.59,304066851.0,1084341781.0,16875725837.0,0.0180180013551378,136251005.8,1.2316668358862124,110175851.0,1.7598321069469205,2019-11-06
2019-11-07,3.58,3.61,3.53,3.59,126546850.0,452763577.0,16875725837.0,0.0074987500521338,172134821.4,-0.26483875272432245,133671276.0,-0.0532981072163925,2019-11-07
2019-11-08,3.57,3.61,3.54,3.59,132126617.0,472742107.0,16875725837.0,0.0078293886897778,175747171.4,-0.24820060574812763,141370356.8,-0.06538669074081316,2019-11-08
2019-11-11,3.56,3.57,3.48,3.5,160408254.0,562936815.0,16875725837.0,0.0095052654652818,173976932.4,-0.0779912498330727,149410311.8,0.07360899035350243,2019-11-11
2019-11-12,3.49,3.5,3.41,3.44,113034113.0,389494847.0,16875725837.0,0.0066980297079828,165765176.0,-0.318107000954169,147463107.1,-0.23347530631273394,2019-11-12
2019-11-13,3.51,3.62,3.47,3.49,218683387.0,769966877.0,16875725837.0,0.0129584581494288,167236537.0,0.30762924730975505,151743771.4,0.44113583695996095,2019-11-13
2019-11-14,3.49,3.5,3.42,3.44,159394784.0,549665936.0,16875725837.0,0.0094452105669154,150159844.2,0.06150072843509258,161147332.8,-0.010875444039617488,2019-11-14
2019-11-21,3.46,3.55,3.46,3.53,208016211.0,728901282.0,16875725837.0,0.0123263563895974,156729431.0,0.32723132900291074,166238301.2,0.25131338264662206,2019-11-21
2019-11-22,3.52,3.64,3.5,3.62,202963641.0,727914211.0,16875725837.0,0.0120269577119463,171907349.8,0.18065714605065697,172942141.1,0.17359273864107383,2019-11-22
2019-11-25,3.67,3.8,3.63,3.77,298447499.0,1111055352.0,16875725837.0,0.0176850170406095,180418427.2,0.6541963236890473,173091801.6,0.7242151057488329,2019-11-25
2019-11-26,3.74,3.77,3.69,3.77,149457075.0,556600985.0,16875725837.0,0.008856334621905,217501104.4,-0.3128445236529107,192368820.7,-0.22307017085123704,2019-11-26
2019-11-27,3.75,3.75,3.63,3.68,127916678.0,471747132.0,16875725837.0,0.0075799215533321,203655842.0,-0.37189782162006435,176907843.1,-0.27693043022579245,2019-11-27
2019-11-28,3.66,3.71,3.63,3.64,80012924.0,293512373.0,16875725837.0,0.0047413026718277,197360220.8,-0.5945843408784837,177044825.9,-0.5480640363633468,2019-11-28
2019-11-29,3.54,3.6,3.49,3.56,255794315.0,908602840.0,19221766892.0,0.0133075339242856,171759563.4,0.48925806480013434,171833456.6,0.48861764211289227,2019-11-29
2019-12-02,3.6,3.78,3.58,3.7,281817655.0,1047378755.0,19221766892.0,0.0146613813695395,182325698.2,0.5456825767416698,181372062.7,0.5538096154651055,2019-12-02
2019-12-03,3.77,3.8,3.71,3.73,166242030.0,623537933.0,19221766892.0,0.008648634172605,178999729.4,-0.07127217143156195,198250416.9,-0.16145432327713816,2019-12-03
2019-12-04,3.77,3.8,3.73,3.77,207460504.0,782589734.0,19221766892.0,0.0107929986439667,182356720.4,0.13766305702874448,193006281.2,0.07488990881608681,2019-12-04
2019-12-05,3.76,3.77,3.67,3.7,157013478.0,582175224.0,19221766892.0,0.0081685247189917,198265485.6,-0.20806449229002866,197812853.2,-0.2062523973543292,2019-12-05
2019-12-06,3.69,3.72,3.65,3.68,109172021.0,401696745.0,19221766892.0,0.0056796038373265,213665596.4,-0.4890519445366358,192712579.9,-0.43349821243299125,2019-12-06
2019-12-09,3.66,3.85,3.66,3.85,304464617.0,1154219269.0,19221766892.0,0.0158395749314136,184341137.6,0.6516368563410666,183333417.9,0.6607153266845847,2019-12-09
2019-12-10,3.85,4.0,3.83,3.96,362710977.0,1435690091.0,19221766892.0,0.0188698041672203,188870530.0,0.9204212377653624,183935129.7,0.9719505327317581,2019-12-10
2019-12-11,3.96,4.02,3.93,3.95,159072047.0,630518218.0,19221766892.0,0.0082756204408141,228164319.4,-0.30281804175907445,205260519.9,-0.2250236573623723,2019-12-11
2019-12-12,4.02,4.05,3.93,3.93,138460815.0,550252445.0,19221766892.0,0.0072033344165476,218486628.0,-0.366273276001129,208376056.8,-0.3355243537749871,2019-12-12
2019-12-13,3.95,3.99,3.91,3.96,125701226.0,495294901.0,19221766892.0,0.0065395250450319,214776095.4,-0.41473362868482433,214220845.9,-0.4132166481189308,2019-12-13
2019-12-16,3.96,3.97,3.87,3.95,165928676.0,649806268.0,19221766892.0,0.008632332133268,218081936.4,-0.2391452554985659,201211537.0,-0.1753520773513101,2019-12-16
2019-12-17,3.96,4.03,3.93,3.99,209732926.0,834670360.0,19221766892.0,0.0109112199299061,190374748.2,0.10168458780921452,189622639.1,0.10605425067095808,2019-12-17
2019-12-18,3.98,3.99,3.95,3.97,130068260.0,516003370.0,19221766892.0,0.006766717166575,159779138.0,-0.18594967010023544,193971728.7,-0.3294473330122979,2019-12-18
2019-12-19,3.96,4.13,3.94,4.1,310569067.0,1261566070.0,19221766892.0,0.0161571549975073,153978380.6,1.0169654063760172,186232504.3,0.6676415761434831,2019-12-19
2019-12-20,4.1,4.11,3.99,4.02,206432567.0,832142083.0,19221766892.0,0.0107395208858721,188400031.0,0.0957140819154112,201588063.2,0.024031699710283405,2019-12-20
2019-12-23,3.99,4.04,3.96,3.97,116477193.0,465728636.0,19221766892.0,0.0060596506894731,204546299.2,-0.43055829679855673,211314117.8,-0.4487959715486648,2019-12-23
2019-12-24,3.98,4.14,3.93,4.12,210025202.0,853742897.0,19221766892.0,0.0109264253999153,194656002.6,0.07895569206556807,192515375.4,0.0909528735750007,2019-12-24
2019-12-25,4.15,4.2,4.09,4.14,169416725.0,701708414.0,19221766892.0,0.0088137956282525,194714457.8,-0.12992221063514686,177246797.9,-0.04417610356164303,2019-12-25
2019-12-26,4.12,4.24,4.1,4.19,188737081.0,789315920.0,19221766892.0,0.0098189246628805,202584150.8,-0.06835218720377811,178281265.7,0.05864786330154503,2019-12-26
2019-12-27,4.19,4.61,4.19,4.46,476812687.0,2114576087.0,19221766892.0,0.0248058718888348,178217753.6,1.6754499895121562,183308892.3,1.6011432452477918,2019-12-27
2019-12-30,4.48,4.6,4.37,4.49,293426675.0,1312175630.0,19221766892.0,0.0152653331324147,232293777.6,0.26317061968516553,218420038.4,0.3434054730026088,2019-12-30
2019-12-31,4.53,4.64,4.45,4.59,292216495.0,1330267050.0,19221766892.0,0.0152023743000243,267683674.0,0.09164855156612961,231169838.3,0.2640770835370696,2019-12-31
2020-01-02,4.62,4.85,4.6,4.75,350856766.0,1667226632.0,19221766892.0,0.018253096501031,284121932.6,0.2348809639203473,239418195.2,0.46545572990769934,2020-01-02
2020-01-03,4.78,4.9,4.71,4.8,274099877.0,1319798516.0,19221766892.0,0.0142598689569,320409940.8,-0.14453379219250495,261497045.8,0.04819492763845212,2020-01-03
2020-01-06,4.94,5.02,4.65,4.86,577602337.0,2780549169.0,19221766892.0,0.0300493882922071,337482500.0,0.7115030764558161,257850126.8,1.24007001341525,2020-01-06
2020-01-07,4.73,4.73,4.62,4.67,402402486.0,1877777118.0,19221766892.0,0.020934729271297,357640430.0,0.1251593842452321,294967103.8,0.3642283523007557,2020-01-07
2020-01-08,4.79,4.83,4.61,4.7,440337771.0,2072072563.0,19221766892.0,0.0229082879567781,379435592.2,0.16050729043863265,323559633.1,0.360916894302165,2020-01-08
2020-01-09,4.53,4.62,4.48,4.51,387550882.0,1758105776.0,19221766892.0,0.0201620841714242,409059847.4,-0.05258146341351222,346590890.0,0.11817965555874821,2020-01-09
2020-01-10,4.5,4.55,4.46,4.54,235712336.0,1063149765.0,19221766892.0,0.0122627819453008,416398670.6,-0.4339263003401145,368404305.7,-0.36018029009697317,2020-01-10
2020-01-13,4.55,4.64,4.52,4.63,203908618.0,936407153.0,19221766892.0,0.0106082140703134,408721162.4,-0.5011057983818261,373101831.2,-0.4534773057956516,2020-01-13
2020-01-14,4.63,4.88,4.62,4.74,321751155.0,1532893173.0,19221766892.0,0.0167388958989982,333982418.6,-0.036622477468339465,345811424.3,-0.06957627079181494,2020-01-14
2020-01-15,4.73,4.74,4.57,4.6,189435385.0,879009858.0,19221766892.0,0.0098552534771838,317852152.4,-0.40401415069983326,348643872.3,-0.4566507543921632,2020-01-15
2020-01-16,4.6,4.62,4.49,4.52,168868136.0,765643798.0,19221766892.0,0.0087852556400672,267671675.2,-0.36912213115629644,338365761.3,-0.500930190598454,2020-01-16
2020-01-17,4.52,4.66,4.49,4.62,179916087.0,823719405.0,19221766892.0,0.0093600181508225,223935126.0,-0.196570496939368,320166898.3,-0.43805531441474443,2020-01-17
2020-01-20,4.6,4.61,4.48,4.54,185356720.0,837995411.0,19221766892.0,0.0096430635664999,212775876.2,-0.12886402673876052,310748519.3,-0.40351535570454444,2020-01-20
2020-01-21,4.52,4.52,4.36,4.36,255850302.0,1131010501.0,19221766892.0,0.0133104466117775,209065496.6,0.22378061497881818,271523957.6,-0.0577247611538203,2020-01-21
2020-01-22,4.33,4.47,4.21,4.43,192937829.0,841726380.0,19221766892.0,0.0100374658627402,195885326.0,-0.01504705360114622,256868739.2,-0.24888552183931922,2020-01-22
2020-01-23,4.31,4.53,4.22,4.29,295411006.0,1286037893.0,19221766892.0,0.0153685666702652,196585814.8,0.5027076409380886,232128745.0,0.2726170815251683,2020-01-23
2020-02-03,3.86,4.05,3.86,3.86,449831802.0,1751335325.0,19221766892.0,0.0234022087837938,221894388.8,1.0272337864543601,222914757.4,1.0179543393478352,2020-02-03
2020-02-04,3.86,4.03,3.86,3.98,278159584.0,1101626239.0,19221766892.0,0.014471072589886,275877531.8,0.008271975557815114,244326704.0,0.13847393447422762,2020-02-04
2020-02-05,3.96,4.12,3.93,4.03,302199277.0,1217004269.0,19221766892.0,0.0157217220819473,294438104.6,0.02635926627276608,251751800.6,0.2003857620075351,2020-02-05
2020-02-06,4.07,4.18,4.0,4.13,302518837.0,1235523049.0,19221766892.0,0.0157383469844235,303707899.6,-0.0039151520311657695,249796612.8,0.21106060490184508,2020-02-06
2020-02-07,4.09,4.18,4.03,4.1,234159108.0,958238599.0,19221766892.0,0.012181976262414,325624101.2,-0.2808913494515006,261104958.0,-0.10319930424300872,2020-02-07
2020-02-10,4.06,4.23,4.01,4.2,292442849.0,1210140318.0,19221766892.0,0.0152141502205873,313373721.6,-0.06679204782434456,267634055.2,0.092696700281512,2020-02-10
2020-02-11,4.18,4.38,4.16,4.24,262161138.0,1120219409.0,19221766892.0,0.0136387637761391,281895931.0,-0.07000737091164333,278886731.4,-0.059972711200845574,2020-02-11
2020-02-12,4.23,4.32,4.22,4.3,169084056.0,724574715.0,19221766892.0,0.0087964887385234,278696241.8,-0.39330342272308316,286567173.2,-0.4099671148237435,2020-02-12
2020-02-13,4.3,4.35,4.26,4.32,178212554.0,768082420.0,19221766892.0,0.0092713929474491,252073197.6,-0.29301268164656313,277890548.6,-0.3586951593070482,2020-02-13
2020-02-14,4.33,4.59,4.28,4.54,336806363.0,1510655409.0,19221766892.0,0.0175221333653867,227211941.0,0.4823444644575261,276418021.1,0.2184674561364912,2020-02-14
2020-02-17,4.55,4.63,4.48,4.61,247418859.0,1129242130.0,19221766892.0,0.0128718062387373,247741392.0,-0.0013018938716546913,280557556.8,-0.11811728822411816,2020-02-17
2020-02-18,4.64,4.64,4.55,4.57,199042510.0,911733417.0,19221766892.0,0.0103550579464596,238736594.0,-0.16626727949381737,260316262.5,-0.2353819615860534,2020-02-18
2020-02-19,4.64,4.67,4.53,4.59,255613779.0,1177137327.0,19221766892.0,0.0132981416555616,226112868.4,0.1304698437057199,252404555.1,0.012714603738940289,2020-02-19
2020-02-20,4.57,4.6,4.5,4.59,216979060.0,987786543.0,19221766892.0,0.0112881953682575,243418813.0,-0.10861836303507078,247746005.3,-0.12418745264023034,2020-02-20
2020-02-21,4.63,4.77,4.58,4.7,368369246.0,1725826075.0,19221766892.0,0.0191641719551449,251172114.2,0.46660088908866637,239192027.6,0.5400565382389024,2020-02-21
2020-02-24,4.83,4.86,4.66,4.72,364972682.0,1731035706.0,19221766892.0,0.0189874679081609,257484690.8,0.41745391101131823,252613041.4,0.4447895483831501,2020-02-24
2020-02-25,4.57,4.69,4.53,4.57,346098269.0,1585828516.0,19221766892.0,0.0180055387699059,280995455.4,0.23168635772890167,259866024.7,0.3318334684172355,2020-02-25
2020-02-26,4.5,4.5,4.35,4.36,351814213.0,1551328882.0,19221766892.0,0.0183029070624315,310406607.2,0.13339795236162755,268259737.8,0.3114685635840504,2020-02-26
2020-02-27,4.36,4.44,4.31,4.41,169457473.0,744811994.0,19221766892.0,0.0088159155166181,329646694.0,-0.48594214325716856,286532753.5,-0.4085930109906266,2020-02-27
2020-02-28,4.28,4.35,4.16,4.16,260306946.0,1104330595.0,19221766892.0,0.0135423006356579,320142376.6,-0.18690256265186989,285657245.4,-0.08874376480282331,2020-02-28
2020-03-02,4.15,4.34,4.15,4.3,190485086.0,808677902.0,19221766892.0,0.0099098634933128,298529916.6,-0.3619229584442929,278007303.7,-0.31481985018079217,2020-03-02
2020-03-03,4.35,4.41,4.28,4.3,170989183.0,743489482.0,19221766892.0,0.0088956017394615,263632397.4,-0.3514105827419829,272313926.4,-0.3720879968921046,2020-03-03
2020-03-04,4.4,4.43,4.27,4.33,246941406.0,1070946894.0,19221766892.0,0.0128469670549784,228610580.2,0.0801836283515982,269508593.7,-0.0837345755479707,2020-03-04
2020-03-05,4.3,4.37,4.3,4.35,190491581.0,825623677.0,19221766892.0,0.0099102013914902,207636018.8,-0.08256967119232783,268641356.4,-0.2909074628242906,2020-03-05
2020-03-06,4.4,4.42,4.35,4.38,245260315.0,1076871742.0,19221766892.0,0.0127595093821513,211842840.4,0.1577465376545244,265992608.5,-0.07794311885925953,2020-03-06
2020-03-09,4.38,4.38,4.06,4.08,415442811.0,1732497705.0,19221766892.0,0.0216131437517799,208833514.2,0.98934932734087,253681715.4,0.6376537439639214,2020-03-09
2020-03-10,3.96,4.07,3.92,4.04,361726473.0,1451419075.0,19221766892.0,0.0188185859828811,253825059.2,0.42510150156206494,258728728.3,0.3980916436174513,2020-03-10
2020-03-11,4.05,4.11,4.02,4.02,223741044.0,909501942.0,19221766892.0,0.0116399832157531,291972517.2,-0.23369142361183848,260291548.7,-0.1404214039316598,2020-03-11
2020-03-12,3.91,3.95,3.86,3.92,221317398.0,864047673.0,19221766892.0,0.0115138945989461,287332444.8,-0.22975145339382153,247484231.8,-0.1057313171416362,2020-03-12
2020-03-13,3.64,3.89,3.55,3.84,318814188.0,1188724176.0,19221766892.0,0.016586102088913,293497608.2,0.08625821503372655,252670224.3,0.26177981154386454,2020-03-13
2020-03-16,3.84,3.84,3.6,3.64,253454001.0,944140266.0,19221766892.0,0.0131857806009231,308208382.8,-0.17765377210888766,258520948.5,-0.019599755955560405,2020-03-16
2020-03-17,3.62,3.69,3.36,3.48,340711251.0,1187974544.0,19221766892.0,0.0177252826399534,275810620.8,0.23530866944772844,264817840.0,0.2865872291685485,2020-03-17
2020-03-18,3.53,3.58,3.4,3.41,242283744.0,848489163.0,19221766892.0,0.0126046551995611,271607576.4,-0.10796397062508445,281790046.8,-0.14019765158007702,2020-03-18
2020-03-19,3.3,3.38,3.27,3.36,306868416.0,1022614520.0,19221766892.0,0.0159646310208723,275316116.4,0.11460389610522648,281324280.6,0.09079961155688454,2020-03-19
2020-03-20,3.4,3.49,3.33,3.46,225092925.0,764617229.0,19221766892.0,0.0117103139510906,292426320.0,-0.23025764233534107,292961964.1,-0.23166501941130324,2020-03-20
2020-03-23,3.37,3.54,3.33,3.46,315355988.0,1092837259.0,19221766892.0,0.0164061914688628,273682067.4,0.15227128688373837,290945225.1,0.08390157594650272,2020-03-23
2020-03-24,3.72,3.8,3.61,3.74,542024272.0,2008946649.0,19221766892.0,0.0281984624538125,286062464.8,0.8947759272750277,280936542.8,0.9293476975185444,2020-03-24
2020-03-25,3.9,3.91,3.78,3.8,367117012.0,1412171374.0,19221766892.0,0.019099025290583,326325069.0,0.12500401248670223,298966322.7,0.22795440196916883,2020-03-25
2020-03-26,3.73,3.85,3.69,3.77,246570302.0,931203364.0,19221766892.0,0.0128276606092138,351291722.6,-0.2981038659975531,313303919.5,-0.21299962543239104,2020-03-26
2020-03-27,3.79,3.83,3.77,3.79,201100657.0,765439698.0,19221766892.0,0.0104621317140047,339232099.8,-0.4071885970739141,315829209.9,-0.3632613745141753,2020-03-27
2020-03-30,3.71,3.78,3.67,3.69,176598747.0,655541703.0,19221766892.0,0.0091874356812379,334433646.2,-0.4719468300914036,304057856.8,-0.4191936072345558,2020-03-30
2020-03-31,3.69,3.73,3.66,3.69,135420854.0,500844862.0,19221766892.0,0.0070451824101748,306682198.0,-0.5584326221634814,296372331.4,-0.5430718739488918,2020-03-31
2020-04-01,3.64,3.73,3.6,3.73,175852865.0,643599421.0,19221766892.0,0.0091486316522332,225361514.4,-0.2196854664018889,275843291.7,-0.362489970605292,2020-04-01
2020-04-02,3.66,3.7,3.63,3.7,168837319.0,618002736.0,19221766892.0,0.0087836524055584,187108685.0,-0.09765108444859205,269200203.8,-0.37281875490170047,2020-04-02
2020-04-03,3.7,3.8,3.69,3.7,210445660.0,785735035.0,19221766892.0,0.0109482994556336,171562088.4,0.2266443126370803,255397094.1,-0.17600605151129634,2020-04-03
2020-04-07,3.82,4.02,3.79,3.97,426568703.0,1674276500.0,19221766892.0,0.0221919610926889,173431089.0,1.4595861414443405,253932367.6,0.6798516354242035,2020-04-07
2020-04-08,3.9,3.99,3.88,3.95,185435271.0,730549685.0,19221766892.0,0.0096471501315093,223425080.2,-0.1700337722425488,265053639.1,-0.30038587046134235,2020-04-08
2020-04-09,3.95,3.98,3.91,3.95,152568999.0,599543495.0,19221766892.0,0.0079373035713745,233427963.6,-0.3463979351615266,229394739.0,-0.3349062857104147,2020-04-09
2020-04-10,4.09,4.1,3.95,3.97,288564084.0,1154769445.0,19221766892.0,0.0150123599782129,228771190.4,0.26136548704167595,207939937.7,0.387728048742221,2020-04-10
2020-04-13,3.96,4.05,3.94,4.0,146092977.0,581531262.0,19221766892.0,0.0076003927121186,252716543.4,-0.42190972132455973,212139315.9,-0.31133474066228006,2020-04-13
2020-04-14,4.1,4.36,4.06,4.28,503774392.0,2129995342.0,19221766892.0,0.0262085371667715,239846006.8,1.1004076687425592,206638547.9,1.4379497297077162,2020-04-14
2020-04-15,4.26,4.35,4.22,4.26,271626614.0,1161664878.0,19221766892.0,0.0141311990477342,255287144.6,0.06400427810652864,239356112.4,0.13482213291495615,2020-04-15
2020-04-16,4.2,4.25,4.14,4.25,273389790.0,1143408182.0,19221766892.0,0.0142229271396368,272525413.2,0.0031717291604129727,252976688.4,0.08069163103172317,2020-04-16
2020-04-17,4.17,4.2,4.08,4.13,272941414.0,1128015712.0,19221766892.0,0.0141996006680112,296689571.4,-0.0800437888259391,262730380.9,0.0388650641201882,2020-04-17
2020-04-20,4.08,4.17,4.04,4.14,171816787.0,707599952.0,19221766892.0,0.0089386573027014,293565037.4,-0.4147232636361621,273140790.4,-0.37095888626380713,2020-04-20
2020-04-21,4.12,4.16,4.03,4.09,159913476.0,653477714.0,19221766892.0,0.0083193952407442,298709799.4,-0.46465272876481334,269277903.1,-0.4061396269094759,2020-04-21
2020-04-22,4.05,4.09,4.02,4.06,156436189.0,634118411.0,19221766892.0,0.0081384916318545,229937616.2,-0.31965812473270305,242612380.4,-0.35520112888682576,2020-04-22
2020-04-23,4.16,4.21,4.1,4.15,264954481.0,1100114871.0,19221766892.0,0.013784085640445,206899531.2,0.2805948832425389,239712472.2,0.10530119091567247,2020-04-23
2020-04-24,4.13,4.25,4.11,4.23,296695090.0,1246241645.0,19221766892.0,0.0154353703104933,205212469.4,0.4457946481881767,250951020.4,0.18228285952807388,2020-04-24
2020-04-27,3.95,4.0,3.81,3.84,588580643.0,2299444430.0,19221766892.0,0.0306205275668473,209963204.6,1.8032561425288898,251764121.0,1.337825742056391,2020-04-27
2020-04-28,3.84,3.98,3.76,3.97,392069148.0,1524562834.0,19221766892.0,0.0203971440400298,293315975.8,0.3366784640033915,296012887.6,0.32450026476482363,2020-04-28
2020-04-29,3.97,4.0,3.89,3.92,139861213.0,550700512.0,19221766892.0,0.0072761892174547,339747110.2,-0.5883372991232583,284842363.2,-0.5089873169539831,2020-04-29
2020-04-30,3.93,3.95,3.86,3.91,182031895.0,710735856.0,19221766892.0,0.0094700916946277,336432115.0,-0.45893424889000267,271665823.1,-0.32994186415199467,2020-04-30
2020-05-06,3.92,3.98,3.9,3.96,149217826.0,589983415.0,19221766892.0,0.0077629609618303,319847597.8,-0.5334721066334049,262530033.6,-0.43161616995275465,2020-05-06
2020-05-07,3.93,4.03,3.91,3.95,152442431.0,604005327.0,19221766892.0,0.0079307189529723,290352145.0,-0.47497398030243587,250157674.8,-0.39061461487489013,2020-05-07
2020-05-08,4.03,4.05,3.97,4.01,148640409.0,594129230.0,19221766892.0,0.0077329212155758,203124502.6,-0.2682300407021403,248220239.2,-0.4011753051279793,2020-05-08
2020-05-11,3.99,4.02,3.94,3.95,129290571.0,514066307.0,19221766892.0,0.0067262583989513,154438754.8,-0.1628359658336226,247092932.5,-0.476753261649845,2020-05-11
2020-05-12,3.93,3.94,3.86,3.88,161932416.0,630416316.0,19221766892.0,0.0084244292894528,152324626.4,0.06307443403649149,244378370.7,-0.3373700972956032,2020-05-12
2020-05-13,3.88,3.9,3.85,3.88,108110906.0,418541497.0,19221766892.0,0.0056244000152241,148304730.6,-0.27102186449068,234076164.2,-0.538137911779742,2020-05-13
2020-05-14,3.89,3.9,3.8,3.83,132539659.0,508209915.0,19221766892.0,0.0068952901023454,140083346.6,-0.05385142333542736,215217745.8,-0.3841601745835218,2020-05-14
2020-05-15,3.87,3.96,3.85,3.94,211454554.0,828352157.0,19221766892.0,0.0110007865139601,136102792.2,0.5536386181502602,169613647.4,0.24668360855023974,2020-05-15
2020-05-18,4.03,4.19,3.99,4.14,370651359.0,1525032614.0,19221766892.0,0.0192828974090963,148665621.2,1.4931881090475008,151552188.0,1.4457011402567148,2020-05-18
2020-05-19,4.08,4.11,4.0,4.02,208508107.0,846906493.0,19221766892.0,0.0108474995130015,196937778.8,0.05875118664636836,174631202.6,0.19399113042585214,2020-05-19
2020-05-20,4.09,4.16,4.05,4.12,187880102.0,773737648.0,19221766892.0,0.00977434088425,206252917.0,-0.08907905530373661,177278823.8,0.059800025591099315,2020-05-20
2020-05-21,4.11,4.15,4.01,4.03,145381960.0,591209992.0,19221766892.0,0.0075634025122064,222206756.2,-0.3457356450982655,181145051.4,-0.1974279237749026,2020-05-21
2020-05-22,4.02,4.02,3.88,3.92,155083436.0,609120547.0,19221766892.0,0.0080681155312805,224775216.4,-0.31005099902108246,180439004.3,-0.14052154853306298,2020-05-22
2020-05-25,3.89,3.89,3.81,3.84,141222959.0,543110487.0,19221766892.0,0.0073470331730417,213500992.8,-0.33853722576225886,181083307.0,-0.22012160403056924,2020-05-25
2020-05-26,3.87,3.92,3.85,3.88,114431254.0,444171782.0,19221766892.0,0.0059532120352383,167615312.8,-0.31729832979794437,182276545.8,-0.37221076086465976,2020-05-26
2020-05-27,3.83,3.84,3.78,3.8,155699736.0,591922211.0,19221766892.0,0.008100178140481,148799942.2,0.04636960000109469,177526429.6,-0.12294898088797024,2020-05-27
2020-05-28,3.82,3.86,3.79,3.83,142375582.0,544209522.0,19221766892.0,0.0074069976397048,142363869.0,8.227508905367387e-05,182285312.6,-0.21894101082941553,2020-05-28
2020-05-29,3.8,3.82,3.75,3.78,148432424.0,560952487.0,19221766892.0,0.0077221009303664,141762593.4,0.047049298690383434,183268904.9,-0.1900839693400711,2020-05-29
2020-06-01,3.81,3.91,3.8,3.89,204161218.0,786524857.0,19221766892.0,0.0106213554220642,140432391.0,0.4538043292305691,176966691.9,0.1536703082824593,2020-06-01
2020-06-02,3.89,3.92,3.84,3.88,140908222.0,546551406.0,19221766892.0,0.0073306591840235,153020042.8,-0.0791518586609623,160317677.8,-0.12106871847416445,2020-06-02
2020-06-03,3.88,3.98,3.86,3.93,181300723.0,712210034.0,19221766892.0,0.0094320529438662,158315436.4,0.14518664207781562,153557689.3,0.18066847597452074,2020-06-03
2020-06-04,3.88,3.9,3.84,3.85,153906963.0,593820776.0,19221766892.0,0.0080069102837812,163435633.8,-0.05830228438224472,152899751.4,0.006587398545632839,2020-06-04
2020-06-05,3.87,3.87,3.81,3.82,122956377.0,470868977.0,19221766892.0,0.0063967260497355,165741910.0,-0.25814552879232533,153752251.7,-0.20029543866511057,2020-06-05
2020-06-08,3.87,4.03,3.87,4.01,358920554.0,1424201274.0,19640319946.0,0.0182746795870348,160646700.6,1.2342230040173012,150539545.8,1.3842276930797008,2020-06-08
2020-06-09,4.03,4.06,3.99,4.04,176534926.0,709716269.0,19640319946.0,0.0089883935946753,191598567.8,-0.07862084760322519,172309305.3,0.024523461995525686,2020-06-09
2020-06-10,4.1,4.12,3.98,4.01,134188940.0,539774472.0,19640319946.0,0.0068323194514623,198723908.6,-0.3247468764812731,178519672.5,-0.24832407475988394,2020-06-10
2020-06-11,4.08,4.14,4.03,4.05,204945094.0,837059194.0,19640319946.0,0.0104349162622342,189301552.0,0.0826382131299166,176368592.9,0.16202715364522247,2020-06-11
2020-06-12,3.93,4.0,3.91,3.97,156647213.0,621241311.0,19640319946.0,0.0079757974121955,199509178.2,-0.2148370595614031,182625544.1,-0.1422491646939329,2020-06-12
2020-06-15,3.97,4.0,3.91,3.91,138581732.0,545708188.0,19640319946.0,0.007055981388339,206247345.4,-0.32807992398044217,183447023.0,-0.24456810618289515,2020-06-15
2020-06-16,3.93,4.02,3.92,4.0,153538189.0,609292784.0,19640319946.0,0.0078174993799563,162179581.0,-0.053282860559369705,176889074.4,-0.1320086358030036,2020-06-16
2020-06-17,3.98,4.03,3.94,4.03,164785221.0,657553385.0,19640319946.0,0.0083901495216507,157580233.6,0.04572265972323075,178152071.1,-0.07503056247096296,2020-06-17
2020-06-18,4.05,4.18,3.99,4.15,315164328.0,1295909916.0,19640319946.0,0.0160468021328841,163699489.8,0.9252615166061438,176500520.9,0.7856283165224358,2020-06-18
2020-06-19,4.15,4.2,4.11,4.16,203306269.0,844352899.0,19640319946.0,0.0103514743934406,185743336.6,0.09455484498925504,192626257.4,0.05544421484461637,2020-06-19
2020-06-22,4.21,4.34,4.2,4.25,283332700.0,1210457695.0,19640319946.0,0.0144260735455943,195075147.8,0.4524284779242391,200661246.6,0.41199511515443765,2020-06-22
2020-06-23,4.28,4.31,4.21,4.24,145361538.0,618116883.0,19640319946.0,0.0074011797363619,224025341.4,-0.3511379690726364,193102461.2,-0.24723104461394607,2020-06-23
2020-06-24,4.33,4.41,4.32,4.38,240447058.0,1051518904.0,19640319946.0,0.01224252245692,222390011.2,0.08119540397774849,189985122.4,0.2656099328333512,2020-06-24
2020-06-29,4.37,4.44,4.3,4.37,191705099.0,836245747.0,19640319946.0,0.0097607930790884,237522378.6,-0.19289668565149676,200610934.2,-0.0443935682544665,2020-06-29
2020-06-30,4.37,4.42,4.31,4.4,159963505.0,697737599.0,19640319946.0,0.0081446486330065,212830532.8,-0.24839964033581563,199286934.7,-0.197320661081953,2020-06-30
2020-07-01,4.47,4.7,4.47,4.59,336231585.0,1543257513.0,19640319946.0,0.0171194555854716,204161980.0,0.646886384036832,199618563.9,0.6843703232352529,2020-07-01
2020-07-02,4.51,4.65,4.51,4.62,272079411.0,1252357766.0,19640319946.0,0.0138531048245684,214741757.0,0.26700747353948495,219383549.2,0.24019969588494572,2020-07-02
2020-07-03,4.6,4.79,4.58,4.75,330125513.0,1558853698.0,19640319946.0,0.0168085608537774,240085331.6,0.37503407975799896,231237671.4,0.42764589783877227,2020-07-03
2020-07-06,4.77,5.13,4.77,5.11,525666214.0,2642327770.0,19640319946.0,0.0267646461689672,258021022.6,1.0372999405359304,247771700.6,1.1215748720578462,2020-07-06
2020-07-07,5.2,5.45,5.12,5.13,463256282.0,2435377392.0,19640319946.0,0.0235870028224437,324813245.6,0.426223493885743,268821889.2,0.7232833359613189,2020-07-07
2020-07-08,5.16,5.6,5.14,5.58,565314765.0,3057825693.0,19640319946.0,0.0287833786086124,385471801.0,0.4665528413062827,294816890.5,0.9175114561490838,2020-07-08
2020-07-09,5.65,6.14,5.65,6.14,690230769.0,4116056290.0,19640319946.0,0.035143560333933,431288437.0,0.6003924747001739,323015097.0,1.136837489673122,2020-07-09
2020-07-10,6.0,6.0,5.64,5.66,623383160.0,3614792120.0,19640319946.0,0.031739969700797,514918708.6,0.2106438348198716,377502020.1,0.651337282472995,2020-07-10
2020-07-13,5.83,6.07,5.81,6.0,576155693.0,3431960881.0,19640319946.0,0.0293353516940716,573570238.0,0.004507651946892066,415795630.3,0.3856703895235716,2020-07-13
2020-07-14,5.78,5.95,5.7,5.82,426061465.0,2469490567.0,19640319946.0,0.0216932038872805,583668133.8,-0.27002788001101585,454240689.7,-0.06203588832742124,2020-07-14
2020-07-15,5.85,5.94,5.6,5.65,368158621.0,2111417755.0,19640319946.0,0.0187450419347664,576229170.4,-0.36108992756400027,480850485.7,-0.23435946942207697,2020-07-15
2020-07-16,5.58,5.78,5.4,5.44,308009085.0,1726210139.0,19640319946.0,0.0156824881594013,536797941.6,-0.42621038359063634,484043189.3,-0.3636743749138833,2020-07-16
2020-07-17,5.3,5.44,5.21,5.35,243140716.0,1299330891.0,19640319946.0,0.0123796718520116,460353604.8,-0.47183922648844656,487636156.7,-0.5013890732684465,2020-07-17
2020-07-20,5.46,5.62,5.42,5.61,380512078.0,2110951004.0,19640319946.0,0.0193740264438765,384305116.0,-0.009869860800916341,478937677.0,-0.20550815633575636,2020-07-20
2020-07-21,5.71,5.78,5.6,5.68,298565081.0,1701371308.0,19640319946.0,0.0152016403918514,345176393.0,-0.13503621031233148,464422263.4,-0.35712582163002304,2020-07-21
2020-07-22,6.01,6.08,5.82,5.85,383973288.0,2275999070.0,19640319946.0,0.0195502562613905,319677116.2,0.20112847789759947,447953143.3,-0.14282711541807813,2020-07-22
2020-07-23,5.93,5.95,5.62,5.82,305906632.0,1772895846.0,19640319946.0,0.0155754403615151,322840049.6,-0.052451415556962644,429818995.6,-0.2882896402171017,2020-07-23
2020-07-24,5.78,5.87,5.54,5.63,359066869.0,2047695723.0,19640319946.0,0.0182821293129254,322419559.0,0.11366342077280733,391386581.9,-0.08257746789147136,2020-07-24
2020-07-27,5.77,6.04,5.69,6.02,581687445.0,3458036747.0,19640319946.0,0.0296170045396061,345604789.6,0.6831000683562285,364954952.8,0.5938609423908057,2020-07-27
2020-07-28,6.23,6.3,5.7,5.76,641076131.0,3836954517.0,19640319946.0,0.0326408191293524,385839863.0,0.6615082900337854,365508128.0,0.7539312586777824,2020-07-28
2020-07-29,5.76,5.79,5.58,5.74,419692243.0,2381905024.0,19640319946.0,0.0213689106976831,454342073.0,-0.07626374940627612,387009594.6,0.08444919416992658,2020-07-29
2020-07-30,5.77,5.86,5.63,5.65,294110303.0,1681310716.0,19640319946.0,0.014974822396409,461485864.0,-0.36268838128484904,392162956.8,-0.2500303817578724,2020-07-30
2020-07-31,5.7,5.85,5.63,5.85,349910752.0,2013444109.0,19640319946.0,0.0178159395041455,459126598.2,-0.23787741034429133,390773078.6,-0.10456791636311058,2020-07-31
2020-08-03,5.8,5.88,5.71,5.84,300128601.0,1741028418.0,19640319946.0,0.0152812480563039,457295374.8,-0.34368765235978505,401450082.2,-0.2523887419445645,2020-08-03
2020-08-04,5.83,5.95,5.76,5.79,285044601.0,1660603527.0,19640319946.0,0.0145132361277064,400983606.0,-0.2891365214566902,393411734.5,-0.2754547564213543,2020-08-04
2020-08-05,5.97,6.05,5.82,6.04,471020397.0,2803206795.0,19640319946.0,0.0239823179202296,329777300.0,0.4282984213892225,392059686.5,0.20139971850944183,2020-08-05
2020-08-06,6.09,6.6,6.08,6.57,718268728.0,4625912973.0,19640319946.0,0.0365711317318068,340042930.8,1.112288369913085,400764397.4,0.7922468479232234,2020-08-06
2020-08-07,6.57,6.98,6.51,6.64,728252315.0,4919137309.0,19640319946.0,0.0370794527279744,424874615.8,0.7140405378861421,442000607.0,0.6476274092537615,2020-08-07
2020-08-10,6.37,6.43,6.2,6.33,408542646.0,2572469569.0,19640319946.0,0.0208012215240518,500542928.4,-0.18380098325248861,478919151.6,-0.14694861411343074,2020-08-10
2020-08-11,6.2,6.35,6.0,6.03,398065552.0,2455260278.0,19640319946.0,0.0202677732895624,522225737.4,-0.23775194615676176,461604671.7,-0.13764834629163913,2020-08-11
2020-08-12,5.59,5.76,5.44,5.7,596546485.0,3334005268.0,19640319946.0,0.0303735624796425,544829927.6,0.09492238729948932,437303613.8,0.3641471649782191,2020-08-12
2020-08-13,5.71,5.77,5.6,5.72,197710106.0,1125242590.0,19640319946.0,0.0100665420188466,569935145.2,-0.6531006945875919,454989038.0,-0.5654618254780899,2020-08-13
2020-08-14,5.74,5.92,5.7,5.78,181252163.0,1051840702.0,19640319946.0,0.0092285748652946,465823420.8,-0.6108994204526695,445349018.3,-0.5930109744220806,2020-08-14
2020-08-17,5.75,6.16,5.69,6.11,317021993.0,1886070320.0,19640319946.0,0.0161413863863539,356423390.4,-0.11054660962565144,428483159.4,-0.2601296315964384,2020-08-17
2020-08-18,6.27,6.41,6.18,6.36,305112729.0,1926947631.0,19640319946.0,0.0155350182603384,338119259.8,-0.097618014482593,430172498.6,-0.290720048368987,2020-08-18
2020-08-19,6.36,6.52,6.28,6.5,452817743.0,2904487834.0,19640319946.0,0.0230555176415149,319528695.2,0.4171426535465663,432179311.4,0.04775432570602223,2020-08-19
2020-08-20,6.19,6.55,6.1,6.32,355196078.0,2238850114.0,19640319946.0,0.0180850454054003,290782946.8,0.221516192434432,430359046.0,-0.17465176739888955,2020-08-20
2020-08-21,6.33,6.4,6.16,6.2,208846031.0,1305123836.0,19640319946.0,0.0106335350734718,322280141.2,-0.3519736269744441,394051781.0,-0.4700035856455119,2020-08-21
2020-08-24,6.3,6.8,6.26,6.7,492134402.0,3233027176.0,19640319946.0,0.0250573515784415,327798914.8,0.5013301746293639,342111152.6,0.4385219489626191,2020-08-24
2020-08-25,6.76,6.76,6.34,6.6,368169777.0,2400064577.0,19640319946.0,0.0187456099499531,362821396.6,0.0147410832164796,350470328.2,0.05050198940065376,2020-08-25
2020-08-26,6.53,6.72,6.43,6.53,264105493.0,1732649925.0,19640319946.0,0.0134471074669936,375432806.2,-0.29653059445394836,347480750.7,-0.23994209040944148,2020-08-26
2020-08-27,6.66,6.71,6.42,6.48,186834777.0,1223716664.0,19640319946.0,0.0095128173835096,337690356.2,-0.44672753139167076,314236651.5,-0.40543289234992375,2020-08-27
2020-08-28,6.45,6.69,6.29,6.65,259636921.0,1694238228.0,19640319946.0,0.0132195871408336,304018096.0,-0.14598201746517092,313149118.6,-0.17088407541824713,2020-08-28
2020-08-31,6.77,7.32,6.76,7.19,746287393.0,5352225219.0,19640319946.0,0.0379977207627919,314176274.0,1.3753779478586599,320987594.4,1.3249726968264417,2020-08-31
2020-09-01,7.2,7.49,7.15,7.34,444801357.0,3253480597.0,19640319946.0,0.0226473579973726,365006872.2,0.21861091085506423,363914134.4,0.2222700767953465,2020-09-01
2020-09-02,7.25,7.31,7.02,7.13,346897511.0,2474034081.0,19640319946.0,0.0176625183272867,380333188.2,-0.08791154239849741,377882997.2,-0.08199756652083623,2020-09-02
2020-09-03,7.01,7.25,6.95,7.06,270134571.0,1923632824.0,19640319946.0,0.0137540819977841,396891591.8,-0.31937441714279224,367290974.0,-0.2645216187643097,2020-09-03
2020-09-04,6.92,7.19,6.91,7.0,223535260.0,1573107056.0,19640319946.0,0.011381446973094,413551550.6,-0.4594742549612387,358784823.3,-0.37696567557126104,2020-09-04
2020-09-07,7.1,7.43,6.97,7.09,350756184.0,2530520460.0,19640319946.0,0.0178589852387529,406331218.4,-0.1367727407675845,360253746.2,-0.02636353487002263,2020-09-07
2020-09-08,6.99,7.12,6.71,7.04,305837177.0,2109194439.0,19640319946.0,0.0155719040138288,327224976.6,-0.06536114639606039,346115924.4,-0.11637357474905008,2020-09-08
2020-09-09,6.84,6.99,6.71,6.73,233008778.0,1585961864.0,19640319946.0,0.0118637974656545,299432140.6,-0.22183110492715097,339882664.4,-0.31444347592327504,2020-09-09
2020-09-10,6.9,7.17,6.83,6.98,343475741.0,2407420871.0,19640319946.0,0.017488296623699,276654394.0,0.24153365516399505,336772992.9,0.01990286703895605,2020-09-10
2020-09-11,6.9,6.96,6.73,6.91,214292288.0,1466902455.0,19640319946.0,0.0109108348840133,291322628.0,-0.26441591759909566,352437089.3,-0.39197010046354397,2020-09-11
2020-09-14,7.0,7.24,6.85,7.14,286499184.0,2031960307.0,19640319946.0,0.0145872971920882,289474033.6,-0.010276740759797232,347902626.0,-0.17649605783659705,2020-09-14
2020-09-15,7.2,7.28,7.11,7.17,237318149.0,1704384190.0,19640319946.0,0.0120832119666325,276622633.6,-0.14208701612187968,301923805.1,-0.21398000094295988,2020-09-15
2020-09-16,7.05,7.14,6.92,7.04,168620765.0,1184866871.0,19640319946.0,0.0085854388046433,262918828.0,-0.3586584639727666,281175484.3,-0.40030061504192105,2020-09-16
2020-09-17,6.98,6.99,6.74,6.8,233631054.0,1594086151.0,19640319946.0,0.0118954810635649,250041225.4,-0.06562986313056196,263347809.7,-0.11284223602942689,2020-09-17
2020-09-18,6.86,7.05,6.82,7.03,220922464.0,1533430240.0,19640319946.0,0.0112484147207079,228072288.0,-0.031348937929714604,259697458.0,-0.14930833092713602,2020-09-18
2020-09-21,7.02,7.11,6.83,6.87,198003684.0,1377199173.0,19640319946.0,0.0100814897386804,229398323.2,-0.1368564458626348,259436178.4,-0.23679231932442002,2020-09-21
2020-09-22,6.6,6.77,6.51,6.56,281916503.0,1871226401.0,19640319946.0,0.0143539669300252,211699223.2,0.33168416368567954,244160928.4,0.15463397377874655,2020-09-22
2020-09-23,6.58,6.63,6.38,6.45,256802497.0,1660748399.0,19640319946.0,0.0130752705508904,220618894.0,0.16400953854840727,241768861.0,0.06218185393196696,2020-09-23
2020-09-24,6.28,6.3,6.0,6.02,394361753.0,2413826183.0,19640319946.0,0.0200791918911848,238255240.4,0.6552070474417149,244148232.9,0.61525540576624,2020-09-24
2020-09-25,6.13,6.24,6.1,6.2,220718804.0,1363147840.0,19640319946.0,0.0112380452358645,270401380.2,-0.18373640017389226,249236834.1,-0.11442141047481713,2020-09-25
2020-09-28,6.22,6.28,6.09,6.19,155839487.0,966583391.0,19640319946.0,0.007934671503747,270360648.2,-0.4235866497674716,249879485.7,-0.3763414128877407,2020-09-28
2020-09-29,6.32,6.42,6.16,6.19,208115087.0,1300959855.0,19640319946.0,0.0105963185718054,261927808.8,-0.20544867704784164,236813516.0,-0.12118577302825906,2020-09-29
2020-09-30,6.25,6.29,6.07,6.15,160117715.0,988075369.0,19640319946.0,0.0081525003380919,247167525.6,-0.35218951352402095,233893209.8,-0.31542384177413607,2020-09-30
2020-10-09,6.25,6.28,6.15,6.22,255638892.0,1588025395.0,19640319946.0,0.0130160248256069,227830569.2,0.12205703079110775,233042904.8,0.09696063143133293,2020-10-09
2020-10-12,6.24,6.59,6.24,6.58,283980140.0,1845566147.0,19640319946.0,0.0144590383853617,200085997.0,0.4192904264060018,235243688.6,0.20717432076517772,2020-10-12
2020-10-13,6.54,6.6,6.42,6.58,143854706.0,938112526.0,19640319946.0,0.0073244583792688,212738264.2,-0.32379486811663094,241549456.2,-0.40445030072479204,2020-10-13
2020-10-14,6.41,6.54,6.37,6.49,126964096.0,820486584.0,19640319946.0,0.0064644616966058,210341308.0,-0.39639009946633974,236134558.4,-0.46232310568904855,2020-10-14
2020-10-15,6.51,6.67,6.49,6.56,132363029.0,871390723.0,19640319946.0,0.0067393519740984,194111109.8,-0.3181068866363259,220639317.7,-0.400093191096738,2020-10-15
2020-10-16,6.7,6.82,6.56,6.59,164105665.0,1094957743.0,19640319946.0,0.0083555494743059,188560172.6,-0.1296907361867784,208195370.9,-0.211770827129375,2020-10-16
2020-10-19,6.6,6.71,6.48,6.68,146237282.0,970042975.0,19640319946.0,0.0074457688266826,170253527.2,-0.1410616601897925,185169762.1,-0.2102529033815721,2020-10-19
2020-10-20,6.71,6.82,6.57,6.75,181648607.0,1221323954.0,19640319946.0,0.0092487600761817,142704955.6,0.27289627915346215,177721609.9,0.022096339900418593,2020-10-20
2020-10-21,6.88,7.04,6.88,6.97,250975220.0,1747918620.0,19640319946.0,0.0127785708527174,150263735.8,0.6702314677843912,180302521.9,0.3919673299921824,2020-10-21
2020-10-22,6.99,7.0,6.86,6.96,132248568.0,915540071.0,19640319946.0,0.0067335241158805,175065960.6,-0.24457862883939752,184588535.2,-0.283549393483675,2020-10-22
2020-10-23,6.87,7.03,6.86,6.91,123050431.0,854363385.0,19640319946.0,0.0062651948307522,175043068.4,-0.29702768510198263,181801620.5,-0.32316097809480193,2020-10-23
2020-10-26,6.91,7.07,6.77,7.04,187101086.0,1301961103.0,19640319946.0,0.0095263766840063,166832021.6,0.12149384875643077,168542774.4,0.1101103958094094,2020-10-26
2020-10-27,7.0,7.1,6.98,7.07,125888167.0,885737458.0,19640319946.0,0.0064096800533862,175004782.4,-0.28065870387322633,158854869.0,-0.20752717375002205,2020-10-27
2020-10-28,7.05,7.23,7.0,7.16,165674101.0,1180890656.0,19640319946.0,0.0084354074401797,163852694.4,0.011116122360206981,157058215.1,0.054857913000693426,2020-10-28
2020-10-29,6.95,7.08,6.88,7.01,150836485.0,1056418009.0,19640319946.0,0.007679940317404,146792470.6,0.027549195019815897,160929215.6,-0.06271534079359542,2020-10-29
2020-10-30,7.04,7.28,6.95,6.99,196605879.0,1391936745.0,19640319946.0,0.010010319564068,150510054.0,0.30626409183269576,162776561.2,0.20782671381314333,2020-10-30
2020-11-02,7.07,7.22,7.0,7.19,202034380.0,1447781684.0,19640319946.0,0.0102867153160173,165221143.6,0.22281189681827152,166026582.6,0.21687971188777588,2020-11-02
2020-11-03,7.26,7.89,7.22,7.65,416717738.0,3170877780.0,19640319946.0,0.0212174617901206,168207802.4,1.4773983849396037,171606292.4,1.4283360019728506,2020-11-03
2020-11-04,7.65,7.73,7.51,7.67,198735271.0,1518356031.0,19640319946.0,0.0101187389791211,226373716.6,-0.12209211393934416,195113205.5,0.018563917755940906,2020-11-04
2020-11-05,7.74,7.8,7.51,7.66,220684641.0,1687147407.0,19640319946.0,0.0112363058039156,232985950.6,-0.052798503808151875,189889210.6,0.16217577766896052,2020-11-05
2020-11-06,7.85,8.03,7.76,7.9,318343976.0,2518923528.0,19640319946.0,0.0162086960332249,246955581.8,0.28907382323439346,198732817.9,0.6018691797556401,2020-11-06
2020-11-09,8.02,8.17,7.95,8.13,293704261.0,2374099304.0,19640319946.0,0.0149541484969452,271303201.2,0.08256835784066685,218262172.4,0.3456489403108314,2020-11-09
2020-11-10,7.75,7.86,7.61,7.7,389531053.0,3017574704.0,19640319946.0,0.0198332335761838,289637177.4,0.34489314008899763,228922489.9,0.701584904000295,2020-11-10
2020-11-11,7.68,7.75,7.5,7.53,223126301.0,1695610304.0,19640319946.0,0.0113606245526281,284199840.4,-0.2148964591747884,255286778.5,-0.1259778422093254,2020-11-11
2020-11-12,7.47,7.72,7.34,7.67,248024070.0,1876190343.0,19640319946.0,0.0126283110805694,289078046.4,-0.14201692903096907,261031998.5,-0.04983269704384541,2020-11-12
2020-11-13,7.7,7.77,7.52,7.64,155571312.0,1189078819.0,19640319946.0,0.0079210171946146,294545932.2,-0.47182664911371,270750757.0,-0.42540765638561073,2020-11-13
2020-11-16,7.78,8.3,7.78,8.19,402642361.0,3255892344.0,19640319946.0,0.0205008045748258,261991399.4,0.5368533544311456,266647300.3,0.5100185171460367,2020-11-16
2020-11-17,8.19,8.41,8.11,8.21,289942155.0,2389264147.0,19640319946.0,0.0147625983587426,283779019.4,0.02171808054390656,286708098.4,0.011279962505586605,2020-11-17
2020-11-18,8.16,8.86,8.15,8.42,467088237.0,3978854137.0,19640319946.0,0.0237821093691056,263861239.8,0.7702040563215757,274030540.1,0.7045116096532482,2020-11-18
2020-11-19,8.35,8.43,8.11,8.38,233169686.0,1929711761.0,19640319946.0,0.0118719902038809,312653627.0,-0.2542236332348705,300865836.7,-0.22500444531195252,2020-11-19
2020-11-20,8.34,8.98,8.3,8.98,341594872.0,2976508137.0,19640319946.0,0.0173925309230805,309682750.2,0.10304778609525544,302114341.2,0.13068075697162573,2020-11-20
2020-11-23,9.16,9.43,8.82,9.16,490866558.0,4501613890.0,19640319946.0,0.0249927984548933,346887462.2,0.4150599588894568,304439430.8,0.6123619621483012,2020-11-23
2020-11-24,8.89,9.16,8.81,9.15,368028905.0,3304259942.0,19640319946.0,0.0187384373580407,364532301.6,0.009592026233759654,324155660.5,0.135346223577669,2020-11-24
2020-11-25,9.12,9.4,8.6,8.62,527469520.0,4694577304.0,19640319946.0,0.0268564626976672,380149651.6,0.3875312466549685,322005445.7,0.6380763960477331,2020-11-25
2020-11-26,8.62,8.86,8.58,8.86,296723124.0,2592404151.0,19640319946.0,0.0151078559216868,392225908.2,-0.24348922955722274,352439767.6,-0.15808841317599376,2020-11-26
2020-11-27,9.0,9.1,8.68,8.95,258483274.0,2294451403.0,19640319946.0,0.0131608484337671,404936595.8,-0.3616697609428563,357309673.0,-0.27658472878790497,2020-11-27
2020-11-30,8.91,9.47,8.82,9.29,430307415.0,3983057663.0,19640319946.0,0.0219093892657098,388314276.2,0.10814214509685338,367600869.2,0.1705832359332191,2020-11-30
2020-12-01,9.13,9.39,9.05,9.39,260739041.0,2408544752.0,19640319946.0,0.0132757023163007,376202447.6,-0.306918275882052,370367374.6,-0.2959988949307416,2020-12-01
2020-12-02,9.55,9.7,9.2,9.35,330162869.0,3118879123.0,19640319946.0,0.0168104628594526,354744474.8,-0.06929383696210856,367447063.2,-0.10146820572003412,2020-12-02
2020-12-03,9.22,9.29,8.77,8.86,377381819.0,3377235827.0,19640319946.0,0.0192146472174379,315283144.6,0.19696160566650223,353754526.4,0.06679007853396057,2020-12-03
2020-12-04,8.88,9.15,8.75,9.13,267796859.0,2408571976.0,19640319946.0,0.0136350558308771,331414883.6,-0.1919588640949016,368175739.7,-0.27263849807646623,2020-12-04
2020-12-07,9.07,9.18,8.71,8.81,264861178.0,2348355262.0,19640319946.0,0.0134855836731897,333277600.6,-0.2052835908468792,360795938.4,-0.2658975619998276,2020-12-07
2020-12-08,8.91,9.13,8.8,8.91,285706859.0,2557945104.0,19640319946.0,0.0145469554358348,300188353.2,-0.04824135928535411,338195400.4,-0.1552018192379886,2020-12-08
2020-12-09,8.92,9.05,8.68,8.71,234836436.0,2066947594.0,19640319946.0,0.0119568538926896,305181916.8,-0.23050343722069444,329963195.8,-0.28829506142151384,2020-12-09
2020-12-10,8.51,8.6,8.2,8.55,297764691.0,2506752991.0,19640319946.0,0.0151608880007397,286116630.2,0.040710883501800854,300699887.4,-0.00976121549422293,2020-12-10
2020-12-11,8.81,8.84,8.29,8.43,285486338.0,2443012610.0,19640319946.0,0.0145357274619216,270193204.6,0.05660073288164402,300804044.1,-0.05092254043934252,2020-12-11
2020-12-14,8.3,8.57,8.2,8.51,191295595.0,1611031526.0,19640319946.0,0.0097399429095838,273731100.4,-0.3011550579365587,303504350.5,-0.3697105340175346,2020-12-14
2020-12-15,8.42,8.45,8.11,8.33,285011727.0,2347146659.0,19640319946.0,0.0145115623260529,259017983.8,0.1003549746571688,279603168.5,0.019343695312951992,2020-12-15
2020-12-16,8.43,8.5,8.19,8.38,195560638.0,1632712271.0,19640319946.0,0.0099571004208527,258878957.4,-0.24458658222331053,282030437.1,-0.30659740129162116,2020-12-16
2020-12-17,8.41,8.83,8.38,8.83,359553628.0,3111877662.0,19640319946.0,0.0183069129723229,251023797.8,0.43234876992208426,268570214.0,0.33876956288235305,2020-12-17
2020-12-18,8.95,9.33,8.92,9.19,374924512.0,3428916939.0,19640319946.0,0.019089531791276,263381585.2,0.4235031341135691,266787394.9,0.4053306834100354,2020-12-18
2020-12-21,9.33,9.48,9.16,9.39,280066575.0,2615269450.0,19640319946.0,0.0142597766110749,281269220.0,-0.004275778913881867,277500160.2,0.009248336282582148,2020-12-21
2020-12-22,9.18,9.23,8.71,8.75,391525607.0,3516910192.0,19640319946.0,0.0199347876244622,299023416.0,0.30934764988438235,279020699.9,0.4032134789294177,2020-12-22
2020-12-23,8.67,8.85,8.52,8.77,249846668.0,2175904494.0,19640319946.0,0.0127211098743268,320326192.0,-0.22002423080033373,289602574.7,-0.1372774628857607,2020-12-23
2020-12-24,8.82,9.07,8.82,8.91,200987038.0,1799389702.0,19640319946.0,0.0102333891989846,331183398.0,-0.39312465777647465,291103597.9,-0.30956869152457833,2020-12-24
2020-12-25,8.93,9.3,8.71,9.27,273356914.0,2487214501.0,19640319946.0,0.013918149742549,299470080.0,-0.08719791306029634,281425832.6,-0.028671563393644295,2020-12-25
2020-12-28,9.37,9.65,9.35,9.44,321029010.0,3055390719.0,19640319946.0,0.0163454063316,279156560.4,0.14999629433749107,280212890.2,0.1456611070635181,2020-12-28
2020-12-29,9.51,9.55,9.1,9.1,244064436.0,2254838142.0,19640319946.0,0.0124267036723964,287349047.4,-0.15063426098554722,293186231.7,-0.16754468794518085,2020-12-29
2020-12-30,9.09,9.36,8.99,9.27,245102232.0,2258500597.0,19640319946.0,0.0124795437484672,257856813.2,-0.04946381304304426,289091502.6,-0.15216383118968924,2020-12-30
2020-12-31,9.32,9.43,9.16,9.29,243889964.0,2267849820.0,19640319946.0,0.0124178203140561,256907926.0,-0.05067170251493136,294045662.0,-0.17057112034524757,2020-12-31
2021-01-04,9.42,10.17,9.38,10.04,445168334.0,4361922843.0,19640319946.0,0.0226660428762854,265488511.2,0.6767894474523688,282479295.6,0.5759326114660559,2021-01-04
2021-01-05,10.09,10.25,9.85,10.21,362738182.0,3659225117.0,19640319946.0,0.0184690566649285,299850795.2,0.20972893121078506,289503677.8,0.2529657127554459,2021-01-05
2021-01-06,10.45,10.79,10.31,10.5,382786005.0,4029757962.0,19640319946.0,0.0194898049549319,308192629.6,0.24203491010415767,297770838.5,0.2855053467567812,2021-01-06
2021-01-07,10.43,11.32,10.38,11.18,447954121.0,4908866978.0,19640319946.0,0.0228078830809083,335936943.4,0.3334470346317977,296896878.3,0.5087869012464452,2021-01-07
2021-01-08,11.4,11.52,10.9,11.35,389430578.0,4344575344.0,19640319946.0,0.0198281178244915,376507321.2,0.034324051810761924,316707623.6,0.22962173620376336,2021-01-08
2021-01-11,10.9,11.12,10.5,10.67,471688810.0,5095583004.0,19640319946.0,0.0240163506142915,405615444.0,0.16289657353382236,335551977.6,0.40571011791885203,2021-01-11
2021-01-12,10.3,10.9,10.23,10.9,330386249.0,3497531108.0,19640319946.0,0.0168218364012592,410919539.2,-0.19598311230657584,355385167.2,-0.07034316709659227,2021-01-12
2021-01-13,10.92,11.56,10.51,10.68,446550141.0,4931502129.0,19640319946.0,0.0227363985020491,404449152.6,0.10409463866929602,356320891.1,0.25322469760740884,2021-01-13
2021-01-14,10.62,10.72,10.31,10.43,248924015.0,2614963250.0,19640319946.0,0.0126741323809593,417201979.8,-0.40334891239171444,376569461.6,-0.3389691932469757,2021-01-14
2021-01-15,10.59,10.88,10.24,10.56,265911595.0,2800597213.0,19640319946.0,0.0135390663558999,377395958.6,-0.29540423276806127,376951639.9,-0.29457371489206774,2021-01-15
2021-01-18,10.3,10.71,9.93,10.69,297687279.0,3080365298.0,19640319946.0,0.015156946517087,352692162.0,-0.15595720270075064,379153803.0,-0.21486405610443005,2021-01-18
2021-01-19,10.55,10.74,10.14,10.28,241515575.0,2515421370.0,19640319946.0,0.0122969267132121,317891855.8,-0.24025868988619747,364405697.5,-0.33723436088701664,2021-01-19
2021-01-20,10.28,10.66,10.28,10.56,207543682.0,2181268565.0,19640319946.0,0.0105672251048165,300117721.0,-0.3084590896250342,352283436.8,-0.41086165195490676,2021-01-20
2021-01-21,10.7,11.15,10.62,10.97,327400497.0,3571286803.0,19640319946.0,0.0166698148451842,252316429.2,0.29757898856631426,334759204.5,-0.021982091608178655,2021-01-21
2021-01-22,10.87,10.99,10.66,10.83,209061346.0,2266390398.0,19640319946.0,0.01064449798042,268011725.6,-0.2199544794841618,322703842.1,-0.3521572453568256,2021-01-22
2021-01-25,10.84,11.34,10.72,11.05,302129487.0,3350992978.0,19640319946.0,0.0153831245025889,256641675.8,0.17724249601396957,304666918.9,-0.008328544198895504,2021-01-25
2021-01-26,11.0,11.0,10.51,10.74,268877460.0,2893638774.0,19640319946.0,0.0136900753520952,257530117.4,0.04406219635420405,287710986.6,-0.0654598798000855,2021-01-26
2021-01-27,10.79,10.92,10.15,10.42,264593333.0,2751539537.0,19640319946.0,0.0134719461662276,263002494.4,0.006048758600671222,281560107.7,-0.060259867204191964,2021-01-27
2021-01-28,10.0,10.21,9.6,9.68,351893779.0,3475714738.0,19640319946.0,0.0179169066475247,274412424.6,0.2823536671597193,263364426.9,0.33614772177874563,2021-01-28
2021-01-29,9.9,10.0,9.31,9.6,277139966.0,2676524826.0,19640319946.0,0.0141107663603231,279311081.0,-0.007773107290362069,273661403.3,0.012711192218022083,2021-01-29
2021-02-01,9.94,10.48,9.82,10.44,355225241.0,3610966764.0,19640319946.0,0.0180865302590116,292926805.0,0.21267577748646116,274784240.4,0.29274240940056484,2021-02-01
2021-02-02,10.48,10.89,10.33,10.8,280799953.0,2988213539.0,19640319946.0,0.0142971170414761,303545955.8,-0.07493429698331044,280538036.6,0.0009336217048294682,2021-02-02
2021-02-03,10.59,10.76,10.25,10.49,281468916.0,2949954724.0,19640319946.0,0.0143311777391551,305930454.4,-0.07995784024828345,284466474.4,-0.010537475132429752,2021-02-03
2021-02-04,10.5,10.56,10.03,10.15,186606141.0,1910565322.0,19640319946.0,0.0095011762289546,309305571.0,-0.3966932428772839,291858997.8,-0.3606291311673928,2021-02-04
2021-02-05,9.99,10.34,9.73,9.8,263340422.0,2621783115.0,19640319946.0,0.0134081533663423,276248043.4,-0.04672475229556672,277779562.2,-0.051980570800971626,2021-02-05
2021-02-08,10.1,10.65,10.06,10.59,302447965.0,3151110631.0,19640319946.0,0.0153993400225436,273488134.6,0.10589062828029538,283207469.8,0.06793780973922603,2021-02-08
2021-02-09,10.98,11.35,10.78,11.34,347099978.0,3868479613.0,19640319946.0,0.0176728270697388,262932679.4,0.3201096904046534,283239317.6,0.22546538009312012,2021-02-09
2021-02-10,11.47,12.28,11.43,12.08,426762333.0,5065308198.0,19640319946.0,0.0217288890493311,276192684.4,0.5451616103703001,291061569.4,0.4662270044091916,2021-02-10
2021-02-18,13.29,13.29,13.29,13.29,81753772.0,1086507630.0,19640319946.0,0.004162547872172,305251367.8,-0.7321755752014685,307278469.4,-0.7339424003262104,2021-02-18
2021-02-19,13.67,14.11,12.89,13.64,1008802428.0,13756431472.0,19640319946.0,0.0513638489990818,284280894.0,2.5486114237420403,280264468.7,2.5994660068017392,2021-02-19
2021-02-22,14.46,15.0,14.32,14.63,1031889097.0,15225407084.0,19640319946.0,0.0525393221616105,433373295.2,1.3810629506457879,353430714.9,1.9196361648759468,2021-02-22
2021-02-23,14.1,14.54,13.77,13.85,717283182.0,10155195094.0,19640319946.0,0.0365209519993631,579261521.6,0.23827175680298107,421097100.5,0.7033676583104376,2021-02-23
2021-02-24,13.95,14.27,12.55,13.1,763929157.0,10206863198.0,19640319946.0,0.0388959629527615,653298162.4,0.16934227121285406,464745423.4,0.6437583213003406,2021-02-24
2021-02-25,13.65,13.74,12.88,12.98,546806680.0,7290211659.0,19640319946.0,0.0278410271066568,720731527.2,-0.24131710718370813,512991447.5,0.06591773150370117,2021-02-25
2021-02-26,12.19,12.56,11.98,12.19,636144899.0,7798379241.0,19640319946.0,0.0323897421604661,813742108.8,-0.21824753552682308,549011501.4,0.15870960331032524,2021-02-26
2021-03-01,12.22,12.4,11.76,12.32,531899042.0,6448600368.0,19640319946.0,0.0270819947670113,739210603.0,-0.28044992882765785,586291949.1,-0.09277443973688704,2021-03-01
2021-03-02,12.1,12.1,11.55,11.75,495700045.0,5849304562.0,19640319946.0,0.0252388986718597,639212592.0,-0.22451458058886298,609237056.8,-0.18635933341998245,2021-03-02
2021-03-03,11.96,12.35,11.8,12.32,522198987.0,6320032303.0,19640319946.0,0.0265881099918819,594895964.6,-0.12220116108684731,624097063.5,-0.16327280235632768,2021-03-03
2021-03-04,11.93,12.03,11.2,11.45,603698524.0,7008365502.0,19640319946.0,0.0307377133193265,546549930.6,0.1045624383068946,633640728.9,-0.04725423025123343,2021-03-04
2021-03-05,10.78,11.13,10.6,11.0,532956769.0,5798586694.0,19640319946.0,0.027135849643251,557928299.4,-0.044757597753787626,685835204.1,-0.2229084103383372,2021-03-05
2021-03-08,11.33,11.4,10.59,10.67,418196496.0,4602169063.0,19640319946.0,0.0212927537407643,537290673.4,-0.22165688573443232,638250638.2,-0.3447770029977544,2021-03-08
2021-03-09,10.7,11.07,10.01,10.71,505206086.0,5344246000.0,19640319946.0,0.0257229050946744,514550164.2,-0.018159703076818134,576881378.1,-0.12424615323182686,2021-03-09
2021-03-10,10.79,10.8,10.35,10.49,296477778.0,3119352160.0,19640319946.0,0.0150953639663279,516451372.4,-0.4259328296055468,555673668.5,-0.46645343336077116,2021-03-10
2021-03-11,10.65,11.54,10.54,11.54,572997920.0,6359017076.0,19640319946.0,0.0291745715739573,471307130.6,0.21576331610035693,508928530.6,0.1258907401486522,2021-03-11
2021-03-12,11.71,11.77,11.06,11.35,460870190.0,5259841299.0,19640319946.0,0.0234655133555429,465167009.8,-0.009237155063613445,511547654.6,-0.09906694741788391,2021-03-12
2021-03-15,11.3,11.64,10.97,11.25,418274407.0,4730861426.0,19640319946.0,0.021296720631335,450749694.0,-0.0720472746455153,494020183.7,-0.15332526726478357,2021-03-15
2021-03-16,11.28,11.3,10.75,11.11,305393454.0,3362527959.0,19640319946.0,0.0155493115610979,450765276.2,-0.32250004575663005,482657720.2,-0.36726702750459805,2021-03-16
2021-03-17,10.8,11.11,10.66,11.09,244471019.0,2672406853.0,19640319946.0,0.0124474051172363,410802749.8,-0.4048943948914141,463627061.1,-0.47269898694013057,2021-03-17
2021-03-18,11.4,11.57,11.15,11.18,302583470.0,3428045770.0,19640319946.0,0.0154062393500684,400401398.0,-0.24429966650615942,435854264.3,-0.30576916464047543,2021-03-18
2021-03-19,10.82,11.03,10.69,10.83,360642231.0,3899339140.0,19640319946.0,0.0183623399207124,346318508.0,0.04135996970742317,405742758.9,-0.11115547205887544,2021-03-19
2021-03-22,10.75,10.84,10.41,10.66,311295886.0,3300885479.0,19640319946.0,0.015849837826262,326272916.2,-0.04590338166720309,388511305.1,-0.1987469041090717,2021-03-22
2021-03-23,10.78,10.84,10.0,10.13,437961717.0,4499471589.0,19640319946.0,0.0222991131613004,304877212.0,0.43651837448579145,377821244.1,0.15917705486164313,2021-03-23
2021-03-24,9.9,10.03,9.3,9.36,573323238.0,5474910242.0,19640319946.0,0.0291911353570777,331390864.6,0.730051426408572,371096807.2,0.5449425240972541,2021-03-24
2021-03-25,9.45,9.79,9.41,9.56,397265845.0,3817736537.0,19640319946.0,0.0202270556738515,397161308.4,0.0002632094259664708,398781353.2,-0.003800348706976542,2021-03-25
2021-03-26,9.6,10.02,9.52,9.91,408898174.0,3995802973.0,19640319946.0,0.0208193234694874,416097783.4,-0.017302686260837197,381208145.7,0.07263755670580885,2021-03-26
2021-03-29,9.92,10.0,9.65,9.93,295006009.0,2907970635.0,19640319946.0,0.0150204278652844,425748972.0,-0.30708932163904323,376010944.1,-0.21543238666600295,2021-03-29
2021-03-30,9.81,10.16,9.68,9.93,296079312.0,2938037287.0,19640319946.0,0.0150750758039611,422490996.6,-0.29920562950997576,363684104.3,-0.18588877407804816,2021-03-30
2021-03-31,9.81,9.83,9.45,9.62,341747840.0,3274537358.0,19640319946.0,0.0174003193909069,394114515.6,-0.1328717251641366,362752690.1,-0.057904050537046614,2021-03-31
2021-04-01,9.72,9.82,9.61,9.74,230815665.0,2240304735.0,19640319946.0,0.0117521336533526,347799436.0,-0.33635411358171385,372480372.2,-0.3803279790644496,2021-04-01
2021-04-02,9.85,10.14,9.82,10.13,395349729.0,3962425756.0,19640319946.0,0.0201294953487006,314509400.0,0.2570362888994733,365303591.7,0.08224977247055087,2021-04-02
2021-04-06,10.35,10.44,10.13,10.15,306084879.0,3141800030.0,19640319946.0,0.0155845159265003,311799711.0,-0.018328535269232504,368774341.5,-0.16999410057925624,2021-04-06
2021-04-07,10.25,10.29,9.9,10.24,253068408.0,2555155701.0,19640319946.0,0.0128851469169442,314015485.0,-0.1940893997631996,368253240.8,-0.3127870172975814,2021-04-07
2021-04-08,10.2,10.68,10.07,10.53,409922288.0,4297622177.0,19640319946.0,0.0208714669173954,305413304.2,0.34218870744269303,349763909.9,0.17199709974994204,2021-04-08
2021-04-09,10.59,10.62,10.25,10.29,227726836.0,2361921477.0,19640319946.0,0.0115948638630186,319048193.8,-0.28623060582893045,333423814.9,-0.31700488740344024,2021-04-09
2021-04-12,10.17,10.17,9.6,9.68,382576974.0,3746359621.0,19640319946.0,0.0194791620020383,318430428.0,0.20144603140752615,316469914.0,0.2088889245882628,2021-04-12
2021-04-13,9.59,9.83,9.51,9.7,215462208.0,2092158730.0,19640319946.0,0.010970402141737,315875877.0,-0.3178896405565025,313837794.0,-0.3134599716183323,2021-04-13
2021-04-14,9.72,9.97,9.72,9.93,222354597.0,2196393986.0,19640319946.0,0.0113213327283543,297751342.8,-0.25322050638288507,305883413.9,-0.27307403116439455,2021-04-14
2021-04-15,10.1,10.24,9.8,10.21,283596684.0,2851263081.0,19640319946.0,0.0144395144671641,291608580.6,-0.027474831445340575,298510942.4,-0.0499621832288315,2021-04-15
2021-04-16,10.57,10.69,10.2,10.23,411957771.0,4305401933.0,19640319946.0,0.020975104893029,266343459.8,0.5467163012350416,292695826.8,0.40746035057579433,2021-04-16
2021-04-19,10.24,10.65,9.98,10.65,399896657.0,4173023438.0,19640319946.0,0.0203610052229034,303189646.8,0.3189654106619051,310810037.4,0.2866272284680085,2021-04-19
2021-04-20,10.5,10.86,10.46,10.74,375163753.0,4012678442.0,19640319946.0,0.0191017129064848,306653583.4,0.22341225835484568,311264730.2,0.20528834975598542,2021-04-20
2021-04-21,10.5,10.66,10.35,10.55,240994349.0,2536689651.0,19640319946.0,0.0122703881435028,338593892.4,-0.2882495685560097,318172617.6,-0.24256728684624562,2021-04-21
2021-04-22,10.66,10.83,10.52,10.6,258894772.0,2766959349.0,19640319946.0,0.0131818001291128,342321842.8,-0.2437094580866167,316965211.7,-0.18320761255958362,2021-04-22
2021-04-23,10.56,10.82,10.41,10.78,285518030.0,3056599836.0,19640319946.0,0.0145373410812561,337381460.4,-0.15372341544348822,301862460.1,-0.054145288866278674,2021-04-23
2021-04-26,11.03,11.4,10.93,11.15,486226806.0,5443923867.0,19640319946.0,0.0247565623847704,312093512.2,0.5579523027329372,307641579.5,0.5804976908201058,2021-04-26
2021-04-27,11.32,11.54,11.01,11.29,490881815.0,5550831104.0,19640319946.0,0.0249935752752324,329359542.0,0.4904132183909826,318006562.7,0.543621649918862,2021-04-27
2021-04-28,11.02,11.23,10.85,11.09,299160540.0,3308172913.0,19640319946.0,0.0152319585843064,352503154.4,-0.15132521151702916,345548523.4,-0.13424448451861037,2021-04-28
2021-04-29,11.31,11.48,11.16,11.36,352853729.0,3995319718.0,19640319946.0,0.0179657831425431,364136392.6,-0.03098471844420647,353229117.7,-0.0010627343024388614,2021-04-29
2021-04-30,11.2,11.41,10.85,11.03,369975095.0,4087299495.0,19640319946.0,0.0188375289209761,382928184.0,-0.03382641848059953,360154822.2,0.027266809146169413,2021-04-30
2021-05-06,11.56,11.97,11.41,11.54,498383283.0,5803831804.0,19640319946.0,0.025375517525696,399819597.0,0.24652039754819732,355956554.6,0.40012390995313885,2021-05-06
2021-05-07,11.97,12.09,11.84,11.92,501563280.0,5992351539.0,19640319946.0,0.0255374291956048,402250892.4,0.24689165263863067,365805217.2,0.37112117710933523,2021-05-07
2021-05-10,12.35,12.5,12.13,12.35,577791600.0,7112689364.0,19640319946.0,0.0294186449909475,404387185.4,0.4288078872441936,378445169.9,0.5267511543420547,2021-05-10
2021-05-11,11.9,11.9,11.31,11.58,533978719.0,6190222553.0,19640319946.0,0.0271878829096545,460113397.4,0.1605372110818697,412124895.0,0.29567207775691395,2021-05-11
2021-05-12,11.5,11.78,11.41,11.75,267046039.0,3109739688.0,19640319946.0,0.0135968273294034,496338395.4,-0.46196779964043055,439633289.7,-0.39257093296499745,2021-05-12
2021-05-13,11.26,11.41,11.0,11.08,401687366.0,4482547609.0,19640319946.0,0.0204521803669399,475752584.2,-0.15568011748069444,437786090.6,-0.08245744982561132,2021-05-13
2021-05-14,11.01,11.12,10.7,11.06,359966291.0,3923947722.0,19640319946.0,0.0183279239844212,456413400.8,-0.21131524541336388,429332146.6,-0.16156688044286316,2021-05-14
2021-05-17,11.12,11.5,11.0,11.45,382905376.0,4320022451.0,19640319946.0,0.0194958828090773,428094003.0,-0.10555772022809673,416240594.2,-0.0800864179623545,2021-05-17
2021-05-18,11.74,11.88,11.59,11.73,293717678.0,3452682329.0,19640319946.0,0.0149548316324561,389116758.2,-0.2451682642539038,424615077.8,-0.3082730845974684,2021-05-18
2021-05-19,11.57,11.57,11.32,11.42,260692258.0,2972228881.0,19640319946.0,0.013273320328628,341064550.0,-0.23565126308201778,418701472.7,-0.37737917108596786,2021-05-19
2021-05-20,10.9,11.1,10.6,10.93,440449026.0,4757953612.0,19640319946.0,0.0224257561593187,339793793.8,0.29622445741091097,407773189.0,0.08013238212186624,2021-05-20
2021-05-21,10.8,11.03,10.67,10.82,273640503.0,2962046118.0,19640319946.0,0.0139325888657801,347546125.8,-0.2126498249113845,401979763.3,-0.3192679632586868,2021-05-21
2021-05-24,10.56,10.76,10.49,10.62,261063789.0,2769535488.0,19640319946.0,0.0132922370774906,330280968.2,-0.20957059553636126,379187485.6,-0.3115179194616332,2021-05-24
2021-05-25,10.69,11.01,10.55,10.93,309188927.0,3349195352.0,19640319946.0,0.015742560602378,305912650.8,0.010709842144259518,347514704.5,-0.11028534045816185,2021-05-25
2021-05-26,10.93,11.19,10.88,11.06,264624958.0,2921685347.0,19640319946.0,0.0134735563742124,309006900.6,-0.14362767470183813,325035725.3,-0.18585885365137123,2021-05-26
2021-05-27,11.19,11.24,10.96,11.14,235782674.0,2619503633.0,19640319946.0,0.0120050322320752,309793440.6,-0.23890359478450496,324793617.2,-0.2740538560066259,2021-05-27
2021-05-28,11.44,11.51,11.19,11.19,284479219.0,3228782022.0,19640319946.0,0.0144844493257828,268860170.2,0.058093576257060686,308203148.0,-0.0769749730135787,2021-05-28
2021-05-31,11.29,11.38,11.09,11.23,274209233.0,3077621769.0,19723073087.0,0.0139029669357529,271027913.4,0.01173797768684004,300654440.8,-0.087958813213046,2021-05-31
2021-06-01,11.15,11.44,11.07,11.44,299210052.0,3371369884.0,19723073087.0,0.0151705594092848,273657002.2,0.09337619572885902,289784826.5,0.03252491034067306,2021-06-01
2021-06-02,11.3,11.4,11.15,11.18,241051336.0,2711209481.0,19723073087.0,0.012221793983965,271661227.2,-0.11267670221288018,290334063.9,-0.16974490432846512,2021-06-02
2021-06-03,11.14,11.27,11.0,11.0,264730027.0,2946459114.0,19723073087.0,0.013422351873476,266946502.8,-0.008303071127553352,288369971.7,-0.08197783063415953,2021-06-03
2021-06-04,10.51,10.97,10.39,10.84,402898084.0,4289951088.0,19723073087.0,0.0204277539419331,272735973.4,0.47724584688027827,270798071.8,0.48781740328477463,2021-06-04
2021-06-07,10.87,11.32,10.85,11.17,332356303.0,3695016909.0,19723073087.0,0.0168511418851388,296419746.4,0.12123536652482625,283723829.9,0.17140778452462313,2021-06-07
2021-06-08,11.29,11.35,10.99,11.06,261484316.0,2907604384.0,19723073087.0,0.0132577877112036,308049160.4,-0.15116043276837954,290853081.3,-0.10097457165911072,2021-06-08
2021-06-09,11.2,11.2,10.91,11.08,207377190.0,2297180997.0,19723073087.0,0.0105144461557914,300504013.2,-0.3099020948449682,286082620.2,-0.27511433635841676,2021-06-09
2021-06-10,11.1,11.24,11.05,11.07,216082902.0,2404639032.0,19723073087.0,0.0109558434959319,293769184.0,-0.2644466684429365,280357843.4,-0.2292603646130058,2021-06-10
2021-06-11,11.12,11.27,10.81,11.0,418514473.0,4630407469.0,19723073087.0,0.0212195366895361,284039759.0,0.4734362346786811,278387866.2,0.5033502670670638,2021-06-11
2021-06-15,10.88,10.9,10.4,10.47,460805360.0,4871405687.0,19723073087.0,0.0233637708468326,287163036.8,0.6046820131691824,291791391.6,0.5792287684473278,2021-06-15
2021-06-16,10.27,10.39,9.9,9.94,416736937.0,4188211882.0,19723073087.0,0.0211294119918199,312852848.2,0.3320541570827866,310451004.3,0.3423597644325611,2021-06-16
2021-06-17,9.78,10.07,9.73,9.87,251847790.0,2496062964.0,19723073087.0,0.0127691962043176,343903372.4,-0.26767862657923724,322203692.8,-0.21835846196732356,2021-06-17
2021-06-18,9.53,9.84,9.38,9.77,398962485.0,3841538873.0,19723073087.0,0.0202282110521086,352797492.4,0.13085408370096463,323283338.2,0.23409541370542564,2021-06-18
2021-06-21,9.64,9.85,9.57,9.76,243546360.0,2368894152.0,19723073087.0,0.0123482967854805,389373409.0,-0.3745172259567422,336706584.0,-0.27668073161289886,2021-06-21
2021-06-22,9.86,9.89,9.71,9.78,227173133.0,2227761262.0,19723073087.0,0.0115181408088851,354379786.4,-0.35895572569824197,320771411.6,-0.29179121085988957,2021-06-22
2021-06-23,9.83,9.84,9.69,9.78,235780723.0,2305475530.0,19723073087.0,0.0119545631636587,307653341.0,-0.23361559398764986,310253094.6,-0.24003748196618313,2021-06-23
2021-06-24,9.83,9.87,9.62,9.73,207415719.0,2021424296.0,19723073087.0,0.0105163996546112,271462098.2,-0.23593120227345232,307682735.3,-0.3258779411273649,2021-06-24
2021-06-25,9.75,10.17,9.75,10.15,371821159.0,3740231217.0,20494681640.0,0.0181423242151908,262575684.0,0.4160532816130833,307686588.2,0.20844122967853185,2021-06-25
2021-06-28,10.15,10.15,9.92,9.97,239332470.0,2387798338.0,20494681640.0,0.0116777842273426,257147418.8,-0.06927912744811893,323260413.9,-0.25962951320715355,2021-06-28
2021-06-29,9.93,9.93,9.57,9.65,287644324.0,2789464365.0,20494681640.0,0.0140350715884552,256304640.8,0.12227512971353116,305342213.6,-0.05796083480020997,2021-06-29
2021-06-30,9.64,9.75,9.52,9.69,141339080.0,1365157035.0,20494681640.0,0.0068963784108822,268398879.0,-0.47339914187942644,288026110.0,-0.5092837937505041,2021-06-30
2021-07-01,9.74,9.79,9.61,9.79,159486111.0,1552823715.0,20494681640.0,0.0077818291497012,249510550.4,-0.3608041393667657,260486324.3,-0.38773710509147064,2021-07-01
2021-07-02,9.88,10.09,9.79,9.84,302368934.0,3000272961.0,20494681640.0,0.0147535316386597,239924628.8,0.26026634077676647,251250156.4,0.20345769464364793,2021-07-02
2021-07-05,9.85,10.08,9.84,10.03,298247140.0,2972403627.0,20494681640.0,0.0145524163409254,226034183.8,0.3194780319772146,241590801.3,0.23451364205562575,2021-07-05
2021-07-06,10.11,10.15,9.9,10.04,245210281.0,2449466648.0,20494681640.0,0.0119645811194947,237817117.8,0.03108759902732272,247060879.3,-0.007490454600677099,2021-07-06
2021-07-07,9.83,10.07,9.76,9.99,244861197.0,2428009620.0,20494681640.0,0.0119475482128055,229330309.2,0.06772278751194394,248864594.1,-0.016086647899746342,2021-07-07
2021-07-08,10.07,10.09,9.68,9.73,307122595.0,3018272389.0,20494681640.0,0.0149854777153786,250034732.6,0.22831972904871534,249772641.5,0.22960862789289904,2021-07-08
2021-07-09,9.63,10.23,9.55,10.14,524989988.0,5251637905.0,20494681640.0,0.0256159132999345,279562029.4,0.8779016203550283,259743329.1,1.0211875693557513,2021-07-09
2021-07-12,10.48,10.7,10.28,10.38,515750925.0,5402078978.0,20494681640.0,0.0251651103471349,324086240.2,0.5914002540858259,275060212.0,0.8750473623571555,2021-07-12
2021-07-13,10.3,10.5,10.03,10.15,287840304.0,2929502128.0,20494681640.0,0.0140446340692706,367586997.2,-0.21694644752793224,302702057.5,-0.049096968889945525,2021-07-13
2021-07-14,10.03,10.03,9.78,9.82,303091650.0,2985594542.0,20494681640.0,0.0147887952261941,376113001.8,-0.1941473744606933,302721655.5,0.0012222267329666803,2021-07-14
2021-07-15,9.84,10.04,9.65,10.03,299806669.0,2956474075.0,20494681640.0,0.0146285106676094,387759092.4,-0.2268223366617308,318896912.5,-0.059863368855915144,2021-07-15
2021-07-16,10.0,10.2,9.88,10.0,271506595.0,2723085433.0,20494681640.0,0.0132476610161191,386295907.2,-0.29715383999802314,332928968.3,-0.18449092493703556,2021-07-16
2021-07-19,9.92,10.05,9.85,9.97,255394747.0,2543088629.0,20494681640.0,0.0124615132592027,335599228.6,-0.2389888735280603,329842734.4,-0.22570752554372464,2021-07-19
2021-07-20,9.77,9.78,9.62,9.72,274588410.0,2662218197.0,20494681640.0,0.0133980324663389,283527993.0,-0.03152980735838662,325557495.1,-0.15655939693338683,2021-07-20
2021-07-21,9.75,9.84,9.65,9.82,293460791.0,2855218716.0,20494681640.0,0.0143188753138397,280877614.2,0.044799500436656814,328495308.0,-0.10665149896144022,2021-07-21
2021-07-22,9.77,10.1,9.7,10.03,374177416.0,3721218657.0,20494681640.0,0.0182572934077545,278951442.4,0.34137114610596475,333355267.4,0.12245838776867646,2021-07-22
2021-07-23,10.03,10.38,10.0,10.13,438245056.0,4475502580.0,20494681640.0,0.0213833551405192,293825591.8,0.49151424596909465,340060749.5,0.2887257839793711,2021-07-23
2021-07-26,10.35,10.45,9.95,10.18,465878176.0,4768601800.0,20494681640.0,0.0227316620079003,327173284.0,0.42394932221910886,331386256.3,0.4058464017235708,2021-07-26
2021-07-27,10.52,11.13,10.47,10.64,927630611.0,10055251099.0,20494681640.0,0.0452620161315177,369269969.8,1.5120662032236556,326398981.4,1.8420144175119049,2021-07-27
2021-07-28,10.51,10.6,9.91,10.02,551300378.0,5580639800.0,20494681640.0,0.0268996800088864,499878410.0,0.10286895167166743,390378012.1,0.4122219000868772,2021-07-28
2021-07-29,10.18,10.3,9.92,10.24,392959031.0,3977584187.0,20494681640.0,0.0191737074965366,551446327.4,-0.2874029411842266,415198884.9,-0.053564339184958065,2021-07-29
2021-07-30,10.24,10.4,10.09,10.25,291420836.0,2975393472.0,20494681640.0,0.0142193394910427,555202650.4,-0.47510906911189343,424514121.1,-0.3135190998008005,2021-07-30
2021-08-02,10.38,11.0,10.16,10.81,583619321.0,6142871808.0,20494681640.0,0.0284766229235264,525837806.4,0.10988467146473324,426505545.2,0.3683745207259266,2021-08-02
2021-08-03,10.76,10.77,10.33,10.41,410342436.0,4302764779.0,20494681640.0,0.0200218985202055,549386035.4,-0.2530890675056281,459328002.6,-0.10664615769715757,2021-08-03
2021-08-04,10.42,10.59,10.22,10.53,357410281.0,3741821977.0,20494681640.0,0.0174391721363669,445928400.4,-0.1985029868485586,472903405.2,-0.24422138417708306,2021-08-04
2021-08-05,10.33,10.42,10.16,10.28,342679855.0,3516739867.0,20494681640.0,0.0167204283052234,407150381.0,-0.1583457341772695,479298354.2,-0.28503853185148287,2021-08-05
2021-08-06,10.23,10.76,10.23,10.68,500137050.0,5287101616.0,20494681640.0,0.0244032602596699,397094545.8,0.25949110933369046,476148598.1,0.05038017962401309,2021-08-06
2021-08-09,10.3,10.92,10.21,10.69,409476207.0,4315411803.0,20494681640.0,0.0199796324818637,438837788.6,-0.06690759629810061,482337797.5,-0.15105925946017118,2021-08-09
2021-08-10,10.56,10.68,10.4,10.55,294265239.0,3092572705.0,20494681640.0,0.0143581268628088,404009165.8,-0.2716372203652614,476697600.6,-0.3827003982616648,2021-08-10
2021-08-11,10.65,10.82,10.48,10.59,337027616.0,3585872945.0,20494681640.0,0.0164446377806725,380793726.4,-0.1149339061169995,413361063.4,-0.18466530633567158,2021-08-11
2021-08-12,10.62,11.15,10.51,11.01,664056035.0,7270785681.0,20494681640.0,0.0324013832790622,376717193.4,0.7627441662714405,391933787.2,0.6943066831366052,2021-08-12
2021-08-13,10.9,11.34,10.78,11.29,507957551.0,5629514682.0,20494681640.0,0.0247848471092425,440992429.4,0.15185095510848257,419043487.6,0.2121833796039645,2021-08-13
2021-08-16,11.44,11.84,11.15,11.17,539013208.0,6196314545.0,20494681640.0,0.0263001503252431,442556529.6,0.21795335047294717,440697159.1,0.2230920868670514,2021-08-16
2021-08-17,11.07,11.44,10.78,10.95,448247902.0,4984103033.0,20494681640.0,0.021871425468993,468463929.8,-0.04315386204575189,436236547.8,0.027534039182583125,2021-08-17
2021-08-18,10.79,10.98,10.6,10.91,359915560.0,3882209141.0,20494681640.0,0.0175614125811812,499260462.4,-0.2791026185613692,440027094.4,-0.18206045813891591,2021-08-18
2021-08-19,10.62,10.65,10.11,10.34,591193039.0,6139845360.0,20494681640.0,0.0288461684540711,503838051.2,0.17337909987533706,440277622.3,0.34277330724105703,2021-08-19
2021-08-20,10.13,10.14,9.9,10.04,414310593.0,4130780289.0,20494681640.0,0.020215517385319,489265452.0,-0.15319875681718886,465128940.7,-0.1092564733201088,2021-08-20
2021-08-23,10.13,10.25,10.02,10.14,296510671.0,3003175788.0,20494681640.0,0.0144676885549318,470536060.4,-0.3698449577957149,456546295.0,-0.35053536903634275,2021-08-23
2021-08-24,10.25,10.43,10.21,10.32,304859940.0,3155299754.0,20494681640.0,0.0148750756588966,422035553.0,-0.27764393821105404,445249741.4,-0.3153057449479295,2021-08-24
2021-08-25,10.32,10.62,10.13,10.52,345752579.0,3596037348.0,20494681640.0,0.0168703561769501,393357960.6,-0.12102305372792299,446309211.5,-0.22530709631118606,2021-08-25
2021-08-26,10.43,10.67,10.37,10.39,295880005.0,3102328423.0,20494681640.0,0.0144369163765161,390525364.4,-0.2423539365885039,447181707.8,-0.3383450176089694,2021-08-26
2021-08-27,10.31,10.5,10.28,10.45,278706510.0,2891161547.0,20494681640.0,0.0135989675221907,331462757.6,-0.1591619160535217,410364104.8,-0.3208311673950289,2021-08-27
2021-08-30,10.66,11.02,10.53,10.89,536410939.0,5806055587.0,20494681640.0,0.0261731774331674,304341941.0,0.7625271667699589,387439000.7,0.38450423945665513,2021-08-30
2021-08-31,10.8,11.11,10.65,11.11,482796488.0,5295000177.0,20494681640.0,0.0235571596807687,352321994.6,0.370327414693854,387178773.8,0.24696011421688113,2021-08-31
2021-09-01,11.12,11.24,10.57,10.69,476200779.0,5160104186.0,20494681640.0,0.0232353342864612,387909304.2,0.2276085513908641,390633632.4,0.21904705458740747,2021-09-01
2021-09-02,10.59,11.04,10.55,10.9,371841826.0,4030435661.0,20494681640.0,0.0181433326231458,413998944.2,-0.10182904761137312,402262154.3,-0.07562314270636816,2021-09-02
2021-09-03,11.02,11.42,10.94,11.07,478081033.0,5339696180.0,20494681640.0,0.0233270777949981,429191308.4,0.11391126437825139,380327033.0,0.2570261683186743,2021-09-03
2021-09-06,11.22,11.28,10.76,10.95,382571996.0,4171886231.0,20494681640.0,0.0186668913779721,469066213.0,-0.1843966045791493,386704077.0,-0.010685382559336154,2021-09-06
2021-09-07,10.96,11.09,10.82,10.98,355052665.0,3899936563.0,20494681640.0,0.0173241366339174,438298424.4,-0.189929406006781,395310209.5,-0.10183785678320556,2021-09-07
2021-09-08,10.91,11.04,10.68,10.85,423473734.0,4593585371.0,20494681640.0,0.0206626158648639,412749659.8,0.0259820303793743,400329482.0,0.05781300913531018,2021-09-08
2021-09-09,10.77,11.57,10.73,11.43,791356844.0,8926994879.0,20494681640.0,0.0386127902789906,402204250.8,0.9675496776226513,408101597.5,0.9391172415099405,2021-09-09
2021-09-10,11.42,12.45,11.38,11.97,920206631.0,11055875820.0,20494681640.0,0.0448997767891163,486107254.4,0.8930115168427324,457649281.4,1.0107245185330256,2021-09-10
2021-09-13,12.28,12.68,12.13,12.39,720541125.0,8918540790.0,20494681640.0,0.0351574685402139,574532374.0,0.25413494105381784,521799293.5,0.380877923706886,2021-09-13
2021-09-14,12.1,12.22,11.67,11.72,572338177.0,6827189281.0,20494681640.0,0.0279261804137007,642126199.8,-0.10868272128085799,540212312.1,0.05946896096298726,2021-09-14
2021-09-15,11.6,11.67,11.31,11.52,356747852.0,4099964556.0,20494681640.0,0.0174068501412447,685583302.2,-0.47964331853588726,549166481.0,-0.3503830544238915,2021-09-15
2021-09-16,11.7,11.83,11.1,11.11,390504094.0,4448110308.0,20494681640.0,0.0190539233962943,672238125.8,-0.41909856193401873,537221188.3,-0.2731037001058656,2021-09-16
2021-09-17,10.82,11.07,10.59,10.81,374819442.0,4042139007.0,20494681640.0,0.0182886198763124,592067575.8,-0.3669313143967644,539087415.1,-0.30471490986212046,2021-09-17
2021-09-22,10.5,10.73,10.43,10.71,276147424.0,2914656697.0,20494681640.0,0.0134741016645526,482990138.0,-0.428254528874045,528761256.0,-0.47774648602468706,2021-09-22
2021-09-23,10.79,10.85,10.52,10.58,273484167.0,2909217672.0,20494681640.0,0.0133441529760693,394111397.8,-0.30607394628362106,518118798.8,-0.4721593433139103,2021-09-23
2021-09-24,10.52,10.63,10.31,10.34,290751157.0,3030210107.0,20494681640.0,0.0141866637456096,334340595.8,-0.1303743528233553,509961949.0,-0.42985715391090873,2021-09-24
2021-09-27,10.33,10.37,10.01,10.13,291327184.0,2958240238.0,20494681640.0,0.0142147699153037,321141256.8,-0.0928378779390765,496689691.3,-0.4134623908994344,2021-09-27
2021-09-28,10.14,10.36,10.09,10.22,192161870.0,1963186344.0,20494681640.0,0.0093761822396378,301305874.8,-0.3622365639981209,446686725.3,-0.5698061770899016,2021-09-28
2021-09-29,10.1,10.15,9.91,10.02,224656525.0,2250109485.0,20494681640.0,0.0109616986956036,264774360.4,-0.15151707038171358,373882249.2,-0.39912492374083,2021-09-29
2021-09-30,10.0,10.1,9.98,10.09,123459769.0,1241545888.0,20494681640.0,0.0060239905731953,254476180.6,-0.514847445804521,324293789.2,-0.6192965356981928,2021-09-30
2021-10-08,10.26,10.3,10.06,10.26,151931425.0,1549243831.0,20494681640.0,0.0074132122503172,224471301.0,-0.32315879881678056,279405948.4,-0.4562341071475914,2021-10-08
2021-10-11,10.73,11.2,10.62,11.04,555733353.0,6096616463.0,20494681640.0,0.0271159788066851,196707354.6,1.8251783169473828,258924305.7,1.146315895286767,2021-10-11
2021-10-12,10.98,10.98,10.53,10.82,316027963.0,3385255642.0,20494681640.0,0.0154199986392177,249588588.4,0.26619556216857876,275447231.6,0.14732669907146012,2021-10-12
2021-10-13,10.71,10.78,10.56,10.71,146895461.0,1569183323.0,20494681640.0,0.0071674917220133,274361807.0,-0.4645921653373569,269568083.7,-0.4550710195963752,2021-10-13
2021-10-14,11.0,11.34,11.0,11.13,384859988.0,4295788245.0,20494681640.0,0.0187785297064024,258809594.2,0.48703910760971314,256642887.4,0.49959343077434526,2021-10-14
2021-10-15,11.2,11.95,11.2,11.46,514937212.0,5955272594.0,20494681640.0,0.0251254067296651,311089638.0,0.6552695721739212,267780469.5,0.9229827065487313,2021-10-15
2021-10-18,11.7,11.8,11.18,11.56,529088371.0,6067538618.0,20494681640.0,0.0258158863013204,383690795.4,0.37894465372415875,290199075.0,0.8231911007986501,2021-10-18
2021-10-19,11.4,11.88,11.27,11.8,410110318.0,4778513014.0,20494681640.0,0.0200105727526685,378361799.0,0.08391047691365894,313975193.7,0.3061870053079929,2021-10-19
2021-10-20,11.38,11.46,11.16,11.32,428670646.0,4855264740.0,20494681640.0,0.0209161895524813,397178270.0,0.07929027940022992,335770038.5,0.2766792651155503,2021-10-20
2021-10-21,11.43,11.58,11.25,11.34,284046659.0,3241488056.0,20494681640.0,0.0138595301937073,453533307.0,-0.37370275872594294,356171450.6,-0.20250020454615292,2021-10-21
2021-10-22,11.1,11.24,10.9,11.12,305697608.0,3394327525.0,20494681640.0,0.0149159481161864,433370641.2,-0.29460471259999144,372230139.6,-0.1787403128384395,2021-10-22
2021-10-25,11.12,11.27,10.88,11.16,194366975.0,2158677635.0,20494681640.0,0.0094837762505492,391522720.4,-0.5035614413349381,387606757.9,-0.4985459591750838,2021-10-25
2021-10-26,11.26,11.47,11.11,11.31,224968726.0,2534819432.0,20494681640.0,0.0109769319646772,324578441.2,-0.306889498981302,351470120.1,-0.35992076385898164,2021-10-26
2021-10-27,11.2,11.26,10.84,10.89,276186245.0,3037153315.0,20494681640.0,0.0134759958632858,287550122.8,-0.039519641617068446,342364196.4,-0.19329693962122485,2021-10-27
2021-10-28,10.7,10.82,10.37,10.51,286533283.0,3022389846.0,20494681640.0,0.013980860402377,257053242.6,0.11468456924262127,355293274.8,-0.1935302373474591,2021-10-28
2021-10-29,10.59,10.64,10.37,10.46,208885775.0,2186745475.0,20494681640.0,0.01019219418331,257550567.4,-0.18895237891058125,345460604.3,-0.3953412562822869,2021-10-29
2021-11-01,10.37,10.56,10.28,10.48,210225343.0,2191801786.0,20494681640.0,0.0102575559207369,238188200.8,-0.11739816542583337,314855460.6,-0.3323115864041648,2021-11-01
2021-11-02,10.47,10.52,10.05,10.23,315797374.0,3242283766.0,20494681640.0,0.0154087474764013,241359874.4,0.30840876009338847,282969157.8,0.11601340745129085,2021-11-02
2021-11-03,10.23,10.26,10.08,10.2,231626822.0,2351302285.0,20494681640.0,0.0113018014170041,259525604.0,-0.1074991506425701,273537863.4,-0.15321842789534623,2021-11-03
2021-11-04,10.21,10.26,10.12,10.26,188213934.0,1919555805.0,20494681640.0,0.009183550020736,250613719.4,-0.2489879067650117,253833481.0,-0.25851415164573976,2021-11-04
2021-11-05,10.17,10.25,10.15,10.18,150868038.0,1536473007.0,20494681640.0,0.0073613262528336,230949849.6,-0.3467497889204081,244250208.5,-0.382321763708955,2021-11-05
2021-11-08,10.3,10.64,10.3,10.51,291238974.0,3056813877.0,20494681640.0,0.014210465871867,219346302.2,0.3277587589985824,228767251.5,0.2730798315334919,2021-11-08
2021-11-09,10.6,10.65,10.41,10.56,165074576.0,1734037572.0,20494681640.0,0.0080545079401389,235549028.4,-0.29919228654309327,238454451.4,-0.30773120388055797,2021-11-09
2021-11-10,10.54,10.58,10.35,10.55,168884883.0,1764772531.0,20494681640.0,0.0082404248071062,205404468.8,-0.17779353104317663,232465036.4,-0.27350415522529736,2021-11-10
2021-11-11,10.5,10.73,10.5,10.69,200024833.0,2121113366.0,20494681640.0,0.0097598409437893,192856081.0,0.03717151133025465,221734900.2,-0.09791001407725164,2021-11-11
2021-11-12,10.76,10.95,10.73,10.74,178949092.0,1932810519.0,20494681640.0,0.0087314892294174,195218260.8,-0.0833383554045064,213084055.2,-0.1601948262527716,2021-11-12
2021-11-15,10.75,10.9,10.5,10.56,160909699.0,1711734276.0,20494681640.0,0.0078512904872817,200834471.6,-0.19879442150507787,210090386.9,-0.2340929950469809,2021-11-15
2021-11-16,10.57,10.61,10.32,10.36,163075827.0,1699260780.0,20494681640.0,0.0079569826877291,174768616.6,-0.06690440095867878,205158822.5,-0.20512398632040307,2021-11-16
2021-11-17,10.31,10.44,10.28,10.42,103452801.0,1074398999.0,20494681640.0,0.0050477876561931,174368866.8,-0.4067014203937007,189886667.8,-0.45518660052024995,2021-11-17
2021-11-18,10.32,10.44,10.32,10.36,135204181.0,1402017902.0,20494681640.0,0.0065970373863294,161282450.4,-0.16169316212224416,177069265.7,-0.2364333783985415,2021-11-18
2021-11-19,10.36,10.45,10.24,10.43,165884255.0,1715728744.0,20494681640.0,0.0080940147260565,148318320.0,0.11843402082763621,171768290.4,-0.034255655606152624,2021-11-19
2021-11-22,10.44,10.56,10.37,10.54,155700446.0,1633281047.0,20494681640.0,0.0075971146434456,145705352.6,0.06859798368176073,173269912.1,-0.10139940562710081,2021-11-22
2021-11-23,10.5,10.68,10.46,10.58,163768165.0,1732241840.0,20494681640.0,0.0079907640370645,144663502.0,0.13206277143767742,159716059.3,0.025370684186420966,2021-11-23
2021-11-24,10.6,10.62,10.36,10.44,155171133.0,1620450535.0,20494681640.0,0.0075712877967886,144801969.6,0.07160927043080778,159585418.2,-0.027660955805296705,2021-11-24
2021-11-25,10.48,10.57,10.34,10.53,147353124.0,1543611126.0,20494681640.0,0.0071898225397367,155145636.0,-0.05022707825310668,158214043.2,-0.06864699858703815,2021-11-25
2021-11-26,10.44,10.46,10.33,10.36,136933219.0,1421666885.0,20494681640.0,0.0066814025904527,157575424.6,-0.13099888927730674,152946872.3,-0.1047007569307451,2021-11-26
2021-11-29,10.2,10.44,10.08,10.25,196592099.0,2012578664.0,20494681640.0,0.0095923470514568,151785217.4,0.2951992451407195,148745285.0,0.32166944989214286,2021-11-29
2021-11-30,10.27,10.32,10.13,10.15,164771599.0,1679330428.0,20494681640.0,0.0080397247390469,159963548.0,0.030057166523963286,152313525.0,0.08179230308011065,2021-11-30
2021-12-01,10.09,10.17,10.0,10.14,173396555.0,1747896489.0,20494681640.0,0.0084605634791407,160164234.8,0.08261719738194628,152483102.2,0.1371525926365893,2021-12-01
2021-12-02,10.09,10.14,10.01,10.04,171598087.0,1723933862.0,20494681640.0,0.0083728105668686,163809319.2,0.04754776979745867,159477477.6,0.07600201346550528,2021-12-02
2021-12-03,10.05,10.12,9.97,10.12,180795611.0,1814986967.0,20494681640.0,0.0088215867011633,168658311.8,0.07196383664976302,163116868.2,0.10838083758648343,2021-12-03
2021-12-06,10.12,10.26,10.06,10.17,165710038.0,1687485544.0,20494681640.0,0.0080855141304844,177430790.2,-0.06605816378762874,164608003.8,0.0066949004578111815,2021-12-06
2021-12-07,10.26,10.28,10.16,10.25,154853258.0,1583273593.0,20494681640.0,0.0075557776754028,171254378.0,-0.09577051513392554,165608963.0,-0.06494639423592063,2021-12-07
2021-12-08,10.34,10.34,10.25,10.3,149696872.0,1540960254.0,20494681640.0,0.007304181378833,169270709.8,-0.1156362953940896,164717472.3,-0.09119008499986558,2021-12-08
2021-12-09,10.34,10.39,10.28,10.36,179496338.0,1856700651.0,20494681640.0,0.0087581910835673,164530773.2,0.09095906199752801,164170046.2,0.0933562008097919,2021-12-09
2021-12-10,10.31,10.32,10.16,10.26,152268622.0,1558863155.0,20494681640.0,0.0074296651528762,166110423.4,-0.08332891528828656,167384367.6,-0.09030559912334368,2021-12-10
2021-12-13,10.28,10.49,10.25,10.38,225459238.0,2337278146.0,20494681640.0,0.0110008655884639,160405025.6,0.4055621833334879,168917907.9,0.334726677608822,2021-12-13
2021-12-14,10.3,10.32,10.1,10.14,201746051.0,2054070177.0,20494681640.0,0.0098438245855084,172354865.6,0.17052715801021168,171804621.8,0.1742760403434036,2021-12-14
2021-12-15,10.11,10.12,10.03,10.05,153263643.0,1541102578.0,20494681640.0,0.0074782153581186,181733424.2,-0.1566568248263931,175502067.0,-0.12671317426705864,2021-12-15
2021-12-16,10.05,10.14,10.0,10.11,154927165.0,1559941265.0,20494681640.0,0.0075593838304677,182446778.4,-0.15083638988497483,173488775.8,-0.10699026905001663,2021-12-16
2021-12-17,10.18,10.33,10.16,10.17,184007620.0,1882848129.0,20494681640.0,0.0089783107262748,177532943.8,0.03647028017117804,171821683.6,0.07092199392230847,2021-12-17
2021-12-20,10.02,10.12,9.92,9.96,234661098.0,2346452601.0,20494681640.0,0.0114498532898411,183880743.4,0.27615917611087926,172142884.5,0.36317628626700516,2021-12-20
2021-12-21,9.94,10.01,9.92,9.99,81491132.0,812875088.0,20494681640.0,0.00397620872729,185721115.4,-0.5612177332421944,179037990.5,-0.5448388815556997,2021-12-21
2021-12-22,9.99,10.04,9.94,9.97,100050658.0,997061441.0,20494681640.0,0.0048817863949995,161670131.6,-0.3811432142113751,171701777.9,-0.4172998135274405,2021-12-22
2021-12-23,10.0,10.08,9.96,10.03,108666698.0,1088696074.0,20494681640.0,0.0053021900954007,151027534.6,-0.280484195893111,166737156.5,-0.3482754517287213,2021-12-23
2021-12-24,10.03,10.03,9.63,9.69,229753578.0,2242390542.0,20494681640.0,0.0112103999484229,141775441.2,0.6205456745917715,159654192.5,0.43907012025381054,2021-12-24
2021-12-27,9.76,9.76,9.54,9.58,130990345.0,1261772200.0,20494681640.0,0.0063914310698216,150924632.8,-0.13208107536969282,167402688.1,-0.2175134910512826,2021-12-27
2021-12-28,9.62,9.74,9.56,9.71,127947316.0,1234969570.0,20494681640.0,0.0062429521105749,130190482.2,-0.017229878575563018,157955798.8,-0.18998025414689623,2021-12-28
2021-12-29,9.7,9.72,9.58,9.62,105092586.0,1011289594.0,20494681640.0,0.005127797925628,139481719.0,-0.24654939189557878,150575925.3,-0.30206249245608996,2021-12-29
2021-12-30,9.65,9.74,9.59,9.64,90555018.0,874786652.0,20494681640.0,0.0044184642430971,140490104.6,-0.35543490228136676,145758819.6,-0.378733868396393,2021-12-30
2021-12-31,9.67,9.73,9.62,9.7,80544673.0,780543449.0,20494681640.0,0.0039300280148191,136867768.6,-0.41151467709396117,139321604.9,-0.42187952071172274,2021-12-31
2022-01-04,9.7,9.86,9.62,9.82,151937844.0,1476678476.0,20494681640.0,0.0074135254535234,107025987.6,0.4196350569345273,128975310.2,0.17803821339442694,2022-01-04
2022-01-05,9.8,9.86,9.72,9.77,117856607.0,1154269047.0,20494681640.0,0.0057505946698862,111215487.4,0.05971398188558408,120702984.8,-0.0235816687111452,2022-01-05
2022-01-06,9.71,9.81,9.65,9.67,112224349.0,1087737432.0,20494681640.0,0.0054757790811919,109197345.6,0.02772048517633574,124339532.3,-0.09743629460314451,2022-01-06
2022-01-07,9.65,9.66,9.3,9.37,288598392.0,2723652167.0,20494681640.0,0.0140816235679765,110623698.2,1.6088297236116085,125556901.4,1.2985466253311024,2022-01-07
2022-01-10,9.37,9.43,9.31,9.4,130256364.0,1221940933.0,20494681640.0,0.006355617827494,150232373.0,-0.13296740643243388,143550070.8,-0.09260675892331227,2022-01-10
2022-01-11,9.42,9.49,9.38,9.43,107029977.0,1010333226.0,20494681640.0,0.0052223293281661,160174711.2,-0.3317922898180945,133600349.4,-0.19887951281061544,2022-01-11
2022-01-12,9.49,10.09,9.49,10.01,438182879.0,4321974972.0,20494681640.0,0.0213803213290606,151193137.8,1.8981664470753512,131204312.6,2.339698751639967,2022-01-12
2022-01-13,10.23,10.46,10.05,10.06,389068325.0,3989473621.0,20494681640.0,0.0189838677093985,215258392.2,0.8074478816998245,162227868.9,1.3982829068649623,2022-01-13
2022-01-14,10.0,10.01,9.78,9.82,195308862.0,1923461415.0,20494681640.0,0.0095297338807552,270627187.4,-0.2783102692808017,190625442.8,0.02456869938874706,2022-01-14
2022-01-17,9.85,9.86,9.58,9.68,197777488.0,1917765149.0,20494681640.0,0.0096501859103774,251969281.4,-0.2150730164363599,201100827.2,-0.016525736100999944,2022-01-17
2022-01-18,9.75,10.09,9.67,9.94,247705199.0,2462070699.0,20494681640.0,0.01208631601852,265473506.2,-0.06693062315082343,212824108.7,0.16389632975824608,2022-01-18
2022-01-19,9.95,10.01,9.83,9.89,159293183.0,1576770289.0,20494681640.0,0.0077724155855684,293608550.6,-0.4574640872192638,222400844.2,-0.283756392323982,2022-01-19
2022-01-20,10.08,10.21,10.05,10.12,278928961.0,2827346306.0,20494681640.0,0.0136098216063823,237830611.4,0.17280512949141746,226544501.8,0.23123253393386922,2022-01-20
2022-01-21,10.13,10.35,9.97,10.27,293429745.0,3007898729.0,20494681640.0,0.0143173604818191,215802738.6,0.3597127956002686,243214963.0,0.20646255222381193,2022-01-21
2022-01-24,10.13,10.3,10.11,10.29,179100403.0,1831281748.0,20494681640.0,0.0087388721691799,235426915.2,-0.23925264514530742,243698098.3,-0.26507262777437934,2022-01-24
2022-01-25,10.19,10.45,10.1,10.11,228660124.0,2350208683.0,20494681640.0,0.0111570468874089,231691498.2,-0.013083666097161939,248582502.2,-0.08014392816744276,2022-01-25
2022-01-26,10.2,10.27,9.98,10.18,140693969.0,1427162039.0,20494681640.0,0.0068649014154679,227882483.2,-0.38260296700154617,260745516.9,-0.46041653688735007,2022-01-26
2022-01-27,10.2,10.2,9.9,9.91,177745272.0,1780717923.0,20494681640.0,0.008672751064017,224162640.4,-0.20707004662851936,230996625.9,-0.23052870877452936,2022-01-27
2022-01-28,9.88,9.99,9.61,9.76,148019030.0,1447213004.0,20494681640.0,0.0072223141886286,203925902.6,-0.27415287556510737,209864320.6,-0.2946917819245545,2022-01-28
2022-02-07,10.03,10.28,10.02,10.25,242635817.0,2469767347.0,20494681640.0,0.0118389649208525,174843759.6,0.38772935079348403,205135337.4,0.18280848183107823,2022-02-07
2022-02-08,10.28,10.35,10.13,10.35,190474875.0,1952559159.0,20494681640.0,0.0092938684457652,187550842.4,0.015590612991029706,209621170.3,-0.09133760331839924,2022-02-08
2022-02-09,10.41,10.89,10.37,10.78,393840766.0,4228453407.0,20494681640.0,0.0192167301214052,179913792.6,1.1890526585453127,203898137.9,0.9315564627331498,2022-02-09
2022-02-10,11.02,11.41,11.02,11.21,526339373.0,5924627598.0,20494681640.0,0.0256817540396787,230543152.0,1.283040586692421,227352896.2,1.3150766134819092,2022-02-10
2022-02-11,11.27,11.62,11.05,11.06,353530343.0,3994054356.0,20494681640.0,0.0172498577538284,300261972.2,0.17740631758895775,252093937.4,0.40237542658175807,2022-02-11
2022-02-14,11.06,11.24,10.97,11.06,236092175.0,2617562427.0,20494681640.0,0.0115196800392943,341364234.8,-0.3083863189759093,258103997.2,-0.08528276368747378,2022-02-14
2022-02-15,11.13,11.15,10.76,10.9,214786908.0,2341801551.0,20494681640.0,0.0104801290292206,340055506.4,-0.36837691506941583,263803174.4,-0.18580620385438396,2022-02-15
2022-02-16,10.83,11.03,10.77,10.93,162692641.0,1776274261.0,20494681640.0,0.0079382858371641,344917913.0,-0.5283148979276121,262415852.8,-0.3800197691410204,2022-02-16
2022-02-17,10.94,11.32,10.92,11.27,277804598.0,3114061250.0,20494681640.0,0.0135549603980088,298688288.0,-0.06991800763209033,264615720.0,0.049841626944914674,2022-02-17
2022-02-18,11.34,11.34,11.08,11.23,183977329.0,2058938302.0,20494681640.0,0.0089768327330797,248981333.0,-0.26107982962722753,274621652.6,-0.3300698351416156,2022-02-18
2022-02-21,11.14,11.38,11.04,11.12,154311223.0,1722703572.0,20494681640.0,0.0075293300823383,215070730.2,-0.2825094197778475,278217482.5,-0.44535756123808645,2022-02-21
2022-02-22,11.17,11.26,10.96,11.2,191084683.0,2125847412.0,20494681640.0,0.009323622896735,198714539.8,-0.0383960670803416,269385023.1,-0.29066330116999006,2022-02-22
2022-02-23,11.11,11.14,10.83,10.92,260732359.0,2840347948.0,20494681640.0,0.0127219521425071,193974094.8,0.3441607203726462,269446003.9,-0.0323391134916734,2022-02-23
2022-02-24,10.88,11.29,10.84,11.0,437359798.0,4846879680.0,20494681640.0,0.0213401606173961,213582038.4,1.0477367913349775,256135163.2,0.707535164386988,2022-02-24
2022-02-25,10.89,11.17,10.65,10.95,284296426.0,3114026825.0,20494681640.0,0.0138717171114837,245493078.4,0.15806289877050972,247237205.7,0.14989337949793868,2022-02-25
2022-02-28,11.0,11.28,10.85,11.22,305738563.0,3391277085.0,20494681640.0,0.0149179464394939,265556897.8,0.1513109451604686,240313814.0,0.27224714181432774,2022-02-28
2022-03-01,11.23,11.26,10.97,11.15,202566146.0,2248499095.0,20494681640.0,0.009883839600838,295842365.8,-0.3152902713841129,247278452.8,-0.18081764219126495,2022-03-01
2022-03-02,11.36,11.52,11.31,11.4,320060319.0,3654721662.0,20494681640.0,0.0156167499755317,298138658.4,0.07352840694207674,246056376.6,0.30076010799876185,2022-03-02
2022-03-03,11.52,12.09,11.52,11.87,455231453.0,5417605279.0,20494681640.0,0.0222121748947547,310004250.4,0.4684684239413255,261793144.4,0.7388975331777252,2022-03-03
2022-03-04,11.81,11.97,11.52,11.58,295238175.0,3456283178.0,20494681640.0,0.0144055994714148,313578581.4,-0.05848743341499141,279535829.9,0.05617292461441292,2022-03-04
2022-03-07,12.01,12.17,11.73,11.83,417808495.0,4982781520.0,20494681640.0,0.0203861910294108,315766931.2,0.3231546869465223,290661914.5,0.4374380479765263,2022-03-07
2022-03-08,11.44,11.79,11.1,11.41,411158632.0,4705712433.0,20494681640.0,0.0200617232910576,338180917.6,0.21579489143830966,317011641.7,0.296982753677844,2022-03-08
2022-03-09,11.48,11.6,10.82,11.27,307834281.0,3473775821.0,20494681640.0,0.015020203114509,379899414.8,-0.18969530089415665,339019036.6,-0.09198526405109853,2022-03-09
2022-03-10,11.01,11.14,10.77,10.98,289722721.0,3178442562.0,20494681640.0,0.014136483117383,377454207.2,-0.23242948290549614,343729228.8,-0.15711933485710017,2022-03-10
2022-03-11,10.89,10.98,10.65,10.98,198185486.0,2144011523.0,20494681640.0,0.0096700934164889,344352460.8,-0.42446908745889234,328965521.1,-0.3975493682824136,2022-03-11
2022-03-14,10.75,10.85,10.44,10.45,216690517.0,2298407681.0,20494681640.0,0.0105730121016898,324941923.0,-0.33314078097580535,320354427.1,-0.32359131427779797,2022-03-14
2022-03-15,10.07,10.14,9.52,9.55,378224164.0,3709245320.0,20494681640.0,0.0184547469750303,284718327.4,0.32841523569585296,311449622.5,0.21439917301553324,2022-03-15
2022-03-16,9.7,10.15,9.32,10.12,293755904.0,2866381934.0,20494681640.0,0.014333274805629,278131433.8,0.05617657086266381,329015424.3,-0.1071667699926736,2022-03-16
2022-03-17,10.3,10.49,10.15,10.3,213102023.0,2199430170.0,20494681640.0,0.0103979181888867,275315758.4,-0.22597230090117493,326384982.8,-0.3470838603791302,2022-03-17
2022-03-18,10.36,10.69,10.24,10.63,196944613.0,2064937224.0,20494681640.0,0.0096095473186379,259991618.8,-0.24249630080767826,302172039.8,-0.3482368086393677,2022-03-18
2022-03-21,10.82,11.06,10.55,11.0,235034214.0,2559192678.0,20494681640.0,0.0114680587934226,259743444.2,-0.09512936996775212,292342683.6,-0.19603182434492783,2022-03-21
2022-03-22,10.94,11.39,10.9,11.3,254417629.0,2869808347.0,20494681640.0,0.0124138365976589,263412183.6,-0.034146311977955146,274065255.5,-0.07168959255398943,2022-03-22
2022-03-23,11.4,11.4,11.18,11.34,170924368.0,1931372437.0,20494681640.0,0.0083399376971244,238650876.6,-0.2837890627718733,258391155.2,-0.3385053452479785,2022-03-23
2022-03-24,11.43,11.83,11.42,11.71,267406595.0,3114656699.0,20494681640.0,0.0130476091162155,214084569.4,0.24906991545183255,244700163.9,0.09279287246116952,2022-03-24
2022-03-25,11.65,11.81,11.48,11.52,201675870.0,2343224245.0,20494681640.0,0.0098404002337066,224945483.8,-0.1034455700417134,242468551.3,-0.16823906061750782,2022-03-25
2022-03-28,11.44,11.69,11.25,11.56,192200509.0,2210364586.0,20494681640.0,0.0093780675580184,225891735.2,-0.1491476709857067,242817589.7,-0.2084572240525786,2022-03-28
2022-03-29,11.5,11.73,11.47,11.59,139373074.0,1618640238.0,20494681640.0,0.0068004507924622,217324994.2,-0.3586882424037354,240368588.9,-0.4201693547488309,2022-03-29
2022-03-30,11.58,11.58,11.35,11.46,179686151.0,2059265367.0,20494681640.0,0.0087674526570494,194316083.2,-0.07528935309457696,216483479.9,-0.16997753785645797,2022-03-30
2022-03-31,11.53,11.69,11.25,11.34,148366567.0,1693618739.0,20494681640.0,0.0072392716123205,196068439.8,-0.24329194871269644,205076504.6,-0.2765306426039017,2022-03-31
2022-04-01,11.37,11.59,11.2,11.45,131866667.0,1506877086.0,20494681640.0,0.0064341895773893,172260434.2,-0.23449242646806234,198602959.0,-0.33602868928050567,2022-04-01
2022-04-06,11.52,11.78,11.4,11.6,137554740.0,1586775596.0,20494681640.0,0.0067117285555453,158298593.6,-0.1310425641077837,192095164.4,-0.28392398408546304,2022-04-06
2022-04-07,11.45,11.68,11.38,11.53,123728339.0,1428194911.0,20494681640.0,0.0060370949485019,147369439.8,-0.1604206464521012,182347217.0,-0.32146845432798676,2022-04-07
2022-04-08,11.6,12.05,11.59,11.95,323989793.0,3864415489.0,20494681640.0,0.0158084813753662,144240492.8,1.2461778014668567,169278288.0,0.9139477178549915,2022-04-08
2022-04-11,12.0,12.02,11.48,11.68,245756229.0,2874313776.0,20494681640.0,0.0119912196401407,173101221.2,0.41972556459353294,184584830.5,0.33139992237877847,2022-04-11
2022-04-12,11.7,11.79,11.43,11.68,170559305.0,1986767928.0,20494681640.0,0.0083221251247501,192579153.6,-0.11434180797022675,182419793.9,-0.06501755454510472,2022-04-12
2022-04-13,11.78,12.74,11.73,12.53,415821435.0,5133714614.0,20494681640.0,0.0202892361200883,200317681.2,1.0758099460268715,179308137.4,1.319032705539665,2022-04-13
2022-04-14,12.61,12.91,12.42,12.74,258289403.0,3273347108.0,20494681640.0,0.0126027526329508,255971020.2,0.0090572081096858,201670230.0,0.2807512690395604,2022-04-14
2022-04-15,12.43,12.86,12.08,12.13,351868136.0,4390283215.0,20494681640.0,0.0171687534444667,282883233.0,0.2438635272526033,213561862.9,0.6476169069791347,2022-04-15
2022-04-18,12.1,12.2,11.88,12.02,167335376.0,2014499599.0,20494681640.0,0.0081648194853345,288458901.6,-0.4198987270913189,230780061.4,-0.2749140675980425,2022-04-18
2022-04-19,12.2,12.36,11.91,12.0,225673388.0,2732121827.0,20494681640.0,0.0110113146407479,272774731.0,-0.17267487654492453,232676942.3,-0.030099906895673545,2022-04-19
2022-04-20,11.82,12.0,11.4,11.44,232400706.0,2697329315.0,20494681640.0,0.0113395616522492,283797547.6,-0.18110389619166678,242057614.4,-0.03989508210240378,2022-04-20
2022-04-21,11.36,11.48,10.91,11.01,188969162.0,2105839856.0,20494681640.0,0.0092203999710434,247113401.8,-0.23529375329897628,251542211.0,-0.24875764887031226,2022-04-21
2022-04-22,10.9,11.45,10.71,11.33,193633012.0,2163813295.0,20494681640.0,0.0094479638864983,233249353.6,-0.16984545075283752,258066293.3,-0.24967724562578508,2022-04-22
2022-04-25,10.88,11.1,10.53,10.62,249779205.0,2705158283.0,20494681640.0,0.0121875132967422,201602328.8,0.23896983971744667,245030615.2,0.019379577511667634,2022-04-25
2022-04-26,10.62,10.66,10.09,10.24,234308568.0,2417806295.0,20494681640.0,0.0114326522419696,218091094.6,0.07436100694411385,245432912.8,-0.045325399405845346,2022-04-26
2022-04-27,10.18,11.0,10.16,10.89,292473020.0,3125612225.0,20494681640.0,0.0142706788589081,219818130.6,0.3305227335055865,251807839.1,0.16149291080588912,2022-04-27
2022-04-28,10.9,10.91,10.58,10.8,158313438.0,1701755884.0,20494681640.0,0.0077246107444292,231832593.4,-0.3171217399666979,239472997.6,-0.3389090227849555,2022-04-28
2022-04-29,10.83,11.08,10.68,11.07,229876483.0,2505304426.0,20494681640.0,0.0112163968700711,225701448.6,0.018498039892509643,229475401.1,0.0017478208909424975,2022-04-29
2022-05-05,10.92,10.94,10.59,10.84,247028234.0,2657300896.0,20494681640.0,0.0120532847662228,232950142.8,0.06043392388939961,217276235.8,0.13693167175165133,2022-05-05
2022-05-06,10.39,10.42,10.0,10.07,338454088.0,3441823913.0,20494681640.0,0.0165142398376869,232399948.6,0.4563432136662702,225245521.6,0.502600742495739,2022-05-06
2022-05-09,9.97,9.99,9.66,9.8,297419569.0,2914075655.0,20494681640.0,0.0145120365480339,253229052.6,0.17450808249005778,236523591.6,0.25746259384977144,2022-05-09
2022-05-10,9.5,9.65,9.26,9.63,462887320.0,4363358620.0,20494681640.0,0.0225857287334764,254218362.4,0.8208256698297416,243025477.9,0.9046863892619055,2022-05-10
2022-05-11,9.51,9.96,9.36,9.8,410262344.0,3980280715.0,20494681640.0,0.0200179905795306,315133138.8,0.30186988763620315,270417293.7,0.5171453659141476,2022-05-11
2022-05-12,9.6,9.74,9.4,9.53,325554042.0,3102432853.0,20494681640.0,0.0158848060057009,351210311.0,-0.07305101301538952,292080226.9,0.11460486543466186,2022-05-12
2022-05-13,9.49,9.57,9.33,9.53,254805221.0,2407824478.0,20494681640.0,0.0124327484308265,366915472.6,-0.3055478985543332,299657710.6,-0.149679077205097,2022-05-13
2022-05-16,9.58,9.7,9.5,9.7,236498868.0,2272664400.0,20494681640.0,0.0115395238703498,350185699.2,-0.3246472698905689,301707375.9,-0.2161316331941886,2022-05-16
2022-05-17,9.78,9.98,9.7,9.97,309536267.0,3051618199.0,20494681640.0,0.0151032483664381,338001559.0,-0.08421645179453152,296109960.7,0.0453422987469263,2022-05-17
2022-05-18,10.0,10.02,9.72,9.79,234661822.0,2299470935.0,20494681640.0,0.011449888616079,307331348.4,-0.23645334840824195,311232243.6,-0.24602342197683535,2022-05-18
2022-05-19,9.54,9.76,9.49,9.72,170773758.0,1643521787.0,20494681640.0,0.0083325889613574,272211244.0,-0.3726425275805286,311710777.5,-0.4521403482752533,2022-05-19
2022-05-20,9.84,10.07,9.79,10.02,303767611.0,3019357094.0,20494681640.0,0.0148217774901723,241255187.2,0.25911328384486665,304085329.9,-0.001044834685397178,2022-05-20
2022-05-23,10.1,10.1,9.9,10.01,208817422.0,2084720614.0,20494681640.0,0.0101888590253798,251047665.2,-0.16821603645011707,300616682.2,-0.305369813571843,2022-05-23
2022-05-24,10.01,10.15,9.7,9.71,249769582.0,2479398276.0,20494681640.0,0.0121870437602952,245511376.0,0.017344230924761783,291756467.5,-0.143910727531687,2022-05-24
2022-05-25,9.79,9.93,9.71,9.9,187539449.0,1846276082.0,20494681640.0,0.0091506397754417,233558039.0,-0.1970327812180338,270444693.7,-0.3065515672197491,2022-05-25
2022-05-26,9.95,9.95,9.67,9.86,191665641.0,1883151816.0,20494681640.0,0.0093519696654336,224133564.4,-0.14485971115890572,248172404.2,-0.22769156539444124,2022-05-26
2022-05-27,9.96,10.05,9.84,9.93,201010876.0,2001030771.0,20494681640.0,0.0098079530841641,228311941.0,-0.11957791117022654,234783564.1,-0.1438460491451411,2022-05-27
2022-05-30,9.99,10.25,9.96,10.11,265527615.0,2685567615.0,20494681640.0,0.0129559277701471,207760594.0,0.27804609087707943,229404129.6,0.15746658729721497,2022-05-30
2022-05-31,10.08,10.09,9.95,10.06,176527091.0,1768943484.0,20494681640.0,0.0086133121802422,219102632.6,-0.19431780026909629,232307004.3,-0.24011292069336887,2022-05-31
2022-06-01,10.05,10.05,9.75,9.86,249920959.0,2463645753.0,20494681640.0,0.0121944299204054,204454134.4,0.22238153673648564,219006086.7,0.141159877178884,2022-06-01
2022-06-02,9.8,9.87,9.73,9.87,144421219.0,1415939292.0,20494681640.0,0.0070467656700814,216930436.4,-0.33425100969372323,220532000.4,-0.34512352521153666,2022-06-02
2022-06-06,9.96,10.42,9.96,10.4,433529409.0,4432067127.0,20494681640.0,0.0211532638864645,207481552.0,1.0894841243524147,217896746.5,0.9896093721619657,2022-06-06
2022-06-07,10.43,10.47,10.24,10.3,219949651.0,2271053068.0,20494681640.0,0.0107320355038215,253985258.6,-0.13400623243887744,230872926.3,-0.04731293302795547,2022-06-07
2022-06-08,10.36,10.4,10.13,10.34,236458960.0,2428922945.0,20494681640.0,0.0115375766334665,244869665.8,-0.0343476835831088,231986149.2,0.019280507976120242,2022-06-08
2022-06-09,10.29,10.39,10.16,10.28,179958773.0,1846670090.0,20494681640.0,0.0087807547421849,256856039.6,-0.29937885330534386,230655087.0,-0.21979274187869957,2022-06-09
2022-06-10,9.97,10.19,9.81,10.19,229679022.0,2310513744.0,20494681640.0,0.011206762126606,242863602.4,-0.054288004747145235,229897019.4,-0.0009482393489439467,2022-06-10
2022-06-13,10.01,10.18,10.0,10.12,215313176.0,2169588378.0,20494681640.0,0.0105058073007471,259915163.0,-0.17160209695038064,233698357.5,-0.07867056361318248,2022-06-13
2022-06-14,9.9,10.01,9.66,10.01,317968367.0,3128768224.0,20494681640.0,0.0155146770555056,216271916.4,0.4702249478009435,235128587.5,0.3523169189284565,2022-06-14
2022-06-15,9.96,10.14,9.88,9.98,315337358.0,3157966822.0,20494681640.0,0.0153863018484048,235875659.6,0.3368796023072149,240372662.7,0.3118686395447581,2022-06-15
2022-06-16,10.06,10.08,9.87,9.9,229291736.0,2279252465.0,20494681640.0,0.0111878652241411,251651339.2,-0.0888515168291224,254253689.4,-0.0981773497914874,2022-06-16
2022-06-17,9.8,9.92,9.75,9.88,258604068.0,2542694430.0,20494681640.0,0.012618106128337,261517931.8,-0.011142118553569946,252190767.1,0.025430355653967895,2022-06-17
2022-06-20,9.8,9.8,9.5,9.59,479455210.0,4598757986.0,20494681640.0,0.0233941282144258,267302941.0,0.7936772719608798,263609052.0,0.818811631703755,2022-06-20
2022-06-21,9.58,9.58,9.35,9.43,317665163.0,3000754546.0,20494681640.0,0.0154998827783694,320131347.8,-0.007703665439039553,268201632.1,0.18442665882643605,2022-06-21
2022-06-22,9.45,9.49,9.21,9.25,343157287.0,3208317441.0,20494681640.0,0.0167437237146563,320070707.0,0.07212962478318885,277973183.3,0.23449781351624366,2022-06-22
2022-06-23,9.2,9.3,9.16,9.3,260965342.0,2408480087.0,20494681640.0,0.0127333201161157,325634692.8,-0.1985947819132372,288643016.0,-0.0958889440096482,2022-06-23
2022-06-24,9.15,9.25,9.11,9.2,353997890.0,3244752969.0,20494681640.0,0.0172726708430099,331969414.0,0.06635694455875374,296743672.9,0.1929416608632939,2022-06-24
2022-06-27,9.2,9.45,9.14,9.29,451805747.0,4193503714.0,20494681640.0,0.0220450239206545,351048178.4,0.2870192036296293,309175559.7,0.46132426327099485,2022-06-27
2022-06-28,9.29,9.37,9.19,9.36,323093994.0,2992813021.0,20494681640.0,0.0157647725236877,345518285.8,-0.06490044875072143,332824816.8,-0.02923707100197226,2022-06-28
2022-06-29,9.29,9.33,9.16,9.2,292823413.0,2699892436.0,20494681640.0,0.0142877756358258,346604052.0,-0.15516448434365104,333337379.5,-0.12154042418156108,2022-06-29
2022-06-30,9.3,9.38,9.26,9.33,272617193.0,2541356556.0,20494681640.0,0.0133018505868335,336537277.2,-0.18993463289361867,331085985.0,-0.1765970009271156,2022-06-30
2022-07-01,9.33,9.54,9.23,9.47,320559525.0,3014432917.0,20494681640.0,0.0156411078069324,338867647.4,-0.0540273541616354,335418530.7,-0.044299895026640446,2022-07-01
2022-07-04,9.4,9.41,9.29,9.36,261484338.0,2444003448.0,20494681640.0,0.0127586435638821,332179974.4,-0.21282329414256218,341614076.4,-0.23456216805941899,2022-07-04
2022-07-05,9.36,9.43,9.3,9.35,257958904.0,2412338376.0,20494681640.0,0.0125866265468859,294115692.6,-0.12293389815542277,319816989.2,-0.1934171332008775,2022-07-05
2022-07-06,9.17,9.18,8.97,9.04,508560160.0,4602822385.0,20494681640.0,0.024814250298352,281088674.6,0.809251691565662,313846363.3,0.6204111930839122,2022-07-06
2022-07-07,8.99,9.15,8.89,9.04,235114955.0,2123322090.0,20494681640.0,0.0114719984008495,324236024.0,-0.27486479725645785,330386650.6,-0.2883642405859361,2022-07-07
2022-07-08,9.17,9.17,9.05,9.07,179642361.0,1633880540.0,20494681640.0,0.0087653160051721,316735576.4,-0.4328317549869021,327801611.9,-0.4519784086516262,2022-07-08
2022-07-11,9.15,9.15,9.0,9.05,199478383.0,1803916658.0,20494681640.0,0.0097331779289839,288552143.6,-0.3086920772402123,310366059.0,-0.3572802913993891,2022-07-11
2022-07-12,9.0,9.04,8.92,8.92,185281318.0,1660716715.0,20494681640.0,0.0090404584591536,276150952.6,-0.3290578350154133,285133322.6,-0.35019409057312345,2022-07-12
2022-07-13,8.85,8.85,8.7,8.75,267767224.0,2340864173.0,20494681640.0,0.013065205339779,261615435.4,0.023514624015185337,271352055.0,-0.013210996319891533,2022-07-13
2022-07-14,8.71,8.76,8.58,8.62,315775490.0,2727699056.0,20494681640.0,0.0154076796871873,213456848.2,0.4793411064709987,268846436.1,0.17455709876899483,2022-07-14
2022-07-15,8.52,8.62,8.36,8.37,323754101.0,2745245734.0,20494681640.0,0.0157969812211242,229588955.2,0.41014667155033946,273162265.8,0.18520799368768448,2022-07-15
2022-07-18,8.44,8.87,8.4,8.87,428426581.0,3726491163.0,20494681640.0,0.0209042808532252,258411303.2,0.6579250818158484,273481723.4,0.5665638481200241,2022-07-18
2022-07-19,8.87,8.87,8.68,8.74,220073438.0,1924439108.0,20494681640.0,0.0107380754610248,304200942.8,-0.27655241310448697,290175947.7,-0.24158621779526623,2022-07-19
2022-07-20,8.78,8.84,8.73,8.79,163351405.0,1435042516.0,20494681640.0,0.0079704290054051,311159366.8,-0.47502334035473426,286387401.1,-0.4296138574093161,2022-07-20
2022-07-21,8.71,8.78,8.65,8.67,155175807.0,1349429662.0,20494681640.0,0.0075715158559545,290276203.0,-0.4654201570908656,251866525.6,-0.38389666260596556,2022-07-21
2022-07-22,8.72,8.79,8.58,8.67,153563469.0,1334206106.0,20494681640.0,0.0074928448120065,258156266.4,-0.4051530449310836,243872610.8,-0.37031276904671584,2022-07-22
2022-07-25,8.67,8.78,8.67,8.71,129878162.0,1132469243.0,20494681640.0,0.0063371641619703,224118140.0,-0.42049241529489756,241264721.6,-0.4616777739460438,2022-07-25
2022-07-26,8.74,8.92,8.71,8.91,221952273.0,1961061012.0,20494681640.0,0.010829749732087,164408456.2,0.3500052134179703,234304699.5,-0.052719499550626825,2022-07-26
2022-07-27,8.88,8.89,8.76,8.81,127274986.0,1121337242.0,20494681640.0,0.006210147014511,164784223.2,-0.2276263860192168,237971795.0,-0.4651677691467596,2022-07-27
2022-07-28,8.94,9.15,8.92,8.97,254046326.0,2292741283.0,20494681640.0,0.0123957195560516,157568939.4,0.612286831195108,223922571.2,0.13452754958362156,2022-07-28
2022-07-29,9.06,9.07,8.9,8.93,178230301.0,1598540209.0,20494681640.0,0.0086964171549824,177343043.2,0.005003059516687003,217749654.8,-0.18148985740665347,2022-07-29
2022-08-01,8.94,8.95,8.78,8.84,149292011.0,1320113510.0,20494681640.0,0.0072844269368216,182276409.6,-0.18095813206099054,203197274.8,-0.2652853678921485,2022-08-01
2022-08-02,8.73,8.73,8.51,8.6,201534963.0,1732095559.0,20494681640.0,0.0098335249378384,186159179.4,0.08259481831385851,175283817.8,0.14976365490825128,2022-08-02
2022-08-03,8.56,8.7,8.47,8.49,157131379.0,1349486969.0,20494681640.0,0.0076669343666857,182075717.4,-0.1369998084104762,173429970.3,-0.09397793975174318,2022-08-03
2022-08-04,8.54,8.62,8.47,8.55,133839573.0,1142769901.0,20494681640.0,0.0065304538685188,188046996.0,-0.28826529619223484,172807967.7,-0.22550114568588842,2022-08-04
2022-08-05,8.64,8.85,8.62,8.82,252322205.0,2211241248.0,20494681640.0,0.0123115942678287,164005645.4,0.5384970705404755,170674344.3,0.47838391314681017,2022-08-05
2022-08-08,8.8,8.81,8.69,8.72,189877419.0,1658915408.0,20494681640.0,0.0092647166877387,178824026.2,0.061811564334412816,180550217.9,0.05165987174363851,2022-08-08
2022-08-09,8.73,8.83,8.68,8.79,175622493.0,1541435749.0,20494681640.0,0.0085691739976693,186941107.8,-0.060546419849556554,186550143.6,-0.05857755126380937,2022-08-09
2022-08-10,8.8,8.98,8.8,8.84,222811135.0,1979075743.0,20494681640.0,0.0108716563113199,181758613.8,0.2258628647177765,181917165.6,0.22479445117300134,2022-08-10
2022-08-11,8.88,9.03,8.86,9.03,278114790.0,2499603733.0,20494681640.0,0.0135700956416515,194894565.0,0.4270012609125349,191470780.5,0.4525181820105444,2022-08-11
2022-08-12,9.06,9.2,8.96,9.19,309872781.0,2829691553.0,20494681640.0,0.0151196679432781,223749608.4,0.38490870762122853,193877626.9,0.5982905606732491,2022-08-12
2022-08-15,9.2,9.32,9.01,9.04,301855501.0,2746398444.0,20494681640.0,0.0147284796271663,235259723.6,0.2830734321240187,207041874.9,0.45794420160556615,2022-08-15
2022-08-16,9.0,9.05,8.9,9.03,181031289.0,1626300936.0,20494681640.0,0.0088330861723012,257655340.0,-0.29738972613569736,222298223.9,-0.18563771754903347,2022-08-16
2022-08-17,9.04,9.05,8.9,9.02,148829974.0,1335608810.0,20494681640.0,0.0072618826978763,258737099.2,-0.42478301542309316,220247856.5,-0.3242614190889981,2022-08-17
2022-08-18,8.95,8.96,8.87,8.89,146135336.0,1300705725.0,20494681640.0,0.0071304028316684,243940867.0,-0.4009395071962255,219417716.0,-0.3339857024124706,2022-08-18
2022-08-19,8.9,8.94,8.84,8.84,130913731.0,1162745914.0,20494681640.0,0.0063876928317096,217544976.2,-0.39822222840188937,220647292.3,-0.4066832652448552,2022-08-19
2022-08-22,8.89,9.12,8.81,9.05,221648699.0,1991513760.0,20494681640.0,0.0108149374014867,181753166.2,0.2195039219074688,208506444.9,0.06303044544403913,2022-08-22
2022-08-23,9.0,9.05,8.93,9.0,134652997.0,1209587047.0,20494681640.0,0.0065701433847693,165711805.8,-0.1874266510467295,211683572.9,-0.36389491562668164,2022-08-23
2022-08-24,9.04,9.15,8.86,8.88,187531129.0,1683780460.0,20494681640.0,0.0091502338164643,156436147.4,0.1987710776364977,207586623.3,-0.09661265249744067,2022-08-24
2022-08-25,8.9,9.15,8.87,9.13,313089212.0,2833849667.0,20494681640.0,0.0152766077316827,164176378.4,0.9070295925104899,204058622.7,0.5343101303799991,2022-08-25
2022-08-26,9.18,9.25,9.12,9.15,249539410.0,2292597166.0,20494681640.0,0.0121758129442209,197567153.6,0.2630612197067155,207556064.9,0.2022747209060234,2022-08-26
2022-08-29,9.0,9.04,8.91,9.02,146273141.0,1312418178.0,20494681640.0,0.0071371267711968,221292289.4,-0.3390048004085586,201522727.8,-0.2741605743587995,2022-08-29
2022-08-30,8.99,9.02,8.86,8.9,140910396.0,1255657539.0,20494681640.0,0.006875461569746,206217177.8,-0.31668933934949817,185964491.8,-0.2422725723814766,2022-08-30
2022-08-31,8.82,8.91,8.76,8.8,185611990.0,1636196523.0,20494681640.0,0.0090565929864329,207468657.6,-0.10534925059446665,181952402.5,0.020112883642742885,2022-08-31
2022-09-01,8.75,8.75,8.65,8.65,155301212.0,1350126563.0,20494681640.0,0.0075776347604685,207084829.8,-0.25005992882246375,185630604.1,-0.16338573182502503,2022-09-01
2022-09-02,8.62,8.65,8.5,8.52,156636962.0,1337387726.0,20494681640.0,0.0076428102056627,175527229.8,-0.10762015569620764,186547191.7,-0.1603359955592405,2022-09-02
2022-09-05,8.52,8.6,8.46,8.59,122101200.0,1041474670.0,20494681640.0,0.0059577017171953,156946740.2,-0.22202143323012447,189119514.8,-0.35437017100469004,2022-09-05
2022-09-06,8.62,8.85,8.61,8.84,184190365.0,1615313308.0,20494681640.0,0.0089872274297987,152112352.0,0.21088368287146064,179164764.9,0.028050158761992128,2022-09-06
2022-09-07,8.8,9.01,8.76,8.94,192296930.0,1718685720.0,20494681640.0,0.0093827722419795,160768345.8,0.19611189032959486,184118501.7,0.044419372439418625,2022-09-07
2022-09-08,9.0,9.11,8.9,9.06,299728212.0,2706525435.0,20494681640.0,0.0146246825037288,162105333.8,0.8489719306200891,184595081.8,0.6237063798088687,2022-09-08
2022-09-09,9.15,9.28,9.13,9.19,314943845.0,2900753761.0,20494681640.0,0.0153671011110177,190990733.8,0.6490006542924753,183258981.8,0.718572491817697,2022-09-09
2022-09-13,9.22,9.38,9.21,9.29,296454908.0,2763159611.0,20494681640.0,0.0144649677027137,222652110.4,0.3314713589168836,189799425.3,0.5619378590394497,2022-09-13
2022-09-14,9.04,9.14,9.0,9.0,228910343.0,2071126085.0,20494681640.0,0.0111692558596875,257522852.0,-0.11110667957343068,204817602.0,0.11763022691770408,2022-09-14
2022-09-15,9.05,9.08,8.9,8.95,167790849.0,1504989789.0,20494681640.0,0.0081870434460674,266466847.6,-0.37031247785137233,213617596.7,-0.2145270259002029,2022-09-15
2022-09-16,8.9,8.92,8.6,8.68,263963327.0,2296926010.0,20494681640.0,0.0128796012368797,261565631.4,0.009166707365821036,211835482.6,0.24607702052649416,2022-09-16
2022-09-19,8.72,8.75,8.57,8.62,128844015.0,1112612021.0,20494681640.0,0.0062867048760851,254412654.4,-0.4935628681526779,222701694.1,-0.42145022506139973,2022-09-19
2022-09-20,8.69,8.78,8.64,8.7,109319140.0,951318825.0,20494681640.0,0.0053340247933707,217192688.4,-0.49667209883848007,219922399.4,-0.5029194829710466,2022-09-20
2022-09-21,8.65,8.74,8.57,8.71,102311798.0,885932150.0,20494681640.0,0.0049921145298649,179765534.8,-0.43085976901062795,218644193.4,-0.5320625880385259,2022-09-21
2022-09-22,8.61,8.75,8.59,8.65,98676666.0,855080781.0,20494681640.0,0.0048147450023039,154445825.8,-0.3610920496628922,210456336.7,-0.5311299837901245,2022-09-22
2022-09-23,8.65,8.69,8.5,8.53,139700434.0,1196553872.0,20494681640.0,0.0068164237168409,140622989.2,-0.006560486341873228,201094310.3,-0.3052989227214352,2022-09-23
2022-09-26,8.37,8.37,7.68,7.82,524156843.0,4173459493.0,20494681640.0,0.0255752615340454,115770410.6,3.5275544958635576,185091532.5,1.831879102843346,2022-09-26
2022-09-27,7.71,7.88,7.61,7.85,248076288.0,1915560658.0,20494681640.0,0.0121044226183939,194832976.2,0.27327669493353457,206012832.3,0.20417881367091906,2022-09-27
2022-09-28,7.78,7.78,7.46,7.48,234017150.0,1776402158.0,20494681640.0,0.0114184330408559,222584405.8,0.051363635106911776,201174970.3,0.16325181831032176,2022-09-28
2022-09-29,7.65,7.82,7.65,7.7,234463111.0,1810164271.0,20494681640.0,0.011440192881181,248925476.2,-0.05809917659203412,201685651.0,0.16251756055764233,2022-09-29
2022-09-30,7.78,7.92,7.73,7.84,198857512.0,1560820484.0,20494681640.0,0.0097028836794363,276082765.2,-0.279717761969156,208352877.2,-0.04557347768653708,2022-09-30
2022-10-10,7.9,7.92,7.76,7.77,162469224.0,1273717134.0,20494681640.0,0.0079273846187932,287914180.8,-0.435702598779393,201842295.7,-0.19506848930474185,2022-10-10
2022-10-11,7.81,7.89,7.69,7.88,139793507.0,1091160140.0,20494681640.0,0.0068209650413481,215576657.0,-0.35153690132600957,205204816.6,-0.31876108311582385,2022-10-11
2022-10-12,7.85,8.0,7.73,7.99,175211317.0,1381748033.0,20494681640.0,0.0085491114269389,193920100.8,-0.09647676400135208,208252253.3,-0.15865824151445096,2022-10-12
2022-10-13,8.0,8.0,7.81,7.84,141275714.0,1111742250.0,20494681640.0,0.0068932865843726,182158934.2,-0.2244370850079337,215542205.2,-0.34455660844282754,2022-10-13
2022-10-14,7.89,8.01,7.83,7.96,172754824.0,1369600345.0,20494681640.0,0.0084292514045609,163521454.8,0.056465796560415615,219802110.0,-0.21404383242726832,2022-10-14
2022-10-17,7.88,8.06,7.83,8.05,146074707.0,1163808127.0,20494681640.0,0.0071274445520003,158300917.2,-0.07723398206564525,223107549.0,-0.34527223460287304,2022-10-17
2022-10-18,8.06,8.13,7.98,8.0,101832305.0,817813804.0,20494681640.0,0.0049687185577575,155022013.8,-0.3431106814843867,185299335.4,-0.4504443052632773,2022-10-18
2022-10-19,8.0,8.07,7.91,7.92,106845757.0,853614143.0,20494681640.0,0.0052133406547514,147429773.4,-0.27527693670049425,170674937.1,-0.3739809791908808,2022-10-19
2022-10-20,7.85,7.92,7.76,7.85,107125151.0,839114788.0,20494681640.0,0.0052269731670737,133756661.4,-0.1991041800928205,157957797.8,-0.3218115693431123,2022-10-20
2022-10-21,7.93,8.02,7.88,7.93,136386500.0,1085643735.0,20494681640.0,0.0066547264502909,126926548.8,0.07453091011641844,145224001.8,-0.060854278152800534,2022-10-21
2022-10-24,8.02,8.18,7.93,7.94,265077369.0,2136077720.0,20494681640.0,0.01293395885119,119652884.0,1.215386375475914,138976900.6,0.9073484000261265,2022-10-24
2022-10-25,7.91,8.0,7.74,7.9,168484044.0,1323691773.0,20494681640.0,0.0082208666111292,143453416.4,0.17448610307199353,149237715.1,0.1289642426319888,2022-10-25
2022-10-26,7.9,7.99,7.86,7.94,146393708.0,1160710322.0,20494681640.0,0.0071430096144689,156783764.2,-0.06626997542134527,152106768.8,-0.03755954350402324,2022-10-26
2022-10-27,8.1,8.37,8.07,8.23,342977068.0,2834782717.0,20494681640.0,0.01673493026262,164693354.4,1.0825191717632534,149225007.9,1.2983886737659875,2022-10-27
2022-10-28,8.16,8.29,8.07,8.1,173211806.0,1412906073.0,20494681640.0,0.0084515489941516,211863737.8,-0.1824376941583441,169395143.3,0.022531122354793043,2022-10-28
2022-10-31,7.99,8.03,7.8,7.92,171305082.0,1354289749.0,20494681640.0,0.0083585139310317,219228799.0,-0.2186013754515893,169440841.5,0.011002309027130286,2022-10-31
2022-11-01,7.95,8.2,7.88,8.2,218922797.0,1770733297.0,20494681640.0,0.0106819320663524,200474341.6,0.09202402288872258,171963879.0,0.2730743123095054,2022-11-01
2022-11-02,8.22,8.33,8.13,8.26,173509392.0,1427937948.0,20494681640.0,0.0084660691513918,210562092.2,-0.1759704218972421,183672928.2,-0.05533497124264819,2022-11-02
2022-11-03,8.12,8.2,8.06,8.14,142263556.0,1155433093.0,20494681640.0,0.0069414865036176,215985229.0,-0.341327383086924,190339291.7,-0.2525791457487072,2022-11-03
2022-11-04,8.14,8.44,8.11,8.36,293136408.0,2437913505.0,20494681640.0,0.0143030476466576,175842526.6,0.667039331542453,193853132.2,0.5121571917526129,2022-11-04
2022-11-07,8.77,9.2,8.77,9.09,742699594.0,6724140753.0,20494681640.0,0.0362386499603123,199827447.0,2.7167046126551373,209528123.0,2.5446296342758723,2022-11-07
2022-11-08,8.92,9.19,8.86,9.06,363657732.0,3287347462.0,20494681640.0,0.0177440049271241,314106349.4,0.15775352104359608,257290345.5,0.41341382745354505,2022-11-08
2022-11-09,9.35,9.53,9.28,9.29,536101697.0,5033796065.0,20494681640.0,0.0261580885430138,343053336.4,0.5627357035085232,276807714.3,0.936729611585106,2022-11-09
2022-11-10,9.18,9.27,9.03,9.15,213962717.0,1962404190.0,20494681640.0,0.0104399141571637,415571797.4,-0.4851365796749324,315778513.2,-0.32242787885797164,2022-11-10
2022-11-11,9.9,10.05,9.75,9.92,820813076.0,8124031232.0,20494681640.0,0.0400500525169416,429911629.6,0.9092599955104819,302877078.1,1.7100534683875765,2022-11-11
2022-11-14,10.04,10.07,9.76,9.97,459254363.0,4560365860.0,20494681640.0,0.0224084653310086,535446963.2,-0.1422971936280093,367637205.1,0.24920534872165456,2022-11-14
2022-11-15,9.85,10.02,9.72,9.92,296318868.0,2939302033.0,20494681640.0,0.0144583298830886,478757917.0,-0.381067429951242,396432133.2,-0.25253569732575853,2022-11-15
2022-11-16,9.93,10.03,9.83,9.99,249677241.0,2485077111.0,20494681640.0,0.0121825381523711,465290144.2,-0.46339452036044226,404171740.3,-0.3822496327559297,2022-11-16
2022-11-17,9.89,10.01,9.62,9.77,347511455.0,3402574370.0,20494681640.0,0.0169561772709732,408005253.0,-0.14826720380484903,411788525.2,-0.15609242673476997,2022-11-17
2022-11-18,9.72,9.78,9.6,9.64,222152882.0,2146534024.0,20494681640.0,0.0108395380763767,434715000.6,-0.48896890677022575,432313315.1,-0.48612991032068265,2022-11-18
2022-11-21,9.45,9.45,9.19,9.42,275648574.0,2570803938.0,20494681640.0,0.0134497612035119,314982961.8,-0.1248778269631472,425214962.5,-0.3517430045750095,2022-11-21
2022-11-22,9.4,9.69,9.4,9.53,179331303.0,1709668114.0,20494681640.0,0.0087501385066647,278261804.0,-0.3555302940535813,378509860.5,-0.5262176188406061,2022-11-22
2022-11-23,9.59,9.75,9.53,9.55,155610090.0,1500526682.0,20494681640.0,0.0075927058899169,254864291.0,-0.38943941738782073,360077217.6,-0.5678424449145155,2022-11-23
2022-11-24,9.7,9.8,9.65,9.74,171961026.0,1676111049.0,20494681640.0,0.0083905195026,236050860.8,-0.2715085832891825,322028056.9,-0.46600607519921966,2022-11-24
2022-11-25,9.66,9.9,9.65,9.79,173300051.0,1702461843.0,20494681640.0,0.0084558547453484,200940775.0,-0.1375565710841914,317827887.8,-0.45473617120391663,2022-11-25
2022-11-28,9.6,9.62,9.41,9.58,163193830.0,1556102205.0,20494681640.0,0.007962740425374,191170208.8,-0.1463427747221251,253076585.3,-0.35516029739950816,2022-11-28
2022-11-29,9.6,9.91,9.56,9.87,208150733.0,2037945872.0,20494681640.0,0.0101563291714542,168679260.0,0.23400311929279272,223470532.0,-0.06855400066797179,2022-11-29
2022-11-30,9.83,9.89,9.74,9.83,147098132.0,1440760816.0,20494681640.0,0.0071773806777708,174443146.0,-0.15675602410885203,214653718.5,-0.3147189201849303,2022-11-30
2022-12-01,10.2,10.4,10.14,10.3,432823798.0,4452176977.0,20494681640.0,0.021118834905698,172740754.4,1.505626419795235,204395807.6,1.1175766914311214,2022-12-01
2022-12-02,10.32,10.39,10.07,10.11,227035825.0,2314858444.0,20494681640.0,0.0110777922286379,224913308.8,0.009437041370848442,212927041.9,0.06626111448364602,2022-12-02
2022-12-05,10.23,10.56,10.14,10.45,288048196.0,2987498580.0,20494681640.0,0.0140547777740449,235660463.6,0.22230174548464232,213415336.2,0.34970710694407914,2022-12-05
2022-12-06,10.28,10.49,10.26,10.41,172410459.0,1790673374.0,20494681640.0,0.0084124487527291,260631336.8,-0.33848914287577725,214655298.4,-0.19680315237911683,2022-12-06
2022-12-07,10.35,10.4,10.18,10.27,163043069.0,1673195622.0,20494681640.0,0.007955384321842,253483282.0,-0.35678965605313573,213963214.0,-0.2379855118459755,2022-12-07
2022-12-08,10.27,10.43,10.23,10.32,94830304.0,978948853.0,20494681640.0,0.0046270688984461,256672269.4,-0.6305393480110789,214706511.9,-0.5583259065557946,2022-12-08
2022-12-09,10.36,10.65,10.34,10.61,234509493.0,2467591513.0,20494681640.0,0.0114424560048935,189073570.6,0.24030816287974632,206993439.7,0.1329320066369235,2022-12-09
2022-12-12,10.46,10.55,10.3,10.33,166552027.0,1725703648.0,20494681640.0,0.0081265974229595,190568304.2,-0.12602451021863048,213114383.9,-0.2184852849812734,2022-12-12
2022-12-13,10.25,10.43,10.23,10.34,106640564.0,1102630965.0,20494681640.0,0.005203328642679,166269070.4,-0.35862656991194675,213450203.6,-0.5003960539675025,2022-12-13
2022-12-14,10.51,10.61,10.42,10.47,130256410.0,1369480468.0,20494681640.0,0.0063556200719788,153115091.4,-0.14929084514787416,203299186.7,-0.3592871072710494,2022-12-14
2022-12-15,10.4,10.55,10.18,10.26,145297324.0,1492625711.0,20494681640.0,0.0070895135895362,146557759.6,-0.008600265202198143,201615014.5,-0.27933281972905843,2022-12-15
2022-12-16,10.12,10.37,10.1,10.3,118304167.0,1214876713.0,20494681640.0,0.0057724325304523,156651163.6,-0.24479228700730826,172862367.1,-0.31561641215082026,2022-12-16
2022-12-19,10.38,10.44,9.97,10.06,139321031.0,1411591503.0,20494681640.0,0.0067979114507484,133410098.4,0.04430648557260941,161989201.3,-0.13993630512455657,2022-12-19
2022-12-20,10.0,10.08,9.79,9.9,133898026.0,1329192817.0,20494681640.0,0.0065333059743005,127963899.2,0.04637344467540272,147116484.8,-0.0898502898432495,2022-12-20
2022-12-21,10.05,10.15,9.94,9.97,79063000.0,790609469.0,20494681640.0,0.0038577325273348,133415391.6,-0.40739221275875637,143265241.5,-0.4481355060571339,2022-12-21
2022-12-22,10.15,10.17,9.98,10.01,88120531.0,885366768.0,20494681640.0,0.004299677962697,123176709.6,-0.28460070669073945,134867234.6,-0.34661275393274804,2022-12-22
2022-12-23,9.86,9.98,9.77,9.9,90110430.0,891005890.0,20494681640.0,0.0043967713957619,111741351.0,-0.19358027092405572,134196257.3,-0.32851756216602024,2022-12-23
2022-12-26,9.95,9.96,9.74,9.78,112772086.0,1105195654.0,20494681640.0,0.0055025048927766,106102603.6,0.06285880057329729,119756351.0,-0.058320623012302675,2022-12-26
2022-12-27,9.88,10.07,9.85,10.05,115147751.0,1153000342.0,20494681640.0,0.005618421062724,100792814.6,0.14242023557897565,114378356.9,0.006726745521206112,2022-12-27
2022-12-28,10.0,10.01,9.88,10.0,82167768.0,818747278.0,20494681640.0,0.004009223926642,97042759.6,-0.15328285862142765,115229075.6,-0.28691810142404717,2022-12-28
2022-12-29,9.88,9.94,9.77,9.84,133667018.0,1316567546.0,20494681640.0,0.0065220343671559,97663713.2,0.3686456680821757,110420211.4,0.21053035766964667,2022-12-29
2022-12-30,9.88,10.09,9.85,10.0,132916479.0,1330907367.0,20494681640.0,0.0064854132079116,106773010.6,0.24485090617085215,109257180.8,0.21654684869921148,2022-12-30
2023-01-03,9.96,10.59,9.88,10.53,237742369.0,2435849225.0,20494681640.0,0.0116001981965893,115334220.4,1.0613341658309765,110718412.0,1.1472704016022197,2023-01-03
2023-01-04,10.43,10.51,10.25,10.3,135956369.0,1408808665.0,20494681640.0,0.006633739005472,140328277.0,-0.03115486125437139,120560545.8,0.1277020031540037,2023-01-04
2023-01-05,10.43,10.5,10.33,10.39,162355070.0,1689022686.0,20494681640.0,0.0079218146859684,144490000.6,0.12364225431389486,120766380.1,0.3443730768907929,2023-01-05
2023-01-06,10.44,10.5,10.39,10.43,105452849.0,1103010331.0,20494681640.0,0.0051453762909,160527461.0,-0.34308529928097475,129095587.1,-0.18314133450344716,2023-01-06
2023-01-09,10.69,11.46,10.67,11.44,389677661.0,4360584308.0,20494681640.0,0.0190135991300033,154884627.2,1.5159221289070581,130828818.9,1.97853075703338,2023-01-09
2023-01-10,11.44,11.52,11.28,11.41,187217759.0,2133339104.0,20494681640.0,0.0091349435082027,206236863.6,-0.09221971410934504,160785542.0,0.16439424012390358,2023-01-10
2023-01-11,11.56,11.69,11.44,11.49,151648273.0,1750771199.0,20494681640.0,0.007399396373351,196131941.6,-0.2268048143362692,168230109.3,-0.09856640032510522,2023-01-11
2023-01-12,11.7,11.85,11.38,11.42,152678023.0,1759625009.0,20494681640.0,0.0074496411157719,199270322.4,-0.2338145431735399,171880161.5,-0.1117181781330826,2023-01-12
2023-01-13,11.59,11.77,11.45,11.55,141332948.0,1633981182.0,20494681640.0,0.0068960792113089,197334913.0,-0.28379146978416336,178931187.0,-0.21012680701659903,2023-01-13
2023-01-16,11.65,11.77,11.4,11.51,192191522.0,2219123890.0,20494681640.0,0.0093776290540124,204510932.8,-0.06023839719144841,179697780.0,0.06952641262457449,2023-01-16
2023-01-17,11.45,11.45,11.11,11.29,187682889.0,2112958787.0,20494681640.0,0.0091576386643496,165013705.0,0.13737758327406802,185625284.3,0.011084722147412629,2023-01-17
2023-01-18,11.39,11.52,11.33,11.39,131328387.0,1499809705.0,20494681640.0,0.0064079252025892,165106731.0,-0.20458489969133964,180619336.3,-0.2728996258635904,2023-01-18
2023-01-19,11.4,11.64,11.33,11.58,122601126.0,1413433218.0,20494681640.0,0.0059820946796614,161042753.8,-0.23870448618719542,180156538.1,-0.3194744565309784,2023-01-19
2023-01-20,11.68,12.11,11.67,11.91,215167523.0,2564227695.0,20494681640.0,0.0104987004326064,155027374.4,0.3879324463357485,176181143.7,0.22128576578198267,2023-01-20
2023-01-30,12.0,12.0,11.48,11.53,308807306.0,3612459462.0,20525299238.0,0.0150452036006511,169794289.4,0.8187143224382196,187152611.1,0.6500293754116904,2023-01-30
2023-01-31,11.53,11.93,11.45,11.79,216048832.0,2545545791.0,20525299238.0,0.0105259772096288,193117446.2,0.11874321171506885,179065575.6,0.2065347081708988,2023-01-31
2023-02-01,11.87,12.32,11.85,12.27,258835312.0,3145383531.0,20525299238.0,0.0126105499851032,198790634.8,0.3020498287578284,181948682.9,0.4225731556532195,2023-02-01
2023-02-02,12.26,12.27,11.99,12.07,156991318.0,1895266868.0,20525299238.0,0.0076486737747214,224292019.8,-0.3000583875432201,192667386.8,-0.18516921515644913,2023-02-02
2023-02-03,11.88,11.89,11.7,11.85,171095072.0,2016425554.0,20525299238.0,0.0083358137689529,231170058.2,-0.25987356090910907,193098716.3,-0.11395023603271881,2023-02-03
2023-02-06,11.5,11.51,11.21,11.39,257288012.0,2919434102.0,20525299238.0,0.0125351649696616,222355568.0,0.1571017281654039,196074928.7,0.3121923017177668,2023-02-06
2023-02-07,11.45,11.69,11.39,11.56,148197686.0,1710761767.0,20525299238.0,0.0072202448442569,212051709.2,-0.3011247748999516,202584577.7,-0.26846511376862814,2023-02-07
2023-02-08,11.59,11.62,11.36,11.37,120970851.0,1382747239.0,20525299238.0,0.0058937435989258,198481480.0,-0.3905181934354782,198636057.4,-0.3909924885571153,2023-02-08
2023-02-09,11.3,11.42,11.24,11.4,113320039.0,1285946140.0,20525299238.0,0.0055209932720592,170908587.8,-0.33695526679672216,197600303.8,-0.42651890295322514,2023-02-09
2023-02-10,11.3,11.34,11.13,11.19,131292710.0,1469071698.0,20525299238.0,0.0063966283013759,162174332.0,-0.190422378308301,196672195.1,-0.33242871503395344,2023-02-10
2023-02-13,11.02,11.36,11.02,11.3,136635604.0,1532458257.0,20525299238.0,0.0066569360288319,154213859.6,-0.11398622436138028,188284713.8,-0.2743138768814912,2023-02-13
2023-02-14,11.32,11.68,11.28,11.57,183553830.0,2118339622.0,20525299238.0,0.0089428089632999,130083378.0,0.4110475359888026,171067543.6,0.07299038810772984,2023-02-14
2023-02-15,11.58,11.91,11.46,11.57,168857877.0,1963625906.0,20525299238.0,0.008226816819673,137154606.8,0.2311498748724492,167818043.4,0.006196196659983277,2023-02-15
2023-02-16,11.55,11.57,11.18,11.27,133298984.0,1518834193.0,20525299238.0,0.006494374696044,146732012.0,-0.09154803929220301,158820299.9,-0.16069303430398574,2023-02-16
2023-02-17,11.35,11.69,11.32,11.36,156839795.0,1802517625.0,20525299238.0,0.0076412915193767,150727801.0,0.04054987838640334,156451066.5,0.0024846650693812755,2023-02-17
2023-02-20,11.41,11.7,11.38,11.69,168910196.0,1960868880.0,20525299238.0,0.0082293658202694,155837218.0,0.08388867670879496,155025538.8,0.08956367645922336,2023-02-20
2023-02-21,11.75,12.24,11.72,12.13,263388056.0,3178377269.0,20525299238.0,0.0128323613188727,162292136.4,0.6229255578399053,146187757.2,0.8017107659683012,2023-02-21
2023-02-22,12.03,12.18,11.9,11.95,144342540.0,1735658671.0,20525299238.0,0.0070324207372708,178258981.6,-0.19026498017421634,157706794.2,-0.08474114427214696,2023-02-22
2023-02-23,11.95,12.05,11.83,11.95,83065313.0,990484716.0,20525299238.0,0.0040469720824442,173355914.2,-0.520839462655033,160043963.1,-0.48098440334110915,2023-02-23
2023-02-24,11.79,11.81,11.56,11.63,162573387.0,1893125538.0,20525299238.0,0.0079206341946535,163309180.0,-0.004505521367506704,157018490.5,0.03537733984266023,2023-02-24
2023-02-27,11.4,11.55,11.26,11.41,135699473.0,1547282422.0,20525299238.0,0.0066113273880445,164455898.4,-0.1748579751761583,160146558.2,-0.15265445273865397,2023-02-27
2023-02-28,11.49,11.58,11.3,11.41,106019006.0,1212800782.0,20525299238.0,0.0051652843045386,157813753.8,-0.328201734974509,160052945.1,-0.33760040507995626,2023-02-28
2023-03-01,11.55,12.05,11.52,11.98,192370983.0,2282005159.0,20525299238.0,0.0093723838453886,126339943.8,0.5226457857582172,152299462.7,0.26311005692077205,2023-03-01
2023-03-02,12.06,12.25,11.93,12.1,162166552.0,1965528682.0,20525299238.0,0.0079008130463583,135945632.4,0.19287798465528327,154650773.3,0.04859839068130922,2023-03-02
2023-03-03,12.1,12.14,11.9,11.98,99356063.0,1189308862.0,20525299238.0,0.0048406633125257,151765880.2,-0.3453333327025371,157537530.1,-0.3693181368469354,2023-03-03
2023-03-06,12.04,12.09,11.66,11.93,128029028.0,1516326777.0,20525299238.0,0.0062376205343194,139122415.4,-0.0797383179993294,151789156.9,-0.15653376950801157,2023-03-06
2023-03-07,11.95,12.19,11.81,11.98,196536373.0,2371518722.0,20525299238.0,0.0095753231522265,137588326.4,0.4284378489249505,147701040.1,0.3306363507456438,2023-03-07
2023-03-08,11.7,11.75,11.42,11.66,157851419.0,1833163668.0,20525299238.0,0.0076905782064194,155691799.8,0.013871117186481374,141015871.8,0.11938760499156786,2023-03-08
2023-03-09,11.7,11.75,11.51,11.56,96441797.0,1117176939.0,20525299238.0,0.0046986792193241,148787887.0,-0.35181687874900736,142366759.7,-0.3225820605650829,2023-03-09
2023-03-10,11.46,11.59,11.41,11.44,93161452.0,1069969724.0,20525299238.0,0.004538859624883,135642936.0,-0.3131861138717905,143704408.1,-0.35171472307814333,2023-03-10
2023-03-13,11.68,12.2,11.67,12.16,250055940.0,3002805892.0,20525299238.0,0.0121828158069945,134404013.8,0.8604797054059405,136763214.6,0.8283859496236206,2023-03-13
2023-03-14,12.34,12.59,12.0,12.03,215749155.0,2645455945.0,20525299238.0,0.0105113768378376,158809396.2,0.3585414979368835,148198861.3,0.45580845296278927,2023-03-14
2023-03-15,12.02,12.03,11.81,11.82,136479127.0,1623018250.0,20525299238.0,0.0066493124128161,162651952.6,-0.16091307347760664,159171876.2,-0.14256758003836356,2023-03-15
2023-03-16,11.6,11.71,11.36,11.39,231926620.0,2675243677.0,20525299238.0,0.0112995487817598,158377494.2,0.4643912708147899,153582690.6,0.510109108610707,2023-03-16
2023-03-17,11.49,11.69,11.32,11.46,171872537.0,1977050844.0,20525299238.0,0.0083736921448531,185474458.8,-0.07333582148185247,160558697.4,0.07046544212932804,2023-03-17
2023-03-20,11.73,11.9,11.67,11.8,165806656.0,1954092651.0,20525299238.0,0.0080781602293539,201216675.8,-0.1759795487089545,167810344.8,-0.011940198337522356,2023-03-20
2023-03-21,11.8,11.89,11.62,11.82,111609459.0,1315342749.0,20525299238.0,0.0054376531959821,184366819.0,-0.39463370032977574,171588107.6,-0.34955014912700155,2023-03-21
2023-03-22,11.71,11.9,11.65,11.74,119278038.0,1401494421.0,20525299238.0,0.0058112691375125,163538879.8,-0.27064415418601884,163095416.2,-0.2686610036070406,2023-03-22
2023-03-23,11.82,12.18,11.74,12.14,201091345.0,2415200025.0,20525299238.0,0.0097972430349616,160098662.0,0.25604638094976706,159238078.1,0.26283453932241363,2023-03-23
2023-03-24,12.2,12.2,11.97,12.01,117251488.0,1414079551.0,20525299238.0,0.0057125348887934,153931607.0,-0.23828841727092476,169703032.9,-0.3090784177729331,2023-03-24
2023-03-27,12.0,12.07,11.73,11.99,123953844.0,1477826632.0,20525299238.0,0.0060390760964164,143007397.2,-0.13323473871322222,172112036.5,-0.2798072318434277,2023-03-27
2023-03-28,11.99,12.14,11.88,12.01,107876553.0,1295667989.0,20525299238.0,0.005255784665993,134636834.8,-0.1987589937014771,159501826.9,-0.3236657215993305,2023-03-28
2023-03-29,12.12,12.34,11.99,12.01,109723903.0,1329468456.0,20525299238.0,0.0053457882259207,133890253.6,-0.1804937248994799,148714566.7,-0.26218456312121297,2023-03-29
2023-03-30,12.04,12.25,11.93,12.25,150717840.0,1823963765.0,20525299238.0,0.0073430276583234,131979426.6,0.14197980611623606,146039044.3,0.03203797807926345,2023-03-30
2023-03-31,12.29,12.45,12.25,12.39,158691034.0,1961371289.0,20525299238.0,0.0077314845527905,121904725.6,0.3017627759624768,137918166.3,0.15061734256830817,2023-03-31
2023-04-03,12.39,12.45,12.07,12.12,168677506.0,2056156606.0,20525299238.0,0.008218029079338,130192634.8,0.29559944968561314,136600016.0,0.23482786414900558,2023-04-03
2023-04-04,12.2,12.43,12.09,12.35,155954633.0,1911436455.0,20525299238.0,0.0075981661066977,139137367.2,0.12086807547412048,136887101.0,0.1392938550141405,2023-04-04
2023-04-06,12.43,13.14,12.41,13.13,294272220.0,3804302884.0,20525299238.0,0.0143370489554272,148752983.2,0.9782609643824611,141321618.4,1.0822873622002054,2023-04-06
2023-04-07,12.96,13.07,12.79,12.89,138168235.0,1783722640.0,20525299238.0,0.0067316063652898,185662646.6,-0.25581026916159444,158821036.6,-0.1300381992343702,2023-04-07
2023-04-10,12.79,13.12,12.66,12.98,116873407.0,1511031410.0,20525299238.0,0.0056941146457745,183152725.6,-0.36188005601812345,152528725.6,-0.23376133551069278,2023-04-10
2023-04-11,12.98,13.44,12.84,13.43,225374558.0,2979279873.0,20525299238.0,0.0109803299521571,174789200.2,0.2894077994642601,152490917.5,0.4779539771606398,2023-04-11
2023-04-12,13.38,13.75,13.32,13.55,185436762.0,2509011953.0,20525299238.0,0.0090345460911326,186128610.6,-0.0037170459596177485,162632988.9,0.1402161594288942,2023-04-12
2023-04-13,13.5,13.78,13.24,13.4,158387217.0,2131877522.0,20525299238.0,0.0077166824787024,192025036.4,-0.17517413369957835,170389009.8,-0.07043759931516436,2023-04-13
2023-04-14,13.74,13.99,13.69,13.94,210578014.0,2921463220.0,20525299238.0,0.0102594369786405,164848035.8,0.2774068734157158,175255341.2,0.20154976480682585,2023-04-14
2023-04-17,13.58,14.02,13.48,13.91,163355709.0,2251982342.0,20525299238.0,0.0079587492053498,179329991.6,-0.08907758516841413,181241358.6,-0.09868415100260675,2023-04-17
2023-04-18,13.87,14.05,13.75,13.86,123473848.0,1712913194.0,20525299238.0,0.0060156905177491,188626452.0,-0.3454054471639004,181707826.1,-0.32048139780150064,2023-04-18
2023-04-19,13.9,14.1,13.83,13.9,115489075.0,1611809154.0,20525299238.0,0.0056266694902155,168246310.0,-0.3135714239438595,177187460.3,-0.34820965995865116,2023-04-19
2023-04-20,13.8,13.82,13.32,13.59,205681007.0,2783818748.0,20525299238.0,0.0100208530270393,154256772.6,0.33336775775380123,173140904.5,0.1879400052458431,2023-04-20
2023-04-21,13.62,13.66,13.29,13.29,129483400.0,1741387714.0,20525299238.0,0.006308478064002,163715530.6,-0.20909519380686048,164281783.2,-0.21182131409929805,2023-04-21
2023-04-24,13.25,13.43,12.58,12.69,244729896.0,3148770164.0,20525299238.0,0.0119233290176307,147496607.8,0.6592238943680979,163413299.7,0.497613085650213,2023-04-24
2023-04-25,12.83,13.08,12.67,12.88,181595737.0,2332637151.0,20525299238.0,0.008847409964372,163771445.2,0.10883638340146984,176198948.6,0.030628947805197093,2023-04-25
2023-04-26,12.66,12.81,12.47,12.57,169260872.0,2133008370.0,20525299238.0,0.0082464508817798,175395823.0,-0.03497774858640734,171821066.5,-0.014900352745744416,2023-04-26
2023-04-27,12.49,13.03,12.42,12.82,177955680.0,2271307178.0,20525299238.0,0.0086700650712335,186150182.4,-0.044020920604803004,170203477.5,0.04554667515532995,2023-04-27
2023-04-28,12.55,12.98,12.55,12.83,145362116.0,1862171128.0,20525299238.0,0.0070820948486285,180605117.0,-0.19513844117716772,172160323.8,-0.15565844213404068,2023-04-28
2023-05-04,13.25,13.38,12.84,12.93,211489221.0,2759858587.0,20525299238.0,0.0103038313131364,183780860.2,0.1507684792085875,165638734.0,0.2768101753301253,2023-05-04
2023-05-05,13.03,13.14,12.45,12.58,187067529.0,2369427897.0,20525299238.0,0.0091139976489925,177132725.2,0.05608677780338245,170452085.2,0.09747867725117176,2023-05-05
2023-05-08,12.49,12.74,12.31,12.66,147503510.0,1855566188.0,20525299238.0,0.0071864243385507,178227083.6,-0.17238442653841413,176811453.3,-0.16575817206972765,2023-05-08
2023-05-09,12.67,12.67,12.19,12.25,171466059.0,2122541129.0,20525299238.0,0.0083538883897269,173875611.2,-0.013857907865113983,180012896.8,-0.047479030402448386,2023-05-09
2023-05-10,12.32,12.42,12.04,12.08,124335355.0,1515467086.0,20525299238.0,0.0060576634502754,172577687.0,-0.2795397993716302,176591402.0,-0.2959150128951352,2023-05-10
2023-05-11,12.04,12.09,11.6,11.68,186931676.0,2195055674.0,20525299238.0,0.0091073788417135,168372334.8,0.11022797315274846,176076597.5,0.06164975160881325,2023-05-11
2023-05-12,11.4,11.41,10.91,10.98,338569980.0,3753418798.0,20525299238.0,0.0164952518389198,163460825.8,1.0712606726595895,170296775.5,0.9881173851116165,2023-05-12
2023-05-15,10.98,11.2,10.66,11.11,235775700.0,2585029803.0,20525299238.0,0.0114870773510327,193761316.0,0.21683576922031222,185994199.8,0.2676508205822017,2023-05-15
2023-05-16,11.05,11.42,11.0,11.25,206495633.0,2324659917.0,20525299238.0,0.0100605419002953,211415754.0,-0.02327225340075645,192645682.6,0.07189338589413063,2023-05-16
2023-05-17,11.04,11.2,10.93,11.0,130722931.0,1444290354.0,20525299238.0,0.0063688684624866,218421668.8,-0.40151116087434635,195499677.9,-0.33133940472850265,2023-05-17
2023-05-18,11.17,11.27,11.01,11.1,138468681.0,1543914207.0,20525299238.0,0.006746244203039,219699184.0,-0.36973511471940657,194035759.4,-0.2863754525033183,2023-05-18
2023-05-19,10.86,11.03,10.7,10.89,205289952.0,2228604261.0,20525299238.0,0.0100018006860495,210006585.0,-0.02245945287858475,186733705.4,0.09937277558034241,2023-05-19
2023-05-22,10.9,11.0,10.81,10.9,99725436.0,1087424849.0,20525299238.0,0.0048586592986362,183350579.4,-0.4560942412816832,188555947.7,-0.4711095713688802,2023-05-22
2023-05-23,10.88,10.94,10.67,10.67,126921865.0,1361389537.0,20525299238.0,0.0061836791526537,156140526.6,-0.18713054346775848,183778140.3,-0.30937452739040483,2023-05-23
2023-05-24,10.62,10.83,10.51,10.69,128497770.0,1376146041.0,20525299238.0,0.0062604578140377,140225773.0,-0.08363657228689336,179323720.9,-0.283431275265268,2023-05-24
2023-05-25,10.62,10.62,10.38,10.52,148254167.0,1553157377.0,20525299238.0,0.0072229966189981,139780740.8,0.06061941116855207,179739962.4,-0.17517415147740123,2023-05-25
2023-05-26,10.45,10.87,10.39,10.8,128083399.0,1367316402.0,20525299238.0,0.0062402695090978,141737838.0,-0.09633587750929284,175872211.5,-0.2717246351337318,2023-05-26
2023-05-29,10.82,10.88,10.71,10.8,115787493.0,1249777588.0,20525299238.0,0.0056412085230715,126296527.4,-0.08320921102380208,154823553.4,-0.25213256990134425,2023-05-29
2023-05-30,10.79,10.87,10.61,10.71,118788486.0,1273962446.0,20525299238.0,0.0057874179870702,129508938.8,-0.08277770553394415,142824732.7,-0.16829190747016876,2023-05-30
2023-05-31,10.75,10.87,10.61,10.69,124179454.0,1332813547.0,20525299238.0,0.0060500678971879,127882263.0,-0.028954828551947087,134054018.0,-0.07366108190804099,2023-05-31
2023-06-01,10.73,11.23,10.68,11.05,220497810.0,2431831429.0,20525299238.0,0.0107427330263607,127018599.8,0.7359489897321321,133399670.3,0.6529112066328697,2023-06-01
2023-06-02,11.17,11.62,11.17,11.59,267583940.0,3071508967.0,20525299238.0,0.013036786304416,141467328.4,0.8914893143624247,141602583.2,0.8896826170329357,2023-06-02
2023-06-05,11.41,11.41,11.14,11.28,167579066.0,1884615625.0,20525299238.0,0.0081645126853862,169367436.6,-0.010559117123698614,147831982.0,0.13357788844365226,2023-06-05
2023-06-06,11.38,11.65,11.34,11.39,168797874.0,1940115545.0,20525299238.0,0.0082238934518183,179725751.2,-0.06080306871461827,154617345.0,0.09171370133150325,2023-06-06
2023-06-07,11.46,11.6,11.36,11.4,110395819.0,1267421318.0,20525299238.0,0.0053785242163785,189727628.8,-0.4181352515801853,158804945.9,-0.30483387419484653,2023-06-07
2023-06-08,11.28,11.57,11.16,11.52,117954964.0,1346032614.0,20525299238.0,0.0057468084938621,186970901.8,-0.3691266241729172,156994750.8,-0.2486693765305178,2023-06-08
2023-06-09,11.69,11.88,11.52,11.71,150815129.0,1754620086.0,20525299238.0,0.0073477676135792,166462332.6,-0.0939984641306173,153964830.5,-0.020457279040748233,2023-06-09
2023-06-12,11.59,11.62,11.38,11.55,136545790.0,1572107109.0,20525299238.0,0.0066525602582788,143108570.4,-0.045858751727143265,156238003.5,-0.1260398434366834,2023-06-12
2023-06-13,11.49,11.62,11.42,11.6,88581336.0,1021045511.0,20525299238.0,0.0043157147173768,136901915.2,-0.3529576567969006,158313833.2,-0.44047001952069464,2023-06-13
2023-06-14,11.7,12.0,11.7,11.88,196690302.0,2340740619.0,20525299238.0,0.0095828226287611,120858607.6,0.6274414036853426,155293118.2,0.26657449009868617,2023-06-14
2023-06-15,11.68,11.84,11.42,11.8,145484376.0,1697224236.0,20525299238.0,0.0070880514000328,138117504.2,0.05333771300509804,162544203.0,-0.10495500107130862,2023-06-15
2023-06-16,11.85,12.28,11.84,12.03,180454160.0,2181097716.0,20525299238.0,0.0087917919201836,143623386.6,0.25643994527559766,155042859.6,0.16389855337781722,2023-06-16
2023-06-19,12.03,12.08,11.71,11.81,148234676.0,1748223931.0,20525299238.0,0.007222047010431,149551192.8,-0.008803118018327227,146329881.6,0.013017125273201868,2023-06-19
2023-06-20,11.79,11.86,11.59,11.76,92657207.0,1089373378.0,20525299238.0,0.0045142926261682,151888970.0,-0.3899675071863349,144395442.6,-0.3583093390511204,2023-06-20
2023-06-21,11.6,11.85,11.54,11.57,84114400.0,983109005.0,20525299238.0,0.004098083980392,152704144.2,-0.44916753608314974,136781375.9,-0.3850449343228167,2023-06-21
2023-06-26,11.52,11.65,11.43,11.49,79180144.0,912614624.0,20525299238.0,0.003857685244043,130188963.8,-0.39180602035024414,134153234.0,-0.40977834347250996,2023-06-26
2023-06-27,11.45,11.73,11.28,11.69,102267126.0,1183301063.0,20525299238.0,0.0049824913544093,116928117.4,-0.12538465277642452,130275752.0,-0.21499492860344416,2023-06-27
2023-06-28,11.59,11.73,11.52,11.66,73042283.0,848689369.0,20525299238.0,0.0035586464369187,101290710.6,-0.27888468184959103,125420951.7,-0.41762295685083695,2023-06-28
2023-06-29,11.61,11.66,11.33,11.35,94829276.0,1082828354.0,20525299238.0,0.0046201166131812,86252232.0,0.09944141503491766,119070601.0,-0.2035878276956039,2023-06-29
2023-06-30,11.39,11.52,11.25,11.37,66313367.0,756138025.0,20525299238.0,0.0032308112164927,86686645.8,-0.23502211455965683,119695395.0,-0.44598230366339486,2023-06-30
2023-07-03,11.5,12.03,11.49,11.93,171518591.0,2037155959.0,20525299238.0,0.0083564477677604,83126439.2,1.0633458217466867,106657701.5,0.608121950762271,2023-07-03
2023-07-04,11.97,12.0,11.74,11.8,107427130.0,1267639365.0,20525299238.0,0.0052338886149397,101594128.6,0.057414749064544024,109261123.0,-0.01678541231907349,2023-07-04
2023-07-05,11.78,11.9,11.73,11.8,71207528.0,840514440.0,20525299238.0,0.0034692565099449,102626129.4,-0.3061462181579656,101958420.0,-0.30160228061596095,2023-07-05
2023-07-06,11.71,11.75,11.52,11.61,76833555.0,891638839.0,20525299238.0,0.0037433585795305,102259178.4,-0.24863903463554526,94255705.2,-0.18483921119715951,2023-07-06
2023-07-07,11.51,11.72,11.28,11.55,125582984.0,1442386664.0,20525299238.0,0.006118448386248,98660034.2,0.2728860781197662,92673340.0,0.35511446981408024,2023-07-07
2023-07-10,11.58,11.76,11.48,11.54,80589768.0,935831992.0,20525299238.0,0.0039263626349864,110513957.6,-0.270772943525461,96820198.4,-0.1676347566749048,2023-07-10
2023-07-11,11.71,11.95,11.68,11.84,121686578.0,1437145246.0,20525299238.0,0.005928614077144,92328193.0,0.31797855071202363,96961160.8,0.2550033126253579,2023-07-11
2023-07-12,11.83,12.05,11.77,11.95,187653141.0,2243047027.0,20525299238.0,0.0091425288773663,95180082.6,0.9715589215090681,98903106.0,0.8973432543159969,2023-07-12
2023-07-13,12.38,12.76,12.38,12.52,289777576.0,3643040704.0,20525299238.0,0.0141180682746643,118469205.2,1.4460160386051109,110364191.8,1.6256485122015816,2023-07-13
2023-07-14,12.75,12.8,12.56,12.58,127187184.0,1608069170.0,20525299238.0,0.0061966055902624,161058009.4,-0.2103020242593412,129859021.8,-0.02057491087615748,2023-07-14
2023-07-17,12.48,12.5,12.3,12.34,86362787.0,1069695816.0,20525299238.0,0.0042076262079585,161378849.4,-0.46484444943625924,135946403.5,-0.36472915225006297,2023-07-17
2023-07-18,12.34,12.53,12.26,12.4,68098977.0,845908312.0,20525299238.0,0.0033178067812976,162533453.2,-0.5810156268801898,127430823.1,-0.46560043054449984,2023-07-18
2023-07-19,12.56,12.66,12.45,12.59,103886841.0,1304436929.0,20525299238.0,0.0050614044548333,151815933.0,-0.31570528239615003,123498007.8,-0.1587974344635541,2023-07-19
2023-07-20,12.54,12.8,12.52,12.61,98663315.0,1251621301.0,20525299238.0,0.0048069123794959,135062673.0,-0.26949976030757217,126765939.1,-0.2216890775197199,2023-07-20
2023-07-21,12.55,12.68,12.49,12.53,70515847.0,887056620.0,20525299238.0,0.0034355575615408,96839820.8,-0.271830054852807,128948915.1,-0.4531489703087854,2023-07-21
2023-07-24,12.41,12.62,12.38,12.43,57319982.0,715170937.0,20525299238.0,0.0027926502476455,85505553.4,-0.3296343954192805,123442201.4,-0.5356532745696805,2023-07-24
2023-07-25,12.64,13.1,12.64,12.94,175567357.0,2270880546.0,20525299238.0,0.0085537051111517,79696992.4,1.2029357910876444,121115222.8,0.44958951435789296,2023-07-25
2023-07-26,12.96,13.08,12.88,13.07,89449527.0,1161974129.0,20525299238.0,0.0043580132967998,101190668.4,-0.11602988285034399,126503300.7,-0.29290756442689403,2023-07-26
2023-07-27,13.07,13.1,12.83,12.88,76066981.0,986230626.0,20525299238.0,0.0037060108170881,98303205.6,-0.22620040174966582,116682939.3,-0.34808823418112156,2023-07-27
2023-07-28,12.66,12.84,12.55,12.79,145064577.0,1840514413.0,20525299238.0,0.0070675986409704,93783938.8,0.5467955265704836,95311879.8,0.5219989082620109,2023-07-28
2023-07-31,12.99,13.18,12.95,13.01,116713079.0,1524225381.0,20525299238.0,0.0056863034076463,108693684.8,0.0737797620418883,97099619.1,0.20199317033160225,2023-07-31
2023-08-01,13.27,13.44,13.0,13.05,120142346.0,1584776007.0,20525299238.0,0.0058533785357716,120572304.2,-0.0035659781311536687,100134648.3,0.19980793900686233,2023-08-01
2023-08-02,12.82,12.96,12.77,12.86,83936798.0,1078483438.0,20525299238.0,0.0040894311467382,109487302.0,-0.23336499788806564,105338985.2,-0.2031744197968598,2023-08-02
2023-08-03,12.75,12.8,12.6,12.74,109846621.0,1394928275.0,20525299238.0,0.0053517670912506,108384756.2,0.01348773435724171,103343980.9,0.06292229158747253,2023-08-03
2023-08-04,12.86,12.99,12.78,12.85,78105281.0,1007042200.0,20525299238.0,0.0038053175300556,115140684.2,-0.32165349248463126,104462311.5,-0.25231138504914286,2023-08-04
2023-08-07,12.78,12.88,12.73,12.85,44623088.0,572241706.0,20525299238.0,0.0021740529812781,101748825.0,-0.5614387881137693,105221254.9,-0.5759118436440545,2023-08-07
2023-08-08,12.85,13.13,12.74,13.03,111902027.0,1455326074.0,20525299238.0,0.0054519072147229,87330826.8,0.2813576957913331,103951565.5,0.07648236427954513,2023-08-08
2023-08-09,12.9,12.98,12.74,12.87,84007485.0,1079691460.0,20525299238.0,0.0040928750429358,85682763.0,-0.01955210057826917,97585032.5,-0.13913555339544514,2023-08-09
2023-08-10,12.8,12.88,12.69,12.73,70330322.0,897239230.0,20525299238.0,0.0034265187164624,85696900.4,-0.17931311784060755,97040828.3,-0.27525018868784734,2023-08-10
2023-08-11,12.75,12.83,12.44,12.5,93182422.0,1172097978.0,20525299238.0,0.0045398812908649,77793640.6,0.19781541628995325,96467162.4,-0.03405034747865665,2023-08-11
2023-08-14,12.39,12.42,12.15,12.32,131024479.0,1612319538.0,20525299238.0,0.0063835599900743,80809068.8,0.6214081036409618,91278946.9,0.43542934542773515,2023-08-14
2023-08-15,12.34,12.43,12.16,12.32,68007984.0,835672641.0,20525299238.0,0.0033133735694382,98089347.0,-0.306673088566896,92710086.9,-0.2664446094915698,2023-08-15
2023-08-16,12.18,12.25,12.08,12.19,74573738.0,907904341.0,20525299238.0,0.0036332594782314,89310538.4,-0.16500628776861126,87496650.7,-0.14769608432565984,2023-08-16
2023-08-17,12.06,12.34,11.84,12.29,101796875.0,1234023155.0,20525299238.0,0.0049595805556654,87423789.0,0.16440703570969672,86560344.7,0.1760220612892267,2023-08-17
2023-08-18,12.29,12.43,12.05,12.08,76821225.0,939366605.0,20525299238.0,0.0037427578574725,93717099.6,-0.18028593151211858,85755370.1,-0.10418175665945839,2023-08-18
2023-08-21,12.08,12.18,11.98,11.98,75479962.0,910248452.0,20525299238.0,0.0036774110391656,90444860.2,-0.16545880182586647,85626964.5,-0.11850241987732735,2023-08-21
2023-08-22,12.08,12.48,12.08,12.41,165777633.0,2045267562.0,20525299238.0,0.0080767462183003,79335956.8,1.089564929782255,88712651.9,0.8687033861513951,2023-08-22
2023-08-23,12.45,12.49,12.12,12.17,126975644.0,1557000098.0,20525299238.0,0.006186299284978,98889886.6,0.28401041163697727,94100212.5,0.34936617704237394,2023-08-23
2023-08-24,12.45,12.65,12.35,12.49,138872628.0,1736015214.0,20525299238.0,0.0067659246469301,109370267.8,0.26974753553634434,98397028.4,0.41134981673897775,2023-08-24
2023-08-25,12.4,12.45,12.15,12.3,127145799.0,1563198558.0,20525299238.0,0.0061945892980992,116785418.4,0.08871296384378069,105251259.0,0.2080216446627019,2023-08-25
2023-08-28,12.92,12.97,12.06,12.14,203852109.0,2505833265.0,20525299238.0,0.0099317484552231,126850333.2,0.6070285655347416,108647596.7,0.8762689207279999,2023-08-28
2023-08-29,12.11,12.37,12.04,12.08,140982272.0,1719289961.0,20525299238.0,0.0068687072653727,152524762.6,-0.07567617482723421,115930359.7,0.2160944929768902,2023-08-29
2023-08-30,12.25,12.54,12.22,12.45,159470560.0,1978837053.0,20525299238.0,0.0077694633413558,147565690.4,0.08067505100765615,123227788.5,0.294112001368912,2023-08-30
2023-08-31,12.49,12.6,12.34,12.36,82969987.0,1031632503.0,20525299238.0,0.0040423277652581,154064673.6,-0.46146001506214207,131717470.7,-0.3700912524430975,2023-08-31
2023-09-01,12.39,12.9,12.37,12.8,143485185.0,1825917256.0,20525299238.0,0.0069906500916856,142884145.4,0.004206482100007625,129834781.9,0.10513671991619056,2023-09-01
2023-09-04,12.95,13.5,12.95,13.2,188698652.0,2493402696.0,20525299238.0,0.0091934665513011,146152022.6,0.2911121491383315,136501177.9,0.382395777846251,2023-09-04
2023-09-05,13.1,13.21,12.97,13.15,80427855.0,1051883313.0,20525299238.0,0.0039184741750852,143121331.2,-0.43804425010826054,147823046.9,-0.45591802708269036,2023-09-05
2023-09-06,13.02,13.18,12.93,13.06,72466469.0,946999081.0,20525299238.0,0.0035305925706475,131010447.8,-0.44686496216983385,139288069.1,-0.4797367106297261,2023-09-06
2023-09-07,12.94,13.11,12.9,13.01,72247716.0,941296012.0,20525299238.0,0.0035199348453952,113609629.6,-0.36407049072889497,133837151.6,-0.46018190662091163,2023-09-07
2023-09-08,13.01,13.1,12.81,12.88,55492369.0,716285758.0,20525299238.0,0.002703608281494,111465175.4,-0.5021551009015862,127174660.4,-0.5636523122966406,2023-09-08
2023-09-11,12.88,13.15,12.82,13.0,87787035.0,1141585554.0,20525299238.0,0.0042770160854694,93866612.2,-0.06476826059351493,120009317.4,-0.26849817245939944,2023-09-11
2023-09-12,13.01,13.09,12.8,12.84,84410056.0,1088460259.0,20525299238.0,0.0041124884476093,73684288.8,0.14556382879819552,108402810.0,-0.22132963158427355,2023-09-12
2023-09-13,12.78,12.98,12.76,12.84,87054305.0,1118569961.0,20525299238.0,0.0042413172149436,74480729.0,0.16881650017147387,102745588.4,-0.15271977750433519,2023-09-13
2023-09-14,12.9,13.1,12.84,12.98,152218542.0,1978039447.0,20525299238.0,0.0074161424023571,77398296.2,0.9666911220714958,95503962.9,0.5938452958165152,2023-09-14
2023-09-15,13.19,13.42,13.06,13.15,173231399.0,2293010436.0,20525299238.0,0.008439896392803,93392461.4,0.8548756120480618,102428818.4,0.6912369165824526,2023-09-15
2023-09-18,13.08,13.08,12.89,13.07,105742734.0,1373023886.0,20525299238.0,0.0051518242328097,116940267.4,-0.0957542996006524,105403439.8,0.0032190050025293626,2023-09-18
2023-09-19,13.0,13.25,12.98,13.17,108154112.0,1423466929.0,20525299238.0,0.0052693074408272,120531407.2,-0.10268937771100717,97107848.0,0.11375253625227066,2023-09-19
2023-09-20,13.1,13.28,13.04,13.25,90314021.0,1192683790.0,20525299238.0,0.0044001317570462,125280218.4,-0.2791038988163195,99880473.7,-0.09577900810456408,2023-09-20
2023-09-21,13.1,13.2,12.98,13.09,96166185.0,1258503964.0,20525299238.0,0.0046852513030338,125932161.6,-0.23636516853054634,101665228.9,-0.05408972132850831,2023-09-21
2023-09-22,12.95,12.98,12.68,12.93,186231640.0,2383603518.0,20525299238.0,0.0090732728346886,114721690.2,0.623334172250541,104057075.8,0.7897066448219372,2023-09-22
2023-09-25,12.88,12.99,12.74,12.76,115655415.0,1484110322.0,20525299238.0,0.0056347736351574,117321738.4,-0.014203023435595541,117131002.9,-0.01259775690010767,2023-09-25
2023-09-26,12.69,12.75,12.49,12.65,128915086.0,1627524477.0,20525299238.0,0.0062807896004424,119304274.6,0.0805571420824851,119917840.9,0.07502841138961824,2023-09-26
2023-09-27,12.65,12.68,12.38,12.41,133613484.0,1666206857.0,20525299238.0,0.0065096972497546,123456469.4,0.0822720319912209,124368343.9,0.07433676295821434,2023-09-27
2023-09-28,12.41,12.52,12.06,12.13,149985684.0,1827180750.0,20525299238.0,0.0073073567532852,132116362.0,0.13525442064473436,129024261.8,0.1624610899343275,2023-09-28
2023-10-09,11.91,12.25,11.74,12.2,122116683.0,1471766812.0,20525299238.0,0.0059495689482527,142880261.8,-0.145321533838343,128800976.0,-0.051896291531207006,2023-10-09
2023-10-10,12.28,12.42,12.2,12.22,68398356.0,839634890.0,20525299238.0,0.003332392634421,130057270.4,-0.4740904849868355,123689504.4,-0.4470156838950031,2023-10-10
2023-10-11,12.3,12.31,11.99,12.13,85168723.0,1030641326.0,20525299238.0,0.0041494509781528,120605858.6,-0.29382598831728723,119955066.6,-0.289994783763473,2023-10-11
2023-10-12,12.27,12.36,12.18,12.29,70314506.0,862664147.0,20525299238.0,0.003425748155224,111856586.0,-0.37138698297121275,117656527.7,-0.40237479913322316,2023-10-12
2023-10-13,12.13,12.15,12.0,12.02,66449566.0,800676293.0,20525299238.0,0.0032374468810168,99196790.4,-0.3301238302968319,115656576.2,-0.4254579533368549,2023-10-13
2023-10-16,12.25,12.28,12.1,12.14,94815422.0,1156057633.0,20525299238.0,0.0046194416412921,82489566.8,0.14942320196546355,112684914.3,-0.15857927754576107,2023-10-16
2023-10-17,12.12,12.14,11.98,12.06,80051798.0,964979088.0,20525299238.0,0.0039001525420781,77029314.6,0.039238092870165664,103543292.5,-0.22687606249337688,2023-10-17
2023-10-18,12.09,12.13,11.96,11.98,73584741.0,886160394.0,20525299238.0,0.0035850751868098,79360003.0,-0.07277295591836108,99982930.8,-0.2640269652907594,2023-10-18
2023-10-19,11.95,11.98,11.75,11.77,98618747.0,1167806409.0,20525299238.0,0.0048047410104219,77043206.6,0.28004468339457733,94449896.3,0.044138224215287014,2023-10-19
2023-10-20,11.82,11.93,11.59,11.65,79552087.0,932493226.0,20525299238.0,0.0038758064414826,82704054.8,-0.038111405875108306,90950422.6,-0.1253247128947369,2023-10-20
2023-10-23,11.58,11.66,11.33,11.45,85800104.0,985685575.0,20525299238.0,0.0041802120887549,85324559.0,0.005573366045759531,83907062.9,0.022561165110213777,2023-10-23
2023-10-24,11.54,11.83,11.53,11.75,119694433.0,1396287628.0,20525299238.0,0.0058315560524643,83521495.4,0.43309734131029454,80275405.0,0.49104738867402786,2023-10-24
2023-10-25,12.04,12.31,12.04,12.08,129416820.0,1575510361.0,20525299238.0,0.0063052342623293,91450022.4,0.41516444286841403,85405012.7,0.5153304930074671,2023-10-25
2023-10-26,12.0,12.11,11.88,12.08,74025968.0,887984382.0,20525299238.0,0.0036065719257797,102616438.2,-0.27861491493474977,89829822.4,-0.17593104358625566,2023-10-26
2023-10-27,11.98,12.16,11.95,12.01,92836222.0,1118062157.0,20525299238.0,0.0045230143016928,97697882.4,-0.04976218809016897,90200968.6,0.029215355898074113,2023-10-27
2023-10-30,12.2,12.68,12.19,12.42,180159501.0,2233732784.0,20525299238.0,0.0087774360271667,100354709.4,0.7952271704749712,92839634.2,0.9405451405796255,2023-10-30
2023-10-31,12.4,12.46,12.28,12.44,75169604.0,929308103.0,20525299238.0,0.0036622902851926,119226588.8,-0.3695231511983005,101374042.1,-0.25849258406950704,2023-10-31
2023-11-01,12.32,12.35,12.14,12.2,93872097.0,1145423054.0,20525299238.0,0.0045734825062237,110321623.0,-0.14910518493731728,100885822.7,-0.06952142047606058,2023-11-01
2023-11-02,12.35,12.48,12.2,12.21,91383818.0,1128790483.0,20525299238.0,0.0044522526536818,103212678.4,-0.1146066605708781,102914558.3,-0.11204187716948111,2023-11-02
2023-11-03,12.22,12.3,12.1,12.17,81585921.0,992620604.0,20525299238.0,0.0039748955693154,106684248.4,-0.23525804208599554,102191065.4,-0.20163352167184667,2023-11-03
2023-11-06,12.18,12.2,11.87,11.93,144313303.0,1725547500.0,20525299238.0,0.0070309963000598,104434188.2,0.38185880971878894,102394448.8,0.4093860037459376,2023-11-06
2023-11-07,11.88,12.03,11.72,12.01,91670061.0,1090796540.0,20525299238.0,0.0044661985161358,97264948.6,-0.05752213598558353,108245768.7,-0.1531303061456295,2023-11-07
2023-11-08,11.88,11.95,11.72,11.82,113321587.0,1340004024.0,20525299238.0,0.0055210686911789,100565040.0,0.1268487239700795,105443331.5,0.07471554045122342,2023-11-08
2023-11-09,11.7,11.9,11.7,11.88,77642269.0,918449508.0,20525299238.0,0.0037827594180091,104454938.0,-0.25669125379213764,103833808.2,-0.252244809797894,2023-11-09
2023-11-10,11.83,11.86,11.72,11.78,43771753.0,515193193.0,20525299238.0,0.0021325756322695,101706628.2,-0.569627331328638,104195438.3,-0.5799072040565523,2023-11-10
2023-11-13,11.79,11.93,11.73,11.9,55328036.0,654865236.0,20525299238.0,0.0026956019183178,94143794.6,-0.41230289011528753,99288991.4,-0.4427575986032224,2023-11-13
2023-11-14,11.95,11.98,11.81,11.86,49533264.0,587725506.0,20525299238.0,0.0024132785313207,76346741.2,-0.3512065712111888,86805844.9,-0.42937870074230455,2023-11-14
2023-11-15,12.23,12.23,11.93,12.0,100819208.0,1214529081.0,20525299238.0,0.0049119482659403,67919381.8,0.4843952540215848,84242210.9,0.19677780204128048,2023-11-15
2023-11-16,11.97,12.03,11.85,11.97,72428050.0,864811238.0,20525299238.0,0.0035287207830767,65418906.0,0.10714248263338422,84936922.0,-0.14727249004855625,2023-11-16
2023-11-17,11.98,12.02,11.87,11.97,56250453.0,670740302.0,20525299238.0,0.0027405424080667,64376062.2,-0.1262209728634195,83041345.2,-0.32262112488033257,2023-11-17
2023-11-20,11.96,11.97,11.77,11.86,67797583.0,804255270.0,20525299238.0,0.0033031227566456,66871802.2,0.013844113206806785,80507798.4,-0.1578755804108538,2023-11-20
2023-11-21,11.96,12.21,11.91,12.14,146698506.0,1779892323.0,20525299238.0,0.0071472042526135,69365711.6,1.1148562108890698,72856226.4,1.0135342337741498,2023-11-21
2023-11-22,12.14,12.14,11.92,11.95,62734020.0,753600457.0,20525299238.0,0.0030564241365044,88798760.0,-0.29352594563257417,78359070.9,-0.19940321803892147,2023-11-22
2023-11-23,11.94,12.0,11.82,11.99,55954963.0,665698869.0,20525299238.0,0.0027261460284294,81181722.4,-0.31074432340450076,73300314.2,-0.2366340634321592,2023-11-23
2023-11-24,11.97,11.99,11.84,11.85,51770983.0,615768319.0,20525299238.0,0.0025223010100701,77887105.0,-0.33530739138397814,71131583.6,-0.27218008682151706,2023-11-24
2023-11-27,11.86,12.03,11.73,11.87,57775499.0,685011611.0,20525299238.0,0.0028148432005822,76991211.0,-0.2495831894370385,71931506.6,-0.19679843046690748,2023-11-27
2023-11-28,11.86,11.9,11.71,11.89,62640831.0,739510570.0,20525299238.0,0.003051883934731,74986794.2,-0.164641832361464,72176252.9,-0.13211300832160555,2023-11-28
2023-11-29,12.09,12.2,12.08,12.15,169653492.0,2061141702.0,20525299238.0,0.0082655794701354,58175259.2,1.9162481496945354,73487009.6,1.3086188011112103,2023-11-29
2023-11-30,12.14,12.27,12.07,12.18,116747513.0,1421931900.0,20525299238.0,0.0056879810445762,79559153.6,0.46743030458785584,80370438.0,0.45261760300472664,2023-11-30
2023-12-01,12.15,12.2,11.96,12.04,101753675.0,1228288083.0,20525299238.0,0.004957475836046,91717663.6,0.10942288547350221,84802384.3,0.19989167568723665,2023-12-01
2023-12-04,12.45,12.69,12.38,12.4,229119485.0,2865128223.0,20525299238.0,0.0111627841496125,101714202.0,1.2525810604108165,89352706.5,1.5642142692118677,2023-12-04
2023-12-05,12.12,12.16,11.92,11.95,158484060.0,1905395189.0,20525299238.0,0.007721400704677,135982999.2,0.16546966115158313,105484896.7,0.5024336654633137,2023-12-05
2023-12-06,11.84,12.08,11.75,12.0,110464022.0,1321048903.0,20525299238.0,0.005381847091198,155151645.0,-0.28802545406463465,106663452.1,0.03563141662091396,2023-12-06
2023-12-07,11.9,11.92,11.75,11.8,108883301.0,1285326253.0,20525299238.0,0.0053048337925527,143313751.0,-0.24024526439197036,111436452.3,-0.022911275864441638,2023-12-07
2023-12-08,11.81,11.83,11.65,11.67,118281121.0,1383385684.0,20526081338.0,0.0057624794061897,141740908.6,-0.1655117624947975,116729286.1,0.013294306440549741,2023-12-08
2023-12-11,11.59,11.73,11.38,11.67,111213214.0,1285375457.0,20526081338.0,0.0054181415423951,145046397.8,-0.2332576631558375,123380299.9,-0.09861449445220549,2023-12-11
2023-12-12,11.57,11.63,11.46,11.62,89300708.0,1030115693.0,20526081338.0,0.0043505970053171,121465143.6,-0.26480383299032295,128724071.4,-0.30626255813098846,2023-12-12
2023-12-13,11.54,11.61,11.44,11.44,85644343.0,987071611.0,20526081338.0,0.004172464368123,107628473.2,-0.20425942639870132,131390059.1,-0.3481672541541615,2023-12-13
2023-12-14,11.8,11.83,11.46,11.48,135531561.0,1572792098.0,20526081338.0,0.006602895056695,102664537.4,0.32013998633183327,122989144.2,0.10197986888667199,2023-12-14
2023-12-15,11.6,11.97,11.6,11.7,204753292.0,2415721668.0,20526081338.0,0.0099752743170192,107994189.4,0.8959658212870478,124867549.0,0.6397638428860328,2023-12-15
2023-12-18,11.64,11.85,11.58,11.78,73733359.0,867805169.0,20526081338.0,0.0035921790324145,125288623.6,-0.41149198641208473,135167510.7,-0.4545038329244011,2023-12-18
2023-12-19,11.76,11.84,11.65,11.8,59946318.0,704972690.0,20526081338.0,0.0029204950040328,117792652.6,-0.49108610191872015,119628898.1,-0.49889768315102445,2023-12-19
2023-12-20,11.92,12.12,11.86,12.02,165592823.0,1992734597.0,20526081338.0,0.0080674348051733,111921774.6,0.4795407202201385,109775123.9,0.5084731140986669,2023-12-20
2023-12-21,11.94,12.09,11.89,12.07,108702830.0,1304679471.0,20526081338.0,0.0052958393864862,127911470.6,-0.15017136860280922,115288004.0,-0.05711933394215063,2023-12-21
2023-12-22,12.15,12.18,11.99,12.14,127206298.0,1540207671.0,20526081338.0,0.0061973006881007,122545724.4,0.03803130319575643,115269956.9,0.10355118906095462,2023-12-22
2023-12-25,12.03,12.24,12.01,12.22,85968431.0,1045070555.0,20526081338.0,0.0041882534510299,107036325.6,-0.19682938929286264,116162474.6,-0.25992941097348143,2023-12-25
2023-12-26,12.2,12.28,12.15,12.18,74621667.0,910846708.0,20526081338.0,0.0036354560703144,109483340.0,-0.31841988927265097,113637996.3,-0.343338764940895,2023-12-26
2023-12-27,12.23,12.42,12.19,12.4,125564716.0,1548586309.0,20526081338.0,0.0061173252669296,112418409.8,0.11694086603242448,112170092.2,0.1194135044136122,2023-12-27
2023-12-28,12.49,12.67,12.31,12.35,185718401.0,2312289057.0,20526081338.0,0.0090479228812261,104412788.4,0.7786940071796797,116162129.5,0.5987861259034513,2023-12-28
2023-12-29,12.27,12.48,12.27,12.46,121461541.0,1506071319.0,20526081338.0,0.0059174247144357,119815902.6,0.013734724392085784,121180813.5,0.0023166002264871643,2023-12-29
2024-01-02,12.41,12.66,12.39,12.49,113316938.0,1418264969.0,20526081338.0,0.0055206318309874,118666951.2,-0.0450842727979347,112851638.4,0.004123108947259979,2024-01-02
2024-01-03,12.43,12.59,12.39,12.53,76049148.0,951970406.0,20526081338.0,0.0037050008108079,124136652.6,-0.3873755542204784,116809996.3,-0.34895000078002736,2024-01-03
2024-01-04,12.43,12.52,12.39,12.51,99822517.0,1242764335.0,20526081338.0,0.0048632038115915,124422148.8,-0.19771103487002306,118420279.3,-0.15704879611781153,2024-01-04
2024-01-05,12.46,12.68,12.37,12.47,109752652.0,1377692738.0,20526081338.0,0.0053469851450317,119273709.0,-0.07982527817593066,111843248.7,-0.01869220292060425,2024-01-05
2024-01-08,12.46,12.53,12.27,12.3,91581562.0,1131732817.0,20526081338.0,0.004461716802732,104080559.2,-0.120089643023363,111948230.9,-0.1819293501671584,2024-01-08
2024-01-09,12.31,12.45,12.28,12.43,94179782.0,1166609534.0,20526081338.0,0.004588298197262,98104563.4,-0.040006104343969895,108385757.3,-0.13106865379626775,2024-01-09
2024-01-10,12.33,12.44,12.28,12.28,63262795.0,780721482.0,20526081338.0,0.0030820688059381,94277132.2,-0.3289698835366144,109206892.4,-0.420706938823213,2024-01-10
2024-01-11,12.31,12.32,12.09,12.14,96780156.0,1179075752.0,20526081338.0,0.0047149845314522,91719861.6,0.05517119533028181,108071005.2,-0.10447621153430342,2024-01-11
2024-01-12,12.07,12.26,12.05,12.2,76433877.0,930414485.0,20526081338.0,0.0037237442325875,91111389.4,-0.16109415624826384,105192549.2,-0.2733907716726386,2024-01-12
2024-01-15,12.17,12.26,12.05,12.12,49632551.0,603042874.0,20526081338.0,0.0024180236930131,84447634.4,-0.41226830860758845,94264096.8,-0.4734734359646461,2024-01-15
2024-01-16,12.06,12.27,12.06,12.19,80436459.0,978561026.0,20526081338.0,0.0039187440444897,76057832.2,0.057569702860923666,87081197.8,-0.0763050918897672,2024-01-16
2024-01-17,12.09,12.13,11.7,11.7,140735055.0,1671092719.0,20526081338.0,0.0068564015060905,73309167.6,0.9197470058301414,83793149.9,0.6795532232402686,2024-01-17
2024-01-18,11.66,11.94,11.4,11.84,166379121.0,1935251850.0,20526081338.0,0.0081057420683597,88803619.6,0.8735623812342894,90261740.6,0.8432961728194284,2024-01-18
2024-01-19,11.78,11.97,11.65,11.92,123795036.0,1468955722.0,20526081338.0,0.0060311091026818,102723412.6,0.20512970574733425,96917401.0,0.2773251730099531,2024-01-19
2024-01-22,11.88,11.94,11.55,11.68,145354976.0,1710510980.0,20526081338.0,0.0070814771512623,112195644.4,0.2955491880039507,98321639.4,0.4783620054244131,2024-01-22
2024-01-23,11.61,11.68,11.21,11.54,169491744.0,1940940579.0,20526081338.0,0.00825738440811,131340129.4,0.29047949605568135,103698980.8,0.634459111289549,2024-01-23
2024-01-24,11.62,11.75,11.43,11.72,105940754.0,1229718058.0,20526081338.0,0.0051612751725713,149151186.4,-0.2897089419330291,111230177.0,-0.04755384862868639,2024-01-24
2024-01-25,11.82,12.05,11.79,12.05,127482289.0,1522375802.0,20526081338.0,0.006210746557064,142192326.2,-0.10345169527158349,115497972.9,0.1037621336469361,2024-01-25
2024-01-26,12.1,12.28,11.98,12.22,124521021.0,1516091358.0,20526081338.0,0.0060664780066652,134412959.8,-0.07359363869911606,118568186.2,0.05020600374166806,2024-01-26
2024-01-29,12.23,12.35,12.2,12.24,84753628.0,1040554942.0,20526081338.0,0.0041290700647812,134558156.8,-0.37013385129841503,123376900.6,-0.31305108502620305,2024-01-29
2024-01-30,12.18,12.3,12.06,12.18,106355676.0,1296846927.0,20526081338.0,0.0051814895521778,122437887.2,-0.1313499568457107,126889008.3,-0.16182120559610358,2024-01-30
2024-01-31,12.12,12.23,12.03,12.04,109897920.0,1333498982.0,20526081338.0,0.0053540623848423,109810673.6,0.0007945165723854952,129480930.0,-0.1512424262012947,2024-01-31
2024-02-01,12.0,12.27,11.9,12.13,108409521.0,1313469936.0,20526081338.0,0.0052815498104502,110602106.8,-0.01982408711223571,126397216.5,-0.1423108514418907,2024-02-01
2024-02-02,12.2,12.34,11.88,12.03,139010279.0,1693724843.0,20556293036.0,0.0067624196034057,106787553.2,0.30174608214546117,120600256.5,0.15265326156250758,2024-02-02
2024-02-05,12.07,12.28,11.96,12.16,171075963.0,2074493835.0,20556293036.0,0.0083223158329372,109685404.8,0.559696691751645,122121780.8,0.4008636451197247,2024-02-05
2024-02-06,12.13,12.38,12.04,12.19,202093771.0,2464896610.0,20556293036.0,0.0098312361400022,126949871.8,0.5919178817162067,124693879.5,0.620719251100051,2024-02-06
2024-02-07,12.19,12.3,12.04,12.25,215806989.0,2628884527.0,20556293036.0,0.0104983417302944,146097490.8,0.47714370601633904,127954082.2,0.6865971392978347,2024-02-07
2024-02-08,12.24,12.52,12.22,12.5,191109271.0,2365281337.0,20556293036.0,0.0092968742304515,167279304.6,0.1424561541368341,138940705.7,0.3754735880832656,2024-02-08
2024-02-19,12.51,12.86,12.4,12.85,188654642.0,2393625732.0,20556293036.0,0.0091774641307949,183819254.6,0.02630511918091516,145303403.9,0.29834977664965767,2024-02-19
2024-02-20,12.8,13.18,12.72,13.1,137078328.0,1790347206.0,20556293036.0,0.0066684361698841,193748127.2,-0.2924921134411873,151716766.0,-0.09648530209245298,2024-02-20
2024-02-21,13.06,13.29,13.01,13.05,153987034.0,2029310533.0,20556293036.0,0.0074909923559819,186948600.2,-0.17631352235179765,156949236.0,-0.018873631216656528,2024-02-21
2024-02-22,13.09,13.28,13.02,13.26,112739991.0,1484391737.0,20556293036.0,0.0054844514428043,177327252.8,-0.36422637118754264,161712371.8,-0.3028363275789887,2024-02-22
2024-02-23,13.25,13.68,13.2,13.5,137726096.0,1857150077.0,20556293036.0,0.0066999480771558,156713853.2,-0.12116195736548951,161996578.9,-0.1498209595832397,2024-02-23
2024-02-26,13.51,13.61,13.09,13.15,146004515.0,1940973998.0,20556293036.0,0.0071026675259154,146037218.2,-0.00022393743460114024,164928236.4,-0.1147391241976562,2024-02-26
2024-02-27,13.06,13.27,13.0,13.16,136491393.0,1791457395.0,20556293036.0,0.0066398835996823,137507192.8,-0.0073872484727214305,165627660.0,-0.17591425852421028,2024-02-27
2024-02-28,13.16,13.17,12.97,13.01,109335806.0,1429626558.0,20556293036.0,0.005318848384216,137389805.8,-0.20419273203456267,162169203.0,-0.32579180277527786,2024-02-28
2024-02-29,13.02,13.2,12.96,13.11,108124101.0,1410959457.0,20556293036.0,0.0052599026882251,128459560.2,-0.15830241959679392,152893406.5,-0.2928138402096496,2024-02-29
2024-03-01,13.06,13.36,13.0,13.25,117846665.0,1552005622.0,20556293036.0,0.005732875319184,127536382.2,-0.07597610213534822,142125117.7,-0.17082450373935554,2024-03-01
2024-03-04,13.46,13.62,13.36,13.46,131400110.0,1769842794.0,20556293036.0,0.0063922084477916,123560496.0,0.0634475763192146,134798857.1,-0.025213471190476344,2024-03-04
2024-03-05,13.6,13.97,13.59,13.85,196087650.0,2710355633.0,20556293036.0,0.0095390569523694,120639615.0,0.62540016395112,129073403.9,0.5191948463055911,2024-03-05
2024-03-06,13.85,14.36,13.84,14.2,201787689.0,2854602325.0,20556293036.0,0.0098163461985393,132558866.4,0.5222496576811402,134974336.1,0.49500782763990947,2024-03-06
2024-03-07,14.38,14.96,14.27,14.73,237493563.0,3490560849.0,20556293036.0,0.0115533263990779,151049243.0,0.5722923086744631,139754401.6,0.6993637429735164,2024-03-07
2024-03-08,14.9,14.93,14.53,14.89,169234965.0,2495033636.0,20556293036.0,0.0082327569812135,176923135.4,-0.04345486181113656,152229758.8,0.11170750275142649,2024-03-08
2024-03-11,15.0,15.05,14.62,14.86,153666334.0,2272630522.0,20556293036.0,0.0074753912940862,187200795.4,-0.1791363189902344,155380645.7,-0.011032980924212898,2024-03-11
2024-03-12,14.75,14.82,14.28,14.36,204275442.0,2953248652.0,20556293036.0,0.0099373676782216,191654040.2,0.0658551303527386,156146827.6,0.30822665525610726,2024-03-12
2024-03-13,14.25,14.76,14.18,14.69,145451986.0,2110554047.0,20556293036.0,0.0070757887010693,193291598.6,-0.24749969965844132,162925232.5,-0.10724702510398443,2024-03-13
2024-03-14,15.25,15.78,15.25,15.39,271917472.0,4216534925.0,20556293036.0,0.013227942972198,182024458.0,0.4938512933245487,166536850.5,0.6327765967929122,2024-03-14
2024-03-15,15.32,16.12,15.3,15.96,223316308.0,3509902917.0,20556293036.0,0.0108636468457084,188909239.8,0.18213544364705014,182916187.6,0.22086684032769566,2024-03-15
2024-03-18,15.97,16.16,15.58,15.78,230329695.0,3633999462.0,20556293036.0,0.0112048264050637,199725508.4,0.15323123643629688,193463151.9,0.19056105898169218,2024-03-18
2024-03-19,15.7,15.93,15.5,15.53,161899947.0,2543787075.0,20556293036.0,0.0078759310696956,215058180.6,-0.2471807092001409,203356110.4,-0.20385993476397646,2024-03-19
2024-03-20,15.35,15.61,15.2,15.51,177110050.0,2723258799.0,20556293036.0,0.0086158554798683,206583081.6,-0.1426691448870322,199937340.1,-0.11417222059962773,2024-03-20
2024-03-21,15.91,16.13,15.6,15.62,199623701.0,3151230650.0,20556293036.0,0.0097110748835114,212914694.4,-0.06242403060744317,197469576.2,0.010908641429494326,2024-03-21
2024-03-22,15.39,15.52,15.17,15.39,177112121.0,2717488083.0,20556293036.0,0.0086159562276051,198455940.2,-0.10754940959938064,193682590.0,-0.08555476772589632,2024-03-22
2024-03-25,15.38,15.86,15.31,15.74,164527564.0,2580594446.0,20556293036.0,0.0080037564998642,189215102.8,-0.13047340531846807,194470305.6,-0.1539707643674315,2024-03-25
2024-03-26,15.77,15.82,15.33,15.53,132797874.0,2057986264.0,20556293036.0,0.0064602053379679,176054676.6,-0.24570095742631348,195556428.6,-0.32092299419299175,2024-03-26
2024-03-27,15.46,15.89,15.44,15.72,156142161.0,2459520729.0,20556293036.0,0.0075958326107995,170234262.0,-0.0827806390701773,188408671.8,-0.17125809811053516,2024-03-27
2024-03-28,15.65,16.18,15.53,16.1,188868882.0,3013540981.0,20556293036.0,0.0091878862433628,166040684.2,0.13748556813041612,189477689.3,-0.0032130817208567697,2024-03-28
2024-03-29,16.4,16.87,16.3,16.82,209564474.0,3491214365.0,20556293036.0,0.0101946627065975,163889720.4,0.27869199781733234,181172830.3,0.15671027301934237,2024-03-29
2024-04-01,17.24,17.39,16.69,16.87,207614091.0,3527137250.0,20556293036.0,0.0100997826133538,170380191.0,0.2185342074185137,179797646.9,0.15470972273330674,2024-04-01
2024-04-02,16.95,17.15,16.76,16.95,133763881.0,2265617998.0,20556293036.0,0.0065071985871061,178997496.4,-0.2527052964970967,177526086.5,-0.24651140777555525,2024-04-02
2024-04-03,17.19,17.65,16.98,17.51,238086948.0,4121388638.0,20556293036.0,0.0115821927418061,179190697.8,0.3286791720948361,174712479.9,0.3627357824482462,2024-04-03
2024-04-08,17.65,18.17,17.23,17.3,312711908.0,5555680584.0,20556293036.0,0.0152124659564032,195579655.2,0.5988979409960633,180810169.7,0.7295039793328617,2024-04-08
2024-04-09,17.22,17.4,16.93,17.01,201583611.0,3447848187.0,20556293036.0,0.009806418435803,220348260.4,-0.08515905397181889,192118990.4,0.04926436777693999,2024-04-09
2024-04-10,17.14,18.15,17.14,17.99,264269860.0,4685400744.0,20556293036.0,0.0128559103305828,218752087.8,0.20807925838685404,194566139.4,0.35825206181790525,2024-04-10
2024-04-11,17.52,18.52,17.49,17.99,256576582.0,4620626247.0,20556293036.0,0.0124816561794804,230083241.6,0.11514676260541701,204540369.0,0.254405588756907,2024-04-11
2024-04-12,18.48,18.58,17.98,18.39,233781929.0,4289461428.0,20556293036.0,0.0113727668987098,254645781.8,-0.08193284276111268,216918239.8,0.07774214476177033,2024-04-12
2024-04-15,17.8,18.56,17.78,18.46,238595623.0,4327726049.0,20556293036.0,0.0116069382053539,253784778.0,-0.059850536031755275,224682216.6,0.0619248225807294,2024-04-15
2024-04-16,18.46,18.63,17.89,17.94,208220527.0,3791491593.0,20556293036.0,0.0101292838468174,238961521.0,-0.12864411756066785,229654890.7,-0.09333292939970461,2024-04-16
2024-04-17,17.91,18.15,17.58,18.08,215427958.0,3853775926.0,20556293036.0,0.010479903045881,240288904.2,-0.10346273076058243,229520496.0,-0.061399910882033004,2024-04-17
2024-04-18,17.91,18.54,17.86,18.47,200597370.0,3665579379.0,20556293036.0,0.0097584408652229,230520523.8,-0.12980689661264777,230301882.7,-0.1289807636470528,2024-04-18
2024-04-19,18.56,19.33,18.4,18.63,265311852.0,4990039164.0,20556293036.0,0.01290660001467,219324681.4,0.20967622205787917,236985231.6,0.11952905338764586,2024-04-19
2024-04-22,18.87,19.0,17.75,17.8,267730371.0,4889599625.0,20556293036.0,0.0130242534746477,225630666.0,0.18658680465003807,239707722.0,0.1169034053896687,2024-04-22
2024-04-23,17.41,17.65,17.0,17.04,320100041.0,5522404560.0,20556293036.0,0.0155718757481911,231457615.6,0.38297476265887886,235209568.3,0.3609141979790793,2024-04-23
2024-04-24,17.04,17.59,17.04,17.54,211374281.0,3671334960.0,20556293036.0,0.0102827042127596,253833518.4,-0.16727198861535386,247061211.3,-0.14444570279656854,2024-04-24
2024-04-25,17.33,17.56,17.09,17.4,142950969.0,2475547327.0,20556293036.0,0.0069541219688613,253022783.0,-0.4350272836893111,241771653.4,-0.4087356106900827,2024-04-25
2024-04-26,17.58,18.37,17.41,18.27,266128445.0,4799432002.0,20556293036.0,0.0129463247353952,241493502.8,0.10201078668523089,230409092.1,0.1550257959633703,2024-04-26
2024-04-29,18.13,18.13,17.39,17.66,225298735.0,4005052725.0,20556293036.0,0.0109600857803222,241656821.4,-0.06769139106122501,233643743.7,-0.0357168078539053,2024-04-29
2024-04-30,17.92,18.06,17.55,17.61,169466708.0,3018725384.0,20556293036.0,0.0082440305605302,233170494.2,-0.27320689274415055,232314054.9,-0.2705275276050464,2024-04-30
2024-05-06,17.32,17.56,16.82,17.52,260634802.0,4487638406.0,20556293036.0,0.0126790760154835,203043827.6,0.28363814394523357,228438673.0,0.14093992307510916,2024-05-06
2024-05-07,17.62,17.9,17.39,17.45,152394077.0,2684017066.0,20556293036.0,0.0074134999308053,212895931.8,-0.2841851147105856,232959357.4,-0.3458340600659642,2024-05-07
2024-05-08,17.3,17.68,17.01,17.45,132403984.0,2300504674.0,20556293036.0,0.006441043809218,214784553.4,-0.3835497855685185,228139028.1,-0.41963466267611405,2024-05-08
2024-05-09,17.28,17.91,17.28,17.71,146586763.0,2587027544.0,20556293036.0,0.0071309920880814,188039661.2,-0.22044763288480118,214848241.3,-0.3177195116281364,2024-05-09
2024-05-10,18.1,18.28,17.78,18.24,206140807.0,3722450388.0,20556293036.0,0.0100281119090386,172297266.8,0.1964252876935364,202733880.5,0.016804919294187703,2024-05-10
2024-05-13,18.0,18.34,17.83,18.18,140858971.0,2546450263.0,20556293036.0,0.0068523527444036,179632086.6,-0.21584738191200192,191337957.1,-0.2638210779767962,2024-05-13
2024-05-14,18.35,18.72,18.25,18.49,147429801.0,2726855288.0,20556293036.0,0.007172003276165,155676920.4,-0.05297586423735556,184286426.1,-0.19999641796732415,2024-05-14
2024-05-15,18.54,18.85,18.26,18.3,138687553.0,2566910429.0,20556293036.0,0.0067467199828839,154684065.2,-0.10341409232629861,184734309.3,-0.24925936321456243,2024-05-15
2024-05-16,18.63,18.89,18.21,18.27,193911149.0,3594190888.0,20556293036.0,0.0094331769186402,155940779.0,0.24349224265450164,171990220.1,0.12745450809502157,2024-05-16
2024-05-17,18.37,18.78,18.0,18.78,183095090.0,3375111655.0,20556293036.0,0.0089070091421321,165405656.2,0.10694576114501708,168851461.5,0.08435596810040047,2024-05-17
2024-05-20,19.43,19.79,19.09,19.47,265236190.0,5155591278.0,20556293036.0,0.0129029192926708,160796512.8,0.6495145658407586,170214299.7,0.5582485752811286,2024-05-20
2024-05-21,19.41,19.58,18.56,18.65,228374846.0,4309331269.0,20556293036.0,0.0111097290547497,185671956.6,0.22999105617223847,170674438.5,0.3380729300011729,2024-05-21
2024-05-22,18.65,18.78,18.33,18.43,142475452.0,2637331817.0,20556293036.0,0.0069309895393339,201860965.6,-0.294190178985253,178272515.4,-0.20079967638129825,2024-05-22
2024-05-23,17.56,18.01,17.36,17.84,208253603.0,3694875283.0,20556293036.0,0.0101308928917917,202618545.4,0.027811164021908974,179279662.2,0.16161309344546515,2024-05-23
2024-05-24,17.6,18.03,17.59,17.82,125712778.0,2245716303.0,20556293036.0,0.0061155373578222,205487036.2,-0.38822039421677146,185446346.2,-0.32210701059366564,2024-05-24
2024-05-27,17.77,18.36,17.76,18.2,146711397.0,2662784806.0,20556293036.0,0.0071370551462302,194010573.8,-0.24379690175422808,177403543.3,-0.17300751568472206,2024-05-27
2024-05-28,18.38,18.48,18.01,18.05,132807255.0,2420542086.0,20556293036.0,0.0064606616945679,170305615.2,-0.22018275883601046,177988785.9,-0.25384481764702016,2024-05-28
2024-05-29,18.08,18.58,17.97,18.45,158414598.0,2914016096.0,20556293036.0,0.0077063796338459,151192097.0,0.04777036064259366,176526531.3,-0.10260176284333988,2024-05-29
2024-05-30,18.3,18.37,17.55,17.64,209249886.0,3729795969.0,20556293036.0,0.0101793589745749,154379926.2,0.3554215962567291,178499235.8,0.17227328768205274,2024-05-30
2024-05-31,17.63,17.72,17.2,17.41,197034747.0,3434982967.0,20556293036.0,0.0095851302885659,154579182.8,0.2746525336139891,180033109.5,0.09443617091999412,2024-05-31
2024-06-03,17.29,17.63,17.17,17.33,134833199.0,2343666557.0,20556293036.0,0.0065592175964736,168843576.6,-0.2014312790860413,181427075.2,-0.25681875843854196,2024-06-03
2024-06-04,17.45,17.7,17.18,17.42,152060494.0,2652422196.0,20556293036.0,0.0073972721508541,166467937.0,-0.08654785575915436,168386776.1,-0.09695703236401587,2024-06-04
2024-06-05,17.0,17.2,16.75,17.05,185460719.0,3155725051.0,20556293036.0,0.009022089667393,170318584.8,0.0889047676023198,160755340.9,0.15368309358609933,2024-06-05
2024-06-06,17.35,17.79,17.33,17.59,186439319.0,3276766583.0,20556293036.0,0.0090696955269848,175727809.0,0.06095512179293139,165053867.6,0.12956649675017973,2024-06-06
2024-06-07,17.82,17.88,17.31,17.76,173772656.0,3063217623.0,20556293036.0,0.0084535015965998,171165695.6,0.015230624284040317,162872439.2,0.06692486987694113,2024-06-07
2024-06-11,17.11,17.22,16.78,17.0,172739432.0,2932617275.0,20556293036.0,0.0084032384485609,166513277.4,0.0373913401815007,167678427.0,0.030182803420502058,2024-06-11
2024-06-12,16.89,17.27,16.86,17.21,131900625.0,2255787020.0,20556293036.0,0.0064165569526083,174094524.0,-0.2423620113404601,170281230.5,-0.22539539670521702,2024-06-12
2024-06-13,17.14,17.22,16.51,16.81,174909151.0,2935447404.0,20556293036.0,0.0085087885589918,170062550.2,0.02849893050704133,170190567.5,0.02772529388269418,2024-06-13
2024-06-14,16.6,17.17,16.55,17.09,163013937.0,2764928686.0,20556293036.0,0.0079301232335283,167952236.6,-0.02940299992408668,171840022.8,-0.05136222433043125,2024-06-14
2024-06-17,16.99,17.17,16.76,17.04,106381680.0,1811063472.0,20556293036.0,0.0051751393022903,163267160.2,-0.34841960949352013,167216427.9,-0.3638084407375384,2024-06-17
2024-06-18,16.61,17.08,16.38,16.92,239853361.0,4016852351.0,20556293036.0,0.0116681232642455,149788965.0,0.6012752408029522,158151121.2,0.5166086663190852,2024-06-18
2024-06-19,16.92,17.5,16.88,17.32,172049521.0,2971053455.0,20556293036.0,0.0083696764148424,163211750.8,0.054149104808205895,168653137.4,0.02013827701256865,2024-06-19
2024-06-20,17.41,17.86,17.37,17.56,128820710.0,2269494994.0,20556293036.0,0.0062667286253605,171241530.0,-0.2477250699640443,170652040.1,-0.24512645776450925,2024-06-20
2024-06-21,17.78,17.87,17.24,17.32,145232753.0,2537688937.0,20556293036.0,0.0070651236945131,162023841.8,-0.10363344439595934,164988039.2,-0.11973768702137522,2024-06-21
2024-06-24,17.0,17.58,16.93,17.47,132034135.0,2291742450.0,20556293036.0,0.0064230518006709,158467605.0,-0.1668067741668715,160867382.6,-0.17923613310533215,2024-06-24
2024-06-25,17.45,17.52,17.2,17.35,95570539.0,1658445654.0,20556293036.0,0.0046492107712527,163598096.0,-0.4158212024668062,156693530.5,-0.3900798667625911,2024-06-25
2024-06-26,17.22,17.34,16.97,17.26,107923422.0,1849478444.0,20556293036.0,0.0052501402763131,134741531.6,-0.19903372984963152,148976641.2,-0.27556816202404755,2024-06-26
2024-06-27,17.14,17.17,16.89,16.9,100714132.0,1710178992.0,20556293036.0,0.0048994306426562,121916311.8,-0.17390765425041343,146578920.9,-0.31290166838716305,2024-06-27
2024-06-28,16.98,17.63,16.82,17.57,129524371.0,2248803981.0,20556293036.0,0.0063009595539996,116294996.2,0.11375704228278738,139159419.0,-0.06923748366612537,2024-06-28
2024-07-01,17.78,18.1,17.74,18.04,149049625.0,2674413716.0,20556293036.0,0.0072508026976931,113153319.8,0.317235987980266,135810462.4,0.09748264136681106,2024-07-01
2024-07-02,18.08,18.08,17.64,17.84,95719894.0,1705179400.0,20556293036.0,0.0046564764294985,116556417.8,-0.17876770917714324,140077256.9,-0.31666356039272214,2024-07-02
2024-07-03,17.84,18.03,17.71,17.89,103934461.0,1853176366.0,20556293036.0,0.0050560896761872,116586288.8,-0.10851900279374871,125663910.2,-0.172917181754225,2024-07-03
2024-07-04,18.23,18.59,18.17,18.17,176292083.0,3241891072.0,20556293036.0,0.0085760639182979,115788496.6,0.5225353828456221,118852404.2,0.4832857962497994,2024-07-04
2024-07-05,18.17,18.66,18.11,18.64,188747609.0,3484687196.0,20556293036.0,0.0091819866874561,130904086.8,0.44187713014930874,123599541.5,0.5270898800219255,2024-07-05
2024-07-08,18.69,18.88,18.44,18.45,149197688.0,2778400677.0,20556293036.0,0.0072580055041398,142748734.4,0.0451769581503203,127951027.1,0.16605307031568173,2024-07-08
2024-07-09,18.6,18.86,18.55,18.82,164930663.0,3089185866.0,20556293036.0,0.0080233660179468,142778347.0,0.15515178922753603,129667382.4,0.27195181970450566,2024-07-09
2024-07-10,18.73,18.98,18.28,18.38,150842964.0,2806437585.0,20556293036.0,0.0073380430866513,156620500.8,-0.03688876469229119,136603394.8,0.10424022932115284,2024-07-10
2024-07-11,18.5,18.96,18.3,18.87,155807757.0,2925447887.0,20556293036.0,0.0075795648917407,166002201.4,-0.06141150125735628,140895349.0,0.10584031414692041,2024-07-11
2024-07-12,18.97,19.0,18.36,18.48,139055070.0,2586146821.0,20556293036.0,0.0067645985468525,161905336.2,-0.14113349650053097,146404711.5,-0.050200853679493784,2024-07-12
2024-07-15,18.5,18.95,18.43,18.82,126988958.0,2392322767.0,20556293036.0,0.0061776195629049,151966828.4,-0.1643639645768905,147357781.4,-0.13822699559183238,2024-07-15
2024-07-16,18.78,19.24,18.78,19.21,134595480.0,2569268514.0,20556293036.0,0.0065476533032626,147525082.4,-0.08764341757791827,145151714.7,-0.07272552530169996,2024-07-16
2024-07-17,19.5,19.54,18.37,18.47,217167411.0,4075167475.0,20556293036.0,0.0105645220478068,141458045.8,0.5352072041702134,149039273.3,0.45711533739744814,2024-07-17
2024-07-18,18.24,18.49,17.97,18.45,149177702.0,2719754560.0,20556293036.0,0.00725703324713,154722935.2,-0.035839762171212874,160362568.3,-0.06974736323177244,2024-07-18
2024-07-19,17.8,18.05,17.11,17.94,238617158.0,4220560796.0,20556293036.0,0.011607985816417,153396924.2,0.555553732543485,157651130.2,0.5135772112593457,2024-07-19
2024-07-22,17.75,17.84,17.21,17.6,192975122.0,3373542743.0,20556293036.0,0.0093876421036635,173309341.8,0.11347213021381397,162638085.1,0.1865309523371903,2024-07-22
2024-07-23,17.58,17.72,16.5,16.52,235473241.0,3978851947.0,20556293036.0,0.0114550439900627,186506574.6,0.2625465965745102,167015828.5,0.40988577618557875,2024-07-23
2024-07-24,16.45,16.75,16.4,16.53,136809553.0,2262423375.0,20556293036.0,0.0066553610984435,206682126.8,-0.3380678091609419,174070086.3,-0.21405477582049093,2024-07-24
2024-07-25,16.08,16.24,15.38,15.43,288215160.0,4506442225.0,20556293036.0,0.0140207750247212,190610555.2,0.5120629584106056,172666745.2,0.6691990091442346,2024-07-25
2024-07-26,15.55,16.09,15.51,15.85,175389610.0,2781765969.0,20556293036.0,0.0085321614015154,218418046.8,-0.1970003735057666,185907485.5,-0.056575857995777135,2024-07-26
2024-07-29,16.0,16.28,15.76,16.11,143993630.0,2311428227.0,20556293036.0,0.0070048441977269,205772537.2,-0.3002291172604543,189540939.5,-0.24030328023144576,2024-07-29
2024-07-30,15.97,16.01,15.73,15.91,125323095.0,1987811940.0,20556293036.0,0.0060965804865946,195976238.8,-0.3605189293999248,191241406.7,-0.3446863983980515,2024-07-30
2024-07-31,15.99,16.66,15.97,16.58,190163776.0,3120989658.0,20556293036.0,0.0092508788265942,173946209.6,0.09323322673884826,190314168.2,-0.0007902312340820616,2024-07-31
2024-08-01,16.88,17.08,16.48,16.63,149688988.0,2507529786.0,20556293036.0,0.0072819057277424,184617054.2,-0.18919198094322098,187613804.7,-0.20214299667683244,2024-08-01
2024-08-02,16.31,16.31,15.7,15.96,214393694.0,3415283681.0,20556293036.0,0.0104295893050626,156911819.8,0.36633234050351615,187664933.3,0.14242810433460984,2024-08-02
2024-08-05,15.57,16.03,15.46,15.63,179119079.0,2821695201.0,20556293036.0,0.0087135885194042,164712636.6,0.08746409927846432,185242586.9,-0.03305669610037176,2024-08-05
2024-08-06,15.7,15.78,15.16,15.35,175303308.0,2685324518.0,20556293036.0,0.0085279630764648,171737726.4,0.02076178411547902,183856982.6,-0.04652352322462183,2024-08-06
2024-08-07,15.25,15.66,15.2,15.48,116601847.0,1809204279.0,20556293036.0,0.0056723187782834,181733769.0,-0.35839196181530797,177839989.3,-0.3443440507449469,2024-08-07
2024-08-08,15.34,15.35,15.03,15.21,117102412.0,1775561766.0,20556293036.0,0.0056966697154452,167021383.2,-0.2988777259749097,175819218.7,-0.3339612536908628,2024-08-08
2024-08-09,15.38,15.66,15.31,15.34,140162600.0,2169838975.0,20556293036.0,0.0068184764516897,160504068.0,-0.12673490618318783,158707943.9,-0.11685202041105902,2024-08-09
2024-08-12,15.3,15.49,15.24,15.36,63635602.0,974895621.0,20556293036.0,0.0030956749783901,145657849.2,-0.5631158749802547,155185242.9,-0.5899378007159726,2024-08-12
2024-08-13,15.66,15.73,15.3,15.54,141287859.0,2191712922.0,20556293036.0,0.006873216817476,122561153.8,0.15279478545509573,147149440.1,-0.039834205933889866,2024-08-13
2024-08-14,15.55,15.62,15.35,15.4,66506834.0,1028773395.0,20556293036.0,0.0032353515239117,115758064.0,-0.4254669463027647,148745916.5,-0.5528829593113569,2024-08-14
2024-08-15,15.28,15.63,15.21,15.58,91464500.0,1417686970.0,20556293036.0,0.0044494646889796,105739061.4,-0.13499799611423446,136380222.3,-0.32934190561148546,2024-08-15
2024-08-16,15.78,16.18,15.78,15.87,150829135.0,2405009021.0,20556293036.0,0.0073373703486253,100611479.0,0.4991245183862172,130557773.5,0.15526736521743767,2024-08-16
2024-08-19,16.06,16.49,16.0,16.22,136456088.0,2220435252.0,20556293036.0,0.0066381661207604,102744786.0,0.32810718005680606,124201317.6,0.09866860220813001,2024-08-19
2024-08-20,16.32,16.32,15.89,16.05,89052973.0,1428671394.0,20556293036.0,0.00433215136815,117308883.2,-0.24086760890755798,119935018.5,-0.25748981311909336,2024-08-20
2024-08-21,16.06,16.25,15.93,16.16,82239256.0,1328595785.0,20556293036.0,0.0040006851359812,106861906.0,-0.2304155982394699,111309985.0,-0.26116910356245215,2024-08-21
2024-08-22,16.16,16.2,15.95,16.17,74620792.0,1201182295.0,20556293036.0,0.003630070454304,110008390.4,-0.3216809033504412,107873725.9,-0.30825795273657086,2024-08-22
2024-08-23,15.97,16.09,15.9,16.06,75078634.0,1202326602.0,20556293036.0,0.0036523430498152,106639648.8,-0.295959478066098,103625563.9,-0.2754815397438817,2024-08-23
2024-08-26,16.31,16.38,15.95,16.21,146188349.0,2360957697.0,20556293036.0,0.0071116104807409,91489548.6,0.5978693876734245,97117167.3,0.5052781404591071,2024-08-26
2024-08-27,16.15,16.25,15.85,16.07,89916727.0,1444490876.0,20556293036.0,0.0043741703254828,93436000.8,-0.037665073096750046,105372442.0,-0.14667701257222454,2024-08-27
2024-08-28,16.1,16.24,15.63,15.82,130275045.0,2066444455.0,20556293036.0,0.0063374775195046,93608751.6,0.3916972801504599,100235328.8,0.2996919006465115,2024-08-28
2024-08-29,15.75,15.99,15.61,15.93,80769901.0,1280880646.0,20556293036.0,0.0039292055653491,103215909.4,-0.21746655656555214,106612149.9,-0.24239497021905576,2024-08-29
2024-08-30,15.89,16.17,15.66,16.0,144252253.0,2299150000.0,20556293036.0,0.007017425405805,104445731.2,0.3811215771353611,105542690.0,0.3667668788809533,2024-08-30
2024-09-02,15.86,15.87,15.31,15.61,129969381.0,2022749647.0,20556293036.0,0.0063226079124473,118280455.0,0.09882381666523021,104885001.8,0.23916078342480418,2024-09-02
2024-09-03,15.5,15.69,15.37,15.49,68786090.0,1068102841.0,20556293036.0,0.0033462302701919,115036661.4,-0.40205071007041593,104236331.1,-0.3400948664049822,2024-09-03
2024-09-04,15.05,15.1,14.56,14.68,236436306.0,3496281168.0,20556293036.0,0.0115018941200114,110810534.0,1.1336988232544751,102209642.8,1.3132485304018693,2024-09-04
2024-09-05,14.75,14.97,14.53,14.68,108842214.0,1602794385.0,20556293036.0,0.005294836661911,132042786.2,-0.17570495797369057,117629347.8,-0.0747018831978935,2024-09-05
2024-09-06,14.84,15.01,14.7,14.76,98102619.0,1456232567.0,20556293036.0,0.0047723886222187,137657248.8,-0.2873414233163144,121051490.0,-0.1895794178163358,2024-09-06
2024-09-09,14.47,14.47,13.94,14.15,232868695.0,3290633023.0,20556293036.0,0.0113283408926006,128427322.0,0.8132332853596371,123353888.5,0.8878099250191047,2024-09-09
2024-09-10,14.27,14.35,14.07,14.22,109501502.0,1553971993.0,20556293036.0,0.005326908981509,149007184.8,-0.2651260263256783,132021923.1,-0.17058091998055436,2024-09-10
2024-09-11,14.15,14.25,13.96,14.2,140742326.0,1982554983.0,20556293036.0,0.0068466783263655,157150267.2,-0.10440924786413597,133980400.6,0.05046951173244962,2024-09-11
2024-09-12,14.24,14.39,14.07,14.2,127138913.0,1809433188.0,20556293036.0,0.0061849144092927,138011471.2,-0.07878010505549915,135027128.7,-0.058419487816599,2024-09-12
2024-09-13,14.59,14.91,14.52,14.68,222888677.0,3285178181.0,20556293036.0,0.0108428439217935,141670811.0,0.5732858125588058,139664029.9,0.5958917780017459,2024-09-13
2024-09-18,14.98,15.22,14.85,15.04,168791702.0,2542627079.0,20556293036.0,0.0082111936089058,166628022.6,0.012985087179447907,147527672.3,0.14413587206039025,2024-09-18
2024-09-19,15.11,15.46,14.77,15.4,182900219.0,2781048854.0,20556293036.0,0.0088975292714347,153812624.0,0.1891105830169051,151409904.4,0.20798054608638927,2024-09-19
2024-09-20,15.49,15.88,15.31,15.88,192733014.0,3031915812.0,20556293036.0,0.0093758642991938,168492367.4,0.14386792098690626,162821317.3,0.18370872558958218,2024-09-20
2024-09-23,15.88,16.0,15.68,15.82,136737176.0,2166292149.0,20556293036.0,0.0066518401815217,178890505.0,-0.23563759854107402,158450988.1,-0.13703803529641734,2024-09-23
2024-09-24,16.1,16.64,16.02,16.51,251226583.0,4106644355.0,20556293036.0,0.0122213952953496,180810157.6,0.38944949960045827,161240484.3,0.5580862591095552,2024-09-24
2024-09-25,16.92,17.32,16.9,16.92,283724846.0,4841338020.0,20556293036.0,0.0138023351536736,186477738.8,0.5214944573319762,176552880.7,0.607024733185223,2024-09-25
2024-09-26,17.1,17.39,16.7,17.37,224564936.0,3833086687.0,20556293036.0,0.0109243887313107,209464367.6,0.07209134695804953,181638495.8,0.23632897867237235,2024-09-26
2024-09-27,17.85,18.05,17.27,17.51,174092796.0,3061022314.0,20556293036.0,0.0084690754162296,217797311.0,-0.20066599903981364,193144839.2,-0.0986412232338848,2024-09-27
2024-09-30,17.88,18.74,17.12,18.14,671972617.0,11989845281.0,20556293036.0,0.0326893869348516,214069267.4,2.1390429142936376,196479886.2,2.4200580527412785,2024-09-30
2024-10-08,19.64,19.87,17.51,17.96,706617244.0,13098607115.0,20556293036.0,0.0343747407551794,321116355.6,1.20050219080152,250963256.6,1.815620316587811,2024-10-08
2024-10-09,17.7,17.77,16.9,16.93,395716432.0,6837072588.0,20556293036.0,0.0192503790107966,412194487.8,-0.03997640989317475,299336113.3,0.32198025703435884,2024-10-09
2024-10-10,17.0,17.98,16.85,17.35,301784759.0,5253048164.0,20556293036.0,0.014680893995405,434592805.0,-0.3055919114905733,322028586.3,-0.0628634480329674,2024-10-10
2024-10-11,17.6,17.79,17.08,17.24,204517323.0,3576578456.0,20556293036.0,0.0099491344398443,450036769.6,-0.5455541928678888,333917040.3,-0.3875205565542382,2024-10-11
2024-10-14,17.36,17.77,17.08,17.67,209895342.0,3685655113.0,20556293036.0,0.0102107584102061,456121675.0,-0.5398259861253031,335095471.2,-0.3736252499971119,2024-10-14
2024-10-15,17.5,17.51,17.13,17.13,167326264.0,2896694036.0,20556293036.0,0.0081399045881941,363706220.0,-0.5399411536046868,342411287.8,-0.5113295911619185,2024-10-15
2024-10-16,17.08,17.54,17.02,17.45,139067215.0,2416131415.0,20556293036.0,0.0067651893634933,255848024.0,-0.45644600718120065,334021255.9,-0.5836575890199207,2024-10-16
2024-10-17,17.48,17.61,17.12,17.14,132417366.0,2300457654.0,20556293036.0,0.0064416948020783,204518180.6,-0.3525398787945212,319555492.8,-0.585620122377693,2024-10-17
2024-10-18,17.35,17.88,17.31,17.63,219917288.0,3856826864.0,20556293036.0,0.0106982950483757,170644702.0,0.2887437196848923,310340735.8,-0.2913682844983446,2024-10-18
2024-10-21,18.08,18.58,17.9,18.22,271742565.0,4961500152.0,20556293036.0,0.0132194342882785,173724695.0,0.5642137981592081,314923185.0,-0.1371147697493279,2024-10-21
2024-10-22,18.13,18.3,17.88,18.05,170124384.0,3067127996.0,20556293036.0,0.00827602446132,186094139.6,-0.08581546756026914,274900179.8,-0.381141241436176,2024-10-22
2024-10-23,18.1,18.17,17.68,17.85,158883827.0,2839459534.0,20556293036.0,0.0077292061716452,186653763.6,-0.14877780155299258,221250893.8,-0.2818839089363263,2024-10-23
2024-10-24,17.6,17.6,17.32,17.49,153140704.0,2674306647.0,20556293036.0,0.0074498210222926,190617086.0,-0.19660557606047968,197567633.3,-0.2248694715724977,2024-10-24
2024-10-25,17.42,17.44,17.14,17.23,151253747.0,2610995383.0,20556293036.0,0.007358026407539,194761753.6,-0.2233909163159229,182703227.8,-0.1721342374663838,2024-10-25
2024-10-28,17.2,17.23,16.96,17.2,122817788.0,2100442302.0,20556293036.0,0.0059747050591714,181029045.4,-0.3215575559788043,177376870.2,-0.30758848173655506,2024-10-28
2024-10-29,17.27,17.52,17.18,17.22,157067199.0,2720298492.0,20556293036.0,0.0076408328449555,151244090.0,0.03850139863316304,168669114.8,-0.06878506366596526,2024-10-29
2024-10-30,17.35,17.55,17.0,17.13,158313500.0,2724881176.0,20556293036.0,0.0077014615292138,148632653.0,0.06513270674109539,167643208.3,-0.055652169835024634,2024-10-30
2024-10-31,17.06,17.08,16.66,16.82,183766661.0,3091011649.0,20556293036.0,0.0089396789916436,148518587.6,0.23733105713967895,169567836.8,0.08373536201176557,2024-10-31
2024-11-01,16.72,17.5,16.64,17.25,251428808.0,4333954461.0,20556293036.0,0.0122312329153741,154643779.0,0.6258578885349149,174702766.3,0.43918046247903053,2024-11-01
2024-11-04,17.36,17.42,16.97,17.35,150856016.0,2591393809.0,20556293036.0,0.0073386780260335,174678791.2,-0.13638046746455845,177853918.3,-0.15179818672569556,2024-11-04
2024-11-05,17.26,17.72,17.15,17.7,185523057.0,3243783398.0,20556293036.0,0.0090251222180524,180286436.8,0.02904611291313719,165765263.4,0.11919139869686357,2024-11-05
2024-11-06,17.65,17.7,17.16,17.31,193328545.0,3379872879.0,20556293036.0,0.0094048350381766,185977608.4,0.039525922842225336,167305130.7,0.15554462789705714,2024-11-06
2024-11-07,16.72,17.1,16.5,17.09,280875443.0,4722689573.0,20556293036.0,0.0136637205214046,192980617.4,0.45545934500673835,170749602.5,0.6449551793246489,2024-11-07
2024-11-08,17.35,17.59,17.02,17.09,225997770.0,3902730429.0,20556293036.0,0.0109940916683865,212402373.8,0.06400774132967801,183523076.4,0.2314406146256165,2024-11-08
2024-11-11,16.8,16.81,16.08,16.51,342706502.0,5620690507.0,20556293036.0,0.0166716100709316,207316166.2,0.6530621238161793,190997478.7,0.7942985652616368,2024-11-11
2024-11-12,16.1,16.45,15.8,15.98,285631363.0,4602711828.0,20556293036.0,0.0138950813018561,245686263.4,0.16258580779897192,212986350.1,0.3410782562633341,2024-11-12
2024-11-13,15.93,16.17,15.9,16.0,143993851.0,2308724718.0,20556293036.0,0.0070048549486926,265707924.6,-0.45807468400963147,225842766.5,-0.3624154838716076,2024-11-13
2024-11-14,15.9,15.94,15.58,15.61,194726921.0,3066365949.0,20556293036.0,0.0094728617002577,255840985.8,-0.23887519276436442,224410801.6,-0.1322747407360092,2024-11-14
2024-11-15,15.6,16.1,15.52,15.62,186356748.0,2954520861.0,20556293036.0,0.0090656787035306,238611281.4,-0.218994395794733,225506827.6,-0.17360928720723134,2024-11-15
2024-11-18,15.76,15.99,15.59,15.71,176079371.0,2781021688.0,20556293036.0,0.0085657161381983,230683077.0,-0.23670442890789078,218999621.6,-0.1959832180824188,2024-11-18
2024-11-19,16.0,16.43,16.0,16.21,260099889.0,4215053447.0,20556293036.0,0.0126530541544864,197357650.8,0.31791135507375,221521957.1,0.17414947215632015,2024-11-19
2024-11-20,16.29,16.3,15.94,16.03,146052592.0,2347972312.0,20556293036.0,0.0071050063230865,192251356.0,-0.24030396955951772,228979640.3,-0.36215904694125767,2024-11-20
2024-11-21,16.04,16.23,15.97,16.16,135377378.0,2177155617.0,20556293036.0,0.006585690219677,192663104.2,-0.29733625666351116,224252045.0,-0.3963159711653912,2024-11-21
2024-11-22,16.18,16.2,15.76,15.76,125243144.0,1995032918.0,20556293036.0,0.0060926911180271,180793195.6,-0.3072574242390348,209702238.5,-0.40275723856901036,2024-11-22
2024-11-25,15.88,16.04,15.47,15.55,119793219.0,1883870367.0,20556293036.0,0.0058275691434349,168570474.8,-0.2893582393824996,199626775.9,-0.3999140723486483,2024-11-25
2024-11-26,15.4,15.68,15.37,15.54,91452206.0,1421300260.0,20556293036.0,0.0044488666239501,157313244.4,-0.41866175127972893,177335447.6,-0.4842982199121254,2024-11-26
2024-11-27,15.55,15.68,15.33,15.68,110182933.0,1711331758.0,20556293036.0,0.0053600584894872,123583707.8,-0.10843480130639027,157917531.9,-0.30227548724753095,2024-11-27
2024-11-28,15.65,15.72,15.46,15.53,87158737.0,1357463153.0,20556293036.0,0.0042400026525872,116409776.0,-0.25127648214012543,154536440.1,-0.4359988042716664,2024-11-28
2024-11-29,15.6,15.94,15.43,15.7,141260443.0,2220567458.0,20556293036.0,0.0068718831139745,106766047.8,0.3230839383004678,143779621.7,-0.017521110921103422,2024-11-29
2024-12-02,15.72,15.77,15.5,15.56,168359703.0,2628279645.0,20556293036.0,0.0081901781953172,109969507.6,0.5309671442049815,139269991.2,0.2088727912549766,2024-12-02
2024-12-03,15.59,15.63,15.28,15.61,149572070.0,2315346608.0,20556293036.0,0.0072762180290997,119682804.4,0.24973734322020946,138498024.4,0.07995814848605165,2024-12-03
2024-12-04,15.68,15.94,15.64,15.8,180836598.0,2853814255.0,20556293036.0,0.0087971405001525,131306777.2,0.3772068879929831,127445242.5,0.41893564995178223,2024-12-04
2024-12-05,15.73,15.75,15.42,15.48,141237064.0,2192389551.0,20556293036.0,0.0068707457980217,145437510.2,-0.028881450144627063,130923643.1,0.07877431956367564,2024-12-05
2024-12-06,15.42,15.74,15.41,15.69,137873276.0,2155290558.0,20556293036.0,0.0067071079283868,156253175.6,-0.11762896676769996,131509611.7,0.048389347498924984,2024-12-06
2024-12-09,15.74,16.05,15.67,15.88,138620472.0,2208532969.0,20557035536.0,0.0067432131329074,155575742.2,-0.10898402257469664,132772624.9,0.044044072371126175,2024-12-09
2024-12-10,16.38,16.55,16.0,16.06,191717269.0,3111739802.0,20557035536.0,0.0093261145880815,149627896.0,0.28129362321582074,134655350.2,0.42376272992679076,2024-12-10
2024-12-11,16.16,16.38,16.06,16.12,146859489.0,2374455019.0,20557035536.0,0.0071440013197825,158056935.8,-0.07084438745648525,144681856.5,0.015051178860149506,2024-12-11
2024-12-12,16.12,16.28,16.09,16.24,100504477.0,1628318303.0,20557035536.0,0.0048890549818817,151261514.0,-0.33555817112871156,148349512.1,-0.3225156215394118,2024-12-12
2024-12-13,16.0,16.0,15.57,15.57,199811168.0,3143512082.0,20557035536.0,0.0097198434886239,143114996.6,0.3961581437790427,149684086.1,0.33488584662574894,2024-12-13
2024-12-16,15.57,15.64,15.31,15.35,128353468.0,1977871986.0,20557035536.0,0.0062437732218356,155502575.0,-0.17458943686302297,155539158.6,-0.1747835776192761,2024-12-16
2024-12-17,15.35,15.59,15.27,15.45,119682220.0,1851932604.0,20557035536.0,0.0058219590947541,153449174.2,-0.22005302000510862,151538535.1,-0.210219236176317,2024-12-17
2024-12-18,15.4,15.63,15.4,15.49,75347659.0,1169485235.0,20557035536.0,0.003665297891228,139042164.4,-0.4580948928323788,148549550.1,-0.49277760215848676,2024-12-18
2024-12-19,15.21,15.41,15.05,15.32,92554681.0,1414586144.0,20557035536.0,0.0045023359928485,124739798.4,-0.2580180328397902,138000656.2,-0.32931709494291517,2024-12-19
2024-12-20,15.28,15.33,15.02,15.02,140062667.0,2117319776.0,20557035536.0,0.0068133689195953,123149839.2,0.1373353624322069,133132417.9,0.05205530861165264,2024-12-20
2024-12-23,15.16,15.59,15.09,15.51,188440900.0,2903979102.0,20557035536.0,0.0091667351389259,111200139.0,0.6946102918090777,133351357.0,0.413115728548604,2024-12-23
2024-12-24,15.49,15.66,15.29,15.63,116741937.0,1811782586.0,20557035536.0,0.0056789285982192,123217625.4,-0.0525548871679522,138333399.8,-0.15608278861949876,2024-12-24
2024-12-25,15.63,15.67,15.34,15.52,87854107.0,1359933126.0,20557035536.0,0.0042736758831859,122629568.8,-0.2835813755222142,130835866.6,-0.3285166423929201,2024-12-25
2024-12-26,15.53,15.73,15.46,15.62,87509255.0,1366286291.0,20557035536.0,0.0042569005072132,125130858.4,-0.30065807811960155,124935328.4,-0.29956357324466765,2024-12-26
2024-12-27,15.64,15.69,15.27,15.3,123641600.0,1903734256.0,20557035536.0,0.0060145637138913,124121773.2,-0.0038685654226539024,123635806.2,4.6861828931765714e-05,2024-12-27
2024-12-30,15.26,15.72,15.23,15.54,152484072.0,2365457326.0,20557035536.0,0.0074176099823812,120837559.8,0.26189300952765526,116018849.4,0.314304294419248,2024-12-30
2024-12-31,15.43,15.46,15.12,15.12,142236489.0,2172211223.0,20557035536.0,0.0069191148086946,113646194.2,0.25157283093603144,118431909.8,0.2009980185255782,2024-12-31
2025-01-02,15.2,15.48,15.0,15.18,199053077.0,3037419314.0,20557035536.0,0.0096829660410623,118745104.6,0.6763055426202387,120687336.7,0.6493286076467042,2025-01-02
2025-01-03,15.3,15.92,15.27,15.57,312488466.0,4898067955.0,20557035536.0,0.0152010471282574,140984898.6,1.21646764371968,133057878.5,1.3485153192187713,2025-01-03
2025-01-06,15.68,15.86,15.33,15.49,225283187.0,3516450288.0,20557035536.0,0.0109589335780189,185980740.8,0.21132535568435573,155051257.0,0.45295943650427817,2025-01-06
2025-01-07,15.55,16.05,15.4,16.02,229893314.0,3655875985.0,20557035536.0,0.0111831938801392,206309058.2,0.11431517358359011,163573309.0,0.405445151201288,2025-01-07
2025-01-08,16.02,16.17,15.74,15.85,176843669.0,2815392400.0,20557035536.0,0.0086025861409008,221790906.6,-0.20265590816607448,167718550.4,0.05440733048453539,2025-01-08
2025-01-09,15.91,16.03,15.72,15.92,134299826.0,2132733325.0,20557035536.0,0.0065330346763671,228712342.6,-0.41280026922342405,173728723.6,-0.22695669882881697,2025-01-09
2025-01-10,16.09,16.34,15.87,16.15,195551711.0,3158715409.0,20557035536.0,0.0095126415799371,215761692.4,-0.09366807043083802,178373295.5,0.0963059826407704,2025-01-10
2025-01-13,16.14,16.66,16.03,16.4,237723203.0,3905138856.0,20557035536.0,0.0115640799756216,192374341.4,0.23573238130394447,189177541.1,0.2566142979643582,2025-01-13
2025-01-14,16.29,16.48,16.05,16.41,180089819.0,2933492770.0,20557035536.0,0.0087604955823821,194862344.6,-0.07581005776320726,200585701.4,-0.10218017663745604,2025-01-14
2025-01-15,16.35,16.4,15.53,15.78,327946407.0,5211318615.0,20557035536.0,0.0159530009288397,184901645.6,0.7736262213125484,203346276.1,0.6127485257646181,2025-01-15
2025-01-16,16.03,16.3,16.03,16.17,220764301.0,3573654017.0,20557035536.0,0.0107391117076872,215122193.2,0.026227455736073324,221917267.9,-0.005195480779438766,2025-01-16
2025-01-17,16.31,16.41,16.12,16.27,168269157.0,2741904814.0,20557035536.0,0.0081854777506865,232415088.2,-0.2759972758085333,224088390.3,-0.2490947131409691,2025-01-17
2025-01-20,16.25,16.39,16.07,16.29,144611527.0,2346499184.0,20557035536.0,0.0070346488795406,226958577.4,-0.36282854494134664,209666459.4,-0.3102782037058618,2025-01-20
2025-01-21,16.3,16.39,16.14,16.25,109108876.0,1775020124.0,20557035536.0,0.0053076172295818,208336242.2,-0.4762847076061929,201599293.4,-0.45878344035902263,2025-01-21
2025-01-22,16.36,16.39,16.05,16.2,128315220.0,2077766555.0,20557035536.0,0.006241912642282,194140053.6,-0.33905849091616813,189520849.6,-0.32294932050578984,2025-01-22
2025-01-23,16.19,16.36,15.86,15.88,180804250.0,2905923917.0,20557035536.0,0.0087952491828586,154213816.2,0.17242575571513563,184668004.7,-0.020922707787289996,2025-01-23
2025-01-24,16.01,16.12,15.81,16.02,137656329.0,2200932990.0,20557035536.0,0.0066963122556719,146221806.0,-0.058578656865994394,189318447.1,-0.2728847552436954,2025-01-24
2025-01-27,16.0,16.31,15.94,16.24,154794284.0,2507171803.0,20557035536.0,0.0075299905829768,140099240.4,0.10489024464403873,183528908.9,-0.15656729543167902,2025-01-27
2025-02-05,16.59,16.73,16.31,16.47,206140590.0,3391610271.0,20587938340.0,0.0100126873607102,142135791.8,0.45030739541002784,175236017.0,0.17635970920293165,2025-02-05
2025-02-06,16.58,16.58,16.11,16.31,200162692.0,3258744766.0,20587938340.0,0.0097223281270037,161542134.6,0.2390742049783463,177841094.1,0.12551428573335577,2025-02-06
2025-02-07,16.35,16.66,16.16,16.62,216552808.0,3565663121.0,20587938340.0,0.0105184309581529,175911629.0,0.23103179267358165,165062722.6,0.3119425427434457,2025-02-07
2025-02-10,16.81,17.06,16.74,16.87,221206459.0,3733076553.0,20587938340.0,0.0107444686955478,183061340.6,0.20837342431217842,164641573.3,0.3435638069185043,2025-02-10
2025-02-11,17.04,17.58,16.92,17.28,292526186.0,5070661925.0,20587938340.0,0.0142086196863944,199771366.6,0.4643048750110519,169935303.5,0.721397378738315,2025-02-11
2025-02-12,17.03,17.12,16.87,16.98,158201006.0,2685571782.0,20587938340.0,0.0076841596952247,227317747.0,-0.3040534314287393,184726769.4,-0.1435945828866967,2025-02-12
2025-02-13,17.08,17.2,16.98,17.01,127292194.0,2173308264.0,20587938340.0,0.0061828528868617,217729830.2,-0.415366310242959,189635982.4,-0.3287550580379729,2025-02-13
2025-02-14,17.15,17.34,17.01,17.16,115526968.0,1979857333.0,20587938340.0,0.0056113908101009,203155730.6,-0.4313378822305296,189533679.8,-0.39046734004264294,2025-02-14
2025-02-17,16.71,16.71,16.41,16.5,238543986.0,3938646125.0,20587938340.0,0.011586589296148,182950562.6,0.3038712896529787,183005951.6,0.3034766569854006,2025-02-17
2025-02-18,16.41,16.59,16.31,16.41,144998347.0,2385640200.0,20587938340.0,0.0070428784371422,186418068.0,-0.22218726674068956,193094717.3,-0.24908175103141472,2025-02-18
2025-02-19,16.51,16.61,16.29,16.35,156681707.0,2572213147.0,20587938340.0,0.0076103641079779,156912500.2,-0.0014708401160252738,192115123.6,-0.1844384551097361,2025-02-19
2025-02-20,16.38,16.48,16.12,16.44,130081857.0,2124966943.0,20587938340.0,0.006318352758385,156608640.4,-0.16938263005315002,187169235.3,-0.30500406868948726,2025-02-20
2025-02-21,16.48,16.56,16.13,16.19,206161074.0,3357537473.0,20587938340.0,0.0100136823122037,157166573.0,0.3117361412467776,180161151.8,0.14431480893762805,2025-02-21
2025-02-24,15.99,16.22,15.8,16.08,173586045.0,2779918368.0,20587938340.0,0.0084314437965234,175293394.2,-0.009739951740862507,179121978.4,-0.030905941579305374,2025-02-24
2025-02-25,16.06,16.13,15.75,15.78,155863280.0,2486448005.0,20587938340.0,0.0075706113660334,162301806.0,-0.039670082291012876,174359937.0,-0.10608318239986514,2025-02-25
2025-02-26,15.83,16.09,15.68,15.86,157544107.0,2498948794.0,20587938340.0,0.0076522527121576,164474792.6,-0.0421382844777638,160693646.4,-0.019599651078675118,2025-02-26
2025-02-27,15.87,15.87,15.61,15.75,136307172.0,2143446762.0,20587938340.0,0.0066207295625696,164647272.6,-0.1721261467163835,160627956.5,-0.15141065745924498,2025-02-27
2025-02-28,15.61,15.67,15.35,15.35,179374561.0,2776454070.0,20587938340.0,0.0087126043432671,165892335.6,0.0812709360636672,161529454.3,0.11047586817731236,2025-02-28
2025-03-03,15.48,15.86,15.45,15.64,146170042.0,2290750530.0,20587938340.0,0.0070997901580076,160535033.0,-0.08948196995729896,167914213.6,-0.12949571768711776,2025-03-03
2025-03-04,15.69,16.06,15.6,15.93,152935515.0,2423804478.0,20587938340.0,0.0074284035863301,155051832.4,-0.013649096352117751,158676819.2,-0.03618237515061051,2025-03-04
2025-03-05,15.93,16.09,15.81,16.01,123758172.0,1976188829.0,20587938340.0,0.0060111979138558,154466279.4,-0.19880136635180712,159470536.0,-0.22394333709394443,2025-03-05
2025-03-06,16.25,16.49,16.19,16.3,178208236.0,2906467183.0,20587938340.0,0.0086559534547352,147709092.4,0.20648115227333141,156178182.5,0.14105717679228347,2025-03-06
2025-03-07,16.33,16.75,16.2,16.43,193234059.0,3190133931.0,20587938340.0,0.0093857896700889,156089305.2,0.23797116498408255,160990820.4,0.2002799819262242,2025-03-07
2025-03-10,16.5,16.69,16.31,16.65,163158330.0,2696257981.0,20587938340.0,0.0079249474767952,158861204.8,0.027049556909818806,159698118.9,0.02166720011377654,2025-03-10
2025-03-11,16.28,16.48,16.1,16.48,180000551.0,2928916870.0,20587938340.0,0.0087430100103942,162258862.4,0.10934187715591914,158655347.4,0.13453819206096296,2025-03-11
2025-03-12,16.55,16.72,16.28,16.69,162398213.0,2687231259.0,20587938340.0,0.0078880269757015,167671869.6,-0.031452244270794405,161069074.5,0.008251978252969971,2025-03-12
2025-03-13,16.88,17.08,16.74,16.96,209768213.0,3559737981.0,20587938340.0,0.0101888887335768,175399877.8,0.1959427545279624,161554485.1,0.29843633168188655,2025-03-13
2025-03-14,17.39,17.63,17.18,17.48,298981573.0,5219104860.0,20587938340.0,0.0145221715774771,181711873.2,0.6453606896172814,168900589.2,0.7701629959737288,2025-03-14
2025-03-17,17.49,17.7,17.11,17.21,236776268.0,4111730675.0,20587938340.0,0.0115007274691497,202861376.0,0.1671825986234068,180861290.4,0.3091594529505801,2025-03-17
2025-03-18,17.4,17.95,17.36,17.76,255205982.0,4520896346.0,20587938340.0,0.0123958979177708,217584963.6,0.17290265732314603,189921913.0,0.3437416355426033,2025-03-18
2025-03-19,17.78,18.05,17.69,18.05,189285223.0,3390128165.0,20587938340.0,0.0091939862979014,232626049.8,-0.18631114974983343,200148959.7,-0.05427825713550283,2025-03-19
2025-03-20,18.3,18.43,18.01,18.17,232578991.0,4235118472.0,20587938340.0,0.0112968567886239,238003451.8,-0.022791521547167792,206701664.8,0.1251916680256946,2025-03-20
2025-03-21,18.0,18.06,17.4,17.57,251475387.0,4440714113.0,20587938340.0,0.0122146949756213,242565607.4,0.03673142163681686,212138740.3,0.185428869071115,2025-03-21
2025-03-24,17.66,18.35,17.48,18.05,269625162.0,4868638361.0,20587938340.0,0.01309626819098,233064370.2,0.15686993154992335,217962873.1,0.23702334331176522,2025-03-24
2025-03-25,18.05,18.42,17.93,18.4,226625130.0,4130000623.0,20587938340.0,0.0110076650831857,239634149.0,-0.05428699980485674,228609556.3,-0.008680417092432835,2025-03-25
2025-03-26,18.7,18.96,18.1,18.2,322922397.0,5979045487.0,20587938340.0,0.0156850283727826,233917978.6,0.38049413274127875,233272014.2,0.38431692334570666,2025-03-26
2025-03-27,17.9,18.13,17.6,17.86,225531363.0,4013993131.0,20587938340.0,0.0109545384912008,260645413.4,-0.13471961751389872,249324432.6,-0.0954301564105916,2025-03-27
2025-03-28,18.05,18.34,17.81,18.16,186364433.0,3365891159.0,20587938340.0,0.0090521173087989,259235887.8,-0.28110095179499295,250900747.6,-0.2572185026044139,2025-03-28
2025-03-31,18.07,18.31,17.98,18.12,160677554.0,2912951502.0,20587938340.0,0.0078044509045289,246213697.0,-0.34740611120428444,239639033.6,-0.3295017444103062,2025-03-31
2025-04-01,18.2,18.33,17.8,17.93,153422653.0,2760335772.0,20587938340.0,0.0074520649161804,224424175.4,-0.31637198743607375,232029162.2,-0.3387785761698535,2025-04-01
2025-04-02,17.76,17.85,17.44,17.5,158099014.0,2787581793.0,20587938340.0,0.0076792057266283,209783680.0,-0.2463712429870617,221850829.3,-0.2873634301983653,2025-04-02
2025-04-03,17.35,17.48,16.87,17.11,216426825.0,3702083025.0,20587938340.0,0.0105123116956061,176819003.4,0.22400206334383177,218732208.4,-0.010539752772870559,2025-04-03
2025-04-07,15.4,15.85,15.4,15.41,488035941.0,7566671764.0,20587938340.0,0.0237049447565034,174998095.8,1.7888071511232981,217116991.8,1.247801689558965,2025-04-07
2025-04-08,15.54,15.95,15.21,15.95,373360740.0,5849553136.0,20587938340.0,0.018134926083133,235332397.4,0.5865250349079221,240773047.2,0.550674979371196,2025-04-08
2025-04-09,15.54,15.92,15.19,15.92,446712674.0,6914703375.0,20587938340.0,0.0216977856948448,277869034.6,0.6076374780048988,251146605.0,0.7786928634770913,2025-04-09
2025-04-10,16.55,16.85,16.37,16.75,359139490.0,5968607761.0,20587938340.0,0.0174441696914466,336527038.8,0.06719356423968859,273155359.4,0.3147810491028573,2025-04-10
2025-04-11,17.15,17.31,16.98,17.15,271836755.0,4652651213.0,20587938340.0,0.0132036899718051,376735134.0,-0.278440659054645,276777068.7,-0.017849432842121815,2025-04-11
2025-04-14,17.39,18.0,17.11,17.63,333600634.0,5893332636.0,20587938340.0,0.0162036930794499,387817120.0,-0.13979910427884157,281407607.9,0.18547126884553577,2025-04-14
2025-04-15,17.64,17.7,17.28,17.65,190553769.0,3344171353.0,20587938340.0,0.0092556022780472,356930058.6,-0.46613134868098216,296131228.0,-0.35652254479557965,2025-04-15
2025-04-16,17.9,17.98,17.42,17.74,207456482.0,3650843291.0,20587938340.0,0.0100766030368828,320368664.4,-0.35244452703096507,299118849.5,-0.30644129466672076,2025-04-16
2025-04-17,18.13,18.3,17.66,17.82,310531684.0,5565604082.0,20587938340.0,0.0150831850606756,272517426.0,0.13949294383838784,304522232.4,0.01973403239769511,2025-04-17
2025-04-18,17.65,17.77,17.35,17.62,139917652.0,2455099399.0,20587938340.0,0.0067960982634262,262795864.8,-0.4675804655203235,319765499.4,-0.5624366848126581,2025-04-18
2025-04-21,17.77,18.63,17.76,18.6,317461127.0,5795921288.0,20587938340.0,0.015419762861015,236412044.2,0.3428297533413063,312114582.1,0.017130070834969757,2025-04-21
2025-04-22,18.71,18.76,18.41,18.5,253360332.0,4706807753.0,20587938340.0,0.0123062507676035,233184142.8,0.08652470514388666,295057100.7,-0.14131762496505818,2025-04-22
2025-04-23,18.05,18.28,17.73,17.79,293150084.0,5268423261.0,20587938340.0,0.0142389237406274,245745455.4,0.19290134388381452,283057059.9,0.03565720672561823,2025-04-23
2025-04-24,17.89,18.05,17.63,17.67,114585259.0,2039355686.0,20587938340.0,0.0055656499989303,262884175.8,-0.564122645833291,267700800.9,-0.5719651991523048,2025-04-24
2025-04-25,17.8,17.97,17.58,17.65,121525902.0,2157484304.0,20587938340.0,0.0059027718071162,223694890.8,-0.4567336716301972,243245377.8,-0.5003978982082841,2025-04-25
2025-04-28,17.5,17.74,17.37,17.66,96878753.0,1703950167.0,20587938340.0,0.0047056073026882,220016540.8,-0.5596751378430908,228214292.5,-0.5754921747506239,2025-04-28
2025-04-29,17.67,17.77,17.55,17.63,74056269.0,1306248214.0,20587938340.0,0.0035970706622973,175900066.0,-0.5789866900902698,204542104.4,-0.6379411993572899,2025-04-29
2025-04-30,17.55,17.58,17.36,17.46,84994445.0,1485278902.0,20587938340.0,0.0041283611596439,140039253.4,-0.3930669941717927,192892354.4,-0.5593685127418404,2025-04-30
2025-05-06,17.75,17.84,17.6,17.76,141363782.0,2507104911.0,20587938340.0,0.0068663398765551,98408125.6,0.4365051781862208,180646150.7,-0.2174547785700478,2025-05-06
2025-05-07,18.09,18.12,17.8,18.05,172407911.0,3099054919.0,20587938340.0,0.0083742193197184,103763830.2,0.6615415089023959,163729360.5,0.05300546263356343,2025-05-07
2025-05-08,17.9,18.06,17.76,17.76,112295257.0,2009443545.0,20587938340.0,0.0054544197260307,113940232.0,-0.014437174395081076,166978386.4,-0.32748627279823805,2025-05-08
2025-05-09,17.68,17.78,17.58,17.65,106486863.0,1879773997.0,20587938340.0,0.0051722936625037,117023532.8,-0.09003889686023903,146461799.4,-0.2729376299059726,2025-05-09
2025-05-12,17.5,17.77,17.41,17.71,122213982.0,2152353540.0,20587938340.0,0.0059361933177423,123509651.6,-0.010490431988231741,131774452.5,-0.0725517755423799,2025-05-12
2025-05-13,17.6,17.84,17.4,17.76,116346891.0,2052948977.0,20587938340.0,0.0056512162159506,130953559.0,-0.11154082494237516,114680842.3,0.01452769849424107,2025-05-13
2025-05-14,17.76,17.91,17.74,17.9,104341328.0,1861378084.0,20587938340.0,0.0050680804593861,125950180.8,-0.17156666757242156,114857005.5,-0.09155451558416261,2025-05-14
2025-05-15,17.71,17.78,17.36,17.49,139381293.0,2441491000.0,20587938340.0,0.006770046164807,112336864.2,0.24074402461378308,113138548.1,0.2319522862959562,2025-05-15
2025-05-16,17.59,17.64,17.36,17.42,95709975.0,1671055557.0,20587938340.0,0.0046488372667236,117754071.4,-0.18720453686155947,117388802.1,-0.18467542654990599,2025-05-16
2025-05-19,17.43,17.56,17.28,17.42,75758800.0,1317585529.0,20587938340.0,0.0036797662179126,115598693.8,-0.3446396537051528,119554172.7,-0.3663224102591277,2025-05-19
2025-05-20,17.42,17.69,17.41,17.46,102796244.0,1803452365.0,20587938340.0,0.0049930324397892,106307657.4,-0.03303067235117163,118630608.2,-0.13347621191745696,2025-05-20
2025-05-21,17.69,18.51,17.68,18.49,260461493.0,4740421663.0,20587938340.0,0.0126511692768164,103597528.0,1.5141670658396404,114773854.4,1.269345177624356,2025-05-21
2025-05-22,18.38,18.68,18.36,18.58,133536115.0,2474875038.0,20587938340.0,0.0064861334240813,134821561.0,-0.009534424542080422,123579212.6,0.08057101344567075,2025-05-22
2025-05-23,18.54,18.7,18.44,18.59,120687210.0,2242456153.0,20587938340.0,0.0058620347509744,133652525.4,-0.09700763499377918,125703298.4,-0.03990419077181517,2025-05-23
2025-05-26,18.5,18.87,18.48,18.56,112661379.0,2101696214.0,20587938340.0,0.0054722030510996,138647972.4,-0.1874285858651331,127123333.1,-0.11376317586499785,2025-05-26
2025-05-27,18.53,18.65,17.68,17.88,172685616.0,3109952084.0,20587938340.0,0.0083877080428442,146028488.2,0.18254744761508812,126168072.8,0.36869504437734424,2025-05-27
2025-05-28,17.8,18.1,17.7,17.98,99196119.0,1781588539.0,20587938340.0,0.00481816670333,160006362.6,-0.3800489093800573,131801945.3,-0.24738501564437831,2025-05-28
2025-05-29,17.83,18.05,17.78,17.82,90447963.0,1620696748.0,20587938340.0,0.0043932501402663,127753287.8,-0.2920106827966896,131287424.4,-0.3110691034319659,2025-05-29
2025-05-30,17.94,18.07,17.66,17.73,93355937.0,1661300677.0,20587938340.0,0.0045344966289616,119135657.4,-0.21638962643605641,126394091.4,-0.2613900225402467,2025-05-30
2025-06-03,18.07,18.28,17.96,18.06,139522376.0,2527617872.0,20587938340.0,0.0067768988665039,113669402.8,0.2274400371882661,126158687.6,0.10592761112394466,2025-06-03
2025-06-04,18.06,18.32,18.01,18.09,83166310.0,1511055079.0,20587938340.0,0.0040395647503187,119041602.2,-0.30136768606093245,132535045.2,-0.37249570576220703,2025-06-04
2025-06-05,18.15,18.3,17.86,17.88,89338691.0,1608518640.0,20587938340.0,0.0043393704374189,101137741.0,-0.1166631752235795,130572051.8,-0.31579009620801557,2025-06-05
2025-06-06,17.99,18.25,17.92,18.14,133465047.0,2419433517.0,20587938340.0,0.0064826815000068,99166255.4,0.3458716018029657,113459771.6,0.17632042721298768,2025-06-06
2025-06-09,17.97,18.14,17.63,17.97,191491555.0,3414969028.0,20587938340.0,0.009301152540755,107769672.2,0.7768593992253046,113452664.8,0.6878541842765071,2025-06-09
2025-06-10,17.9,18.38,17.9,18.27,150608310.0,2737833239.0,20587938340.0,0.0073153662845096,127396795.8,0.18219857143377238,120533099.3,0.24951827236388002,2025-06-10
2025-06-11,18.27,18.71,18.23,18.66,128368795.0,2379279500.0,20587938340.0,0.0062351456896776,129613982.6,-0.009606892520560462,124327792.4,0.032502809886617134,2025-06-11
2025-06-12,18.72,19.49,18.63,19.46,208562950.0,3996991742.0,20587938340.0,0.01013034654348,138654479.6,0.5041919352456321,119896110.3,0.7395305775820487,2025-06-12
2025-06-13,19.26,19.37,19.04,19.15,187887432.0,3600553501.0,20587938340.0,0.0091260926129235,162499331.4,0.15623510805411223,130832793.4,0.43608820936479353,2025-06-13
2025-06-16,19.14,19.16,18.69,18.82,133058304.0,2515363536.0,20587938340.0,0.0064629251264796,173383808.4,-0.23257941310741215,140576740.3,-0.05348279013978541,2025-06-16
2025-06-17,18.79,18.97,18.7,18.87,84091698.0,1583811953.0,20587938340.0,0.0040845128157693,161697158.2,-0.47994325357290046,144546977.0,-0.41823966335871554,2025-06-17
2025-06-18,18.86,18.98,18.58,18.78,93199839.0,1745951006.0,20587938340.0,0.0045269146167454,148393835.8,-0.3719426518119563,139003909.2,-0.32951641765769846,2025-06-18
2025-06-19,18.75,18.78,18.37,18.37,101642948.0,1886496711.0,20587938340.0,0.004937014397528,141360044.6,-0.2809640921689409,140007262.1,-0.2740166011717188,2025-06-19
2025-06-20,18.43,18.61,18.34,18.41,87653782.0,1616157436.0,20587938340.0,0.0042575308198635,119976044.2,-0.26940596696219465,141237687.8,-0.37938815506437373,2025-06-20
2025-06-23,18.45,18.62,18.28,18.51,98516925.0,1822688315.0,20587938340.0,0.0047851768046435,99929314.2,-0.014133882648020846,136656561.3,-0.27909114598802665,2025-06-23
2025-06-24,18.43,18.95,18.4,18.54,128702412.0,2406116067.0,20587938340.0,0.0062513501776885,93021038.4,0.3835839097663738,127359098.3,0.01054744983225131,2025-06-24
2025-06-25,18.58,19.0,18.45,18.99,122599826.0,2307853545.0,20587938340.0,0.0059549345823424,101943181.2,0.20262899937833212,125168508.5,-0.020521795224555217,2025-06-25
2025-06-26,18.9,19.22,18.72,18.98,127312211.0,2417631358.0,20587938340.0,0.0061838251551709,107823178.6,0.18074993385513127,124591611.6,0.021836136197792122,2025-06-26
2025-06-27,19.2,20.06,19.2,19.78,239148155.0,4716275892.0,20587938340.0,0.0116159350708449,112957031.2,1.1171604145346907,116466537.7,1.0533636503903732,2025-06-27
2025-06-30,19.78,19.83,19.4,19.5,138727042.0,2709722688.0,20587938340.0,0.0067382678007379,143255905.8,-0.03161380171176165,121592610.0,0.14091672183038106,2025-06-30
2025-07-01,19.69,19.92,19.38,19.9,123933416.0,2435566618.0,20587938340.0,0.0060197098880567,151297929.2,-0.18086508747801144,122159483.8,0.014521444793466065,2025-07-01
2025-07-02,19.9,20.43,19.8,20.17,170369637.0,3436875926.0,20587938340.0,0.0082752160117456,150344130.0,0.133197797612717,126143655.6,0.35060012483101066,2025-07-02
2025-07-03,20.37,20.49,20.08,20.29,137380888.0,2785493758.0,20587938340.0,0.006672882234793,159898092.2,-0.14082221926597815,133860635.4,0.02629789250201031,2025-07-03
2025-07-04,20.07,20.29,19.84,20.05,135855626.0,2725507573.0,20587938340.0,0.0065987970119401,161911827.6,-0.16092833974038845,137434429.4,-0.011487684759143857,2025-07-04
2025-07-07,19.96,20.02,19.71,19.8,83467474.0,1658374033.0,20587938340.0,0.0040541929270223,141253321.8,-0.40909372653068476,142254613.8,-0.41325295700180664,2025-07-07
2025-07-08,19.87,20.04,19.75,19.82,97073377.0,1928723033.0,20587938340.0,0.0047150606047521,130201408.2,-0.2544368118439444,140749668.7,-0.31031186150138335,2025-07-08
2025-07-09,19.89,19.89,18.87,18.9,333834833.0,6397298173.0,20587938340.0,0.0162150686235249,124829400.4,1.674328579086886,137586765.2,1.4263586146147729,2025-07-09
2025-07-10,18.92,19.05,18.81,18.84,189327293.0,3578751386.0,20587938340.0,0.0091960297273748,157522439.6,0.20190681074241068,158710265.9,0.19291144732434096,2025-07-10
2025-07-11,18.89,19.2,18.86,18.89,218170375.0,4142641757.0,20587938340.0,0.010596999631387,167911720.6,0.299315939473495,164911774.1,0.3229520826554495,2025-07-11
2025-07-14,19.27,19.34,19.01,19.08,230591713.0,4419734339.0,20587938340.0,0.0112003304649493,184374670.4,0.250669153738593,162813996.1,0.4162892535256679,2025-07-14
2025-07-15,19.06,19.15,18.82,19.12,153148319.0,2913086812.0,20587938340.0,0.0074387399297019,213799518.2,-0.2836825812828234,172000463.2,-0.10960519436554628,2025-07-15
2025-07-16,19.14,19.18,18.98,19.14,92688429.0,1768546654.0,20587938340.0,0.0045020743441764,225014506.6,-0.5880779848351342,174921953.5,-0.47011551640372007,2025-07-16
2025-07-17,19.13,19.19,18.98,19.07,117455881.0,2240891162.0,20587938340.0,0.0057050822214576,176785225.8,-0.33560126153935654,167153832.7,-0.2973186489190205,2025-07-17
2025-07-18,19.19,19.7,19.02,19.47,222955191.0,4335117130.0,20587938340.0,0.010829408332102,162410943.4,0.3727842861603623,165161332.0,0.34992366736301217,2025-07-18
2025-07-21,19.56,19.83,19.5,19.79,173022988.0,3404209889.0,20587938340.0,0.0084040949192001,163367906.6,0.05910023333799641,173871288.5,-0.004878899255410962,2025-07-21
2025-07-22,19.92,20.38,19.81,20.25,202578981.0,4070444891.0,20587938340.0,0.0098396924283774,151854161.6,0.3340364127366793,182826839.9,0.1080374255268195,2025-07-22
2025-07-23,20.43,20.48,20.11,20.21,181222474.0,3672351323.0,20587938340.0,0.0088023614121626,161740294.0,0.12045347215703717,193377400.3,-0.06285598152184912,2025-07-23
2025-07-24,20.0,20.27,19.83,20.12,161026871.0,3227202050.0,20587938340.0,0.0078214179749675,179447103.0,-0.10264992687009278,178116164.4,-0.09594465194984858,2025-07-24
2025-07-25,19.96,20.07,19.81,19.85,125296458.0,2494451752.0,20587938340.0,0.0060859157401187,188161301.0,-0.33410080960271427,175286122.2,-0.28518894463853905,2025-07-25
2025-07-28,19.71,19.8,19.43,19.8,143705129.0,2826138227.0,20587938340.0,0.006980064085426,168629554.4,-0.1478057953048828,165998730.5,-0.13429983128696277,2025-07-28
2025-07-29,19.6,19.74,19.51,19.59,129687009.0,2540208532.0,20587938340.0,0.006299174150334,162765982.6,-0.20323026391388,157310072.1,-0.17559627766517305,2025-07-29
2025-07-30,19.6,19.98,19.59,19.82,154361848.0,3064213164.0,20587938340.0,0.0074976836170182,148187588.2,0.041665161536113215,154963941.1,-0.003885375499139254,2025-07-30
2025-07-31,19.51,19.52,19.03,19.15,208764256.0,4005043931.0,20587938340.0,0.0101401244045109,142815463.0,0.4617762783852053,161131283.0,0.2956159233213578,2025-07-31
2025-08-01,19.1,19.43,19.05,19.26,121999050.0,2351099357.0,20587938340.0,0.0059257536128797,152362940.0,-0.1992865850448935,170262120.5,-0.2834633467401224,2025-08-01
2025-08-04,19.57,19.94,19.5,19.88,173825988.0,3441252666.0,20587938340.0,0.0084430983389082,151703458.4,0.14582745728623414,160166506.4,0.0852830089574832,2025-08-04
2025-08-05,19.99,20.02,19.77,19.87,113838689.0,2261663413.0,20587938340.0,0.0055293875044702,157727630.2,-0.278257786187166,160246806.4,-0.28960400798352515,2025-08-05
2025-08-06,19.81,20.25,19.78,20.16,142803170.0,2872001337.0,20587938340.0,0.0069362540163892,154557966.2,-0.07605428881478116,151372777.2,-0.05661260471344509,2025-08-06
2025-08-07,20.16,20.36,19.96,20.3,131718225.0,2654382864.0,20587938340.0,0.0063978346362193,152246230.6,-0.13483424528212917,147530846.8,-0.10718180057243465,2025-08-07
2025-08-08,20.36,20.7,20.3,20.54,127651036.0,2618565637.0,20587938340.0,0.0062002826068304,136837024.4,-0.06713086929709655,144599982.2,-0.11721264375093399,2025-08-08
2025-08-11,20.51,20.51,20.19,20.25,140992044.0,2864111116.0,20587938340.0,0.0068482837704088,137967421.6,0.02192272903938952,144835440.0,-0.0265362952603313,2025-08-11
2025-08-12,20.22,20.56,20.14,20.3,117353420.0,2391313473.0,20587938340.0,0.0057001054725327,131400632.8,-0.10690369217156459,144564131.5,-0.1882258843716016,2025-08-12
2025-08-13,20.45,21.17,20.4,21.02,185834096.0,3897572686.0,20587938340.0,0.0090263577115415,132103579.0,0.4067302143267444,143330772.6,0.2965401122801177,2025-08-13
2025-08-14,21.03,21.53,20.97,21.17,138815217.0,2948194291.0,20587938340.0,0.0067425506482258,140709764.2,-0.013464219848362102,146477997.4,-0.05231352514381116,2025-08-14
2025-08-15,20.94,21.56,20.87,21.29,170980482.0,3639984797.0,20587938340.0,0.0083048860539767,142129162.6,0.2029936634552436,139483093.5,0.22581509851586423,2025-08-15
2025-08-18,21.3,21.37,20.8,20.8,261095278.0,5491225050.0,20587938340.0,0.0126819535636903,150795051.8,0.7314578620675933,144381236.7,0.8083740239911661,2025-08-18
2025-08-19,20.81,21.14,20.28,20.33,235250121.0,4846967844.0,20587938340.0,0.0114265992599626,174815698.6,0.3457036346505782,153108165.7,0.5364962405790223,2025-08-19
2025-08-20,20.33,20.57,20.19,20.56,168298578.0,3431781958.0,20587938340.0,0.0081746202665186,198395038.8,-0.15169966437688975,165249308.9,0.018452537685620607,2025-08-20
2025-08-21,20.71,20.8,20.51,20.6,128648595.0,2656358870.0,20587938340.0,0.006248736171414,194887935.2,-0.339884252619451,167798849.7,-0.23331658572150504,2025-08-21
2025-08-22,20.65,20.76,20.45,20.66,148995531.0,3068477130.0,20587938340.0,0.0072370301746299,192854610.8,-0.22742043665984268,167491886.7,-0.1104313532101372,2025-08-22
2025-08-25,21.05,22.25,21.05,22.21,306329955.0,6684074080.0,20587938340.0,0.0148790981370308,188457620.6,0.625458042103711,169626336.2,0.8059103430661732,2025-08-25
2025-08-26,22.19,22.55,21.96,22.39,184883107.0,4120538086.0,20587938340.0,0.0089801661510124,197504556.0,-0.06390459671218929,186160127.3,-0.006859794943855357,2025-08-26
2025-08-27,22.49,23.3,22.32,22.53,238891020.0,5439362667.0,20587938340.0,0.0116034454764157,187431153.2,0.27455343426868484,192913096.0,0.23833490288290227,2025-08-27
2025-08-28,22.54,22.89,22.21,22.52,173370467.0,3907967187.0,20587938340.0,0.0084209727140653,201549641.6,-0.13981257607952002,198218788.4,-0.12535805309160086,2025-08-28
2025-08-29,22.82,23.48,22.7,23.08,250412819.0,5782016977.0,20587938340.0,0.0121630837854937,210494016.0,0.1896434101005513,201674313.4,0.24166937662176258,2025-08-29
2025-09-01,23.9,24.65,23.41,24.38,376321765.0,9088067647.0,20587938340.0,0.0182787493718518,230777473.6,0.6306694025616546,209617547.1,0.7952779726998342,2025-09-01
2025-09-02,24.77,25.08,23.98,24.41,343891358.0,8418441905.0,20587938340.0,0.0167035354546335,244775835.6,0.40492364026475824,221140195.8,0.5550829950020328,2025-09-02
2025-09-03,25.1,25.51,24.39,24.94,307190816.0,7639539377.0,20587938340.0,0.0149209119887037,276577485.8,0.11068626974987117,232004319.5,0.32407369251588447,2025-09-03
2025-09-04,24.8,25.18,23.39,23.87,387755285.0,9324657061.0,20587938340.0,0.0188340997819405,290237445.0,0.33599331058058346,245893543.3,0.5769234108230445,2025-09-04
2025-09-05,23.79,25.41,23.79,25.27,345232193.0,8563917229.0,20587938340.0,0.0167686626654235,333114408.6,0.03637724483587523,271804212.3,0.2701502676454288,2025-09-05
2025-09-08,25.7,25.8,24.42,24.64,317257933.0,7917464171.0,20587938340.0,0.0154098932958043,352078283.4,-0.0988994551545237,291427878.5,0.08863275069272403,2025-09-08
2025-09-09,24.99,25.85,24.75,25.19,353351554.0,8945036383.0,20587938340.0,0.0171630373165378,340265517.0,0.03845831077852058,292520676.3,0.2079541127465936,2025-09-09
2025-09-10,24.55,25.26,24.51,25.18,224391250.0,5601726779.0,20587938340.0,0.0108991607753183,342157556.2,-0.3441873606648117,309367521.0,-0.27467741515115285,2025-09-10
2025-09-11,25.25,25.74,25.08,25.71,250428471.0,6371900233.0,20587938340.0,0.0121638440364592,325597643.0,-0.23086522158884304,307917544.0,-0.18670281742699268,2025-09-11
2025-09-12,26.0,26.35,25.43,25.65,326266858.0,8437739638.0,20587938340.0,0.0158474759644146,298132280.2,0.09436944493607369,315623344.4,0.03372220017576133,2025-09-12
2025-09-15,25.54,26.1,25.3,25.5,240898187.0,6197208655.0,20587938340.0,0.011700937851167,294339213.2,-0.18156271337073748,323208748.3,-0.2546668731367381,2025-09-15
2025-09-16,26.1,26.15,24.89,25.32,312802939.0,7930713746.0,20587938340.0,0.0151935047518701,279067264.0,0.12088725318925264,309666390.5,0.010128798591721777,2025-09-16
2025-09-17,25.12,25.29,24.75,25.07,209214970.0,5229817966.0,20587938340.0,0.010162016543129,270957541.0,-0.22786806660605174,306557548.6,-0.3175344369908627,2025-09-17
2025-09-18,24.68,25.04,24.11,24.42,263192155.0,6485158842.0,20587938340.0,0.0127838033441477,267922285.0,-0.017654858385520278,296759964.0,-0.11311434516820473,2025-09-18
2025-09-19,24.42,25.15,24.42,25.02,202176273.0,5031694021.0,20587938340.0,0.0098201320433913,270475021.8,-0.25251407078359656,284303651.0,-0.2888720482875543,2025-09-19
2025-09-22,25.5,25.56,24.85,25.37,194423251.0,4893950898.0,20587938340.0,0.009443551257498,245656904.8,-0.20855776002596615,269998059.0,-0.27990870852890093,2025-09-22
2025-09-23,25.6,26.38,25.25,25.82,276108202.0,7111485401.0,20587938340.0,0.01341116324715,236361917.6,0.16815857987437477,257714590.8,0.07137202105205742,2025-09-23
2025-09-24,25.82,25.93,25.49,25.93,168002837.0,4324307319.0,20587938340.0,0.0081602554964714,229022970.2,-0.2664367384053776,249990255.6,-0.32796245758948694,2025-09-24
2025-09-25,26.9,27.64,26.69,27.27,395322724.0,10746355716.0,20587938340.0,0.0192016664063896,220780543.6,0.790568668569942,244351414.3,0.6178450414641206,2025-09-25
2025-09-26,27.1,28.36,26.91,27.4,282057194.0,7783995639.0,20587938340.0,0.0137001184548913,247206657.4,0.14097733842017468,258840839.6,0.08969355236166532,2025-09-26
2025-09-29,27.7,28.86,27.53,28.77,399793958.0,11348209387.0,20587938340.0,0.0194188437617013,263182841.6,0.5190730351928841,254419873.2,0.571394376435842,2025-09-29
2025-09-30,29.57,29.88,28.74,29.44,385888298.0,11322434110.0,20587938340.0,0.0187434162482536,304256983.0,0.26829726041160407,270309450.3,0.42757975191664976,2025-09-30
2025-10-09,31.22,32.38,30.77,32.38,509343384.0,16065595632.0,20587938340.0,0.0247398926297736,326213002.2,0.5613828405519026,277617986.2,0.8346915881489814,2025-10-09
2025-10-10,31.5,32.0,30.35,30.87,466020625.0,14488772296.0,20587938340.0,0.0226356139844549,394481111.6,0.18135092225287663,307630827.6,0.514869717822779,2025-10-10
2025-10-13,30.05,31.65,29.88,31.3,417573019.0,12791497915.0,20587938340.0,0.0202824106087739,408620691.8,0.021908648728884428,327913674.6,0.2734236213520813,2025-10-13
2025-10-14,32.4,32.65,29.15,29.5,539236050.0,16576942201.0,20587938340.0,0.0261918430633885,435723856.8,0.2375637495734202,349453349.2,0.5430845096619266,2025-10-14
2025-10-15,29.96,31.2,29.38,30.98,365641142.0,11059689469.0,20587938340.0,0.0177599687720844,463612275.2,-0.21132126658582484,383934629.1,-0.04764740066006201,2025-10-15
2025-10-16,30.99,31.37,30.06,30.47,289900966.0,8890666662.0,20587938340.0,0.0140811071615051,459562844.0,-0.3691810167316312,392887923.1,-0.26212808041388236,2025-10-16
2025-10-17,31.12,31.3,30.03,30.17,304443734.0,9293026129.0,20587938340.0,0.0147874803670118,415674360.4,-0.2675907801793781,405077736.0,-0.2484313331898349,2025-10-17
2025-10-20,29.4,30.29,29.0,29.75,297341006.0,8845608485.0,20587938340.0,0.0144424857452725,383358982.2,-0.2243797072560153,395989837.0,-0.24911960303668101,2025-10-20
2025-10-21,30.4,30.78,29.81,30.05,261648588.0,7927327603.0,20587938340.0,0.0127088290084707,359312579.6,-0.27180788301017234,397518218.2,-0.3417947253215978,2025-10-21
2025-10-22,28.19,29.6,28.19,29.45,315355482.0,9158923058.0,20587938340.0,0.0153174872001292,303795087.2,0.038053264476885174,383703681.2,-0.1781275566245466,2025-10-22
2025-10-23,29.03,29.93,28.56,29.7,246528306.0,7195142824.0,20587938340.0,0.0119744047183696,293737955.2,-0.1607202895106148,376650399.6,-0.3454718055209519,2025-10-23
2025-10-24,30.05,30.3,29.76,30.03,186969778.0,5613321506.0,20587938340.0,0.0090815202043197,285063423.2,-0.3441116510103005,350368891.8,-0.46636307510220576,2025-10-24
2025-10-27,30.12,31.3,30.12,31.0,290246620.0,8975329655.0,20587938340.0,0.0140978963122346,261568632.0,0.10963848295081502,322463807.1,-0.09990946701813597,2025-10-27
2025-10-28,30.5,30.79,29.81,29.84,264245245.0,7986327533.0,20587938340.0,0.0128349541676352,260149754.8,0.01574281783639786,309731167.2,-0.14685613530984687,2025-10-28
2025-10-29,30.05,31.05,30.01,30.96,211650959.0,6463154654.0,20587938340.0,0.010280337715447,260669086.2,-0.1880473358562761,282232086.7,-0.25008186888057327,2025-10-29
2025-10-30,30.78,31.6,30.62,31.11,276672292.0,8630460755.0,20587938340.0,0.0134385622994827,239928181.6,0.1531462880057104,266833068.4,0.03687407883512539,2025-10-30
2025-10-31,31.11,31.29,30.45,30.5,174923110.0,5380173288.0,20587938340.0,0.0084963878903865,245956978.8,-0.2888060714787085,265510201.0,-0.3411812075725106,2025-10-31
2025-11-03,30.11,30.33,28.87,30.0,236191270.0,6968610609.0,20587938340.0,0.0114723128707408,243547645.2,-0.030205076275564013,252558138.6,-0.06480436025829972,2025-11-03
2025-11-04,29.5,29.78,28.6,28.78,268031747.0,7788693365.0,20587938340.0,0.0130188726318091,232736575.2,0.15165287952557271,246443165.0,0.0876006522639814,2025-11-04
2025-11-05,27.92,29.25,27.82,29.01,215461356.0,6171176199.0,20587938340.0,0.010465416810647,233493875.6,-0.07722909028625502,247081480.9,-0.12797448349760154,2025-11-05
2025-11-06,29.01,29.8,28.92,29.7,178969843.0,5281857227.0,20587938340.0,0.0086929463283014,234255955.0,-0.23600728527904447,237092068.3,-0.2451462240670833,2025-11-06
2025-11-07,29.69,30.25,29.62,30.17,149756654.0,4498419194.0,20587938340.0,0.0072739995392855,214715465.2,-0.3025343849335357,230336222.0,-0.34983454751636933,2025-11-07
2025-11-10,30.8,30.95,29.88,30.17,188511170.0,5707821666.0,20587938340.0,0.0091563888956158,209682174.0,-0.10096711416202697,226614909.6,-0.16814312733110648,2025-11-10
2025-11-11,30.57,30.68,29.5,29.62,166437726.0,4968850126.0,20587938340.0,0.008084234722844,200146154.0,-0.16841906440030818,216441364.6,-0.23102625827743462,2025-11-11
2025-11-12,29.62,30.06,29.15,29.49,136428812.0,4037371771.0,20587938340.0,0.0066266378763596,179827349.8,-0.24133446802317282,206660612.7,-0.33984124881093025,2025-11-12
2025-11-13,29.8,31.12,29.71,30.72,280933594.0,8597741661.0,20587938340.0,0.0136455428105775,164020841.0,0.7127920591505807,199138398.0,0.41074547561641017,2025-11-13
2025-11-14,30.1,30.43,29.82,30.02,166166770.0,5009890531.0,20587938340.0,0.0080710738130178,184413591.2,-0.09894509987721545,199564528.2,-0.16735317895036617,2025-11-14
2025-11-17,29.73,29.92,28.86,28.98,215994374.0,6311373290.0,20587938340.0,0.0104913066297827,187695614.4,0.15076942362484935,198688894.2,0.08709837492265837,2025-11-17
2025-11-18,28.7,28.95,28.21,28.39,173339754.0,4945509143.0,20587938340.0,0.0084194809182627,193192255.2,-0.10276033674045537,196669204.6,-0.1186227942877438,2025-11-18
2025-11-19,28.74,29.55,28.7,29.34,192184477.0,5608158691.0,20587938340.0,0.0093348092376305,194572660.8,-0.0122739946618442,187200005.3,0.026626450635041765,2025-11-19
2025-11-20,29.4,29.68,28.9,28.97,133141833.0,3887558725.0,20587938340.0,0.0064669823078555,205723793.8,-0.35281266915854437,184872317.4,-0.2798173632890264,2025-11-20
2025-11-21,28.47,28.86,28.0,28.14,188729249.0,5347653775.0,20587938340.0,0.0091669814569689,176165441.6,0.07131822953407219,180289516.4,0.046812109591969575,2025-11-21
2025-11-24,28.44,28.5,27.63,28.0,170834281.0,4782114495.0,20587938340.0,0.0082977847601228,180677937.4,-0.05448178422696559,184186775.9,-0.07249431906690973,2025-11-24
2025-11-25,28.47,28.88,28.41,28.51,147447601.0,4217260552.0,20587938340.0,0.0071618439187534,171645918.8,-0.14097811336950938,182419087.0,-0.19170957696987045,2025-11-25
2025-11-26,28.66,28.77,28.35,28.43,159012608.0,4530158086.0,20587938340.0,0.0077235809323878,166467488.2,-0.04478279981640276,180520074.5,-0.11914168858821295,2025-11-26
2025-11-27,28.8,29.2,28.5,28.6,163629659.0,4722632921.0,20587938340.0,0.0079478409298558,159833114.4,0.023753179147211867,182778454.1,-0.10476505665992497,2025-11-27
2025-11-28,28.79,29.09,28.4,28.58,197543456.0,5668367755.0,20587938340.0,0.0095951062577351,165930679.6,0.19051797097563394,171048060.6,0.15490029706890462,2025-11-28
2025-12-01,29.5,30.67,29.4,30.06,360052973.0,10853439596.0,20587938340.0,0.0174885395056997,167693521.0,1.1470893499815058,174185729.2,1.0670635571217622,2025-12-01
2025-12-02,29.9,29.98,29.45,29.74,154872515.0,4605561852.0,20587938340.0,0.0075224878004953,205537259.4,-0.24649907538856675,188591589.1,-0.17879415652052533,2025-12-02
2025-12-03,29.85,30.26,29.72,29.97,191128690.0,5730973207.0,20587938340.0,0.0092835274151107,207022242.2,-0.07677219621960019,186744865.2,0.023474941574993302,2025-12-03
2025-12-04,30.84,31.38,30.53,30.69,272859568.0,8436844624.0,20587938340.0,0.0132533701769382,213445458.6,0.278357336762751,186639286.5,0.4619621255356652,2025-12-04
2025-12-05,30.59,31.49,30.47,31.32,233471095.0,7266652269.0,20587938340.0,0.0113401881793279,235291440.4,-0.00773655597885492,200611060.0,0.16379971772244262,2025-12-05
2025-12-08,31.4,31.6,30.94,31.5,206802386.0,6478217451.0,20588693140.0,0.0100444639489148,242476968.2,-0.14712565265404864,205085244.6,0.00837281786580557,2025-12-08
2025-12-09,31.18,31.23,30.18,30.4,199092649.0,6086281908.0,20588693140.0,0.0096699993363444,211826850.8,-0.060116088927853806,208682055.1,-0.04595223147196237,2025-12-09
2025-12-10,30.6,30.85,30.2,30.75,117020933.0,3574713139.0,20590943140.0,0.0056831264213767,220670877.6,-0.46970377662557494,213846559.9,-0.4527808487790409,2025-12-10
2025-12-11,31.2,31.95,30.75,30.96,240772514.0,7547700504.0,20594343140.0,0.0116911965758379,205849326.2,0.16965412734005847,209647392.4,0.14846414850996248,2025-12-11
2025-12-12,31.67,31.8,31.35,31.7,221174285.0,6991527058.0,20598343140.0,0.010737479393209,199431915.4,0.10902151521932368,217361677.9,0.017540383092524925,2025-12-12
2025-12-15,31.26,31.88,31.06,31.41,169135179.0,5322761827.0,20598343140.0,0.0082111060025772,196972553.4,-0.14132615899774392,219724760.8,-0.23024069574957073,2025-12-15
2025-12-16,31.02,31.22,30.12,30.32,158390333.0,4835673794.0,20600893140.0,0.0076885177707397,189439112.0,-0.16389846147505172,200632981.4,-0.21054688070343353,2025-12-16
2025-12-17,30.55,31.19,30.4,30.87,176971055.0,5445493456.0,20600893140.0,0.0085904554621654,181298648.8,-0.023869972714325116,200984763.2,-0.11948024227142007,2025-12-17
2025-12-18,30.83,31.35,30.65,30.97,138009297.0,4284607520.0,20600893140.0,0.0066991899847309,193288673.2,-0.28599387271286825,199568999.7,-0.3084632522713395,2025-12-18
2025-12-19,30.84,31.38,30.41,31.12,165672924.0,5145607364.0,20600893140.0,0.0080420262788664,172736029.8,-0.04088959210292098,186083972.6,-0.10968730038816887,2025-12-19
2025-12-22,31.69,32.78,31.64,32.53,244513190.0,7919680420.0,20600893140.0,0.0118690577315426,161635757.6,0.5127419429375075,179304155.5,0.363678322558453,2025-12-22
2025-12-23,33.06,33.1,31.9,32.09,270289444.0,8780138586.0,20600893140.0,0.0131202779492695,176711359.8,0.5295533026620962,183075235.9,0.47638451848090724,2025-12-23
2025-12-24,32.54,32.65,31.99,32.31,192710736.0,6215340061.0,20600893140.0,0.0093544845211502,199091182.0,-0.03204785835266177,190194915.4,0.013227591256627313,2025-12-24
2025-12-25,31.99,32.14,31.83,32.03,127456719.0,4074543520.0,20600893140.0,0.0061869511255568,202239118.2,-0.36977217793268635,197763895.7,-0.35551067828201155,2025-12-25
2025-12-26,32.6,33.77,32.55,33.53,286198912.0,9525910109.0,20600893140.0,0.0138925487383019,200128602.6,0.4300750031819789,186432316.2,0.5351357416649423,2025-12-26
2025-12-29,34.16,34.3,32.58,32.65,357553987.0,11915266398.0,20600893140.0,0.0173562371577837,224233800.2,0.5945588340432542,192934778.9,0.8532376020464603,2025-12-29
2025-12-30,31.55,33.48,31.53,33.42,243802377.0,7987341211.0,20600893140.0,0.0118345537420713,246841959.6,-0.012313881338997468,211776659.7,0.15122401753511094,2025-12-30
2025-12-31,33.48,35.36,33.39,34.47,341188218.0,11802518174.0,20600893140.0,0.0165618167950945,241544546.2,0.41252710263014847,220317864.1,0.5486180360079118,2025-12-31
2026-01-05,35.3,35.64,34.27,35.4,310393547.0,10870304747.0,20600893140.0,0.0150669946633197,271240042.6,0.14435001567132177,236739580.4,0.3111180921903838,2026-01-05
2026-01-06,36.0,37.7,35.95,37.6,356727240.0,13191911958.0,20600893140.0,0.0173161055482277,307827408.2,0.15885470395874912,253978005.4,0.4045595776617592,2026-01-06
2026-01-07,37.6,37.7,36.38,36.72,357303577.0,13193716321.0,20600893140.0,0.0173440818595499,321933073.8,0.10986911901438812,273083437.0,0.3084044236633803,2026-01-07
2026-01-08,36.2,37.01,35.79,36.3,241558498.0,8780062617.0,20600893140.0,0.0117256322994547,321882991.8,-0.249545629456275,284362475.7,-0.15052611141688688,2026-01-08
2026-01-09,36.0,37.67,35.98,37.22,280579041.0,10408944354.0,20600893140.0,0.013619751293948,321434216.0,-0.1271027568514983,281489381.1,-0.003234012226118854,2026-01-09
2026-01-12,38.22,38.38,37.03,37.26,296496371.0,11080991362.0,20600893140.0,0.0143924037169196,309312380.6,-0.041433872045922304,290276211.6,0.02142841594119793,2026-01-12
2026-01-13,37.4,38.9,37.3,38.24,310778171.0,11880717250.0,20600893140.0,0.0150856649218073,306532945.4,0.013849165852173995,307180176.8,0.01171297652563874,2026-01-13
2026-01-14,38.61,39.85,38.36,38.5,425650213.0,16559300265.0,20600893140.0,0.020661735882389,297343131.6,0.4315118385603227,309638102.7,0.37467000762629343,2026-01-14
2026-01-15,38.26,39.44,37.7,38.25,386081844.0,14866320795.0,20600893140.0,0.0187410245456959,311012458.8,0.24137099037654375,316447725.3,0.22004935770666445,2026-01-15
2026-01-16,38.32,39.11,37.06,37.47,394777811.0,14983152839.0,20600893140.0,0.019163140564691,339917128.0,0.1613942884337385,330675672.0,0.1938519958613707,2026-01-16
2026-01-19,37.62,37.78,36.5,37.26,253275235.0,9435738071.0,20600893140.0,0.0122943812813739,362756882.0,-0.3018044658350548,336034631.3,-0.24628234292350448,2026-01-19
2026-01-20,37.26,37.77,36.21,37.31,307457067.0,11371613762.0,20600893140.0,0.0149244532705731,354112654.8,-0.13175351732727747,330322800.1,-0.06922238820050508,2026-01-20
2026-01-21,37.76,38.48,37.36,38.13,389167286.0,14764599259.0,20600893140.0,0.0188907967899881,353448434.0,0.10105817019972996,325395782.8,0.19598134509074527,2026-01-21
2026-01-22,37.5,37.88,37.08,37.66,273949936.0,10271227690.0,20600893140.0,0.0132979640318643,346151848.6,-0.20858450674759743,328582153.7,-0.1662665396912577,2026-01-22
2026-01-23,38.39,38.5,37.35,37.56,386296331.0,14650946052.0,20600893140.0,0.0187514360845813,323725467.0,0.193283724570239,331821297.5,0.16416979232624462,2026-01-23
2026-01-26,38.74,40.48,38.73,39.5,663514398.0,26266248687.0,20600893140.0,0.0322080403743116,322029171.0,1.0604170607885708,342393026.5,0.9378735740694182,2026-01-26
2026-01-27,40.23,42.68,39.68,40.61,728498239.0,29909324699.0,20600893140.0,0.0353624589987072,404077003.6,0.8028698305265298,379094829.2,0.9216781208473419,2026-01-27
2026-01-28,41.4,42.58,40.6,42.3,652283303.0,27284833175.0,20600893140.0,0.031662865224687,488285238.0,0.3358652939657374,420866836.0,0.5498567413850588,2026-01-28
2026-01-29,43.79,44.94,41.31,43.45,772867209.0,33302754098.0,20600893140.0,0.0375161991156272,540908441.4,0.4288318499885775,443530145.0,0.7425359194018255,2026-01-29
2026-01-30,41.2,42.36,39.12,40.14,670344076.0,27139836259.0,20600893140.0,0.0325395637676707,640691896.0,0.046281496902217834,482208681.5,0.3901534786034333,2026-01-30
2026-02-02,36.87,38.73,36.27,36.61,714043570.0,26686182363.0,20600893140.0,0.0346608064586077,697501445.0,0.023716259111119076,509765308.0,0.4007300198623951,2026-02-02
2026-02-03,37.84,38.95,37.08,38.81,476610292.0,18074059120.0,20600893140.0,0.0231354188753391,707607279.4,-0.32644800883884173,555842141.5,-0.1425437972122522,2026-02-03
2026-02-04,39.5,39.99,38.68,39.16,326736566.0,12844681833.0,20600893140.0,0.0158603107049561,657229690.0,-0.5028578730215307,572757464.0,-0.4295376550518424,2026-02-04
2026-02-05,38.13,38.5,36.57,37.45,358373108.0,13407074875.0,20600893140.0,0.0173959985892145,592120342.6,-0.39476305369549725,566514392.0,-0.3674068778114996,2026-02-05
2026-02-06,35.55,37.82,35.5,37.19,327774843.0,12107002619.0,20600893140.0,0.0159107103159314,509221522.4,-0.35632170169247346,574956709.2,-0.4299138739400591,2026-02-06
2026-02-09,38.49,38.88,38.03,38.63,263947637.0,10154292817.0,20600893140.0,0.0128124365873973,440707675.8,-0.4010822785855367,569104560.4,-0.5362053735530037,2026-02-09
2026-02-10,38.98,39.4,38.52,38.81,199657082.0,7764448264.0,20600893140.0,0.0096916711641173,350688489.2,-0.4306711279418862,529147884.3,-0.6226818854919496,2026-02-10
2026-02-11,38.6,39.79,38.57,39.48,222867441.0,8776312502.0,20600893140.0,0.0108183387722771,295297847.2,-0.24527915420576762,476263768.6,-0.532050397923131,2026-02-11
2026-02-12,39.57,40.43,39.49,39.75,235575945.0,9408329694.0,20600893140.0,0.0114352296960654,274524022.2,-0.14187493279413266,433322182.4,-0.4563492141223001,2026-02-12
2026-02-13,38.26,39.04,37.69,37.78,338033354.0,12921954036.0,20600893140.0,0.0164086746969068,249964589.6,0.3523249614712627,379593056.0,-0.1094848847814539,2026-02-13
2026-02-24,39.49,39.65,38.98,39.32,246745985.0,9708527864.0,20600893140.0,0.011977441139234,252016291.8,-0.020912563875761347,346361983.8,-0.2876066181025263,2026-02-24
2026-02-25,39.4,40.26,38.86,39.63,289709530.0,11504589065.0,20600893140.0,0.0140629596994259,248575961.4,0.16547685612209806,299632225.3,-0.03311624872813712,2026-02-25
2026-02-26,39.89,39.96,38.94,39.37,199066355.0,7823516137.0,20600893140.0,0.0096629963393907,266586451.0,-0.2532765478017486,280942149.1,-0.29143293152091865,2026-02-26
2026-02-27,39.2,40.05,39.01,39.55,242060189.0,9578332570.0,20600893140.0,0.0117499851756427,261826233.8,-0.0754929882812988,268175128.0,-0.09738016793265036,2026-02-27
2026-03-02,40.4,40.9,39.1,40.77,477513379.0,19141647926.0,20600893140.0,0.0231792561494739,263123082.6,0.8147909118483396,256543836.1,0.8613324968519873,2026-03-02
2026-03-03,40.35,40.35,38.66,38.86,414093799.0,16292699001.0,20600893140.0,0.0201007692329595,291019087.6,0.422909412626445,271517689.7,0.5251079937278946,2026-03-03
2026-03-04,37.7,38.89,37.48,37.96,312570216.0,11903458655.0,20600893140.0,0.0151726536260262,324488650.4,-0.03672989605432431,286532305.9,0.09087251093106152,2026-03-04
2026-03-05,38.46,38.48,37.2,37.67,260659922.0,9848036258.0,20600893140.0,0.0126528456911358,329060787.6,-0.20786696008017458,297823619.3,-0.12478425111933356,2026-03-05
2026-03-06,37.01,37.48,36.24,37.1,253947012.0,9355468298.0,20600893140.0,0.0123269904015433,341379501.0,-0.2561152287817071,301602867.4,-0.1580086284020521,2026-03-06
2026-03-09,35.93,36.67,34.86,36.4,390629022.0,13905252662.0,20600893140.0,0.0189617517718942,343756865.6,0.13635264074853715,303439974.1,0.2873354051607797,2026-03-09
2026-03-10,36.98,37.54,36.8,37.13,201312398.0,7475371505.0,20600893140.0,0.0097720228259967,326379994.2,-0.38319626944830676,308699540.9,-0.34786946098759164,2026-03-10
2026-03-11,37.5,37.64,37.04,37.24,148131269.0,5525146811.0,20600893140.0,0.0071905265462679,283823714.0,-0.47808706005446744,304156182.2,-0.5129763007657846,2026-03-11
2026-03-12,36.79,37.16,36.35,36.75,189113008.0,6945680402.0,20600893140.0,0.0091798451025798,250935924.6,-0.24636933391879912,289998356.1,-0.3478824827034942,2026-03-12
2026-03-13,36.2,36.94,35.6,35.77,247120530.0,8945230520.0,20600893140.0,0.0119956221470891,236626541.8,0.04434831409939477,289003021.4,-0.14492060047369448,2026-03-13
2026-03-16,35.04,35.17,33.6,34.75,420731337.0,14442170094.0,20600893140.0,0.0204229658462273,235261245.4,0.788358028474502,289509055.5,0.4532579517188884,2026-03-16
2026-03-17,34.73,35.55,34.67,34.9,225377550.0,7928547667.0,20600893140.0,0.0109401834409981,241281708.4,-0.06591530914408927,283830851.3,-0.20594414254924231,2026-03-17
2026-03-18,34.74,35.0,34.35,34.92,199024835.0,6908825842.0,20600893140.0,0.0096609808927924,246094738.8,-0.19126741201181674,264959226.4,-0.2488473124557704,2026-03-18
2026-03-19,33.25,33.9,32.12,32.32,527935447.0,17350969312.0,20600893140.0,0.0256268232358784,256273452.0,1.0600473551977596,253604688.3,1.0817258960744534,2026-03-19
2026-03-20,32.2,32.85,31.43,31.65,385034283.0,12363274179.0,20600893140.0,0.0186901742746479,324037939.8,0.18823827616496902,280332240.8,0.3734926881803029,2026-03-20
2026-03-23,30.21,31.34,29.8,30.58,493304305.0,15108766718.0,20600893140.0,0.0239457727219685,351620690.4,0.4029444753061098,293440967.9,0.6811023645754546,2026-03-23
2026-03-24,31.25,32.38,30.91,32.2,457264529.0,14480403099.0,20600893140.0,0.022196344881385,366135284.0,0.24889500952877297,303708496.2,0.5056033490050253,2026-03-24
2026-03-25,33.5,33.98,33.09,33.24,410615187.0,13780664760.0,20600893140.0,0.0199319118937966,412512679.8,-0.004599841151355588,329303709.3,0.2469194102697585,2026-03-25
2026-03-26,33.1,33.24,31.83,32.09,305047347.0,9885918296.0,20600893140.0,0.0148074816430022,454830750.2,-0.3293167912110969,355552101.1,-0.14204600097636721,2026-03-26
2026-03-27,31.5,32.72,31.5,32.47,228246664.0,7382514204.0,20601793140.0,0.0110789707696288,410253130.2,-0.44364430835974644,367145535.0,-0.37832101376365646,2026-03-27
2026-03-30,32.2,32.8,31.88,32.78,236900973.0,7676270899.0,20601793140.0,0.0114990462912686,378895606.4,-0.3747592503094277,365258148.4,-0.35141495395041533,2026-03-30
2026-03-31,32.98,33.5,32.6,32.72,253105884.0,8352940021.0,20601793140.0,0.0122856239881651,327614940.0,-0.22742874912847377,346875112.0,-0.27032561505882846,2026-03-31
2026-04-01,33.86,34.58,33.62,34.15,323703092.0,11014637163.0,20601793140.0,0.0157123746365312,286783211.0,0.1287379441469465,349647945.4,-0.0742027909539662,2026-04-01
2026-04-02,33.99,33.99,32.7,33.12,258942623.0,8604391360.0,20601793140.0,0.0125689361717375,269400792.0,-0.03882011230315907,362115771.1,-0.28491757701298315,2026-04-02
2026-04-03,33.25,33.33,32.82,32.91,141999112.0,4683625567.0,20601793140.0,0.0068925608093937,260179847.2,-0.45422709126719785,335216488.7,-0.5763958015589106,2026-04-03
2026-04-07,32.8,33.1,32.33,32.41,150649750.0,4901834797.0,20601793140.0,0.0073124581426604,242930336.8,-0.3798644006984311,310912971.6,-0.515460068376253,2026-04-07
2026-04-08,34.0,34.76,34.0,34.62,407954111.0,14077391635.0,20601793140.0,0.0198018739547445,225680092.2,0.8076654747130594,276647516.1,0.47463500396127345,2026-04-08
2026-04-09,33.99,34.19,33.74,33.9,220659003.0,7488451267.0,20601793140.0,0.0107106697703693,256649737.6,-0.14023289069593026,271716474.3,-0.18790716106388106,2026-04-09
2026-04-10,34.23,34.58,33.7,33.75,237571039.0,8070605534.0,20601793140.0,0.0115315709358685,236040919.8,0.006482431949919931,252720855.9,-0.059946840738758334,2026-04-10
2026-04-13,33.38,33.8,33.31,33.66,176532051.0,5921734291.0,20601793140.0,0.0085687711647414,231766603.0,-0.23831972029205606,245973225.1,-0.28231192265649563,2026-04-13
2026-04-14,34.49,34.95,34.35,34.8,298845659.0,10362404695.0,20601793140.0,0.0145058081580174,238673190.8,0.2521123884853178,240801763.8,0.24104431082244426,2026-04-14
2026-04-15,35.75,36.0,34.81,34.91,299179203.0,10597722636.0,20601793140.0,0.0145219982050552,268312372.6,0.11504065243393113,246996232.4,0.2112703100486646,2026-04-15
2026-04-16,35.0,35.39,35.0,35.3,200941248.0,7078128969.0,20601793140.0,0.0097535805079926,246557391.0,-0.18501227164591472,251603564.3,-0.20135770509034878,2026-04-16
2026-04-17,35.0,35.1,34.5,34.73,215582788.0,7492782654.0,20601793140.0,0.0104642730142469,242613840.0,-0.11141595219794553,239327379.9,-0.0992138547203475,2026-04-17
2026-04-20,34.86,35.29,34.7,34.82,225640293.0,7890139009.0,20601793140.0,0.0109524589178551,238216189.8,-0.0527919484001419,234991396.4,-0.039793386239905804,2026-04-20
2026-04-21,34.98,35.68,34.5,35.66,311979120.0,10987224052.0,20601793140.0,0.0151432993176825,248037838.2,0.2577884175415299,243355514.5,0.28198911227055845,2026-04-21
2026-04-22,35.67,35.86,35.24,35.53,372392006.0,13254782857.0,20601793140.0,0.0180757084332126,250664530.4,0.4856190678663326,259488451.5,0.4351004981044406,2026-04-22
2026-04-23,35.56,35.56,34.14,34.4,356644945.0,12339162919.0,20601793140.0,0.0173113545299872,265307091.0,0.3442721928604615,255932241.0,0.393513156476444,2026-04-23
2026-04-24,34.02,34.42,33.53,34.31,257793364.0,8744204171.0,20601793140.0,0.0125131517556825,296447830.4,-0.13039213796182325,269530835.2,-0.04354778625343714,2026-04-24
2026-04-27,34.0,34.25,33.48,33.56,231088530.0,7790164441.0,20601793140.0,0.0112169134225177,304889945.6,-0.24205919763855943,271553067.7,-0.14901152854845834,2026-04-27
2026-04-28,33.33,33.46,32.88,32.95,207009177.0,6855447844.0,20601793140.0,0.0100481145302869,305979593.0,-0.3234543030456283,277008715.6,-0.2526979645690254,2026-04-28
2026-04-29,32.55,34.2,32.51,34.14,303499456.0,10185682535.0,20601793140.0,0.0147317009707631,284985604.4,0.06496416420393758,267825067.4,0.1332003346300661,2026-04-29
2026-04-30,33.7,34.02,33.08,33.3,240389930.0,8043586832.0,20601793140.0,0.011668398394568,271207094.4,-0.11362963962346839,268257092.7,-0.10388229597032383,2026-04-30
2026-05-06,33.5,34.38,33.21,34.21,399072032.0,13470799258.0,20601793140.0,0.0193707425993502,247956091.4,0.6094463731331425,272201960.9,0.46608801303458947,2026-05-06
2026-05-07,34.84,35.17,34.12,34.46,336041354.0,11621995194.0,20601793140.0,0.0163112672628262,276211825.0,0.21660741353126345,290550885.3,0.15656627118182787,2026-05-07
2026-05-08,34.02,35.0,33.84,34.8,301248207.0,10371098900.0,20601793140.0,0.0146224265505851,297202389.8,0.013613003592341855,301590991.4,-0.0011365869995278999,2026-05-08
2026-05-11,34.55,34.72,33.85,34.27,303709653.0,10395756359.0,20601793140.0,0.0147419038205137,316050195.8,-0.039046148251112744,300517900.1,0.010620841217571009,2026-05-11
2026-05-12,34.96,35.33,34.5,34.58,416946021.0,14588128305.0,20601793140.0,0.0202383364480282,316092235.2,0.31906442034612814,293649664.8,0.41987569195413554,2026-05-12
2026-05-13,35.1,35.25,34.45,34.66,322480278.0,11214811350.0,20601793140.0,0.0156530199001891,351403453.4,-0.08230760147674743,299679772.4,0.07608289814624825,2026-05-13
2026-05-14,34.49,34.76,33.5,33.52,276948107.0,9403243412.0,20601793140.0,0.0134429127172568,336085102.6,-0.17595839608036234,306148463.8,-0.09537972667756367,2026-05-14
2026-05-15,32.99,33.0,31.5,31.84,448282207.0,14440316753.0,20601793140.0,0.0217593781256654,324266453.2,0.3824501504122906,310734421.5,0.4426538419400696,2026-05-15
2026-05-18,30.9,31.37,30.71,31.3,288798694.0,8937256919.0,20601793140.0,0.0140181338603616,353673253.2,-0.18343077575988997,334861724.5,-0.13755836254137188,2026-05-18
2026-05-19,31.3,31.39,30.64,31.16,180860114.0,5597109995.0,20601793140.0,0.0087788530236645,350691061.4,-0.4842750959263542,333391648.3,-0.45751456306051685,2026-05-19
2026-05-20,30.53,30.64,29.92,30.39,314489728.0,9501730628.0,20601793140.0,0.0152651628847487,303473880.0,0.036299163539214696,327438666.7,-0.03954615021647345,2026-05-20
2026-05-21,30.91,31.25,29.93,29.99,295615483.0,9083222840.0,20601793140.0,0.0143490171457958,301875770.0,-0.0207379578692255,318980436.3,-0.073248859933295,2026-05-21
2026-05-22,30.16,31.14,29.88,30.96,268103856.0,8208476892.0,20601793140.0,0.0130136175127132,305609245.2,-0.12272334619803571,314937849.2,-0.14870868432920004,2026-05-22
2026-05-25,31.64,32.0,31.09,31.35,284046195.0,8946274059.0,20601793140.0,0.0137874501054232,269573575.0,0.053687087096722985,311623414.1,-0.08849533716728519,2026-05-25
2026-05-26,31.16,32.98,31.02,32.9,443721556.0,14319468465.0,20601793140.0,0.0215380065698494,268623075.2,0.6518370794081358,309657068.3,0.4329450266903532,2026-05-26
2026-05-27,32.58,32.89,31.53,31.62,261696590.0,8367170296.0,20601793140.0,0.0127026122542651,321195363.6,-0.18524169506411903,312334621.8,-0.16212750129387032,2026-05-27
2026-05-28,31.0,31.2,30.08,30.71,310990946.0,9528322163.0,20601793140.0,0.0150953338812137,310636736.0,0.0011402708017123064,306256253.0,0.015459906381078747,2026-05-28
2026-05-29,31.32,31.38,30.18,30.44,261024987.0,7984251977.0,20601793140.0,0.0126700130045087,313711828.6,-0.16794662106024272,309660536.9,-0.15706085892276955,2026-05-29
2026-06-01,30.22,30.7,30.12,30.19,175162167.0,5318626880.0,20601793140.0,0.0085022777294035,312296054.8,-0.439115018240698,290934814.9,-0.3979332894201518,2026-06-01
2026-06-02,30.36,31.74,30.12,31.58,333321356.0,10347790078.0,20601793140.0,0.016179240017357,290519249.2,0.14732967580586753,279571162.2,0.19225943540467205,2026-06-02
2026-06-03,31.01,31.82,30.95,31.27,252980267.0,7954143964.0,20601793140.0,0.0122795266062942,268439209.2,-0.057588242217187946,294817286.4,-0.14190829822385875,2026-06-03
2026-06-04,30.9,30.95,30.22,30.34,206216550.0,6275998578.0,20601793140.0,0.0100096408404186,266695944.6,-0.2267728318505522,288666340.3,-0.2856231530642369,2026-06-04
2026-06-05,30.3,30.85,29.53,29.63,271621254.0,8155837777.0,20601793140.0,0.0131843501269132,245741065.4,0.10531487099184678,279726447.0,-0.02897542612408044,2026-06-05
2026-06-08,28.28,28.73,27.58,28.05,377532024.0,10652472482.0,20601793140.0,0.0183252021527675,247860318.8,0.5231644412780445,280078186.8,0.34795225688029197,2026-06-08
2026-06-09,28.14,28.53,27.6,28.47,251316131.0,7048918830.0,20601793140.0,0.0121987503365447,288334290.2,-0.12838625324210573,289426769.7,-0.13167627424202288,2026-06-09
2026-06-10,27.6,28.0,27.2,27.7,304408769.0,8386456563.0,20601793140.0,0.0147758385365478,271933245.2,0.11942461752374234,270186227.2,0.12666279164062444,2026-06-10
2026-06-11,27.2,27.69,26.8,27.33,323143136.0,8806739113.0,20601793140.0,0.0156851946723313,282218945.6,0.1450086574201983,274457445.1,0.17738885123797998,2026-06-11
2026-06-12,28.09,29.76,27.81,29.09,509853858.0,14717983134.0,20601793140.0,0.0247480330733968,305604262.8,0.6683466824992206,275672664.1,0.8494900815231028,2026-06-12
2026-06-15,30.54,31.35,30.4,31.31,571475639.0,17720187950.0,20601793140.0,0.0277391213044671,353250783.6,0.6177618437984973,300555551.2,0.9013977173880927,2026-06-15
2026-06-16,31.0,31.1,30.2,30.29,292271461.0,8968397192.0,20601793140.0,0.0141867001097361,392039506.6,-0.2544846728975044,340186898.4,-0.14085033146591042,2026-06-16
2026-06-17,30.5,30.95,30.12,30.43,222981724.0,6805840566.0,20601793140.0,0.0108234134031305,400230572.6,-0.4428668391036352,336081908.9,-0.3365256561121609,2026-06-17
2026-06-18,29.96,30.98,29.28,29.69,362067490.0,10845890995.0,20601793140.0,0.0175745619587363,383945163.6,-0.056981245433247674,333082054.6,0.08702190646328489,2026-06-18
2026-06-22,29.25,30.5,28.55,30.44,391847595.0,11601709249.0,20601793140.0,0.0190200722984251,391730034.4,0.0003001061692400331,348667148.6,0.12384432136317414,2026-06-22
2026-06-23,29.95,30.0,27.64,27.75,494740171.0,14086399528.0,20601793140.0,0.024014422804752,368128781.8,0.34393232873811663,360689782.7,0.37165008472528616,2026-06-23
2026-06-24,27.41,27.97,27.33,27.65,284609577.0,7851243196.0,20601793140.0,0.0138147963658274,352781688.2,-0.19324163776140124,372410597.4,-0.2357640223263957,2026-06-24
2026-06-25,26.51,26.76,25.73,25.92,576069979.0,15037198570.0,20601793140.0,0.0279621281062916,351249311.4,0.6400600949334703,375739942.0,0.5331614092813162,2026-06-25
2026-06-26,25.9,25.9,24.86,25.1,352820827.0,8938947881.0,20601793140.0,0.0171257338913364,421866962.4,-0.16366803175862998,402906063.0,-0.12430995857215477,2026-06-26
2026-06-29,25.35,25.96,24.98,25.79,323292727.0,8244862336.0,20601793140.0,0.0156924557393162,420017629.8,-0.2302877211274621,405873832.1,-0.20346496514131884,2026-06-29
2026-06-30,25.05,25.26,24.7,25.14,310705736.0,7754864675.0,20601793140.0,0.0150814899406372,406306656.2,-0.23529252780181253,387217719.0,-0.19759421959716672,2026-06-30
2026-07-01,24.85,25.55,24.42,25.11,338908351.0,8468766356.0,20601793140.0,0.0164504297609892,369499769.2,-0.08279144061776589,361140728.7,-0.061561535249790245,2026-07-01
2026-07-02,25.61,26.96,25.52,26.3,506741718.0,13301647731.0,20601793140.0,0.0245969714653682,380359524.0,0.33227035482355904,365804417.7,0.3852804763434654,2026-07-02
2026-07-03,27.5,28.3,27.41,27.82,538651958.0,15069982848.0,20601793140.0,0.0261458774165713,366493871.8,0.4697434239608478,394180417.1,0.3665112081490056,2026-07-03
2026-07-06,27.64,29.19,27.62,28.28,370091254.0,10578058579.0,20601793140.0,0.0179640311639397,403660098.0,-0.08316116496607495,411838863.9,-0.10136879629246665,2026-07-06
2026-07-07,27.8,28.11,27.43,27.62,223542243.0,6197952062.0,20601793140.0,0.0108506206950488,413019803.4,-0.4587614415585187,409663229.8,-0.45432680616921706,2026-07-07
2026-07-08,27.12,28.03,26.8,27.36,196981818.0,5419862358.0,20601793140.0,0.0095613918973656,395587104.8,-0.5020519738640379,382543437.0,-0.48507333037842704,2026-07-08
2026-07-09,26.82,27.7,26.55,27.62,251499732.0,6837329689.0,20601793140.0,0.0122076622307061,367201798.2,-0.3150912298555296,373780661.1,-0.3271462165542197,2026-07-09
2026-07-10,28.0,28.45,27.08,27.72,265710031.0,7383491289.0,20601793140.0,0.0128974225298914,316153401.0,-0.15955346309875695,341323636.4,-0.22153052802762174,2026-07-10
2026-07-13,27.23,27.63,26.74,27.36,213023840.0,5804744893.0,20601793140.0,0.0103400630494826,261565015.6,-0.18557977063045739,332612556.8,-0.35954360217347037,2026-07-13
2026-07-14,26.88,29.29,26.75,29.06,380320475.0,10725809967.0,20601793140.0,0.0184605520701777,230151532.8,0.652478566503816,321585668.1,0.1826412453235815,2026-07-14
2026-07-15,29.06,29.34,28.56,28.83,268349106.0,7773489885.0,20601793140.0,0.0130255218163014,261507179.2,0.026163437734026074,328547142.0,-0.18322495710524245,2026-07-15
2026-07-16,28.82,29.59,28.79,29.25,265438976.0,7773402449.0,20601793140.0,0.0128842656654303,275780636.8,-0.037499589963960855,321491217.5,-0.17435077056187387,2026-07-16
2026-07-17,28.65,28.82,27.92,28.36,290416859.0,8241056106.0,20601793140.0,0.0140966787224036,278568485.6,0.04253307180272081,297360943.3,-0.02335237514024935,2026-07-17
2026-07-20,28.36,29.45,28.29,29.35,275768250.0,7992030452.0,20601793140.0,0.0133856430906771,283509851.2,-0.027306286420850756,272537433.4,0.011854579239609198,2026-07-20
2026-07-21,29.95,30.33,29.13,30.21,342666967.0,10194288610.0,20601793140.0,0.0166328709676579,296058733.2,0.1574290117917725,263105133.0,0.3023955978844397,2026-07-21
2026-07-22,30.81,32.79,30.81,32.2,526165813.0,16851582577.0,20601793140.0,0.0255398066286962,288528031.6,0.8236211229883148,275017605.4,0.9132077462267076,2026-07-22
2026-07-23,32.52,33.68,31.92,33.06,439447611.0,14496609082.0,20601793140.0,0.0213305515696484,340091373.0,0.2921457169688335,307936004.9,0.4270744700435647,2026-07-23
2026-07-24,31.74,32.09,30.97,31.51,401039285.0,12602496385.0,20601793140.0,0.0194662320058612,374893100.0,0.0697430414163398,326730792.8,0.22743033052745054,2026-07-24
2026-07-27,32.45,32.45,31.13,31.77,231658923.0,7315150795.0,20601793140.0,0.0112445999931052,397017585.2,-0.41650211064756637,340263718.2,-0.3191783002152593,2026-07-27
2026-07-28,31.2,31.8,31.03,31.69,187062963.0,5875930636.0,20601793140.0,0.0090799359904649,388195719.8,-0.5181220362337442,342127226.5,-0.45323567225656036,2026-07-28
2026-07-29,31.94,32.29,31.18,32.15,215616330.0,6859408284.0,20601793140.0,0.0104659011249542,357074919.0,-0.396159409336728,322801475.3,-0.3320466401226513,2026-07-29
2026-07-30,32.63,33.18,32.01,32.7,284297969.0,9237898413.0,20601793140.0,0.0137996710804756,294965022.4,-0.03616379092411326,317528197.7,-0.10465284324573854,2026-07-30
2026-07-31,32.38,33.48,32.27,32.95,284247902.0,9347571745.0,20601793140.0,0.0137972408551229,263935094.0,0.07696137596616848,319414097.0,-0.11009593919081162,2026-07-31
2026-08-03,32.7,32.94,31.69,32.55,219541872.0,7095706475.0,20601793140.0,0.0106564448302192,240576817.4,-0.08743546293168314,318797201.3,-0.311343163915034,2026-08-03
2026-08-04,32.45,32.85,31.85,32.12,206659763.0,6641972274.0,20601793140.0,0.0100311541619527,238153407.2,-0.13224099781008714,313174563.5,-0.3401131921750088,2026-08-04
2026-08-05,32.39,34.22,32.38,34.1,430666938.0,14444803367.0,20601793140.0,0.020904342407158,242072767.2,0.7790804929502206,299573843.1,0.43759860187873656,2026-08-05
2026-08-06,35.38,35.8,34.15,34.5,402667434.0,14063625579.0,20601793140.0,0.0195452614859135,285082888.8,0.4124573933389999,290023955.6,0.3883937041233845,2026-08-06
2026-08-07,34.09,35.34,34.06,35.15,274712353.0,9582181212.0,20601793140.0,0.0133343904160761,308756781.8,-0.11026293447394653,286345937.9,-0.04062772807366577,2026-08-07
2026-08-10,35.18,35.6,34.71,35.45,273650525.0,9641711510.0,20601793140.0,0.0132828498539132,306849672.0,-0.10819352285310568,273713244.7,-0.00022914382557093216,2026-08-10
2026-08-11,35.66,35.77,33.11,33.18,447541472.0,15298737728.0,20601793140.0,0.0217234232456719,317671402.6,0.4088188874952887,277912404.9,0.610368821647371,2026-08-11
2026-08-12,33.19,34.08,33.18,33.58,204484205.0,6876694098.0,20601793140.0,0.0099255537423574,365847744.4,-0.44106747101759636,303960255.8,-0.3272666373377885,2026-08-12
2026-08-13,33.58,33.84,32.11,32.21,330907033.0,10856874191.0,20601793140.0,0.0160620500725986,320611197.8,0.032113149105985395,302847043.3,0.0926539991747708,2026-08-13
2026-08-14,31.8,32.66,31.75,32.53,194376501.0,6276856673.0,20601793140.0,0.0094349312061872,306259117.6,-0.3653201167585419,307507949.7,-0.3678976391028892,2026-08-14
2026-08-17,33.33,33.65,33.01,33.36,197196754.0,6558448790.0,20601793140.0,0.0095718247756369,290191947.2,-0.32046097108238425,298520809.6,-0.3394204100403191,2026-08-17
2026-08-18,33.36,33.58,32.87,33.56,184521427.0,6128479458.0,20601793140.0,0.0089565711948508,274901193.0,-0.3287718216632112,296286297.8,-0.37721916818253887,2026-08-18
2026-08-19,32.5,33.28,32.35,32.76,189857553.0,6217951025.0,20601793140.0,0.0092155838916456,222297184.0,-0.14592911352399318,294072464.2,-0.354385139334647,2026-08-19
2026-08-20,34.0,35.08,33.87,34.25,411578689.0,14178910927.0,20601793140.0,0.0199778090287144,219371853.6,0.8761690811550857,269991525.7,0.5244133605042256,2026-08-20
2026-08-21,34.25,34.87,33.6,34.74,300701690.0,10338560003.0,20601793140.0,0.0145958989082442,235506184.8,0.2768313930072208,270882651.2,0.11008102094358119,2026-08-21
2026-08-24,35.4,35.47,34.16,34.54,337648209.0,11751472253.0,20601793140.0,0.0163892631435284,256771222.6,0.31497683261021336,273481584.9,0.2346286830371518,2026-08-24
2026-08-25,34.7,34.7,33.4,33.68,251565413.0,8504382603.0,20601793140.0,0.0122108503512524,284861513.6,-0.1168852196957505,279881353.3,-0.10117122832991532,2026-08-25
2026-08-26,33.7,35.35,33.7,34.47,314235193.0,10924145121.0,20601793140.0,0.0152528078922357,298270310.8,0.05352487868195821,260283747.4,0.20727934855297847,2026-08-26
2026-08-27,33.8,34.86,33.79,34.57,231438796.0,7987376586.0,20601793140.0,0.0112339151464754,323145838.8,-0.2837945960887305,271258846.2,-0.14679724092994384,2026-08-27
2026-08-28,34.5,34.67,33.7,34.65,199711535.0,6839817324.0,20601793140.0,0.0096938908978871,287117860.2,-0.3044266390781635,261312022.5,-0.23573537455591043,2026-08-28
2026-08-31,33.0,33.75,32.6,33.67,296639927.0,9844983992.0,20601793140.0,0.0143987431086302,266919829.2,0.11134466063864856,261845525.9,0.13288140395145853,2026-08-31
2026-09-01,33.67,34.19,33.49,33.73,159114170.0,5377441770.0,20601793140.0,0.007723316553988,258718172.8,-0.38499036121825925,271789843.2,-0.4145691092550732,2026-09-01
2026-09-02,32.89,33.23,32.19,32.95,237215470.0,7761512611.0,20601793140.0,0.0115143118071323,240227924.2,-0.0125399834762423,269249117.5,-0.11897401112187489,2026-09-02
2026-09-03,33.25,33.66,32.95,33.31,169589761.0,5656819216.0,20601793140.0,0.0082317961280141,224823979.6,-0.24567761276297595,273984909.2,-0.38102517582015794,2026-09-03
2026-09-04,33.85,34.05,33.07,33.35,176934067.0,5939060556.0,20601793140.0,0.00858828480597,212454172.6,-0.16718949392853677,249786016.4,-0.2916574372335441,2026-09-04
2026-09-07,32.7,33.22,32.61,32.87,149559680.0,4930784380.0,20601793140.0,0.0072595467289504,207898679.0,-0.28061264881822556,237409254.1,-0.370034329255744,2026-09-07
2026-09-08,33.44,34.14,33.24,33.86,250241523.0,8459984919.0,20601793140.0,0.0121465894400296,178482629.6,0.4020497320149299,218600401.2,0.14474411586761549,2026-09-08
2026-09-09,33.87,34.53,33.49,34.4,199093490.0,6802972940.0,20601793140.0,0.0096638913247529,196708100.2,0.01212654586961448,218468012.2,-0.0886835651814476,2026-09-09
2026-09-10,34.08,34.39,33.97,34.11,99820005.0,3407050574.0,20601793140.0,0.0048452095563561,189083704.2,-0.4720856277788109,206953841.9,-0.5176702008352521,2026-09-10
2026-09-11,32.5,32.68,31.45,32.26,379901716.0,12179963161.0,20601793140.0,0.0184402257327004,175129753.0,1.1692585611081174,193791962.8,0.9603584715846636,2026-09-11
2026-09-14,31.78,32.49,31.7,32.25,154805285.0,4990561575.0,20601793140.0,0.0075141655849088,215723282.8,-0.28238953630460883,211810980.9,-0.2691347523994211,2026-09-14
2026-09-15,32.06,32.2,31.53,31.68,130203267.0,4146681642.0,20601793140.0,0.0063199968136365,216772403.8,-0.3993549699244513,197627516.7,-0.341168329318991,2026-09-15
2026-09-16,31.77,32.47,31.16,32.17,189636832.0,6038730153.0,20601793140.0,0.0092048702125741,192764752.6,-0.016226621090270843,194736426.4,-0.026187162280184473,2026-09-16
