Year,Effective_date,Trigger_date,Seed,Train_end,N,Stage2_features
2015,2015-01-01,,550343,2014-12-31,1,base_prediction|gold_daily|gold_vs_ma5|gold_vs_ma20|copper_daily|copper_vs_ma5|copper_vs_ma20|a500_vs_ma20|us10y_vs_ma20|RSI14_lag1|DIFF_lag1|DEA_lag1|cn10y_vs_ma20|brent_vs_ma20|dollar_vs_ma20|brent_vs_ma5|a500_vs_ma5
2015,2015-01-02,2015-01-01,550343,2015-01-01,2,base_prediction|gold_daily|gold_vs_ma5|gold_vs_ma20|copper_daily|copper_vs_ma5|copper_vs_ma20|a500_vs_ma20|us10y_vs_ma20|RSI14_lag1|DIFF_lag1|DEA_lag1|cn10y_vs_ma20|brent_vs_ma20|dollar_vs_ma20|brent_vs_ma5|a500_vs_ma5
2015,2015-01-05,2015-01-04,550343,2015-01-04,2,base_prediction|gold_daily|gold_vs_ma5|gold_vs_ma20|copper_daily|copper_vs_ma5|copper_vs_ma20|a500_vs_ma20|us10y_vs_ma20|RSI14_lag1|DIFF_lag1|DEA_lag1|cn10y_vs_ma20|brent_vs_ma20|dollar_vs_ma20|brent_vs_ma5|a500_vs_ma5
2015,2015-01-07,2015-01-06,965409,2015-01-06,1,base_prediction|gold_daily|gold_vs_ma5|gold_vs_ma20|copper_daily|copper_vs_ma5|copper_vs_ma20|a500_vs_ma20|us10y_vs_ma20|RSI14_lag1|DIFF_lag1|DEA_lag1|cn10y_vs_ma20|brent_vs_ma20|dollar_vs_ma20|brent_vs_ma5|a500_vs_ma5
2015,2015-01-08,2015-01-07,550343,2015-01-07,1,base_prediction|gold_daily|gold_vs_ma5|gold_vs_ma20|copper_daily|copper_vs_ma5|copper_vs_ma20|a500_vs_ma20|us10y_vs_ma20|RSI14_lag1|DIFF_lag1|DEA_lag1|cn10y_vs_ma20|brent_vs_ma20|dollar_vs_ma20|brent_vs_ma5|a500_vs_ma5
2015,2015-01-09,2015-01-08,550343,2015-01-08,1,base_prediction|gold_daily|gold_vs_ma5|gold_vs_ma20|copper_daily|copper_vs_ma5|copper_vs_ma20|a500_vs_ma20|us10y_vs_ma20|RSI14_lag1|DIFF_lag1|DEA_lag1|cn10y_vs_ma20|brent_vs_ma20|dollar_vs_ma20|brent_vs_ma5|a500_vs_ma5
2015,2015-01-12,2015-01-09,550343,2015-01-09,1,base_prediction|gold_daily|gold_vs_ma5|gold_vs_ma20|copper_daily|copper_vs_ma5|copper_vs_ma20|a500_vs_ma20|us10y_vs_ma20|RSI14_lag1|DIFF_lag1|DEA_lag1|cn10y_vs_ma20|brent_vs_ma20|dollar_vs_ma20|brent_vs_ma5|a500_vs_ma5
2015,2015-01-13,2015-01-12,550343,2015-01-12,1,base_prediction|gold_daily|gold_vs_ma5|gold_vs_ma20|copper_daily|copper_vs_ma5|copper_vs_ma20|a500_vs_ma20|us10y_vs_ma20|RSI14_lag1|DIFF_lag1|DEA_lag1|cn10y_vs_ma20|brent_vs_ma20|dollar_vs_ma20|brent_vs_ma5|a500_vs_ma5
2015,2015-01-14,2015-01-13,550343,2015-01-13,1,base_prediction|gold_daily|gold_vs_ma5|gold_vs_ma20|copper_daily|copper_vs_ma5|copper_vs_ma20|a500_vs_ma20|us10y_vs_ma20|RSI14_lag1|DIFF_lag1|DEA_lag1|cn10y_vs_ma20|brent_vs_ma20|dollar_vs_ma20|brent_vs_ma5|a500_vs_ma5
2015,2015-01-15,2015-01-14,550343,2015-01-14,1,base_prediction|gold_daily|gold_vs_ma5|gold_vs_ma20|copper_daily|copper_vs_ma5|copper_vs_ma20|a500_vs_ma20|us10y_vs_ma20|RSI14_lag1|DIFF_lag1|DEA_lag1|cn10y_vs_ma20|brent_vs_ma20|dollar_vs_ma20|brent_vs_ma5|a500_vs_ma5
2015,2015-01-16,2015-01-15,42716,2015-01-15,1,base_prediction|gold_daily|gold_vs_ma5|gold_vs_ma20|copper_daily|copper_vs_ma5|copper_vs_ma20|a500_vs_ma20|us10y_vs_ma20|RSI14_lag1|DIFF_lag1|DEA_lag1|cn10y_vs_ma20|brent_vs_ma20|dollar_vs_ma20|brent_vs_ma5|a500_vs_ma5
2015,2015-01-19,2015-01-16,550343,2015-01-16,1,base_prediction|gold_daily|gold_vs_ma5|gold_vs_ma20|copper_daily|copper_vs_ma5|copper_vs_ma20|a500_vs_ma20|us10y_vs_ma20|RSI14_lag1|DIFF_lag1|DEA_lag1|cn10y_vs_ma20|brent_vs_ma20|dollar_vs_ma20|brent_vs_ma5|a500_vs_ma5
2015,2015-01-20,2015-01-19,550343,2015-01-19,1,base_prediction|gold_daily|gold_vs_ma5|gold_vs_ma20|copper_daily|copper_vs_ma5|copper_vs_ma20|a500_vs_ma20|us10y_vs_ma20|RSI14_lag1|DIFF_lag1|DEA_lag1|cn10y_vs_ma20|brent_vs_ma20|dollar_vs_ma20|brent_vs_ma5|a500_vs_ma5
2015,2015-01-21,2015-01-20,374583,2015-01-20,2,base_prediction|gold_daily|gold_vs_ma5|gold_vs_ma20|copper_daily|copper_vs_ma5|copper_vs_ma20|a500_vs_ma20|us10y_vs_ma20|RSI14_lag1|DIFF_lag1|DEA_lag1|cn10y_vs_ma20|brent_vs_ma20|dollar_vs_ma20|brent_vs_ma5|a500_vs_ma5
2015,2015-01-23,2015-01-22,640934,2015-01-22,1,base_prediction|gold_daily|gold_vs_ma5|gold_vs_ma20|copper_daily|copper_vs_ma5|copper_vs_ma20|a500_vs_ma20|us10y_vs_ma20|RSI14_lag1|DIFF_lag1|DEA_lag1|cn10y_vs_ma20|brent_vs_ma20|dollar_vs_ma20|brent_vs_ma5|a500_vs_ma5
2015,2015-01-26,2015-01-23,640934,2015-01-23,1,base_prediction|gold_daily|gold_vs_ma5|gold_vs_ma20|copper_daily|copper_vs_ma5|copper_vs_ma20|a500_vs_ma20|us10y_vs_ma20|RSI14_lag1|DIFF_lag1|DEA_lag1|cn10y_vs_ma20|brent_vs_ma20|dollar_vs_ma20|brent_vs_ma5|a500_vs_ma5
2015,2015-01-27,2015-01-26,640934,2015-01-26,1,base_prediction|gold_daily|gold_vs_ma5|gold_vs_ma20|copper_daily|copper_vs_ma5|copper_vs_ma20|a500_vs_ma20|us10y_vs_ma20|RSI14_lag1|DIFF_lag1|DEA_lag1|cn10y_vs_ma20|brent_vs_ma20|dollar_vs_ma20|brent_vs_ma5|a500_vs_ma5
2015,2015-01-28,2015-01-27,640934,2015-01-27,1,base_prediction|gold_daily|gold_vs_ma5|gold_vs_ma20|copper_daily|copper_vs_ma5|copper_vs_ma20|a500_vs_ma20|us10y_vs_ma20|RSI14_lag1|DIFF_lag1|DEA_lag1|cn10y_vs_ma20|brent_vs_ma20|dollar_vs_ma20|brent_vs_ma5|a500_vs_ma5
2015,2015-01-29,2015-01-28,640934,2015-01-28,1,base_prediction|gold_daily|gold_vs_ma5|gold_vs_ma20|copper_daily|copper_vs_ma5|copper_vs_ma20|a500_vs_ma20|us10y_vs_ma20|RSI14_lag1|DIFF_lag1|DEA_lag1|cn10y_vs_ma20|brent_vs_ma20|dollar_vs_ma20|brent_vs_ma5|a500_vs_ma5
2015,2015-01-30,2015-01-29,640934,2015-01-29,1,base_prediction|gold_daily|gold_vs_ma5|gold_vs_ma20|copper_daily|copper_vs_ma5|copper_vs_ma20|a500_vs_ma20|us10y_vs_ma20|RSI14_lag1|DIFF_lag1|DEA_lag1|cn10y_vs_ma20|brent_vs_ma20|dollar_vs_ma20|brent_vs_ma5|a500_vs_ma5
2015,2015-02-02,2015-01-30,550343,2015-01-30,1,base_prediction|gold_daily|gold_vs_ma5|gold_vs_ma20|copper_daily|copper_vs_ma5|copper_vs_ma20|a500_vs_ma20|us10y_vs_ma20|RSI14_lag1|DIFF_lag1|DEA_lag1|cn10y_vs_ma20|brent_vs_ma20|dollar_vs_ma20|brent_vs_ma5|a500_vs_ma5
2015,2015-02-03,2015-02-02,550343,2015-02-02,1,base_prediction|gold_daily|gold_vs_ma5|gold_vs_ma20|copper_daily|copper_vs_ma5|copper_vs_ma20|a500_vs_ma20|us10y_vs_ma20|RSI14_lag1|DIFF_lag1|DEA_lag1|cn10y_vs_ma20|brent_vs_ma20|dollar_vs_ma20|brent_vs_ma5|a500_vs_ma5
2015,2015-02-04,2015-02-03,550343,2015-02-03,1,base_prediction|gold_daily|gold_vs_ma5|gold_vs_ma20|copper_daily|copper_vs_ma5|copper_vs_ma20|a500_vs_ma20|us10y_vs_ma20|RSI14_lag1|DIFF_lag1|DEA_lag1|cn10y_vs_ma20|brent_vs_ma20|dollar_vs_ma20|brent_vs_ma5|a500_vs_ma5
2015,2015-02-05,2015-02-04,550343,2015-02-04,1,base_prediction|gold_daily|gold_vs_ma5|gold_vs_ma20|copper_daily|copper_vs_ma5|copper_vs_ma20|a500_vs_ma20|us10y_vs_ma20|RSI14_lag1|DIFF_lag1|DEA_lag1|cn10y_vs_ma20|brent_vs_ma20|dollar_vs_ma20|brent_vs_ma5|a500_vs_ma5
2015,2015-02-06,2015-02-05,550343,2015-02-05,1,base_prediction|gold_daily|gold_vs_ma5|gold_vs_ma20|copper_daily|copper_vs_ma5|copper_vs_ma20|a500_vs_ma20|us10y_vs_ma20|RSI14_lag1|DIFF_lag1|DEA_lag1|cn10y_vs_ma20|brent_vs_ma20|dollar_vs_ma20|brent_vs_ma5|a500_vs_ma5
2015,2015-02-09,2015-02-06,550343,2015-02-06,1,base_prediction|gold_daily|gold_vs_ma5|gold_vs_ma20|copper_daily|copper_vs_ma5|copper_vs_ma20|a500_vs_ma20|us10y_vs_ma20|RSI14_lag1|DIFF_lag1|DEA_lag1|cn10y_vs_ma20|brent_vs_ma20|dollar_vs_ma20|brent_vs_ma5|a500_vs_ma5
2015,2015-02-10,2015-02-09,550343,2015-02-09,1,base_prediction|gold_daily|gold_vs_ma5|gold_vs_ma20|copper_daily|copper_vs_ma5|copper_vs_ma20|a500_vs_ma20|us10y_vs_ma20|RSI14_lag1|DIFF_lag1|DEA_lag1|cn10y_vs_ma20|brent_vs_ma20|dollar_vs_ma20|brent_vs_ma5|a500_vs_ma5
2015,2015-02-11,2015-02-10,550343,2015-02-10,1,base_prediction|gold_daily|gold_vs_ma5|gold_vs_ma20|copper_daily|copper_vs_ma5|copper_vs_ma20|a500_vs_ma20|us10y_vs_ma20|RSI14_lag1|DIFF_lag1|DEA_lag1|cn10y_vs_ma20|brent_vs_ma20|dollar_vs_ma20|brent_vs_ma5|a500_vs_ma5
2015,2015-02-12,2015-02-11,550343,2015-02-11,1,base_prediction|gold_daily|gold_vs_ma5|gold_vs_ma20|copper_daily|copper_vs_ma5|copper_vs_ma20|a500_vs_ma20|us10y_vs_ma20|RSI14_lag1|DIFF_lag1|DEA_lag1|cn10y_vs_ma20|brent_vs_ma20|dollar_vs_ma20|brent_vs_ma5|a500_vs_ma5
2015,2015-02-13,2015-02-12,550343,2015-02-12,1,base_prediction|gold_daily|gold_vs_ma5|gold_vs_ma20|copper_daily|copper_vs_ma5|copper_vs_ma20|a500_vs_ma20|us10y_vs_ma20|RSI14_lag1|DIFF_lag1|DEA_lag1|cn10y_vs_ma20|brent_vs_ma20|dollar_vs_ma20|brent_vs_ma5|a500_vs_ma5
2015,2015-02-15,2015-02-13,550343,2015-02-13,1,base_prediction|gold_daily|gold_vs_ma5|gold_vs_ma20|copper_daily|copper_vs_ma5|copper_vs_ma20|a500_vs_ma20|us10y_vs_ma20|RSI14_lag1|DIFF_lag1|DEA_lag1|cn10y_vs_ma20|brent_vs_ma20|dollar_vs_ma20|brent_vs_ma5|a500_vs_ma5
2015,2015-02-16,2015-02-15,550343,2015-02-15,2,base_prediction|gold_daily|gold_vs_ma5|gold_vs_ma20|copper_daily|copper_vs_ma5|copper_vs_ma20|a500_vs_ma20|us10y_vs_ma20|RSI14_lag1|DIFF_lag1|DEA_lag1|cn10y_vs_ma20|brent_vs_ma20|dollar_vs_ma20|brent_vs_ma5|a500_vs_ma5
2015,2015-02-18,2015-02-17,550343,2015-02-17,1,base_prediction|gold_daily|gold_vs_ma5|gold_vs_ma20|copper_daily|copper_vs_ma5|copper_vs_ma20|a500_vs_ma20|us10y_vs_ma20|RSI14_lag1|DIFF_lag1|DEA_lag1|cn10y_vs_ma20|brent_vs_ma20|dollar_vs_ma20|brent_vs_ma5|a500_vs_ma5
2015,2015-02-19,2015-02-18,550343,2015-02-18,1,base_prediction|gold_daily|gold_vs_ma5|gold_vs_ma20|copper_daily|copper_vs_ma5|copper_vs_ma20|a500_vs_ma20|us10y_vs_ma20|RSI14_lag1|DIFF_lag1|DEA_lag1|cn10y_vs_ma20|brent_vs_ma20|dollar_vs_ma20|brent_vs_ma5|a500_vs_ma5
2015,2015-02-20,2015-02-19,640934,2015-02-19,1,base_prediction|gold_daily|gold_vs_ma5|gold_vs_ma20|copper_daily|copper_vs_ma5|copper_vs_ma20|a500_vs_ma20|us10y_vs_ma20|RSI14_lag1|DIFF_lag1|DEA_lag1|cn10y_vs_ma20|brent_vs_ma20|dollar_vs_ma20|brent_vs_ma5|a500_vs_ma5
2015,2015-02-23,2015-02-20,640934,2015-02-20,1,base_prediction|gold_daily|gold_vs_ma5|gold_vs_ma20|copper_daily|copper_vs_ma5|copper_vs_ma20|a500_vs_ma20|us10y_vs_ma20|RSI14_lag1|DIFF_lag1|DEA_lag1|cn10y_vs_ma20|brent_vs_ma20|dollar_vs_ma20|brent_vs_ma5|a500_vs_ma5
2015,2015-02-24,2015-02-23,640934,2015-02-23,1,base_prediction|gold_daily|gold_vs_ma5|gold_vs_ma20|copper_daily|copper_vs_ma5|copper_vs_ma20|a500_vs_ma20|us10y_vs_ma20|RSI14_lag1|DIFF_lag1|DEA_lag1|cn10y_vs_ma20|brent_vs_ma20|dollar_vs_ma20|brent_vs_ma5|a500_vs_ma5
2015,2015-02-25,2015-02-24,640934,2015-02-24,2,base_prediction|gold_daily|gold_vs_ma5|gold_vs_ma20|copper_daily|copper_vs_ma5|copper_vs_ma20|a500_vs_ma20|us10y_vs_ma20|RSI14_lag1|DIFF_lag1|DEA_lag1|cn10y_vs_ma20|brent_vs_ma20|dollar_vs_ma20|brent_vs_ma5|a500_vs_ma5
2015,2015-02-27,2015-02-26,640934,2015-02-26,2,base_prediction|gold_daily|gold_vs_ma5|gold_vs_ma20|copper_daily|copper_vs_ma5|copper_vs_ma20|a500_vs_ma20|us10y_vs_ma20|RSI14_lag1|DIFF_lag1|DEA_lag1|cn10y_vs_ma20|brent_vs_ma20|dollar_vs_ma20|brent_vs_ma5|a500_vs_ma5
2015,2015-03-02,2015-02-28,640934,2015-02-28,1,base_prediction|gold_daily|gold_vs_ma5|gold_vs_ma20|copper_daily|copper_vs_ma5|copper_vs_ma20|a500_vs_ma20|us10y_vs_ma20|RSI14_lag1|DIFF_lag1|DEA_lag1|cn10y_vs_ma20|brent_vs_ma20|dollar_vs_ma20|brent_vs_ma5|a500_vs_ma5
2015,2015-03-03,2015-03-02,640934,2015-03-02,1,base_prediction|gold_daily|gold_vs_ma5|gold_vs_ma20|copper_daily|copper_vs_ma5|copper_vs_ma20|a500_vs_ma20|us10y_vs_ma20|RSI14_lag1|DIFF_lag1|DEA_lag1|cn10y_vs_ma20|brent_vs_ma20|dollar_vs_ma20|brent_vs_ma5|a500_vs_ma5
2015,2015-03-04,2015-03-03,42716,2015-03-03,1,base_prediction|gold_daily|gold_vs_ma5|gold_vs_ma20|copper_daily|copper_vs_ma5|copper_vs_ma20|a500_vs_ma20|us10y_vs_ma20|RSI14_lag1|DIFF_lag1|DEA_lag1|cn10y_vs_ma20|brent_vs_ma20|dollar_vs_ma20|brent_vs_ma5|a500_vs_ma5
2015,2015-03-05,2015-03-04,42716,2015-03-04,2,base_prediction|gold_daily|gold_vs_ma5|gold_vs_ma20|copper_daily|copper_vs_ma5|copper_vs_ma20|a500_vs_ma20|us10y_vs_ma20|RSI14_lag1|DIFF_lag1|DEA_lag1|cn10y_vs_ma20|brent_vs_ma20|dollar_vs_ma20|brent_vs_ma5|a500_vs_ma5
2015,2015-03-09,2015-03-06,42716,2015-03-06,1,base_prediction|gold_daily|gold_vs_ma5|gold_vs_ma20|copper_daily|copper_vs_ma5|copper_vs_ma20|a500_vs_ma20|us10y_vs_ma20|RSI14_lag1|DIFF_lag1|DEA_lag1|cn10y_vs_ma20|brent_vs_ma20|dollar_vs_ma20|brent_vs_ma5|a500_vs_ma5
2015,2015-03-10,2015-03-09,42716,2015-03-09,1,base_prediction|gold_daily|gold_vs_ma5|gold_vs_ma20|copper_daily|copper_vs_ma5|copper_vs_ma20|a500_vs_ma20|us10y_vs_ma20|RSI14_lag1|DIFF_lag1|DEA_lag1|cn10y_vs_ma20|brent_vs_ma20|dollar_vs_ma20|brent_vs_ma5|a500_vs_ma5
2015,2015-03-11,2015-03-10,42716,2015-03-10,1,base_prediction|gold_daily|gold_vs_ma5|gold_vs_ma20|copper_daily|copper_vs_ma5|copper_vs_ma20|a500_vs_ma20|us10y_vs_ma20|RSI14_lag1|DIFF_lag1|DEA_lag1|cn10y_vs_ma20|brent_vs_ma20|dollar_vs_ma20|brent_vs_ma5|a500_vs_ma5
2015,2015-03-12,2015-03-11,565766,2015-03-11,3,base_prediction|gold_daily|gold_vs_ma5|gold_vs_ma20|copper_daily|copper_vs_ma5|copper_vs_ma20|a500_vs_ma20|us10y_vs_ma20|RSI14_lag1|DIFF_lag1|DEA_lag1|cn10y_vs_ma20|brent_vs_ma20|dollar_vs_ma20|brent_vs_ma5|a500_vs_ma5
2015,2015-03-17,2015-03-16,42716,2015-03-16,1,base_prediction|gold_daily|gold_vs_ma5|gold_vs_ma20|copper_daily|copper_vs_ma5|copper_vs_ma20|a500_vs_ma20|us10y_vs_ma20|RSI14_lag1|DIFF_lag1|DEA_lag1|cn10y_vs_ma20|brent_vs_ma20|dollar_vs_ma20|brent_vs_ma5|a500_vs_ma5
2015,2015-03-18,2015-03-17,42716,2015-03-17,1,base_prediction|gold_daily|gold_vs_ma5|gold_vs_ma20|copper_daily|copper_vs_ma5|copper_vs_ma20|a500_vs_ma20|us10y_vs_ma20|RSI14_lag1|DIFF_lag1|DEA_lag1|cn10y_vs_ma20|brent_vs_ma20|dollar_vs_ma20|brent_vs_ma5|a500_vs_ma5
2015,2015-03-19,2015-03-18,42716,2015-03-18,1,base_prediction|gold_daily|gold_vs_ma5|gold_vs_ma20|copper_daily|copper_vs_ma5|copper_vs_ma20|a500_vs_ma20|us10y_vs_ma20|RSI14_lag1|DIFF_lag1|DEA_lag1|cn10y_vs_ma20|brent_vs_ma20|dollar_vs_ma20|brent_vs_ma5|a500_vs_ma5
2015,2015-03-20,2015-03-19,42716,2015-03-19,1,base_prediction|gold_daily|gold_vs_ma5|gold_vs_ma20|copper_daily|copper_vs_ma5|copper_vs_ma20|a500_vs_ma20|us10y_vs_ma20|RSI14_lag1|DIFF_lag1|DEA_lag1|cn10y_vs_ma20|brent_vs_ma20|dollar_vs_ma20|brent_vs_ma5|a500_vs_ma5
2015,2015-03-23,2015-03-20,42716,2015-03-20,4,base_prediction|gold_daily|gold_vs_ma5|gold_vs_ma20|copper_daily|copper_vs_ma5|copper_vs_ma20|a500_vs_ma20|us10y_vs_ma20|RSI14_lag1|DIFF_lag1|DEA_lag1|cn10y_vs_ma20|brent_vs_ma20|dollar_vs_ma20|brent_vs_ma5|a500_vs_ma5
2015,2015-03-27,2015-03-26,42716,2015-03-26,1,base_prediction|gold_daily|gold_vs_ma5|gold_vs_ma20|copper_daily|copper_vs_ma5|copper_vs_ma20|a500_vs_ma20|us10y_vs_ma20|RSI14_lag1|DIFF_lag1|DEA_lag1|cn10y_vs_ma20|brent_vs_ma20|dollar_vs_ma20|brent_vs_ma5|a500_vs_ma5
2015,2015-03-30,2015-03-27,42716,2015-03-27,1,base_prediction|gold_daily|gold_vs_ma5|gold_vs_ma20|copper_daily|copper_vs_ma5|copper_vs_ma20|a500_vs_ma20|us10y_vs_ma20|RSI14_lag1|DIFF_lag1|DEA_lag1|cn10y_vs_ma20|brent_vs_ma20|dollar_vs_ma20|brent_vs_ma5|a500_vs_ma5
2015,2015-03-31,2015-03-30,42716,2015-03-30,1,base_prediction|gold_daily|gold_vs_ma5|gold_vs_ma20|copper_daily|copper_vs_ma5|copper_vs_ma20|a500_vs_ma20|us10y_vs_ma20|RSI14_lag1|DIFF_lag1|DEA_lag1|cn10y_vs_ma20|brent_vs_ma20|dollar_vs_ma20|brent_vs_ma5|a500_vs_ma5
2015,2015-04-01,2015-03-31,550343,2015-03-31,1,base_prediction|gold_daily|gold_vs_ma5|gold_vs_ma20|copper_daily|copper_vs_ma5|copper_vs_ma20|a500_vs_ma20|us10y_vs_ma20|RSI14_lag1|DIFF_lag1|DEA_lag1|cn10y_vs_ma20|brent_vs_ma20|dollar_vs_ma20|brent_vs_ma5|a500_vs_ma5
2015,2015-04-02,2015-04-01,550343,2015-04-01,1,base_prediction|gold_daily|gold_vs_ma5|gold_vs_ma20|copper_daily|copper_vs_ma5|copper_vs_ma20|a500_vs_ma20|us10y_vs_ma20|RSI14_lag1|DIFF_lag1|DEA_lag1|cn10y_vs_ma20|brent_vs_ma20|dollar_vs_ma20|brent_vs_ma5|a500_vs_ma5
2015,2015-04-03,2015-04-02,550343,2015-04-02,1,base_prediction|gold_daily|gold_vs_ma5|gold_vs_ma20|copper_daily|copper_vs_ma5|copper_vs_ma20|a500_vs_ma20|us10y_vs_ma20|RSI14_lag1|DIFF_lag1|DEA_lag1|cn10y_vs_ma20|brent_vs_ma20|dollar_vs_ma20|brent_vs_ma5|a500_vs_ma5
2015,2015-04-06,2015-04-03,550343,2015-04-03,1,base_prediction|gold_daily|gold_vs_ma5|gold_vs_ma20|copper_daily|copper_vs_ma5|copper_vs_ma20|a500_vs_ma20|us10y_vs_ma20|RSI14_lag1|DIFF_lag1|DEA_lag1|cn10y_vs_ma20|brent_vs_ma20|dollar_vs_ma20|brent_vs_ma5|a500_vs_ma5
2015,2015-04-07,2015-04-06,550343,2015-04-06,1,base_prediction|gold_daily|gold_vs_ma5|gold_vs_ma20|copper_daily|copper_vs_ma5|copper_vs_ma20|a500_vs_ma20|us10y_vs_ma20|RSI14_lag1|DIFF_lag1|DEA_lag1|cn10y_vs_ma20|brent_vs_ma20|dollar_vs_ma20|brent_vs_ma5|a500_vs_ma5
2015,2015-04-08,2015-04-07,965409,2015-04-07,1,base_prediction|gold_daily|gold_vs_ma5|gold_vs_ma20|copper_daily|copper_vs_ma5|copper_vs_ma20|a500_vs_ma20|us10y_vs_ma20|RSI14_lag1|DIFF_lag1|DEA_lag1|cn10y_vs_ma20|brent_vs_ma20|dollar_vs_ma20|brent_vs_ma5|a500_vs_ma5
2015,2015-04-09,2015-04-08,965409,2015-04-08,1,base_prediction|gold_daily|gold_vs_ma5|gold_vs_ma20|copper_daily|copper_vs_ma5|copper_vs_ma20|a500_vs_ma20|us10y_vs_ma20|RSI14_lag1|DIFF_lag1|DEA_lag1|cn10y_vs_ma20|brent_vs_ma20|dollar_vs_ma20|brent_vs_ma5|a500_vs_ma5
2015,2015-04-10,2015-04-09,965409,2015-04-09,2,base_prediction|gold_daily|gold_vs_ma5|gold_vs_ma20|copper_daily|copper_vs_ma5|copper_vs_ma20|a500_vs_ma20|us10y_vs_ma20|RSI14_lag1|DIFF_lag1|DEA_lag1|cn10y_vs_ma20|brent_vs_ma20|dollar_vs_ma20|brent_vs_ma5|a500_vs_ma5
2015,2015-04-14,2015-04-13,965409,2015-04-13,1,base_prediction|gold_daily|gold_vs_ma5|gold_vs_ma20|copper_daily|copper_vs_ma5|copper_vs_ma20|a500_vs_ma20|us10y_vs_ma20|RSI14_lag1|DIFF_lag1|DEA_lag1|cn10y_vs_ma20|brent_vs_ma20|dollar_vs_ma20|brent_vs_ma5|a500_vs_ma5
2015,2015-04-15,2015-04-14,965409,2015-04-14,3,base_prediction|gold_daily|gold_vs_ma5|gold_vs_ma20|copper_daily|copper_vs_ma5|copper_vs_ma20|a500_vs_ma20|us10y_vs_ma20|RSI14_lag1|DIFF_lag1|DEA_lag1|cn10y_vs_ma20|brent_vs_ma20|dollar_vs_ma20|brent_vs_ma5|a500_vs_ma5
2015,2015-04-20,2015-04-17,374583,2015-04-17,1,base_prediction|gold_daily|gold_vs_ma5|gold_vs_ma20|copper_daily|copper_vs_ma5|copper_vs_ma20|a500_vs_ma20|us10y_vs_ma20|RSI14_lag1|DIFF_lag1|DEA_lag1|cn10y_vs_ma20|brent_vs_ma20|dollar_vs_ma20|brent_vs_ma5|a500_vs_ma5
2015,2015-04-21,2015-04-20,374583,2015-04-20,1,base_prediction|gold_daily|gold_vs_ma5|gold_vs_ma20|copper_daily|copper_vs_ma5|copper_vs_ma20|a500_vs_ma20|us10y_vs_ma20|RSI14_lag1|DIFF_lag1|DEA_lag1|cn10y_vs_ma20|brent_vs_ma20|dollar_vs_ma20|brent_vs_ma5|a500_vs_ma5
2015,2015-04-22,2015-04-21,374583,2015-04-21,3,base_prediction|gold_daily|gold_vs_ma5|gold_vs_ma20|copper_daily|copper_vs_ma5|copper_vs_ma20|a500_vs_ma20|us10y_vs_ma20|RSI14_lag1|DIFF_lag1|DEA_lag1|cn10y_vs_ma20|brent_vs_ma20|dollar_vs_ma20|brent_vs_ma5|a500_vs_ma5
2015,2015-04-27,2015-04-24,374583,2015-04-24,1,base_prediction|gold_daily|gold_vs_ma5|gold_vs_ma20|copper_daily|copper_vs_ma5|copper_vs_ma20|a500_vs_ma20|us10y_vs_ma20|RSI14_lag1|DIFF_lag1|DEA_lag1|cn10y_vs_ma20|brent_vs_ma20|dollar_vs_ma20|brent_vs_ma5|a500_vs_ma5
2015,2015-04-28,2015-04-27,374583,2015-04-27,1,base_prediction|gold_daily|gold_vs_ma5|gold_vs_ma20|copper_daily|copper_vs_ma5|copper_vs_ma20|a500_vs_ma20|us10y_vs_ma20|RSI14_lag1|DIFF_lag1|DEA_lag1|cn10y_vs_ma20|brent_vs_ma20|dollar_vs_ma20|brent_vs_ma5|a500_vs_ma5
2015,2015-04-29,2015-04-28,374583,2015-04-28,1,base_prediction|gold_daily|gold_vs_ma5|gold_vs_ma20|copper_daily|copper_vs_ma5|copper_vs_ma20|a500_vs_ma20|us10y_vs_ma20|RSI14_lag1|DIFF_lag1|DEA_lag1|cn10y_vs_ma20|brent_vs_ma20|dollar_vs_ma20|brent_vs_ma5|a500_vs_ma5
2015,2015-04-30,2015-04-29,374583,2015-04-29,1,base_prediction|gold_daily|gold_vs_ma5|gold_vs_ma20|copper_daily|copper_vs_ma5|copper_vs_ma20|a500_vs_ma20|us10y_vs_ma20|RSI14_lag1|DIFF_lag1|DEA_lag1|cn10y_vs_ma20|brent_vs_ma20|dollar_vs_ma20|brent_vs_ma5|a500_vs_ma5
2015,2015-05-01,2015-04-30,374583,2015-04-30,2,base_prediction|gold_daily|gold_vs_ma5|gold_vs_ma20|copper_daily|copper_vs_ma5|copper_vs_ma20|a500_vs_ma20|us10y_vs_ma20|RSI14_lag1|DIFF_lag1|DEA_lag1|cn10y_vs_ma20|brent_vs_ma20|dollar_vs_ma20|brent_vs_ma5|a500_vs_ma5
2015,2015-05-05,2015-05-04,374583,2015-05-04,1,base_prediction|gold_daily|gold_vs_ma5|gold_vs_ma20|copper_daily|copper_vs_ma5|copper_vs_ma20|a500_vs_ma20|us10y_vs_ma20|RSI14_lag1|DIFF_lag1|DEA_lag1|cn10y_vs_ma20|brent_vs_ma20|dollar_vs_ma20|brent_vs_ma5|a500_vs_ma5
2015,2015-05-06,2015-05-05,374583,2015-05-05,2,base_prediction|gold_daily|gold_vs_ma5|gold_vs_ma20|copper_daily|copper_vs_ma5|copper_vs_ma20|a500_vs_ma20|us10y_vs_ma20|RSI14_lag1|DIFF_lag1|DEA_lag1|cn10y_vs_ma20|brent_vs_ma20|dollar_vs_ma20|brent_vs_ma5|a500_vs_ma5
2015,2015-05-08,2015-05-07,374583,2015-05-07,1,base_prediction|gold_daily|gold_vs_ma5|gold_vs_ma20|copper_daily|copper_vs_ma5|copper_vs_ma20|a500_vs_ma20|us10y_vs_ma20|RSI14_lag1|DIFF_lag1|DEA_lag1|cn10y_vs_ma20|brent_vs_ma20|dollar_vs_ma20|brent_vs_ma5|a500_vs_ma5
2015,2015-05-11,2015-05-08,374583,2015-05-08,1,base_prediction|gold_daily|gold_vs_ma5|gold_vs_ma20|copper_daily|copper_vs_ma5|copper_vs_ma20|a500_vs_ma20|us10y_vs_ma20|RSI14_lag1|DIFF_lag1|DEA_lag1|cn10y_vs_ma20|brent_vs_ma20|dollar_vs_ma20|brent_vs_ma5|a500_vs_ma5
2015,2015-05-12,2015-05-11,374583,2015-05-11,2,base_prediction|gold_daily|gold_vs_ma5|gold_vs_ma20|copper_daily|copper_vs_ma5|copper_vs_ma20|a500_vs_ma20|us10y_vs_ma20|RSI14_lag1|DIFF_lag1|DEA_lag1|cn10y_vs_ma20|brent_vs_ma20|dollar_vs_ma20|brent_vs_ma5|a500_vs_ma5
2015,2015-05-14,2015-05-13,374583,2015-05-13,1,base_prediction|gold_daily|gold_vs_ma5|gold_vs_ma20|copper_daily|copper_vs_ma5|copper_vs_ma20|a500_vs_ma20|us10y_vs_ma20|RSI14_lag1|DIFF_lag1|DEA_lag1|cn10y_vs_ma20|brent_vs_ma20|dollar_vs_ma20|brent_vs_ma5|a500_vs_ma5
2015,2015-05-15,2015-05-14,374583,2015-05-14,1,base_prediction|gold_daily|gold_vs_ma5|gold_vs_ma20|copper_daily|copper_vs_ma5|copper_vs_ma20|a500_vs_ma20|us10y_vs_ma20|RSI14_lag1|DIFF_lag1|DEA_lag1|cn10y_vs_ma20|brent_vs_ma20|dollar_vs_ma20|brent_vs_ma5|a500_vs_ma5
2015,2015-05-18,2015-05-15,374583,2015-05-15,1,base_prediction|gold_daily|gold_vs_ma5|gold_vs_ma20|copper_daily|copper_vs_ma5|copper_vs_ma20|a500_vs_ma20|us10y_vs_ma20|RSI14_lag1|DIFF_lag1|DEA_lag1|cn10y_vs_ma20|brent_vs_ma20|dollar_vs_ma20|brent_vs_ma5|a500_vs_ma5
2015,2015-05-19,2015-05-18,374583,2015-05-18,1,base_prediction|gold_daily|gold_vs_ma5|gold_vs_ma20|copper_daily|copper_vs_ma5|copper_vs_ma20|a500_vs_ma20|us10y_vs_ma20|RSI14_lag1|DIFF_lag1|DEA_lag1|cn10y_vs_ma20|brent_vs_ma20|dollar_vs_ma20|brent_vs_ma5|a500_vs_ma5
2015,2015-05-20,2015-05-19,374583,2015-05-19,2,base_prediction|gold_daily|gold_vs_ma5|gold_vs_ma20|copper_daily|copper_vs_ma5|copper_vs_ma20|a500_vs_ma20|us10y_vs_ma20|RSI14_lag1|DIFF_lag1|DEA_lag1|cn10y_vs_ma20|brent_vs_ma20|dollar_vs_ma20|brent_vs_ma5|a500_vs_ma5
2015,2015-05-22,2015-05-21,374583,2015-05-21,1,base_prediction|gold_daily|gold_vs_ma5|gold_vs_ma20|copper_daily|copper_vs_ma5|copper_vs_ma20|a500_vs_ma20|us10y_vs_ma20|RSI14_lag1|DIFF_lag1|DEA_lag1|cn10y_vs_ma20|brent_vs_ma20|dollar_vs_ma20|brent_vs_ma5|a500_vs_ma5
2015,2015-05-25,2015-05-22,374583,2015-05-22,1,base_prediction|gold_daily|gold_vs_ma5|gold_vs_ma20|copper_daily|copper_vs_ma5|copper_vs_ma20|a500_vs_ma20|us10y_vs_ma20|RSI14_lag1|DIFF_lag1|DEA_lag1|cn10y_vs_ma20|brent_vs_ma20|dollar_vs_ma20|brent_vs_ma5|a500_vs_ma5
2015,2015-05-26,2015-05-25,374583,2015-05-25,1,base_prediction|gold_daily|gold_vs_ma5|gold_vs_ma20|copper_daily|copper_vs_ma5|copper_vs_ma20|a500_vs_ma20|us10y_vs_ma20|RSI14_lag1|DIFF_lag1|DEA_lag1|cn10y_vs_ma20|brent_vs_ma20|dollar_vs_ma20|brent_vs_ma5|a500_vs_ma5
2015,2015-05-27,2015-05-26,374583,2015-05-26,1,base_prediction|gold_daily|gold_vs_ma5|gold_vs_ma20|copper_daily|copper_vs_ma5|copper_vs_ma20|a500_vs_ma20|us10y_vs_ma20|RSI14_lag1|DIFF_lag1|DEA_lag1|cn10y_vs_ma20|brent_vs_ma20|dollar_vs_ma20|brent_vs_ma5|a500_vs_ma5
2015,2015-05-28,2015-05-27,374583,2015-05-27,1,base_prediction|gold_daily|gold_vs_ma5|gold_vs_ma20|copper_daily|copper_vs_ma5|copper_vs_ma20|a500_vs_ma20|us10y_vs_ma20|RSI14_lag1|DIFF_lag1|DEA_lag1|cn10y_vs_ma20|brent_vs_ma20|dollar_vs_ma20|brent_vs_ma5|a500_vs_ma5
2015,2015-05-29,2015-05-28,374583,2015-05-28,1,base_prediction|gold_daily|gold_vs_ma5|gold_vs_ma20|copper_daily|copper_vs_ma5|copper_vs_ma20|a500_vs_ma20|us10y_vs_ma20|RSI14_lag1|DIFF_lag1|DEA_lag1|cn10y_vs_ma20|brent_vs_ma20|dollar_vs_ma20|brent_vs_ma5|a500_vs_ma5
2015,2015-06-01,2015-05-29,374583,2015-05-29,1,base_prediction|gold_daily|gold_vs_ma5|gold_vs_ma20|copper_daily|copper_vs_ma5|copper_vs_ma20|a500_vs_ma20|us10y_vs_ma20|RSI14_lag1|DIFF_lag1|DEA_lag1|cn10y_vs_ma20|brent_vs_ma20|dollar_vs_ma20|brent_vs_ma5|a500_vs_ma5
2015,2015-06-02,2015-06-01,374583,2015-06-01,1,base_prediction|gold_daily|gold_vs_ma5|gold_vs_ma20|copper_daily|copper_vs_ma5|copper_vs_ma20|a500_vs_ma20|us10y_vs_ma20|RSI14_lag1|DIFF_lag1|DEA_lag1|cn10y_vs_ma20|brent_vs_ma20|dollar_vs_ma20|brent_vs_ma5|a500_vs_ma5
2015,2015-06-03,2015-06-02,374583,2015-06-02,1,base_prediction|gold_daily|gold_vs_ma5|gold_vs_ma20|copper_daily|copper_vs_ma5|copper_vs_ma20|a500_vs_ma20|us10y_vs_ma20|RSI14_lag1|DIFF_lag1|DEA_lag1|cn10y_vs_ma20|brent_vs_ma20|dollar_vs_ma20|brent_vs_ma5|a500_vs_ma5
2015,2015-06-04,2015-06-03,374583,2015-06-03,1,base_prediction|gold_daily|gold_vs_ma5|gold_vs_ma20|copper_daily|copper_vs_ma5|copper_vs_ma20|a500_vs_ma20|us10y_vs_ma20|RSI14_lag1|DIFF_lag1|DEA_lag1|cn10y_vs_ma20|brent_vs_ma20|dollar_vs_ma20|brent_vs_ma5|a500_vs_ma5
2015,2015-06-05,2015-06-04,374583,2015-06-04,1,base_prediction|gold_daily|gold_vs_ma5|gold_vs_ma20|copper_daily|copper_vs_ma5|copper_vs_ma20|a500_vs_ma20|us10y_vs_ma20|RSI14_lag1|DIFF_lag1|DEA_lag1|cn10y_vs_ma20|brent_vs_ma20|dollar_vs_ma20|brent_vs_ma5|a500_vs_ma5
2015,2015-06-08,2015-06-05,374583,2015-06-05,1,base_prediction|gold_daily|gold_vs_ma5|gold_vs_ma20|copper_daily|copper_vs_ma5|copper_vs_ma20|a500_vs_ma20|us10y_vs_ma20|RSI14_lag1|DIFF_lag1|DEA_lag1|cn10y_vs_ma20|brent_vs_ma20|dollar_vs_ma20|brent_vs_ma5|a500_vs_ma5
2015,2015-06-09,2015-06-08,374583,2015-06-08,1,base_prediction|gold_daily|gold_vs_ma5|gold_vs_ma20|copper_daily|copper_vs_ma5|copper_vs_ma20|a500_vs_ma20|us10y_vs_ma20|RSI14_lag1|DIFF_lag1|DEA_lag1|cn10y_vs_ma20|brent_vs_ma20|dollar_vs_ma20|brent_vs_ma5|a500_vs_ma5
2015,2015-06-10,2015-06-09,374583,2015-06-09,1,base_prediction|gold_daily|gold_vs_ma5|gold_vs_ma20|copper_daily|copper_vs_ma5|copper_vs_ma20|a500_vs_ma20|us10y_vs_ma20|RSI14_lag1|DIFF_lag1|DEA_lag1|cn10y_vs_ma20|brent_vs_ma20|dollar_vs_ma20|brent_vs_ma5|a500_vs_ma5
2015,2015-06-11,2015-06-10,374583,2015-06-10,1,base_prediction|gold_daily|gold_vs_ma5|gold_vs_ma20|copper_daily|copper_vs_ma5|copper_vs_ma20|a500_vs_ma20|us10y_vs_ma20|RSI14_lag1|DIFF_lag1|DEA_lag1|cn10y_vs_ma20|brent_vs_ma20|dollar_vs_ma20|brent_vs_ma5|a500_vs_ma5
2015,2015-06-12,2015-06-11,374583,2015-06-11,1,base_prediction|gold_daily|gold_vs_ma5|gold_vs_ma20|copper_daily|copper_vs_ma5|copper_vs_ma20|a500_vs_ma20|us10y_vs_ma20|RSI14_lag1|DIFF_lag1|DEA_lag1|cn10y_vs_ma20|brent_vs_ma20|dollar_vs_ma20|brent_vs_ma5|a500_vs_ma5
2015,2015-06-15,2015-06-12,374583,2015-06-12,1,base_prediction|gold_daily|gold_vs_ma5|gold_vs_ma20|copper_daily|copper_vs_ma5|copper_vs_ma20|a500_vs_ma20|us10y_vs_ma20|RSI14_lag1|DIFF_lag1|DEA_lag1|cn10y_vs_ma20|brent_vs_ma20|dollar_vs_ma20|brent_vs_ma5|a500_vs_ma5
2015,2015-06-16,2015-06-15,374583,2015-06-15,1,base_prediction|gold_daily|gold_vs_ma5|gold_vs_ma20|copper_daily|copper_vs_ma5|copper_vs_ma20|a500_vs_ma20|us10y_vs_ma20|RSI14_lag1|DIFF_lag1|DEA_lag1|cn10y_vs_ma20|brent_vs_ma20|dollar_vs_ma20|brent_vs_ma5|a500_vs_ma5
2015,2015-06-17,2015-06-16,385735,2015-06-16,1,base_prediction|gold_daily|gold_vs_ma5|gold_vs_ma20|copper_daily|copper_vs_ma5|copper_vs_ma20|a500_vs_ma20|us10y_vs_ma20|RSI14_lag1|DIFF_lag1|DEA_lag1|cn10y_vs_ma20|brent_vs_ma20|dollar_vs_ma20|brent_vs_ma5|a500_vs_ma5
2015,2015-06-18,2015-06-17,385735,2015-06-17,2,base_prediction|gold_daily|gold_vs_ma5|gold_vs_ma20|copper_daily|copper_vs_ma5|copper_vs_ma20|a500_vs_ma20|us10y_vs_ma20|RSI14_lag1|DIFF_lag1|DEA_lag1|cn10y_vs_ma20|brent_vs_ma20|dollar_vs_ma20|brent_vs_ma5|a500_vs_ma5
2015,2015-06-22,2015-06-19,385735,2015-06-19,1,base_prediction|gold_daily|gold_vs_ma5|gold_vs_ma20|copper_daily|copper_vs_ma5|copper_vs_ma20|a500_vs_ma20|us10y_vs_ma20|RSI14_lag1|DIFF_lag1|DEA_lag1|cn10y_vs_ma20|brent_vs_ma20|dollar_vs_ma20|brent_vs_ma5|a500_vs_ma5
2015,2015-06-23,2015-06-22,385735,2015-06-22,1,base_prediction|gold_daily|gold_vs_ma5|gold_vs_ma20|copper_daily|copper_vs_ma5|copper_vs_ma20|a500_vs_ma20|us10y_vs_ma20|RSI14_lag1|DIFF_lag1|DEA_lag1|cn10y_vs_ma20|brent_vs_ma20|dollar_vs_ma20|brent_vs_ma5|a500_vs_ma5
2015,2015-06-24,2015-06-23,385735,2015-06-23,1,base_prediction|gold_daily|gold_vs_ma5|gold_vs_ma20|copper_daily|copper_vs_ma5|copper_vs_ma20|a500_vs_ma20|us10y_vs_ma20|RSI14_lag1|DIFF_lag1|DEA_lag1|cn10y_vs_ma20|brent_vs_ma20|dollar_vs_ma20|brent_vs_ma5|a500_vs_ma5
2015,2015-06-25,2015-06-24,385735,2015-06-24,1,base_prediction|gold_daily|gold_vs_ma5|gold_vs_ma20|copper_daily|copper_vs_ma5|copper_vs_ma20|a500_vs_ma20|us10y_vs_ma20|RSI14_lag1|DIFF_lag1|DEA_lag1|cn10y_vs_ma20|brent_vs_ma20|dollar_vs_ma20|brent_vs_ma5|a500_vs_ma5
2015,2015-06-26,2015-06-25,374583,2015-06-25,1,base_prediction|gold_daily|gold_vs_ma5|gold_vs_ma20|copper_daily|copper_vs_ma5|copper_vs_ma20|a500_vs_ma20|us10y_vs_ma20|RSI14_lag1|DIFF_lag1|DEA_lag1|cn10y_vs_ma20|brent_vs_ma20|dollar_vs_ma20|brent_vs_ma5|a500_vs_ma5
2015,2015-06-29,2015-06-26,374583,2015-06-26,1,base_prediction|gold_daily|gold_vs_ma5|gold_vs_ma20|copper_daily|copper_vs_ma5|copper_vs_ma20|a500_vs_ma20|us10y_vs_ma20|RSI14_lag1|DIFF_lag1|DEA_lag1|cn10y_vs_ma20|brent_vs_ma20|dollar_vs_ma20|brent_vs_ma5|a500_vs_ma5
2015,2015-06-30,2015-06-29,374583,2015-06-29,2,base_prediction|gold_daily|gold_vs_ma5|gold_vs_ma20|copper_daily|copper_vs_ma5|copper_vs_ma20|a500_vs_ma20|us10y_vs_ma20|RSI14_lag1|DIFF_lag1|DEA_lag1|cn10y_vs_ma20|brent_vs_ma20|dollar_vs_ma20|brent_vs_ma5|a500_vs_ma5
2015,2015-07-02,2015-07-01,374583,2015-07-01,2,base_prediction|gold_daily|gold_vs_ma5|gold_vs_ma20|copper_daily|copper_vs_ma5|copper_vs_ma20|a500_vs_ma20|us10y_vs_ma20|RSI14_lag1|DIFF_lag1|DEA_lag1|cn10y_vs_ma20|brent_vs_ma20|dollar_vs_ma20|brent_vs_ma5|a500_vs_ma5
2015,2015-07-06,2015-07-03,374583,2015-07-03,1,base_prediction|gold_daily|gold_vs_ma5|gold_vs_ma20|copper_daily|copper_vs_ma5|copper_vs_ma20|a500_vs_ma20|us10y_vs_ma20|RSI14_lag1|DIFF_lag1|DEA_lag1|cn10y_vs_ma20|brent_vs_ma20|dollar_vs_ma20|brent_vs_ma5|a500_vs_ma5
2015,2015-07-07,2015-07-06,385735,2015-07-06,1,base_prediction|gold_daily|gold_vs_ma5|gold_vs_ma20|copper_daily|copper_vs_ma5|copper_vs_ma20|a500_vs_ma20|us10y_vs_ma20|RSI14_lag1|DIFF_lag1|DEA_lag1|cn10y_vs_ma20|brent_vs_ma20|dollar_vs_ma20|brent_vs_ma5|a500_vs_ma5
2015,2015-07-08,2015-07-07,385735,2015-07-07,1,base_prediction|gold_daily|gold_vs_ma5|gold_vs_ma20|copper_daily|copper_vs_ma5|copper_vs_ma20|a500_vs_ma20|us10y_vs_ma20|RSI14_lag1|DIFF_lag1|DEA_lag1|cn10y_vs_ma20|brent_vs_ma20|dollar_vs_ma20|brent_vs_ma5|a500_vs_ma5
2015,2015-07-09,2015-07-08,385735,2015-07-08,1,base_prediction|gold_daily|gold_vs_ma5|gold_vs_ma20|copper_daily|copper_vs_ma5|copper_vs_ma20|a500_vs_ma20|us10y_vs_ma20|RSI14_lag1|DIFF_lag1|DEA_lag1|cn10y_vs_ma20|brent_vs_ma20|dollar_vs_ma20|brent_vs_ma5|a500_vs_ma5
2015,2015-07-10,2015-07-09,385735,2015-07-09,1,base_prediction|gold_daily|gold_vs_ma5|gold_vs_ma20|copper_daily|copper_vs_ma5|copper_vs_ma20|a500_vs_ma20|us10y_vs_ma20|RSI14_lag1|DIFF_lag1|DEA_lag1|cn10y_vs_ma20|brent_vs_ma20|dollar_vs_ma20|brent_vs_ma5|a500_vs_ma5
2015,2015-07-13,2015-07-10,385735,2015-07-10,1,base_prediction|gold_daily|gold_vs_ma5|gold_vs_ma20|copper_daily|copper_vs_ma5|copper_vs_ma20|a500_vs_ma20|us10y_vs_ma20|RSI14_lag1|DIFF_lag1|DEA_lag1|cn10y_vs_ma20|brent_vs_ma20|dollar_vs_ma20|brent_vs_ma5|a500_vs_ma5
2015,2015-07-14,2015-07-13,385735,2015-07-13,2,base_prediction|gold_daily|gold_vs_ma5|gold_vs_ma20|copper_daily|copper_vs_ma5|copper_vs_ma20|a500_vs_ma20|us10y_vs_ma20|RSI14_lag1|DIFF_lag1|DEA_lag1|cn10y_vs_ma20|brent_vs_ma20|dollar_vs_ma20|brent_vs_ma5|a500_vs_ma5
2015,2015-07-16,2015-07-15,374583,2015-07-15,1,base_prediction|gold_daily|gold_vs_ma5|gold_vs_ma20|copper_daily|copper_vs_ma5|copper_vs_ma20|a500_vs_ma20|us10y_vs_ma20|RSI14_lag1|DIFF_lag1|DEA_lag1|cn10y_vs_ma20|brent_vs_ma20|dollar_vs_ma20|brent_vs_ma5|a500_vs_ma5
2015,2015-07-17,2015-07-16,374583,2015-07-16,1,base_prediction|gold_daily|gold_vs_ma5|gold_vs_ma20|copper_daily|copper_vs_ma5|copper_vs_ma20|a500_vs_ma20|us10y_vs_ma20|RSI14_lag1|DIFF_lag1|DEA_lag1|cn10y_vs_ma20|brent_vs_ma20|dollar_vs_ma20|brent_vs_ma5|a500_vs_ma5
2015,2015-07-20,2015-07-17,385735,2015-07-17,1,base_prediction|gold_daily|gold_vs_ma5|gold_vs_ma20|copper_daily|copper_vs_ma5|copper_vs_ma20|a500_vs_ma20|us10y_vs_ma20|RSI14_lag1|DIFF_lag1|DEA_lag1|cn10y_vs_ma20|brent_vs_ma20|dollar_vs_ma20|brent_vs_ma5|a500_vs_ma5
2015,2015-07-21,2015-07-20,385735,2015-07-20,1,base_prediction|gold_daily|gold_vs_ma5|gold_vs_ma20|copper_daily|copper_vs_ma5|copper_vs_ma20|a500_vs_ma20|us10y_vs_ma20|RSI14_lag1|DIFF_lag1|DEA_lag1|cn10y_vs_ma20|brent_vs_ma20|dollar_vs_ma20|brent_vs_ma5|a500_vs_ma5
2015,2015-07-22,2015-07-21,385735,2015-07-21,1,base_prediction|gold_daily|gold_vs_ma5|gold_vs_ma20|copper_daily|copper_vs_ma5|copper_vs_ma20|a500_vs_ma20|us10y_vs_ma20|RSI14_lag1|DIFF_lag1|DEA_lag1|cn10y_vs_ma20|brent_vs_ma20|dollar_vs_ma20|brent_vs_ma5|a500_vs_ma5
2015,2015-07-23,2015-07-22,385735,2015-07-22,1,base_prediction|gold_daily|gold_vs_ma5|gold_vs_ma20|copper_daily|copper_vs_ma5|copper_vs_ma20|a500_vs_ma20|us10y_vs_ma20|RSI14_lag1|DIFF_lag1|DEA_lag1|cn10y_vs_ma20|brent_vs_ma20|dollar_vs_ma20|brent_vs_ma5|a500_vs_ma5
2015,2015-07-24,2015-07-23,385735,2015-07-23,1,base_prediction|gold_daily|gold_vs_ma5|gold_vs_ma20|copper_daily|copper_vs_ma5|copper_vs_ma20|a500_vs_ma20|us10y_vs_ma20|RSI14_lag1|DIFF_lag1|DEA_lag1|cn10y_vs_ma20|brent_vs_ma20|dollar_vs_ma20|brent_vs_ma5|a500_vs_ma5
2015,2015-07-27,2015-07-24,374583,2015-07-24,3,base_prediction|gold_daily|gold_vs_ma5|gold_vs_ma20|copper_daily|copper_vs_ma5|copper_vs_ma20|a500_vs_ma20|us10y_vs_ma20|RSI14_lag1|DIFF_lag1|DEA_lag1|cn10y_vs_ma20|brent_vs_ma20|dollar_vs_ma20|brent_vs_ma5|a500_vs_ma5
2015,2015-07-30,2015-07-29,374583,2015-07-29,2,base_prediction|gold_daily|gold_vs_ma5|gold_vs_ma20|copper_daily|copper_vs_ma5|copper_vs_ma20|a500_vs_ma20|us10y_vs_ma20|RSI14_lag1|DIFF_lag1|DEA_lag1|cn10y_vs_ma20|brent_vs_ma20|dollar_vs_ma20|brent_vs_ma5|a500_vs_ma5
2015,2015-08-03,2015-07-31,798291,2015-07-31,1,base_prediction|gold_daily|gold_vs_ma5|gold_vs_ma20|copper_daily|copper_vs_ma5|copper_vs_ma20|a500_vs_ma20|us10y_vs_ma20|RSI14_lag1|DIFF_lag1|DEA_lag1|cn10y_vs_ma20|brent_vs_ma20|dollar_vs_ma20|brent_vs_ma5|a500_vs_ma5
2015,2015-08-04,2015-08-03,374583,2015-08-03,1,base_prediction|gold_daily|gold_vs_ma5|gold_vs_ma20|copper_daily|copper_vs_ma5|copper_vs_ma20|a500_vs_ma20|us10y_vs_ma20|RSI14_lag1|DIFF_lag1|DEA_lag1|cn10y_vs_ma20|brent_vs_ma20|dollar_vs_ma20|brent_vs_ma5|a500_vs_ma5
2015,2015-08-05,2015-08-04,42716,2015-08-04,4,base_prediction|gold_daily|gold_vs_ma5|gold_vs_ma20|copper_daily|copper_vs_ma5|copper_vs_ma20|a500_vs_ma20|us10y_vs_ma20|RSI14_lag1|DIFF_lag1|DEA_lag1|cn10y_vs_ma20|brent_vs_ma20|dollar_vs_ma20|brent_vs_ma5|a500_vs_ma5
2015,2015-08-11,2015-08-10,42716,2015-08-10,1,base_prediction|gold_daily|gold_vs_ma5|gold_vs_ma20|copper_daily|copper_vs_ma5|copper_vs_ma20|a500_vs_ma20|us10y_vs_ma20|RSI14_lag1|DIFF_lag1|DEA_lag1|cn10y_vs_ma20|brent_vs_ma20|dollar_vs_ma20|brent_vs_ma5|a500_vs_ma5
2015,2015-08-12,2015-08-11,42716,2015-08-11,1,base_prediction|gold_daily|gold_vs_ma5|gold_vs_ma20|copper_daily|copper_vs_ma5|copper_vs_ma20|a500_vs_ma20|us10y_vs_ma20|RSI14_lag1|DIFF_lag1|DEA_lag1|cn10y_vs_ma20|brent_vs_ma20|dollar_vs_ma20|brent_vs_ma5|a500_vs_ma5
2015,2015-08-13,2015-08-12,42716,2015-08-12,1,base_prediction|gold_daily|gold_vs_ma5|gold_vs_ma20|copper_daily|copper_vs_ma5|copper_vs_ma20|a500_vs_ma20|us10y_vs_ma20|RSI14_lag1|DIFF_lag1|DEA_lag1|cn10y_vs_ma20|brent_vs_ma20|dollar_vs_ma20|brent_vs_ma5|a500_vs_ma5
2015,2015-08-14,2015-08-13,42716,2015-08-13,3,base_prediction|gold_daily|gold_vs_ma5|gold_vs_ma20|copper_daily|copper_vs_ma5|copper_vs_ma20|a500_vs_ma20|us10y_vs_ma20|RSI14_lag1|DIFF_lag1|DEA_lag1|cn10y_vs_ma20|brent_vs_ma20|dollar_vs_ma20|brent_vs_ma5|a500_vs_ma5
2015,2015-08-19,2015-08-18,42716,2015-08-18,2,base_prediction|gold_daily|gold_vs_ma5|gold_vs_ma20|copper_daily|copper_vs_ma5|copper_vs_ma20|a500_vs_ma20|us10y_vs_ma20|RSI14_lag1|DIFF_lag1|DEA_lag1|cn10y_vs_ma20|brent_vs_ma20|dollar_vs_ma20|brent_vs_ma5|a500_vs_ma5
2015,2015-08-21,2015-08-20,385735,2015-08-20,1,base_prediction|gold_daily|gold_vs_ma5|gold_vs_ma20|copper_daily|copper_vs_ma5|copper_vs_ma20|a500_vs_ma20|us10y_vs_ma20|RSI14_lag1|DIFF_lag1|DEA_lag1|cn10y_vs_ma20|brent_vs_ma20|dollar_vs_ma20|brent_vs_ma5|a500_vs_ma5
2015,2015-08-24,2015-08-21,385735,2015-08-21,1,base_prediction|gold_daily|gold_vs_ma5|gold_vs_ma20|copper_daily|copper_vs_ma5|copper_vs_ma20|a500_vs_ma20|us10y_vs_ma20|RSI14_lag1|DIFF_lag1|DEA_lag1|cn10y_vs_ma20|brent_vs_ma20|dollar_vs_ma20|brent_vs_ma5|a500_vs_ma5
2015,2015-08-25,2015-08-24,385735,2015-08-24,1,base_prediction|gold_daily|gold_vs_ma5|gold_vs_ma20|copper_daily|copper_vs_ma5|copper_vs_ma20|a500_vs_ma20|us10y_vs_ma20|RSI14_lag1|DIFF_lag1|DEA_lag1|cn10y_vs_ma20|brent_vs_ma20|dollar_vs_ma20|brent_vs_ma5|a500_vs_ma5
2015,2015-08-26,2015-08-25,385735,2015-08-25,1,base_prediction|gold_daily|gold_vs_ma5|gold_vs_ma20|copper_daily|copper_vs_ma5|copper_vs_ma20|a500_vs_ma20|us10y_vs_ma20|RSI14_lag1|DIFF_lag1|DEA_lag1|cn10y_vs_ma20|brent_vs_ma20|dollar_vs_ma20|brent_vs_ma5|a500_vs_ma5
2015,2015-08-27,2015-08-26,385735,2015-08-26,1,base_prediction|gold_daily|gold_vs_ma5|gold_vs_ma20|copper_daily|copper_vs_ma5|copper_vs_ma20|a500_vs_ma20|us10y_vs_ma20|RSI14_lag1|DIFF_lag1|DEA_lag1|cn10y_vs_ma20|brent_vs_ma20|dollar_vs_ma20|brent_vs_ma5|a500_vs_ma5
2015,2015-08-28,2015-08-27,385735,2015-08-27,1,base_prediction|gold_daily|gold_vs_ma5|gold_vs_ma20|copper_daily|copper_vs_ma5|copper_vs_ma20|a500_vs_ma20|us10y_vs_ma20|RSI14_lag1|DIFF_lag1|DEA_lag1|cn10y_vs_ma20|brent_vs_ma20|dollar_vs_ma20|brent_vs_ma5|a500_vs_ma5
2015,2015-08-31,2015-08-28,385735,2015-08-28,1,base_prediction|gold_daily|gold_vs_ma5|gold_vs_ma20|copper_daily|copper_vs_ma5|copper_vs_ma20|a500_vs_ma20|us10y_vs_ma20|RSI14_lag1|DIFF_lag1|DEA_lag1|cn10y_vs_ma20|brent_vs_ma20|dollar_vs_ma20|brent_vs_ma5|a500_vs_ma5
2015,2015-09-01,2015-08-31,385735,2015-08-31,2,base_prediction|gold_daily|gold_vs_ma5|gold_vs_ma20|copper_daily|copper_vs_ma5|copper_vs_ma20|a500_vs_ma20|us10y_vs_ma20|RSI14_lag1|DIFF_lag1|DEA_lag1|cn10y_vs_ma20|brent_vs_ma20|dollar_vs_ma20|brent_vs_ma5|a500_vs_ma5
2015,2015-09-03,2015-09-02,785634,2015-09-02,1,base_prediction|gold_daily|gold_vs_ma5|gold_vs_ma20|copper_daily|copper_vs_ma5|copper_vs_ma20|a500_vs_ma20|us10y_vs_ma20|RSI14_lag1|DIFF_lag1|DEA_lag1|cn10y_vs_ma20|brent_vs_ma20|dollar_vs_ma20|brent_vs_ma5|a500_vs_ma5
2015,2015-09-04,2015-09-03,374583,2015-09-03,2,base_prediction|gold_daily|gold_vs_ma5|gold_vs_ma20|copper_daily|copper_vs_ma5|copper_vs_ma20|a500_vs_ma20|us10y_vs_ma20|RSI14_lag1|DIFF_lag1|DEA_lag1|cn10y_vs_ma20|brent_vs_ma20|dollar_vs_ma20|brent_vs_ma5|a500_vs_ma5
2015,2015-09-07,2015-09-06,42716,2015-09-06,1,base_prediction|gold_daily|gold_vs_ma5|gold_vs_ma20|copper_daily|copper_vs_ma5|copper_vs_ma20|a500_vs_ma20|us10y_vs_ma20|RSI14_lag1|DIFF_lag1|DEA_lag1|cn10y_vs_ma20|brent_vs_ma20|dollar_vs_ma20|brent_vs_ma5|a500_vs_ma5
2015,2015-09-08,2015-09-07,42716,2015-09-07,1,base_prediction|gold_daily|gold_vs_ma5|gold_vs_ma20|copper_daily|copper_vs_ma5|copper_vs_ma20|a500_vs_ma20|us10y_vs_ma20|RSI14_lag1|DIFF_lag1|DEA_lag1|cn10y_vs_ma20|brent_vs_ma20|dollar_vs_ma20|brent_vs_ma5|a500_vs_ma5
2015,2015-09-09,2015-09-08,374583,2015-09-08,1,base_prediction|gold_daily|gold_vs_ma5|gold_vs_ma20|copper_daily|copper_vs_ma5|copper_vs_ma20|a500_vs_ma20|us10y_vs_ma20|RSI14_lag1|DIFF_lag1|DEA_lag1|cn10y_vs_ma20|brent_vs_ma20|dollar_vs_ma20|brent_vs_ma5|a500_vs_ma5
2015,2015-09-10,2015-09-09,374583,2015-09-09,3,base_prediction|gold_daily|gold_vs_ma5|gold_vs_ma20|copper_daily|copper_vs_ma5|copper_vs_ma20|a500_vs_ma20|us10y_vs_ma20|RSI14_lag1|DIFF_lag1|DEA_lag1|cn10y_vs_ma20|brent_vs_ma20|dollar_vs_ma20|brent_vs_ma5|a500_vs_ma5
2015,2015-09-15,2015-09-14,42716,2015-09-14,1,base_prediction|gold_daily|gold_vs_ma5|gold_vs_ma20|copper_daily|copper_vs_ma5|copper_vs_ma20|a500_vs_ma20|us10y_vs_ma20|RSI14_lag1|DIFF_lag1|DEA_lag1|cn10y_vs_ma20|brent_vs_ma20|dollar_vs_ma20|brent_vs_ma5|a500_vs_ma5
2015,2015-09-16,2015-09-15,42716,2015-09-15,1,base_prediction|gold_daily|gold_vs_ma5|gold_vs_ma20|copper_daily|copper_vs_ma5|copper_vs_ma20|a500_vs_ma20|us10y_vs_ma20|RSI14_lag1|DIFF_lag1|DEA_lag1|cn10y_vs_ma20|brent_vs_ma20|dollar_vs_ma20|brent_vs_ma5|a500_vs_ma5
2015,2015-09-17,2015-09-16,565766,2015-09-16,1,base_prediction|gold_daily|gold_vs_ma5|gold_vs_ma20|copper_daily|copper_vs_ma5|copper_vs_ma20|a500_vs_ma20|us10y_vs_ma20|RSI14_lag1|DIFF_lag1|DEA_lag1|cn10y_vs_ma20|brent_vs_ma20|dollar_vs_ma20|brent_vs_ma5|a500_vs_ma5
2015,2015-09-18,2015-09-17,565766,2015-09-17,1,base_prediction|gold_daily|gold_vs_ma5|gold_vs_ma20|copper_daily|copper_vs_ma5|copper_vs_ma20|a500_vs_ma20|us10y_vs_ma20|RSI14_lag1|DIFF_lag1|DEA_lag1|cn10y_vs_ma20|brent_vs_ma20|dollar_vs_ma20|brent_vs_ma5|a500_vs_ma5
2015,2015-09-21,2015-09-18,565766,2015-09-18,2,base_prediction|gold_daily|gold_vs_ma5|gold_vs_ma20|copper_daily|copper_vs_ma5|copper_vs_ma20|a500_vs_ma20|us10y_vs_ma20|RSI14_lag1|DIFF_lag1|DEA_lag1|cn10y_vs_ma20|brent_vs_ma20|dollar_vs_ma20|brent_vs_ma5|a500_vs_ma5
2015,2015-09-23,2015-09-22,565766,2015-09-22,5,base_prediction|gold_daily|gold_vs_ma5|gold_vs_ma20|copper_daily|copper_vs_ma5|copper_vs_ma20|a500_vs_ma20|us10y_vs_ma20|RSI14_lag1|DIFF_lag1|DEA_lag1|cn10y_vs_ma20|brent_vs_ma20|dollar_vs_ma20|brent_vs_ma5|a500_vs_ma5
2015,2015-09-30,2015-09-29,565766,2015-09-29,1,base_prediction|gold_daily|gold_vs_ma5|gold_vs_ma20|copper_daily|copper_vs_ma5|copper_vs_ma20|a500_vs_ma20|us10y_vs_ma20|RSI14_lag1|DIFF_lag1|DEA_lag1|cn10y_vs_ma20|brent_vs_ma20|dollar_vs_ma20|brent_vs_ma5|a500_vs_ma5
2015,2015-10-01,2015-09-30,565766,2015-09-30,3,base_prediction|gold_daily|gold_vs_ma5|gold_vs_ma20|copper_daily|copper_vs_ma5|copper_vs_ma20|a500_vs_ma20|us10y_vs_ma20|RSI14_lag1|DIFF_lag1|DEA_lag1|cn10y_vs_ma20|brent_vs_ma20|dollar_vs_ma20|brent_vs_ma5|a500_vs_ma5
2015,2015-10-06,2015-10-05,565766,2015-10-05,4,base_prediction|gold_daily|gold_vs_ma5|gold_vs_ma20|copper_daily|copper_vs_ma5|copper_vs_ma20|a500_vs_ma20|us10y_vs_ma20|RSI14_lag1|DIFF_lag1|DEA_lag1|cn10y_vs_ma20|brent_vs_ma20|dollar_vs_ma20|brent_vs_ma5|a500_vs_ma5
2015,2015-10-10,2015-10-09,798291,2015-10-09,1,base_prediction|gold_daily|gold_vs_ma5|gold_vs_ma20|copper_daily|copper_vs_ma5|copper_vs_ma20|a500_vs_ma20|us10y_vs_ma20|RSI14_lag1|DIFF_lag1|DEA_lag1|cn10y_vs_ma20|brent_vs_ma20|dollar_vs_ma20|brent_vs_ma5|a500_vs_ma5
2015,2015-10-12,2015-10-10,798291,2015-10-10,2,base_prediction|gold_daily|gold_vs_ma5|gold_vs_ma20|copper_daily|copper_vs_ma5|copper_vs_ma20|a500_vs_ma20|us10y_vs_ma20|RSI14_lag1|DIFF_lag1|DEA_lag1|cn10y_vs_ma20|brent_vs_ma20|dollar_vs_ma20|brent_vs_ma5|a500_vs_ma5
2015,2015-10-14,2015-10-13,385735,2015-10-13,1,base_prediction|gold_daily|gold_vs_ma5|gold_vs_ma20|copper_daily|copper_vs_ma5|copper_vs_ma20|a500_vs_ma20|us10y_vs_ma20|RSI14_lag1|DIFF_lag1|DEA_lag1|cn10y_vs_ma20|brent_vs_ma20|dollar_vs_ma20|brent_vs_ma5|a500_vs_ma5
2015,2015-10-15,2015-10-14,385735,2015-10-14,1,base_prediction|gold_daily|gold_vs_ma5|gold_vs_ma20|copper_daily|copper_vs_ma5|copper_vs_ma20|a500_vs_ma20|us10y_vs_ma20|RSI14_lag1|DIFF_lag1|DEA_lag1|cn10y_vs_ma20|brent_vs_ma20|dollar_vs_ma20|brent_vs_ma5|a500_vs_ma5
2015,2015-10-16,2015-10-15,385735,2015-10-15,1,base_prediction|gold_daily|gold_vs_ma5|gold_vs_ma20|copper_daily|copper_vs_ma5|copper_vs_ma20|a500_vs_ma20|us10y_vs_ma20|RSI14_lag1|DIFF_lag1|DEA_lag1|cn10y_vs_ma20|brent_vs_ma20|dollar_vs_ma20|brent_vs_ma5|a500_vs_ma5
2015,2015-10-19,2015-10-16,385735,2015-10-16,2,base_prediction|gold_daily|gold_vs_ma5|gold_vs_ma20|copper_daily|copper_vs_ma5|copper_vs_ma20|a500_vs_ma20|us10y_vs_ma20|RSI14_lag1|DIFF_lag1|DEA_lag1|cn10y_vs_ma20|brent_vs_ma20|dollar_vs_ma20|brent_vs_ma5|a500_vs_ma5
2015,2015-10-21,2015-10-20,385735,2015-10-20,1,base_prediction|gold_daily|gold_vs_ma5|gold_vs_ma20|copper_daily|copper_vs_ma5|copper_vs_ma20|a500_vs_ma20|us10y_vs_ma20|RSI14_lag1|DIFF_lag1|DEA_lag1|cn10y_vs_ma20|brent_vs_ma20|dollar_vs_ma20|brent_vs_ma5|a500_vs_ma5
2015,2015-10-22,2015-10-21,798291,2015-10-21,1,base_prediction|gold_daily|gold_vs_ma5|gold_vs_ma20|copper_daily|copper_vs_ma5|copper_vs_ma20|a500_vs_ma20|us10y_vs_ma20|RSI14_lag1|DIFF_lag1|DEA_lag1|cn10y_vs_ma20|brent_vs_ma20|dollar_vs_ma20|brent_vs_ma5|a500_vs_ma5
2015,2015-10-23,2015-10-22,565766,2015-10-22,1,base_prediction|gold_daily|gold_vs_ma5|gold_vs_ma20|copper_daily|copper_vs_ma5|copper_vs_ma20|a500_vs_ma20|us10y_vs_ma20|RSI14_lag1|DIFF_lag1|DEA_lag1|cn10y_vs_ma20|brent_vs_ma20|dollar_vs_ma20|brent_vs_ma5|a500_vs_ma5
2015,2015-10-26,2015-10-23,798291,2015-10-23,2,base_prediction|gold_daily|gold_vs_ma5|gold_vs_ma20|copper_daily|copper_vs_ma5|copper_vs_ma20|a500_vs_ma20|us10y_vs_ma20|RSI14_lag1|DIFF_lag1|DEA_lag1|cn10y_vs_ma20|brent_vs_ma20|dollar_vs_ma20|brent_vs_ma5|a500_vs_ma5
2015,2015-10-28,2015-10-27,385735,2015-10-27,1,base_prediction|gold_daily|gold_vs_ma5|gold_vs_ma20|copper_daily|copper_vs_ma5|copper_vs_ma20|a500_vs_ma20|us10y_vs_ma20|RSI14_lag1|DIFF_lag1|DEA_lag1|cn10y_vs_ma20|brent_vs_ma20|dollar_vs_ma20|brent_vs_ma5|a500_vs_ma5
2015,2015-10-29,2015-10-28,385735,2015-10-28,1,base_prediction|gold_daily|gold_vs_ma5|gold_vs_ma20|copper_daily|copper_vs_ma5|copper_vs_ma20|a500_vs_ma20|us10y_vs_ma20|RSI14_lag1|DIFF_lag1|DEA_lag1|cn10y_vs_ma20|brent_vs_ma20|dollar_vs_ma20|brent_vs_ma5|a500_vs_ma5
2015,2015-10-30,2015-10-29,385735,2015-10-29,1,base_prediction|gold_daily|gold_vs_ma5|gold_vs_ma20|copper_daily|copper_vs_ma5|copper_vs_ma20|a500_vs_ma20|us10y_vs_ma20|RSI14_lag1|DIFF_lag1|DEA_lag1|cn10y_vs_ma20|brent_vs_ma20|dollar_vs_ma20|brent_vs_ma5|a500_vs_ma5
2015,2015-11-02,2015-10-30,385735,2015-10-30,1,base_prediction|gold_daily|gold_vs_ma5|gold_vs_ma20|copper_daily|copper_vs_ma5|copper_vs_ma20|a500_vs_ma20|us10y_vs_ma20|RSI14_lag1|DIFF_lag1|DEA_lag1|cn10y_vs_ma20|brent_vs_ma20|dollar_vs_ma20|brent_vs_ma5|a500_vs_ma5
2015,2015-11-03,2015-11-02,385735,2015-11-02,1,base_prediction|gold_daily|gold_vs_ma5|gold_vs_ma20|copper_daily|copper_vs_ma5|copper_vs_ma20|a500_vs_ma20|us10y_vs_ma20|RSI14_lag1|DIFF_lag1|DEA_lag1|cn10y_vs_ma20|brent_vs_ma20|dollar_vs_ma20|brent_vs_ma5|a500_vs_ma5
2015,2015-11-04,2015-11-03,385735,2015-11-03,1,base_prediction|gold_daily|gold_vs_ma5|gold_vs_ma20|copper_daily|copper_vs_ma5|copper_vs_ma20|a500_vs_ma20|us10y_vs_ma20|RSI14_lag1|DIFF_lag1|DEA_lag1|cn10y_vs_ma20|brent_vs_ma20|dollar_vs_ma20|brent_vs_ma5|a500_vs_ma5
2015,2015-11-05,2015-11-04,385735,2015-11-04,1,base_prediction|gold_daily|gold_vs_ma5|gold_vs_ma20|copper_daily|copper_vs_ma5|copper_vs_ma20|a500_vs_ma20|us10y_vs_ma20|RSI14_lag1|DIFF_lag1|DEA_lag1|cn10y_vs_ma20|brent_vs_ma20|dollar_vs_ma20|brent_vs_ma5|a500_vs_ma5
2015,2015-11-06,2015-11-05,385735,2015-11-05,1,base_prediction|gold_daily|gold_vs_ma5|gold_vs_ma20|copper_daily|copper_vs_ma5|copper_vs_ma20|a500_vs_ma20|us10y_vs_ma20|RSI14_lag1|DIFF_lag1|DEA_lag1|cn10y_vs_ma20|brent_vs_ma20|dollar_vs_ma20|brent_vs_ma5|a500_vs_ma5
2015,2015-11-09,2015-11-06,385735,2015-11-06,1,base_prediction|gold_daily|gold_vs_ma5|gold_vs_ma20|copper_daily|copper_vs_ma5|copper_vs_ma20|a500_vs_ma20|us10y_vs_ma20|RSI14_lag1|DIFF_lag1|DEA_lag1|cn10y_vs_ma20|brent_vs_ma20|dollar_vs_ma20|brent_vs_ma5|a500_vs_ma5
2015,2015-11-10,2015-11-09,385735,2015-11-09,1,base_prediction|gold_daily|gold_vs_ma5|gold_vs_ma20|copper_daily|copper_vs_ma5|copper_vs_ma20|a500_vs_ma20|us10y_vs_ma20|RSI14_lag1|DIFF_lag1|DEA_lag1|cn10y_vs_ma20|brent_vs_ma20|dollar_vs_ma20|brent_vs_ma5|a500_vs_ma5
2015,2015-11-11,2015-11-10,385735,2015-11-10,1,base_prediction|gold_daily|gold_vs_ma5|gold_vs_ma20|copper_daily|copper_vs_ma5|copper_vs_ma20|a500_vs_ma20|us10y_vs_ma20|RSI14_lag1|DIFF_lag1|DEA_lag1|cn10y_vs_ma20|brent_vs_ma20|dollar_vs_ma20|brent_vs_ma5|a500_vs_ma5
2015,2015-11-12,2015-11-11,385735,2015-11-11,1,base_prediction|gold_daily|gold_vs_ma5|gold_vs_ma20|copper_daily|copper_vs_ma5|copper_vs_ma20|a500_vs_ma20|us10y_vs_ma20|RSI14_lag1|DIFF_lag1|DEA_lag1|cn10y_vs_ma20|brent_vs_ma20|dollar_vs_ma20|brent_vs_ma5|a500_vs_ma5
2015,2015-11-13,2015-11-12,385735,2015-11-12,1,base_prediction|gold_daily|gold_vs_ma5|gold_vs_ma20|copper_daily|copper_vs_ma5|copper_vs_ma20|a500_vs_ma20|us10y_vs_ma20|RSI14_lag1|DIFF_lag1|DEA_lag1|cn10y_vs_ma20|brent_vs_ma20|dollar_vs_ma20|brent_vs_ma5|a500_vs_ma5
2015,2015-11-16,2015-11-13,798291,2015-11-13,1,base_prediction|gold_daily|gold_vs_ma5|gold_vs_ma20|copper_daily|copper_vs_ma5|copper_vs_ma20|a500_vs_ma20|us10y_vs_ma20|RSI14_lag1|DIFF_lag1|DEA_lag1|cn10y_vs_ma20|brent_vs_ma20|dollar_vs_ma20|brent_vs_ma5|a500_vs_ma5
2015,2015-11-17,2015-11-16,798291,2015-11-16,1,base_prediction|gold_daily|gold_vs_ma5|gold_vs_ma20|copper_daily|copper_vs_ma5|copper_vs_ma20|a500_vs_ma20|us10y_vs_ma20|RSI14_lag1|DIFF_lag1|DEA_lag1|cn10y_vs_ma20|brent_vs_ma20|dollar_vs_ma20|brent_vs_ma5|a500_vs_ma5
2015,2015-11-18,2015-11-17,798291,2015-11-17,1,base_prediction|gold_daily|gold_vs_ma5|gold_vs_ma20|copper_daily|copper_vs_ma5|copper_vs_ma20|a500_vs_ma20|us10y_vs_ma20|RSI14_lag1|DIFF_lag1|DEA_lag1|cn10y_vs_ma20|brent_vs_ma20|dollar_vs_ma20|brent_vs_ma5|a500_vs_ma5
2015,2015-11-19,2015-11-18,798291,2015-11-18,1,base_prediction|gold_daily|gold_vs_ma5|gold_vs_ma20|copper_daily|copper_vs_ma5|copper_vs_ma20|a500_vs_ma20|us10y_vs_ma20|RSI14_lag1|DIFF_lag1|DEA_lag1|cn10y_vs_ma20|brent_vs_ma20|dollar_vs_ma20|brent_vs_ma5|a500_vs_ma5
2015,2015-11-20,2015-11-19,741131,2015-11-19,1,base_prediction|gold_daily|gold_vs_ma5|gold_vs_ma20|copper_daily|copper_vs_ma5|copper_vs_ma20|a500_vs_ma20|us10y_vs_ma20|RSI14_lag1|DIFF_lag1|DEA_lag1|cn10y_vs_ma20|brent_vs_ma20|dollar_vs_ma20|brent_vs_ma5|a500_vs_ma5
2015,2015-11-23,2015-11-20,741131,2015-11-20,1,base_prediction|gold_daily|gold_vs_ma5|gold_vs_ma20|copper_daily|copper_vs_ma5|copper_vs_ma20|a500_vs_ma20|us10y_vs_ma20|RSI14_lag1|DIFF_lag1|DEA_lag1|cn10y_vs_ma20|brent_vs_ma20|dollar_vs_ma20|brent_vs_ma5|a500_vs_ma5
2015,2015-11-24,2015-11-23,741131,2015-11-23,1,base_prediction|gold_daily|gold_vs_ma5|gold_vs_ma20|copper_daily|copper_vs_ma5|copper_vs_ma20|a500_vs_ma20|us10y_vs_ma20|RSI14_lag1|DIFF_lag1|DEA_lag1|cn10y_vs_ma20|brent_vs_ma20|dollar_vs_ma20|brent_vs_ma5|a500_vs_ma5
2015,2015-11-25,2015-11-24,741131,2015-11-24,1,base_prediction|gold_daily|gold_vs_ma5|gold_vs_ma20|copper_daily|copper_vs_ma5|copper_vs_ma20|a500_vs_ma20|us10y_vs_ma20|RSI14_lag1|DIFF_lag1|DEA_lag1|cn10y_vs_ma20|brent_vs_ma20|dollar_vs_ma20|brent_vs_ma5|a500_vs_ma5
2015,2015-11-26,2015-11-25,741131,2015-11-25,3,base_prediction|gold_daily|gold_vs_ma5|gold_vs_ma20|copper_daily|copper_vs_ma5|copper_vs_ma20|a500_vs_ma20|us10y_vs_ma20|RSI14_lag1|DIFF_lag1|DEA_lag1|cn10y_vs_ma20|brent_vs_ma20|dollar_vs_ma20|brent_vs_ma5|a500_vs_ma5
2015,2015-12-01,2015-11-30,741131,2015-11-30,1,base_prediction|gold_daily|gold_vs_ma5|gold_vs_ma20|copper_daily|copper_vs_ma5|copper_vs_ma20|a500_vs_ma20|us10y_vs_ma20|RSI14_lag1|DIFF_lag1|DEA_lag1|cn10y_vs_ma20|brent_vs_ma20|dollar_vs_ma20|brent_vs_ma5|a500_vs_ma5
2015,2015-12-02,2015-12-01,741131,2015-12-01,1,base_prediction|gold_daily|gold_vs_ma5|gold_vs_ma20|copper_daily|copper_vs_ma5|copper_vs_ma20|a500_vs_ma20|us10y_vs_ma20|RSI14_lag1|DIFF_lag1|DEA_lag1|cn10y_vs_ma20|brent_vs_ma20|dollar_vs_ma20|brent_vs_ma5|a500_vs_ma5
2015,2015-12-03,2015-12-02,741131,2015-12-02,1,base_prediction|gold_daily|gold_vs_ma5|gold_vs_ma20|copper_daily|copper_vs_ma5|copper_vs_ma20|a500_vs_ma20|us10y_vs_ma20|RSI14_lag1|DIFF_lag1|DEA_lag1|cn10y_vs_ma20|brent_vs_ma20|dollar_vs_ma20|brent_vs_ma5|a500_vs_ma5
2015,2015-12-04,2015-12-03,741131,2015-12-03,2,base_prediction|gold_daily|gold_vs_ma5|gold_vs_ma20|copper_daily|copper_vs_ma5|copper_vs_ma20|a500_vs_ma20|us10y_vs_ma20|RSI14_lag1|DIFF_lag1|DEA_lag1|cn10y_vs_ma20|brent_vs_ma20|dollar_vs_ma20|brent_vs_ma5|a500_vs_ma5
2015,2015-12-08,2015-12-07,565766,2015-12-07,2,base_prediction|gold_daily|gold_vs_ma5|gold_vs_ma20|copper_daily|copper_vs_ma5|copper_vs_ma20|a500_vs_ma20|us10y_vs_ma20|RSI14_lag1|DIFF_lag1|DEA_lag1|cn10y_vs_ma20|brent_vs_ma20|dollar_vs_ma20|brent_vs_ma5|a500_vs_ma5
2015,2015-12-10,2015-12-09,741131,2015-12-09,2,base_prediction|gold_daily|gold_vs_ma5|gold_vs_ma20|copper_daily|copper_vs_ma5|copper_vs_ma20|a500_vs_ma20|us10y_vs_ma20|RSI14_lag1|DIFF_lag1|DEA_lag1|cn10y_vs_ma20|brent_vs_ma20|dollar_vs_ma20|brent_vs_ma5|a500_vs_ma5
2015,2015-12-14,2015-12-11,741131,2015-12-11,2,base_prediction|gold_daily|gold_vs_ma5|gold_vs_ma20|copper_daily|copper_vs_ma5|copper_vs_ma20|a500_vs_ma20|us10y_vs_ma20|RSI14_lag1|DIFF_lag1|DEA_lag1|cn10y_vs_ma20|brent_vs_ma20|dollar_vs_ma20|brent_vs_ma5|a500_vs_ma5
2015,2015-12-16,2015-12-15,741131,2015-12-15,1,base_prediction|gold_daily|gold_vs_ma5|gold_vs_ma20|copper_daily|copper_vs_ma5|copper_vs_ma20|a500_vs_ma20|us10y_vs_ma20|RSI14_lag1|DIFF_lag1|DEA_lag1|cn10y_vs_ma20|brent_vs_ma20|dollar_vs_ma20|brent_vs_ma5|a500_vs_ma5
2015,2015-12-17,2015-12-16,741131,2015-12-16,1,base_prediction|gold_daily|gold_vs_ma5|gold_vs_ma20|copper_daily|copper_vs_ma5|copper_vs_ma20|a500_vs_ma20|us10y_vs_ma20|RSI14_lag1|DIFF_lag1|DEA_lag1|cn10y_vs_ma20|brent_vs_ma20|dollar_vs_ma20|brent_vs_ma5|a500_vs_ma5
2015,2015-12-18,2015-12-17,741131,2015-12-17,1,base_prediction|gold_daily|gold_vs_ma5|gold_vs_ma20|copper_daily|copper_vs_ma5|copper_vs_ma20|a500_vs_ma20|us10y_vs_ma20|RSI14_lag1|DIFF_lag1|DEA_lag1|cn10y_vs_ma20|brent_vs_ma20|dollar_vs_ma20|brent_vs_ma5|a500_vs_ma5
2015,2015-12-21,2015-12-18,741131,2015-12-18,1,base_prediction|gold_daily|gold_vs_ma5|gold_vs_ma20|copper_daily|copper_vs_ma5|copper_vs_ma20|a500_vs_ma20|us10y_vs_ma20|RSI14_lag1|DIFF_lag1|DEA_lag1|cn10y_vs_ma20|brent_vs_ma20|dollar_vs_ma20|brent_vs_ma5|a500_vs_ma5
2015,2015-12-22,2015-12-21,741131,2015-12-21,1,base_prediction|gold_daily|gold_vs_ma5|gold_vs_ma20|copper_daily|copper_vs_ma5|copper_vs_ma20|a500_vs_ma20|us10y_vs_ma20|RSI14_lag1|DIFF_lag1|DEA_lag1|cn10y_vs_ma20|brent_vs_ma20|dollar_vs_ma20|brent_vs_ma5|a500_vs_ma5
2015,2015-12-23,2015-12-22,741131,2015-12-22,1,base_prediction|gold_daily|gold_vs_ma5|gold_vs_ma20|copper_daily|copper_vs_ma5|copper_vs_ma20|a500_vs_ma20|us10y_vs_ma20|RSI14_lag1|DIFF_lag1|DEA_lag1|cn10y_vs_ma20|brent_vs_ma20|dollar_vs_ma20|brent_vs_ma5|a500_vs_ma5
2015,2015-12-24,2015-12-23,741131,2015-12-23,2,base_prediction|gold_daily|gold_vs_ma5|gold_vs_ma20|copper_daily|copper_vs_ma5|copper_vs_ma20|a500_vs_ma20|us10y_vs_ma20|RSI14_lag1|DIFF_lag1|DEA_lag1|cn10y_vs_ma20|brent_vs_ma20|dollar_vs_ma20|brent_vs_ma5|a500_vs_ma5
2015,2015-12-28,2015-12-25,741131,2015-12-25,3,base_prediction|gold_daily|gold_vs_ma5|gold_vs_ma20|copper_daily|copper_vs_ma5|copper_vs_ma20|a500_vs_ma20|us10y_vs_ma20|RSI14_lag1|DIFF_lag1|DEA_lag1|cn10y_vs_ma20|brent_vs_ma20|dollar_vs_ma20|brent_vs_ma5|a500_vs_ma5
2015,2015-12-31,2015-12-30,741131,2015-12-30,1,base_prediction|gold_daily|gold_vs_ma5|gold_vs_ma20|copper_daily|copper_vs_ma5|copper_vs_ma20|a500_vs_ma20|us10y_vs_ma20|RSI14_lag1|DIFF_lag1|DEA_lag1|cn10y_vs_ma20|brent_vs_ma20|dollar_vs_ma20|brent_vs_ma5|a500_vs_ma5
2016,2016-01-01,,741131,2015-12-31,1,base_prediction|gold_daily|gold_vs_ma5|gold_vs_ma20|copper_daily|copper_vs_ma5|copper_vs_ma20|a500_vs_ma20|us10y_vs_ma20|RSI14_lag1|DIFF_lag1|DEA_lag1|cn10y_vs_ma20|brent_vs_ma20|dollar_vs_ma20|brent_vs_ma5|a500_vs_ma5
2016,2016-01-04,2016-01-01,640934,2016-01-01,2,base_prediction|gold_daily|gold_vs_ma5|gold_vs_ma20|copper_daily|copper_vs_ma5|copper_vs_ma20|a500_vs_ma20|us10y_vs_ma20|RSI14_lag1|DIFF_lag1|DEA_lag1|cn10y_vs_ma20|brent_vs_ma20|dollar_vs_ma20|brent_vs_ma5|a500_vs_ma5
2016,2016-01-06,2016-01-05,640934,2016-01-05,1,base_prediction|gold_daily|gold_vs_ma5|gold_vs_ma20|copper_daily|copper_vs_ma5|copper_vs_ma20|a500_vs_ma20|us10y_vs_ma20|RSI14_lag1|DIFF_lag1|DEA_lag1|cn10y_vs_ma20|brent_vs_ma20|dollar_vs_ma20|brent_vs_ma5|a500_vs_ma5
2016,2016-01-07,2016-01-06,640934,2016-01-06,1,base_prediction|gold_daily|gold_vs_ma5|gold_vs_ma20|copper_daily|copper_vs_ma5|copper_vs_ma20|a500_vs_ma20|us10y_vs_ma20|RSI14_lag1|DIFF_lag1|DEA_lag1|cn10y_vs_ma20|brent_vs_ma20|dollar_vs_ma20|brent_vs_ma5|a500_vs_ma5
2016,2016-01-08,2016-01-07,640934,2016-01-07,1,base_prediction|gold_daily|gold_vs_ma5|gold_vs_ma20|copper_daily|copper_vs_ma5|copper_vs_ma20|a500_vs_ma20|us10y_vs_ma20|RSI14_lag1|DIFF_lag1|DEA_lag1|cn10y_vs_ma20|brent_vs_ma20|dollar_vs_ma20|brent_vs_ma5|a500_vs_ma5
2016,2016-01-11,2016-01-08,640934,2016-01-08,1,base_prediction|gold_daily|gold_vs_ma5|gold_vs_ma20|copper_daily|copper_vs_ma5|copper_vs_ma20|a500_vs_ma20|us10y_vs_ma20|RSI14_lag1|DIFF_lag1|DEA_lag1|cn10y_vs_ma20|brent_vs_ma20|dollar_vs_ma20|brent_vs_ma5|a500_vs_ma5
2016,2016-01-12,2016-01-11,640934,2016-01-11,2,base_prediction|gold_daily|gold_vs_ma5|gold_vs_ma20|copper_daily|copper_vs_ma5|copper_vs_ma20|a500_vs_ma20|us10y_vs_ma20|RSI14_lag1|DIFF_lag1|DEA_lag1|cn10y_vs_ma20|brent_vs_ma20|dollar_vs_ma20|brent_vs_ma5|a500_vs_ma5
2016,2016-01-14,2016-01-13,640934,2016-01-13,1,base_prediction|gold_daily|gold_vs_ma5|gold_vs_ma20|copper_daily|copper_vs_ma5|copper_vs_ma20|a500_vs_ma20|us10y_vs_ma20|RSI14_lag1|DIFF_lag1|DEA_lag1|cn10y_vs_ma20|brent_vs_ma20|dollar_vs_ma20|brent_vs_ma5|a500_vs_ma5
2016,2016-01-15,2016-01-14,640934,2016-01-14,1,base_prediction|gold_daily|gold_vs_ma5|gold_vs_ma20|copper_daily|copper_vs_ma5|copper_vs_ma20|a500_vs_ma20|us10y_vs_ma20|RSI14_lag1|DIFF_lag1|DEA_lag1|cn10y_vs_ma20|brent_vs_ma20|dollar_vs_ma20|brent_vs_ma5|a500_vs_ma5
2016,2016-01-18,2016-01-15,640934,2016-01-15,2,base_prediction|gold_daily|gold_vs_ma5|gold_vs_ma20|copper_daily|copper_vs_ma5|copper_vs_ma20|a500_vs_ma20|us10y_vs_ma20|RSI14_lag1|DIFF_lag1|DEA_lag1|cn10y_vs_ma20|brent_vs_ma20|dollar_vs_ma20|brent_vs_ma5|a500_vs_ma5
2016,2016-01-20,2016-01-19,640934,2016-01-19,2,base_prediction|gold_daily|gold_vs_ma5|gold_vs_ma20|copper_daily|copper_vs_ma5|copper_vs_ma20|a500_vs_ma20|us10y_vs_ma20|RSI14_lag1|DIFF_lag1|DEA_lag1|cn10y_vs_ma20|brent_vs_ma20|dollar_vs_ma20|brent_vs_ma5|a500_vs_ma5
2016,2016-01-22,2016-01-21,565766,2016-01-21,1,base_prediction|gold_daily|gold_vs_ma5|gold_vs_ma20|copper_daily|copper_vs_ma5|copper_vs_ma20|a500_vs_ma20|us10y_vs_ma20|RSI14_lag1|DIFF_lag1|DEA_lag1|cn10y_vs_ma20|brent_vs_ma20|dollar_vs_ma20|brent_vs_ma5|a500_vs_ma5
2016,2016-01-25,2016-01-22,565766,2016-01-22,1,base_prediction|gold_daily|gold_vs_ma5|gold_vs_ma20|copper_daily|copper_vs_ma5|copper_vs_ma20|a500_vs_ma20|us10y_vs_ma20|RSI14_lag1|DIFF_lag1|DEA_lag1|cn10y_vs_ma20|brent_vs_ma20|dollar_vs_ma20|brent_vs_ma5|a500_vs_ma5
2016,2016-01-26,2016-01-25,565766,2016-01-25,1,base_prediction|gold_daily|gold_vs_ma5|gold_vs_ma20|copper_daily|copper_vs_ma5|copper_vs_ma20|a500_vs_ma20|us10y_vs_ma20|RSI14_lag1|DIFF_lag1|DEA_lag1|cn10y_vs_ma20|brent_vs_ma20|dollar_vs_ma20|brent_vs_ma5|a500_vs_ma5
2016,2016-01-27,2016-01-26,565766,2016-01-26,1,base_prediction|gold_daily|gold_vs_ma5|gold_vs_ma20|copper_daily|copper_vs_ma5|copper_vs_ma20|a500_vs_ma20|us10y_vs_ma20|RSI14_lag1|DIFF_lag1|DEA_lag1|cn10y_vs_ma20|brent_vs_ma20|dollar_vs_ma20|brent_vs_ma5|a500_vs_ma5
2016,2016-01-28,2016-01-27,565766,2016-01-27,1,base_prediction|gold_daily|gold_vs_ma5|gold_vs_ma20|copper_daily|copper_vs_ma5|copper_vs_ma20|a500_vs_ma20|us10y_vs_ma20|RSI14_lag1|DIFF_lag1|DEA_lag1|cn10y_vs_ma20|brent_vs_ma20|dollar_vs_ma20|brent_vs_ma5|a500_vs_ma5
2016,2016-01-29,2016-01-28,565766,2016-01-28,1,base_prediction|gold_daily|gold_vs_ma5|gold_vs_ma20|copper_daily|copper_vs_ma5|copper_vs_ma20|a500_vs_ma20|us10y_vs_ma20|RSI14_lag1|DIFF_lag1|DEA_lag1|cn10y_vs_ma20|brent_vs_ma20|dollar_vs_ma20|brent_vs_ma5|a500_vs_ma5
2016,2016-02-01,2016-01-29,565766,2016-01-29,1,base_prediction|gold_daily|gold_vs_ma5|gold_vs_ma20|copper_daily|copper_vs_ma5|copper_vs_ma20|a500_vs_ma20|us10y_vs_ma20|RSI14_lag1|DIFF_lag1|DEA_lag1|cn10y_vs_ma20|brent_vs_ma20|dollar_vs_ma20|brent_vs_ma5|a500_vs_ma5
2016,2016-02-02,2016-02-01,565766,2016-02-01,1,base_prediction|gold_daily|gold_vs_ma5|gold_vs_ma20|copper_daily|copper_vs_ma5|copper_vs_ma20|a500_vs_ma20|us10y_vs_ma20|RSI14_lag1|DIFF_lag1|DEA_lag1|cn10y_vs_ma20|brent_vs_ma20|dollar_vs_ma20|brent_vs_ma5|a500_vs_ma5
2016,2016-02-03,2016-02-02,565766,2016-02-02,1,base_prediction|gold_daily|gold_vs_ma5|gold_vs_ma20|copper_daily|copper_vs_ma5|copper_vs_ma20|a500_vs_ma20|us10y_vs_ma20|RSI14_lag1|DIFF_lag1|DEA_lag1|cn10y_vs_ma20|brent_vs_ma20|dollar_vs_ma20|brent_vs_ma5|a500_vs_ma5
2016,2016-02-04,2016-02-03,565766,2016-02-03,1,base_prediction|gold_daily|gold_vs_ma5|gold_vs_ma20|copper_daily|copper_vs_ma5|copper_vs_ma20|a500_vs_ma20|us10y_vs_ma20|RSI14_lag1|DIFF_lag1|DEA_lag1|cn10y_vs_ma20|brent_vs_ma20|dollar_vs_ma20|brent_vs_ma5|a500_vs_ma5
2016,2016-02-05,2016-02-04,565766,2016-02-04,1,base_prediction|gold_daily|gold_vs_ma5|gold_vs_ma20|copper_daily|copper_vs_ma5|copper_vs_ma20|a500_vs_ma20|us10y_vs_ma20|RSI14_lag1|DIFF_lag1|DEA_lag1|cn10y_vs_ma20|brent_vs_ma20|dollar_vs_ma20|brent_vs_ma5|a500_vs_ma5
2016,2016-02-06,2016-02-05,565766,2016-02-05,1,base_prediction|gold_daily|gold_vs_ma5|gold_vs_ma20|copper_daily|copper_vs_ma5|copper_vs_ma20|a500_vs_ma20|us10y_vs_ma20|RSI14_lag1|DIFF_lag1|DEA_lag1|cn10y_vs_ma20|brent_vs_ma20|dollar_vs_ma20|brent_vs_ma5|a500_vs_ma5
2016,2016-02-08,2016-02-06,565766,2016-02-06,1,base_prediction|gold_daily|gold_vs_ma5|gold_vs_ma20|copper_daily|copper_vs_ma5|copper_vs_ma20|a500_vs_ma20|us10y_vs_ma20|RSI14_lag1|DIFF_lag1|DEA_lag1|cn10y_vs_ma20|brent_vs_ma20|dollar_vs_ma20|brent_vs_ma5|a500_vs_ma5
2016,2016-02-09,2016-02-08,565766,2016-02-08,1,base_prediction|gold_daily|gold_vs_ma5|gold_vs_ma20|copper_daily|copper_vs_ma5|copper_vs_ma20|a500_vs_ma20|us10y_vs_ma20|RSI14_lag1|DIFF_lag1|DEA_lag1|cn10y_vs_ma20|brent_vs_ma20|dollar_vs_ma20|brent_vs_ma5|a500_vs_ma5
2016,2016-02-10,2016-02-09,565766,2016-02-09,2,base_prediction|gold_daily|gold_vs_ma5|gold_vs_ma20|copper_daily|copper_vs_ma5|copper_vs_ma20|a500_vs_ma20|us10y_vs_ma20|RSI14_lag1|DIFF_lag1|DEA_lag1|cn10y_vs_ma20|brent_vs_ma20|dollar_vs_ma20|brent_vs_ma5|a500_vs_ma5
2016,2016-02-12,2016-02-11,565766,2016-02-11,1,base_prediction|gold_daily|gold_vs_ma5|gold_vs_ma20|copper_daily|copper_vs_ma5|copper_vs_ma20|a500_vs_ma20|us10y_vs_ma20|RSI14_lag1|DIFF_lag1|DEA_lag1|cn10y_vs_ma20|brent_vs_ma20|dollar_vs_ma20|brent_vs_ma5|a500_vs_ma5
2016,2016-02-14,2016-02-12,565766,2016-02-12,1,base_prediction|gold_daily|gold_vs_ma5|gold_vs_ma20|copper_daily|copper_vs_ma5|copper_vs_ma20|a500_vs_ma20|us10y_vs_ma20|RSI14_lag1|DIFF_lag1|DEA_lag1|cn10y_vs_ma20|brent_vs_ma20|dollar_vs_ma20|brent_vs_ma5|a500_vs_ma5
2016,2016-02-15,2016-02-14,565766,2016-02-14,1,base_prediction|gold_daily|gold_vs_ma5|gold_vs_ma20|copper_daily|copper_vs_ma5|copper_vs_ma20|a500_vs_ma20|us10y_vs_ma20|RSI14_lag1|DIFF_lag1|DEA_lag1|cn10y_vs_ma20|brent_vs_ma20|dollar_vs_ma20|brent_vs_ma5|a500_vs_ma5
2016,2016-02-16,2016-02-15,565766,2016-02-15,2,base_prediction|gold_daily|gold_vs_ma5|gold_vs_ma20|copper_daily|copper_vs_ma5|copper_vs_ma20|a500_vs_ma20|us10y_vs_ma20|RSI14_lag1|DIFF_lag1|DEA_lag1|cn10y_vs_ma20|brent_vs_ma20|dollar_vs_ma20|brent_vs_ma5|a500_vs_ma5
2016,2016-02-18,2016-02-17,565766,2016-02-17,2,base_prediction|gold_daily|gold_vs_ma5|gold_vs_ma20|copper_daily|copper_vs_ma5|copper_vs_ma20|a500_vs_ma20|us10y_vs_ma20|RSI14_lag1|DIFF_lag1|DEA_lag1|cn10y_vs_ma20|brent_vs_ma20|dollar_vs_ma20|brent_vs_ma5|a500_vs_ma5
2016,2016-02-22,2016-02-19,565766,2016-02-19,1,base_prediction|gold_daily|gold_vs_ma5|gold_vs_ma20|copper_daily|copper_vs_ma5|copper_vs_ma20|a500_vs_ma20|us10y_vs_ma20|RSI14_lag1|DIFF_lag1|DEA_lag1|cn10y_vs_ma20|brent_vs_ma20|dollar_vs_ma20|brent_vs_ma5|a500_vs_ma5
2016,2016-02-23,2016-02-22,565766,2016-02-22,1,base_prediction|gold_daily|gold_vs_ma5|gold_vs_ma20|copper_daily|copper_vs_ma5|copper_vs_ma20|a500_vs_ma20|us10y_vs_ma20|RSI14_lag1|DIFF_lag1|DEA_lag1|cn10y_vs_ma20|brent_vs_ma20|dollar_vs_ma20|brent_vs_ma5|a500_vs_ma5
2016,2016-02-24,2016-02-23,565766,2016-02-23,1,base_prediction|gold_daily|gold_vs_ma5|gold_vs_ma20|copper_daily|copper_vs_ma5|copper_vs_ma20|a500_vs_ma20|us10y_vs_ma20|RSI14_lag1|DIFF_lag1|DEA_lag1|cn10y_vs_ma20|brent_vs_ma20|dollar_vs_ma20|brent_vs_ma5|a500_vs_ma5
2016,2016-02-25,2016-02-24,565766,2016-02-24,2,base_prediction|gold_daily|gold_vs_ma5|gold_vs_ma20|copper_daily|copper_vs_ma5|copper_vs_ma20|a500_vs_ma20|us10y_vs_ma20|RSI14_lag1|DIFF_lag1|DEA_lag1|cn10y_vs_ma20|brent_vs_ma20|dollar_vs_ma20|brent_vs_ma5|a500_vs_ma5
2016,2016-02-29,2016-02-26,565766,2016-02-26,1,base_prediction|gold_daily|gold_vs_ma5|gold_vs_ma20|copper_daily|copper_vs_ma5|copper_vs_ma20|a500_vs_ma20|us10y_vs_ma20|RSI14_lag1|DIFF_lag1|DEA_lag1|cn10y_vs_ma20|brent_vs_ma20|dollar_vs_ma20|brent_vs_ma5|a500_vs_ma5
2016,2016-03-01,2016-02-29,565766,2016-02-29,1,base_prediction|gold_daily|gold_vs_ma5|gold_vs_ma20|copper_daily|copper_vs_ma5|copper_vs_ma20|a500_vs_ma20|us10y_vs_ma20|RSI14_lag1|DIFF_lag1|DEA_lag1|cn10y_vs_ma20|brent_vs_ma20|dollar_vs_ma20|brent_vs_ma5|a500_vs_ma5
2016,2016-03-02,2016-03-01,565766,2016-03-01,2,base_prediction|gold_daily|gold_vs_ma5|gold_vs_ma20|copper_daily|copper_vs_ma5|copper_vs_ma20|a500_vs_ma20|us10y_vs_ma20|RSI14_lag1|DIFF_lag1|DEA_lag1|cn10y_vs_ma20|brent_vs_ma20|dollar_vs_ma20|brent_vs_ma5|a500_vs_ma5
2016,2016-03-04,2016-03-03,565766,2016-03-03,1,base_prediction|gold_daily|gold_vs_ma5|gold_vs_ma20|copper_daily|copper_vs_ma5|copper_vs_ma20|a500_vs_ma20|us10y_vs_ma20|RSI14_lag1|DIFF_lag1|DEA_lag1|cn10y_vs_ma20|brent_vs_ma20|dollar_vs_ma20|brent_vs_ma5|a500_vs_ma5
2016,2016-03-07,2016-03-04,565766,2016-03-04,1,base_prediction|gold_daily|gold_vs_ma5|gold_vs_ma20|copper_daily|copper_vs_ma5|copper_vs_ma20|a500_vs_ma20|us10y_vs_ma20|RSI14_lag1|DIFF_lag1|DEA_lag1|cn10y_vs_ma20|brent_vs_ma20|dollar_vs_ma20|brent_vs_ma5|a500_vs_ma5
2016,2016-03-08,2016-03-07,565766,2016-03-07,1,base_prediction|gold_daily|gold_vs_ma5|gold_vs_ma20|copper_daily|copper_vs_ma5|copper_vs_ma20|a500_vs_ma20|us10y_vs_ma20|RSI14_lag1|DIFF_lag1|DEA_lag1|cn10y_vs_ma20|brent_vs_ma20|dollar_vs_ma20|brent_vs_ma5|a500_vs_ma5
2016,2016-03-09,2016-03-08,550343,2016-03-08,1,base_prediction|gold_daily|gold_vs_ma5|gold_vs_ma20|copper_daily|copper_vs_ma5|copper_vs_ma20|a500_vs_ma20|us10y_vs_ma20|RSI14_lag1|DIFF_lag1|DEA_lag1|cn10y_vs_ma20|brent_vs_ma20|dollar_vs_ma20|brent_vs_ma5|a500_vs_ma5
2016,2016-03-10,2016-03-09,550343,2016-03-09,1,base_prediction|gold_daily|gold_vs_ma5|gold_vs_ma20|copper_daily|copper_vs_ma5|copper_vs_ma20|a500_vs_ma20|us10y_vs_ma20|RSI14_lag1|DIFF_lag1|DEA_lag1|cn10y_vs_ma20|brent_vs_ma20|dollar_vs_ma20|brent_vs_ma5|a500_vs_ma5
2016,2016-03-11,2016-03-10,550343,2016-03-10,2,base_prediction|gold_daily|gold_vs_ma5|gold_vs_ma20|copper_daily|copper_vs_ma5|copper_vs_ma20|a500_vs_ma20|us10y_vs_ma20|RSI14_lag1|DIFF_lag1|DEA_lag1|cn10y_vs_ma20|brent_vs_ma20|dollar_vs_ma20|brent_vs_ma5|a500_vs_ma5
2016,2016-03-15,2016-03-14,550343,2016-03-14,2,base_prediction|gold_daily|gold_vs_ma5|gold_vs_ma20|copper_daily|copper_vs_ma5|copper_vs_ma20|a500_vs_ma20|us10y_vs_ma20|RSI14_lag1|DIFF_lag1|DEA_lag1|cn10y_vs_ma20|brent_vs_ma20|dollar_vs_ma20|brent_vs_ma5|a500_vs_ma5
2016,2016-03-17,2016-03-16,550343,2016-03-16,1,base_prediction|gold_daily|gold_vs_ma5|gold_vs_ma20|copper_daily|copper_vs_ma5|copper_vs_ma20|a500_vs_ma20|us10y_vs_ma20|RSI14_lag1|DIFF_lag1|DEA_lag1|cn10y_vs_ma20|brent_vs_ma20|dollar_vs_ma20|brent_vs_ma5|a500_vs_ma5
2016,2016-03-18,2016-03-17,550343,2016-03-17,2,base_prediction|gold_daily|gold_vs_ma5|gold_vs_ma20|copper_daily|copper_vs_ma5|copper_vs_ma20|a500_vs_ma20|us10y_vs_ma20|RSI14_lag1|DIFF_lag1|DEA_lag1|cn10y_vs_ma20|brent_vs_ma20|dollar_vs_ma20|brent_vs_ma5|a500_vs_ma5
2016,2016-03-22,2016-03-21,550343,2016-03-21,2,base_prediction|gold_daily|gold_vs_ma5|gold_vs_ma20|copper_daily|copper_vs_ma5|copper_vs_ma20|a500_vs_ma20|us10y_vs_ma20|RSI14_lag1|DIFF_lag1|DEA_lag1|cn10y_vs_ma20|brent_vs_ma20|dollar_vs_ma20|brent_vs_ma5|a500_vs_ma5
2016,2016-03-24,2016-03-23,385735,2016-03-23,1,base_prediction|gold_daily|gold_vs_ma5|gold_vs_ma20|copper_daily|copper_vs_ma5|copper_vs_ma20|a500_vs_ma20|us10y_vs_ma20|RSI14_lag1|DIFF_lag1|DEA_lag1|cn10y_vs_ma20|brent_vs_ma20|dollar_vs_ma20|brent_vs_ma5|a500_vs_ma5
2016,2016-03-25,2016-03-24,550343,2016-03-24,3,base_prediction|gold_daily|gold_vs_ma5|gold_vs_ma20|copper_daily|copper_vs_ma5|copper_vs_ma20|a500_vs_ma20|us10y_vs_ma20|RSI14_lag1|DIFF_lag1|DEA_lag1|cn10y_vs_ma20|brent_vs_ma20|dollar_vs_ma20|brent_vs_ma5|a500_vs_ma5
2016,2016-03-30,2016-03-29,550343,2016-03-29,2,base_prediction|gold_daily|gold_vs_ma5|gold_vs_ma20|copper_daily|copper_vs_ma5|copper_vs_ma20|a500_vs_ma20|us10y_vs_ma20|RSI14_lag1|DIFF_lag1|DEA_lag1|cn10y_vs_ma20|brent_vs_ma20|dollar_vs_ma20|brent_vs_ma5|a500_vs_ma5
2016,2016-04-01,2016-03-31,550343,2016-03-31,1,base_prediction|gold_daily|gold_vs_ma5|gold_vs_ma20|copper_daily|copper_vs_ma5|copper_vs_ma20|a500_vs_ma20|us10y_vs_ma20|RSI14_lag1|DIFF_lag1|DEA_lag1|cn10y_vs_ma20|brent_vs_ma20|dollar_vs_ma20|brent_vs_ma5|a500_vs_ma5
2016,2016-04-04,2016-04-01,550343,2016-04-01,2,base_prediction|gold_daily|gold_vs_ma5|gold_vs_ma20|copper_daily|copper_vs_ma5|copper_vs_ma20|a500_vs_ma20|us10y_vs_ma20|RSI14_lag1|DIFF_lag1|DEA_lag1|cn10y_vs_ma20|brent_vs_ma20|dollar_vs_ma20|brent_vs_ma5|a500_vs_ma5
2016,2016-04-06,2016-04-05,550343,2016-04-05,1,base_prediction|gold_daily|gold_vs_ma5|gold_vs_ma20|copper_daily|copper_vs_ma5|copper_vs_ma20|a500_vs_ma20|us10y_vs_ma20|RSI14_lag1|DIFF_lag1|DEA_lag1|cn10y_vs_ma20|brent_vs_ma20|dollar_vs_ma20|brent_vs_ma5|a500_vs_ma5
2016,2016-04-07,2016-04-06,550343,2016-04-06,1,base_prediction|gold_daily|gold_vs_ma5|gold_vs_ma20|copper_daily|copper_vs_ma5|copper_vs_ma20|a500_vs_ma20|us10y_vs_ma20|RSI14_lag1|DIFF_lag1|DEA_lag1|cn10y_vs_ma20|brent_vs_ma20|dollar_vs_ma20|brent_vs_ma5|a500_vs_ma5
2016,2016-04-08,2016-04-07,385735,2016-04-07,1,base_prediction|gold_daily|gold_vs_ma5|gold_vs_ma20|copper_daily|copper_vs_ma5|copper_vs_ma20|a500_vs_ma20|us10y_vs_ma20|RSI14_lag1|DIFF_lag1|DEA_lag1|cn10y_vs_ma20|brent_vs_ma20|dollar_vs_ma20|brent_vs_ma5|a500_vs_ma5
2016,2016-04-11,2016-04-08,640934,2016-04-08,2,base_prediction|gold_daily|gold_vs_ma5|gold_vs_ma20|copper_daily|copper_vs_ma5|copper_vs_ma20|a500_vs_ma20|us10y_vs_ma20|RSI14_lag1|DIFF_lag1|DEA_lag1|cn10y_vs_ma20|brent_vs_ma20|dollar_vs_ma20|brent_vs_ma5|a500_vs_ma5
2016,2016-04-13,2016-04-12,640934,2016-04-12,1,base_prediction|gold_daily|gold_vs_ma5|gold_vs_ma20|copper_daily|copper_vs_ma5|copper_vs_ma20|a500_vs_ma20|us10y_vs_ma20|RSI14_lag1|DIFF_lag1|DEA_lag1|cn10y_vs_ma20|brent_vs_ma20|dollar_vs_ma20|brent_vs_ma5|a500_vs_ma5
2016,2016-04-14,2016-04-13,640934,2016-04-13,2,base_prediction|gold_daily|gold_vs_ma5|gold_vs_ma20|copper_daily|copper_vs_ma5|copper_vs_ma20|a500_vs_ma20|us10y_vs_ma20|RSI14_lag1|DIFF_lag1|DEA_lag1|cn10y_vs_ma20|brent_vs_ma20|dollar_vs_ma20|brent_vs_ma5|a500_vs_ma5
2016,2016-04-18,2016-04-15,640934,2016-04-15,3,base_prediction|gold_daily|gold_vs_ma5|gold_vs_ma20|copper_daily|copper_vs_ma5|copper_vs_ma20|a500_vs_ma20|us10y_vs_ma20|RSI14_lag1|DIFF_lag1|DEA_lag1|cn10y_vs_ma20|brent_vs_ma20|dollar_vs_ma20|brent_vs_ma5|a500_vs_ma5
2016,2016-04-21,2016-04-20,640934,2016-04-20,2,base_prediction|gold_daily|gold_vs_ma5|gold_vs_ma20|copper_daily|copper_vs_ma5|copper_vs_ma20|a500_vs_ma20|us10y_vs_ma20|RSI14_lag1|DIFF_lag1|DEA_lag1|cn10y_vs_ma20|brent_vs_ma20|dollar_vs_ma20|brent_vs_ma5|a500_vs_ma5
2016,2016-04-25,2016-04-22,640934,2016-04-22,2,base_prediction|gold_daily|gold_vs_ma5|gold_vs_ma20|copper_daily|copper_vs_ma5|copper_vs_ma20|a500_vs_ma20|us10y_vs_ma20|RSI14_lag1|DIFF_lag1|DEA_lag1|cn10y_vs_ma20|brent_vs_ma20|dollar_vs_ma20|brent_vs_ma5|a500_vs_ma5
2016,2016-04-27,2016-04-26,640934,2016-04-26,1,base_prediction|gold_daily|gold_vs_ma5|gold_vs_ma20|copper_daily|copper_vs_ma5|copper_vs_ma20|a500_vs_ma20|us10y_vs_ma20|RSI14_lag1|DIFF_lag1|DEA_lag1|cn10y_vs_ma20|brent_vs_ma20|dollar_vs_ma20|brent_vs_ma5|a500_vs_ma5
2016,2016-04-28,2016-04-27,640934,2016-04-27,1,base_prediction|gold_daily|gold_vs_ma5|gold_vs_ma20|copper_daily|copper_vs_ma5|copper_vs_ma20|a500_vs_ma20|us10y_vs_ma20|RSI14_lag1|DIFF_lag1|DEA_lag1|cn10y_vs_ma20|brent_vs_ma20|dollar_vs_ma20|brent_vs_ma5|a500_vs_ma5
2016,2016-04-29,2016-04-28,640934,2016-04-28,1,base_prediction|gold_daily|gold_vs_ma5|gold_vs_ma20|copper_daily|copper_vs_ma5|copper_vs_ma20|a500_vs_ma20|us10y_vs_ma20|RSI14_lag1|DIFF_lag1|DEA_lag1|cn10y_vs_ma20|brent_vs_ma20|dollar_vs_ma20|brent_vs_ma5|a500_vs_ma5
2016,2016-05-02,2016-04-29,965409,2016-04-29,2,base_prediction|gold_daily|gold_vs_ma5|gold_vs_ma20|copper_daily|copper_vs_ma5|copper_vs_ma20|a500_vs_ma20|us10y_vs_ma20|RSI14_lag1|DIFF_lag1|DEA_lag1|cn10y_vs_ma20|brent_vs_ma20|dollar_vs_ma20|brent_vs_ma5|a500_vs_ma5
2016,2016-05-04,2016-05-03,965409,2016-05-03,1,base_prediction|gold_daily|gold_vs_ma5|gold_vs_ma20|copper_daily|copper_vs_ma5|copper_vs_ma20|a500_vs_ma20|us10y_vs_ma20|RSI14_lag1|DIFF_lag1|DEA_lag1|cn10y_vs_ma20|brent_vs_ma20|dollar_vs_ma20|brent_vs_ma5|a500_vs_ma5
2016,2016-05-05,2016-05-04,741131,2016-05-04,1,base_prediction|gold_daily|gold_vs_ma5|gold_vs_ma20|copper_daily|copper_vs_ma5|copper_vs_ma20|a500_vs_ma20|us10y_vs_ma20|RSI14_lag1|DIFF_lag1|DEA_lag1|cn10y_vs_ma20|brent_vs_ma20|dollar_vs_ma20|brent_vs_ma5|a500_vs_ma5
2016,2016-05-06,2016-05-05,640934,2016-05-05,2,base_prediction|gold_daily|gold_vs_ma5|gold_vs_ma20|copper_daily|copper_vs_ma5|copper_vs_ma20|a500_vs_ma20|us10y_vs_ma20|RSI14_lag1|DIFF_lag1|DEA_lag1|cn10y_vs_ma20|brent_vs_ma20|dollar_vs_ma20|brent_vs_ma5|a500_vs_ma5
2016,2016-05-10,2016-05-09,965409,2016-05-09,2,base_prediction|gold_daily|gold_vs_ma5|gold_vs_ma20|copper_daily|copper_vs_ma5|copper_vs_ma20|a500_vs_ma20|us10y_vs_ma20|RSI14_lag1|DIFF_lag1|DEA_lag1|cn10y_vs_ma20|brent_vs_ma20|dollar_vs_ma20|brent_vs_ma5|a500_vs_ma5
2016,2016-05-12,2016-05-11,965409,2016-05-11,1,base_prediction|gold_daily|gold_vs_ma5|gold_vs_ma20|copper_daily|copper_vs_ma5|copper_vs_ma20|a500_vs_ma20|us10y_vs_ma20|RSI14_lag1|DIFF_lag1|DEA_lag1|cn10y_vs_ma20|brent_vs_ma20|dollar_vs_ma20|brent_vs_ma5|a500_vs_ma5
2016,2016-05-13,2016-05-12,965409,2016-05-12,1,base_prediction|gold_daily|gold_vs_ma5|gold_vs_ma20|copper_daily|copper_vs_ma5|copper_vs_ma20|a500_vs_ma20|us10y_vs_ma20|RSI14_lag1|DIFF_lag1|DEA_lag1|cn10y_vs_ma20|brent_vs_ma20|dollar_vs_ma20|brent_vs_ma5|a500_vs_ma5
2016,2016-05-16,2016-05-13,965409,2016-05-13,1,base_prediction|gold_daily|gold_vs_ma5|gold_vs_ma20|copper_daily|copper_vs_ma5|copper_vs_ma20|a500_vs_ma20|us10y_vs_ma20|RSI14_lag1|DIFF_lag1|DEA_lag1|cn10y_vs_ma20|brent_vs_ma20|dollar_vs_ma20|brent_vs_ma5|a500_vs_ma5
2016,2016-05-17,2016-05-16,965409,2016-05-16,2,base_prediction|gold_daily|gold_vs_ma5|gold_vs_ma20|copper_daily|copper_vs_ma5|copper_vs_ma20|a500_vs_ma20|us10y_vs_ma20|RSI14_lag1|DIFF_lag1|DEA_lag1|cn10y_vs_ma20|brent_vs_ma20|dollar_vs_ma20|brent_vs_ma5|a500_vs_ma5
2016,2016-05-19,2016-05-18,965409,2016-05-18,1,base_prediction|gold_daily|gold_vs_ma5|gold_vs_ma20|copper_daily|copper_vs_ma5|copper_vs_ma20|a500_vs_ma20|us10y_vs_ma20|RSI14_lag1|DIFF_lag1|DEA_lag1|cn10y_vs_ma20|brent_vs_ma20|dollar_vs_ma20|brent_vs_ma5|a500_vs_ma5
2016,2016-05-20,2016-05-19,965409,2016-05-19,1,base_prediction|gold_daily|gold_vs_ma5|gold_vs_ma20|copper_daily|copper_vs_ma5|copper_vs_ma20|a500_vs_ma20|us10y_vs_ma20|RSI14_lag1|DIFF_lag1|DEA_lag1|cn10y_vs_ma20|brent_vs_ma20|dollar_vs_ma20|brent_vs_ma5|a500_vs_ma5
2016,2016-05-23,2016-05-20,785634,2016-05-20,2,base_prediction|gold_daily|gold_vs_ma5|gold_vs_ma20|copper_daily|copper_vs_ma5|copper_vs_ma20|a500_vs_ma20|us10y_vs_ma20|RSI14_lag1|DIFF_lag1|DEA_lag1|cn10y_vs_ma20|brent_vs_ma20|dollar_vs_ma20|brent_vs_ma5|a500_vs_ma5
2016,2016-05-25,2016-05-24,785634,2016-05-24,1,base_prediction|gold_daily|gold_vs_ma5|gold_vs_ma20|copper_daily|copper_vs_ma5|copper_vs_ma20|a500_vs_ma20|us10y_vs_ma20|RSI14_lag1|DIFF_lag1|DEA_lag1|cn10y_vs_ma20|brent_vs_ma20|dollar_vs_ma20|brent_vs_ma5|a500_vs_ma5
2016,2016-05-26,2016-05-25,965409,2016-05-25,1,base_prediction|gold_daily|gold_vs_ma5|gold_vs_ma20|copper_daily|copper_vs_ma5|copper_vs_ma20|a500_vs_ma20|us10y_vs_ma20|RSI14_lag1|DIFF_lag1|DEA_lag1|cn10y_vs_ma20|brent_vs_ma20|dollar_vs_ma20|brent_vs_ma5|a500_vs_ma5
2016,2016-05-27,2016-05-26,965409,2016-05-26,1,base_prediction|gold_daily|gold_vs_ma5|gold_vs_ma20|copper_daily|copper_vs_ma5|copper_vs_ma20|a500_vs_ma20|us10y_vs_ma20|RSI14_lag1|DIFF_lag1|DEA_lag1|cn10y_vs_ma20|brent_vs_ma20|dollar_vs_ma20|brent_vs_ma5|a500_vs_ma5
2016,2016-05-30,2016-05-27,965409,2016-05-27,3,base_prediction|gold_daily|gold_vs_ma5|gold_vs_ma20|copper_daily|copper_vs_ma5|copper_vs_ma20|a500_vs_ma20|us10y_vs_ma20|RSI14_lag1|DIFF_lag1|DEA_lag1|cn10y_vs_ma20|brent_vs_ma20|dollar_vs_ma20|brent_vs_ma5|a500_vs_ma5
2016,2016-06-02,2016-06-01,965409,2016-06-01,2,base_prediction|gold_daily|gold_vs_ma5|gold_vs_ma20|copper_daily|copper_vs_ma5|copper_vs_ma20|a500_vs_ma20|us10y_vs_ma20|RSI14_lag1|DIFF_lag1|DEA_lag1|cn10y_vs_ma20|brent_vs_ma20|dollar_vs_ma20|brent_vs_ma5|a500_vs_ma5
2016,2016-06-06,2016-06-03,965409,2016-06-03,1,base_prediction|gold_daily|gold_vs_ma5|gold_vs_ma20|copper_daily|copper_vs_ma5|copper_vs_ma20|a500_vs_ma20|us10y_vs_ma20|RSI14_lag1|DIFF_lag1|DEA_lag1|cn10y_vs_ma20|brent_vs_ma20|dollar_vs_ma20|brent_vs_ma5|a500_vs_ma5
2016,2016-06-07,2016-06-06,965409,2016-06-06,2,base_prediction|gold_daily|gold_vs_ma5|gold_vs_ma20|copper_daily|copper_vs_ma5|copper_vs_ma20|a500_vs_ma20|us10y_vs_ma20|RSI14_lag1|DIFF_lag1|DEA_lag1|cn10y_vs_ma20|brent_vs_ma20|dollar_vs_ma20|brent_vs_ma5|a500_vs_ma5
2016,2016-06-09,2016-06-08,965409,2016-06-08,1,base_prediction|gold_daily|gold_vs_ma5|gold_vs_ma20|copper_daily|copper_vs_ma5|copper_vs_ma20|a500_vs_ma20|us10y_vs_ma20|RSI14_lag1|DIFF_lag1|DEA_lag1|cn10y_vs_ma20|brent_vs_ma20|dollar_vs_ma20|brent_vs_ma5|a500_vs_ma5
2016,2016-06-10,2016-06-09,965409,2016-06-09,6,base_prediction|gold_daily|gold_vs_ma5|gold_vs_ma20|copper_daily|copper_vs_ma5|copper_vs_ma20|a500_vs_ma20|us10y_vs_ma20|RSI14_lag1|DIFF_lag1|DEA_lag1|cn10y_vs_ma20|brent_vs_ma20|dollar_vs_ma20|brent_vs_ma5|a500_vs_ma5
2016,2016-06-17,2016-06-16,965409,2016-06-16,2,base_prediction|gold_daily|gold_vs_ma5|gold_vs_ma20|copper_daily|copper_vs_ma5|copper_vs_ma20|a500_vs_ma20|us10y_vs_ma20|RSI14_lag1|DIFF_lag1|DEA_lag1|cn10y_vs_ma20|brent_vs_ma20|dollar_vs_ma20|brent_vs_ma5|a500_vs_ma5
2016,2016-06-21,2016-06-20,965409,2016-06-20,1,base_prediction|gold_daily|gold_vs_ma5|gold_vs_ma20|copper_daily|copper_vs_ma5|copper_vs_ma20|a500_vs_ma20|us10y_vs_ma20|RSI14_lag1|DIFF_lag1|DEA_lag1|cn10y_vs_ma20|brent_vs_ma20|dollar_vs_ma20|brent_vs_ma5|a500_vs_ma5
2016,2016-06-22,2016-06-21,965409,2016-06-21,2,base_prediction|gold_daily|gold_vs_ma5|gold_vs_ma20|copper_daily|copper_vs_ma5|copper_vs_ma20|a500_vs_ma20|us10y_vs_ma20|RSI14_lag1|DIFF_lag1|DEA_lag1|cn10y_vs_ma20|brent_vs_ma20|dollar_vs_ma20|brent_vs_ma5|a500_vs_ma5
2016,2016-06-24,2016-06-23,965409,2016-06-23,1,base_prediction|gold_daily|gold_vs_ma5|gold_vs_ma20|copper_daily|copper_vs_ma5|copper_vs_ma20|a500_vs_ma20|us10y_vs_ma20|RSI14_lag1|DIFF_lag1|DEA_lag1|cn10y_vs_ma20|brent_vs_ma20|dollar_vs_ma20|brent_vs_ma5|a500_vs_ma5
2016,2016-06-27,2016-06-24,965409,2016-06-24,1,base_prediction|gold_daily|gold_vs_ma5|gold_vs_ma20|copper_daily|copper_vs_ma5|copper_vs_ma20|a500_vs_ma20|us10y_vs_ma20|RSI14_lag1|DIFF_lag1|DEA_lag1|cn10y_vs_ma20|brent_vs_ma20|dollar_vs_ma20|brent_vs_ma5|a500_vs_ma5
2016,2016-06-28,2016-06-27,965409,2016-06-27,1,base_prediction|gold_daily|gold_vs_ma5|gold_vs_ma20|copper_daily|copper_vs_ma5|copper_vs_ma20|a500_vs_ma20|us10y_vs_ma20|RSI14_lag1|DIFF_lag1|DEA_lag1|cn10y_vs_ma20|brent_vs_ma20|dollar_vs_ma20|brent_vs_ma5|a500_vs_ma5
2016,2016-06-29,2016-06-28,965409,2016-06-28,1,base_prediction|gold_daily|gold_vs_ma5|gold_vs_ma20|copper_daily|copper_vs_ma5|copper_vs_ma20|a500_vs_ma20|us10y_vs_ma20|RSI14_lag1|DIFF_lag1|DEA_lag1|cn10y_vs_ma20|brent_vs_ma20|dollar_vs_ma20|brent_vs_ma5|a500_vs_ma5
2016,2016-06-30,2016-06-29,965409,2016-06-29,1,base_prediction|gold_daily|gold_vs_ma5|gold_vs_ma20|copper_daily|copper_vs_ma5|copper_vs_ma20|a500_vs_ma20|us10y_vs_ma20|RSI14_lag1|DIFF_lag1|DEA_lag1|cn10y_vs_ma20|brent_vs_ma20|dollar_vs_ma20|brent_vs_ma5|a500_vs_ma5
2016,2016-07-01,2016-06-30,965409,2016-06-30,1,base_prediction|gold_daily|gold_vs_ma5|gold_vs_ma20|copper_daily|copper_vs_ma5|copper_vs_ma20|a500_vs_ma20|us10y_vs_ma20|RSI14_lag1|DIFF_lag1|DEA_lag1|cn10y_vs_ma20|brent_vs_ma20|dollar_vs_ma20|brent_vs_ma5|a500_vs_ma5
2016,2016-07-04,2016-07-01,965409,2016-07-01,1,base_prediction|gold_daily|gold_vs_ma5|gold_vs_ma20|copper_daily|copper_vs_ma5|copper_vs_ma20|a500_vs_ma20|us10y_vs_ma20|RSI14_lag1|DIFF_lag1|DEA_lag1|cn10y_vs_ma20|brent_vs_ma20|dollar_vs_ma20|brent_vs_ma5|a500_vs_ma5
2016,2016-07-05,2016-07-04,965409,2016-07-04,1,base_prediction|gold_daily|gold_vs_ma5|gold_vs_ma20|copper_daily|copper_vs_ma5|copper_vs_ma20|a500_vs_ma20|us10y_vs_ma20|RSI14_lag1|DIFF_lag1|DEA_lag1|cn10y_vs_ma20|brent_vs_ma20|dollar_vs_ma20|brent_vs_ma5|a500_vs_ma5
2016,2016-07-06,2016-07-05,965409,2016-07-05,1,base_prediction|gold_daily|gold_vs_ma5|gold_vs_ma20|copper_daily|copper_vs_ma5|copper_vs_ma20|a500_vs_ma20|us10y_vs_ma20|RSI14_lag1|DIFF_lag1|DEA_lag1|cn10y_vs_ma20|brent_vs_ma20|dollar_vs_ma20|brent_vs_ma5|a500_vs_ma5
2016,2016-07-07,2016-07-06,965409,2016-07-06,1,base_prediction|gold_daily|gold_vs_ma5|gold_vs_ma20|copper_daily|copper_vs_ma5|copper_vs_ma20|a500_vs_ma20|us10y_vs_ma20|RSI14_lag1|DIFF_lag1|DEA_lag1|cn10y_vs_ma20|brent_vs_ma20|dollar_vs_ma20|brent_vs_ma5|a500_vs_ma5
2016,2016-07-08,2016-07-07,785634,2016-07-07,1,base_prediction|gold_daily|gold_vs_ma5|gold_vs_ma20|copper_daily|copper_vs_ma5|copper_vs_ma20|a500_vs_ma20|us10y_vs_ma20|RSI14_lag1|DIFF_lag1|DEA_lag1|cn10y_vs_ma20|brent_vs_ma20|dollar_vs_ma20|brent_vs_ma5|a500_vs_ma5
2016,2016-07-11,2016-07-08,785634,2016-07-08,1,base_prediction|gold_daily|gold_vs_ma5|gold_vs_ma20|copper_daily|copper_vs_ma5|copper_vs_ma20|a500_vs_ma20|us10y_vs_ma20|RSI14_lag1|DIFF_lag1|DEA_lag1|cn10y_vs_ma20|brent_vs_ma20|dollar_vs_ma20|brent_vs_ma5|a500_vs_ma5
2016,2016-07-12,2016-07-11,785634,2016-07-11,1,base_prediction|gold_daily|gold_vs_ma5|gold_vs_ma20|copper_daily|copper_vs_ma5|copper_vs_ma20|a500_vs_ma20|us10y_vs_ma20|RSI14_lag1|DIFF_lag1|DEA_lag1|cn10y_vs_ma20|brent_vs_ma20|dollar_vs_ma20|brent_vs_ma5|a500_vs_ma5
2016,2016-07-13,2016-07-12,785634,2016-07-12,1,base_prediction|gold_daily|gold_vs_ma5|gold_vs_ma20|copper_daily|copper_vs_ma5|copper_vs_ma20|a500_vs_ma20|us10y_vs_ma20|RSI14_lag1|DIFF_lag1|DEA_lag1|cn10y_vs_ma20|brent_vs_ma20|dollar_vs_ma20|brent_vs_ma5|a500_vs_ma5
2016,2016-07-14,2016-07-13,785634,2016-07-13,1,base_prediction|gold_daily|gold_vs_ma5|gold_vs_ma20|copper_daily|copper_vs_ma5|copper_vs_ma20|a500_vs_ma20|us10y_vs_ma20|RSI14_lag1|DIFF_lag1|DEA_lag1|cn10y_vs_ma20|brent_vs_ma20|dollar_vs_ma20|brent_vs_ma5|a500_vs_ma5
2016,2016-07-15,2016-07-14,785634,2016-07-14,1,base_prediction|gold_daily|gold_vs_ma5|gold_vs_ma20|copper_daily|copper_vs_ma5|copper_vs_ma20|a500_vs_ma20|us10y_vs_ma20|RSI14_lag1|DIFF_lag1|DEA_lag1|cn10y_vs_ma20|brent_vs_ma20|dollar_vs_ma20|brent_vs_ma5|a500_vs_ma5
2016,2016-07-18,2016-07-15,785634,2016-07-15,1,base_prediction|gold_daily|gold_vs_ma5|gold_vs_ma20|copper_daily|copper_vs_ma5|copper_vs_ma20|a500_vs_ma20|us10y_vs_ma20|RSI14_lag1|DIFF_lag1|DEA_lag1|cn10y_vs_ma20|brent_vs_ma20|dollar_vs_ma20|brent_vs_ma5|a500_vs_ma5
2016,2016-07-19,2016-07-18,785634,2016-07-18,1,base_prediction|gold_daily|gold_vs_ma5|gold_vs_ma20|copper_daily|copper_vs_ma5|copper_vs_ma20|a500_vs_ma20|us10y_vs_ma20|RSI14_lag1|DIFF_lag1|DEA_lag1|cn10y_vs_ma20|brent_vs_ma20|dollar_vs_ma20|brent_vs_ma5|a500_vs_ma5
2016,2016-07-20,2016-07-19,785634,2016-07-19,1,base_prediction|gold_daily|gold_vs_ma5|gold_vs_ma20|copper_daily|copper_vs_ma5|copper_vs_ma20|a500_vs_ma20|us10y_vs_ma20|RSI14_lag1|DIFF_lag1|DEA_lag1|cn10y_vs_ma20|brent_vs_ma20|dollar_vs_ma20|brent_vs_ma5|a500_vs_ma5
2016,2016-07-21,2016-07-20,785634,2016-07-20,1,base_prediction|gold_daily|gold_vs_ma5|gold_vs_ma20|copper_daily|copper_vs_ma5|copper_vs_ma20|a500_vs_ma20|us10y_vs_ma20|RSI14_lag1|DIFF_lag1|DEA_lag1|cn10y_vs_ma20|brent_vs_ma20|dollar_vs_ma20|brent_vs_ma5|a500_vs_ma5
2016,2016-07-22,2016-07-21,785634,2016-07-21,1,base_prediction|gold_daily|gold_vs_ma5|gold_vs_ma20|copper_daily|copper_vs_ma5|copper_vs_ma20|a500_vs_ma20|us10y_vs_ma20|RSI14_lag1|DIFF_lag1|DEA_lag1|cn10y_vs_ma20|brent_vs_ma20|dollar_vs_ma20|brent_vs_ma5|a500_vs_ma5
2016,2016-07-25,2016-07-22,785634,2016-07-22,1,base_prediction|gold_daily|gold_vs_ma5|gold_vs_ma20|copper_daily|copper_vs_ma5|copper_vs_ma20|a500_vs_ma20|us10y_vs_ma20|RSI14_lag1|DIFF_lag1|DEA_lag1|cn10y_vs_ma20|brent_vs_ma20|dollar_vs_ma20|brent_vs_ma5|a500_vs_ma5
2016,2016-07-26,2016-07-25,785634,2016-07-25,1,base_prediction|gold_daily|gold_vs_ma5|gold_vs_ma20|copper_daily|copper_vs_ma5|copper_vs_ma20|a500_vs_ma20|us10y_vs_ma20|RSI14_lag1|DIFF_lag1|DEA_lag1|cn10y_vs_ma20|brent_vs_ma20|dollar_vs_ma20|brent_vs_ma5|a500_vs_ma5
2016,2016-07-27,2016-07-26,785634,2016-07-26,3,base_prediction|gold_daily|gold_vs_ma5|gold_vs_ma20|copper_daily|copper_vs_ma5|copper_vs_ma20|a500_vs_ma20|us10y_vs_ma20|RSI14_lag1|DIFF_lag1|DEA_lag1|cn10y_vs_ma20|brent_vs_ma20|dollar_vs_ma20|brent_vs_ma5|a500_vs_ma5
2016,2016-08-01,2016-07-29,785634,2016-07-29,1,base_prediction|gold_daily|gold_vs_ma5|gold_vs_ma20|copper_daily|copper_vs_ma5|copper_vs_ma20|a500_vs_ma20|us10y_vs_ma20|RSI14_lag1|DIFF_lag1|DEA_lag1|cn10y_vs_ma20|brent_vs_ma20|dollar_vs_ma20|brent_vs_ma5|a500_vs_ma5
2016,2016-08-02,2016-08-01,785634,2016-08-01,1,base_prediction|gold_daily|gold_vs_ma5|gold_vs_ma20|copper_daily|copper_vs_ma5|copper_vs_ma20|a500_vs_ma20|us10y_vs_ma20|RSI14_lag1|DIFF_lag1|DEA_lag1|cn10y_vs_ma20|brent_vs_ma20|dollar_vs_ma20|brent_vs_ma5|a500_vs_ma5
2016,2016-08-03,2016-08-02,785634,2016-08-02,1,base_prediction|gold_daily|gold_vs_ma5|gold_vs_ma20|copper_daily|copper_vs_ma5|copper_vs_ma20|a500_vs_ma20|us10y_vs_ma20|RSI14_lag1|DIFF_lag1|DEA_lag1|cn10y_vs_ma20|brent_vs_ma20|dollar_vs_ma20|brent_vs_ma5|a500_vs_ma5
2016,2016-08-04,2016-08-03,785634,2016-08-03,2,base_prediction|gold_daily|gold_vs_ma5|gold_vs_ma20|copper_daily|copper_vs_ma5|copper_vs_ma20|a500_vs_ma20|us10y_vs_ma20|RSI14_lag1|DIFF_lag1|DEA_lag1|cn10y_vs_ma20|brent_vs_ma20|dollar_vs_ma20|brent_vs_ma5|a500_vs_ma5
2016,2016-08-08,2016-08-05,785634,2016-08-05,3,base_prediction|gold_daily|gold_vs_ma5|gold_vs_ma20|copper_daily|copper_vs_ma5|copper_vs_ma20|a500_vs_ma20|us10y_vs_ma20|RSI14_lag1|DIFF_lag1|DEA_lag1|cn10y_vs_ma20|brent_vs_ma20|dollar_vs_ma20|brent_vs_ma5|a500_vs_ma5
2016,2016-08-11,2016-08-10,785634,2016-08-10,2,base_prediction|gold_daily|gold_vs_ma5|gold_vs_ma20|copper_daily|copper_vs_ma5|copper_vs_ma20|a500_vs_ma20|us10y_vs_ma20|RSI14_lag1|DIFF_lag1|DEA_lag1|cn10y_vs_ma20|brent_vs_ma20|dollar_vs_ma20|brent_vs_ma5|a500_vs_ma5
2016,2016-08-15,2016-08-12,785634,2016-08-12,2,base_prediction|gold_daily|gold_vs_ma5|gold_vs_ma20|copper_daily|copper_vs_ma5|copper_vs_ma20|a500_vs_ma20|us10y_vs_ma20|RSI14_lag1|DIFF_lag1|DEA_lag1|cn10y_vs_ma20|brent_vs_ma20|dollar_vs_ma20|brent_vs_ma5|a500_vs_ma5
2016,2016-08-17,2016-08-16,785634,2016-08-16,1,base_prediction|gold_daily|gold_vs_ma5|gold_vs_ma20|copper_daily|copper_vs_ma5|copper_vs_ma20|a500_vs_ma20|us10y_vs_ma20|RSI14_lag1|DIFF_lag1|DEA_lag1|cn10y_vs_ma20|brent_vs_ma20|dollar_vs_ma20|brent_vs_ma5|a500_vs_ma5
2016,2016-08-18,2016-08-17,785634,2016-08-17,3,base_prediction|gold_daily|gold_vs_ma5|gold_vs_ma20|copper_daily|copper_vs_ma5|copper_vs_ma20|a500_vs_ma20|us10y_vs_ma20|RSI14_lag1|DIFF_lag1|DEA_lag1|cn10y_vs_ma20|brent_vs_ma20|dollar_vs_ma20|brent_vs_ma5|a500_vs_ma5
2016,2016-08-23,2016-08-22,785634,2016-08-22,2,base_prediction|gold_daily|gold_vs_ma5|gold_vs_ma20|copper_daily|copper_vs_ma5|copper_vs_ma20|a500_vs_ma20|us10y_vs_ma20|RSI14_lag1|DIFF_lag1|DEA_lag1|cn10y_vs_ma20|brent_vs_ma20|dollar_vs_ma20|brent_vs_ma5|a500_vs_ma5
2016,2016-08-25,2016-08-24,785634,2016-08-24,4,base_prediction|gold_daily|gold_vs_ma5|gold_vs_ma20|copper_daily|copper_vs_ma5|copper_vs_ma20|a500_vs_ma20|us10y_vs_ma20|RSI14_lag1|DIFF_lag1|DEA_lag1|cn10y_vs_ma20|brent_vs_ma20|dollar_vs_ma20|brent_vs_ma5|a500_vs_ma5
2016,2016-08-31,2016-08-30,785634,2016-08-30,1,base_prediction|gold_daily|gold_vs_ma5|gold_vs_ma20|copper_daily|copper_vs_ma5|copper_vs_ma20|a500_vs_ma20|us10y_vs_ma20|RSI14_lag1|DIFF_lag1|DEA_lag1|cn10y_vs_ma20|brent_vs_ma20|dollar_vs_ma20|brent_vs_ma5|a500_vs_ma5
2016,2016-09-01,2016-08-31,785634,2016-08-31,7,base_prediction|gold_daily|gold_vs_ma5|gold_vs_ma20|copper_daily|copper_vs_ma5|copper_vs_ma20|a500_vs_ma20|us10y_vs_ma20|RSI14_lag1|DIFF_lag1|DEA_lag1|cn10y_vs_ma20|brent_vs_ma20|dollar_vs_ma20|brent_vs_ma5|a500_vs_ma5
2016,2016-09-12,2016-09-09,741131,2016-09-09,3,base_prediction|gold_daily|gold_vs_ma5|gold_vs_ma20|copper_daily|copper_vs_ma5|copper_vs_ma20|a500_vs_ma20|us10y_vs_ma20|RSI14_lag1|DIFF_lag1|DEA_lag1|cn10y_vs_ma20|brent_vs_ma20|dollar_vs_ma20|brent_vs_ma5|a500_vs_ma5
2016,2016-09-15,2016-09-14,741131,2016-09-14,1,base_prediction|gold_daily|gold_vs_ma5|gold_vs_ma20|copper_daily|copper_vs_ma5|copper_vs_ma20|a500_vs_ma20|us10y_vs_ma20|RSI14_lag1|DIFF_lag1|DEA_lag1|cn10y_vs_ma20|brent_vs_ma20|dollar_vs_ma20|brent_vs_ma5|a500_vs_ma5
2016,2016-09-16,2016-09-15,741131,2016-09-15,1,base_prediction|gold_daily|gold_vs_ma5|gold_vs_ma20|copper_daily|copper_vs_ma5|copper_vs_ma20|a500_vs_ma20|us10y_vs_ma20|RSI14_lag1|DIFF_lag1|DEA_lag1|cn10y_vs_ma20|brent_vs_ma20|dollar_vs_ma20|brent_vs_ma5|a500_vs_ma5
2016,2016-09-18,2016-09-16,741131,2016-09-16,1,base_prediction|gold_daily|gold_vs_ma5|gold_vs_ma20|copper_daily|copper_vs_ma5|copper_vs_ma20|a500_vs_ma20|us10y_vs_ma20|RSI14_lag1|DIFF_lag1|DEA_lag1|cn10y_vs_ma20|brent_vs_ma20|dollar_vs_ma20|brent_vs_ma5|a500_vs_ma5
2016,2016-09-19,2016-09-18,741131,2016-09-18,1,base_prediction|gold_daily|gold_vs_ma5|gold_vs_ma20|copper_daily|copper_vs_ma5|copper_vs_ma20|a500_vs_ma20|us10y_vs_ma20|RSI14_lag1|DIFF_lag1|DEA_lag1|cn10y_vs_ma20|brent_vs_ma20|dollar_vs_ma20|brent_vs_ma5|a500_vs_ma5
2016,2016-09-20,2016-09-19,741131,2016-09-19,3,base_prediction|gold_daily|gold_vs_ma5|gold_vs_ma20|copper_daily|copper_vs_ma5|copper_vs_ma20|a500_vs_ma20|us10y_vs_ma20|RSI14_lag1|DIFF_lag1|DEA_lag1|cn10y_vs_ma20|brent_vs_ma20|dollar_vs_ma20|brent_vs_ma5|a500_vs_ma5
2016,2016-09-23,2016-09-22,785634,2016-09-22,3,base_prediction|gold_daily|gold_vs_ma5|gold_vs_ma20|copper_daily|copper_vs_ma5|copper_vs_ma20|a500_vs_ma20|us10y_vs_ma20|RSI14_lag1|DIFF_lag1|DEA_lag1|cn10y_vs_ma20|brent_vs_ma20|dollar_vs_ma20|brent_vs_ma5|a500_vs_ma5
2016,2016-09-28,2016-09-27,785634,2016-09-27,2,base_prediction|gold_daily|gold_vs_ma5|gold_vs_ma20|copper_daily|copper_vs_ma5|copper_vs_ma20|a500_vs_ma20|us10y_vs_ma20|RSI14_lag1|DIFF_lag1|DEA_lag1|cn10y_vs_ma20|brent_vs_ma20|dollar_vs_ma20|brent_vs_ma5|a500_vs_ma5
2016,2016-09-30,2016-09-29,785634,2016-09-29,1,base_prediction|gold_daily|gold_vs_ma5|gold_vs_ma20|copper_daily|copper_vs_ma5|copper_vs_ma20|a500_vs_ma20|us10y_vs_ma20|RSI14_lag1|DIFF_lag1|DEA_lag1|cn10y_vs_ma20|brent_vs_ma20|dollar_vs_ma20|brent_vs_ma5|a500_vs_ma5
2016,2016-10-03,2016-09-30,785634,2016-09-30,1,base_prediction|gold_daily|gold_vs_ma5|gold_vs_ma20|copper_daily|copper_vs_ma5|copper_vs_ma20|a500_vs_ma20|us10y_vs_ma20|RSI14_lag1|DIFF_lag1|DEA_lag1|cn10y_vs_ma20|brent_vs_ma20|dollar_vs_ma20|brent_vs_ma5|a500_vs_ma5
2016,2016-10-04,2016-10-03,785634,2016-10-03,1,base_prediction|gold_daily|gold_vs_ma5|gold_vs_ma20|copper_daily|copper_vs_ma5|copper_vs_ma20|a500_vs_ma20|us10y_vs_ma20|RSI14_lag1|DIFF_lag1|DEA_lag1|cn10y_vs_ma20|brent_vs_ma20|dollar_vs_ma20|brent_vs_ma5|a500_vs_ma5
2016,2016-10-05,2016-10-04,785634,2016-10-04,2,base_prediction|gold_daily|gold_vs_ma5|gold_vs_ma20|copper_daily|copper_vs_ma5|copper_vs_ma20|a500_vs_ma20|us10y_vs_ma20|RSI14_lag1|DIFF_lag1|DEA_lag1|cn10y_vs_ma20|brent_vs_ma20|dollar_vs_ma20|brent_vs_ma5|a500_vs_ma5
2016,2016-10-07,2016-10-06,785634,2016-10-06,1,base_prediction|gold_daily|gold_vs_ma5|gold_vs_ma20|copper_daily|copper_vs_ma5|copper_vs_ma20|a500_vs_ma20|us10y_vs_ma20|RSI14_lag1|DIFF_lag1|DEA_lag1|cn10y_vs_ma20|brent_vs_ma20|dollar_vs_ma20|brent_vs_ma5|a500_vs_ma5
2016,2016-10-08,2016-10-07,785634,2016-10-07,1,base_prediction|gold_daily|gold_vs_ma5|gold_vs_ma20|copper_daily|copper_vs_ma5|copper_vs_ma20|a500_vs_ma20|us10y_vs_ma20|RSI14_lag1|DIFF_lag1|DEA_lag1|cn10y_vs_ma20|brent_vs_ma20|dollar_vs_ma20|brent_vs_ma5|a500_vs_ma5
2016,2016-10-09,2016-10-08,785634,2016-10-08,4,base_prediction|gold_daily|gold_vs_ma5|gold_vs_ma20|copper_daily|copper_vs_ma5|copper_vs_ma20|a500_vs_ma20|us10y_vs_ma20|RSI14_lag1|DIFF_lag1|DEA_lag1|cn10y_vs_ma20|brent_vs_ma20|dollar_vs_ma20|brent_vs_ma5|a500_vs_ma5
2016,2016-10-13,2016-10-12,965409,2016-10-12,1,base_prediction|gold_daily|gold_vs_ma5|gold_vs_ma20|copper_daily|copper_vs_ma5|copper_vs_ma20|a500_vs_ma20|us10y_vs_ma20|RSI14_lag1|DIFF_lag1|DEA_lag1|cn10y_vs_ma20|brent_vs_ma20|dollar_vs_ma20|brent_vs_ma5|a500_vs_ma5
2016,2016-10-14,2016-10-13,965409,2016-10-13,1,base_prediction|gold_daily|gold_vs_ma5|gold_vs_ma20|copper_daily|copper_vs_ma5|copper_vs_ma20|a500_vs_ma20|us10y_vs_ma20|RSI14_lag1|DIFF_lag1|DEA_lag1|cn10y_vs_ma20|brent_vs_ma20|dollar_vs_ma20|brent_vs_ma5|a500_vs_ma5
2016,2016-10-17,2016-10-14,965409,2016-10-14,1,base_prediction|gold_daily|gold_vs_ma5|gold_vs_ma20|copper_daily|copper_vs_ma5|copper_vs_ma20|a500_vs_ma20|us10y_vs_ma20|RSI14_lag1|DIFF_lag1|DEA_lag1|cn10y_vs_ma20|brent_vs_ma20|dollar_vs_ma20|brent_vs_ma5|a500_vs_ma5
2016,2016-10-18,2016-10-17,965409,2016-10-17,1,base_prediction|gold_daily|gold_vs_ma5|gold_vs_ma20|copper_daily|copper_vs_ma5|copper_vs_ma20|a500_vs_ma20|us10y_vs_ma20|RSI14_lag1|DIFF_lag1|DEA_lag1|cn10y_vs_ma20|brent_vs_ma20|dollar_vs_ma20|brent_vs_ma5|a500_vs_ma5
2016,2016-10-19,2016-10-18,965409,2016-10-18,1,base_prediction|gold_daily|gold_vs_ma5|gold_vs_ma20|copper_daily|copper_vs_ma5|copper_vs_ma20|a500_vs_ma20|us10y_vs_ma20|RSI14_lag1|DIFF_lag1|DEA_lag1|cn10y_vs_ma20|brent_vs_ma20|dollar_vs_ma20|brent_vs_ma5|a500_vs_ma5
2016,2016-10-20,2016-10-19,965409,2016-10-19,1,base_prediction|gold_daily|gold_vs_ma5|gold_vs_ma20|copper_daily|copper_vs_ma5|copper_vs_ma20|a500_vs_ma20|us10y_vs_ma20|RSI14_lag1|DIFF_lag1|DEA_lag1|cn10y_vs_ma20|brent_vs_ma20|dollar_vs_ma20|brent_vs_ma5|a500_vs_ma5
2016,2016-10-21,2016-10-20,965409,2016-10-20,1,base_prediction|gold_daily|gold_vs_ma5|gold_vs_ma20|copper_daily|copper_vs_ma5|copper_vs_ma20|a500_vs_ma20|us10y_vs_ma20|RSI14_lag1|DIFF_lag1|DEA_lag1|cn10y_vs_ma20|brent_vs_ma20|dollar_vs_ma20|brent_vs_ma5|a500_vs_ma5
2016,2016-10-24,2016-10-21,965409,2016-10-21,1,base_prediction|gold_daily|gold_vs_ma5|gold_vs_ma20|copper_daily|copper_vs_ma5|copper_vs_ma20|a500_vs_ma20|us10y_vs_ma20|RSI14_lag1|DIFF_lag1|DEA_lag1|cn10y_vs_ma20|brent_vs_ma20|dollar_vs_ma20|brent_vs_ma5|a500_vs_ma5
2016,2016-10-25,2016-10-24,965409,2016-10-24,4,base_prediction|gold_daily|gold_vs_ma5|gold_vs_ma20|copper_daily|copper_vs_ma5|copper_vs_ma20|a500_vs_ma20|us10y_vs_ma20|RSI14_lag1|DIFF_lag1|DEA_lag1|cn10y_vs_ma20|brent_vs_ma20|dollar_vs_ma20|brent_vs_ma5|a500_vs_ma5
2016,2016-10-31,2016-10-28,965409,2016-10-28,2,base_prediction|gold_daily|gold_vs_ma5|gold_vs_ma20|copper_daily|copper_vs_ma5|copper_vs_ma20|a500_vs_ma20|us10y_vs_ma20|RSI14_lag1|DIFF_lag1|DEA_lag1|cn10y_vs_ma20|brent_vs_ma20|dollar_vs_ma20|brent_vs_ma5|a500_vs_ma5
2016,2016-11-02,2016-11-01,965409,2016-11-01,1,base_prediction|gold_daily|gold_vs_ma5|gold_vs_ma20|copper_daily|copper_vs_ma5|copper_vs_ma20|a500_vs_ma20|us10y_vs_ma20|RSI14_lag1|DIFF_lag1|DEA_lag1|cn10y_vs_ma20|brent_vs_ma20|dollar_vs_ma20|brent_vs_ma5|a500_vs_ma5
2016,2016-11-03,2016-11-02,965409,2016-11-02,1,base_prediction|gold_daily|gold_vs_ma5|gold_vs_ma20|copper_daily|copper_vs_ma5|copper_vs_ma20|a500_vs_ma20|us10y_vs_ma20|RSI14_lag1|DIFF_lag1|DEA_lag1|cn10y_vs_ma20|brent_vs_ma20|dollar_vs_ma20|brent_vs_ma5|a500_vs_ma5
2016,2016-11-04,2016-11-03,965409,2016-11-03,3,base_prediction|gold_daily|gold_vs_ma5|gold_vs_ma20|copper_daily|copper_vs_ma5|copper_vs_ma20|a500_vs_ma20|us10y_vs_ma20|RSI14_lag1|DIFF_lag1|DEA_lag1|cn10y_vs_ma20|brent_vs_ma20|dollar_vs_ma20|brent_vs_ma5|a500_vs_ma5
2016,2016-11-09,2016-11-08,965409,2016-11-08,1,base_prediction|gold_daily|gold_vs_ma5|gold_vs_ma20|copper_daily|copper_vs_ma5|copper_vs_ma20|a500_vs_ma20|us10y_vs_ma20|RSI14_lag1|DIFF_lag1|DEA_lag1|cn10y_vs_ma20|brent_vs_ma20|dollar_vs_ma20|brent_vs_ma5|a500_vs_ma5
2016,2016-11-10,2016-11-09,965409,2016-11-09,2,base_prediction|gold_daily|gold_vs_ma5|gold_vs_ma20|copper_daily|copper_vs_ma5|copper_vs_ma20|a500_vs_ma20|us10y_vs_ma20|RSI14_lag1|DIFF_lag1|DEA_lag1|cn10y_vs_ma20|brent_vs_ma20|dollar_vs_ma20|brent_vs_ma5|a500_vs_ma5
2016,2016-11-14,2016-11-11,965409,2016-11-11,1,base_prediction|gold_daily|gold_vs_ma5|gold_vs_ma20|copper_daily|copper_vs_ma5|copper_vs_ma20|a500_vs_ma20|us10y_vs_ma20|RSI14_lag1|DIFF_lag1|DEA_lag1|cn10y_vs_ma20|brent_vs_ma20|dollar_vs_ma20|brent_vs_ma5|a500_vs_ma5
2016,2016-11-15,2016-11-14,965409,2016-11-14,2,base_prediction|gold_daily|gold_vs_ma5|gold_vs_ma20|copper_daily|copper_vs_ma5|copper_vs_ma20|a500_vs_ma20|us10y_vs_ma20|RSI14_lag1|DIFF_lag1|DEA_lag1|cn10y_vs_ma20|brent_vs_ma20|dollar_vs_ma20|brent_vs_ma5|a500_vs_ma5
2016,2016-11-17,2016-11-16,965409,2016-11-16,1,base_prediction|gold_daily|gold_vs_ma5|gold_vs_ma20|copper_daily|copper_vs_ma5|copper_vs_ma20|a500_vs_ma20|us10y_vs_ma20|RSI14_lag1|DIFF_lag1|DEA_lag1|cn10y_vs_ma20|brent_vs_ma20|dollar_vs_ma20|brent_vs_ma5|a500_vs_ma5
2016,2016-11-18,2016-11-17,965409,2016-11-17,3,base_prediction|gold_daily|gold_vs_ma5|gold_vs_ma20|copper_daily|copper_vs_ma5|copper_vs_ma20|a500_vs_ma20|us10y_vs_ma20|RSI14_lag1|DIFF_lag1|DEA_lag1|cn10y_vs_ma20|brent_vs_ma20|dollar_vs_ma20|brent_vs_ma5|a500_vs_ma5
2016,2016-11-23,2016-11-22,965409,2016-11-22,1,base_prediction|gold_daily|gold_vs_ma5|gold_vs_ma20|copper_daily|copper_vs_ma5|copper_vs_ma20|a500_vs_ma20|us10y_vs_ma20|RSI14_lag1|DIFF_lag1|DEA_lag1|cn10y_vs_ma20|brent_vs_ma20|dollar_vs_ma20|brent_vs_ma5|a500_vs_ma5
2016,2016-11-24,2016-11-23,965409,2016-11-23,2,base_prediction|gold_daily|gold_vs_ma5|gold_vs_ma20|copper_daily|copper_vs_ma5|copper_vs_ma20|a500_vs_ma20|us10y_vs_ma20|RSI14_lag1|DIFF_lag1|DEA_lag1|cn10y_vs_ma20|brent_vs_ma20|dollar_vs_ma20|brent_vs_ma5|a500_vs_ma5
2016,2016-11-28,2016-11-25,965409,2016-11-25,1,base_prediction|gold_daily|gold_vs_ma5|gold_vs_ma20|copper_daily|copper_vs_ma5|copper_vs_ma20|a500_vs_ma20|us10y_vs_ma20|RSI14_lag1|DIFF_lag1|DEA_lag1|cn10y_vs_ma20|brent_vs_ma20|dollar_vs_ma20|brent_vs_ma5|a500_vs_ma5
2016,2016-11-29,2016-11-28,965409,2016-11-28,1,base_prediction|gold_daily|gold_vs_ma5|gold_vs_ma20|copper_daily|copper_vs_ma5|copper_vs_ma20|a500_vs_ma20|us10y_vs_ma20|RSI14_lag1|DIFF_lag1|DEA_lag1|cn10y_vs_ma20|brent_vs_ma20|dollar_vs_ma20|brent_vs_ma5|a500_vs_ma5
2016,2016-11-30,2016-11-29,965409,2016-11-29,1,base_prediction|gold_daily|gold_vs_ma5|gold_vs_ma20|copper_daily|copper_vs_ma5|copper_vs_ma20|a500_vs_ma20|us10y_vs_ma20|RSI14_lag1|DIFF_lag1|DEA_lag1|cn10y_vs_ma20|brent_vs_ma20|dollar_vs_ma20|brent_vs_ma5|a500_vs_ma5
2016,2016-12-01,2016-11-30,965409,2016-11-30,1,base_prediction|gold_daily|gold_vs_ma5|gold_vs_ma20|copper_daily|copper_vs_ma5|copper_vs_ma20|a500_vs_ma20|us10y_vs_ma20|RSI14_lag1|DIFF_lag1|DEA_lag1|cn10y_vs_ma20|brent_vs_ma20|dollar_vs_ma20|brent_vs_ma5|a500_vs_ma5
2016,2016-12-02,2016-12-01,965409,2016-12-01,1,base_prediction|gold_daily|gold_vs_ma5|gold_vs_ma20|copper_daily|copper_vs_ma5|copper_vs_ma20|a500_vs_ma20|us10y_vs_ma20|RSI14_lag1|DIFF_lag1|DEA_lag1|cn10y_vs_ma20|brent_vs_ma20|dollar_vs_ma20|brent_vs_ma5|a500_vs_ma5
2016,2016-12-05,2016-12-02,965409,2016-12-02,1,base_prediction|gold_daily|gold_vs_ma5|gold_vs_ma20|copper_daily|copper_vs_ma5|copper_vs_ma20|a500_vs_ma20|us10y_vs_ma20|RSI14_lag1|DIFF_lag1|DEA_lag1|cn10y_vs_ma20|brent_vs_ma20|dollar_vs_ma20|brent_vs_ma5|a500_vs_ma5
2016,2016-12-06,2016-12-05,965409,2016-12-05,1,base_prediction|gold_daily|gold_vs_ma5|gold_vs_ma20|copper_daily|copper_vs_ma5|copper_vs_ma20|a500_vs_ma20|us10y_vs_ma20|RSI14_lag1|DIFF_lag1|DEA_lag1|cn10y_vs_ma20|brent_vs_ma20|dollar_vs_ma20|brent_vs_ma5|a500_vs_ma5
2016,2016-12-07,2016-12-06,965409,2016-12-06,1,base_prediction|gold_daily|gold_vs_ma5|gold_vs_ma20|copper_daily|copper_vs_ma5|copper_vs_ma20|a500_vs_ma20|us10y_vs_ma20|RSI14_lag1|DIFF_lag1|DEA_lag1|cn10y_vs_ma20|brent_vs_ma20|dollar_vs_ma20|brent_vs_ma5|a500_vs_ma5
2016,2016-12-08,2016-12-07,965409,2016-12-07,1,base_prediction|gold_daily|gold_vs_ma5|gold_vs_ma20|copper_daily|copper_vs_ma5|copper_vs_ma20|a500_vs_ma20|us10y_vs_ma20|RSI14_lag1|DIFF_lag1|DEA_lag1|cn10y_vs_ma20|brent_vs_ma20|dollar_vs_ma20|brent_vs_ma5|a500_vs_ma5
2016,2016-12-09,2016-12-08,965409,2016-12-08,1,base_prediction|gold_daily|gold_vs_ma5|gold_vs_ma20|copper_daily|copper_vs_ma5|copper_vs_ma20|a500_vs_ma20|us10y_vs_ma20|RSI14_lag1|DIFF_lag1|DEA_lag1|cn10y_vs_ma20|brent_vs_ma20|dollar_vs_ma20|brent_vs_ma5|a500_vs_ma5
2016,2016-12-12,2016-12-09,965409,2016-12-09,1,base_prediction|gold_daily|gold_vs_ma5|gold_vs_ma20|copper_daily|copper_vs_ma5|copper_vs_ma20|a500_vs_ma20|us10y_vs_ma20|RSI14_lag1|DIFF_lag1|DEA_lag1|cn10y_vs_ma20|brent_vs_ma20|dollar_vs_ma20|brent_vs_ma5|a500_vs_ma5
2016,2016-12-13,2016-12-12,965409,2016-12-12,1,base_prediction|gold_daily|gold_vs_ma5|gold_vs_ma20|copper_daily|copper_vs_ma5|copper_vs_ma20|a500_vs_ma20|us10y_vs_ma20|RSI14_lag1|DIFF_lag1|DEA_lag1|cn10y_vs_ma20|brent_vs_ma20|dollar_vs_ma20|brent_vs_ma5|a500_vs_ma5
2016,2016-12-14,2016-12-13,965409,2016-12-13,1,base_prediction|gold_daily|gold_vs_ma5|gold_vs_ma20|copper_daily|copper_vs_ma5|copper_vs_ma20|a500_vs_ma20|us10y_vs_ma20|RSI14_lag1|DIFF_lag1|DEA_lag1|cn10y_vs_ma20|brent_vs_ma20|dollar_vs_ma20|brent_vs_ma5|a500_vs_ma5
2016,2016-12-15,2016-12-14,965409,2016-12-14,1,base_prediction|gold_daily|gold_vs_ma5|gold_vs_ma20|copper_daily|copper_vs_ma5|copper_vs_ma20|a500_vs_ma20|us10y_vs_ma20|RSI14_lag1|DIFF_lag1|DEA_lag1|cn10y_vs_ma20|brent_vs_ma20|dollar_vs_ma20|brent_vs_ma5|a500_vs_ma5
2016,2016-12-16,2016-12-15,965409,2016-12-15,2,base_prediction|gold_daily|gold_vs_ma5|gold_vs_ma20|copper_daily|copper_vs_ma5|copper_vs_ma20|a500_vs_ma20|us10y_vs_ma20|RSI14_lag1|DIFF_lag1|DEA_lag1|cn10y_vs_ma20|brent_vs_ma20|dollar_vs_ma20|brent_vs_ma5|a500_vs_ma5
2016,2016-12-20,2016-12-19,965409,2016-12-19,1,base_prediction|gold_daily|gold_vs_ma5|gold_vs_ma20|copper_daily|copper_vs_ma5|copper_vs_ma20|a500_vs_ma20|us10y_vs_ma20|RSI14_lag1|DIFF_lag1|DEA_lag1|cn10y_vs_ma20|brent_vs_ma20|dollar_vs_ma20|brent_vs_ma5|a500_vs_ma5
2016,2016-12-21,2016-12-20,965409,2016-12-20,1,base_prediction|gold_daily|gold_vs_ma5|gold_vs_ma20|copper_daily|copper_vs_ma5|copper_vs_ma20|a500_vs_ma20|us10y_vs_ma20|RSI14_lag1|DIFF_lag1|DEA_lag1|cn10y_vs_ma20|brent_vs_ma20|dollar_vs_ma20|brent_vs_ma5|a500_vs_ma5
2016,2016-12-22,2016-12-21,965409,2016-12-21,1,base_prediction|gold_daily|gold_vs_ma5|gold_vs_ma20|copper_daily|copper_vs_ma5|copper_vs_ma20|a500_vs_ma20|us10y_vs_ma20|RSI14_lag1|DIFF_lag1|DEA_lag1|cn10y_vs_ma20|brent_vs_ma20|dollar_vs_ma20|brent_vs_ma5|a500_vs_ma5
2016,2016-12-23,2016-12-22,965409,2016-12-22,1,base_prediction|gold_daily|gold_vs_ma5|gold_vs_ma20|copper_daily|copper_vs_ma5|copper_vs_ma20|a500_vs_ma20|us10y_vs_ma20|RSI14_lag1|DIFF_lag1|DEA_lag1|cn10y_vs_ma20|brent_vs_ma20|dollar_vs_ma20|brent_vs_ma5|a500_vs_ma5
2016,2016-12-26,2016-12-23,965409,2016-12-23,1,base_prediction|gold_daily|gold_vs_ma5|gold_vs_ma20|copper_daily|copper_vs_ma5|copper_vs_ma20|a500_vs_ma20|us10y_vs_ma20|RSI14_lag1|DIFF_lag1|DEA_lag1|cn10y_vs_ma20|brent_vs_ma20|dollar_vs_ma20|brent_vs_ma5|a500_vs_ma5
2016,2016-12-27,2016-12-26,965409,2016-12-26,1,base_prediction|gold_daily|gold_vs_ma5|gold_vs_ma20|copper_daily|copper_vs_ma5|copper_vs_ma20|a500_vs_ma20|us10y_vs_ma20|RSI14_lag1|DIFF_lag1|DEA_lag1|cn10y_vs_ma20|brent_vs_ma20|dollar_vs_ma20|brent_vs_ma5|a500_vs_ma5
2016,2016-12-28,2016-12-27,965409,2016-12-27,1,base_prediction|gold_daily|gold_vs_ma5|gold_vs_ma20|copper_daily|copper_vs_ma5|copper_vs_ma20|a500_vs_ma20|us10y_vs_ma20|RSI14_lag1|DIFF_lag1|DEA_lag1|cn10y_vs_ma20|brent_vs_ma20|dollar_vs_ma20|brent_vs_ma5|a500_vs_ma5
2016,2016-12-29,2016-12-28,965409,2016-12-28,1,base_prediction|gold_daily|gold_vs_ma5|gold_vs_ma20|copper_daily|copper_vs_ma5|copper_vs_ma20|a500_vs_ma20|us10y_vs_ma20|RSI14_lag1|DIFF_lag1|DEA_lag1|cn10y_vs_ma20|brent_vs_ma20|dollar_vs_ma20|brent_vs_ma5|a500_vs_ma5
2016,2016-12-30,2016-12-29,965409,2016-12-29,1,base_prediction|gold_daily|gold_vs_ma5|gold_vs_ma20|copper_daily|copper_vs_ma5|copper_vs_ma20|a500_vs_ma20|us10y_vs_ma20|RSI14_lag1|DIFF_lag1|DEA_lag1|cn10y_vs_ma20|brent_vs_ma20|dollar_vs_ma20|brent_vs_ma5|a500_vs_ma5
2016,2016-12-31,2016-12-30,965409,2016-12-30,1,base_prediction|gold_daily|gold_vs_ma5|gold_vs_ma20|copper_daily|copper_vs_ma5|copper_vs_ma20|a500_vs_ma20|us10y_vs_ma20|RSI14_lag1|DIFF_lag1|DEA_lag1|cn10y_vs_ma20|brent_vs_ma20|dollar_vs_ma20|brent_vs_ma5|a500_vs_ma5
2017,2017-01-02,,965409,2016-12-31,1,base_prediction|gold_daily|gold_vs_ma5|gold_vs_ma20|copper_daily|copper_vs_ma5|copper_vs_ma20|a500_vs_ma20|us10y_vs_ma20|RSI14_lag1|DIFF_lag1|DEA_lag1|cn10y_vs_ma20|brent_vs_ma20|dollar_vs_ma20|brent_vs_ma5|a500_vs_ma5
2017,2017-01-03,2017-01-02,385735,2017-01-02,3,base_prediction|gold_daily|gold_vs_ma5|gold_vs_ma20|copper_daily|copper_vs_ma5|copper_vs_ma20|a500_vs_ma20|us10y_vs_ma20|RSI14_lag1|DIFF_lag1|DEA_lag1|cn10y_vs_ma20|brent_vs_ma20|dollar_vs_ma20|brent_vs_ma5|a500_vs_ma5
2017,2017-01-06,2017-01-05,385735,2017-01-05,1,base_prediction|gold_daily|gold_vs_ma5|gold_vs_ma20|copper_daily|copper_vs_ma5|copper_vs_ma20|a500_vs_ma20|us10y_vs_ma20|RSI14_lag1|DIFF_lag1|DEA_lag1|cn10y_vs_ma20|brent_vs_ma20|dollar_vs_ma20|brent_vs_ma5|a500_vs_ma5
2017,2017-01-09,2017-01-06,385735,2017-01-06,2,base_prediction|gold_daily|gold_vs_ma5|gold_vs_ma20|copper_daily|copper_vs_ma5|copper_vs_ma20|a500_vs_ma20|us10y_vs_ma20|RSI14_lag1|DIFF_lag1|DEA_lag1|cn10y_vs_ma20|brent_vs_ma20|dollar_vs_ma20|brent_vs_ma5|a500_vs_ma5
2017,2017-01-11,2017-01-10,385735,2017-01-10,1,base_prediction|gold_daily|gold_vs_ma5|gold_vs_ma20|copper_daily|copper_vs_ma5|copper_vs_ma20|a500_vs_ma20|us10y_vs_ma20|RSI14_lag1|DIFF_lag1|DEA_lag1|cn10y_vs_ma20|brent_vs_ma20|dollar_vs_ma20|brent_vs_ma5|a500_vs_ma5
2017,2017-01-12,2017-01-11,385735,2017-01-11,1,base_prediction|gold_daily|gold_vs_ma5|gold_vs_ma20|copper_daily|copper_vs_ma5|copper_vs_ma20|a500_vs_ma20|us10y_vs_ma20|RSI14_lag1|DIFF_lag1|DEA_lag1|cn10y_vs_ma20|brent_vs_ma20|dollar_vs_ma20|brent_vs_ma5|a500_vs_ma5
2017,2017-01-13,2017-01-12,385735,2017-01-12,2,base_prediction|gold_daily|gold_vs_ma5|gold_vs_ma20|copper_daily|copper_vs_ma5|copper_vs_ma20|a500_vs_ma20|us10y_vs_ma20|RSI14_lag1|DIFF_lag1|DEA_lag1|cn10y_vs_ma20|brent_vs_ma20|dollar_vs_ma20|brent_vs_ma5|a500_vs_ma5
2017,2017-01-17,2017-01-16,550343,2017-01-16,1,base_prediction|gold_daily|gold_vs_ma5|gold_vs_ma20|copper_daily|copper_vs_ma5|copper_vs_ma20|a500_vs_ma20|us10y_vs_ma20|RSI14_lag1|DIFF_lag1|DEA_lag1|cn10y_vs_ma20|brent_vs_ma20|dollar_vs_ma20|brent_vs_ma5|a500_vs_ma5
2017,2017-01-18,2017-01-17,385735,2017-01-17,1,base_prediction|gold_daily|gold_vs_ma5|gold_vs_ma20|copper_daily|copper_vs_ma5|copper_vs_ma20|a500_vs_ma20|us10y_vs_ma20|RSI14_lag1|DIFF_lag1|DEA_lag1|cn10y_vs_ma20|brent_vs_ma20|dollar_vs_ma20|brent_vs_ma5|a500_vs_ma5
2017,2017-01-19,2017-01-18,385735,2017-01-18,1,base_prediction|gold_daily|gold_vs_ma5|gold_vs_ma20|copper_daily|copper_vs_ma5|copper_vs_ma20|a500_vs_ma20|us10y_vs_ma20|RSI14_lag1|DIFF_lag1|DEA_lag1|cn10y_vs_ma20|brent_vs_ma20|dollar_vs_ma20|brent_vs_ma5|a500_vs_ma5
2017,2017-01-20,2017-01-19,550343,2017-01-19,1,base_prediction|gold_daily|gold_vs_ma5|gold_vs_ma20|copper_daily|copper_vs_ma5|copper_vs_ma20|a500_vs_ma20|us10y_vs_ma20|RSI14_lag1|DIFF_lag1|DEA_lag1|cn10y_vs_ma20|brent_vs_ma20|dollar_vs_ma20|brent_vs_ma5|a500_vs_ma5
2017,2017-01-22,2017-01-20,550343,2017-01-20,3,base_prediction|gold_daily|gold_vs_ma5|gold_vs_ma20|copper_daily|copper_vs_ma5|copper_vs_ma20|a500_vs_ma20|us10y_vs_ma20|RSI14_lag1|DIFF_lag1|DEA_lag1|cn10y_vs_ma20|brent_vs_ma20|dollar_vs_ma20|brent_vs_ma5|a500_vs_ma5
2017,2017-01-25,2017-01-24,385735,2017-01-24,1,base_prediction|gold_daily|gold_vs_ma5|gold_vs_ma20|copper_daily|copper_vs_ma5|copper_vs_ma20|a500_vs_ma20|us10y_vs_ma20|RSI14_lag1|DIFF_lag1|DEA_lag1|cn10y_vs_ma20|brent_vs_ma20|dollar_vs_ma20|brent_vs_ma5|a500_vs_ma5
2017,2017-01-26,2017-01-25,550343,2017-01-25,1,base_prediction|gold_daily|gold_vs_ma5|gold_vs_ma20|copper_daily|copper_vs_ma5|copper_vs_ma20|a500_vs_ma20|us10y_vs_ma20|RSI14_lag1|DIFF_lag1|DEA_lag1|cn10y_vs_ma20|brent_vs_ma20|dollar_vs_ma20|brent_vs_ma5|a500_vs_ma5
2017,2017-01-27,2017-01-26,550343,2017-01-26,3,base_prediction|gold_daily|gold_vs_ma5|gold_vs_ma20|copper_daily|copper_vs_ma5|copper_vs_ma20|a500_vs_ma20|us10y_vs_ma20|RSI14_lag1|DIFF_lag1|DEA_lag1|cn10y_vs_ma20|brent_vs_ma20|dollar_vs_ma20|brent_vs_ma5|a500_vs_ma5
2017,2017-02-01,2017-01-31,550343,2017-01-31,1,base_prediction|gold_daily|gold_vs_ma5|gold_vs_ma20|copper_daily|copper_vs_ma5|copper_vs_ma20|a500_vs_ma20|us10y_vs_ma20|RSI14_lag1|DIFF_lag1|DEA_lag1|cn10y_vs_ma20|brent_vs_ma20|dollar_vs_ma20|brent_vs_ma5|a500_vs_ma5
2017,2017-02-02,2017-02-01,550343,2017-02-01,1,base_prediction|gold_daily|gold_vs_ma5|gold_vs_ma20|copper_daily|copper_vs_ma5|copper_vs_ma20|a500_vs_ma20|us10y_vs_ma20|RSI14_lag1|DIFF_lag1|DEA_lag1|cn10y_vs_ma20|brent_vs_ma20|dollar_vs_ma20|brent_vs_ma5|a500_vs_ma5
2017,2017-02-03,2017-02-02,550343,2017-02-02,2,base_prediction|gold_daily|gold_vs_ma5|gold_vs_ma20|copper_daily|copper_vs_ma5|copper_vs_ma20|a500_vs_ma20|us10y_vs_ma20|RSI14_lag1|DIFF_lag1|DEA_lag1|cn10y_vs_ma20|brent_vs_ma20|dollar_vs_ma20|brent_vs_ma5|a500_vs_ma5
2017,2017-02-06,2017-02-04,550343,2017-02-04,1,base_prediction|gold_daily|gold_vs_ma5|gold_vs_ma20|copper_daily|copper_vs_ma5|copper_vs_ma20|a500_vs_ma20|us10y_vs_ma20|RSI14_lag1|DIFF_lag1|DEA_lag1|cn10y_vs_ma20|brent_vs_ma20|dollar_vs_ma20|brent_vs_ma5|a500_vs_ma5
2017,2017-02-07,2017-02-06,550343,2017-02-06,3,base_prediction|gold_daily|gold_vs_ma5|gold_vs_ma20|copper_daily|copper_vs_ma5|copper_vs_ma20|a500_vs_ma20|us10y_vs_ma20|RSI14_lag1|DIFF_lag1|DEA_lag1|cn10y_vs_ma20|brent_vs_ma20|dollar_vs_ma20|brent_vs_ma5|a500_vs_ma5
2017,2017-02-10,2017-02-09,550343,2017-02-09,1,base_prediction|gold_daily|gold_vs_ma5|gold_vs_ma20|copper_daily|copper_vs_ma5|copper_vs_ma20|a500_vs_ma20|us10y_vs_ma20|RSI14_lag1|DIFF_lag1|DEA_lag1|cn10y_vs_ma20|brent_vs_ma20|dollar_vs_ma20|brent_vs_ma5|a500_vs_ma5
2017,2017-02-13,2017-02-10,565766,2017-02-10,2,base_prediction|gold_daily|gold_vs_ma5|gold_vs_ma20|copper_daily|copper_vs_ma5|copper_vs_ma20|a500_vs_ma20|us10y_vs_ma20|RSI14_lag1|DIFF_lag1|DEA_lag1|cn10y_vs_ma20|brent_vs_ma20|dollar_vs_ma20|brent_vs_ma5|a500_vs_ma5
2017,2017-02-15,2017-02-14,550343,2017-02-14,4,base_prediction|gold_daily|gold_vs_ma5|gold_vs_ma20|copper_daily|copper_vs_ma5|copper_vs_ma20|a500_vs_ma20|us10y_vs_ma20|RSI14_lag1|DIFF_lag1|DEA_lag1|cn10y_vs_ma20|brent_vs_ma20|dollar_vs_ma20|brent_vs_ma5|a500_vs_ma5
2017,2017-02-21,2017-02-20,374583,2017-02-20,4,base_prediction|gold_daily|gold_vs_ma5|gold_vs_ma20|copper_daily|copper_vs_ma5|copper_vs_ma20|a500_vs_ma20|us10y_vs_ma20|RSI14_lag1|DIFF_lag1|DEA_lag1|cn10y_vs_ma20|brent_vs_ma20|dollar_vs_ma20|brent_vs_ma5|a500_vs_ma5
2017,2017-02-27,2017-02-24,374583,2017-02-24,4,base_prediction|gold_daily|gold_vs_ma5|gold_vs_ma20|copper_daily|copper_vs_ma5|copper_vs_ma20|a500_vs_ma20|us10y_vs_ma20|RSI14_lag1|DIFF_lag1|DEA_lag1|cn10y_vs_ma20|brent_vs_ma20|dollar_vs_ma20|brent_vs_ma5|a500_vs_ma5
2017,2017-03-03,2017-03-02,374583,2017-03-02,1,base_prediction|gold_daily|gold_vs_ma5|gold_vs_ma20|copper_daily|copper_vs_ma5|copper_vs_ma20|a500_vs_ma20|us10y_vs_ma20|RSI14_lag1|DIFF_lag1|DEA_lag1|cn10y_vs_ma20|brent_vs_ma20|dollar_vs_ma20|brent_vs_ma5|a500_vs_ma5
2017,2017-03-06,2017-03-03,374583,2017-03-03,2,base_prediction|gold_daily|gold_vs_ma5|gold_vs_ma20|copper_daily|copper_vs_ma5|copper_vs_ma20|a500_vs_ma20|us10y_vs_ma20|RSI14_lag1|DIFF_lag1|DEA_lag1|cn10y_vs_ma20|brent_vs_ma20|dollar_vs_ma20|brent_vs_ma5|a500_vs_ma5
2017,2017-03-08,2017-03-07,374583,2017-03-07,1,base_prediction|gold_daily|gold_vs_ma5|gold_vs_ma20|copper_daily|copper_vs_ma5|copper_vs_ma20|a500_vs_ma20|us10y_vs_ma20|RSI14_lag1|DIFF_lag1|DEA_lag1|cn10y_vs_ma20|brent_vs_ma20|dollar_vs_ma20|brent_vs_ma5|a500_vs_ma5
2017,2017-03-09,2017-03-08,374583,2017-03-08,1,base_prediction|gold_daily|gold_vs_ma5|gold_vs_ma20|copper_daily|copper_vs_ma5|copper_vs_ma20|a500_vs_ma20|us10y_vs_ma20|RSI14_lag1|DIFF_lag1|DEA_lag1|cn10y_vs_ma20|brent_vs_ma20|dollar_vs_ma20|brent_vs_ma5|a500_vs_ma5
2017,2017-03-10,2017-03-09,374583,2017-03-09,1,base_prediction|gold_daily|gold_vs_ma5|gold_vs_ma20|copper_daily|copper_vs_ma5|copper_vs_ma20|a500_vs_ma20|us10y_vs_ma20|RSI14_lag1|DIFF_lag1|DEA_lag1|cn10y_vs_ma20|brent_vs_ma20|dollar_vs_ma20|brent_vs_ma5|a500_vs_ma5
2017,2017-03-13,2017-03-10,374583,2017-03-10,1,base_prediction|gold_daily|gold_vs_ma5|gold_vs_ma20|copper_daily|copper_vs_ma5|copper_vs_ma20|a500_vs_ma20|us10y_vs_ma20|RSI14_lag1|DIFF_lag1|DEA_lag1|cn10y_vs_ma20|brent_vs_ma20|dollar_vs_ma20|brent_vs_ma5|a500_vs_ma5
2017,2017-03-14,2017-03-13,565766,2017-03-13,2,base_prediction|gold_daily|gold_vs_ma5|gold_vs_ma20|copper_daily|copper_vs_ma5|copper_vs_ma20|a500_vs_ma20|us10y_vs_ma20|RSI14_lag1|DIFF_lag1|DEA_lag1|cn10y_vs_ma20|brent_vs_ma20|dollar_vs_ma20|brent_vs_ma5|a500_vs_ma5
2017,2017-03-16,2017-03-15,798291,2017-03-15,1,base_prediction|gold_daily|gold_vs_ma5|gold_vs_ma20|copper_daily|copper_vs_ma5|copper_vs_ma20|a500_vs_ma20|us10y_vs_ma20|RSI14_lag1|DIFF_lag1|DEA_lag1|cn10y_vs_ma20|brent_vs_ma20|dollar_vs_ma20|brent_vs_ma5|a500_vs_ma5
2017,2017-03-17,2017-03-16,798291,2017-03-16,2,base_prediction|gold_daily|gold_vs_ma5|gold_vs_ma20|copper_daily|copper_vs_ma5|copper_vs_ma20|a500_vs_ma20|us10y_vs_ma20|RSI14_lag1|DIFF_lag1|DEA_lag1|cn10y_vs_ma20|brent_vs_ma20|dollar_vs_ma20|brent_vs_ma5|a500_vs_ma5
2017,2017-03-21,2017-03-20,798291,2017-03-20,1,base_prediction|gold_daily|gold_vs_ma5|gold_vs_ma20|copper_daily|copper_vs_ma5|copper_vs_ma20|a500_vs_ma20|us10y_vs_ma20|RSI14_lag1|DIFF_lag1|DEA_lag1|cn10y_vs_ma20|brent_vs_ma20|dollar_vs_ma20|brent_vs_ma5|a500_vs_ma5
2017,2017-03-22,2017-03-21,565766,2017-03-21,2,base_prediction|gold_daily|gold_vs_ma5|gold_vs_ma20|copper_daily|copper_vs_ma5|copper_vs_ma20|a500_vs_ma20|us10y_vs_ma20|RSI14_lag1|DIFF_lag1|DEA_lag1|cn10y_vs_ma20|brent_vs_ma20|dollar_vs_ma20|brent_vs_ma5|a500_vs_ma5
2017,2017-03-24,2017-03-23,565766,2017-03-23,4,base_prediction|gold_daily|gold_vs_ma5|gold_vs_ma20|copper_daily|copper_vs_ma5|copper_vs_ma20|a500_vs_ma20|us10y_vs_ma20|RSI14_lag1|DIFF_lag1|DEA_lag1|cn10y_vs_ma20|brent_vs_ma20|dollar_vs_ma20|brent_vs_ma5|a500_vs_ma5
2017,2017-03-30,2017-03-29,565766,2017-03-29,3,base_prediction|gold_daily|gold_vs_ma5|gold_vs_ma20|copper_daily|copper_vs_ma5|copper_vs_ma20|a500_vs_ma20|us10y_vs_ma20|RSI14_lag1|DIFF_lag1|DEA_lag1|cn10y_vs_ma20|brent_vs_ma20|dollar_vs_ma20|brent_vs_ma5|a500_vs_ma5
2017,2017-04-03,2017-04-01,565766,2017-04-01,1,base_prediction|gold_daily|gold_vs_ma5|gold_vs_ma20|copper_daily|copper_vs_ma5|copper_vs_ma20|a500_vs_ma20|us10y_vs_ma20|RSI14_lag1|DIFF_lag1|DEA_lag1|cn10y_vs_ma20|brent_vs_ma20|dollar_vs_ma20|brent_vs_ma5|a500_vs_ma5
2017,2017-04-04,2017-04-03,565766,2017-04-03,1,base_prediction|gold_daily|gold_vs_ma5|gold_vs_ma20|copper_daily|copper_vs_ma5|copper_vs_ma20|a500_vs_ma20|us10y_vs_ma20|RSI14_lag1|DIFF_lag1|DEA_lag1|cn10y_vs_ma20|brent_vs_ma20|dollar_vs_ma20|brent_vs_ma5|a500_vs_ma5
2017,2017-04-05,2017-04-04,565766,2017-04-04,6,base_prediction|gold_daily|gold_vs_ma5|gold_vs_ma20|copper_daily|copper_vs_ma5|copper_vs_ma20|a500_vs_ma20|us10y_vs_ma20|RSI14_lag1|DIFF_lag1|DEA_lag1|cn10y_vs_ma20|brent_vs_ma20|dollar_vs_ma20|brent_vs_ma5|a500_vs_ma5
2017,2017-04-13,2017-04-12,565766,2017-04-12,1,base_prediction|gold_daily|gold_vs_ma5|gold_vs_ma20|copper_daily|copper_vs_ma5|copper_vs_ma20|a500_vs_ma20|us10y_vs_ma20|RSI14_lag1|DIFF_lag1|DEA_lag1|cn10y_vs_ma20|brent_vs_ma20|dollar_vs_ma20|brent_vs_ma5|a500_vs_ma5
2017,2017-04-14,2017-04-13,42716,2017-04-13,1,base_prediction|gold_daily|gold_vs_ma5|gold_vs_ma20|copper_daily|copper_vs_ma5|copper_vs_ma20|a500_vs_ma20|us10y_vs_ma20|RSI14_lag1|DIFF_lag1|DEA_lag1|cn10y_vs_ma20|brent_vs_ma20|dollar_vs_ma20|brent_vs_ma5|a500_vs_ma5
2017,2017-04-17,2017-04-14,565766,2017-04-14,1,base_prediction|gold_daily|gold_vs_ma5|gold_vs_ma20|copper_daily|copper_vs_ma5|copper_vs_ma20|a500_vs_ma20|us10y_vs_ma20|RSI14_lag1|DIFF_lag1|DEA_lag1|cn10y_vs_ma20|brent_vs_ma20|dollar_vs_ma20|brent_vs_ma5|a500_vs_ma5
2017,2017-04-18,2017-04-17,565766,2017-04-17,1,base_prediction|gold_daily|gold_vs_ma5|gold_vs_ma20|copper_daily|copper_vs_ma5|copper_vs_ma20|a500_vs_ma20|us10y_vs_ma20|RSI14_lag1|DIFF_lag1|DEA_lag1|cn10y_vs_ma20|brent_vs_ma20|dollar_vs_ma20|brent_vs_ma5|a500_vs_ma5
2017,2017-04-19,2017-04-18,565766,2017-04-18,2,base_prediction|gold_daily|gold_vs_ma5|gold_vs_ma20|copper_daily|copper_vs_ma5|copper_vs_ma20|a500_vs_ma20|us10y_vs_ma20|RSI14_lag1|DIFF_lag1|DEA_lag1|cn10y_vs_ma20|brent_vs_ma20|dollar_vs_ma20|brent_vs_ma5|a500_vs_ma5
2017,2017-04-21,2017-04-20,42716,2017-04-20,2,base_prediction|gold_daily|gold_vs_ma5|gold_vs_ma20|copper_daily|copper_vs_ma5|copper_vs_ma20|a500_vs_ma20|us10y_vs_ma20|RSI14_lag1|DIFF_lag1|DEA_lag1|cn10y_vs_ma20|brent_vs_ma20|dollar_vs_ma20|brent_vs_ma5|a500_vs_ma5
2017,2017-04-25,2017-04-24,42716,2017-04-24,2,base_prediction|gold_daily|gold_vs_ma5|gold_vs_ma20|copper_daily|copper_vs_ma5|copper_vs_ma20|a500_vs_ma20|us10y_vs_ma20|RSI14_lag1|DIFF_lag1|DEA_lag1|cn10y_vs_ma20|brent_vs_ma20|dollar_vs_ma20|brent_vs_ma5|a500_vs_ma5
2017,2017-04-27,2017-04-26,42716,2017-04-26,3,base_prediction|gold_daily|gold_vs_ma5|gold_vs_ma20|copper_daily|copper_vs_ma5|copper_vs_ma20|a500_vs_ma20|us10y_vs_ma20|RSI14_lag1|DIFF_lag1|DEA_lag1|cn10y_vs_ma20|brent_vs_ma20|dollar_vs_ma20|brent_vs_ma5|a500_vs_ma5
2017,2017-05-02,2017-05-01,42716,2017-05-01,1,base_prediction|gold_daily|gold_vs_ma5|gold_vs_ma20|copper_daily|copper_vs_ma5|copper_vs_ma20|a500_vs_ma20|us10y_vs_ma20|RSI14_lag1|DIFF_lag1|DEA_lag1|cn10y_vs_ma20|brent_vs_ma20|dollar_vs_ma20|brent_vs_ma5|a500_vs_ma5
2017,2017-05-03,2017-05-02,42716,2017-05-02,1,base_prediction|gold_daily|gold_vs_ma5|gold_vs_ma20|copper_daily|copper_vs_ma5|copper_vs_ma20|a500_vs_ma20|us10y_vs_ma20|RSI14_lag1|DIFF_lag1|DEA_lag1|cn10y_vs_ma20|brent_vs_ma20|dollar_vs_ma20|brent_vs_ma5|a500_vs_ma5
2017,2017-05-04,2017-05-03,42716,2017-05-03,1,base_prediction|gold_daily|gold_vs_ma5|gold_vs_ma20|copper_daily|copper_vs_ma5|copper_vs_ma20|a500_vs_ma20|us10y_vs_ma20|RSI14_lag1|DIFF_lag1|DEA_lag1|cn10y_vs_ma20|brent_vs_ma20|dollar_vs_ma20|brent_vs_ma5|a500_vs_ma5
2017,2017-05-05,2017-05-04,42716,2017-05-04,3,base_prediction|gold_daily|gold_vs_ma5|gold_vs_ma20|copper_daily|copper_vs_ma5|copper_vs_ma20|a500_vs_ma20|us10y_vs_ma20|RSI14_lag1|DIFF_lag1|DEA_lag1|cn10y_vs_ma20|brent_vs_ma20|dollar_vs_ma20|brent_vs_ma5|a500_vs_ma5
2017,2017-05-10,2017-05-09,42716,2017-05-09,1,base_prediction|gold_daily|gold_vs_ma5|gold_vs_ma20|copper_daily|copper_vs_ma5|copper_vs_ma20|a500_vs_ma20|us10y_vs_ma20|RSI14_lag1|DIFF_lag1|DEA_lag1|cn10y_vs_ma20|brent_vs_ma20|dollar_vs_ma20|brent_vs_ma5|a500_vs_ma5
2017,2017-05-11,2017-05-10,42716,2017-05-10,1,base_prediction|gold_daily|gold_vs_ma5|gold_vs_ma20|copper_daily|copper_vs_ma5|copper_vs_ma20|a500_vs_ma20|us10y_vs_ma20|RSI14_lag1|DIFF_lag1|DEA_lag1|cn10y_vs_ma20|brent_vs_ma20|dollar_vs_ma20|brent_vs_ma5|a500_vs_ma5
2017,2017-05-12,2017-05-11,42716,2017-05-11,2,base_prediction|gold_daily|gold_vs_ma5|gold_vs_ma20|copper_daily|copper_vs_ma5|copper_vs_ma20|a500_vs_ma20|us10y_vs_ma20|RSI14_lag1|DIFF_lag1|DEA_lag1|cn10y_vs_ma20|brent_vs_ma20|dollar_vs_ma20|brent_vs_ma5|a500_vs_ma5
2017,2017-05-16,2017-05-15,42716,2017-05-15,1,base_prediction|gold_daily|gold_vs_ma5|gold_vs_ma20|copper_daily|copper_vs_ma5|copper_vs_ma20|a500_vs_ma20|us10y_vs_ma20|RSI14_lag1|DIFF_lag1|DEA_lag1|cn10y_vs_ma20|brent_vs_ma20|dollar_vs_ma20|brent_vs_ma5|a500_vs_ma5
2017,2017-05-17,2017-05-16,42716,2017-05-16,1,base_prediction|gold_daily|gold_vs_ma5|gold_vs_ma20|copper_daily|copper_vs_ma5|copper_vs_ma20|a500_vs_ma20|us10y_vs_ma20|RSI14_lag1|DIFF_lag1|DEA_lag1|cn10y_vs_ma20|brent_vs_ma20|dollar_vs_ma20|brent_vs_ma5|a500_vs_ma5
2017,2017-05-18,2017-05-17,42716,2017-05-17,7,base_prediction|gold_daily|gold_vs_ma5|gold_vs_ma20|copper_daily|copper_vs_ma5|copper_vs_ma20|a500_vs_ma20|us10y_vs_ma20|RSI14_lag1|DIFF_lag1|DEA_lag1|cn10y_vs_ma20|brent_vs_ma20|dollar_vs_ma20|brent_vs_ma5|a500_vs_ma5
2017,2017-05-27,2017-05-26,42716,2017-05-26,2,base_prediction|gold_daily|gold_vs_ma5|gold_vs_ma20|copper_daily|copper_vs_ma5|copper_vs_ma20|a500_vs_ma20|us10y_vs_ma20|RSI14_lag1|DIFF_lag1|DEA_lag1|cn10y_vs_ma20|brent_vs_ma20|dollar_vs_ma20|brent_vs_ma5|a500_vs_ma5
2017,2017-05-30,2017-05-29,42716,2017-05-29,2,base_prediction|gold_daily|gold_vs_ma5|gold_vs_ma20|copper_daily|copper_vs_ma5|copper_vs_ma20|a500_vs_ma20|us10y_vs_ma20|RSI14_lag1|DIFF_lag1|DEA_lag1|cn10y_vs_ma20|brent_vs_ma20|dollar_vs_ma20|brent_vs_ma5|a500_vs_ma5
2017,2017-06-01,2017-05-31,42716,2017-05-31,1,base_prediction|gold_daily|gold_vs_ma5|gold_vs_ma20|copper_daily|copper_vs_ma5|copper_vs_ma20|a500_vs_ma20|us10y_vs_ma20|RSI14_lag1|DIFF_lag1|DEA_lag1|cn10y_vs_ma20|brent_vs_ma20|dollar_vs_ma20|brent_vs_ma5|a500_vs_ma5
2017,2017-06-02,2017-06-01,42716,2017-06-01,1,base_prediction|gold_daily|gold_vs_ma5|gold_vs_ma20|copper_daily|copper_vs_ma5|copper_vs_ma20|a500_vs_ma20|us10y_vs_ma20|RSI14_lag1|DIFF_lag1|DEA_lag1|cn10y_vs_ma20|brent_vs_ma20|dollar_vs_ma20|brent_vs_ma5|a500_vs_ma5
2017,2017-06-05,2017-06-02,42716,2017-06-02,1,base_prediction|gold_daily|gold_vs_ma5|gold_vs_ma20|copper_daily|copper_vs_ma5|copper_vs_ma20|a500_vs_ma20|us10y_vs_ma20|RSI14_lag1|DIFF_lag1|DEA_lag1|cn10y_vs_ma20|brent_vs_ma20|dollar_vs_ma20|brent_vs_ma5|a500_vs_ma5
2017,2017-06-06,2017-06-05,42716,2017-06-05,11,base_prediction|gold_daily|gold_vs_ma5|gold_vs_ma20|copper_daily|copper_vs_ma5|copper_vs_ma20|a500_vs_ma20|us10y_vs_ma20|RSI14_lag1|DIFF_lag1|DEA_lag1|cn10y_vs_ma20|brent_vs_ma20|dollar_vs_ma20|brent_vs_ma5|a500_vs_ma5
2017,2017-06-21,2017-06-20,42716,2017-06-20,1,base_prediction|gold_daily|gold_vs_ma5|gold_vs_ma20|copper_daily|copper_vs_ma5|copper_vs_ma20|a500_vs_ma20|us10y_vs_ma20|RSI14_lag1|DIFF_lag1|DEA_lag1|cn10y_vs_ma20|brent_vs_ma20|dollar_vs_ma20|brent_vs_ma5|a500_vs_ma5
2017,2017-06-22,2017-06-21,42716,2017-06-21,4,base_prediction|gold_daily|gold_vs_ma5|gold_vs_ma20|copper_daily|copper_vs_ma5|copper_vs_ma20|a500_vs_ma20|us10y_vs_ma20|RSI14_lag1|DIFF_lag1|DEA_lag1|cn10y_vs_ma20|brent_vs_ma20|dollar_vs_ma20|brent_vs_ma5|a500_vs_ma5
2017,2017-06-28,2017-06-27,42716,2017-06-27,1,base_prediction|gold_daily|gold_vs_ma5|gold_vs_ma20|copper_daily|copper_vs_ma5|copper_vs_ma20|a500_vs_ma20|us10y_vs_ma20|RSI14_lag1|DIFF_lag1|DEA_lag1|cn10y_vs_ma20|brent_vs_ma20|dollar_vs_ma20|brent_vs_ma5|a500_vs_ma5
2017,2017-06-29,2017-06-28,42716,2017-06-28,1,base_prediction|gold_daily|gold_vs_ma5|gold_vs_ma20|copper_daily|copper_vs_ma5|copper_vs_ma20|a500_vs_ma20|us10y_vs_ma20|RSI14_lag1|DIFF_lag1|DEA_lag1|cn10y_vs_ma20|brent_vs_ma20|dollar_vs_ma20|brent_vs_ma5|a500_vs_ma5
2017,2017-06-30,2017-06-29,42716,2017-06-29,1,base_prediction|gold_daily|gold_vs_ma5|gold_vs_ma20|copper_daily|copper_vs_ma5|copper_vs_ma20|a500_vs_ma20|us10y_vs_ma20|RSI14_lag1|DIFF_lag1|DEA_lag1|cn10y_vs_ma20|brent_vs_ma20|dollar_vs_ma20|brent_vs_ma5|a500_vs_ma5
2017,2017-07-03,2017-06-30,42716,2017-06-30,1,base_prediction|gold_daily|gold_vs_ma5|gold_vs_ma20|copper_daily|copper_vs_ma5|copper_vs_ma20|a500_vs_ma20|us10y_vs_ma20|RSI14_lag1|DIFF_lag1|DEA_lag1|cn10y_vs_ma20|brent_vs_ma20|dollar_vs_ma20|brent_vs_ma5|a500_vs_ma5
2017,2017-07-04,2017-07-03,42716,2017-07-03,1,base_prediction|gold_daily|gold_vs_ma5|gold_vs_ma20|copper_daily|copper_vs_ma5|copper_vs_ma20|a500_vs_ma20|us10y_vs_ma20|RSI14_lag1|DIFF_lag1|DEA_lag1|cn10y_vs_ma20|brent_vs_ma20|dollar_vs_ma20|brent_vs_ma5|a500_vs_ma5
2017,2017-07-05,2017-07-04,42716,2017-07-04,1,base_prediction|gold_daily|gold_vs_ma5|gold_vs_ma20|copper_daily|copper_vs_ma5|copper_vs_ma20|a500_vs_ma20|us10y_vs_ma20|RSI14_lag1|DIFF_lag1|DEA_lag1|cn10y_vs_ma20|brent_vs_ma20|dollar_vs_ma20|brent_vs_ma5|a500_vs_ma5
2017,2017-07-06,2017-07-05,42716,2017-07-05,1,base_prediction|gold_daily|gold_vs_ma5|gold_vs_ma20|copper_daily|copper_vs_ma5|copper_vs_ma20|a500_vs_ma20|us10y_vs_ma20|RSI14_lag1|DIFF_lag1|DEA_lag1|cn10y_vs_ma20|brent_vs_ma20|dollar_vs_ma20|brent_vs_ma5|a500_vs_ma5
2017,2017-07-07,2017-07-06,42716,2017-07-06,1,base_prediction|gold_daily|gold_vs_ma5|gold_vs_ma20|copper_daily|copper_vs_ma5|copper_vs_ma20|a500_vs_ma20|us10y_vs_ma20|RSI14_lag1|DIFF_lag1|DEA_lag1|cn10y_vs_ma20|brent_vs_ma20|dollar_vs_ma20|brent_vs_ma5|a500_vs_ma5
2017,2017-07-10,2017-07-07,42716,2017-07-07,3,base_prediction|gold_daily|gold_vs_ma5|gold_vs_ma20|copper_daily|copper_vs_ma5|copper_vs_ma20|a500_vs_ma20|us10y_vs_ma20|RSI14_lag1|DIFF_lag1|DEA_lag1|cn10y_vs_ma20|brent_vs_ma20|dollar_vs_ma20|brent_vs_ma5|a500_vs_ma5
2017,2017-07-13,2017-07-12,42716,2017-07-12,2,base_prediction|gold_daily|gold_vs_ma5|gold_vs_ma20|copper_daily|copper_vs_ma5|copper_vs_ma20|a500_vs_ma20|us10y_vs_ma20|RSI14_lag1|DIFF_lag1|DEA_lag1|cn10y_vs_ma20|brent_vs_ma20|dollar_vs_ma20|brent_vs_ma5|a500_vs_ma5
2017,2017-07-17,2017-07-14,42716,2017-07-14,7,base_prediction|gold_daily|gold_vs_ma5|gold_vs_ma20|copper_daily|copper_vs_ma5|copper_vs_ma20|a500_vs_ma20|us10y_vs_ma20|RSI14_lag1|DIFF_lag1|DEA_lag1|cn10y_vs_ma20|brent_vs_ma20|dollar_vs_ma20|brent_vs_ma5|a500_vs_ma5
2017,2017-07-26,2017-07-25,42716,2017-07-25,1,base_prediction|gold_daily|gold_vs_ma5|gold_vs_ma20|copper_daily|copper_vs_ma5|copper_vs_ma20|a500_vs_ma20|us10y_vs_ma20|RSI14_lag1|DIFF_lag1|DEA_lag1|cn10y_vs_ma20|brent_vs_ma20|dollar_vs_ma20|brent_vs_ma5|a500_vs_ma5
2017,2017-07-27,2017-07-26,42716,2017-07-26,3,base_prediction|gold_daily|gold_vs_ma5|gold_vs_ma20|copper_daily|copper_vs_ma5|copper_vs_ma20|a500_vs_ma20|us10y_vs_ma20|RSI14_lag1|DIFF_lag1|DEA_lag1|cn10y_vs_ma20|brent_vs_ma20|dollar_vs_ma20|brent_vs_ma5|a500_vs_ma5
2017,2017-08-01,2017-07-31,42716,2017-07-31,1,base_prediction|gold_daily|gold_vs_ma5|gold_vs_ma20|copper_daily|copper_vs_ma5|copper_vs_ma20|a500_vs_ma20|us10y_vs_ma20|RSI14_lag1|DIFF_lag1|DEA_lag1|cn10y_vs_ma20|brent_vs_ma20|dollar_vs_ma20|brent_vs_ma5|a500_vs_ma5
2017,2017-08-02,2017-08-01,42716,2017-08-01,3,base_prediction|gold_daily|gold_vs_ma5|gold_vs_ma20|copper_daily|copper_vs_ma5|copper_vs_ma20|a500_vs_ma20|us10y_vs_ma20|RSI14_lag1|DIFF_lag1|DEA_lag1|cn10y_vs_ma20|brent_vs_ma20|dollar_vs_ma20|brent_vs_ma5|a500_vs_ma5
2017,2017-08-07,2017-08-04,42716,2017-08-04,1,base_prediction|gold_daily|gold_vs_ma5|gold_vs_ma20|copper_daily|copper_vs_ma5|copper_vs_ma20|a500_vs_ma20|us10y_vs_ma20|RSI14_lag1|DIFF_lag1|DEA_lag1|cn10y_vs_ma20|brent_vs_ma20|dollar_vs_ma20|brent_vs_ma5|a500_vs_ma5
2017,2017-08-08,2017-08-07,42716,2017-08-07,1,base_prediction|gold_daily|gold_vs_ma5|gold_vs_ma20|copper_daily|copper_vs_ma5|copper_vs_ma20|a500_vs_ma20|us10y_vs_ma20|RSI14_lag1|DIFF_lag1|DEA_lag1|cn10y_vs_ma20|brent_vs_ma20|dollar_vs_ma20|brent_vs_ma5|a500_vs_ma5
2017,2017-08-09,2017-08-08,42716,2017-08-08,2,base_prediction|gold_daily|gold_vs_ma5|gold_vs_ma20|copper_daily|copper_vs_ma5|copper_vs_ma20|a500_vs_ma20|us10y_vs_ma20|RSI14_lag1|DIFF_lag1|DEA_lag1|cn10y_vs_ma20|brent_vs_ma20|dollar_vs_ma20|brent_vs_ma5|a500_vs_ma5
2017,2017-08-11,2017-08-10,42716,2017-08-10,1,base_prediction|gold_daily|gold_vs_ma5|gold_vs_ma20|copper_daily|copper_vs_ma5|copper_vs_ma20|a500_vs_ma20|us10y_vs_ma20|RSI14_lag1|DIFF_lag1|DEA_lag1|cn10y_vs_ma20|brent_vs_ma20|dollar_vs_ma20|brent_vs_ma5|a500_vs_ma5
2017,2017-08-14,2017-08-11,42716,2017-08-11,1,base_prediction|gold_daily|gold_vs_ma5|gold_vs_ma20|copper_daily|copper_vs_ma5|copper_vs_ma20|a500_vs_ma20|us10y_vs_ma20|RSI14_lag1|DIFF_lag1|DEA_lag1|cn10y_vs_ma20|brent_vs_ma20|dollar_vs_ma20|brent_vs_ma5|a500_vs_ma5
2017,2017-08-15,2017-08-14,42716,2017-08-14,2,base_prediction|gold_daily|gold_vs_ma5|gold_vs_ma20|copper_daily|copper_vs_ma5|copper_vs_ma20|a500_vs_ma20|us10y_vs_ma20|RSI14_lag1|DIFF_lag1|DEA_lag1|cn10y_vs_ma20|brent_vs_ma20|dollar_vs_ma20|brent_vs_ma5|a500_vs_ma5
2017,2017-08-17,2017-08-16,42716,2017-08-16,1,base_prediction|gold_daily|gold_vs_ma5|gold_vs_ma20|copper_daily|copper_vs_ma5|copper_vs_ma20|a500_vs_ma20|us10y_vs_ma20|RSI14_lag1|DIFF_lag1|DEA_lag1|cn10y_vs_ma20|brent_vs_ma20|dollar_vs_ma20|brent_vs_ma5|a500_vs_ma5
2017,2017-08-18,2017-08-17,42716,2017-08-17,5,base_prediction|gold_daily|gold_vs_ma5|gold_vs_ma20|copper_daily|copper_vs_ma5|copper_vs_ma20|a500_vs_ma20|us10y_vs_ma20|RSI14_lag1|DIFF_lag1|DEA_lag1|cn10y_vs_ma20|brent_vs_ma20|dollar_vs_ma20|brent_vs_ma5|a500_vs_ma5
2017,2017-08-25,2017-08-24,42716,2017-08-24,2,base_prediction|gold_daily|gold_vs_ma5|gold_vs_ma20|copper_daily|copper_vs_ma5|copper_vs_ma20|a500_vs_ma20|us10y_vs_ma20|RSI14_lag1|DIFF_lag1|DEA_lag1|cn10y_vs_ma20|brent_vs_ma20|dollar_vs_ma20|brent_vs_ma5|a500_vs_ma5
2017,2017-08-29,2017-08-28,42716,2017-08-28,1,base_prediction|gold_daily|gold_vs_ma5|gold_vs_ma20|copper_daily|copper_vs_ma5|copper_vs_ma20|a500_vs_ma20|us10y_vs_ma20|RSI14_lag1|DIFF_lag1|DEA_lag1|cn10y_vs_ma20|brent_vs_ma20|dollar_vs_ma20|brent_vs_ma5|a500_vs_ma5
2017,2017-08-30,2017-08-29,42716,2017-08-29,4,base_prediction|gold_daily|gold_vs_ma5|gold_vs_ma20|copper_daily|copper_vs_ma5|copper_vs_ma20|a500_vs_ma20|us10y_vs_ma20|RSI14_lag1|DIFF_lag1|DEA_lag1|cn10y_vs_ma20|brent_vs_ma20|dollar_vs_ma20|brent_vs_ma5|a500_vs_ma5
2017,2017-09-05,2017-09-04,42716,2017-09-04,1,base_prediction|gold_daily|gold_vs_ma5|gold_vs_ma20|copper_daily|copper_vs_ma5|copper_vs_ma20|a500_vs_ma20|us10y_vs_ma20|RSI14_lag1|DIFF_lag1|DEA_lag1|cn10y_vs_ma20|brent_vs_ma20|dollar_vs_ma20|brent_vs_ma5|a500_vs_ma5
2017,2017-09-06,2017-09-05,42716,2017-09-05,1,base_prediction|gold_daily|gold_vs_ma5|gold_vs_ma20|copper_daily|copper_vs_ma5|copper_vs_ma20|a500_vs_ma20|us10y_vs_ma20|RSI14_lag1|DIFF_lag1|DEA_lag1|cn10y_vs_ma20|brent_vs_ma20|dollar_vs_ma20|brent_vs_ma5|a500_vs_ma5
2017,2017-09-07,2017-09-06,42716,2017-09-06,1,base_prediction|gold_daily|gold_vs_ma5|gold_vs_ma20|copper_daily|copper_vs_ma5|copper_vs_ma20|a500_vs_ma20|us10y_vs_ma20|RSI14_lag1|DIFF_lag1|DEA_lag1|cn10y_vs_ma20|brent_vs_ma20|dollar_vs_ma20|brent_vs_ma5|a500_vs_ma5
2017,2017-09-08,2017-09-07,42716,2017-09-07,1,base_prediction|gold_daily|gold_vs_ma5|gold_vs_ma20|copper_daily|copper_vs_ma5|copper_vs_ma20|a500_vs_ma20|us10y_vs_ma20|RSI14_lag1|DIFF_lag1|DEA_lag1|cn10y_vs_ma20|brent_vs_ma20|dollar_vs_ma20|brent_vs_ma5|a500_vs_ma5
2017,2017-09-11,2017-09-08,42716,2017-09-08,1,base_prediction|gold_daily|gold_vs_ma5|gold_vs_ma20|copper_daily|copper_vs_ma5|copper_vs_ma20|a500_vs_ma20|us10y_vs_ma20|RSI14_lag1|DIFF_lag1|DEA_lag1|cn10y_vs_ma20|brent_vs_ma20|dollar_vs_ma20|brent_vs_ma5|a500_vs_ma5
2017,2017-09-12,2017-09-11,42716,2017-09-11,1,base_prediction|gold_daily|gold_vs_ma5|gold_vs_ma20|copper_daily|copper_vs_ma5|copper_vs_ma20|a500_vs_ma20|us10y_vs_ma20|RSI14_lag1|DIFF_lag1|DEA_lag1|cn10y_vs_ma20|brent_vs_ma20|dollar_vs_ma20|brent_vs_ma5|a500_vs_ma5
2017,2017-09-13,2017-09-12,42716,2017-09-12,2,base_prediction|gold_daily|gold_vs_ma5|gold_vs_ma20|copper_daily|copper_vs_ma5|copper_vs_ma20|a500_vs_ma20|us10y_vs_ma20|RSI14_lag1|DIFF_lag1|DEA_lag1|cn10y_vs_ma20|brent_vs_ma20|dollar_vs_ma20|brent_vs_ma5|a500_vs_ma5
2017,2017-09-15,2017-09-14,42716,2017-09-14,2,base_prediction|gold_daily|gold_vs_ma5|gold_vs_ma20|copper_daily|copper_vs_ma5|copper_vs_ma20|a500_vs_ma20|us10y_vs_ma20|RSI14_lag1|DIFF_lag1|DEA_lag1|cn10y_vs_ma20|brent_vs_ma20|dollar_vs_ma20|brent_vs_ma5|a500_vs_ma5
2017,2017-09-19,2017-09-18,42716,2017-09-18,1,base_prediction|gold_daily|gold_vs_ma5|gold_vs_ma20|copper_daily|copper_vs_ma5|copper_vs_ma20|a500_vs_ma20|us10y_vs_ma20|RSI14_lag1|DIFF_lag1|DEA_lag1|cn10y_vs_ma20|brent_vs_ma20|dollar_vs_ma20|brent_vs_ma5|a500_vs_ma5
2017,2017-09-20,2017-09-19,42716,2017-09-19,1,base_prediction|gold_daily|gold_vs_ma5|gold_vs_ma20|copper_daily|copper_vs_ma5|copper_vs_ma20|a500_vs_ma20|us10y_vs_ma20|RSI14_lag1|DIFF_lag1|DEA_lag1|cn10y_vs_ma20|brent_vs_ma20|dollar_vs_ma20|brent_vs_ma5|a500_vs_ma5
2017,2017-09-21,2017-09-20,42716,2017-09-20,1,base_prediction|gold_daily|gold_vs_ma5|gold_vs_ma20|copper_daily|copper_vs_ma5|copper_vs_ma20|a500_vs_ma20|us10y_vs_ma20|RSI14_lag1|DIFF_lag1|DEA_lag1|cn10y_vs_ma20|brent_vs_ma20|dollar_vs_ma20|brent_vs_ma5|a500_vs_ma5
2017,2017-09-22,2017-09-21,42716,2017-09-21,4,base_prediction|gold_daily|gold_vs_ma5|gold_vs_ma20|copper_daily|copper_vs_ma5|copper_vs_ma20|a500_vs_ma20|us10y_vs_ma20|RSI14_lag1|DIFF_lag1|DEA_lag1|cn10y_vs_ma20|brent_vs_ma20|dollar_vs_ma20|brent_vs_ma5|a500_vs_ma5
2017,2017-09-28,2017-09-27,42716,2017-09-27,1,base_prediction|gold_daily|gold_vs_ma5|gold_vs_ma20|copper_daily|copper_vs_ma5|copper_vs_ma20|a500_vs_ma20|us10y_vs_ma20|RSI14_lag1|DIFF_lag1|DEA_lag1|cn10y_vs_ma20|brent_vs_ma20|dollar_vs_ma20|brent_vs_ma5|a500_vs_ma5
2017,2017-09-29,2017-09-28,42716,2017-09-28,1,base_prediction|gold_daily|gold_vs_ma5|gold_vs_ma20|copper_daily|copper_vs_ma5|copper_vs_ma20|a500_vs_ma20|us10y_vs_ma20|RSI14_lag1|DIFF_lag1|DEA_lag1|cn10y_vs_ma20|brent_vs_ma20|dollar_vs_ma20|brent_vs_ma5|a500_vs_ma5
2017,2017-09-30,2017-09-29,42716,2017-09-29,1,base_prediction|gold_daily|gold_vs_ma5|gold_vs_ma20|copper_daily|copper_vs_ma5|copper_vs_ma20|a500_vs_ma20|us10y_vs_ma20|RSI14_lag1|DIFF_lag1|DEA_lag1|cn10y_vs_ma20|brent_vs_ma20|dollar_vs_ma20|brent_vs_ma5|a500_vs_ma5
2017,2017-10-02,2017-09-30,42716,2017-09-30,2,base_prediction|gold_daily|gold_vs_ma5|gold_vs_ma20|copper_daily|copper_vs_ma5|copper_vs_ma20|a500_vs_ma20|us10y_vs_ma20|RSI14_lag1|DIFF_lag1|DEA_lag1|cn10y_vs_ma20|brent_vs_ma20|dollar_vs_ma20|brent_vs_ma5|a500_vs_ma5
2017,2017-10-04,2017-10-03,42716,2017-10-03,1,base_prediction|gold_daily|gold_vs_ma5|gold_vs_ma20|copper_daily|copper_vs_ma5|copper_vs_ma20|a500_vs_ma20|us10y_vs_ma20|RSI14_lag1|DIFF_lag1|DEA_lag1|cn10y_vs_ma20|brent_vs_ma20|dollar_vs_ma20|brent_vs_ma5|a500_vs_ma5
2017,2017-10-05,2017-10-04,42716,2017-10-04,1,base_prediction|gold_daily|gold_vs_ma5|gold_vs_ma20|copper_daily|copper_vs_ma5|copper_vs_ma20|a500_vs_ma20|us10y_vs_ma20|RSI14_lag1|DIFF_lag1|DEA_lag1|cn10y_vs_ma20|brent_vs_ma20|dollar_vs_ma20|brent_vs_ma5|a500_vs_ma5
2017,2017-10-06,2017-10-05,42716,2017-10-05,2,base_prediction|gold_daily|gold_vs_ma5|gold_vs_ma20|copper_daily|copper_vs_ma5|copper_vs_ma20|a500_vs_ma20|us10y_vs_ma20|RSI14_lag1|DIFF_lag1|DEA_lag1|cn10y_vs_ma20|brent_vs_ma20|dollar_vs_ma20|brent_vs_ma5|a500_vs_ma5
2017,2017-10-10,2017-10-09,42716,2017-10-09,2,base_prediction|gold_daily|gold_vs_ma5|gold_vs_ma20|copper_daily|copper_vs_ma5|copper_vs_ma20|a500_vs_ma20|us10y_vs_ma20|RSI14_lag1|DIFF_lag1|DEA_lag1|cn10y_vs_ma20|brent_vs_ma20|dollar_vs_ma20|brent_vs_ma5|a500_vs_ma5
2017,2017-10-12,2017-10-11,42716,2017-10-11,10,base_prediction|gold_daily|gold_vs_ma5|gold_vs_ma20|copper_daily|copper_vs_ma5|copper_vs_ma20|a500_vs_ma20|us10y_vs_ma20|RSI14_lag1|DIFF_lag1|DEA_lag1|cn10y_vs_ma20|brent_vs_ma20|dollar_vs_ma20|brent_vs_ma5|a500_vs_ma5
2017,2017-10-26,2017-10-25,42716,2017-10-25,1,base_prediction|gold_daily|gold_vs_ma5|gold_vs_ma20|copper_daily|copper_vs_ma5|copper_vs_ma20|a500_vs_ma20|us10y_vs_ma20|RSI14_lag1|DIFF_lag1|DEA_lag1|cn10y_vs_ma20|brent_vs_ma20|dollar_vs_ma20|brent_vs_ma5|a500_vs_ma5
2017,2017-10-27,2017-10-26,42716,2017-10-26,1,base_prediction|gold_daily|gold_vs_ma5|gold_vs_ma20|copper_daily|copper_vs_ma5|copper_vs_ma20|a500_vs_ma20|us10y_vs_ma20|RSI14_lag1|DIFF_lag1|DEA_lag1|cn10y_vs_ma20|brent_vs_ma20|dollar_vs_ma20|brent_vs_ma5|a500_vs_ma5
2017,2017-10-30,2017-10-27,741131,2017-10-27,1,base_prediction|gold_daily|gold_vs_ma5|gold_vs_ma20|copper_daily|copper_vs_ma5|copper_vs_ma20|a500_vs_ma20|us10y_vs_ma20|RSI14_lag1|DIFF_lag1|DEA_lag1|cn10y_vs_ma20|brent_vs_ma20|dollar_vs_ma20|brent_vs_ma5|a500_vs_ma5
2017,2017-10-31,2017-10-30,741131,2017-10-30,2,base_prediction|gold_daily|gold_vs_ma5|gold_vs_ma20|copper_daily|copper_vs_ma5|copper_vs_ma20|a500_vs_ma20|us10y_vs_ma20|RSI14_lag1|DIFF_lag1|DEA_lag1|cn10y_vs_ma20|brent_vs_ma20|dollar_vs_ma20|brent_vs_ma5|a500_vs_ma5
2017,2017-11-02,2017-11-01,741131,2017-11-01,1,base_prediction|gold_daily|gold_vs_ma5|gold_vs_ma20|copper_daily|copper_vs_ma5|copper_vs_ma20|a500_vs_ma20|us10y_vs_ma20|RSI14_lag1|DIFF_lag1|DEA_lag1|cn10y_vs_ma20|brent_vs_ma20|dollar_vs_ma20|brent_vs_ma5|a500_vs_ma5
2017,2017-11-03,2017-11-02,741131,2017-11-02,1,base_prediction|gold_daily|gold_vs_ma5|gold_vs_ma20|copper_daily|copper_vs_ma5|copper_vs_ma20|a500_vs_ma20|us10y_vs_ma20|RSI14_lag1|DIFF_lag1|DEA_lag1|cn10y_vs_ma20|brent_vs_ma20|dollar_vs_ma20|brent_vs_ma5|a500_vs_ma5
2017,2017-11-06,2017-11-03,741131,2017-11-03,1,base_prediction|gold_daily|gold_vs_ma5|gold_vs_ma20|copper_daily|copper_vs_ma5|copper_vs_ma20|a500_vs_ma20|us10y_vs_ma20|RSI14_lag1|DIFF_lag1|DEA_lag1|cn10y_vs_ma20|brent_vs_ma20|dollar_vs_ma20|brent_vs_ma5|a500_vs_ma5
2017,2017-11-07,2017-11-06,741131,2017-11-06,5,base_prediction|gold_daily|gold_vs_ma5|gold_vs_ma20|copper_daily|copper_vs_ma5|copper_vs_ma20|a500_vs_ma20|us10y_vs_ma20|RSI14_lag1|DIFF_lag1|DEA_lag1|cn10y_vs_ma20|brent_vs_ma20|dollar_vs_ma20|brent_vs_ma5|a500_vs_ma5
2017,2017-11-14,2017-11-13,565766,2017-11-13,2,base_prediction|gold_daily|gold_vs_ma5|gold_vs_ma20|copper_daily|copper_vs_ma5|copper_vs_ma20|a500_vs_ma20|us10y_vs_ma20|RSI14_lag1|DIFF_lag1|DEA_lag1|cn10y_vs_ma20|brent_vs_ma20|dollar_vs_ma20|brent_vs_ma5|a500_vs_ma5
2017,2017-11-16,2017-11-15,565766,2017-11-15,5,base_prediction|gold_daily|gold_vs_ma5|gold_vs_ma20|copper_daily|copper_vs_ma5|copper_vs_ma20|a500_vs_ma20|us10y_vs_ma20|RSI14_lag1|DIFF_lag1|DEA_lag1|cn10y_vs_ma20|brent_vs_ma20|dollar_vs_ma20|brent_vs_ma5|a500_vs_ma5
2017,2017-11-23,2017-11-22,640934,2017-11-22,4,base_prediction|gold_daily|gold_vs_ma5|gold_vs_ma20|copper_daily|copper_vs_ma5|copper_vs_ma20|a500_vs_ma20|us10y_vs_ma20|RSI14_lag1|DIFF_lag1|DEA_lag1|cn10y_vs_ma20|brent_vs_ma20|dollar_vs_ma20|brent_vs_ma5|a500_vs_ma5
2017,2017-11-29,2017-11-28,640934,2017-11-28,5,base_prediction|gold_daily|gold_vs_ma5|gold_vs_ma20|copper_daily|copper_vs_ma5|copper_vs_ma20|a500_vs_ma20|us10y_vs_ma20|RSI14_lag1|DIFF_lag1|DEA_lag1|cn10y_vs_ma20|brent_vs_ma20|dollar_vs_ma20|brent_vs_ma5|a500_vs_ma5
2017,2017-12-06,2017-12-05,785634,2017-12-05,4,base_prediction|gold_daily|gold_vs_ma5|gold_vs_ma20|copper_daily|copper_vs_ma5|copper_vs_ma20|a500_vs_ma20|us10y_vs_ma20|RSI14_lag1|DIFF_lag1|DEA_lag1|cn10y_vs_ma20|brent_vs_ma20|dollar_vs_ma20|brent_vs_ma5|a500_vs_ma5
2017,2017-12-12,2017-12-11,785634,2017-12-11,1,base_prediction|gold_daily|gold_vs_ma5|gold_vs_ma20|copper_daily|copper_vs_ma5|copper_vs_ma20|a500_vs_ma20|us10y_vs_ma20|RSI14_lag1|DIFF_lag1|DEA_lag1|cn10y_vs_ma20|brent_vs_ma20|dollar_vs_ma20|brent_vs_ma5|a500_vs_ma5
2017,2017-12-13,2017-12-12,785634,2017-12-12,6,base_prediction|gold_daily|gold_vs_ma5|gold_vs_ma20|copper_daily|copper_vs_ma5|copper_vs_ma20|a500_vs_ma20|us10y_vs_ma20|RSI14_lag1|DIFF_lag1|DEA_lag1|cn10y_vs_ma20|brent_vs_ma20|dollar_vs_ma20|brent_vs_ma5|a500_vs_ma5
2017,2017-12-21,2017-12-20,374583,2017-12-20,7,base_prediction|gold_daily|gold_vs_ma5|gold_vs_ma20|copper_daily|copper_vs_ma5|copper_vs_ma20|a500_vs_ma20|us10y_vs_ma20|RSI14_lag1|DIFF_lag1|DEA_lag1|cn10y_vs_ma20|brent_vs_ma20|dollar_vs_ma20|brent_vs_ma5|a500_vs_ma5
2017,2017-12-30,2017-12-29,965409,2017-12-29,2,base_prediction|gold_daily|gold_vs_ma5|gold_vs_ma20|copper_daily|copper_vs_ma5|copper_vs_ma20|a500_vs_ma20|us10y_vs_ma20|RSI14_lag1|DIFF_lag1|DEA_lag1|cn10y_vs_ma20|brent_vs_ma20|dollar_vs_ma20|brent_vs_ma5|a500_vs_ma5
2018,2018-01-01,,965409,2017-12-31,2,base_prediction|gold_daily|gold_vs_ma5|gold_vs_ma20|copper_daily|copper_vs_ma5|copper_vs_ma20|a500_vs_ma20|us10y_vs_ma20|RSI14_lag1|DIFF_lag1|DEA_lag1|cn10y_vs_ma20|brent_vs_ma20|dollar_vs_ma20|brent_vs_ma5|a500_vs_ma5
2018,2018-01-03,2018-01-02,965409,2018-01-02,1,base_prediction|gold_daily|gold_vs_ma5|gold_vs_ma20|copper_daily|copper_vs_ma5|copper_vs_ma20|a500_vs_ma20|us10y_vs_ma20|RSI14_lag1|DIFF_lag1|DEA_lag1|cn10y_vs_ma20|brent_vs_ma20|dollar_vs_ma20|brent_vs_ma5|a500_vs_ma5
2018,2018-01-04,2018-01-03,965409,2018-01-03,1,base_prediction|gold_daily|gold_vs_ma5|gold_vs_ma20|copper_daily|copper_vs_ma5|copper_vs_ma20|a500_vs_ma20|us10y_vs_ma20|RSI14_lag1|DIFF_lag1|DEA_lag1|cn10y_vs_ma20|brent_vs_ma20|dollar_vs_ma20|brent_vs_ma5|a500_vs_ma5
2018,2018-01-05,2018-01-04,965409,2018-01-04,1,base_prediction|gold_daily|gold_vs_ma5|gold_vs_ma20|copper_daily|copper_vs_ma5|copper_vs_ma20|a500_vs_ma20|us10y_vs_ma20|RSI14_lag1|DIFF_lag1|DEA_lag1|cn10y_vs_ma20|brent_vs_ma20|dollar_vs_ma20|brent_vs_ma5|a500_vs_ma5
2018,2018-01-08,2018-01-05,965409,2018-01-05,2,base_prediction|gold_daily|gold_vs_ma5|gold_vs_ma20|copper_daily|copper_vs_ma5|copper_vs_ma20|a500_vs_ma20|us10y_vs_ma20|RSI14_lag1|DIFF_lag1|DEA_lag1|cn10y_vs_ma20|brent_vs_ma20|dollar_vs_ma20|brent_vs_ma5|a500_vs_ma5
2018,2018-01-10,2018-01-09,965409,2018-01-09,3,base_prediction|gold_daily|gold_vs_ma5|gold_vs_ma20|copper_daily|copper_vs_ma5|copper_vs_ma20|a500_vs_ma20|us10y_vs_ma20|RSI14_lag1|DIFF_lag1|DEA_lag1|cn10y_vs_ma20|brent_vs_ma20|dollar_vs_ma20|brent_vs_ma5|a500_vs_ma5
2018,2018-01-15,2018-01-12,374583,2018-01-12,1,base_prediction|gold_daily|gold_vs_ma5|gold_vs_ma20|copper_daily|copper_vs_ma5|copper_vs_ma20|a500_vs_ma20|us10y_vs_ma20|RSI14_lag1|DIFF_lag1|DEA_lag1|cn10y_vs_ma20|brent_vs_ma20|dollar_vs_ma20|brent_vs_ma5|a500_vs_ma5
2018,2018-01-16,2018-01-15,374583,2018-01-15,1,base_prediction|gold_daily|gold_vs_ma5|gold_vs_ma20|copper_daily|copper_vs_ma5|copper_vs_ma20|a500_vs_ma20|us10y_vs_ma20|RSI14_lag1|DIFF_lag1|DEA_lag1|cn10y_vs_ma20|brent_vs_ma20|dollar_vs_ma20|brent_vs_ma5|a500_vs_ma5
2018,2018-01-17,2018-01-16,374583,2018-01-16,2,base_prediction|gold_daily|gold_vs_ma5|gold_vs_ma20|copper_daily|copper_vs_ma5|copper_vs_ma20|a500_vs_ma20|us10y_vs_ma20|RSI14_lag1|DIFF_lag1|DEA_lag1|cn10y_vs_ma20|brent_vs_ma20|dollar_vs_ma20|brent_vs_ma5|a500_vs_ma5
2018,2018-01-19,2018-01-18,374583,2018-01-18,3,base_prediction|gold_daily|gold_vs_ma5|gold_vs_ma20|copper_daily|copper_vs_ma5|copper_vs_ma20|a500_vs_ma20|us10y_vs_ma20|RSI14_lag1|DIFF_lag1|DEA_lag1|cn10y_vs_ma20|brent_vs_ma20|dollar_vs_ma20|brent_vs_ma5|a500_vs_ma5
2018,2018-01-24,2018-01-23,374583,2018-01-23,1,base_prediction|gold_daily|gold_vs_ma5|gold_vs_ma20|copper_daily|copper_vs_ma5|copper_vs_ma20|a500_vs_ma20|us10y_vs_ma20|RSI14_lag1|DIFF_lag1|DEA_lag1|cn10y_vs_ma20|brent_vs_ma20|dollar_vs_ma20|brent_vs_ma5|a500_vs_ma5
2018,2018-01-25,2018-01-24,374583,2018-01-24,1,base_prediction|gold_daily|gold_vs_ma5|gold_vs_ma20|copper_daily|copper_vs_ma5|copper_vs_ma20|a500_vs_ma20|us10y_vs_ma20|RSI14_lag1|DIFF_lag1|DEA_lag1|cn10y_vs_ma20|brent_vs_ma20|dollar_vs_ma20|brent_vs_ma5|a500_vs_ma5
2018,2018-01-26,2018-01-25,374583,2018-01-25,1,base_prediction|gold_daily|gold_vs_ma5|gold_vs_ma20|copper_daily|copper_vs_ma5|copper_vs_ma20|a500_vs_ma20|us10y_vs_ma20|RSI14_lag1|DIFF_lag1|DEA_lag1|cn10y_vs_ma20|brent_vs_ma20|dollar_vs_ma20|brent_vs_ma5|a500_vs_ma5
2018,2018-01-29,2018-01-26,374583,2018-01-26,1,base_prediction|gold_daily|gold_vs_ma5|gold_vs_ma20|copper_daily|copper_vs_ma5|copper_vs_ma20|a500_vs_ma20|us10y_vs_ma20|RSI14_lag1|DIFF_lag1|DEA_lag1|cn10y_vs_ma20|brent_vs_ma20|dollar_vs_ma20|brent_vs_ma5|a500_vs_ma5
2018,2018-01-30,2018-01-29,374583,2018-01-29,2,base_prediction|gold_daily|gold_vs_ma5|gold_vs_ma20|copper_daily|copper_vs_ma5|copper_vs_ma20|a500_vs_ma20|us10y_vs_ma20|RSI14_lag1|DIFF_lag1|DEA_lag1|cn10y_vs_ma20|brent_vs_ma20|dollar_vs_ma20|brent_vs_ma5|a500_vs_ma5
2018,2018-02-01,2018-01-31,565766,2018-01-31,1,base_prediction|gold_daily|gold_vs_ma5|gold_vs_ma20|copper_daily|copper_vs_ma5|copper_vs_ma20|a500_vs_ma20|us10y_vs_ma20|RSI14_lag1|DIFF_lag1|DEA_lag1|cn10y_vs_ma20|brent_vs_ma20|dollar_vs_ma20|brent_vs_ma5|a500_vs_ma5
2018,2018-02-02,2018-02-01,565766,2018-02-01,2,base_prediction|gold_daily|gold_vs_ma5|gold_vs_ma20|copper_daily|copper_vs_ma5|copper_vs_ma20|a500_vs_ma20|us10y_vs_ma20|RSI14_lag1|DIFF_lag1|DEA_lag1|cn10y_vs_ma20|brent_vs_ma20|dollar_vs_ma20|brent_vs_ma5|a500_vs_ma5
2018,2018-02-06,2018-02-05,565766,2018-02-05,1,base_prediction|gold_daily|gold_vs_ma5|gold_vs_ma20|copper_daily|copper_vs_ma5|copper_vs_ma20|a500_vs_ma20|us10y_vs_ma20|RSI14_lag1|DIFF_lag1|DEA_lag1|cn10y_vs_ma20|brent_vs_ma20|dollar_vs_ma20|brent_vs_ma5|a500_vs_ma5
2018,2018-02-07,2018-02-06,42716,2018-02-06,1,base_prediction|gold_daily|gold_vs_ma5|gold_vs_ma20|copper_daily|copper_vs_ma5|copper_vs_ma20|a500_vs_ma20|us10y_vs_ma20|RSI14_lag1|DIFF_lag1|DEA_lag1|cn10y_vs_ma20|brent_vs_ma20|dollar_vs_ma20|brent_vs_ma5|a500_vs_ma5
2018,2018-02-08,2018-02-07,42716,2018-02-07,2,base_prediction|gold_daily|gold_vs_ma5|gold_vs_ma20|copper_daily|copper_vs_ma5|copper_vs_ma20|a500_vs_ma20|us10y_vs_ma20|RSI14_lag1|DIFF_lag1|DEA_lag1|cn10y_vs_ma20|brent_vs_ma20|dollar_vs_ma20|brent_vs_ma5|a500_vs_ma5
2018,2018-02-11,2018-02-09,42716,2018-02-09,1,base_prediction|gold_daily|gold_vs_ma5|gold_vs_ma20|copper_daily|copper_vs_ma5|copper_vs_ma20|a500_vs_ma20|us10y_vs_ma20|RSI14_lag1|DIFF_lag1|DEA_lag1|cn10y_vs_ma20|brent_vs_ma20|dollar_vs_ma20|brent_vs_ma5|a500_vs_ma5
2018,2018-02-12,2018-02-11,42716,2018-02-11,1,base_prediction|gold_daily|gold_vs_ma5|gold_vs_ma20|copper_daily|copper_vs_ma5|copper_vs_ma20|a500_vs_ma20|us10y_vs_ma20|RSI14_lag1|DIFF_lag1|DEA_lag1|cn10y_vs_ma20|brent_vs_ma20|dollar_vs_ma20|brent_vs_ma5|a500_vs_ma5
2018,2018-02-13,2018-02-12,42716,2018-02-12,2,base_prediction|gold_daily|gold_vs_ma5|gold_vs_ma20|copper_daily|copper_vs_ma5|copper_vs_ma20|a500_vs_ma20|us10y_vs_ma20|RSI14_lag1|DIFF_lag1|DEA_lag1|cn10y_vs_ma20|brent_vs_ma20|dollar_vs_ma20|brent_vs_ma5|a500_vs_ma5
2018,2018-02-15,2018-02-14,798291,2018-02-14,1,base_prediction|gold_daily|gold_vs_ma5|gold_vs_ma20|copper_daily|copper_vs_ma5|copper_vs_ma20|a500_vs_ma20|us10y_vs_ma20|RSI14_lag1|DIFF_lag1|DEA_lag1|cn10y_vs_ma20|brent_vs_ma20|dollar_vs_ma20|brent_vs_ma5|a500_vs_ma5
2018,2018-02-16,2018-02-15,798291,2018-02-15,1,base_prediction|gold_daily|gold_vs_ma5|gold_vs_ma20|copper_daily|copper_vs_ma5|copper_vs_ma20|a500_vs_ma20|us10y_vs_ma20|RSI14_lag1|DIFF_lag1|DEA_lag1|cn10y_vs_ma20|brent_vs_ma20|dollar_vs_ma20|brent_vs_ma5|a500_vs_ma5
2018,2018-02-19,2018-02-16,385735,2018-02-16,6,base_prediction|gold_daily|gold_vs_ma5|gold_vs_ma20|copper_daily|copper_vs_ma5|copper_vs_ma20|a500_vs_ma20|us10y_vs_ma20|RSI14_lag1|DIFF_lag1|DEA_lag1|cn10y_vs_ma20|brent_vs_ma20|dollar_vs_ma20|brent_vs_ma5|a500_vs_ma5
2018,2018-02-26,2018-02-24,798291,2018-02-24,2,base_prediction|gold_daily|gold_vs_ma5|gold_vs_ma20|copper_daily|copper_vs_ma5|copper_vs_ma20|a500_vs_ma20|us10y_vs_ma20|RSI14_lag1|DIFF_lag1|DEA_lag1|cn10y_vs_ma20|brent_vs_ma20|dollar_vs_ma20|brent_vs_ma5|a500_vs_ma5
2018,2018-02-28,2018-02-27,798291,2018-02-27,7,base_prediction|gold_daily|gold_vs_ma5|gold_vs_ma20|copper_daily|copper_vs_ma5|copper_vs_ma20|a500_vs_ma20|us10y_vs_ma20|RSI14_lag1|DIFF_lag1|DEA_lag1|cn10y_vs_ma20|brent_vs_ma20|dollar_vs_ma20|brent_vs_ma5|a500_vs_ma5
2018,2018-03-09,2018-03-08,798291,2018-03-08,1,base_prediction|gold_daily|gold_vs_ma5|gold_vs_ma20|copper_daily|copper_vs_ma5|copper_vs_ma20|a500_vs_ma20|us10y_vs_ma20|RSI14_lag1|DIFF_lag1|DEA_lag1|cn10y_vs_ma20|brent_vs_ma20|dollar_vs_ma20|brent_vs_ma5|a500_vs_ma5
2018,2018-03-12,2018-03-09,385735,2018-03-09,7,base_prediction|gold_daily|gold_vs_ma5|gold_vs_ma20|copper_daily|copper_vs_ma5|copper_vs_ma20|a500_vs_ma20|us10y_vs_ma20|RSI14_lag1|DIFF_lag1|DEA_lag1|cn10y_vs_ma20|brent_vs_ma20|dollar_vs_ma20|brent_vs_ma5|a500_vs_ma5
2018,2018-03-21,2018-03-20,385735,2018-03-20,1,base_prediction|gold_daily|gold_vs_ma5|gold_vs_ma20|copper_daily|copper_vs_ma5|copper_vs_ma20|a500_vs_ma20|us10y_vs_ma20|RSI14_lag1|DIFF_lag1|DEA_lag1|cn10y_vs_ma20|brent_vs_ma20|dollar_vs_ma20|brent_vs_ma5|a500_vs_ma5
2018,2018-03-22,2018-03-21,42716,2018-03-21,1,base_prediction|gold_daily|gold_vs_ma5|gold_vs_ma20|copper_daily|copper_vs_ma5|copper_vs_ma20|a500_vs_ma20|us10y_vs_ma20|RSI14_lag1|DIFF_lag1|DEA_lag1|cn10y_vs_ma20|brent_vs_ma20|dollar_vs_ma20|brent_vs_ma5|a500_vs_ma5
2018,2018-03-23,2018-03-22,42716,2018-03-22,2,base_prediction|gold_daily|gold_vs_ma5|gold_vs_ma20|copper_daily|copper_vs_ma5|copper_vs_ma20|a500_vs_ma20|us10y_vs_ma20|RSI14_lag1|DIFF_lag1|DEA_lag1|cn10y_vs_ma20|brent_vs_ma20|dollar_vs_ma20|brent_vs_ma5|a500_vs_ma5
2018,2018-03-27,2018-03-26,42716,2018-03-26,1,base_prediction|gold_daily|gold_vs_ma5|gold_vs_ma20|copper_daily|copper_vs_ma5|copper_vs_ma20|a500_vs_ma20|us10y_vs_ma20|RSI14_lag1|DIFF_lag1|DEA_lag1|cn10y_vs_ma20|brent_vs_ma20|dollar_vs_ma20|brent_vs_ma5|a500_vs_ma5
2018,2018-03-28,2018-03-27,385735,2018-03-27,1,base_prediction|gold_daily|gold_vs_ma5|gold_vs_ma20|copper_daily|copper_vs_ma5|copper_vs_ma20|a500_vs_ma20|us10y_vs_ma20|RSI14_lag1|DIFF_lag1|DEA_lag1|cn10y_vs_ma20|brent_vs_ma20|dollar_vs_ma20|brent_vs_ma5|a500_vs_ma5
2018,2018-03-29,2018-03-28,42716,2018-03-28,1,base_prediction|gold_daily|gold_vs_ma5|gold_vs_ma20|copper_daily|copper_vs_ma5|copper_vs_ma20|a500_vs_ma20|us10y_vs_ma20|RSI14_lag1|DIFF_lag1|DEA_lag1|cn10y_vs_ma20|brent_vs_ma20|dollar_vs_ma20|brent_vs_ma5|a500_vs_ma5
2018,2018-03-30,2018-03-29,385735,2018-03-29,2,base_prediction|gold_daily|gold_vs_ma5|gold_vs_ma20|copper_daily|copper_vs_ma5|copper_vs_ma20|a500_vs_ma20|us10y_vs_ma20|RSI14_lag1|DIFF_lag1|DEA_lag1|cn10y_vs_ma20|brent_vs_ma20|dollar_vs_ma20|brent_vs_ma5|a500_vs_ma5
2018,2018-04-03,2018-04-02,385735,2018-04-02,7,base_prediction|gold_daily|gold_vs_ma5|gold_vs_ma20|copper_daily|copper_vs_ma5|copper_vs_ma20|a500_vs_ma20|us10y_vs_ma20|RSI14_lag1|DIFF_lag1|DEA_lag1|cn10y_vs_ma20|brent_vs_ma20|dollar_vs_ma20|brent_vs_ma5|a500_vs_ma5
2018,2018-04-11,2018-04-10,385735,2018-04-10,5,base_prediction|gold_daily|gold_vs_ma5|gold_vs_ma20|copper_daily|copper_vs_ma5|copper_vs_ma20|a500_vs_ma20|us10y_vs_ma20|RSI14_lag1|DIFF_lag1|DEA_lag1|cn10y_vs_ma20|brent_vs_ma20|dollar_vs_ma20|brent_vs_ma5|a500_vs_ma5
2018,2018-04-18,2018-04-17,385735,2018-04-17,1,base_prediction|gold_daily|gold_vs_ma5|gold_vs_ma20|copper_daily|copper_vs_ma5|copper_vs_ma20|a500_vs_ma20|us10y_vs_ma20|RSI14_lag1|DIFF_lag1|DEA_lag1|cn10y_vs_ma20|brent_vs_ma20|dollar_vs_ma20|brent_vs_ma5|a500_vs_ma5
2018,2018-04-19,2018-04-18,385735,2018-04-18,1,base_prediction|gold_daily|gold_vs_ma5|gold_vs_ma20|copper_daily|copper_vs_ma5|copper_vs_ma20|a500_vs_ma20|us10y_vs_ma20|RSI14_lag1|DIFF_lag1|DEA_lag1|cn10y_vs_ma20|brent_vs_ma20|dollar_vs_ma20|brent_vs_ma5|a500_vs_ma5
2018,2018-04-20,2018-04-19,385735,2018-04-19,1,base_prediction|gold_daily|gold_vs_ma5|gold_vs_ma20|copper_daily|copper_vs_ma5|copper_vs_ma20|a500_vs_ma20|us10y_vs_ma20|RSI14_lag1|DIFF_lag1|DEA_lag1|cn10y_vs_ma20|brent_vs_ma20|dollar_vs_ma20|brent_vs_ma5|a500_vs_ma5
2018,2018-04-23,2018-04-20,385735,2018-04-20,1,base_prediction|gold_daily|gold_vs_ma5|gold_vs_ma20|copper_daily|copper_vs_ma5|copper_vs_ma20|a500_vs_ma20|us10y_vs_ma20|RSI14_lag1|DIFF_lag1|DEA_lag1|cn10y_vs_ma20|brent_vs_ma20|dollar_vs_ma20|brent_vs_ma5|a500_vs_ma5
2018,2018-04-24,2018-04-23,385735,2018-04-23,1,base_prediction|gold_daily|gold_vs_ma5|gold_vs_ma20|copper_daily|copper_vs_ma5|copper_vs_ma20|a500_vs_ma20|us10y_vs_ma20|RSI14_lag1|DIFF_lag1|DEA_lag1|cn10y_vs_ma20|brent_vs_ma20|dollar_vs_ma20|brent_vs_ma5|a500_vs_ma5
2018,2018-04-25,2018-04-24,385735,2018-04-24,1,base_prediction|gold_daily|gold_vs_ma5|gold_vs_ma20|copper_daily|copper_vs_ma5|copper_vs_ma20|a500_vs_ma20|us10y_vs_ma20|RSI14_lag1|DIFF_lag1|DEA_lag1|cn10y_vs_ma20|brent_vs_ma20|dollar_vs_ma20|brent_vs_ma5|a500_vs_ma5
2018,2018-04-26,2018-04-25,385735,2018-04-25,1,base_prediction|gold_daily|gold_vs_ma5|gold_vs_ma20|copper_daily|copper_vs_ma5|copper_vs_ma20|a500_vs_ma20|us10y_vs_ma20|RSI14_lag1|DIFF_lag1|DEA_lag1|cn10y_vs_ma20|brent_vs_ma20|dollar_vs_ma20|brent_vs_ma5|a500_vs_ma5
2018,2018-04-27,2018-04-26,385735,2018-04-26,1,base_prediction|gold_daily|gold_vs_ma5|gold_vs_ma20|copper_daily|copper_vs_ma5|copper_vs_ma20|a500_vs_ma20|us10y_vs_ma20|RSI14_lag1|DIFF_lag1|DEA_lag1|cn10y_vs_ma20|brent_vs_ma20|dollar_vs_ma20|brent_vs_ma5|a500_vs_ma5
2018,2018-04-28,2018-04-27,385735,2018-04-27,3,base_prediction|gold_daily|gold_vs_ma5|gold_vs_ma20|copper_daily|copper_vs_ma5|copper_vs_ma20|a500_vs_ma20|us10y_vs_ma20|RSI14_lag1|DIFF_lag1|DEA_lag1|cn10y_vs_ma20|brent_vs_ma20|dollar_vs_ma20|brent_vs_ma5|a500_vs_ma5
2018,2018-05-02,2018-05-01,385735,2018-05-01,2,base_prediction|gold_daily|gold_vs_ma5|gold_vs_ma20|copper_daily|copper_vs_ma5|copper_vs_ma20|a500_vs_ma20|us10y_vs_ma20|RSI14_lag1|DIFF_lag1|DEA_lag1|cn10y_vs_ma20|brent_vs_ma20|dollar_vs_ma20|brent_vs_ma5|a500_vs_ma5
2018,2018-05-04,2018-05-03,385735,2018-05-03,3,base_prediction|gold_daily|gold_vs_ma5|gold_vs_ma20|copper_daily|copper_vs_ma5|copper_vs_ma20|a500_vs_ma20|us10y_vs_ma20|RSI14_lag1|DIFF_lag1|DEA_lag1|cn10y_vs_ma20|brent_vs_ma20|dollar_vs_ma20|brent_vs_ma5|a500_vs_ma5
2018,2018-05-09,2018-05-08,42716,2018-05-08,1,base_prediction|gold_daily|gold_vs_ma5|gold_vs_ma20|copper_daily|copper_vs_ma5|copper_vs_ma20|a500_vs_ma20|us10y_vs_ma20|RSI14_lag1|DIFF_lag1|DEA_lag1|cn10y_vs_ma20|brent_vs_ma20|dollar_vs_ma20|brent_vs_ma5|a500_vs_ma5
2018,2018-05-10,2018-05-09,42716,2018-05-09,1,base_prediction|gold_daily|gold_vs_ma5|gold_vs_ma20|copper_daily|copper_vs_ma5|copper_vs_ma20|a500_vs_ma20|us10y_vs_ma20|RSI14_lag1|DIFF_lag1|DEA_lag1|cn10y_vs_ma20|brent_vs_ma20|dollar_vs_ma20|brent_vs_ma5|a500_vs_ma5
2018,2018-05-11,2018-05-10,42716,2018-05-10,1,base_prediction|gold_daily|gold_vs_ma5|gold_vs_ma20|copper_daily|copper_vs_ma5|copper_vs_ma20|a500_vs_ma20|us10y_vs_ma20|RSI14_lag1|DIFF_lag1|DEA_lag1|cn10y_vs_ma20|brent_vs_ma20|dollar_vs_ma20|brent_vs_ma5|a500_vs_ma5
2018,2018-05-14,2018-05-11,42716,2018-05-11,2,base_prediction|gold_daily|gold_vs_ma5|gold_vs_ma20|copper_daily|copper_vs_ma5|copper_vs_ma20|a500_vs_ma20|us10y_vs_ma20|RSI14_lag1|DIFF_lag1|DEA_lag1|cn10y_vs_ma20|brent_vs_ma20|dollar_vs_ma20|brent_vs_ma5|a500_vs_ma5
2018,2018-05-16,2018-05-15,42716,2018-05-15,1,base_prediction|gold_daily|gold_vs_ma5|gold_vs_ma20|copper_daily|copper_vs_ma5|copper_vs_ma20|a500_vs_ma20|us10y_vs_ma20|RSI14_lag1|DIFF_lag1|DEA_lag1|cn10y_vs_ma20|brent_vs_ma20|dollar_vs_ma20|brent_vs_ma5|a500_vs_ma5
2018,2018-05-17,2018-05-16,385735,2018-05-16,1,base_prediction|gold_daily|gold_vs_ma5|gold_vs_ma20|copper_daily|copper_vs_ma5|copper_vs_ma20|a500_vs_ma20|us10y_vs_ma20|RSI14_lag1|DIFF_lag1|DEA_lag1|cn10y_vs_ma20|brent_vs_ma20|dollar_vs_ma20|brent_vs_ma5|a500_vs_ma5
2018,2018-05-18,2018-05-17,385735,2018-05-17,1,base_prediction|gold_daily|gold_vs_ma5|gold_vs_ma20|copper_daily|copper_vs_ma5|copper_vs_ma20|a500_vs_ma20|us10y_vs_ma20|RSI14_lag1|DIFF_lag1|DEA_lag1|cn10y_vs_ma20|brent_vs_ma20|dollar_vs_ma20|brent_vs_ma5|a500_vs_ma5
2018,2018-05-21,2018-05-18,385735,2018-05-18,2,base_prediction|gold_daily|gold_vs_ma5|gold_vs_ma20|copper_daily|copper_vs_ma5|copper_vs_ma20|a500_vs_ma20|us10y_vs_ma20|RSI14_lag1|DIFF_lag1|DEA_lag1|cn10y_vs_ma20|brent_vs_ma20|dollar_vs_ma20|brent_vs_ma5|a500_vs_ma5
2018,2018-05-23,2018-05-22,385735,2018-05-22,1,base_prediction|gold_daily|gold_vs_ma5|gold_vs_ma20|copper_daily|copper_vs_ma5|copper_vs_ma20|a500_vs_ma20|us10y_vs_ma20|RSI14_lag1|DIFF_lag1|DEA_lag1|cn10y_vs_ma20|brent_vs_ma20|dollar_vs_ma20|brent_vs_ma5|a500_vs_ma5
2018,2018-05-24,2018-05-23,385735,2018-05-23,1,base_prediction|gold_daily|gold_vs_ma5|gold_vs_ma20|copper_daily|copper_vs_ma5|copper_vs_ma20|a500_vs_ma20|us10y_vs_ma20|RSI14_lag1|DIFF_lag1|DEA_lag1|cn10y_vs_ma20|brent_vs_ma20|dollar_vs_ma20|brent_vs_ma5|a500_vs_ma5
2018,2018-05-25,2018-05-24,385735,2018-05-24,1,base_prediction|gold_daily|gold_vs_ma5|gold_vs_ma20|copper_daily|copper_vs_ma5|copper_vs_ma20|a500_vs_ma20|us10y_vs_ma20|RSI14_lag1|DIFF_lag1|DEA_lag1|cn10y_vs_ma20|brent_vs_ma20|dollar_vs_ma20|brent_vs_ma5|a500_vs_ma5
2018,2018-05-28,2018-05-25,385735,2018-05-25,1,base_prediction|gold_daily|gold_vs_ma5|gold_vs_ma20|copper_daily|copper_vs_ma5|copper_vs_ma20|a500_vs_ma20|us10y_vs_ma20|RSI14_lag1|DIFF_lag1|DEA_lag1|cn10y_vs_ma20|brent_vs_ma20|dollar_vs_ma20|brent_vs_ma5|a500_vs_ma5
2018,2018-05-29,2018-05-28,385735,2018-05-28,2,base_prediction|gold_daily|gold_vs_ma5|gold_vs_ma20|copper_daily|copper_vs_ma5|copper_vs_ma20|a500_vs_ma20|us10y_vs_ma20|RSI14_lag1|DIFF_lag1|DEA_lag1|cn10y_vs_ma20|brent_vs_ma20|dollar_vs_ma20|brent_vs_ma5|a500_vs_ma5
2018,2018-05-31,2018-05-30,385735,2018-05-30,3,base_prediction|gold_daily|gold_vs_ma5|gold_vs_ma20|copper_daily|copper_vs_ma5|copper_vs_ma20|a500_vs_ma20|us10y_vs_ma20|RSI14_lag1|DIFF_lag1|DEA_lag1|cn10y_vs_ma20|brent_vs_ma20|dollar_vs_ma20|brent_vs_ma5|a500_vs_ma5
2018,2018-06-05,2018-06-04,385735,2018-06-04,1,base_prediction|gold_daily|gold_vs_ma5|gold_vs_ma20|copper_daily|copper_vs_ma5|copper_vs_ma20|a500_vs_ma20|us10y_vs_ma20|RSI14_lag1|DIFF_lag1|DEA_lag1|cn10y_vs_ma20|brent_vs_ma20|dollar_vs_ma20|brent_vs_ma5|a500_vs_ma5
2018,2018-06-06,2018-06-05,385735,2018-06-05,2,base_prediction|gold_daily|gold_vs_ma5|gold_vs_ma20|copper_daily|copper_vs_ma5|copper_vs_ma20|a500_vs_ma20|us10y_vs_ma20|RSI14_lag1|DIFF_lag1|DEA_lag1|cn10y_vs_ma20|brent_vs_ma20|dollar_vs_ma20|brent_vs_ma5|a500_vs_ma5
2018,2018-06-08,2018-06-07,385735,2018-06-07,5,base_prediction|gold_daily|gold_vs_ma5|gold_vs_ma20|copper_daily|copper_vs_ma5|copper_vs_ma20|a500_vs_ma20|us10y_vs_ma20|RSI14_lag1|DIFF_lag1|DEA_lag1|cn10y_vs_ma20|brent_vs_ma20|dollar_vs_ma20|brent_vs_ma5|a500_vs_ma5
2018,2018-06-15,2018-06-14,385735,2018-06-14,1,base_prediction|gold_daily|gold_vs_ma5|gold_vs_ma20|copper_daily|copper_vs_ma5|copper_vs_ma20|a500_vs_ma20|us10y_vs_ma20|RSI14_lag1|DIFF_lag1|DEA_lag1|cn10y_vs_ma20|brent_vs_ma20|dollar_vs_ma20|brent_vs_ma5|a500_vs_ma5
2018,2018-06-18,2018-06-15,385735,2018-06-15,1,base_prediction|gold_daily|gold_vs_ma5|gold_vs_ma20|copper_daily|copper_vs_ma5|copper_vs_ma20|a500_vs_ma20|us10y_vs_ma20|RSI14_lag1|DIFF_lag1|DEA_lag1|cn10y_vs_ma20|brent_vs_ma20|dollar_vs_ma20|brent_vs_ma5|a500_vs_ma5
2018,2018-06-19,2018-06-18,385735,2018-06-18,1,base_prediction|gold_daily|gold_vs_ma5|gold_vs_ma20|copper_daily|copper_vs_ma5|copper_vs_ma20|a500_vs_ma20|us10y_vs_ma20|RSI14_lag1|DIFF_lag1|DEA_lag1|cn10y_vs_ma20|brent_vs_ma20|dollar_vs_ma20|brent_vs_ma5|a500_vs_ma5
2018,2018-06-20,2018-06-19,385735,2018-06-19,1,base_prediction|gold_daily|gold_vs_ma5|gold_vs_ma20|copper_daily|copper_vs_ma5|copper_vs_ma20|a500_vs_ma20|us10y_vs_ma20|RSI14_lag1|DIFF_lag1|DEA_lag1|cn10y_vs_ma20|brent_vs_ma20|dollar_vs_ma20|brent_vs_ma5|a500_vs_ma5
2018,2018-06-21,2018-06-20,385735,2018-06-20,1,base_prediction|gold_daily|gold_vs_ma5|gold_vs_ma20|copper_daily|copper_vs_ma5|copper_vs_ma20|a500_vs_ma20|us10y_vs_ma20|RSI14_lag1|DIFF_lag1|DEA_lag1|cn10y_vs_ma20|brent_vs_ma20|dollar_vs_ma20|brent_vs_ma5|a500_vs_ma5
2018,2018-06-22,2018-06-21,385735,2018-06-21,1,base_prediction|gold_daily|gold_vs_ma5|gold_vs_ma20|copper_daily|copper_vs_ma5|copper_vs_ma20|a500_vs_ma20|us10y_vs_ma20|RSI14_lag1|DIFF_lag1|DEA_lag1|cn10y_vs_ma20|brent_vs_ma20|dollar_vs_ma20|brent_vs_ma5|a500_vs_ma5
2018,2018-06-25,2018-06-22,385735,2018-06-22,1,base_prediction|gold_daily|gold_vs_ma5|gold_vs_ma20|copper_daily|copper_vs_ma5|copper_vs_ma20|a500_vs_ma20|us10y_vs_ma20|RSI14_lag1|DIFF_lag1|DEA_lag1|cn10y_vs_ma20|brent_vs_ma20|dollar_vs_ma20|brent_vs_ma5|a500_vs_ma5
2018,2018-06-26,2018-06-25,385735,2018-06-25,2,base_prediction|gold_daily|gold_vs_ma5|gold_vs_ma20|copper_daily|copper_vs_ma5|copper_vs_ma20|a500_vs_ma20|us10y_vs_ma20|RSI14_lag1|DIFF_lag1|DEA_lag1|cn10y_vs_ma20|brent_vs_ma20|dollar_vs_ma20|brent_vs_ma5|a500_vs_ma5
2018,2018-06-28,2018-06-27,385735,2018-06-27,2,base_prediction|gold_daily|gold_vs_ma5|gold_vs_ma20|copper_daily|copper_vs_ma5|copper_vs_ma20|a500_vs_ma20|us10y_vs_ma20|RSI14_lag1|DIFF_lag1|DEA_lag1|cn10y_vs_ma20|brent_vs_ma20|dollar_vs_ma20|brent_vs_ma5|a500_vs_ma5
2018,2018-07-02,2018-06-29,385735,2018-06-29,1,base_prediction|gold_daily|gold_vs_ma5|gold_vs_ma20|copper_daily|copper_vs_ma5|copper_vs_ma20|a500_vs_ma20|us10y_vs_ma20|RSI14_lag1|DIFF_lag1|DEA_lag1|cn10y_vs_ma20|brent_vs_ma20|dollar_vs_ma20|brent_vs_ma5|a500_vs_ma5
2018,2018-07-03,2018-07-02,385735,2018-07-02,1,base_prediction|gold_daily|gold_vs_ma5|gold_vs_ma20|copper_daily|copper_vs_ma5|copper_vs_ma20|a500_vs_ma20|us10y_vs_ma20|RSI14_lag1|DIFF_lag1|DEA_lag1|cn10y_vs_ma20|brent_vs_ma20|dollar_vs_ma20|brent_vs_ma5|a500_vs_ma5
2018,2018-07-04,2018-07-03,385735,2018-07-03,1,base_prediction|gold_daily|gold_vs_ma5|gold_vs_ma20|copper_daily|copper_vs_ma5|copper_vs_ma20|a500_vs_ma20|us10y_vs_ma20|RSI14_lag1|DIFF_lag1|DEA_lag1|cn10y_vs_ma20|brent_vs_ma20|dollar_vs_ma20|brent_vs_ma5|a500_vs_ma5
2018,2018-07-05,2018-07-04,565766,2018-07-04,1,base_prediction|gold_daily|gold_vs_ma5|gold_vs_ma20|copper_daily|copper_vs_ma5|copper_vs_ma20|a500_vs_ma20|us10y_vs_ma20|RSI14_lag1|DIFF_lag1|DEA_lag1|cn10y_vs_ma20|brent_vs_ma20|dollar_vs_ma20|brent_vs_ma5|a500_vs_ma5
2018,2018-07-06,2018-07-05,565766,2018-07-05,2,base_prediction|gold_daily|gold_vs_ma5|gold_vs_ma20|copper_daily|copper_vs_ma5|copper_vs_ma20|a500_vs_ma20|us10y_vs_ma20|RSI14_lag1|DIFF_lag1|DEA_lag1|cn10y_vs_ma20|brent_vs_ma20|dollar_vs_ma20|brent_vs_ma5|a500_vs_ma5
2018,2018-07-10,2018-07-09,565766,2018-07-09,3,base_prediction|gold_daily|gold_vs_ma5|gold_vs_ma20|copper_daily|copper_vs_ma5|copper_vs_ma20|a500_vs_ma20|us10y_vs_ma20|RSI14_lag1|DIFF_lag1|DEA_lag1|cn10y_vs_ma20|brent_vs_ma20|dollar_vs_ma20|brent_vs_ma5|a500_vs_ma5
2018,2018-07-13,2018-07-12,565766,2018-07-12,1,base_prediction|gold_daily|gold_vs_ma5|gold_vs_ma20|copper_daily|copper_vs_ma5|copper_vs_ma20|a500_vs_ma20|us10y_vs_ma20|RSI14_lag1|DIFF_lag1|DEA_lag1|cn10y_vs_ma20|brent_vs_ma20|dollar_vs_ma20|brent_vs_ma5|a500_vs_ma5
2018,2018-07-16,2018-07-13,565766,2018-07-13,1,base_prediction|gold_daily|gold_vs_ma5|gold_vs_ma20|copper_daily|copper_vs_ma5|copper_vs_ma20|a500_vs_ma20|us10y_vs_ma20|RSI14_lag1|DIFF_lag1|DEA_lag1|cn10y_vs_ma20|brent_vs_ma20|dollar_vs_ma20|brent_vs_ma5|a500_vs_ma5
2018,2018-07-17,2018-07-16,565766,2018-07-16,3,base_prediction|gold_daily|gold_vs_ma5|gold_vs_ma20|copper_daily|copper_vs_ma5|copper_vs_ma20|a500_vs_ma20|us10y_vs_ma20|RSI14_lag1|DIFF_lag1|DEA_lag1|cn10y_vs_ma20|brent_vs_ma20|dollar_vs_ma20|brent_vs_ma5|a500_vs_ma5
2018,2018-07-20,2018-07-19,565766,2018-07-19,3,base_prediction|gold_daily|gold_vs_ma5|gold_vs_ma20|copper_daily|copper_vs_ma5|copper_vs_ma20|a500_vs_ma20|us10y_vs_ma20|RSI14_lag1|DIFF_lag1|DEA_lag1|cn10y_vs_ma20|brent_vs_ma20|dollar_vs_ma20|brent_vs_ma5|a500_vs_ma5
2018,2018-07-25,2018-07-24,385735,2018-07-24,9,base_prediction|gold_daily|gold_vs_ma5|gold_vs_ma20|copper_daily|copper_vs_ma5|copper_vs_ma20|a500_vs_ma20|us10y_vs_ma20|RSI14_lag1|DIFF_lag1|DEA_lag1|cn10y_vs_ma20|brent_vs_ma20|dollar_vs_ma20|brent_vs_ma5|a500_vs_ma5
2018,2018-08-07,2018-08-06,385735,2018-08-06,1,base_prediction|gold_daily|gold_vs_ma5|gold_vs_ma20|copper_daily|copper_vs_ma5|copper_vs_ma20|a500_vs_ma20|us10y_vs_ma20|RSI14_lag1|DIFF_lag1|DEA_lag1|cn10y_vs_ma20|brent_vs_ma20|dollar_vs_ma20|brent_vs_ma5|a500_vs_ma5
2018,2018-08-08,2018-08-07,385735,2018-08-07,3,base_prediction|gold_daily|gold_vs_ma5|gold_vs_ma20|copper_daily|copper_vs_ma5|copper_vs_ma20|a500_vs_ma20|us10y_vs_ma20|RSI14_lag1|DIFF_lag1|DEA_lag1|cn10y_vs_ma20|brent_vs_ma20|dollar_vs_ma20|brent_vs_ma5|a500_vs_ma5
2018,2018-08-13,2018-08-10,374583,2018-08-10,3,base_prediction|gold_daily|gold_vs_ma5|gold_vs_ma20|copper_daily|copper_vs_ma5|copper_vs_ma20|a500_vs_ma20|us10y_vs_ma20|RSI14_lag1|DIFF_lag1|DEA_lag1|cn10y_vs_ma20|brent_vs_ma20|dollar_vs_ma20|brent_vs_ma5|a500_vs_ma5
2018,2018-08-16,2018-08-15,374583,2018-08-15,1,base_prediction|gold_daily|gold_vs_ma5|gold_vs_ma20|copper_daily|copper_vs_ma5|copper_vs_ma20|a500_vs_ma20|us10y_vs_ma20|RSI14_lag1|DIFF_lag1|DEA_lag1|cn10y_vs_ma20|brent_vs_ma20|dollar_vs_ma20|brent_vs_ma5|a500_vs_ma5
2018,2018-08-17,2018-08-16,374583,2018-08-16,1,base_prediction|gold_daily|gold_vs_ma5|gold_vs_ma20|copper_daily|copper_vs_ma5|copper_vs_ma20|a500_vs_ma20|us10y_vs_ma20|RSI14_lag1|DIFF_lag1|DEA_lag1|cn10y_vs_ma20|brent_vs_ma20|dollar_vs_ma20|brent_vs_ma5|a500_vs_ma5
2018,2018-08-20,2018-08-17,374583,2018-08-17,1,base_prediction|gold_daily|gold_vs_ma5|gold_vs_ma20|copper_daily|copper_vs_ma5|copper_vs_ma20|a500_vs_ma20|us10y_vs_ma20|RSI14_lag1|DIFF_lag1|DEA_lag1|cn10y_vs_ma20|brent_vs_ma20|dollar_vs_ma20|brent_vs_ma5|a500_vs_ma5
2018,2018-08-21,2018-08-20,374583,2018-08-20,6,base_prediction|gold_daily|gold_vs_ma5|gold_vs_ma20|copper_daily|copper_vs_ma5|copper_vs_ma20|a500_vs_ma20|us10y_vs_ma20|RSI14_lag1|DIFF_lag1|DEA_lag1|cn10y_vs_ma20|brent_vs_ma20|dollar_vs_ma20|brent_vs_ma5|a500_vs_ma5
2018,2018-08-29,2018-08-28,374583,2018-08-28,1,base_prediction|gold_daily|gold_vs_ma5|gold_vs_ma20|copper_daily|copper_vs_ma5|copper_vs_ma20|a500_vs_ma20|us10y_vs_ma20|RSI14_lag1|DIFF_lag1|DEA_lag1|cn10y_vs_ma20|brent_vs_ma20|dollar_vs_ma20|brent_vs_ma5|a500_vs_ma5
2018,2018-08-30,2018-08-29,374583,2018-08-29,1,base_prediction|gold_daily|gold_vs_ma5|gold_vs_ma20|copper_daily|copper_vs_ma5|copper_vs_ma20|a500_vs_ma20|us10y_vs_ma20|RSI14_lag1|DIFF_lag1|DEA_lag1|cn10y_vs_ma20|brent_vs_ma20|dollar_vs_ma20|brent_vs_ma5|a500_vs_ma5
2018,2018-08-31,2018-08-30,374583,2018-08-30,2,base_prediction|gold_daily|gold_vs_ma5|gold_vs_ma20|copper_daily|copper_vs_ma5|copper_vs_ma20|a500_vs_ma20|us10y_vs_ma20|RSI14_lag1|DIFF_lag1|DEA_lag1|cn10y_vs_ma20|brent_vs_ma20|dollar_vs_ma20|brent_vs_ma5|a500_vs_ma5
2018,2018-09-04,2018-09-03,550343,2018-09-03,2,base_prediction|gold_daily|gold_vs_ma5|gold_vs_ma20|copper_daily|copper_vs_ma5|copper_vs_ma20|a500_vs_ma20|us10y_vs_ma20|RSI14_lag1|DIFF_lag1|DEA_lag1|cn10y_vs_ma20|brent_vs_ma20|dollar_vs_ma20|brent_vs_ma5|a500_vs_ma5
2018,2018-09-06,2018-09-05,965409,2018-09-05,1,base_prediction|gold_daily|gold_vs_ma5|gold_vs_ma20|copper_daily|copper_vs_ma5|copper_vs_ma20|a500_vs_ma20|us10y_vs_ma20|RSI14_lag1|DIFF_lag1|DEA_lag1|cn10y_vs_ma20|brent_vs_ma20|dollar_vs_ma20|brent_vs_ma5|a500_vs_ma5
2018,2018-09-07,2018-09-06,785634,2018-09-06,3,base_prediction|gold_daily|gold_vs_ma5|gold_vs_ma20|copper_daily|copper_vs_ma5|copper_vs_ma20|a500_vs_ma20|us10y_vs_ma20|RSI14_lag1|DIFF_lag1|DEA_lag1|cn10y_vs_ma20|brent_vs_ma20|dollar_vs_ma20|brent_vs_ma5|a500_vs_ma5
2018,2018-09-12,2018-09-11,965409,2018-09-11,2,base_prediction|gold_daily|gold_vs_ma5|gold_vs_ma20|copper_daily|copper_vs_ma5|copper_vs_ma20|a500_vs_ma20|us10y_vs_ma20|RSI14_lag1|DIFF_lag1|DEA_lag1|cn10y_vs_ma20|brent_vs_ma20|dollar_vs_ma20|brent_vs_ma5|a500_vs_ma5
2018,2018-09-14,2018-09-13,785634,2018-09-13,4,base_prediction|gold_daily|gold_vs_ma5|gold_vs_ma20|copper_daily|copper_vs_ma5|copper_vs_ma20|a500_vs_ma20|us10y_vs_ma20|RSI14_lag1|DIFF_lag1|DEA_lag1|cn10y_vs_ma20|brent_vs_ma20|dollar_vs_ma20|brent_vs_ma5|a500_vs_ma5
2018,2018-09-20,2018-09-19,550343,2018-09-19,1,base_prediction|gold_daily|gold_vs_ma5|gold_vs_ma20|copper_daily|copper_vs_ma5|copper_vs_ma20|a500_vs_ma20|us10y_vs_ma20|RSI14_lag1|DIFF_lag1|DEA_lag1|cn10y_vs_ma20|brent_vs_ma20|dollar_vs_ma20|brent_vs_ma5|a500_vs_ma5
2018,2018-09-21,2018-09-20,550343,2018-09-20,1,base_prediction|gold_daily|gold_vs_ma5|gold_vs_ma20|copper_daily|copper_vs_ma5|copper_vs_ma20|a500_vs_ma20|us10y_vs_ma20|RSI14_lag1|DIFF_lag1|DEA_lag1|cn10y_vs_ma20|brent_vs_ma20|dollar_vs_ma20|brent_vs_ma5|a500_vs_ma5
2018,2018-09-24,2018-09-21,785634,2018-09-21,1,base_prediction|gold_daily|gold_vs_ma5|gold_vs_ma20|copper_daily|copper_vs_ma5|copper_vs_ma20|a500_vs_ma20|us10y_vs_ma20|RSI14_lag1|DIFF_lag1|DEA_lag1|cn10y_vs_ma20|brent_vs_ma20|dollar_vs_ma20|brent_vs_ma5|a500_vs_ma5
2018,2018-09-25,2018-09-24,785634,2018-09-24,3,base_prediction|gold_daily|gold_vs_ma5|gold_vs_ma20|copper_daily|copper_vs_ma5|copper_vs_ma20|a500_vs_ma20|us10y_vs_ma20|RSI14_lag1|DIFF_lag1|DEA_lag1|cn10y_vs_ma20|brent_vs_ma20|dollar_vs_ma20|brent_vs_ma5|a500_vs_ma5
2018,2018-09-28,2018-09-27,741131,2018-09-27,1,base_prediction|gold_daily|gold_vs_ma5|gold_vs_ma20|copper_daily|copper_vs_ma5|copper_vs_ma20|a500_vs_ma20|us10y_vs_ma20|RSI14_lag1|DIFF_lag1|DEA_lag1|cn10y_vs_ma20|brent_vs_ma20|dollar_vs_ma20|brent_vs_ma5|a500_vs_ma5
2018,2018-09-29,2018-09-28,785634,2018-09-28,1,base_prediction|gold_daily|gold_vs_ma5|gold_vs_ma20|copper_daily|copper_vs_ma5|copper_vs_ma20|a500_vs_ma20|us10y_vs_ma20|RSI14_lag1|DIFF_lag1|DEA_lag1|cn10y_vs_ma20|brent_vs_ma20|dollar_vs_ma20|brent_vs_ma5|a500_vs_ma5
2018,2018-09-30,2018-09-29,785634,2018-09-29,4,base_prediction|gold_daily|gold_vs_ma5|gold_vs_ma20|copper_daily|copper_vs_ma5|copper_vs_ma20|a500_vs_ma20|us10y_vs_ma20|RSI14_lag1|DIFF_lag1|DEA_lag1|cn10y_vs_ma20|brent_vs_ma20|dollar_vs_ma20|brent_vs_ma5|a500_vs_ma5
2018,2018-10-04,2018-10-03,741131,2018-10-03,1,base_prediction|gold_daily|gold_vs_ma5|gold_vs_ma20|copper_daily|copper_vs_ma5|copper_vs_ma20|a500_vs_ma20|us10y_vs_ma20|RSI14_lag1|DIFF_lag1|DEA_lag1|cn10y_vs_ma20|brent_vs_ma20|dollar_vs_ma20|brent_vs_ma5|a500_vs_ma5
2018,2018-10-05,2018-10-04,741131,2018-10-04,1,base_prediction|gold_daily|gold_vs_ma5|gold_vs_ma20|copper_daily|copper_vs_ma5|copper_vs_ma20|a500_vs_ma20|us10y_vs_ma20|RSI14_lag1|DIFF_lag1|DEA_lag1|cn10y_vs_ma20|brent_vs_ma20|dollar_vs_ma20|brent_vs_ma5|a500_vs_ma5
2018,2018-10-08,2018-10-05,550343,2018-10-05,1,base_prediction|gold_daily|gold_vs_ma5|gold_vs_ma20|copper_daily|copper_vs_ma5|copper_vs_ma20|a500_vs_ma20|us10y_vs_ma20|RSI14_lag1|DIFF_lag1|DEA_lag1|cn10y_vs_ma20|brent_vs_ma20|dollar_vs_ma20|brent_vs_ma5|a500_vs_ma5
2018,2018-10-09,2018-10-08,550343,2018-10-08,3,base_prediction|gold_daily|gold_vs_ma5|gold_vs_ma20|copper_daily|copper_vs_ma5|copper_vs_ma20|a500_vs_ma20|us10y_vs_ma20|RSI14_lag1|DIFF_lag1|DEA_lag1|cn10y_vs_ma20|brent_vs_ma20|dollar_vs_ma20|brent_vs_ma5|a500_vs_ma5
2018,2018-10-12,2018-10-11,550343,2018-10-11,1,base_prediction|gold_daily|gold_vs_ma5|gold_vs_ma20|copper_daily|copper_vs_ma5|copper_vs_ma20|a500_vs_ma20|us10y_vs_ma20|RSI14_lag1|DIFF_lag1|DEA_lag1|cn10y_vs_ma20|brent_vs_ma20|dollar_vs_ma20|brent_vs_ma5|a500_vs_ma5
2018,2018-10-15,2018-10-12,550343,2018-10-12,1,base_prediction|gold_daily|gold_vs_ma5|gold_vs_ma20|copper_daily|copper_vs_ma5|copper_vs_ma20|a500_vs_ma20|us10y_vs_ma20|RSI14_lag1|DIFF_lag1|DEA_lag1|cn10y_vs_ma20|brent_vs_ma20|dollar_vs_ma20|brent_vs_ma5|a500_vs_ma5
2018,2018-10-16,2018-10-15,550343,2018-10-15,4,base_prediction|gold_daily|gold_vs_ma5|gold_vs_ma20|copper_daily|copper_vs_ma5|copper_vs_ma20|a500_vs_ma20|us10y_vs_ma20|RSI14_lag1|DIFF_lag1|DEA_lag1|cn10y_vs_ma20|brent_vs_ma20|dollar_vs_ma20|brent_vs_ma5|a500_vs_ma5
2018,2018-10-22,2018-10-19,550343,2018-10-19,2,base_prediction|gold_daily|gold_vs_ma5|gold_vs_ma20|copper_daily|copper_vs_ma5|copper_vs_ma20|a500_vs_ma20|us10y_vs_ma20|RSI14_lag1|DIFF_lag1|DEA_lag1|cn10y_vs_ma20|brent_vs_ma20|dollar_vs_ma20|brent_vs_ma5|a500_vs_ma5
2018,2018-10-24,2018-10-23,741131,2018-10-23,2,base_prediction|gold_daily|gold_vs_ma5|gold_vs_ma20|copper_daily|copper_vs_ma5|copper_vs_ma20|a500_vs_ma20|us10y_vs_ma20|RSI14_lag1|DIFF_lag1|DEA_lag1|cn10y_vs_ma20|brent_vs_ma20|dollar_vs_ma20|brent_vs_ma5|a500_vs_ma5
2018,2018-10-26,2018-10-25,741131,2018-10-25,1,base_prediction|gold_daily|gold_vs_ma5|gold_vs_ma20|copper_daily|copper_vs_ma5|copper_vs_ma20|a500_vs_ma20|us10y_vs_ma20|RSI14_lag1|DIFF_lag1|DEA_lag1|cn10y_vs_ma20|brent_vs_ma20|dollar_vs_ma20|brent_vs_ma5|a500_vs_ma5
2018,2018-10-29,2018-10-26,741131,2018-10-26,2,base_prediction|gold_daily|gold_vs_ma5|gold_vs_ma20|copper_daily|copper_vs_ma5|copper_vs_ma20|a500_vs_ma20|us10y_vs_ma20|RSI14_lag1|DIFF_lag1|DEA_lag1|cn10y_vs_ma20|brent_vs_ma20|dollar_vs_ma20|brent_vs_ma5|a500_vs_ma5
2018,2018-10-31,2018-10-30,741131,2018-10-30,2,base_prediction|gold_daily|gold_vs_ma5|gold_vs_ma20|copper_daily|copper_vs_ma5|copper_vs_ma20|a500_vs_ma20|us10y_vs_ma20|RSI14_lag1|DIFF_lag1|DEA_lag1|cn10y_vs_ma20|brent_vs_ma20|dollar_vs_ma20|brent_vs_ma5|a500_vs_ma5
2018,2018-11-02,2018-11-01,741131,2018-11-01,1,base_prediction|gold_daily|gold_vs_ma5|gold_vs_ma20|copper_daily|copper_vs_ma5|copper_vs_ma20|a500_vs_ma20|us10y_vs_ma20|RSI14_lag1|DIFF_lag1|DEA_lag1|cn10y_vs_ma20|brent_vs_ma20|dollar_vs_ma20|brent_vs_ma5|a500_vs_ma5
2018,2018-11-05,2018-11-02,741131,2018-11-02,6,base_prediction|gold_daily|gold_vs_ma5|gold_vs_ma20|copper_daily|copper_vs_ma5|copper_vs_ma20|a500_vs_ma20|us10y_vs_ma20|RSI14_lag1|DIFF_lag1|DEA_lag1|cn10y_vs_ma20|brent_vs_ma20|dollar_vs_ma20|brent_vs_ma5|a500_vs_ma5
2018,2018-11-13,2018-11-12,550343,2018-11-12,1,base_prediction|gold_daily|gold_vs_ma5|gold_vs_ma20|copper_daily|copper_vs_ma5|copper_vs_ma20|a500_vs_ma20|us10y_vs_ma20|RSI14_lag1|DIFF_lag1|DEA_lag1|cn10y_vs_ma20|brent_vs_ma20|dollar_vs_ma20|brent_vs_ma5|a500_vs_ma5
2018,2018-11-14,2018-11-13,550343,2018-11-13,2,base_prediction|gold_daily|gold_vs_ma5|gold_vs_ma20|copper_daily|copper_vs_ma5|copper_vs_ma20|a500_vs_ma20|us10y_vs_ma20|RSI14_lag1|DIFF_lag1|DEA_lag1|cn10y_vs_ma20|brent_vs_ma20|dollar_vs_ma20|brent_vs_ma5|a500_vs_ma5
2018,2018-11-16,2018-11-15,550343,2018-11-15,1,base_prediction|gold_daily|gold_vs_ma5|gold_vs_ma20|copper_daily|copper_vs_ma5|copper_vs_ma20|a500_vs_ma20|us10y_vs_ma20|RSI14_lag1|DIFF_lag1|DEA_lag1|cn10y_vs_ma20|brent_vs_ma20|dollar_vs_ma20|brent_vs_ma5|a500_vs_ma5
2018,2018-11-19,2018-11-16,550343,2018-11-16,1,base_prediction|gold_daily|gold_vs_ma5|gold_vs_ma20|copper_daily|copper_vs_ma5|copper_vs_ma20|a500_vs_ma20|us10y_vs_ma20|RSI14_lag1|DIFF_lag1|DEA_lag1|cn10y_vs_ma20|brent_vs_ma20|dollar_vs_ma20|brent_vs_ma5|a500_vs_ma5
2018,2018-11-20,2018-11-19,550343,2018-11-19,1,base_prediction|gold_daily|gold_vs_ma5|gold_vs_ma20|copper_daily|copper_vs_ma5|copper_vs_ma20|a500_vs_ma20|us10y_vs_ma20|RSI14_lag1|DIFF_lag1|DEA_lag1|cn10y_vs_ma20|brent_vs_ma20|dollar_vs_ma20|brent_vs_ma5|a500_vs_ma5
2018,2018-11-21,2018-11-20,550343,2018-11-20,3,base_prediction|gold_daily|gold_vs_ma5|gold_vs_ma20|copper_daily|copper_vs_ma5|copper_vs_ma20|a500_vs_ma20|us10y_vs_ma20|RSI14_lag1|DIFF_lag1|DEA_lag1|cn10y_vs_ma20|brent_vs_ma20|dollar_vs_ma20|brent_vs_ma5|a500_vs_ma5
2018,2018-11-26,2018-11-23,385735,2018-11-23,1,base_prediction|gold_daily|gold_vs_ma5|gold_vs_ma20|copper_daily|copper_vs_ma5|copper_vs_ma20|a500_vs_ma20|us10y_vs_ma20|RSI14_lag1|DIFF_lag1|DEA_lag1|cn10y_vs_ma20|brent_vs_ma20|dollar_vs_ma20|brent_vs_ma5|a500_vs_ma5
2018,2018-11-27,2018-11-26,385735,2018-11-26,4,base_prediction|gold_daily|gold_vs_ma5|gold_vs_ma20|copper_daily|copper_vs_ma5|copper_vs_ma20|a500_vs_ma20|us10y_vs_ma20|RSI14_lag1|DIFF_lag1|DEA_lag1|cn10y_vs_ma20|brent_vs_ma20|dollar_vs_ma20|brent_vs_ma5|a500_vs_ma5
2018,2018-12-03,2018-11-30,385735,2018-11-30,2,base_prediction|gold_daily|gold_vs_ma5|gold_vs_ma20|copper_daily|copper_vs_ma5|copper_vs_ma20|a500_vs_ma20|us10y_vs_ma20|RSI14_lag1|DIFF_lag1|DEA_lag1|cn10y_vs_ma20|brent_vs_ma20|dollar_vs_ma20|brent_vs_ma5|a500_vs_ma5
2018,2018-12-05,2018-12-04,374583,2018-12-04,1,base_prediction|gold_daily|gold_vs_ma5|gold_vs_ma20|copper_daily|copper_vs_ma5|copper_vs_ma20|a500_vs_ma20|us10y_vs_ma20|RSI14_lag1|DIFF_lag1|DEA_lag1|cn10y_vs_ma20|brent_vs_ma20|dollar_vs_ma20|brent_vs_ma5|a500_vs_ma5
2018,2018-12-06,2018-12-05,374583,2018-12-05,1,base_prediction|gold_daily|gold_vs_ma5|gold_vs_ma20|copper_daily|copper_vs_ma5|copper_vs_ma20|a500_vs_ma20|us10y_vs_ma20|RSI14_lag1|DIFF_lag1|DEA_lag1|cn10y_vs_ma20|brent_vs_ma20|dollar_vs_ma20|brent_vs_ma5|a500_vs_ma5
2018,2018-12-07,2018-12-06,374583,2018-12-06,1,base_prediction|gold_daily|gold_vs_ma5|gold_vs_ma20|copper_daily|copper_vs_ma5|copper_vs_ma20|a500_vs_ma20|us10y_vs_ma20|RSI14_lag1|DIFF_lag1|DEA_lag1|cn10y_vs_ma20|brent_vs_ma20|dollar_vs_ma20|brent_vs_ma5|a500_vs_ma5
2018,2018-12-10,2018-12-07,374583,2018-12-07,2,base_prediction|gold_daily|gold_vs_ma5|gold_vs_ma20|copper_daily|copper_vs_ma5|copper_vs_ma20|a500_vs_ma20|us10y_vs_ma20|RSI14_lag1|DIFF_lag1|DEA_lag1|cn10y_vs_ma20|brent_vs_ma20|dollar_vs_ma20|brent_vs_ma5|a500_vs_ma5
2018,2018-12-12,2018-12-11,374583,2018-12-11,5,base_prediction|gold_daily|gold_vs_ma5|gold_vs_ma20|copper_daily|copper_vs_ma5|copper_vs_ma20|a500_vs_ma20|us10y_vs_ma20|RSI14_lag1|DIFF_lag1|DEA_lag1|cn10y_vs_ma20|brent_vs_ma20|dollar_vs_ma20|brent_vs_ma5|a500_vs_ma5
2018,2018-12-19,2018-12-18,374583,2018-12-18,1,base_prediction|gold_daily|gold_vs_ma5|gold_vs_ma20|copper_daily|copper_vs_ma5|copper_vs_ma20|a500_vs_ma20|us10y_vs_ma20|RSI14_lag1|DIFF_lag1|DEA_lag1|cn10y_vs_ma20|brent_vs_ma20|dollar_vs_ma20|brent_vs_ma5|a500_vs_ma5
2018,2018-12-20,2018-12-19,374583,2018-12-19,1,base_prediction|gold_daily|gold_vs_ma5|gold_vs_ma20|copper_daily|copper_vs_ma5|copper_vs_ma20|a500_vs_ma20|us10y_vs_ma20|RSI14_lag1|DIFF_lag1|DEA_lag1|cn10y_vs_ma20|brent_vs_ma20|dollar_vs_ma20|brent_vs_ma5|a500_vs_ma5
2018,2018-12-21,2018-12-20,374583,2018-12-20,1,base_prediction|gold_daily|gold_vs_ma5|gold_vs_ma20|copper_daily|copper_vs_ma5|copper_vs_ma20|a500_vs_ma20|us10y_vs_ma20|RSI14_lag1|DIFF_lag1|DEA_lag1|cn10y_vs_ma20|brent_vs_ma20|dollar_vs_ma20|brent_vs_ma5|a500_vs_ma5
2018,2018-12-24,2018-12-21,374583,2018-12-21,1,base_prediction|gold_daily|gold_vs_ma5|gold_vs_ma20|copper_daily|copper_vs_ma5|copper_vs_ma20|a500_vs_ma20|us10y_vs_ma20|RSI14_lag1|DIFF_lag1|DEA_lag1|cn10y_vs_ma20|brent_vs_ma20|dollar_vs_ma20|brent_vs_ma5|a500_vs_ma5
2018,2018-12-25,2018-12-24,374583,2018-12-24,1,base_prediction|gold_daily|gold_vs_ma5|gold_vs_ma20|copper_daily|copper_vs_ma5|copper_vs_ma20|a500_vs_ma20|us10y_vs_ma20|RSI14_lag1|DIFF_lag1|DEA_lag1|cn10y_vs_ma20|brent_vs_ma20|dollar_vs_ma20|brent_vs_ma5|a500_vs_ma5
2018,2018-12-26,2018-12-25,374583,2018-12-25,1,base_prediction|gold_daily|gold_vs_ma5|gold_vs_ma20|copper_daily|copper_vs_ma5|copper_vs_ma20|a500_vs_ma20|us10y_vs_ma20|RSI14_lag1|DIFF_lag1|DEA_lag1|cn10y_vs_ma20|brent_vs_ma20|dollar_vs_ma20|brent_vs_ma5|a500_vs_ma5
2018,2018-12-27,2018-12-26,374583,2018-12-26,2,base_prediction|gold_daily|gold_vs_ma5|gold_vs_ma20|copper_daily|copper_vs_ma5|copper_vs_ma20|a500_vs_ma20|us10y_vs_ma20|RSI14_lag1|DIFF_lag1|DEA_lag1|cn10y_vs_ma20|brent_vs_ma20|dollar_vs_ma20|brent_vs_ma5|a500_vs_ma5
2018,2018-12-29,2018-12-28,374583,2018-12-28,1,base_prediction|gold_daily|gold_vs_ma5|gold_vs_ma20|copper_daily|copper_vs_ma5|copper_vs_ma20|a500_vs_ma20|us10y_vs_ma20|RSI14_lag1|DIFF_lag1|DEA_lag1|cn10y_vs_ma20|brent_vs_ma20|dollar_vs_ma20|brent_vs_ma5|a500_vs_ma5
2018,2018-12-30,2018-12-29,374583,2018-12-29,1,base_prediction|gold_daily|gold_vs_ma5|gold_vs_ma20|copper_daily|copper_vs_ma5|copper_vs_ma20|a500_vs_ma20|us10y_vs_ma20|RSI14_lag1|DIFF_lag1|DEA_lag1|cn10y_vs_ma20|brent_vs_ma20|dollar_vs_ma20|brent_vs_ma5|a500_vs_ma5
2018,2018-12-31,2018-12-30,374583,2018-12-30,1,base_prediction|gold_daily|gold_vs_ma5|gold_vs_ma20|copper_daily|copper_vs_ma5|copper_vs_ma20|a500_vs_ma20|us10y_vs_ma20|RSI14_lag1|DIFF_lag1|DEA_lag1|cn10y_vs_ma20|brent_vs_ma20|dollar_vs_ma20|brent_vs_ma5|a500_vs_ma5
2019,2019-01-01,,374583,2018-12-31,1,base_prediction|gold_daily|gold_vs_ma5|gold_vs_ma20|copper_daily|copper_vs_ma5|copper_vs_ma20|a500_vs_ma20|us10y_vs_ma20|RSI14_lag1|DIFF_lag1|DEA_lag1|cn10y_vs_ma20|brent_vs_ma20|dollar_vs_ma20|brent_vs_ma5|a500_vs_ma5
2019,2019-01-02,2019-01-01,374583,2019-01-01,2,base_prediction|gold_daily|gold_vs_ma5|gold_vs_ma20|copper_daily|copper_vs_ma5|copper_vs_ma20|a500_vs_ma20|us10y_vs_ma20|RSI14_lag1|DIFF_lag1|DEA_lag1|cn10y_vs_ma20|brent_vs_ma20|dollar_vs_ma20|brent_vs_ma5|a500_vs_ma5
2019,2019-01-04,2019-01-03,374583,2019-01-03,1,base_prediction|gold_daily|gold_vs_ma5|gold_vs_ma20|copper_daily|copper_vs_ma5|copper_vs_ma20|a500_vs_ma20|us10y_vs_ma20|RSI14_lag1|DIFF_lag1|DEA_lag1|cn10y_vs_ma20|brent_vs_ma20|dollar_vs_ma20|brent_vs_ma5|a500_vs_ma5
2019,2019-01-07,2019-01-04,785634,2019-01-04,1,base_prediction|gold_daily|gold_vs_ma5|gold_vs_ma20|copper_daily|copper_vs_ma5|copper_vs_ma20|a500_vs_ma20|us10y_vs_ma20|RSI14_lag1|DIFF_lag1|DEA_lag1|cn10y_vs_ma20|brent_vs_ma20|dollar_vs_ma20|brent_vs_ma5|a500_vs_ma5
2019,2019-01-08,2019-01-07,785634,2019-01-07,2,base_prediction|gold_daily|gold_vs_ma5|gold_vs_ma20|copper_daily|copper_vs_ma5|copper_vs_ma20|a500_vs_ma20|us10y_vs_ma20|RSI14_lag1|DIFF_lag1|DEA_lag1|cn10y_vs_ma20|brent_vs_ma20|dollar_vs_ma20|brent_vs_ma5|a500_vs_ma5
2019,2019-01-10,2019-01-09,798291,2019-01-09,1,base_prediction|gold_daily|gold_vs_ma5|gold_vs_ma20|copper_daily|copper_vs_ma5|copper_vs_ma20|a500_vs_ma20|us10y_vs_ma20|RSI14_lag1|DIFF_lag1|DEA_lag1|cn10y_vs_ma20|brent_vs_ma20|dollar_vs_ma20|brent_vs_ma5|a500_vs_ma5
2019,2019-01-11,2019-01-10,785634,2019-01-10,1,base_prediction|gold_daily|gold_vs_ma5|gold_vs_ma20|copper_daily|copper_vs_ma5|copper_vs_ma20|a500_vs_ma20|us10y_vs_ma20|RSI14_lag1|DIFF_lag1|DEA_lag1|cn10y_vs_ma20|brent_vs_ma20|dollar_vs_ma20|brent_vs_ma5|a500_vs_ma5
2019,2019-01-14,2019-01-11,785634,2019-01-11,1,base_prediction|gold_daily|gold_vs_ma5|gold_vs_ma20|copper_daily|copper_vs_ma5|copper_vs_ma20|a500_vs_ma20|us10y_vs_ma20|RSI14_lag1|DIFF_lag1|DEA_lag1|cn10y_vs_ma20|brent_vs_ma20|dollar_vs_ma20|brent_vs_ma5|a500_vs_ma5
2019,2019-01-15,2019-01-14,785634,2019-01-14,2,base_prediction|gold_daily|gold_vs_ma5|gold_vs_ma20|copper_daily|copper_vs_ma5|copper_vs_ma20|a500_vs_ma20|us10y_vs_ma20|RSI14_lag1|DIFF_lag1|DEA_lag1|cn10y_vs_ma20|brent_vs_ma20|dollar_vs_ma20|brent_vs_ma5|a500_vs_ma5
2019,2019-01-17,2019-01-16,785634,2019-01-16,2,base_prediction|gold_daily|gold_vs_ma5|gold_vs_ma20|copper_daily|copper_vs_ma5|copper_vs_ma20|a500_vs_ma20|us10y_vs_ma20|RSI14_lag1|DIFF_lag1|DEA_lag1|cn10y_vs_ma20|brent_vs_ma20|dollar_vs_ma20|brent_vs_ma5|a500_vs_ma5
2019,2019-01-20,2019-01-18,785634,2019-01-18,1,base_prediction|gold_daily|gold_vs_ma5|gold_vs_ma20|copper_daily|copper_vs_ma5|copper_vs_ma20|a500_vs_ma20|us10y_vs_ma20|RSI14_lag1|DIFF_lag1|DEA_lag1|cn10y_vs_ma20|brent_vs_ma20|dollar_vs_ma20|brent_vs_ma5|a500_vs_ma5
2019,2019-01-21,2019-01-20,785634,2019-01-20,6,base_prediction|gold_daily|gold_vs_ma5|gold_vs_ma20|copper_daily|copper_vs_ma5|copper_vs_ma20|a500_vs_ma20|us10y_vs_ma20|RSI14_lag1|DIFF_lag1|DEA_lag1|cn10y_vs_ma20|brent_vs_ma20|dollar_vs_ma20|brent_vs_ma5|a500_vs_ma5
2019,2019-01-29,2019-01-28,785634,2019-01-28,2,base_prediction|gold_daily|gold_vs_ma5|gold_vs_ma20|copper_daily|copper_vs_ma5|copper_vs_ma20|a500_vs_ma20|us10y_vs_ma20|RSI14_lag1|DIFF_lag1|DEA_lag1|cn10y_vs_ma20|brent_vs_ma20|dollar_vs_ma20|brent_vs_ma5|a500_vs_ma5
2019,2019-01-31,2019-01-30,565766,2019-01-30,9,base_prediction|gold_daily|gold_vs_ma5|gold_vs_ma20|copper_daily|copper_vs_ma5|copper_vs_ma20|a500_vs_ma20|us10y_vs_ma20|RSI14_lag1|DIFF_lag1|DEA_lag1|cn10y_vs_ma20|brent_vs_ma20|dollar_vs_ma20|brent_vs_ma5|a500_vs_ma5
2019,2019-02-11,2019-02-08,640934,2019-02-08,3,base_prediction|gold_daily|gold_vs_ma5|gold_vs_ma20|copper_daily|copper_vs_ma5|copper_vs_ma20|a500_vs_ma20|us10y_vs_ma20|RSI14_lag1|DIFF_lag1|DEA_lag1|cn10y_vs_ma20|brent_vs_ma20|dollar_vs_ma20|brent_vs_ma5|a500_vs_ma5
2019,2019-02-14,2019-02-13,640934,2019-02-13,1,base_prediction|gold_daily|gold_vs_ma5|gold_vs_ma20|copper_daily|copper_vs_ma5|copper_vs_ma20|a500_vs_ma20|us10y_vs_ma20|RSI14_lag1|DIFF_lag1|DEA_lag1|cn10y_vs_ma20|brent_vs_ma20|dollar_vs_ma20|brent_vs_ma5|a500_vs_ma5
2019,2019-02-15,2019-02-14,640934,2019-02-14,1,base_prediction|gold_daily|gold_vs_ma5|gold_vs_ma20|copper_daily|copper_vs_ma5|copper_vs_ma20|a500_vs_ma20|us10y_vs_ma20|RSI14_lag1|DIFF_lag1|DEA_lag1|cn10y_vs_ma20|brent_vs_ma20|dollar_vs_ma20|brent_vs_ma5|a500_vs_ma5
2019,2019-02-17,2019-02-15,640934,2019-02-15,1,base_prediction|gold_daily|gold_vs_ma5|gold_vs_ma20|copper_daily|copper_vs_ma5|copper_vs_ma20|a500_vs_ma20|us10y_vs_ma20|RSI14_lag1|DIFF_lag1|DEA_lag1|cn10y_vs_ma20|brent_vs_ma20|dollar_vs_ma20|brent_vs_ma5|a500_vs_ma5
2019,2019-02-18,2019-02-17,640934,2019-02-17,1,base_prediction|gold_daily|gold_vs_ma5|gold_vs_ma20|copper_daily|copper_vs_ma5|copper_vs_ma20|a500_vs_ma20|us10y_vs_ma20|RSI14_lag1|DIFF_lag1|DEA_lag1|cn10y_vs_ma20|brent_vs_ma20|dollar_vs_ma20|brent_vs_ma5|a500_vs_ma5
2019,2019-02-19,2019-02-18,640934,2019-02-18,2,base_prediction|gold_daily|gold_vs_ma5|gold_vs_ma20|copper_daily|copper_vs_ma5|copper_vs_ma20|a500_vs_ma20|us10y_vs_ma20|RSI14_lag1|DIFF_lag1|DEA_lag1|cn10y_vs_ma20|brent_vs_ma20|dollar_vs_ma20|brent_vs_ma5|a500_vs_ma5
2019,2019-02-21,2019-02-20,640934,2019-02-20,1,base_prediction|gold_daily|gold_vs_ma5|gold_vs_ma20|copper_daily|copper_vs_ma5|copper_vs_ma20|a500_vs_ma20|us10y_vs_ma20|RSI14_lag1|DIFF_lag1|DEA_lag1|cn10y_vs_ma20|brent_vs_ma20|dollar_vs_ma20|brent_vs_ma5|a500_vs_ma5
2019,2019-02-22,2019-02-21,640934,2019-02-21,1,base_prediction|gold_daily|gold_vs_ma5|gold_vs_ma20|copper_daily|copper_vs_ma5|copper_vs_ma20|a500_vs_ma20|us10y_vs_ma20|RSI14_lag1|DIFF_lag1|DEA_lag1|cn10y_vs_ma20|brent_vs_ma20|dollar_vs_ma20|brent_vs_ma5|a500_vs_ma5
2019,2019-02-25,2019-02-22,640934,2019-02-22,1,base_prediction|gold_daily|gold_vs_ma5|gold_vs_ma20|copper_daily|copper_vs_ma5|copper_vs_ma20|a500_vs_ma20|us10y_vs_ma20|RSI14_lag1|DIFF_lag1|DEA_lag1|cn10y_vs_ma20|brent_vs_ma20|dollar_vs_ma20|brent_vs_ma5|a500_vs_ma5
2019,2019-02-26,2019-02-25,640934,2019-02-25,2,base_prediction|gold_daily|gold_vs_ma5|gold_vs_ma20|copper_daily|copper_vs_ma5|copper_vs_ma20|a500_vs_ma20|us10y_vs_ma20|RSI14_lag1|DIFF_lag1|DEA_lag1|cn10y_vs_ma20|brent_vs_ma20|dollar_vs_ma20|brent_vs_ma5|a500_vs_ma5
2019,2019-02-28,2019-02-27,640934,2019-02-27,2,base_prediction|gold_daily|gold_vs_ma5|gold_vs_ma20|copper_daily|copper_vs_ma5|copper_vs_ma20|a500_vs_ma20|us10y_vs_ma20|RSI14_lag1|DIFF_lag1|DEA_lag1|cn10y_vs_ma20|brent_vs_ma20|dollar_vs_ma20|brent_vs_ma5|a500_vs_ma5
2019,2019-03-04,2019-03-01,640934,2019-03-01,4,base_prediction|gold_daily|gold_vs_ma5|gold_vs_ma20|copper_daily|copper_vs_ma5|copper_vs_ma20|a500_vs_ma20|us10y_vs_ma20|RSI14_lag1|DIFF_lag1|DEA_lag1|cn10y_vs_ma20|brent_vs_ma20|dollar_vs_ma20|brent_vs_ma5|a500_vs_ma5
2019,2019-03-08,2019-03-07,640934,2019-03-07,1,base_prediction|gold_daily|gold_vs_ma5|gold_vs_ma20|copper_daily|copper_vs_ma5|copper_vs_ma20|a500_vs_ma20|us10y_vs_ma20|RSI14_lag1|DIFF_lag1|DEA_lag1|cn10y_vs_ma20|brent_vs_ma20|dollar_vs_ma20|brent_vs_ma5|a500_vs_ma5
2019,2019-03-11,2019-03-08,640934,2019-03-08,2,base_prediction|gold_daily|gold_vs_ma5|gold_vs_ma20|copper_daily|copper_vs_ma5|copper_vs_ma20|a500_vs_ma20|us10y_vs_ma20|RSI14_lag1|DIFF_lag1|DEA_lag1|cn10y_vs_ma20|brent_vs_ma20|dollar_vs_ma20|brent_vs_ma5|a500_vs_ma5
2019,2019-03-13,2019-03-12,640934,2019-03-12,1,base_prediction|gold_daily|gold_vs_ma5|gold_vs_ma20|copper_daily|copper_vs_ma5|copper_vs_ma20|a500_vs_ma20|us10y_vs_ma20|RSI14_lag1|DIFF_lag1|DEA_lag1|cn10y_vs_ma20|brent_vs_ma20|dollar_vs_ma20|brent_vs_ma5|a500_vs_ma5
2019,2019-03-14,2019-03-13,640934,2019-03-13,5,base_prediction|gold_daily|gold_vs_ma5|gold_vs_ma20|copper_daily|copper_vs_ma5|copper_vs_ma20|a500_vs_ma20|us10y_vs_ma20|RSI14_lag1|DIFF_lag1|DEA_lag1|cn10y_vs_ma20|brent_vs_ma20|dollar_vs_ma20|brent_vs_ma5|a500_vs_ma5
2019,2019-03-21,2019-03-20,640934,2019-03-20,2,base_prediction|gold_daily|gold_vs_ma5|gold_vs_ma20|copper_daily|copper_vs_ma5|copper_vs_ma20|a500_vs_ma20|us10y_vs_ma20|RSI14_lag1|DIFF_lag1|DEA_lag1|cn10y_vs_ma20|brent_vs_ma20|dollar_vs_ma20|brent_vs_ma5|a500_vs_ma5
2019,2019-03-25,2019-03-22,640934,2019-03-22,6,base_prediction|gold_daily|gold_vs_ma5|gold_vs_ma20|copper_daily|copper_vs_ma5|copper_vs_ma20|a500_vs_ma20|us10y_vs_ma20|RSI14_lag1|DIFF_lag1|DEA_lag1|cn10y_vs_ma20|brent_vs_ma20|dollar_vs_ma20|brent_vs_ma5|a500_vs_ma5
2019,2019-04-02,2019-04-01,565766,2019-04-01,1,base_prediction|gold_daily|gold_vs_ma5|gold_vs_ma20|copper_daily|copper_vs_ma5|copper_vs_ma20|a500_vs_ma20|us10y_vs_ma20|RSI14_lag1|DIFF_lag1|DEA_lag1|cn10y_vs_ma20|brent_vs_ma20|dollar_vs_ma20|brent_vs_ma5|a500_vs_ma5
2019,2019-04-03,2019-04-02,798291,2019-04-02,1,base_prediction|gold_daily|gold_vs_ma5|gold_vs_ma20|copper_daily|copper_vs_ma5|copper_vs_ma20|a500_vs_ma20|us10y_vs_ma20|RSI14_lag1|DIFF_lag1|DEA_lag1|cn10y_vs_ma20|brent_vs_ma20|dollar_vs_ma20|brent_vs_ma5|a500_vs_ma5
2019,2019-04-04,2019-04-03,374583,2019-04-03,3,base_prediction|gold_daily|gold_vs_ma5|gold_vs_ma20|copper_daily|copper_vs_ma5|copper_vs_ma20|a500_vs_ma20|us10y_vs_ma20|RSI14_lag1|DIFF_lag1|DEA_lag1|cn10y_vs_ma20|brent_vs_ma20|dollar_vs_ma20|brent_vs_ma5|a500_vs_ma5
2019,2019-04-09,2019-04-08,785634,2019-04-08,2,base_prediction|gold_daily|gold_vs_ma5|gold_vs_ma20|copper_daily|copper_vs_ma5|copper_vs_ma20|a500_vs_ma20|us10y_vs_ma20|RSI14_lag1|DIFF_lag1|DEA_lag1|cn10y_vs_ma20|brent_vs_ma20|dollar_vs_ma20|brent_vs_ma5|a500_vs_ma5
2019,2019-04-11,2019-04-10,385735,2019-04-10,1,base_prediction|gold_daily|gold_vs_ma5|gold_vs_ma20|copper_daily|copper_vs_ma5|copper_vs_ma20|a500_vs_ma20|us10y_vs_ma20|RSI14_lag1|DIFF_lag1|DEA_lag1|cn10y_vs_ma20|brent_vs_ma20|dollar_vs_ma20|brent_vs_ma5|a500_vs_ma5
2019,2019-04-12,2019-04-11,385735,2019-04-11,8,base_prediction|gold_daily|gold_vs_ma5|gold_vs_ma20|copper_daily|copper_vs_ma5|copper_vs_ma20|a500_vs_ma20|us10y_vs_ma20|RSI14_lag1|DIFF_lag1|DEA_lag1|cn10y_vs_ma20|brent_vs_ma20|dollar_vs_ma20|brent_vs_ma5|a500_vs_ma5
2019,2019-04-24,2019-04-23,385735,2019-04-23,3,base_prediction|gold_daily|gold_vs_ma5|gold_vs_ma20|copper_daily|copper_vs_ma5|copper_vs_ma20|a500_vs_ma20|us10y_vs_ma20|RSI14_lag1|DIFF_lag1|DEA_lag1|cn10y_vs_ma20|brent_vs_ma20|dollar_vs_ma20|brent_vs_ma5|a500_vs_ma5
2019,2019-04-28,2019-04-26,385735,2019-04-26,4,base_prediction|gold_daily|gold_vs_ma5|gold_vs_ma20|copper_daily|copper_vs_ma5|copper_vs_ma20|a500_vs_ma20|us10y_vs_ma20|RSI14_lag1|DIFF_lag1|DEA_lag1|cn10y_vs_ma20|brent_vs_ma20|dollar_vs_ma20|brent_vs_ma5|a500_vs_ma5
2019,2019-05-02,2019-05-01,385735,2019-05-01,1,base_prediction|gold_daily|gold_vs_ma5|gold_vs_ma20|copper_daily|copper_vs_ma5|copper_vs_ma20|a500_vs_ma20|us10y_vs_ma20|RSI14_lag1|DIFF_lag1|DEA_lag1|cn10y_vs_ma20|brent_vs_ma20|dollar_vs_ma20|brent_vs_ma5|a500_vs_ma5
2019,2019-05-03,2019-05-02,385735,2019-05-02,1,base_prediction|gold_daily|gold_vs_ma5|gold_vs_ma20|copper_daily|copper_vs_ma5|copper_vs_ma20|a500_vs_ma20|us10y_vs_ma20|RSI14_lag1|DIFF_lag1|DEA_lag1|cn10y_vs_ma20|brent_vs_ma20|dollar_vs_ma20|brent_vs_ma5|a500_vs_ma5
2019,2019-05-05,2019-05-03,385735,2019-05-03,3,base_prediction|gold_daily|gold_vs_ma5|gold_vs_ma20|copper_daily|copper_vs_ma5|copper_vs_ma20|a500_vs_ma20|us10y_vs_ma20|RSI14_lag1|DIFF_lag1|DEA_lag1|cn10y_vs_ma20|brent_vs_ma20|dollar_vs_ma20|brent_vs_ma5|a500_vs_ma5
2019,2019-05-08,2019-05-07,385735,2019-05-07,3,base_prediction|gold_daily|gold_vs_ma5|gold_vs_ma20|copper_daily|copper_vs_ma5|copper_vs_ma20|a500_vs_ma20|us10y_vs_ma20|RSI14_lag1|DIFF_lag1|DEA_lag1|cn10y_vs_ma20|brent_vs_ma20|dollar_vs_ma20|brent_vs_ma5|a500_vs_ma5
2019,2019-05-13,2019-05-10,385735,2019-05-10,1,base_prediction|gold_daily|gold_vs_ma5|gold_vs_ma20|copper_daily|copper_vs_ma5|copper_vs_ma20|a500_vs_ma20|us10y_vs_ma20|RSI14_lag1|DIFF_lag1|DEA_lag1|cn10y_vs_ma20|brent_vs_ma20|dollar_vs_ma20|brent_vs_ma5|a500_vs_ma5
2019,2019-05-14,2019-05-13,385735,2019-05-13,1,base_prediction|gold_daily|gold_vs_ma5|gold_vs_ma20|copper_daily|copper_vs_ma5|copper_vs_ma20|a500_vs_ma20|us10y_vs_ma20|RSI14_lag1|DIFF_lag1|DEA_lag1|cn10y_vs_ma20|brent_vs_ma20|dollar_vs_ma20|brent_vs_ma5|a500_vs_ma5
2019,2019-05-15,2019-05-14,385735,2019-05-14,1,base_prediction|gold_daily|gold_vs_ma5|gold_vs_ma20|copper_daily|copper_vs_ma5|copper_vs_ma20|a500_vs_ma20|us10y_vs_ma20|RSI14_lag1|DIFF_lag1|DEA_lag1|cn10y_vs_ma20|brent_vs_ma20|dollar_vs_ma20|brent_vs_ma5|a500_vs_ma5
2019,2019-05-16,2019-05-15,385735,2019-05-15,1,base_prediction|gold_daily|gold_vs_ma5|gold_vs_ma20|copper_daily|copper_vs_ma5|copper_vs_ma20|a500_vs_ma20|us10y_vs_ma20|RSI14_lag1|DIFF_lag1|DEA_lag1|cn10y_vs_ma20|brent_vs_ma20|dollar_vs_ma20|brent_vs_ma5|a500_vs_ma5
2019,2019-05-17,2019-05-16,385735,2019-05-16,4,base_prediction|gold_daily|gold_vs_ma5|gold_vs_ma20|copper_daily|copper_vs_ma5|copper_vs_ma20|a500_vs_ma20|us10y_vs_ma20|RSI14_lag1|DIFF_lag1|DEA_lag1|cn10y_vs_ma20|brent_vs_ma20|dollar_vs_ma20|brent_vs_ma5|a500_vs_ma5
2019,2019-05-23,2019-05-22,385735,2019-05-22,1,base_prediction|gold_daily|gold_vs_ma5|gold_vs_ma20|copper_daily|copper_vs_ma5|copper_vs_ma20|a500_vs_ma20|us10y_vs_ma20|RSI14_lag1|DIFF_lag1|DEA_lag1|cn10y_vs_ma20|brent_vs_ma20|dollar_vs_ma20|brent_vs_ma5|a500_vs_ma5
2019,2019-05-24,2019-05-23,385735,2019-05-23,1,base_prediction|gold_daily|gold_vs_ma5|gold_vs_ma20|copper_daily|copper_vs_ma5|copper_vs_ma20|a500_vs_ma20|us10y_vs_ma20|RSI14_lag1|DIFF_lag1|DEA_lag1|cn10y_vs_ma20|brent_vs_ma20|dollar_vs_ma20|brent_vs_ma5|a500_vs_ma5
2019,2019-05-26,2019-05-24,385735,2019-05-24,1,base_prediction|gold_daily|gold_vs_ma5|gold_vs_ma20|copper_daily|copper_vs_ma5|copper_vs_ma20|a500_vs_ma20|us10y_vs_ma20|RSI14_lag1|DIFF_lag1|DEA_lag1|cn10y_vs_ma20|brent_vs_ma20|dollar_vs_ma20|brent_vs_ma5|a500_vs_ma5
2019,2019-05-27,2019-05-26,385735,2019-05-26,5,base_prediction|gold_daily|gold_vs_ma5|gold_vs_ma20|copper_daily|copper_vs_ma5|copper_vs_ma20|a500_vs_ma20|us10y_vs_ma20|RSI14_lag1|DIFF_lag1|DEA_lag1|cn10y_vs_ma20|brent_vs_ma20|dollar_vs_ma20|brent_vs_ma5|a500_vs_ma5
2019,2019-06-03,2019-05-31,385735,2019-05-31,1,base_prediction|gold_daily|gold_vs_ma5|gold_vs_ma20|copper_daily|copper_vs_ma5|copper_vs_ma20|a500_vs_ma20|us10y_vs_ma20|RSI14_lag1|DIFF_lag1|DEA_lag1|cn10y_vs_ma20|brent_vs_ma20|dollar_vs_ma20|brent_vs_ma5|a500_vs_ma5
2019,2019-06-04,2019-06-03,385735,2019-06-03,1,base_prediction|gold_daily|gold_vs_ma5|gold_vs_ma20|copper_daily|copper_vs_ma5|copper_vs_ma20|a500_vs_ma20|us10y_vs_ma20|RSI14_lag1|DIFF_lag1|DEA_lag1|cn10y_vs_ma20|brent_vs_ma20|dollar_vs_ma20|brent_vs_ma5|a500_vs_ma5
2019,2019-06-05,2019-06-04,385735,2019-06-04,1,base_prediction|gold_daily|gold_vs_ma5|gold_vs_ma20|copper_daily|copper_vs_ma5|copper_vs_ma20|a500_vs_ma20|us10y_vs_ma20|RSI14_lag1|DIFF_lag1|DEA_lag1|cn10y_vs_ma20|brent_vs_ma20|dollar_vs_ma20|brent_vs_ma5|a500_vs_ma5
2019,2019-06-06,2019-06-05,385735,2019-06-05,1,base_prediction|gold_daily|gold_vs_ma5|gold_vs_ma20|copper_daily|copper_vs_ma5|copper_vs_ma20|a500_vs_ma20|us10y_vs_ma20|RSI14_lag1|DIFF_lag1|DEA_lag1|cn10y_vs_ma20|brent_vs_ma20|dollar_vs_ma20|brent_vs_ma5|a500_vs_ma5
2019,2019-06-07,2019-06-06,385735,2019-06-06,1,base_prediction|gold_daily|gold_vs_ma5|gold_vs_ma20|copper_daily|copper_vs_ma5|copper_vs_ma20|a500_vs_ma20|us10y_vs_ma20|RSI14_lag1|DIFF_lag1|DEA_lag1|cn10y_vs_ma20|brent_vs_ma20|dollar_vs_ma20|brent_vs_ma5|a500_vs_ma5
2019,2019-06-10,2019-06-07,385735,2019-06-07,1,base_prediction|gold_daily|gold_vs_ma5|gold_vs_ma20|copper_daily|copper_vs_ma5|copper_vs_ma20|a500_vs_ma20|us10y_vs_ma20|RSI14_lag1|DIFF_lag1|DEA_lag1|cn10y_vs_ma20|brent_vs_ma20|dollar_vs_ma20|brent_vs_ma5|a500_vs_ma5
2019,2019-06-11,2019-06-10,385735,2019-06-10,3,base_prediction|gold_daily|gold_vs_ma5|gold_vs_ma20|copper_daily|copper_vs_ma5|copper_vs_ma20|a500_vs_ma20|us10y_vs_ma20|RSI14_lag1|DIFF_lag1|DEA_lag1|cn10y_vs_ma20|brent_vs_ma20|dollar_vs_ma20|brent_vs_ma5|a500_vs_ma5
2019,2019-06-14,2019-06-13,385735,2019-06-13,1,base_prediction|gold_daily|gold_vs_ma5|gold_vs_ma20|copper_daily|copper_vs_ma5|copper_vs_ma20|a500_vs_ma20|us10y_vs_ma20|RSI14_lag1|DIFF_lag1|DEA_lag1|cn10y_vs_ma20|brent_vs_ma20|dollar_vs_ma20|brent_vs_ma5|a500_vs_ma5
2019,2019-06-17,2019-06-14,385735,2019-06-14,2,base_prediction|gold_daily|gold_vs_ma5|gold_vs_ma20|copper_daily|copper_vs_ma5|copper_vs_ma20|a500_vs_ma20|us10y_vs_ma20|RSI14_lag1|DIFF_lag1|DEA_lag1|cn10y_vs_ma20|brent_vs_ma20|dollar_vs_ma20|brent_vs_ma5|a500_vs_ma5
2019,2019-06-19,2019-06-18,385735,2019-06-18,1,base_prediction|gold_daily|gold_vs_ma5|gold_vs_ma20|copper_daily|copper_vs_ma5|copper_vs_ma20|a500_vs_ma20|us10y_vs_ma20|RSI14_lag1|DIFF_lag1|DEA_lag1|cn10y_vs_ma20|brent_vs_ma20|dollar_vs_ma20|brent_vs_ma5|a500_vs_ma5
2019,2019-06-20,2019-06-19,385735,2019-06-19,1,base_prediction|gold_daily|gold_vs_ma5|gold_vs_ma20|copper_daily|copper_vs_ma5|copper_vs_ma20|a500_vs_ma20|us10y_vs_ma20|RSI14_lag1|DIFF_lag1|DEA_lag1|cn10y_vs_ma20|brent_vs_ma20|dollar_vs_ma20|brent_vs_ma5|a500_vs_ma5
2019,2019-06-21,2019-06-20,385735,2019-06-20,1,base_prediction|gold_daily|gold_vs_ma5|gold_vs_ma20|copper_daily|copper_vs_ma5|copper_vs_ma20|a500_vs_ma20|us10y_vs_ma20|RSI14_lag1|DIFF_lag1|DEA_lag1|cn10y_vs_ma20|brent_vs_ma20|dollar_vs_ma20|brent_vs_ma5|a500_vs_ma5
2019,2019-06-24,2019-06-21,385735,2019-06-21,2,base_prediction|gold_daily|gold_vs_ma5|gold_vs_ma20|copper_daily|copper_vs_ma5|copper_vs_ma20|a500_vs_ma20|us10y_vs_ma20|RSI14_lag1|DIFF_lag1|DEA_lag1|cn10y_vs_ma20|brent_vs_ma20|dollar_vs_ma20|brent_vs_ma5|a500_vs_ma5
2019,2019-06-26,2019-06-25,385735,2019-06-25,2,base_prediction|gold_daily|gold_vs_ma5|gold_vs_ma20|copper_daily|copper_vs_ma5|copper_vs_ma20|a500_vs_ma20|us10y_vs_ma20|RSI14_lag1|DIFF_lag1|DEA_lag1|cn10y_vs_ma20|brent_vs_ma20|dollar_vs_ma20|brent_vs_ma5|a500_vs_ma5
2019,2019-06-28,2019-06-27,385735,2019-06-27,2,base_prediction|gold_daily|gold_vs_ma5|gold_vs_ma20|copper_daily|copper_vs_ma5|copper_vs_ma20|a500_vs_ma20|us10y_vs_ma20|RSI14_lag1|DIFF_lag1|DEA_lag1|cn10y_vs_ma20|brent_vs_ma20|dollar_vs_ma20|brent_vs_ma5|a500_vs_ma5
2019,2019-07-02,2019-07-01,385735,2019-07-01,2,base_prediction|gold_daily|gold_vs_ma5|gold_vs_ma20|copper_daily|copper_vs_ma5|copper_vs_ma20|a500_vs_ma20|us10y_vs_ma20|RSI14_lag1|DIFF_lag1|DEA_lag1|cn10y_vs_ma20|brent_vs_ma20|dollar_vs_ma20|brent_vs_ma5|a500_vs_ma5
2019,2019-07-04,2019-07-03,385735,2019-07-03,1,base_prediction|gold_daily|gold_vs_ma5|gold_vs_ma20|copper_daily|copper_vs_ma5|copper_vs_ma20|a500_vs_ma20|us10y_vs_ma20|RSI14_lag1|DIFF_lag1|DEA_lag1|cn10y_vs_ma20|brent_vs_ma20|dollar_vs_ma20|brent_vs_ma5|a500_vs_ma5
2019,2019-07-05,2019-07-04,385735,2019-07-04,5,base_prediction|gold_daily|gold_vs_ma5|gold_vs_ma20|copper_daily|copper_vs_ma5|copper_vs_ma20|a500_vs_ma20|us10y_vs_ma20|RSI14_lag1|DIFF_lag1|DEA_lag1|cn10y_vs_ma20|brent_vs_ma20|dollar_vs_ma20|brent_vs_ma5|a500_vs_ma5
2019,2019-07-12,2019-07-11,374583,2019-07-11,1,base_prediction|gold_daily|gold_vs_ma5|gold_vs_ma20|copper_daily|copper_vs_ma5|copper_vs_ma20|a500_vs_ma20|us10y_vs_ma20|RSI14_lag1|DIFF_lag1|DEA_lag1|cn10y_vs_ma20|brent_vs_ma20|dollar_vs_ma20|brent_vs_ma5|a500_vs_ma5
2019,2019-07-15,2019-07-12,785634,2019-07-12,4,base_prediction|gold_daily|gold_vs_ma5|gold_vs_ma20|copper_daily|copper_vs_ma5|copper_vs_ma20|a500_vs_ma20|us10y_vs_ma20|RSI14_lag1|DIFF_lag1|DEA_lag1|cn10y_vs_ma20|brent_vs_ma20|dollar_vs_ma20|brent_vs_ma5|a500_vs_ma5
2019,2019-07-19,2019-07-18,785634,2019-07-18,3,base_prediction|gold_daily|gold_vs_ma5|gold_vs_ma20|copper_daily|copper_vs_ma5|copper_vs_ma20|a500_vs_ma20|us10y_vs_ma20|RSI14_lag1|DIFF_lag1|DEA_lag1|cn10y_vs_ma20|brent_vs_ma20|dollar_vs_ma20|brent_vs_ma5|a500_vs_ma5
2019,2019-07-24,2019-07-23,785634,2019-07-23,6,base_prediction|gold_daily|gold_vs_ma5|gold_vs_ma20|copper_daily|copper_vs_ma5|copper_vs_ma20|a500_vs_ma20|us10y_vs_ma20|RSI14_lag1|DIFF_lag1|DEA_lag1|cn10y_vs_ma20|brent_vs_ma20|dollar_vs_ma20|brent_vs_ma5|a500_vs_ma5
2019,2019-08-01,2019-07-31,785634,2019-07-31,1,base_prediction|gold_daily|gold_vs_ma5|gold_vs_ma20|copper_daily|copper_vs_ma5|copper_vs_ma20|a500_vs_ma20|us10y_vs_ma20|RSI14_lag1|DIFF_lag1|DEA_lag1|cn10y_vs_ma20|brent_vs_ma20|dollar_vs_ma20|brent_vs_ma5|a500_vs_ma5
2019,2019-08-02,2019-08-01,785634,2019-08-01,1,base_prediction|gold_daily|gold_vs_ma5|gold_vs_ma20|copper_daily|copper_vs_ma5|copper_vs_ma20|a500_vs_ma20|us10y_vs_ma20|RSI14_lag1|DIFF_lag1|DEA_lag1|cn10y_vs_ma20|brent_vs_ma20|dollar_vs_ma20|brent_vs_ma5|a500_vs_ma5
2019,2019-08-05,2019-08-02,785634,2019-08-02,1,base_prediction|gold_daily|gold_vs_ma5|gold_vs_ma20|copper_daily|copper_vs_ma5|copper_vs_ma20|a500_vs_ma20|us10y_vs_ma20|RSI14_lag1|DIFF_lag1|DEA_lag1|cn10y_vs_ma20|brent_vs_ma20|dollar_vs_ma20|brent_vs_ma5|a500_vs_ma5
2019,2019-08-06,2019-08-05,785634,2019-08-05,1,base_prediction|gold_daily|gold_vs_ma5|gold_vs_ma20|copper_daily|copper_vs_ma5|copper_vs_ma20|a500_vs_ma20|us10y_vs_ma20|RSI14_lag1|DIFF_lag1|DEA_lag1|cn10y_vs_ma20|brent_vs_ma20|dollar_vs_ma20|brent_vs_ma5|a500_vs_ma5
2019,2019-08-07,2019-08-06,785634,2019-08-06,1,base_prediction|gold_daily|gold_vs_ma5|gold_vs_ma20|copper_daily|copper_vs_ma5|copper_vs_ma20|a500_vs_ma20|us10y_vs_ma20|RSI14_lag1|DIFF_lag1|DEA_lag1|cn10y_vs_ma20|brent_vs_ma20|dollar_vs_ma20|brent_vs_ma5|a500_vs_ma5
2019,2019-08-08,2019-08-07,785634,2019-08-07,1,base_prediction|gold_daily|gold_vs_ma5|gold_vs_ma20|copper_daily|copper_vs_ma5|copper_vs_ma20|a500_vs_ma20|us10y_vs_ma20|RSI14_lag1|DIFF_lag1|DEA_lag1|cn10y_vs_ma20|brent_vs_ma20|dollar_vs_ma20|brent_vs_ma5|a500_vs_ma5
2019,2019-08-09,2019-08-08,385735,2019-08-08,1,base_prediction|gold_daily|gold_vs_ma5|gold_vs_ma20|copper_daily|copper_vs_ma5|copper_vs_ma20|a500_vs_ma20|us10y_vs_ma20|RSI14_lag1|DIFF_lag1|DEA_lag1|cn10y_vs_ma20|brent_vs_ma20|dollar_vs_ma20|brent_vs_ma5|a500_vs_ma5
2019,2019-08-12,2019-08-09,785634,2019-08-09,1,base_prediction|gold_daily|gold_vs_ma5|gold_vs_ma20|copper_daily|copper_vs_ma5|copper_vs_ma20|a500_vs_ma20|us10y_vs_ma20|RSI14_lag1|DIFF_lag1|DEA_lag1|cn10y_vs_ma20|brent_vs_ma20|dollar_vs_ma20|brent_vs_ma5|a500_vs_ma5
2019,2019-08-13,2019-08-12,785634,2019-08-12,1,base_prediction|gold_daily|gold_vs_ma5|gold_vs_ma20|copper_daily|copper_vs_ma5|copper_vs_ma20|a500_vs_ma20|us10y_vs_ma20|RSI14_lag1|DIFF_lag1|DEA_lag1|cn10y_vs_ma20|brent_vs_ma20|dollar_vs_ma20|brent_vs_ma5|a500_vs_ma5
2019,2019-08-14,2019-08-13,385735,2019-08-13,1,base_prediction|gold_daily|gold_vs_ma5|gold_vs_ma20|copper_daily|copper_vs_ma5|copper_vs_ma20|a500_vs_ma20|us10y_vs_ma20|RSI14_lag1|DIFF_lag1|DEA_lag1|cn10y_vs_ma20|brent_vs_ma20|dollar_vs_ma20|brent_vs_ma5|a500_vs_ma5
2019,2019-08-15,2019-08-14,385735,2019-08-14,1,base_prediction|gold_daily|gold_vs_ma5|gold_vs_ma20|copper_daily|copper_vs_ma5|copper_vs_ma20|a500_vs_ma20|us10y_vs_ma20|RSI14_lag1|DIFF_lag1|DEA_lag1|cn10y_vs_ma20|brent_vs_ma20|dollar_vs_ma20|brent_vs_ma5|a500_vs_ma5
2019,2019-08-16,2019-08-15,385735,2019-08-15,1,base_prediction|gold_daily|gold_vs_ma5|gold_vs_ma20|copper_daily|copper_vs_ma5|copper_vs_ma20|a500_vs_ma20|us10y_vs_ma20|RSI14_lag1|DIFF_lag1|DEA_lag1|cn10y_vs_ma20|brent_vs_ma20|dollar_vs_ma20|brent_vs_ma5|a500_vs_ma5
2019,2019-08-19,2019-08-16,385735,2019-08-16,1,base_prediction|gold_daily|gold_vs_ma5|gold_vs_ma20|copper_daily|copper_vs_ma5|copper_vs_ma20|a500_vs_ma20|us10y_vs_ma20|RSI14_lag1|DIFF_lag1|DEA_lag1|cn10y_vs_ma20|brent_vs_ma20|dollar_vs_ma20|brent_vs_ma5|a500_vs_ma5
2019,2019-08-20,2019-08-19,385735,2019-08-19,3,base_prediction|gold_daily|gold_vs_ma5|gold_vs_ma20|copper_daily|copper_vs_ma5|copper_vs_ma20|a500_vs_ma20|us10y_vs_ma20|RSI14_lag1|DIFF_lag1|DEA_lag1|cn10y_vs_ma20|brent_vs_ma20|dollar_vs_ma20|brent_vs_ma5|a500_vs_ma5
2019,2019-08-23,2019-08-22,385735,2019-08-22,1,base_prediction|gold_daily|gold_vs_ma5|gold_vs_ma20|copper_daily|copper_vs_ma5|copper_vs_ma20|a500_vs_ma20|us10y_vs_ma20|RSI14_lag1|DIFF_lag1|DEA_lag1|cn10y_vs_ma20|brent_vs_ma20|dollar_vs_ma20|brent_vs_ma5|a500_vs_ma5
2019,2019-08-26,2019-08-23,385735,2019-08-23,1,base_prediction|gold_daily|gold_vs_ma5|gold_vs_ma20|copper_daily|copper_vs_ma5|copper_vs_ma20|a500_vs_ma20|us10y_vs_ma20|RSI14_lag1|DIFF_lag1|DEA_lag1|cn10y_vs_ma20|brent_vs_ma20|dollar_vs_ma20|brent_vs_ma5|a500_vs_ma5
2019,2019-08-27,2019-08-26,385735,2019-08-26,1,base_prediction|gold_daily|gold_vs_ma5|gold_vs_ma20|copper_daily|copper_vs_ma5|copper_vs_ma20|a500_vs_ma20|us10y_vs_ma20|RSI14_lag1|DIFF_lag1|DEA_lag1|cn10y_vs_ma20|brent_vs_ma20|dollar_vs_ma20|brent_vs_ma5|a500_vs_ma5
2019,2019-08-28,2019-08-27,385735,2019-08-27,1,base_prediction|gold_daily|gold_vs_ma5|gold_vs_ma20|copper_daily|copper_vs_ma5|copper_vs_ma20|a500_vs_ma20|us10y_vs_ma20|RSI14_lag1|DIFF_lag1|DEA_lag1|cn10y_vs_ma20|brent_vs_ma20|dollar_vs_ma20|brent_vs_ma5|a500_vs_ma5
2019,2019-08-29,2019-08-28,385735,2019-08-28,1,base_prediction|gold_daily|gold_vs_ma5|gold_vs_ma20|copper_daily|copper_vs_ma5|copper_vs_ma20|a500_vs_ma20|us10y_vs_ma20|RSI14_lag1|DIFF_lag1|DEA_lag1|cn10y_vs_ma20|brent_vs_ma20|dollar_vs_ma20|brent_vs_ma5|a500_vs_ma5
2019,2019-08-30,2019-08-29,385735,2019-08-29,6,base_prediction|gold_daily|gold_vs_ma5|gold_vs_ma20|copper_daily|copper_vs_ma5|copper_vs_ma20|a500_vs_ma20|us10y_vs_ma20|RSI14_lag1|DIFF_lag1|DEA_lag1|cn10y_vs_ma20|brent_vs_ma20|dollar_vs_ma20|brent_vs_ma5|a500_vs_ma5
2019,2019-09-06,2019-09-05,385735,2019-09-05,1,base_prediction|gold_daily|gold_vs_ma5|gold_vs_ma20|copper_daily|copper_vs_ma5|copper_vs_ma20|a500_vs_ma20|us10y_vs_ma20|RSI14_lag1|DIFF_lag1|DEA_lag1|cn10y_vs_ma20|brent_vs_ma20|dollar_vs_ma20|brent_vs_ma5|a500_vs_ma5
2019,2019-09-09,2019-09-06,385735,2019-09-06,1,base_prediction|gold_daily|gold_vs_ma5|gold_vs_ma20|copper_daily|copper_vs_ma5|copper_vs_ma20|a500_vs_ma20|us10y_vs_ma20|RSI14_lag1|DIFF_lag1|DEA_lag1|cn10y_vs_ma20|brent_vs_ma20|dollar_vs_ma20|brent_vs_ma5|a500_vs_ma5
2019,2019-09-10,2019-09-09,385735,2019-09-09,1,base_prediction|gold_daily|gold_vs_ma5|gold_vs_ma20|copper_daily|copper_vs_ma5|copper_vs_ma20|a500_vs_ma20|us10y_vs_ma20|RSI14_lag1|DIFF_lag1|DEA_lag1|cn10y_vs_ma20|brent_vs_ma20|dollar_vs_ma20|brent_vs_ma5|a500_vs_ma5
2019,2019-09-11,2019-09-10,385735,2019-09-10,2,base_prediction|gold_daily|gold_vs_ma5|gold_vs_ma20|copper_daily|copper_vs_ma5|copper_vs_ma20|a500_vs_ma20|us10y_vs_ma20|RSI14_lag1|DIFF_lag1|DEA_lag1|cn10y_vs_ma20|brent_vs_ma20|dollar_vs_ma20|brent_vs_ma5|a500_vs_ma5
2019,2019-09-13,2019-09-12,385735,2019-09-12,1,base_prediction|gold_daily|gold_vs_ma5|gold_vs_ma20|copper_daily|copper_vs_ma5|copper_vs_ma20|a500_vs_ma20|us10y_vs_ma20|RSI14_lag1|DIFF_lag1|DEA_lag1|cn10y_vs_ma20|brent_vs_ma20|dollar_vs_ma20|brent_vs_ma5|a500_vs_ma5
2019,2019-09-16,2019-09-13,385735,2019-09-13,1,base_prediction|gold_daily|gold_vs_ma5|gold_vs_ma20|copper_daily|copper_vs_ma5|copper_vs_ma20|a500_vs_ma20|us10y_vs_ma20|RSI14_lag1|DIFF_lag1|DEA_lag1|cn10y_vs_ma20|brent_vs_ma20|dollar_vs_ma20|brent_vs_ma5|a500_vs_ma5
2019,2019-09-17,2019-09-16,385735,2019-09-16,1,base_prediction|gold_daily|gold_vs_ma5|gold_vs_ma20|copper_daily|copper_vs_ma5|copper_vs_ma20|a500_vs_ma20|us10y_vs_ma20|RSI14_lag1|DIFF_lag1|DEA_lag1|cn10y_vs_ma20|brent_vs_ma20|dollar_vs_ma20|brent_vs_ma5|a500_vs_ma5
2019,2019-09-18,2019-09-17,385735,2019-09-17,3,base_prediction|gold_daily|gold_vs_ma5|gold_vs_ma20|copper_daily|copper_vs_ma5|copper_vs_ma20|a500_vs_ma20|us10y_vs_ma20|RSI14_lag1|DIFF_lag1|DEA_lag1|cn10y_vs_ma20|brent_vs_ma20|dollar_vs_ma20|brent_vs_ma5|a500_vs_ma5
2019,2019-09-23,2019-09-20,385735,2019-09-20,1,base_prediction|gold_daily|gold_vs_ma5|gold_vs_ma20|copper_daily|copper_vs_ma5|copper_vs_ma20|a500_vs_ma20|us10y_vs_ma20|RSI14_lag1|DIFF_lag1|DEA_lag1|cn10y_vs_ma20|brent_vs_ma20|dollar_vs_ma20|brent_vs_ma5|a500_vs_ma5
2019,2019-09-24,2019-09-23,385735,2019-09-23,7,base_prediction|gold_daily|gold_vs_ma5|gold_vs_ma20|copper_daily|copper_vs_ma5|copper_vs_ma20|a500_vs_ma20|us10y_vs_ma20|RSI14_lag1|DIFF_lag1|DEA_lag1|cn10y_vs_ma20|brent_vs_ma20|dollar_vs_ma20|brent_vs_ma5|a500_vs_ma5
2019,2019-10-02,2019-10-01,385735,2019-10-01,1,base_prediction|gold_daily|gold_vs_ma5|gold_vs_ma20|copper_daily|copper_vs_ma5|copper_vs_ma20|a500_vs_ma20|us10y_vs_ma20|RSI14_lag1|DIFF_lag1|DEA_lag1|cn10y_vs_ma20|brent_vs_ma20|dollar_vs_ma20|brent_vs_ma5|a500_vs_ma5
2019,2019-10-03,2019-10-02,385735,2019-10-02,1,base_prediction|gold_daily|gold_vs_ma5|gold_vs_ma20|copper_daily|copper_vs_ma5|copper_vs_ma20|a500_vs_ma20|us10y_vs_ma20|RSI14_lag1|DIFF_lag1|DEA_lag1|cn10y_vs_ma20|brent_vs_ma20|dollar_vs_ma20|brent_vs_ma5|a500_vs_ma5
2019,2019-10-04,2019-10-03,385735,2019-10-03,2,base_prediction|gold_daily|gold_vs_ma5|gold_vs_ma20|copper_daily|copper_vs_ma5|copper_vs_ma20|a500_vs_ma20|us10y_vs_ma20|RSI14_lag1|DIFF_lag1|DEA_lag1|cn10y_vs_ma20|brent_vs_ma20|dollar_vs_ma20|brent_vs_ma5|a500_vs_ma5
2019,2019-10-08,2019-10-07,385735,2019-10-07,2,base_prediction|gold_daily|gold_vs_ma5|gold_vs_ma20|copper_daily|copper_vs_ma5|copper_vs_ma20|a500_vs_ma20|us10y_vs_ma20|RSI14_lag1|DIFF_lag1|DEA_lag1|cn10y_vs_ma20|brent_vs_ma20|dollar_vs_ma20|brent_vs_ma5|a500_vs_ma5
2019,2019-10-10,2019-10-09,385735,2019-10-09,1,base_prediction|gold_daily|gold_vs_ma5|gold_vs_ma20|copper_daily|copper_vs_ma5|copper_vs_ma20|a500_vs_ma20|us10y_vs_ma20|RSI14_lag1|DIFF_lag1|DEA_lag1|cn10y_vs_ma20|brent_vs_ma20|dollar_vs_ma20|brent_vs_ma5|a500_vs_ma5
2019,2019-10-11,2019-10-10,385735,2019-10-10,1,base_prediction|gold_daily|gold_vs_ma5|gold_vs_ma20|copper_daily|copper_vs_ma5|copper_vs_ma20|a500_vs_ma20|us10y_vs_ma20|RSI14_lag1|DIFF_lag1|DEA_lag1|cn10y_vs_ma20|brent_vs_ma20|dollar_vs_ma20|brent_vs_ma5|a500_vs_ma5
2019,2019-10-12,2019-10-11,385735,2019-10-11,5,base_prediction|gold_daily|gold_vs_ma5|gold_vs_ma20|copper_daily|copper_vs_ma5|copper_vs_ma20|a500_vs_ma20|us10y_vs_ma20|RSI14_lag1|DIFF_lag1|DEA_lag1|cn10y_vs_ma20|brent_vs_ma20|dollar_vs_ma20|brent_vs_ma5|a500_vs_ma5
2019,2019-10-18,2019-10-17,385735,2019-10-17,4,base_prediction|gold_daily|gold_vs_ma5|gold_vs_ma20|copper_daily|copper_vs_ma5|copper_vs_ma20|a500_vs_ma20|us10y_vs_ma20|RSI14_lag1|DIFF_lag1|DEA_lag1|cn10y_vs_ma20|brent_vs_ma20|dollar_vs_ma20|brent_vs_ma5|a500_vs_ma5
2019,2019-10-24,2019-10-23,385735,2019-10-23,1,base_prediction|gold_daily|gold_vs_ma5|gold_vs_ma20|copper_daily|copper_vs_ma5|copper_vs_ma20|a500_vs_ma20|us10y_vs_ma20|RSI14_lag1|DIFF_lag1|DEA_lag1|cn10y_vs_ma20|brent_vs_ma20|dollar_vs_ma20|brent_vs_ma5|a500_vs_ma5
2019,2019-10-25,2019-10-24,385735,2019-10-24,1,base_prediction|gold_daily|gold_vs_ma5|gold_vs_ma20|copper_daily|copper_vs_ma5|copper_vs_ma20|a500_vs_ma20|us10y_vs_ma20|RSI14_lag1|DIFF_lag1|DEA_lag1|cn10y_vs_ma20|brent_vs_ma20|dollar_vs_ma20|brent_vs_ma5|a500_vs_ma5
2019,2019-10-28,2019-10-25,385735,2019-10-25,1,base_prediction|gold_daily|gold_vs_ma5|gold_vs_ma20|copper_daily|copper_vs_ma5|copper_vs_ma20|a500_vs_ma20|us10y_vs_ma20|RSI14_lag1|DIFF_lag1|DEA_lag1|cn10y_vs_ma20|brent_vs_ma20|dollar_vs_ma20|brent_vs_ma5|a500_vs_ma5
2019,2019-10-29,2019-10-28,385735,2019-10-28,2,base_prediction|gold_daily|gold_vs_ma5|gold_vs_ma20|copper_daily|copper_vs_ma5|copper_vs_ma20|a500_vs_ma20|us10y_vs_ma20|RSI14_lag1|DIFF_lag1|DEA_lag1|cn10y_vs_ma20|brent_vs_ma20|dollar_vs_ma20|brent_vs_ma5|a500_vs_ma5
2019,2019-10-31,2019-10-30,385735,2019-10-30,1,base_prediction|gold_daily|gold_vs_ma5|gold_vs_ma20|copper_daily|copper_vs_ma5|copper_vs_ma20|a500_vs_ma20|us10y_vs_ma20|RSI14_lag1|DIFF_lag1|DEA_lag1|cn10y_vs_ma20|brent_vs_ma20|dollar_vs_ma20|brent_vs_ma5|a500_vs_ma5
2019,2019-11-01,2019-10-31,385735,2019-10-31,2,base_prediction|gold_daily|gold_vs_ma5|gold_vs_ma20|copper_daily|copper_vs_ma5|copper_vs_ma20|a500_vs_ma20|us10y_vs_ma20|RSI14_lag1|DIFF_lag1|DEA_lag1|cn10y_vs_ma20|brent_vs_ma20|dollar_vs_ma20|brent_vs_ma5|a500_vs_ma5
2019,2019-11-05,2019-11-04,385735,2019-11-04,2,base_prediction|gold_daily|gold_vs_ma5|gold_vs_ma20|copper_daily|copper_vs_ma5|copper_vs_ma20|a500_vs_ma20|us10y_vs_ma20|RSI14_lag1|DIFF_lag1|DEA_lag1|cn10y_vs_ma20|brent_vs_ma20|dollar_vs_ma20|brent_vs_ma5|a500_vs_ma5
2019,2019-11-07,2019-11-06,385735,2019-11-06,1,base_prediction|gold_daily|gold_vs_ma5|gold_vs_ma20|copper_daily|copper_vs_ma5|copper_vs_ma20|a500_vs_ma20|us10y_vs_ma20|RSI14_lag1|DIFF_lag1|DEA_lag1|cn10y_vs_ma20|brent_vs_ma20|dollar_vs_ma20|brent_vs_ma5|a500_vs_ma5
2019,2019-11-08,2019-11-07,385735,2019-11-07,4,base_prediction|gold_daily|gold_vs_ma5|gold_vs_ma20|copper_daily|copper_vs_ma5|copper_vs_ma20|a500_vs_ma20|us10y_vs_ma20|RSI14_lag1|DIFF_lag1|DEA_lag1|cn10y_vs_ma20|brent_vs_ma20|dollar_vs_ma20|brent_vs_ma5|a500_vs_ma5
2019,2019-11-14,2019-11-13,385735,2019-11-13,5,base_prediction|gold_daily|gold_vs_ma5|gold_vs_ma20|copper_daily|copper_vs_ma5|copper_vs_ma20|a500_vs_ma20|us10y_vs_ma20|RSI14_lag1|DIFF_lag1|DEA_lag1|cn10y_vs_ma20|brent_vs_ma20|dollar_vs_ma20|brent_vs_ma5|a500_vs_ma5
2019,2019-11-21,2019-11-20,385735,2019-11-20,1,base_prediction|gold_daily|gold_vs_ma5|gold_vs_ma20|copper_daily|copper_vs_ma5|copper_vs_ma20|a500_vs_ma20|us10y_vs_ma20|RSI14_lag1|DIFF_lag1|DEA_lag1|cn10y_vs_ma20|brent_vs_ma20|dollar_vs_ma20|brent_vs_ma5|a500_vs_ma5
2019,2019-11-22,2019-11-21,385735,2019-11-21,2,base_prediction|gold_daily|gold_vs_ma5|gold_vs_ma20|copper_daily|copper_vs_ma5|copper_vs_ma20|a500_vs_ma20|us10y_vs_ma20|RSI14_lag1|DIFF_lag1|DEA_lag1|cn10y_vs_ma20|brent_vs_ma20|dollar_vs_ma20|brent_vs_ma5|a500_vs_ma5
2019,2019-11-26,2019-11-25,385735,2019-11-25,6,base_prediction|gold_daily|gold_vs_ma5|gold_vs_ma20|copper_daily|copper_vs_ma5|copper_vs_ma20|a500_vs_ma20|us10y_vs_ma20|RSI14_lag1|DIFF_lag1|DEA_lag1|cn10y_vs_ma20|brent_vs_ma20|dollar_vs_ma20|brent_vs_ma5|a500_vs_ma5
2019,2019-12-04,2019-12-03,385735,2019-12-03,1,base_prediction|gold_daily|gold_vs_ma5|gold_vs_ma20|copper_daily|copper_vs_ma5|copper_vs_ma20|a500_vs_ma20|us10y_vs_ma20|RSI14_lag1|DIFF_lag1|DEA_lag1|cn10y_vs_ma20|brent_vs_ma20|dollar_vs_ma20|brent_vs_ma5|a500_vs_ma5
2019,2019-12-05,2019-12-04,741131,2019-12-04,3,base_prediction|gold_daily|gold_vs_ma5|gold_vs_ma20|copper_daily|copper_vs_ma5|copper_vs_ma20|a500_vs_ma20|us10y_vs_ma20|RSI14_lag1|DIFF_lag1|DEA_lag1|cn10y_vs_ma20|brent_vs_ma20|dollar_vs_ma20|brent_vs_ma5|a500_vs_ma5
2019,2019-12-10,2019-12-09,741131,2019-12-09,3,base_prediction|gold_daily|gold_vs_ma5|gold_vs_ma20|copper_daily|copper_vs_ma5|copper_vs_ma20|a500_vs_ma20|us10y_vs_ma20|RSI14_lag1|DIFF_lag1|DEA_lag1|cn10y_vs_ma20|brent_vs_ma20|dollar_vs_ma20|brent_vs_ma5|a500_vs_ma5
2019,2019-12-13,2019-12-12,741131,2019-12-12,1,base_prediction|gold_daily|gold_vs_ma5|gold_vs_ma20|copper_daily|copper_vs_ma5|copper_vs_ma20|a500_vs_ma20|us10y_vs_ma20|RSI14_lag1|DIFF_lag1|DEA_lag1|cn10y_vs_ma20|brent_vs_ma20|dollar_vs_ma20|brent_vs_ma5|a500_vs_ma5
2019,2019-12-16,2019-12-13,741131,2019-12-13,1,base_prediction|gold_daily|gold_vs_ma5|gold_vs_ma20|copper_daily|copper_vs_ma5|copper_vs_ma20|a500_vs_ma20|us10y_vs_ma20|RSI14_lag1|DIFF_lag1|DEA_lag1|cn10y_vs_ma20|brent_vs_ma20|dollar_vs_ma20|brent_vs_ma5|a500_vs_ma5
2019,2019-12-17,2019-12-16,785634,2019-12-16,1,base_prediction|gold_daily|gold_vs_ma5|gold_vs_ma20|copper_daily|copper_vs_ma5|copper_vs_ma20|a500_vs_ma20|us10y_vs_ma20|RSI14_lag1|DIFF_lag1|DEA_lag1|cn10y_vs_ma20|brent_vs_ma20|dollar_vs_ma20|brent_vs_ma5|a500_vs_ma5
2019,2019-12-18,2019-12-17,785634,2019-12-17,1,base_prediction|gold_daily|gold_vs_ma5|gold_vs_ma20|copper_daily|copper_vs_ma5|copper_vs_ma20|a500_vs_ma20|us10y_vs_ma20|RSI14_lag1|DIFF_lag1|DEA_lag1|cn10y_vs_ma20|brent_vs_ma20|dollar_vs_ma20|brent_vs_ma5|a500_vs_ma5
2019,2019-12-19,2019-12-18,785634,2019-12-18,2,base_prediction|gold_daily|gold_vs_ma5|gold_vs_ma20|copper_daily|copper_vs_ma5|copper_vs_ma20|a500_vs_ma20|us10y_vs_ma20|RSI14_lag1|DIFF_lag1|DEA_lag1|cn10y_vs_ma20|brent_vs_ma20|dollar_vs_ma20|brent_vs_ma5|a500_vs_ma5
2019,2019-12-23,2019-12-20,785634,2019-12-20,2,base_prediction|gold_daily|gold_vs_ma5|gold_vs_ma20|copper_daily|copper_vs_ma5|copper_vs_ma20|a500_vs_ma20|us10y_vs_ma20|RSI14_lag1|DIFF_lag1|DEA_lag1|cn10y_vs_ma20|brent_vs_ma20|dollar_vs_ma20|brent_vs_ma5|a500_vs_ma5
2019,2019-12-25,2019-12-24,785634,2019-12-24,1,base_prediction|gold_daily|gold_vs_ma5|gold_vs_ma20|copper_daily|copper_vs_ma5|copper_vs_ma20|a500_vs_ma20|us10y_vs_ma20|RSI14_lag1|DIFF_lag1|DEA_lag1|cn10y_vs_ma20|brent_vs_ma20|dollar_vs_ma20|brent_vs_ma5|a500_vs_ma5
2019,2019-12-26,2019-12-25,785634,2019-12-25,2,base_prediction|gold_daily|gold_vs_ma5|gold_vs_ma20|copper_daily|copper_vs_ma5|copper_vs_ma20|a500_vs_ma20|us10y_vs_ma20|RSI14_lag1|DIFF_lag1|DEA_lag1|cn10y_vs_ma20|brent_vs_ma20|dollar_vs_ma20|brent_vs_ma5|a500_vs_ma5
2019,2019-12-30,2019-12-27,785634,2019-12-27,2,base_prediction|gold_daily|gold_vs_ma5|gold_vs_ma20|copper_daily|copper_vs_ma5|copper_vs_ma20|a500_vs_ma20|us10y_vs_ma20|RSI14_lag1|DIFF_lag1|DEA_lag1|cn10y_vs_ma20|brent_vs_ma20|dollar_vs_ma20|brent_vs_ma5|a500_vs_ma5
2020,2020-01-01,,785634,2019-12-31,3,base_prediction|gold_daily|gold_vs_ma5|gold_vs_ma20|copper_daily|copper_vs_ma5|copper_vs_ma20|a500_vs_ma20|us10y_vs_ma20|RSI14_lag1|DIFF_lag1|DEA_lag1|cn10y_vs_ma20|brent_vs_ma20|dollar_vs_ma20|brent_vs_ma5|a500_vs_ma5
2020,2020-01-06,2020-01-03,785634,2020-01-03,4,base_prediction|gold_daily|gold_vs_ma5|gold_vs_ma20|copper_daily|copper_vs_ma5|copper_vs_ma20|a500_vs_ma20|us10y_vs_ma20|RSI14_lag1|DIFF_lag1|DEA_lag1|cn10y_vs_ma20|brent_vs_ma20|dollar_vs_ma20|brent_vs_ma5|a500_vs_ma5
2020,2020-01-10,2020-01-09,785634,2020-01-09,2,base_prediction|gold_daily|gold_vs_ma5|gold_vs_ma20|copper_daily|copper_vs_ma5|copper_vs_ma20|a500_vs_ma20|us10y_vs_ma20|RSI14_lag1|DIFF_lag1|DEA_lag1|cn10y_vs_ma20|brent_vs_ma20|dollar_vs_ma20|brent_vs_ma5|a500_vs_ma5
2020,2020-01-14,2020-01-13,785634,2020-01-13,5,base_prediction|gold_daily|gold_vs_ma5|gold_vs_ma20|copper_daily|copper_vs_ma5|copper_vs_ma20|a500_vs_ma20|us10y_vs_ma20|RSI14_lag1|DIFF_lag1|DEA_lag1|cn10y_vs_ma20|brent_vs_ma20|dollar_vs_ma20|brent_vs_ma5|a500_vs_ma5
2020,2020-01-20,2020-01-19,785634,2020-01-19,2,base_prediction|gold_daily|gold_vs_ma5|gold_vs_ma20|copper_daily|copper_vs_ma5|copper_vs_ma20|a500_vs_ma20|us10y_vs_ma20|RSI14_lag1|DIFF_lag1|DEA_lag1|cn10y_vs_ma20|brent_vs_ma20|dollar_vs_ma20|brent_vs_ma5|a500_vs_ma5
2020,2020-01-22,2020-01-21,785634,2020-01-21,2,base_prediction|gold_daily|gold_vs_ma5|gold_vs_ma20|copper_daily|copper_vs_ma5|copper_vs_ma20|a500_vs_ma20|us10y_vs_ma20|RSI14_lag1|DIFF_lag1|DEA_lag1|cn10y_vs_ma20|brent_vs_ma20|dollar_vs_ma20|brent_vs_ma5|a500_vs_ma5
2020,2020-01-24,2020-01-23,965409,2020-01-23,1,base_prediction|gold_daily|gold_vs_ma5|gold_vs_ma20|copper_daily|copper_vs_ma5|copper_vs_ma20|a500_vs_ma20|us10y_vs_ma20|RSI14_lag1|DIFF_lag1|DEA_lag1|cn10y_vs_ma20|brent_vs_ma20|dollar_vs_ma20|brent_vs_ma5|a500_vs_ma5
2020,2020-01-27,2020-01-24,785634,2020-01-24,1,base_prediction|gold_daily|gold_vs_ma5|gold_vs_ma20|copper_daily|copper_vs_ma5|copper_vs_ma20|a500_vs_ma20|us10y_vs_ma20|RSI14_lag1|DIFF_lag1|DEA_lag1|cn10y_vs_ma20|brent_vs_ma20|dollar_vs_ma20|brent_vs_ma5|a500_vs_ma5
2020,2020-01-28,2020-01-27,785634,2020-01-27,1,base_prediction|gold_daily|gold_vs_ma5|gold_vs_ma20|copper_daily|copper_vs_ma5|copper_vs_ma20|a500_vs_ma20|us10y_vs_ma20|RSI14_lag1|DIFF_lag1|DEA_lag1|cn10y_vs_ma20|brent_vs_ma20|dollar_vs_ma20|brent_vs_ma5|a500_vs_ma5
2020,2020-01-29,2020-01-28,785634,2020-01-28,2,base_prediction|gold_daily|gold_vs_ma5|gold_vs_ma20|copper_daily|copper_vs_ma5|copper_vs_ma20|a500_vs_ma20|us10y_vs_ma20|RSI14_lag1|DIFF_lag1|DEA_lag1|cn10y_vs_ma20|brent_vs_ma20|dollar_vs_ma20|brent_vs_ma5|a500_vs_ma5
2020,2020-01-31,2020-01-30,785634,2020-01-30,2,base_prediction|gold_daily|gold_vs_ma5|gold_vs_ma20|copper_daily|copper_vs_ma5|copper_vs_ma20|a500_vs_ma20|us10y_vs_ma20|RSI14_lag1|DIFF_lag1|DEA_lag1|cn10y_vs_ma20|brent_vs_ma20|dollar_vs_ma20|brent_vs_ma5|a500_vs_ma5
2020,2020-02-04,2020-02-03,785634,2020-02-03,1,base_prediction|gold_daily|gold_vs_ma5|gold_vs_ma20|copper_daily|copper_vs_ma5|copper_vs_ma20|a500_vs_ma20|us10y_vs_ma20|RSI14_lag1|DIFF_lag1|DEA_lag1|cn10y_vs_ma20|brent_vs_ma20|dollar_vs_ma20|brent_vs_ma5|a500_vs_ma5
2020,2020-02-05,2020-02-04,785634,2020-02-04,1,base_prediction|gold_daily|gold_vs_ma5|gold_vs_ma20|copper_daily|copper_vs_ma5|copper_vs_ma20|a500_vs_ma20|us10y_vs_ma20|RSI14_lag1|DIFF_lag1|DEA_lag1|cn10y_vs_ma20|brent_vs_ma20|dollar_vs_ma20|brent_vs_ma5|a500_vs_ma5
2020,2020-02-06,2020-02-05,785634,2020-02-05,2,base_prediction|gold_daily|gold_vs_ma5|gold_vs_ma20|copper_daily|copper_vs_ma5|copper_vs_ma20|a500_vs_ma20|us10y_vs_ma20|RSI14_lag1|DIFF_lag1|DEA_lag1|cn10y_vs_ma20|brent_vs_ma20|dollar_vs_ma20|brent_vs_ma5|a500_vs_ma5
2020,2020-02-10,2020-02-07,785634,2020-02-07,1,base_prediction|gold_daily|gold_vs_ma5|gold_vs_ma20|copper_daily|copper_vs_ma5|copper_vs_ma20|a500_vs_ma20|us10y_vs_ma20|RSI14_lag1|DIFF_lag1|DEA_lag1|cn10y_vs_ma20|brent_vs_ma20|dollar_vs_ma20|brent_vs_ma5|a500_vs_ma5
2020,2020-02-11,2020-02-10,785634,2020-02-10,1,base_prediction|gold_daily|gold_vs_ma5|gold_vs_ma20|copper_daily|copper_vs_ma5|copper_vs_ma20|a500_vs_ma20|us10y_vs_ma20|RSI14_lag1|DIFF_lag1|DEA_lag1|cn10y_vs_ma20|brent_vs_ma20|dollar_vs_ma20|brent_vs_ma5|a500_vs_ma5
2020,2020-02-12,2020-02-11,785634,2020-02-11,1,base_prediction|gold_daily|gold_vs_ma5|gold_vs_ma20|copper_daily|copper_vs_ma5|copper_vs_ma20|a500_vs_ma20|us10y_vs_ma20|RSI14_lag1|DIFF_lag1|DEA_lag1|cn10y_vs_ma20|brent_vs_ma20|dollar_vs_ma20|brent_vs_ma5|a500_vs_ma5
2020,2020-02-13,2020-02-12,785634,2020-02-12,1,base_prediction|gold_daily|gold_vs_ma5|gold_vs_ma20|copper_daily|copper_vs_ma5|copper_vs_ma20|a500_vs_ma20|us10y_vs_ma20|RSI14_lag1|DIFF_lag1|DEA_lag1|cn10y_vs_ma20|brent_vs_ma20|dollar_vs_ma20|brent_vs_ma5|a500_vs_ma5
2020,2020-02-14,2020-02-13,785634,2020-02-13,1,base_prediction|gold_daily|gold_vs_ma5|gold_vs_ma20|copper_daily|copper_vs_ma5|copper_vs_ma20|a500_vs_ma20|us10y_vs_ma20|RSI14_lag1|DIFF_lag1|DEA_lag1|cn10y_vs_ma20|brent_vs_ma20|dollar_vs_ma20|brent_vs_ma5|a500_vs_ma5
2020,2020-02-16,2020-02-14,640934,2020-02-14,1,base_prediction|gold_daily|gold_vs_ma5|gold_vs_ma20|copper_daily|copper_vs_ma5|copper_vs_ma20|a500_vs_ma20|us10y_vs_ma20|RSI14_lag1|DIFF_lag1|DEA_lag1|cn10y_vs_ma20|brent_vs_ma20|dollar_vs_ma20|brent_vs_ma5|a500_vs_ma5
2020,2020-02-17,2020-02-16,640934,2020-02-16,3,base_prediction|gold_daily|gold_vs_ma5|gold_vs_ma20|copper_daily|copper_vs_ma5|copper_vs_ma20|a500_vs_ma20|us10y_vs_ma20|RSI14_lag1|DIFF_lag1|DEA_lag1|cn10y_vs_ma20|brent_vs_ma20|dollar_vs_ma20|brent_vs_ma5|a500_vs_ma5
2020,2020-02-20,2020-02-19,785634,2020-02-19,2,base_prediction|gold_daily|gold_vs_ma5|gold_vs_ma20|copper_daily|copper_vs_ma5|copper_vs_ma20|a500_vs_ma20|us10y_vs_ma20|RSI14_lag1|DIFF_lag1|DEA_lag1|cn10y_vs_ma20|brent_vs_ma20|dollar_vs_ma20|brent_vs_ma5|a500_vs_ma5
2020,2020-02-24,2020-02-21,785634,2020-02-21,1,base_prediction|gold_daily|gold_vs_ma5|gold_vs_ma20|copper_daily|copper_vs_ma5|copper_vs_ma20|a500_vs_ma20|us10y_vs_ma20|RSI14_lag1|DIFF_lag1|DEA_lag1|cn10y_vs_ma20|brent_vs_ma20|dollar_vs_ma20|brent_vs_ma5|a500_vs_ma5
2020,2020-02-25,2020-02-24,785634,2020-02-24,2,base_prediction|gold_daily|gold_vs_ma5|gold_vs_ma20|copper_daily|copper_vs_ma5|copper_vs_ma20|a500_vs_ma20|us10y_vs_ma20|RSI14_lag1|DIFF_lag1|DEA_lag1|cn10y_vs_ma20|brent_vs_ma20|dollar_vs_ma20|brent_vs_ma5|a500_vs_ma5
2020,2020-02-27,2020-02-26,785634,2020-02-26,1,base_prediction|gold_daily|gold_vs_ma5|gold_vs_ma20|copper_daily|copper_vs_ma5|copper_vs_ma20|a500_vs_ma20|us10y_vs_ma20|RSI14_lag1|DIFF_lag1|DEA_lag1|cn10y_vs_ma20|brent_vs_ma20|dollar_vs_ma20|brent_vs_ma5|a500_vs_ma5
2020,2020-02-28,2020-02-27,785634,2020-02-27,1,base_prediction|gold_daily|gold_vs_ma5|gold_vs_ma20|copper_daily|copper_vs_ma5|copper_vs_ma20|a500_vs_ma20|us10y_vs_ma20|RSI14_lag1|DIFF_lag1|DEA_lag1|cn10y_vs_ma20|brent_vs_ma20|dollar_vs_ma20|brent_vs_ma5|a500_vs_ma5
2020,2020-03-02,2020-02-28,785634,2020-02-28,1,base_prediction|gold_daily|gold_vs_ma5|gold_vs_ma20|copper_daily|copper_vs_ma5|copper_vs_ma20|a500_vs_ma20|us10y_vs_ma20|RSI14_lag1|DIFF_lag1|DEA_lag1|cn10y_vs_ma20|brent_vs_ma20|dollar_vs_ma20|brent_vs_ma5|a500_vs_ma5
2020,2020-03-03,2020-03-02,785634,2020-03-02,1,base_prediction|gold_daily|gold_vs_ma5|gold_vs_ma20|copper_daily|copper_vs_ma5|copper_vs_ma20|a500_vs_ma20|us10y_vs_ma20|RSI14_lag1|DIFF_lag1|DEA_lag1|cn10y_vs_ma20|brent_vs_ma20|dollar_vs_ma20|brent_vs_ma5|a500_vs_ma5
2020,2020-03-04,2020-03-03,785634,2020-03-03,1,base_prediction|gold_daily|gold_vs_ma5|gold_vs_ma20|copper_daily|copper_vs_ma5|copper_vs_ma20|a500_vs_ma20|us10y_vs_ma20|RSI14_lag1|DIFF_lag1|DEA_lag1|cn10y_vs_ma20|brent_vs_ma20|dollar_vs_ma20|brent_vs_ma5|a500_vs_ma5
2020,2020-03-05,2020-03-04,785634,2020-03-04,1,base_prediction|gold_daily|gold_vs_ma5|gold_vs_ma20|copper_daily|copper_vs_ma5|copper_vs_ma20|a500_vs_ma20|us10y_vs_ma20|RSI14_lag1|DIFF_lag1|DEA_lag1|cn10y_vs_ma20|brent_vs_ma20|dollar_vs_ma20|brent_vs_ma5|a500_vs_ma5
2020,2020-03-06,2020-03-05,785634,2020-03-05,1,base_prediction|gold_daily|gold_vs_ma5|gold_vs_ma20|copper_daily|copper_vs_ma5|copper_vs_ma20|a500_vs_ma20|us10y_vs_ma20|RSI14_lag1|DIFF_lag1|DEA_lag1|cn10y_vs_ma20|brent_vs_ma20|dollar_vs_ma20|brent_vs_ma5|a500_vs_ma5
2020,2020-03-09,2020-03-06,785634,2020-03-06,2,base_prediction|gold_daily|gold_vs_ma5|gold_vs_ma20|copper_daily|copper_vs_ma5|copper_vs_ma20|a500_vs_ma20|us10y_vs_ma20|RSI14_lag1|DIFF_lag1|DEA_lag1|cn10y_vs_ma20|brent_vs_ma20|dollar_vs_ma20|brent_vs_ma5|a500_vs_ma5
2020,2020-03-11,2020-03-10,785634,2020-03-10,2,base_prediction|gold_daily|gold_vs_ma5|gold_vs_ma20|copper_daily|copper_vs_ma5|copper_vs_ma20|a500_vs_ma20|us10y_vs_ma20|RSI14_lag1|DIFF_lag1|DEA_lag1|cn10y_vs_ma20|brent_vs_ma20|dollar_vs_ma20|brent_vs_ma5|a500_vs_ma5
2020,2020-03-13,2020-03-12,785634,2020-03-12,1,base_prediction|gold_daily|gold_vs_ma5|gold_vs_ma20|copper_daily|copper_vs_ma5|copper_vs_ma20|a500_vs_ma20|us10y_vs_ma20|RSI14_lag1|DIFF_lag1|DEA_lag1|cn10y_vs_ma20|brent_vs_ma20|dollar_vs_ma20|brent_vs_ma5|a500_vs_ma5
2020,2020-03-16,2020-03-13,965409,2020-03-13,1,base_prediction|gold_daily|gold_vs_ma5|gold_vs_ma20|copper_daily|copper_vs_ma5|copper_vs_ma20|a500_vs_ma20|us10y_vs_ma20|RSI14_lag1|DIFF_lag1|DEA_lag1|cn10y_vs_ma20|brent_vs_ma20|dollar_vs_ma20|brent_vs_ma5|a500_vs_ma5
2020,2020-03-17,2020-03-16,785634,2020-03-16,1,base_prediction|gold_daily|gold_vs_ma5|gold_vs_ma20|copper_daily|copper_vs_ma5|copper_vs_ma20|a500_vs_ma20|us10y_vs_ma20|RSI14_lag1|DIFF_lag1|DEA_lag1|cn10y_vs_ma20|brent_vs_ma20|dollar_vs_ma20|brent_vs_ma5|a500_vs_ma5
2020,2020-03-18,2020-03-17,798291,2020-03-17,1,base_prediction|gold_daily|gold_vs_ma5|gold_vs_ma20|copper_daily|copper_vs_ma5|copper_vs_ma20|a500_vs_ma20|us10y_vs_ma20|RSI14_lag1|DIFF_lag1|DEA_lag1|cn10y_vs_ma20|brent_vs_ma20|dollar_vs_ma20|brent_vs_ma5|a500_vs_ma5
2020,2020-03-19,2020-03-18,798291,2020-03-18,1,base_prediction|gold_daily|gold_vs_ma5|gold_vs_ma20|copper_daily|copper_vs_ma5|copper_vs_ma20|a500_vs_ma20|us10y_vs_ma20|RSI14_lag1|DIFF_lag1|DEA_lag1|cn10y_vs_ma20|brent_vs_ma20|dollar_vs_ma20|brent_vs_ma5|a500_vs_ma5
2020,2020-03-20,2020-03-19,798291,2020-03-19,1,base_prediction|gold_daily|gold_vs_ma5|gold_vs_ma20|copper_daily|copper_vs_ma5|copper_vs_ma20|a500_vs_ma20|us10y_vs_ma20|RSI14_lag1|DIFF_lag1|DEA_lag1|cn10y_vs_ma20|brent_vs_ma20|dollar_vs_ma20|brent_vs_ma5|a500_vs_ma5
2020,2020-03-23,2020-03-20,798291,2020-03-20,1,base_prediction|gold_daily|gold_vs_ma5|gold_vs_ma20|copper_daily|copper_vs_ma5|copper_vs_ma20|a500_vs_ma20|us10y_vs_ma20|RSI14_lag1|DIFF_lag1|DEA_lag1|cn10y_vs_ma20|brent_vs_ma20|dollar_vs_ma20|brent_vs_ma5|a500_vs_ma5
2020,2020-03-24,2020-03-23,798291,2020-03-23,1,base_prediction|gold_daily|gold_vs_ma5|gold_vs_ma20|copper_daily|copper_vs_ma5|copper_vs_ma20|a500_vs_ma20|us10y_vs_ma20|RSI14_lag1|DIFF_lag1|DEA_lag1|cn10y_vs_ma20|brent_vs_ma20|dollar_vs_ma20|brent_vs_ma5|a500_vs_ma5
2020,2020-03-25,2020-03-24,798291,2020-03-24,1,base_prediction|gold_daily|gold_vs_ma5|gold_vs_ma20|copper_daily|copper_vs_ma5|copper_vs_ma20|a500_vs_ma20|us10y_vs_ma20|RSI14_lag1|DIFF_lag1|DEA_lag1|cn10y_vs_ma20|brent_vs_ma20|dollar_vs_ma20|brent_vs_ma5|a500_vs_ma5
2020,2020-03-26,2020-03-25,798291,2020-03-25,1,base_prediction|gold_daily|gold_vs_ma5|gold_vs_ma20|copper_daily|copper_vs_ma5|copper_vs_ma20|a500_vs_ma20|us10y_vs_ma20|RSI14_lag1|DIFF_lag1|DEA_lag1|cn10y_vs_ma20|brent_vs_ma20|dollar_vs_ma20|brent_vs_ma5|a500_vs_ma5
2020,2020-03-27,2020-03-26,798291,2020-03-26,1,base_prediction|gold_daily|gold_vs_ma5|gold_vs_ma20|copper_daily|copper_vs_ma5|copper_vs_ma20|a500_vs_ma20|us10y_vs_ma20|RSI14_lag1|DIFF_lag1|DEA_lag1|cn10y_vs_ma20|brent_vs_ma20|dollar_vs_ma20|brent_vs_ma5|a500_vs_ma5
2020,2020-03-30,2020-03-27,798291,2020-03-27,2,base_prediction|gold_daily|gold_vs_ma5|gold_vs_ma20|copper_daily|copper_vs_ma5|copper_vs_ma20|a500_vs_ma20|us10y_vs_ma20|RSI14_lag1|DIFF_lag1|DEA_lag1|cn10y_vs_ma20|brent_vs_ma20|dollar_vs_ma20|brent_vs_ma5|a500_vs_ma5
2020,2020-04-01,2020-03-31,798291,2020-03-31,1,base_prediction|gold_daily|gold_vs_ma5|gold_vs_ma20|copper_daily|copper_vs_ma5|copper_vs_ma20|a500_vs_ma20|us10y_vs_ma20|RSI14_lag1|DIFF_lag1|DEA_lag1|cn10y_vs_ma20|brent_vs_ma20|dollar_vs_ma20|brent_vs_ma5|a500_vs_ma5
2020,2020-04-02,2020-04-01,798291,2020-04-01,1,base_prediction|gold_daily|gold_vs_ma5|gold_vs_ma20|copper_daily|copper_vs_ma5|copper_vs_ma20|a500_vs_ma20|us10y_vs_ma20|RSI14_lag1|DIFF_lag1|DEA_lag1|cn10y_vs_ma20|brent_vs_ma20|dollar_vs_ma20|brent_vs_ma5|a500_vs_ma5
2020,2020-04-03,2020-04-02,798291,2020-04-02,1,base_prediction|gold_daily|gold_vs_ma5|gold_vs_ma20|copper_daily|copper_vs_ma5|copper_vs_ma20|a500_vs_ma20|us10y_vs_ma20|RSI14_lag1|DIFF_lag1|DEA_lag1|cn10y_vs_ma20|brent_vs_ma20|dollar_vs_ma20|brent_vs_ma5|a500_vs_ma5
2020,2020-04-06,2020-04-03,42716,2020-04-03,1,base_prediction|gold_daily|gold_vs_ma5|gold_vs_ma20|copper_daily|copper_vs_ma5|copper_vs_ma20|a500_vs_ma20|us10y_vs_ma20|RSI14_lag1|DIFF_lag1|DEA_lag1|cn10y_vs_ma20|brent_vs_ma20|dollar_vs_ma20|brent_vs_ma5|a500_vs_ma5
2020,2020-04-07,2020-04-06,42716,2020-04-06,1,base_prediction|gold_daily|gold_vs_ma5|gold_vs_ma20|copper_daily|copper_vs_ma5|copper_vs_ma20|a500_vs_ma20|us10y_vs_ma20|RSI14_lag1|DIFF_lag1|DEA_lag1|cn10y_vs_ma20|brent_vs_ma20|dollar_vs_ma20|brent_vs_ma5|a500_vs_ma5
2020,2020-04-08,2020-04-07,741131,2020-04-07,2,base_prediction|gold_daily|gold_vs_ma5|gold_vs_ma20|copper_daily|copper_vs_ma5|copper_vs_ma20|a500_vs_ma20|us10y_vs_ma20|RSI14_lag1|DIFF_lag1|DEA_lag1|cn10y_vs_ma20|brent_vs_ma20|dollar_vs_ma20|brent_vs_ma5|a500_vs_ma5
2020,2020-04-10,2020-04-09,741131,2020-04-09,1,base_prediction|gold_daily|gold_vs_ma5|gold_vs_ma20|copper_daily|copper_vs_ma5|copper_vs_ma20|a500_vs_ma20|us10y_vs_ma20|RSI14_lag1|DIFF_lag1|DEA_lag1|cn10y_vs_ma20|brent_vs_ma20|dollar_vs_ma20|brent_vs_ma5|a500_vs_ma5
2020,2020-04-13,2020-04-10,741131,2020-04-10,1,base_prediction|gold_daily|gold_vs_ma5|gold_vs_ma20|copper_daily|copper_vs_ma5|copper_vs_ma20|a500_vs_ma20|us10y_vs_ma20|RSI14_lag1|DIFF_lag1|DEA_lag1|cn10y_vs_ma20|brent_vs_ma20|dollar_vs_ma20|brent_vs_ma5|a500_vs_ma5
2020,2020-04-14,2020-04-13,741131,2020-04-13,1,base_prediction|gold_daily|gold_vs_ma5|gold_vs_ma20|copper_daily|copper_vs_ma5|copper_vs_ma20|a500_vs_ma20|us10y_vs_ma20|RSI14_lag1|DIFF_lag1|DEA_lag1|cn10y_vs_ma20|brent_vs_ma20|dollar_vs_ma20|brent_vs_ma5|a500_vs_ma5
2020,2020-04-15,2020-04-14,741131,2020-04-14,1,base_prediction|gold_daily|gold_vs_ma5|gold_vs_ma20|copper_daily|copper_vs_ma5|copper_vs_ma20|a500_vs_ma20|us10y_vs_ma20|RSI14_lag1|DIFF_lag1|DEA_lag1|cn10y_vs_ma20|brent_vs_ma20|dollar_vs_ma20|brent_vs_ma5|a500_vs_ma5
2020,2020-04-16,2020-04-15,741131,2020-04-15,1,base_prediction|gold_daily|gold_vs_ma5|gold_vs_ma20|copper_daily|copper_vs_ma5|copper_vs_ma20|a500_vs_ma20|us10y_vs_ma20|RSI14_lag1|DIFF_lag1|DEA_lag1|cn10y_vs_ma20|brent_vs_ma20|dollar_vs_ma20|brent_vs_ma5|a500_vs_ma5
2020,2020-04-17,2020-04-16,741131,2020-04-16,1,base_prediction|gold_daily|gold_vs_ma5|gold_vs_ma20|copper_daily|copper_vs_ma5|copper_vs_ma20|a500_vs_ma20|us10y_vs_ma20|RSI14_lag1|DIFF_lag1|DEA_lag1|cn10y_vs_ma20|brent_vs_ma20|dollar_vs_ma20|brent_vs_ma5|a500_vs_ma5
2020,2020-04-20,2020-04-17,741131,2020-04-17,1,base_prediction|gold_daily|gold_vs_ma5|gold_vs_ma20|copper_daily|copper_vs_ma5|copper_vs_ma20|a500_vs_ma20|us10y_vs_ma20|RSI14_lag1|DIFF_lag1|DEA_lag1|cn10y_vs_ma20|brent_vs_ma20|dollar_vs_ma20|brent_vs_ma5|a500_vs_ma5
2020,2020-04-21,2020-04-20,741131,2020-04-20,1,base_prediction|gold_daily|gold_vs_ma5|gold_vs_ma20|copper_daily|copper_vs_ma5|copper_vs_ma20|a500_vs_ma20|us10y_vs_ma20|RSI14_lag1|DIFF_lag1|DEA_lag1|cn10y_vs_ma20|brent_vs_ma20|dollar_vs_ma20|brent_vs_ma5|a500_vs_ma5
2020,2020-04-22,2020-04-21,741131,2020-04-21,1,base_prediction|gold_daily|gold_vs_ma5|gold_vs_ma20|copper_daily|copper_vs_ma5|copper_vs_ma20|a500_vs_ma20|us10y_vs_ma20|RSI14_lag1|DIFF_lag1|DEA_lag1|cn10y_vs_ma20|brent_vs_ma20|dollar_vs_ma20|brent_vs_ma5|a500_vs_ma5
2020,2020-04-23,2020-04-22,741131,2020-04-22,2,base_prediction|gold_daily|gold_vs_ma5|gold_vs_ma20|copper_daily|copper_vs_ma5|copper_vs_ma20|a500_vs_ma20|us10y_vs_ma20|RSI14_lag1|DIFF_lag1|DEA_lag1|cn10y_vs_ma20|brent_vs_ma20|dollar_vs_ma20|brent_vs_ma5|a500_vs_ma5
2020,2020-04-26,2020-04-24,741131,2020-04-24,1,base_prediction|gold_daily|gold_vs_ma5|gold_vs_ma20|copper_daily|copper_vs_ma5|copper_vs_ma20|a500_vs_ma20|us10y_vs_ma20|RSI14_lag1|DIFF_lag1|DEA_lag1|cn10y_vs_ma20|brent_vs_ma20|dollar_vs_ma20|brent_vs_ma5|a500_vs_ma5
2020,2020-04-27,2020-04-26,741131,2020-04-26,2,base_prediction|gold_daily|gold_vs_ma5|gold_vs_ma20|copper_daily|copper_vs_ma5|copper_vs_ma20|a500_vs_ma20|us10y_vs_ma20|RSI14_lag1|DIFF_lag1|DEA_lag1|cn10y_vs_ma20|brent_vs_ma20|dollar_vs_ma20|brent_vs_ma5|a500_vs_ma5
2020,2020-04-29,2020-04-28,741131,2020-04-28,1,base_prediction|gold_daily|gold_vs_ma5|gold_vs_ma20|copper_daily|copper_vs_ma5|copper_vs_ma20|a500_vs_ma20|us10y_vs_ma20|RSI14_lag1|DIFF_lag1|DEA_lag1|cn10y_vs_ma20|brent_vs_ma20|dollar_vs_ma20|brent_vs_ma5|a500_vs_ma5
2020,2020-04-30,2020-04-29,741131,2020-04-29,1,base_prediction|gold_daily|gold_vs_ma5|gold_vs_ma20|copper_daily|copper_vs_ma5|copper_vs_ma20|a500_vs_ma20|us10y_vs_ma20|RSI14_lag1|DIFF_lag1|DEA_lag1|cn10y_vs_ma20|brent_vs_ma20|dollar_vs_ma20|brent_vs_ma5|a500_vs_ma5
2020,2020-05-01,2020-04-30,741131,2020-04-30,2,base_prediction|gold_daily|gold_vs_ma5|gold_vs_ma20|copper_daily|copper_vs_ma5|copper_vs_ma20|a500_vs_ma20|us10y_vs_ma20|RSI14_lag1|DIFF_lag1|DEA_lag1|cn10y_vs_ma20|brent_vs_ma20|dollar_vs_ma20|brent_vs_ma5|a500_vs_ma5
2020,2020-05-05,2020-05-04,741131,2020-05-04,1,base_prediction|gold_daily|gold_vs_ma5|gold_vs_ma20|copper_daily|copper_vs_ma5|copper_vs_ma20|a500_vs_ma20|us10y_vs_ma20|RSI14_lag1|DIFF_lag1|DEA_lag1|cn10y_vs_ma20|brent_vs_ma20|dollar_vs_ma20|brent_vs_ma5|a500_vs_ma5
2020,2020-05-06,2020-05-05,741131,2020-05-05,1,base_prediction|gold_daily|gold_vs_ma5|gold_vs_ma20|copper_daily|copper_vs_ma5|copper_vs_ma20|a500_vs_ma20|us10y_vs_ma20|RSI14_lag1|DIFF_lag1|DEA_lag1|cn10y_vs_ma20|brent_vs_ma20|dollar_vs_ma20|brent_vs_ma5|a500_vs_ma5
2020,2020-05-07,2020-05-06,741131,2020-05-06,1,base_prediction|gold_daily|gold_vs_ma5|gold_vs_ma20|copper_daily|copper_vs_ma5|copper_vs_ma20|a500_vs_ma20|us10y_vs_ma20|RSI14_lag1|DIFF_lag1|DEA_lag1|cn10y_vs_ma20|brent_vs_ma20|dollar_vs_ma20|brent_vs_ma5|a500_vs_ma5
2020,2020-05-08,2020-05-07,741131,2020-05-07,1,base_prediction|gold_daily|gold_vs_ma5|gold_vs_ma20|copper_daily|copper_vs_ma5|copper_vs_ma20|a500_vs_ma20|us10y_vs_ma20|RSI14_lag1|DIFF_lag1|DEA_lag1|cn10y_vs_ma20|brent_vs_ma20|dollar_vs_ma20|brent_vs_ma5|a500_vs_ma5
2020,2020-05-09,2020-05-08,741131,2020-05-08,1,base_prediction|gold_daily|gold_vs_ma5|gold_vs_ma20|copper_daily|copper_vs_ma5|copper_vs_ma20|a500_vs_ma20|us10y_vs_ma20|RSI14_lag1|DIFF_lag1|DEA_lag1|cn10y_vs_ma20|brent_vs_ma20|dollar_vs_ma20|brent_vs_ma5|a500_vs_ma5
2020,2020-05-11,2020-05-09,741131,2020-05-09,2,base_prediction|gold_daily|gold_vs_ma5|gold_vs_ma20|copper_daily|copper_vs_ma5|copper_vs_ma20|a500_vs_ma20|us10y_vs_ma20|RSI14_lag1|DIFF_lag1|DEA_lag1|cn10y_vs_ma20|brent_vs_ma20|dollar_vs_ma20|brent_vs_ma5|a500_vs_ma5
2020,2020-05-13,2020-05-12,741131,2020-05-12,1,base_prediction|gold_daily|gold_vs_ma5|gold_vs_ma20|copper_daily|copper_vs_ma5|copper_vs_ma20|a500_vs_ma20|us10y_vs_ma20|RSI14_lag1|DIFF_lag1|DEA_lag1|cn10y_vs_ma20|brent_vs_ma20|dollar_vs_ma20|brent_vs_ma5|a500_vs_ma5
2020,2020-05-14,2020-05-13,741131,2020-05-13,3,base_prediction|gold_daily|gold_vs_ma5|gold_vs_ma20|copper_daily|copper_vs_ma5|copper_vs_ma20|a500_vs_ma20|us10y_vs_ma20|RSI14_lag1|DIFF_lag1|DEA_lag1|cn10y_vs_ma20|brent_vs_ma20|dollar_vs_ma20|brent_vs_ma5|a500_vs_ma5
2020,2020-05-19,2020-05-18,741131,2020-05-18,1,base_prediction|gold_daily|gold_vs_ma5|gold_vs_ma20|copper_daily|copper_vs_ma5|copper_vs_ma20|a500_vs_ma20|us10y_vs_ma20|RSI14_lag1|DIFF_lag1|DEA_lag1|cn10y_vs_ma20|brent_vs_ma20|dollar_vs_ma20|brent_vs_ma5|a500_vs_ma5
2020,2020-05-20,2020-05-19,741131,2020-05-19,1,base_prediction|gold_daily|gold_vs_ma5|gold_vs_ma20|copper_daily|copper_vs_ma5|copper_vs_ma20|a500_vs_ma20|us10y_vs_ma20|RSI14_lag1|DIFF_lag1|DEA_lag1|cn10y_vs_ma20|brent_vs_ma20|dollar_vs_ma20|brent_vs_ma5|a500_vs_ma5
2020,2020-05-21,2020-05-20,741131,2020-05-20,1,base_prediction|gold_daily|gold_vs_ma5|gold_vs_ma20|copper_daily|copper_vs_ma5|copper_vs_ma20|a500_vs_ma20|us10y_vs_ma20|RSI14_lag1|DIFF_lag1|DEA_lag1|cn10y_vs_ma20|brent_vs_ma20|dollar_vs_ma20|brent_vs_ma5|a500_vs_ma5
2020,2020-05-22,2020-05-21,741131,2020-05-21,4,base_prediction|gold_daily|gold_vs_ma5|gold_vs_ma20|copper_daily|copper_vs_ma5|copper_vs_ma20|a500_vs_ma20|us10y_vs_ma20|RSI14_lag1|DIFF_lag1|DEA_lag1|cn10y_vs_ma20|brent_vs_ma20|dollar_vs_ma20|brent_vs_ma5|a500_vs_ma5
2020,2020-05-27,2020-05-26,741131,2020-05-26,1,base_prediction|gold_daily|gold_vs_ma5|gold_vs_ma20|copper_daily|copper_vs_ma5|copper_vs_ma20|a500_vs_ma20|us10y_vs_ma20|RSI14_lag1|DIFF_lag1|DEA_lag1|cn10y_vs_ma20|brent_vs_ma20|dollar_vs_ma20|brent_vs_ma5|a500_vs_ma5
2020,2020-05-28,2020-05-27,741131,2020-05-27,1,base_prediction|gold_daily|gold_vs_ma5|gold_vs_ma20|copper_daily|copper_vs_ma5|copper_vs_ma20|a500_vs_ma20|us10y_vs_ma20|RSI14_lag1|DIFF_lag1|DEA_lag1|cn10y_vs_ma20|brent_vs_ma20|dollar_vs_ma20|brent_vs_ma5|a500_vs_ma5
2020,2020-05-29,2020-05-28,741131,2020-05-28,2,base_prediction|gold_daily|gold_vs_ma5|gold_vs_ma20|copper_daily|copper_vs_ma5|copper_vs_ma20|a500_vs_ma20|us10y_vs_ma20|RSI14_lag1|DIFF_lag1|DEA_lag1|cn10y_vs_ma20|brent_vs_ma20|dollar_vs_ma20|brent_vs_ma5|a500_vs_ma5
2020,2020-06-02,2020-06-01,741131,2020-06-01,1,base_prediction|gold_daily|gold_vs_ma5|gold_vs_ma20|copper_daily|copper_vs_ma5|copper_vs_ma20|a500_vs_ma20|us10y_vs_ma20|RSI14_lag1|DIFF_lag1|DEA_lag1|cn10y_vs_ma20|brent_vs_ma20|dollar_vs_ma20|brent_vs_ma5|a500_vs_ma5
2020,2020-06-03,2020-06-02,741131,2020-06-02,1,base_prediction|gold_daily|gold_vs_ma5|gold_vs_ma20|copper_daily|copper_vs_ma5|copper_vs_ma20|a500_vs_ma20|us10y_vs_ma20|RSI14_lag1|DIFF_lag1|DEA_lag1|cn10y_vs_ma20|brent_vs_ma20|dollar_vs_ma20|brent_vs_ma5|a500_vs_ma5
2020,2020-06-04,2020-06-03,385735,2020-06-03,1,base_prediction|gold_daily|gold_vs_ma5|gold_vs_ma20|copper_daily|copper_vs_ma5|copper_vs_ma20|a500_vs_ma20|us10y_vs_ma20|RSI14_lag1|DIFF_lag1|DEA_lag1|cn10y_vs_ma20|brent_vs_ma20|dollar_vs_ma20|brent_vs_ma5|a500_vs_ma5
2020,2020-06-05,2020-06-04,385735,2020-06-04,1,base_prediction|gold_daily|gold_vs_ma5|gold_vs_ma20|copper_daily|copper_vs_ma5|copper_vs_ma20|a500_vs_ma20|us10y_vs_ma20|RSI14_lag1|DIFF_lag1|DEA_lag1|cn10y_vs_ma20|brent_vs_ma20|dollar_vs_ma20|brent_vs_ma5|a500_vs_ma5
2020,2020-06-08,2020-06-05,785634,2020-06-05,1,base_prediction|gold_daily|gold_vs_ma5|gold_vs_ma20|copper_daily|copper_vs_ma5|copper_vs_ma20|a500_vs_ma20|us10y_vs_ma20|RSI14_lag1|DIFF_lag1|DEA_lag1|cn10y_vs_ma20|brent_vs_ma20|dollar_vs_ma20|brent_vs_ma5|a500_vs_ma5
2020,2020-06-09,2020-06-08,785634,2020-06-08,1,base_prediction|gold_daily|gold_vs_ma5|gold_vs_ma20|copper_daily|copper_vs_ma5|copper_vs_ma20|a500_vs_ma20|us10y_vs_ma20|RSI14_lag1|DIFF_lag1|DEA_lag1|cn10y_vs_ma20|brent_vs_ma20|dollar_vs_ma20|brent_vs_ma5|a500_vs_ma5
2020,2020-06-10,2020-06-09,785634,2020-06-09,1,base_prediction|gold_daily|gold_vs_ma5|gold_vs_ma20|copper_daily|copper_vs_ma5|copper_vs_ma20|a500_vs_ma20|us10y_vs_ma20|RSI14_lag1|DIFF_lag1|DEA_lag1|cn10y_vs_ma20|brent_vs_ma20|dollar_vs_ma20|brent_vs_ma5|a500_vs_ma5
2020,2020-06-11,2020-06-10,785634,2020-06-10,1,base_prediction|gold_daily|gold_vs_ma5|gold_vs_ma20|copper_daily|copper_vs_ma5|copper_vs_ma20|a500_vs_ma20|us10y_vs_ma20|RSI14_lag1|DIFF_lag1|DEA_lag1|cn10y_vs_ma20|brent_vs_ma20|dollar_vs_ma20|brent_vs_ma5|a500_vs_ma5
2020,2020-06-12,2020-06-11,565766,2020-06-11,1,base_prediction|gold_daily|gold_vs_ma5|gold_vs_ma20|copper_daily|copper_vs_ma5|copper_vs_ma20|a500_vs_ma20|us10y_vs_ma20|RSI14_lag1|DIFF_lag1|DEA_lag1|cn10y_vs_ma20|brent_vs_ma20|dollar_vs_ma20|brent_vs_ma5|a500_vs_ma5
2020,2020-06-15,2020-06-12,565766,2020-06-12,1,base_prediction|gold_daily|gold_vs_ma5|gold_vs_ma20|copper_daily|copper_vs_ma5|copper_vs_ma20|a500_vs_ma20|us10y_vs_ma20|RSI14_lag1|DIFF_lag1|DEA_lag1|cn10y_vs_ma20|brent_vs_ma20|dollar_vs_ma20|brent_vs_ma5|a500_vs_ma5
2020,2020-06-16,2020-06-15,565766,2020-06-15,1,base_prediction|gold_daily|gold_vs_ma5|gold_vs_ma20|copper_daily|copper_vs_ma5|copper_vs_ma20|a500_vs_ma20|us10y_vs_ma20|RSI14_lag1|DIFF_lag1|DEA_lag1|cn10y_vs_ma20|brent_vs_ma20|dollar_vs_ma20|brent_vs_ma5|a500_vs_ma5
2020,2020-06-17,2020-06-16,565766,2020-06-16,2,base_prediction|gold_daily|gold_vs_ma5|gold_vs_ma20|copper_daily|copper_vs_ma5|copper_vs_ma20|a500_vs_ma20|us10y_vs_ma20|RSI14_lag1|DIFF_lag1|DEA_lag1|cn10y_vs_ma20|brent_vs_ma20|dollar_vs_ma20|brent_vs_ma5|a500_vs_ma5
2020,2020-06-19,2020-06-18,565766,2020-06-18,1,base_prediction|gold_daily|gold_vs_ma5|gold_vs_ma20|copper_daily|copper_vs_ma5|copper_vs_ma20|a500_vs_ma20|us10y_vs_ma20|RSI14_lag1|DIFF_lag1|DEA_lag1|cn10y_vs_ma20|brent_vs_ma20|dollar_vs_ma20|brent_vs_ma5|a500_vs_ma5
2020,2020-06-22,2020-06-19,565766,2020-06-19,2,base_prediction|gold_daily|gold_vs_ma5|gold_vs_ma20|copper_daily|copper_vs_ma5|copper_vs_ma20|a500_vs_ma20|us10y_vs_ma20|RSI14_lag1|DIFF_lag1|DEA_lag1|cn10y_vs_ma20|brent_vs_ma20|dollar_vs_ma20|brent_vs_ma5|a500_vs_ma5
2020,2020-06-24,2020-06-23,565766,2020-06-23,1,base_prediction|gold_daily|gold_vs_ma5|gold_vs_ma20|copper_daily|copper_vs_ma5|copper_vs_ma20|a500_vs_ma20|us10y_vs_ma20|RSI14_lag1|DIFF_lag1|DEA_lag1|cn10y_vs_ma20|brent_vs_ma20|dollar_vs_ma20|brent_vs_ma5|a500_vs_ma5
2020,2020-06-25,2020-06-24,565766,2020-06-24,2,base_prediction|gold_daily|gold_vs_ma5|gold_vs_ma20|copper_daily|copper_vs_ma5|copper_vs_ma20|a500_vs_ma20|us10y_vs_ma20|RSI14_lag1|DIFF_lag1|DEA_lag1|cn10y_vs_ma20|brent_vs_ma20|dollar_vs_ma20|brent_vs_ma5|a500_vs_ma5
2020,2020-06-28,2020-06-26,565766,2020-06-26,1,base_prediction|gold_daily|gold_vs_ma5|gold_vs_ma20|copper_daily|copper_vs_ma5|copper_vs_ma20|a500_vs_ma20|us10y_vs_ma20|RSI14_lag1|DIFF_lag1|DEA_lag1|cn10y_vs_ma20|brent_vs_ma20|dollar_vs_ma20|brent_vs_ma5|a500_vs_ma5
2020,2020-06-29,2020-06-28,965409,2020-06-28,1,base_prediction|gold_daily|gold_vs_ma5|gold_vs_ma20|copper_daily|copper_vs_ma5|copper_vs_ma20|a500_vs_ma20|us10y_vs_ma20|RSI14_lag1|DIFF_lag1|DEA_lag1|cn10y_vs_ma20|brent_vs_ma20|dollar_vs_ma20|brent_vs_ma5|a500_vs_ma5
2020,2020-06-30,2020-06-29,965409,2020-06-29,1,base_prediction|gold_daily|gold_vs_ma5|gold_vs_ma20|copper_daily|copper_vs_ma5|copper_vs_ma20|a500_vs_ma20|us10y_vs_ma20|RSI14_lag1|DIFF_lag1|DEA_lag1|cn10y_vs_ma20|brent_vs_ma20|dollar_vs_ma20|brent_vs_ma5|a500_vs_ma5
2020,2020-07-01,2020-06-30,965409,2020-06-30,1,base_prediction|gold_daily|gold_vs_ma5|gold_vs_ma20|copper_daily|copper_vs_ma5|copper_vs_ma20|a500_vs_ma20|us10y_vs_ma20|RSI14_lag1|DIFF_lag1|DEA_lag1|cn10y_vs_ma20|brent_vs_ma20|dollar_vs_ma20|brent_vs_ma5|a500_vs_ma5
2020,2020-07-02,2020-07-01,965409,2020-07-01,1,base_prediction|gold_daily|gold_vs_ma5|gold_vs_ma20|copper_daily|copper_vs_ma5|copper_vs_ma20|a500_vs_ma20|us10y_vs_ma20|RSI14_lag1|DIFF_lag1|DEA_lag1|cn10y_vs_ma20|brent_vs_ma20|dollar_vs_ma20|brent_vs_ma5|a500_vs_ma5
2020,2020-07-03,2020-07-02,965409,2020-07-02,1,base_prediction|gold_daily|gold_vs_ma5|gold_vs_ma20|copper_daily|copper_vs_ma5|copper_vs_ma20|a500_vs_ma20|us10y_vs_ma20|RSI14_lag1|DIFF_lag1|DEA_lag1|cn10y_vs_ma20|brent_vs_ma20|dollar_vs_ma20|brent_vs_ma5|a500_vs_ma5
2020,2020-07-06,2020-07-03,965409,2020-07-03,1,base_prediction|gold_daily|gold_vs_ma5|gold_vs_ma20|copper_daily|copper_vs_ma5|copper_vs_ma20|a500_vs_ma20|us10y_vs_ma20|RSI14_lag1|DIFF_lag1|DEA_lag1|cn10y_vs_ma20|brent_vs_ma20|dollar_vs_ma20|brent_vs_ma5|a500_vs_ma5
2020,2020-07-07,2020-07-06,965409,2020-07-06,1,base_prediction|gold_daily|gold_vs_ma5|gold_vs_ma20|copper_daily|copper_vs_ma5|copper_vs_ma20|a500_vs_ma20|us10y_vs_ma20|RSI14_lag1|DIFF_lag1|DEA_lag1|cn10y_vs_ma20|brent_vs_ma20|dollar_vs_ma20|brent_vs_ma5|a500_vs_ma5
2020,2020-07-08,2020-07-07,965409,2020-07-07,1,base_prediction|gold_daily|gold_vs_ma5|gold_vs_ma20|copper_daily|copper_vs_ma5|copper_vs_ma20|a500_vs_ma20|us10y_vs_ma20|RSI14_lag1|DIFF_lag1|DEA_lag1|cn10y_vs_ma20|brent_vs_ma20|dollar_vs_ma20|brent_vs_ma5|a500_vs_ma5
2020,2020-07-09,2020-07-08,965409,2020-07-08,1,base_prediction|gold_daily|gold_vs_ma5|gold_vs_ma20|copper_daily|copper_vs_ma5|copper_vs_ma20|a500_vs_ma20|us10y_vs_ma20|RSI14_lag1|DIFF_lag1|DEA_lag1|cn10y_vs_ma20|brent_vs_ma20|dollar_vs_ma20|brent_vs_ma5|a500_vs_ma5
2020,2020-07-10,2020-07-09,965409,2020-07-09,1,base_prediction|gold_daily|gold_vs_ma5|gold_vs_ma20|copper_daily|copper_vs_ma5|copper_vs_ma20|a500_vs_ma20|us10y_vs_ma20|RSI14_lag1|DIFF_lag1|DEA_lag1|cn10y_vs_ma20|brent_vs_ma20|dollar_vs_ma20|brent_vs_ma5|a500_vs_ma5
2020,2020-07-13,2020-07-10,965409,2020-07-10,1,base_prediction|gold_daily|gold_vs_ma5|gold_vs_ma20|copper_daily|copper_vs_ma5|copper_vs_ma20|a500_vs_ma20|us10y_vs_ma20|RSI14_lag1|DIFF_lag1|DEA_lag1|cn10y_vs_ma20|brent_vs_ma20|dollar_vs_ma20|brent_vs_ma5|a500_vs_ma5
2020,2020-07-14,2020-07-13,965409,2020-07-13,1,base_prediction|gold_daily|gold_vs_ma5|gold_vs_ma20|copper_daily|copper_vs_ma5|copper_vs_ma20|a500_vs_ma20|us10y_vs_ma20|RSI14_lag1|DIFF_lag1|DEA_lag1|cn10y_vs_ma20|brent_vs_ma20|dollar_vs_ma20|brent_vs_ma5|a500_vs_ma5
2020,2020-07-15,2020-07-14,965409,2020-07-14,1,base_prediction|gold_daily|gold_vs_ma5|gold_vs_ma20|copper_daily|copper_vs_ma5|copper_vs_ma20|a500_vs_ma20|us10y_vs_ma20|RSI14_lag1|DIFF_lag1|DEA_lag1|cn10y_vs_ma20|brent_vs_ma20|dollar_vs_ma20|brent_vs_ma5|a500_vs_ma5
2020,2020-07-16,2020-07-15,798291,2020-07-15,1,base_prediction|gold_daily|gold_vs_ma5|gold_vs_ma20|copper_daily|copper_vs_ma5|copper_vs_ma20|a500_vs_ma20|us10y_vs_ma20|RSI14_lag1|DIFF_lag1|DEA_lag1|cn10y_vs_ma20|brent_vs_ma20|dollar_vs_ma20|brent_vs_ma5|a500_vs_ma5
2020,2020-07-17,2020-07-16,785634,2020-07-16,1,base_prediction|gold_daily|gold_vs_ma5|gold_vs_ma20|copper_daily|copper_vs_ma5|copper_vs_ma20|a500_vs_ma20|us10y_vs_ma20|RSI14_lag1|DIFF_lag1|DEA_lag1|cn10y_vs_ma20|brent_vs_ma20|dollar_vs_ma20|brent_vs_ma5|a500_vs_ma5
2020,2020-07-20,2020-07-17,798291,2020-07-17,1,base_prediction|gold_daily|gold_vs_ma5|gold_vs_ma20|copper_daily|copper_vs_ma5|copper_vs_ma20|a500_vs_ma20|us10y_vs_ma20|RSI14_lag1|DIFF_lag1|DEA_lag1|cn10y_vs_ma20|brent_vs_ma20|dollar_vs_ma20|brent_vs_ma5|a500_vs_ma5
2020,2020-07-21,2020-07-20,798291,2020-07-20,2,base_prediction|gold_daily|gold_vs_ma5|gold_vs_ma20|copper_daily|copper_vs_ma5|copper_vs_ma20|a500_vs_ma20|us10y_vs_ma20|RSI14_lag1|DIFF_lag1|DEA_lag1|cn10y_vs_ma20|brent_vs_ma20|dollar_vs_ma20|brent_vs_ma5|a500_vs_ma5
2020,2020-07-23,2020-07-22,798291,2020-07-22,2,base_prediction|gold_daily|gold_vs_ma5|gold_vs_ma20|copper_daily|copper_vs_ma5|copper_vs_ma20|a500_vs_ma20|us10y_vs_ma20|RSI14_lag1|DIFF_lag1|DEA_lag1|cn10y_vs_ma20|brent_vs_ma20|dollar_vs_ma20|brent_vs_ma5|a500_vs_ma5
2020,2020-07-27,2020-07-24,798291,2020-07-24,1,base_prediction|gold_daily|gold_vs_ma5|gold_vs_ma20|copper_daily|copper_vs_ma5|copper_vs_ma20|a500_vs_ma20|us10y_vs_ma20|RSI14_lag1|DIFF_lag1|DEA_lag1|cn10y_vs_ma20|brent_vs_ma20|dollar_vs_ma20|brent_vs_ma5|a500_vs_ma5
2020,2020-07-28,2020-07-27,798291,2020-07-27,1,base_prediction|gold_daily|gold_vs_ma5|gold_vs_ma20|copper_daily|copper_vs_ma5|copper_vs_ma20|a500_vs_ma20|us10y_vs_ma20|RSI14_lag1|DIFF_lag1|DEA_lag1|cn10y_vs_ma20|brent_vs_ma20|dollar_vs_ma20|brent_vs_ma5|a500_vs_ma5
2020,2020-07-29,2020-07-28,798291,2020-07-28,2,base_prediction|gold_daily|gold_vs_ma5|gold_vs_ma20|copper_daily|copper_vs_ma5|copper_vs_ma20|a500_vs_ma20|us10y_vs_ma20|RSI14_lag1|DIFF_lag1|DEA_lag1|cn10y_vs_ma20|brent_vs_ma20|dollar_vs_ma20|brent_vs_ma5|a500_vs_ma5
2020,2020-07-31,2020-07-30,798291,2020-07-30,1,base_prediction|gold_daily|gold_vs_ma5|gold_vs_ma20|copper_daily|copper_vs_ma5|copper_vs_ma20|a500_vs_ma20|us10y_vs_ma20|RSI14_lag1|DIFF_lag1|DEA_lag1|cn10y_vs_ma20|brent_vs_ma20|dollar_vs_ma20|brent_vs_ma5|a500_vs_ma5
2020,2020-08-03,2020-07-31,798291,2020-07-31,1,base_prediction|gold_daily|gold_vs_ma5|gold_vs_ma20|copper_daily|copper_vs_ma5|copper_vs_ma20|a500_vs_ma20|us10y_vs_ma20|RSI14_lag1|DIFF_lag1|DEA_lag1|cn10y_vs_ma20|brent_vs_ma20|dollar_vs_ma20|brent_vs_ma5|a500_vs_ma5
2020,2020-08-04,2020-08-03,798291,2020-08-03,1,base_prediction|gold_daily|gold_vs_ma5|gold_vs_ma20|copper_daily|copper_vs_ma5|copper_vs_ma20|a500_vs_ma20|us10y_vs_ma20|RSI14_lag1|DIFF_lag1|DEA_lag1|cn10y_vs_ma20|brent_vs_ma20|dollar_vs_ma20|brent_vs_ma5|a500_vs_ma5
2020,2020-08-05,2020-08-04,798291,2020-08-04,1,base_prediction|gold_daily|gold_vs_ma5|gold_vs_ma20|copper_daily|copper_vs_ma5|copper_vs_ma20|a500_vs_ma20|us10y_vs_ma20|RSI14_lag1|DIFF_lag1|DEA_lag1|cn10y_vs_ma20|brent_vs_ma20|dollar_vs_ma20|brent_vs_ma5|a500_vs_ma5
2020,2020-08-06,2020-08-05,798291,2020-08-05,1,base_prediction|gold_daily|gold_vs_ma5|gold_vs_ma20|copper_daily|copper_vs_ma5|copper_vs_ma20|a500_vs_ma20|us10y_vs_ma20|RSI14_lag1|DIFF_lag1|DEA_lag1|cn10y_vs_ma20|brent_vs_ma20|dollar_vs_ma20|brent_vs_ma5|a500_vs_ma5
2020,2020-08-07,2020-08-06,798291,2020-08-06,1,base_prediction|gold_daily|gold_vs_ma5|gold_vs_ma20|copper_daily|copper_vs_ma5|copper_vs_ma20|a500_vs_ma20|us10y_vs_ma20|RSI14_lag1|DIFF_lag1|DEA_lag1|cn10y_vs_ma20|brent_vs_ma20|dollar_vs_ma20|brent_vs_ma5|a500_vs_ma5
2020,2020-08-10,2020-08-07,798291,2020-08-07,1,base_prediction|gold_daily|gold_vs_ma5|gold_vs_ma20|copper_daily|copper_vs_ma5|copper_vs_ma20|a500_vs_ma20|us10y_vs_ma20|RSI14_lag1|DIFF_lag1|DEA_lag1|cn10y_vs_ma20|brent_vs_ma20|dollar_vs_ma20|brent_vs_ma5|a500_vs_ma5
2020,2020-08-11,2020-08-10,798291,2020-08-10,1,base_prediction|gold_daily|gold_vs_ma5|gold_vs_ma20|copper_daily|copper_vs_ma5|copper_vs_ma20|a500_vs_ma20|us10y_vs_ma20|RSI14_lag1|DIFF_lag1|DEA_lag1|cn10y_vs_ma20|brent_vs_ma20|dollar_vs_ma20|brent_vs_ma5|a500_vs_ma5
2020,2020-08-12,2020-08-11,798291,2020-08-11,1,base_prediction|gold_daily|gold_vs_ma5|gold_vs_ma20|copper_daily|copper_vs_ma5|copper_vs_ma20|a500_vs_ma20|us10y_vs_ma20|RSI14_lag1|DIFF_lag1|DEA_lag1|cn10y_vs_ma20|brent_vs_ma20|dollar_vs_ma20|brent_vs_ma5|a500_vs_ma5
2020,2020-08-13,2020-08-12,798291,2020-08-12,4,base_prediction|gold_daily|gold_vs_ma5|gold_vs_ma20|copper_daily|copper_vs_ma5|copper_vs_ma20|a500_vs_ma20|us10y_vs_ma20|RSI14_lag1|DIFF_lag1|DEA_lag1|cn10y_vs_ma20|brent_vs_ma20|dollar_vs_ma20|brent_vs_ma5|a500_vs_ma5
2020,2020-08-19,2020-08-18,798291,2020-08-18,1,base_prediction|gold_daily|gold_vs_ma5|gold_vs_ma20|copper_daily|copper_vs_ma5|copper_vs_ma20|a500_vs_ma20|us10y_vs_ma20|RSI14_lag1|DIFF_lag1|DEA_lag1|cn10y_vs_ma20|brent_vs_ma20|dollar_vs_ma20|brent_vs_ma5|a500_vs_ma5
2020,2020-08-20,2020-08-19,798291,2020-08-19,1,base_prediction|gold_daily|gold_vs_ma5|gold_vs_ma20|copper_daily|copper_vs_ma5|copper_vs_ma20|a500_vs_ma20|us10y_vs_ma20|RSI14_lag1|DIFF_lag1|DEA_lag1|cn10y_vs_ma20|brent_vs_ma20|dollar_vs_ma20|brent_vs_ma5|a500_vs_ma5
2020,2020-08-21,2020-08-20,798291,2020-08-20,1,base_prediction|gold_daily|gold_vs_ma5|gold_vs_ma20|copper_daily|copper_vs_ma5|copper_vs_ma20|a500_vs_ma20|us10y_vs_ma20|RSI14_lag1|DIFF_lag1|DEA_lag1|cn10y_vs_ma20|brent_vs_ma20|dollar_vs_ma20|brent_vs_ma5|a500_vs_ma5
2020,2020-08-24,2020-08-21,798291,2020-08-21,1,base_prediction|gold_daily|gold_vs_ma5|gold_vs_ma20|copper_daily|copper_vs_ma5|copper_vs_ma20|a500_vs_ma20|us10y_vs_ma20|RSI14_lag1|DIFF_lag1|DEA_lag1|cn10y_vs_ma20|brent_vs_ma20|dollar_vs_ma20|brent_vs_ma5|a500_vs_ma5
2020,2020-08-25,2020-08-24,385735,2020-08-24,1,base_prediction|gold_daily|gold_vs_ma5|gold_vs_ma20|copper_daily|copper_vs_ma5|copper_vs_ma20|a500_vs_ma20|us10y_vs_ma20|RSI14_lag1|DIFF_lag1|DEA_lag1|cn10y_vs_ma20|brent_vs_ma20|dollar_vs_ma20|brent_vs_ma5|a500_vs_ma5
2020,2020-08-26,2020-08-25,565766,2020-08-25,1,base_prediction|gold_daily|gold_vs_ma5|gold_vs_ma20|copper_daily|copper_vs_ma5|copper_vs_ma20|a500_vs_ma20|us10y_vs_ma20|RSI14_lag1|DIFF_lag1|DEA_lag1|cn10y_vs_ma20|brent_vs_ma20|dollar_vs_ma20|brent_vs_ma5|a500_vs_ma5
2020,2020-08-27,2020-08-26,798291,2020-08-26,1,base_prediction|gold_daily|gold_vs_ma5|gold_vs_ma20|copper_daily|copper_vs_ma5|copper_vs_ma20|a500_vs_ma20|us10y_vs_ma20|RSI14_lag1|DIFF_lag1|DEA_lag1|cn10y_vs_ma20|brent_vs_ma20|dollar_vs_ma20|brent_vs_ma5|a500_vs_ma5
2020,2020-08-28,2020-08-27,798291,2020-08-27,1,base_prediction|gold_daily|gold_vs_ma5|gold_vs_ma20|copper_daily|copper_vs_ma5|copper_vs_ma20|a500_vs_ma20|us10y_vs_ma20|RSI14_lag1|DIFF_lag1|DEA_lag1|cn10y_vs_ma20|brent_vs_ma20|dollar_vs_ma20|brent_vs_ma5|a500_vs_ma5
2020,2020-08-31,2020-08-28,565766,2020-08-28,2,base_prediction|gold_daily|gold_vs_ma5|gold_vs_ma20|copper_daily|copper_vs_ma5|copper_vs_ma20|a500_vs_ma20|us10y_vs_ma20|RSI14_lag1|DIFF_lag1|DEA_lag1|cn10y_vs_ma20|brent_vs_ma20|dollar_vs_ma20|brent_vs_ma5|a500_vs_ma5
2020,2020-09-02,2020-09-01,565766,2020-09-01,1,base_prediction|gold_daily|gold_vs_ma5|gold_vs_ma20|copper_daily|copper_vs_ma5|copper_vs_ma20|a500_vs_ma20|us10y_vs_ma20|RSI14_lag1|DIFF_lag1|DEA_lag1|cn10y_vs_ma20|brent_vs_ma20|dollar_vs_ma20|brent_vs_ma5|a500_vs_ma5
2020,2020-09-03,2020-09-02,42716,2020-09-02,1,base_prediction|gold_daily|gold_vs_ma5|gold_vs_ma20|copper_daily|copper_vs_ma5|copper_vs_ma20|a500_vs_ma20|us10y_vs_ma20|RSI14_lag1|DIFF_lag1|DEA_lag1|cn10y_vs_ma20|brent_vs_ma20|dollar_vs_ma20|brent_vs_ma5|a500_vs_ma5
2020,2020-09-04,2020-09-03,42716,2020-09-03,1,base_prediction|gold_daily|gold_vs_ma5|gold_vs_ma20|copper_daily|copper_vs_ma5|copper_vs_ma20|a500_vs_ma20|us10y_vs_ma20|RSI14_lag1|DIFF_lag1|DEA_lag1|cn10y_vs_ma20|brent_vs_ma20|dollar_vs_ma20|brent_vs_ma5|a500_vs_ma5
2020,2020-09-06,2020-09-04,42716,2020-09-04,1,base_prediction|gold_daily|gold_vs_ma5|gold_vs_ma20|copper_daily|copper_vs_ma5|copper_vs_ma20|a500_vs_ma20|us10y_vs_ma20|RSI14_lag1|DIFF_lag1|DEA_lag1|cn10y_vs_ma20|brent_vs_ma20|dollar_vs_ma20|brent_vs_ma5|a500_vs_ma5
2020,2020-09-07,2020-09-06,42716,2020-09-06,2,base_prediction|gold_daily|gold_vs_ma5|gold_vs_ma20|copper_daily|copper_vs_ma5|copper_vs_ma20|a500_vs_ma20|us10y_vs_ma20|RSI14_lag1|DIFF_lag1|DEA_lag1|cn10y_vs_ma20|brent_vs_ma20|dollar_vs_ma20|brent_vs_ma5|a500_vs_ma5
2020,2020-09-09,2020-09-08,42716,2020-09-08,1,base_prediction|gold_daily|gold_vs_ma5|gold_vs_ma20|copper_daily|copper_vs_ma5|copper_vs_ma20|a500_vs_ma20|us10y_vs_ma20|RSI14_lag1|DIFF_lag1|DEA_lag1|cn10y_vs_ma20|brent_vs_ma20|dollar_vs_ma20|brent_vs_ma5|a500_vs_ma5
2020,2020-09-10,2020-09-09,42716,2020-09-09,5,base_prediction|gold_daily|gold_vs_ma5|gold_vs_ma20|copper_daily|copper_vs_ma5|copper_vs_ma20|a500_vs_ma20|us10y_vs_ma20|RSI14_lag1|DIFF_lag1|DEA_lag1|cn10y_vs_ma20|brent_vs_ma20|dollar_vs_ma20|brent_vs_ma5|a500_vs_ma5
2020,2020-09-17,2020-09-16,785634,2020-09-16,5,base_prediction|gold_daily|gold_vs_ma5|gold_vs_ma20|copper_daily|copper_vs_ma5|copper_vs_ma20|a500_vs_ma20|us10y_vs_ma20|RSI14_lag1|DIFF_lag1|DEA_lag1|cn10y_vs_ma20|brent_vs_ma20|dollar_vs_ma20|brent_vs_ma5|a500_vs_ma5
2020,2020-09-24,2020-09-23,374583,2020-09-23,3,base_prediction|gold_daily|gold_vs_ma5|gold_vs_ma20|copper_daily|copper_vs_ma5|copper_vs_ma20|a500_vs_ma20|us10y_vs_ma20|RSI14_lag1|DIFF_lag1|DEA_lag1|cn10y_vs_ma20|brent_vs_ma20|dollar_vs_ma20|brent_vs_ma5|a500_vs_ma5
2020,2020-09-28,2020-09-27,374583,2020-09-27,4,base_prediction|gold_daily|gold_vs_ma5|gold_vs_ma20|copper_daily|copper_vs_ma5|copper_vs_ma20|a500_vs_ma20|us10y_vs_ma20|RSI14_lag1|DIFF_lag1|DEA_lag1|cn10y_vs_ma20|brent_vs_ma20|dollar_vs_ma20|brent_vs_ma5|a500_vs_ma5
2020,2020-10-02,2020-10-01,42716,2020-10-01,1,base_prediction|gold_daily|gold_vs_ma5|gold_vs_ma20|copper_daily|copper_vs_ma5|copper_vs_ma20|a500_vs_ma20|us10y_vs_ma20|RSI14_lag1|DIFF_lag1|DEA_lag1|cn10y_vs_ma20|brent_vs_ma20|dollar_vs_ma20|brent_vs_ma5|a500_vs_ma5
2020,2020-10-05,2020-10-02,42716,2020-10-02,1,base_prediction|gold_daily|gold_vs_ma5|gold_vs_ma20|copper_daily|copper_vs_ma5|copper_vs_ma20|a500_vs_ma20|us10y_vs_ma20|RSI14_lag1|DIFF_lag1|DEA_lag1|cn10y_vs_ma20|brent_vs_ma20|dollar_vs_ma20|brent_vs_ma5|a500_vs_ma5
2020,2020-10-06,2020-10-05,42716,2020-10-05,5,base_prediction|gold_daily|gold_vs_ma5|gold_vs_ma20|copper_daily|copper_vs_ma5|copper_vs_ma20|a500_vs_ma20|us10y_vs_ma20|RSI14_lag1|DIFF_lag1|DEA_lag1|cn10y_vs_ma20|brent_vs_ma20|dollar_vs_ma20|brent_vs_ma5|a500_vs_ma5
2020,2020-10-12,2020-10-10,385735,2020-10-10,5,base_prediction|gold_daily|gold_vs_ma5|gold_vs_ma20|copper_daily|copper_vs_ma5|copper_vs_ma20|a500_vs_ma20|us10y_vs_ma20|RSI14_lag1|DIFF_lag1|DEA_lag1|cn10y_vs_ma20|brent_vs_ma20|dollar_vs_ma20|brent_vs_ma5|a500_vs_ma5
2020,2020-10-19,2020-10-16,42716,2020-10-16,2,base_prediction|gold_daily|gold_vs_ma5|gold_vs_ma20|copper_daily|copper_vs_ma5|copper_vs_ma20|a500_vs_ma20|us10y_vs_ma20|RSI14_lag1|DIFF_lag1|DEA_lag1|cn10y_vs_ma20|brent_vs_ma20|dollar_vs_ma20|brent_vs_ma5|a500_vs_ma5
2020,2020-10-21,2020-10-20,42716,2020-10-20,1,base_prediction|gold_daily|gold_vs_ma5|gold_vs_ma20|copper_daily|copper_vs_ma5|copper_vs_ma20|a500_vs_ma20|us10y_vs_ma20|RSI14_lag1|DIFF_lag1|DEA_lag1|cn10y_vs_ma20|brent_vs_ma20|dollar_vs_ma20|brent_vs_ma5|a500_vs_ma5
2020,2020-10-22,2020-10-21,42716,2020-10-21,1,base_prediction|gold_daily|gold_vs_ma5|gold_vs_ma20|copper_daily|copper_vs_ma5|copper_vs_ma20|a500_vs_ma20|us10y_vs_ma20|RSI14_lag1|DIFF_lag1|DEA_lag1|cn10y_vs_ma20|brent_vs_ma20|dollar_vs_ma20|brent_vs_ma5|a500_vs_ma5
2020,2020-10-23,2020-10-22,42716,2020-10-22,1,base_prediction|gold_daily|gold_vs_ma5|gold_vs_ma20|copper_daily|copper_vs_ma5|copper_vs_ma20|a500_vs_ma20|us10y_vs_ma20|RSI14_lag1|DIFF_lag1|DEA_lag1|cn10y_vs_ma20|brent_vs_ma20|dollar_vs_ma20|brent_vs_ma5|a500_vs_ma5
2020,2020-10-26,2020-10-23,42716,2020-10-23,1,base_prediction|gold_daily|gold_vs_ma5|gold_vs_ma20|copper_daily|copper_vs_ma5|copper_vs_ma20|a500_vs_ma20|us10y_vs_ma20|RSI14_lag1|DIFF_lag1|DEA_lag1|cn10y_vs_ma20|brent_vs_ma20|dollar_vs_ma20|brent_vs_ma5|a500_vs_ma5
2020,2020-10-27,2020-10-26,42716,2020-10-26,1,base_prediction|gold_daily|gold_vs_ma5|gold_vs_ma20|copper_daily|copper_vs_ma5|copper_vs_ma20|a500_vs_ma20|us10y_vs_ma20|RSI14_lag1|DIFF_lag1|DEA_lag1|cn10y_vs_ma20|brent_vs_ma20|dollar_vs_ma20|brent_vs_ma5|a500_vs_ma5
2020,2020-10-28,2020-10-27,42716,2020-10-27,1,base_prediction|gold_daily|gold_vs_ma5|gold_vs_ma20|copper_daily|copper_vs_ma5|copper_vs_ma20|a500_vs_ma20|us10y_vs_ma20|RSI14_lag1|DIFF_lag1|DEA_lag1|cn10y_vs_ma20|brent_vs_ma20|dollar_vs_ma20|brent_vs_ma5|a500_vs_ma5
2020,2020-10-29,2020-10-28,42716,2020-10-28,1,base_prediction|gold_daily|gold_vs_ma5|gold_vs_ma20|copper_daily|copper_vs_ma5|copper_vs_ma20|a500_vs_ma20|us10y_vs_ma20|RSI14_lag1|DIFF_lag1|DEA_lag1|cn10y_vs_ma20|brent_vs_ma20|dollar_vs_ma20|brent_vs_ma5|a500_vs_ma5
2020,2020-10-30,2020-10-29,385735,2020-10-29,1,base_prediction|gold_daily|gold_vs_ma5|gold_vs_ma20|copper_daily|copper_vs_ma5|copper_vs_ma20|a500_vs_ma20|us10y_vs_ma20|RSI14_lag1|DIFF_lag1|DEA_lag1|cn10y_vs_ma20|brent_vs_ma20|dollar_vs_ma20|brent_vs_ma5|a500_vs_ma5
2020,2020-11-02,2020-10-30,385735,2020-10-30,1,base_prediction|gold_daily|gold_vs_ma5|gold_vs_ma20|copper_daily|copper_vs_ma5|copper_vs_ma20|a500_vs_ma20|us10y_vs_ma20|RSI14_lag1|DIFF_lag1|DEA_lag1|cn10y_vs_ma20|brent_vs_ma20|dollar_vs_ma20|brent_vs_ma5|a500_vs_ma5
2020,2020-11-03,2020-11-02,385735,2020-11-02,1,base_prediction|gold_daily|gold_vs_ma5|gold_vs_ma20|copper_daily|copper_vs_ma5|copper_vs_ma20|a500_vs_ma20|us10y_vs_ma20|RSI14_lag1|DIFF_lag1|DEA_lag1|cn10y_vs_ma20|brent_vs_ma20|dollar_vs_ma20|brent_vs_ma5|a500_vs_ma5
2020,2020-11-04,2020-11-03,385735,2020-11-03,1,base_prediction|gold_daily|gold_vs_ma5|gold_vs_ma20|copper_daily|copper_vs_ma5|copper_vs_ma20|a500_vs_ma20|us10y_vs_ma20|RSI14_lag1|DIFF_lag1|DEA_lag1|cn10y_vs_ma20|brent_vs_ma20|dollar_vs_ma20|brent_vs_ma5|a500_vs_ma5
2020,2020-11-05,2020-11-04,550343,2020-11-04,2,base_prediction|gold_daily|gold_vs_ma5|gold_vs_ma20|copper_daily|copper_vs_ma5|copper_vs_ma20|a500_vs_ma20|us10y_vs_ma20|RSI14_lag1|DIFF_lag1|DEA_lag1|cn10y_vs_ma20|brent_vs_ma20|dollar_vs_ma20|brent_vs_ma5|a500_vs_ma5
2020,2020-11-09,2020-11-06,550343,2020-11-06,1,base_prediction|gold_daily|gold_vs_ma5|gold_vs_ma20|copper_daily|copper_vs_ma5|copper_vs_ma20|a500_vs_ma20|us10y_vs_ma20|RSI14_lag1|DIFF_lag1|DEA_lag1|cn10y_vs_ma20|brent_vs_ma20|dollar_vs_ma20|brent_vs_ma5|a500_vs_ma5
2020,2020-11-10,2020-11-09,550343,2020-11-09,1,base_prediction|gold_daily|gold_vs_ma5|gold_vs_ma20|copper_daily|copper_vs_ma5|copper_vs_ma20|a500_vs_ma20|us10y_vs_ma20|RSI14_lag1|DIFF_lag1|DEA_lag1|cn10y_vs_ma20|brent_vs_ma20|dollar_vs_ma20|brent_vs_ma5|a500_vs_ma5
2020,2020-11-11,2020-11-10,550343,2020-11-10,1,base_prediction|gold_daily|gold_vs_ma5|gold_vs_ma20|copper_daily|copper_vs_ma5|copper_vs_ma20|a500_vs_ma20|us10y_vs_ma20|RSI14_lag1|DIFF_lag1|DEA_lag1|cn10y_vs_ma20|brent_vs_ma20|dollar_vs_ma20|brent_vs_ma5|a500_vs_ma5
2020,2020-11-12,2020-11-11,550343,2020-11-11,1,base_prediction|gold_daily|gold_vs_ma5|gold_vs_ma20|copper_daily|copper_vs_ma5|copper_vs_ma20|a500_vs_ma20|us10y_vs_ma20|RSI14_lag1|DIFF_lag1|DEA_lag1|cn10y_vs_ma20|brent_vs_ma20|dollar_vs_ma20|brent_vs_ma5|a500_vs_ma5
2020,2020-11-13,2020-11-12,550343,2020-11-12,2,base_prediction|gold_daily|gold_vs_ma5|gold_vs_ma20|copper_daily|copper_vs_ma5|copper_vs_ma20|a500_vs_ma20|us10y_vs_ma20|RSI14_lag1|DIFF_lag1|DEA_lag1|cn10y_vs_ma20|brent_vs_ma20|dollar_vs_ma20|brent_vs_ma5|a500_vs_ma5
2020,2020-11-17,2020-11-16,550343,2020-11-16,1,base_prediction|gold_daily|gold_vs_ma5|gold_vs_ma20|copper_daily|copper_vs_ma5|copper_vs_ma20|a500_vs_ma20|us10y_vs_ma20|RSI14_lag1|DIFF_lag1|DEA_lag1|cn10y_vs_ma20|brent_vs_ma20|dollar_vs_ma20|brent_vs_ma5|a500_vs_ma5
2020,2020-11-18,2020-11-17,550343,2020-11-17,1,base_prediction|gold_daily|gold_vs_ma5|gold_vs_ma20|copper_daily|copper_vs_ma5|copper_vs_ma20|a500_vs_ma20|us10y_vs_ma20|RSI14_lag1|DIFF_lag1|DEA_lag1|cn10y_vs_ma20|brent_vs_ma20|dollar_vs_ma20|brent_vs_ma5|a500_vs_ma5
2020,2020-11-19,2020-11-18,550343,2020-11-18,2,base_prediction|gold_daily|gold_vs_ma5|gold_vs_ma20|copper_daily|copper_vs_ma5|copper_vs_ma20|a500_vs_ma20|us10y_vs_ma20|RSI14_lag1|DIFF_lag1|DEA_lag1|cn10y_vs_ma20|brent_vs_ma20|dollar_vs_ma20|brent_vs_ma5|a500_vs_ma5
2020,2020-11-23,2020-11-20,550343,2020-11-20,1,base_prediction|gold_daily|gold_vs_ma5|gold_vs_ma20|copper_daily|copper_vs_ma5|copper_vs_ma20|a500_vs_ma20|us10y_vs_ma20|RSI14_lag1|DIFF_lag1|DEA_lag1|cn10y_vs_ma20|brent_vs_ma20|dollar_vs_ma20|brent_vs_ma5|a500_vs_ma5
2020,2020-11-24,2020-11-23,550343,2020-11-23,1,base_prediction|gold_daily|gold_vs_ma5|gold_vs_ma20|copper_daily|copper_vs_ma5|copper_vs_ma20|a500_vs_ma20|us10y_vs_ma20|RSI14_lag1|DIFF_lag1|DEA_lag1|cn10y_vs_ma20|brent_vs_ma20|dollar_vs_ma20|brent_vs_ma5|a500_vs_ma5
2020,2020-11-25,2020-11-24,550343,2020-11-24,2,base_prediction|gold_daily|gold_vs_ma5|gold_vs_ma20|copper_daily|copper_vs_ma5|copper_vs_ma20|a500_vs_ma20|us10y_vs_ma20|RSI14_lag1|DIFF_lag1|DEA_lag1|cn10y_vs_ma20|brent_vs_ma20|dollar_vs_ma20|brent_vs_ma5|a500_vs_ma5
2020,2020-11-27,2020-11-26,550343,2020-11-26,1,base_prediction|gold_daily|gold_vs_ma5|gold_vs_ma20|copper_daily|copper_vs_ma5|copper_vs_ma20|a500_vs_ma20|us10y_vs_ma20|RSI14_lag1|DIFF_lag1|DEA_lag1|cn10y_vs_ma20|brent_vs_ma20|dollar_vs_ma20|brent_vs_ma5|a500_vs_ma5
2020,2020-11-30,2020-11-27,965409,2020-11-27,1,base_prediction|gold_daily|gold_vs_ma5|gold_vs_ma20|copper_daily|copper_vs_ma5|copper_vs_ma20|a500_vs_ma20|us10y_vs_ma20|RSI14_lag1|DIFF_lag1|DEA_lag1|cn10y_vs_ma20|brent_vs_ma20|dollar_vs_ma20|brent_vs_ma5|a500_vs_ma5
2020,2020-12-01,2020-11-30,965409,2020-11-30,1,base_prediction|gold_daily|gold_vs_ma5|gold_vs_ma20|copper_daily|copper_vs_ma5|copper_vs_ma20|a500_vs_ma20|us10y_vs_ma20|RSI14_lag1|DIFF_lag1|DEA_lag1|cn10y_vs_ma20|brent_vs_ma20|dollar_vs_ma20|brent_vs_ma5|a500_vs_ma5
2020,2020-12-02,2020-12-01,965409,2020-12-01,2,base_prediction|gold_daily|gold_vs_ma5|gold_vs_ma20|copper_daily|copper_vs_ma5|copper_vs_ma20|a500_vs_ma20|us10y_vs_ma20|RSI14_lag1|DIFF_lag1|DEA_lag1|cn10y_vs_ma20|brent_vs_ma20|dollar_vs_ma20|brent_vs_ma5|a500_vs_ma5
2020,2020-12-04,2020-12-03,965409,2020-12-03,1,base_prediction|gold_daily|gold_vs_ma5|gold_vs_ma20|copper_daily|copper_vs_ma5|copper_vs_ma20|a500_vs_ma20|us10y_vs_ma20|RSI14_lag1|DIFF_lag1|DEA_lag1|cn10y_vs_ma20|brent_vs_ma20|dollar_vs_ma20|brent_vs_ma5|a500_vs_ma5
2020,2020-12-07,2020-12-04,965409,2020-12-04,2,base_prediction|gold_daily|gold_vs_ma5|gold_vs_ma20|copper_daily|copper_vs_ma5|copper_vs_ma20|a500_vs_ma20|us10y_vs_ma20|RSI14_lag1|DIFF_lag1|DEA_lag1|cn10y_vs_ma20|brent_vs_ma20|dollar_vs_ma20|brent_vs_ma5|a500_vs_ma5
2020,2020-12-09,2020-12-08,965409,2020-12-08,1,base_prediction|gold_daily|gold_vs_ma5|gold_vs_ma20|copper_daily|copper_vs_ma5|copper_vs_ma20|a500_vs_ma20|us10y_vs_ma20|RSI14_lag1|DIFF_lag1|DEA_lag1|cn10y_vs_ma20|brent_vs_ma20|dollar_vs_ma20|brent_vs_ma5|a500_vs_ma5
2020,2020-12-10,2020-12-09,965409,2020-12-09,1,base_prediction|gold_daily|gold_vs_ma5|gold_vs_ma20|copper_daily|copper_vs_ma5|copper_vs_ma20|a500_vs_ma20|us10y_vs_ma20|RSI14_lag1|DIFF_lag1|DEA_lag1|cn10y_vs_ma20|brent_vs_ma20|dollar_vs_ma20|brent_vs_ma5|a500_vs_ma5
2020,2020-12-11,2020-12-10,965409,2020-12-10,1,base_prediction|gold_daily|gold_vs_ma5|gold_vs_ma20|copper_daily|copper_vs_ma5|copper_vs_ma20|a500_vs_ma20|us10y_vs_ma20|RSI14_lag1|DIFF_lag1|DEA_lag1|cn10y_vs_ma20|brent_vs_ma20|dollar_vs_ma20|brent_vs_ma5|a500_vs_ma5
2020,2020-12-14,2020-12-11,965409,2020-12-11,2,base_prediction|gold_daily|gold_vs_ma5|gold_vs_ma20|copper_daily|copper_vs_ma5|copper_vs_ma20|a500_vs_ma20|us10y_vs_ma20|RSI14_lag1|DIFF_lag1|DEA_lag1|cn10y_vs_ma20|brent_vs_ma20|dollar_vs_ma20|brent_vs_ma5|a500_vs_ma5
2020,2020-12-16,2020-12-15,965409,2020-12-15,1,base_prediction|gold_daily|gold_vs_ma5|gold_vs_ma20|copper_daily|copper_vs_ma5|copper_vs_ma20|a500_vs_ma20|us10y_vs_ma20|RSI14_lag1|DIFF_lag1|DEA_lag1|cn10y_vs_ma20|brent_vs_ma20|dollar_vs_ma20|brent_vs_ma5|a500_vs_ma5
2020,2020-12-17,2020-12-16,965409,2020-12-16,1,base_prediction|gold_daily|gold_vs_ma5|gold_vs_ma20|copper_daily|copper_vs_ma5|copper_vs_ma20|a500_vs_ma20|us10y_vs_ma20|RSI14_lag1|DIFF_lag1|DEA_lag1|cn10y_vs_ma20|brent_vs_ma20|dollar_vs_ma20|brent_vs_ma5|a500_vs_ma5
2020,2020-12-18,2020-12-17,965409,2020-12-17,1,base_prediction|gold_daily|gold_vs_ma5|gold_vs_ma20|copper_daily|copper_vs_ma5|copper_vs_ma20|a500_vs_ma20|us10y_vs_ma20|RSI14_lag1|DIFF_lag1|DEA_lag1|cn10y_vs_ma20|brent_vs_ma20|dollar_vs_ma20|brent_vs_ma5|a500_vs_ma5
2020,2020-12-21,2020-12-18,965409,2020-12-18,1,base_prediction|gold_daily|gold_vs_ma5|gold_vs_ma20|copper_daily|copper_vs_ma5|copper_vs_ma20|a500_vs_ma20|us10y_vs_ma20|RSI14_lag1|DIFF_lag1|DEA_lag1|cn10y_vs_ma20|brent_vs_ma20|dollar_vs_ma20|brent_vs_ma5|a500_vs_ma5
2020,2020-12-22,2020-12-21,965409,2020-12-21,1,base_prediction|gold_daily|gold_vs_ma5|gold_vs_ma20|copper_daily|copper_vs_ma5|copper_vs_ma20|a500_vs_ma20|us10y_vs_ma20|RSI14_lag1|DIFF_lag1|DEA_lag1|cn10y_vs_ma20|brent_vs_ma20|dollar_vs_ma20|brent_vs_ma5|a500_vs_ma5
2020,2020-12-23,2020-12-22,965409,2020-12-22,6,base_prediction|gold_daily|gold_vs_ma5|gold_vs_ma20|copper_daily|copper_vs_ma5|copper_vs_ma20|a500_vs_ma20|us10y_vs_ma20|RSI14_lag1|DIFF_lag1|DEA_lag1|cn10y_vs_ma20|brent_vs_ma20|dollar_vs_ma20|brent_vs_ma5|a500_vs_ma5
2020,2020-12-31,2020-12-30,965409,2020-12-30,1,base_prediction|gold_daily|gold_vs_ma5|gold_vs_ma20|copper_daily|copper_vs_ma5|copper_vs_ma20|a500_vs_ma20|us10y_vs_ma20|RSI14_lag1|DIFF_lag1|DEA_lag1|cn10y_vs_ma20|brent_vs_ma20|dollar_vs_ma20|brent_vs_ma5|a500_vs_ma5
2021,2021-01-01,,965409,2020-12-31,1,base_prediction|gold_daily|gold_vs_ma5|gold_vs_ma20|copper_daily|copper_vs_ma5|copper_vs_ma20|a500_vs_ma20|us10y_vs_ma20|RSI14_lag1|DIFF_lag1|DEA_lag1|cn10y_vs_ma20|brent_vs_ma20|dollar_vs_ma20|brent_vs_ma5|a500_vs_ma5
2021,2021-01-04,2021-01-01,965409,2021-01-01,2,base_prediction|gold_daily|gold_vs_ma5|gold_vs_ma20|copper_daily|copper_vs_ma5|copper_vs_ma20|a500_vs_ma20|us10y_vs_ma20|RSI14_lag1|DIFF_lag1|DEA_lag1|cn10y_vs_ma20|brent_vs_ma20|dollar_vs_ma20|brent_vs_ma5|a500_vs_ma5
2021,2021-01-06,2021-01-05,965409,2021-01-05,1,base_prediction|gold_daily|gold_vs_ma5|gold_vs_ma20|copper_daily|copper_vs_ma5|copper_vs_ma20|a500_vs_ma20|us10y_vs_ma20|RSI14_lag1|DIFF_lag1|DEA_lag1|cn10y_vs_ma20|brent_vs_ma20|dollar_vs_ma20|brent_vs_ma5|a500_vs_ma5
2021,2021-01-07,2021-01-06,965409,2021-01-06,1,base_prediction|gold_daily|gold_vs_ma5|gold_vs_ma20|copper_daily|copper_vs_ma5|copper_vs_ma20|a500_vs_ma20|us10y_vs_ma20|RSI14_lag1|DIFF_lag1|DEA_lag1|cn10y_vs_ma20|brent_vs_ma20|dollar_vs_ma20|brent_vs_ma5|a500_vs_ma5
2021,2021-01-08,2021-01-07,965409,2021-01-07,1,base_prediction|gold_daily|gold_vs_ma5|gold_vs_ma20|copper_daily|copper_vs_ma5|copper_vs_ma20|a500_vs_ma20|us10y_vs_ma20|RSI14_lag1|DIFF_lag1|DEA_lag1|cn10y_vs_ma20|brent_vs_ma20|dollar_vs_ma20|brent_vs_ma5|a500_vs_ma5
2021,2021-01-11,2021-01-08,965409,2021-01-08,4,base_prediction|gold_daily|gold_vs_ma5|gold_vs_ma20|copper_daily|copper_vs_ma5|copper_vs_ma20|a500_vs_ma20|us10y_vs_ma20|RSI14_lag1|DIFF_lag1|DEA_lag1|cn10y_vs_ma20|brent_vs_ma20|dollar_vs_ma20|brent_vs_ma5|a500_vs_ma5
2021,2021-01-15,2021-01-14,965409,2021-01-14,1,base_prediction|gold_daily|gold_vs_ma5|gold_vs_ma20|copper_daily|copper_vs_ma5|copper_vs_ma20|a500_vs_ma20|us10y_vs_ma20|RSI14_lag1|DIFF_lag1|DEA_lag1|cn10y_vs_ma20|brent_vs_ma20|dollar_vs_ma20|brent_vs_ma5|a500_vs_ma5
2021,2021-01-17,2021-01-15,965409,2021-01-15,1,base_prediction|gold_daily|gold_vs_ma5|gold_vs_ma20|copper_daily|copper_vs_ma5|copper_vs_ma20|a500_vs_ma20|us10y_vs_ma20|RSI14_lag1|DIFF_lag1|DEA_lag1|cn10y_vs_ma20|brent_vs_ma20|dollar_vs_ma20|brent_vs_ma5|a500_vs_ma5
2021,2021-01-18,2021-01-17,965409,2021-01-17,2,base_prediction|gold_daily|gold_vs_ma5|gold_vs_ma20|copper_daily|copper_vs_ma5|copper_vs_ma20|a500_vs_ma20|us10y_vs_ma20|RSI14_lag1|DIFF_lag1|DEA_lag1|cn10y_vs_ma20|brent_vs_ma20|dollar_vs_ma20|brent_vs_ma5|a500_vs_ma5
2021,2021-01-20,2021-01-19,965409,2021-01-19,2,base_prediction|gold_daily|gold_vs_ma5|gold_vs_ma20|copper_daily|copper_vs_ma5|copper_vs_ma20|a500_vs_ma20|us10y_vs_ma20|RSI14_lag1|DIFF_lag1|DEA_lag1|cn10y_vs_ma20|brent_vs_ma20|dollar_vs_ma20|brent_vs_ma5|a500_vs_ma5
2021,2021-01-22,2021-01-21,965409,2021-01-21,1,base_prediction|gold_daily|gold_vs_ma5|gold_vs_ma20|copper_daily|copper_vs_ma5|copper_vs_ma20|a500_vs_ma20|us10y_vs_ma20|RSI14_lag1|DIFF_lag1|DEA_lag1|cn10y_vs_ma20|brent_vs_ma20|dollar_vs_ma20|brent_vs_ma5|a500_vs_ma5
2021,2021-01-25,2021-01-22,374583,2021-01-22,7,base_prediction|gold_daily|gold_vs_ma5|gold_vs_ma20|copper_daily|copper_vs_ma5|copper_vs_ma20|a500_vs_ma20|us10y_vs_ma20|RSI14_lag1|DIFF_lag1|DEA_lag1|cn10y_vs_ma20|brent_vs_ma20|dollar_vs_ma20|brent_vs_ma5|a500_vs_ma5
2021,2021-02-03,2021-02-02,374583,2021-02-02,2,base_prediction|gold_daily|gold_vs_ma5|gold_vs_ma20|copper_daily|copper_vs_ma5|copper_vs_ma20|a500_vs_ma20|us10y_vs_ma20|RSI14_lag1|DIFF_lag1|DEA_lag1|cn10y_vs_ma20|brent_vs_ma20|dollar_vs_ma20|brent_vs_ma5|a500_vs_ma5
2021,2021-02-05,2021-02-04,374583,2021-02-04,1,base_prediction|gold_daily|gold_vs_ma5|gold_vs_ma20|copper_daily|copper_vs_ma5|copper_vs_ma20|a500_vs_ma20|us10y_vs_ma20|RSI14_lag1|DIFF_lag1|DEA_lag1|cn10y_vs_ma20|brent_vs_ma20|dollar_vs_ma20|brent_vs_ma5|a500_vs_ma5
2021,2021-02-07,2021-02-05,785634,2021-02-05,3,base_prediction|gold_daily|gold_vs_ma5|gold_vs_ma20|copper_daily|copper_vs_ma5|copper_vs_ma20|a500_vs_ma20|us10y_vs_ma20|RSI14_lag1|DIFF_lag1|DEA_lag1|cn10y_vs_ma20|brent_vs_ma20|dollar_vs_ma20|brent_vs_ma5|a500_vs_ma5
2021,2021-02-10,2021-02-09,965409,2021-02-09,1,base_prediction|gold_daily|gold_vs_ma5|gold_vs_ma20|copper_daily|copper_vs_ma5|copper_vs_ma20|a500_vs_ma20|us10y_vs_ma20|RSI14_lag1|DIFF_lag1|DEA_lag1|cn10y_vs_ma20|brent_vs_ma20|dollar_vs_ma20|brent_vs_ma5|a500_vs_ma5
2021,2021-02-11,2021-02-10,965409,2021-02-10,1,base_prediction|gold_daily|gold_vs_ma5|gold_vs_ma20|copper_daily|copper_vs_ma5|copper_vs_ma20|a500_vs_ma20|us10y_vs_ma20|RSI14_lag1|DIFF_lag1|DEA_lag1|cn10y_vs_ma20|brent_vs_ma20|dollar_vs_ma20|brent_vs_ma5|a500_vs_ma5
2021,2021-02-12,2021-02-11,965409,2021-02-11,1,base_prediction|gold_daily|gold_vs_ma5|gold_vs_ma20|copper_daily|copper_vs_ma5|copper_vs_ma20|a500_vs_ma20|us10y_vs_ma20|RSI14_lag1|DIFF_lag1|DEA_lag1|cn10y_vs_ma20|brent_vs_ma20|dollar_vs_ma20|brent_vs_ma5|a500_vs_ma5
2021,2021-02-14,2021-02-12,798291,2021-02-12,1,base_prediction|gold_daily|gold_vs_ma5|gold_vs_ma20|copper_daily|copper_vs_ma5|copper_vs_ma20|a500_vs_ma20|us10y_vs_ma20|RSI14_lag1|DIFF_lag1|DEA_lag1|cn10y_vs_ma20|brent_vs_ma20|dollar_vs_ma20|brent_vs_ma5|a500_vs_ma5
2021,2021-02-15,2021-02-14,798291,2021-02-14,1,base_prediction|gold_daily|gold_vs_ma5|gold_vs_ma20|copper_daily|copper_vs_ma5|copper_vs_ma20|a500_vs_ma20|us10y_vs_ma20|RSI14_lag1|DIFF_lag1|DEA_lag1|cn10y_vs_ma20|brent_vs_ma20|dollar_vs_ma20|brent_vs_ma5|a500_vs_ma5
2021,2021-02-16,2021-02-15,798291,2021-02-15,3,base_prediction|gold_daily|gold_vs_ma5|gold_vs_ma20|copper_daily|copper_vs_ma5|copper_vs_ma20|a500_vs_ma20|us10y_vs_ma20|RSI14_lag1|DIFF_lag1|DEA_lag1|cn10y_vs_ma20|brent_vs_ma20|dollar_vs_ma20|brent_vs_ma5|a500_vs_ma5
2021,2021-02-19,2021-02-18,798291,2021-02-18,1,base_prediction|gold_daily|gold_vs_ma5|gold_vs_ma20|copper_daily|copper_vs_ma5|copper_vs_ma20|a500_vs_ma20|us10y_vs_ma20|RSI14_lag1|DIFF_lag1|DEA_lag1|cn10y_vs_ma20|brent_vs_ma20|dollar_vs_ma20|brent_vs_ma5|a500_vs_ma5
2021,2021-02-20,2021-02-19,798291,2021-02-19,5,base_prediction|gold_daily|gold_vs_ma5|gold_vs_ma20|copper_daily|copper_vs_ma5|copper_vs_ma20|a500_vs_ma20|us10y_vs_ma20|RSI14_lag1|DIFF_lag1|DEA_lag1|cn10y_vs_ma20|brent_vs_ma20|dollar_vs_ma20|brent_vs_ma5|a500_vs_ma5
2021,2021-02-26,2021-02-25,565766,2021-02-25,1,base_prediction|gold_daily|gold_vs_ma5|gold_vs_ma20|copper_daily|copper_vs_ma5|copper_vs_ma20|a500_vs_ma20|us10y_vs_ma20|RSI14_lag1|DIFF_lag1|DEA_lag1|cn10y_vs_ma20|brent_vs_ma20|dollar_vs_ma20|brent_vs_ma5|a500_vs_ma5
2021,2021-03-01,2021-02-26,798291,2021-02-26,1,base_prediction|gold_daily|gold_vs_ma5|gold_vs_ma20|copper_daily|copper_vs_ma5|copper_vs_ma20|a500_vs_ma20|us10y_vs_ma20|RSI14_lag1|DIFF_lag1|DEA_lag1|cn10y_vs_ma20|brent_vs_ma20|dollar_vs_ma20|brent_vs_ma5|a500_vs_ma5
2021,2021-03-02,2021-03-01,798291,2021-03-01,1,base_prediction|gold_daily|gold_vs_ma5|gold_vs_ma20|copper_daily|copper_vs_ma5|copper_vs_ma20|a500_vs_ma20|us10y_vs_ma20|RSI14_lag1|DIFF_lag1|DEA_lag1|cn10y_vs_ma20|brent_vs_ma20|dollar_vs_ma20|brent_vs_ma5|a500_vs_ma5
2021,2021-03-03,2021-03-02,798291,2021-03-02,1,base_prediction|gold_daily|gold_vs_ma5|gold_vs_ma20|copper_daily|copper_vs_ma5|copper_vs_ma20|a500_vs_ma20|us10y_vs_ma20|RSI14_lag1|DIFF_lag1|DEA_lag1|cn10y_vs_ma20|brent_vs_ma20|dollar_vs_ma20|brent_vs_ma5|a500_vs_ma5
2021,2021-03-04,2021-03-03,374583,2021-03-03,1,base_prediction|gold_daily|gold_vs_ma5|gold_vs_ma20|copper_daily|copper_vs_ma5|copper_vs_ma20|a500_vs_ma20|us10y_vs_ma20|RSI14_lag1|DIFF_lag1|DEA_lag1|cn10y_vs_ma20|brent_vs_ma20|dollar_vs_ma20|brent_vs_ma5|a500_vs_ma5
2021,2021-03-05,2021-03-04,785634,2021-03-04,2,base_prediction|gold_daily|gold_vs_ma5|gold_vs_ma20|copper_daily|copper_vs_ma5|copper_vs_ma20|a500_vs_ma20|us10y_vs_ma20|RSI14_lag1|DIFF_lag1|DEA_lag1|cn10y_vs_ma20|brent_vs_ma20|dollar_vs_ma20|brent_vs_ma5|a500_vs_ma5
2021,2021-03-09,2021-03-08,385735,2021-03-08,1,base_prediction|gold_daily|gold_vs_ma5|gold_vs_ma20|copper_daily|copper_vs_ma5|copper_vs_ma20|a500_vs_ma20|us10y_vs_ma20|RSI14_lag1|DIFF_lag1|DEA_lag1|cn10y_vs_ma20|brent_vs_ma20|dollar_vs_ma20|brent_vs_ma5|a500_vs_ma5
2021,2021-03-10,2021-03-09,785634,2021-03-09,1,base_prediction|gold_daily|gold_vs_ma5|gold_vs_ma20|copper_daily|copper_vs_ma5|copper_vs_ma20|a500_vs_ma20|us10y_vs_ma20|RSI14_lag1|DIFF_lag1|DEA_lag1|cn10y_vs_ma20|brent_vs_ma20|dollar_vs_ma20|brent_vs_ma5|a500_vs_ma5
2021,2021-03-11,2021-03-10,785634,2021-03-10,1,base_prediction|gold_daily|gold_vs_ma5|gold_vs_ma20|copper_daily|copper_vs_ma5|copper_vs_ma20|a500_vs_ma20|us10y_vs_ma20|RSI14_lag1|DIFF_lag1|DEA_lag1|cn10y_vs_ma20|brent_vs_ma20|dollar_vs_ma20|brent_vs_ma5|a500_vs_ma5
2021,2021-03-12,2021-03-11,785634,2021-03-11,1,base_prediction|gold_daily|gold_vs_ma5|gold_vs_ma20|copper_daily|copper_vs_ma5|copper_vs_ma20|a500_vs_ma20|us10y_vs_ma20|RSI14_lag1|DIFF_lag1|DEA_lag1|cn10y_vs_ma20|brent_vs_ma20|dollar_vs_ma20|brent_vs_ma5|a500_vs_ma5
2021,2021-03-15,2021-03-12,785634,2021-03-12,1,base_prediction|gold_daily|gold_vs_ma5|gold_vs_ma20|copper_daily|copper_vs_ma5|copper_vs_ma20|a500_vs_ma20|us10y_vs_ma20|RSI14_lag1|DIFF_lag1|DEA_lag1|cn10y_vs_ma20|brent_vs_ma20|dollar_vs_ma20|brent_vs_ma5|a500_vs_ma5
2021,2021-03-16,2021-03-15,785634,2021-03-15,1,base_prediction|gold_daily|gold_vs_ma5|gold_vs_ma20|copper_daily|copper_vs_ma5|copper_vs_ma20|a500_vs_ma20|us10y_vs_ma20|RSI14_lag1|DIFF_lag1|DEA_lag1|cn10y_vs_ma20|brent_vs_ma20|dollar_vs_ma20|brent_vs_ma5|a500_vs_ma5
2021,2021-03-17,2021-03-16,785634,2021-03-16,2,base_prediction|gold_daily|gold_vs_ma5|gold_vs_ma20|copper_daily|copper_vs_ma5|copper_vs_ma20|a500_vs_ma20|us10y_vs_ma20|RSI14_lag1|DIFF_lag1|DEA_lag1|cn10y_vs_ma20|brent_vs_ma20|dollar_vs_ma20|brent_vs_ma5|a500_vs_ma5
2021,2021-03-19,2021-03-18,785634,2021-03-18,1,base_prediction|gold_daily|gold_vs_ma5|gold_vs_ma20|copper_daily|copper_vs_ma5|copper_vs_ma20|a500_vs_ma20|us10y_vs_ma20|RSI14_lag1|DIFF_lag1|DEA_lag1|cn10y_vs_ma20|brent_vs_ma20|dollar_vs_ma20|brent_vs_ma5|a500_vs_ma5
2021,2021-03-22,2021-03-19,785634,2021-03-19,1,base_prediction|gold_daily|gold_vs_ma5|gold_vs_ma20|copper_daily|copper_vs_ma5|copper_vs_ma20|a500_vs_ma20|us10y_vs_ma20|RSI14_lag1|DIFF_lag1|DEA_lag1|cn10y_vs_ma20|brent_vs_ma20|dollar_vs_ma20|brent_vs_ma5|a500_vs_ma5
2021,2021-03-23,2021-03-22,785634,2021-03-22,1,base_prediction|gold_daily|gold_vs_ma5|gold_vs_ma20|copper_daily|copper_vs_ma5|copper_vs_ma20|a500_vs_ma20|us10y_vs_ma20|RSI14_lag1|DIFF_lag1|DEA_lag1|cn10y_vs_ma20|brent_vs_ma20|dollar_vs_ma20|brent_vs_ma5|a500_vs_ma5
2021,2021-03-24,2021-03-23,785634,2021-03-23,1,base_prediction|gold_daily|gold_vs_ma5|gold_vs_ma20|copper_daily|copper_vs_ma5|copper_vs_ma20|a500_vs_ma20|us10y_vs_ma20|RSI14_lag1|DIFF_lag1|DEA_lag1|cn10y_vs_ma20|brent_vs_ma20|dollar_vs_ma20|brent_vs_ma5|a500_vs_ma5
2021,2021-03-25,2021-03-24,785634,2021-03-24,1,base_prediction|gold_daily|gold_vs_ma5|gold_vs_ma20|copper_daily|copper_vs_ma5|copper_vs_ma20|a500_vs_ma20|us10y_vs_ma20|RSI14_lag1|DIFF_lag1|DEA_lag1|cn10y_vs_ma20|brent_vs_ma20|dollar_vs_ma20|brent_vs_ma5|a500_vs_ma5
2021,2021-03-26,2021-03-25,785634,2021-03-25,1,base_prediction|gold_daily|gold_vs_ma5|gold_vs_ma20|copper_daily|copper_vs_ma5|copper_vs_ma20|a500_vs_ma20|us10y_vs_ma20|RSI14_lag1|DIFF_lag1|DEA_lag1|cn10y_vs_ma20|brent_vs_ma20|dollar_vs_ma20|brent_vs_ma5|a500_vs_ma5
2021,2021-03-29,2021-03-26,785634,2021-03-26,1,base_prediction|gold_daily|gold_vs_ma5|gold_vs_ma20|copper_daily|copper_vs_ma5|copper_vs_ma20|a500_vs_ma20|us10y_vs_ma20|RSI14_lag1|DIFF_lag1|DEA_lag1|cn10y_vs_ma20|brent_vs_ma20|dollar_vs_ma20|brent_vs_ma5|a500_vs_ma5
2021,2021-03-30,2021-03-29,785634,2021-03-29,3,base_prediction|gold_daily|gold_vs_ma5|gold_vs_ma20|copper_daily|copper_vs_ma5|copper_vs_ma20|a500_vs_ma20|us10y_vs_ma20|RSI14_lag1|DIFF_lag1|DEA_lag1|cn10y_vs_ma20|brent_vs_ma20|dollar_vs_ma20|brent_vs_ma5|a500_vs_ma5
2021,2021-04-02,2021-04-01,785634,2021-04-01,1,base_prediction|gold_daily|gold_vs_ma5|gold_vs_ma20|copper_daily|copper_vs_ma5|copper_vs_ma20|a500_vs_ma20|us10y_vs_ma20|RSI14_lag1|DIFF_lag1|DEA_lag1|cn10y_vs_ma20|brent_vs_ma20|dollar_vs_ma20|brent_vs_ma5|a500_vs_ma5
2021,2021-04-05,2021-04-02,785634,2021-04-02,3,base_prediction|gold_daily|gold_vs_ma5|gold_vs_ma20|copper_daily|copper_vs_ma5|copper_vs_ma20|a500_vs_ma20|us10y_vs_ma20|RSI14_lag1|DIFF_lag1|DEA_lag1|cn10y_vs_ma20|brent_vs_ma20|dollar_vs_ma20|brent_vs_ma5|a500_vs_ma5
2021,2021-04-08,2021-04-07,798291,2021-04-07,5,base_prediction|gold_daily|gold_vs_ma5|gold_vs_ma20|copper_daily|copper_vs_ma5|copper_vs_ma20|a500_vs_ma20|us10y_vs_ma20|RSI14_lag1|DIFF_lag1|DEA_lag1|cn10y_vs_ma20|brent_vs_ma20|dollar_vs_ma20|brent_vs_ma5|a500_vs_ma5
2021,2021-04-15,2021-04-14,965409,2021-04-14,1,base_prediction|gold_daily|gold_vs_ma5|gold_vs_ma20|copper_daily|copper_vs_ma5|copper_vs_ma20|a500_vs_ma20|us10y_vs_ma20|RSI14_lag1|DIFF_lag1|DEA_lag1|cn10y_vs_ma20|brent_vs_ma20|dollar_vs_ma20|brent_vs_ma5|a500_vs_ma5
2021,2021-04-16,2021-04-15,965409,2021-04-15,1,base_prediction|gold_daily|gold_vs_ma5|gold_vs_ma20|copper_daily|copper_vs_ma5|copper_vs_ma20|a500_vs_ma20|us10y_vs_ma20|RSI14_lag1|DIFF_lag1|DEA_lag1|cn10y_vs_ma20|brent_vs_ma20|dollar_vs_ma20|brent_vs_ma5|a500_vs_ma5
2021,2021-04-19,2021-04-16,965409,2021-04-16,1,base_prediction|gold_daily|gold_vs_ma5|gold_vs_ma20|copper_daily|copper_vs_ma5|copper_vs_ma20|a500_vs_ma20|us10y_vs_ma20|RSI14_lag1|DIFF_lag1|DEA_lag1|cn10y_vs_ma20|brent_vs_ma20|dollar_vs_ma20|brent_vs_ma5|a500_vs_ma5
2021,2021-04-20,2021-04-19,965409,2021-04-19,1,base_prediction|gold_daily|gold_vs_ma5|gold_vs_ma20|copper_daily|copper_vs_ma5|copper_vs_ma20|a500_vs_ma20|us10y_vs_ma20|RSI14_lag1|DIFF_lag1|DEA_lag1|cn10y_vs_ma20|brent_vs_ma20|dollar_vs_ma20|brent_vs_ma5|a500_vs_ma5
2021,2021-04-21,2021-04-20,965409,2021-04-20,1,base_prediction|gold_daily|gold_vs_ma5|gold_vs_ma20|copper_daily|copper_vs_ma5|copper_vs_ma20|a500_vs_ma20|us10y_vs_ma20|RSI14_lag1|DIFF_lag1|DEA_lag1|cn10y_vs_ma20|brent_vs_ma20|dollar_vs_ma20|brent_vs_ma5|a500_vs_ma5
2021,2021-04-22,2021-04-21,965409,2021-04-21,1,base_prediction|gold_daily|gold_vs_ma5|gold_vs_ma20|copper_daily|copper_vs_ma5|copper_vs_ma20|a500_vs_ma20|us10y_vs_ma20|RSI14_lag1|DIFF_lag1|DEA_lag1|cn10y_vs_ma20|brent_vs_ma20|dollar_vs_ma20|brent_vs_ma5|a500_vs_ma5
2021,2021-04-23,2021-04-22,965409,2021-04-22,1,base_prediction|gold_daily|gold_vs_ma5|gold_vs_ma20|copper_daily|copper_vs_ma5|copper_vs_ma20|a500_vs_ma20|us10y_vs_ma20|RSI14_lag1|DIFF_lag1|DEA_lag1|cn10y_vs_ma20|brent_vs_ma20|dollar_vs_ma20|brent_vs_ma5|a500_vs_ma5
2021,2021-04-25,2021-04-23,965409,2021-04-23,3,base_prediction|gold_daily|gold_vs_ma5|gold_vs_ma20|copper_daily|copper_vs_ma5|copper_vs_ma20|a500_vs_ma20|us10y_vs_ma20|RSI14_lag1|DIFF_lag1|DEA_lag1|cn10y_vs_ma20|brent_vs_ma20|dollar_vs_ma20|brent_vs_ma5|a500_vs_ma5
2021,2021-04-28,2021-04-27,565766,2021-04-27,1,base_prediction|gold_daily|gold_vs_ma5|gold_vs_ma20|copper_daily|copper_vs_ma5|copper_vs_ma20|a500_vs_ma20|us10y_vs_ma20|RSI14_lag1|DIFF_lag1|DEA_lag1|cn10y_vs_ma20|brent_vs_ma20|dollar_vs_ma20|brent_vs_ma5|a500_vs_ma5
2021,2021-04-29,2021-04-28,798291,2021-04-28,1,base_prediction|gold_daily|gold_vs_ma5|gold_vs_ma20|copper_daily|copper_vs_ma5|copper_vs_ma20|a500_vs_ma20|us10y_vs_ma20|RSI14_lag1|DIFF_lag1|DEA_lag1|cn10y_vs_ma20|brent_vs_ma20|dollar_vs_ma20|brent_vs_ma5|a500_vs_ma5
2021,2021-04-30,2021-04-29,798291,2021-04-29,5,base_prediction|gold_daily|gold_vs_ma5|gold_vs_ma20|copper_daily|copper_vs_ma5|copper_vs_ma20|a500_vs_ma20|us10y_vs_ma20|RSI14_lag1|DIFF_lag1|DEA_lag1|cn10y_vs_ma20|brent_vs_ma20|dollar_vs_ma20|brent_vs_ma5|a500_vs_ma5
2021,2021-05-07,2021-05-06,798291,2021-05-06,1,base_prediction|gold_daily|gold_vs_ma5|gold_vs_ma20|copper_daily|copper_vs_ma5|copper_vs_ma20|a500_vs_ma20|us10y_vs_ma20|RSI14_lag1|DIFF_lag1|DEA_lag1|cn10y_vs_ma20|brent_vs_ma20|dollar_vs_ma20|brent_vs_ma5|a500_vs_ma5
2021,2021-05-08,2021-05-07,798291,2021-05-07,1,base_prediction|gold_daily|gold_vs_ma5|gold_vs_ma20|copper_daily|copper_vs_ma5|copper_vs_ma20|a500_vs_ma20|us10y_vs_ma20|RSI14_lag1|DIFF_lag1|DEA_lag1|cn10y_vs_ma20|brent_vs_ma20|dollar_vs_ma20|brent_vs_ma5|a500_vs_ma5
2021,2021-05-10,2021-05-08,798291,2021-05-08,5,base_prediction|gold_daily|gold_vs_ma5|gold_vs_ma20|copper_daily|copper_vs_ma5|copper_vs_ma20|a500_vs_ma20|us10y_vs_ma20|RSI14_lag1|DIFF_lag1|DEA_lag1|cn10y_vs_ma20|brent_vs_ma20|dollar_vs_ma20|brent_vs_ma5|a500_vs_ma5
2021,2021-05-17,2021-05-14,565766,2021-05-14,1,base_prediction|gold_daily|gold_vs_ma5|gold_vs_ma20|copper_daily|copper_vs_ma5|copper_vs_ma20|a500_vs_ma20|us10y_vs_ma20|RSI14_lag1|DIFF_lag1|DEA_lag1|cn10y_vs_ma20|brent_vs_ma20|dollar_vs_ma20|brent_vs_ma5|a500_vs_ma5
2021,2021-05-18,2021-05-17,565766,2021-05-17,1,base_prediction|gold_daily|gold_vs_ma5|gold_vs_ma20|copper_daily|copper_vs_ma5|copper_vs_ma20|a500_vs_ma20|us10y_vs_ma20|RSI14_lag1|DIFF_lag1|DEA_lag1|cn10y_vs_ma20|brent_vs_ma20|dollar_vs_ma20|brent_vs_ma5|a500_vs_ma5
2021,2021-05-19,2021-05-18,385735,2021-05-18,2,base_prediction|gold_daily|gold_vs_ma5|gold_vs_ma20|copper_daily|copper_vs_ma5|copper_vs_ma20|a500_vs_ma20|us10y_vs_ma20|RSI14_lag1|DIFF_lag1|DEA_lag1|cn10y_vs_ma20|brent_vs_ma20|dollar_vs_ma20|brent_vs_ma5|a500_vs_ma5
2021,2021-05-21,2021-05-20,374583,2021-05-20,1,base_prediction|gold_daily|gold_vs_ma5|gold_vs_ma20|copper_daily|copper_vs_ma5|copper_vs_ma20|a500_vs_ma20|us10y_vs_ma20|RSI14_lag1|DIFF_lag1|DEA_lag1|cn10y_vs_ma20|brent_vs_ma20|dollar_vs_ma20|brent_vs_ma5|a500_vs_ma5
2021,2021-05-24,2021-05-21,640934,2021-05-21,2,base_prediction|gold_daily|gold_vs_ma5|gold_vs_ma20|copper_daily|copper_vs_ma5|copper_vs_ma20|a500_vs_ma20|us10y_vs_ma20|RSI14_lag1|DIFF_lag1|DEA_lag1|cn10y_vs_ma20|brent_vs_ma20|dollar_vs_ma20|brent_vs_ma5|a500_vs_ma5
2021,2021-05-26,2021-05-25,640934,2021-05-25,2,base_prediction|gold_daily|gold_vs_ma5|gold_vs_ma20|copper_daily|copper_vs_ma5|copper_vs_ma20|a500_vs_ma20|us10y_vs_ma20|RSI14_lag1|DIFF_lag1|DEA_lag1|cn10y_vs_ma20|brent_vs_ma20|dollar_vs_ma20|brent_vs_ma5|a500_vs_ma5
2021,2021-05-28,2021-05-27,640934,2021-05-27,6,base_prediction|gold_daily|gold_vs_ma5|gold_vs_ma20|copper_daily|copper_vs_ma5|copper_vs_ma20|a500_vs_ma20|us10y_vs_ma20|RSI14_lag1|DIFF_lag1|DEA_lag1|cn10y_vs_ma20|brent_vs_ma20|dollar_vs_ma20|brent_vs_ma5|a500_vs_ma5
2021,2021-06-04,2021-06-03,640934,2021-06-03,1,base_prediction|gold_daily|gold_vs_ma5|gold_vs_ma20|copper_daily|copper_vs_ma5|copper_vs_ma20|a500_vs_ma20|us10y_vs_ma20|RSI14_lag1|DIFF_lag1|DEA_lag1|cn10y_vs_ma20|brent_vs_ma20|dollar_vs_ma20|brent_vs_ma5|a500_vs_ma5
2021,2021-06-07,2021-06-04,640934,2021-06-04,3,base_prediction|gold_daily|gold_vs_ma5|gold_vs_ma20|copper_daily|copper_vs_ma5|copper_vs_ma20|a500_vs_ma20|us10y_vs_ma20|RSI14_lag1|DIFF_lag1|DEA_lag1|cn10y_vs_ma20|brent_vs_ma20|dollar_vs_ma20|brent_vs_ma5|a500_vs_ma5
2021,2021-06-10,2021-06-09,640934,2021-06-09,3,base_prediction|gold_daily|gold_vs_ma5|gold_vs_ma20|copper_daily|copper_vs_ma5|copper_vs_ma20|a500_vs_ma20|us10y_vs_ma20|RSI14_lag1|DIFF_lag1|DEA_lag1|cn10y_vs_ma20|brent_vs_ma20|dollar_vs_ma20|brent_vs_ma5|a500_vs_ma5
2021,2021-06-15,2021-06-14,640934,2021-06-14,1,base_prediction|gold_daily|gold_vs_ma5|gold_vs_ma20|copper_daily|copper_vs_ma5|copper_vs_ma20|a500_vs_ma20|us10y_vs_ma20|RSI14_lag1|DIFF_lag1|DEA_lag1|cn10y_vs_ma20|brent_vs_ma20|dollar_vs_ma20|brent_vs_ma5|a500_vs_ma5
2021,2021-06-16,2021-06-15,640934,2021-06-15,1,base_prediction|gold_daily|gold_vs_ma5|gold_vs_ma20|copper_daily|copper_vs_ma5|copper_vs_ma20|a500_vs_ma20|us10y_vs_ma20|RSI14_lag1|DIFF_lag1|DEA_lag1|cn10y_vs_ma20|brent_vs_ma20|dollar_vs_ma20|brent_vs_ma5|a500_vs_ma5
2021,2021-06-17,2021-06-16,640934,2021-06-16,1,base_prediction|gold_daily|gold_vs_ma5|gold_vs_ma20|copper_daily|copper_vs_ma5|copper_vs_ma20|a500_vs_ma20|us10y_vs_ma20|RSI14_lag1|DIFF_lag1|DEA_lag1|cn10y_vs_ma20|brent_vs_ma20|dollar_vs_ma20|brent_vs_ma5|a500_vs_ma5
2021,2021-06-18,2021-06-17,640934,2021-06-17,1,base_prediction|gold_daily|gold_vs_ma5|gold_vs_ma20|copper_daily|copper_vs_ma5|copper_vs_ma20|a500_vs_ma20|us10y_vs_ma20|RSI14_lag1|DIFF_lag1|DEA_lag1|cn10y_vs_ma20|brent_vs_ma20|dollar_vs_ma20|brent_vs_ma5|a500_vs_ma5
2021,2021-06-21,2021-06-18,640934,2021-06-18,1,base_prediction|gold_daily|gold_vs_ma5|gold_vs_ma20|copper_daily|copper_vs_ma5|copper_vs_ma20|a500_vs_ma20|us10y_vs_ma20|RSI14_lag1|DIFF_lag1|DEA_lag1|cn10y_vs_ma20|brent_vs_ma20|dollar_vs_ma20|brent_vs_ma5|a500_vs_ma5
2021,2021-06-22,2021-06-21,640934,2021-06-21,5,base_prediction|gold_daily|gold_vs_ma5|gold_vs_ma20|copper_daily|copper_vs_ma5|copper_vs_ma20|a500_vs_ma20|us10y_vs_ma20|RSI14_lag1|DIFF_lag1|DEA_lag1|cn10y_vs_ma20|brent_vs_ma20|dollar_vs_ma20|brent_vs_ma5|a500_vs_ma5
2021,2021-06-29,2021-06-28,965409,2021-06-28,2,base_prediction|gold_daily|gold_vs_ma5|gold_vs_ma20|copper_daily|copper_vs_ma5|copper_vs_ma20|a500_vs_ma20|us10y_vs_ma20|RSI14_lag1|DIFF_lag1|DEA_lag1|cn10y_vs_ma20|brent_vs_ma20|dollar_vs_ma20|brent_vs_ma5|a500_vs_ma5
2021,2021-07-01,2021-06-30,965409,2021-06-30,1,base_prediction|gold_daily|gold_vs_ma5|gold_vs_ma20|copper_daily|copper_vs_ma5|copper_vs_ma20|a500_vs_ma20|us10y_vs_ma20|RSI14_lag1|DIFF_lag1|DEA_lag1|cn10y_vs_ma20|brent_vs_ma20|dollar_vs_ma20|brent_vs_ma5|a500_vs_ma5
2021,2021-07-02,2021-07-01,965409,2021-07-01,1,base_prediction|gold_daily|gold_vs_ma5|gold_vs_ma20|copper_daily|copper_vs_ma5|copper_vs_ma20|a500_vs_ma20|us10y_vs_ma20|RSI14_lag1|DIFF_lag1|DEA_lag1|cn10y_vs_ma20|brent_vs_ma20|dollar_vs_ma20|brent_vs_ma5|a500_vs_ma5
2021,2021-07-05,2021-07-02,965409,2021-07-02,1,base_prediction|gold_daily|gold_vs_ma5|gold_vs_ma20|copper_daily|copper_vs_ma5|copper_vs_ma20|a500_vs_ma20|us10y_vs_ma20|RSI14_lag1|DIFF_lag1|DEA_lag1|cn10y_vs_ma20|brent_vs_ma20|dollar_vs_ma20|brent_vs_ma5|a500_vs_ma5
2021,2021-07-06,2021-07-05,965409,2021-07-05,1,base_prediction|gold_daily|gold_vs_ma5|gold_vs_ma20|copper_daily|copper_vs_ma5|copper_vs_ma20|a500_vs_ma20|us10y_vs_ma20|RSI14_lag1|DIFF_lag1|DEA_lag1|cn10y_vs_ma20|brent_vs_ma20|dollar_vs_ma20|brent_vs_ma5|a500_vs_ma5
2021,2021-07-07,2021-07-06,965409,2021-07-06,1,base_prediction|gold_daily|gold_vs_ma5|gold_vs_ma20|copper_daily|copper_vs_ma5|copper_vs_ma20|a500_vs_ma20|us10y_vs_ma20|RSI14_lag1|DIFF_lag1|DEA_lag1|cn10y_vs_ma20|brent_vs_ma20|dollar_vs_ma20|brent_vs_ma5|a500_vs_ma5
2021,2021-07-08,2021-07-07,741131,2021-07-07,1,base_prediction|gold_daily|gold_vs_ma5|gold_vs_ma20|copper_daily|copper_vs_ma5|copper_vs_ma20|a500_vs_ma20|us10y_vs_ma20|RSI14_lag1|DIFF_lag1|DEA_lag1|cn10y_vs_ma20|brent_vs_ma20|dollar_vs_ma20|brent_vs_ma5|a500_vs_ma5
2021,2021-07-09,2021-07-08,741131,2021-07-08,1,base_prediction|gold_daily|gold_vs_ma5|gold_vs_ma20|copper_daily|copper_vs_ma5|copper_vs_ma20|a500_vs_ma20|us10y_vs_ma20|RSI14_lag1|DIFF_lag1|DEA_lag1|cn10y_vs_ma20|brent_vs_ma20|dollar_vs_ma20|brent_vs_ma5|a500_vs_ma5
2021,2021-07-12,2021-07-09,741131,2021-07-09,1,base_prediction|gold_daily|gold_vs_ma5|gold_vs_ma20|copper_daily|copper_vs_ma5|copper_vs_ma20|a500_vs_ma20|us10y_vs_ma20|RSI14_lag1|DIFF_lag1|DEA_lag1|cn10y_vs_ma20|brent_vs_ma20|dollar_vs_ma20|brent_vs_ma5|a500_vs_ma5
2021,2021-07-13,2021-07-12,741131,2021-07-12,3,base_prediction|gold_daily|gold_vs_ma5|gold_vs_ma20|copper_daily|copper_vs_ma5|copper_vs_ma20|a500_vs_ma20|us10y_vs_ma20|RSI14_lag1|DIFF_lag1|DEA_lag1|cn10y_vs_ma20|brent_vs_ma20|dollar_vs_ma20|brent_vs_ma5|a500_vs_ma5
2021,2021-07-16,2021-07-15,741131,2021-07-15,2,base_prediction|gold_daily|gold_vs_ma5|gold_vs_ma20|copper_daily|copper_vs_ma5|copper_vs_ma20|a500_vs_ma20|us10y_vs_ma20|RSI14_lag1|DIFF_lag1|DEA_lag1|cn10y_vs_ma20|brent_vs_ma20|dollar_vs_ma20|brent_vs_ma5|a500_vs_ma5
2021,2021-07-20,2021-07-19,741131,2021-07-19,1,base_prediction|gold_daily|gold_vs_ma5|gold_vs_ma20|copper_daily|copper_vs_ma5|copper_vs_ma20|a500_vs_ma20|us10y_vs_ma20|RSI14_lag1|DIFF_lag1|DEA_lag1|cn10y_vs_ma20|brent_vs_ma20|dollar_vs_ma20|brent_vs_ma5|a500_vs_ma5
2021,2021-07-21,2021-07-20,741131,2021-07-20,1,base_prediction|gold_daily|gold_vs_ma5|gold_vs_ma20|copper_daily|copper_vs_ma5|copper_vs_ma20|a500_vs_ma20|us10y_vs_ma20|RSI14_lag1|DIFF_lag1|DEA_lag1|cn10y_vs_ma20|brent_vs_ma20|dollar_vs_ma20|brent_vs_ma5|a500_vs_ma5
2021,2021-07-22,2021-07-21,741131,2021-07-21,1,base_prediction|gold_daily|gold_vs_ma5|gold_vs_ma20|copper_daily|copper_vs_ma5|copper_vs_ma20|a500_vs_ma20|us10y_vs_ma20|RSI14_lag1|DIFF_lag1|DEA_lag1|cn10y_vs_ma20|brent_vs_ma20|dollar_vs_ma20|brent_vs_ma5|a500_vs_ma5
2021,2021-07-23,2021-07-22,741131,2021-07-22,1,base_prediction|gold_daily|gold_vs_ma5|gold_vs_ma20|copper_daily|copper_vs_ma5|copper_vs_ma20|a500_vs_ma20|us10y_vs_ma20|RSI14_lag1|DIFF_lag1|DEA_lag1|cn10y_vs_ma20|brent_vs_ma20|dollar_vs_ma20|brent_vs_ma5|a500_vs_ma5
2021,2021-07-26,2021-07-23,741131,2021-07-23,1,base_prediction|gold_daily|gold_vs_ma5|gold_vs_ma20|copper_daily|copper_vs_ma5|copper_vs_ma20|a500_vs_ma20|us10y_vs_ma20|RSI14_lag1|DIFF_lag1|DEA_lag1|cn10y_vs_ma20|brent_vs_ma20|dollar_vs_ma20|brent_vs_ma5|a500_vs_ma5
2021,2021-07-27,2021-07-26,741131,2021-07-26,1,base_prediction|gold_daily|gold_vs_ma5|gold_vs_ma20|copper_daily|copper_vs_ma5|copper_vs_ma20|a500_vs_ma20|us10y_vs_ma20|RSI14_lag1|DIFF_lag1|DEA_lag1|cn10y_vs_ma20|brent_vs_ma20|dollar_vs_ma20|brent_vs_ma5|a500_vs_ma5
2021,2021-07-28,2021-07-27,741131,2021-07-27,2,base_prediction|gold_daily|gold_vs_ma5|gold_vs_ma20|copper_daily|copper_vs_ma5|copper_vs_ma20|a500_vs_ma20|us10y_vs_ma20|RSI14_lag1|DIFF_lag1|DEA_lag1|cn10y_vs_ma20|brent_vs_ma20|dollar_vs_ma20|brent_vs_ma5|a500_vs_ma5
2021,2021-07-30,2021-07-29,965409,2021-07-29,1,base_prediction|gold_daily|gold_vs_ma5|gold_vs_ma20|copper_daily|copper_vs_ma5|copper_vs_ma20|a500_vs_ma20|us10y_vs_ma20|RSI14_lag1|DIFF_lag1|DEA_lag1|cn10y_vs_ma20|brent_vs_ma20|dollar_vs_ma20|brent_vs_ma5|a500_vs_ma5
2021,2021-08-02,2021-07-30,965409,2021-07-30,3,base_prediction|gold_daily|gold_vs_ma5|gold_vs_ma20|copper_daily|copper_vs_ma5|copper_vs_ma20|a500_vs_ma20|us10y_vs_ma20|RSI14_lag1|DIFF_lag1|DEA_lag1|cn10y_vs_ma20|brent_vs_ma20|dollar_vs_ma20|brent_vs_ma5|a500_vs_ma5
2021,2021-08-05,2021-08-04,965409,2021-08-04,1,base_prediction|gold_daily|gold_vs_ma5|gold_vs_ma20|copper_daily|copper_vs_ma5|copper_vs_ma20|a500_vs_ma20|us10y_vs_ma20|RSI14_lag1|DIFF_lag1|DEA_lag1|cn10y_vs_ma20|brent_vs_ma20|dollar_vs_ma20|brent_vs_ma5|a500_vs_ma5
2021,2021-08-06,2021-08-05,374583,2021-08-05,1,base_prediction|gold_daily|gold_vs_ma5|gold_vs_ma20|copper_daily|copper_vs_ma5|copper_vs_ma20|a500_vs_ma20|us10y_vs_ma20|RSI14_lag1|DIFF_lag1|DEA_lag1|cn10y_vs_ma20|brent_vs_ma20|dollar_vs_ma20|brent_vs_ma5|a500_vs_ma5
2021,2021-08-09,2021-08-06,374583,2021-08-06,1,base_prediction|gold_daily|gold_vs_ma5|gold_vs_ma20|copper_daily|copper_vs_ma5|copper_vs_ma20|a500_vs_ma20|us10y_vs_ma20|RSI14_lag1|DIFF_lag1|DEA_lag1|cn10y_vs_ma20|brent_vs_ma20|dollar_vs_ma20|brent_vs_ma5|a500_vs_ma5
2021,2021-08-10,2021-08-09,374583,2021-08-09,1,base_prediction|gold_daily|gold_vs_ma5|gold_vs_ma20|copper_daily|copper_vs_ma5|copper_vs_ma20|a500_vs_ma20|us10y_vs_ma20|RSI14_lag1|DIFF_lag1|DEA_lag1|cn10y_vs_ma20|brent_vs_ma20|dollar_vs_ma20|brent_vs_ma5|a500_vs_ma5
2021,2021-08-11,2021-08-10,374583,2021-08-10,1,base_prediction|gold_daily|gold_vs_ma5|gold_vs_ma20|copper_daily|copper_vs_ma5|copper_vs_ma20|a500_vs_ma20|us10y_vs_ma20|RSI14_lag1|DIFF_lag1|DEA_lag1|cn10y_vs_ma20|brent_vs_ma20|dollar_vs_ma20|brent_vs_ma5|a500_vs_ma5
2021,2021-08-12,2021-08-11,374583,2021-08-11,2,base_prediction|gold_daily|gold_vs_ma5|gold_vs_ma20|copper_daily|copper_vs_ma5|copper_vs_ma20|a500_vs_ma20|us10y_vs_ma20|RSI14_lag1|DIFF_lag1|DEA_lag1|cn10y_vs_ma20|brent_vs_ma20|dollar_vs_ma20|brent_vs_ma5|a500_vs_ma5
2021,2021-08-16,2021-08-13,374583,2021-08-13,2,base_prediction|gold_daily|gold_vs_ma5|gold_vs_ma20|copper_daily|copper_vs_ma5|copper_vs_ma20|a500_vs_ma20|us10y_vs_ma20|RSI14_lag1|DIFF_lag1|DEA_lag1|cn10y_vs_ma20|brent_vs_ma20|dollar_vs_ma20|brent_vs_ma5|a500_vs_ma5
2021,2021-08-18,2021-08-17,374583,2021-08-17,2,base_prediction|gold_daily|gold_vs_ma5|gold_vs_ma20|copper_daily|copper_vs_ma5|copper_vs_ma20|a500_vs_ma20|us10y_vs_ma20|RSI14_lag1|DIFF_lag1|DEA_lag1|cn10y_vs_ma20|brent_vs_ma20|dollar_vs_ma20|brent_vs_ma5|a500_vs_ma5
2021,2021-08-20,2021-08-19,374583,2021-08-19,1,base_prediction|gold_daily|gold_vs_ma5|gold_vs_ma20|copper_daily|copper_vs_ma5|copper_vs_ma20|a500_vs_ma20|us10y_vs_ma20|RSI14_lag1|DIFF_lag1|DEA_lag1|cn10y_vs_ma20|brent_vs_ma20|dollar_vs_ma20|brent_vs_ma5|a500_vs_ma5
2021,2021-08-23,2021-08-20,374583,2021-08-20,1,base_prediction|gold_daily|gold_vs_ma5|gold_vs_ma20|copper_daily|copper_vs_ma5|copper_vs_ma20|a500_vs_ma20|us10y_vs_ma20|RSI14_lag1|DIFF_lag1|DEA_lag1|cn10y_vs_ma20|brent_vs_ma20|dollar_vs_ma20|brent_vs_ma5|a500_vs_ma5
2021,2021-08-24,2021-08-23,374583,2021-08-23,2,base_prediction|gold_daily|gold_vs_ma5|gold_vs_ma20|copper_daily|copper_vs_ma5|copper_vs_ma20|a500_vs_ma20|us10y_vs_ma20|RSI14_lag1|DIFF_lag1|DEA_lag1|cn10y_vs_ma20|brent_vs_ma20|dollar_vs_ma20|brent_vs_ma5|a500_vs_ma5
2021,2021-08-26,2021-08-25,374583,2021-08-25,1,base_prediction|gold_daily|gold_vs_ma5|gold_vs_ma20|copper_daily|copper_vs_ma5|copper_vs_ma20|a500_vs_ma20|us10y_vs_ma20|RSI14_lag1|DIFF_lag1|DEA_lag1|cn10y_vs_ma20|brent_vs_ma20|dollar_vs_ma20|brent_vs_ma5|a500_vs_ma5
2021,2021-08-27,2021-08-26,374583,2021-08-26,2,base_prediction|gold_daily|gold_vs_ma5|gold_vs_ma20|copper_daily|copper_vs_ma5|copper_vs_ma20|a500_vs_ma20|us10y_vs_ma20|RSI14_lag1|DIFF_lag1|DEA_lag1|cn10y_vs_ma20|brent_vs_ma20|dollar_vs_ma20|brent_vs_ma5|a500_vs_ma5
2021,2021-08-31,2021-08-30,741131,2021-08-30,2,base_prediction|gold_daily|gold_vs_ma5|gold_vs_ma20|copper_daily|copper_vs_ma5|copper_vs_ma20|a500_vs_ma20|us10y_vs_ma20|RSI14_lag1|DIFF_lag1|DEA_lag1|cn10y_vs_ma20|brent_vs_ma20|dollar_vs_ma20|brent_vs_ma5|a500_vs_ma5
2021,2021-09-02,2021-09-01,741131,2021-09-01,1,base_prediction|gold_daily|gold_vs_ma5|gold_vs_ma20|copper_daily|copper_vs_ma5|copper_vs_ma20|a500_vs_ma20|us10y_vs_ma20|RSI14_lag1|DIFF_lag1|DEA_lag1|cn10y_vs_ma20|brent_vs_ma20|dollar_vs_ma20|brent_vs_ma5|a500_vs_ma5
2021,2021-09-03,2021-09-02,741131,2021-09-02,1,base_prediction|gold_daily|gold_vs_ma5|gold_vs_ma20|copper_daily|copper_vs_ma5|copper_vs_ma20|a500_vs_ma20|us10y_vs_ma20|RSI14_lag1|DIFF_lag1|DEA_lag1|cn10y_vs_ma20|brent_vs_ma20|dollar_vs_ma20|brent_vs_ma5|a500_vs_ma5
2021,2021-09-05,2021-09-03,741131,2021-09-03,1,base_prediction|gold_daily|gold_vs_ma5|gold_vs_ma20|copper_daily|copper_vs_ma5|copper_vs_ma20|a500_vs_ma20|us10y_vs_ma20|RSI14_lag1|DIFF_lag1|DEA_lag1|cn10y_vs_ma20|brent_vs_ma20|dollar_vs_ma20|brent_vs_ma5|a500_vs_ma5
2021,2021-09-06,2021-09-05,741131,2021-09-05,3,base_prediction|gold_daily|gold_vs_ma5|gold_vs_ma20|copper_daily|copper_vs_ma5|copper_vs_ma20|a500_vs_ma20|us10y_vs_ma20|RSI14_lag1|DIFF_lag1|DEA_lag1|cn10y_vs_ma20|brent_vs_ma20|dollar_vs_ma20|brent_vs_ma5|a500_vs_ma5
2021,2021-09-09,2021-09-08,741131,2021-09-08,2,base_prediction|gold_daily|gold_vs_ma5|gold_vs_ma20|copper_daily|copper_vs_ma5|copper_vs_ma20|a500_vs_ma20|us10y_vs_ma20|RSI14_lag1|DIFF_lag1|DEA_lag1|cn10y_vs_ma20|brent_vs_ma20|dollar_vs_ma20|brent_vs_ma5|a500_vs_ma5
2021,2021-09-13,2021-09-10,741131,2021-09-10,1,base_prediction|gold_daily|gold_vs_ma5|gold_vs_ma20|copper_daily|copper_vs_ma5|copper_vs_ma20|a500_vs_ma20|us10y_vs_ma20|RSI14_lag1|DIFF_lag1|DEA_lag1|cn10y_vs_ma20|brent_vs_ma20|dollar_vs_ma20|brent_vs_ma5|a500_vs_ma5
2021,2021-09-14,2021-09-13,741131,2021-09-13,5,base_prediction|gold_daily|gold_vs_ma5|gold_vs_ma20|copper_daily|copper_vs_ma5|copper_vs_ma20|a500_vs_ma20|us10y_vs_ma20|RSI14_lag1|DIFF_lag1|DEA_lag1|cn10y_vs_ma20|brent_vs_ma20|dollar_vs_ma20|brent_vs_ma5|a500_vs_ma5
2021,2021-09-20,2021-09-18,741131,2021-09-18,3,base_prediction|gold_daily|gold_vs_ma5|gold_vs_ma20|copper_daily|copper_vs_ma5|copper_vs_ma20|a500_vs_ma20|us10y_vs_ma20|RSI14_lag1|DIFF_lag1|DEA_lag1|cn10y_vs_ma20|brent_vs_ma20|dollar_vs_ma20|brent_vs_ma5|a500_vs_ma5
2021,2021-09-23,2021-09-22,741131,2021-09-22,1,base_prediction|gold_daily|gold_vs_ma5|gold_vs_ma20|copper_daily|copper_vs_ma5|copper_vs_ma20|a500_vs_ma20|us10y_vs_ma20|RSI14_lag1|DIFF_lag1|DEA_lag1|cn10y_vs_ma20|brent_vs_ma20|dollar_vs_ma20|brent_vs_ma5|a500_vs_ma5
2021,2021-09-24,2021-09-23,741131,2021-09-23,4,base_prediction|gold_daily|gold_vs_ma5|gold_vs_ma20|copper_daily|copper_vs_ma5|copper_vs_ma20|a500_vs_ma20|us10y_vs_ma20|RSI14_lag1|DIFF_lag1|DEA_lag1|cn10y_vs_ma20|brent_vs_ma20|dollar_vs_ma20|brent_vs_ma5|a500_vs_ma5
2021,2021-09-29,2021-09-28,741131,2021-09-28,1,base_prediction|gold_daily|gold_vs_ma5|gold_vs_ma20|copper_daily|copper_vs_ma5|copper_vs_ma20|a500_vs_ma20|us10y_vs_ma20|RSI14_lag1|DIFF_lag1|DEA_lag1|cn10y_vs_ma20|brent_vs_ma20|dollar_vs_ma20|brent_vs_ma5|a500_vs_ma5
2021,2021-09-30,2021-09-29,741131,2021-09-29,1,base_prediction|gold_daily|gold_vs_ma5|gold_vs_ma20|copper_daily|copper_vs_ma5|copper_vs_ma20|a500_vs_ma20|us10y_vs_ma20|RSI14_lag1|DIFF_lag1|DEA_lag1|cn10y_vs_ma20|brent_vs_ma20|dollar_vs_ma20|brent_vs_ma5|a500_vs_ma5
2021,2021-10-01,2021-09-30,741131,2021-09-30,1,base_prediction|gold_daily|gold_vs_ma5|gold_vs_ma20|copper_daily|copper_vs_ma5|copper_vs_ma20|a500_vs_ma20|us10y_vs_ma20|RSI14_lag1|DIFF_lag1|DEA_lag1|cn10y_vs_ma20|brent_vs_ma20|dollar_vs_ma20|brent_vs_ma5|a500_vs_ma5
2021,2021-10-04,2021-10-01,741131,2021-10-01,4,base_prediction|gold_daily|gold_vs_ma5|gold_vs_ma20|copper_daily|copper_vs_ma5|copper_vs_ma20|a500_vs_ma20|us10y_vs_ma20|RSI14_lag1|DIFF_lag1|DEA_lag1|cn10y_vs_ma20|brent_vs_ma20|dollar_vs_ma20|brent_vs_ma5|a500_vs_ma5
2021,2021-10-08,2021-10-07,798291,2021-10-07,2,base_prediction|gold_daily|gold_vs_ma5|gold_vs_ma20|copper_daily|copper_vs_ma5|copper_vs_ma20|a500_vs_ma20|us10y_vs_ma20|RSI14_lag1|DIFF_lag1|DEA_lag1|cn10y_vs_ma20|brent_vs_ma20|dollar_vs_ma20|brent_vs_ma5|a500_vs_ma5
2021,2021-10-11,2021-10-09,798291,2021-10-09,2,base_prediction|gold_daily|gold_vs_ma5|gold_vs_ma20|copper_daily|copper_vs_ma5|copper_vs_ma20|a500_vs_ma20|us10y_vs_ma20|RSI14_lag1|DIFF_lag1|DEA_lag1|cn10y_vs_ma20|brent_vs_ma20|dollar_vs_ma20|brent_vs_ma5|a500_vs_ma5
2021,2021-10-13,2021-10-12,798291,2021-10-12,1,base_prediction|gold_daily|gold_vs_ma5|gold_vs_ma20|copper_daily|copper_vs_ma5|copper_vs_ma20|a500_vs_ma20|us10y_vs_ma20|RSI14_lag1|DIFF_lag1|DEA_lag1|cn10y_vs_ma20|brent_vs_ma20|dollar_vs_ma20|brent_vs_ma5|a500_vs_ma5
2021,2021-10-14,2021-10-13,798291,2021-10-13,1,base_prediction|gold_daily|gold_vs_ma5|gold_vs_ma20|copper_daily|copper_vs_ma5|copper_vs_ma20|a500_vs_ma20|us10y_vs_ma20|RSI14_lag1|DIFF_lag1|DEA_lag1|cn10y_vs_ma20|brent_vs_ma20|dollar_vs_ma20|brent_vs_ma5|a500_vs_ma5
2021,2021-10-15,2021-10-14,798291,2021-10-14,2,base_prediction|gold_daily|gold_vs_ma5|gold_vs_ma20|copper_daily|copper_vs_ma5|copper_vs_ma20|a500_vs_ma20|us10y_vs_ma20|RSI14_lag1|DIFF_lag1|DEA_lag1|cn10y_vs_ma20|brent_vs_ma20|dollar_vs_ma20|brent_vs_ma5|a500_vs_ma5
2021,2021-10-19,2021-10-18,798291,2021-10-18,1,base_prediction|gold_daily|gold_vs_ma5|gold_vs_ma20|copper_daily|copper_vs_ma5|copper_vs_ma20|a500_vs_ma20|us10y_vs_ma20|RSI14_lag1|DIFF_lag1|DEA_lag1|cn10y_vs_ma20|brent_vs_ma20|dollar_vs_ma20|brent_vs_ma5|a500_vs_ma5
2021,2021-10-20,2021-10-19,798291,2021-10-19,2,base_prediction|gold_daily|gold_vs_ma5|gold_vs_ma20|copper_daily|copper_vs_ma5|copper_vs_ma20|a500_vs_ma20|us10y_vs_ma20|RSI14_lag1|DIFF_lag1|DEA_lag1|cn10y_vs_ma20|brent_vs_ma20|dollar_vs_ma20|brent_vs_ma5|a500_vs_ma5
2021,2021-10-22,2021-10-21,798291,2021-10-21,1,base_prediction|gold_daily|gold_vs_ma5|gold_vs_ma20|copper_daily|copper_vs_ma5|copper_vs_ma20|a500_vs_ma20|us10y_vs_ma20|RSI14_lag1|DIFF_lag1|DEA_lag1|cn10y_vs_ma20|brent_vs_ma20|dollar_vs_ma20|brent_vs_ma5|a500_vs_ma5
2021,2021-10-25,2021-10-22,798291,2021-10-22,1,base_prediction|gold_daily|gold_vs_ma5|gold_vs_ma20|copper_daily|copper_vs_ma5|copper_vs_ma20|a500_vs_ma20|us10y_vs_ma20|RSI14_lag1|DIFF_lag1|DEA_lag1|cn10y_vs_ma20|brent_vs_ma20|dollar_vs_ma20|brent_vs_ma5|a500_vs_ma5
2021,2021-10-26,2021-10-25,798291,2021-10-25,7,base_prediction|gold_daily|gold_vs_ma5|gold_vs_ma20|copper_daily|copper_vs_ma5|copper_vs_ma20|a500_vs_ma20|us10y_vs_ma20|RSI14_lag1|DIFF_lag1|DEA_lag1|cn10y_vs_ma20|brent_vs_ma20|dollar_vs_ma20|brent_vs_ma5|a500_vs_ma5
2021,2021-11-04,2021-11-03,798291,2021-11-03,1,base_prediction|gold_daily|gold_vs_ma5|gold_vs_ma20|copper_daily|copper_vs_ma5|copper_vs_ma20|a500_vs_ma20|us10y_vs_ma20|RSI14_lag1|DIFF_lag1|DEA_lag1|cn10y_vs_ma20|brent_vs_ma20|dollar_vs_ma20|brent_vs_ma5|a500_vs_ma5
2021,2021-11-05,2021-11-04,798291,2021-11-04,1,base_prediction|gold_daily|gold_vs_ma5|gold_vs_ma20|copper_daily|copper_vs_ma5|copper_vs_ma20|a500_vs_ma20|us10y_vs_ma20|RSI14_lag1|DIFF_lag1|DEA_lag1|cn10y_vs_ma20|brent_vs_ma20|dollar_vs_ma20|brent_vs_ma5|a500_vs_ma5
2021,2021-11-08,2021-11-05,798291,2021-11-05,1,base_prediction|gold_daily|gold_vs_ma5|gold_vs_ma20|copper_daily|copper_vs_ma5|copper_vs_ma20|a500_vs_ma20|us10y_vs_ma20|RSI14_lag1|DIFF_lag1|DEA_lag1|cn10y_vs_ma20|brent_vs_ma20|dollar_vs_ma20|brent_vs_ma5|a500_vs_ma5
2021,2021-11-09,2021-11-08,798291,2021-11-08,1,base_prediction|gold_daily|gold_vs_ma5|gold_vs_ma20|copper_daily|copper_vs_ma5|copper_vs_ma20|a500_vs_ma20|us10y_vs_ma20|RSI14_lag1|DIFF_lag1|DEA_lag1|cn10y_vs_ma20|brent_vs_ma20|dollar_vs_ma20|brent_vs_ma5|a500_vs_ma5
2021,2021-11-10,2021-11-09,798291,2021-11-09,1,base_prediction|gold_daily|gold_vs_ma5|gold_vs_ma20|copper_daily|copper_vs_ma5|copper_vs_ma20|a500_vs_ma20|us10y_vs_ma20|RSI14_lag1|DIFF_lag1|DEA_lag1|cn10y_vs_ma20|brent_vs_ma20|dollar_vs_ma20|brent_vs_ma5|a500_vs_ma5
2021,2021-11-11,2021-11-10,798291,2021-11-10,1,base_prediction|gold_daily|gold_vs_ma5|gold_vs_ma20|copper_daily|copper_vs_ma5|copper_vs_ma20|a500_vs_ma20|us10y_vs_ma20|RSI14_lag1|DIFF_lag1|DEA_lag1|cn10y_vs_ma20|brent_vs_ma20|dollar_vs_ma20|brent_vs_ma5|a500_vs_ma5
2021,2021-11-12,2021-11-11,798291,2021-11-11,3,base_prediction|gold_daily|gold_vs_ma5|gold_vs_ma20|copper_daily|copper_vs_ma5|copper_vs_ma20|a500_vs_ma20|us10y_vs_ma20|RSI14_lag1|DIFF_lag1|DEA_lag1|cn10y_vs_ma20|brent_vs_ma20|dollar_vs_ma20|brent_vs_ma5|a500_vs_ma5
2021,2021-11-17,2021-11-16,798291,2021-11-16,5,base_prediction|gold_daily|gold_vs_ma5|gold_vs_ma20|copper_daily|copper_vs_ma5|copper_vs_ma20|a500_vs_ma20|us10y_vs_ma20|RSI14_lag1|DIFF_lag1|DEA_lag1|cn10y_vs_ma20|brent_vs_ma20|dollar_vs_ma20|brent_vs_ma5|a500_vs_ma5
2021,2021-11-24,2021-11-23,798291,2021-11-23,1,base_prediction|gold_daily|gold_vs_ma5|gold_vs_ma20|copper_daily|copper_vs_ma5|copper_vs_ma20|a500_vs_ma20|us10y_vs_ma20|RSI14_lag1|DIFF_lag1|DEA_lag1|cn10y_vs_ma20|brent_vs_ma20|dollar_vs_ma20|brent_vs_ma5|a500_vs_ma5
2021,2021-11-25,2021-11-24,798291,2021-11-24,1,base_prediction|gold_daily|gold_vs_ma5|gold_vs_ma20|copper_daily|copper_vs_ma5|copper_vs_ma20|a500_vs_ma20|us10y_vs_ma20|RSI14_lag1|DIFF_lag1|DEA_lag1|cn10y_vs_ma20|brent_vs_ma20|dollar_vs_ma20|brent_vs_ma5|a500_vs_ma5
2021,2021-11-26,2021-11-25,785634,2021-11-25,1,base_prediction|gold_daily|gold_vs_ma5|gold_vs_ma20|copper_daily|copper_vs_ma5|copper_vs_ma20|a500_vs_ma20|us10y_vs_ma20|RSI14_lag1|DIFF_lag1|DEA_lag1|cn10y_vs_ma20|brent_vs_ma20|dollar_vs_ma20|brent_vs_ma5|a500_vs_ma5
2021,2021-11-29,2021-11-26,785634,2021-11-26,1,base_prediction|gold_daily|gold_vs_ma5|gold_vs_ma20|copper_daily|copper_vs_ma5|copper_vs_ma20|a500_vs_ma20|us10y_vs_ma20|RSI14_lag1|DIFF_lag1|DEA_lag1|cn10y_vs_ma20|brent_vs_ma20|dollar_vs_ma20|brent_vs_ma5|a500_vs_ma5
2021,2021-11-30,2021-11-29,785634,2021-11-29,1,base_prediction|gold_daily|gold_vs_ma5|gold_vs_ma20|copper_daily|copper_vs_ma5|copper_vs_ma20|a500_vs_ma20|us10y_vs_ma20|RSI14_lag1|DIFF_lag1|DEA_lag1|cn10y_vs_ma20|brent_vs_ma20|dollar_vs_ma20|brent_vs_ma5|a500_vs_ma5
2021,2021-12-01,2021-11-30,785634,2021-11-30,2,base_prediction|gold_daily|gold_vs_ma5|gold_vs_ma20|copper_daily|copper_vs_ma5|copper_vs_ma20|a500_vs_ma20|us10y_vs_ma20|RSI14_lag1|DIFF_lag1|DEA_lag1|cn10y_vs_ma20|brent_vs_ma20|dollar_vs_ma20|brent_vs_ma5|a500_vs_ma5
2021,2021-12-03,2021-12-02,785634,2021-12-02,1,base_prediction|gold_daily|gold_vs_ma5|gold_vs_ma20|copper_daily|copper_vs_ma5|copper_vs_ma20|a500_vs_ma20|us10y_vs_ma20|RSI14_lag1|DIFF_lag1|DEA_lag1|cn10y_vs_ma20|brent_vs_ma20|dollar_vs_ma20|brent_vs_ma5|a500_vs_ma5
2021,2021-12-06,2021-12-03,785634,2021-12-03,1,base_prediction|gold_daily|gold_vs_ma5|gold_vs_ma20|copper_daily|copper_vs_ma5|copper_vs_ma20|a500_vs_ma20|us10y_vs_ma20|RSI14_lag1|DIFF_lag1|DEA_lag1|cn10y_vs_ma20|brent_vs_ma20|dollar_vs_ma20|brent_vs_ma5|a500_vs_ma5
2021,2021-12-07,2021-12-06,785634,2021-12-06,1,base_prediction|gold_daily|gold_vs_ma5|gold_vs_ma20|copper_daily|copper_vs_ma5|copper_vs_ma20|a500_vs_ma20|us10y_vs_ma20|RSI14_lag1|DIFF_lag1|DEA_lag1|cn10y_vs_ma20|brent_vs_ma20|dollar_vs_ma20|brent_vs_ma5|a500_vs_ma5
2021,2021-12-08,2021-12-07,785634,2021-12-07,2,base_prediction|gold_daily|gold_vs_ma5|gold_vs_ma20|copper_daily|copper_vs_ma5|copper_vs_ma20|a500_vs_ma20|us10y_vs_ma20|RSI14_lag1|DIFF_lag1|DEA_lag1|cn10y_vs_ma20|brent_vs_ma20|dollar_vs_ma20|brent_vs_ma5|a500_vs_ma5
2021,2021-12-10,2021-12-09,785634,2021-12-09,1,base_prediction|gold_daily|gold_vs_ma5|gold_vs_ma20|copper_daily|copper_vs_ma5|copper_vs_ma20|a500_vs_ma20|us10y_vs_ma20|RSI14_lag1|DIFF_lag1|DEA_lag1|cn10y_vs_ma20|brent_vs_ma20|dollar_vs_ma20|brent_vs_ma5|a500_vs_ma5
2021,2021-12-13,2021-12-10,785634,2021-12-10,1,base_prediction|gold_daily|gold_vs_ma5|gold_vs_ma20|copper_daily|copper_vs_ma5|copper_vs_ma20|a500_vs_ma20|us10y_vs_ma20|RSI14_lag1|DIFF_lag1|DEA_lag1|cn10y_vs_ma20|brent_vs_ma20|dollar_vs_ma20|brent_vs_ma5|a500_vs_ma5
2021,2021-12-14,2021-12-13,785634,2021-12-13,1,base_prediction|gold_daily|gold_vs_ma5|gold_vs_ma20|copper_daily|copper_vs_ma5|copper_vs_ma20|a500_vs_ma20|us10y_vs_ma20|RSI14_lag1|DIFF_lag1|DEA_lag1|cn10y_vs_ma20|brent_vs_ma20|dollar_vs_ma20|brent_vs_ma5|a500_vs_ma5
2021,2021-12-15,2021-12-14,785634,2021-12-14,1,base_prediction|gold_daily|gold_vs_ma5|gold_vs_ma20|copper_daily|copper_vs_ma5|copper_vs_ma20|a500_vs_ma20|us10y_vs_ma20|RSI14_lag1|DIFF_lag1|DEA_lag1|cn10y_vs_ma20|brent_vs_ma20|dollar_vs_ma20|brent_vs_ma5|a500_vs_ma5
2021,2021-12-16,2021-12-15,785634,2021-12-15,1,base_prediction|gold_daily|gold_vs_ma5|gold_vs_ma20|copper_daily|copper_vs_ma5|copper_vs_ma20|a500_vs_ma20|us10y_vs_ma20|RSI14_lag1|DIFF_lag1|DEA_lag1|cn10y_vs_ma20|brent_vs_ma20|dollar_vs_ma20|brent_vs_ma5|a500_vs_ma5
2021,2021-12-17,2021-12-16,785634,2021-12-16,2,base_prediction|gold_daily|gold_vs_ma5|gold_vs_ma20|copper_daily|copper_vs_ma5|copper_vs_ma20|a500_vs_ma20|us10y_vs_ma20|RSI14_lag1|DIFF_lag1|DEA_lag1|cn10y_vs_ma20|brent_vs_ma20|dollar_vs_ma20|brent_vs_ma5|a500_vs_ma5
2021,2021-12-21,2021-12-20,550343,2021-12-20,1,base_prediction|gold_daily|gold_vs_ma5|gold_vs_ma20|copper_daily|copper_vs_ma5|copper_vs_ma20|a500_vs_ma20|us10y_vs_ma20|RSI14_lag1|DIFF_lag1|DEA_lag1|cn10y_vs_ma20|brent_vs_ma20|dollar_vs_ma20|brent_vs_ma5|a500_vs_ma5
2021,2021-12-22,2021-12-21,550343,2021-12-21,2,base_prediction|gold_daily|gold_vs_ma5|gold_vs_ma20|copper_daily|copper_vs_ma5|copper_vs_ma20|a500_vs_ma20|us10y_vs_ma20|RSI14_lag1|DIFF_lag1|DEA_lag1|cn10y_vs_ma20|brent_vs_ma20|dollar_vs_ma20|brent_vs_ma5|a500_vs_ma5
2021,2021-12-24,2021-12-23,550343,2021-12-23,1,base_prediction|gold_daily|gold_vs_ma5|gold_vs_ma20|copper_daily|copper_vs_ma5|copper_vs_ma20|a500_vs_ma20|us10y_vs_ma20|RSI14_lag1|DIFF_lag1|DEA_lag1|cn10y_vs_ma20|brent_vs_ma20|dollar_vs_ma20|brent_vs_ma5|a500_vs_ma5
2021,2021-12-27,2021-12-24,550343,2021-12-24,1,base_prediction|gold_daily|gold_vs_ma5|gold_vs_ma20|copper_daily|copper_vs_ma5|copper_vs_ma20|a500_vs_ma20|us10y_vs_ma20|RSI14_lag1|DIFF_lag1|DEA_lag1|cn10y_vs_ma20|brent_vs_ma20|dollar_vs_ma20|brent_vs_ma5|a500_vs_ma5
2021,2021-12-28,2021-12-27,550343,2021-12-27,1,base_prediction|gold_daily|gold_vs_ma5|gold_vs_ma20|copper_daily|copper_vs_ma5|copper_vs_ma20|a500_vs_ma20|us10y_vs_ma20|RSI14_lag1|DIFF_lag1|DEA_lag1|cn10y_vs_ma20|brent_vs_ma20|dollar_vs_ma20|brent_vs_ma5|a500_vs_ma5
2021,2021-12-29,2021-12-28,550343,2021-12-28,1,base_prediction|gold_daily|gold_vs_ma5|gold_vs_ma20|copper_daily|copper_vs_ma5|copper_vs_ma20|a500_vs_ma20|us10y_vs_ma20|RSI14_lag1|DIFF_lag1|DEA_lag1|cn10y_vs_ma20|brent_vs_ma20|dollar_vs_ma20|brent_vs_ma5|a500_vs_ma5
2021,2021-12-30,2021-12-29,550343,2021-12-29,1,base_prediction|gold_daily|gold_vs_ma5|gold_vs_ma20|copper_daily|copper_vs_ma5|copper_vs_ma20|a500_vs_ma20|us10y_vs_ma20|RSI14_lag1|DIFF_lag1|DEA_lag1|cn10y_vs_ma20|brent_vs_ma20|dollar_vs_ma20|brent_vs_ma5|a500_vs_ma5
2021,2021-12-31,2021-12-30,550343,2021-12-30,1,base_prediction|gold_daily|gold_vs_ma5|gold_vs_ma20|copper_daily|copper_vs_ma5|copper_vs_ma20|a500_vs_ma20|us10y_vs_ma20|RSI14_lag1|DIFF_lag1|DEA_lag1|cn10y_vs_ma20|brent_vs_ma20|dollar_vs_ma20|brent_vs_ma5|a500_vs_ma5
2022,2022-01-03,,550343,2021-12-31,1,base_prediction|gold_daily|gold_vs_ma5|gold_vs_ma20|copper_daily|copper_vs_ma5|copper_vs_ma20|a500_vs_ma20|us10y_vs_ma20|RSI14_lag1|DIFF_lag1|DEA_lag1|cn10y_vs_ma20|brent_vs_ma20|dollar_vs_ma20|brent_vs_ma5|a500_vs_ma5
2022,2022-01-04,2022-01-03,42716,2022-01-03,1,base_prediction|gold_daily|gold_vs_ma5|gold_vs_ma20|copper_daily|copper_vs_ma5|copper_vs_ma20|a500_vs_ma20|us10y_vs_ma20|RSI14_lag1|DIFF_lag1|DEA_lag1|cn10y_vs_ma20|brent_vs_ma20|dollar_vs_ma20|brent_vs_ma5|a500_vs_ma5
2022,2022-01-05,2022-01-04,42716,2022-01-04,6,base_prediction|gold_daily|gold_vs_ma5|gold_vs_ma20|copper_daily|copper_vs_ma5|copper_vs_ma20|a500_vs_ma20|us10y_vs_ma20|RSI14_lag1|DIFF_lag1|DEA_lag1|cn10y_vs_ma20|brent_vs_ma20|dollar_vs_ma20|brent_vs_ma5|a500_vs_ma5
2022,2022-01-13,2022-01-12,42716,2022-01-12,1,base_prediction|gold_daily|gold_vs_ma5|gold_vs_ma20|copper_daily|copper_vs_ma5|copper_vs_ma20|a500_vs_ma20|us10y_vs_ma20|RSI14_lag1|DIFF_lag1|DEA_lag1|cn10y_vs_ma20|brent_vs_ma20|dollar_vs_ma20|brent_vs_ma5|a500_vs_ma5
2022,2022-01-14,2022-01-13,42716,2022-01-13,1,base_prediction|gold_daily|gold_vs_ma5|gold_vs_ma20|copper_daily|copper_vs_ma5|copper_vs_ma20|a500_vs_ma20|us10y_vs_ma20|RSI14_lag1|DIFF_lag1|DEA_lag1|cn10y_vs_ma20|brent_vs_ma20|dollar_vs_ma20|brent_vs_ma5|a500_vs_ma5
2022,2022-01-16,2022-01-14,42716,2022-01-14,4,base_prediction|gold_daily|gold_vs_ma5|gold_vs_ma20|copper_daily|copper_vs_ma5|copper_vs_ma20|a500_vs_ma20|us10y_vs_ma20|RSI14_lag1|DIFF_lag1|DEA_lag1|cn10y_vs_ma20|brent_vs_ma20|dollar_vs_ma20|brent_vs_ma5|a500_vs_ma5
2022,2022-01-20,2022-01-19,42716,2022-01-19,1,base_prediction|gold_daily|gold_vs_ma5|gold_vs_ma20|copper_daily|copper_vs_ma5|copper_vs_ma20|a500_vs_ma20|us10y_vs_ma20|RSI14_lag1|DIFF_lag1|DEA_lag1|cn10y_vs_ma20|brent_vs_ma20|dollar_vs_ma20|brent_vs_ma5|a500_vs_ma5
2022,2022-01-21,2022-01-20,42716,2022-01-20,1,base_prediction|gold_daily|gold_vs_ma5|gold_vs_ma20|copper_daily|copper_vs_ma5|copper_vs_ma20|a500_vs_ma20|us10y_vs_ma20|RSI14_lag1|DIFF_lag1|DEA_lag1|cn10y_vs_ma20|brent_vs_ma20|dollar_vs_ma20|brent_vs_ma5|a500_vs_ma5
2022,2022-01-24,2022-01-21,42716,2022-01-21,1,base_prediction|gold_daily|gold_vs_ma5|gold_vs_ma20|copper_daily|copper_vs_ma5|copper_vs_ma20|a500_vs_ma20|us10y_vs_ma20|RSI14_lag1|DIFF_lag1|DEA_lag1|cn10y_vs_ma20|brent_vs_ma20|dollar_vs_ma20|brent_vs_ma5|a500_vs_ma5
2022,2022-01-25,2022-01-24,42716,2022-01-24,1,base_prediction|gold_daily|gold_vs_ma5|gold_vs_ma20|copper_daily|copper_vs_ma5|copper_vs_ma20|a500_vs_ma20|us10y_vs_ma20|RSI14_lag1|DIFF_lag1|DEA_lag1|cn10y_vs_ma20|brent_vs_ma20|dollar_vs_ma20|brent_vs_ma5|a500_vs_ma5
2022,2022-01-26,2022-01-25,42716,2022-01-25,1,base_prediction|gold_daily|gold_vs_ma5|gold_vs_ma20|copper_daily|copper_vs_ma5|copper_vs_ma20|a500_vs_ma20|us10y_vs_ma20|RSI14_lag1|DIFF_lag1|DEA_lag1|cn10y_vs_ma20|brent_vs_ma20|dollar_vs_ma20|brent_vs_ma5|a500_vs_ma5
2022,2022-01-27,2022-01-26,42716,2022-01-26,1,base_prediction|gold_daily|gold_vs_ma5|gold_vs_ma20|copper_daily|copper_vs_ma5|copper_vs_ma20|a500_vs_ma20|us10y_vs_ma20|RSI14_lag1|DIFF_lag1|DEA_lag1|cn10y_vs_ma20|brent_vs_ma20|dollar_vs_ma20|brent_vs_ma5|a500_vs_ma5
2022,2022-01-28,2022-01-27,42716,2022-01-27,1,base_prediction|gold_daily|gold_vs_ma5|gold_vs_ma20|copper_daily|copper_vs_ma5|copper_vs_ma20|a500_vs_ma20|us10y_vs_ma20|RSI14_lag1|DIFF_lag1|DEA_lag1|cn10y_vs_ma20|brent_vs_ma20|dollar_vs_ma20|brent_vs_ma5|a500_vs_ma5
2022,2022-01-29,2022-01-28,741131,2022-01-28,1,base_prediction|gold_daily|gold_vs_ma5|gold_vs_ma20|copper_daily|copper_vs_ma5|copper_vs_ma20|a500_vs_ma20|us10y_vs_ma20|RSI14_lag1|DIFF_lag1|DEA_lag1|cn10y_vs_ma20|brent_vs_ma20|dollar_vs_ma20|brent_vs_ma5|a500_vs_ma5
2022,2022-01-30,2022-01-29,741131,2022-01-29,3,base_prediction|gold_daily|gold_vs_ma5|gold_vs_ma20|copper_daily|copper_vs_ma5|copper_vs_ma20|a500_vs_ma20|us10y_vs_ma20|RSI14_lag1|DIFF_lag1|DEA_lag1|cn10y_vs_ma20|brent_vs_ma20|dollar_vs_ma20|brent_vs_ma5|a500_vs_ma5
2022,2022-02-02,2022-02-01,741131,2022-02-01,3,base_prediction|gold_daily|gold_vs_ma5|gold_vs_ma20|copper_daily|copper_vs_ma5|copper_vs_ma20|a500_vs_ma20|us10y_vs_ma20|RSI14_lag1|DIFF_lag1|DEA_lag1|cn10y_vs_ma20|brent_vs_ma20|dollar_vs_ma20|brent_vs_ma5|a500_vs_ma5
2022,2022-02-07,2022-02-04,741131,2022-02-04,3,base_prediction|gold_daily|gold_vs_ma5|gold_vs_ma20|copper_daily|copper_vs_ma5|copper_vs_ma20|a500_vs_ma20|us10y_vs_ma20|RSI14_lag1|DIFF_lag1|DEA_lag1|cn10y_vs_ma20|brent_vs_ma20|dollar_vs_ma20|brent_vs_ma5|a500_vs_ma5
2022,2022-02-10,2022-02-09,550343,2022-02-09,1,base_prediction|gold_daily|gold_vs_ma5|gold_vs_ma20|copper_daily|copper_vs_ma5|copper_vs_ma20|a500_vs_ma20|us10y_vs_ma20|RSI14_lag1|DIFF_lag1|DEA_lag1|cn10y_vs_ma20|brent_vs_ma20|dollar_vs_ma20|brent_vs_ma5|a500_vs_ma5
2022,2022-02-11,2022-02-10,550343,2022-02-10,1,base_prediction|gold_daily|gold_vs_ma5|gold_vs_ma20|copper_daily|copper_vs_ma5|copper_vs_ma20|a500_vs_ma20|us10y_vs_ma20|RSI14_lag1|DIFF_lag1|DEA_lag1|cn10y_vs_ma20|brent_vs_ma20|dollar_vs_ma20|brent_vs_ma5|a500_vs_ma5
2022,2022-02-14,2022-02-11,550343,2022-02-11,1,base_prediction|gold_daily|gold_vs_ma5|gold_vs_ma20|copper_daily|copper_vs_ma5|copper_vs_ma20|a500_vs_ma20|us10y_vs_ma20|RSI14_lag1|DIFF_lag1|DEA_lag1|cn10y_vs_ma20|brent_vs_ma20|dollar_vs_ma20|brent_vs_ma5|a500_vs_ma5
2022,2022-02-15,2022-02-14,550343,2022-02-14,1,base_prediction|gold_daily|gold_vs_ma5|gold_vs_ma20|copper_daily|copper_vs_ma5|copper_vs_ma20|a500_vs_ma20|us10y_vs_ma20|RSI14_lag1|DIFF_lag1|DEA_lag1|cn10y_vs_ma20|brent_vs_ma20|dollar_vs_ma20|brent_vs_ma5|a500_vs_ma5
2022,2022-02-16,2022-02-15,741131,2022-02-15,1,base_prediction|gold_daily|gold_vs_ma5|gold_vs_ma20|copper_daily|copper_vs_ma5|copper_vs_ma20|a500_vs_ma20|us10y_vs_ma20|RSI14_lag1|DIFF_lag1|DEA_lag1|cn10y_vs_ma20|brent_vs_ma20|dollar_vs_ma20|brent_vs_ma5|a500_vs_ma5
2022,2022-02-17,2022-02-16,741131,2022-02-16,1,base_prediction|gold_daily|gold_vs_ma5|gold_vs_ma20|copper_daily|copper_vs_ma5|copper_vs_ma20|a500_vs_ma20|us10y_vs_ma20|RSI14_lag1|DIFF_lag1|DEA_lag1|cn10y_vs_ma20|brent_vs_ma20|dollar_vs_ma20|brent_vs_ma5|a500_vs_ma5
2022,2022-02-18,2022-02-17,741131,2022-02-17,2,base_prediction|gold_daily|gold_vs_ma5|gold_vs_ma20|copper_daily|copper_vs_ma5|copper_vs_ma20|a500_vs_ma20|us10y_vs_ma20|RSI14_lag1|DIFF_lag1|DEA_lag1|cn10y_vs_ma20|brent_vs_ma20|dollar_vs_ma20|brent_vs_ma5|a500_vs_ma5
2022,2022-02-21,2022-02-20,741131,2022-02-20,1,base_prediction|gold_daily|gold_vs_ma5|gold_vs_ma20|copper_daily|copper_vs_ma5|copper_vs_ma20|a500_vs_ma20|us10y_vs_ma20|RSI14_lag1|DIFF_lag1|DEA_lag1|cn10y_vs_ma20|brent_vs_ma20|dollar_vs_ma20|brent_vs_ma5|a500_vs_ma5
2022,2022-02-22,2022-02-21,741131,2022-02-21,1,base_prediction|gold_daily|gold_vs_ma5|gold_vs_ma20|copper_daily|copper_vs_ma5|copper_vs_ma20|a500_vs_ma20|us10y_vs_ma20|RSI14_lag1|DIFF_lag1|DEA_lag1|cn10y_vs_ma20|brent_vs_ma20|dollar_vs_ma20|brent_vs_ma5|a500_vs_ma5
2022,2022-02-23,2022-02-22,741131,2022-02-22,2,base_prediction|gold_daily|gold_vs_ma5|gold_vs_ma20|copper_daily|copper_vs_ma5|copper_vs_ma20|a500_vs_ma20|us10y_vs_ma20|RSI14_lag1|DIFF_lag1|DEA_lag1|cn10y_vs_ma20|brent_vs_ma20|dollar_vs_ma20|brent_vs_ma5|a500_vs_ma5
2022,2022-02-25,2022-02-24,741131,2022-02-24,1,base_prediction|gold_daily|gold_vs_ma5|gold_vs_ma20|copper_daily|copper_vs_ma5|copper_vs_ma20|a500_vs_ma20|us10y_vs_ma20|RSI14_lag1|DIFF_lag1|DEA_lag1|cn10y_vs_ma20|brent_vs_ma20|dollar_vs_ma20|brent_vs_ma5|a500_vs_ma5
2022,2022-02-28,2022-02-25,741131,2022-02-25,1,base_prediction|gold_daily|gold_vs_ma5|gold_vs_ma20|copper_daily|copper_vs_ma5|copper_vs_ma20|a500_vs_ma20|us10y_vs_ma20|RSI14_lag1|DIFF_lag1|DEA_lag1|cn10y_vs_ma20|brent_vs_ma20|dollar_vs_ma20|brent_vs_ma5|a500_vs_ma5
2022,2022-03-01,2022-02-28,741131,2022-02-28,1,base_prediction|gold_daily|gold_vs_ma5|gold_vs_ma20|copper_daily|copper_vs_ma5|copper_vs_ma20|a500_vs_ma20|us10y_vs_ma20|RSI14_lag1|DIFF_lag1|DEA_lag1|cn10y_vs_ma20|brent_vs_ma20|dollar_vs_ma20|brent_vs_ma5|a500_vs_ma5
2022,2022-03-02,2022-03-01,741131,2022-03-01,1,base_prediction|gold_daily|gold_vs_ma5|gold_vs_ma20|copper_daily|copper_vs_ma5|copper_vs_ma20|a500_vs_ma20|us10y_vs_ma20|RSI14_lag1|DIFF_lag1|DEA_lag1|cn10y_vs_ma20|brent_vs_ma20|dollar_vs_ma20|brent_vs_ma5|a500_vs_ma5
2022,2022-03-03,2022-03-02,741131,2022-03-02,1,base_prediction|gold_daily|gold_vs_ma5|gold_vs_ma20|copper_daily|copper_vs_ma5|copper_vs_ma20|a500_vs_ma20|us10y_vs_ma20|RSI14_lag1|DIFF_lag1|DEA_lag1|cn10y_vs_ma20|brent_vs_ma20|dollar_vs_ma20|brent_vs_ma5|a500_vs_ma5
2022,2022-03-04,2022-03-03,741131,2022-03-03,1,base_prediction|gold_daily|gold_vs_ma5|gold_vs_ma20|copper_daily|copper_vs_ma5|copper_vs_ma20|a500_vs_ma20|us10y_vs_ma20|RSI14_lag1|DIFF_lag1|DEA_lag1|cn10y_vs_ma20|brent_vs_ma20|dollar_vs_ma20|brent_vs_ma5|a500_vs_ma5
2022,2022-03-07,2022-03-04,741131,2022-03-04,1,base_prediction|gold_daily|gold_vs_ma5|gold_vs_ma20|copper_daily|copper_vs_ma5|copper_vs_ma20|a500_vs_ma20|us10y_vs_ma20|RSI14_lag1|DIFF_lag1|DEA_lag1|cn10y_vs_ma20|brent_vs_ma20|dollar_vs_ma20|brent_vs_ma5|a500_vs_ma5
2022,2022-03-08,2022-03-07,741131,2022-03-07,1,base_prediction|gold_daily|gold_vs_ma5|gold_vs_ma20|copper_daily|copper_vs_ma5|copper_vs_ma20|a500_vs_ma20|us10y_vs_ma20|RSI14_lag1|DIFF_lag1|DEA_lag1|cn10y_vs_ma20|brent_vs_ma20|dollar_vs_ma20|brent_vs_ma5|a500_vs_ma5
2022,2022-03-09,2022-03-08,741131,2022-03-08,1,base_prediction|gold_daily|gold_vs_ma5|gold_vs_ma20|copper_daily|copper_vs_ma5|copper_vs_ma20|a500_vs_ma20|us10y_vs_ma20|RSI14_lag1|DIFF_lag1|DEA_lag1|cn10y_vs_ma20|brent_vs_ma20|dollar_vs_ma20|brent_vs_ma5|a500_vs_ma5
2022,2022-03-10,2022-03-09,741131,2022-03-09,2,base_prediction|gold_daily|gold_vs_ma5|gold_vs_ma20|copper_daily|copper_vs_ma5|copper_vs_ma20|a500_vs_ma20|us10y_vs_ma20|RSI14_lag1|DIFF_lag1|DEA_lag1|cn10y_vs_ma20|brent_vs_ma20|dollar_vs_ma20|brent_vs_ma5|a500_vs_ma5
2022,2022-03-14,2022-03-11,741131,2022-03-11,1,base_prediction|gold_daily|gold_vs_ma5|gold_vs_ma20|copper_daily|copper_vs_ma5|copper_vs_ma20|a500_vs_ma20|us10y_vs_ma20|RSI14_lag1|DIFF_lag1|DEA_lag1|cn10y_vs_ma20|brent_vs_ma20|dollar_vs_ma20|brent_vs_ma5|a500_vs_ma5
2022,2022-03-15,2022-03-14,741131,2022-03-14,1,base_prediction|gold_daily|gold_vs_ma5|gold_vs_ma20|copper_daily|copper_vs_ma5|copper_vs_ma20|a500_vs_ma20|us10y_vs_ma20|RSI14_lag1|DIFF_lag1|DEA_lag1|cn10y_vs_ma20|brent_vs_ma20|dollar_vs_ma20|brent_vs_ma5|a500_vs_ma5
2022,2022-03-16,2022-03-15,741131,2022-03-15,1,base_prediction|gold_daily|gold_vs_ma5|gold_vs_ma20|copper_daily|copper_vs_ma5|copper_vs_ma20|a500_vs_ma20|us10y_vs_ma20|RSI14_lag1|DIFF_lag1|DEA_lag1|cn10y_vs_ma20|brent_vs_ma20|dollar_vs_ma20|brent_vs_ma5|a500_vs_ma5
2022,2022-03-17,2022-03-16,741131,2022-03-16,1,base_prediction|gold_daily|gold_vs_ma5|gold_vs_ma20|copper_daily|copper_vs_ma5|copper_vs_ma20|a500_vs_ma20|us10y_vs_ma20|RSI14_lag1|DIFF_lag1|DEA_lag1|cn10y_vs_ma20|brent_vs_ma20|dollar_vs_ma20|brent_vs_ma5|a500_vs_ma5
2022,2022-03-18,2022-03-17,741131,2022-03-17,1,base_prediction|gold_daily|gold_vs_ma5|gold_vs_ma20|copper_daily|copper_vs_ma5|copper_vs_ma20|a500_vs_ma20|us10y_vs_ma20|RSI14_lag1|DIFF_lag1|DEA_lag1|cn10y_vs_ma20|brent_vs_ma20|dollar_vs_ma20|brent_vs_ma5|a500_vs_ma5
2022,2022-03-21,2022-03-18,741131,2022-03-18,1,base_prediction|gold_daily|gold_vs_ma5|gold_vs_ma20|copper_daily|copper_vs_ma5|copper_vs_ma20|a500_vs_ma20|us10y_vs_ma20|RSI14_lag1|DIFF_lag1|DEA_lag1|cn10y_vs_ma20|brent_vs_ma20|dollar_vs_ma20|brent_vs_ma5|a500_vs_ma5
2022,2022-03-22,2022-03-21,741131,2022-03-21,2,base_prediction|gold_daily|gold_vs_ma5|gold_vs_ma20|copper_daily|copper_vs_ma5|copper_vs_ma20|a500_vs_ma20|us10y_vs_ma20|RSI14_lag1|DIFF_lag1|DEA_lag1|cn10y_vs_ma20|brent_vs_ma20|dollar_vs_ma20|brent_vs_ma5|a500_vs_ma5
2022,2022-03-24,2022-03-23,741131,2022-03-23,1,base_prediction|gold_daily|gold_vs_ma5|gold_vs_ma20|copper_daily|copper_vs_ma5|copper_vs_ma20|a500_vs_ma20|us10y_vs_ma20|RSI14_lag1|DIFF_lag1|DEA_lag1|cn10y_vs_ma20|brent_vs_ma20|dollar_vs_ma20|brent_vs_ma5|a500_vs_ma5
2022,2022-03-25,2022-03-24,741131,2022-03-24,1,base_prediction|gold_daily|gold_vs_ma5|gold_vs_ma20|copper_daily|copper_vs_ma5|copper_vs_ma20|a500_vs_ma20|us10y_vs_ma20|RSI14_lag1|DIFF_lag1|DEA_lag1|cn10y_vs_ma20|brent_vs_ma20|dollar_vs_ma20|brent_vs_ma5|a500_vs_ma5
2022,2022-03-28,2022-03-25,741131,2022-03-25,1,base_prediction|gold_daily|gold_vs_ma5|gold_vs_ma20|copper_daily|copper_vs_ma5|copper_vs_ma20|a500_vs_ma20|us10y_vs_ma20|RSI14_lag1|DIFF_lag1|DEA_lag1|cn10y_vs_ma20|brent_vs_ma20|dollar_vs_ma20|brent_vs_ma5|a500_vs_ma5
2022,2022-03-29,2022-03-28,741131,2022-03-28,1,base_prediction|gold_daily|gold_vs_ma5|gold_vs_ma20|copper_daily|copper_vs_ma5|copper_vs_ma20|a500_vs_ma20|us10y_vs_ma20|RSI14_lag1|DIFF_lag1|DEA_lag1|cn10y_vs_ma20|brent_vs_ma20|dollar_vs_ma20|brent_vs_ma5|a500_vs_ma5
2022,2022-03-30,2022-03-29,741131,2022-03-29,1,base_prediction|gold_daily|gold_vs_ma5|gold_vs_ma20|copper_daily|copper_vs_ma5|copper_vs_ma20|a500_vs_ma20|us10y_vs_ma20|RSI14_lag1|DIFF_lag1|DEA_lag1|cn10y_vs_ma20|brent_vs_ma20|dollar_vs_ma20|brent_vs_ma5|a500_vs_ma5
2022,2022-03-31,2022-03-30,550343,2022-03-30,1,base_prediction|gold_daily|gold_vs_ma5|gold_vs_ma20|copper_daily|copper_vs_ma5|copper_vs_ma20|a500_vs_ma20|us10y_vs_ma20|RSI14_lag1|DIFF_lag1|DEA_lag1|cn10y_vs_ma20|brent_vs_ma20|dollar_vs_ma20|brent_vs_ma5|a500_vs_ma5
2022,2022-04-01,2022-03-31,550343,2022-03-31,4,base_prediction|gold_daily|gold_vs_ma5|gold_vs_ma20|copper_daily|copper_vs_ma5|copper_vs_ma20|a500_vs_ma20|us10y_vs_ma20|RSI14_lag1|DIFF_lag1|DEA_lag1|cn10y_vs_ma20|brent_vs_ma20|dollar_vs_ma20|brent_vs_ma5|a500_vs_ma5
2022,2022-04-06,2022-04-05,550343,2022-04-05,1,base_prediction|gold_daily|gold_vs_ma5|gold_vs_ma20|copper_daily|copper_vs_ma5|copper_vs_ma20|a500_vs_ma20|us10y_vs_ma20|RSI14_lag1|DIFF_lag1|DEA_lag1|cn10y_vs_ma20|brent_vs_ma20|dollar_vs_ma20|brent_vs_ma5|a500_vs_ma5
2022,2022-04-07,2022-04-06,550343,2022-04-06,1,base_prediction|gold_daily|gold_vs_ma5|gold_vs_ma20|copper_daily|copper_vs_ma5|copper_vs_ma20|a500_vs_ma20|us10y_vs_ma20|RSI14_lag1|DIFF_lag1|DEA_lag1|cn10y_vs_ma20|brent_vs_ma20|dollar_vs_ma20|brent_vs_ma5|a500_vs_ma5
2022,2022-04-08,2022-04-07,550343,2022-04-07,1,base_prediction|gold_daily|gold_vs_ma5|gold_vs_ma20|copper_daily|copper_vs_ma5|copper_vs_ma20|a500_vs_ma20|us10y_vs_ma20|RSI14_lag1|DIFF_lag1|DEA_lag1|cn10y_vs_ma20|brent_vs_ma20|dollar_vs_ma20|brent_vs_ma5|a500_vs_ma5
2022,2022-04-11,2022-04-08,550343,2022-04-08,1,base_prediction|gold_daily|gold_vs_ma5|gold_vs_ma20|copper_daily|copper_vs_ma5|copper_vs_ma20|a500_vs_ma20|us10y_vs_ma20|RSI14_lag1|DIFF_lag1|DEA_lag1|cn10y_vs_ma20|brent_vs_ma20|dollar_vs_ma20|brent_vs_ma5|a500_vs_ma5
2022,2022-04-12,2022-04-11,550343,2022-04-11,1,base_prediction|gold_daily|gold_vs_ma5|gold_vs_ma20|copper_daily|copper_vs_ma5|copper_vs_ma20|a500_vs_ma20|us10y_vs_ma20|RSI14_lag1|DIFF_lag1|DEA_lag1|cn10y_vs_ma20|brent_vs_ma20|dollar_vs_ma20|brent_vs_ma5|a500_vs_ma5
2022,2022-04-13,2022-04-12,550343,2022-04-12,1,base_prediction|gold_daily|gold_vs_ma5|gold_vs_ma20|copper_daily|copper_vs_ma5|copper_vs_ma20|a500_vs_ma20|us10y_vs_ma20|RSI14_lag1|DIFF_lag1|DEA_lag1|cn10y_vs_ma20|brent_vs_ma20|dollar_vs_ma20|brent_vs_ma5|a500_vs_ma5
2022,2022-04-14,2022-04-13,550343,2022-04-13,1,base_prediction|gold_daily|gold_vs_ma5|gold_vs_ma20|copper_daily|copper_vs_ma5|copper_vs_ma20|a500_vs_ma20|us10y_vs_ma20|RSI14_lag1|DIFF_lag1|DEA_lag1|cn10y_vs_ma20|brent_vs_ma20|dollar_vs_ma20|brent_vs_ma5|a500_vs_ma5
2022,2022-04-15,2022-04-14,550343,2022-04-14,1,base_prediction|gold_daily|gold_vs_ma5|gold_vs_ma20|copper_daily|copper_vs_ma5|copper_vs_ma20|a500_vs_ma20|us10y_vs_ma20|RSI14_lag1|DIFF_lag1|DEA_lag1|cn10y_vs_ma20|brent_vs_ma20|dollar_vs_ma20|brent_vs_ma5|a500_vs_ma5
2022,2022-04-18,2022-04-15,550343,2022-04-15,1,base_prediction|gold_daily|gold_vs_ma5|gold_vs_ma20|copper_daily|copper_vs_ma5|copper_vs_ma20|a500_vs_ma20|us10y_vs_ma20|RSI14_lag1|DIFF_lag1|DEA_lag1|cn10y_vs_ma20|brent_vs_ma20|dollar_vs_ma20|brent_vs_ma5|a500_vs_ma5
2022,2022-04-19,2022-04-18,550343,2022-04-18,2,base_prediction|gold_daily|gold_vs_ma5|gold_vs_ma20|copper_daily|copper_vs_ma5|copper_vs_ma20|a500_vs_ma20|us10y_vs_ma20|RSI14_lag1|DIFF_lag1|DEA_lag1|cn10y_vs_ma20|brent_vs_ma20|dollar_vs_ma20|brent_vs_ma5|a500_vs_ma5
2022,2022-04-21,2022-04-20,741131,2022-04-20,1,base_prediction|gold_daily|gold_vs_ma5|gold_vs_ma20|copper_daily|copper_vs_ma5|copper_vs_ma20|a500_vs_ma20|us10y_vs_ma20|RSI14_lag1|DIFF_lag1|DEA_lag1|cn10y_vs_ma20|brent_vs_ma20|dollar_vs_ma20|brent_vs_ma5|a500_vs_ma5
2022,2022-04-22,2022-04-21,741131,2022-04-21,1,base_prediction|gold_daily|gold_vs_ma5|gold_vs_ma20|copper_daily|copper_vs_ma5|copper_vs_ma20|a500_vs_ma20|us10y_vs_ma20|RSI14_lag1|DIFF_lag1|DEA_lag1|cn10y_vs_ma20|brent_vs_ma20|dollar_vs_ma20|brent_vs_ma5|a500_vs_ma5
2022,2022-04-24,2022-04-22,741131,2022-04-22,1,base_prediction|gold_daily|gold_vs_ma5|gold_vs_ma20|copper_daily|copper_vs_ma5|copper_vs_ma20|a500_vs_ma20|us10y_vs_ma20|RSI14_lag1|DIFF_lag1|DEA_lag1|cn10y_vs_ma20|brent_vs_ma20|dollar_vs_ma20|brent_vs_ma5|a500_vs_ma5
2022,2022-04-25,2022-04-24,741131,2022-04-24,2,base_prediction|gold_daily|gold_vs_ma5|gold_vs_ma20|copper_daily|copper_vs_ma5|copper_vs_ma20|a500_vs_ma20|us10y_vs_ma20|RSI14_lag1|DIFF_lag1|DEA_lag1|cn10y_vs_ma20|brent_vs_ma20|dollar_vs_ma20|brent_vs_ma5|a500_vs_ma5
2022,2022-04-27,2022-04-26,741131,2022-04-26,1,base_prediction|gold_daily|gold_vs_ma5|gold_vs_ma20|copper_daily|copper_vs_ma5|copper_vs_ma20|a500_vs_ma20|us10y_vs_ma20|RSI14_lag1|DIFF_lag1|DEA_lag1|cn10y_vs_ma20|brent_vs_ma20|dollar_vs_ma20|brent_vs_ma5|a500_vs_ma5
2022,2022-04-28,2022-04-27,741131,2022-04-27,1,base_prediction|gold_daily|gold_vs_ma5|gold_vs_ma20|copper_daily|copper_vs_ma5|copper_vs_ma20|a500_vs_ma20|us10y_vs_ma20|RSI14_lag1|DIFF_lag1|DEA_lag1|cn10y_vs_ma20|brent_vs_ma20|dollar_vs_ma20|brent_vs_ma5|a500_vs_ma5
2022,2022-04-29,2022-04-28,741131,2022-04-28,1,base_prediction|gold_daily|gold_vs_ma5|gold_vs_ma20|copper_daily|copper_vs_ma5|copper_vs_ma20|a500_vs_ma20|us10y_vs_ma20|RSI14_lag1|DIFF_lag1|DEA_lag1|cn10y_vs_ma20|brent_vs_ma20|dollar_vs_ma20|brent_vs_ma5|a500_vs_ma5
2022,2022-05-02,2022-04-29,741131,2022-04-29,1,base_prediction|gold_daily|gold_vs_ma5|gold_vs_ma20|copper_daily|copper_vs_ma5|copper_vs_ma20|a500_vs_ma20|us10y_vs_ma20|RSI14_lag1|DIFF_lag1|DEA_lag1|cn10y_vs_ma20|brent_vs_ma20|dollar_vs_ma20|brent_vs_ma5|a500_vs_ma5
2022,2022-05-03,2022-05-02,741131,2022-05-02,1,base_prediction|gold_daily|gold_vs_ma5|gold_vs_ma20|copper_daily|copper_vs_ma5|copper_vs_ma20|a500_vs_ma20|us10y_vs_ma20|RSI14_lag1|DIFF_lag1|DEA_lag1|cn10y_vs_ma20|brent_vs_ma20|dollar_vs_ma20|brent_vs_ma5|a500_vs_ma5
2022,2022-05-04,2022-05-03,741131,2022-05-03,1,base_prediction|gold_daily|gold_vs_ma5|gold_vs_ma20|copper_daily|copper_vs_ma5|copper_vs_ma20|a500_vs_ma20|us10y_vs_ma20|RSI14_lag1|DIFF_lag1|DEA_lag1|cn10y_vs_ma20|brent_vs_ma20|dollar_vs_ma20|brent_vs_ma5|a500_vs_ma5
2022,2022-05-05,2022-05-04,741131,2022-05-04,1,base_prediction|gold_daily|gold_vs_ma5|gold_vs_ma20|copper_daily|copper_vs_ma5|copper_vs_ma20|a500_vs_ma20|us10y_vs_ma20|RSI14_lag1|DIFF_lag1|DEA_lag1|cn10y_vs_ma20|brent_vs_ma20|dollar_vs_ma20|brent_vs_ma5|a500_vs_ma5
2022,2022-05-06,2022-05-05,741131,2022-05-05,1,base_prediction|gold_daily|gold_vs_ma5|gold_vs_ma20|copper_daily|copper_vs_ma5|copper_vs_ma20|a500_vs_ma20|us10y_vs_ma20|RSI14_lag1|DIFF_lag1|DEA_lag1|cn10y_vs_ma20|brent_vs_ma20|dollar_vs_ma20|brent_vs_ma5|a500_vs_ma5
2022,2022-05-07,2022-05-06,741131,2022-05-06,1,base_prediction|gold_daily|gold_vs_ma5|gold_vs_ma20|copper_daily|copper_vs_ma5|copper_vs_ma20|a500_vs_ma20|us10y_vs_ma20|RSI14_lag1|DIFF_lag1|DEA_lag1|cn10y_vs_ma20|brent_vs_ma20|dollar_vs_ma20|brent_vs_ma5|a500_vs_ma5
2022,2022-05-09,2022-05-07,741131,2022-05-07,1,base_prediction|gold_daily|gold_vs_ma5|gold_vs_ma20|copper_daily|copper_vs_ma5|copper_vs_ma20|a500_vs_ma20|us10y_vs_ma20|RSI14_lag1|DIFF_lag1|DEA_lag1|cn10y_vs_ma20|brent_vs_ma20|dollar_vs_ma20|brent_vs_ma5|a500_vs_ma5
2022,2022-05-10,2022-05-09,741131,2022-05-09,1,base_prediction|gold_daily|gold_vs_ma5|gold_vs_ma20|copper_daily|copper_vs_ma5|copper_vs_ma20|a500_vs_ma20|us10y_vs_ma20|RSI14_lag1|DIFF_lag1|DEA_lag1|cn10y_vs_ma20|brent_vs_ma20|dollar_vs_ma20|brent_vs_ma5|a500_vs_ma5
2022,2022-05-11,2022-05-10,741131,2022-05-10,1,base_prediction|gold_daily|gold_vs_ma5|gold_vs_ma20|copper_daily|copper_vs_ma5|copper_vs_ma20|a500_vs_ma20|us10y_vs_ma20|RSI14_lag1|DIFF_lag1|DEA_lag1|cn10y_vs_ma20|brent_vs_ma20|dollar_vs_ma20|brent_vs_ma5|a500_vs_ma5
2022,2022-05-12,2022-05-11,741131,2022-05-11,1,base_prediction|gold_daily|gold_vs_ma5|gold_vs_ma20|copper_daily|copper_vs_ma5|copper_vs_ma20|a500_vs_ma20|us10y_vs_ma20|RSI14_lag1|DIFF_lag1|DEA_lag1|cn10y_vs_ma20|brent_vs_ma20|dollar_vs_ma20|brent_vs_ma5|a500_vs_ma5
2022,2022-05-13,2022-05-12,741131,2022-05-12,1,base_prediction|gold_daily|gold_vs_ma5|gold_vs_ma20|copper_daily|copper_vs_ma5|copper_vs_ma20|a500_vs_ma20|us10y_vs_ma20|RSI14_lag1|DIFF_lag1|DEA_lag1|cn10y_vs_ma20|brent_vs_ma20|dollar_vs_ma20|brent_vs_ma5|a500_vs_ma5
2022,2022-05-16,2022-05-13,741131,2022-05-13,2,base_prediction|gold_daily|gold_vs_ma5|gold_vs_ma20|copper_daily|copper_vs_ma5|copper_vs_ma20|a500_vs_ma20|us10y_vs_ma20|RSI14_lag1|DIFF_lag1|DEA_lag1|cn10y_vs_ma20|brent_vs_ma20|dollar_vs_ma20|brent_vs_ma5|a500_vs_ma5
2022,2022-05-18,2022-05-17,741131,2022-05-17,1,base_prediction|gold_daily|gold_vs_ma5|gold_vs_ma20|copper_daily|copper_vs_ma5|copper_vs_ma20|a500_vs_ma20|us10y_vs_ma20|RSI14_lag1|DIFF_lag1|DEA_lag1|cn10y_vs_ma20|brent_vs_ma20|dollar_vs_ma20|brent_vs_ma5|a500_vs_ma5
2022,2022-05-19,2022-05-18,741131,2022-05-18,1,base_prediction|gold_daily|gold_vs_ma5|gold_vs_ma20|copper_daily|copper_vs_ma5|copper_vs_ma20|a500_vs_ma20|us10y_vs_ma20|RSI14_lag1|DIFF_lag1|DEA_lag1|cn10y_vs_ma20|brent_vs_ma20|dollar_vs_ma20|brent_vs_ma5|a500_vs_ma5
2022,2022-05-20,2022-05-19,741131,2022-05-19,1,base_prediction|gold_daily|gold_vs_ma5|gold_vs_ma20|copper_daily|copper_vs_ma5|copper_vs_ma20|a500_vs_ma20|us10y_vs_ma20|RSI14_lag1|DIFF_lag1|DEA_lag1|cn10y_vs_ma20|brent_vs_ma20|dollar_vs_ma20|brent_vs_ma5|a500_vs_ma5
2022,2022-05-23,2022-05-20,741131,2022-05-20,1,base_prediction|gold_daily|gold_vs_ma5|gold_vs_ma20|copper_daily|copper_vs_ma5|copper_vs_ma20|a500_vs_ma20|us10y_vs_ma20|RSI14_lag1|DIFF_lag1|DEA_lag1|cn10y_vs_ma20|brent_vs_ma20|dollar_vs_ma20|brent_vs_ma5|a500_vs_ma5
2022,2022-05-24,2022-05-23,741131,2022-05-23,1,base_prediction|gold_daily|gold_vs_ma5|gold_vs_ma20|copper_daily|copper_vs_ma5|copper_vs_ma20|a500_vs_ma20|us10y_vs_ma20|RSI14_lag1|DIFF_lag1|DEA_lag1|cn10y_vs_ma20|brent_vs_ma20|dollar_vs_ma20|brent_vs_ma5|a500_vs_ma5
2022,2022-05-25,2022-05-24,741131,2022-05-24,2,base_prediction|gold_daily|gold_vs_ma5|gold_vs_ma20|copper_daily|copper_vs_ma5|copper_vs_ma20|a500_vs_ma20|us10y_vs_ma20|RSI14_lag1|DIFF_lag1|DEA_lag1|cn10y_vs_ma20|brent_vs_ma20|dollar_vs_ma20|brent_vs_ma5|a500_vs_ma5
2022,2022-05-27,2022-05-26,741131,2022-05-26,2,base_prediction|gold_daily|gold_vs_ma5|gold_vs_ma20|copper_daily|copper_vs_ma5|copper_vs_ma20|a500_vs_ma20|us10y_vs_ma20|RSI14_lag1|DIFF_lag1|DEA_lag1|cn10y_vs_ma20|brent_vs_ma20|dollar_vs_ma20|brent_vs_ma5|a500_vs_ma5
2022,2022-05-30,2022-05-29,741131,2022-05-29,2,base_prediction|gold_daily|gold_vs_ma5|gold_vs_ma20|copper_daily|copper_vs_ma5|copper_vs_ma20|a500_vs_ma20|us10y_vs_ma20|RSI14_lag1|DIFF_lag1|DEA_lag1|cn10y_vs_ma20|brent_vs_ma20|dollar_vs_ma20|brent_vs_ma5|a500_vs_ma5
2022,2022-06-01,2022-05-31,741131,2022-05-31,1,base_prediction|gold_daily|gold_vs_ma5|gold_vs_ma20|copper_daily|copper_vs_ma5|copper_vs_ma20|a500_vs_ma20|us10y_vs_ma20|RSI14_lag1|DIFF_lag1|DEA_lag1|cn10y_vs_ma20|brent_vs_ma20|dollar_vs_ma20|brent_vs_ma5|a500_vs_ma5
2022,2022-06-02,2022-06-01,741131,2022-06-01,1,base_prediction|gold_daily|gold_vs_ma5|gold_vs_ma20|copper_daily|copper_vs_ma5|copper_vs_ma20|a500_vs_ma20|us10y_vs_ma20|RSI14_lag1|DIFF_lag1|DEA_lag1|cn10y_vs_ma20|brent_vs_ma20|dollar_vs_ma20|brent_vs_ma5|a500_vs_ma5
2022,2022-06-03,2022-06-02,741131,2022-06-02,1,base_prediction|gold_daily|gold_vs_ma5|gold_vs_ma20|copper_daily|copper_vs_ma5|copper_vs_ma20|a500_vs_ma20|us10y_vs_ma20|RSI14_lag1|DIFF_lag1|DEA_lag1|cn10y_vs_ma20|brent_vs_ma20|dollar_vs_ma20|brent_vs_ma5|a500_vs_ma5
2022,2022-06-06,2022-06-03,741131,2022-06-03,1,base_prediction|gold_daily|gold_vs_ma5|gold_vs_ma20|copper_daily|copper_vs_ma5|copper_vs_ma20|a500_vs_ma20|us10y_vs_ma20|RSI14_lag1|DIFF_lag1|DEA_lag1|cn10y_vs_ma20|brent_vs_ma20|dollar_vs_ma20|brent_vs_ma5|a500_vs_ma5
2022,2022-06-07,2022-06-06,741131,2022-06-06,1,base_prediction|gold_daily|gold_vs_ma5|gold_vs_ma20|copper_daily|copper_vs_ma5|copper_vs_ma20|a500_vs_ma20|us10y_vs_ma20|RSI14_lag1|DIFF_lag1|DEA_lag1|cn10y_vs_ma20|brent_vs_ma20|dollar_vs_ma20|brent_vs_ma5|a500_vs_ma5
2022,2022-06-08,2022-06-07,741131,2022-06-07,1,base_prediction|gold_daily|gold_vs_ma5|gold_vs_ma20|copper_daily|copper_vs_ma5|copper_vs_ma20|a500_vs_ma20|us10y_vs_ma20|RSI14_lag1|DIFF_lag1|DEA_lag1|cn10y_vs_ma20|brent_vs_ma20|dollar_vs_ma20|brent_vs_ma5|a500_vs_ma5
2022,2022-06-09,2022-06-08,741131,2022-06-08,1,base_prediction|gold_daily|gold_vs_ma5|gold_vs_ma20|copper_daily|copper_vs_ma5|copper_vs_ma20|a500_vs_ma20|us10y_vs_ma20|RSI14_lag1|DIFF_lag1|DEA_lag1|cn10y_vs_ma20|brent_vs_ma20|dollar_vs_ma20|brent_vs_ma5|a500_vs_ma5
2022,2022-06-10,2022-06-09,785634,2022-06-09,1,base_prediction|gold_daily|gold_vs_ma5|gold_vs_ma20|copper_daily|copper_vs_ma5|copper_vs_ma20|a500_vs_ma20|us10y_vs_ma20|RSI14_lag1|DIFF_lag1|DEA_lag1|cn10y_vs_ma20|brent_vs_ma20|dollar_vs_ma20|brent_vs_ma5|a500_vs_ma5
2022,2022-06-13,2022-06-10,785634,2022-06-10,1,base_prediction|gold_daily|gold_vs_ma5|gold_vs_ma20|copper_daily|copper_vs_ma5|copper_vs_ma20|a500_vs_ma20|us10y_vs_ma20|RSI14_lag1|DIFF_lag1|DEA_lag1|cn10y_vs_ma20|brent_vs_ma20|dollar_vs_ma20|brent_vs_ma5|a500_vs_ma5
2022,2022-06-14,2022-06-13,785634,2022-06-13,1,base_prediction|gold_daily|gold_vs_ma5|gold_vs_ma20|copper_daily|copper_vs_ma5|copper_vs_ma20|a500_vs_ma20|us10y_vs_ma20|RSI14_lag1|DIFF_lag1|DEA_lag1|cn10y_vs_ma20|brent_vs_ma20|dollar_vs_ma20|brent_vs_ma5|a500_vs_ma5
2022,2022-06-15,2022-06-14,785634,2022-06-14,2,base_prediction|gold_daily|gold_vs_ma5|gold_vs_ma20|copper_daily|copper_vs_ma5|copper_vs_ma20|a500_vs_ma20|us10y_vs_ma20|RSI14_lag1|DIFF_lag1|DEA_lag1|cn10y_vs_ma20|brent_vs_ma20|dollar_vs_ma20|brent_vs_ma5|a500_vs_ma5
2022,2022-06-17,2022-06-16,785634,2022-06-16,1,base_prediction|gold_daily|gold_vs_ma5|gold_vs_ma20|copper_daily|copper_vs_ma5|copper_vs_ma20|a500_vs_ma20|us10y_vs_ma20|RSI14_lag1|DIFF_lag1|DEA_lag1|cn10y_vs_ma20|brent_vs_ma20|dollar_vs_ma20|brent_vs_ma5|a500_vs_ma5
2022,2022-06-19,2022-06-17,785634,2022-06-17,1,base_prediction|gold_daily|gold_vs_ma5|gold_vs_ma20|copper_daily|copper_vs_ma5|copper_vs_ma20|a500_vs_ma20|us10y_vs_ma20|RSI14_lag1|DIFF_lag1|DEA_lag1|cn10y_vs_ma20|brent_vs_ma20|dollar_vs_ma20|brent_vs_ma5|a500_vs_ma5
2022,2022-06-20,2022-06-19,785634,2022-06-19,3,base_prediction|gold_daily|gold_vs_ma5|gold_vs_ma20|copper_daily|copper_vs_ma5|copper_vs_ma20|a500_vs_ma20|us10y_vs_ma20|RSI14_lag1|DIFF_lag1|DEA_lag1|cn10y_vs_ma20|brent_vs_ma20|dollar_vs_ma20|brent_vs_ma5|a500_vs_ma5
2022,2022-06-23,2022-06-22,785634,2022-06-22,1,base_prediction|gold_daily|gold_vs_ma5|gold_vs_ma20|copper_daily|copper_vs_ma5|copper_vs_ma20|a500_vs_ma20|us10y_vs_ma20|RSI14_lag1|DIFF_lag1|DEA_lag1|cn10y_vs_ma20|brent_vs_ma20|dollar_vs_ma20|brent_vs_ma5|a500_vs_ma5
2022,2022-06-24,2022-06-23,785634,2022-06-23,2,base_prediction|gold_daily|gold_vs_ma5|gold_vs_ma20|copper_daily|copper_vs_ma5|copper_vs_ma20|a500_vs_ma20|us10y_vs_ma20|RSI14_lag1|DIFF_lag1|DEA_lag1|cn10y_vs_ma20|brent_vs_ma20|dollar_vs_ma20|brent_vs_ma5|a500_vs_ma5
2022,2022-06-28,2022-06-27,785634,2022-06-27,1,base_prediction|gold_daily|gold_vs_ma5|gold_vs_ma20|copper_daily|copper_vs_ma5|copper_vs_ma20|a500_vs_ma20|us10y_vs_ma20|RSI14_lag1|DIFF_lag1|DEA_lag1|cn10y_vs_ma20|brent_vs_ma20|dollar_vs_ma20|brent_vs_ma5|a500_vs_ma5
2022,2022-06-29,2022-06-28,785634,2022-06-28,1,base_prediction|gold_daily|gold_vs_ma5|gold_vs_ma20|copper_daily|copper_vs_ma5|copper_vs_ma20|a500_vs_ma20|us10y_vs_ma20|RSI14_lag1|DIFF_lag1|DEA_lag1|cn10y_vs_ma20|brent_vs_ma20|dollar_vs_ma20|brent_vs_ma5|a500_vs_ma5
2022,2022-06-30,2022-06-29,785634,2022-06-29,1,base_prediction|gold_daily|gold_vs_ma5|gold_vs_ma20|copper_daily|copper_vs_ma5|copper_vs_ma20|a500_vs_ma20|us10y_vs_ma20|RSI14_lag1|DIFF_lag1|DEA_lag1|cn10y_vs_ma20|brent_vs_ma20|dollar_vs_ma20|brent_vs_ma5|a500_vs_ma5
2022,2022-07-01,2022-06-30,785634,2022-06-30,2,base_prediction|gold_daily|gold_vs_ma5|gold_vs_ma20|copper_daily|copper_vs_ma5|copper_vs_ma20|a500_vs_ma20|us10y_vs_ma20|RSI14_lag1|DIFF_lag1|DEA_lag1|cn10y_vs_ma20|brent_vs_ma20|dollar_vs_ma20|brent_vs_ma5|a500_vs_ma5
2022,2022-07-04,2022-07-03,785634,2022-07-03,2,base_prediction|gold_daily|gold_vs_ma5|gold_vs_ma20|copper_daily|copper_vs_ma5|copper_vs_ma20|a500_vs_ma20|us10y_vs_ma20|RSI14_lag1|DIFF_lag1|DEA_lag1|cn10y_vs_ma20|brent_vs_ma20|dollar_vs_ma20|brent_vs_ma5|a500_vs_ma5
2022,2022-07-06,2022-07-05,785634,2022-07-05,1,base_prediction|gold_daily|gold_vs_ma5|gold_vs_ma20|copper_daily|copper_vs_ma5|copper_vs_ma20|a500_vs_ma20|us10y_vs_ma20|RSI14_lag1|DIFF_lag1|DEA_lag1|cn10y_vs_ma20|brent_vs_ma20|dollar_vs_ma20|brent_vs_ma5|a500_vs_ma5
2022,2022-07-07,2022-07-06,785634,2022-07-06,1,base_prediction|gold_daily|gold_vs_ma5|gold_vs_ma20|copper_daily|copper_vs_ma5|copper_vs_ma20|a500_vs_ma20|us10y_vs_ma20|RSI14_lag1|DIFF_lag1|DEA_lag1|cn10y_vs_ma20|brent_vs_ma20|dollar_vs_ma20|brent_vs_ma5|a500_vs_ma5
2022,2022-07-08,2022-07-07,785634,2022-07-07,1,base_prediction|gold_daily|gold_vs_ma5|gold_vs_ma20|copper_daily|copper_vs_ma5|copper_vs_ma20|a500_vs_ma20|us10y_vs_ma20|RSI14_lag1|DIFF_lag1|DEA_lag1|cn10y_vs_ma20|brent_vs_ma20|dollar_vs_ma20|brent_vs_ma5|a500_vs_ma5
2022,2022-07-11,2022-07-08,785634,2022-07-08,1,base_prediction|gold_daily|gold_vs_ma5|gold_vs_ma20|copper_daily|copper_vs_ma5|copper_vs_ma20|a500_vs_ma20|us10y_vs_ma20|RSI14_lag1|DIFF_lag1|DEA_lag1|cn10y_vs_ma20|brent_vs_ma20|dollar_vs_ma20|brent_vs_ma5|a500_vs_ma5
2022,2022-07-12,2022-07-11,785634,2022-07-11,1,base_prediction|gold_daily|gold_vs_ma5|gold_vs_ma20|copper_daily|copper_vs_ma5|copper_vs_ma20|a500_vs_ma20|us10y_vs_ma20|RSI14_lag1|DIFF_lag1|DEA_lag1|cn10y_vs_ma20|brent_vs_ma20|dollar_vs_ma20|brent_vs_ma5|a500_vs_ma5
2022,2022-07-13,2022-07-12,798291,2022-07-12,1,base_prediction|gold_daily|gold_vs_ma5|gold_vs_ma20|copper_daily|copper_vs_ma5|copper_vs_ma20|a500_vs_ma20|us10y_vs_ma20|RSI14_lag1|DIFF_lag1|DEA_lag1|cn10y_vs_ma20|brent_vs_ma20|dollar_vs_ma20|brent_vs_ma5|a500_vs_ma5
2022,2022-07-14,2022-07-13,798291,2022-07-13,1,base_prediction|gold_daily|gold_vs_ma5|gold_vs_ma20|copper_daily|copper_vs_ma5|copper_vs_ma20|a500_vs_ma20|us10y_vs_ma20|RSI14_lag1|DIFF_lag1|DEA_lag1|cn10y_vs_ma20|brent_vs_ma20|dollar_vs_ma20|brent_vs_ma5|a500_vs_ma5
2022,2022-07-15,2022-07-14,785634,2022-07-14,1,base_prediction|gold_daily|gold_vs_ma5|gold_vs_ma20|copper_daily|copper_vs_ma5|copper_vs_ma20|a500_vs_ma20|us10y_vs_ma20|RSI14_lag1|DIFF_lag1|DEA_lag1|cn10y_vs_ma20|brent_vs_ma20|dollar_vs_ma20|brent_vs_ma5|a500_vs_ma5
2022,2022-07-18,2022-07-15,785634,2022-07-15,1,base_prediction|gold_daily|gold_vs_ma5|gold_vs_ma20|copper_daily|copper_vs_ma5|copper_vs_ma20|a500_vs_ma20|us10y_vs_ma20|RSI14_lag1|DIFF_lag1|DEA_lag1|cn10y_vs_ma20|brent_vs_ma20|dollar_vs_ma20|brent_vs_ma5|a500_vs_ma5
2022,2022-07-19,2022-07-18,785634,2022-07-18,1,base_prediction|gold_daily|gold_vs_ma5|gold_vs_ma20|copper_daily|copper_vs_ma5|copper_vs_ma20|a500_vs_ma20|us10y_vs_ma20|RSI14_lag1|DIFF_lag1|DEA_lag1|cn10y_vs_ma20|brent_vs_ma20|dollar_vs_ma20|brent_vs_ma5|a500_vs_ma5
2022,2022-07-20,2022-07-19,785634,2022-07-19,1,base_prediction|gold_daily|gold_vs_ma5|gold_vs_ma20|copper_daily|copper_vs_ma5|copper_vs_ma20|a500_vs_ma20|us10y_vs_ma20|RSI14_lag1|DIFF_lag1|DEA_lag1|cn10y_vs_ma20|brent_vs_ma20|dollar_vs_ma20|brent_vs_ma5|a500_vs_ma5
2022,2022-07-21,2022-07-20,798291,2022-07-20,1,base_prediction|gold_daily|gold_vs_ma5|gold_vs_ma20|copper_daily|copper_vs_ma5|copper_vs_ma20|a500_vs_ma20|us10y_vs_ma20|RSI14_lag1|DIFF_lag1|DEA_lag1|cn10y_vs_ma20|brent_vs_ma20|dollar_vs_ma20|brent_vs_ma5|a500_vs_ma5
2022,2022-07-22,2022-07-21,798291,2022-07-21,1,base_prediction|gold_daily|gold_vs_ma5|gold_vs_ma20|copper_daily|copper_vs_ma5|copper_vs_ma20|a500_vs_ma20|us10y_vs_ma20|RSI14_lag1|DIFF_lag1|DEA_lag1|cn10y_vs_ma20|brent_vs_ma20|dollar_vs_ma20|brent_vs_ma5|a500_vs_ma5
2022,2022-07-25,2022-07-22,798291,2022-07-22,1,base_prediction|gold_daily|gold_vs_ma5|gold_vs_ma20|copper_daily|copper_vs_ma5|copper_vs_ma20|a500_vs_ma20|us10y_vs_ma20|RSI14_lag1|DIFF_lag1|DEA_lag1|cn10y_vs_ma20|brent_vs_ma20|dollar_vs_ma20|brent_vs_ma5|a500_vs_ma5
2022,2022-07-26,2022-07-25,798291,2022-07-25,2,base_prediction|gold_daily|gold_vs_ma5|gold_vs_ma20|copper_daily|copper_vs_ma5|copper_vs_ma20|a500_vs_ma20|us10y_vs_ma20|RSI14_lag1|DIFF_lag1|DEA_lag1|cn10y_vs_ma20|brent_vs_ma20|dollar_vs_ma20|brent_vs_ma5|a500_vs_ma5
2022,2022-07-28,2022-07-27,798291,2022-07-27,1,base_prediction|gold_daily|gold_vs_ma5|gold_vs_ma20|copper_daily|copper_vs_ma5|copper_vs_ma20|a500_vs_ma20|us10y_vs_ma20|RSI14_lag1|DIFF_lag1|DEA_lag1|cn10y_vs_ma20|brent_vs_ma20|dollar_vs_ma20|brent_vs_ma5|a500_vs_ma5
2022,2022-07-29,2022-07-28,798291,2022-07-28,1,base_prediction|gold_daily|gold_vs_ma5|gold_vs_ma20|copper_daily|copper_vs_ma5|copper_vs_ma20|a500_vs_ma20|us10y_vs_ma20|RSI14_lag1|DIFF_lag1|DEA_lag1|cn10y_vs_ma20|brent_vs_ma20|dollar_vs_ma20|brent_vs_ma5|a500_vs_ma5
2022,2022-08-01,2022-07-29,550343,2022-07-29,1,base_prediction|gold_daily|gold_vs_ma5|gold_vs_ma20|copper_daily|copper_vs_ma5|copper_vs_ma20|a500_vs_ma20|us10y_vs_ma20|RSI14_lag1|DIFF_lag1|DEA_lag1|cn10y_vs_ma20|brent_vs_ma20|dollar_vs_ma20|brent_vs_ma5|a500_vs_ma5
2022,2022-08-02,2022-08-01,550343,2022-08-01,1,base_prediction|gold_daily|gold_vs_ma5|gold_vs_ma20|copper_daily|copper_vs_ma5|copper_vs_ma20|a500_vs_ma20|us10y_vs_ma20|RSI14_lag1|DIFF_lag1|DEA_lag1|cn10y_vs_ma20|brent_vs_ma20|dollar_vs_ma20|brent_vs_ma5|a500_vs_ma5
2022,2022-08-03,2022-08-02,550343,2022-08-02,1,base_prediction|gold_daily|gold_vs_ma5|gold_vs_ma20|copper_daily|copper_vs_ma5|copper_vs_ma20|a500_vs_ma20|us10y_vs_ma20|RSI14_lag1|DIFF_lag1|DEA_lag1|cn10y_vs_ma20|brent_vs_ma20|dollar_vs_ma20|brent_vs_ma5|a500_vs_ma5
2022,2022-08-04,2022-08-03,550343,2022-08-03,1,base_prediction|gold_daily|gold_vs_ma5|gold_vs_ma20|copper_daily|copper_vs_ma5|copper_vs_ma20|a500_vs_ma20|us10y_vs_ma20|RSI14_lag1|DIFF_lag1|DEA_lag1|cn10y_vs_ma20|brent_vs_ma20|dollar_vs_ma20|brent_vs_ma5|a500_vs_ma5
2022,2022-08-05,2022-08-04,550343,2022-08-04,1,base_prediction|gold_daily|gold_vs_ma5|gold_vs_ma20|copper_daily|copper_vs_ma5|copper_vs_ma20|a500_vs_ma20|us10y_vs_ma20|RSI14_lag1|DIFF_lag1|DEA_lag1|cn10y_vs_ma20|brent_vs_ma20|dollar_vs_ma20|brent_vs_ma5|a500_vs_ma5
2022,2022-08-08,2022-08-05,550343,2022-08-05,2,base_prediction|gold_daily|gold_vs_ma5|gold_vs_ma20|copper_daily|copper_vs_ma5|copper_vs_ma20|a500_vs_ma20|us10y_vs_ma20|RSI14_lag1|DIFF_lag1|DEA_lag1|cn10y_vs_ma20|brent_vs_ma20|dollar_vs_ma20|brent_vs_ma5|a500_vs_ma5
2022,2022-08-10,2022-08-09,550343,2022-08-09,1,base_prediction|gold_daily|gold_vs_ma5|gold_vs_ma20|copper_daily|copper_vs_ma5|copper_vs_ma20|a500_vs_ma20|us10y_vs_ma20|RSI14_lag1|DIFF_lag1|DEA_lag1|cn10y_vs_ma20|brent_vs_ma20|dollar_vs_ma20|brent_vs_ma5|a500_vs_ma5
2022,2022-08-11,2022-08-10,550343,2022-08-10,2,base_prediction|gold_daily|gold_vs_ma5|gold_vs_ma20|copper_daily|copper_vs_ma5|copper_vs_ma20|a500_vs_ma20|us10y_vs_ma20|RSI14_lag1|DIFF_lag1|DEA_lag1|cn10y_vs_ma20|brent_vs_ma20|dollar_vs_ma20|brent_vs_ma5|a500_vs_ma5
2022,2022-08-15,2022-08-12,550343,2022-08-12,1,base_prediction|gold_daily|gold_vs_ma5|gold_vs_ma20|copper_daily|copper_vs_ma5|copper_vs_ma20|a500_vs_ma20|us10y_vs_ma20|RSI14_lag1|DIFF_lag1|DEA_lag1|cn10y_vs_ma20|brent_vs_ma20|dollar_vs_ma20|brent_vs_ma5|a500_vs_ma5
2022,2022-08-16,2022-08-15,550343,2022-08-15,2,base_prediction|gold_daily|gold_vs_ma5|gold_vs_ma20|copper_daily|copper_vs_ma5|copper_vs_ma20|a500_vs_ma20|us10y_vs_ma20|RSI14_lag1|DIFF_lag1|DEA_lag1|cn10y_vs_ma20|brent_vs_ma20|dollar_vs_ma20|brent_vs_ma5|a500_vs_ma5
2022,2022-08-18,2022-08-17,550343,2022-08-17,1,base_prediction|gold_daily|gold_vs_ma5|gold_vs_ma20|copper_daily|copper_vs_ma5|copper_vs_ma20|a500_vs_ma20|us10y_vs_ma20|RSI14_lag1|DIFF_lag1|DEA_lag1|cn10y_vs_ma20|brent_vs_ma20|dollar_vs_ma20|brent_vs_ma5|a500_vs_ma5
2022,2022-08-19,2022-08-18,550343,2022-08-18,1,base_prediction|gold_daily|gold_vs_ma5|gold_vs_ma20|copper_daily|copper_vs_ma5|copper_vs_ma20|a500_vs_ma20|us10y_vs_ma20|RSI14_lag1|DIFF_lag1|DEA_lag1|cn10y_vs_ma20|brent_vs_ma20|dollar_vs_ma20|brent_vs_ma5|a500_vs_ma5
2022,2022-08-22,2022-08-19,550343,2022-08-19,1,base_prediction|gold_daily|gold_vs_ma5|gold_vs_ma20|copper_daily|copper_vs_ma5|copper_vs_ma20|a500_vs_ma20|us10y_vs_ma20|RSI14_lag1|DIFF_lag1|DEA_lag1|cn10y_vs_ma20|brent_vs_ma20|dollar_vs_ma20|brent_vs_ma5|a500_vs_ma5
2022,2022-08-23,2022-08-22,550343,2022-08-22,1,base_prediction|gold_daily|gold_vs_ma5|gold_vs_ma20|copper_daily|copper_vs_ma5|copper_vs_ma20|a500_vs_ma20|us10y_vs_ma20|RSI14_lag1|DIFF_lag1|DEA_lag1|cn10y_vs_ma20|brent_vs_ma20|dollar_vs_ma20|brent_vs_ma5|a500_vs_ma5
2022,2022-08-24,2022-08-23,550343,2022-08-23,1,base_prediction|gold_daily|gold_vs_ma5|gold_vs_ma20|copper_daily|copper_vs_ma5|copper_vs_ma20|a500_vs_ma20|us10y_vs_ma20|RSI14_lag1|DIFF_lag1|DEA_lag1|cn10y_vs_ma20|brent_vs_ma20|dollar_vs_ma20|brent_vs_ma5|a500_vs_ma5
2022,2022-08-25,2022-08-24,550343,2022-08-24,6,base_prediction|gold_daily|gold_vs_ma5|gold_vs_ma20|copper_daily|copper_vs_ma5|copper_vs_ma20|a500_vs_ma20|us10y_vs_ma20|RSI14_lag1|DIFF_lag1|DEA_lag1|cn10y_vs_ma20|brent_vs_ma20|dollar_vs_ma20|brent_vs_ma5|a500_vs_ma5
2022,2022-09-02,2022-09-01,550343,2022-09-01,1,base_prediction|gold_daily|gold_vs_ma5|gold_vs_ma20|copper_daily|copper_vs_ma5|copper_vs_ma20|a500_vs_ma20|us10y_vs_ma20|RSI14_lag1|DIFF_lag1|DEA_lag1|cn10y_vs_ma20|brent_vs_ma20|dollar_vs_ma20|brent_vs_ma5|a500_vs_ma5
2022,2022-09-04,2022-09-02,550343,2022-09-02,1,base_prediction|gold_daily|gold_vs_ma5|gold_vs_ma20|copper_daily|copper_vs_ma5|copper_vs_ma20|a500_vs_ma20|us10y_vs_ma20|RSI14_lag1|DIFF_lag1|DEA_lag1|cn10y_vs_ma20|brent_vs_ma20|dollar_vs_ma20|brent_vs_ma5|a500_vs_ma5
2022,2022-09-05,2022-09-04,550343,2022-09-04,1,base_prediction|gold_daily|gold_vs_ma5|gold_vs_ma20|copper_daily|copper_vs_ma5|copper_vs_ma20|a500_vs_ma20|us10y_vs_ma20|RSI14_lag1|DIFF_lag1|DEA_lag1|cn10y_vs_ma20|brent_vs_ma20|dollar_vs_ma20|brent_vs_ma5|a500_vs_ma5
2022,2022-09-06,2022-09-05,550343,2022-09-05,1,base_prediction|gold_daily|gold_vs_ma5|gold_vs_ma20|copper_daily|copper_vs_ma5|copper_vs_ma20|a500_vs_ma20|us10y_vs_ma20|RSI14_lag1|DIFF_lag1|DEA_lag1|cn10y_vs_ma20|brent_vs_ma20|dollar_vs_ma20|brent_vs_ma5|a500_vs_ma5
2022,2022-09-07,2022-09-06,550343,2022-09-06,2,base_prediction|gold_daily|gold_vs_ma5|gold_vs_ma20|copper_daily|copper_vs_ma5|copper_vs_ma20|a500_vs_ma20|us10y_vs_ma20|RSI14_lag1|DIFF_lag1|DEA_lag1|cn10y_vs_ma20|brent_vs_ma20|dollar_vs_ma20|brent_vs_ma5|a500_vs_ma5
2022,2022-09-09,2022-09-08,550343,2022-09-08,1,base_prediction|gold_daily|gold_vs_ma5|gold_vs_ma20|copper_daily|copper_vs_ma5|copper_vs_ma20|a500_vs_ma20|us10y_vs_ma20|RSI14_lag1|DIFF_lag1|DEA_lag1|cn10y_vs_ma20|brent_vs_ma20|dollar_vs_ma20|brent_vs_ma5|a500_vs_ma5
2022,2022-09-12,2022-09-09,550343,2022-09-09,4,base_prediction|gold_daily|gold_vs_ma5|gold_vs_ma20|copper_daily|copper_vs_ma5|copper_vs_ma20|a500_vs_ma20|us10y_vs_ma20|RSI14_lag1|DIFF_lag1|DEA_lag1|cn10y_vs_ma20|brent_vs_ma20|dollar_vs_ma20|brent_vs_ma5|a500_vs_ma5
2022,2022-09-16,2022-09-15,550343,2022-09-15,3,base_prediction|gold_daily|gold_vs_ma5|gold_vs_ma20|copper_daily|copper_vs_ma5|copper_vs_ma20|a500_vs_ma20|us10y_vs_ma20|RSI14_lag1|DIFF_lag1|DEA_lag1|cn10y_vs_ma20|brent_vs_ma20|dollar_vs_ma20|brent_vs_ma5|a500_vs_ma5
2022,2022-09-21,2022-09-20,550343,2022-09-20,2,base_prediction|gold_daily|gold_vs_ma5|gold_vs_ma20|copper_daily|copper_vs_ma5|copper_vs_ma20|a500_vs_ma20|us10y_vs_ma20|RSI14_lag1|DIFF_lag1|DEA_lag1|cn10y_vs_ma20|brent_vs_ma20|dollar_vs_ma20|brent_vs_ma5|a500_vs_ma5
2022,2022-09-23,2022-09-22,550343,2022-09-22,1,base_prediction|gold_daily|gold_vs_ma5|gold_vs_ma20|copper_daily|copper_vs_ma5|copper_vs_ma20|a500_vs_ma20|us10y_vs_ma20|RSI14_lag1|DIFF_lag1|DEA_lag1|cn10y_vs_ma20|brent_vs_ma20|dollar_vs_ma20|brent_vs_ma5|a500_vs_ma5
2022,2022-09-26,2022-09-23,550343,2022-09-23,1,base_prediction|gold_daily|gold_vs_ma5|gold_vs_ma20|copper_daily|copper_vs_ma5|copper_vs_ma20|a500_vs_ma20|us10y_vs_ma20|RSI14_lag1|DIFF_lag1|DEA_lag1|cn10y_vs_ma20|brent_vs_ma20|dollar_vs_ma20|brent_vs_ma5|a500_vs_ma5
2022,2022-09-27,2022-09-26,550343,2022-09-26,2,base_prediction|gold_daily|gold_vs_ma5|gold_vs_ma20|copper_daily|copper_vs_ma5|copper_vs_ma20|a500_vs_ma20|us10y_vs_ma20|RSI14_lag1|DIFF_lag1|DEA_lag1|cn10y_vs_ma20|brent_vs_ma20|dollar_vs_ma20|brent_vs_ma5|a500_vs_ma5
2022,2022-09-29,2022-09-28,550343,2022-09-28,3,base_prediction|gold_daily|gold_vs_ma5|gold_vs_ma20|copper_daily|copper_vs_ma5|copper_vs_ma20|a500_vs_ma20|us10y_vs_ma20|RSI14_lag1|DIFF_lag1|DEA_lag1|cn10y_vs_ma20|brent_vs_ma20|dollar_vs_ma20|brent_vs_ma5|a500_vs_ma5
2022,2022-10-04,2022-10-03,550343,2022-10-03,1,base_prediction|gold_daily|gold_vs_ma5|gold_vs_ma20|copper_daily|copper_vs_ma5|copper_vs_ma20|a500_vs_ma20|us10y_vs_ma20|RSI14_lag1|DIFF_lag1|DEA_lag1|cn10y_vs_ma20|brent_vs_ma20|dollar_vs_ma20|brent_vs_ma5|a500_vs_ma5
2022,2022-10-05,2022-10-04,550343,2022-10-04,2,base_prediction|gold_daily|gold_vs_ma5|gold_vs_ma20|copper_daily|copper_vs_ma5|copper_vs_ma20|a500_vs_ma20|us10y_vs_ma20|RSI14_lag1|DIFF_lag1|DEA_lag1|cn10y_vs_ma20|brent_vs_ma20|dollar_vs_ma20|brent_vs_ma5|a500_vs_ma5
2022,2022-10-07,2022-10-06,785634,2022-10-06,5,base_prediction|gold_daily|gold_vs_ma5|gold_vs_ma20|copper_daily|copper_vs_ma5|copper_vs_ma20|a500_vs_ma20|us10y_vs_ma20|RSI14_lag1|DIFF_lag1|DEA_lag1|cn10y_vs_ma20|brent_vs_ma20|dollar_vs_ma20|brent_vs_ma5|a500_vs_ma5
2022,2022-10-12,2022-10-11,785634,2022-10-11,1,base_prediction|gold_daily|gold_vs_ma5|gold_vs_ma20|copper_daily|copper_vs_ma5|copper_vs_ma20|a500_vs_ma20|us10y_vs_ma20|RSI14_lag1|DIFF_lag1|DEA_lag1|cn10y_vs_ma20|brent_vs_ma20|dollar_vs_ma20|brent_vs_ma5|a500_vs_ma5
2022,2022-10-13,2022-10-12,785634,2022-10-12,5,base_prediction|gold_daily|gold_vs_ma5|gold_vs_ma20|copper_daily|copper_vs_ma5|copper_vs_ma20|a500_vs_ma20|us10y_vs_ma20|RSI14_lag1|DIFF_lag1|DEA_lag1|cn10y_vs_ma20|brent_vs_ma20|dollar_vs_ma20|brent_vs_ma5|a500_vs_ma5
2022,2022-10-20,2022-10-19,385735,2022-10-19,4,base_prediction|gold_daily|gold_vs_ma5|gold_vs_ma20|copper_daily|copper_vs_ma5|copper_vs_ma20|a500_vs_ma20|us10y_vs_ma20|RSI14_lag1|DIFF_lag1|DEA_lag1|cn10y_vs_ma20|brent_vs_ma20|dollar_vs_ma20|brent_vs_ma5|a500_vs_ma5
2022,2022-10-26,2022-10-25,385735,2022-10-25,1,base_prediction|gold_daily|gold_vs_ma5|gold_vs_ma20|copper_daily|copper_vs_ma5|copper_vs_ma20|a500_vs_ma20|us10y_vs_ma20|RSI14_lag1|DIFF_lag1|DEA_lag1|cn10y_vs_ma20|brent_vs_ma20|dollar_vs_ma20|brent_vs_ma5|a500_vs_ma5
2022,2022-10-27,2022-10-26,385735,2022-10-26,1,base_prediction|gold_daily|gold_vs_ma5|gold_vs_ma20|copper_daily|copper_vs_ma5|copper_vs_ma20|a500_vs_ma20|us10y_vs_ma20|RSI14_lag1|DIFF_lag1|DEA_lag1|cn10y_vs_ma20|brent_vs_ma20|dollar_vs_ma20|brent_vs_ma5|a500_vs_ma5
2022,2022-10-28,2022-10-27,385735,2022-10-27,2,base_prediction|gold_daily|gold_vs_ma5|gold_vs_ma20|copper_daily|copper_vs_ma5|copper_vs_ma20|a500_vs_ma20|us10y_vs_ma20|RSI14_lag1|DIFF_lag1|DEA_lag1|cn10y_vs_ma20|brent_vs_ma20|dollar_vs_ma20|brent_vs_ma5|a500_vs_ma5
2022,2022-11-01,2022-10-31,385735,2022-10-31,4,base_prediction|gold_daily|gold_vs_ma5|gold_vs_ma20|copper_daily|copper_vs_ma5|copper_vs_ma20|a500_vs_ma20|us10y_vs_ma20|RSI14_lag1|DIFF_lag1|DEA_lag1|cn10y_vs_ma20|brent_vs_ma20|dollar_vs_ma20|brent_vs_ma5|a500_vs_ma5
2022,2022-11-07,2022-11-04,385735,2022-11-04,1,base_prediction|gold_daily|gold_vs_ma5|gold_vs_ma20|copper_daily|copper_vs_ma5|copper_vs_ma20|a500_vs_ma20|us10y_vs_ma20|RSI14_lag1|DIFF_lag1|DEA_lag1|cn10y_vs_ma20|brent_vs_ma20|dollar_vs_ma20|brent_vs_ma5|a500_vs_ma5
2022,2022-11-08,2022-11-07,385735,2022-11-07,1,base_prediction|gold_daily|gold_vs_ma5|gold_vs_ma20|copper_daily|copper_vs_ma5|copper_vs_ma20|a500_vs_ma20|us10y_vs_ma20|RSI14_lag1|DIFF_lag1|DEA_lag1|cn10y_vs_ma20|brent_vs_ma20|dollar_vs_ma20|brent_vs_ma5|a500_vs_ma5
2022,2022-11-09,2022-11-08,385735,2022-11-08,1,base_prediction|gold_daily|gold_vs_ma5|gold_vs_ma20|copper_daily|copper_vs_ma5|copper_vs_ma20|a500_vs_ma20|us10y_vs_ma20|RSI14_lag1|DIFF_lag1|DEA_lag1|cn10y_vs_ma20|brent_vs_ma20|dollar_vs_ma20|brent_vs_ma5|a500_vs_ma5
2022,2022-11-10,2022-11-09,385735,2022-11-09,1,base_prediction|gold_daily|gold_vs_ma5|gold_vs_ma20|copper_daily|copper_vs_ma5|copper_vs_ma20|a500_vs_ma20|us10y_vs_ma20|RSI14_lag1|DIFF_lag1|DEA_lag1|cn10y_vs_ma20|brent_vs_ma20|dollar_vs_ma20|brent_vs_ma5|a500_vs_ma5
2022,2022-11-11,2022-11-10,385735,2022-11-10,1,base_prediction|gold_daily|gold_vs_ma5|gold_vs_ma20|copper_daily|copper_vs_ma5|copper_vs_ma20|a500_vs_ma20|us10y_vs_ma20|RSI14_lag1|DIFF_lag1|DEA_lag1|cn10y_vs_ma20|brent_vs_ma20|dollar_vs_ma20|brent_vs_ma5|a500_vs_ma5
2022,2022-11-14,2022-11-11,385735,2022-11-11,1,base_prediction|gold_daily|gold_vs_ma5|gold_vs_ma20|copper_daily|copper_vs_ma5|copper_vs_ma20|a500_vs_ma20|us10y_vs_ma20|RSI14_lag1|DIFF_lag1|DEA_lag1|cn10y_vs_ma20|brent_vs_ma20|dollar_vs_ma20|brent_vs_ma5|a500_vs_ma5
2022,2022-11-15,2022-11-14,385735,2022-11-14,1,base_prediction|gold_daily|gold_vs_ma5|gold_vs_ma20|copper_daily|copper_vs_ma5|copper_vs_ma20|a500_vs_ma20|us10y_vs_ma20|RSI14_lag1|DIFF_lag1|DEA_lag1|cn10y_vs_ma20|brent_vs_ma20|dollar_vs_ma20|brent_vs_ma5|a500_vs_ma5
2022,2022-11-16,2022-11-15,385735,2022-11-15,2,base_prediction|gold_daily|gold_vs_ma5|gold_vs_ma20|copper_daily|copper_vs_ma5|copper_vs_ma20|a500_vs_ma20|us10y_vs_ma20|RSI14_lag1|DIFF_lag1|DEA_lag1|cn10y_vs_ma20|brent_vs_ma20|dollar_vs_ma20|brent_vs_ma5|a500_vs_ma5
2022,2022-11-18,2022-11-17,385735,2022-11-17,1,base_prediction|gold_daily|gold_vs_ma5|gold_vs_ma20|copper_daily|copper_vs_ma5|copper_vs_ma20|a500_vs_ma20|us10y_vs_ma20|RSI14_lag1|DIFF_lag1|DEA_lag1|cn10y_vs_ma20|brent_vs_ma20|dollar_vs_ma20|brent_vs_ma5|a500_vs_ma5
2022,2022-11-21,2022-11-18,385735,2022-11-18,1,base_prediction|gold_daily|gold_vs_ma5|gold_vs_ma20|copper_daily|copper_vs_ma5|copper_vs_ma20|a500_vs_ma20|us10y_vs_ma20|RSI14_lag1|DIFF_lag1|DEA_lag1|cn10y_vs_ma20|brent_vs_ma20|dollar_vs_ma20|brent_vs_ma5|a500_vs_ma5
2022,2022-11-22,2022-11-21,385735,2022-11-21,1,base_prediction|gold_daily|gold_vs_ma5|gold_vs_ma20|copper_daily|copper_vs_ma5|copper_vs_ma20|a500_vs_ma20|us10y_vs_ma20|RSI14_lag1|DIFF_lag1|DEA_lag1|cn10y_vs_ma20|brent_vs_ma20|dollar_vs_ma20|brent_vs_ma5|a500_vs_ma5
2022,2022-11-23,2022-11-22,385735,2022-11-22,1,base_prediction|gold_daily|gold_vs_ma5|gold_vs_ma20|copper_daily|copper_vs_ma5|copper_vs_ma20|a500_vs_ma20|us10y_vs_ma20|RSI14_lag1|DIFF_lag1|DEA_lag1|cn10y_vs_ma20|brent_vs_ma20|dollar_vs_ma20|brent_vs_ma5|a500_vs_ma5
2022,2022-11-24,2022-11-23,385735,2022-11-23,3,base_prediction|gold_daily|gold_vs_ma5|gold_vs_ma20|copper_daily|copper_vs_ma5|copper_vs_ma20|a500_vs_ma20|us10y_vs_ma20|RSI14_lag1|DIFF_lag1|DEA_lag1|cn10y_vs_ma20|brent_vs_ma20|dollar_vs_ma20|brent_vs_ma5|a500_vs_ma5
2022,2022-11-29,2022-11-28,385735,2022-11-28,1,base_prediction|gold_daily|gold_vs_ma5|gold_vs_ma20|copper_daily|copper_vs_ma5|copper_vs_ma20|a500_vs_ma20|us10y_vs_ma20|RSI14_lag1|DIFF_lag1|DEA_lag1|cn10y_vs_ma20|brent_vs_ma20|dollar_vs_ma20|brent_vs_ma5|a500_vs_ma5
2022,2022-11-30,2022-11-29,385735,2022-11-29,2,base_prediction|gold_daily|gold_vs_ma5|gold_vs_ma20|copper_daily|copper_vs_ma5|copper_vs_ma20|a500_vs_ma20|us10y_vs_ma20|RSI14_lag1|DIFF_lag1|DEA_lag1|cn10y_vs_ma20|brent_vs_ma20|dollar_vs_ma20|brent_vs_ma5|a500_vs_ma5
2022,2022-12-02,2022-12-01,550343,2022-12-01,1,base_prediction|gold_daily|gold_vs_ma5|gold_vs_ma20|copper_daily|copper_vs_ma5|copper_vs_ma20|a500_vs_ma20|us10y_vs_ma20|RSI14_lag1|DIFF_lag1|DEA_lag1|cn10y_vs_ma20|brent_vs_ma20|dollar_vs_ma20|brent_vs_ma5|a500_vs_ma5
2022,2022-12-05,2022-12-02,550343,2022-12-02,1,base_prediction|gold_daily|gold_vs_ma5|gold_vs_ma20|copper_daily|copper_vs_ma5|copper_vs_ma20|a500_vs_ma20|us10y_vs_ma20|RSI14_lag1|DIFF_lag1|DEA_lag1|cn10y_vs_ma20|brent_vs_ma20|dollar_vs_ma20|brent_vs_ma5|a500_vs_ma5
2022,2022-12-06,2022-12-05,550343,2022-12-05,1,base_prediction|gold_daily|gold_vs_ma5|gold_vs_ma20|copper_daily|copper_vs_ma5|copper_vs_ma20|a500_vs_ma20|us10y_vs_ma20|RSI14_lag1|DIFF_lag1|DEA_lag1|cn10y_vs_ma20|brent_vs_ma20|dollar_vs_ma20|brent_vs_ma5|a500_vs_ma5
2022,2022-12-07,2022-12-06,550343,2022-12-06,1,base_prediction|gold_daily|gold_vs_ma5|gold_vs_ma20|copper_daily|copper_vs_ma5|copper_vs_ma20|a500_vs_ma20|us10y_vs_ma20|RSI14_lag1|DIFF_lag1|DEA_lag1|cn10y_vs_ma20|brent_vs_ma20|dollar_vs_ma20|brent_vs_ma5|a500_vs_ma5
2022,2022-12-08,2022-12-07,550343,2022-12-07,2,base_prediction|gold_daily|gold_vs_ma5|gold_vs_ma20|copper_daily|copper_vs_ma5|copper_vs_ma20|a500_vs_ma20|us10y_vs_ma20|RSI14_lag1|DIFF_lag1|DEA_lag1|cn10y_vs_ma20|brent_vs_ma20|dollar_vs_ma20|brent_vs_ma5|a500_vs_ma5
2022,2022-12-12,2022-12-09,374583,2022-12-09,1,base_prediction|gold_daily|gold_vs_ma5|gold_vs_ma20|copper_daily|copper_vs_ma5|copper_vs_ma20|a500_vs_ma20|us10y_vs_ma20|RSI14_lag1|DIFF_lag1|DEA_lag1|cn10y_vs_ma20|brent_vs_ma20|dollar_vs_ma20|brent_vs_ma5|a500_vs_ma5
2022,2022-12-13,2022-12-12,374583,2022-12-12,1,base_prediction|gold_daily|gold_vs_ma5|gold_vs_ma20|copper_daily|copper_vs_ma5|copper_vs_ma20|a500_vs_ma20|us10y_vs_ma20|RSI14_lag1|DIFF_lag1|DEA_lag1|cn10y_vs_ma20|brent_vs_ma20|dollar_vs_ma20|brent_vs_ma5|a500_vs_ma5
2022,2022-12-14,2022-12-13,374583,2022-12-13,1,base_prediction|gold_daily|gold_vs_ma5|gold_vs_ma20|copper_daily|copper_vs_ma5|copper_vs_ma20|a500_vs_ma20|us10y_vs_ma20|RSI14_lag1|DIFF_lag1|DEA_lag1|cn10y_vs_ma20|brent_vs_ma20|dollar_vs_ma20|brent_vs_ma5|a500_vs_ma5
2022,2022-12-15,2022-12-14,374583,2022-12-14,1,base_prediction|gold_daily|gold_vs_ma5|gold_vs_ma20|copper_daily|copper_vs_ma5|copper_vs_ma20|a500_vs_ma20|us10y_vs_ma20|RSI14_lag1|DIFF_lag1|DEA_lag1|cn10y_vs_ma20|brent_vs_ma20|dollar_vs_ma20|brent_vs_ma5|a500_vs_ma5
2022,2022-12-16,2022-12-15,374583,2022-12-15,3,base_prediction|gold_daily|gold_vs_ma5|gold_vs_ma20|copper_daily|copper_vs_ma5|copper_vs_ma20|a500_vs_ma20|us10y_vs_ma20|RSI14_lag1|DIFF_lag1|DEA_lag1|cn10y_vs_ma20|brent_vs_ma20|dollar_vs_ma20|brent_vs_ma5|a500_vs_ma5
2022,2022-12-21,2022-12-20,374583,2022-12-20,1,base_prediction|gold_daily|gold_vs_ma5|gold_vs_ma20|copper_daily|copper_vs_ma5|copper_vs_ma20|a500_vs_ma20|us10y_vs_ma20|RSI14_lag1|DIFF_lag1|DEA_lag1|cn10y_vs_ma20|brent_vs_ma20|dollar_vs_ma20|brent_vs_ma5|a500_vs_ma5
2022,2022-12-22,2022-12-21,374583,2022-12-21,3,base_prediction|gold_daily|gold_vs_ma5|gold_vs_ma20|copper_daily|copper_vs_ma5|copper_vs_ma20|a500_vs_ma20|us10y_vs_ma20|RSI14_lag1|DIFF_lag1|DEA_lag1|cn10y_vs_ma20|brent_vs_ma20|dollar_vs_ma20|brent_vs_ma5|a500_vs_ma5
2022,2022-12-27,2022-12-26,374583,2022-12-26,5,base_prediction|gold_daily|gold_vs_ma5|gold_vs_ma20|copper_daily|copper_vs_ma5|copper_vs_ma20|a500_vs_ma20|us10y_vs_ma20|RSI14_lag1|DIFF_lag1|DEA_lag1|cn10y_vs_ma20|brent_vs_ma20|dollar_vs_ma20|brent_vs_ma5|a500_vs_ma5
2023,2023-01-02,,374583,2022-12-31,3,base_prediction|gold_daily|gold_vs_ma5|gold_vs_ma20|copper_daily|copper_vs_ma5|copper_vs_ma20|a500_vs_ma20|us10y_vs_ma20|RSI14_lag1|DIFF_lag1|DEA_lag1|cn10y_vs_ma20|brent_vs_ma20|dollar_vs_ma20|brent_vs_ma5|a500_vs_ma5
2023,2023-01-05,2023-01-04,374583,2023-01-04,3,base_prediction|gold_daily|gold_vs_ma5|gold_vs_ma20|copper_daily|copper_vs_ma5|copper_vs_ma20|a500_vs_ma20|us10y_vs_ma20|RSI14_lag1|DIFF_lag1|DEA_lag1|cn10y_vs_ma20|brent_vs_ma20|dollar_vs_ma20|brent_vs_ma5|a500_vs_ma5
2023,2023-01-10,2023-01-09,374583,2023-01-09,1,base_prediction|gold_daily|gold_vs_ma5|gold_vs_ma20|copper_daily|copper_vs_ma5|copper_vs_ma20|a500_vs_ma20|us10y_vs_ma20|RSI14_lag1|DIFF_lag1|DEA_lag1|cn10y_vs_ma20|brent_vs_ma20|dollar_vs_ma20|brent_vs_ma5|a500_vs_ma5
2023,2023-01-11,2023-01-10,374583,2023-01-10,1,base_prediction|gold_daily|gold_vs_ma5|gold_vs_ma20|copper_daily|copper_vs_ma5|copper_vs_ma20|a500_vs_ma20|us10y_vs_ma20|RSI14_lag1|DIFF_lag1|DEA_lag1|cn10y_vs_ma20|brent_vs_ma20|dollar_vs_ma20|brent_vs_ma5|a500_vs_ma5
2023,2023-01-12,2023-01-11,374583,2023-01-11,1,base_prediction|gold_daily|gold_vs_ma5|gold_vs_ma20|copper_daily|copper_vs_ma5|copper_vs_ma20|a500_vs_ma20|us10y_vs_ma20|RSI14_lag1|DIFF_lag1|DEA_lag1|cn10y_vs_ma20|brent_vs_ma20|dollar_vs_ma20|brent_vs_ma5|a500_vs_ma5
2023,2023-01-13,2023-01-12,374583,2023-01-12,1,base_prediction|gold_daily|gold_vs_ma5|gold_vs_ma20|copper_daily|copper_vs_ma5|copper_vs_ma20|a500_vs_ma20|us10y_vs_ma20|RSI14_lag1|DIFF_lag1|DEA_lag1|cn10y_vs_ma20|brent_vs_ma20|dollar_vs_ma20|brent_vs_ma5|a500_vs_ma5
2023,2023-01-15,2023-01-13,385735,2023-01-13,1,base_prediction|gold_daily|gold_vs_ma5|gold_vs_ma20|copper_daily|copper_vs_ma5|copper_vs_ma20|a500_vs_ma20|us10y_vs_ma20|RSI14_lag1|DIFF_lag1|DEA_lag1|cn10y_vs_ma20|brent_vs_ma20|dollar_vs_ma20|brent_vs_ma5|a500_vs_ma5
2023,2023-01-16,2023-01-15,385735,2023-01-15,2,base_prediction|gold_daily|gold_vs_ma5|gold_vs_ma20|copper_daily|copper_vs_ma5|copper_vs_ma20|a500_vs_ma20|us10y_vs_ma20|RSI14_lag1|DIFF_lag1|DEA_lag1|cn10y_vs_ma20|brent_vs_ma20|dollar_vs_ma20|brent_vs_ma5|a500_vs_ma5
2023,2023-01-18,2023-01-17,385735,2023-01-17,1,base_prediction|gold_daily|gold_vs_ma5|gold_vs_ma20|copper_daily|copper_vs_ma5|copper_vs_ma20|a500_vs_ma20|us10y_vs_ma20|RSI14_lag1|DIFF_lag1|DEA_lag1|cn10y_vs_ma20|brent_vs_ma20|dollar_vs_ma20|brent_vs_ma5|a500_vs_ma5
2023,2023-01-19,2023-01-18,385735,2023-01-18,1,base_prediction|gold_daily|gold_vs_ma5|gold_vs_ma20|copper_daily|copper_vs_ma5|copper_vs_ma20|a500_vs_ma20|us10y_vs_ma20|RSI14_lag1|DIFF_lag1|DEA_lag1|cn10y_vs_ma20|brent_vs_ma20|dollar_vs_ma20|brent_vs_ma5|a500_vs_ma5
2023,2023-01-20,2023-01-19,385735,2023-01-19,1,base_prediction|gold_daily|gold_vs_ma5|gold_vs_ma20|copper_daily|copper_vs_ma5|copper_vs_ma20|a500_vs_ma20|us10y_vs_ma20|RSI14_lag1|DIFF_lag1|DEA_lag1|cn10y_vs_ma20|brent_vs_ma20|dollar_vs_ma20|brent_vs_ma5|a500_vs_ma5
2023,2023-01-23,2023-01-20,385735,2023-01-20,4,base_prediction|gold_daily|gold_vs_ma5|gold_vs_ma20|copper_daily|copper_vs_ma5|copper_vs_ma20|a500_vs_ma20|us10y_vs_ma20|RSI14_lag1|DIFF_lag1|DEA_lag1|cn10y_vs_ma20|brent_vs_ma20|dollar_vs_ma20|brent_vs_ma5|a500_vs_ma5
2023,2023-01-27,2023-01-26,374583,2023-01-26,1,base_prediction|gold_daily|gold_vs_ma5|gold_vs_ma20|copper_daily|copper_vs_ma5|copper_vs_ma20|a500_vs_ma20|us10y_vs_ma20|RSI14_lag1|DIFF_lag1|DEA_lag1|cn10y_vs_ma20|brent_vs_ma20|dollar_vs_ma20|brent_vs_ma5|a500_vs_ma5
2023,2023-01-28,2023-01-27,374583,2023-01-27,6,base_prediction|gold_daily|gold_vs_ma5|gold_vs_ma20|copper_daily|copper_vs_ma5|copper_vs_ma20|a500_vs_ma20|us10y_vs_ma20|RSI14_lag1|DIFF_lag1|DEA_lag1|cn10y_vs_ma20|brent_vs_ma20|dollar_vs_ma20|brent_vs_ma5|a500_vs_ma5
2023,2023-02-03,2023-02-02,385735,2023-02-02,1,base_prediction|gold_daily|gold_vs_ma5|gold_vs_ma20|copper_daily|copper_vs_ma5|copper_vs_ma20|a500_vs_ma20|us10y_vs_ma20|RSI14_lag1|DIFF_lag1|DEA_lag1|cn10y_vs_ma20|brent_vs_ma20|dollar_vs_ma20|brent_vs_ma5|a500_vs_ma5
2023,2023-02-06,2023-02-03,385735,2023-02-03,1,base_prediction|gold_daily|gold_vs_ma5|gold_vs_ma20|copper_daily|copper_vs_ma5|copper_vs_ma20|a500_vs_ma20|us10y_vs_ma20|RSI14_lag1|DIFF_lag1|DEA_lag1|cn10y_vs_ma20|brent_vs_ma20|dollar_vs_ma20|brent_vs_ma5|a500_vs_ma5
2023,2023-02-07,2023-02-06,385735,2023-02-06,1,base_prediction|gold_daily|gold_vs_ma5|gold_vs_ma20|copper_daily|copper_vs_ma5|copper_vs_ma20|a500_vs_ma20|us10y_vs_ma20|RSI14_lag1|DIFF_lag1|DEA_lag1|cn10y_vs_ma20|brent_vs_ma20|dollar_vs_ma20|brent_vs_ma5|a500_vs_ma5
2023,2023-02-08,2023-02-07,385735,2023-02-07,1,base_prediction|gold_daily|gold_vs_ma5|gold_vs_ma20|copper_daily|copper_vs_ma5|copper_vs_ma20|a500_vs_ma20|us10y_vs_ma20|RSI14_lag1|DIFF_lag1|DEA_lag1|cn10y_vs_ma20|brent_vs_ma20|dollar_vs_ma20|brent_vs_ma5|a500_vs_ma5
2023,2023-02-09,2023-02-08,374583,2023-02-08,1,base_prediction|gold_daily|gold_vs_ma5|gold_vs_ma20|copper_daily|copper_vs_ma5|copper_vs_ma20|a500_vs_ma20|us10y_vs_ma20|RSI14_lag1|DIFF_lag1|DEA_lag1|cn10y_vs_ma20|brent_vs_ma20|dollar_vs_ma20|brent_vs_ma5|a500_vs_ma5
2023,2023-02-10,2023-02-09,374583,2023-02-09,1,base_prediction|gold_daily|gold_vs_ma5|gold_vs_ma20|copper_daily|copper_vs_ma5|copper_vs_ma20|a500_vs_ma20|us10y_vs_ma20|RSI14_lag1|DIFF_lag1|DEA_lag1|cn10y_vs_ma20|brent_vs_ma20|dollar_vs_ma20|brent_vs_ma5|a500_vs_ma5
2023,2023-02-13,2023-02-10,374583,2023-02-10,1,base_prediction|gold_daily|gold_vs_ma5|gold_vs_ma20|copper_daily|copper_vs_ma5|copper_vs_ma20|a500_vs_ma20|us10y_vs_ma20|RSI14_lag1|DIFF_lag1|DEA_lag1|cn10y_vs_ma20|brent_vs_ma20|dollar_vs_ma20|brent_vs_ma5|a500_vs_ma5
2023,2023-02-14,2023-02-13,374583,2023-02-13,1,base_prediction|gold_daily|gold_vs_ma5|gold_vs_ma20|copper_daily|copper_vs_ma5|copper_vs_ma20|a500_vs_ma20|us10y_vs_ma20|RSI14_lag1|DIFF_lag1|DEA_lag1|cn10y_vs_ma20|brent_vs_ma20|dollar_vs_ma20|brent_vs_ma5|a500_vs_ma5
2023,2023-02-15,2023-02-14,374583,2023-02-14,1,base_prediction|gold_daily|gold_vs_ma5|gold_vs_ma20|copper_daily|copper_vs_ma5|copper_vs_ma20|a500_vs_ma20|us10y_vs_ma20|RSI14_lag1|DIFF_lag1|DEA_lag1|cn10y_vs_ma20|brent_vs_ma20|dollar_vs_ma20|brent_vs_ma5|a500_vs_ma5
2023,2023-02-16,2023-02-15,374583,2023-02-15,1,base_prediction|gold_daily|gold_vs_ma5|gold_vs_ma20|copper_daily|copper_vs_ma5|copper_vs_ma20|a500_vs_ma20|us10y_vs_ma20|RSI14_lag1|DIFF_lag1|DEA_lag1|cn10y_vs_ma20|brent_vs_ma20|dollar_vs_ma20|brent_vs_ma5|a500_vs_ma5
2023,2023-02-17,2023-02-16,374583,2023-02-16,5,base_prediction|gold_daily|gold_vs_ma5|gold_vs_ma20|copper_daily|copper_vs_ma5|copper_vs_ma20|a500_vs_ma20|us10y_vs_ma20|RSI14_lag1|DIFF_lag1|DEA_lag1|cn10y_vs_ma20|brent_vs_ma20|dollar_vs_ma20|brent_vs_ma5|a500_vs_ma5
2023,2023-02-23,2023-02-22,374583,2023-02-22,1,base_prediction|gold_daily|gold_vs_ma5|gold_vs_ma20|copper_daily|copper_vs_ma5|copper_vs_ma20|a500_vs_ma20|us10y_vs_ma20|RSI14_lag1|DIFF_lag1|DEA_lag1|cn10y_vs_ma20|brent_vs_ma20|dollar_vs_ma20|brent_vs_ma5|a500_vs_ma5
2023,2023-02-24,2023-02-23,374583,2023-02-23,1,base_prediction|gold_daily|gold_vs_ma5|gold_vs_ma20|copper_daily|copper_vs_ma5|copper_vs_ma20|a500_vs_ma20|us10y_vs_ma20|RSI14_lag1|DIFF_lag1|DEA_lag1|cn10y_vs_ma20|brent_vs_ma20|dollar_vs_ma20|brent_vs_ma5|a500_vs_ma5
2023,2023-02-27,2023-02-24,374583,2023-02-24,1,base_prediction|gold_daily|gold_vs_ma5|gold_vs_ma20|copper_daily|copper_vs_ma5|copper_vs_ma20|a500_vs_ma20|us10y_vs_ma20|RSI14_lag1|DIFF_lag1|DEA_lag1|cn10y_vs_ma20|brent_vs_ma20|dollar_vs_ma20|brent_vs_ma5|a500_vs_ma5
2023,2023-02-28,2023-02-27,374583,2023-02-27,2,base_prediction|gold_daily|gold_vs_ma5|gold_vs_ma20|copper_daily|copper_vs_ma5|copper_vs_ma20|a500_vs_ma20|us10y_vs_ma20|RSI14_lag1|DIFF_lag1|DEA_lag1|cn10y_vs_ma20|brent_vs_ma20|dollar_vs_ma20|brent_vs_ma5|a500_vs_ma5
2023,2023-03-02,2023-03-01,374583,2023-03-01,2,base_prediction|gold_daily|gold_vs_ma5|gold_vs_ma20|copper_daily|copper_vs_ma5|copper_vs_ma20|a500_vs_ma20|us10y_vs_ma20|RSI14_lag1|DIFF_lag1|DEA_lag1|cn10y_vs_ma20|brent_vs_ma20|dollar_vs_ma20|brent_vs_ma5|a500_vs_ma5
2023,2023-03-06,2023-03-03,374583,2023-03-03,2,base_prediction|gold_daily|gold_vs_ma5|gold_vs_ma20|copper_daily|copper_vs_ma5|copper_vs_ma20|a500_vs_ma20|us10y_vs_ma20|RSI14_lag1|DIFF_lag1|DEA_lag1|cn10y_vs_ma20|brent_vs_ma20|dollar_vs_ma20|brent_vs_ma5|a500_vs_ma5
2023,2023-03-08,2023-03-07,374583,2023-03-07,2,base_prediction|gold_daily|gold_vs_ma5|gold_vs_ma20|copper_daily|copper_vs_ma5|copper_vs_ma20|a500_vs_ma20|us10y_vs_ma20|RSI14_lag1|DIFF_lag1|DEA_lag1|cn10y_vs_ma20|brent_vs_ma20|dollar_vs_ma20|brent_vs_ma5|a500_vs_ma5
2023,2023-03-10,2023-03-09,374583,2023-03-09,1,base_prediction|gold_daily|gold_vs_ma5|gold_vs_ma20|copper_daily|copper_vs_ma5|copper_vs_ma20|a500_vs_ma20|us10y_vs_ma20|RSI14_lag1|DIFF_lag1|DEA_lag1|cn10y_vs_ma20|brent_vs_ma20|dollar_vs_ma20|brent_vs_ma5|a500_vs_ma5
2023,2023-03-13,2023-03-10,374583,2023-03-10,1,base_prediction|gold_daily|gold_vs_ma5|gold_vs_ma20|copper_daily|copper_vs_ma5|copper_vs_ma20|a500_vs_ma20|us10y_vs_ma20|RSI14_lag1|DIFF_lag1|DEA_lag1|cn10y_vs_ma20|brent_vs_ma20|dollar_vs_ma20|brent_vs_ma5|a500_vs_ma5
2023,2023-03-14,2023-03-13,374583,2023-03-13,1,base_prediction|gold_daily|gold_vs_ma5|gold_vs_ma20|copper_daily|copper_vs_ma5|copper_vs_ma20|a500_vs_ma20|us10y_vs_ma20|RSI14_lag1|DIFF_lag1|DEA_lag1|cn10y_vs_ma20|brent_vs_ma20|dollar_vs_ma20|brent_vs_ma5|a500_vs_ma5
2023,2023-03-15,2023-03-14,374583,2023-03-14,1,base_prediction|gold_daily|gold_vs_ma5|gold_vs_ma20|copper_daily|copper_vs_ma5|copper_vs_ma20|a500_vs_ma20|us10y_vs_ma20|RSI14_lag1|DIFF_lag1|DEA_lag1|cn10y_vs_ma20|brent_vs_ma20|dollar_vs_ma20|brent_vs_ma5|a500_vs_ma5
2023,2023-03-16,2023-03-15,42716,2023-03-15,1,base_prediction|gold_daily|gold_vs_ma5|gold_vs_ma20|copper_daily|copper_vs_ma5|copper_vs_ma20|a500_vs_ma20|us10y_vs_ma20|RSI14_lag1|DIFF_lag1|DEA_lag1|cn10y_vs_ma20|brent_vs_ma20|dollar_vs_ma20|brent_vs_ma5|a500_vs_ma5
2023,2023-03-17,2023-03-16,42716,2023-03-16,1,base_prediction|gold_daily|gold_vs_ma5|gold_vs_ma20|copper_daily|copper_vs_ma5|copper_vs_ma20|a500_vs_ma20|us10y_vs_ma20|RSI14_lag1|DIFF_lag1|DEA_lag1|cn10y_vs_ma20|brent_vs_ma20|dollar_vs_ma20|brent_vs_ma5|a500_vs_ma5
2023,2023-03-20,2023-03-17,42716,2023-03-17,1,base_prediction|gold_daily|gold_vs_ma5|gold_vs_ma20|copper_daily|copper_vs_ma5|copper_vs_ma20|a500_vs_ma20|us10y_vs_ma20|RSI14_lag1|DIFF_lag1|DEA_lag1|cn10y_vs_ma20|brent_vs_ma20|dollar_vs_ma20|brent_vs_ma5|a500_vs_ma5
2023,2023-03-21,2023-03-20,42716,2023-03-20,5,base_prediction|gold_daily|gold_vs_ma5|gold_vs_ma20|copper_daily|copper_vs_ma5|copper_vs_ma20|a500_vs_ma20|us10y_vs_ma20|RSI14_lag1|DIFF_lag1|DEA_lag1|cn10y_vs_ma20|brent_vs_ma20|dollar_vs_ma20|brent_vs_ma5|a500_vs_ma5
2023,2023-03-28,2023-03-27,374583,2023-03-27,1,base_prediction|gold_daily|gold_vs_ma5|gold_vs_ma20|copper_daily|copper_vs_ma5|copper_vs_ma20|a500_vs_ma20|us10y_vs_ma20|RSI14_lag1|DIFF_lag1|DEA_lag1|cn10y_vs_ma20|brent_vs_ma20|dollar_vs_ma20|brent_vs_ma5|a500_vs_ma5
2023,2023-03-29,2023-03-28,374583,2023-03-28,1,base_prediction|gold_daily|gold_vs_ma5|gold_vs_ma20|copper_daily|copper_vs_ma5|copper_vs_ma20|a500_vs_ma20|us10y_vs_ma20|RSI14_lag1|DIFF_lag1|DEA_lag1|cn10y_vs_ma20|brent_vs_ma20|dollar_vs_ma20|brent_vs_ma5|a500_vs_ma5
2023,2023-03-30,2023-03-29,374583,2023-03-29,1,base_prediction|gold_daily|gold_vs_ma5|gold_vs_ma20|copper_daily|copper_vs_ma5|copper_vs_ma20|a500_vs_ma20|us10y_vs_ma20|RSI14_lag1|DIFF_lag1|DEA_lag1|cn10y_vs_ma20|brent_vs_ma20|dollar_vs_ma20|brent_vs_ma5|a500_vs_ma5
2023,2023-03-31,2023-03-30,374583,2023-03-30,1,base_prediction|gold_daily|gold_vs_ma5|gold_vs_ma20|copper_daily|copper_vs_ma5|copper_vs_ma20|a500_vs_ma20|us10y_vs_ma20|RSI14_lag1|DIFF_lag1|DEA_lag1|cn10y_vs_ma20|brent_vs_ma20|dollar_vs_ma20|brent_vs_ma5|a500_vs_ma5
2023,2023-04-03,2023-03-31,374583,2023-03-31,1,base_prediction|gold_daily|gold_vs_ma5|gold_vs_ma20|copper_daily|copper_vs_ma5|copper_vs_ma20|a500_vs_ma20|us10y_vs_ma20|RSI14_lag1|DIFF_lag1|DEA_lag1|cn10y_vs_ma20|brent_vs_ma20|dollar_vs_ma20|brent_vs_ma5|a500_vs_ma5
2023,2023-04-04,2023-04-03,374583,2023-04-03,1,base_prediction|gold_daily|gold_vs_ma5|gold_vs_ma20|copper_daily|copper_vs_ma5|copper_vs_ma20|a500_vs_ma20|us10y_vs_ma20|RSI14_lag1|DIFF_lag1|DEA_lag1|cn10y_vs_ma20|brent_vs_ma20|dollar_vs_ma20|brent_vs_ma5|a500_vs_ma5
2023,2023-04-05,2023-04-04,374583,2023-04-04,2,base_prediction|gold_daily|gold_vs_ma5|gold_vs_ma20|copper_daily|copper_vs_ma5|copper_vs_ma20|a500_vs_ma20|us10y_vs_ma20|RSI14_lag1|DIFF_lag1|DEA_lag1|cn10y_vs_ma20|brent_vs_ma20|dollar_vs_ma20|brent_vs_ma5|a500_vs_ma5
2023,2023-04-07,2023-04-06,374583,2023-04-06,1,base_prediction|gold_daily|gold_vs_ma5|gold_vs_ma20|copper_daily|copper_vs_ma5|copper_vs_ma20|a500_vs_ma20|us10y_vs_ma20|RSI14_lag1|DIFF_lag1|DEA_lag1|cn10y_vs_ma20|brent_vs_ma20|dollar_vs_ma20|brent_vs_ma5|a500_vs_ma5
2023,2023-04-10,2023-04-07,374583,2023-04-07,3,base_prediction|gold_daily|gold_vs_ma5|gold_vs_ma20|copper_daily|copper_vs_ma5|copper_vs_ma20|a500_vs_ma20|us10y_vs_ma20|RSI14_lag1|DIFF_lag1|DEA_lag1|cn10y_vs_ma20|brent_vs_ma20|dollar_vs_ma20|brent_vs_ma5|a500_vs_ma5
2023,2023-04-13,2023-04-12,374583,2023-04-12,1,base_prediction|gold_daily|gold_vs_ma5|gold_vs_ma20|copper_daily|copper_vs_ma5|copper_vs_ma20|a500_vs_ma20|us10y_vs_ma20|RSI14_lag1|DIFF_lag1|DEA_lag1|cn10y_vs_ma20|brent_vs_ma20|dollar_vs_ma20|brent_vs_ma5|a500_vs_ma5
2023,2023-04-14,2023-04-13,374583,2023-04-13,1,base_prediction|gold_daily|gold_vs_ma5|gold_vs_ma20|copper_daily|copper_vs_ma5|copper_vs_ma20|a500_vs_ma20|us10y_vs_ma20|RSI14_lag1|DIFF_lag1|DEA_lag1|cn10y_vs_ma20|brent_vs_ma20|dollar_vs_ma20|brent_vs_ma5|a500_vs_ma5
2023,2023-04-17,2023-04-14,374583,2023-04-14,2,base_prediction|gold_daily|gold_vs_ma5|gold_vs_ma20|copper_daily|copper_vs_ma5|copper_vs_ma20|a500_vs_ma20|us10y_vs_ma20|RSI14_lag1|DIFF_lag1|DEA_lag1|cn10y_vs_ma20|brent_vs_ma20|dollar_vs_ma20|brent_vs_ma5|a500_vs_ma5
2023,2023-04-19,2023-04-18,374583,2023-04-18,6,base_prediction|gold_daily|gold_vs_ma5|gold_vs_ma20|copper_daily|copper_vs_ma5|copper_vs_ma20|a500_vs_ma20|us10y_vs_ma20|RSI14_lag1|DIFF_lag1|DEA_lag1|cn10y_vs_ma20|brent_vs_ma20|dollar_vs_ma20|brent_vs_ma5|a500_vs_ma5
2023,2023-04-26,2023-04-25,374583,2023-04-25,1,base_prediction|gold_daily|gold_vs_ma5|gold_vs_ma20|copper_daily|copper_vs_ma5|copper_vs_ma20|a500_vs_ma20|us10y_vs_ma20|RSI14_lag1|DIFF_lag1|DEA_lag1|cn10y_vs_ma20|brent_vs_ma20|dollar_vs_ma20|brent_vs_ma5|a500_vs_ma5
2023,2023-04-27,2023-04-26,374583,2023-04-26,2,base_prediction|gold_daily|gold_vs_ma5|gold_vs_ma20|copper_daily|copper_vs_ma5|copper_vs_ma20|a500_vs_ma20|us10y_vs_ma20|RSI14_lag1|DIFF_lag1|DEA_lag1|cn10y_vs_ma20|brent_vs_ma20|dollar_vs_ma20|brent_vs_ma5|a500_vs_ma5
2023,2023-05-01,2023-04-28,42716,2023-04-28,2,base_prediction|gold_daily|gold_vs_ma5|gold_vs_ma20|copper_daily|copper_vs_ma5|copper_vs_ma20|a500_vs_ma20|us10y_vs_ma20|RSI14_lag1|DIFF_lag1|DEA_lag1|cn10y_vs_ma20|brent_vs_ma20|dollar_vs_ma20|brent_vs_ma5|a500_vs_ma5
2023,2023-05-03,2023-05-02,42716,2023-05-02,1,base_prediction|gold_daily|gold_vs_ma5|gold_vs_ma20|copper_daily|copper_vs_ma5|copper_vs_ma20|a500_vs_ma20|us10y_vs_ma20|RSI14_lag1|DIFF_lag1|DEA_lag1|cn10y_vs_ma20|brent_vs_ma20|dollar_vs_ma20|brent_vs_ma5|a500_vs_ma5
2023,2023-05-04,2023-05-03,42716,2023-05-03,1,base_prediction|gold_daily|gold_vs_ma5|gold_vs_ma20|copper_daily|copper_vs_ma5|copper_vs_ma20|a500_vs_ma20|us10y_vs_ma20|RSI14_lag1|DIFF_lag1|DEA_lag1|cn10y_vs_ma20|brent_vs_ma20|dollar_vs_ma20|brent_vs_ma5|a500_vs_ma5
2023,2023-05-05,2023-05-04,42716,2023-05-04,1,base_prediction|gold_daily|gold_vs_ma5|gold_vs_ma20|copper_daily|copper_vs_ma5|copper_vs_ma20|a500_vs_ma20|us10y_vs_ma20|RSI14_lag1|DIFF_lag1|DEA_lag1|cn10y_vs_ma20|brent_vs_ma20|dollar_vs_ma20|brent_vs_ma5|a500_vs_ma5
2023,2023-05-06,2023-05-05,42716,2023-05-05,2,base_prediction|gold_daily|gold_vs_ma5|gold_vs_ma20|copper_daily|copper_vs_ma5|copper_vs_ma20|a500_vs_ma20|us10y_vs_ma20|RSI14_lag1|DIFF_lag1|DEA_lag1|cn10y_vs_ma20|brent_vs_ma20|dollar_vs_ma20|brent_vs_ma5|a500_vs_ma5
2023,2023-05-09,2023-05-08,42716,2023-05-08,2,base_prediction|gold_daily|gold_vs_ma5|gold_vs_ma20|copper_daily|copper_vs_ma5|copper_vs_ma20|a500_vs_ma20|us10y_vs_ma20|RSI14_lag1|DIFF_lag1|DEA_lag1|cn10y_vs_ma20|brent_vs_ma20|dollar_vs_ma20|brent_vs_ma5|a500_vs_ma5
2023,2023-05-11,2023-05-10,42716,2023-05-10,1,base_prediction|gold_daily|gold_vs_ma5|gold_vs_ma20|copper_daily|copper_vs_ma5|copper_vs_ma20|a500_vs_ma20|us10y_vs_ma20|RSI14_lag1|DIFF_lag1|DEA_lag1|cn10y_vs_ma20|brent_vs_ma20|dollar_vs_ma20|brent_vs_ma5|a500_vs_ma5
2023,2023-05-12,2023-05-11,42716,2023-05-11,2,base_prediction|gold_daily|gold_vs_ma5|gold_vs_ma20|copper_daily|copper_vs_ma5|copper_vs_ma20|a500_vs_ma20|us10y_vs_ma20|RSI14_lag1|DIFF_lag1|DEA_lag1|cn10y_vs_ma20|brent_vs_ma20|dollar_vs_ma20|brent_vs_ma5|a500_vs_ma5
2023,2023-05-16,2023-05-15,42716,2023-05-15,2,base_prediction|gold_daily|gold_vs_ma5|gold_vs_ma20|copper_daily|copper_vs_ma5|copper_vs_ma20|a500_vs_ma20|us10y_vs_ma20|RSI14_lag1|DIFF_lag1|DEA_lag1|cn10y_vs_ma20|brent_vs_ma20|dollar_vs_ma20|brent_vs_ma5|a500_vs_ma5
2023,2023-05-18,2023-05-17,42716,2023-05-17,1,base_prediction|gold_daily|gold_vs_ma5|gold_vs_ma20|copper_daily|copper_vs_ma5|copper_vs_ma20|a500_vs_ma20|us10y_vs_ma20|RSI14_lag1|DIFF_lag1|DEA_lag1|cn10y_vs_ma20|brent_vs_ma20|dollar_vs_ma20|brent_vs_ma5|a500_vs_ma5
2023,2023-05-19,2023-05-18,42716,2023-05-18,1,base_prediction|gold_daily|gold_vs_ma5|gold_vs_ma20|copper_daily|copper_vs_ma5|copper_vs_ma20|a500_vs_ma20|us10y_vs_ma20|RSI14_lag1|DIFF_lag1|DEA_lag1|cn10y_vs_ma20|brent_vs_ma20|dollar_vs_ma20|brent_vs_ma5|a500_vs_ma5
2023,2023-05-22,2023-05-19,42716,2023-05-19,1,base_prediction|gold_daily|gold_vs_ma5|gold_vs_ma20|copper_daily|copper_vs_ma5|copper_vs_ma20|a500_vs_ma20|us10y_vs_ma20|RSI14_lag1|DIFF_lag1|DEA_lag1|cn10y_vs_ma20|brent_vs_ma20|dollar_vs_ma20|brent_vs_ma5|a500_vs_ma5
2023,2023-05-23,2023-05-22,42716,2023-05-22,3,base_prediction|gold_daily|gold_vs_ma5|gold_vs_ma20|copper_daily|copper_vs_ma5|copper_vs_ma20|a500_vs_ma20|us10y_vs_ma20|RSI14_lag1|DIFF_lag1|DEA_lag1|cn10y_vs_ma20|brent_vs_ma20|dollar_vs_ma20|brent_vs_ma5|a500_vs_ma5
2023,2023-05-26,2023-05-25,42716,2023-05-25,1,base_prediction|gold_daily|gold_vs_ma5|gold_vs_ma20|copper_daily|copper_vs_ma5|copper_vs_ma20|a500_vs_ma20|us10y_vs_ma20|RSI14_lag1|DIFF_lag1|DEA_lag1|cn10y_vs_ma20|brent_vs_ma20|dollar_vs_ma20|brent_vs_ma5|a500_vs_ma5
2023,2023-05-28,2023-05-26,42716,2023-05-26,1,base_prediction|gold_daily|gold_vs_ma5|gold_vs_ma20|copper_daily|copper_vs_ma5|copper_vs_ma20|a500_vs_ma20|us10y_vs_ma20|RSI14_lag1|DIFF_lag1|DEA_lag1|cn10y_vs_ma20|brent_vs_ma20|dollar_vs_ma20|brent_vs_ma5|a500_vs_ma5
2023,2023-05-29,2023-05-28,42716,2023-05-28,3,base_prediction|gold_daily|gold_vs_ma5|gold_vs_ma20|copper_daily|copper_vs_ma5|copper_vs_ma20|a500_vs_ma20|us10y_vs_ma20|RSI14_lag1|DIFF_lag1|DEA_lag1|cn10y_vs_ma20|brent_vs_ma20|dollar_vs_ma20|brent_vs_ma5|a500_vs_ma5
2023,2023-06-01,2023-05-31,42716,2023-05-31,1,base_prediction|gold_daily|gold_vs_ma5|gold_vs_ma20|copper_daily|copper_vs_ma5|copper_vs_ma20|a500_vs_ma20|us10y_vs_ma20|RSI14_lag1|DIFF_lag1|DEA_lag1|cn10y_vs_ma20|brent_vs_ma20|dollar_vs_ma20|brent_vs_ma5|a500_vs_ma5
2023,2023-06-02,2023-06-01,42716,2023-06-01,7,base_prediction|gold_daily|gold_vs_ma5|gold_vs_ma20|copper_daily|copper_vs_ma5|copper_vs_ma20|a500_vs_ma20|us10y_vs_ma20|RSI14_lag1|DIFF_lag1|DEA_lag1|cn10y_vs_ma20|brent_vs_ma20|dollar_vs_ma20|brent_vs_ma5|a500_vs_ma5
2023,2023-06-13,2023-06-12,374583,2023-06-12,1,base_prediction|gold_daily|gold_vs_ma5|gold_vs_ma20|copper_daily|copper_vs_ma5|copper_vs_ma20|a500_vs_ma20|us10y_vs_ma20|RSI14_lag1|DIFF_lag1|DEA_lag1|cn10y_vs_ma20|brent_vs_ma20|dollar_vs_ma20|brent_vs_ma5|a500_vs_ma5
2023,2023-06-14,2023-06-13,374583,2023-06-13,2,base_prediction|gold_daily|gold_vs_ma5|gold_vs_ma20|copper_daily|copper_vs_ma5|copper_vs_ma20|a500_vs_ma20|us10y_vs_ma20|RSI14_lag1|DIFF_lag1|DEA_lag1|cn10y_vs_ma20|brent_vs_ma20|dollar_vs_ma20|brent_vs_ma5|a500_vs_ma5
2023,2023-06-16,2023-06-15,374583,2023-06-15,3,base_prediction|gold_daily|gold_vs_ma5|gold_vs_ma20|copper_daily|copper_vs_ma5|copper_vs_ma20|a500_vs_ma20|us10y_vs_ma20|RSI14_lag1|DIFF_lag1|DEA_lag1|cn10y_vs_ma20|brent_vs_ma20|dollar_vs_ma20|brent_vs_ma5|a500_vs_ma5
2023,2023-06-20,2023-06-19,374583,2023-06-19,2,base_prediction|gold_daily|gold_vs_ma5|gold_vs_ma20|copper_daily|copper_vs_ma5|copper_vs_ma20|a500_vs_ma20|us10y_vs_ma20|RSI14_lag1|DIFF_lag1|DEA_lag1|cn10y_vs_ma20|brent_vs_ma20|dollar_vs_ma20|brent_vs_ma5|a500_vs_ma5
2023,2023-06-22,2023-06-21,374583,2023-06-21,1,base_prediction|gold_daily|gold_vs_ma5|gold_vs_ma20|copper_daily|copper_vs_ma5|copper_vs_ma20|a500_vs_ma20|us10y_vs_ma20|RSI14_lag1|DIFF_lag1|DEA_lag1|cn10y_vs_ma20|brent_vs_ma20|dollar_vs_ma20|brent_vs_ma5|a500_vs_ma5
2023,2023-06-23,2023-06-22,374583,2023-06-22,4,base_prediction|gold_daily|gold_vs_ma5|gold_vs_ma20|copper_daily|copper_vs_ma5|copper_vs_ma20|a500_vs_ma20|us10y_vs_ma20|RSI14_lag1|DIFF_lag1|DEA_lag1|cn10y_vs_ma20|brent_vs_ma20|dollar_vs_ma20|brent_vs_ma5|a500_vs_ma5
2023,2023-06-28,2023-06-27,374583,2023-06-27,1,base_prediction|gold_daily|gold_vs_ma5|gold_vs_ma20|copper_daily|copper_vs_ma5|copper_vs_ma20|a500_vs_ma20|us10y_vs_ma20|RSI14_lag1|DIFF_lag1|DEA_lag1|cn10y_vs_ma20|brent_vs_ma20|dollar_vs_ma20|brent_vs_ma5|a500_vs_ma5
2023,2023-06-29,2023-06-28,374583,2023-06-28,1,base_prediction|gold_daily|gold_vs_ma5|gold_vs_ma20|copper_daily|copper_vs_ma5|copper_vs_ma20|a500_vs_ma20|us10y_vs_ma20|RSI14_lag1|DIFF_lag1|DEA_lag1|cn10y_vs_ma20|brent_vs_ma20|dollar_vs_ma20|brent_vs_ma5|a500_vs_ma5
2023,2023-06-30,2023-06-29,374583,2023-06-29,1,base_prediction|gold_daily|gold_vs_ma5|gold_vs_ma20|copper_daily|copper_vs_ma5|copper_vs_ma20|a500_vs_ma20|us10y_vs_ma20|RSI14_lag1|DIFF_lag1|DEA_lag1|cn10y_vs_ma20|brent_vs_ma20|dollar_vs_ma20|brent_vs_ma5|a500_vs_ma5
2023,2023-07-03,2023-06-30,374583,2023-06-30,4,base_prediction|gold_daily|gold_vs_ma5|gold_vs_ma20|copper_daily|copper_vs_ma5|copper_vs_ma20|a500_vs_ma20|us10y_vs_ma20|RSI14_lag1|DIFF_lag1|DEA_lag1|cn10y_vs_ma20|brent_vs_ma20|dollar_vs_ma20|brent_vs_ma5|a500_vs_ma5
2023,2023-07-07,2023-07-06,374583,2023-07-06,1,base_prediction|gold_daily|gold_vs_ma5|gold_vs_ma20|copper_daily|copper_vs_ma5|copper_vs_ma20|a500_vs_ma20|us10y_vs_ma20|RSI14_lag1|DIFF_lag1|DEA_lag1|cn10y_vs_ma20|brent_vs_ma20|dollar_vs_ma20|brent_vs_ma5|a500_vs_ma5
2023,2023-07-10,2023-07-07,374583,2023-07-07,1,base_prediction|gold_daily|gold_vs_ma5|gold_vs_ma20|copper_daily|copper_vs_ma5|copper_vs_ma20|a500_vs_ma20|us10y_vs_ma20|RSI14_lag1|DIFF_lag1|DEA_lag1|cn10y_vs_ma20|brent_vs_ma20|dollar_vs_ma20|brent_vs_ma5|a500_vs_ma5
2023,2023-07-11,2023-07-10,374583,2023-07-10,1,base_prediction|gold_daily|gold_vs_ma5|gold_vs_ma20|copper_daily|copper_vs_ma5|copper_vs_ma20|a500_vs_ma20|us10y_vs_ma20|RSI14_lag1|DIFF_lag1|DEA_lag1|cn10y_vs_ma20|brent_vs_ma20|dollar_vs_ma20|brent_vs_ma5|a500_vs_ma5
2023,2023-07-12,2023-07-11,374583,2023-07-11,1,base_prediction|gold_daily|gold_vs_ma5|gold_vs_ma20|copper_daily|copper_vs_ma5|copper_vs_ma20|a500_vs_ma20|us10y_vs_ma20|RSI14_lag1|DIFF_lag1|DEA_lag1|cn10y_vs_ma20|brent_vs_ma20|dollar_vs_ma20|brent_vs_ma5|a500_vs_ma5
2023,2023-07-13,2023-07-12,374583,2023-07-12,1,base_prediction|gold_daily|gold_vs_ma5|gold_vs_ma20|copper_daily|copper_vs_ma5|copper_vs_ma20|a500_vs_ma20|us10y_vs_ma20|RSI14_lag1|DIFF_lag1|DEA_lag1|cn10y_vs_ma20|brent_vs_ma20|dollar_vs_ma20|brent_vs_ma5|a500_vs_ma5
2023,2023-07-14,2023-07-13,374583,2023-07-13,2,base_prediction|gold_daily|gold_vs_ma5|gold_vs_ma20|copper_daily|copper_vs_ma5|copper_vs_ma20|a500_vs_ma20|us10y_vs_ma20|RSI14_lag1|DIFF_lag1|DEA_lag1|cn10y_vs_ma20|brent_vs_ma20|dollar_vs_ma20|brent_vs_ma5|a500_vs_ma5
2023,2023-07-18,2023-07-17,374583,2023-07-17,1,base_prediction|gold_daily|gold_vs_ma5|gold_vs_ma20|copper_daily|copper_vs_ma5|copper_vs_ma20|a500_vs_ma20|us10y_vs_ma20|RSI14_lag1|DIFF_lag1|DEA_lag1|cn10y_vs_ma20|brent_vs_ma20|dollar_vs_ma20|brent_vs_ma5|a500_vs_ma5
2023,2023-07-19,2023-07-18,374583,2023-07-18,1,base_prediction|gold_daily|gold_vs_ma5|gold_vs_ma20|copper_daily|copper_vs_ma5|copper_vs_ma20|a500_vs_ma20|us10y_vs_ma20|RSI14_lag1|DIFF_lag1|DEA_lag1|cn10y_vs_ma20|brent_vs_ma20|dollar_vs_ma20|brent_vs_ma5|a500_vs_ma5
2023,2023-07-20,2023-07-19,565766,2023-07-19,1,base_prediction|gold_daily|gold_vs_ma5|gold_vs_ma20|copper_daily|copper_vs_ma5|copper_vs_ma20|a500_vs_ma20|us10y_vs_ma20|RSI14_lag1|DIFF_lag1|DEA_lag1|cn10y_vs_ma20|brent_vs_ma20|dollar_vs_ma20|brent_vs_ma5|a500_vs_ma5
2023,2023-07-21,2023-07-20,565766,2023-07-20,1,base_prediction|gold_daily|gold_vs_ma5|gold_vs_ma20|copper_daily|copper_vs_ma5|copper_vs_ma20|a500_vs_ma20|us10y_vs_ma20|RSI14_lag1|DIFF_lag1|DEA_lag1|cn10y_vs_ma20|brent_vs_ma20|dollar_vs_ma20|brent_vs_ma5|a500_vs_ma5
2023,2023-07-24,2023-07-21,798291,2023-07-21,6,base_prediction|gold_daily|gold_vs_ma5|gold_vs_ma20|copper_daily|copper_vs_ma5|copper_vs_ma20|a500_vs_ma20|us10y_vs_ma20|RSI14_lag1|DIFF_lag1|DEA_lag1|cn10y_vs_ma20|brent_vs_ma20|dollar_vs_ma20|brent_vs_ma5|a500_vs_ma5
2023,2023-08-01,2023-07-31,798291,2023-07-31,1,base_prediction|gold_daily|gold_vs_ma5|gold_vs_ma20|copper_daily|copper_vs_ma5|copper_vs_ma20|a500_vs_ma20|us10y_vs_ma20|RSI14_lag1|DIFF_lag1|DEA_lag1|cn10y_vs_ma20|brent_vs_ma20|dollar_vs_ma20|brent_vs_ma5|a500_vs_ma5
2023,2023-08-02,2023-08-01,798291,2023-08-01,1,base_prediction|gold_daily|gold_vs_ma5|gold_vs_ma20|copper_daily|copper_vs_ma5|copper_vs_ma20|a500_vs_ma20|us10y_vs_ma20|RSI14_lag1|DIFF_lag1|DEA_lag1|cn10y_vs_ma20|brent_vs_ma20|dollar_vs_ma20|brent_vs_ma5|a500_vs_ma5
2023,2023-08-03,2023-08-02,798291,2023-08-02,1,base_prediction|gold_daily|gold_vs_ma5|gold_vs_ma20|copper_daily|copper_vs_ma5|copper_vs_ma20|a500_vs_ma20|us10y_vs_ma20|RSI14_lag1|DIFF_lag1|DEA_lag1|cn10y_vs_ma20|brent_vs_ma20|dollar_vs_ma20|brent_vs_ma5|a500_vs_ma5
2023,2023-08-04,2023-08-03,798291,2023-08-03,1,base_prediction|gold_daily|gold_vs_ma5|gold_vs_ma20|copper_daily|copper_vs_ma5|copper_vs_ma20|a500_vs_ma20|us10y_vs_ma20|RSI14_lag1|DIFF_lag1|DEA_lag1|cn10y_vs_ma20|brent_vs_ma20|dollar_vs_ma20|brent_vs_ma5|a500_vs_ma5
2023,2023-08-07,2023-08-04,565766,2023-08-04,2,base_prediction|gold_daily|gold_vs_ma5|gold_vs_ma20|copper_daily|copper_vs_ma5|copper_vs_ma20|a500_vs_ma20|us10y_vs_ma20|RSI14_lag1|DIFF_lag1|DEA_lag1|cn10y_vs_ma20|brent_vs_ma20|dollar_vs_ma20|brent_vs_ma5|a500_vs_ma5
2023,2023-08-09,2023-08-08,565766,2023-08-08,3,base_prediction|gold_daily|gold_vs_ma5|gold_vs_ma20|copper_daily|copper_vs_ma5|copper_vs_ma20|a500_vs_ma20|us10y_vs_ma20|RSI14_lag1|DIFF_lag1|DEA_lag1|cn10y_vs_ma20|brent_vs_ma20|dollar_vs_ma20|brent_vs_ma5|a500_vs_ma5
2023,2023-08-14,2023-08-11,798291,2023-08-11,1,base_prediction|gold_daily|gold_vs_ma5|gold_vs_ma20|copper_daily|copper_vs_ma5|copper_vs_ma20|a500_vs_ma20|us10y_vs_ma20|RSI14_lag1|DIFF_lag1|DEA_lag1|cn10y_vs_ma20|brent_vs_ma20|dollar_vs_ma20|brent_vs_ma5|a500_vs_ma5
2023,2023-08-15,2023-08-14,798291,2023-08-14,1,base_prediction|gold_daily|gold_vs_ma5|gold_vs_ma20|copper_daily|copper_vs_ma5|copper_vs_ma20|a500_vs_ma20|us10y_vs_ma20|RSI14_lag1|DIFF_lag1|DEA_lag1|cn10y_vs_ma20|brent_vs_ma20|dollar_vs_ma20|brent_vs_ma5|a500_vs_ma5
2023,2023-08-16,2023-08-15,798291,2023-08-15,3,base_prediction|gold_daily|gold_vs_ma5|gold_vs_ma20|copper_daily|copper_vs_ma5|copper_vs_ma20|a500_vs_ma20|us10y_vs_ma20|RSI14_lag1|DIFF_lag1|DEA_lag1|cn10y_vs_ma20|brent_vs_ma20|dollar_vs_ma20|brent_vs_ma5|a500_vs_ma5
2023,2023-08-21,2023-08-18,798291,2023-08-18,1,base_prediction|gold_daily|gold_vs_ma5|gold_vs_ma20|copper_daily|copper_vs_ma5|copper_vs_ma20|a500_vs_ma20|us10y_vs_ma20|RSI14_lag1|DIFF_lag1|DEA_lag1|cn10y_vs_ma20|brent_vs_ma20|dollar_vs_ma20|brent_vs_ma5|a500_vs_ma5
2023,2023-08-22,2023-08-21,798291,2023-08-21,1,base_prediction|gold_daily|gold_vs_ma5|gold_vs_ma20|copper_daily|copper_vs_ma5|copper_vs_ma20|a500_vs_ma20|us10y_vs_ma20|RSI14_lag1|DIFF_lag1|DEA_lag1|cn10y_vs_ma20|brent_vs_ma20|dollar_vs_ma20|brent_vs_ma5|a500_vs_ma5
2023,2023-08-23,2023-08-22,798291,2023-08-22,1,base_prediction|gold_daily|gold_vs_ma5|gold_vs_ma20|copper_daily|copper_vs_ma5|copper_vs_ma20|a500_vs_ma20|us10y_vs_ma20|RSI14_lag1|DIFF_lag1|DEA_lag1|cn10y_vs_ma20|brent_vs_ma20|dollar_vs_ma20|brent_vs_ma5|a500_vs_ma5
2023,2023-08-24,2023-08-23,798291,2023-08-23,1,base_prediction|gold_daily|gold_vs_ma5|gold_vs_ma20|copper_daily|copper_vs_ma5|copper_vs_ma20|a500_vs_ma20|us10y_vs_ma20|RSI14_lag1|DIFF_lag1|DEA_lag1|cn10y_vs_ma20|brent_vs_ma20|dollar_vs_ma20|brent_vs_ma5|a500_vs_ma5
2023,2023-08-25,2023-08-24,798291,2023-08-24,2,base_prediction|gold_daily|gold_vs_ma5|gold_vs_ma20|copper_daily|copper_vs_ma5|copper_vs_ma20|a500_vs_ma20|us10y_vs_ma20|RSI14_lag1|DIFF_lag1|DEA_lag1|cn10y_vs_ma20|brent_vs_ma20|dollar_vs_ma20|brent_vs_ma5|a500_vs_ma5
2023,2023-08-29,2023-08-28,798291,2023-08-28,4,base_prediction|gold_daily|gold_vs_ma5|gold_vs_ma20|copper_daily|copper_vs_ma5|copper_vs_ma20|a500_vs_ma20|us10y_vs_ma20|RSI14_lag1|DIFF_lag1|DEA_lag1|cn10y_vs_ma20|brent_vs_ma20|dollar_vs_ma20|brent_vs_ma5|a500_vs_ma5
2023,2023-09-03,2023-09-01,798291,2023-09-01,1,base_prediction|gold_daily|gold_vs_ma5|gold_vs_ma20|copper_daily|copper_vs_ma5|copper_vs_ma20|a500_vs_ma20|us10y_vs_ma20|RSI14_lag1|DIFF_lag1|DEA_lag1|cn10y_vs_ma20|brent_vs_ma20|dollar_vs_ma20|brent_vs_ma5|a500_vs_ma5
2023,2023-09-04,2023-09-03,798291,2023-09-03,6,base_prediction|gold_daily|gold_vs_ma5|gold_vs_ma20|copper_daily|copper_vs_ma5|copper_vs_ma20|a500_vs_ma20|us10y_vs_ma20|RSI14_lag1|DIFF_lag1|DEA_lag1|cn10y_vs_ma20|brent_vs_ma20|dollar_vs_ma20|brent_vs_ma5|a500_vs_ma5
2023,2023-09-12,2023-09-11,798291,2023-09-11,3,base_prediction|gold_daily|gold_vs_ma5|gold_vs_ma20|copper_daily|copper_vs_ma5|copper_vs_ma20|a500_vs_ma20|us10y_vs_ma20|RSI14_lag1|DIFF_lag1|DEA_lag1|cn10y_vs_ma20|brent_vs_ma20|dollar_vs_ma20|brent_vs_ma5|a500_vs_ma5
2023,2023-09-15,2023-09-14,798291,2023-09-14,1,base_prediction|gold_daily|gold_vs_ma5|gold_vs_ma20|copper_daily|copper_vs_ma5|copper_vs_ma20|a500_vs_ma20|us10y_vs_ma20|RSI14_lag1|DIFF_lag1|DEA_lag1|cn10y_vs_ma20|brent_vs_ma20|dollar_vs_ma20|brent_vs_ma5|a500_vs_ma5
2023,2023-09-18,2023-09-15,798291,2023-09-15,3,base_prediction|gold_daily|gold_vs_ma5|gold_vs_ma20|copper_daily|copper_vs_ma5|copper_vs_ma20|a500_vs_ma20|us10y_vs_ma20|RSI14_lag1|DIFF_lag1|DEA_lag1|cn10y_vs_ma20|brent_vs_ma20|dollar_vs_ma20|brent_vs_ma5|a500_vs_ma5
2023,2023-09-21,2023-09-20,798291,2023-09-20,1,base_prediction|gold_daily|gold_vs_ma5|gold_vs_ma20|copper_daily|copper_vs_ma5|copper_vs_ma20|a500_vs_ma20|us10y_vs_ma20|RSI14_lag1|DIFF_lag1|DEA_lag1|cn10y_vs_ma20|brent_vs_ma20|dollar_vs_ma20|brent_vs_ma5|a500_vs_ma5
2023,2023-09-22,2023-09-21,798291,2023-09-21,1,base_prediction|gold_daily|gold_vs_ma5|gold_vs_ma20|copper_daily|copper_vs_ma5|copper_vs_ma20|a500_vs_ma20|us10y_vs_ma20|RSI14_lag1|DIFF_lag1|DEA_lag1|cn10y_vs_ma20|brent_vs_ma20|dollar_vs_ma20|brent_vs_ma5|a500_vs_ma5
2023,2023-09-25,2023-09-22,798291,2023-09-22,1,base_prediction|gold_daily|gold_vs_ma5|gold_vs_ma20|copper_daily|copper_vs_ma5|copper_vs_ma20|a500_vs_ma20|us10y_vs_ma20|RSI14_lag1|DIFF_lag1|DEA_lag1|cn10y_vs_ma20|brent_vs_ma20|dollar_vs_ma20|brent_vs_ma5|a500_vs_ma5
2023,2023-09-26,2023-09-25,798291,2023-09-25,2,base_prediction|gold_daily|gold_vs_ma5|gold_vs_ma20|copper_daily|copper_vs_ma5|copper_vs_ma20|a500_vs_ma20|us10y_vs_ma20|RSI14_lag1|DIFF_lag1|DEA_lag1|cn10y_vs_ma20|brent_vs_ma20|dollar_vs_ma20|brent_vs_ma5|a500_vs_ma5
2023,2023-09-28,2023-09-27,798291,2023-09-27,1,base_prediction|gold_daily|gold_vs_ma5|gold_vs_ma20|copper_daily|copper_vs_ma5|copper_vs_ma20|a500_vs_ma20|us10y_vs_ma20|RSI14_lag1|DIFF_lag1|DEA_lag1|cn10y_vs_ma20|brent_vs_ma20|dollar_vs_ma20|brent_vs_ma5|a500_vs_ma5
2023,2023-09-29,2023-09-28,798291,2023-09-28,1,base_prediction|gold_daily|gold_vs_ma5|gold_vs_ma20|copper_daily|copper_vs_ma5|copper_vs_ma20|a500_vs_ma20|us10y_vs_ma20|RSI14_lag1|DIFF_lag1|DEA_lag1|cn10y_vs_ma20|brent_vs_ma20|dollar_vs_ma20|brent_vs_ma5|a500_vs_ma5
2023,2023-10-02,2023-09-29,798291,2023-09-29,1,base_prediction|gold_daily|gold_vs_ma5|gold_vs_ma20|copper_daily|copper_vs_ma5|copper_vs_ma20|a500_vs_ma20|us10y_vs_ma20|RSI14_lag1|DIFF_lag1|DEA_lag1|cn10y_vs_ma20|brent_vs_ma20|dollar_vs_ma20|brent_vs_ma5|a500_vs_ma5
2023,2023-10-03,2023-10-02,798291,2023-10-02,1,base_prediction|gold_daily|gold_vs_ma5|gold_vs_ma20|copper_daily|copper_vs_ma5|copper_vs_ma20|a500_vs_ma20|us10y_vs_ma20|RSI14_lag1|DIFF_lag1|DEA_lag1|cn10y_vs_ma20|brent_vs_ma20|dollar_vs_ma20|brent_vs_ma5|a500_vs_ma5
2023,2023-10-04,2023-10-03,798291,2023-10-03,1,base_prediction|gold_daily|gold_vs_ma5|gold_vs_ma20|copper_daily|copper_vs_ma5|copper_vs_ma20|a500_vs_ma20|us10y_vs_ma20|RSI14_lag1|DIFF_lag1|DEA_lag1|cn10y_vs_ma20|brent_vs_ma20|dollar_vs_ma20|brent_vs_ma5|a500_vs_ma5
2023,2023-10-05,2023-10-04,798291,2023-10-04,1,base_prediction|gold_daily|gold_vs_ma5|gold_vs_ma20|copper_daily|copper_vs_ma5|copper_vs_ma20|a500_vs_ma20|us10y_vs_ma20|RSI14_lag1|DIFF_lag1|DEA_lag1|cn10y_vs_ma20|brent_vs_ma20|dollar_vs_ma20|brent_vs_ma5|a500_vs_ma5
2023,2023-10-06,2023-10-05,798291,2023-10-05,1,base_prediction|gold_daily|gold_vs_ma5|gold_vs_ma20|copper_daily|copper_vs_ma5|copper_vs_ma20|a500_vs_ma20|us10y_vs_ma20|RSI14_lag1|DIFF_lag1|DEA_lag1|cn10y_vs_ma20|brent_vs_ma20|dollar_vs_ma20|brent_vs_ma5|a500_vs_ma5
2023,2023-10-07,2023-10-06,565766,2023-10-06,1,base_prediction|gold_daily|gold_vs_ma5|gold_vs_ma20|copper_daily|copper_vs_ma5|copper_vs_ma20|a500_vs_ma20|us10y_vs_ma20|RSI14_lag1|DIFF_lag1|DEA_lag1|cn10y_vs_ma20|brent_vs_ma20|dollar_vs_ma20|brent_vs_ma5|a500_vs_ma5
2023,2023-10-08,2023-10-07,565766,2023-10-07,4,base_prediction|gold_daily|gold_vs_ma5|gold_vs_ma20|copper_daily|copper_vs_ma5|copper_vs_ma20|a500_vs_ma20|us10y_vs_ma20|RSI14_lag1|DIFF_lag1|DEA_lag1|cn10y_vs_ma20|brent_vs_ma20|dollar_vs_ma20|brent_vs_ma5|a500_vs_ma5
2023,2023-10-12,2023-10-11,565766,2023-10-11,2,base_prediction|gold_daily|gold_vs_ma5|gold_vs_ma20|copper_daily|copper_vs_ma5|copper_vs_ma20|a500_vs_ma20|us10y_vs_ma20|RSI14_lag1|DIFF_lag1|DEA_lag1|cn10y_vs_ma20|brent_vs_ma20|dollar_vs_ma20|brent_vs_ma5|a500_vs_ma5
2023,2023-10-16,2023-10-13,565766,2023-10-13,3,base_prediction|gold_daily|gold_vs_ma5|gold_vs_ma20|copper_daily|copper_vs_ma5|copper_vs_ma20|a500_vs_ma20|us10y_vs_ma20|RSI14_lag1|DIFF_lag1|DEA_lag1|cn10y_vs_ma20|brent_vs_ma20|dollar_vs_ma20|brent_vs_ma5|a500_vs_ma5
2023,2023-10-19,2023-10-18,565766,2023-10-18,1,base_prediction|gold_daily|gold_vs_ma5|gold_vs_ma20|copper_daily|copper_vs_ma5|copper_vs_ma20|a500_vs_ma20|us10y_vs_ma20|RSI14_lag1|DIFF_lag1|DEA_lag1|cn10y_vs_ma20|brent_vs_ma20|dollar_vs_ma20|brent_vs_ma5|a500_vs_ma5
2023,2023-10-20,2023-10-19,565766,2023-10-19,1,base_prediction|gold_daily|gold_vs_ma5|gold_vs_ma20|copper_daily|copper_vs_ma5|copper_vs_ma20|a500_vs_ma20|us10y_vs_ma20|RSI14_lag1|DIFF_lag1|DEA_lag1|cn10y_vs_ma20|brent_vs_ma20|dollar_vs_ma20|brent_vs_ma5|a500_vs_ma5
2023,2023-10-23,2023-10-20,565766,2023-10-20,1,base_prediction|gold_daily|gold_vs_ma5|gold_vs_ma20|copper_daily|copper_vs_ma5|copper_vs_ma20|a500_vs_ma20|us10y_vs_ma20|RSI14_lag1|DIFF_lag1|DEA_lag1|cn10y_vs_ma20|brent_vs_ma20|dollar_vs_ma20|brent_vs_ma5|a500_vs_ma5
2023,2023-10-24,2023-10-23,565766,2023-10-23,1,base_prediction|gold_daily|gold_vs_ma5|gold_vs_ma20|copper_daily|copper_vs_ma5|copper_vs_ma20|a500_vs_ma20|us10y_vs_ma20|RSI14_lag1|DIFF_lag1|DEA_lag1|cn10y_vs_ma20|brent_vs_ma20|dollar_vs_ma20|brent_vs_ma5|a500_vs_ma5
2023,2023-10-25,2023-10-24,565766,2023-10-24,5,base_prediction|gold_daily|gold_vs_ma5|gold_vs_ma20|copper_daily|copper_vs_ma5|copper_vs_ma20|a500_vs_ma20|us10y_vs_ma20|RSI14_lag1|DIFF_lag1|DEA_lag1|cn10y_vs_ma20|brent_vs_ma20|dollar_vs_ma20|brent_vs_ma5|a500_vs_ma5
2023,2023-11-01,2023-10-31,785634,2023-10-31,2,base_prediction|gold_daily|gold_vs_ma5|gold_vs_ma20|copper_daily|copper_vs_ma5|copper_vs_ma20|a500_vs_ma20|us10y_vs_ma20|RSI14_lag1|DIFF_lag1|DEA_lag1|cn10y_vs_ma20|brent_vs_ma20|dollar_vs_ma20|brent_vs_ma5|a500_vs_ma5
2023,2023-11-03,2023-11-02,565766,2023-11-02,1,base_prediction|gold_daily|gold_vs_ma5|gold_vs_ma20|copper_daily|copper_vs_ma5|copper_vs_ma20|a500_vs_ma20|us10y_vs_ma20|RSI14_lag1|DIFF_lag1|DEA_lag1|cn10y_vs_ma20|brent_vs_ma20|dollar_vs_ma20|brent_vs_ma5|a500_vs_ma5
2023,2023-11-06,2023-11-03,785634,2023-11-03,1,base_prediction|gold_daily|gold_vs_ma5|gold_vs_ma20|copper_daily|copper_vs_ma5|copper_vs_ma20|a500_vs_ma20|us10y_vs_ma20|RSI14_lag1|DIFF_lag1|DEA_lag1|cn10y_vs_ma20|brent_vs_ma20|dollar_vs_ma20|brent_vs_ma5|a500_vs_ma5
2023,2023-11-07,2023-11-06,785634,2023-11-06,1,base_prediction|gold_daily|gold_vs_ma5|gold_vs_ma20|copper_daily|copper_vs_ma5|copper_vs_ma20|a500_vs_ma20|us10y_vs_ma20|RSI14_lag1|DIFF_lag1|DEA_lag1|cn10y_vs_ma20|brent_vs_ma20|dollar_vs_ma20|brent_vs_ma5|a500_vs_ma5
2023,2023-11-08,2023-11-07,565766,2023-11-07,1,base_prediction|gold_daily|gold_vs_ma5|gold_vs_ma20|copper_daily|copper_vs_ma5|copper_vs_ma20|a500_vs_ma20|us10y_vs_ma20|RSI14_lag1|DIFF_lag1|DEA_lag1|cn10y_vs_ma20|brent_vs_ma20|dollar_vs_ma20|brent_vs_ma5|a500_vs_ma5
2023,2023-11-09,2023-11-08,785634,2023-11-08,1,base_prediction|gold_daily|gold_vs_ma5|gold_vs_ma20|copper_daily|copper_vs_ma5|copper_vs_ma20|a500_vs_ma20|us10y_vs_ma20|RSI14_lag1|DIFF_lag1|DEA_lag1|cn10y_vs_ma20|brent_vs_ma20|dollar_vs_ma20|brent_vs_ma5|a500_vs_ma5
2023,2023-11-10,2023-11-09,785634,2023-11-09,3,base_prediction|gold_daily|gold_vs_ma5|gold_vs_ma20|copper_daily|copper_vs_ma5|copper_vs_ma20|a500_vs_ma20|us10y_vs_ma20|RSI14_lag1|DIFF_lag1|DEA_lag1|cn10y_vs_ma20|brent_vs_ma20|dollar_vs_ma20|brent_vs_ma5|a500_vs_ma5
2023,2023-11-15,2023-11-14,785634,2023-11-14,1,base_prediction|gold_daily|gold_vs_ma5|gold_vs_ma20|copper_daily|copper_vs_ma5|copper_vs_ma20|a500_vs_ma20|us10y_vs_ma20|RSI14_lag1|DIFF_lag1|DEA_lag1|cn10y_vs_ma20|brent_vs_ma20|dollar_vs_ma20|brent_vs_ma5|a500_vs_ma5
2023,2023-11-16,2023-11-15,785634,2023-11-15,1,base_prediction|gold_daily|gold_vs_ma5|gold_vs_ma20|copper_daily|copper_vs_ma5|copper_vs_ma20|a500_vs_ma20|us10y_vs_ma20|RSI14_lag1|DIFF_lag1|DEA_lag1|cn10y_vs_ma20|brent_vs_ma20|dollar_vs_ma20|brent_vs_ma5|a500_vs_ma5
2023,2023-11-17,2023-11-16,785634,2023-11-16,1,base_prediction|gold_daily|gold_vs_ma5|gold_vs_ma20|copper_daily|copper_vs_ma5|copper_vs_ma20|a500_vs_ma20|us10y_vs_ma20|RSI14_lag1|DIFF_lag1|DEA_lag1|cn10y_vs_ma20|brent_vs_ma20|dollar_vs_ma20|brent_vs_ma5|a500_vs_ma5
2023,2023-11-20,2023-11-17,785634,2023-11-17,1,base_prediction|gold_daily|gold_vs_ma5|gold_vs_ma20|copper_daily|copper_vs_ma5|copper_vs_ma20|a500_vs_ma20|us10y_vs_ma20|RSI14_lag1|DIFF_lag1|DEA_lag1|cn10y_vs_ma20|brent_vs_ma20|dollar_vs_ma20|brent_vs_ma5|a500_vs_ma5
2023,2023-11-21,2023-11-20,785634,2023-11-20,1,base_prediction|gold_daily|gold_vs_ma5|gold_vs_ma20|copper_daily|copper_vs_ma5|copper_vs_ma20|a500_vs_ma20|us10y_vs_ma20|RSI14_lag1|DIFF_lag1|DEA_lag1|cn10y_vs_ma20|brent_vs_ma20|dollar_vs_ma20|brent_vs_ma5|a500_vs_ma5
2023,2023-11-22,2023-11-21,785634,2023-11-21,1,base_prediction|gold_daily|gold_vs_ma5|gold_vs_ma20|copper_daily|copper_vs_ma5|copper_vs_ma20|a500_vs_ma20|us10y_vs_ma20|RSI14_lag1|DIFF_lag1|DEA_lag1|cn10y_vs_ma20|brent_vs_ma20|dollar_vs_ma20|brent_vs_ma5|a500_vs_ma5
2023,2023-11-23,2023-11-22,785634,2023-11-22,1,base_prediction|gold_daily|gold_vs_ma5|gold_vs_ma20|copper_daily|copper_vs_ma5|copper_vs_ma20|a500_vs_ma20|us10y_vs_ma20|RSI14_lag1|DIFF_lag1|DEA_lag1|cn10y_vs_ma20|brent_vs_ma20|dollar_vs_ma20|brent_vs_ma5|a500_vs_ma5
2023,2023-11-24,2023-11-23,785634,2023-11-23,3,base_prediction|gold_daily|gold_vs_ma5|gold_vs_ma20|copper_daily|copper_vs_ma5|copper_vs_ma20|a500_vs_ma20|us10y_vs_ma20|RSI14_lag1|DIFF_lag1|DEA_lag1|cn10y_vs_ma20|brent_vs_ma20|dollar_vs_ma20|brent_vs_ma5|a500_vs_ma5
2023,2023-11-29,2023-11-28,785634,2023-11-28,1,base_prediction|gold_daily|gold_vs_ma5|gold_vs_ma20|copper_daily|copper_vs_ma5|copper_vs_ma20|a500_vs_ma20|us10y_vs_ma20|RSI14_lag1|DIFF_lag1|DEA_lag1|cn10y_vs_ma20|brent_vs_ma20|dollar_vs_ma20|brent_vs_ma5|a500_vs_ma5
2023,2023-11-30,2023-11-29,785634,2023-11-29,1,base_prediction|gold_daily|gold_vs_ma5|gold_vs_ma20|copper_daily|copper_vs_ma5|copper_vs_ma20|a500_vs_ma20|us10y_vs_ma20|RSI14_lag1|DIFF_lag1|DEA_lag1|cn10y_vs_ma20|brent_vs_ma20|dollar_vs_ma20|brent_vs_ma5|a500_vs_ma5
2023,2023-12-01,2023-11-30,785634,2023-11-30,1,base_prediction|gold_daily|gold_vs_ma5|gold_vs_ma20|copper_daily|copper_vs_ma5|copper_vs_ma20|a500_vs_ma20|us10y_vs_ma20|RSI14_lag1|DIFF_lag1|DEA_lag1|cn10y_vs_ma20|brent_vs_ma20|dollar_vs_ma20|brent_vs_ma5|a500_vs_ma5
2023,2023-12-04,2023-12-01,785634,2023-12-01,1,base_prediction|gold_daily|gold_vs_ma5|gold_vs_ma20|copper_daily|copper_vs_ma5|copper_vs_ma20|a500_vs_ma20|us10y_vs_ma20|RSI14_lag1|DIFF_lag1|DEA_lag1|cn10y_vs_ma20|brent_vs_ma20|dollar_vs_ma20|brent_vs_ma5|a500_vs_ma5
2023,2023-12-05,2023-12-04,785634,2023-12-04,1,base_prediction|gold_daily|gold_vs_ma5|gold_vs_ma20|copper_daily|copper_vs_ma5|copper_vs_ma20|a500_vs_ma20|us10y_vs_ma20|RSI14_lag1|DIFF_lag1|DEA_lag1|cn10y_vs_ma20|brent_vs_ma20|dollar_vs_ma20|brent_vs_ma5|a500_vs_ma5
2023,2023-12-06,2023-12-05,785634,2023-12-05,3,base_prediction|gold_daily|gold_vs_ma5|gold_vs_ma20|copper_daily|copper_vs_ma5|copper_vs_ma20|a500_vs_ma20|us10y_vs_ma20|RSI14_lag1|DIFF_lag1|DEA_lag1|cn10y_vs_ma20|brent_vs_ma20|dollar_vs_ma20|brent_vs_ma5|a500_vs_ma5
2023,2023-12-11,2023-12-08,785634,2023-12-08,3,base_prediction|gold_daily|gold_vs_ma5|gold_vs_ma20|copper_daily|copper_vs_ma5|copper_vs_ma20|a500_vs_ma20|us10y_vs_ma20|RSI14_lag1|DIFF_lag1|DEA_lag1|cn10y_vs_ma20|brent_vs_ma20|dollar_vs_ma20|brent_vs_ma5|a500_vs_ma5
2023,2023-12-14,2023-12-13,785634,2023-12-13,1,base_prediction|gold_daily|gold_vs_ma5|gold_vs_ma20|copper_daily|copper_vs_ma5|copper_vs_ma20|a500_vs_ma20|us10y_vs_ma20|RSI14_lag1|DIFF_lag1|DEA_lag1|cn10y_vs_ma20|brent_vs_ma20|dollar_vs_ma20|brent_vs_ma5|a500_vs_ma5
2023,2023-12-15,2023-12-14,785634,2023-12-14,1,base_prediction|gold_daily|gold_vs_ma5|gold_vs_ma20|copper_daily|copper_vs_ma5|copper_vs_ma20|a500_vs_ma20|us10y_vs_ma20|RSI14_lag1|DIFF_lag1|DEA_lag1|cn10y_vs_ma20|brent_vs_ma20|dollar_vs_ma20|brent_vs_ma5|a500_vs_ma5
2023,2023-12-18,2023-12-15,785634,2023-12-15,2,base_prediction|gold_daily|gold_vs_ma5|gold_vs_ma20|copper_daily|copper_vs_ma5|copper_vs_ma20|a500_vs_ma20|us10y_vs_ma20|RSI14_lag1|DIFF_lag1|DEA_lag1|cn10y_vs_ma20|brent_vs_ma20|dollar_vs_ma20|brent_vs_ma5|a500_vs_ma5
2023,2023-12-20,2023-12-19,785634,2023-12-19,1,base_prediction|gold_daily|gold_vs_ma5|gold_vs_ma20|copper_daily|copper_vs_ma5|copper_vs_ma20|a500_vs_ma20|us10y_vs_ma20|RSI14_lag1|DIFF_lag1|DEA_lag1|cn10y_vs_ma20|brent_vs_ma20|dollar_vs_ma20|brent_vs_ma5|a500_vs_ma5
2023,2023-12-21,2023-12-20,785634,2023-12-20,1,base_prediction|gold_daily|gold_vs_ma5|gold_vs_ma20|copper_daily|copper_vs_ma5|copper_vs_ma20|a500_vs_ma20|us10y_vs_ma20|RSI14_lag1|DIFF_lag1|DEA_lag1|cn10y_vs_ma20|brent_vs_ma20|dollar_vs_ma20|brent_vs_ma5|a500_vs_ma5
2023,2023-12-22,2023-12-21,785634,2023-12-21,2,base_prediction|gold_daily|gold_vs_ma5|gold_vs_ma20|copper_daily|copper_vs_ma5|copper_vs_ma20|a500_vs_ma20|us10y_vs_ma20|RSI14_lag1|DIFF_lag1|DEA_lag1|cn10y_vs_ma20|brent_vs_ma20|dollar_vs_ma20|brent_vs_ma5|a500_vs_ma5
2023,2023-12-26,2023-12-25,741131,2023-12-25,2,base_prediction|gold_daily|gold_vs_ma5|gold_vs_ma20|copper_daily|copper_vs_ma5|copper_vs_ma20|a500_vs_ma20|us10y_vs_ma20|RSI14_lag1|DIFF_lag1|DEA_lag1|cn10y_vs_ma20|brent_vs_ma20|dollar_vs_ma20|brent_vs_ma5|a500_vs_ma5
2023,2023-12-28,2023-12-27,741131,2023-12-27,1,base_prediction|gold_daily|gold_vs_ma5|gold_vs_ma20|copper_daily|copper_vs_ma5|copper_vs_ma20|a500_vs_ma20|us10y_vs_ma20|RSI14_lag1|DIFF_lag1|DEA_lag1|cn10y_vs_ma20|brent_vs_ma20|dollar_vs_ma20|brent_vs_ma5|a500_vs_ma5
2023,2023-12-29,2023-12-28,741131,2023-12-28,2,base_prediction|gold_daily|gold_vs_ma5|gold_vs_ma20|copper_daily|copper_vs_ma5|copper_vs_ma20|a500_vs_ma20|us10y_vs_ma20|RSI14_lag1|DIFF_lag1|DEA_lag1|cn10y_vs_ma20|brent_vs_ma20|dollar_vs_ma20|brent_vs_ma5|a500_vs_ma5
2024,2024-01-01,,741131,2023-12-31,7,base_prediction|gold_daily|gold_vs_ma5|gold_vs_ma20|copper_daily|copper_vs_ma5|copper_vs_ma20|a500_vs_ma20|us10y_vs_ma20|RSI14_lag1|DIFF_lag1|DEA_lag1|cn10y_vs_ma20|brent_vs_ma20|dollar_vs_ma20|brent_vs_ma5|a500_vs_ma5
2024,2024-01-10,2024-01-09,741131,2024-01-09,1,base_prediction|gold_daily|gold_vs_ma5|gold_vs_ma20|copper_daily|copper_vs_ma5|copper_vs_ma20|a500_vs_ma20|us10y_vs_ma20|RSI14_lag1|DIFF_lag1|DEA_lag1|cn10y_vs_ma20|brent_vs_ma20|dollar_vs_ma20|brent_vs_ma5|a500_vs_ma5
2024,2024-01-11,2024-01-10,741131,2024-01-10,2,base_prediction|gold_daily|gold_vs_ma5|gold_vs_ma20|copper_daily|copper_vs_ma5|copper_vs_ma20|a500_vs_ma20|us10y_vs_ma20|RSI14_lag1|DIFF_lag1|DEA_lag1|cn10y_vs_ma20|brent_vs_ma20|dollar_vs_ma20|brent_vs_ma5|a500_vs_ma5
2024,2024-01-14,2024-01-12,965409,2024-01-12,1,base_prediction|gold_daily|gold_vs_ma5|gold_vs_ma20|copper_daily|copper_vs_ma5|copper_vs_ma20|a500_vs_ma20|us10y_vs_ma20|RSI14_lag1|DIFF_lag1|DEA_lag1|cn10y_vs_ma20|brent_vs_ma20|dollar_vs_ma20|brent_vs_ma5|a500_vs_ma5
2024,2024-01-15,2024-01-14,965409,2024-01-14,5,base_prediction|gold_daily|gold_vs_ma5|gold_vs_ma20|copper_daily|copper_vs_ma5|copper_vs_ma20|a500_vs_ma20|us10y_vs_ma20|RSI14_lag1|DIFF_lag1|DEA_lag1|cn10y_vs_ma20|brent_vs_ma20|dollar_vs_ma20|brent_vs_ma5|a500_vs_ma5
2024,2024-01-22,2024-01-19,965409,2024-01-19,1,base_prediction|gold_daily|gold_vs_ma5|gold_vs_ma20|copper_daily|copper_vs_ma5|copper_vs_ma20|a500_vs_ma20|us10y_vs_ma20|RSI14_lag1|DIFF_lag1|DEA_lag1|cn10y_vs_ma20|brent_vs_ma20|dollar_vs_ma20|brent_vs_ma5|a500_vs_ma5
2024,2024-01-23,2024-01-22,965409,2024-01-22,3,base_prediction|gold_daily|gold_vs_ma5|gold_vs_ma20|copper_daily|copper_vs_ma5|copper_vs_ma20|a500_vs_ma20|us10y_vs_ma20|RSI14_lag1|DIFF_lag1|DEA_lag1|cn10y_vs_ma20|brent_vs_ma20|dollar_vs_ma20|brent_vs_ma5|a500_vs_ma5
2024,2024-01-26,2024-01-25,965409,2024-01-25,1,base_prediction|gold_daily|gold_vs_ma5|gold_vs_ma20|copper_daily|copper_vs_ma5|copper_vs_ma20|a500_vs_ma20|us10y_vs_ma20|RSI14_lag1|DIFF_lag1|DEA_lag1|cn10y_vs_ma20|brent_vs_ma20|dollar_vs_ma20|brent_vs_ma5|a500_vs_ma5
2024,2024-01-29,2024-01-26,965409,2024-01-26,2,base_prediction|gold_daily|gold_vs_ma5|gold_vs_ma20|copper_daily|copper_vs_ma5|copper_vs_ma20|a500_vs_ma20|us10y_vs_ma20|RSI14_lag1|DIFF_lag1|DEA_lag1|cn10y_vs_ma20|brent_vs_ma20|dollar_vs_ma20|brent_vs_ma5|a500_vs_ma5
2024,2024-01-31,2024-01-30,965409,2024-01-30,1,base_prediction|gold_daily|gold_vs_ma5|gold_vs_ma20|copper_daily|copper_vs_ma5|copper_vs_ma20|a500_vs_ma20|us10y_vs_ma20|RSI14_lag1|DIFF_lag1|DEA_lag1|cn10y_vs_ma20|brent_vs_ma20|dollar_vs_ma20|brent_vs_ma5|a500_vs_ma5
2024,2024-02-01,2024-01-31,965409,2024-01-31,3,base_prediction|gold_daily|gold_vs_ma5|gold_vs_ma20|copper_daily|copper_vs_ma5|copper_vs_ma20|a500_vs_ma20|us10y_vs_ma20|RSI14_lag1|DIFF_lag1|DEA_lag1|cn10y_vs_ma20|brent_vs_ma20|dollar_vs_ma20|brent_vs_ma5|a500_vs_ma5
2024,2024-02-05,2024-02-04,965409,2024-02-04,1,base_prediction|gold_daily|gold_vs_ma5|gold_vs_ma20|copper_daily|copper_vs_ma5|copper_vs_ma20|a500_vs_ma20|us10y_vs_ma20|RSI14_lag1|DIFF_lag1|DEA_lag1|cn10y_vs_ma20|brent_vs_ma20|dollar_vs_ma20|brent_vs_ma5|a500_vs_ma5
2024,2024-02-06,2024-02-05,965409,2024-02-05,1,base_prediction|gold_daily|gold_vs_ma5|gold_vs_ma20|copper_daily|copper_vs_ma5|copper_vs_ma20|a500_vs_ma20|us10y_vs_ma20|RSI14_lag1|DIFF_lag1|DEA_lag1|cn10y_vs_ma20|brent_vs_ma20|dollar_vs_ma20|brent_vs_ma5|a500_vs_ma5
2024,2024-02-07,2024-02-06,965409,2024-02-06,3,base_prediction|gold_daily|gold_vs_ma5|gold_vs_ma20|copper_daily|copper_vs_ma5|copper_vs_ma20|a500_vs_ma20|us10y_vs_ma20|RSI14_lag1|DIFF_lag1|DEA_lag1|cn10y_vs_ma20|brent_vs_ma20|dollar_vs_ma20|brent_vs_ma5|a500_vs_ma5
2024,2024-02-12,2024-02-09,965409,2024-02-09,1,base_prediction|gold_daily|gold_vs_ma5|gold_vs_ma20|copper_daily|copper_vs_ma5|copper_vs_ma20|a500_vs_ma20|us10y_vs_ma20|RSI14_lag1|DIFF_lag1|DEA_lag1|cn10y_vs_ma20|brent_vs_ma20|dollar_vs_ma20|brent_vs_ma5|a500_vs_ma5
2024,2024-02-13,2024-02-12,965409,2024-02-12,1,base_prediction|gold_daily|gold_vs_ma5|gold_vs_ma20|copper_daily|copper_vs_ma5|copper_vs_ma20|a500_vs_ma20|us10y_vs_ma20|RSI14_lag1|DIFF_lag1|DEA_lag1|cn10y_vs_ma20|brent_vs_ma20|dollar_vs_ma20|brent_vs_ma5|a500_vs_ma5
2024,2024-02-14,2024-02-13,965409,2024-02-13,1,base_prediction|gold_daily|gold_vs_ma5|gold_vs_ma20|copper_daily|copper_vs_ma5|copper_vs_ma20|a500_vs_ma20|us10y_vs_ma20|RSI14_lag1|DIFF_lag1|DEA_lag1|cn10y_vs_ma20|brent_vs_ma20|dollar_vs_ma20|brent_vs_ma5|a500_vs_ma5
2024,2024-02-15,2024-02-14,965409,2024-02-14,11,base_prediction|gold_daily|gold_vs_ma5|gold_vs_ma20|copper_daily|copper_vs_ma5|copper_vs_ma20|a500_vs_ma20|us10y_vs_ma20|RSI14_lag1|DIFF_lag1|DEA_lag1|cn10y_vs_ma20|brent_vs_ma20|dollar_vs_ma20|brent_vs_ma5|a500_vs_ma5
2024,2024-02-29,2024-02-28,798291,2024-02-28,2,base_prediction|gold_daily|gold_vs_ma5|gold_vs_ma20|copper_daily|copper_vs_ma5|copper_vs_ma20|a500_vs_ma20|us10y_vs_ma20|RSI14_lag1|DIFF_lag1|DEA_lag1|cn10y_vs_ma20|brent_vs_ma20|dollar_vs_ma20|brent_vs_ma5|a500_vs_ma5
2024,2024-03-04,2024-03-01,798291,2024-03-01,1,base_prediction|gold_daily|gold_vs_ma5|gold_vs_ma20|copper_daily|copper_vs_ma5|copper_vs_ma20|a500_vs_ma20|us10y_vs_ma20|RSI14_lag1|DIFF_lag1|DEA_lag1|cn10y_vs_ma20|brent_vs_ma20|dollar_vs_ma20|brent_vs_ma5|a500_vs_ma5
2024,2024-03-05,2024-03-04,798291,2024-03-04,1,base_prediction|gold_daily|gold_vs_ma5|gold_vs_ma20|copper_daily|copper_vs_ma5|copper_vs_ma20|a500_vs_ma20|us10y_vs_ma20|RSI14_lag1|DIFF_lag1|DEA_lag1|cn10y_vs_ma20|brent_vs_ma20|dollar_vs_ma20|brent_vs_ma5|a500_vs_ma5
2024,2024-03-06,2024-03-05,798291,2024-03-05,2,base_prediction|gold_daily|gold_vs_ma5|gold_vs_ma20|copper_daily|copper_vs_ma5|copper_vs_ma20|a500_vs_ma20|us10y_vs_ma20|RSI14_lag1|DIFF_lag1|DEA_lag1|cn10y_vs_ma20|brent_vs_ma20|dollar_vs_ma20|brent_vs_ma5|a500_vs_ma5
2024,2024-03-08,2024-03-07,798291,2024-03-07,2,base_prediction|gold_daily|gold_vs_ma5|gold_vs_ma20|copper_daily|copper_vs_ma5|copper_vs_ma20|a500_vs_ma20|us10y_vs_ma20|RSI14_lag1|DIFF_lag1|DEA_lag1|cn10y_vs_ma20|brent_vs_ma20|dollar_vs_ma20|brent_vs_ma5|a500_vs_ma5
2024,2024-03-12,2024-03-11,798291,2024-03-11,2,base_prediction|gold_daily|gold_vs_ma5|gold_vs_ma20|copper_daily|copper_vs_ma5|copper_vs_ma20|a500_vs_ma20|us10y_vs_ma20|RSI14_lag1|DIFF_lag1|DEA_lag1|cn10y_vs_ma20|brent_vs_ma20|dollar_vs_ma20|brent_vs_ma5|a500_vs_ma5
2024,2024-03-14,2024-03-13,798291,2024-03-13,2,base_prediction|gold_daily|gold_vs_ma5|gold_vs_ma20|copper_daily|copper_vs_ma5|copper_vs_ma20|a500_vs_ma20|us10y_vs_ma20|RSI14_lag1|DIFF_lag1|DEA_lag1|cn10y_vs_ma20|brent_vs_ma20|dollar_vs_ma20|brent_vs_ma5|a500_vs_ma5
2024,2024-03-18,2024-03-15,798291,2024-03-15,3,base_prediction|gold_daily|gold_vs_ma5|gold_vs_ma20|copper_daily|copper_vs_ma5|copper_vs_ma20|a500_vs_ma20|us10y_vs_ma20|RSI14_lag1|DIFF_lag1|DEA_lag1|cn10y_vs_ma20|brent_vs_ma20|dollar_vs_ma20|brent_vs_ma5|a500_vs_ma5
2024,2024-03-21,2024-03-20,798291,2024-03-20,7,base_prediction|gold_daily|gold_vs_ma5|gold_vs_ma20|copper_daily|copper_vs_ma5|copper_vs_ma20|a500_vs_ma20|us10y_vs_ma20|RSI14_lag1|DIFF_lag1|DEA_lag1|cn10y_vs_ma20|brent_vs_ma20|dollar_vs_ma20|brent_vs_ma5|a500_vs_ma5
2024,2024-04-01,2024-03-29,798291,2024-03-29,1,base_prediction|gold_daily|gold_vs_ma5|gold_vs_ma20|copper_daily|copper_vs_ma5|copper_vs_ma20|a500_vs_ma20|us10y_vs_ma20|RSI14_lag1|DIFF_lag1|DEA_lag1|cn10y_vs_ma20|brent_vs_ma20|dollar_vs_ma20|brent_vs_ma5|a500_vs_ma5
2024,2024-04-02,2024-04-01,798291,2024-04-01,1,base_prediction|gold_daily|gold_vs_ma5|gold_vs_ma20|copper_daily|copper_vs_ma5|copper_vs_ma20|a500_vs_ma20|us10y_vs_ma20|RSI14_lag1|DIFF_lag1|DEA_lag1|cn10y_vs_ma20|brent_vs_ma20|dollar_vs_ma20|brent_vs_ma5|a500_vs_ma5
2024,2024-04-03,2024-04-02,798291,2024-04-02,1,base_prediction|gold_daily|gold_vs_ma5|gold_vs_ma20|copper_daily|copper_vs_ma5|copper_vs_ma20|a500_vs_ma20|us10y_vs_ma20|RSI14_lag1|DIFF_lag1|DEA_lag1|cn10y_vs_ma20|brent_vs_ma20|dollar_vs_ma20|brent_vs_ma5|a500_vs_ma5
2024,2024-04-04,2024-04-03,798291,2024-04-03,6,base_prediction|gold_daily|gold_vs_ma5|gold_vs_ma20|copper_daily|copper_vs_ma5|copper_vs_ma20|a500_vs_ma20|us10y_vs_ma20|RSI14_lag1|DIFF_lag1|DEA_lag1|cn10y_vs_ma20|brent_vs_ma20|dollar_vs_ma20|brent_vs_ma5|a500_vs_ma5
2024,2024-04-11,2024-04-10,798291,2024-04-10,2,base_prediction|gold_daily|gold_vs_ma5|gold_vs_ma20|copper_daily|copper_vs_ma5|copper_vs_ma20|a500_vs_ma20|us10y_vs_ma20|RSI14_lag1|DIFF_lag1|DEA_lag1|cn10y_vs_ma20|brent_vs_ma20|dollar_vs_ma20|brent_vs_ma5|a500_vs_ma5
2024,2024-04-15,2024-04-12,798291,2024-04-12,1,base_prediction|gold_daily|gold_vs_ma5|gold_vs_ma20|copper_daily|copper_vs_ma5|copper_vs_ma20|a500_vs_ma20|us10y_vs_ma20|RSI14_lag1|DIFF_lag1|DEA_lag1|cn10y_vs_ma20|brent_vs_ma20|dollar_vs_ma20|brent_vs_ma5|a500_vs_ma5
2024,2024-04-16,2024-04-15,798291,2024-04-15,2,base_prediction|gold_daily|gold_vs_ma5|gold_vs_ma20|copper_daily|copper_vs_ma5|copper_vs_ma20|a500_vs_ma20|us10y_vs_ma20|RSI14_lag1|DIFF_lag1|DEA_lag1|cn10y_vs_ma20|brent_vs_ma20|dollar_vs_ma20|brent_vs_ma5|a500_vs_ma5
2024,2024-04-18,2024-04-17,798291,2024-04-17,1,base_prediction|gold_daily|gold_vs_ma5|gold_vs_ma20|copper_daily|copper_vs_ma5|copper_vs_ma20|a500_vs_ma20|us10y_vs_ma20|RSI14_lag1|DIFF_lag1|DEA_lag1|cn10y_vs_ma20|brent_vs_ma20|dollar_vs_ma20|brent_vs_ma5|a500_vs_ma5
2024,2024-04-19,2024-04-18,798291,2024-04-18,1,base_prediction|gold_daily|gold_vs_ma5|gold_vs_ma20|copper_daily|copper_vs_ma5|copper_vs_ma20|a500_vs_ma20|us10y_vs_ma20|RSI14_lag1|DIFF_lag1|DEA_lag1|cn10y_vs_ma20|brent_vs_ma20|dollar_vs_ma20|brent_vs_ma5|a500_vs_ma5
2024,2024-04-22,2024-04-19,798291,2024-04-19,1,base_prediction|gold_daily|gold_vs_ma5|gold_vs_ma20|copper_daily|copper_vs_ma5|copper_vs_ma20|a500_vs_ma20|us10y_vs_ma20|RSI14_lag1|DIFF_lag1|DEA_lag1|cn10y_vs_ma20|brent_vs_ma20|dollar_vs_ma20|brent_vs_ma5|a500_vs_ma5
2024,2024-04-23,2024-04-22,798291,2024-04-22,6,base_prediction|gold_daily|gold_vs_ma5|gold_vs_ma20|copper_daily|copper_vs_ma5|copper_vs_ma20|a500_vs_ma20|us10y_vs_ma20|RSI14_lag1|DIFF_lag1|DEA_lag1|cn10y_vs_ma20|brent_vs_ma20|dollar_vs_ma20|brent_vs_ma5|a500_vs_ma5
2024,2024-04-30,2024-04-29,798291,2024-04-29,1,base_prediction|gold_daily|gold_vs_ma5|gold_vs_ma20|copper_daily|copper_vs_ma5|copper_vs_ma20|a500_vs_ma20|us10y_vs_ma20|RSI14_lag1|DIFF_lag1|DEA_lag1|cn10y_vs_ma20|brent_vs_ma20|dollar_vs_ma20|brent_vs_ma5|a500_vs_ma5
2024,2024-05-01,2024-04-30,798291,2024-04-30,1,base_prediction|gold_daily|gold_vs_ma5|gold_vs_ma20|copper_daily|copper_vs_ma5|copper_vs_ma20|a500_vs_ma20|us10y_vs_ma20|RSI14_lag1|DIFF_lag1|DEA_lag1|cn10y_vs_ma20|brent_vs_ma20|dollar_vs_ma20|brent_vs_ma5|a500_vs_ma5
2024,2024-05-02,2024-05-01,798291,2024-05-01,3,base_prediction|gold_daily|gold_vs_ma5|gold_vs_ma20|copper_daily|copper_vs_ma5|copper_vs_ma20|a500_vs_ma20|us10y_vs_ma20|RSI14_lag1|DIFF_lag1|DEA_lag1|cn10y_vs_ma20|brent_vs_ma20|dollar_vs_ma20|brent_vs_ma5|a500_vs_ma5
2024,2024-05-07,2024-05-06,798291,2024-05-06,1,base_prediction|gold_daily|gold_vs_ma5|gold_vs_ma20|copper_daily|copper_vs_ma5|copper_vs_ma20|a500_vs_ma20|us10y_vs_ma20|RSI14_lag1|DIFF_lag1|DEA_lag1|cn10y_vs_ma20|brent_vs_ma20|dollar_vs_ma20|brent_vs_ma5|a500_vs_ma5
2024,2024-05-08,2024-05-07,798291,2024-05-07,3,base_prediction|gold_daily|gold_vs_ma5|gold_vs_ma20|copper_daily|copper_vs_ma5|copper_vs_ma20|a500_vs_ma20|us10y_vs_ma20|RSI14_lag1|DIFF_lag1|DEA_lag1|cn10y_vs_ma20|brent_vs_ma20|dollar_vs_ma20|brent_vs_ma5|a500_vs_ma5
2024,2024-05-11,2024-05-10,798291,2024-05-10,1,base_prediction|gold_daily|gold_vs_ma5|gold_vs_ma20|copper_daily|copper_vs_ma5|copper_vs_ma20|a500_vs_ma20|us10y_vs_ma20|RSI14_lag1|DIFF_lag1|DEA_lag1|cn10y_vs_ma20|brent_vs_ma20|dollar_vs_ma20|brent_vs_ma5|a500_vs_ma5
2024,2024-05-13,2024-05-11,798291,2024-05-11,2,base_prediction|gold_daily|gold_vs_ma5|gold_vs_ma20|copper_daily|copper_vs_ma5|copper_vs_ma20|a500_vs_ma20|us10y_vs_ma20|RSI14_lag1|DIFF_lag1|DEA_lag1|cn10y_vs_ma20|brent_vs_ma20|dollar_vs_ma20|brent_vs_ma5|a500_vs_ma5
2024,2024-05-15,2024-05-14,798291,2024-05-14,1,base_prediction|gold_daily|gold_vs_ma5|gold_vs_ma20|copper_daily|copper_vs_ma5|copper_vs_ma20|a500_vs_ma20|us10y_vs_ma20|RSI14_lag1|DIFF_lag1|DEA_lag1|cn10y_vs_ma20|brent_vs_ma20|dollar_vs_ma20|brent_vs_ma5|a500_vs_ma5
2024,2024-05-16,2024-05-15,798291,2024-05-15,1,base_prediction|gold_daily|gold_vs_ma5|gold_vs_ma20|copper_daily|copper_vs_ma5|copper_vs_ma20|a500_vs_ma20|us10y_vs_ma20|RSI14_lag1|DIFF_lag1|DEA_lag1|cn10y_vs_ma20|brent_vs_ma20|dollar_vs_ma20|brent_vs_ma5|a500_vs_ma5
2024,2024-05-17,2024-05-16,798291,2024-05-16,1,base_prediction|gold_daily|gold_vs_ma5|gold_vs_ma20|copper_daily|copper_vs_ma5|copper_vs_ma20|a500_vs_ma20|us10y_vs_ma20|RSI14_lag1|DIFF_lag1|DEA_lag1|cn10y_vs_ma20|brent_vs_ma20|dollar_vs_ma20|brent_vs_ma5|a500_vs_ma5
2024,2024-05-20,2024-05-17,798291,2024-05-17,3,base_prediction|gold_daily|gold_vs_ma5|gold_vs_ma20|copper_daily|copper_vs_ma5|copper_vs_ma20|a500_vs_ma20|us10y_vs_ma20|RSI14_lag1|DIFF_lag1|DEA_lag1|cn10y_vs_ma20|brent_vs_ma20|dollar_vs_ma20|brent_vs_ma5|a500_vs_ma5
2024,2024-05-23,2024-05-22,798291,2024-05-22,3,base_prediction|gold_daily|gold_vs_ma5|gold_vs_ma20|copper_daily|copper_vs_ma5|copper_vs_ma20|a500_vs_ma20|us10y_vs_ma20|RSI14_lag1|DIFF_lag1|DEA_lag1|cn10y_vs_ma20|brent_vs_ma20|dollar_vs_ma20|brent_vs_ma5|a500_vs_ma5
2024,2024-05-27,2024-05-26,374583,2024-05-26,4,base_prediction|gold_daily|gold_vs_ma5|gold_vs_ma20|copper_daily|copper_vs_ma5|copper_vs_ma20|a500_vs_ma20|us10y_vs_ma20|RSI14_lag1|DIFF_lag1|DEA_lag1|cn10y_vs_ma20|brent_vs_ma20|dollar_vs_ma20|brent_vs_ma5|a500_vs_ma5
2024,2024-05-31,2024-05-30,374583,2024-05-30,2,base_prediction|gold_daily|gold_vs_ma5|gold_vs_ma20|copper_daily|copper_vs_ma5|copper_vs_ma20|a500_vs_ma20|us10y_vs_ma20|RSI14_lag1|DIFF_lag1|DEA_lag1|cn10y_vs_ma20|brent_vs_ma20|dollar_vs_ma20|brent_vs_ma5|a500_vs_ma5
2024,2024-06-04,2024-06-03,785634,2024-06-03,3,base_prediction|gold_daily|gold_vs_ma5|gold_vs_ma20|copper_daily|copper_vs_ma5|copper_vs_ma20|a500_vs_ma20|us10y_vs_ma20|RSI14_lag1|DIFF_lag1|DEA_lag1|cn10y_vs_ma20|brent_vs_ma20|dollar_vs_ma20|brent_vs_ma5|a500_vs_ma5
2024,2024-06-07,2024-06-06,785634,2024-06-06,1,base_prediction|gold_daily|gold_vs_ma5|gold_vs_ma20|copper_daily|copper_vs_ma5|copper_vs_ma20|a500_vs_ma20|us10y_vs_ma20|RSI14_lag1|DIFF_lag1|DEA_lag1|cn10y_vs_ma20|brent_vs_ma20|dollar_vs_ma20|brent_vs_ma5|a500_vs_ma5
2024,2024-06-10,2024-06-07,785634,2024-06-07,7,base_prediction|gold_daily|gold_vs_ma5|gold_vs_ma20|copper_daily|copper_vs_ma5|copper_vs_ma20|a500_vs_ma20|us10y_vs_ma20|RSI14_lag1|DIFF_lag1|DEA_lag1|cn10y_vs_ma20|brent_vs_ma20|dollar_vs_ma20|brent_vs_ma5|a500_vs_ma5
2024,2024-06-19,2024-06-18,785634,2024-06-18,1,base_prediction|gold_daily|gold_vs_ma5|gold_vs_ma20|copper_daily|copper_vs_ma5|copper_vs_ma20|a500_vs_ma20|us10y_vs_ma20|RSI14_lag1|DIFF_lag1|DEA_lag1|cn10y_vs_ma20|brent_vs_ma20|dollar_vs_ma20|brent_vs_ma5|a500_vs_ma5
2024,2024-06-20,2024-06-19,785634,2024-06-19,2,base_prediction|gold_daily|gold_vs_ma5|gold_vs_ma20|copper_daily|copper_vs_ma5|copper_vs_ma20|a500_vs_ma20|us10y_vs_ma20|RSI14_lag1|DIFF_lag1|DEA_lag1|cn10y_vs_ma20|brent_vs_ma20|dollar_vs_ma20|brent_vs_ma5|a500_vs_ma5
2024,2024-06-24,2024-06-21,785634,2024-06-21,1,base_prediction|gold_daily|gold_vs_ma5|gold_vs_ma20|copper_daily|copper_vs_ma5|copper_vs_ma20|a500_vs_ma20|us10y_vs_ma20|RSI14_lag1|DIFF_lag1|DEA_lag1|cn10y_vs_ma20|brent_vs_ma20|dollar_vs_ma20|brent_vs_ma5|a500_vs_ma5
2024,2024-06-25,2024-06-24,785634,2024-06-24,1,base_prediction|gold_daily|gold_vs_ma5|gold_vs_ma20|copper_daily|copper_vs_ma5|copper_vs_ma20|a500_vs_ma20|us10y_vs_ma20|RSI14_lag1|DIFF_lag1|DEA_lag1|cn10y_vs_ma20|brent_vs_ma20|dollar_vs_ma20|brent_vs_ma5|a500_vs_ma5
2024,2024-06-26,2024-06-25,785634,2024-06-25,3,base_prediction|gold_daily|gold_vs_ma5|gold_vs_ma20|copper_daily|copper_vs_ma5|copper_vs_ma20|a500_vs_ma20|us10y_vs_ma20|RSI14_lag1|DIFF_lag1|DEA_lag1|cn10y_vs_ma20|brent_vs_ma20|dollar_vs_ma20|brent_vs_ma5|a500_vs_ma5
2024,2024-07-01,2024-06-28,785634,2024-06-28,5,base_prediction|gold_daily|gold_vs_ma5|gold_vs_ma20|copper_daily|copper_vs_ma5|copper_vs_ma20|a500_vs_ma20|us10y_vs_ma20|RSI14_lag1|DIFF_lag1|DEA_lag1|cn10y_vs_ma20|brent_vs_ma20|dollar_vs_ma20|brent_vs_ma5|a500_vs_ma5
2024,2024-07-08,2024-07-05,42716,2024-07-05,1,base_prediction|gold_daily|gold_vs_ma5|gold_vs_ma20|copper_daily|copper_vs_ma5|copper_vs_ma20|a500_vs_ma20|us10y_vs_ma20|RSI14_lag1|DIFF_lag1|DEA_lag1|cn10y_vs_ma20|brent_vs_ma20|dollar_vs_ma20|brent_vs_ma5|a500_vs_ma5
2024,2024-07-09,2024-07-08,42716,2024-07-08,1,base_prediction|gold_daily|gold_vs_ma5|gold_vs_ma20|copper_daily|copper_vs_ma5|copper_vs_ma20|a500_vs_ma20|us10y_vs_ma20|RSI14_lag1|DIFF_lag1|DEA_lag1|cn10y_vs_ma20|brent_vs_ma20|dollar_vs_ma20|brent_vs_ma5|a500_vs_ma5
2024,2024-07-10,2024-07-09,42716,2024-07-09,2,base_prediction|gold_daily|gold_vs_ma5|gold_vs_ma20|copper_daily|copper_vs_ma5|copper_vs_ma20|a500_vs_ma20|us10y_vs_ma20|RSI14_lag1|DIFF_lag1|DEA_lag1|cn10y_vs_ma20|brent_vs_ma20|dollar_vs_ma20|brent_vs_ma5|a500_vs_ma5
2024,2024-07-12,2024-07-11,42716,2024-07-11,1,base_prediction|gold_daily|gold_vs_ma5|gold_vs_ma20|copper_daily|copper_vs_ma5|copper_vs_ma20|a500_vs_ma20|us10y_vs_ma20|RSI14_lag1|DIFF_lag1|DEA_lag1|cn10y_vs_ma20|brent_vs_ma20|dollar_vs_ma20|brent_vs_ma5|a500_vs_ma5
2024,2024-07-15,2024-07-12,42716,2024-07-12,2,base_prediction|gold_daily|gold_vs_ma5|gold_vs_ma20|copper_daily|copper_vs_ma5|copper_vs_ma20|a500_vs_ma20|us10y_vs_ma20|RSI14_lag1|DIFF_lag1|DEA_lag1|cn10y_vs_ma20|brent_vs_ma20|dollar_vs_ma20|brent_vs_ma5|a500_vs_ma5
2024,2024-07-17,2024-07-16,42716,2024-07-16,1,base_prediction|gold_daily|gold_vs_ma5|gold_vs_ma20|copper_daily|copper_vs_ma5|copper_vs_ma20|a500_vs_ma20|us10y_vs_ma20|RSI14_lag1|DIFF_lag1|DEA_lag1|cn10y_vs_ma20|brent_vs_ma20|dollar_vs_ma20|brent_vs_ma5|a500_vs_ma5
2024,2024-07-18,2024-07-17,42716,2024-07-17,1,base_prediction|gold_daily|gold_vs_ma5|gold_vs_ma20|copper_daily|copper_vs_ma5|copper_vs_ma20|a500_vs_ma20|us10y_vs_ma20|RSI14_lag1|DIFF_lag1|DEA_lag1|cn10y_vs_ma20|brent_vs_ma20|dollar_vs_ma20|brent_vs_ma5|a500_vs_ma5
2024,2024-07-19,2024-07-18,42716,2024-07-18,1,base_prediction|gold_daily|gold_vs_ma5|gold_vs_ma20|copper_daily|copper_vs_ma5|copper_vs_ma20|a500_vs_ma20|us10y_vs_ma20|RSI14_lag1|DIFF_lag1|DEA_lag1|cn10y_vs_ma20|brent_vs_ma20|dollar_vs_ma20|brent_vs_ma5|a500_vs_ma5
2024,2024-07-22,2024-07-19,42716,2024-07-19,2,base_prediction|gold_daily|gold_vs_ma5|gold_vs_ma20|copper_daily|copper_vs_ma5|copper_vs_ma20|a500_vs_ma20|us10y_vs_ma20|RSI14_lag1|DIFF_lag1|DEA_lag1|cn10y_vs_ma20|brent_vs_ma20|dollar_vs_ma20|brent_vs_ma5|a500_vs_ma5
2024,2024-07-24,2024-07-23,385735,2024-07-23,1,base_prediction|gold_daily|gold_vs_ma5|gold_vs_ma20|copper_daily|copper_vs_ma5|copper_vs_ma20|a500_vs_ma20|us10y_vs_ma20|RSI14_lag1|DIFF_lag1|DEA_lag1|cn10y_vs_ma20|brent_vs_ma20|dollar_vs_ma20|brent_vs_ma5|a500_vs_ma5
2024,2024-07-25,2024-07-24,385735,2024-07-24,1,base_prediction|gold_daily|gold_vs_ma5|gold_vs_ma20|copper_daily|copper_vs_ma5|copper_vs_ma20|a500_vs_ma20|us10y_vs_ma20|RSI14_lag1|DIFF_lag1|DEA_lag1|cn10y_vs_ma20|brent_vs_ma20|dollar_vs_ma20|brent_vs_ma5|a500_vs_ma5
2024,2024-07-26,2024-07-25,385735,2024-07-25,2,base_prediction|gold_daily|gold_vs_ma5|gold_vs_ma20|copper_daily|copper_vs_ma5|copper_vs_ma20|a500_vs_ma20|us10y_vs_ma20|RSI14_lag1|DIFF_lag1|DEA_lag1|cn10y_vs_ma20|brent_vs_ma20|dollar_vs_ma20|brent_vs_ma5|a500_vs_ma5
2024,2024-07-30,2024-07-29,385735,2024-07-29,2,base_prediction|gold_daily|gold_vs_ma5|gold_vs_ma20|copper_daily|copper_vs_ma5|copper_vs_ma20|a500_vs_ma20|us10y_vs_ma20|RSI14_lag1|DIFF_lag1|DEA_lag1|cn10y_vs_ma20|brent_vs_ma20|dollar_vs_ma20|brent_vs_ma5|a500_vs_ma5
2024,2024-08-01,2024-07-31,385735,2024-07-31,1,base_prediction|gold_daily|gold_vs_ma5|gold_vs_ma20|copper_daily|copper_vs_ma5|copper_vs_ma20|a500_vs_ma20|us10y_vs_ma20|RSI14_lag1|DIFF_lag1|DEA_lag1|cn10y_vs_ma20|brent_vs_ma20|dollar_vs_ma20|brent_vs_ma5|a500_vs_ma5
2024,2024-08-02,2024-08-01,385735,2024-08-01,1,base_prediction|gold_daily|gold_vs_ma5|gold_vs_ma20|copper_daily|copper_vs_ma5|copper_vs_ma20|a500_vs_ma20|us10y_vs_ma20|RSI14_lag1|DIFF_lag1|DEA_lag1|cn10y_vs_ma20|brent_vs_ma20|dollar_vs_ma20|brent_vs_ma5|a500_vs_ma5
2024,2024-08-05,2024-08-02,385735,2024-08-02,2,base_prediction|gold_daily|gold_vs_ma5|gold_vs_ma20|copper_daily|copper_vs_ma5|copper_vs_ma20|a500_vs_ma20|us10y_vs_ma20|RSI14_lag1|DIFF_lag1|DEA_lag1|cn10y_vs_ma20|brent_vs_ma20|dollar_vs_ma20|brent_vs_ma5|a500_vs_ma5
2024,2024-08-07,2024-08-06,385735,2024-08-06,1,base_prediction|gold_daily|gold_vs_ma5|gold_vs_ma20|copper_daily|copper_vs_ma5|copper_vs_ma20|a500_vs_ma20|us10y_vs_ma20|RSI14_lag1|DIFF_lag1|DEA_lag1|cn10y_vs_ma20|brent_vs_ma20|dollar_vs_ma20|brent_vs_ma5|a500_vs_ma5
2024,2024-08-08,2024-08-07,385735,2024-08-07,1,base_prediction|gold_daily|gold_vs_ma5|gold_vs_ma20|copper_daily|copper_vs_ma5|copper_vs_ma20|a500_vs_ma20|us10y_vs_ma20|RSI14_lag1|DIFF_lag1|DEA_lag1|cn10y_vs_ma20|brent_vs_ma20|dollar_vs_ma20|brent_vs_ma5|a500_vs_ma5
2024,2024-08-09,2024-08-08,385735,2024-08-08,2,base_prediction|gold_daily|gold_vs_ma5|gold_vs_ma20|copper_daily|copper_vs_ma5|copper_vs_ma20|a500_vs_ma20|us10y_vs_ma20|RSI14_lag1|DIFF_lag1|DEA_lag1|cn10y_vs_ma20|brent_vs_ma20|dollar_vs_ma20|brent_vs_ma5|a500_vs_ma5
2024,2024-08-13,2024-08-12,385735,2024-08-12,1,base_prediction|gold_daily|gold_vs_ma5|gold_vs_ma20|copper_daily|copper_vs_ma5|copper_vs_ma20|a500_vs_ma20|us10y_vs_ma20|RSI14_lag1|DIFF_lag1|DEA_lag1|cn10y_vs_ma20|brent_vs_ma20|dollar_vs_ma20|brent_vs_ma5|a500_vs_ma5
2024,2024-08-14,2024-08-13,385735,2024-08-13,2,base_prediction|gold_daily|gold_vs_ma5|gold_vs_ma20|copper_daily|copper_vs_ma5|copper_vs_ma20|a500_vs_ma20|us10y_vs_ma20|RSI14_lag1|DIFF_lag1|DEA_lag1|cn10y_vs_ma20|brent_vs_ma20|dollar_vs_ma20|brent_vs_ma5|a500_vs_ma5
2024,2024-08-16,2024-08-15,42716,2024-08-15,1,base_prediction|gold_daily|gold_vs_ma5|gold_vs_ma20|copper_daily|copper_vs_ma5|copper_vs_ma20|a500_vs_ma20|us10y_vs_ma20|RSI14_lag1|DIFF_lag1|DEA_lag1|cn10y_vs_ma20|brent_vs_ma20|dollar_vs_ma20|brent_vs_ma5|a500_vs_ma5
2024,2024-08-19,2024-08-16,385735,2024-08-16,3,base_prediction|gold_daily|gold_vs_ma5|gold_vs_ma20|copper_daily|copper_vs_ma5|copper_vs_ma20|a500_vs_ma20|us10y_vs_ma20|RSI14_lag1|DIFF_lag1|DEA_lag1|cn10y_vs_ma20|brent_vs_ma20|dollar_vs_ma20|brent_vs_ma5|a500_vs_ma5
2024,2024-08-22,2024-08-21,385735,2024-08-21,1,base_prediction|gold_daily|gold_vs_ma5|gold_vs_ma20|copper_daily|copper_vs_ma5|copper_vs_ma20|a500_vs_ma20|us10y_vs_ma20|RSI14_lag1|DIFF_lag1|DEA_lag1|cn10y_vs_ma20|brent_vs_ma20|dollar_vs_ma20|brent_vs_ma5|a500_vs_ma5
2024,2024-08-23,2024-08-22,42716,2024-08-22,1,base_prediction|gold_daily|gold_vs_ma5|gold_vs_ma20|copper_daily|copper_vs_ma5|copper_vs_ma20|a500_vs_ma20|us10y_vs_ma20|RSI14_lag1|DIFF_lag1|DEA_lag1|cn10y_vs_ma20|brent_vs_ma20|dollar_vs_ma20|brent_vs_ma5|a500_vs_ma5
2024,2024-08-26,2024-08-23,385735,2024-08-23,1,base_prediction|gold_daily|gold_vs_ma5|gold_vs_ma20|copper_daily|copper_vs_ma5|copper_vs_ma20|a500_vs_ma20|us10y_vs_ma20|RSI14_lag1|DIFF_lag1|DEA_lag1|cn10y_vs_ma20|brent_vs_ma20|dollar_vs_ma20|brent_vs_ma5|a500_vs_ma5
2024,2024-08-27,2024-08-26,385735,2024-08-26,2,base_prediction|gold_daily|gold_vs_ma5|gold_vs_ma20|copper_daily|copper_vs_ma5|copper_vs_ma20|a500_vs_ma20|us10y_vs_ma20|RSI14_lag1|DIFF_lag1|DEA_lag1|cn10y_vs_ma20|brent_vs_ma20|dollar_vs_ma20|brent_vs_ma5|a500_vs_ma5
2024,2024-08-29,2024-08-28,385735,2024-08-28,1,base_prediction|gold_daily|gold_vs_ma5|gold_vs_ma20|copper_daily|copper_vs_ma5|copper_vs_ma20|a500_vs_ma20|us10y_vs_ma20|RSI14_lag1|DIFF_lag1|DEA_lag1|cn10y_vs_ma20|brent_vs_ma20|dollar_vs_ma20|brent_vs_ma5|a500_vs_ma5
2024,2024-08-30,2024-08-29,385735,2024-08-29,4,base_prediction|gold_daily|gold_vs_ma5|gold_vs_ma20|copper_daily|copper_vs_ma5|copper_vs_ma20|a500_vs_ma20|us10y_vs_ma20|RSI14_lag1|DIFF_lag1|DEA_lag1|cn10y_vs_ma20|brent_vs_ma20|dollar_vs_ma20|brent_vs_ma5|a500_vs_ma5
2024,2024-09-04,2024-09-03,385735,2024-09-03,5,base_prediction|gold_daily|gold_vs_ma5|gold_vs_ma20|copper_daily|copper_vs_ma5|copper_vs_ma20|a500_vs_ma20|us10y_vs_ma20|RSI14_lag1|DIFF_lag1|DEA_lag1|cn10y_vs_ma20|brent_vs_ma20|dollar_vs_ma20|brent_vs_ma5|a500_vs_ma5
2024,2024-09-11,2024-09-10,385735,2024-09-10,1,base_prediction|gold_daily|gold_vs_ma5|gold_vs_ma20|copper_daily|copper_vs_ma5|copper_vs_ma20|a500_vs_ma20|us10y_vs_ma20|RSI14_lag1|DIFF_lag1|DEA_lag1|cn10y_vs_ma20|brent_vs_ma20|dollar_vs_ma20|brent_vs_ma5|a500_vs_ma5
2024,2024-09-12,2024-09-11,42716,2024-09-11,2,base_prediction|gold_daily|gold_vs_ma5|gold_vs_ma20|copper_daily|copper_vs_ma5|copper_vs_ma20|a500_vs_ma20|us10y_vs_ma20|RSI14_lag1|DIFF_lag1|DEA_lag1|cn10y_vs_ma20|brent_vs_ma20|dollar_vs_ma20|brent_vs_ma5|a500_vs_ma5
2024,2024-09-14,2024-09-13,798291,2024-09-13,1,base_prediction|gold_daily|gold_vs_ma5|gold_vs_ma20|copper_daily|copper_vs_ma5|copper_vs_ma20|a500_vs_ma20|us10y_vs_ma20|RSI14_lag1|DIFF_lag1|DEA_lag1|cn10y_vs_ma20|brent_vs_ma20|dollar_vs_ma20|brent_vs_ma5|a500_vs_ma5
2024,2024-09-16,2024-09-14,798291,2024-09-14,4,base_prediction|gold_daily|gold_vs_ma5|gold_vs_ma20|copper_daily|copper_vs_ma5|copper_vs_ma20|a500_vs_ma20|us10y_vs_ma20|RSI14_lag1|DIFF_lag1|DEA_lag1|cn10y_vs_ma20|brent_vs_ma20|dollar_vs_ma20|brent_vs_ma5|a500_vs_ma5
2024,2024-09-20,2024-09-19,798291,2024-09-19,1,base_prediction|gold_daily|gold_vs_ma5|gold_vs_ma20|copper_daily|copper_vs_ma5|copper_vs_ma20|a500_vs_ma20|us10y_vs_ma20|RSI14_lag1|DIFF_lag1|DEA_lag1|cn10y_vs_ma20|brent_vs_ma20|dollar_vs_ma20|brent_vs_ma5|a500_vs_ma5
2024,2024-09-23,2024-09-20,798291,2024-09-20,3,base_prediction|gold_daily|gold_vs_ma5|gold_vs_ma20|copper_daily|copper_vs_ma5|copper_vs_ma20|a500_vs_ma20|us10y_vs_ma20|RSI14_lag1|DIFF_lag1|DEA_lag1|cn10y_vs_ma20|brent_vs_ma20|dollar_vs_ma20|brent_vs_ma5|a500_vs_ma5
2024,2024-09-26,2024-09-25,798291,2024-09-25,1,base_prediction|gold_daily|gold_vs_ma5|gold_vs_ma20|copper_daily|copper_vs_ma5|copper_vs_ma20|a500_vs_ma20|us10y_vs_ma20|RSI14_lag1|DIFF_lag1|DEA_lag1|cn10y_vs_ma20|brent_vs_ma20|dollar_vs_ma20|brent_vs_ma5|a500_vs_ma5
2024,2024-09-27,2024-09-26,798291,2024-09-26,1,base_prediction|gold_daily|gold_vs_ma5|gold_vs_ma20|copper_daily|copper_vs_ma5|copper_vs_ma20|a500_vs_ma20|us10y_vs_ma20|RSI14_lag1|DIFF_lag1|DEA_lag1|cn10y_vs_ma20|brent_vs_ma20|dollar_vs_ma20|brent_vs_ma5|a500_vs_ma5
2024,2024-09-29,2024-09-27,798291,2024-09-27,1,base_prediction|gold_daily|gold_vs_ma5|gold_vs_ma20|copper_daily|copper_vs_ma5|copper_vs_ma20|a500_vs_ma20|us10y_vs_ma20|RSI14_lag1|DIFF_lag1|DEA_lag1|cn10y_vs_ma20|brent_vs_ma20|dollar_vs_ma20|brent_vs_ma5|a500_vs_ma5
2024,2024-09-30,2024-09-29,798291,2024-09-29,1,base_prediction|gold_daily|gold_vs_ma5|gold_vs_ma20|copper_daily|copper_vs_ma5|copper_vs_ma20|a500_vs_ma20|us10y_vs_ma20|RSI14_lag1|DIFF_lag1|DEA_lag1|cn10y_vs_ma20|brent_vs_ma20|dollar_vs_ma20|brent_vs_ma5|a500_vs_ma5
2024,2024-10-01,2024-09-30,798291,2024-09-30,1,base_prediction|gold_daily|gold_vs_ma5|gold_vs_ma20|copper_daily|copper_vs_ma5|copper_vs_ma20|a500_vs_ma20|us10y_vs_ma20|RSI14_lag1|DIFF_lag1|DEA_lag1|cn10y_vs_ma20|brent_vs_ma20|dollar_vs_ma20|brent_vs_ma5|a500_vs_ma5
2024,2024-10-02,2024-10-01,798291,2024-10-01,2,base_prediction|gold_daily|gold_vs_ma5|gold_vs_ma20|copper_daily|copper_vs_ma5|copper_vs_ma20|a500_vs_ma20|us10y_vs_ma20|RSI14_lag1|DIFF_lag1|DEA_lag1|cn10y_vs_ma20|brent_vs_ma20|dollar_vs_ma20|brent_vs_ma5|a500_vs_ma5
2024,2024-10-04,2024-10-03,798291,2024-10-03,1,base_prediction|gold_daily|gold_vs_ma5|gold_vs_ma20|copper_daily|copper_vs_ma5|copper_vs_ma20|a500_vs_ma20|us10y_vs_ma20|RSI14_lag1|DIFF_lag1|DEA_lag1|cn10y_vs_ma20|brent_vs_ma20|dollar_vs_ma20|brent_vs_ma5|a500_vs_ma5
2024,2024-10-07,2024-10-04,798291,2024-10-04,2,base_prediction|gold_daily|gold_vs_ma5|gold_vs_ma20|copper_daily|copper_vs_ma5|copper_vs_ma20|a500_vs_ma20|us10y_vs_ma20|RSI14_lag1|DIFF_lag1|DEA_lag1|cn10y_vs_ma20|brent_vs_ma20|dollar_vs_ma20|brent_vs_ma5|a500_vs_ma5
2024,2024-10-09,2024-10-08,798291,2024-10-08,1,base_prediction|gold_daily|gold_vs_ma5|gold_vs_ma20|copper_daily|copper_vs_ma5|copper_vs_ma20|a500_vs_ma20|us10y_vs_ma20|RSI14_lag1|DIFF_lag1|DEA_lag1|cn10y_vs_ma20|brent_vs_ma20|dollar_vs_ma20|brent_vs_ma5|a500_vs_ma5
2024,2024-10-10,2024-10-09,798291,2024-10-09,1,base_prediction|gold_daily|gold_vs_ma5|gold_vs_ma20|copper_daily|copper_vs_ma5|copper_vs_ma20|a500_vs_ma20|us10y_vs_ma20|RSI14_lag1|DIFF_lag1|DEA_lag1|cn10y_vs_ma20|brent_vs_ma20|dollar_vs_ma20|brent_vs_ma5|a500_vs_ma5
2024,2024-10-11,2024-10-10,798291,2024-10-10,1,base_prediction|gold_daily|gold_vs_ma5|gold_vs_ma20|copper_daily|copper_vs_ma5|copper_vs_ma20|a500_vs_ma20|us10y_vs_ma20|RSI14_lag1|DIFF_lag1|DEA_lag1|cn10y_vs_ma20|brent_vs_ma20|dollar_vs_ma20|brent_vs_ma5|a500_vs_ma5
2024,2024-10-12,2024-10-11,965409,2024-10-11,1,base_prediction|gold_daily|gold_vs_ma5|gold_vs_ma20|copper_daily|copper_vs_ma5|copper_vs_ma20|a500_vs_ma20|us10y_vs_ma20|RSI14_lag1|DIFF_lag1|DEA_lag1|cn10y_vs_ma20|brent_vs_ma20|dollar_vs_ma20|brent_vs_ma5|a500_vs_ma5
2024,2024-10-14,2024-10-12,965409,2024-10-12,2,base_prediction|gold_daily|gold_vs_ma5|gold_vs_ma20|copper_daily|copper_vs_ma5|copper_vs_ma20|a500_vs_ma20|us10y_vs_ma20|RSI14_lag1|DIFF_lag1|DEA_lag1|cn10y_vs_ma20|brent_vs_ma20|dollar_vs_ma20|brent_vs_ma5|a500_vs_ma5
2024,2024-10-16,2024-10-15,965409,2024-10-15,1,base_prediction|gold_daily|gold_vs_ma5|gold_vs_ma20|copper_daily|copper_vs_ma5|copper_vs_ma20|a500_vs_ma20|us10y_vs_ma20|RSI14_lag1|DIFF_lag1|DEA_lag1|cn10y_vs_ma20|brent_vs_ma20|dollar_vs_ma20|brent_vs_ma5|a500_vs_ma5
2024,2024-10-17,2024-10-16,965409,2024-10-16,1,base_prediction|gold_daily|gold_vs_ma5|gold_vs_ma20|copper_daily|copper_vs_ma5|copper_vs_ma20|a500_vs_ma20|us10y_vs_ma20|RSI14_lag1|DIFF_lag1|DEA_lag1|cn10y_vs_ma20|brent_vs_ma20|dollar_vs_ma20|brent_vs_ma5|a500_vs_ma5
2024,2024-10-18,2024-10-17,965409,2024-10-17,1,base_prediction|gold_daily|gold_vs_ma5|gold_vs_ma20|copper_daily|copper_vs_ma5|copper_vs_ma20|a500_vs_ma20|us10y_vs_ma20|RSI14_lag1|DIFF_lag1|DEA_lag1|cn10y_vs_ma20|brent_vs_ma20|dollar_vs_ma20|brent_vs_ma5|a500_vs_ma5
2024,2024-10-21,2024-10-18,965409,2024-10-18,1,base_prediction|gold_daily|gold_vs_ma5|gold_vs_ma20|copper_daily|copper_vs_ma5|copper_vs_ma20|a500_vs_ma20|us10y_vs_ma20|RSI14_lag1|DIFF_lag1|DEA_lag1|cn10y_vs_ma20|brent_vs_ma20|dollar_vs_ma20|brent_vs_ma5|a500_vs_ma5
2024,2024-10-22,2024-10-21,640934,2024-10-21,1,base_prediction|gold_daily|gold_vs_ma5|gold_vs_ma20|copper_daily|copper_vs_ma5|copper_vs_ma20|a500_vs_ma20|us10y_vs_ma20|RSI14_lag1|DIFF_lag1|DEA_lag1|cn10y_vs_ma20|brent_vs_ma20|dollar_vs_ma20|brent_vs_ma5|a500_vs_ma5
2024,2024-10-23,2024-10-22,965409,2024-10-22,1,base_prediction|gold_daily|gold_vs_ma5|gold_vs_ma20|copper_daily|copper_vs_ma5|copper_vs_ma20|a500_vs_ma20|us10y_vs_ma20|RSI14_lag1|DIFF_lag1|DEA_lag1|cn10y_vs_ma20|brent_vs_ma20|dollar_vs_ma20|brent_vs_ma5|a500_vs_ma5
2024,2024-10-24,2024-10-23,965409,2024-10-23,1,base_prediction|gold_daily|gold_vs_ma5|gold_vs_ma20|copper_daily|copper_vs_ma5|copper_vs_ma20|a500_vs_ma20|us10y_vs_ma20|RSI14_lag1|DIFF_lag1|DEA_lag1|cn10y_vs_ma20|brent_vs_ma20|dollar_vs_ma20|brent_vs_ma5|a500_vs_ma5
2024,2024-10-25,2024-10-24,965409,2024-10-24,2,base_prediction|gold_daily|gold_vs_ma5|gold_vs_ma20|copper_daily|copper_vs_ma5|copper_vs_ma20|a500_vs_ma20|us10y_vs_ma20|RSI14_lag1|DIFF_lag1|DEA_lag1|cn10y_vs_ma20|brent_vs_ma20|dollar_vs_ma20|brent_vs_ma5|a500_vs_ma5
2024,2024-10-29,2024-10-28,965409,2024-10-28,1,base_prediction|gold_daily|gold_vs_ma5|gold_vs_ma20|copper_daily|copper_vs_ma5|copper_vs_ma20|a500_vs_ma20|us10y_vs_ma20|RSI14_lag1|DIFF_lag1|DEA_lag1|cn10y_vs_ma20|brent_vs_ma20|dollar_vs_ma20|brent_vs_ma5|a500_vs_ma5
2024,2024-10-30,2024-10-29,965409,2024-10-29,1,base_prediction|gold_daily|gold_vs_ma5|gold_vs_ma20|copper_daily|copper_vs_ma5|copper_vs_ma20|a500_vs_ma20|us10y_vs_ma20|RSI14_lag1|DIFF_lag1|DEA_lag1|cn10y_vs_ma20|brent_vs_ma20|dollar_vs_ma20|brent_vs_ma5|a500_vs_ma5
2024,2024-10-31,2024-10-30,965409,2024-10-30,1,base_prediction|gold_daily|gold_vs_ma5|gold_vs_ma20|copper_daily|copper_vs_ma5|copper_vs_ma20|a500_vs_ma20|us10y_vs_ma20|RSI14_lag1|DIFF_lag1|DEA_lag1|cn10y_vs_ma20|brent_vs_ma20|dollar_vs_ma20|brent_vs_ma5|a500_vs_ma5
2024,2024-11-01,2024-10-31,965409,2024-10-31,1,base_prediction|gold_daily|gold_vs_ma5|gold_vs_ma20|copper_daily|copper_vs_ma5|copper_vs_ma20|a500_vs_ma20|us10y_vs_ma20|RSI14_lag1|DIFF_lag1|DEA_lag1|cn10y_vs_ma20|brent_vs_ma20|dollar_vs_ma20|brent_vs_ma5|a500_vs_ma5
2024,2024-11-04,2024-11-01,965409,2024-11-01,1,base_prediction|gold_daily|gold_vs_ma5|gold_vs_ma20|copper_daily|copper_vs_ma5|copper_vs_ma20|a500_vs_ma20|us10y_vs_ma20|RSI14_lag1|DIFF_lag1|DEA_lag1|cn10y_vs_ma20|brent_vs_ma20|dollar_vs_ma20|brent_vs_ma5|a500_vs_ma5
2024,2024-11-05,2024-11-04,965409,2024-11-04,2,base_prediction|gold_daily|gold_vs_ma5|gold_vs_ma20|copper_daily|copper_vs_ma5|copper_vs_ma20|a500_vs_ma20|us10y_vs_ma20|RSI14_lag1|DIFF_lag1|DEA_lag1|cn10y_vs_ma20|brent_vs_ma20|dollar_vs_ma20|brent_vs_ma5|a500_vs_ma5
2024,2024-11-07,2024-11-06,965409,2024-11-06,1,base_prediction|gold_daily|gold_vs_ma5|gold_vs_ma20|copper_daily|copper_vs_ma5|copper_vs_ma20|a500_vs_ma20|us10y_vs_ma20|RSI14_lag1|DIFF_lag1|DEA_lag1|cn10y_vs_ma20|brent_vs_ma20|dollar_vs_ma20|brent_vs_ma5|a500_vs_ma5
2024,2024-11-08,2024-11-07,965409,2024-11-07,1,base_prediction|gold_daily|gold_vs_ma5|gold_vs_ma20|copper_daily|copper_vs_ma5|copper_vs_ma20|a500_vs_ma20|us10y_vs_ma20|RSI14_lag1|DIFF_lag1|DEA_lag1|cn10y_vs_ma20|brent_vs_ma20|dollar_vs_ma20|brent_vs_ma5|a500_vs_ma5
2024,2024-11-11,2024-11-08,965409,2024-11-08,1,base_prediction|gold_daily|gold_vs_ma5|gold_vs_ma20|copper_daily|copper_vs_ma5|copper_vs_ma20|a500_vs_ma20|us10y_vs_ma20|RSI14_lag1|DIFF_lag1|DEA_lag1|cn10y_vs_ma20|brent_vs_ma20|dollar_vs_ma20|brent_vs_ma5|a500_vs_ma5
2024,2024-11-12,2024-11-11,965409,2024-11-11,1,base_prediction|gold_daily|gold_vs_ma5|gold_vs_ma20|copper_daily|copper_vs_ma5|copper_vs_ma20|a500_vs_ma20|us10y_vs_ma20|RSI14_lag1|DIFF_lag1|DEA_lag1|cn10y_vs_ma20|brent_vs_ma20|dollar_vs_ma20|brent_vs_ma5|a500_vs_ma5
2024,2024-11-13,2024-11-12,965409,2024-11-12,4,base_prediction|gold_daily|gold_vs_ma5|gold_vs_ma20|copper_daily|copper_vs_ma5|copper_vs_ma20|a500_vs_ma20|us10y_vs_ma20|RSI14_lag1|DIFF_lag1|DEA_lag1|cn10y_vs_ma20|brent_vs_ma20|dollar_vs_ma20|brent_vs_ma5|a500_vs_ma5
2024,2024-11-19,2024-11-18,965409,2024-11-18,2,base_prediction|gold_daily|gold_vs_ma5|gold_vs_ma20|copper_daily|copper_vs_ma5|copper_vs_ma20|a500_vs_ma20|us10y_vs_ma20|RSI14_lag1|DIFF_lag1|DEA_lag1|cn10y_vs_ma20|brent_vs_ma20|dollar_vs_ma20|brent_vs_ma5|a500_vs_ma5
2024,2024-11-21,2024-11-20,965409,2024-11-20,1,base_prediction|gold_daily|gold_vs_ma5|gold_vs_ma20|copper_daily|copper_vs_ma5|copper_vs_ma20|a500_vs_ma20|us10y_vs_ma20|RSI14_lag1|DIFF_lag1|DEA_lag1|cn10y_vs_ma20|brent_vs_ma20|dollar_vs_ma20|brent_vs_ma5|a500_vs_ma5
2024,2024-11-22,2024-11-21,965409,2024-11-21,2,base_prediction|gold_daily|gold_vs_ma5|gold_vs_ma20|copper_daily|copper_vs_ma5|copper_vs_ma20|a500_vs_ma20|us10y_vs_ma20|RSI14_lag1|DIFF_lag1|DEA_lag1|cn10y_vs_ma20|brent_vs_ma20|dollar_vs_ma20|brent_vs_ma5|a500_vs_ma5
2024,2024-11-26,2024-11-25,965409,2024-11-25,1,base_prediction|gold_daily|gold_vs_ma5|gold_vs_ma20|copper_daily|copper_vs_ma5|copper_vs_ma20|a500_vs_ma20|us10y_vs_ma20|RSI14_lag1|DIFF_lag1|DEA_lag1|cn10y_vs_ma20|brent_vs_ma20|dollar_vs_ma20|brent_vs_ma5|a500_vs_ma5
2024,2024-11-27,2024-11-26,965409,2024-11-26,1,base_prediction|gold_daily|gold_vs_ma5|gold_vs_ma20|copper_daily|copper_vs_ma5|copper_vs_ma20|a500_vs_ma20|us10y_vs_ma20|RSI14_lag1|DIFF_lag1|DEA_lag1|cn10y_vs_ma20|brent_vs_ma20|dollar_vs_ma20|brent_vs_ma5|a500_vs_ma5
2024,2024-11-28,2024-11-27,965409,2024-11-27,2,base_prediction|gold_daily|gold_vs_ma5|gold_vs_ma20|copper_daily|copper_vs_ma5|copper_vs_ma20|a500_vs_ma20|us10y_vs_ma20|RSI14_lag1|DIFF_lag1|DEA_lag1|cn10y_vs_ma20|brent_vs_ma20|dollar_vs_ma20|brent_vs_ma5|a500_vs_ma5
2024,2024-12-02,2024-11-29,965409,2024-11-29,8,base_prediction|gold_daily|gold_vs_ma5|gold_vs_ma20|copper_daily|copper_vs_ma5|copper_vs_ma20|a500_vs_ma20|us10y_vs_ma20|RSI14_lag1|DIFF_lag1|DEA_lag1|cn10y_vs_ma20|brent_vs_ma20|dollar_vs_ma20|brent_vs_ma5|a500_vs_ma5
2024,2024-12-12,2024-12-11,965409,2024-12-11,1,base_prediction|gold_daily|gold_vs_ma5|gold_vs_ma20|copper_daily|copper_vs_ma5|copper_vs_ma20|a500_vs_ma20|us10y_vs_ma20|RSI14_lag1|DIFF_lag1|DEA_lag1|cn10y_vs_ma20|brent_vs_ma20|dollar_vs_ma20|brent_vs_ma5|a500_vs_ma5
2024,2024-12-13,2024-12-12,965409,2024-12-12,4,base_prediction|gold_daily|gold_vs_ma5|gold_vs_ma20|copper_daily|copper_vs_ma5|copper_vs_ma20|a500_vs_ma20|us10y_vs_ma20|RSI14_lag1|DIFF_lag1|DEA_lag1|cn10y_vs_ma20|brent_vs_ma20|dollar_vs_ma20|brent_vs_ma5|a500_vs_ma5
2024,2024-12-19,2024-12-18,640934,2024-12-18,2,base_prediction|gold_daily|gold_vs_ma5|gold_vs_ma20|copper_daily|copper_vs_ma5|copper_vs_ma20|a500_vs_ma20|us10y_vs_ma20|RSI14_lag1|DIFF_lag1|DEA_lag1|cn10y_vs_ma20|brent_vs_ma20|dollar_vs_ma20|brent_vs_ma5|a500_vs_ma5
2024,2024-12-23,2024-12-20,640934,2024-12-20,1,base_prediction|gold_daily|gold_vs_ma5|gold_vs_ma20|copper_daily|copper_vs_ma5|copper_vs_ma20|a500_vs_ma20|us10y_vs_ma20|RSI14_lag1|DIFF_lag1|DEA_lag1|cn10y_vs_ma20|brent_vs_ma20|dollar_vs_ma20|brent_vs_ma5|a500_vs_ma5
2024,2024-12-24,2024-12-23,640934,2024-12-23,4,base_prediction|gold_daily|gold_vs_ma5|gold_vs_ma20|copper_daily|copper_vs_ma5|copper_vs_ma20|a500_vs_ma20|us10y_vs_ma20|RSI14_lag1|DIFF_lag1|DEA_lag1|cn10y_vs_ma20|brent_vs_ma20|dollar_vs_ma20|brent_vs_ma5|a500_vs_ma5
2024,2024-12-30,2024-12-27,565766,2024-12-27,1,base_prediction|gold_daily|gold_vs_ma5|gold_vs_ma20|copper_daily|copper_vs_ma5|copper_vs_ma20|a500_vs_ma20|us10y_vs_ma20|RSI14_lag1|DIFF_lag1|DEA_lag1|cn10y_vs_ma20|brent_vs_ma20|dollar_vs_ma20|brent_vs_ma5|a500_vs_ma5
2024,2024-12-31,2024-12-30,565766,2024-12-30,1,base_prediction|gold_daily|gold_vs_ma5|gold_vs_ma20|copper_daily|copper_vs_ma5|copper_vs_ma20|a500_vs_ma20|us10y_vs_ma20|RSI14_lag1|DIFF_lag1|DEA_lag1|cn10y_vs_ma20|brent_vs_ma20|dollar_vs_ma20|brent_vs_ma5|a500_vs_ma5
2025,2025-01-01,,565766,2024-12-31,4,base_prediction|gold_daily|gold_vs_ma5|gold_vs_ma20|copper_daily|copper_vs_ma5|copper_vs_ma20|a500_vs_ma20|us10y_vs_ma20|RSI14_lag1|DIFF_lag1|DEA_lag1|cn10y_vs_ma20|brent_vs_ma20|dollar_vs_ma20|brent_vs_ma5|a500_vs_ma5
2025,2025-01-07,2025-01-06,565766,2025-01-06,1,base_prediction|gold_daily|gold_vs_ma5|gold_vs_ma20|copper_daily|copper_vs_ma5|copper_vs_ma20|a500_vs_ma20|us10y_vs_ma20|RSI14_lag1|DIFF_lag1|DEA_lag1|cn10y_vs_ma20|brent_vs_ma20|dollar_vs_ma20|brent_vs_ma5|a500_vs_ma5
2025,2025-01-08,2025-01-07,565766,2025-01-07,1,base_prediction|gold_daily|gold_vs_ma5|gold_vs_ma20|copper_daily|copper_vs_ma5|copper_vs_ma20|a500_vs_ma20|us10y_vs_ma20|RSI14_lag1|DIFF_lag1|DEA_lag1|cn10y_vs_ma20|brent_vs_ma20|dollar_vs_ma20|brent_vs_ma5|a500_vs_ma5
2025,2025-01-09,2025-01-08,565766,2025-01-08,1,base_prediction|gold_daily|gold_vs_ma5|gold_vs_ma20|copper_daily|copper_vs_ma5|copper_vs_ma20|a500_vs_ma20|us10y_vs_ma20|RSI14_lag1|DIFF_lag1|DEA_lag1|cn10y_vs_ma20|brent_vs_ma20|dollar_vs_ma20|brent_vs_ma5|a500_vs_ma5
2025,2025-01-10,2025-01-09,565766,2025-01-09,1,base_prediction|gold_daily|gold_vs_ma5|gold_vs_ma20|copper_daily|copper_vs_ma5|copper_vs_ma20|a500_vs_ma20|us10y_vs_ma20|RSI14_lag1|DIFF_lag1|DEA_lag1|cn10y_vs_ma20|brent_vs_ma20|dollar_vs_ma20|brent_vs_ma5|a500_vs_ma5
2025,2025-01-13,2025-01-10,565766,2025-01-10,2,base_prediction|gold_daily|gold_vs_ma5|gold_vs_ma20|copper_daily|copper_vs_ma5|copper_vs_ma20|a500_vs_ma20|us10y_vs_ma20|RSI14_lag1|DIFF_lag1|DEA_lag1|cn10y_vs_ma20|brent_vs_ma20|dollar_vs_ma20|brent_vs_ma5|a500_vs_ma5
2025,2025-01-15,2025-01-14,565766,2025-01-14,2,base_prediction|gold_daily|gold_vs_ma5|gold_vs_ma20|copper_daily|copper_vs_ma5|copper_vs_ma20|a500_vs_ma20|us10y_vs_ma20|RSI14_lag1|DIFF_lag1|DEA_lag1|cn10y_vs_ma20|brent_vs_ma20|dollar_vs_ma20|brent_vs_ma5|a500_vs_ma5
2025,2025-01-17,2025-01-16,565766,2025-01-16,3,base_prediction|gold_daily|gold_vs_ma5|gold_vs_ma20|copper_daily|copper_vs_ma5|copper_vs_ma20|a500_vs_ma20|us10y_vs_ma20|RSI14_lag1|DIFF_lag1|DEA_lag1|cn10y_vs_ma20|brent_vs_ma20|dollar_vs_ma20|brent_vs_ma5|a500_vs_ma5
2025,2025-01-22,2025-01-21,565766,2025-01-21,1,base_prediction|gold_daily|gold_vs_ma5|gold_vs_ma20|copper_daily|copper_vs_ma5|copper_vs_ma20|a500_vs_ma20|us10y_vs_ma20|RSI14_lag1|DIFF_lag1|DEA_lag1|cn10y_vs_ma20|brent_vs_ma20|dollar_vs_ma20|brent_vs_ma5|a500_vs_ma5
2025,2025-01-23,2025-01-22,565766,2025-01-22,1,base_prediction|gold_daily|gold_vs_ma5|gold_vs_ma20|copper_daily|copper_vs_ma5|copper_vs_ma20|a500_vs_ma20|us10y_vs_ma20|RSI14_lag1|DIFF_lag1|DEA_lag1|cn10y_vs_ma20|brent_vs_ma20|dollar_vs_ma20|brent_vs_ma5|a500_vs_ma5
2025,2025-01-24,2025-01-23,565766,2025-01-23,1,base_prediction|gold_daily|gold_vs_ma5|gold_vs_ma20|copper_daily|copper_vs_ma5|copper_vs_ma20|a500_vs_ma20|us10y_vs_ma20|RSI14_lag1|DIFF_lag1|DEA_lag1|cn10y_vs_ma20|brent_vs_ma20|dollar_vs_ma20|brent_vs_ma5|a500_vs_ma5
2025,2025-01-26,2025-01-24,565766,2025-01-24,1,base_prediction|gold_daily|gold_vs_ma5|gold_vs_ma20|copper_daily|copper_vs_ma5|copper_vs_ma20|a500_vs_ma20|us10y_vs_ma20|RSI14_lag1|DIFF_lag1|DEA_lag1|cn10y_vs_ma20|brent_vs_ma20|dollar_vs_ma20|brent_vs_ma5|a500_vs_ma5
2025,2025-01-27,2025-01-26,565766,2025-01-26,2,base_prediction|gold_daily|gold_vs_ma5|gold_vs_ma20|copper_daily|copper_vs_ma5|copper_vs_ma20|a500_vs_ma20|us10y_vs_ma20|RSI14_lag1|DIFF_lag1|DEA_lag1|cn10y_vs_ma20|brent_vs_ma20|dollar_vs_ma20|brent_vs_ma5|a500_vs_ma5
2025,2025-01-29,2025-01-28,565766,2025-01-28,6,base_prediction|gold_daily|gold_vs_ma5|gold_vs_ma20|copper_daily|copper_vs_ma5|copper_vs_ma20|a500_vs_ma20|us10y_vs_ma20|RSI14_lag1|DIFF_lag1|DEA_lag1|cn10y_vs_ma20|brent_vs_ma20|dollar_vs_ma20|brent_vs_ma5|a500_vs_ma5
2025,2025-02-06,2025-02-05,385735,2025-02-05,1,base_prediction|gold_daily|gold_vs_ma5|gold_vs_ma20|copper_daily|copper_vs_ma5|copper_vs_ma20|a500_vs_ma20|us10y_vs_ma20|RSI14_lag1|DIFF_lag1|DEA_lag1|cn10y_vs_ma20|brent_vs_ma20|dollar_vs_ma20|brent_vs_ma5|a500_vs_ma5
2025,2025-02-07,2025-02-06,385735,2025-02-06,2,base_prediction|gold_daily|gold_vs_ma5|gold_vs_ma20|copper_daily|copper_vs_ma5|copper_vs_ma20|a500_vs_ma20|us10y_vs_ma20|RSI14_lag1|DIFF_lag1|DEA_lag1|cn10y_vs_ma20|brent_vs_ma20|dollar_vs_ma20|brent_vs_ma5|a500_vs_ma5
2025,2025-02-10,2025-02-08,385735,2025-02-08,1,base_prediction|gold_daily|gold_vs_ma5|gold_vs_ma20|copper_daily|copper_vs_ma5|copper_vs_ma20|a500_vs_ma20|us10y_vs_ma20|RSI14_lag1|DIFF_lag1|DEA_lag1|cn10y_vs_ma20|brent_vs_ma20|dollar_vs_ma20|brent_vs_ma5|a500_vs_ma5
2025,2025-02-11,2025-02-10,385735,2025-02-10,1,base_prediction|gold_daily|gold_vs_ma5|gold_vs_ma20|copper_daily|copper_vs_ma5|copper_vs_ma20|a500_vs_ma20|us10y_vs_ma20|RSI14_lag1|DIFF_lag1|DEA_lag1|cn10y_vs_ma20|brent_vs_ma20|dollar_vs_ma20|brent_vs_ma5|a500_vs_ma5
2025,2025-02-12,2025-02-11,385735,2025-02-11,2,base_prediction|gold_daily|gold_vs_ma5|gold_vs_ma20|copper_daily|copper_vs_ma5|copper_vs_ma20|a500_vs_ma20|us10y_vs_ma20|RSI14_lag1|DIFF_lag1|DEA_lag1|cn10y_vs_ma20|brent_vs_ma20|dollar_vs_ma20|brent_vs_ma5|a500_vs_ma5
2025,2025-02-14,2025-02-13,385735,2025-02-13,1,base_prediction|gold_daily|gold_vs_ma5|gold_vs_ma20|copper_daily|copper_vs_ma5|copper_vs_ma20|a500_vs_ma20|us10y_vs_ma20|RSI14_lag1|DIFF_lag1|DEA_lag1|cn10y_vs_ma20|brent_vs_ma20|dollar_vs_ma20|brent_vs_ma5|a500_vs_ma5
2025,2025-02-17,2025-02-14,798291,2025-02-14,1,base_prediction|gold_daily|gold_vs_ma5|gold_vs_ma20|copper_daily|copper_vs_ma5|copper_vs_ma20|a500_vs_ma20|us10y_vs_ma20|RSI14_lag1|DIFF_lag1|DEA_lag1|cn10y_vs_ma20|brent_vs_ma20|dollar_vs_ma20|brent_vs_ma5|a500_vs_ma5
2025,2025-02-18,2025-02-17,385735,2025-02-17,2,base_prediction|gold_daily|gold_vs_ma5|gold_vs_ma20|copper_daily|copper_vs_ma5|copper_vs_ma20|a500_vs_ma20|us10y_vs_ma20|RSI14_lag1|DIFF_lag1|DEA_lag1|cn10y_vs_ma20|brent_vs_ma20|dollar_vs_ma20|brent_vs_ma5|a500_vs_ma5
2025,2025-02-20,2025-02-19,385735,2025-02-19,1,base_prediction|gold_daily|gold_vs_ma5|gold_vs_ma20|copper_daily|copper_vs_ma5|copper_vs_ma20|a500_vs_ma20|us10y_vs_ma20|RSI14_lag1|DIFF_lag1|DEA_lag1|cn10y_vs_ma20|brent_vs_ma20|dollar_vs_ma20|brent_vs_ma5|a500_vs_ma5
2025,2025-02-21,2025-02-20,385735,2025-02-20,1,base_prediction|gold_daily|gold_vs_ma5|gold_vs_ma20|copper_daily|copper_vs_ma5|copper_vs_ma20|a500_vs_ma20|us10y_vs_ma20|RSI14_lag1|DIFF_lag1|DEA_lag1|cn10y_vs_ma20|brent_vs_ma20|dollar_vs_ma20|brent_vs_ma5|a500_vs_ma5
2025,2025-02-24,2025-02-21,385735,2025-02-21,2,base_prediction|gold_daily|gold_vs_ma5|gold_vs_ma20|copper_daily|copper_vs_ma5|copper_vs_ma20|a500_vs_ma20|us10y_vs_ma20|RSI14_lag1|DIFF_lag1|DEA_lag1|cn10y_vs_ma20|brent_vs_ma20|dollar_vs_ma20|brent_vs_ma5|a500_vs_ma5
2025,2025-02-26,2025-02-25,385735,2025-02-25,1,base_prediction|gold_daily|gold_vs_ma5|gold_vs_ma20|copper_daily|copper_vs_ma5|copper_vs_ma20|a500_vs_ma20|us10y_vs_ma20|RSI14_lag1|DIFF_lag1|DEA_lag1|cn10y_vs_ma20|brent_vs_ma20|dollar_vs_ma20|brent_vs_ma5|a500_vs_ma5
2025,2025-02-27,2025-02-26,385735,2025-02-26,1,base_prediction|gold_daily|gold_vs_ma5|gold_vs_ma20|copper_daily|copper_vs_ma5|copper_vs_ma20|a500_vs_ma20|us10y_vs_ma20|RSI14_lag1|DIFF_lag1|DEA_lag1|cn10y_vs_ma20|brent_vs_ma20|dollar_vs_ma20|brent_vs_ma5|a500_vs_ma5
2025,2025-02-28,2025-02-27,385735,2025-02-27,1,base_prediction|gold_daily|gold_vs_ma5|gold_vs_ma20|copper_daily|copper_vs_ma5|copper_vs_ma20|a500_vs_ma20|us10y_vs_ma20|RSI14_lag1|DIFF_lag1|DEA_lag1|cn10y_vs_ma20|brent_vs_ma20|dollar_vs_ma20|brent_vs_ma5|a500_vs_ma5
2025,2025-03-03,2025-02-28,385735,2025-02-28,1,base_prediction|gold_daily|gold_vs_ma5|gold_vs_ma20|copper_daily|copper_vs_ma5|copper_vs_ma20|a500_vs_ma20|us10y_vs_ma20|RSI14_lag1|DIFF_lag1|DEA_lag1|cn10y_vs_ma20|brent_vs_ma20|dollar_vs_ma20|brent_vs_ma5|a500_vs_ma5
2025,2025-03-04,2025-03-03,385735,2025-03-03,1,base_prediction|gold_daily|gold_vs_ma5|gold_vs_ma20|copper_daily|copper_vs_ma5|copper_vs_ma20|a500_vs_ma20|us10y_vs_ma20|RSI14_lag1|DIFF_lag1|DEA_lag1|cn10y_vs_ma20|brent_vs_ma20|dollar_vs_ma20|brent_vs_ma5|a500_vs_ma5
2025,2025-03-05,2025-03-04,385735,2025-03-04,1,base_prediction|gold_daily|gold_vs_ma5|gold_vs_ma20|copper_daily|copper_vs_ma5|copper_vs_ma20|a500_vs_ma20|us10y_vs_ma20|RSI14_lag1|DIFF_lag1|DEA_lag1|cn10y_vs_ma20|brent_vs_ma20|dollar_vs_ma20|brent_vs_ma5|a500_vs_ma5
2025,2025-03-06,2025-03-05,798291,2025-03-05,1,base_prediction|gold_daily|gold_vs_ma5|gold_vs_ma20|copper_daily|copper_vs_ma5|copper_vs_ma20|a500_vs_ma20|us10y_vs_ma20|RSI14_lag1|DIFF_lag1|DEA_lag1|cn10y_vs_ma20|brent_vs_ma20|dollar_vs_ma20|brent_vs_ma5|a500_vs_ma5
2025,2025-03-07,2025-03-06,798291,2025-03-06,1,base_prediction|gold_daily|gold_vs_ma5|gold_vs_ma20|copper_daily|copper_vs_ma5|copper_vs_ma20|a500_vs_ma20|us10y_vs_ma20|RSI14_lag1|DIFF_lag1|DEA_lag1|cn10y_vs_ma20|brent_vs_ma20|dollar_vs_ma20|brent_vs_ma5|a500_vs_ma5
2025,2025-03-10,2025-03-07,798291,2025-03-07,1,base_prediction|gold_daily|gold_vs_ma5|gold_vs_ma20|copper_daily|copper_vs_ma5|copper_vs_ma20|a500_vs_ma20|us10y_vs_ma20|RSI14_lag1|DIFF_lag1|DEA_lag1|cn10y_vs_ma20|brent_vs_ma20|dollar_vs_ma20|brent_vs_ma5|a500_vs_ma5
2025,2025-03-11,2025-03-10,798291,2025-03-10,1,base_prediction|gold_daily|gold_vs_ma5|gold_vs_ma20|copper_daily|copper_vs_ma5|copper_vs_ma20|a500_vs_ma20|us10y_vs_ma20|RSI14_lag1|DIFF_lag1|DEA_lag1|cn10y_vs_ma20|brent_vs_ma20|dollar_vs_ma20|brent_vs_ma5|a500_vs_ma5
2025,2025-03-12,2025-03-11,798291,2025-03-11,1,base_prediction|gold_daily|gold_vs_ma5|gold_vs_ma20|copper_daily|copper_vs_ma5|copper_vs_ma20|a500_vs_ma20|us10y_vs_ma20|RSI14_lag1|DIFF_lag1|DEA_lag1|cn10y_vs_ma20|brent_vs_ma20|dollar_vs_ma20|brent_vs_ma5|a500_vs_ma5
2025,2025-03-13,2025-03-12,798291,2025-03-12,1,base_prediction|gold_daily|gold_vs_ma5|gold_vs_ma20|copper_daily|copper_vs_ma5|copper_vs_ma20|a500_vs_ma20|us10y_vs_ma20|RSI14_lag1|DIFF_lag1|DEA_lag1|cn10y_vs_ma20|brent_vs_ma20|dollar_vs_ma20|brent_vs_ma5|a500_vs_ma5
2025,2025-03-14,2025-03-13,798291,2025-03-13,3,base_prediction|gold_daily|gold_vs_ma5|gold_vs_ma20|copper_daily|copper_vs_ma5|copper_vs_ma20|a500_vs_ma20|us10y_vs_ma20|RSI14_lag1|DIFF_lag1|DEA_lag1|cn10y_vs_ma20|brent_vs_ma20|dollar_vs_ma20|brent_vs_ma5|a500_vs_ma5
2025,2025-03-19,2025-03-18,798291,2025-03-18,2,base_prediction|gold_daily|gold_vs_ma5|gold_vs_ma20|copper_daily|copper_vs_ma5|copper_vs_ma20|a500_vs_ma20|us10y_vs_ma20|RSI14_lag1|DIFF_lag1|DEA_lag1|cn10y_vs_ma20|brent_vs_ma20|dollar_vs_ma20|brent_vs_ma5|a500_vs_ma5
2025,2025-03-21,2025-03-20,798291,2025-03-20,1,base_prediction|gold_daily|gold_vs_ma5|gold_vs_ma20|copper_daily|copper_vs_ma5|copper_vs_ma20|a500_vs_ma20|us10y_vs_ma20|RSI14_lag1|DIFF_lag1|DEA_lag1|cn10y_vs_ma20|brent_vs_ma20|dollar_vs_ma20|brent_vs_ma5|a500_vs_ma5
2025,2025-03-24,2025-03-21,798291,2025-03-21,4,base_prediction|gold_daily|gold_vs_ma5|gold_vs_ma20|copper_daily|copper_vs_ma5|copper_vs_ma20|a500_vs_ma20|us10y_vs_ma20|RSI14_lag1|DIFF_lag1|DEA_lag1|cn10y_vs_ma20|brent_vs_ma20|dollar_vs_ma20|brent_vs_ma5|a500_vs_ma5
2025,2025-03-28,2025-03-27,785634,2025-03-27,2,base_prediction|gold_daily|gold_vs_ma5|gold_vs_ma20|copper_daily|copper_vs_ma5|copper_vs_ma20|a500_vs_ma20|us10y_vs_ma20|RSI14_lag1|DIFF_lag1|DEA_lag1|cn10y_vs_ma20|brent_vs_ma20|dollar_vs_ma20|brent_vs_ma5|a500_vs_ma5
2025,2025-04-01,2025-03-31,785634,2025-03-31,3,base_prediction|gold_daily|gold_vs_ma5|gold_vs_ma20|copper_daily|copper_vs_ma5|copper_vs_ma20|a500_vs_ma20|us10y_vs_ma20|RSI14_lag1|DIFF_lag1|DEA_lag1|cn10y_vs_ma20|brent_vs_ma20|dollar_vs_ma20|brent_vs_ma5|a500_vs_ma5
2025,2025-04-04,2025-04-03,785634,2025-04-03,1,base_prediction|gold_daily|gold_vs_ma5|gold_vs_ma20|copper_daily|copper_vs_ma5|copper_vs_ma20|a500_vs_ma20|us10y_vs_ma20|RSI14_lag1|DIFF_lag1|DEA_lag1|cn10y_vs_ma20|brent_vs_ma20|dollar_vs_ma20|brent_vs_ma5|a500_vs_ma5
2025,2025-04-07,2025-04-04,965409,2025-04-04,1,base_prediction|gold_daily|gold_vs_ma5|gold_vs_ma20|copper_daily|copper_vs_ma5|copper_vs_ma20|a500_vs_ma20|us10y_vs_ma20|RSI14_lag1|DIFF_lag1|DEA_lag1|cn10y_vs_ma20|brent_vs_ma20|dollar_vs_ma20|brent_vs_ma5|a500_vs_ma5
2025,2025-04-08,2025-04-07,965409,2025-04-07,1,base_prediction|gold_daily|gold_vs_ma5|gold_vs_ma20|copper_daily|copper_vs_ma5|copper_vs_ma20|a500_vs_ma20|us10y_vs_ma20|RSI14_lag1|DIFF_lag1|DEA_lag1|cn10y_vs_ma20|brent_vs_ma20|dollar_vs_ma20|brent_vs_ma5|a500_vs_ma5
2025,2025-04-09,2025-04-08,965409,2025-04-08,1,base_prediction|gold_daily|gold_vs_ma5|gold_vs_ma20|copper_daily|copper_vs_ma5|copper_vs_ma20|a500_vs_ma20|us10y_vs_ma20|RSI14_lag1|DIFF_lag1|DEA_lag1|cn10y_vs_ma20|brent_vs_ma20|dollar_vs_ma20|brent_vs_ma5|a500_vs_ma5
2025,2025-04-10,2025-04-09,965409,2025-04-09,1,base_prediction|gold_daily|gold_vs_ma5|gold_vs_ma20|copper_daily|copper_vs_ma5|copper_vs_ma20|a500_vs_ma20|us10y_vs_ma20|RSI14_lag1|DIFF_lag1|DEA_lag1|cn10y_vs_ma20|brent_vs_ma20|dollar_vs_ma20|brent_vs_ma5|a500_vs_ma5
2025,2025-04-11,2025-04-10,965409,2025-04-10,1,base_prediction|gold_daily|gold_vs_ma5|gold_vs_ma20|copper_daily|copper_vs_ma5|copper_vs_ma20|a500_vs_ma20|us10y_vs_ma20|RSI14_lag1|DIFF_lag1|DEA_lag1|cn10y_vs_ma20|brent_vs_ma20|dollar_vs_ma20|brent_vs_ma5|a500_vs_ma5
2025,2025-04-14,2025-04-11,965409,2025-04-11,1,base_prediction|gold_daily|gold_vs_ma5|gold_vs_ma20|copper_daily|copper_vs_ma5|copper_vs_ma20|a500_vs_ma20|us10y_vs_ma20|RSI14_lag1|DIFF_lag1|DEA_lag1|cn10y_vs_ma20|brent_vs_ma20|dollar_vs_ma20|brent_vs_ma5|a500_vs_ma5
2025,2025-04-15,2025-04-14,965409,2025-04-14,2,base_prediction|gold_daily|gold_vs_ma5|gold_vs_ma20|copper_daily|copper_vs_ma5|copper_vs_ma20|a500_vs_ma20|us10y_vs_ma20|RSI14_lag1|DIFF_lag1|DEA_lag1|cn10y_vs_ma20|brent_vs_ma20|dollar_vs_ma20|brent_vs_ma5|a500_vs_ma5
2025,2025-04-17,2025-04-16,965409,2025-04-16,1,base_prediction|gold_daily|gold_vs_ma5|gold_vs_ma20|copper_daily|copper_vs_ma5|copper_vs_ma20|a500_vs_ma20|us10y_vs_ma20|RSI14_lag1|DIFF_lag1|DEA_lag1|cn10y_vs_ma20|brent_vs_ma20|dollar_vs_ma20|brent_vs_ma5|a500_vs_ma5
2025,2025-04-18,2025-04-17,965409,2025-04-17,2,base_prediction|gold_daily|gold_vs_ma5|gold_vs_ma20|copper_daily|copper_vs_ma5|copper_vs_ma20|a500_vs_ma20|us10y_vs_ma20|RSI14_lag1|DIFF_lag1|DEA_lag1|cn10y_vs_ma20|brent_vs_ma20|dollar_vs_ma20|brent_vs_ma5|a500_vs_ma5
2025,2025-04-22,2025-04-21,965409,2025-04-21,1,base_prediction|gold_daily|gold_vs_ma5|gold_vs_ma20|copper_daily|copper_vs_ma5|copper_vs_ma20|a500_vs_ma20|us10y_vs_ma20|RSI14_lag1|DIFF_lag1|DEA_lag1|cn10y_vs_ma20|brent_vs_ma20|dollar_vs_ma20|brent_vs_ma5|a500_vs_ma5
2025,2025-04-23,2025-04-22,965409,2025-04-22,1,base_prediction|gold_daily|gold_vs_ma5|gold_vs_ma20|copper_daily|copper_vs_ma5|copper_vs_ma20|a500_vs_ma20|us10y_vs_ma20|RSI14_lag1|DIFF_lag1|DEA_lag1|cn10y_vs_ma20|brent_vs_ma20|dollar_vs_ma20|brent_vs_ma5|a500_vs_ma5
2025,2025-04-24,2025-04-23,965409,2025-04-23,2,base_prediction|gold_daily|gold_vs_ma5|gold_vs_ma20|copper_daily|copper_vs_ma5|copper_vs_ma20|a500_vs_ma20|us10y_vs_ma20|RSI14_lag1|DIFF_lag1|DEA_lag1|cn10y_vs_ma20|brent_vs_ma20|dollar_vs_ma20|brent_vs_ma5|a500_vs_ma5
2025,2025-04-27,2025-04-25,965409,2025-04-25,1,base_prediction|gold_daily|gold_vs_ma5|gold_vs_ma20|copper_daily|copper_vs_ma5|copper_vs_ma20|a500_vs_ma20|us10y_vs_ma20|RSI14_lag1|DIFF_lag1|DEA_lag1|cn10y_vs_ma20|brent_vs_ma20|dollar_vs_ma20|brent_vs_ma5|a500_vs_ma5
2025,2025-04-28,2025-04-27,965409,2025-04-27,2,base_prediction|gold_daily|gold_vs_ma5|gold_vs_ma20|copper_daily|copper_vs_ma5|copper_vs_ma20|a500_vs_ma20|us10y_vs_ma20|RSI14_lag1|DIFF_lag1|DEA_lag1|cn10y_vs_ma20|brent_vs_ma20|dollar_vs_ma20|brent_vs_ma5|a500_vs_ma5
2025,2025-04-30,2025-04-29,965409,2025-04-29,1,base_prediction|gold_daily|gold_vs_ma5|gold_vs_ma20|copper_daily|copper_vs_ma5|copper_vs_ma20|a500_vs_ma20|us10y_vs_ma20|RSI14_lag1|DIFF_lag1|DEA_lag1|cn10y_vs_ma20|brent_vs_ma20|dollar_vs_ma20|brent_vs_ma5|a500_vs_ma5
2025,2025-05-01,2025-04-30,965409,2025-04-30,1,base_prediction|gold_daily|gold_vs_ma5|gold_vs_ma20|copper_daily|copper_vs_ma5|copper_vs_ma20|a500_vs_ma20|us10y_vs_ma20|RSI14_lag1|DIFF_lag1|DEA_lag1|cn10y_vs_ma20|brent_vs_ma20|dollar_vs_ma20|brent_vs_ma5|a500_vs_ma5
2025,2025-05-02,2025-05-01,965409,2025-05-01,3,base_prediction|gold_daily|gold_vs_ma5|gold_vs_ma20|copper_daily|copper_vs_ma5|copper_vs_ma20|a500_vs_ma20|us10y_vs_ma20|RSI14_lag1|DIFF_lag1|DEA_lag1|cn10y_vs_ma20|brent_vs_ma20|dollar_vs_ma20|brent_vs_ma5|a500_vs_ma5
2025,2025-05-07,2025-05-06,965409,2025-05-06,2,base_prediction|gold_daily|gold_vs_ma5|gold_vs_ma20|copper_daily|copper_vs_ma5|copper_vs_ma20|a500_vs_ma20|us10y_vs_ma20|RSI14_lag1|DIFF_lag1|DEA_lag1|cn10y_vs_ma20|brent_vs_ma20|dollar_vs_ma20|brent_vs_ma5|a500_vs_ma5
2025,2025-05-09,2025-05-08,965409,2025-05-08,1,base_prediction|gold_daily|gold_vs_ma5|gold_vs_ma20|copper_daily|copper_vs_ma5|copper_vs_ma20|a500_vs_ma20|us10y_vs_ma20|RSI14_lag1|DIFF_lag1|DEA_lag1|cn10y_vs_ma20|brent_vs_ma20|dollar_vs_ma20|brent_vs_ma5|a500_vs_ma5
2025,2025-05-12,2025-05-09,965409,2025-05-09,1,base_prediction|gold_daily|gold_vs_ma5|gold_vs_ma20|copper_daily|copper_vs_ma5|copper_vs_ma20|a500_vs_ma20|us10y_vs_ma20|RSI14_lag1|DIFF_lag1|DEA_lag1|cn10y_vs_ma20|brent_vs_ma20|dollar_vs_ma20|brent_vs_ma5|a500_vs_ma5
2025,2025-05-13,2025-05-12,965409,2025-05-12,1,base_prediction|gold_daily|gold_vs_ma5|gold_vs_ma20|copper_daily|copper_vs_ma5|copper_vs_ma20|a500_vs_ma20|us10y_vs_ma20|RSI14_lag1|DIFF_lag1|DEA_lag1|cn10y_vs_ma20|brent_vs_ma20|dollar_vs_ma20|brent_vs_ma5|a500_vs_ma5
2025,2025-05-14,2025-05-13,965409,2025-05-13,3,base_prediction|gold_daily|gold_vs_ma5|gold_vs_ma20|copper_daily|copper_vs_ma5|copper_vs_ma20|a500_vs_ma20|us10y_vs_ma20|RSI14_lag1|DIFF_lag1|DEA_lag1|cn10y_vs_ma20|brent_vs_ma20|dollar_vs_ma20|brent_vs_ma5|a500_vs_ma5
2025,2025-05-19,2025-05-16,965409,2025-05-16,1,base_prediction|gold_daily|gold_vs_ma5|gold_vs_ma20|copper_daily|copper_vs_ma5|copper_vs_ma20|a500_vs_ma20|us10y_vs_ma20|RSI14_lag1|DIFF_lag1|DEA_lag1|cn10y_vs_ma20|brent_vs_ma20|dollar_vs_ma20|brent_vs_ma5|a500_vs_ma5
2025,2025-05-20,2025-05-19,965409,2025-05-19,2,base_prediction|gold_daily|gold_vs_ma5|gold_vs_ma20|copper_daily|copper_vs_ma5|copper_vs_ma20|a500_vs_ma20|us10y_vs_ma20|RSI14_lag1|DIFF_lag1|DEA_lag1|cn10y_vs_ma20|brent_vs_ma20|dollar_vs_ma20|brent_vs_ma5|a500_vs_ma5
2025,2025-05-22,2025-05-21,965409,2025-05-21,1,base_prediction|gold_daily|gold_vs_ma5|gold_vs_ma20|copper_daily|copper_vs_ma5|copper_vs_ma20|a500_vs_ma20|us10y_vs_ma20|RSI14_lag1|DIFF_lag1|DEA_lag1|cn10y_vs_ma20|brent_vs_ma20|dollar_vs_ma20|brent_vs_ma5|a500_vs_ma5
2025,2025-05-23,2025-05-22,965409,2025-05-22,1,base_prediction|gold_daily|gold_vs_ma5|gold_vs_ma20|copper_daily|copper_vs_ma5|copper_vs_ma20|a500_vs_ma20|us10y_vs_ma20|RSI14_lag1|DIFF_lag1|DEA_lag1|cn10y_vs_ma20|brent_vs_ma20|dollar_vs_ma20|brent_vs_ma5|a500_vs_ma5
2025,2025-05-25,2025-05-23,965409,2025-05-23,2,base_prediction|gold_daily|gold_vs_ma5|gold_vs_ma20|copper_daily|copper_vs_ma5|copper_vs_ma20|a500_vs_ma20|us10y_vs_ma20|RSI14_lag1|DIFF_lag1|DEA_lag1|cn10y_vs_ma20|brent_vs_ma20|dollar_vs_ma20|brent_vs_ma5|a500_vs_ma5
2025,2025-05-27,2025-05-26,965409,2025-05-26,1,base_prediction|gold_daily|gold_vs_ma5|gold_vs_ma20|copper_daily|copper_vs_ma5|copper_vs_ma20|a500_vs_ma20|us10y_vs_ma20|RSI14_lag1|DIFF_lag1|DEA_lag1|cn10y_vs_ma20|brent_vs_ma20|dollar_vs_ma20|brent_vs_ma5|a500_vs_ma5
2025,2025-05-28,2025-05-27,965409,2025-05-27,4,base_prediction|gold_daily|gold_vs_ma5|gold_vs_ma20|copper_daily|copper_vs_ma5|copper_vs_ma20|a500_vs_ma20|us10y_vs_ma20|RSI14_lag1|DIFF_lag1|DEA_lag1|cn10y_vs_ma20|brent_vs_ma20|dollar_vs_ma20|brent_vs_ma5|a500_vs_ma5
2025,2025-06-03,2025-06-02,965409,2025-06-02,1,base_prediction|gold_daily|gold_vs_ma5|gold_vs_ma20|copper_daily|copper_vs_ma5|copper_vs_ma20|a500_vs_ma20|us10y_vs_ma20|RSI14_lag1|DIFF_lag1|DEA_lag1|cn10y_vs_ma20|brent_vs_ma20|dollar_vs_ma20|brent_vs_ma5|a500_vs_ma5
2025,2025-06-04,2025-06-03,965409,2025-06-03,1,base_prediction|gold_daily|gold_vs_ma5|gold_vs_ma20|copper_daily|copper_vs_ma5|copper_vs_ma20|a500_vs_ma20|us10y_vs_ma20|RSI14_lag1|DIFF_lag1|DEA_lag1|cn10y_vs_ma20|brent_vs_ma20|dollar_vs_ma20|brent_vs_ma5|a500_vs_ma5
2025,2025-06-05,2025-06-04,965409,2025-06-04,2,base_prediction|gold_daily|gold_vs_ma5|gold_vs_ma20|copper_daily|copper_vs_ma5|copper_vs_ma20|a500_vs_ma20|us10y_vs_ma20|RSI14_lag1|DIFF_lag1|DEA_lag1|cn10y_vs_ma20|brent_vs_ma20|dollar_vs_ma20|brent_vs_ma5|a500_vs_ma5
2025,2025-06-09,2025-06-06,965409,2025-06-06,1,base_prediction|gold_daily|gold_vs_ma5|gold_vs_ma20|copper_daily|copper_vs_ma5|copper_vs_ma20|a500_vs_ma20|us10y_vs_ma20|RSI14_lag1|DIFF_lag1|DEA_lag1|cn10y_vs_ma20|brent_vs_ma20|dollar_vs_ma20|brent_vs_ma5|a500_vs_ma5
2025,2025-06-10,2025-06-09,965409,2025-06-09,1,base_prediction|gold_daily|gold_vs_ma5|gold_vs_ma20|copper_daily|copper_vs_ma5|copper_vs_ma20|a500_vs_ma20|us10y_vs_ma20|RSI14_lag1|DIFF_lag1|DEA_lag1|cn10y_vs_ma20|brent_vs_ma20|dollar_vs_ma20|brent_vs_ma5|a500_vs_ma5
2025,2025-06-11,2025-06-10,965409,2025-06-10,1,base_prediction|gold_daily|gold_vs_ma5|gold_vs_ma20|copper_daily|copper_vs_ma5|copper_vs_ma20|a500_vs_ma20|us10y_vs_ma20|RSI14_lag1|DIFF_lag1|DEA_lag1|cn10y_vs_ma20|brent_vs_ma20|dollar_vs_ma20|brent_vs_ma5|a500_vs_ma5
2025,2025-06-12,2025-06-11,965409,2025-06-11,1,base_prediction|gold_daily|gold_vs_ma5|gold_vs_ma20|copper_daily|copper_vs_ma5|copper_vs_ma20|a500_vs_ma20|us10y_vs_ma20|RSI14_lag1|DIFF_lag1|DEA_lag1|cn10y_vs_ma20|brent_vs_ma20|dollar_vs_ma20|brent_vs_ma5|a500_vs_ma5
2025,2025-06-13,2025-06-12,965409,2025-06-12,1,base_prediction|gold_daily|gold_vs_ma5|gold_vs_ma20|copper_daily|copper_vs_ma5|copper_vs_ma20|a500_vs_ma20|us10y_vs_ma20|RSI14_lag1|DIFF_lag1|DEA_lag1|cn10y_vs_ma20|brent_vs_ma20|dollar_vs_ma20|brent_vs_ma5|a500_vs_ma5
2025,2025-06-16,2025-06-13,965409,2025-06-13,1,base_prediction|gold_daily|gold_vs_ma5|gold_vs_ma20|copper_daily|copper_vs_ma5|copper_vs_ma20|a500_vs_ma20|us10y_vs_ma20|RSI14_lag1|DIFF_lag1|DEA_lag1|cn10y_vs_ma20|brent_vs_ma20|dollar_vs_ma20|brent_vs_ma5|a500_vs_ma5
2025,2025-06-17,2025-06-16,965409,2025-06-16,1,base_prediction|gold_daily|gold_vs_ma5|gold_vs_ma20|copper_daily|copper_vs_ma5|copper_vs_ma20|a500_vs_ma20|us10y_vs_ma20|RSI14_lag1|DIFF_lag1|DEA_lag1|cn10y_vs_ma20|brent_vs_ma20|dollar_vs_ma20|brent_vs_ma5|a500_vs_ma5
2025,2025-06-18,2025-06-17,965409,2025-06-17,1,base_prediction|gold_daily|gold_vs_ma5|gold_vs_ma20|copper_daily|copper_vs_ma5|copper_vs_ma20|a500_vs_ma20|us10y_vs_ma20|RSI14_lag1|DIFF_lag1|DEA_lag1|cn10y_vs_ma20|brent_vs_ma20|dollar_vs_ma20|brent_vs_ma5|a500_vs_ma5
2025,2025-06-19,2025-06-18,965409,2025-06-18,1,base_prediction|gold_daily|gold_vs_ma5|gold_vs_ma20|copper_daily|copper_vs_ma5|copper_vs_ma20|a500_vs_ma20|us10y_vs_ma20|RSI14_lag1|DIFF_lag1|DEA_lag1|cn10y_vs_ma20|brent_vs_ma20|dollar_vs_ma20|brent_vs_ma5|a500_vs_ma5
2025,2025-06-20,2025-06-19,965409,2025-06-19,1,base_prediction|gold_daily|gold_vs_ma5|gold_vs_ma20|copper_daily|copper_vs_ma5|copper_vs_ma20|a500_vs_ma20|us10y_vs_ma20|RSI14_lag1|DIFF_lag1|DEA_lag1|cn10y_vs_ma20|brent_vs_ma20|dollar_vs_ma20|brent_vs_ma5|a500_vs_ma5
2025,2025-06-23,2025-06-20,965409,2025-06-20,1,base_prediction|gold_daily|gold_vs_ma5|gold_vs_ma20|copper_daily|copper_vs_ma5|copper_vs_ma20|a500_vs_ma20|us10y_vs_ma20|RSI14_lag1|DIFF_lag1|DEA_lag1|cn10y_vs_ma20|brent_vs_ma20|dollar_vs_ma20|brent_vs_ma5|a500_vs_ma5
2025,2025-06-24,2025-06-23,965409,2025-06-23,1,base_prediction|gold_daily|gold_vs_ma5|gold_vs_ma20|copper_daily|copper_vs_ma5|copper_vs_ma20|a500_vs_ma20|us10y_vs_ma20|RSI14_lag1|DIFF_lag1|DEA_lag1|cn10y_vs_ma20|brent_vs_ma20|dollar_vs_ma20|brent_vs_ma5|a500_vs_ma5
2025,2025-06-25,2025-06-24,965409,2025-06-24,2,base_prediction|gold_daily|gold_vs_ma5|gold_vs_ma20|copper_daily|copper_vs_ma5|copper_vs_ma20|a500_vs_ma20|us10y_vs_ma20|RSI14_lag1|DIFF_lag1|DEA_lag1|cn10y_vs_ma20|brent_vs_ma20|dollar_vs_ma20|brent_vs_ma5|a500_vs_ma5
2025,2025-06-27,2025-06-26,965409,2025-06-26,2,base_prediction|gold_daily|gold_vs_ma5|gold_vs_ma20|copper_daily|copper_vs_ma5|copper_vs_ma20|a500_vs_ma20|us10y_vs_ma20|RSI14_lag1|DIFF_lag1|DEA_lag1|cn10y_vs_ma20|brent_vs_ma20|dollar_vs_ma20|brent_vs_ma5|a500_vs_ma5
2025,2025-07-01,2025-06-30,965409,2025-06-30,2,base_prediction|gold_daily|gold_vs_ma5|gold_vs_ma20|copper_daily|copper_vs_ma5|copper_vs_ma20|a500_vs_ma20|us10y_vs_ma20|RSI14_lag1|DIFF_lag1|DEA_lag1|cn10y_vs_ma20|brent_vs_ma20|dollar_vs_ma20|brent_vs_ma5|a500_vs_ma5
2025,2025-07-03,2025-07-02,965409,2025-07-02,1,base_prediction|gold_daily|gold_vs_ma5|gold_vs_ma20|copper_daily|copper_vs_ma5|copper_vs_ma20|a500_vs_ma20|us10y_vs_ma20|RSI14_lag1|DIFF_lag1|DEA_lag1|cn10y_vs_ma20|brent_vs_ma20|dollar_vs_ma20|brent_vs_ma5|a500_vs_ma5
2025,2025-07-04,2025-07-03,965409,2025-07-03,1,base_prediction|gold_daily|gold_vs_ma5|gold_vs_ma20|copper_daily|copper_vs_ma5|copper_vs_ma20|a500_vs_ma20|us10y_vs_ma20|RSI14_lag1|DIFF_lag1|DEA_lag1|cn10y_vs_ma20|brent_vs_ma20|dollar_vs_ma20|brent_vs_ma5|a500_vs_ma5
2025,2025-07-07,2025-07-04,965409,2025-07-04,2,base_prediction|gold_daily|gold_vs_ma5|gold_vs_ma20|copper_daily|copper_vs_ma5|copper_vs_ma20|a500_vs_ma20|us10y_vs_ma20|RSI14_lag1|DIFF_lag1|DEA_lag1|cn10y_vs_ma20|brent_vs_ma20|dollar_vs_ma20|brent_vs_ma5|a500_vs_ma5
2025,2025-07-09,2025-07-08,640934,2025-07-08,5,base_prediction|gold_daily|gold_vs_ma5|gold_vs_ma20|copper_daily|copper_vs_ma5|copper_vs_ma20|a500_vs_ma20|us10y_vs_ma20|RSI14_lag1|DIFF_lag1|DEA_lag1|cn10y_vs_ma20|brent_vs_ma20|dollar_vs_ma20|brent_vs_ma5|a500_vs_ma5
2025,2025-07-16,2025-07-15,640934,2025-07-15,2,base_prediction|gold_daily|gold_vs_ma5|gold_vs_ma20|copper_daily|copper_vs_ma5|copper_vs_ma20|a500_vs_ma20|us10y_vs_ma20|RSI14_lag1|DIFF_lag1|DEA_lag1|cn10y_vs_ma20|brent_vs_ma20|dollar_vs_ma20|brent_vs_ma5|a500_vs_ma5
2025,2025-07-18,2025-07-17,640934,2025-07-17,1,base_prediction|gold_daily|gold_vs_ma5|gold_vs_ma20|copper_daily|copper_vs_ma5|copper_vs_ma20|a500_vs_ma20|us10y_vs_ma20|RSI14_lag1|DIFF_lag1|DEA_lag1|cn10y_vs_ma20|brent_vs_ma20|dollar_vs_ma20|brent_vs_ma5|a500_vs_ma5
2025,2025-07-21,2025-07-18,640934,2025-07-18,2,base_prediction|gold_daily|gold_vs_ma5|gold_vs_ma20|copper_daily|copper_vs_ma5|copper_vs_ma20|a500_vs_ma20|us10y_vs_ma20|RSI14_lag1|DIFF_lag1|DEA_lag1|cn10y_vs_ma20|brent_vs_ma20|dollar_vs_ma20|brent_vs_ma5|a500_vs_ma5
2025,2025-07-23,2025-07-22,640934,2025-07-22,1,base_prediction|gold_daily|gold_vs_ma5|gold_vs_ma20|copper_daily|copper_vs_ma5|copper_vs_ma20|a500_vs_ma20|us10y_vs_ma20|RSI14_lag1|DIFF_lag1|DEA_lag1|cn10y_vs_ma20|brent_vs_ma20|dollar_vs_ma20|brent_vs_ma5|a500_vs_ma5
2025,2025-07-24,2025-07-23,640934,2025-07-23,1,base_prediction|gold_daily|gold_vs_ma5|gold_vs_ma20|copper_daily|copper_vs_ma5|copper_vs_ma20|a500_vs_ma20|us10y_vs_ma20|RSI14_lag1|DIFF_lag1|DEA_lag1|cn10y_vs_ma20|brent_vs_ma20|dollar_vs_ma20|brent_vs_ma5|a500_vs_ma5
2025,2025-07-25,2025-07-24,640934,2025-07-24,2,base_prediction|gold_daily|gold_vs_ma5|gold_vs_ma20|copper_daily|copper_vs_ma5|copper_vs_ma20|a500_vs_ma20|us10y_vs_ma20|RSI14_lag1|DIFF_lag1|DEA_lag1|cn10y_vs_ma20|brent_vs_ma20|dollar_vs_ma20|brent_vs_ma5|a500_vs_ma5
2025,2025-07-29,2025-07-28,640934,2025-07-28,1,base_prediction|gold_daily|gold_vs_ma5|gold_vs_ma20|copper_daily|copper_vs_ma5|copper_vs_ma20|a500_vs_ma20|us10y_vs_ma20|RSI14_lag1|DIFF_lag1|DEA_lag1|cn10y_vs_ma20|brent_vs_ma20|dollar_vs_ma20|brent_vs_ma5|a500_vs_ma5
2025,2025-07-30,2025-07-29,640934,2025-07-29,1,base_prediction|gold_daily|gold_vs_ma5|gold_vs_ma20|copper_daily|copper_vs_ma5|copper_vs_ma20|a500_vs_ma20|us10y_vs_ma20|RSI14_lag1|DIFF_lag1|DEA_lag1|cn10y_vs_ma20|brent_vs_ma20|dollar_vs_ma20|brent_vs_ma5|a500_vs_ma5
2025,2025-07-31,2025-07-30,640934,2025-07-30,1,base_prediction|gold_daily|gold_vs_ma5|gold_vs_ma20|copper_daily|copper_vs_ma5|copper_vs_ma20|a500_vs_ma20|us10y_vs_ma20|RSI14_lag1|DIFF_lag1|DEA_lag1|cn10y_vs_ma20|brent_vs_ma20|dollar_vs_ma20|brent_vs_ma5|a500_vs_ma5
2025,2025-08-01,2025-07-31,640934,2025-07-31,1,base_prediction|gold_daily|gold_vs_ma5|gold_vs_ma20|copper_daily|copper_vs_ma5|copper_vs_ma20|a500_vs_ma20|us10y_vs_ma20|RSI14_lag1|DIFF_lag1|DEA_lag1|cn10y_vs_ma20|brent_vs_ma20|dollar_vs_ma20|brent_vs_ma5|a500_vs_ma5
2025,2025-08-04,2025-08-01,640934,2025-08-01,4,base_prediction|gold_daily|gold_vs_ma5|gold_vs_ma20|copper_daily|copper_vs_ma5|copper_vs_ma20|a500_vs_ma20|us10y_vs_ma20|RSI14_lag1|DIFF_lag1|DEA_lag1|cn10y_vs_ma20|brent_vs_ma20|dollar_vs_ma20|brent_vs_ma5|a500_vs_ma5
2025,2025-08-08,2025-08-07,640934,2025-08-07,2,base_prediction|gold_daily|gold_vs_ma5|gold_vs_ma20|copper_daily|copper_vs_ma5|copper_vs_ma20|a500_vs_ma20|us10y_vs_ma20|RSI14_lag1|DIFF_lag1|DEA_lag1|cn10y_vs_ma20|brent_vs_ma20|dollar_vs_ma20|brent_vs_ma5|a500_vs_ma5
2025,2025-08-12,2025-08-11,741131,2025-08-11,1,base_prediction|gold_daily|gold_vs_ma5|gold_vs_ma20|copper_daily|copper_vs_ma5|copper_vs_ma20|a500_vs_ma20|us10y_vs_ma20|RSI14_lag1|DIFF_lag1|DEA_lag1|cn10y_vs_ma20|brent_vs_ma20|dollar_vs_ma20|brent_vs_ma5|a500_vs_ma5
2025,2025-08-13,2025-08-12,741131,2025-08-12,2,base_prediction|gold_daily|gold_vs_ma5|gold_vs_ma20|copper_daily|copper_vs_ma5|copper_vs_ma20|a500_vs_ma20|us10y_vs_ma20|RSI14_lag1|DIFF_lag1|DEA_lag1|cn10y_vs_ma20|brent_vs_ma20|dollar_vs_ma20|brent_vs_ma5|a500_vs_ma5
2025,2025-08-15,2025-08-14,741131,2025-08-14,2,base_prediction|gold_daily|gold_vs_ma5|gold_vs_ma20|copper_daily|copper_vs_ma5|copper_vs_ma20|a500_vs_ma20|us10y_vs_ma20|RSI14_lag1|DIFF_lag1|DEA_lag1|cn10y_vs_ma20|brent_vs_ma20|dollar_vs_ma20|brent_vs_ma5|a500_vs_ma5
2025,2025-08-19,2025-08-18,741131,2025-08-18,1,base_prediction|gold_daily|gold_vs_ma5|gold_vs_ma20|copper_daily|copper_vs_ma5|copper_vs_ma20|a500_vs_ma20|us10y_vs_ma20|RSI14_lag1|DIFF_lag1|DEA_lag1|cn10y_vs_ma20|brent_vs_ma20|dollar_vs_ma20|brent_vs_ma5|a500_vs_ma5
2025,2025-08-20,2025-08-19,741131,2025-08-19,1,base_prediction|gold_daily|gold_vs_ma5|gold_vs_ma20|copper_daily|copper_vs_ma5|copper_vs_ma20|a500_vs_ma20|us10y_vs_ma20|RSI14_lag1|DIFF_lag1|DEA_lag1|cn10y_vs_ma20|brent_vs_ma20|dollar_vs_ma20|brent_vs_ma5|a500_vs_ma5
2025,2025-08-21,2025-08-20,741131,2025-08-20,1,base_prediction|gold_daily|gold_vs_ma5|gold_vs_ma20|copper_daily|copper_vs_ma5|copper_vs_ma20|a500_vs_ma20|us10y_vs_ma20|RSI14_lag1|DIFF_lag1|DEA_lag1|cn10y_vs_ma20|brent_vs_ma20|dollar_vs_ma20|brent_vs_ma5|a500_vs_ma5
2025,2025-08-22,2025-08-21,741131,2025-08-21,1,base_prediction|gold_daily|gold_vs_ma5|gold_vs_ma20|copper_daily|copper_vs_ma5|copper_vs_ma20|a500_vs_ma20|us10y_vs_ma20|RSI14_lag1|DIFF_lag1|DEA_lag1|cn10y_vs_ma20|brent_vs_ma20|dollar_vs_ma20|brent_vs_ma5|a500_vs_ma5
2025,2025-08-25,2025-08-22,741131,2025-08-22,3,base_prediction|gold_daily|gold_vs_ma5|gold_vs_ma20|copper_daily|copper_vs_ma5|copper_vs_ma20|a500_vs_ma20|us10y_vs_ma20|RSI14_lag1|DIFF_lag1|DEA_lag1|cn10y_vs_ma20|brent_vs_ma20|dollar_vs_ma20|brent_vs_ma5|a500_vs_ma5
2025,2025-08-28,2025-08-27,42716,2025-08-27,1,base_prediction|gold_daily|gold_vs_ma5|gold_vs_ma20|copper_daily|copper_vs_ma5|copper_vs_ma20|a500_vs_ma20|us10y_vs_ma20|RSI14_lag1|DIFF_lag1|DEA_lag1|cn10y_vs_ma20|brent_vs_ma20|dollar_vs_ma20|brent_vs_ma5|a500_vs_ma5
2025,2025-08-29,2025-08-28,42716,2025-08-28,2,base_prediction|gold_daily|gold_vs_ma5|gold_vs_ma20|copper_daily|copper_vs_ma5|copper_vs_ma20|a500_vs_ma20|us10y_vs_ma20|RSI14_lag1|DIFF_lag1|DEA_lag1|cn10y_vs_ma20|brent_vs_ma20|dollar_vs_ma20|brent_vs_ma5|a500_vs_ma5
2025,2025-09-01,2025-08-31,42716,2025-08-31,2,base_prediction|gold_daily|gold_vs_ma5|gold_vs_ma20|copper_daily|copper_vs_ma5|copper_vs_ma20|a500_vs_ma20|us10y_vs_ma20|RSI14_lag1|DIFF_lag1|DEA_lag1|cn10y_vs_ma20|brent_vs_ma20|dollar_vs_ma20|brent_vs_ma5|a500_vs_ma5
2025,2025-09-03,2025-09-02,42716,2025-09-02,4,base_prediction|gold_daily|gold_vs_ma5|gold_vs_ma20|copper_daily|copper_vs_ma5|copper_vs_ma20|a500_vs_ma20|us10y_vs_ma20|RSI14_lag1|DIFF_lag1|DEA_lag1|cn10y_vs_ma20|brent_vs_ma20|dollar_vs_ma20|brent_vs_ma5|a500_vs_ma5
2025,2025-09-09,2025-09-08,42716,2025-09-08,4,base_prediction|gold_daily|gold_vs_ma5|gold_vs_ma20|copper_daily|copper_vs_ma5|copper_vs_ma20|a500_vs_ma20|us10y_vs_ma20|RSI14_lag1|DIFF_lag1|DEA_lag1|cn10y_vs_ma20|brent_vs_ma20|dollar_vs_ma20|brent_vs_ma5|a500_vs_ma5
2025,2025-09-15,2025-09-12,42716,2025-09-12,1,base_prediction|gold_daily|gold_vs_ma5|gold_vs_ma20|copper_daily|copper_vs_ma5|copper_vs_ma20|a500_vs_ma20|us10y_vs_ma20|RSI14_lag1|DIFF_lag1|DEA_lag1|cn10y_vs_ma20|brent_vs_ma20|dollar_vs_ma20|brent_vs_ma5|a500_vs_ma5
2025,2025-09-16,2025-09-15,42716,2025-09-15,1,base_prediction|gold_daily|gold_vs_ma5|gold_vs_ma20|copper_daily|copper_vs_ma5|copper_vs_ma20|a500_vs_ma20|us10y_vs_ma20|RSI14_lag1|DIFF_lag1|DEA_lag1|cn10y_vs_ma20|brent_vs_ma20|dollar_vs_ma20|brent_vs_ma5|a500_vs_ma5
2025,2025-09-17,2025-09-16,42716,2025-09-16,1,base_prediction|gold_daily|gold_vs_ma5|gold_vs_ma20|copper_daily|copper_vs_ma5|copper_vs_ma20|a500_vs_ma20|us10y_vs_ma20|RSI14_lag1|DIFF_lag1|DEA_lag1|cn10y_vs_ma20|brent_vs_ma20|dollar_vs_ma20|brent_vs_ma5|a500_vs_ma5
2025,2025-09-18,2025-09-17,42716,2025-09-17,1,base_prediction|gold_daily|gold_vs_ma5|gold_vs_ma20|copper_daily|copper_vs_ma5|copper_vs_ma20|a500_vs_ma20|us10y_vs_ma20|RSI14_lag1|DIFF_lag1|DEA_lag1|cn10y_vs_ma20|brent_vs_ma20|dollar_vs_ma20|brent_vs_ma5|a500_vs_ma5
2025,2025-09-19,2025-09-18,42716,2025-09-18,2,base_prediction|gold_daily|gold_vs_ma5|gold_vs_ma20|copper_daily|copper_vs_ma5|copper_vs_ma20|a500_vs_ma20|us10y_vs_ma20|RSI14_lag1|DIFF_lag1|DEA_lag1|cn10y_vs_ma20|brent_vs_ma20|dollar_vs_ma20|brent_vs_ma5|a500_vs_ma5
2025,2025-09-23,2025-09-22,42716,2025-09-22,2,base_prediction|gold_daily|gold_vs_ma5|gold_vs_ma20|copper_daily|copper_vs_ma5|copper_vs_ma20|a500_vs_ma20|us10y_vs_ma20|RSI14_lag1|DIFF_lag1|DEA_lag1|cn10y_vs_ma20|brent_vs_ma20|dollar_vs_ma20|brent_vs_ma5|a500_vs_ma5
2025,2025-09-25,2025-09-24,42716,2025-09-24,1,base_prediction|gold_daily|gold_vs_ma5|gold_vs_ma20|copper_daily|copper_vs_ma5|copper_vs_ma20|a500_vs_ma20|us10y_vs_ma20|RSI14_lag1|DIFF_lag1|DEA_lag1|cn10y_vs_ma20|brent_vs_ma20|dollar_vs_ma20|brent_vs_ma5|a500_vs_ma5
2025,2025-09-26,2025-09-25,42716,2025-09-25,1,base_prediction|gold_daily|gold_vs_ma5|gold_vs_ma20|copper_daily|copper_vs_ma5|copper_vs_ma20|a500_vs_ma20|us10y_vs_ma20|RSI14_lag1|DIFF_lag1|DEA_lag1|cn10y_vs_ma20|brent_vs_ma20|dollar_vs_ma20|brent_vs_ma5|a500_vs_ma5
2025,2025-09-28,2025-09-26,42716,2025-09-26,1,base_prediction|gold_daily|gold_vs_ma5|gold_vs_ma20|copper_daily|copper_vs_ma5|copper_vs_ma20|a500_vs_ma20|us10y_vs_ma20|RSI14_lag1|DIFF_lag1|DEA_lag1|cn10y_vs_ma20|brent_vs_ma20|dollar_vs_ma20|brent_vs_ma5|a500_vs_ma5
2025,2025-09-29,2025-09-28,42716,2025-09-28,8,base_prediction|gold_daily|gold_vs_ma5|gold_vs_ma20|copper_daily|copper_vs_ma5|copper_vs_ma20|a500_vs_ma20|us10y_vs_ma20|RSI14_lag1|DIFF_lag1|DEA_lag1|cn10y_vs_ma20|brent_vs_ma20|dollar_vs_ma20|brent_vs_ma5|a500_vs_ma5
2025,2025-10-09,2025-10-08,42716,2025-10-08,2,base_prediction|gold_daily|gold_vs_ma5|gold_vs_ma20|copper_daily|copper_vs_ma5|copper_vs_ma20|a500_vs_ma20|us10y_vs_ma20|RSI14_lag1|DIFF_lag1|DEA_lag1|cn10y_vs_ma20|brent_vs_ma20|dollar_vs_ma20|brent_vs_ma5|a500_vs_ma5
2025,2025-10-11,2025-10-10,42716,2025-10-10,1,base_prediction|gold_daily|gold_vs_ma5|gold_vs_ma20|copper_daily|copper_vs_ma5|copper_vs_ma20|a500_vs_ma20|us10y_vs_ma20|RSI14_lag1|DIFF_lag1|DEA_lag1|cn10y_vs_ma20|brent_vs_ma20|dollar_vs_ma20|brent_vs_ma5|a500_vs_ma5
2025,2025-10-13,2025-10-11,42716,2025-10-11,2,base_prediction|gold_daily|gold_vs_ma5|gold_vs_ma20|copper_daily|copper_vs_ma5|copper_vs_ma20|a500_vs_ma20|us10y_vs_ma20|RSI14_lag1|DIFF_lag1|DEA_lag1|cn10y_vs_ma20|brent_vs_ma20|dollar_vs_ma20|brent_vs_ma5|a500_vs_ma5
2025,2025-10-15,2025-10-14,42716,2025-10-14,5,base_prediction|gold_daily|gold_vs_ma5|gold_vs_ma20|copper_daily|copper_vs_ma5|copper_vs_ma20|a500_vs_ma20|us10y_vs_ma20|RSI14_lag1|DIFF_lag1|DEA_lag1|cn10y_vs_ma20|brent_vs_ma20|dollar_vs_ma20|brent_vs_ma5|a500_vs_ma5
2025,2025-10-22,2025-10-21,42716,2025-10-21,2,base_prediction|gold_daily|gold_vs_ma5|gold_vs_ma20|copper_daily|copper_vs_ma5|copper_vs_ma20|a500_vs_ma20|us10y_vs_ma20|RSI14_lag1|DIFF_lag1|DEA_lag1|cn10y_vs_ma20|brent_vs_ma20|dollar_vs_ma20|brent_vs_ma5|a500_vs_ma5
2025,2025-10-24,2025-10-23,42716,2025-10-23,4,base_prediction|gold_daily|gold_vs_ma5|gold_vs_ma20|copper_daily|copper_vs_ma5|copper_vs_ma20|a500_vs_ma20|us10y_vs_ma20|RSI14_lag1|DIFF_lag1|DEA_lag1|cn10y_vs_ma20|brent_vs_ma20|dollar_vs_ma20|brent_vs_ma5|a500_vs_ma5
2025,2025-10-30,2025-10-29,42716,2025-10-29,1,base_prediction|gold_daily|gold_vs_ma5|gold_vs_ma20|copper_daily|copper_vs_ma5|copper_vs_ma20|a500_vs_ma20|us10y_vs_ma20|RSI14_lag1|DIFF_lag1|DEA_lag1|cn10y_vs_ma20|brent_vs_ma20|dollar_vs_ma20|brent_vs_ma5|a500_vs_ma5
2025,2025-10-31,2025-10-30,42716,2025-10-30,3,base_prediction|gold_daily|gold_vs_ma5|gold_vs_ma20|copper_daily|copper_vs_ma5|copper_vs_ma20|a500_vs_ma20|us10y_vs_ma20|RSI14_lag1|DIFF_lag1|DEA_lag1|cn10y_vs_ma20|brent_vs_ma20|dollar_vs_ma20|brent_vs_ma5|a500_vs_ma5
2025,2025-11-05,2025-11-04,42716,2025-11-04,1,base_prediction|gold_daily|gold_vs_ma5|gold_vs_ma20|copper_daily|copper_vs_ma5|copper_vs_ma20|a500_vs_ma20|us10y_vs_ma20|RSI14_lag1|DIFF_lag1|DEA_lag1|cn10y_vs_ma20|brent_vs_ma20|dollar_vs_ma20|brent_vs_ma5|a500_vs_ma5
2025,2025-11-06,2025-11-05,42716,2025-11-05,1,base_prediction|gold_daily|gold_vs_ma5|gold_vs_ma20|copper_daily|copper_vs_ma5|copper_vs_ma20|a500_vs_ma20|us10y_vs_ma20|RSI14_lag1|DIFF_lag1|DEA_lag1|cn10y_vs_ma20|brent_vs_ma20|dollar_vs_ma20|brent_vs_ma5|a500_vs_ma5
2025,2025-11-07,2025-11-06,42716,2025-11-06,4,base_prediction|gold_daily|gold_vs_ma5|gold_vs_ma20|copper_daily|copper_vs_ma5|copper_vs_ma20|a500_vs_ma20|us10y_vs_ma20|RSI14_lag1|DIFF_lag1|DEA_lag1|cn10y_vs_ma20|brent_vs_ma20|dollar_vs_ma20|brent_vs_ma5|a500_vs_ma5
2025,2025-11-13,2025-11-12,42716,2025-11-12,1,base_prediction|gold_daily|gold_vs_ma5|gold_vs_ma20|copper_daily|copper_vs_ma5|copper_vs_ma20|a500_vs_ma20|us10y_vs_ma20|RSI14_lag1|DIFF_lag1|DEA_lag1|cn10y_vs_ma20|brent_vs_ma20|dollar_vs_ma20|brent_vs_ma5|a500_vs_ma5
2025,2025-11-14,2025-11-13,42716,2025-11-13,10,base_prediction|gold_daily|gold_vs_ma5|gold_vs_ma20|copper_daily|copper_vs_ma5|copper_vs_ma20|a500_vs_ma20|us10y_vs_ma20|RSI14_lag1|DIFF_lag1|DEA_lag1|cn10y_vs_ma20|brent_vs_ma20|dollar_vs_ma20|brent_vs_ma5|a500_vs_ma5
2025,2025-11-28,2025-11-27,42716,2025-11-27,1,base_prediction|gold_daily|gold_vs_ma5|gold_vs_ma20|copper_daily|copper_vs_ma5|copper_vs_ma20|a500_vs_ma20|us10y_vs_ma20|RSI14_lag1|DIFF_lag1|DEA_lag1|cn10y_vs_ma20|brent_vs_ma20|dollar_vs_ma20|brent_vs_ma5|a500_vs_ma5
2025,2025-12-01,2025-11-28,42716,2025-11-28,2,base_prediction|gold_daily|gold_vs_ma5|gold_vs_ma20|copper_daily|copper_vs_ma5|copper_vs_ma20|a500_vs_ma20|us10y_vs_ma20|RSI14_lag1|DIFF_lag1|DEA_lag1|cn10y_vs_ma20|brent_vs_ma20|dollar_vs_ma20|brent_vs_ma5|a500_vs_ma5
2025,2025-12-03,2025-12-02,42716,2025-12-02,1,base_prediction|gold_daily|gold_vs_ma5|gold_vs_ma20|copper_daily|copper_vs_ma5|copper_vs_ma20|a500_vs_ma20|us10y_vs_ma20|RSI14_lag1|DIFF_lag1|DEA_lag1|cn10y_vs_ma20|brent_vs_ma20|dollar_vs_ma20|brent_vs_ma5|a500_vs_ma5
2025,2025-12-04,2025-12-03,42716,2025-12-03,4,base_prediction|gold_daily|gold_vs_ma5|gold_vs_ma20|copper_daily|copper_vs_ma5|copper_vs_ma20|a500_vs_ma20|us10y_vs_ma20|RSI14_lag1|DIFF_lag1|DEA_lag1|cn10y_vs_ma20|brent_vs_ma20|dollar_vs_ma20|brent_vs_ma5|a500_vs_ma5
2025,2025-12-10,2025-12-09,550343,2025-12-09,2,base_prediction|gold_daily|gold_vs_ma5|gold_vs_ma20|copper_daily|copper_vs_ma5|copper_vs_ma20|a500_vs_ma20|us10y_vs_ma20|RSI14_lag1|DIFF_lag1|DEA_lag1|cn10y_vs_ma20|brent_vs_ma20|dollar_vs_ma20|brent_vs_ma5|a500_vs_ma5
2025,2025-12-12,2025-12-11,550343,2025-12-11,1,base_prediction|gold_daily|gold_vs_ma5|gold_vs_ma20|copper_daily|copper_vs_ma5|copper_vs_ma20|a500_vs_ma20|us10y_vs_ma20|RSI14_lag1|DIFF_lag1|DEA_lag1|cn10y_vs_ma20|brent_vs_ma20|dollar_vs_ma20|brent_vs_ma5|a500_vs_ma5
2025,2025-12-15,2025-12-12,550343,2025-12-12,1,base_prediction|gold_daily|gold_vs_ma5|gold_vs_ma20|copper_daily|copper_vs_ma5|copper_vs_ma20|a500_vs_ma20|us10y_vs_ma20|RSI14_lag1|DIFF_lag1|DEA_lag1|cn10y_vs_ma20|brent_vs_ma20|dollar_vs_ma20|brent_vs_ma5|a500_vs_ma5
2025,2025-12-16,2025-12-15,550343,2025-12-15,1,base_prediction|gold_daily|gold_vs_ma5|gold_vs_ma20|copper_daily|copper_vs_ma5|copper_vs_ma20|a500_vs_ma20|us10y_vs_ma20|RSI14_lag1|DIFF_lag1|DEA_lag1|cn10y_vs_ma20|brent_vs_ma20|dollar_vs_ma20|brent_vs_ma5|a500_vs_ma5
2025,2025-12-17,2025-12-16,550343,2025-12-16,1,base_prediction|gold_daily|gold_vs_ma5|gold_vs_ma20|copper_daily|copper_vs_ma5|copper_vs_ma20|a500_vs_ma20|us10y_vs_ma20|RSI14_lag1|DIFF_lag1|DEA_lag1|cn10y_vs_ma20|brent_vs_ma20|dollar_vs_ma20|brent_vs_ma5|a500_vs_ma5
2025,2025-12-18,2025-12-17,798291,2025-12-17,1,base_prediction|gold_daily|gold_vs_ma5|gold_vs_ma20|copper_daily|copper_vs_ma5|copper_vs_ma20|a500_vs_ma20|us10y_vs_ma20|RSI14_lag1|DIFF_lag1|DEA_lag1|cn10y_vs_ma20|brent_vs_ma20|dollar_vs_ma20|brent_vs_ma5|a500_vs_ma5
2025,2025-12-19,2025-12-18,798291,2025-12-18,1,base_prediction|gold_daily|gold_vs_ma5|gold_vs_ma20|copper_daily|copper_vs_ma5|copper_vs_ma20|a500_vs_ma20|us10y_vs_ma20|RSI14_lag1|DIFF_lag1|DEA_lag1|cn10y_vs_ma20|brent_vs_ma20|dollar_vs_ma20|brent_vs_ma5|a500_vs_ma5
2025,2025-12-22,2025-12-19,798291,2025-12-19,1,base_prediction|gold_daily|gold_vs_ma5|gold_vs_ma20|copper_daily|copper_vs_ma5|copper_vs_ma20|a500_vs_ma20|us10y_vs_ma20|RSI14_lag1|DIFF_lag1|DEA_lag1|cn10y_vs_ma20|brent_vs_ma20|dollar_vs_ma20|brent_vs_ma5|a500_vs_ma5
2025,2025-12-23,2025-12-22,798291,2025-12-22,1,base_prediction|gold_daily|gold_vs_ma5|gold_vs_ma20|copper_daily|copper_vs_ma5|copper_vs_ma20|a500_vs_ma20|us10y_vs_ma20|RSI14_lag1|DIFF_lag1|DEA_lag1|cn10y_vs_ma20|brent_vs_ma20|dollar_vs_ma20|brent_vs_ma5|a500_vs_ma5
2025,2025-12-24,2025-12-23,798291,2025-12-23,4,base_prediction|gold_daily|gold_vs_ma5|gold_vs_ma20|copper_daily|copper_vs_ma5|copper_vs_ma20|a500_vs_ma20|us10y_vs_ma20|RSI14_lag1|DIFF_lag1|DEA_lag1|cn10y_vs_ma20|brent_vs_ma20|dollar_vs_ma20|brent_vs_ma5|a500_vs_ma5
2025,2025-12-30,2025-12-29,550343,2025-12-29,1,base_prediction|gold_daily|gold_vs_ma5|gold_vs_ma20|copper_daily|copper_vs_ma5|copper_vs_ma20|a500_vs_ma20|us10y_vs_ma20|RSI14_lag1|DIFF_lag1|DEA_lag1|cn10y_vs_ma20|brent_vs_ma20|dollar_vs_ma20|brent_vs_ma5|a500_vs_ma5
2025,2025-12-31,2025-12-30,550343,2025-12-30,1,base_prediction|gold_daily|gold_vs_ma5|gold_vs_ma20|copper_daily|copper_vs_ma5|copper_vs_ma20|a500_vs_ma20|us10y_vs_ma20|RSI14_lag1|DIFF_lag1|DEA_lag1|cn10y_vs_ma20|brent_vs_ma20|dollar_vs_ma20|brent_vs_ma5|a500_vs_ma5
2026,2026-01-01,,550343,2025-12-31,2,base_prediction|gold_daily|gold_vs_ma5|gold_vs_ma20|copper_daily|copper_vs_ma5|copper_vs_ma20|a500_vs_ma20|us10y_vs_ma20|RSI14_lag1|DIFF_lag1|DEA_lag1|cn10y_vs_ma20|brent_vs_ma20|dollar_vs_ma20|brent_vs_ma5|a500_vs_ma5
2026,2026-01-04,2026-01-02,550343,2026-01-02,1,base_prediction|gold_daily|gold_vs_ma5|gold_vs_ma20|copper_daily|copper_vs_ma5|copper_vs_ma20|a500_vs_ma20|us10y_vs_ma20|RSI14_lag1|DIFF_lag1|DEA_lag1|cn10y_vs_ma20|brent_vs_ma20|dollar_vs_ma20|brent_vs_ma5|a500_vs_ma5
2026,2026-01-05,2026-01-04,550343,2026-01-04,4,base_prediction|gold_daily|gold_vs_ma5|gold_vs_ma20|copper_daily|copper_vs_ma5|copper_vs_ma20|a500_vs_ma20|us10y_vs_ma20|RSI14_lag1|DIFF_lag1|DEA_lag1|cn10y_vs_ma20|brent_vs_ma20|dollar_vs_ma20|brent_vs_ma5|a500_vs_ma5
2026,2026-01-09,2026-01-08,550343,2026-01-08,1,base_prediction|gold_daily|gold_vs_ma5|gold_vs_ma20|copper_daily|copper_vs_ma5|copper_vs_ma20|a500_vs_ma20|us10y_vs_ma20|RSI14_lag1|DIFF_lag1|DEA_lag1|cn10y_vs_ma20|brent_vs_ma20|dollar_vs_ma20|brent_vs_ma5|a500_vs_ma5
2026,2026-01-12,2026-01-09,550343,2026-01-09,1,base_prediction|gold_daily|gold_vs_ma5|gold_vs_ma20|copper_daily|copper_vs_ma5|copper_vs_ma20|a500_vs_ma20|us10y_vs_ma20|RSI14_lag1|DIFF_lag1|DEA_lag1|cn10y_vs_ma20|brent_vs_ma20|dollar_vs_ma20|brent_vs_ma5|a500_vs_ma5
2026,2026-01-13,2026-01-12,550343,2026-01-12,4,base_prediction|gold_daily|gold_vs_ma5|gold_vs_ma20|copper_daily|copper_vs_ma5|copper_vs_ma20|a500_vs_ma20|us10y_vs_ma20|RSI14_lag1|DIFF_lag1|DEA_lag1|cn10y_vs_ma20|brent_vs_ma20|dollar_vs_ma20|brent_vs_ma5|a500_vs_ma5
2026,2026-01-18,2026-01-16,550343,2026-01-16,1,base_prediction|gold_daily|gold_vs_ma5|gold_vs_ma20|copper_daily|copper_vs_ma5|copper_vs_ma20|a500_vs_ma20|us10y_vs_ma20|RSI14_lag1|DIFF_lag1|DEA_lag1|cn10y_vs_ma20|brent_vs_ma20|dollar_vs_ma20|brent_vs_ma5|a500_vs_ma5
2026,2026-01-19,2026-01-18,550343,2026-01-18,3,base_prediction|gold_daily|gold_vs_ma5|gold_vs_ma20|copper_daily|copper_vs_ma5|copper_vs_ma20|a500_vs_ma20|us10y_vs_ma20|RSI14_lag1|DIFF_lag1|DEA_lag1|cn10y_vs_ma20|brent_vs_ma20|dollar_vs_ma20|brent_vs_ma5|a500_vs_ma5
2026,2026-01-22,2026-01-21,550343,2026-01-21,2,base_prediction|gold_daily|gold_vs_ma5|gold_vs_ma20|copper_daily|copper_vs_ma5|copper_vs_ma20|a500_vs_ma20|us10y_vs_ma20|RSI14_lag1|DIFF_lag1|DEA_lag1|cn10y_vs_ma20|brent_vs_ma20|dollar_vs_ma20|brent_vs_ma5|a500_vs_ma5
2026,2026-01-26,2026-01-23,550343,2026-01-23,1,base_prediction|gold_daily|gold_vs_ma5|gold_vs_ma20|copper_daily|copper_vs_ma5|copper_vs_ma20|a500_vs_ma20|us10y_vs_ma20|RSI14_lag1|DIFF_lag1|DEA_lag1|cn10y_vs_ma20|brent_vs_ma20|dollar_vs_ma20|brent_vs_ma5|a500_vs_ma5
2026,2026-01-27,2026-01-26,550343,2026-01-26,1,base_prediction|gold_daily|gold_vs_ma5|gold_vs_ma20|copper_daily|copper_vs_ma5|copper_vs_ma20|a500_vs_ma20|us10y_vs_ma20|RSI14_lag1|DIFF_lag1|DEA_lag1|cn10y_vs_ma20|brent_vs_ma20|dollar_vs_ma20|brent_vs_ma5|a500_vs_ma5
2026,2026-01-28,2026-01-27,550343,2026-01-27,1,base_prediction|gold_daily|gold_vs_ma5|gold_vs_ma20|copper_daily|copper_vs_ma5|copper_vs_ma20|a500_vs_ma20|us10y_vs_ma20|RSI14_lag1|DIFF_lag1|DEA_lag1|cn10y_vs_ma20|brent_vs_ma20|dollar_vs_ma20|brent_vs_ma5|a500_vs_ma5
2026,2026-01-29,2026-01-28,550343,2026-01-28,1,base_prediction|gold_daily|gold_vs_ma5|gold_vs_ma20|copper_daily|copper_vs_ma5|copper_vs_ma20|a500_vs_ma20|us10y_vs_ma20|RSI14_lag1|DIFF_lag1|DEA_lag1|cn10y_vs_ma20|brent_vs_ma20|dollar_vs_ma20|brent_vs_ma5|a500_vs_ma5
2026,2026-01-30,2026-01-29,550343,2026-01-29,1,base_prediction|gold_daily|gold_vs_ma5|gold_vs_ma20|copper_daily|copper_vs_ma5|copper_vs_ma20|a500_vs_ma20|us10y_vs_ma20|RSI14_lag1|DIFF_lag1|DEA_lag1|cn10y_vs_ma20|brent_vs_ma20|dollar_vs_ma20|brent_vs_ma5|a500_vs_ma5
2026,2026-02-02,2026-01-30,550343,2026-01-30,1,base_prediction|gold_daily|gold_vs_ma5|gold_vs_ma20|copper_daily|copper_vs_ma5|copper_vs_ma20|a500_vs_ma20|us10y_vs_ma20|RSI14_lag1|DIFF_lag1|DEA_lag1|cn10y_vs_ma20|brent_vs_ma20|dollar_vs_ma20|brent_vs_ma5|a500_vs_ma5
2026,2026-02-03,2026-02-02,550343,2026-02-02,1,base_prediction|gold_daily|gold_vs_ma5|gold_vs_ma20|copper_daily|copper_vs_ma5|copper_vs_ma20|a500_vs_ma20|us10y_vs_ma20|RSI14_lag1|DIFF_lag1|DEA_lag1|cn10y_vs_ma20|brent_vs_ma20|dollar_vs_ma20|brent_vs_ma5|a500_vs_ma5
2026,2026-02-04,2026-02-03,550343,2026-02-03,1,base_prediction|gold_daily|gold_vs_ma5|gold_vs_ma20|copper_daily|copper_vs_ma5|copper_vs_ma20|a500_vs_ma20|us10y_vs_ma20|RSI14_lag1|DIFF_lag1|DEA_lag1|cn10y_vs_ma20|brent_vs_ma20|dollar_vs_ma20|brent_vs_ma5|a500_vs_ma5
2026,2026-02-05,2026-02-04,550343,2026-02-04,1,base_prediction|gold_daily|gold_vs_ma5|gold_vs_ma20|copper_daily|copper_vs_ma5|copper_vs_ma20|a500_vs_ma20|us10y_vs_ma20|RSI14_lag1|DIFF_lag1|DEA_lag1|cn10y_vs_ma20|brent_vs_ma20|dollar_vs_ma20|brent_vs_ma5|a500_vs_ma5
2026,2026-02-06,2026-02-05,550343,2026-02-05,2,base_prediction|gold_daily|gold_vs_ma5|gold_vs_ma20|copper_daily|copper_vs_ma5|copper_vs_ma20|a500_vs_ma20|us10y_vs_ma20|RSI14_lag1|DIFF_lag1|DEA_lag1|cn10y_vs_ma20|brent_vs_ma20|dollar_vs_ma20|brent_vs_ma5|a500_vs_ma5
2026,2026-02-10,2026-02-09,550343,2026-02-09,1,base_prediction|gold_daily|gold_vs_ma5|gold_vs_ma20|copper_daily|copper_vs_ma5|copper_vs_ma20|a500_vs_ma20|us10y_vs_ma20|RSI14_lag1|DIFF_lag1|DEA_lag1|cn10y_vs_ma20|brent_vs_ma20|dollar_vs_ma20|brent_vs_ma5|a500_vs_ma5
2026,2026-02-11,2026-02-10,550343,2026-02-10,1,base_prediction|gold_daily|gold_vs_ma5|gold_vs_ma20|copper_daily|copper_vs_ma5|copper_vs_ma20|a500_vs_ma20|us10y_vs_ma20|RSI14_lag1|DIFF_lag1|DEA_lag1|cn10y_vs_ma20|brent_vs_ma20|dollar_vs_ma20|brent_vs_ma5|a500_vs_ma5
2026,2026-02-12,2026-02-11,550343,2026-02-11,1,base_prediction|gold_daily|gold_vs_ma5|gold_vs_ma20|copper_daily|copper_vs_ma5|copper_vs_ma20|a500_vs_ma20|us10y_vs_ma20|RSI14_lag1|DIFF_lag1|DEA_lag1|cn10y_vs_ma20|brent_vs_ma20|dollar_vs_ma20|brent_vs_ma5|a500_vs_ma5
2026,2026-02-13,2026-02-12,550343,2026-02-12,2,base_prediction|gold_daily|gold_vs_ma5|gold_vs_ma20|copper_daily|copper_vs_ma5|copper_vs_ma20|a500_vs_ma20|us10y_vs_ma20|RSI14_lag1|DIFF_lag1|DEA_lag1|cn10y_vs_ma20|brent_vs_ma20|dollar_vs_ma20|brent_vs_ma5|a500_vs_ma5
2026,2026-02-15,2026-02-14,550343,2026-02-14,2,base_prediction|gold_daily|gold_vs_ma5|gold_vs_ma20|copper_daily|copper_vs_ma5|copper_vs_ma20|a500_vs_ma20|us10y_vs_ma20|RSI14_lag1|DIFF_lag1|DEA_lag1|cn10y_vs_ma20|brent_vs_ma20|dollar_vs_ma20|brent_vs_ma5|a500_vs_ma5
2026,2026-02-17,2026-02-16,550343,2026-02-16,1,base_prediction|gold_daily|gold_vs_ma5|gold_vs_ma20|copper_daily|copper_vs_ma5|copper_vs_ma20|a500_vs_ma20|us10y_vs_ma20|RSI14_lag1|DIFF_lag1|DEA_lag1|cn10y_vs_ma20|brent_vs_ma20|dollar_vs_ma20|brent_vs_ma5|a500_vs_ma5
2026,2026-02-18,2026-02-17,550343,2026-02-17,1,base_prediction|gold_daily|gold_vs_ma5|gold_vs_ma20|copper_daily|copper_vs_ma5|copper_vs_ma20|a500_vs_ma20|us10y_vs_ma20|RSI14_lag1|DIFF_lag1|DEA_lag1|cn10y_vs_ma20|brent_vs_ma20|dollar_vs_ma20|brent_vs_ma5|a500_vs_ma5
2026,2026-02-19,2026-02-18,550343,2026-02-18,5,base_prediction|gold_daily|gold_vs_ma5|gold_vs_ma20|copper_daily|copper_vs_ma5|copper_vs_ma20|a500_vs_ma20|us10y_vs_ma20|RSI14_lag1|DIFF_lag1|DEA_lag1|cn10y_vs_ma20|brent_vs_ma20|dollar_vs_ma20|brent_vs_ma5|a500_vs_ma5
2026,2026-02-26,2026-02-25,550343,2026-02-25,1,base_prediction|gold_daily|gold_vs_ma5|gold_vs_ma20|copper_daily|copper_vs_ma5|copper_vs_ma20|a500_vs_ma20|us10y_vs_ma20|RSI14_lag1|DIFF_lag1|DEA_lag1|cn10y_vs_ma20|brent_vs_ma20|dollar_vs_ma20|brent_vs_ma5|a500_vs_ma5
2026,2026-02-27,2026-02-26,550343,2026-02-26,1,base_prediction|gold_daily|gold_vs_ma5|gold_vs_ma20|copper_daily|copper_vs_ma5|copper_vs_ma20|a500_vs_ma20|us10y_vs_ma20|RSI14_lag1|DIFF_lag1|DEA_lag1|cn10y_vs_ma20|brent_vs_ma20|dollar_vs_ma20|brent_vs_ma5|a500_vs_ma5
2026,2026-02-28,2026-02-27,550343,2026-02-27,1,base_prediction|gold_daily|gold_vs_ma5|gold_vs_ma20|copper_daily|copper_vs_ma5|copper_vs_ma20|a500_vs_ma20|us10y_vs_ma20|RSI14_lag1|DIFF_lag1|DEA_lag1|cn10y_vs_ma20|brent_vs_ma20|dollar_vs_ma20|brent_vs_ma5|a500_vs_ma5
2026,2026-03-02,2026-02-28,550343,2026-02-28,2,base_prediction|gold_daily|gold_vs_ma5|gold_vs_ma20|copper_daily|copper_vs_ma5|copper_vs_ma20|a500_vs_ma20|us10y_vs_ma20|RSI14_lag1|DIFF_lag1|DEA_lag1|cn10y_vs_ma20|brent_vs_ma20|dollar_vs_ma20|brent_vs_ma5|a500_vs_ma5
2026,2026-03-04,2026-03-03,550343,2026-03-03,1,base_prediction|gold_daily|gold_vs_ma5|gold_vs_ma20|copper_daily|copper_vs_ma5|copper_vs_ma20|a500_vs_ma20|us10y_vs_ma20|RSI14_lag1|DIFF_lag1|DEA_lag1|cn10y_vs_ma20|brent_vs_ma20|dollar_vs_ma20|brent_vs_ma5|a500_vs_ma5
2026,2026-03-05,2026-03-04,550343,2026-03-04,1,base_prediction|gold_daily|gold_vs_ma5|gold_vs_ma20|copper_daily|copper_vs_ma5|copper_vs_ma20|a500_vs_ma20|us10y_vs_ma20|RSI14_lag1|DIFF_lag1|DEA_lag1|cn10y_vs_ma20|brent_vs_ma20|dollar_vs_ma20|brent_vs_ma5|a500_vs_ma5
2026,2026-03-06,2026-03-05,550343,2026-03-05,3,base_prediction|gold_daily|gold_vs_ma5|gold_vs_ma20|copper_daily|copper_vs_ma5|copper_vs_ma20|a500_vs_ma20|us10y_vs_ma20|RSI14_lag1|DIFF_lag1|DEA_lag1|cn10y_vs_ma20|brent_vs_ma20|dollar_vs_ma20|brent_vs_ma5|a500_vs_ma5
2026,2026-03-11,2026-03-10,550343,2026-03-10,1,base_prediction|gold_daily|gold_vs_ma5|gold_vs_ma20|copper_daily|copper_vs_ma5|copper_vs_ma20|a500_vs_ma20|us10y_vs_ma20|RSI14_lag1|DIFF_lag1|DEA_lag1|cn10y_vs_ma20|brent_vs_ma20|dollar_vs_ma20|brent_vs_ma5|a500_vs_ma5
2026,2026-03-12,2026-03-11,550343,2026-03-11,3,base_prediction|gold_daily|gold_vs_ma5|gold_vs_ma20|copper_daily|copper_vs_ma5|copper_vs_ma20|a500_vs_ma20|us10y_vs_ma20|RSI14_lag1|DIFF_lag1|DEA_lag1|cn10y_vs_ma20|brent_vs_ma20|dollar_vs_ma20|brent_vs_ma5|a500_vs_ma5
2026,2026-03-17,2026-03-16,550343,2026-03-16,1,base_prediction|gold_daily|gold_vs_ma5|gold_vs_ma20|copper_daily|copper_vs_ma5|copper_vs_ma20|a500_vs_ma20|us10y_vs_ma20|RSI14_lag1|DIFF_lag1|DEA_lag1|cn10y_vs_ma20|brent_vs_ma20|dollar_vs_ma20|brent_vs_ma5|a500_vs_ma5
2026,2026-03-18,2026-03-17,550343,2026-03-17,1,base_prediction|gold_daily|gold_vs_ma5|gold_vs_ma20|copper_daily|copper_vs_ma5|copper_vs_ma20|a500_vs_ma20|us10y_vs_ma20|RSI14_lag1|DIFF_lag1|DEA_lag1|cn10y_vs_ma20|brent_vs_ma20|dollar_vs_ma20|brent_vs_ma5|a500_vs_ma5
2026,2026-03-19,2026-03-18,550343,2026-03-18,1,base_prediction|gold_daily|gold_vs_ma5|gold_vs_ma20|copper_daily|copper_vs_ma5|copper_vs_ma20|a500_vs_ma20|us10y_vs_ma20|RSI14_lag1|DIFF_lag1|DEA_lag1|cn10y_vs_ma20|brent_vs_ma20|dollar_vs_ma20|brent_vs_ma5|a500_vs_ma5
2026,2026-03-20,2026-03-19,550343,2026-03-19,1,base_prediction|gold_daily|gold_vs_ma5|gold_vs_ma20|copper_daily|copper_vs_ma5|copper_vs_ma20|a500_vs_ma20|us10y_vs_ma20|RSI14_lag1|DIFF_lag1|DEA_lag1|cn10y_vs_ma20|brent_vs_ma20|dollar_vs_ma20|brent_vs_ma5|a500_vs_ma5
2026,2026-03-23,2026-03-20,550343,2026-03-20,1,base_prediction|gold_daily|gold_vs_ma5|gold_vs_ma20|copper_daily|copper_vs_ma5|copper_vs_ma20|a500_vs_ma20|us10y_vs_ma20|RSI14_lag1|DIFF_lag1|DEA_lag1|cn10y_vs_ma20|brent_vs_ma20|dollar_vs_ma20|brent_vs_ma5|a500_vs_ma5
2026,2026-03-24,2026-03-23,550343,2026-03-23,1,base_prediction|gold_daily|gold_vs_ma5|gold_vs_ma20|copper_daily|copper_vs_ma5|copper_vs_ma20|a500_vs_ma20|us10y_vs_ma20|RSI14_lag1|DIFF_lag1|DEA_lag1|cn10y_vs_ma20|brent_vs_ma20|dollar_vs_ma20|brent_vs_ma5|a500_vs_ma5
2026,2026-03-25,2026-03-24,550343,2026-03-24,1,base_prediction|gold_daily|gold_vs_ma5|gold_vs_ma20|copper_daily|copper_vs_ma5|copper_vs_ma20|a500_vs_ma20|us10y_vs_ma20|RSI14_lag1|DIFF_lag1|DEA_lag1|cn10y_vs_ma20|brent_vs_ma20|dollar_vs_ma20|brent_vs_ma5|a500_vs_ma5
2026,2026-03-26,2026-03-25,785634,2026-03-25,2,base_prediction|gold_daily|gold_vs_ma5|gold_vs_ma20|copper_daily|copper_vs_ma5|copper_vs_ma20|a500_vs_ma20|us10y_vs_ma20|RSI14_lag1|DIFF_lag1|DEA_lag1|cn10y_vs_ma20|brent_vs_ma20|dollar_vs_ma20|brent_vs_ma5|a500_vs_ma5
2026,2026-03-30,2026-03-27,785634,2026-03-27,1,base_prediction|gold_daily|gold_vs_ma5|gold_vs_ma20|copper_daily|copper_vs_ma5|copper_vs_ma20|a500_vs_ma20|us10y_vs_ma20|RSI14_lag1|DIFF_lag1|DEA_lag1|cn10y_vs_ma20|brent_vs_ma20|dollar_vs_ma20|brent_vs_ma5|a500_vs_ma5
2026,2026-03-31,2026-03-30,785634,2026-03-30,1,base_prediction|gold_daily|gold_vs_ma5|gold_vs_ma20|copper_daily|copper_vs_ma5|copper_vs_ma20|a500_vs_ma20|us10y_vs_ma20|RSI14_lag1|DIFF_lag1|DEA_lag1|cn10y_vs_ma20|brent_vs_ma20|dollar_vs_ma20|brent_vs_ma5|a500_vs_ma5
2026,2026-04-01,2026-03-31,785634,2026-03-31,1,base_prediction|gold_daily|gold_vs_ma5|gold_vs_ma20|copper_daily|copper_vs_ma5|copper_vs_ma20|a500_vs_ma20|us10y_vs_ma20|RSI14_lag1|DIFF_lag1|DEA_lag1|cn10y_vs_ma20|brent_vs_ma20|dollar_vs_ma20|brent_vs_ma5|a500_vs_ma5
2026,2026-04-02,2026-04-01,785634,2026-04-01,1,base_prediction|gold_daily|gold_vs_ma5|gold_vs_ma20|copper_daily|copper_vs_ma5|copper_vs_ma20|a500_vs_ma20|us10y_vs_ma20|RSI14_lag1|DIFF_lag1|DEA_lag1|cn10y_vs_ma20|brent_vs_ma20|dollar_vs_ma20|brent_vs_ma5|a500_vs_ma5
2026,2026-04-03,2026-04-02,785634,2026-04-02,4,base_prediction|gold_daily|gold_vs_ma5|gold_vs_ma20|copper_daily|copper_vs_ma5|copper_vs_ma20|a500_vs_ma20|us10y_vs_ma20|RSI14_lag1|DIFF_lag1|DEA_lag1|cn10y_vs_ma20|brent_vs_ma20|dollar_vs_ma20|brent_vs_ma5|a500_vs_ma5
2026,2026-04-09,2026-04-08,785634,2026-04-08,3,base_prediction|gold_daily|gold_vs_ma5|gold_vs_ma20|copper_daily|copper_vs_ma5|copper_vs_ma20|a500_vs_ma20|us10y_vs_ma20|RSI14_lag1|DIFF_lag1|DEA_lag1|cn10y_vs_ma20|brent_vs_ma20|dollar_vs_ma20|brent_vs_ma5|a500_vs_ma5
2026,2026-04-14,2026-04-13,798291,2026-04-13,1,base_prediction|gold_daily|gold_vs_ma5|gold_vs_ma20|copper_daily|copper_vs_ma5|copper_vs_ma20|a500_vs_ma20|us10y_vs_ma20|RSI14_lag1|DIFF_lag1|DEA_lag1|cn10y_vs_ma20|brent_vs_ma20|dollar_vs_ma20|brent_vs_ma5|a500_vs_ma5
2026,2026-04-15,2026-04-14,640934,2026-04-14,1,base_prediction|gold_daily|gold_vs_ma5|gold_vs_ma20|copper_daily|copper_vs_ma5|copper_vs_ma20|a500_vs_ma20|us10y_vs_ma20|RSI14_lag1|DIFF_lag1|DEA_lag1|cn10y_vs_ma20|brent_vs_ma20|dollar_vs_ma20|brent_vs_ma5|a500_vs_ma5
2026,2026-04-16,2026-04-15,640934,2026-04-15,1,base_prediction|gold_daily|gold_vs_ma5|gold_vs_ma20|copper_daily|copper_vs_ma5|copper_vs_ma20|a500_vs_ma20|us10y_vs_ma20|RSI14_lag1|DIFF_lag1|DEA_lag1|cn10y_vs_ma20|brent_vs_ma20|dollar_vs_ma20|brent_vs_ma5|a500_vs_ma5
2026,2026-04-17,2026-04-16,640934,2026-04-16,1,base_prediction|gold_daily|gold_vs_ma5|gold_vs_ma20|copper_daily|copper_vs_ma5|copper_vs_ma20|a500_vs_ma20|us10y_vs_ma20|RSI14_lag1|DIFF_lag1|DEA_lag1|cn10y_vs_ma20|brent_vs_ma20|dollar_vs_ma20|brent_vs_ma5|a500_vs_ma5
2026,2026-04-20,2026-04-17,640934,2026-04-17,1,base_prediction|gold_daily|gold_vs_ma5|gold_vs_ma20|copper_daily|copper_vs_ma5|copper_vs_ma20|a500_vs_ma20|us10y_vs_ma20|RSI14_lag1|DIFF_lag1|DEA_lag1|cn10y_vs_ma20|brent_vs_ma20|dollar_vs_ma20|brent_vs_ma5|a500_vs_ma5
2026,2026-04-21,2026-04-20,640934,2026-04-20,1,base_prediction|gold_daily|gold_vs_ma5|gold_vs_ma20|copper_daily|copper_vs_ma5|copper_vs_ma20|a500_vs_ma20|us10y_vs_ma20|RSI14_lag1|DIFF_lag1|DEA_lag1|cn10y_vs_ma20|brent_vs_ma20|dollar_vs_ma20|brent_vs_ma5|a500_vs_ma5
2026,2026-04-22,2026-04-21,640934,2026-04-21,1,base_prediction|gold_daily|gold_vs_ma5|gold_vs_ma20|copper_daily|copper_vs_ma5|copper_vs_ma20|a500_vs_ma20|us10y_vs_ma20|RSI14_lag1|DIFF_lag1|DEA_lag1|cn10y_vs_ma20|brent_vs_ma20|dollar_vs_ma20|brent_vs_ma5|a500_vs_ma5
2026,2026-04-23,2026-04-22,640934,2026-04-22,1,base_prediction|gold_daily|gold_vs_ma5|gold_vs_ma20|copper_daily|copper_vs_ma5|copper_vs_ma20|a500_vs_ma20|us10y_vs_ma20|RSI14_lag1|DIFF_lag1|DEA_lag1|cn10y_vs_ma20|brent_vs_ma20|dollar_vs_ma20|brent_vs_ma5|a500_vs_ma5
2026,2026-04-24,2026-04-23,640934,2026-04-23,2,base_prediction|gold_daily|gold_vs_ma5|gold_vs_ma20|copper_daily|copper_vs_ma5|copper_vs_ma20|a500_vs_ma20|us10y_vs_ma20|RSI14_lag1|DIFF_lag1|DEA_lag1|cn10y_vs_ma20|brent_vs_ma20|dollar_vs_ma20|brent_vs_ma5|a500_vs_ma5
2026,2026-04-28,2026-04-27,640934,2026-04-27,1,base_prediction|gold_daily|gold_vs_ma5|gold_vs_ma20|copper_daily|copper_vs_ma5|copper_vs_ma20|a500_vs_ma20|us10y_vs_ma20|RSI14_lag1|DIFF_lag1|DEA_lag1|cn10y_vs_ma20|brent_vs_ma20|dollar_vs_ma20|brent_vs_ma5|a500_vs_ma5
2026,2026-04-29,2026-04-28,640934,2026-04-28,1,base_prediction|gold_daily|gold_vs_ma5|gold_vs_ma20|copper_daily|copper_vs_ma5|copper_vs_ma20|a500_vs_ma20|us10y_vs_ma20|RSI14_lag1|DIFF_lag1|DEA_lag1|cn10y_vs_ma20|brent_vs_ma20|dollar_vs_ma20|brent_vs_ma5|a500_vs_ma5
2026,2026-04-30,2026-04-29,640934,2026-04-29,1,base_prediction|gold_daily|gold_vs_ma5|gold_vs_ma20|copper_daily|copper_vs_ma5|copper_vs_ma20|a500_vs_ma20|us10y_vs_ma20|RSI14_lag1|DIFF_lag1|DEA_lag1|cn10y_vs_ma20|brent_vs_ma20|dollar_vs_ma20|brent_vs_ma5|a500_vs_ma5
2026,2026-05-01,2026-04-30,640934,2026-04-30,1,base_prediction|gold_daily|gold_vs_ma5|gold_vs_ma20|copper_daily|copper_vs_ma5|copper_vs_ma20|a500_vs_ma20|us10y_vs_ma20|RSI14_lag1|DIFF_lag1|DEA_lag1|cn10y_vs_ma20|brent_vs_ma20|dollar_vs_ma20|brent_vs_ma5|a500_vs_ma5
2026,2026-05-04,2026-05-01,640934,2026-05-01,3,base_prediction|gold_daily|gold_vs_ma5|gold_vs_ma20|copper_daily|copper_vs_ma5|copper_vs_ma20|a500_vs_ma20|us10y_vs_ma20|RSI14_lag1|DIFF_lag1|DEA_lag1|cn10y_vs_ma20|brent_vs_ma20|dollar_vs_ma20|brent_vs_ma5|a500_vs_ma5
2026,2026-05-07,2026-05-06,965409,2026-05-06,1,base_prediction|gold_daily|gold_vs_ma5|gold_vs_ma20|copper_daily|copper_vs_ma5|copper_vs_ma20|a500_vs_ma20|us10y_vs_ma20|RSI14_lag1|DIFF_lag1|DEA_lag1|cn10y_vs_ma20|brent_vs_ma20|dollar_vs_ma20|brent_vs_ma5|a500_vs_ma5
2026,2026-05-08,2026-05-07,965409,2026-05-07,1,base_prediction|gold_daily|gold_vs_ma5|gold_vs_ma20|copper_daily|copper_vs_ma5|copper_vs_ma20|a500_vs_ma20|us10y_vs_ma20|RSI14_lag1|DIFF_lag1|DEA_lag1|cn10y_vs_ma20|brent_vs_ma20|dollar_vs_ma20|brent_vs_ma5|a500_vs_ma5
2026,2026-05-09,2026-05-08,640934,2026-05-08,3,base_prediction|gold_daily|gold_vs_ma5|gold_vs_ma20|copper_daily|copper_vs_ma5|copper_vs_ma20|a500_vs_ma20|us10y_vs_ma20|RSI14_lag1|DIFF_lag1|DEA_lag1|cn10y_vs_ma20|brent_vs_ma20|dollar_vs_ma20|brent_vs_ma5|a500_vs_ma5
2026,2026-05-13,2026-05-12,965409,2026-05-12,1,base_prediction|gold_daily|gold_vs_ma5|gold_vs_ma20|copper_daily|copper_vs_ma5|copper_vs_ma20|a500_vs_ma20|us10y_vs_ma20|RSI14_lag1|DIFF_lag1|DEA_lag1|cn10y_vs_ma20|brent_vs_ma20|dollar_vs_ma20|brent_vs_ma5|a500_vs_ma5
2026,2026-05-14,2026-05-13,965409,2026-05-13,1,base_prediction|gold_daily|gold_vs_ma5|gold_vs_ma20|copper_daily|copper_vs_ma5|copper_vs_ma20|a500_vs_ma20|us10y_vs_ma20|RSI14_lag1|DIFF_lag1|DEA_lag1|cn10y_vs_ma20|brent_vs_ma20|dollar_vs_ma20|brent_vs_ma5|a500_vs_ma5
2026,2026-05-15,2026-05-14,640934,2026-05-14,1,base_prediction|gold_daily|gold_vs_ma5|gold_vs_ma20|copper_daily|copper_vs_ma5|copper_vs_ma20|a500_vs_ma20|us10y_vs_ma20|RSI14_lag1|DIFF_lag1|DEA_lag1|cn10y_vs_ma20|brent_vs_ma20|dollar_vs_ma20|brent_vs_ma5|a500_vs_ma5
2026,2026-05-18,2026-05-15,965409,2026-05-15,2,base_prediction|gold_daily|gold_vs_ma5|gold_vs_ma20|copper_daily|copper_vs_ma5|copper_vs_ma20|a500_vs_ma20|us10y_vs_ma20|RSI14_lag1|DIFF_lag1|DEA_lag1|cn10y_vs_ma20|brent_vs_ma20|dollar_vs_ma20|brent_vs_ma5|a500_vs_ma5
2026,2026-05-20,2026-05-19,965409,2026-05-19,1,base_prediction|gold_daily|gold_vs_ma5|gold_vs_ma20|copper_daily|copper_vs_ma5|copper_vs_ma20|a500_vs_ma20|us10y_vs_ma20|RSI14_lag1|DIFF_lag1|DEA_lag1|cn10y_vs_ma20|brent_vs_ma20|dollar_vs_ma20|brent_vs_ma5|a500_vs_ma5
2026,2026-05-21,2026-05-20,965409,2026-05-20,1,base_prediction|gold_daily|gold_vs_ma5|gold_vs_ma20|copper_daily|copper_vs_ma5|copper_vs_ma20|a500_vs_ma20|us10y_vs_ma20|RSI14_lag1|DIFF_lag1|DEA_lag1|cn10y_vs_ma20|brent_vs_ma20|dollar_vs_ma20|brent_vs_ma5|a500_vs_ma5
2026,2026-05-22,2026-05-21,385735,2026-05-21,4,base_prediction|gold_daily|gold_vs_ma5|gold_vs_ma20|copper_daily|copper_vs_ma5|copper_vs_ma20|a500_vs_ma20|us10y_vs_ma20|RSI14_lag1|DIFF_lag1|DEA_lag1|cn10y_vs_ma20|brent_vs_ma20|dollar_vs_ma20|brent_vs_ma5|a500_vs_ma5
2026,2026-05-28,2026-05-27,640934,2026-05-27,1,base_prediction|gold_daily|gold_vs_ma5|gold_vs_ma20|copper_daily|copper_vs_ma5|copper_vs_ma20|a500_vs_ma20|us10y_vs_ma20|RSI14_lag1|DIFF_lag1|DEA_lag1|cn10y_vs_ma20|brent_vs_ma20|dollar_vs_ma20|brent_vs_ma5|a500_vs_ma5
2026,2026-05-29,2026-05-28,640934,2026-05-28,2,base_prediction|gold_daily|gold_vs_ma5|gold_vs_ma20|copper_daily|copper_vs_ma5|copper_vs_ma20|a500_vs_ma20|us10y_vs_ma20|RSI14_lag1|DIFF_lag1|DEA_lag1|cn10y_vs_ma20|brent_vs_ma20|dollar_vs_ma20|brent_vs_ma5|a500_vs_ma5
2026,2026-06-02,2026-06-01,385735,2026-06-01,1,base_prediction|gold_daily|gold_vs_ma5|gold_vs_ma20|copper_daily|copper_vs_ma5|copper_vs_ma20|a500_vs_ma20|us10y_vs_ma20|RSI14_lag1|DIFF_lag1|DEA_lag1|cn10y_vs_ma20|brent_vs_ma20|dollar_vs_ma20|brent_vs_ma5|a500_vs_ma5
2026,2026-06-03,2026-06-02,385735,2026-06-02,1,base_prediction|gold_daily|gold_vs_ma5|gold_vs_ma20|copper_daily|copper_vs_ma5|copper_vs_ma20|a500_vs_ma20|us10y_vs_ma20|RSI14_lag1|DIFF_lag1|DEA_lag1|cn10y_vs_ma20|brent_vs_ma20|dollar_vs_ma20|brent_vs_ma5|a500_vs_ma5
2026,2026-06-04,2026-06-03,385735,2026-06-03,1,base_prediction|gold_daily|gold_vs_ma5|gold_vs_ma20|copper_daily|copper_vs_ma5|copper_vs_ma20|a500_vs_ma20|us10y_vs_ma20|RSI14_lag1|DIFF_lag1|DEA_lag1|cn10y_vs_ma20|brent_vs_ma20|dollar_vs_ma20|brent_vs_ma5|a500_vs_ma5
2026,2026-06-05,2026-06-04,385735,2026-06-04,1,base_prediction|gold_daily|gold_vs_ma5|gold_vs_ma20|copper_daily|copper_vs_ma5|copper_vs_ma20|a500_vs_ma20|us10y_vs_ma20|RSI14_lag1|DIFF_lag1|DEA_lag1|cn10y_vs_ma20|brent_vs_ma20|dollar_vs_ma20|brent_vs_ma5|a500_vs_ma5
2026,2026-06-08,2026-06-05,385735,2026-06-05,5,base_prediction|gold_daily|gold_vs_ma5|gold_vs_ma20|copper_daily|copper_vs_ma5|copper_vs_ma20|a500_vs_ma20|us10y_vs_ma20|RSI14_lag1|DIFF_lag1|DEA_lag1|cn10y_vs_ma20|brent_vs_ma20|dollar_vs_ma20|brent_vs_ma5|a500_vs_ma5
2026,2026-06-15,2026-06-12,640934,2026-06-12,1,base_prediction|gold_daily|gold_vs_ma5|gold_vs_ma20|copper_daily|copper_vs_ma5|copper_vs_ma20|a500_vs_ma20|us10y_vs_ma20|RSI14_lag1|DIFF_lag1|DEA_lag1|cn10y_vs_ma20|brent_vs_ma20|dollar_vs_ma20|brent_vs_ma5|a500_vs_ma5
2026,2026-06-16,2026-06-15,640934,2026-06-15,1,base_prediction|gold_daily|gold_vs_ma5|gold_vs_ma20|copper_daily|copper_vs_ma5|copper_vs_ma20|a500_vs_ma20|us10y_vs_ma20|RSI14_lag1|DIFF_lag1|DEA_lag1|cn10y_vs_ma20|brent_vs_ma20|dollar_vs_ma20|brent_vs_ma5|a500_vs_ma5
2026,2026-06-17,2026-06-16,640934,2026-06-16,2,base_prediction|gold_daily|gold_vs_ma5|gold_vs_ma20|copper_daily|copper_vs_ma5|copper_vs_ma20|a500_vs_ma20|us10y_vs_ma20|RSI14_lag1|DIFF_lag1|DEA_lag1|cn10y_vs_ma20|brent_vs_ma20|dollar_vs_ma20|brent_vs_ma5|a500_vs_ma5
2026,2026-06-19,2026-06-18,640934,2026-06-18,1,base_prediction|gold_daily|gold_vs_ma5|gold_vs_ma20|copper_daily|copper_vs_ma5|copper_vs_ma20|a500_vs_ma20|us10y_vs_ma20|RSI14_lag1|DIFF_lag1|DEA_lag1|cn10y_vs_ma20|brent_vs_ma20|dollar_vs_ma20|brent_vs_ma5|a500_vs_ma5
2026,2026-06-22,2026-06-19,385735,2026-06-19,1,base_prediction|gold_daily|gold_vs_ma5|gold_vs_ma20|copper_daily|copper_vs_ma5|copper_vs_ma20|a500_vs_ma20|us10y_vs_ma20|RSI14_lag1|DIFF_lag1|DEA_lag1|cn10y_vs_ma20|brent_vs_ma20|dollar_vs_ma20|brent_vs_ma5|a500_vs_ma5
2026,2026-06-23,2026-06-22,385735,2026-06-22,1,base_prediction|gold_daily|gold_vs_ma5|gold_vs_ma20|copper_daily|copper_vs_ma5|copper_vs_ma20|a500_vs_ma20|us10y_vs_ma20|RSI14_lag1|DIFF_lag1|DEA_lag1|cn10y_vs_ma20|brent_vs_ma20|dollar_vs_ma20|brent_vs_ma5|a500_vs_ma5
2026,2026-06-24,2026-06-23,640934,2026-06-23,3,base_prediction|gold_daily|gold_vs_ma5|gold_vs_ma20|copper_daily|copper_vs_ma5|copper_vs_ma20|a500_vs_ma20|us10y_vs_ma20|RSI14_lag1|DIFF_lag1|DEA_lag1|cn10y_vs_ma20|brent_vs_ma20|dollar_vs_ma20|brent_vs_ma5|a500_vs_ma5
2026,2026-06-29,2026-06-26,385735,2026-06-26,1,base_prediction|gold_daily|gold_vs_ma5|gold_vs_ma20|copper_daily|copper_vs_ma5|copper_vs_ma20|a500_vs_ma20|us10y_vs_ma20|RSI14_lag1|DIFF_lag1|DEA_lag1|cn10y_vs_ma20|brent_vs_ma20|dollar_vs_ma20|brent_vs_ma5|a500_vs_ma5
2026,2026-06-30,2026-06-29,385735,2026-06-29,2,base_prediction|gold_daily|gold_vs_ma5|gold_vs_ma20|copper_daily|copper_vs_ma5|copper_vs_ma20|a500_vs_ma20|us10y_vs_ma20|RSI14_lag1|DIFF_lag1|DEA_lag1|cn10y_vs_ma20|brent_vs_ma20|dollar_vs_ma20|brent_vs_ma5|a500_vs_ma5
2026,2026-07-02,2026-07-01,385735,2026-07-01,2,base_prediction|gold_daily|gold_vs_ma5|gold_vs_ma20|copper_daily|copper_vs_ma5|copper_vs_ma20|a500_vs_ma20|us10y_vs_ma20|RSI14_lag1|DIFF_lag1|DEA_lag1|cn10y_vs_ma20|brent_vs_ma20|dollar_vs_ma20|brent_vs_ma5|a500_vs_ma5
2026,2026-07-06,2026-07-03,741131,2026-07-03,2,base_prediction|gold_daily|gold_vs_ma5|gold_vs_ma20|copper_daily|copper_vs_ma5|copper_vs_ma20|a500_vs_ma20|us10y_vs_ma20|RSI14_lag1|DIFF_lag1|DEA_lag1|cn10y_vs_ma20|brent_vs_ma20|dollar_vs_ma20|brent_vs_ma5|a500_vs_ma5
2026,2026-07-08,2026-07-07,741131,2026-07-07,1,base_prediction|gold_daily|gold_vs_ma5|gold_vs_ma20|copper_daily|copper_vs_ma5|copper_vs_ma20|a500_vs_ma20|us10y_vs_ma20|RSI14_lag1|DIFF_lag1|DEA_lag1|cn10y_vs_ma20|brent_vs_ma20|dollar_vs_ma20|brent_vs_ma5|a500_vs_ma5
2026,2026-07-09,2026-07-08,741131,2026-07-08,3,base_prediction|gold_daily|gold_vs_ma5|gold_vs_ma20|copper_daily|copper_vs_ma5|copper_vs_ma20|a500_vs_ma20|us10y_vs_ma20|RSI14_lag1|DIFF_lag1|DEA_lag1|cn10y_vs_ma20|brent_vs_ma20|dollar_vs_ma20|brent_vs_ma5|a500_vs_ma5
2026,2026-07-14,2026-07-13,798291,2026-07-13,1,base_prediction|gold_daily|gold_vs_ma5|gold_vs_ma20|copper_daily|copper_vs_ma5|copper_vs_ma20|a500_vs_ma20|us10y_vs_ma20|RSI14_lag1|DIFF_lag1|DEA_lag1|cn10y_vs_ma20|brent_vs_ma20|dollar_vs_ma20|brent_vs_ma5|a500_vs_ma5
2026,2026-07-15,2026-07-14,798291,2026-07-14,2,base_prediction|gold_daily|gold_vs_ma5|gold_vs_ma20|copper_daily|copper_vs_ma5|copper_vs_ma20|a500_vs_ma20|us10y_vs_ma20|RSI14_lag1|DIFF_lag1|DEA_lag1|cn10y_vs_ma20|brent_vs_ma20|dollar_vs_ma20|brent_vs_ma5|a500_vs_ma5
2026,2026-07-17,2026-07-16,798291,2026-07-16,1,base_prediction|gold_daily|gold_vs_ma5|gold_vs_ma20|copper_daily|copper_vs_ma5|copper_vs_ma20|a500_vs_ma20|us10y_vs_ma20|RSI14_lag1|DIFF_lag1|DEA_lag1|cn10y_vs_ma20|brent_vs_ma20|dollar_vs_ma20|brent_vs_ma5|a500_vs_ma5
2026,2026-07-20,2026-07-17,798291,2026-07-17,1,base_prediction|gold_daily|gold_vs_ma5|gold_vs_ma20|copper_daily|copper_vs_ma5|copper_vs_ma20|a500_vs_ma20|us10y_vs_ma20|RSI14_lag1|DIFF_lag1|DEA_lag1|cn10y_vs_ma20|brent_vs_ma20|dollar_vs_ma20|brent_vs_ma5|a500_vs_ma5
2026,2026-07-21,2026-07-20,798291,2026-07-20,1,base_prediction|gold_daily|gold_vs_ma5|gold_vs_ma20|copper_daily|copper_vs_ma5|copper_vs_ma20|a500_vs_ma20|us10y_vs_ma20|RSI14_lag1|DIFF_lag1|DEA_lag1|cn10y_vs_ma20|brent_vs_ma20|dollar_vs_ma20|brent_vs_ma5|a500_vs_ma5
2026,2026-07-22,2026-07-21,798291,2026-07-21,2,base_prediction|gold_daily|gold_vs_ma5|gold_vs_ma20|copper_daily|copper_vs_ma5|copper_vs_ma20|a500_vs_ma20|us10y_vs_ma20|RSI14_lag1|DIFF_lag1|DEA_lag1|cn10y_vs_ma20|brent_vs_ma20|dollar_vs_ma20|brent_vs_ma5|a500_vs_ma5
