Date,股价,A500指数,美元指数,中国10年期利率,美国10年期利率,布伦特原油,铜,黄金,最新模型预测（RSI＋MACD）,股价_MA5,股价_MA20,股价_相邻变化_pct,股价_MA5偏离_pct,股价_MA20偏离_pct,A500指数_MA5,A500指数_MA20,A500指数_相邻变化_pct,A500指数_MA5偏离_pct,A500指数_MA20偏离_pct,美元指数_MA5,美元指数_MA20,美元指数_相邻变化_pct,美元指数_MA5偏离_pct,美元指数_MA20偏离_pct,中国10年期利率_MA5,中国10年期利率_MA20,中国10年期利率_相邻变化_pct,中国10年期利率_MA5偏离_pct,中国10年期利率_MA20偏离_pct,美国10年期利率_MA5,美国10年期利率_MA20,美国10年期利率_相邻变化_pct,美国10年期利率_MA5偏离_pct,美国10年期利率_MA20偏离_pct,布伦特原油_MA5,布伦特原油_MA20,布伦特原油_相邻变化_pct,布伦特原油_MA5偏离_pct,布伦特原油_MA20偏离_pct,铜_MA5,铜_MA20,铜_相邻变化_pct,铜_MA5偏离_pct,铜_MA20偏离_pct,黄金_MA5,黄金_MA20,黄金_相邻变化_pct,黄金_MA5偏离_pct,黄金_MA20偏离_pct
2018-01-01,4.61,1667.791921394527,91.8499984741211,3.9008,2.46,66.65,3.278,824.3082082081315,4.687165,4.622,4.159,0.0,-0.25962786672435456,10.843952873286856,1658.0616195828438,1647.2253112991013,0.0,0.5868480216152161,1.248560834656276,92.05399932861329,93.17449989318848,0.0,-0.22160998542165578,-1.4215278006168508,3.88572,3.89787,0.5179477929239562,0.38808766457696375,0.07516925910817651,2.4419999999999997,2.4234999999999998,0.0,0.7371007371007376,1.5060862389106644,66.696,65.0695,0.0,-0.06896965335251304,2.4289413626968015,3.2886,3.1672249999999997,0.0,-0.32232560968193935,3.4975412229949043,820.9198818283969,798.7419411914743,0.0,0.41274751102238216,3.2008168969467565
2018-01-02,4.61,1667.791921394527,91.8499984741211,3.9008,2.46,66.65,3.278,824.3082082081315,4.7133455,4.606,4.1945,0.0,0.08684324793748477,9.905829061866744,1663.3984555906081,1649.831973978197,0.0,0.26412587971045287,1.0885925172745559,91.90399932861328,93.07699966430664,0.0,-0.05875789398359643,-1.3182646568012268,3.88874,3.8982749999999995,0.0,0.3101261591158089,0.06477223900316353,2.448,2.428,0.0,0.4901960784313708,1.317957166392092,66.66600000000001,65.2835,0.0,-0.024000240002408635,2.093178215016045,3.2825,3.183325,0.0,-0.1370906321401466,2.9740915552134872,823.3795638496613,800.7467069661348,0.0,0.11278447987321805,2.9424412285461
2018-01-03,4.63,1678.2516728198175,92.16000366210938,3.9162,2.44,67.85,3.2575,825.8768849205588,4.5580235,4.614,4.2330000000000005,0.433839479392617,0.346770697876031,9.378691235530345,1669.883871679585,1652.1889477023317,0.6271616555466153,0.5011007820451718,1.5774663759693386,91.91199951171875,92.98999977111816,0.3375124585065947,0.2698278262992293,-0.8925649113363909,3.8958399999999997,3.8985749999999997,0.39479081214111034,0.5226087313647376,0.45208826301919025,2.456,2.431,-0.8130081300813052,-0.6514657980456029,0.37021801727683545,66.89000000000001,65.483,1.800450112528118,1.4351921064433837,3.6146786188781643,3.2739000000000003,3.1976750000000003,-0.6253813300793221,-0.5009316106173167,1.8708905689289734,824.621943550617,802.9742278977817,0.19030220696665268,0.15218384373067995,2.8522281571523367
2018-01-04,4.69,1686.355539360082,91.8499984741211,3.9319,2.46,68.73,3.263,827.8848370697915,4.628973,4.63,4.274,1.2958963282937441,1.2958963282937441,9.733270940570904,1673.596595272696,1653.5379104741965,0.4828755228736492,0.7623667569248926,1.984691652849624,91.91199951171875,92.88899955749511,-0.3363771437389085,-0.06745695657480733,-1.118540503529608,3.90608,3.898655,0.4008988304989636,0.6610207676237989,0.8527299799546251,2.4560000000000004,2.4345,0.8196721311475308,0.16286644951137852,1.0474430067775709,67.30600000000001,65.63850000000001,1.296978629329426,2.1157103378599107,4.7098882515596685,3.2709,3.21065,0.16884113584036964,-0.24152373964353435,1.6305109557254838,825.337269322949,805.3492067382631,0.2431297189563253,0.30866990278195505,2.798243313953175
2018-01-05,4.63,1688.055580155254,91.94999694824219,3.9212,2.47,68.01,3.2295,828.449576005374,4.587992,4.634,4.313000000000001,-1.279317697228155,-0.08631851532154844,7.349872478553188,1677.6493270248416,1656.0077968139115,0.10081152849992225,0.6202877420674602,1.9352435056767758,91.93199920654297,92.78149948120117,0.10887150330141093,0.019577233014134166,-0.8961943249553239,3.9141799999999995,3.8978249999999997,-0.2721330654391063,0.17934790939611034,0.5996934187656011,2.4579999999999997,2.438,0.40650406504065817,0.4882017900732505,1.312551271534046,67.578,65.79100000000001,-1.0475774770842383,0.6392612980555823,3.3728017509993657,3.2611999999999997,3.2214,-1.026662580447446,-0.9720348338035034,0.2514434717824532,826.1655428823975,807.9155633717052,0.06821467313995466,0.27646192009020965,2.541603796809344
2018-01-08,4.85,1694.1821148739778,92.33000183105469,3.911,2.49,68.48,3.224,827.3828298835978,4.531616,4.682,4.3614999999999995,4.751619870410373,3.5882101665954513,11.200275134701364,1682.9273657207316,1658.0088471807053,0.36293441938448634,0.6687602437569273,2.181729473565941,92.02799987792969,92.72649955749512,0.4132734044856923,0.32816311723127267,-0.42759915270453863,3.91622,3.8968599999999993,-0.26012445169845133,-0.1332917966814895,0.36285624836409625,2.464,2.4445,0.809716599190291,1.0551948051948257,1.8613213336060586,67.944,66.03200000000001,0.6910748419350021,0.7888849640880657,3.7072934334867913,3.2504000000000004,3.230375,-0.17030500077410693,-0.8122077282796014,-0.19734550942227536,826.7804672174907,810.2121045467879,-0.12876415809394137,0.07285642198759934,2.1192876828734386
2018-01-09,4.81,1705.1964483520057,92.52999877929688,3.8909,2.55,69.08,3.216,823.0532668381895,4.5685134,4.7219999999999995,4.4055,-0.8247422680412342,1.8636171113934896,9.181704687322668,1690.4082711122276,1660.8753431657926,0.6501268890356071,0.8748287317624115,2.668538934519482,92.16399993896485,92.67849960327149,0.2166110086385009,0.39711692263184606,-0.16023222711880614,3.9142400000000004,3.895885,-0.5139350549731581,-0.5962843361674408,-0.12795552230109308,2.482,2.4545000000000003,2.409638554216853,2.739726027397249,3.890812792829479,68.42999999999999,66.3,0.8761682242990565,0.9498757854742079,4.193061840120671,3.2380000000000004,3.2379999999999995,-0.2481389578163795,-0.6794317479925982,-0.6794317479925649,826.5294789435023,812.0286291159572,-0.5232841302758695,-0.42057932522336916,1.357666137243796
2018-01-10,4.82,1710.2101895015585,92.33000183105469,3.9201,2.55,69.79,3.2355,826.6298956998497,4.648525,4.76,4.4475,0.20790020790022457,1.26050420168069,8.375491849353578,1696.7999744485758,1664.9112342063886,0.29402718697886243,0.7903238599081597,2.7208030292835694,92.1979995727539,92.59849967956544,-0.21614281949707825,0.14317258390907917,-0.2899591779995103,3.9150199999999997,3.89737,0.7504690431519689,0.12975668068107016,0.5832138082860983,2.504,2.4645,0.0,1.8370607028753927,3.46926354230066,68.818,66.599,1.027793862188786,1.4124211688802513,4.791363233682189,3.2336,3.2435249999999995,0.6063432835820892,0.05875804057398071,-0.24741600573449096,826.6800810993606,814.0082983610852,0.43455618314960365,-0.006070715946615568,1.55054897648792
2018-01-11,4.72,1711.1640125608478,91.8499984741211,3.9546,2.54,70.36,3.233,828.6377712535397,4.672396,4.766,4.484,-2.0746887966805128,-0.9651699538397063,5.263157894736836,1701.7616690887287,1668.9930924046937,0.055772270867326945,0.5525064786042533,2.5267282619722664,92.1979995727539,92.50599975585938,-0.5198779891848138,-0.3774497280260358,-0.7091445781566508,3.9195599999999997,3.90058,0.8800795898063818,0.8939778954780708,1.3849222423331975,2.52,2.472,-0.39215686274508554,0.7936507936507908,2.7508090614886793,69.144,66.8945,0.81673592205187,1.7586486173782223,5.18054548580229,3.2276000000000002,3.2483000000000004,-0.07726781023025264,0.16730697732061373,-0.47101560816428245,826.8306679361101,815.8405135271557,0.24289897620868306,0.21855784836093406,1.5685979691125063
2018-01-12,4.64,1716.0666921213053,90.97000122070312,3.9337,2.55,69.64,3.2185,836.669426659385,4.849474,4.767999999999999,4.5165,-1.6949152542372947,-2.6845637583892468,2.734418244215653,1707.363891481939,1672.3324893620418,0.286511376143328,0.5097214883590384,2.6151619392353664,92.00200042724609,92.38099975585938,-0.9580808579609412,-1.1217138776879687,-1.5273687650979917,3.9220600000000005,3.9022400000000004,-0.5284984574925433,0.2967828131134942,0.8062036163844155,2.536,2.4765,0.3937007874015741,0.5520504731861164,2.9678982434887757,69.47,67.192,-1.023308698123937,0.24470994673959634,3.6432908679604914,3.2254000000000005,3.252075,-0.4484998453448741,-0.2139269547963174,-1.0324177640429588,828.4746380669123,818.1213717648915,0.969260113945225,0.9891417571446182,2.2671519819218
2018-01-15,4.71,1714.8007351841663,90.38999938964844,3.965,2.54,70.31,3.2195,837.924368029327,4.901388,4.74,4.5525,1.5086206896551824,-0.6329113924050667,3.4596375617792274,1711.4876155439767,1675.7958687992427,-0.07377084719091265,0.1935812804077175,2.327542817781958,91.61399993896484,92.23299980163574,-0.6375748304625617,-1.3360409436678378,-1.9982006613153858,3.9328599999999994,3.9054649999999995,0.7956885375092204,0.817216987128977,1.5244023438950371,2.5460000000000003,2.479,-0.39215686274508554,-0.23566378633150808,2.4606696248487214,69.836,67.486,0.962090752441136,0.6787330316742057,4.184571614853438,3.2245000000000004,3.2537,0.0310703743980012,-0.1550628004341914,-1.0511110428127912,830.5829456960582,820.2955592202268,0.1499924976286815,0.8838879212859752,2.1490801225180434
2018-01-16,4.7,1714.8007351841663,90.38999938964844,3.9596,2.54,69.4,3.2195,837.924368029327,4.9006867,4.718000000000001,4.585,-0.2123142250530785,-0.38151759220009795,2.5081788440567188,1713.4084729104088,1678.5393622596753,0.0,0.08125688040940826,2.1602932728175928,91.18600006103516,92.08849983215332,0.0,-0.8729417573464349,-1.844421882863423,3.9466,3.9084200000000004,-0.13619167717527914,0.3293974560381052,1.3094805573607537,2.5439999999999996,2.482,0.0,-0.15723270440249904,2.3368251410152974,69.9,67.724,-1.294268240648555,-0.7153075822603716,2.474750457740238,3.2251999999999996,3.254175,0.0,-0.17673322584644824,-1.0655542495409787,833.5571659342856,822.4320961365975,0.0,0.5239235260063202,1.8837144082173962
2018-01-17,4.46,1706.3328334352004,90.54000091552734,3.9597,2.57,69.19,3.189,839.5557764911429,4.8820825,4.646,4.6,-5.106382978723412,-4.003443822643138,-3.0434782608695587,1712.6330016971374,1681.0315879484383,-0.49381257980720683,-0.3678644669169562,1.5051023233680016,90.82799987792968,91.94799995422363,0.16594924979729253,-0.3170816959411238,-1.5312992554457505,3.95452,3.9125050000000003,0.0025255076270491728,0.13098934889697045,1.2062604392837795,2.548,2.4865000000000004,1.1811023622047223,0.8634222919937207,3.3581339231851803,69.78,67.953,-0.30259365994237397,-0.8455144740613374,1.8203758480125787,3.2159000000000004,3.2521500000000003,-0.9473520733033092,-0.8364687956715189,-1.9417923527512593,836.1423420925443,824.396078614601,0.19469638598204053,0.4082360414921826,1.8388852482192464
2018-01-18,4.48,1715.2504257360915,90.5,3.9797,2.62,69.48,3.199,832.0261282714914,4.861528,4.598,4.615,0.4484304932735439,-2.566333188342751,-2.92524377031419,1713.4502843321857,1684.1138918448855,0.5226174006707884,0.1050594476166733,1.8488377800326194,90.55800018310546,91.80999984741212,-0.044180378973779355,-0.06404755293645259,-1.4268596553636104,3.9595399999999996,3.9178349999999993,0.505088769351203,0.5091500527839132,1.5790608843915255,2.564,2.494,1.945525291828809,2.1840873634945357,5.052125100240579,69.604,68.12550000000002,0.4191357132533602,-0.17815068099533704,1.988242288129971,3.2091000000000003,3.248525,0.3135779241141279,-0.3147299866006148,-1.5245380595808933,836.8200134961346,825.7106304655706,-0.8968609865470767,-0.5728693323926226,0.7648560613007893
2018-01-19,4.51,1715.778149757479,90.56999969482422,3.9754,2.64,68.56,3.1875,835.7282206319285,4.904573,4.572000000000001,4.631500000000001,0.6696428571428381,-1.3560804899387824,-2.623340170571109,1713.3925758594207,1687.222581942402,0.030766587401420686,0.13923101638639857,1.6924600299151216,90.47799987792969,91.6754997253418,0.07734772908754017,0.10168197464428541,-1.2058838335538224,3.96788,3.9222,-0.10804834535266261,0.18952186054013165,1.3563816225587555,2.582,2.5025,0.7633587786259444,2.2463206816421444,5.494505494505497,69.388,68.252,-1.3241220495106565,-1.1932899060356328,0.45126882728712125,3.2028999999999996,3.244325,-0.35948733979368486,-0.48081426207498,-1.751519961779413,836.6317722906433,827.2102869345621,0.4449490508342535,-0.10799872639799535,1.0297180574158293
2018-01-22,4.56,1740.7042175819934,90.4000015258789,3.9522,2.66,69.32,3.1985,835.1007499469576,4.9333415,4.542,4.6465000000000005,1.1086474501108556,0.39630118890356947,-1.8616162703110062,1718.573272338986,1692.7624682966348,1.4527558721993072,1.2877510432177885,2.8321604586141635,90.48000030517578,91.5439998626709,-0.1876981003843703,-0.08841598035703724,-1.2496704737701592,3.9653199999999997,3.9250300000000005,-0.5835890727977078,-0.3308686310310338,0.6922240084789033,2.606,2.5145000000000004,0.7575757575757569,2.0721412125863425,5.786438655796378,69.19000000000001,68.4165,1.1085180863477095,0.18788842318251398,1.3205878698851814,3.1987,3.2405500000000003,0.3450980392156966,-0.00625254009440912,-1.2976192313033375,836.0670486741695,828.5875858540288,-0.0750807103888862,-0.11557670269917164,0.7860562002284466
2018-01-23,4.61,1753.6592252982327,90.12000274658203,3.9414,2.63,69.81,3.111,838.1125632774927,4.8089657,4.523999999999999,4.6425,1.0964912280701844,1.9009725906277808,-0.7000538502961673,1726.3449703617996,1698.3900424937608,0.7442394627063642,1.582201437451336,3.254210247448208,90.4260009765625,91.42000007629395,-0.30973315771097853,-0.33839628721366033,-1.4220053911912167,3.96168,3.927815,-0.27326552299985485,-0.5119040407099984,0.3458665950407447,2.624,2.5244999999999997,-1.1278195488721887,0.22865853658535773,4.179045355515942,69.272,68.567,0.7068667051356226,0.7766485737382922,1.8128254116411835,3.177,3.230675,-2.7356573393778283,-2.077431539187913,-3.7043342335580043,836.1046877238026,829.8927241128129,0.36065269139398115,0.2401464294090161,0.9904700843674785
2018-01-24,4.52,1757.6708715213404,89.20999908447266,3.9507,2.65,69.91,3.2285,850.7875170712316,4.793294,4.536,4.639,-1.9522776572668321,-0.3527336860670194,-2.5652080189696225,1736.6125779790273,1703.9823564510814,0.2287585960393912,1.2126074525395714,3.1507670761378836,90.16000061035156,91.27449989318848,-1.009768790917942,-1.0536840277814208,-2.2618593485932537,3.9598799999999996,3.931315,0.23595676663115128,-0.23182520682444308,0.49309200610991866,2.6399999999999997,2.537,0.7604562737642651,0.37878787878788955,4.454079621600315,69.416,68.726,0.14324595330181822,0.7116514924513151,1.7227832261443865,3.1849,3.227075,3.7769206043072767,1.3689597789569463,0.04415763501002257,838.3510358398204,831.4488506455855,1.5123211784551671,1.4834455615543973,2.3258997123672076
2018-01-25,4.9,1751.6201925938617,89.38999938964844,3.9435,2.63,71.08,3.2165,854.8660765235427,4.5093617,4.62,4.6535,8.407079646017724,6.060606060606055,5.297088213172874,1743.8865313505812,1708.173770011048,-0.34424413725656633,0.44347273198395154,2.5434427893441303,89.93800048828125,91.15149993896485,0.2017714460520681,-0.6093098530739693,-1.9324976006932504,3.9526399999999997,3.9344550000000007,-0.18224618422052474,-0.23123785621761428,0.22989206891421698,2.642,2.5454999999999997,-0.7547169811320753,-0.4542013626040897,3.319583578864682,69.736,68.9475,1.6735803175511377,1.9272685556957603,3.0929330287537526,3.1884,3.224,-0.3716896391513069,0.8813197842177933,-0.23263027295286065,842.9190254902308,832.9767440613562,0.47938637679489915,1.4173426713631976,2.627844368794796
2018-01-26,4.88,1755.8764646700745,89.06999969482422,3.9365,2.66,70.08,3.199,848.0893624876394,4.5253615,4.694,4.667,-0.40816326530612734,3.962505325948018,4.5639597171630575,1751.9061943331005,1712.5779971748252,0.2429905806183852,0.22662573771452532,2.528262512228774,89.63800048828125,91.0125,-0.35798153821363643,-0.6336607134953764,-2.1343225437997937,3.94486,3.937245,-0.17750729047799618,-0.21192133561139803,-0.01892186033635168,2.646,2.5555,1.1406844106463865,0.5291005291005346,4.089219330855021,70.04,69.119,-1.4068655036578503,0.057110222729850335,1.390355763248885,3.1907,3.2200499999999996,-0.5440696409140355,0.2601310057354089,-0.6537165571963155,845.3912538613728,834.1658017753314,-0.7927223014231544,0.3191550201096627,1.6691598579892553
2018-01-29,5.04,1709.5859217458592,89.30999755859375,3.9368,2.7,68.41,3.194,837.924368029327,4.254716,4.79,4.6884999999999994,3.2786885245901676,5.219206680584554,7.497067292310988,1745.6825351658736,1714.667697192392,-2.6363211681246113,-2.067765054233328,-0.2963708626956607,89.41999969482421,90.88549995422363,0.269448596151145,-0.1230173748667851,-1.7335024799593035,3.94178,3.939045,0.007620983106804147,-0.12633886213843093,-0.05699350984820217,2.654,2.5675,1.5037593984962516,1.7332328560663246,5.160662122687443,69.85799999999999,69.207,-2.382990867579915,-2.072776203154958,-1.1516176109353071,3.1897999999999995,3.2158500000000005,-0.15629884338855815,0.13166969715971977,-0.6794471135158853,845.9559774778467,834.8466097663911,-1.1985758704125438,-0.9494122226626156,0.3686615273909011
2018-01-30,4.94,1709.5859217458592,89.19000244140625,3.9292,2.73,67.78,3.1995,837.924368029327,4.2790356,4.856,4.705,-1.984126984126977,1.7298187808896248,4.994686503719459,1736.8678744553988,1716.7573972099588,0.0,-1.5707557903962055,-0.41773377390157407,89.23399963378907,90.75250015258788,-0.134357989550693,-0.04930541336640726,-1.7217131302768585,3.93934,3.9404649999999997,-0.19305019305019266,-0.2574035244482631,-0.2858799659431033,2.674,2.5810000000000004,1.1111111111111072,2.0942408376963373,5.772956218519942,69.452,69.2635,-0.9209179944452472,-2.4074180729136585,-2.1418207280890944,3.2075000000000005,3.211925,0.17219787100815065,-0.2494154325799025,-0.38683966780046486,845.9183384282135,835.5274177574511,0.0,-0.9450049769271995,0.2868787092958902
2018-01-31,5.13,1709.115543250867,89.12999725341797,3.914,2.72,67.78,3.2065,840.1832471761138,4.2763696,4.978,4.7299999999999995,3.8461538461538325,3.053435114503822,8.456659619450324,1727.1568088013041,1718.3005907315114,-0.027514176913190358,-1.044564422784422,-0.53454253174261,89.21799926757812,90.60099983215332,-0.06727793064890131,-0.09863706301709296,-1.6236052377573307,3.932,3.9403550000000003,-0.3868471953578201,-0.45778229908443047,-0.6688483651853705,2.6879999999999997,2.595,-0.3663003663003539,1.1904761904762085,4.816955684007707,69.026,69.25999999999999,0.0,-1.8051169124677635,-2.1368755414380436,3.2031,3.209375,0.2187841850289196,0.10614716992913831,-0.0895813047711802,843.7974844491898,836.2427358702287,0.26958031452162246,-0.4283299416844466,0.47121620755061766
2018-02-01,5.08,1688.782561733548,88.66999816894531,3.9066,2.78,68.6,3.22,843.508872444677,4.294647,5.014,4.749499999999999,-0.9746588693957059,1.316314319904266,6.958627223918312,1714.5892826292416,1718.4219418501846,-1.1896785795209697,-1.5051255223128557,-1.724802238309675,89.0739990234375,90.44199981689454,-0.5160990672587684,-0.45355643501071574,-1.9592685384409392,3.92462,3.93909,-0.18906489524782577,-0.4591527332582501,-0.8248097910938834,2.718,2.611,2.2058823529411686,2.2810890360559277,6.472615855993857,68.53,69.2535,1.209796400118024,0.10214504596526286,-0.9436346177449595,3.2037999999999998,3.2072249999999998,0.42101980352409196,0.5056495411698725,0.39831941943582194,841.5260436334169,837.023937638973,0.39582142106984186,0.23562298829147288,0.7747609732639438
2018-02-02,5.38,1699.3134506472784,89.19999694824219,3.9092,2.84,67.45,3.198,836.8576219075508,4.323202,5.114,4.787,5.905511811023612,5.201407899882682,12.387716732818044,1703.2766798246823,1718.9848353747857,0.6235787337192988,-0.23268264189537646,-1.14436057390922,89.0999984741211,90.30449981689453,0.5977205258164808,0.11223173494232519,-1.2230873000701914,3.91916,3.9384900000000003,0.06655403675830396,-0.25413609038672513,-0.7436860319564254,2.754,2.6294999999999997,2.158273381294973,3.1227305737109523,8.005324206122832,68.00399999999999,69.2255,-1.6763848396501357,-0.8146579612963722,-2.5648063213700056,3.2036000000000002,3.20565,-0.6832298136645987,-0.17480334623549698,-0.2386411492209084,839.2796955173992,837.444339934082,-0.7885217043241521,-0.2885895635012736,-0.07006053997301587
2018-02-05,5.41,1695.8081146097525,89.55000305175781,3.9167,2.77,67.69,3.2315,836.4184230662881,4.378726,5.188000000000001,4.815,0.5576208178438735,4.27910562837317,12.35721703011421,1700.5211183974611,1719.0661353615747,-0.20627954402354653,-0.2771505591268486,-1.3529450829959044,89.1479995727539,90.16549987792969,0.3923835375450935,0.4509394276153378,-0.6826300824652076,3.91514,3.9387750000000006,0.19185511102015607,0.0398453184305092,-0.560453440473252,2.768,2.6435000000000004,-2.464788732394363,0.07225433526012459,4.785322489124244,67.86,69.18599999999999,0.35581912527797854,-0.25051576775715345,-2.1622871679241373,3.2111000000000005,3.2060250000000003,1.047529706066297,0.6352963159041991,0.7945976715714842,838.9785065247913,837.8961195932164,-0.052481907288060015,-0.30514291350651757,-0.17635796280399685
2018-02-06,5.3,1640.9810730727186,89.58999633789062,3.8825,2.79,66.75,3.2,832.0888600208799,4.2881823,5.26,4.8395,-2.0332717190388205,0.7604562737642651,9.515445810517598,1686.8001486628327,1715.85536659761,-3.2330922976890553,-2.7163310144616704,-4.363671611399312,89.22799835205078,90.01849975585938,0.04466028450016424,0.4056999961061347,-0.4760170621937787,3.9058,3.938355,-0.8731840580080252,-0.5965487224128263,-1.41823172365112,2.7800000000000002,2.6555,0.7220216606498298,0.3597122302158251,5.06495951798156,67.654,69.06949999999999,-1.3886837051263035,-1.3362107192479322,-3.3582116563750875,3.2112000000000003,3.205225,-0.9747795141575089,-0.34877927254609586,-0.16301507694467254,837.8114049231019,838.3478992523509,-0.5176312388644133,-0.6830349728585094,-0.7465921053840363
2018-02-07,5.12,1611.5464854451247,90.26000213623047,3.87,2.84,65.74,3.098,822.990535088801,4.276427,5.258,4.8545,-3.396226415094339,-2.6245720806390205,5.469152332887028,1667.2863371016842,1710.9221813947884,-1.7937188984439634,-3.3431481093676108,-5.808311858383297,89.45399932861328,89.91499977111816,0.7478578253456991,0.9010248995758197,0.3836983439809982,3.897,3.93585,-0.321957501609782,-0.6928406466512604,-1.6730820534319069,2.804,2.67,1.7921146953404854,1.2838801711840153,6.367041198501866,67.24600000000001,68.86699999999999,-1.513108614232217,-2.239538411206632,-4.540636298953049,3.1895000000000002,3.19835,-3.1875000000000098,-2.868788211318396,-3.137555301952577,834.3728625056394,838.1659312217986,-1.0934318880138072,-1.364177567167879,-1.81054795568657
2018-02-08,4.69,1603.4814541664066,90.2300033569336,3.8801,2.85,64.26,3.092,826.3161603573642,5.0553207,5.18,4.853,-8.39843749999999,-9.459459459459453,-3.3587471667009927,1650.2261155882563,1705.5380534750664,-0.5004529097707322,-2.8326216013850103,-5.983835957263894,89.76600036621093,89.8340000152588,-0.03323596120859973,0.5169028238193762,0.44081677494882676,3.8917,3.932125,0.2609819121446977,-0.29807025207493343,-1.3230759449407103,2.818,2.6855,0.35211267605634866,1.1355571327182457,6.125488735803386,66.378,68.562,-2.2512929723151665,-3.1908162342944912,-6.274612759254383,3.1639,3.1913,-0.1936733376371791,-2.2725117734441636,-3.111584620687491,830.934320088177,838.0498506769898,0.40409034208446215,-0.5557791535584555,-1.4001184189874727
2018-02-09,4.37,1540.1081144645743,90.44000244140625,3.88,2.83,63.04,3.0435,823.9317411162574,4.76041,4.978,4.839499999999999,-6.823027718550112,-12.213740458015266,-9.701415435478856,1618.3850483517153,1696.7401245922297,-3.9522340303447923,-4.836731157820829,-9.231349448124714,90.01400146484374,89.80750007629395,0.2327375337025428,0.4732607923545018,0.7042867962864685,3.8858599999999996,3.9294399999999996,-0.0025772531635825935,-0.15080316841058483,-1.2581945518954307,2.816,2.6994999999999996,-0.7017543859649145,0.49715909090910504,4.834228560844611,65.496,68.232,-1.8985371926548478,-3.7498473189202297,-7.609332864345175,3.133,3.18255,-1.5685640362225195,-2.856686881583148,-4.369137955413116,828.3491439299181,837.4129663998334,-0.28856016080764935,-0.5332778872328303,-1.6098658397342258
2018-02-11,4.39,1565.8475451033453,90.20999908447266,3.8775,2.86,62.2,3.0965,830.8966504003265,4.402728,4.774,4.8235,0.4576659038901587,-8.04356933389192,-8.987249922255636,1592.3929344504338,1689.2924650881887,1.6712742694508398,-1.6670125050667783,-7.307492487891909,90.14600067138672,89.79850006103516,-0.2543159561308128,0.07099417900882088,0.4582471011852274,3.8780200000000002,3.925064999999999,-0.06443298969072142,-0.013408904544076616,-1.2118270652842433,2.8339999999999996,2.7154999999999996,1.0600706713780772,0.9174311926605672,5.321303627324636,64.398,67.8265,-1.3324873096446588,-3.4131494766918125,-8.295430252187552,3.106,3.1764,1.741416132741902,-0.30585962652930343,-2.515426268731902,827.2447893967259,837.0615805183834,0.8453260065734547,0.4414486558765418,-0.7364966044958177
2018-02-12,4.39,1565.8475451033453,90.20999908447266,3.875,2.86,62.2,3.0965,830.8966504003265,4.5466895,4.5920000000000005,4.808,0.0,-4.39895470383277,-8.693843594009987,1577.3662288565592,1681.8448055841477,0.0,-0.7302478994725248,-6.897025224661768,90.27000122070312,89.78950004577636,0.0,-0.06646963046312848,0.4683164941133633,3.87652,3.9208349999999994,-0.06447453255963298,-0.03921042584587031,-1.1690111927688762,2.848,2.7314999999999996,0.0,0.4213483146067398,4.704374885594009,63.488,67.4665,0.0,-2.0287298387096753,-7.8060963589336785,3.0852999999999997,3.1702500000000002,0.0,0.36301170064498844,-2.326314959388076,827.0063474726152,836.7101946369334,0.0,0.4704078680412005,-0.6948097768940786
2018-02-13,4.42,1581.4847264908747,89.69999694824219,3.87,2.83,61.94,3.1715,833.3438013908219,4.644248,4.452,4.806,0.6833712984054774,-0.7187780772686447,-8.03162713275073,1571.3538770657092,1675.6024002369315,0.9986400934388184,0.6447210633472089,-5.6169455076424235,90.15800018310547,89.74749984741212,-0.565349896249201,-0.5080006587691699,-0.05292949580845141,3.87652,3.91635,-0.1290322580645098,-0.16819208981251332,-1.1834999425485382,2.846,2.7445,-1.0489510489510412,-0.5621925509487036,3.1153215521952937,62.727999999999994,67.104,-0.41800643086817857,-1.256217319219477,-7.695517405817842,3.0999999999999996,3.169375,2.4220894558372397,2.3064516129032375,0.06704791954248446,829.0770007330193,836.3995958819172,0.2945192990387424,0.5146446776391311,-0.3653510243358249
2018-02-14,4.59,1594.0201682038655,89.12000274658203,3.8702,2.91,62.29,3.245,850.5365134781347,4.8745184,4.432,4.8115000000000006,3.8461538461538547,3.564981949458468,-4.603553985243702,1569.461619873201,1669.5408873603199,0.7926375451507317,1.5647753356752059,-4.523442326462501,89.93600006103516,89.67849998474121,-0.6465933348858588,-0.9073088795358397,-0.6227771854504738,3.8745400000000005,3.910875,0.00516795865632691,-0.1120132970623744,-1.0400485824783368,2.858,2.759,2.8268551236749095,1.8194541637508665,5.472997462848861,62.334,66.74449999999999,0.5650629641588578,-0.07058748034780571,-6.673958153855352,3.1306000000000003,3.171675,2.317515371275425,3.6542515811665455,2.311869911009179,833.9210713571734,837.3251151422494,2.063099534504098,1.992447809709419,1.5778098730074408
2018-02-15,4.77,1629.3421088926214,88.58999633789062,3.8752,2.9,62.86,3.2545,834.9124781032493,4.9127264,4.512,4.8245,3.9215686274509665,5.718085106382986,-1.1296507410094359,1587.3084187588106,1665.219085317077,2.2159029975484135,2.6481110814418063,-2.154489865075282,89.56599884033203,89.57949981689453,-0.5947109429501607,-1.089702024293071,-1.10460929233418,3.8735799999999996,3.905865,0.12919228980414754,0.04182177727065639,-0.7851013795919681,2.872,2.772,-0.3436426116838587,0.9749303621169991,4.6176046176046315,62.298,66.4595,0.915074650826786,0.9021156377411854,-5.416080470060725,3.1728,3.1750249999999998,0.2927580893682613,2.5750126071608648,2.5031298966150084,836.1172187545719,837.2843280158155,-1.8369623322805229,-0.14408753034856892,-0.28327890935053723
2018-02-16,4.77,1629.3421088926214,89.0999984741211,3.8752,2.87,64.3,3.258,834.9124781032493,4.8987546,4.587999999999999,4.834999999999999,0.0,3.966870095902353,-1.3443640124095046,1600.0073315166655,1659.6509798826087,0.0,1.8334151849259905,-1.8262195701008843,89.34399871826172,89.51449966430664,0.5756881784770185,-0.2731019963747694,-0.46305480312127667,3.87312,3.9020149999999996,0.0,0.053703474201682866,-0.687209044557735,2.874,2.7824999999999998,-1.0344827586206806,-0.13917884481559062,3.144654088050336,62.718,66.2085,2.290804963410742,2.52240186230428,-2.882560396323741,3.2051000000000003,3.178,0.10754340144414343,1.6504945243517977,2.5173064820641855,836.9203842951563,837.2749144236301,0.0,-0.23991603378116233,-0.28215778111625456
2018-02-19,4.77,1629.3421088926214,89.72000122070312,3.8752,2.88,64.95,3.2015,834.9124781032493,4.6909256,4.664,4.843,0.0,2.2727272727272707,-1.507330167251708,1612.7062442745207,1653.435124062328,0.0,1.031549587977465,-1.4571491084882982,89.24599914550781,89.4944995880127,0.6958504570144353,0.5311185708420263,0.2519726170083336,3.87316,3.8987050000000005,0.0,0.05267017112642325,-0.6028924989195272,2.878,2.795,0.34843205574912606,0.06949270326614965,3.0411449016100267,63.267999999999994,65.9655,1.010886469673422,2.658531959284338,-1.539441071469183,3.2261,3.1825249999999996,-1.7341927562922077,-0.762530609714529,0.5962246957997186,837.723549835741,837.1149101649178,0.0,-0.3355607864960808,-0.26309793732315345
2018-02-20,4.77,1629.3421088926214,89.72000122070312,3.8752,2.88,64.68,3.2015,834.9124781032493,4.588727,4.734,4.8555,0.0,0.7604562737642429,-1.7608897126969558,1622.2777207548702,1647.018685930892,0.0,0.4354610833503969,-1.0732469029809288,89.25,89.51999969482422,0.0,0.526612011992289,0.22341546756112773,3.8741999999999996,3.8949299999999996,0.0,0.025811780496631798,-0.5065559586436619,2.888,2.8065,0.0,-0.27700831024930483,2.618920363442001,63.815999999999995,65.704,-0.41570438799075626,1.3538924407672237,-1.5585048094484133,3.2321,3.181175,0.0,-0.9467528851211382,0.6389148663622723,838.0372851782264,836.3211582165188,0.0,-0.3728720822144038,-0.1684376987751368
2018-02-21,4.77,1629.3421088926214,90.08000183105469,3.8752,2.94,64.81,3.226,834.9124781032493,4.6292524,4.77,4.848999999999999,0.0,0.0,-1.6292018972984046,1629.3421088926214,1640.90478174583,0.0,0.0,-0.7046522736624983,89.44199981689454,89.55449981689453,0.40124900295754884,0.7133136730688827,0.586795767085535,3.8752,3.8915149999999996,0.0,0.0,-0.4192454609579954,2.8939999999999997,2.822,2.083333333333326,1.5894955079474915,4.1814316087881,64.32,65.3905,0.20098948670377315,0.7618159203980346,-0.8877436324848387,3.2283,3.18165,0.7652662814305877,-0.0712449276709104,1.3939308220577429,834.9124781032493,835.3234782955042,0.0,0.0,-0.049202518896451775
2018-02-22,4.77,1629.3421088926214,89.75,3.8752,2.92,66.12,3.2505,834.9124781032493,4.7181125,4.77,4.8435,0.0,0.0,-1.517497677299473,1629.3421088926214,1634.5780639569573,0.0,0.0,-0.32032456447267377,89.6740005493164,89.58849983215332,-0.36634305544709367,0.08475081987873168,0.18026886056721203,3.8752,3.88845,0.0,0.0,-0.340752742095185,2.898,2.835,-0.6802721088435382,0.7591442374051072,2.998236331569659,64.97200000000001,65.1925,2.02129301033791,1.7669149787600702,1.4227096675231143,3.2275,3.184225,0.7594544327340413,0.712625871417516,2.0813541756628418,834.9124781032493,834.6646340762845,0.0,0.0,0.02969384550945975
2018-02-23,4.82,1635.2719266790261,89.87999725341797,3.8702,2.88,67.04,3.223,833.4065331402104,4.6818457,4.779999999999999,4.8325000000000005,1.048218029350112,0.8368200836820217,-0.2586652871184758,1630.5280724499023,1630.8623642036157,0.3639393933318802,0.29093974579634807,0.27038225739937083,89.83000030517579,89.61699981689453,0.1448437363988475,0.0556572949708567,0.29346824493208246,3.8741999999999996,3.8851199999999997,-0.12902559867877805,-0.10324712198646058,-0.3840293221316071,2.9,2.8440000000000003,-1.3698630136986356,-0.6896551724137945,1.2658227848101111,65.52000000000001,65.124,1.391409558378709,2.3199023199023117,2.942079724832647,3.2205,3.1856750000000003,-0.8460236886632888,0.07762769756249899,1.1716512199141382,834.6112891106416,834.4387423318287,-0.1803715961294694,-0.14434934994888016,-0.12370101473642148
2018-02-24,4.89,1659.4775459598984,89.81999969482422,3.8652,2.86,67.96,3.2115,834.9752098526378,4.6079197,4.804,4.83,1.4522821576763434,1.7901748542880735,1.2422360248447228,1636.5551598633579,1628.3569454143176,1.480219826804574,1.4006485487757292,1.9111657694721451,89.85,89.64849967956543,-0.06675295997683461,-0.03338932128633676,0.19130271657838982,3.8722000000000003,3.88192,-0.12919228980413644,-0.18077578637467617,-0.43071469788145134,2.896,2.8505,-0.694444444444442,-1.2430939226519389,0.33327486405894113,66.122,65.13300000000001,1.3723150357995095,2.77971023260033,4.340349745904515,3.2225,3.186275,-0.356810425069809,-0.34134988363072605,0.7916768012804942,834.6238354605191,834.2912844229943,0.18822467187973313,0.04209973130289146,0.0819768158211609
2018-02-26,4.89,1659.4775459598984,89.81999969482422,3.8452,2.86,67.96,3.2115,834.9752098526378,4.6281343,4.828,4.818,0.0,1.2841756420878037,1.4943960149439661,1642.582247276813,1625.8750455497693,0.0,1.0285815952957966,2.0667332647796854,89.86999969482422,89.68299980163575,0.0,-0.055635918737939605,0.15276015910652418,3.8662000000000005,3.8784799999999997,-0.5174376487633192,-0.5431690031555636,-0.8580681091561515,2.892,2.8575,0.0,-1.1065006915629283,0.08748906386701893,66.77799999999999,65.14200000000001,0.0,1.770044026475781,4.325934113168128,3.2245,3.186525,0.0,-0.4031632811288488,0.7837691529173574,834.636381810397,834.0308825568205,0.0,0.04059588697846728,0.11322449990369687
2018-02-27,4.7,1641.3400270322454,90.36000061035156,3.8201,2.9,67.59,3.1865,825.4376860792963,4.6790624,4.814,4.799,-3.885480572597122,-2.3680930619027762,-2.0629297770368815,1644.981830904738,1623.5029188147041,-1.0929656126899667,-0.2213886988945979,1.0986803910746135,89.92599945068359,89.76749992370605,0.6012034261434707,0.48262033485209077,0.6600391980940534,3.85518,3.8741550000000005,-0.6527618849474726,-0.9099445421484775,-1.3952720012493147,2.884,2.8634999999999997,1.3986013986013957,0.554785020804438,1.2746638728828419,67.334,65.0915,-0.5444379046497749,0.3801942555024196,3.8384428074326182,3.2166000000000006,3.18485,-0.7784524365561207,-0.9357706895479878,0.05180777744635545,832.7414234056063,833.1273232385514,-1.1422523280690822,-0.8770714559196979,-0.9229846320924606
2018-02-28,4.6,1629.5446329668541,90.61000061035156,3.8202,2.87,66.08,3.1325,825.4376860792963,4.438329,4.779999999999999,4.76,-2.1276595744680993,-3.765690376569031,-3.361344537815125,1645.0223357195846,1620.0144779306827,-0.718644148751979,-0.9408810091298903,0.5882759176538244,90.0979995727539,89.83800010681152,0.27667109153532987,0.5682712602117501,0.8593251214655151,3.84418,3.8697050000000006,0.002617732520082683,-0.6238001342288912,-1.2792964838405196,2.874,2.8649999999999998,-1.0344827586206806,-0.13917884481559062,0.17452006980804846,67.326,65.023,-2.2340582926468455,-1.8506966105219291,1.6255786414038242,3.193,3.1815749999999996,-1.6946493017417352,-1.8947698089570975,-1.5424750320202962,830.8464650008157,832.5563264471388,0.0,-0.6509962007859138,-0.8550340849874494
2018-03-01,4.68,1643.6302186243752,90.31999969482422,3.8201,2.81,64.23,3.123,817.5315707677707,4.315262,4.752,4.7235,1.7391304347826209,-1.5151515151515138,-0.9209272785011047,1646.6939941086544,1617.405583131414,0.8643878401707772,-0.1860561522201709,1.6214013211323541,90.18600006103516,89.87649993896484,-0.3200539825338189,0.14858141363223165,0.49345463626260244,3.83416,3.864875,-0.002617663996640207,-0.3667035282825859,-1.1585109479608002,2.86,2.867,-2.0905923344947785,-1.748251748251739,-1.988140913847225,66.764,64.85,-2.7996368038740838,-3.7954586303996063,-0.956052428681553,3.1730000000000005,3.1761500000000003,-0.3032721468475552,-1.575795776867328,-1.6734096311572189,827.6714725263279,831.6119838322129,-0.9578088624810022,-1.225111906733567,-1.693146964953196
2018-03-02,4.61,1630.31480516313,89.94000244140625,3.8352,2.86,64.26,3.1245,828.9515065960251,4.3181477,4.696,4.689,-1.4957264957264793,-1.8313458262350868,-1.6847941991895876,1640.8614459493006,1616.8722697359347,-0.8101222106021821,-0.6427502341655122,0.8313913027521158,90.21000061035156,89.89400024414063,-0.42072326694189144,-0.29929959773697945,0.05117382377097801,3.8281599999999996,3.8625100000000003,0.39527761053375077,0.18390035944162442,-0.7070531856228301,2.8600000000000003,2.8705,1.7793594306049654,-1.1102230246251565e-14,-0.3657899320675839,66.024,64.72550000000001,0.04670714619336991,-2.6717557251908386,-0.7191910452603811,3.1556,3.1723749999999997,0.04803073967338811,-0.9855494993028402,-1.509121714803574,826.4667318750053,831.4551161609701,1.3968801006093878,0.30065030148069827,-0.30111181184436786
2018-03-05,4.61,1631.901606690989,90.08000183105469,3.8453,2.88,65.78,3.128,827.0690945411123,4.3728466,4.64,4.6635,0.0,-0.6465517241379226,-1.1472070333440443,1635.3462580955188,1617.890025798228,0.0973309892564167,-0.21063743457861994,0.86604037785869,90.26200103759766,89.88500022888184,0.15565864559503595,-0.20163435825797382,0.2169456546434967,3.8281799999999997,3.861275,0.2633500208593986,0.44720990131081884,-0.413723446270986,2.864,2.8725,0.6993006993007089,0.5586592178770999,0.26109660574411553,65.588,64.7275,2.3653906006847025,0.2927364761846851,1.6260476613495056,3.1389000000000005,3.173875,0.11201792286765766,-0.34725540794546816,-1.445394037257286,824.8855088127002,831.6590441335857,-0.2270834952267098,0.2647137942276556,-0.5519028049836283
2018-03-06,4.59,1648.5470530932464,89.62000274658203,3.8253,2.88,65.67,3.159,836.7948901581622,4.422159,4.618,4.658499999999999,-0.4338394793926392,-0.6063230835859801,-1.4704303960502152,1636.787663307719,1620.1433057445697,1.020003064768682,0.7184432073347402,1.753162652215079,90.11400146484375,89.85450019836426,-0.5106561668763998,-0.5481930779141386,-0.26097463261667286,3.8292200000000003,3.858535,-0.5201154656333751,-0.10237071779631846,-0.8613372691967269,2.8600000000000003,2.8739999999999997,0.0,0.6993006993006867,0.20876826722338038,65.204,64.798,-0.16722408026755842,0.7146800809766374,1.3457205469304512,3.1334,3.177225,0.9910485933503743,0.817003893534185,-0.5736137667304075,827.1569496284734,832.1829806236256,1.175935079818946,1.1651888476567507,0.5541941666579842
2018-03-07,4.54,1636.1495310007012,89.63999938964844,3.8203,2.89,65.09,3.136,832.0261282714914,4.4866138,4.606,4.667,-1.0893246187363759,-1.4329135909682988,-2.7212341975573096,1638.1086429144884,1624.9453765713763,-0.7520271908092124,-0.11959596955068985,0.6895096038837645,89.92000122070313,89.81450004577637,0.02231270079622316,-0.311389932443884,-0.1942900712457285,3.82924,3.85555,-0.13070870258541367,-0.23346669312970247,-0.9142664470698114,2.864,2.877,0.3472222222222321,0.9078212290502874,0.45185957594717774,65.006,64.9005,-0.8832038982792723,0.12921884133771933,0.29198542384112347,3.1341,3.18185,-0.7280785058562778,0.06062346447146538,-1.4409855901440949,828.4746380669123,832.5876999813872,-0.5698842025396944,0.42867820466607753,-0.06744895581670685
2018-03-08,4.82,1653.2228911727088,90.12000274658203,3.8203,2.86,63.87,3.079,828.198572412277,4.2973447,4.634,4.6884999999999994,6.167400881057272,4.013810962451436,2.80473498986884,1640.027177424155,1629.3141438748444,1.0435085454301385,0.8046033584198975,1.4674117565201206,89.88000183105468,89.81000022888183,0.5354789828222906,0.2670237101001227,0.345175945785714,3.82928,3.8526900000000004,0.0,-0.23450883717043292,-0.8407112952249052,2.874,2.877,-1.038062283737029,-0.4871259568545616,-0.5908932916232179,64.934,64.98400000000001,-1.8743278537409869,-1.63858687282471,-1.7142681275391092,3.1253,3.180975,-1.817602040816324,-1.4814577800531192,-3.205778102625767,830.6080383958137,832.4527960819847,-0.46002832473134303,-0.2900845973258459,-0.5110468352957143
2018-03-09,4.77,1670.120222355464,90.08999633789062,3.8278,2.9,65.19,3.136,829.7672491247044,4.702443,4.666,4.7075000000000005,-1.0373443983402675,2.228889841405901,1.327668613913957,1647.988260862622,1634.5277777374502,1.0220842738736247,1.3429683947661974,2.177536845980166,89.91000061035156,89.80400009155274,-0.033296058340992474,0.2001954469104339,0.3184671574165021,3.8278,3.8503300000000005,0.19631966075961405,0.0,-0.5851446499391066,2.882,2.8790000000000004,1.3986013986013957,0.6245662734212232,0.7294199374782817,65.12,65.1335,2.066697980272436,0.10749385749384555,0.08674491621054603,3.1276,3.18295,1.8512504059759571,0.26857654431513556,-1.4750467333762618,830.7711869015495,832.3963260182038,0.18940828500324525,-0.12084407748773618,-0.3158443653969112
2018-03-12,4.81,1683.3503434198549,89.9000015258789,3.8243,2.87,64.53,3.124,827.8848370697915,4.8275895,4.7059999999999995,4.726999999999999,0.8385744234800763,2.20994475138121,1.7558705309921763,1658.278008208395,1639.6210585838992,0.7921657906597712,1.5119500522441376,2.667036057326788,89.8740005493164,89.81400032043457,-0.2108944608002039,0.028930476448785214,0.09575478782539726,3.8236,3.848045,-0.09143633418673414,0.018307354325775016,-0.6170665883585058,2.88,2.881,-1.0344827586206806,-0.3472222222222099,-0.38181187087815704,64.87,65.263,-1.012425218591806,-0.5241251734237728,-1.1231478785835858,3.1268000000000002,3.180575,-0.3826530612244916,-0.0895484201100194,-1.7787664180219043,830.9343354072853,832.1233778021522,-0.22686024989521103,-0.3669963085589756,-0.5093644578951451
2018-03-13,4.77,1669.6821460873655,89.66000366210938,3.8362,2.84,64.2,3.138,831.9633965221028,4.8465376,4.741999999999999,4.736,-0.8316008316008316,0.5904681568958292,0.7179054054053946,1662.5050268072187,1643.4041574780742,-0.8119639138648549,0.43170511754362373,1.5989973306150596,89.88200073242187,89.84100036621093,-0.2669609117864624,-0.24698723715927962,-0.20146336679665033,3.8257800000000004,3.8463450000000003,0.3111680568993025,0.2723627600123235,-0.26375689128251834,2.872,2.8775,-1.0452961672474004,-1.1142061281337101,-1.3032145960034769,64.57600000000001,65.3585,-0.5113900511390046,-0.5822596630327137,-1.7725314993459196,3.1226000000000003,3.175225,0.4481434058898781,0.49317876128864846,-1.1723578644033172,829.9680366800734,831.1947219543506,0.4926481642962388,0.24041405859567266,0.09247827824807597
2018-03-14,4.88,1659.9359472246945,89.69999694824219,3.8413,2.81,63.61,3.1585,831.0221904946463,4.8768697,4.81,4.7415,2.3060796645702375,1.455301455301461,2.921016555942213,1667.2623100520173,1644.933849394678,-0.5837158219311189,-0.43942472538074373,0.912018306118334,89.89400024414063,89.89650039672851,0.044605492415028536,-0.21581339730298854,-0.218588540843212,3.82998,3.84465,0.13294405922528174,0.29556290111174555,-0.08713406942114643,2.8560000000000003,2.873,-1.0563380281690127,-1.6106442577030866,-2.19282979463975,64.28,65.39599999999999,-0.9190031152648048,-1.0423148724331033,-2.7310538870878753,3.1271,3.1704250000000003,0.6532823454429737,1.004125227846897,-0.37613253743583597,829.7672491247046,831.0002075739205,-0.11313070158988081,0.15124016659677775,0.0026453568272799544
2018-03-15,4.84,1669.0125100354671,90.13999938964844,3.8257,2.82,63.67,3.1275,826.2534286079756,4.8476014,4.814,4.745,-0.8196721311475419,0.540091400083087,2.002107481559534,1670.420233824569,1646.9173694518202,0.5468019911218924,-0.0842736313052761,1.3416058992079982,89.8979995727539,89.94850044250488,0.4905267072195407,0.2691937729923488,0.21289843210445802,3.83106,3.842175,-0.40611251399266246,-0.13990905911157592,-0.42879358696572556,2.848,2.8705,0.3558718861209842,-0.98314606741573,-1.7592753875631417,64.24,65.36449999999999,0.09432479169941832,-0.8872976338729632,-2.592385775153161,3.1368,3.1639,-0.9814785499446033,-0.2964804896710027,-1.1504788394070653,829.3782203638442,830.5672550991567,-0.5738429059075179,-0.3767631798310078,-0.5193831643008906
2018-03-16,4.72,1652.8207465952,90.2300033569336,3.8154,2.85,64.68,3.1075,822.8023398406353,4.7821536,4.804,4.7425,-2.4793388429752095,-1.7485428809325687,-0.4744333157617242,1666.9603386725164,1648.0913013369493,-0.9701403280627852,-0.8482260644891215,0.28696500335958497,89.9260009765625,89.9740005493164,0.0998490879682512,0.3380583780772328,0.2845297597686258,3.82858,3.8391849999999996,-0.2692317745772055,-0.34425296062770006,-0.6195325309928945,2.838,2.869,1.0638297872340496,0.42283298097252064,-0.6622516556291425,64.138,65.351,1.5863043819695388,0.8450528547818692,-1.026763171183287,3.1311,3.1592000000000002,-0.6394884092725817,-0.7537287215355626,-1.6364902506963874,827.9852385070302,829.9617481860262,-0.4176792068693036,-0.6259651048538428,-0.8626190738354578
2018-03-19,4.58,1662.4863713638217,89.9000015258789,3.8104,2.85,64.82,3.082,826.2534286079756,4.710443,4.758,4.733,-2.9661016949152463,-3.741067675493903,-3.2326220156349006,1662.78754426131,1649.7485144605093,0.5847957068867204,-0.018112530282510253,0.7721090088375071,89.9260009765625,89.98300056457519,-0.3657340338881099,-0.028912050353913088,-0.09223857637057353,3.8257999999999996,3.835945,-0.13104785867799063,-0.4025301897642275,-0.6659375981668214,2.834,2.8675,0.0,0.5645730416372619,-0.6102877070619073,64.196,65.358,0.21645021645020357,0.9720231790142586,-0.8231586033844551,3.1226999999999996,3.153225,-0.8205953338696781,-1.303359272424498,-2.258798531662032,827.6589568146671,829.5287957112625,0.41943108329136614,-0.1698197301097104,-0.3948467033598968
2018-03-20,4.57,1665.7202235168925,90.37000274658203,3.7906,2.89,66.0,3.038,822.6767997463156,4.64185,4.718,4.723,-0.21834061135370675,-3.13692242475625,-3.2394664408215035,1661.995159747215,1651.5674201917227,0.1945190173449518,0.22413204682520949,0.8569316124876547,90.06800079345703,89.99750061035157,0.522804463543669,0.3353043816499701,0.41390275697015255,3.8166800000000003,3.831715,-0.5196304849884537,-0.6833163901610928,-1.0730182176910352,2.844,2.865,1.403508771929829,1.6174402250351605,0.8726003490401313,64.556,65.41749999999999,1.820425794507874,2.2368176466943446,0.8904345167577654,3.1026999999999996,3.143825,-1.4276443867618394,-2.085280562091074,-3.36612247819138,825.8016374595096,828.9170117934157,-0.4328731037988809,-0.3784005227704834,-0.7528150536564526
2018-03-21,4.62,1655.0154832921266,89.77999877929688,3.763,2.89,68.15,3.0585,828.7005030029283,4.4656363,4.666,4.7155000000000005,1.0940919037199182,-0.9858551221603173,-2.025235924080171,1661.0110669607016,1652.851088911698,-0.6426493521321741,-0.36095988689259784,0.13094914568823057,90.08400115966796,89.9990005493164,-0.6528758983660343,-0.33746545053240373,-0.2433380022920706,3.80102,3.8261049999999996,-0.7281169208041005,-1.0002578255310368,-1.6493274491944043,2.8600000000000003,2.8635,0.0,1.0489510489510412,0.9254408940108316,65.464,65.519,3.2575757575757702,4.103018452890139,4.015629054167502,3.0827,3.134225,0.6747860434496378,-0.7850261134719538,-2.416067767949004,825.337299961166,828.6064130383996,0.7322077465257371,0.4074943713219481,0.011355205927454648
2018-03-22,4.57,1640.3891075439128,89.86000061035156,3.748,2.83,68.98,3.02,832.4025953633654,4.5318465,4.612,4.703,-1.0822510822510734,-0.9106678230702436,-2.82798213906017,1655.2863864623905,1653.1069479549424,-0.8837606593939062,-0.8999819632610873,-0.7693295601208905,90.02800140380859,89.99800071716308,0.08910874598178076,-0.18660948908937325,-0.15333685827667587,3.7854799999999997,3.819995,-0.3986181238373576,-0.9900990099009799,-1.8846883307438889,2.862,2.8609999999999998,-2.076124567474047,-1.1180992313067795,-1.083537224746578,66.526,65.61600000000001,1.2179016874541482,3.6887833328322905,5.126798341867822,3.0612,3.124075,-1.2587869870851698,-1.3458774336861379,-3.3313860902827175,826.5671333122442,828.5562161495575,0.446734658302006,0.7059876706852819,0.4642267040953163
2018-03-23,4.54,1587.2606550165722,89.44000244140625,3.7005,2.82,69.03,2.993,846.6462258695318,4.1869316,4.576,4.685499999999999,-0.6564551422319487,-0.7867132867132809,-3.1053249386404747,1642.174368146665,1649.4961034077762,-3.2387713551016994,-3.3439636006539097,-3.7729975998505694,89.87000122070313,89.97900085449218,-0.4673916827204305,-0.4784675347237255,-0.5990268929053411,3.7625,3.8117599999999996,-1.2673425827107843,-1.647840531561473,-2.918861628224223,2.8560000000000003,2.859,-0.35335689045937757,-1.26050420168069,-1.3641133263378902,67.396,65.6695,0.07248477819656873,2.4244762300433376,5.117291893496989,3.0383,3.11315,-0.894039735099339,-1.490965342461248,-3.8594349774344394,831.3359105180232,829.1397669504022,1.7111468159164867,1.8416521117160078,2.1114002267095255
2018-03-26,4.52,1586.4146270290519,89.02999877929688,3.7307,2.85,68.81,2.97,849.8463110437751,4.3541574,4.564,4.667,-0.440528634361248,-0.9640666082384008,-3.1497750160702886,1626.960019279711,1645.8429574612335,-0.053301137708317015,-2.492095181823184,-3.6108141522719572,89.69600067138671,89.93950080871582,-0.45841195317271044,-0.7425101310033044,-1.0112375777505012,3.7465599999999997,3.806035,0.8161059316308616,-0.4233216604031309,-1.9793564693966315,2.856,2.8585000000000003,1.0638297872340496,-0.21008403361343353,-0.29735875459157013,68.194,65.712,-0.3187020136172669,0.903305276123989,4.714511809106403,3.0159000000000002,3.101075,-0.7684597393919024,-1.5219337511190756,-4.2267600751352274,836.0544870051832,829.883322009959,0.37797194110877896,1.6496322013646925,2.4055175594403178
2018-03-27,4.61,1606.129147932585,89.37000274658203,3.7432,2.78,68.63,3.0005,841.626460389764,4.5388236,4.572,4.6625,1.9911504424778848,0.8311461067366688,-1.1260053619302823,1615.0418041628498,1644.0824135062508,1.2427092241612314,-0.5518529741640021,-2.3084770727961668,89.49600067138672,89.89000091552734,0.3818982050398656,-0.14078609531092967,-0.5784827718869012,3.73708,3.8021900000000004,0.33505776395850173,0.16376422233399524,-1.5514742819270122,2.8340000000000005,2.8525,-2.4561403508772006,-1.9054340155257865,-2.5416301489921245,68.72,65.76400000000001,-0.2615898851911158,-0.13096623981374567,4.358007420473187,3.0084000000000004,3.091775,1.0269360269360206,-0.2625980587687926,-2.95218765919254,839.8444191338729,830.6927607254823,-0.9672161362818121,0.21218706885366423,1.3162146320780277
2018-03-28,4.49,1578.2080466661926,90.05999755859375,3.7406,2.77,68.13,3.0135,830.8966504003265,4.4597626,4.546,4.657,-2.6030368763557465,-1.2318521777386682,-3.585999570538967,1599.6803168376628,1641.5155841912176,-1.738409473629976,-1.342285076928229,-3.8566516294279984,89.5520004272461,89.86250076293945,0.7720653360258511,0.5672649733384327,0.21977665208239294,3.7326,3.79821,-0.0694592861722465,0.21432781439212345,-1.5167671087169987,2.81,2.8475,-0.3597122302158251,-1.4234875444839923,-2.721685689201059,68.716,65.8665,-0.7285443683520354,-0.8527853774957794,3.4364965498394406,2.9994,3.0858250000000003,0.43326112314614473,0.47009401880375723,-2.343781646723331,840.2836486133525,830.9657089415338,-1.2748898109107065,-1.1171225607586877,-0.008310636704278451
2018-03-29,4.4,1595.1409465931674,90.1500015258789,3.7456,2.74,69.02,3.037,830.0182527178014,4.489197,4.5120000000000005,4.643000000000001,-2.0044543429844075,-2.4822695035460973,-5.233685117381015,1590.6306846475138,1639.0911205896573,1.072919376044501,0.2835518005019022,-2.6813746621163426,89.61000061035156,89.85400085449218,0.09993778561518951,0.6026123332767419,0.32942403072964144,3.7321200000000005,3.7944849999999994,0.13366839544457498,0.3611888149362752,-1.2883171234040813,2.7920000000000003,2.8440000000000003,-1.0830324909747224,-1.862464183381085,-3.656821378340369,68.724,66.106,1.3063261412006533,0.4307083406088097,4.4080718845490585,3.0028,3.081525,0.779824124771844,1.1389369921406711,-1.4449014692400675,839.8067800842398,831.5900430390353,-0.10571684000674209,-1.165568985458365,-0.18901023820461216
2018-03-30,4.35,1599.7049971907948,90.05000305175781,3.7407,2.73,69.02,3.061,842.1283909804152,4.533909,4.474,4.63,-1.1363636363636576,-2.77156906571302,-6.0475161987041055,1593.1195530823584,1637.5606301910404,0.28612208892104807,0.41336785401289156,-2.3117087882009835,89.73200073242188,89.85950088500977,-0.1109245395768399,0.3543912057463183,0.21200002767856052,3.7401600000000004,3.78976,-0.130820162323797,0.014437885010254448,-1.2945410791184608,2.774,2.8375,-0.36496350364964014,-1.5861571737563085,-3.7885462555066085,68.72200000000001,66.344,0.0,0.43363115159626986,4.033522247678767,3.0164,3.07835,0.7902535396773214,1.4785837422092607,-0.5636136241817802,838.9032131064165,832.248887258255,1.4590207170698477,0.38445172501557767,1.1870852425777567
2018-04-02,4.42,1599.7049971907948,90.05000305175781,3.7357,2.73,69.02,3.061,842.1283909804152,4.5727606,4.454000000000001,4.6205,1.6091954022988464,-0.7633587786259666,-4.3393572124229,1595.777627114707,1635.9507997160306,0.0,0.24611011016546502,-2.2155802320905638,89.93600158691406,89.85800094604492,0.0,0.12675843136475962,0.21367279896218339,3.74116,3.78428,-0.1336648220921166,-0.14594403874733652,-1.2837316477639082,2.75,2.83,0.0,-0.727272727272732,-3.5335689045936425,68.764,66.506,0.0,0.3722878250247197,3.7801100652572694,3.0346,3.075,0.0,0.8699663876622798,-0.45528455284553626,837.3596290937445,833.0018520802199,0.0,0.5694998565708209,1.0956204812034853
2018-04-03,4.34,1587.7858384133726,90.19999694824219,3.7507,2.79,69.02,3.0745,836.2929595675109,4.4585304,4.4,4.608,-1.8099547511312264,-1.363636363636378,-5.815972222222221,1592.1089652108644,1632.912738982037,-0.7450847999070476,-0.271534605479673,-2.7635831046793458,90.1020004272461,89.88700065612792,0.16656734192241895,0.10876175948526523,0.34821085343770264,3.74266,3.7805500000000003,0.4015311722033399,0.21482047527694448,-0.7895676554998676,2.752,2.8255000000000003,2.19780219780219,1.3808139534883912,-1.256414793841809,68.842,66.6735,0.0,0.25856308648790627,3.5193892626005807,3.0494,3.0707750000000003,0.44103234237178324,0.8231127434905172,0.12130488231796299,836.2929289292939,832.9767555506875,-0.6929384492203927,3.6635747990843015e-06,0.3981148327039552
2018-04-04,4.35,1582.1674286120785,90.13999938964844,3.7234,2.79,66.04,3.021,838.1753716224239,4.4278913,4.372,4.5985,0.23041474654377225,-0.5032021957914079,-5.403936066108517,1592.9008416000418,1630.2136338626058,-0.35385186499133914,-0.6738280693719623,-2.947233678612249,90.11800079345703,89.91200065612793,-0.06651614259829408,0.024410879067127134,0.2535798690460611,3.7392200000000004,3.775705,-0.7278641320286994,-0.4230828889447702,-1.385304201467008,2.756,2.8205,0.0,1.2336719883889735,-1.0813685516752325,68.424,66.72099999999999,-4.317589104607345,-3.484157605518534,-1.020668155453286,3.0509,3.065025,-1.740120344771512,-0.980038677111672,-1.43636675067903,837.7486731737133,833.2842177182341,0.2250900277680712,0.050933945033193595,0.5869730639544768
2018-04-05,4.28,1583.2076329073311,90.45999908447266,3.7008,2.83,66.54,3.085,838.4891069649093,4.2997,4.348000000000001,4.5715,-1.6091954022988353,-1.5639374425023167,-6.376462867767696,1590.5141788628744,1626.712870949337,0.06574552581739557,-0.4593826356686148,-2.6744263735133833,90.18000030517578,89.92900047302246,0.3550029920024178,0.31048877616914883,0.5904642647612812,3.73026,3.76973,-0.606972122253846,-0.7897572823342025,-1.8285129173707393,2.774,2.819,1.4336917562723928,2.0187454938716654,0.3902092940759161,67.928,66.8545,0.7571168988491861,-2.0433400070662966,-0.47042457874936217,3.0604999999999998,3.065325,2.1185038066865225,0.8005227903937318,0.6418568993499907,839.442844023135,833.7987444458656,0.03743075173852084,-0.11361548496319207,0.5625293334017734
2018-04-06,4.28,1583.2076329073311,90.11000061035156,3.7008,2.77,66.51,3.069,838.4891069649093,4.4378,4.3340000000000005,4.547,0.0,-1.2459621596677461,-5.872003518803592,1587.2147060061816,1622.3672414769303,0.0,-0.2524594236486877,-2.4137326967937356,90.19199981689454,89.93000068664551,-0.38690965914587316,-0.0909162749572534,0.20015559027208862,3.72228,3.76338,0.0,-0.5770656694284115,-1.6628668909331568,2.782,2.8125,-2.1201413427561877,-0.43134435657800063,-1.5111111111111075,67.42600000000002,66.9205,-0.04508566275924775,-1.3585263844807849,-0.6134144245784179,3.0621,3.061975,-0.5186385737439236,0.22533555403154715,0.2294270854595437,838.7149872200338,834.234837337876,0.0,-0.026931706070154604,0.5099606773326659
2018-04-08,4.28,1583.2076329073311,89.83999633789062,3.7008,2.78,68.19,3.0865,838.4891069649093,4.3481116,4.305999999999999,4.5205,0.0,-0.6038086391081943,-5.320207941599375,1583.9152331494888,1617.3601059513044,0.0,-0.044674123169496927,-2.111618366145207,90.14999847412109,89.9270004272461,-0.29963852028863647,-0.34387370102890724,-0.09674968467991985,3.7153,3.7572050000000004,0.0,-0.3902780394584582,-1.50124893371536,2.7920000000000003,2.808,0.3610108303248927,-0.42979942693411877,-0.9971509971509973,67.26,67.1035,2.5259359494812728,1.3826940231935758,1.619140581340761,3.0671999999999997,3.0601,0.5702183121538029,0.6292383933229173,0.8627169046763195,837.9871304169325,834.7650508326318,0.0,0.05990265599031819,0.4461202740295489
2018-04-09,4.28,1583.2076329073311,89.83999633789062,3.6959,2.78,68.19,3.0865,838.4891069649093,4.3658533,4.294,4.496,0.0,-0.3260363297624469,-4.804270462633453,1582.9995920482806,1613.0363802923025,0.0,0.013142192840454037,-1.8492296732678826,90.07799835205078,89.93600006103516,0.0,-0.2642176985660605,-0.1067467121946497,3.7043399999999997,3.75019,-0.13240380458279244,-0.22784085694077527,-1.447659985227412,2.79,2.805,0.0,-0.35842293906810374,-0.891265597147961,67.09400000000001,67.303,0.0,1.6335290786061218,1.3179204493113161,3.0696,3.057525,0.0,0.5505603335939524,0.9476619160922573,838.4263598964122,835.0913363547721,0.0,0.007483909320882276,0.4068741300764289
2018-04-10,4.39,1607.4103486172469,89.58999633789062,3.7159,2.8,70.67,3.146,842.0656592310268,4.3974667,4.3020000000000005,4.471500000000001,2.5700934579439227,2.045560204555996,-1.8226545901822933,1588.0481760493142,1610.4101003619303,1.5287139353586277,1.2192433995359853,-0.18627253666685384,89.96799774169922,89.93050003051758,-0.2782724957598459,-0.42015095733690666,-0.37862982248669796,3.7028399999999997,3.74392,0.5411401823642414,0.3527022501647492,-0.7484134276373511,2.7920000000000003,2.8045,0.7194244604316502,0.2865329512893755,-0.16045640934213568,68.02000000000001,67.656,3.6368969057046563,3.895912966774473,4.454889440700005,3.0946,3.0568999999999997,1.9277498785031488,1.6609577974536327,2.914717524289312,839.2044174181328,835.6435097915912,0.426547254628451,0.3409469437370971,0.7685274120105667
2018-04-11,4.52,1611.9228608303924,89.56999969482422,3.7109,2.79,72.74,3.1265,851.1639841631056,4.4412537,4.35,4.4555,2.9612756264236983,3.9080459770114873,1.4476489731792164,1593.7912216339266,1607.5556179016764,0.2807318129454339,1.1376420543888877,0.271669787351847,89.78999786376953,89.90200004577636,-0.022320173996870363,-0.24501411535736706,-0.36929139594569227,3.70486,3.73818,-0.13455690411474652,0.16302910231424939,-0.7297668919099554,2.784,2.803,-0.35714285714284477,0.21551724137931494,-0.4637887977167243,69.26,68.1095,2.9291071175887806,5.024545192030017,6.79861106013111,3.1028999999999995,3.05685,-0.619834710743794,0.7605788133681513,2.278489294535224,841.7393928577719,836.8890375693476,1.08047690014903,1.1196566758431503,1.7057155671698299
2018-04-12,4.47,1596.5702293966233,89.75,3.7109,2.83,71.44,3.074,839.8067800842398,4.411311,4.388,4.443,-1.106194690265483,1.8687329079307258,0.6076975016880537,1596.463740931785,1604.7430920417476,-0.9524420682178403,0.0066702714322852685,-0.5092941471850021,89.71799774169922,89.87799987792968,0.20096048430173763,0.035669831144602426,-0.14241513841376507,3.7068800000000004,3.7329550000000005,0.0,0.10844699585634832,-0.590818801726789,2.796,2.802,1.4336917562723928,1.2160228898426384,0.9992862241256173,70.246,68.4475,-1.7871872422326018,1.69974091051448,4.371963913948629,3.1039000000000003,3.0551749999999998,-1.679193986886296,-0.9633042301620653,0.6161676499709445,842.0029274816382,837.7392595815279,-1.3343144552847352,-0.2608241997408278,0.24679761382373488
2018-04-13,4.37,1587.4421282013684,89.80000305175781,3.7062,2.82,73.18,3.082,843.8226077871625,4.420754,4.406000000000001,4.4325,-2.237136465324374,-0.8170676350431338,-1.410039481105474,1597.3106399905923,1600.990879883625,-0.5717318929781445,-0.6178204503340723,-0.8462728834058963,89.70999908447266,89.87299995422363,0.05571370669394948,0.10032768721845997,-0.08122228311394641,3.70796,3.727745,-0.12665391145005866,-0.04746545270175595,-0.577963353180011,2.804,2.8005,-0.35335689045937757,0.5706134094151327,0.6963042313872458,71.244,68.8655,2.435610302351643,2.717421817977672,6.265110977194688,3.1029999999999998,3.0551749999999998,0.2602472348731233,-0.6767644215275537,0.8780184441153249,843.0696276460887,838.6177185404873,0.4781847203614964,0.08931411076640305,0.6206509988524456
2018-04-16,4.33,1570.3194073230961,89.43000030517578,3.6561,2.83,72.05,3.1065,845.516747998367,4.364488,4.4159999999999995,4.4205000000000005,-0.9153318077803174,-1.9474637681159312,-2.0472797194887593,1594.7329948737454,1596.2208390739352,-1.078635912080328,-1.5308887211292754,-1.6226721965280189,89.62799987792968,89.82599983215331,-0.4120297706101117,-0.2209126311237264,-0.4408517886998031,3.7,3.72102,-1.3517888942852552,-1.1864864864864932,-1.7446829095248195,2.814,2.7975,0.35460992907803135,0.5685856432125158,1.1617515638963516,72.01599999999999,69.168,-1.5441377425526204,0.047211730726504086,4.166666666666652,3.107,3.0585999999999998,0.7949383517196651,-0.016092693916969214,1.5660759824756454,844.4751558527803,839.7597159530899,0.20076971102340746,0.12334195249767976,0.6855570630395436
2018-04-17,4.21,1541.4459347828927,89.5199966430664,3.6512,2.82,71.71,3.0915,845.3284761546587,4.2491155,4.38,4.4,-2.771362586605086,-3.8812785388127824,-4.3181818181818326,1581.5401121068746,1590.5423616484734,-1.8387006111975523,-2.5351350254765204,-3.086772666318427,89.61399993896484,89.8129997253418,0.10063327472158434,-0.1048980025023516,-0.3262368289350448,3.68706,3.71543,-0.1340225923798566,-0.972590627763037,-1.7287366469022514,2.818,2.7939999999999996,-0.35335689045937757,0.07097232079489313,0.9305654974946398,72.22399999999999,69.34599999999999,-0.4718945176960476,-0.711674789543637,3.408992587892601,3.0961,3.06025,-0.4828585224529225,-0.14857401246729518,1.0211584020913378,845.1277192375068,840.5911146106764,-0.022267074443416135,0.023754624606686647,0.5635750202018786
2018-04-18,4.14,1552.4417579960714,89.62000274658203,3.5013,2.87,73.73,3.17,847.8383588945425,4.186144,4.304,4.3785,-1.6627078384798155,-3.810408921933095,-5.447070914696816,1569.6438915400104,1586.1449941710812,0.713344721670528,-1.095925874439052,-2.124852160355184,89.6240005493164,89.80099983215332,0.11171370338001196,-0.004460638567649333,-0.20155353048361135,3.64514,3.703095,-4.105499561787895,-3.9460761452234983,-5.449360602414998,2.834,2.7960000000000003,1.7730496453900901,1.2702893436838503,2.6466380543633594,72.422,69.58349999999999,2.8169014084507227,1.806081025102868,5.9590276430475875,3.1048,3.06775,2.5392204431505805,2.09997423344499,3.3330616901637855,844.4625941837942,841.3629027872352,0.2969121247755835,0.3997530185468001,0.769638890169233
2018-04-19,4.27,1570.1952796646956,89.94000244140625,3.5064,2.92,74.85,3.1425,845.0775491571043,3.9269297,4.264,4.365,3.1400966183574797,0.14071294559097058,-2.176403207331057,1564.3689015936247,1585.2917254034874,1.1435869704729429,0.37244271892233893,-0.9522818732274341,89.66200103759766,89.82599983215331,0.3570628040807877,0.3100548734039643,0.1269149349475196,3.60424,3.69339,0.14566018336046316,-2.714580605065142,-5.06282845840812,2.852,2.8009999999999997,1.7421602787456303,2.384291725105192,4.248482684755461,73.104,69.8745,1.5190560151905563,2.388378200919239,7.120623403387505,3.1185,3.075225,-0.8675078864353258,0.7696007696007756,2.1876448064775733,845.5167479983669,841.2844689516138,-0.32562925568004886,-0.05194442833951207,0.45086773207845265
2018-04-20,4.21,1548.180767617054,90.31999969482422,3.5215,2.96,74.62,3.145,838.7400339624636,4.054578,4.231999999999999,4.349500000000001,-1.4051522248243464,-0.519848771266529,-3.207265202896903,1556.5166294767619,1583.3800324328874,-1.4020238331338364,-0.5355459557479958,-2.2230458951632226,89.76600036621093,89.89049987792968,0.4225008262208174,0.6171594215551357,0.47780334682507863,3.5673000000000004,3.6829300000000003,0.4306411133926602,-1.2838841701006465,-4.38319490188519,2.88,2.8064999999999998,1.3698630136986356,2.77777777777779,5.469445929093175,73.39200000000001,70.16499999999999,-0.3072812291249005,1.6732068890342289,6.349319461269887,3.1311,3.083975,0.07955449482894839,0.44393344192137363,1.9787773895702854,844.5002332334273,840.7291550975482,-0.7499329737207905,-0.6820837987112194,-0.23659476099098242
2018-04-23,4.12,1545.1643203393692,90.94000244140625,3.6019,2.98,74.54,3.1205,829.8299808740929,4.0533056,4.1899999999999995,4.324999999999999,-2.137767220902609,-1.6706443914081048,-4.739884393063565,1551.4856120800166,1580.3317910532267,-0.19483818303257516,-0.40743476390816546,-2.225321980672157,90.06800079345703,89.9689998626709,0.6864512274987966,0.9681592133357952,1.0792635021146024,3.55646,3.6758650000000004,2.283117989493122,1.2776749914240604,-2.012179446198381,2.9099999999999997,2.8165000000000004,0.6756756756756799,2.4054982817869552,5.80507722350434,73.89,70.4605,-0.10720986330742255,0.8796860197591183,5.789768735674605,3.1338999999999997,3.089975,-0.7790143084260737,-0.4275822457640577,0.9878720701623767,841.3628798085723,840.1393311217647,-1.062314033858247,-1.370740165896478,-1.22710006135609
2018-04-24,4.15,1577.7431123667443,90.7699966430664,3.5855,3.0,75.86,3.1525,835.4144852894431,4.0724235,4.178,4.308,0.728155339805836,-0.6701771182383798,-3.66759517177343,1558.745047596787,1580.3085443382543,2.1084354329525157,1.2188051406641476,-0.16233741067217533,90.31800079345703,90.00449981689454,-0.18694281259711287,0.5004493518883546,0.8505095053349621,3.54332,3.66811,-0.4553152502845714,1.1904089949538843,-2.252113486236773,2.946,2.8280000000000003,0.6711409395973256,1.8329938900203624,6.082036775106081,74.72,70.84700000000001,1.770861282532854,1.525695931477511,7.07581125524015,3.1460999999999997,3.0969249999999997,1.0254766864284504,0.2034264645116135,1.794521985517905,839.3800816355293,840.3652228662206,0.6729697099480347,-0.472443465463146,-0.5891173792142657
2018-04-25,4.14,1574.1495803614073,91.16999816894531,3.6118,3.03,73.79,3.146,829.0142383454138,4.1496363,4.178,4.295,-0.2409638554217053,-0.9095260890378265,-3.60884749708964,1563.0866120698543,1579.2589760266665,-0.2277640749732912,0.7077642535050055,-0.3235312094355902,90.62799987792968,90.05549964904785,0.44067592891054996,0.5980472831196515,1.2375685263429137,3.5654200000000005,3.6614200000000006,0.7335099707153736,1.300828513891772,-1.3552119123181883,2.978,2.8425,1.0000000000000009,1.7461383478844628,6.596306068601576,74.732,71.0855,-2.7287107830213486,-1.2605042016806678,3.804573365876318,3.1412999999999998,3.102375,-0.20618556701030855,0.14961958424857258,1.4061807486200006,835.6152575257036,840.3150221476011,-0.7661163478404176,-0.7899591493620739,-1.344827059417053
2018-04-26,4.12,1543.11439924391,91.55999755859375,3.6344,3.0,75.39,3.1265,825.9396932654901,4.0538673,4.148,4.2835,-0.48309178743960457,-0.6750241080038522,-3.8169721022528247,1557.670435985697,1576.4294461293223,-1.9715522276079978,-0.934474739040414,-2.1133230521170665,90.95199890136719,90.13099937438965,0.4277716326436032,0.6684830070484704,1.585468034442039,3.5910200000000003,3.656105,0.6257267844288039,1.2080133221201717,-0.5936645692615539,2.9939999999999998,2.856,-0.9900990099009799,0.20040080160321772,5.042016806722693,74.84,71.404,2.1683154899037715,0.7349011223944268,5.58232031818946,3.1381,3.10565,-0.619834710743794,-0.3696504254166566,0.6713570428090732,831.7876863473806,839.5055872618548,-0.37086758438070744,-0.7030631948365063,-1.61593850025602
2018-04-27,4.12,1543.1960621770684,91.54000091552734,3.6364,2.96,75.33,3.0695,828.449576005374,3.9368558,4.130000000000001,4.2684999999999995,0.0,-0.2421307506053405,-3.4789738784116064,1556.6734948976998,1573.6039993786358,0.005292085486230391,-0.8657841714917347,-1.932375439664269,91.19599914550781,90.20549926757812,-0.021839934031897545,0.37721147116405174,1.4794016537624577,3.614,3.6511400000000003,0.05502971604667284,0.6198118428334398,-0.4037095263397239,2.9939999999999998,2.8674999999999997,-1.3333333333333308,-1.135604542418167,3.2258064516129226,74.982,71.71950000000001,-0.07958615200955865,0.4641113867328128,5.034195720829038,3.123,3.1060749999999997,-1.8231249000479788,-1.713096381684276,-1.1775311285142642,829.7295947559627,838.8216465131029,0.3038820824751376,-0.15426938591545092,-1.236504869759214
2018-04-28,3.99,1544.9875654573777,91.83999633789062,3.6217,2.95,75.92,3.074,817.3432989240624,3.9280367,4.104000000000001,4.251,-3.1553398058252413,-2.777777777777801,-6.139731827805228,1556.6381439213014,1571.4640857308361,0.11609045177201072,-0.7484448784336517,-1.6848313947400828,91.3759979248047,90.28749923706054,0.32772058047072505,0.5077902552350411,1.719503933488964,3.61796,3.6446899999999998,-0.4042459575404278,0.103373171621568,-0.6307806699609508,2.9880000000000004,2.8754999999999997,-0.33783783783782884,-1.2717536813922403,2.590853764562695,75.25800000000001,72.0645,0.7832204964821399,0.8796407026495423,5.350068341555136,3.1137,3.1060499999999998,0.14660368138132984,-1.275010437742885,-1.0318571819513456,827.2322583659567,837.8741634809305,-1.3406099058996257,-1.1954272022017154,-2.450351789291727
2018-04-30,3.99,1544.9875654573777,91.83999633789062,3.6665,2.95,75.92,3.074,817.3432989240624,3.8878124,4.072,4.233,0.0,-2.01375245579567,-5.740609496810755,1550.0870345394283,1569.605092573101,0.0,-0.3289795326599676,-1.5683898601123292,91.58999786376953,90.37249908447265,0.0,0.2729539032121586,1.6238316614950232,3.63416,3.641845,1.2369881547339645,0.889889272899369,0.6769920191551204,2.978,2.8835,0.0,-0.9402283411685697,2.306225073695156,75.27000000000001,72.55850000000001,0.0,0.8635578583765069,4.632813522881518,3.098,3.1087,0.0,-0.7746933505487386,-1.1162222150738255,823.6180210928806,836.8325598460124,0.0,-0.7618485764179894,-2.328931958089231
2018-05-01,3.99,1544.9875654573777,92.44999694824219,3.6665,2.97,74.85,3.0375,817.3432989240624,3.972161,4.042,4.218500000000001,0.0,-1.286491835724879,-5.416617281024072,1544.2546315586223,1567.6940892006035,0.0,0.047461984816310476,-1.4484027145119982,91.8459976196289,90.47199897766113,0.6641992973380528,0.6576218281330926,2.1863095686317946,3.6451000000000002,3.64013,0.0,0.5870895174343582,0.7244246771406448,2.966,2.8905000000000003,0.6779661016949268,0.13486176668915384,2.75038920601971,75.482,72.974,-1.4093782929399445,-0.8372857105005238,2.570778633485893,3.0763000000000003,3.1063249999999996,-1.1873780091086417,-1.2612554042193636,-2.2156406686357544,821.2838332086103,835.7752694439699,0.0,-0.4798017597829607,-2.2053740034890024
2018-05-02,3.99,1544.9875654573777,92.51000213623047,3.6665,2.97,73.14,3.0685,817.3432989240624,3.945283,4.016,4.204,0.0,-0.6474103585657365,-5.090390104662212,1544.629264801316,1565.7830858281056,0.0,0.02319654717326536,-1.32812268563558,92.03599853515625,90.59199905395508,0.06490555972855638,0.5150197842349158,2.1171881648544444,3.65152,3.6384149999999997,0.0,0.4102401191832472,0.7719020507556351,2.96,2.9005,0.0,0.33783783783785104,2.396138596793662,75.032,73.3055,-2.2845691382765487,-2.521590787930472,-0.22576750721295946,3.0646999999999998,3.1063,1.020576131687223,0.12399256044637319,-1.216881820815774,819.5645543403247,834.7179790419277,0.0,-0.27102873159883245,-2.0815030410399893
2018-05-03,3.96,1556.6250778519964,92.41000366210938,3.6467,2.94,73.45,3.0805,822.4257961532187,3.9827435,3.9840000000000004,4.188,-0.7518796992481258,-0.6024096385542244,-5.4441260744985565,1547.3150679363014,1564.453958075339,0.7532431104824822,0.6016880536238833,-0.5004225393103967,92.20999908447266,90.72049942016602,-0.10809477009181556,0.21690118167498884,1.8623180568247522,3.6535800000000003,3.6357100000000004,-0.5400245465702946,-0.18830845362630688,0.30227933471040913,2.9560000000000004,2.9085,-1.0101010101010166,-0.5412719891745743,1.0830324909747224,74.656,73.5685,0.42384468143286114,-1.6154093441920314,-0.161074372863379,3.0668999999999995,3.106,0.39107055564608917,0.44344452052562655,-0.8209916291049613,818.3597983698937,833.9148135013431,0.6218313939622133,0.4968472047898853,-1.3777207410293757
2018-05-04,3.96,1550.329047178673,92.56999969482422,3.6319,2.95,74.75,3.0855,823.6807375231606,3.9458852,3.978,4.172,0.0,-0.4524886877828149,-5.08149568552253,1548.3833642805605,1562.810028788906,-0.40446673787444265,0.1256589900793914,-0.7986243612670751,92.35599975585937,90.8569995880127,0.17313713491438065,0.23171200520870627,1.8853804490342574,3.6556200000000003,3.63251,-0.4058463816601354,-0.6488639410004438,-0.01679279616573215,2.9560000000000004,2.9170000000000003,0.3401360544217802,-0.2029769959404626,1.1312992800822652,74.422,73.8965,1.7699115044247815,0.44072989169869903,1.1549938089084,3.0692,3.10595,0.16231131309853986,0.5310830183761217,-0.6584136898533433,819.6272860897132,833.1743950292557,0.1525902246514832,0.49454813208886783,-1.1394562246193063
2018-05-07,3.99,1576.5145389056731,92.75,3.6518,2.95,74.16,3.079,823.3670021806751,3.9426837,3.978,4.151999999999999,0.7575757575757569,0.3016591251885359,-3.9017341040462172,1554.6887589702196,1561.2652383033274,1.6890280018073023,1.4038681253417007,0.9767270946810847,92.53800048828126,91.01499977111817,0.19444777548793812,0.2290945455922122,1.906279441020664,3.65268,3.629305,0.5479225749607686,-0.024091899646283554,0.619815639633492,2.9560000000000004,2.9244999999999997,0.0,-0.2029769959404626,0.8719439220379765,74.07,74.071,-0.7892976588628753,0.12150668286756705,0.12015498643194178,3.0702,3.1026,-0.21066277750769746,0.286626278418356,-0.7606523560884315,820.8320267410357,832.239462176738,-0.03808943540781762,0.30882998677621565,-1.0660946036921692
2018-05-08,4.08,1592.2076140341198,93.12000274658203,3.6922,2.97,74.16,3.059,823.241538681898,4.0129185,3.996,4.13,2.2556390977443552,2.1021021021021102,-1.2106537530266248,1564.132768685568,1560.2794759635137,0.9954285064405433,1.7949144670209138,2.0463089185281724,92.67200164794922,91.19249992370605,0.39892479415852833,0.4834265912748048,2.11366376016513,3.65782,3.6283700000000003,1.1063037406210618,0.9399040958822491,1.7591921441308278,2.9560000000000004,2.9335,0.6779661016949268,0.47361299052772754,1.244247485938299,73.932,74.142,0.0,0.30839149488719464,0.024277737314881698,3.0745,3.0992249999999997,-0.6495615459564785,-0.5041470157749139,-1.2979051214416337,822.0116746926029,830.8433399026777,-0.015237858505967594,0.14961636521220179,-0.9149500099104313
2018-05-09,4.07,1590.5460455541247,93.04000091552734,3.7074,3.0,77.6,3.0575,822.8023398406353,4.0670505,4.0120000000000005,4.11,-0.2450980392156854,1.445663010967091,-0.9732360097323589,1573.2444647049174,1559.9782667713887,-0.10435627020933813,1.099738866867872,1.9595002977830456,92.77800140380859,91.35699996948242,-0.08591261672575845,0.28239400262399794,1.8422244016409683,3.6660000000000004,3.6281949999999994,0.4116786739613243,1.1292962356791891,2.1830414296916345,2.9620000000000006,2.942,1.0101010101009944,1.2829169480080838,1.971447994561526,74.82399999999998,74.45,4.638619201725991,3.710039559499645,4.231027535258547,3.0723,3.0984000000000003,-0.04903563255965748,-0.4817237899944593,-1.3200361476891298,823.1034828759175,829.9931178904975,-0.053349936880719984,-0.03658629097643695,-0.8663659848334837
2018-05-10,4.1,1598.1838889558321,92.6500015258789,3.6924,2.97,77.59,3.11,828.7633113478594,4.0486765,4.04,4.0965,0.7371007371007154,1.4851485148514865,0.08543878921030146,1581.5562269256848,1560.5153548091118,0.48020259602397086,1.0513481434971883,2.413852195086408,92.8260009765625,91.49949989318847,-0.4191738884466778,-0.1896014573848026,1.257385705969405,3.6751400000000003,3.627505,-0.4045962129794356,0.4696419728227985,1.7889706561396768,2.968,2.9495,-0.9999999999999898,0.06738544474393926,0.6950330564502449,75.652,74.6705,-0.012886597938133182,2.5617300269655807,3.9098439142633223,3.0782000000000003,3.0998,1.7170891251022002,1.0330712754206939,0.329053487321751,824.3709859148457,829.2401530685323,0.7244718711396203,0.5328093186272476,-0.057503452878937544
2018-05-11,4.12,1589.0387292812063,92.54000091552734,3.6882,2.97,77.37,3.1115,827.6338334766946,4.08526,4.072000000000001,4.086,0.4878048780487809,1.178781925343797,0.8321096426823216,1589.2981633461911,1561.4513209070174,-0.5722219913379734,-0.01632381330124444,1.7667799184520216,92.82000122070312,91.65499992370606,-0.11872704645432552,-0.30165945000367733,0.965578520056698,3.6864000000000003,3.62911,-0.11374715632108678,0.048828125,1.6282228976250535,2.9720000000000004,2.9565,0.0,-0.06729475100942794,0.45662100456620447,76.176,74.9365,-0.2835416935172086,1.5674228103339738,3.2474161456700124,3.0834,3.1000500000000004,0.04823151125401548,0.9113316468833066,0.3693488814696444,825.1616051055523,828.3460073424487,-0.1362847336144557,0.2996053567986934,-0.08597540875932008
2018-05-14,4.1,1601.1763817731235,92.58999633789062,3.6937,3.0,78.17,3.093,826.0651567642673,4.127671,4.093999999999999,4.0805,-0.4854368932038944,0.14655593551540225,0.47788261242494023,1594.2305319196812,1564.437843256529,0.7638361651139514,0.43568666603559514,2.348353990217955,92.78800048828126,91.80849990844726,0.05402574223973833,-0.21339413431550325,0.851224483814339,3.69478,3.631235,0.14912423404371822,-0.029230427792725777,1.7202136463214224,2.982,2.9655,1.0101010101009944,0.6036217303822866,1.163378856853825,76.978,75.2595,1.0339925035543374,1.5484943750162516,3.8672858575993674,3.0862000000000003,3.100125,-0.5945685360758457,0.22033568790096325,-0.22982944236118463,825.701236022271,827.3828413729292,-0.18953752843061666,0.04407414281579758,-0.15925935888100318
2018-05-15,4.06,1610.59701774227,93.22000122070312,3.7151,3.08,78.94,3.056,808.7469811781773,4.151969,4.090000000000001,4.0765,-0.9756097560975618,-0.7334963325183685,-0.404758984422926,1597.9084126613113,1567.3456062438388,0.5883571651684072,0.7940758669532144,2.7595325068147325,92.80800018310546,91.98849983215332,0.6804243522306797,0.4439283647797554,1.3387558127340382,3.69936,3.6419249999999996,0.5793648644990101,0.4254790017732768,2.0092396191574657,3.0040000000000004,2.976,2.6666666666666616,2.5299600532623145,3.4946236559139754,77.934,75.52000000000001,0.985032621210169,1.29083583545051,4.528601694915246,3.0856,3.094425,-1.1962495958616204,-0.9592947886958747,-1.241749274905679,822.8023245215267,825.4282724871109,-2.096466052862711,-1.7082284437544337,-2.0209256049191215
2018-05-16,3.96,1599.76306860993,93.38999938964844,3.7076,3.09,78.19,3.0705,809.5626471113139,3.9590611,4.068,4.061,-2.463054187192115,-2.654867256637161,-2.487072149716818,1599.7518172724724,1568.8239956911007,-0.6726666579531471,0.0007033176856685586,1.9721187975073162,92.87799987792968,92.16099967956544,0.18236233288908554,0.5512602687306689,1.3335355674917837,3.6994,3.651985,-0.2018788188743348,0.2216575660918041,1.5228704389530723,3.022,2.9845,0.32467532467532756,2.2501654533421567,3.53493047411626,78.05199999999999,75.687,-0.9500886749429949,0.17680520678522438,3.307040839245845,3.0882,3.0908249999999997,0.4744764397905721,-0.5731494074218024,-0.6575914197665567,820.1543859756624,823.6525273848214,0.10085551502749812,-1.2914323260916905,-1.7106582940070836
2018-05-17,3.92,1588.0950687202658,93.47000122070312,3.712,3.11,80.09,3.089,808.3077057413722,3.9827495,4.032,4.0465,-1.0101010101010055,-2.777777777777779,-3.1261584085011784,1597.734053225359,1570.8197107462613,-0.7293579979817166,-0.6032909222680072,1.0997670742110444,93.04199981689453,92.31849975585938,0.08566423768876508,0.46000881822283457,1.247313883879131,3.70332,3.66151,0.11867515373826798,0.23438428221163043,1.3789392900743325,3.05,2.992,0.6472491909385036,1.967213114754096,3.943850267379667,78.55199999999999,75.9605,2.4299782580892826,1.9579386902943474,5.43637811757427,3.0839999999999996,3.0880249999999996,0.6025077348965846,0.1621271076524211,0.03157357858178944,816.063264854365,822.1309109737667,-0.15501473226557927,-0.9503624837685742,-1.681387361536102
2018-05-18,3.97,1601.6895879397277,93.63999938964844,3.7099,3.06,78.38,3.0635,809.5626471113139,3.9466853,4.002,4.039,1.2755102040816313,-0.7996001999000413,-1.7083436494181647,1600.2642249570636,1573.6459741262793,0.8560267887750994,0.08907047726460782,1.7820789602323917,93.26199951171876,92.45349960327148,0.18187457657554695,0.4053096437013348,1.2833476195799554,3.7076599999999997,3.66691,-0.05657327586207073,0.06041546420114674,1.1723767422707532,3.068,2.996,-1.6077170418006381,-0.2607561929595881,2.1361815754339153,78.75399999999999,76.1525,-2.1350980147334386,-0.47489651319297943,2.925051705459425,3.0744,3.0851750000000004,-0.8255098737455557,-0.3545407233931819,-0.7025533397619466,812.4490275812889,821.1175442856278,0.15525540100977953,-0.35526911498287017,-1.4072159649647475
2018-05-21,4.0,1612.9928267279513,93.68000030517578,3.6939,3.06,78.34,3.0985,809.5626471113139,4.0331793,3.982,4.031499999999999,0.7556675062972307,0.45203415369161615,-0.7813468932159062,1602.627513948029,1575.4084598443394,0.7057072027772282,0.6467699256196946,2.3856903045528677,93.48000030517578,92.59899978637695,0.04271776568567365,0.21394950721767003,1.1673997789313661,3.7077,3.67233,-0.43127847111782414,-0.37219839792862475,0.587365514537086,3.08,2.9989999999999997,0.0,-0.6493506493506551,2.0340113371123847,78.78800000000001,76.2765,-0.05103342689460888,-0.5686145098238393,2.7052893092892383,3.0755,3.082475,1.1424840868287989,0.7478458787189224,0.5198744515365172,809.1485256506983,819.8249523767214,0.0,0.05117990671523742,-1.2517678604019533
2018-05-22,3.95,1610.7686913750877,93.61000061035156,3.67,3.06,80.42,3.132,810.5038531387705,4.046117,3.96,4.022,-1.2499999999999956,-0.2525252525252486,-1.7901541521631037,1602.6618486745924,1577.2394153950233,-0.1378887318039368,0.5058361317578974,2.125820319527505,93.55800018310546,92.72099990844727,-0.074722133428895,0.05558095207713887,0.9587911074967925,3.6986800000000004,3.67524,-0.6470126424646061,-0.7754117685228379,-0.1425757229459923,3.0759999999999996,3.0005,0.0,-0.5201560468140354,1.9830028328611915,79.08399999999999,76.608,2.6550931835588543,1.6893429770876711,4.9759816207184615,3.0907,3.081775,1.0811683072454503,1.3362668651114573,1.6297425996381953,809.499900042817,818.8994331163892,0.11626104919921776,0.12402139838441073,-1.0252272303655885
2018-05-23,3.93,1589.4209118083872,94.01000213623047,3.64,3.01,78.69,3.0705,808.9979847712742,4.017349,3.9539999999999997,4.0125,-0.5063291139240533,-0.6069802731411111,-2.0560747663551426,1600.593417314284,1579.5547410232473,-1.3253162717283828,-0.6980227073933309,0.6246172119839688,93.68200073242187,92.8435001373291,0.4273064023831097,0.35012211656906267,1.2564175167630864,3.6851599999999998,3.67552,-0.8174386920980825,-1.2254556111539139,-0.9663938707992314,3.06,3.0010000000000003,-1.6339869281045805,-1.6339869281045805,0.29990003332220905,79.184,76.773,-2.151206167620001,-0.6238634067488369,2.496971591575159,3.0907,3.078975,-1.9636015325670497,-0.6535736240981027,-0.27525394002874126,809.386967574809,818.0523476916785,-0.1857941034659638,-0.048058940793216376,-1.1068195019491411
2018-05-24,3.89,1579.2101415926377,93.77999877929688,3.6501,2.98,78.9,3.096,818.0335013584219,3.9421482,3.9480000000000004,4.001,-1.0178117048346036,-1.4690982776089268,-2.7743064233941572,1598.8164318887582,1581.355444994026,-0.642420779787789,-1.2263002746949914,-0.1356623147679703,93.74400024414062,92.95550003051758,-0.24465838922149707,0.03840089505728894,0.88698221031418,3.6727800000000004,3.6762050000000004,0.27747252747252205,-0.6175158871481568,-0.7101072981512302,3.034,3.0020000000000002,-0.9966777408637828,-1.7798286090969007,-0.7328447701532403,78.946,76.9515,0.2668699961875909,-0.058267676639722765,2.532114383735218,3.0921,3.0803000000000003,0.830483634587198,0.12612787426022898,0.5096906145505287,811.332126698219,817.5315439593309,1.116877514806447,0.8259718110109393,0.061399147568064194
2018-05-25,3.88,1571.0035612297784,94.19000244140625,3.6126,2.93,76.6,3.0775,817.7825743608677,3.8631115,3.9299999999999997,3.9955,-0.25706940874036244,-1.2722646310432517,-2.890752096108118,1592.6792265467686,1582.656244782646,-0.519663605667009,-1.3609561144328652,-0.7362738175950456,93.85400085449218,93.07300033569337,0.4371973421265274,0.35800454307215457,1.200135486858822,3.65332,3.67575,-1.0273691131749807,-1.1146026080387172,-1.718016731279326,3.008,3.0010000000000003,-1.6778523489932806,-2.593085106382975,-2.3658780406531243,78.59,76.9855,-2.9150823827630012,-2.5321287695635686,-0.5007436465308546,3.0949,3.0804750000000003,-0.5975452196382403,-0.5622152573588779,-0.09657601506262159,812.9761121481296,817.5535077311711,-0.030674415795628462,0.5912181355535839,0.028018548942720933
2018-05-28,3.81,1564.8875519557728,94.83000183105469,3.6101,2.77,74.51,3.0625,814.8961479335671,3.6273925,3.8920000000000003,3.9865000000000004,-1.8041237113401998,-2.106885919835566,-4.427442618838584,1583.0581715923327,1583.6512441075658,-0.38930588223606843,-1.1478175573474192,-1.184837395329863,94.08400115966796,93.22250061035156,0.6794769859429284,0.7929091686063705,1.72437041505904,3.6365600000000002,3.67293,-0.06920223661628366,-0.7276107090217199,-1.7106233987579378,2.95,2.992,-5.460750853242324,-6.101694915254241,-7.419786096256686,77.824,76.91499999999999,-2.728459530026095,-4.258326480263152,-3.1268283169732625,3.0877000000000003,3.0799,-0.4874086108854647,-0.8161414645205256,-0.5649534075781615,814.0428123125803,817.4311501816463,-0.3529576831050041,0.10482687250350509,-0.31011813625109186
2018-05-29,3.82,1564.8875519557728,94.83000183105469,3.6001,2.77,74.51,3.0625,814.8961479335671,3.541453,3.8660000000000005,3.978,0.2624671916010346,-1.1898603207449732,-3.9718451483157446,1573.8819437084699,1584.6462434324853,0.0,-0.5714781714506456,-1.2468834327283962,94.3280014038086,93.34150085449218,0.0,0.5321860102782017,1.5946829255326644,3.62258,3.66961,-0.2770006371014766,-0.6205522031259569,-1.8942067413158403,2.8920000000000003,2.982,0.0,-4.218533886583686,-7.109322602280354,76.64200000000001,76.898,0.0,-2.7817645677304936,-3.105412364430793,3.0738,3.08115,0.0,-0.3676231374845407,-0.6052934780844788,814.9212712715396,817.3087926321216,0.0,-0.003082915964780497,-0.295193777468683
2018-05-30,3.84,1532.0470755959216,94.1500015258789,3.5976,2.84,75.89,3.0795,816.6530964897029,3.5816238,3.848,3.9705,0.5235602094240788,-0.20790020790021346,-3.286739705326791,1562.4071764659766,1583.9992189394125,-2.098583781231289,-1.9431618932221562,-3.279808646514115,94.35600128173829,93.4235008239746,-0.7170729643001028,-0.2183218375737317,0.7776423442674707,3.6140999999999996,3.6661650000000003,-0.06944251548568481,-0.45654519797458937,-1.8702104242444229,2.8579999999999997,2.9755,2.5270758122743597,-0.6298110566829829,-4.553856494706777,76.08200000000001,77.0355,1.8521003892094878,-0.25235929654846556,-1.4869767834310155,3.0756,3.0817,0.5551020408163243,0.12680452594615588,-0.0713891683161938,816.4522936152254,817.2742825104035,0.21560398347582055,0.02459456309300556,-0.07600704365645639
2018-05-31,3.75,1562.9831723545203,93.98999786376953,3.6129,2.83,76.45,3.075,815.774622211635,3.7079432,3.8199999999999994,3.96,-2.34375,-1.8324607329842757,-5.303030303030298,1559.1617826183533,1584.3171236645387,2.0192654162774604,0.24509257337936852,-1.3465707711769692,94.39800109863282,93.50250053405762,-0.16994546948083666,-0.432215968680294,0.5213735749605375,3.60666,3.6644750000000004,0.42528352234822986,0.1730132588045441,-1.4074321696832537,2.8280000000000003,2.97,-0.35211267605632646,0.07072135785006761,-4.7138047138047146,75.592,77.1855,0.7379101330873716,1.1350407450523958,-0.9528991844323098,3.0713999999999997,3.0814250000000003,-0.1461276181198179,0.1172103926548207,-0.20850742757003715,816.0005177858679,816.9417238133244,-0.10757006638973943,-0.02768326358981721,-0.14286228352269337
2018-06-01,3.68,1546.7449517789453,94.19000244140625,3.6202,2.89,74.54,3.1085,812.4490735386145,3.6538815,3.78,3.946,-1.866666666666661,-2.64550264550264,-6.741003547896607,1554.3100607281865,1584.1379188945525,-1.0389248497866599,-0.48671813561427246,-2.3604615904719295,94.39800109863282,93.58350067138672,0.21279346971216917,-0.22034222632451028,0.6480862178358082,3.60818,3.6638900000000008,0.20205375183370844,0.3331319390939447,-1.1924484632453658,2.8200000000000003,2.9669999999999996,2.1201413427561766,2.482269503546086,-2.595214020896508,75.18,77.175,-2.4983649444081046,-0.851290236765101,-3.4143181081956464,3.0775999999999994,3.082575,1.0894308943089293,1.0040291135950286,0.8410176556936877,814.9338176214173,816.3801406140971,-0.40765532323188136,-0.30490133420345567,-0.48152409397483886
2018-06-04,3.66,1559.0466560299185,94.0199966430664,3.6532,2.94,73.41,3.144,811.3823274168384,3.785882,3.75,3.9295,-0.5434782608695676,-2.399999999999991,-6.858378928616871,1553.1418815430156,1583.2645247507646,0.7953285534777255,0.3801825549277327,-1.5296160775571277,94.23600006103516,93.64700050354004,-0.18049240251968302,-0.2292153930863461,0.3983001457823043,3.6168,3.6639600000000003,0.9115518479642093,1.0064145100641353,-0.29367132828962417,2.854,2.9665000000000004,1.730103806228378,3.0133146461107208,-0.8933086128434353,74.96,77.1375,-1.515964582774365,-2.0677694770544264,-4.8322800194458,3.0939,3.085825,1.1420299179668802,1.6193154271308074,1.8852332844539355,814.2310535180716,815.7809068759052,-0.13130006009236528,-0.3498670419071592,-0.5391863700158761
2018-06-05,3.72,1578.9310358344208,93.88999938964844,3.6602,2.92,72.91,3.208,814.143213749819,3.922784,3.7299999999999995,3.9115,1.6393442622950838,-0.2680965147452863,-4.895820017895947,1555.9505783187453,1582.6006958407797,1.2754191625757638,1.476940067113608,-0.231875293370154,94.04799957275391,93.68550033569336,-0.13826553718299106,-0.16799951495326537,0.2182825017983836,3.62882,3.6623599999999996,0.19161283258513073,0.8647439112438704,-0.05897836367805276,2.884,2.964,-0.6802721088435382,1.2482662968099856,-1.4844804318488558,74.64,77.075,-0.6811061163329302,-2.3177920685959363,-5.40382744080442,3.1229999999999998,3.093275,2.035623409669207,2.721741914825504,3.7088522682270364,814.0804666813219,815.3259906293013,0.3402694684970786,0.007707723138583589,-0.14506797196166543
2018-06-06,3.96,1576.9703995458813,93.66000366210938,3.6602,2.97,73.23,3.272,813.8922101567221,3.7899945,3.754,3.9059999999999997,6.451612903225801,5.487480021310609,1.382488479262678,1564.9352431087373,1581.9219135403675,-0.12417491606929731,0.7690514026149842,-0.3130062206044504,93.95,93.71650047302246,-0.24496296627350977,-0.30867092910125127,-0.06028480644062473,3.6413400000000005,3.66,0.0,0.5179411974712611,0.00546448087430651,2.91,2.9625,1.7123287671233056,2.0618556701030855,0.25316455696202667,74.108,76.8565,0.43889727060761885,-1.18475738111945,-4.718533891082721,3.1614999999999998,3.104,1.995012468827917,3.4951763403447744,5.412371134020599,813.5282894147258,814.8804841451057,-0.030830398000969428,0.044733630868343255,-0.12127839696890463
2018-06-07,3.96,1570.8249916159386,93.4000015258789,3.6702,2.93,75.23,3.2845,814.8961479335671,4.0752687,3.7960000000000003,3.899,0.0,4.3203371970495175,1.5645037189022881,1566.503606961021,1580.553968673373,-0.3896971009546113,0.2758617749563319,-0.6155422244518705,93.83200073242188,93.75400047302246,-0.27760209915052014,-0.460396456614931,-0.3775827648500374,3.6528,3.6588900000000004,0.27320911425605665,0.47634691195794776,0.30911013996046677,2.93,2.9605,-1.3468013468013518,0.0,-1.0302313798344898,73.864,76.7385,2.7311211252219136,1.849344741687431,-1.9657668575747467,3.2034,3.112725,0.3820293398532959,2.5316850845976235,5.518476575990494,813.3525945591122,814.1871259743909,0.12335021324896278,0.18977665833741497,0.08708341566168176
2018-06-08,3.9,1551.8574143410272,93.55000305175781,3.6453,2.93,75.11,3.31,814.5196808416931,4.0243053,3.84,3.8879999999999995,-1.5151515151515138,1.5625,0.30864197530864335,1567.5260994734372,1578.694902926364,-1.2074914376934642,-0.9995804942369624,-1.6999794282979708,93.7040008544922,93.80450057983398,0.160601202814048,-0.16434496001245247,-0.27130630886902374,3.65782,3.656745,-0.6784371423900537,-0.342280374649373,-0.31298326790628606,2.9379999999999997,2.9585,0.0,-0.2722940776037963,-0.9633260098022567,73.978,76.62550000000002,-0.15951083344410977,1.530184649490396,-1.9778011236468496,3.2437000000000005,3.1226499999999997,0.7763738773024942,2.0439621419983123,5.999711783261019,813.7667160197279,813.531418342641,-0.0461981680522916,0.09252833854498377,0.12147809866587256
2018-06-11,4.02,1549.234037981612,93.58000183105469,3.6502,2.96,74.58,3.2665,815.0216880278869,4.043935,3.912,3.8840000000000003,3.076923076923066,2.7607361963190025,3.5015447991760817,1565.563575863776,1576.0977857367884,-0.1690475126884805,-1.0430453374053794,-1.7044467670905505,93.61600189208984,93.85400085449218,0.032067106700450765,-0.03845502938338852,-0.29194176161152496,3.65722,3.6545699999999997,0.13441966367651048,-0.19194907607418266,-0.11957631130337099,2.942,2.9565,1.0238907849829282,0.611828687967364,0.1183832234060489,74.21200000000002,76.446,-0.7056317401144985,0.495876677626228,-2.440938701828743,3.2682,3.131325,-1.314199395770388,-0.05201640046509359,4.316862669956012,814.4945881419376,812.979244905822,0.061632296677593956,0.0647149647920564,0.25122942988555774
2018-06-12,4.05,1568.5286299355264,93.80000305175781,3.6853,2.96,74.86,3.2595,812.6372687867802,4.044419,3.978,3.8835,0.7462686567164312,1.8099547511312153,4.28736964078793,1563.483094683997,1573.9943663464512,1.2454278360067628,0.32271121246432166,-0.3472526031723877,93.59800262451172,93.88300094604492,0.23509426843173475,0.21581702769497557,-0.0884056681728862,3.6622399999999997,3.65308,0.9615911456906545,0.6296692734501397,0.8819954668389363,2.95,2.9505000000000003,0.0,0.3389830508474523,0.32197932553803543,74.602,76.24199999999999,0.37543577366585534,0.3458352322993852,-1.8126491959812085,3.2785,3.1414999999999997,-0.21429664778815916,-0.5795333231660815,3.7561674359382513,814.1933991493298,813.1737592862521,-0.29255899273996633,-0.19112539651825466,-0.06597489077153629
2018-06-13,4.0,1551.883546479638,93.70999908447266,3.6627,2.98,75.07,3.2635,813.766746657945,3.9500866,3.9859999999999998,3.8855000000000004,-1.2345679012345623,0.351229302558953,2.946853686784179,1558.4657240707484,1571.6003902399366,-1.0611909236602601,-0.42234984635514117,-1.2545710654404019,93.60800170898438,93.89900093078613,-0.09595305368539364,0.10896224000740418,-0.2012820631103307,3.6627400000000003,3.650835,-0.6132472254633203,-0.0010920786078227884,0.3249941451750171,2.952,2.945,0.6756756756756799,0.9485094850948617,1.1884550084889645,74.97,76.086,0.2805236441357106,0.13338668800852993,-1.3353310727334922,3.2768,3.1511500000000003,0.12271820831415425,-0.4058837890625,3.5653650254668934,814.1683064495744,813.3839642635837,0.13898917937287258,-0.049321471795005234,0.04706047957410142
2018-06-14,3.95,1544.233725847734,94.7699966430664,3.6227,2.94,74.77,3.232,818.2217732021303,3.7818894,3.9839999999999995,3.8870000000000005,-1.2499999999999956,-0.8534136546184623,1.6207872395163303,1553.1474709171075,1569.40732309631,-0.49293780124528563,-0.5739149202689808,-1.6040193567410266,93.88200073242187,93.9640007019043,1.1311466961366978,0.9458638543243802,0.8577709922325427,3.6532399999999994,3.64637,-1.09209053430529,-0.8359702620139742,-0.6491387324928599,2.9539999999999997,2.9364999999999997,-1.342281879194629,-0.4739336492890933,0.11918951132301459,74.878,75.82000000000001,-0.3996270147861969,-0.14423462165122913,-1.3848588762859548,3.2662999999999998,3.1583,-0.9652213880802729,-1.0501178703731906,2.3335338631542246,814.8334315032871,813.8796676366215,0.5474574332855919,0.4158324349299303,0.5335070696774524
2018-06-15,3.96,1530.2366991043934,94.79000091552734,3.6028,2.93,72.02,3.1555,799.7741197448755,3.923975,3.996,3.8865000000000003,0.25316455696202667,-0.9009009009009028,1.8911617136240677,1548.8233278697808,1565.8346786545433,-0.9064059739827601,-1.200048348377536,-2.273418773732727,94.13000030517578,94.02150077819825,0.021108233797106912,0.7011586191562724,0.8173663799964537,3.64474,3.6410150000000003,-0.5493140475336111,-1.1506993640149954,-1.0495699688136573,2.9539999999999997,2.93,-0.340136054421758,-0.8124576844955822,0.0,74.26,75.502,-3.6779457001471227,-3.0164287638028697,-4.611798362957275,3.2354,3.1628999999999996,-2.3669554455445607,-2.4695555418186244,-0.23396250276643826,811.8843192839236,813.3902412682996,-2.2546030992379285,-1.491616385660599,-1.673996174602832
2018-06-18,3.97,1469.6536910919895,94.75,3.5603,2.92,74.87,3.1175,800.4015904298465,3.5140173,3.9859999999999998,3.8850000000000002,0.2525252525252597,-0.4014049172102241,2.187902187902191,1532.9072584918563,1558.6677218727452,-3.959061238556205,-4.126379273727132,-5.7109048664846345,94.36399993896484,94.07500076293945,-0.04219950959066798,0.40905436531393224,0.7175118060976482,3.6267599999999995,3.634335,-1.1796380592872246,-1.8324896050469275,-2.0370989465748335,2.946,2.923,-0.34129692832765013,-0.8825526137135165,-0.10263427984947837,74.31800000000001,75.32849999999999,3.9572341016384405,0.7427541107134061,-0.6086673702516143,3.2055999999999996,3.16385,-1.204246553636501,-2.748315447966043,-1.4649872781579365,808.9602997643154,812.9321884342262,0.07845598769451456,-1.0579887958608758,-1.5414075346819156
2018-06-19,3.97,1469.6536910919895,95.08999633789062,3.5603,2.89,74.92,3.058,800.4015904298465,3.8434002,3.97,3.886,0.0,0.0,2.1616057642820374,1513.1322707231488,1551.6119718585903,0.0,-2.8734156605080052,-5.2821376899037205,94.6219985961914,94.14900054931641,0.35883518510884116,0.49459718526603247,0.9994750693941956,3.60176,3.62885,0.0,-1.1511039047576777,-1.8890282045276097,2.932,2.9145,-1.0273972602739656,-1.4324693042291892,-0.8406244638874516,74.33,75.0535,0.0667824228663072,0.7937575676039366,-0.17787311717640808,3.1653000000000002,3.1601500000000002,-1.908580593424225,-3.3898840552238463,-3.2324414980301697,806.5131640929287,812.4270752987801,0.0,-0.7577772980253639,-1.4801925286046291
2018-06-20,3.85,1476.7336859236332,95.05999755859375,3.6054,2.93,74.25,3.051,797.6407040968659,3.919366,3.94,3.882,-3.0226700251889227,-2.2842639593908642,-0.8243173621844457,1498.1022986119478,1545.9776105643525,0.4817457932135838,-1.426378739830625,-4.47897331549596,94.89199829101562,94.20150032043458,-0.031547776266893646,0.17704260696767005,0.9113413642446444,3.5903,3.62712,1.266747184226058,0.42057766760437154,-0.5988222060477777,2.9219999999999997,2.9105,1.384083044982698,0.273785078713229,0.6699879745748261,74.16600000000001,74.8315,-0.8942872397223689,0.11325944502871277,-0.7770791712046421,3.1228000000000002,3.1591750000000003,-0.2289077828646069,-2.2992186499295575,-3.4241534577856614,803.2879555807128,811.8592112650597,-0.3449376370551538,-0.703017074339729,-1.751351339111884
2018-06-21,3.78,1456.0076334880453,94.87000274658203,3.5753,2.9,72.87,3.0325,795.130821356982,3.874508,3.906,3.8765,-1.81818181818183,-3.2258064516129115,-2.489358957822785,1480.4570801400102,1539.817485159123,-1.4035064435213074,-1.6514795991014353,-5.44284322517723,94.91199951171875,94.25600051879883,-0.19986831147834616,-0.044248109146127756,0.6514197763576313,3.58082,3.62338,-0.8348588228767939,-0.15415463497188142,-1.326937831527475,2.914,2.9065,-1.0238907849829393,-0.48043925875086435,-0.2236366764149289,73.78600000000002,74.53,-1.8585858585858483,-1.2414279131542694,-2.227291023748823,3.0829,3.1559999999999997,-0.6063585709603414,-1.634824353692943,-3.913181242078567,798.6697652116833,810.7140772649875,-0.31466332234457717,-0.4431047735685034,-1.922164218558653
2018-06-22,3.8,1464.3180165126082,94.5199966430664,3.5604,2.9,73.67,3.038,795.2563614513017,3.7426963,3.8739999999999997,3.8725,0.5291005291005346,-1.9101703665462044,-1.8721755971594645,1467.273343621653,1534.4832079232642,0.5707650724779745,-0.2014162611139847,-4.572561696886601,94.85799865722656,94.27250022888184,-0.3689323214742246,-0.35632420981338564,0.26253299062153346,3.5723399999999996,3.6207700000000003,-0.4167482449025206,-0.3342347033037041,-1.667324906028278,2.9080000000000004,2.905,0.0,-0.27510316368639653,-0.1721170395869165,74.116,74.3835,1.0978454782489377,-0.6017594041772378,-0.9592181061660154,3.0594,3.154025,0.1813685078318139,-0.6994835588677639,-3.678632858014763,797.7662135529685,809.5877666195094,0.015788608735545218,-0.3146099770869881,-1.7702101932752123
2018-06-25,3.74,1446.515134137719,94.27999877929688,3.5803,2.87,72.82,2.9985,794.1268835801369,3.8349853,3.8280000000000003,3.8689999999999998,-1.5789473684210464,-2.298850574712641,-3.3341948823985446,1462.645632230799,1528.5645870323617,-1.2157797810401938,-1.102830223372564,-5.367745242216937,94.76399841308594,94.24500007629395,-0.2539122643812952,-0.5107420981534161,0.037135872433124995,3.5763399999999996,3.61928,0.5589259633749011,0.1107277272295093,-1.0770097920028254,2.8980000000000006,2.91,-1.0344827586206806,-0.9661835748792424,-1.3745704467354014,73.70599999999999,74.299,-1.1537939459753122,-1.2020731012400532,-1.9906055263193445,3.0356,3.150825,-1.300197498354172,-1.2221636579259454,-4.834448120730295,796.5112721830266,808.5493034018378,-0.14202688917867023,-0.2993540312812737,-1.7837403063760027
2018-06-26,3.66,1440.7083551706066,94.68000030517578,3.5804,2.88,73.58,3.005,788.4796474153983,3.734055,3.7659999999999996,3.8609999999999998,-2.1390374331550777,-2.814657461497594,-5.205905205905193,1456.8565650465225,1522.3556271931034,-0.40143229960563076,-1.1084282600875128,-5.363219379497863,94.68199920654297,94.2375,0.4242697614106783,-0.002111173595764626,0.4695586206932223,3.5803599999999998,3.618295,0.002793062033923377,0.0011172060910169535,-1.0473164846979022,2.896,2.9155,0.34843205574912606,-0.5524861878453025,-1.2176299091065101,73.43800000000002,74.25250000000001,1.0436693216149484,0.19336038563140256,-0.9056934109962778,3.025,3.1479500000000002,0.21677505419375187,-0.6611570247933907,-4.541050524944811,794.1268835801369,807.2284783759294,-0.7111251717457745,-0.7111251717457745,-2.322617630915602
2018-06-27,3.66,1414.0201827217202,95.29000091552734,3.5529,2.83,76.09,2.9975,786.0953047698342,3.619988,3.728,3.8520000000000003,0.0,-1.8240343347639465,-4.984423676012462,1444.3138644061398,1516.4542825493934,-1.8524340719691335,-2.097444498109524,-6.7548425960765375,94.72799987792969,94.29449996948242,0.6442760967314998,0.5932786909064625,1.0557359616595985,3.56986,3.61606,-0.7680706066361287,-0.47508865893899355,-1.7466524338644818,2.8760000000000003,2.915,-1.736111111111105,-1.599443671766354,-2.9159519725557415,73.80600000000001,74.2625,3.4112530578961797,3.0945993550659745,2.4608651742130894,3.0143,3.14385,-0.24958402662229595,-0.5573433301263919,-4.6551203142643605,791.8178037147306,805.700588789936,-0.3023974877956359,-0.722704000598362,-2.4333212973750573
2018-06-28,3.64,1397.7717996477968,95.38999938964844,3.5304,2.84,76.26,2.9715,782.9579513449795,3.6476712,3.7,3.8465000000000003,-0.5464480874316946,-1.6216216216216273,-5.368516833484993,1432.66669763809,1508.1937139140573,-1.1490913123070379,-2.435660579520782,-7.321467610396947,94.83199920654297,94.36450004577637,0.10494120386224104,0.5884091738803665,1.086742729919199,3.56088,3.6119350000000003,-0.6332854850966796,-0.8559681876390113,-2.257377278384032,2.864,2.9154999999999998,0.35335689045936647,-0.8379888268156388,-2.589607271480021,74.484,74.253,0.22341963464318493,2.38440470436605,2.7029210940972215,3.0020999999999995,3.138675,-0.8673894912427094,-1.019286499450378,-5.326292145570988,789.3832297123301,804.0597552466031,-0.39910598699903765,-0.8139618534450221,-2.6244074229472836
2018-06-29,3.61,1437.380136961442,94.62999725341797,3.4756,2.85,77.44,2.966,785.1540987423778,3.641027,3.6620000000000004,3.843,-0.8241758241758323,-1.419989077007111,-6.062971636742132,1427.2791217278568,1502.725473173182,2.833676950960484,0.7077112724354073,-4.348454683060343,94.85399932861328,94.38649978637696,-0.7967314614669596,-0.23615459208976564,0.25797912582001814,3.54392,3.6047050000000005,-1.5522320416950008,-1.9278087541479527,-3.5815690881778273,2.854,2.9135,0.35211267605634866,-0.14015416958654825,-2.1795091813969436,75.238,74.398,1.5473380540256931,2.926712565458933,4.0888195919245085,2.9877000000000002,3.13155,-0.18509170452631896,-0.7263112092914303,-5.286519455221839,787.3627771705453,802.6950065067914,0.2804936578810757,-0.28051598223942653,-2.185251885488748
2018-07-02,3.48,1399.6925118356812,94.87000274658203,3.4668,2.87,76.71,2.944,777.9381858652118,3.6282265,3.6100000000000003,3.8339999999999996,-3.601108033240996,-3.6011080332410073,-9.23317683881063,1417.9145972674494,1494.7577659634703,-2.6219664622213923,-1.285132790570398,-6.359910367584765,94.97200012207031,94.42900009155274,0.25362517185891775,-0.10739731221537374,0.46702035878991577,3.5212200000000005,3.5953849999999994,-0.25319369317527984,-1.5454870755022498,-3.5763902892179678,2.854,2.9099999999999997,0.7017543859649145,0.5606166783461708,-1.3745704467353792,76.016,74.563,-0.942665289256206,0.9129656914333761,2.879444228370631,2.9768,3.12155,-0.7417397167903017,-1.1018543402311232,-5.68787941887845,784.1250376275603,801.0227994292101,-0.9190441581753195,-0.7890134182001574,-2.8818921983803425
2018-07-03,3.47,1402.7499720531296,94.58999633789062,3.4955,2.83,75.87,2.917,785.3422939905436,3.5474615,3.572,3.8214999999999995,-0.2873563218390718,-2.8555431131018993,-9.197958916655747,1410.322920643954,1485.9487127744055,0.21843799203000724,-0.5369655757538561,-5.599031783939301,94.95399932861328,94.46399993896485,-0.2951474655686126,-0.3833466660660867,0.13338033431484764,3.5042400000000002,3.5871500000000003,0.8278527748932563,-0.24941214072096152,-2.554953096469359,2.8440000000000003,2.9055000000000004,-1.3937282229965153,-0.492264416315058,-2.598520048184494,76.474,74.711,-1.0950332420805453,-0.7898109161283529,1.551311051920079,2.9592,3.107,-0.9171195652173947,-1.4260610975939558,-6.115223688445459,783.4975669425894,799.5827534412463,0.9517604688728643,0.2354477060028115,-1.7809863193540054
2018-07-04,3.56,1369.4725082642888,94.47000122070312,3.5107,2.84,76.99,2.826,788.9189228522035,3.5096405,3.5520000000000005,3.8015,2.5936599423631135,0.22522522522521182,-6.352755491253448,1401.4133857524678,1475.573818210326,-2.372301867889859,-2.279190266976705,-7.190511829135316,94.78999938964844,94.50449981689454,-0.12685814761939085,-0.3375864236794812,-0.03650471274727618,3.4958,3.5796750000000004,0.4348448004577232,0.42622575662223383,-1.9268509012689838,2.846,2.899,0.35335689045936647,-0.21082220660576523,-2.035184546395319,76.654,74.899,1.4762093053907854,0.4383332898478809,2.7917595695536646,2.9249,3.0847,-3.119643469317779,-3.38131218161305,-8.386552987324547,784.0622905590633,798.3340890760203,0.45542292692350994,0.6194191904927981,-1.1793516464659204
2018-07-05,3.57,1369.4725082642888,94.47000122070312,3.5005,2.84,77.09,2.826,788.9189228522035,3.495944,3.5379999999999994,3.782,0.2808988764044784,0.9044657998869443,-5.605499735589636,1395.753527475766,1465.5061940427436,0.0,-1.8829269419083472,-6.552936191524128,94.60599975585937,94.55799980163575,0.0,-0.14375254794326553,-0.0930630735815341,3.4898200000000004,3.57119,-0.2905403480787272,0.30603297591278444,-1.9794522274087845,2.846,2.8945,0.0,-0.21082220660576523,-1.8828813266539957,76.82000000000001,74.99199999999999,0.1298869983114903,0.35147097110126424,2.7976317473864087,2.8958000000000004,3.061775,0.0,-2.4103874576973605,-7.7005985090347835,785.2544848605081,797.0352278219522,0.0,0.4666561047844686,-1.0183119498905935
2018-07-06,3.53,1379.5330186830272,94.04000091552734,3.5259,2.82,74.98,2.824,787.0365107972906,3.596029,3.522,3.7635000000000005,-1.1204481792717047,0.22714366837024436,-6.204331074797409,1384.1841038200832,1456.8899742598435,0.7346266798367029,-0.3360163669139049,-5.309732165335035,94.48800048828124,94.58249969482422,-0.45517127090027865,-0.4741338269820483,-0.573572046675952,3.49988,3.56522,0.7256106270532747,0.7434540612820895,-1.10287724179714,2.84,2.8890000000000002,-0.7042253521126751,-0.7042253521126751,-2.3883696780893193,76.328,74.98549999999999,-2.737060578544559,-1.7660622576249896,-0.0073347513852461965,2.8674,3.037475,-0.07077140835103357,-1.5135662969937957,-7.02804138305666,785.6309672714906,795.661069319732,-0.23860652855269837,0.17890632935224637,-1.0839487886236676
2018-07-09,3.58,1417.394858066193,94.08000183105469,3.5432,2.86,77.08,2.85,789.4208534428548,3.5603547,3.5420000000000003,3.7415,1.4164305949008638,1.0728402032749829,-4.316450621408519,1387.7245730661855,1450.2980152640725,2.744540280689378,2.1380528655229325,-2.268716970690232,94.33000030517579,94.60749969482421,0.042536064587328504,-0.2650254143032993,-0.5575645329081502,3.5151600000000003,3.55987,0.49065486826058713,0.7976877297192653,-0.46827552691530716,2.838,2.884,1.4184397163120588,0.7751937984496138,-0.832177531206657,76.402,75.1105,2.800746865830872,0.8874113243108717,2.622136718567969,2.8486000000000002,3.01665,0.9206798866855603,0.04914694937863118,-5.524339913480181,787.9275007870192,794.3810275904804,0.3029519740003872,0.18952919581356475,-0.624407428595164
2018-07-10,3.57,1421.0493650616208,94.11000061035156,3.5431,2.87,77.8,2.8395,786.7227754548052,3.6610363,3.5620000000000003,3.7175,-0.27932960893854997,0.2245929253228418,-3.9677202420981827,1391.3844516678837,1442.9240520203773,0.25783266918393277,2.132042898580422,-1.5159971121229576,94.23400115966797,94.62299957275391,0.03188645696536874,-0.13158790647793683,-0.542150391256524,3.52468,3.55276,-0.002822307518635103,0.5226006332489819,-0.27190128238328004,2.8459999999999996,2.8794999999999997,0.34965034965035446,0.8432888264230609,-0.3299183886091184,76.78799999999998,75.25750000000001,0.9340944473274604,1.3179142574360814,3.3784008238381347,2.8331000000000004,2.99565,-0.36842105263157343,0.22590095654935194,-5.212558209403628,788.2035970798715,793.0853029238817,-0.341779416680299,-0.18787298491816928,-0.8022500789788611
2018-07-11,3.4,1396.419824421064,94.72000122070312,3.5107,2.85,75.35,2.7435,779.8205979201246,3.7255461,3.53,3.6875,-4.761904761904756,-3.682719546742208,-7.796610169491524,1396.7739148992387,1435.1508659174485,-1.7331938809521108,-0.02535059356403302,-2.6987435548544103,94.28400115966797,94.67349967956542,0.6481783087826987,0.4624327093382563,0.049117800963416336,3.52468,3.54516,-0.9144534447235508,-0.39663175096746883,-0.9720294711663247,2.848,2.873,-0.6968641114982632,0.07022471910114181,-0.8005569091542042,76.46000000000001,75.27149999999999,-3.149100257069415,-1.4517394716191623,0.1042891399799517,2.8166,2.96965,-3.3808769149498152,-2.5953277000639097,-7.615375549307157,786.3839320934557,791.3879954869906,-0.8773328737928687,-0.8346221108382346,-1.4616594682798856
2018-07-12,3.45,1429.1546833873638,94.80999755859375,3.5158,2.85,72.11,2.777,781.2010027888438,3.508071,3.5060000000000002,3.6625,1.4705882352941346,-1.597261836851116,-5.802047781569963,1408.7103499238538,1429.39691379443,2.3441989574926714,1.451280134671773,-0.01694633622953967,94.3520004272461,94.6754997253418,0.09501302442018744,0.48541327080904306,0.14206192060473022,3.52774,3.539815,0.14527017403935805,-0.338460317370326,-0.6784252849372008,2.85,2.8685,0.0,0.0,-0.6449363778978534,75.464,75.1385,-4.299933642999331,-4.444503339340611,-4.030556904915583,2.8068,2.9469000000000003,1.221067978859125,-1.0617072823143725,-5.765380569411926,784.8403480807838,789.5369569663263,0.17701569725150357,-0.4637051727576891,-1.0558029113054035
2018-07-13,3.41,1434.6888896309124,94.75,3.4858,2.83,74.11,2.7755,777.812645770892,3.5817094,3.482,3.6350000000000002,-1.1594202898550732,-2.0677771395749556,-6.189821182943611,1419.7415241134308,1424.619523320756,0.38723633682755665,1.052823014866422,0.7068109165516034,94.49400024414062,94.67349967956542,-0.06328189024229491,0.27091641289178625,0.0808043652062107,3.5197200000000004,3.533965,-0.8532908584106158,-0.963713022626822,-1.3629167238498385,2.852,2.8635,-0.7017543859649145,-0.7713884992987308,-1.169896979221241,75.29,75.243,2.773540424351695,-1.5672732102536946,-1.5057879138258623,2.7971,2.9279,-0.05401512423478527,-0.7722283793929363,-5.205095802452275,782.9955750755041,788.4388832676271,-0.43373690072792126,-0.661935963573268,-1.3477566520686435
2018-07-16,3.39,1428.1732764039855,94.51000213623047,3.4808,2.85,71.03,2.7645,776.8714397434355,3.5731401,3.444,3.6060000000000003,-0.5865102639296182,-1.5679442508710784,-5.9900166389351135,1421.8972077809892,1422.5455025863557,-0.4541481622962307,0.4413869433494977,0.3956129211612369,94.58000030517579,94.66149978637695,-0.2532958984375,-0.07400948268075913,-0.16004146404648978,3.5072400000000004,3.52999,-0.14343909575993408,-0.7538691392662167,-1.3934883668225817,2.85,2.8600000000000003,0.7067137809187329,0.0,-0.34965034965035446,74.08,75.051,-4.155984347591413,-4.117170626349886,-5.3576901040625735,2.7800000000000002,2.91025,-0.39632498648892733,-0.5575539568345445,-5.008160810926898,780.4856923356202,787.2623757333065,-0.12100677876272226,-0.46307736678284916,-1.3198822032098545
2018-07-17,3.37,1421.3803721506895,94.97000122070312,3.4808,2.86,70.87,2.747,769.0907879306872,3.5310543,3.404,3.5760000000000005,-0.5899705014749235,-0.9988249118683901,-5.7606263982103005,1421.9634091988032,1420.1318366392907,-0.4756358605448763,-0.04100225394986223,0.08791687357374567,94.75200042724609,94.65550003051757,0.48672000219573963,0.2300751355898134,0.33225875948481587,3.49478,3.5260149999999997,0.0,-0.4000251804119337,-1.2823257983871295,2.848,2.8585000000000003,0.35087719298245723,0.4213483146067398,0.05247507433967513,72.694,74.8485,-0.2252569336899879,-2.5091479351803447,-5.315403782306927,2.7615000000000003,2.8947000000000003,-0.633025863628145,-0.5250769509324793,-5.102428576363716,776.9592948307966,785.6968356083487,-1.001536601129005,-1.0127309052687217,-2.1135439173308845
2018-07-18,3.31,1413.0199025271231,95.08000183105469,3.4708,2.88,70.52,2.76,769.4673316181038,3.5137844,3.386,3.5489999999999995,-1.7804154302670683,-2.2445363260484408,-6.734291349675948,1425.283424820015,1416.9461474694654,-0.5881936874445604,-0.8604269213641103,-0.2770920369383201,94.82400054931641,94.65650024414063,0.11582669152117031,0.2699751964220676,0.44740887928642614,3.4867999999999997,3.519285,-0.2872902780969855,-0.4588734656418403,-1.3776946169463344,2.854,2.856,0.6993006993007089,0.9110021023125414,0.8403361344537785,71.728,74.662,-0.49386200084663434,-1.6841400847646626,-5.547668157831309,2.7648,2.88015,0.47324353840552114,-0.17361111111112715,-4.171657726160105,774.8886415703925,784.2881669844105,0.04895958881911966,-0.6996243926484458,-1.8897180896267796
2018-07-19,3.27,1409.964619987892,95.16999816894531,3.4409,2.84,71.94,2.6955,767.0201806276086,3.58939,3.35,3.5235,-1.2084592145015116,-2.3880597014925398,-7.194550872711791,1421.4454121401204,1414.6439967944575,-0.21622360263764406,-0.8076843510256837,-0.3307812295650914,94.89600067138672,94.67150001525879,0.09465327740583174,0.28873450474211637,0.5265556726218312,3.47182,3.512565,-0.8614728592831633,-0.8905991670075109,-2.0402469420494618,2.852,2.853,-1.388888888888895,-0.42075736325385416,-0.4556607080266506,71.69399999999999,74.61550000000001,2.0136131593874174,0.3431249476943732,-3.5857161045627417,2.7485,2.8633,-2.3369565217391197,-1.9283245406585436,-5.860370900708977,772.0524771381455,782.8826349479419,-0.31803182408655095,-0.6518075726135386,-2.026159939208272
2018-07-20,3.28,1433.4610420625806,94.45999908447266,3.5135,2.89,71.99,2.756,771.4752071717938,3.4138908,3.3240000000000003,3.4975,0.3058103975535076,-1.3237063778580138,-6.218727662616164,1421.199842626454,1413.1011480719562,1.6664547281257436,0.8627357721534334,1.440795233830472,94.83800048828125,94.6685001373291,-0.7460324662529327,-0.39857588926635046,-0.2202433254503755,3.47736,3.5102199999999995,2.1099131041297348,1.039294177191885,0.09344143671907723,2.864,2.8525,1.760563380281699,0.9078212290502874,1.3146362839614456,71.27000000000001,74.53150000000001,0.06950236308034263,1.0102427388802848,-3.4099675975929777,2.7445999999999997,2.8492,2.244481543312915,0.41536107265176536,-3.2710936403200996,770.7849894183257,781.6935772339665,0.5808225985058035,0.08954737870401352,-1.3072091622308712
2018-07-23,3.41,1446.2225993638276,94.66999816894531,3.5186,2.96,73.45,2.7465,768.0241184044536,3.331947,3.3280000000000003,3.4810000000000003,3.963414634146356,2.463942307692313,-2.0396437805228484,1424.8097072184223,1413.0865213332615,0.890261885519017,1.5028597880069494,2.344943323024684,94.86999969482422,94.68800010681153,0.22231535730257157,-0.2108164082663233,-0.019011847167449414,3.4849200000000002,3.5071350000000003,0.1451544044400288,0.9664497319881171,0.3269050093594794,2.886,2.857,2.422145328719716,2.564102564102555,3.6051802590129522,71.75399999999999,74.563,2.0280594527017692,2.363631295816271,-1.4926974504781199,2.741,2.8366,-0.34470246734396026,0.20065669463700253,-3.1763378692801103,769.0155251505294,780.3884389751823,-0.44733631557543063,-0.12891895074311766,-1.5843802846394972
2018-07-24,3.57,1468.7002309790696,94.61000061035156,3.5615,2.95,73.53,2.8105,767.961386655065,3.5349147,3.368,3.4765,4.692082111436946,5.997624703087889,2.689486552567222,1434.2736789840988,1414.4861151236848,1.55423042242111,2.400277750293456,3.8327782277766786,94.79799957275391,94.68450012207032,-0.06337547243497887,-0.1983153265360471,-0.07868184509893794,3.5010600000000003,3.50619,1.2192349229807276,1.7263343101803441,1.577495800284634,2.904,2.8605,-0.33783783783782884,1.584022038567512,3.128823632232125,72.286,74.56049999999999,0.10891763104152741,1.7209418144592314,-1.3820991007302608,2.7537,2.8268750000000002,2.330238485344993,2.062679304208892,-0.5792615520672117,768.789644895405,779.3625259371656,-0.008167940027581366,-0.10773535333618023,-1.46288009785831
2018-07-25,3.59,1468.4490720913116,94.36000061035156,3.5614,2.94,73.67,2.8175,772.6674167923472,3.601302,3.4240000000000004,3.473,0.5602240896358524,4.8481308411214785,3.368845378635177,1445.3595128969362,1417.2075595921644,-0.017100759056232206,1.5974959162995406,3.615667454800553,94.65399932861328,94.63800010681152,-0.2642426787730634,-0.310603588170677,-0.29375039217459653,3.51918,3.506615,-0.0028078056998559475,1.1997112963815448,1.5623329050950874,2.916,2.866,-0.3389830508474634,0.8230452674897082,2.581995812979754,72.91600000000001,74.4395,0.19039847681219246,1.0340665971803054,-1.033725374297234,2.7652,2.817875,0.24906600249063882,1.891364096629533,-0.013307900456904775,769.4296619302536,778.6911315382912,0.6127951507796325,0.42079932998309033,-0.7735691986171966
2018-07-26,3.56,1451.0548673285841,94.75,3.5361,2.98,74.51,2.818,768.8398609331329,3.6022718,3.482,3.469,-0.835654596100277,2.240091901206198,2.6232343614874587,1453.5775623650748,1419.8717129762038,-1.184528976408783,-0.1735507689308302,2.196195196185524,94.56999969482422,94.6060001373291,0.4133100753770602,0.19033552475060667,0.15221007384507157,3.5382200000000004,3.5068999999999995,-0.7103947885662931,-0.059917133473907924,0.8326442156890712,2.944,2.873,1.3605442176870763,1.2228260869565188,3.724329968673845,73.43,74.352,1.140219899552064,1.4707885060601944,0.2125026899074678,2.7897000000000003,2.8102,0.017746228926363017,1.0144459977775355,0.2775603159917539,769.7935979913584,777.9852270176989,-0.4953691298520302,-0.12389516627757668,-1.175519247277168
2018-07-27,3.55,1444.5055000892849,94.68000030517578,3.5212,2.96,74.84,2.802,767.1456441263857,3.579874,3.536,3.4659999999999997,-0.2808988764045006,0.39592760180995334,2.4235429890363536,1455.7864539704156,1420.227981132596,-0.45135214296594395,-0.7749044408514538,1.709409987636512,94.61399993896484,94.60850028991699,-0.07387830588307942,0.06975750549973458,0.07557462071556831,3.53976,3.5091799999999997,-0.421368173976977,-0.5243293330621235,0.3425301637419498,2.9579999999999997,2.8785,-0.6711409395973145,0.06761325219744041,2.8313357651554627,74.0,74.22200000000001,0.44289357133271423,1.1351351351351457,0.8326372234647383,2.7989,2.802,-0.5677785663591228,0.11075779770624017,0.0,768.9276853822769,777.0848042868994,-0.22036016768054445,-0.23175667748329687,-1.2790315941944685
2018-07-30,3.52,1438.6137916716873,94.36000061035156,3.5213,2.98,74.99,2.801,766.329978193249,3.6213617,3.558,3.468,-0.8450704225352101,-1.0680157391793066,1.4994232987312506,1454.2646924319874,1422.1740451243963,-0.4078702654460864,-1.0762071610311175,1.155958836659332,94.5520004272461,94.58300018310547,-0.33798024270467186,-0.20306267030518743,-0.23577130385185052,3.5403,3.511905,0.0028399409292445554,-0.5366776826822517,0.26751862593095144,2.962,2.884,0.6756756756756799,0.6076975016880315,3.328710124826628,74.308,74.136,0.20042757883482754,0.9178015826021291,1.1519369806841429,2.8098,2.79485,-0.035688793718768874,-0.3131895508577065,0.22004758752707243,768.5888573400359,776.5043939033012,-0.10632478192138528,-0.2938995439778491,-1.3102843705632972
2018-07-31,3.54,1438.5194256155933,94.48999786376953,3.4812,2.96,74.16,2.8405,767.8358465607453,3.5722811,3.5519999999999996,3.4715000000000003,0.5681818181818121,-0.33783783783782884,1.9732104277689677,1448.2285313592922,1423.9625178025194,-0.006559512819936941,-0.670412544254051,1.0222816704149151,94.52799987792969,94.57800025939942,0.13776732998844743,-0.040201859987765154,-0.09304742687360479,3.5242400000000003,3.51119,-1.1387839718285941,-1.2212562141057481,-0.8541263788060527,2.9639999999999995,2.8905,-0.6711409395973145,-0.13495276653170407,2.404428299602146,74.434,74.0505,-1.1068142418989124,-0.3681113469650943,0.1478720602831718,2.8158000000000003,2.791025,1.4102106390574853,0.8771929824561209,1.7726462500335938,768.5637493211719,775.6290715318113,0.19650390958823039,-0.09470948390026823,-1.0047618452045604
2018-08-01,3.47,1412.5636789405448,94.62000274658203,3.4638,3.0,72.28,2.757,764.1965625452393,3.5545168,3.528,3.467,-1.9774011299435013,-1.643990929705208,0.08653014133257475,1437.0514527291389,1426.117076336332,-1.8043375857744182,-1.704029020122333,-0.9503705986471767,94.58000030517579,94.58550033569335,0.1375858670247032,0.04229482055104761,0.03647748414528085,3.50472,3.5088449999999995,-0.49982764563942794,-1.1675683078819388,-1.2837557657861653,2.976,2.8985,1.3513513513513598,0.8064516129032251,3.5018112816974423,74.156,73.815,-2.5350593311758263,-2.5298020389449283,-2.0795231321547036,2.8037,2.7875750000000004,-2.939623305756023,-1.6656560972999945,-1.0968314753863173,766.8695784717504,774.3929535164631,-0.473966412457405,-0.3485619982263488,-1.3166946993671158
2018-08-02,3.36,1381.5676960309638,95.16999816894531,3.4713,2.98,72.95,2.7455,759.6159959067343,3.489861,3.4880000000000004,3.4564999999999997,-3.1700288184438152,-3.669724770642213,-2.7918414581223683,1423.1540184696148,1426.721835724666,-2.1943069450029107,-2.9221238108416925,-3.164887405733674,94.66399993896485,94.62050018310546,0.5812676034646858,0.534520229767077,0.5807388301440897,3.49176,3.5073849999999993,0.21652520353367954,-0.5859509244621752,-1.0288291704503405,2.976,2.9055,-0.666666666666671,0.13440860215054862,2.564102564102555,73.844,73.608,0.9269507470946348,-1.2106603109257263,-0.8939245734159385,2.7892,2.7835500000000004,-0.4171200580341039,-1.5667574931880202,-1.3669594582457867,765.0248054664708,772.9278071691896,-0.5993963939393998,-0.7070110042299182,-1.7222580348362881
2018-08-03,3.3,1357.5889182310866,95.13999938964844,3.4567,2.95,72.48,2.7715,761.8748750535211,3.5660465,3.4379999999999997,3.4449999999999994,-1.7857142857142905,-4.013961605584637,-4.208998548621179,1405.7707020979751,1425.6246307020688,-1.7356209086796581,-3.427428370429253,-4.77234406629724,94.75599975585938,94.67550010681153,-0.031521256566191536,0.4052509970644991,0.49062247605016207,3.47886,3.503925,-0.42059170915794697,-0.6369902784245429,-1.3477742816983884,2.974,2.912,-1.0067114093959662,-0.806993947545398,1.3049450549450725,73.372,73.483,-0.6442769019876615,-1.2157226189827175,-1.3649415511070573,2.7831,2.780925,0.9470041886723735,-0.41680140850131053,-0.33891600816274847,763.9706516518978,771.6697253820012,0.29737119267616574,-0.27432684669824736,-1.269306026439132
2018-08-06,3.28,1338.596297656673,95.36000061035156,3.4568,2.94,72.51,2.7385,758.3610545367923,3.5241053,3.3899999999999997,3.4299999999999997,-0.60606060606061,-3.2448377581120957,-4.373177842565601,1385.7672032949724,1421.6847026815929,-1.3989964354718443,-3.4039559838145994,-5.844362316637286,94.95599975585938,94.73950004577637,0.2312394598638745,0.42546111412749,0.6549544427354892,3.46596,3.4996050000000003,0.0028929325657456317,-0.2642846426386902,-1.223138039864513,2.966,2.916,-0.3389830508474634,-0.8766014834794444,0.8230452674897082,72.876,73.2545,0.041390728476820016,-0.5022229540589507,-1.0163198165300313,2.7706000000000004,2.7753500000000004,-1.1906909615731487,-1.1585938063957357,-1.3277604626443562,762.3768669206065,770.116735436698,-0.4612070343548269,-0.5267489817778581,-1.5264803839433072
2018-08-07,3.39,1377.2609744093772,95.22000122070312,3.4876,2.98,72.31,2.759,758.9885252217633,3.3288488,3.3600000000000003,3.4210000000000003,3.35365853658538,0.8928571428571397,-0.9061677871967322,1373.5155130537291,1419.4952831489807,2.888449401839077,0.2726915946745123,-2.975304619957009,95.1020004272461,94.79500007629395,-0.14681143954736742,0.12407814023565056,0.4483370895797423,3.4672400000000003,3.4968300000000005,0.8909974542929966,0.5872105767122937,-0.263953352036006,2.97,2.9215,1.3605442176870763,0.33670033670032407,2.002396029436926,72.506,72.97999999999999,-0.2758240242725196,-0.2703224560726025,-0.9180597423951609,2.7542999999999997,2.771325,0.7485849917838072,0.1706422684529807,-0.44473311502620794,760.6074026528102,768.7300229250459,0.08274036241937566,-0.21284008351754036,-1.2672196236353295
2018-08-08,3.39,1354.726723160479,95.0999984741211,3.5222,2.96,70.71,2.7575,760.870937276676,3.4979913,3.344,3.4204999999999997,0.0,1.3755980861244188,-0.8916825025580888,1361.948121897716,1417.4106280859514,-1.6361642177919022,-0.5302256834258001,-4.422423797549746,95.1979995727539,94.81399993896484,-0.12602682739299986,-0.10294449365809699,0.30164167247490603,3.47892,3.4974050000000005,0.9920862484229964,1.2440642498246612,0.7089542103359436,2.962,2.927,-0.6711409395973145,-0.06752194463200967,1.1274342330030773,72.19200000000001,72.748,-2.212695339510451,-2.0528590425532123,-2.8014515862979206,2.7544,2.772025,-0.05436752446539295,0.1125471972117209,-0.523985173293906,759.9422775990973,767.7825398928735,0.24801587802170122,0.12220134409584027,-0.9002031509028341
2018-08-09,3.46,1389.7579438071912,95.5,3.5476,2.93,70.55,2.7725,760.4317384354134,3.4344242,3.364,3.4210000000000003,2.0648967551622377,2.853745541022601,1.1400175387313638,1363.5861714529615,1415.440791106943,2.585851452386412,1.9193339520554575,-1.8144769785577886,95.26399993896484,94.84850006103515,0.4206114955803697,0.2477326809564584,0.6868848095073821,3.49418,3.4989949999999994,0.7211401964681174,1.5288279367405178,1.3891131596358575,2.952,2.931,-1.0135135135135087,-0.7452574525745215,-0.03411804844762889,71.712,72.66999999999999,-0.22627633998019148,-1.6203703703703831,-2.917297371680183,2.7598,2.7718,0.5439709882139709,0.46017827378797005,0.025254347355518902,760.1054261048332,766.744076675202,-0.05772317218930567,0.042929877800301774,-0.8232653413066449
2018-08-10,3.43,1393.5910204164593,96.36000061035156,3.5525,2.87,71.0,2.75,759.9297312492197,3.442736,3.3899999999999997,3.4219999999999997,-0.8670520231213841,1.1799410029498691,0.23378141437757627,1370.7865918900359,1413.3858976462202,0.27580893682590535,1.6636016620924732,-1.4005288479760791,95.50800018310547,94.92900009155274,0.9005241993210067,0.8920723139555387,1.5074429493818764,3.5133400000000004,3.5023299999999997,0.13812154696133394,1.1146088906852203,1.4324749523888514,2.936,2.933,-2.0477815699658675,-2.2479564032697463,-2.1479713603818507,71.416,72.5145,0.6378454996456506,-0.5825025204435952,-2.0885478076798414,2.7555,2.770525,-0.8115419296663595,-0.1996007984031989,-0.740834318405359,759.716397343973,765.8499309491183,-0.06601607492430217,0.028080729334334364,-0.7730234685223158
2018-08-13,3.41,1391.8949720313526,96.38999938964844,3.5826,2.88,70.62,2.738,747.5058576441203,3.230678,3.4160000000000004,3.4229999999999996,-0.5830903790087438,-0.17564402810305024,-0.37978381536661887,1381.446326764972,1411.5719824275886,-0.12170345246625969,0.7563554995906996,-1.393978531820672,95.71399993896485,95.02299995422364,0.031131983298937627,0.7062701915233616,1.4385984825603604,3.5385,3.5074199999999998,0.8472906403940828,1.2462908011869445,2.1434558735480724,2.924,2.9345,0.34843205574912606,-1.5047879616963078,-1.8572158800477134,71.038,72.494,-0.5352112676056286,-0.5884174667079467,-2.5850415206775668,2.7554,2.7692,-0.43636363636363473,-0.6314872613776501,-1.1266791853242863,757.5453579654385,764.3816518441525,-1.6348713695773287,-1.325267222055404,-2.2077707071222363
2018-08-14,3.39,1384.5507522426458,96.7300033569336,3.5519,2.89,70.77,2.69,748.5725271703539,3.352187,3.4160000000000004,3.4239999999999995,-0.5865102639296182,-0.7611241217798659,-0.9929906542055944,1382.9042823316256,1409.7305014321864,-0.5276418074841249,0.11905884825551549,-1.786139206320625,96.01600036621093,95.11100006103516,0.35273780416857914,0.7436291743036616,1.702225078970332,3.5513600000000003,3.5109750000000006,-0.8569195556299869,0.015205442422039361,1.1656306296683683,2.906,2.936,0.3472222222222321,-0.550584996558845,-1.566757493188009,70.72999999999999,72.489,0.21240441801189114,0.05655308921250768,-2.3713942805115407,2.7416,2.76635,-1.753104455807164,-1.8821126349576889,-2.759954452618074,755.4621583551567,763.355738806136,0.14269714615953166,-0.911975683838806,-1.9366084361797764
2018-08-15,3.31,1350.9763983234782,96.69999694824219,3.5829,2.86,68.38,2.568,738.8467315533039,3.4733624,3.4,3.4240000000000004,-2.359882005899705,-2.6470588235294024,-3.3294392523364524,1382.1542173642254,1406.628326222004,-2.424927642759578,-2.255740976589682,-3.956406028591697,96.33600006103515,95.19199981689454,-0.03102078739797287,0.37784098050202,1.5841637262042463,3.5635,3.51658,0.8727723190405268,0.5444085870632831,1.8859232549806926,2.886,2.935,-1.038062283737029,-0.9009009009009139,-2.555366269165249,70.26399999999998,72.38199999999999,-3.3771372050303783,-2.681316178982107,-5.52899892238401,2.7037,2.75675,-4.535315985130106,-5.019047971298585,-6.846830506937507,751.0573172104821,761.8247088028959,-1.299245599329435,-1.625786125422457,-3.0161764227493615
2018-08-16,3.24,1340.8944740689335,96.6500015258789,3.6141,2.87,69.21,2.623,738.0309890246248,3.3507605,3.3560000000000003,3.4224999999999994,-2.114803625377637,-3.456495828367101,-5.332359386413421,1372.3815234165738,1403.1748189260563,-0.7462694586712226,-2.2943364370902164,-4.438530681785624,96.56600036621094,95.26599998474121,-0.051701575947349365,0.08698833890747881,1.452775955072494,3.5768,3.5252399999999993,0.8708029808256024,1.0428315813017175,2.52067944310177,2.874,2.9364999999999997,0.34965034965035446,-0.13917884481559062,-2.264600715137055,69.99600000000001,72.24549999999999,1.2138052062006466,-1.1229213097891488,-4.201645777245644,2.6738,2.753125,2.141744548286617,-1.8999177200987205,-4.72644721906923,746.5771673283245,760.3752492227467,-0.11040754378979223,-1.1447146628235094,-2.9385833140889495
2018-08-17,3.23,1320.0794997727955,96.0999984741211,3.6524,2.87,70.14,2.635,738.219260868333,3.33142,3.3160000000000003,3.4199999999999995,-0.30864197530865445,-2.593486127864908,-5.5555555555555465,1357.6792192878413,1397.505741811567,-1.5523200892144096,-2.769411137836253,-5.540316559873659,96.51399993896484,95.34799995422364,-0.5690667802116356,-0.42895483049667504,0.7886882999732503,3.59678,3.5321849999999997,1.059738247419828,1.5463831538209183,3.4034174314199417,2.8739999999999997,2.9355,0.0,-0.13917884481556841,-2.2313064213932976,69.824,72.153,1.3437364542696173,0.4525664527956108,-2.7899047856637993,2.6508,2.7470749999999997,0.45749142203581616,-0.5960464765353835,-4.079793962669386,742.2350732521471,758.7124519075736,0.02551001875368275,-0.5410431989179121,-2.7010484654253597
2018-08-20,3.28,1332.8472271623255,95.9000015258789,3.6326,2.82,71.11,2.6745,744.682239561751,3.3400264,3.2900000000000005,3.4135,1.5479876160990669,-0.3039513677811745,-3.9109418485425596,1345.8696703140356,1391.836973201492,0.9671938236846644,-0.9675857506077579,-4.23826548474846,96.41600036621094,95.40950012207031,-0.20811337296331445,-0.5351796780328377,0.5141012196699712,3.6067799999999997,3.537885,-0.5421092979958408,0.7158739928689872,2.677164464079529,2.862,2.9285,-1.7421602787456525,-1.4675052410901612,-3.704968413863763,69.922,72.036,1.3829483889364003,1.6990360687623385,-1.2854683769226494,2.6381,2.743475,1.4990512333965977,1.3797809029225672,-2.514147203819972,741.6703496356733,757.5453579654385,0.8754822633340487,0.40609550153341,-1.6979997657479373
2018-08-21,3.32,1356.538914383855,95.26000213623047,3.63,2.85,71.65,2.7005,748.3215235772569,3.3539157,3.276,3.4010000000000007,1.2195121951219523,1.3431013431013383,-2.381652455160277,1340.2673027422775,1386.228907371731,1.7775245908692616,1.2140571965222557,-2.141781406374499,96.12200012207032,95.44200019836425,-0.6673611881807262,-0.8967749159871308,-0.19068969819945325,3.6224000000000003,3.54131,-0.07157407917194325,0.20980565371022664,2.504440447179146,2.854,2.9235,1.0638297872340496,-0.14015416958654825,-2.5141097998973905,70.098,71.94200000000001,0.7593868654197866,2.2140431966675367,-0.4058825164716007,2.6402,2.737975,0.9721443260422458,2.2839178850087016,-1.3687122782348293,741.6201489170538,756.5633648115481,0.4887029422975919,0.9036128090625262,-1.0893788435479057
2018-08-22,3.3,1347.3570971259,95.1500015258789,3.6075,2.82,72.96,2.68,750.643211068975,3.3897505,3.274,3.3865000000000003,-0.6024096385542133,0.7941356139279154,-2.5542595600177354,1339.543442502762,1380.1743086234605,-0.6768561639181048,0.5833072952482476,-2.3777584680801156,95.81200103759765,95.48150024414062,-0.1154740792407849,-0.6909359000434323,-0.3471863318172508,3.62732,3.543615,-0.6198347107438051,-0.5464089189815113,1.8028200016085183,2.846,2.9174999999999995,-1.0526315789473717,-0.9135628952916419,-3.3419023136246673,71.01400000000001,71.90650000000001,1.82833217027214,2.7403047286450377,1.4650970357338755,2.6626000000000003,2.7311,-0.7591186817256013,0.6534965822879935,-1.871040972501914,743.9794448201882,755.4621545253796,0.310252667946731,0.8956922526800914,-0.6378801939366574
2018-08-23,3.3,1353.2462649189106,95.62000274658203,3.6101,2.82,73.73,2.662,744.8077030605281,3.334756,3.286,3.3735,0.0,0.42604990870358517,-2.178746109381946,1342.0138006727573,1375.2838785029767,0.4370903456532016,0.8369857478754961,-1.6024047055691826,95.60600128173829,95.52500038146972,0.4939581851454822,0.014644964391385962,0.09945288116506301,3.62652,3.547315,0.07207207207207134,-0.452775663721694,1.7699302148244556,2.836,2.9095,0.0,-0.5641748942172065,-3.0761299192301084,71.91799999999999,71.8675,1.0553728070175517,2.51953613837983,2.591574773019789,2.6704,2.7233,-0.6716417910447858,-0.31455961653684694,-2.2509455440091086,745.3347876273689,754.2605466317493,-0.7774010238681406,-0.07071782715505348,-1.2532597142239754
2018-08-24,3.31,1353.2651381301293,95.1500015258789,3.6278,2.82,74.41,2.7085,756.9179179186847,3.3722134,3.3019999999999996,3.3615000000000004,0.3030303030303161,0.24227740763174133,-1.53205414249592,1348.650928344224,1370.721860405019,0.001394661984899237,0.34213521741837116,-1.2735422684315822,95.41600189208984,95.54850044250489,-0.49153023133533535,-0.27877961865533374,-0.41706454290799666,3.6216,3.5526449999999996,0.49029112766958427,0.17119505191076634,2.115466082313344,2.8259999999999996,2.9025,0.0,-0.2123142250530674,-2.84237726098191,72.772,71.84599999999999,0.922284009222829,2.2508657175836833,3.568744258553025,2.6851,2.7186250000000003,1.746806912096166,0.8714759226844393,-0.37243091636398606,749.0745190374391,753.7491603213642,1.6259518810551876,1.047078585896144,0.4203994862122862
2018-08-27,3.43,1387.6147454947468,94.77999877929688,3.6303,2.85,74.41,2.717,758.6120581298892,3.4139478,3.332,3.357,3.625377643504546,2.941176470588247,2.1745606196008405,1359.6044320107083,1368.171908096172,2.5382762325555808,2.0601810956598854,1.4210814652399595,95.19200134277344,95.56950035095215,-0.38886257556327575,-0.4328121666367757,-0.826102018694308,3.6211399999999996,3.5580950000000002,0.06891228843928232,0.25295901290756095,2.0293162492850847,2.832,2.896,1.0638297872340496,0.6355932203389925,-1.5883977900552404,73.43199999999999,71.817,0.0,1.3318444274975638,3.6105657434869265,2.6936,2.714425,0.3138268414251577,0.8687258687258614,0.09486355305452498,751.8604827510668,753.3632643181962,0.2238208623549287,0.8979824759665966,0.696714859921288
2018-08-28,3.43,1385.8497372994177,94.72000122070312,3.6101,2.88,75.91,2.745,757.6081203530441,3.4432907,3.354,3.3515,0.0,2.265951103160413,2.3422348202297494,1365.466596593821,1365.5384236803634,-0.1271972787158404,1.4927601126561996,1.4874216109065364,95.08400115966796,95.58100051879883,-0.0633019195679263,-0.38281933293236037,-0.9008059064273599,3.6171599999999997,3.56454,-0.5564278434289194,-0.195180749538304,1.27814528662884,2.838,2.8920000000000003,1.0526315789473717,1.4799154334038,-0.4149377593361203,74.284,71.9045,2.0158580835909046,2.1888966668461407,5.570583204111013,2.7024999999999997,2.7096500000000003,1.0305483989694553,1.572617946346,1.3045965346077715,753.7178021062242,752.8518780078111,-0.13233875814206986,0.5161505056598958,0.6317633633084574
2018-08-29,3.43,1378.6575920395699,94.5999984741211,3.6101,2.89,76.07,2.7195,755.7884400475199,3.5035002,3.3800000000000003,3.3495,0.0,1.4792899408283988,2.4033437826541437,1371.726695576555,1363.8431193353147,-0.518970063367985,0.5052680308231361,1.0862299698718436,94.9740005493164,95.58000030517579,-0.1266920872418642,-0.39379416791135435,-1.0253210168713722,3.61768,3.5718550000000002,0.0,-0.20952654740054033,1.0707321545807336,2.852,2.8865000000000003,0.3472222222222321,1.3323983169705622,0.12125411397885255,74.906,72.09400000000001,0.21077591885125813,1.5539476143432873,5.5150220545398865,2.7104,2.707775,-0.928961748633883,0.335743801652888,0.43301234408323896,754.7468479019332,752.4314718829253,-0.24018753978987117,0.1380054979337908,0.4461493557936791
2018-08-30,3.39,1363.1514342914634,94.72000122070312,3.5801,2.86,77.05,2.7095,751.5216087515004,3.3895793,3.3980000000000006,3.351,-1.1661807580174988,-0.2354326074161417,1.1638316920322245,1373.7077294510655,1362.9223062483395,-1.1247287098435255,-0.7684527744355352,0.016811526385129838,94.79400024414062,95.55750045776367,0.12685279970152674,-0.07806298209476203,-0.876434851318364,3.61168,3.5772950000000003,-0.8310019113044076,-0.8743853276037772,0.07841120175997585,2.86,2.8805,-1.038062283737029,0.0,-0.7116819996528467,75.57000000000001,72.299,1.2882871039831878,1.9584491200211662,6.571321871671798,2.7199,2.7059749999999996,-0.36771465342895215,-0.38236699878673175,0.13026727889209333,756.0896290401276,752.0267525251636,-0.5645536594541256,-0.6041638601003485,-0.06717098453838943
2018-08-31,3.4,1351.9345767392026,95.13999938964844,3.5751,2.86,76.94,2.6645,753.1530938088589,3.378954,3.4160000000000004,3.3560000000000003,0.2949852507374562,-0.4683840749414636,1.3110846245530272,1373.4416171728801,1362.6395891737452,-0.8228621758440968,-1.5659231644624239,-0.7856084998259627,94.79199981689453,95.55750045776367,0.4434102233241033,0.36711913814047037,-0.43691082972577844,3.6011399999999996,3.583215,-0.13966090332672154,-0.7231043502890611,-0.22647259514151363,2.868,2.8760000000000003,0.0,-0.2789400278940035,-0.5563282336578768,76.076,72.522,-0.1427644386761795,1.135706398864289,6.091944513389036,2.7111,2.700625,-1.6608230300793503,-1.718859503522563,-1.3376533209905173,755.3366642181625,751.5906634629304,0.21709090442108003,-0.28908571670670513,0.20788314994888424
2018-09-03,3.37,1367.3031778132336,95.41999816894531,3.5951,2.9,77.81,2.5965,748.3842553266455,3.3653605,3.404,3.3605000000000005,-0.8823529411764675,-0.9988249118683901,0.28269602737687194,1369.3793036365773,1364.0749331815734,1.1367858577224332,-0.1516107201146033,0.23666182503117028,94.91999969482421,95.56050033569336,0.29430185105439044,0.5267577704684223,-0.14702954280741976,3.5941,3.59013,0.5594249111912974,0.027823377201530164,0.13843509845048452,2.8779999999999997,2.8739999999999997,1.3986013986013957,0.7644197359277349,0.9046624913013224,76.756,72.787,1.1307512347283666,1.3731825525040486,6.900957588580381,2.687,2.693525,-2.5520735597673094,-3.368068477856345,-3.60215702471669,753.2911036575138,751.091823502423,-0.6331831498024298,-0.6513880632658009,-0.3604843097814392
2018-09-04,3.4,1367.3031778132336,95.41999816894531,3.6101,2.9,77.51,2.5965,748.3842553266455,3.3612492,3.3980000000000006,3.3609999999999998,0.8902077151335286,0.058858151854002116,1.1603689378161253,1365.6699917393405,1363.577043351766,0.0,0.11958863296197553,0.27326174781503454,95.05999908447265,95.57050018310547,0.0,0.3787072248472967,-0.1574774787950317,3.5941,3.596255,0.41723456927484914,0.4451740352243938,0.3849838234496694,2.882,2.87,0.0,0.6245662734212232,1.0452961672473782,77.076,73.047,-0.38555455596966937,0.5630805957756113,6.109764945856799,2.6573,2.6854,0.0,-2.2880367290106673,-3.3104937811871626,751.446330652234,750.5616100076672,0.0,-0.4074908879960426,-0.29009672916784357
2018-09-05,3.37,1341.0280383329439,95.12999725341797,3.6101,2.9,76.68,2.604,749.7647367909071,3.3937976,3.386,3.3600000000000003,-0.8823529411764675,-0.4725339633786185,0.29761904761904656,1358.1440809980154,1362.8921091103894,-1.9216761802830162,-1.2602523476370808,-1.604240763541953,95.16599884033204,95.5720001220703,-0.3039204790319605,-0.03783030426073308,-0.46248155117375456,3.5941,3.6006499999999995,0.0,0.4451740352243938,0.26245261272273,2.884,2.867,0.0,0.554785020804438,1.1510289501220683,77.19800000000001,73.3455,-1.070829570378018,-0.6710018394258888,4.5462911835082,2.6342,2.6777249999999997,0.2888503755055005,-1.146458127704797,-2.7532700333305127,750.2415900009115,750.0062999833788,0.18446158566751691,-0.06355995406810422,-0.03220815511509878
2018-09-06,3.39,1327.991730629915,95.0199966430664,3.6101,2.88,75.67,2.63,751.6471488458201,3.3746254,3.386,3.3564999999999996,0.5934718100890191,0.11813349084466296,0.9980634589602522,1351.1121402657059,1359.8037984515254,-0.9721129857384936,-1.7112132255168722,-2.3394601381343527,95.22599792480469,95.54799995422363,-0.11563188639491795,-0.2163288242995942,-0.5526052993366504,3.6001,3.6037749999999997,0.0,0.27777006194273923,0.17551040228649395,2.888,2.8645,-0.6896551724137945,-0.27700831024930483,0.5411066503752782,76.922,73.6015,-1.3171622326552002,-1.6276227867190074,2.810404679252465,2.6183,2.6706,0.9984639016896946,0.4468548294694896,-1.520257620010479,750.2666980197754,749.5670705038991,0.2510670297685591,0.18399468211613978,0.27750396512518094
2018-09-07,3.44,1332.3812040237685,95.37000274658203,3.6301,2.94,75.55,2.616,748.948994262228,3.375416,3.3939999999999997,3.357,1.4749262536873031,1.3553329404832226,2.4724456359844993,1347.2014657226189,1356.7433076318912,0.33053469329746843,-1.1000776109533872,-1.7956310136989062,95.27199859619141,95.49850006103516,0.3683499430445103,0.10286773851151398,-0.13455427506295914,3.6111000000000004,3.607655,0.554001274202931,0.5261554650937361,0.6221492908828674,2.904,2.868,2.083333333333326,1.2396694214876103,2.5104602510460206,76.64399999999999,73.82900000000001,-0.15858332232060457,-1.4273785293043129,2.3310623196846514,2.6086,2.6639,-0.5323193916349722,0.2836770681591716,-1.7981155448778097,749.4258781104493,749.0180336545495,-0.3589655848139972,-0.06363322406528482,-0.00921732044083523
2018-09-10,3.35,1311.6163163266344,95.1500015258789,3.6551,2.94,76.77,2.6215,748.5725271703539,3.3990343,3.3899999999999997,3.354,-2.6162790697674354,-1.1799410029498358,-0.11926058437686793,1336.0640934252992,1352.729374846655,-1.5584794827804949,-1.8298356507723712,-3.0392670762162677,95.21799926757812,95.43650016784667,-0.23068178081918633,-0.07141269741252065,-0.3001981856668001,3.6231,3.61128,0.6886862620864465,0.8832215506058283,1.213420172348867,2.912,2.871,0.0,0.9615384615384581,2.4033437826541215,76.43599999999999,74.1365,1.6148246194573224,0.43696687424774616,3.5522313570238717,2.6136000000000004,2.6580749999999997,0.21024464831804757,0.3022650749923361,-1.3759957864243666,749.4635324791909,749.0713671308612,-0.05026605212882229,-0.11888574563323484,-0.06659445046177659
2018-09-11,3.33,1309.9779764142932,95.05999755859375,3.6751,2.98,78.22,2.615,750.0784721333927,3.3748105,3.376,3.351,-0.5970149253731294,-1.3625592417061516,-0.6266786034019645,1324.599053145511,1349.0007360552377,-0.1249099978360757,-1.1038115040545637,-2.8927159635994903,95.14599914550782,95.35299987792969,-0.09459166142070652,-0.09038907330464196,-0.307281700325146,3.6361000000000003,3.6174399999999998,0.5471806516921474,1.0725777618877386,1.5939448892034136,2.928,2.8754999999999997,1.3605442176870763,1.775956284153013,3.6341505825074005,76.578,74.50899999999999,1.8887586296730596,2.1442189662827404,4.980606369700324,2.6173,2.654325,-0.24794964714858203,-0.0878768196232782,-1.4815442720842342,749.8023758405404,749.146664379013,0.20117555859702207,0.03682254174544042,0.1243825540025556
2018-09-12,3.32,1300.6473511448053,94.80000305175781,3.6551,2.97,80.02,2.669,755.9139035462971,3.3809948,3.3659999999999997,3.3515,-0.30030030030030463,-1.3666072489601833,-0.9398776667164044,1316.5229157078834,1346.484283696304,-0.7122734456214252,-1.205870735226966,-3.404193655025023,95.08000030517579,95.25800018310547,-0.27350569483833853,-0.2944859618418949,-0.4807965005220405,3.6451000000000002,3.6210500000000003,-0.5442028788332332,0.27434089599736033,0.9403349857085574,2.9419999999999997,2.881,-0.3355704697986517,0.9517335146159267,3.0892051371051776,77.246,75.09100000000001,2.301201738685754,3.591124459518946,6.564035636760712,2.6303,2.659375,2.065009560229436,1.4713150591187274,0.3619271445358452,751.0322091916183,750.0000229786627,0.7779761224591786,0.6499980020741258,0.7885173848591442
2018-09-13,3.4,1313.3170830145452,94.54000091552734,3.6526,2.97,77.66,2.676,754.2197633350925,3.4025342,3.368,3.3594999999999997,2.4096385542168752,0.9501187648456089,1.2055365381753225,1313.5879861848093,1345.1054141435843,0.974109689193492,-0.020623146154896688,-2.3632594735542245,94.98400115966797,95.15250015258789,-0.27426384795421477,-0.46744740031983145,-0.643702725706985,3.6536,3.6229750000000003,-0.0683975814615212,-0.02737026494415984,0.817698162421765,2.96,2.886,0.0,0.33783783783785104,2.910602910602922,77.64399999999999,75.5135,-2.9492626843289127,0.020606872391959463,2.8425380892158403,2.6395,2.662025,0.26227051330085516,1.3828376586474844,0.5249762868493102,751.5467320894728,750.8094616941862,-0.2241181440448048,0.3556706631120621,0.45421665747404916
2018-09-14,3.45,1312.2231626565933,94.9800033569336,3.6351,2.99,77.87,2.638,749.8274685402959,3.37626,3.3699999999999997,3.3705,1.4705882352941346,2.3738872403560984,2.358700489541632,1309.5563779113743,1344.7125972877743,-0.08329445890103981,0.20364031592685627,-2.416087623237173,94.90600128173828,95.09650039672852,0.46541404394464525,0.07797407349996455,-0.1225040241322417,3.6546,3.6221100000000006,-0.4791107704101183,-0.5335741257593174,0.3586307428542934,2.9699999999999998,2.892,0.6734006734006703,0.6734006734006925,3.38865836791149,78.108,75.9,0.2704094772083554,-0.304706304091773,2.595520421607378,2.6439,2.662175,-1.420029895366226,-0.22315518741253815,-0.9080920675763271,751.7224269450865,751.3898720777844,-0.5823627287853461,-0.2520821964154374,-0.20793513401612396
2018-09-17,3.4,1296.1489938400744,94.51000213623047,3.6327,2.99,78.22,2.6435,752.7765501214421,3.4240828,3.38,3.3765,-1.449275362318847,0.591715976331364,0.6959869687546139,1306.4629134140623,1342.8776856216618,-1.2249569489367063,-0.7894536820058251,-3.47974296407757,94.77800140380859,95.0270004272461,-0.4948422868936597,-0.28276526578808747,-0.5440540990362508,3.65012,3.622115,-0.06602294297268774,-0.477244583739711,0.2922325768232037,2.98,2.9005,0.0,0.3355704697986628,3.0856748836407544,78.398,76.25550000000001,0.44946706048540896,-0.22704660833183787,2.576207617811166,2.6483,2.660625,0.20849128127369276,-0.18124834799682077,-0.6436457599248269,752.563231535304,751.7945876057689,0.3933013532949614,0.028345603027002397,0.13061580009514628
2018-09-18,3.45,1322.7602216586067,94.62000274658203,3.6452,3.05,79.25,2.723,750.9569464114605,3.4377189,3.404,3.383,1.4705882352941346,1.3513513513513598,1.9804906887378015,1309.019362462925,1341.1887509853993,2.053099446514395,1.0497063366448733,-1.3740444298576793,94.69000244140625,94.99500045776367,0.11639044319669001,-0.07392511671708846,-0.39475520751048876,3.64414,3.6228749999999996,0.3440966774024945,0.029087795748794498,0.6162233033157438,2.9940000000000007,2.9105,2.006688963210679,1.8704074816298988,4.792990895035221,78.604,76.63550000000001,1.316798772692418,0.8218411276779802,3.4116042826105364,2.6699,2.66175,3.0073765840741506,1.988838533278381,2.3011176857330673,752.7389263909175,751.9263587474791,-0.24171896822344774,-0.23673280562237498,-0.12892384004642432
2018-09-19,3.55,1339.2800886169855,94.55000305175781,3.6727,3.08,79.43,2.7215,754.3452268338697,3.5076702,3.45,3.3954999999999997,2.898550724637672,2.898550724637672,4.550139891032257,1316.745909957361,1340.7849005599537,1.2488935400298384,1.7113536096234672,-0.11223365823553877,94.64000244140625,94.96500053405762,-0.07397980637529056,-0.09509656310940917,-0.4370004527625704,3.6476599999999997,3.626135,0.7544167672555613,0.6864674887462119,1.2841496524536478,3.0160000000000005,2.9235,0.9836065573770592,2.1220159151193574,5.353172567128439,78.486,76.95899999999999,0.22712933753943343,1.2027622760747203,3.210800556140314,2.6804,2.663825,-0.05508630187293084,1.5333532308610565,2.165119705686358,752.4251910484321,752.1114595357238,0.45119503036765707,0.2551796256000216,0.2969995031753214
2018-09-20,3.53,1337.9455348159934,93.91000366210938,3.7003,3.07,79.03,2.7315,756.8551095737535,3.6217613,3.476,3.407,-0.5633802816901401,1.5535097813578869,3.6102142647490343,1321.6716003176507,1340.0198640548078,-0.09964710237500007,1.2313145333856967,-0.1547983947445153,94.51400299072266,94.87950057983399,-0.6768898667280809,-0.639058033202311,-1.0218191619894235,3.6572000000000005,3.630645,0.7514907288915573,1.1784972109810665,1.9185296276556851,3.036,2.9360000000000004,-0.32467532467532756,1.1198945981554687,4.56403269754766,78.76,77.22399999999999,-0.5035880649628677,0.3428136109700386,2.338651196519237,2.6915,2.6673,0.36744442403087163,1.4861601337544217,2.4069283545158138,752.9522602961645,752.7138298613851,0.332723354056097,0.5183395393558943,0.55017983569281
2018-09-21,3.61,1375.0568011068412,94.22000122070312,3.6752,3.07,78.9,2.848,750.5804027240439,3.516907,3.508,3.4219999999999997,2.2662889518413554,2.9076396807297566,5.493863237872598,1334.2383280077004,1341.1094472036434,2.773750150894738,3.059308988679077,2.531288849987723,94.36200256347657,94.8330005645752,0.33010067778203034,-0.15048572403697502,-0.6463987643780866,3.66522,3.6330150000000003,-0.6783233791854748,0.2722892486672013,1.1611567802499945,3.052,2.9485,0.0,0.589777195281771,4.120739358996084,78.966,77.4485,-0.16449449576110275,-0.08358027505507293,1.8741486277978447,2.7335000000000003,2.674275,4.265055830129949,4.188768977501356,6.496153163006779,753.1028471329139,752.3969541016529,-0.8290499423652342,-0.3349402300725668,-0.24143523810219447
2018-09-24,3.6,1366.3994413529479,94.26000213623047,3.6754,3.08,80.89,2.827,752.9648219651506,3.6601856,3.5480000000000005,3.4305,-0.27700831024930483,1.465614430665152,4.9409707039790085,1348.288417510275,1340.0486819965533,-0.6296001552026587,1.3432603593907855,1.9664031397079063,94.31200256347657,94.80700073242187,0.04245480259934542,-0.05513659537776938,-0.5769601315995798,3.67376,3.63527,0.005441880713963343,0.044640912852211834,1.1039070000302686,3.07,2.96,0.32573289902280145,0.32573289902280145,4.054054054054057,79.5,77.77250000000001,2.5221799746514506,1.7484276729559767,4.0084862901411,2.7702,2.6797750000000002,-0.7373595505617891,2.0503934733954177,5.493931393493856,753.1405015016555,752.1145922934161,0.31767672489888543,-0.02332626331403853,0.11304523013466738
2018-09-25,3.6,1366.3994413529479,94.12999725341797,3.6754,3.1,82.21,2.8145,752.9648219651506,3.6740785,3.5780000000000003,3.439,0.0,0.6148686416992621,4.68159348647863,1357.0162614491433,1339.07616719923,0.0,0.6914567032368701,2.040457057111733,94.21400146484375,94.77750053405762,-0.1379215784703791,-0.08916319243390536,-0.6831824821197707,3.6797999999999993,3.6385349999999996,0.0,-0.11957171585410542,1.0131825033976583,3.08,2.971,0.6493506493506551,0.6493506493506551,4.341972399865357,80.09200000000001,78.0875,1.6318457164049782,2.6444588722968287,5.279334080358566,2.7885,2.68325,-0.4421648390520061,0.932400932400923,4.891456256405458,753.5420766123937,751.8824273740214,0.0,-0.07660549625021496,0.14395795828205937
2018-09-26,3.59,1380.5231363792761,94.19000244140625,3.6503,3.06,81.87,2.8185,749.1999978553248,3.6696208,3.586,3.4470000000000005,-0.2777777777777879,0.1115448968209698,4.148534957934413,1365.2648710016015,1339.1694444162154,1.0336432084854685,1.1176047741183526,3.088010418359577,94.14200134277344,94.75700073242187,0.06374714728476505,0.050987973431793066,-0.5983708714216607,3.67532,3.6405450000000004,-0.6829188659737584,-0.6807570497262883,0.26795438595044185,3.076,2.9795,-1.2903225806451646,-0.5201560468140465,2.701795603289159,80.58000000000001,78.3775,-0.4135749908770081,1.6008935219657294,4.455998213773094,2.8079,2.6881999999999997,0.14212115828744487,0.3775063214501939,4.847109590060272,752.5130308166847,751.5530052644116,-0.5000000000000004,-0.44026253708382423,-0.31308602222392956
2018-09-27,3.55,1372.8286733439122,95.0,3.6253,3.06,81.54,2.783,741.8586214793817,3.5791047,3.59,3.4550000000000005,-1.1142061281337101,-1.1142061281337101,2.7496382054992496,1372.241498707185,1339.6533063688378,-0.5573584992964564,0.04278945340747686,2.4764143691024865,94.36000061035156,94.77100067138672,0.8599612884580221,0.6782528460244963,0.241634389202372,3.66032,3.642805,-0.6848752157356919,-0.9567469510862403,-0.48053629002924314,3.0740000000000003,2.9895,0.0,-0.45543266102798796,2.358253888610129,81.082,78.602,-0.4030780505679732,0.564860264917022,3.737818376122748,2.8182,2.691875,-1.259535213766183,-1.2490241998438734,3.3851869050383065,749.5137331978103,751.0698559008057,-0.9798954080297295,-1.0213437565403938,-1.2264151395580125
2018-09-28,3.57,1386.2529707160352,95.19000244140625,3.6153,3.05,82.72,2.805,747.6313211428974,3.5829577,3.582,3.4635,0.5633802816901401,-0.335008375209378,3.074924209614549,1374.480732629024,1341.3692260676794,0.9778567153193585,0.856486221126862,3.346114088209373,94.55400085449219,94.77350082397462,0.20000256990131415,0.6726331843882383,0.4394705416709499,3.6483399999999997,3.644815,-0.27583924089041867,-0.9056173492602015,-0.8097804689675581,3.07,2.9989999999999997,-0.326797385620925,-0.6514657980456029,1.700566855618546,81.846,78.89099999999999,1.447142506745136,1.0678591501111834,4.853532088577928,2.8095999999999997,2.6988999999999996,0.7905138339921125,-0.16372437357629055,3.931231242358013,748.9239168815809,750.7937672675077,0.7781401329547188,-0.17259373209307372,-0.42121368909601165
2018-09-29,3.47,1327.8458261893388,95.30000305175781,3.6104,3.09,84.94,2.7875,743.1762945987122,3.5357556,3.556,3.4684999999999997,-2.8011204481792618,-2.4184476940382393,0.043246360098048164,1366.770009596302,1339.3963584864846,-4.213310684306604,-2.847895632306141,-0.8623685008519733,94.76200103759766,94.76750106811524,0.11555899519939405,0.5677402421532918,0.5619035826003538,3.6353400000000002,3.64558,-0.1355350869914007,-0.6860431211386131,-0.9650041968630507,3.072,3.0085,1.3114754098360715,0.5859375,2.708991191623733,82.656,79.2475,2.683752417794971,2.763259775454885,7.183191898798058,2.8017,2.70845,-0.6238859180035639,-0.5068351358103906,2.9186435045875037,746.9662114082934,750.533369231111,-0.5958854876993214,-0.507374597632182,-0.9802461734560675
2018-09-30,3.47,1327.8458261893388,95.30000305175781,3.6103,3.09,84.94,2.7875,743.1762945987122,3.4807682,3.53,3.472,0.0,-1.6997167138810054,-0.05760368663594306,1359.0592865635804,1337.4234909052898,0.0,-2.2966960075130882,-0.716128046283071,94.99600219726562,94.76150131225586,0.0,0.32001436635291647,0.5682705867306792,3.6223199999999998,3.64559,-0.00276977620207175,-0.33183153338190996,-0.9680188940610401,3.07,3.018,0.0,0.6514657980456029,2.385685884691857,83.202,79.619,0.0,2.0888920939400535,6.683078159735745,2.7963,2.718,0.0,-0.31470156993169685,2.5570272259014093,745.0085059350056,750.2729711947143,0.0,-0.24593159966596057,-0.9458792824032503
2018-10-01,3.47,1327.8458261893388,95.30000305175781,3.6155,3.09,84.94,2.7875,743.1762945987122,3.4703908,3.5060000000000002,3.4769999999999994,0.0,-1.026811180832854,-0.2013229795800764,1348.5238245255928,1336.7643802981097,0.0,-1.5333802755415515,-0.6671747272905315,95.21800231933594,94.77000160217285,0.0,0.08611893804164605,0.5592502275243216,3.61536,3.6458600000000003,0.14403235188211738,0.0038723667905804504,-0.8327253377803934,3.0759999999999996,3.0275000000000003,0.0,0.4551365409622976,2.0644095788604266,83.816,80.032,0.0,1.3410327383793108,6.1325469812075095,2.7901,2.727175,0.0,-0.09318662413532186,2.211995929854149,743.8037652836831,749.9435490851046,0.0,-0.08435970806515147,-0.9023685175568397
2018-10-02,3.47,1327.8458261893388,95.51000213623047,3.6155,3.05,85.63,2.8065,743.1762945987122,3.457698,3.4899999999999998,3.4810000000000003,0.0,-0.5730659025787843,-0.3160011490950909,1339.5272550946781,1336.7570850760808,0.0,-0.8720560825403734,-0.6666326280391321,95.32000274658203,94.79450187683105,0.22035580036507962,0.19932793136143712,0.7547908847383322,3.6134,3.6461300000000003,0.0,0.05811700891127369,-0.8400687852599953,3.074,3.036,-1.2944983818770184,-0.7807417046193921,0.46113306982871194,84.63399999999999,80.53,0.8123381210266123,1.1768320060495885,6.333043586241138,2.7948,2.7359999999999998,0.6816143497757832,0.41863460712752154,2.576754385964919,744.0672999075492,749.5200063727491,0.0,-0.11974794604571182,-0.8463699060865526
2018-10-03,3.47,1327.8458261893388,95.76000213623047,3.6155,3.15,85.45,2.834,743.1762945987122,3.511994,3.47,3.4825000000000004,0.0,0.0,-0.3589375448671994,1327.8458261893388,1336.5303161843592,0.0,0.0,-0.6497787509836317,95.43400268554687,94.81400184631347,0.2617526901982581,0.3415967490725036,0.997743235698878,3.6134399999999998,3.6454,0.0,0.05700938717676518,-0.8202117737422521,3.094,3.0465,3.2786885245901676,1.8099547511312153,3.3973412112259904,85.17999999999999,81.025,-0.2102067032581978,0.3169758159192515,5.4612773835235995,2.8006,2.7468999999999997,0.9798681631925765,1.192601585374553,3.170847136772381,743.1762945987122,749.2313713895734,0.0,0.0,-0.8081718174228425
2018-10-04,3.47,1327.8458261893388,95.75,3.6155,3.19,86.07,2.7775,743.1762945987122,3.4821427,3.47,3.4885000000000006,0.0,0.0,-0.5303138884907632,1327.8458261893388,1337.3417916774947,0.0,0.0,-0.7100627189885911,95.52400207519531,94.84400177001953,-0.010445004184778117,0.2365875799746897,0.9552509521660202,3.6144600000000002,3.64342,0.0,0.028773316069341526,-0.7663129696823257,3.114,3.059,1.2698412698412653,2.440590879897231,4.282445243543642,85.40599999999999,81.49,0.7255705090696285,0.7774629417137024,5.6203215118419525,2.7986,2.7547,-1.9936485532815906,-0.7539484027728194,0.8276763349911009,743.1762945987122,748.9615597609912,0.0,0.0,-0.772438196177283
2018-10-05,3.47,1327.8458261893388,95.62000274658203,3.6155,3.23,85.12,2.763,743.1762945987122,3.4620216,3.47,3.4955,0.0,0.0,-0.729509369188952,1327.8458261893388,1338.2351841662469,0.0,0.0,-0.7763476928295598,95.58800201416015,94.87200202941895,-0.13576736649396626,0.033477771004286616,0.7884314667789161,3.6155,3.6404399999999995,0.0,0.0,-0.6850820230521415,3.1420000000000003,3.0715,1.2539184952978122,2.800763844684906,5.160345108253295,85.442,81.835,-1.1037527593818819,-0.3768638374569755,4.014174864055731,2.7937000000000003,2.7620999999999998,-0.5220522052205245,-1.0989010989011172,0.03258390355165286,743.1762945987122,748.6164508842573,0.0,0.0,-0.7266947285381353
2018-10-08,3.47,1327.8458261893388,95.7699966430664,3.6155,3.21,84.22,2.767,743.1762945987122,3.4611313,3.47,3.503,0.0,0.0,-0.9420496717099658,1327.8458261893388,1339.5951079184733,0.0,0.0,-0.877077085433009,95.68200073242187,94.92050170898438,0.15686455989956105,0.09196704706313508,0.8949541129549488,3.6155,3.63846,0.0,0.0,-0.631036207626301,3.166,3.0835,-0.6191950464396245,1.3897662665824484,4.1024809469758505,85.298,82.04499999999999,-1.0573308270676707,-1.263804544069036,2.6509842159790464,2.7896,2.7670000000000003,0.1447701773434673,-0.8101519931173029,-1.1102230246251565e-14,743.1762945987122,747.979570436878,0.0,0.0,-0.642166715243353
2018-10-09,3.59,1326.8270357298923,95.68000030517578,3.6156,3.21,85.16,2.8065,744.9331665593052,3.4680321,3.4939999999999998,3.5125,3.458213256484144,2.7475672581568356,2.206405693950164,1327.6420680974493,1340.2706055542408,-0.07672505642994931,-0.06138946536433654,-1.0030489192732195,95.71600036621093,94.9775016784668,-0.09397132822928089,-0.03761133028691299,0.7396474052214996,3.61552,3.63661,0.00276586917440369,0.0022126830995228275,-0.5777358583955894,3.1979999999999995,3.0955000000000004,0.0,0.37523452157599557,3.698917783879807,85.204,82.42,1.1161244360009537,-0.05164076803905182,3.324435816549376,2.7896,2.7735250000000002,1.4275388507408948,0.6058216231717761,1.1889202368826624,743.5276689908308,747.5152405980887,0.23640043060599858,0.18903097047915374,-0.34542092235037014
2018-10-10,3.69,1323.6792018664155,95.51000213623047,3.6156,3.22,83.82,2.7805,746.2509162741784,3.533842,3.5380000000000003,3.5245000000000006,2.785515320334264,4.296212549462974,4.695701517945783,1326.8087432328648,1340.843407514732,-0.23724523081828375,-0.2358698178928198,-1.2801051600895397,95.66600036621094,95.00400161743164,-0.17767367098985298,-0.16306548761660933,0.5326096903122357,3.61554,3.6356349999999997,0.0,0.0016595031447463882,-0.5510729212365839,3.2120000000000006,3.107,0.31152647975078995,0.24906600249063882,3.6369488252333326,84.878,82.7175,-1.5735086895256045,-1.2464949692499894,1.3328497597243638,2.7788999999999997,2.78065,-0.9264208088366366,0.05757673899744464,-0.0053944221674817605,744.1425933259239,747.3364129847828,0.17689502549063096,0.2833224394307665,-0.14524873828495322
2018-10-11,3.6,1256.2473958597982,95.0199966430664,3.5806,3.14,81.35,2.803,767.7103830619681,3.652119,3.564,3.5345,-2.4390243902438935,1.0101010101010166,1.8531616918941785,1312.4890571669566,1338.848327615718,-5.094271022128094,-4.285114683436497,-6.169551102403014,95.51999969482422,95.02950134277344,-0.5130410241904748,-0.5234537828258667,-0.010001841083806529,3.6085599999999998,3.6330299999999993,-0.9680274366633546,-0.7748243066486249,-1.4431480059344248,3.2019999999999995,3.1145,-2.4844720496894457,-1.9362898188631905,0.8187510033713208,83.934,82.874,-2.9467907420663297,-3.07860938356328,-1.8389362164249357,2.784,2.788625,0.80920697716238,0.6824712643678232,0.515487023174499,749.0494110185751,748.0831046318091,2.8756369097582946,2.491287192658942,2.623676207714798
2018-10-12,3.65,1272.0159638331202,95.22000122070312,3.5831,3.15,80.71,2.8005,764.3220260440164,3.5344088,3.6,3.5445,1.388888888888884,1.388888888888884,2.9764423755113567,1301.323084695713,1336.311114724444,1.255211992899663,-2.2521018190840514,-4.811390864213672,95.43999938964843,95.05950126647949,0.21048682877564673,-0.23050939894407874,0.16884156984340315,3.60208,3.629925,0.06982070044125877,-0.5269177808377434,-1.289971555886149,3.186,3.1195,0.31847133757960666,-1.1299435028248594,0.9777207885879102,83.05199999999999,82.94699999999999,-0.7867240319606617,-2.8199200500890975,-2.696902841573534,2.7915,2.7925,-0.08919015340705938,0.3224073078989864,0.28648164726947645,753.278557307636,748.7513586134368,-0.4413587588118051,1.4660537764212833,2.079551142239522
2018-10-15,3.58,1254.1749720894243,95.06999969482422,3.5857,3.16,80.91,2.7885,769.5300633674924,3.646291,3.622,3.5460000000000003,-1.9178082191780743,-1.1595803423522844,0.958826847151717,1286.58891387573,1332.0558588980657,-1.4025760879551763,-2.5193705181759785,-5.8466682375518335,95.3,95.08550109863282,-0.15753153114462792,-0.2413434471938869,-0.016302594643236024,3.5961200000000004,3.625575,0.07256286455863403,-0.28975673781743705,-1.0998255449135574,3.176,3.1235,0.31746031746031633,-0.5037783375314908,1.168560909236449,82.38999999999999,83.021,0.2478007681823824,-1.7963345066148717,-2.542730152611994,2.7958,2.79585,-0.4284949116229231,-0.2611059446312236,-0.26288964000215076,758.5493110613921,749.510600440118,0.681393070723324,1.4475990085253132,2.6710046416446698
2018-10-16,3.34,1240.1746788287576,95.05000305175781,3.5757,3.16,80.53,2.7795,770.0948023030749,3.5416589,3.572,3.5365,-6.703910614525144,-6.494960806270999,-5.5563410151279635,1269.258442495503,1327.167316098704,-1.1162950602771615,-2.2913980867098727,-6.55476036930046,95.1740005493164,95.14250106811524,-0.021033599590403185,-0.13028505352608022,-0.09722050116298675,3.58814,3.619345,-0.27888557324929897,-0.34669773197255616,-1.2058811746324283,3.1660000000000004,3.1279999999999997,0.0,-0.18951358180669953,1.0230179028133168,81.464,83.096,-0.46965764429612866,-1.1465187076500016,-3.087994608645428,2.7904,2.79825,-0.3227541689080127,-0.390625,-0.6700616456713937,763.581638210146,750.172585076584,0.07338750783967285,0.8529754733489714,2.655684521510082
2018-10-17,3.37,1248.4487672163611,95.58000183105469,3.5807,3.19,79.91,2.778,767.8358465607453,3.4183261,3.508,3.5244999999999997,0.8982035928143839,-3.9338654503990877,-4.383600510710728,1254.212355565492,1320.8369144041799,0.6671712081251169,-0.4595384763636967,-5.4804757800453014,95.18800048828125,95.21050109863282,0.5575999603159021,0.41181802408141177,0.38808821312585895,3.5811599999999997,3.61462,0.1398327600190319,-0.012844999944139346,-0.9384112299494762,3.16,3.1339999999999995,0.9493670886075778,0.9493670886075778,1.7868538608806883,80.68199999999999,83.1465,-0.7698994163665818,-0.956842914156808,-3.8925270456363292,2.7899000000000003,2.7947499999999996,-0.05396654074474316,-0.42653858561240154,-0.5993380445478036,767.8986242674595,751.0353572684191,-0.29333476028845507,-0.008175259693177228,2.236977144915109
2018-10-18,3.29,1217.138835697082,95.9000015258789,3.5508,3.17,80.3,2.7465,769.5927951168809,3.4006288,3.446,3.5090000000000003,-2.3738872403560873,-4.526987811955896,-6.241094328868635,1246.390643532949,1313.3738841213867,-2.5079067993386883,-2.3469213274059597,-7.327315518283162,95.36400146484375,95.29250106811523,0.334797749208926,0.5620570160667526,0.6375112951746642,3.5751999999999997,3.60839,-0.8350322562627466,-0.6824793018572306,-1.596002649381023,3.166,3.1384999999999996,-0.6269592476489061,0.12634238787112562,1.003664170782237,80.472,83.11699999999999,0.48804905518708974,-0.21373894025250584,-3.3891983589398045,2.7786,2.790725,-1.1339092872570178,-1.1552580436190785,-1.5847136496788483,768.275106678442,751.8667559260057,0.2288182511932968,0.17151257758900584,2.357603797636143
2018-10-19,3.4,1252.7678290145134,95.70999908447266,3.5658,3.2,80.38,2.778,768.8398609331329,3.3862917,3.396,3.499,3.3434650455927084,0.11778563015312216,-2.8293798228065214,1242.5410165692276,1307.692303504465,2.9272743809070745,0.8230563264239654,-4.2001068862117075,95.46200103759766,95.37150115966797,-0.1981255874693333,0.2597871867124679,0.35492565461245906,3.5717400000000006,3.60291,0.42244001351807725,-0.16630549816057938,-1.0300007493942442,3.1759999999999997,3.1435,0.9463722397476504,0.7556675062972529,1.797359630984574,80.40599999999999,83.0255,0.09962640099625553,-0.03233589533119252,-3.186370452451348,2.7741,2.7889,1.1469142545057265,0.14058613604412962,-0.3908350962745111,769.1786736562652,752.6605078744049,-0.0978353992560077,-0.044048637167981575,2.1496216274745406
2018-10-22,3.5,1305.4665530402565,96.01000213623047,3.591,3.2,80.45,2.7855,766.2671698483178,3.3881779,3.38,3.4945,2.941176470588247,3.5502958579881616,0.15739018457576748,1252.799332759394,1303.9394743375137,4.206583439103673,4.203962989416565,0.11711269831129467,95.6500015258789,95.46250114440917,0.31345006230021344,0.37637282238218717,0.5735246670240501,3.5728,3.5999450000000004,0.7067137809187329,0.5094043887147404,-0.24847601838361433,3.184,3.1505,0.0,0.5025125628140614,1.5711791779082773,80.31400000000001,82.9545,0.08708633988554482,0.16933535871703764,-3.019124941986262,2.7735000000000003,2.7872500000000002,0.26997840172786614,0.43266630611140666,-0.06278590008074181,768.5260949524303,753.5138664740545,-0.33461988842417023,-0.2939295254837493,1.6925107740804357
2018-10-23,3.48,1270.730407792023,95.95999908447266,3.5709,3.17,78.67,2.758,773.9223581622891,3.4528863,3.408,3.4909999999999997,-0.5714285714285672,2.1126760563380254,-0.31509596104267734,1258.9104785520472,1298.8345610599195,-2.660822306579791,0.9389014899272796,-2.163797769976339,95.83200073242188,95.51050109863282,-0.052081085975674846,0.13356535507191847,0.47062676948543825,3.5718400000000003,3.5972250000000003,-0.5597326649958267,-0.026316968285267084,-0.7318141067072625,3.186,3.1559999999999997,-0.9375000000000022,-0.5021971123666091,0.44359949302916757,79.942,82.811,-2.212554381603482,-1.5911535863500914,-5.000543406069246,2.7692,2.7860000000000005,-0.9872554299048542,-0.4044489383215444,-1.0050251256281562,769.2916061242731,755.1170533081998,0.9990233974772389,0.6019501579311415,2.4903827521445043
2018-10-24,3.51,1269.0078643219363,96.43000030517578,3.5409,3.1,77.34,2.7575,770.4085376455603,3.3544679,3.436,3.4880000000000004,0.8620689655172376,2.1536670547147807,0.6307339449541205,1263.022297973162,1292.9723057402148,-0.13555538291397662,0.4739082087766411,-1.8534381062832672,96.00200042724609,95.57250099182129,0.4897886881901625,0.44582391619438777,0.897223892286636,3.56388,3.5935050000000004,-0.8401243384020818,-0.6448028553149965,-1.463891103532633,3.168,3.1585,-2.208201892744477,-2.146464646464652,-1.8521450055406063,79.428,82.542,-1.6906063302402408,-2.6287958906179076,-6.302246129243294,2.7651,2.783625,-0.018129079042794594,-0.27485443564427836,-0.9385244061251075,769.8061443412362,756.2559141333329,-0.45402752351961784,0.07825259758604819,1.8714066558337183
2018-10-25,3.56,1265.273146178828,96.68000030517578,3.5409,3.14,77.3,2.7545,771.2242035786969,3.385876,3.4899999999999998,3.4925000000000006,1.4245014245014342,2.005730659025806,1.932712956334992,1272.6491600695113,1289.8436717396892,-0.2943022063227163,-0.5795795198010656,-1.9049227514309042,96.15800018310547,95.6415008544922,0.2592554176177764,0.5428566745110164,1.085825129682516,3.5619,3.59003,0.0,-0.5895729807125383,-1.368512240844777,3.162,3.161,1.2903225806451646,-0.6957621758380661,-0.6643467257197111,78.828,82.16,-0.05171967933799149,-1.938397523722546,-5.915287244401169,2.7667,2.781975,-0.10879419764278087,-0.44095854266815726,-0.9876077247279347,770.1324260335994,757.6583095823322,0.10587446702361447,0.14176491057784624,1.7905028988387972
2018-10-26,3.55,1259.1114056622537,96.36000061035156,3.541,3.08,77.4,2.741,773.3576192267068,3.3975961,3.5199999999999996,3.4965,-0.2808988764045006,0.8522727272727293,1.530101530101513,1273.9178753990595,1286.406950713335,-0.4869889584856124,-1.1622781988334774,-2.121843716402916,96.28800048828126,95.69450073242187,-0.3309885124266887,0.07477579937811285,0.6954421339116834,3.55694,3.5865649999999993,0.0028241407551643505,-0.4481380062638096,-1.2704356396719296,3.138,3.1605,-1.9108280254777066,-1.8483110261312885,-2.5470653377630104,78.232,81.78299999999999,0.1293661060802087,-1.0635034257081455,-5.35930450093538,2.7593,2.77965,-0.4901070974768551,-0.6632116841227886,-1.3904628280538955,771.0359776923142,759.167375813732,0.27662716472203197,0.30110677083334814,1.8691850921234154
2018-10-29,3.42,1222.4719696518762,96.58000183105469,3.5111,3.08,77.56,2.7405,768.3378537469391,3.3694258,3.504,3.4940000000000007,-3.6619718309859106,-2.397260273972601,-2.1179164281625806,1257.3189587213835,1281.1382578864616,-2.9099439370979474,-2.771531346743117,-4.5792316226173195,96.4020004272461,95.75850067138671,0.22831176765216732,0.18464492751157913,0.857888494398118,3.5409599999999997,3.581345,-0.8443942389155579,-0.8432741403461175,-1.9614139380595863,3.114,3.16,0.0,-1.0918432883750717,-2.5316455696202556,77.65400000000001,81.414,0.20671834625323182,-0.12104978494348329,-4.7338295624831055,2.7503,2.7773,-0.018241517694272957,-0.3563247645711476,-1.325027904799625,771.4501144720385,760.4254537711432,-0.6490872210953347,-0.40342993885345013,1.0405227674266104
2018-10-30,3.41,1231.1503802952059,97.01000213623047,3.5161,3.12,75.68,2.6725,767.1456441263857,3.3054466,3.4899999999999998,3.4909999999999997,-0.29239766081871066,-2.2922636103151706,-2.320252076768825,1249.40295322202,1276.303485591755,0.7099067184175301,-1.4609036163828026,-3.537803179751864,96.61200103759765,95.83350067138672,0.44522706256309164,0.411958239513055,1.2276515587988257,3.53,3.576375,0.14240551394149037,-0.39376770538244177,-1.6853657684107626,3.104,3.1635,1.2987012987013102,0.5154639175257714,-1.3750592697961084,77.05600000000001,80.9165,-2.4239298607529602,-1.7857142857142905,-6.4714860380762795,2.7332,2.7706,-2.4812990330231766,-2.220840040977612,-3.5407492961813336,770.0947716648577,761.6239212475269,-0.1551673674203835,-0.3829564421137799,0.7249933628416416
2018-10-31,3.42,1251.3240283562739,97.12999725341797,3.5086,3.15,74.84,2.667,760.6827420285103,3.373428,3.472,3.4884999999999997,0.2932551319648091,-1.497695852534564,-1.9635946681954897,1245.8661860288873,1272.4773957001016,1.638601456324995,0.43807612636017623,-1.662376668953669,96.75200042724609,95.9020004272461,0.12369355174222108,0.3906863160479279,1.2804705018676588,3.5235399999999997,3.5710300000000004,-0.21330451352350455,-0.4240054036565466,-1.7482351030375098,3.114,3.1635,0.9615384615384581,1.1560693641618602,-0.42674253200569723,76.556,80.386,-1.1099365750528611,-2.24149642092063,-6.899211305451192,2.7151,2.7622500000000003,-0.20579981290926863,-1.7715737910205975,-3.4482758620689835,768.1496125414477,762.4992436190169,-0.8424609000074801,-0.9720593997610716,-0.23822995310590622
2018-11-01,3.5,1261.1003517676213,96.27999877929688,3.4936,3.14,71.25,2.7285,775.553766624105,3.3941336,3.46,3.4899999999999998,2.3391812865497075,1.1560693641618602,0.2865329512893977,1245.031627146646,1269.1401219790157,0.781278325182444,1.290627825881141,-0.63348168355577,96.67200012207032,95.92850036621094,-0.8751142779335197,-0.4054962577359045,0.36641708329023803,3.51408,3.5649350000000006,-0.42752094852648304,-0.5827983426672123,-2.0010182513846897,3.114,3.161,-0.31746031746030523,0.8349389852280176,-0.6643467257197111,75.346,79.645,-4.796900053447361,-5.436254081172198,-10.540523573356763,2.7099,2.7598,2.305961754780661,0.6863721908557441,-1.134140155083696,769.0155251505295,764.1181172202865,1.954957536691082,0.8502092948378115,1.4965813721861787
2018-11-02,3.54,1308.7410551867213,96.54000091552734,3.5461,3.22,71.11,2.813,772.3536814498617,3.5163026,3.4579999999999997,3.4935,1.1428571428571344,2.3713128976286857,1.3310433662516052,1254.9575570515397,1268.1848834288849,3.777709153147435,4.285682637868904,3.197969971711201,96.70800018310547,95.9745002746582,0.2700479222340624,-0.17371806599251194,0.5892196773630509,3.5150999999999994,3.5614650000000005,1.5027478818410822,0.8819094762595903,-0.4314235855188975,3.1420000000000003,3.1605,2.547770700636942,2.4824952259707045,1.8826135105205033,74.088,78.9445,-0.1964912280701725,-4.019544325666768,-9.924060574200865,2.7243000000000004,2.7623,3.096939710463631,3.255882244980346,1.8354269992397532,768.8147375951604,765.5769865628439,-0.412619383975521,0.4603116565859544,0.88517484276045
2018-11-05,3.55,1300.0147356226055,96.3499984741211,3.5312,3.2,72.68,2.764,771.6634790155022,3.5233004,3.4839999999999995,3.4975,0.28248587570620654,1.894374282433997,1.5010721944245908,1270.4661102456855,1266.7933289005482,-0.6667720500959429,2.3258098062297616,2.6224803970897215,96.66199951171875,96.00350036621094,-0.19681213963578248,-0.32277527795173677,0.3609223690682173,3.51912,3.55725,-0.42017991596401405,0.3432676350905828,-0.7323072598214853,3.166,3.16,-0.6211180124223614,1.0739102969046233,1.2658227848101333,73.112,78.3675,2.2078469976093418,-0.5908742750847851,-7.2574728044151,2.729,2.7621499999999997,-1.741912548880209,1.2825210699890066,0.06697681154173019,769.479862648873,767.0013457836834,-0.08936351971080558,0.2837782341843509,0.6078389897810732
2018-11-06,3.55,1292.4469408702294,96.31999969482422,3.5113,3.22,70.64,2.7395,767.8986549056764,3.505664,3.5119999999999996,3.4955,0.0,1.0820045558086688,1.5591474753254175,1282.7254223606901,1265.0743241575651,-0.5821314593600913,0.7578799281648285,2.1637160908227315,96.5239990234375,96.03550033569336,-0.031135215123989646,-0.21134570746881298,0.2962439495149072,3.5181599999999995,3.552035,-0.5635478024467622,-0.19498828933305346,-1.1468073935082312,3.1860000000000004,3.1605,0.6250000000000089,1.0671688637790222,1.8826135105205033,72.104,77.6415,-2.806824435883337,-2.0304005325640695,-9.017728920744695,2.7424,2.7588,-0.8863965267727814,-0.10574679113185548,-0.6995795273307182,769.6304648047311,768.149620201002,-0.4878841894434327,-0.22501836637848216,-0.032671407851503353
2018-11-07,3.56,1285.1480893777211,96.0,3.4813,3.22,70.1,2.761,769.4045232731727,3.5009809,3.54,3.489,0.28169014084507005,0.5649717514124353,2.0349670392662667,1289.4902345649798,1263.1477685331304,-0.5647312289349227,-0.3367334680687617,1.7417060293855702,96.29799957275391,96.06000022888183,-0.33222559783855354,-0.309455621171828,-0.06246120001964783,3.5126999999999997,3.5453199999999994,-0.8543844160282421,-0.893899279756305,-1.805760834000858,3.2,3.1605,0.0,0.6250000000000089,1.8826135105205033,71.15599999999999,76.9555,-0.7644394110985386,-1.4840631851143926,-8.908395111460532,2.7612,2.757825,0.7848147472166556,-0.007243227582209855,0.11512695693165487,771.3748210536636,769.3073005509517,0.19610248798798136,-0.2554267687658762,0.012637696555239941
2018-11-08,3.48,1280.7952735671965,96.63999938964844,3.4813,3.24,69.29,2.7425,767.333915970094,3.5073326,3.536,3.4829999999999997,-2.2471910112359605,-1.5837104072398245,-0.08613264427217437,1293.4292189248947,1264.3751624185002,-0.338701496465843,-0.9767790284032407,1.2986739724693663,96.36999969482422,96.14100036621093,0.6666660308837891,0.28016986165739777,0.5190283245823935,3.5102400000000005,3.5403550000000004,0.0,-0.8244450521901703,-1.668053062475383,3.22,3.1655,0.6211180124223503,0.6211180124223503,2.3534986574000882,70.764,76.3525,-1.1554921540656071,-2.082980046351235,-9.249860842801482,2.7640000000000002,2.7548,-0.6700470843897133,-0.7778581765557235,-0.44649339334977833,769.7308509228614,769.288477196358,-0.26911816092137775,-0.31139910137335525,-0.25407389870018005
2018-11-09,3.42,1263.980331210339,96.91000366210938,3.4763,3.19,69.01,2.691,756.9806496680732,3.4266238,3.5119999999999996,3.4715,-1.7241379310344862,-2.6195899772209486,-1.4835085697825101,1284.4770741296184,1263.9733807873613,-1.3128516870635765,-1.5957266448814011,0.0005498868159259374,96.44400024414062,96.22550048828126,0.27939183998986206,0.48318549291723745,0.7113531967666731,3.49628,3.535015,-0.14362450808605987,-0.5714645280126218,-1.6609547625681897,3.214,3.1675,-1.5432098765432167,-0.7467330429371533,0.710339384372527,70.34400000000001,75.76750000000001,-0.4040987155433662,-1.8963948595473679,-8.918731646154365,2.7396000000000003,2.749325,-1.877848678213323,-1.7739816031537625,-2.12142980549771,766.6562445665037,768.921408377561,-1.3492517516226155,-1.2620512735667444,-1.5529231699612844
2018-11-12,3.44,1283.1718463952893,97.54000091552734,3.4865,3.14,69.81,2.6845,753.7805644938298,3.3848019,3.4899999999999998,3.4644999999999997,0.5847953216374213,-1.4326647564469885,-0.7071727522008908,1281.108496284155,1265.4232245026546,1.5183397012652255,0.16105974764191178,1.4025838588200612,96.68200073242187,96.3490005493164,0.6500848515232249,0.8874456223553873,1.2361315212619406,3.4873399999999997,3.530055,0.2934154129390354,-0.024087126577843065,-1.2338334671839424,3.2020000000000004,3.1665,-1.5673981191222541,-1.9362898188632238,-0.8368861519027271,69.77000000000001,75.2125,1.1592522822779339,0.05733123118818462,-7.182981552268575,2.7237,2.744125,-0.24154589371980784,-1.4392187098432374,-2.172823759850595,763.0796616621692,768.1339334338777,-0.422743325822994,-1.2186273118698687,-1.8686023771768978
2018-11-13,3.46,1297.6457846682742,97.30000305175781,3.474,3.14,65.45,2.695,752.4628147789567,3.3811915,3.472,3.4705,0.5813953488372103,-0.3456221198156695,-0.3025500648321522,1282.1482650437642,1268.2967797946303,1.1279812843186576,1.2087150953623116,2.3140486786062953,96.8780014038086,96.46150054931641,-0.24605070895721282,0.43560110843969824,0.8692613090885093,3.47988,3.5249700000000006,-0.3585257421482746,-0.16897134383944135,-1.4459697529340843,3.186,3.1655,0.0,-1.443816698053979,-0.8055599431369465,68.732,74.4585,-6.2455235639593205,-4.775068381539893,-12.098685845135204,2.7148,2.7399,0.39113428943937656,-0.7293354943273878,-1.6387459396328352,759.9924936368253,767.2523340576719,-0.17481874393484587,-0.9907570036430835,-1.9275952150578202
2018-11-14,3.44,1286.060536550877,96.80000305175781,3.4218,3.12,64.88,2.718,757.9218556955296,3.3868232,3.4479999999999995,3.474,-0.5780346820809301,-0.23201856148490352,-0.9786989061600582,1282.3307544783952,1270.1773682613562,-0.8927897161365106,0.2908595976081729,1.2504685319076447,97.03800201416016,96.52250061035156,-0.5138745984766602,-0.24526366728739868,0.2875002612359845,3.46798,3.5170249999999994,-1.5025906735751327,-1.331610908944103,-2.7075440180265753,3.166,3.1620000000000004,-0.6369426751592355,-1.452937460518,-1.3282732447817969,67.688,73.707,-0.8708938120702947,-4.148445810187928,-11.975796057362253,2.7062,2.7369,0.8534322820037188,0.4360357697139827,-0.6905623150279538,757.6959601212967,766.7566345144111,0.7254897928978155,0.02981348537172135,-1.1522272414997148
2018-11-15,3.48,1300.6996154220267,96.93000030517578,3.3915,3.11,65.61,2.754,760.9964773709959,3.3671827,3.4479999999999995,3.4835000000000003,1.1627906976744207,0.9280742459396807,-0.10047366154730675,1286.3116228493614,1274.3554072476034,1.138288475160798,1.1185464172976944,2.0672575346403876,97.09600219726562,96.57400054931641,0.13429467904919612,-0.1709667631346723,0.3686289827846245,3.45002,3.5090600000000003,-0.8854988602489899,-1.6962220508866532,-3.3501849498156266,3.1399999999999997,3.1590000000000003,-0.3205128205128305,-0.9554140127388422,-1.5511237733460082,66.952,72.9725,1.1251541307028434,-2.0044210777870664,-10.089417246222887,2.7085,2.737275,1.324503311258285,1.6798966217463684,0.6110091240375981,756.428472401477,766.3268186271168,0.4056647334235608,0.6038911987298112,-0.6955702353821258
2018-11-16,3.46,1305.4280807250798,96.47000122070312,3.3515,3.08,65.29,2.8035,766.0162428507635,3.33805,3.4560000000000004,3.4864999999999995,-0.5747126436781658,0.11574074074072183,-0.7600745733543524,1294.6011727523094,1276.9884198331317,0.36353245953093527,0.836312232728198,2.2270883940877395,97.00800170898438,96.61200065612793,-0.4745683307793125,-0.5545939291639157,-0.14697908589040853,3.4250600000000007,3.4983450000000005,-1.179419136075488,-2.1476996023427453,-4.197556273037684,3.118,3.153,-0.9646302250803762,-1.218729955099418,-2.315255312400888,66.208,72.218,-0.48773052888277935,-1.3865393910101331,-9.593176216455724,2.7310000000000003,2.73855,1.7973856209150263,2.6547052361772128,2.3716930492413857,758.2355910380152,766.1856377229983,0.6596305803030056,1.0261522809944523,-0.022108855073055267
2018-11-19,3.47,1314.9111434697963,96.19000244140625,3.3772,3.06,64.14,2.8035,767.4593794688712,3.3448696,3.4619999999999997,3.4849999999999994,0.28901734104047616,0.23108030040439598,-0.43041606886654593,1300.9490321672106,1277.4606493546087,0.7264331819374803,1.073225080872442,2.931635830356738,96.73800201416016,96.62100067138672,-0.29024440318633493,-0.5664780761894361,-0.4460709648892225,3.4032000000000004,3.487655,0.7668208264955956,-0.7639868359191393,-3.167027701994607,3.102,3.146,-0.6493506493506551,-1.3539651837524147,-2.7336300063572794,65.074,71.4025,-1.7613723387961522,-1.4352890555367703,-10.171212492559789,2.7548000000000004,2.73945,0.0,1.7678234354580935,2.3380605596013737,760.9713540330234,766.245248204026,0.18839504143370878,0.8525978542375245,0.15845204491524711
2018-11-20,3.54,1285.1535335732651,96.80999755859375,3.3771,3.06,61.5,2.7715,764.8867649795988,3.4197536,3.478,3.4880000000000004,2.0172910662824117,1.7826336975273138,1.4908256880733939,1298.4505819482088,1278.181805643671,-2.263089034138588,-1.024070423611545,0.5454410240242291,96.64000091552734,96.66350059509277,0.6445525537492003,0.175907120711849,0.15155354668421328,3.38382,3.477965,-0.0029610328082463333,-0.19859212369452983,-2.900115441069717,3.0860000000000003,3.1405000000000003,0.0,-0.8425145819831559,-2.5632861009393437,64.284,70.54400000000001,-4.115996258185217,-4.330782154190782,-12.820367430256308,2.7701000000000002,2.740125,-1.1414303549134974,0.05053969170787376,1.1450207563523662,763.4561440731519,765.7934685448915,-0.33521181160791613,0.18738743771373745,-0.11840053520117966
2018-11-21,3.53,1288.6864535348798,96.70999908447266,3.3716,3.06,61.65,2.8005,769.1535962756183,3.4482687,3.496,3.489,-0.28248587570621764,0.97254004576659,1.175121811407287,1298.9757653450097,1279.165735104318,0.27490255983591005,-0.792109605478053,0.7442912336754759,96.62200012207032,96.67750053405761,-0.10329354058765672,0.09107549242528545,0.03361542265316597,3.37378,3.4695,-0.16286162683959438,-0.06461595006195253,-2.821732238074648,3.0740000000000003,3.1385,0.0,-0.45543266102798796,-2.5011948382985483,63.638,69.7595,0.24390243902439046,-3.123919670637043,-11.624939972333525,2.7866,2.7422750000000002,1.0463647844127788,0.4988157611426125,2.1232370932893208,765.7024921891696,765.7307214763944,0.5578382959905648,0.45071083373149357,0.4470076363952469
2018-11-22,3.51,1253.7027788625842,96.91999816894531,3.3917,3.05,61.11,2.798,766.1417063495408,3.4496164,3.502,3.4864999999999995,-0.5665722379603388,0.22844089091946795,0.6740283952387793,1289.576398033121,1278.5872167385057,-2.714676993487053,-2.7818141852822165,-1.9462448513601016,96.61999969482422,96.68950042724609,0.2171430942618846,0.3104931433126179,0.2383896293606913,3.37382,3.4620400000000005,0.5961561276545346,0.5299630685691614,-2.031750066434823,3.0620000000000003,3.134,-0.326797385620925,-0.39190071848466124,-2.680280791320999,62.738,68.95000000000002,-0.8759124087591275,-2.594918550160985,-11.370558375634543,2.7954,2.7444499999999996,-0.08926977325477425,0.09300994490950565,1.9512106250797245,766.7315379848785,765.4765966149365,-0.39158497609080856,-0.07692805188214136,0.08688831736274327
2018-11-23,3.39,1253.7027788625842,96.91999816894531,3.3917,3.05,57.69,2.774,766.1417063495408,3.4407165,3.4880000000000004,3.4784999999999995,-3.4188034188034067,-2.8096330275229398,-2.544200086244053,1279.231337660622,1278.3167853985221,0.0,-1.9956170589694122,-1.9255013168167356,96.70999908447266,96.71750030517578,0.0,0.2171430942618846,0.20937044808910787,3.3818600000000005,3.4545750000000006,0.0,0.2909641439917676,-1.8200502232546878,3.056,3.1325000000000003,0.0,-0.19633507853403787,-2.6336791699920314,61.217999999999996,67.9645,-5.596465390279826,-5.763010879153185,-15.117451022224838,2.7895000000000003,2.7460999999999998,-0.85775553967119,-0.5556551353289252,1.015986307854777,766.7566306846339,765.1158009710782,0.0,-0.08019811117174758,0.13408498127478463
2018-11-26,3.34,1253.3630610606454,97.06999969482422,3.4151,3.07,59.7,2.7635,765.6396991633468,3.35784,3.4619999999999997,3.4745,-1.4749262536873253,-3.5239745811669554,-3.8710605842567247,1266.9217211787916,1279.861339968961,-0.02709715633294474,-1.0702050404132857,-2.070402322563958,96.88599853515625,96.74200019836425,0.15476839528765218,0.189915119263806,0.3390456014837673,3.3894400000000005,3.4497750000000003,0.6899195093905686,0.7570572129909081,-1.0051380162474532,3.058,3.1320000000000006,0.6557377049180246,0.39241334205362133,-1.979565772669245,60.33,67.0715,3.4841393655746344,-1.044256588761805,-10.990510127252263,2.7815,2.74725,-0.37851478010093587,-0.6471328419917266,0.5915005915005933,766.392694623529,764.9808932418987,-0.06552406454751747,-0.09825190994965372,0.08612057206502932
2018-11-27,3.34,1253.4893663972634,97.37000274658203,3.4,3.06,59.58,2.716,759.9924629986082,3.3317406,3.4219999999999997,3.471,0.0,-2.396259497369957,-3.7741284932296226,1260.5888877435914,1280.9782892740636,0.01007731443043447,-0.5631908559051158,-2.1459319886192874,96.99799957275391,96.76000022888184,0.3090584657473805,0.38351633586948264,0.6304283962973001,3.39402,3.4439699999999993,-0.44215396328072254,0.17619224400564626,-1.2767242455654193,3.058,3.129,-0.32573289902279035,0.06540222367561466,-2.205177372962608,59.946000000000005,66.2665,-0.20100502512563345,-0.6105494945450984,-10.090317128564196,2.7704,2.749425,-1.7188348109281715,-1.9636153624025376,-1.2157087390999854,765.4138342273309,764.6232341855098,-0.73758403213805,-0.7082928196869398,-0.6056278412510441
2018-11-28,3.34,1268.8819219316879,96.79000091552734,3.37,3.06,57.97,2.805,766.3927099426377,3.312596,3.3839999999999995,3.467,0.0,-1.3002364066193706,-3.6631093164118944,1256.6279814229529,1281.8561839528343,1.2279765546528099,0.9751446482083814,-1.0121464625725718,97.01399993896484,96.74300041198731,-0.5956678799365123,-0.23089350359579708,0.04858284665545387,3.3937,3.4370399999999997,-0.8823529411764675,-0.6983528302442754,-1.9505155599003676,3.0580000000000003,3.1245000000000003,0.0,0.06540222367559245,-2.064330292846861,59.21,65.423,-2.7022490768714325,-2.0942408376963373,-11.392018097610935,2.7713,2.756325,3.2768777614138322,1.2160357954750456,1.7659383418138441,764.8616569607349,764.9087325812161,0.8421461074464842,0.20017384424610984,0.19400711460226816
2018-11-29,3.38,1251.633984555906,96.77999877929688,3.36,3.03,58.29,2.788,768.0868501538422,3.417597,3.3579999999999997,3.461,1.1976047904191711,0.655151876116733,-2.340364056631028,1256.2142225616176,1281.3828655922487,-1.3593020026264058,-0.3646064439846719,-2.3216231335037363,96.98600006103516,96.7680004119873,-0.010333852811095223,-0.21240311138580603,0.012399106376581592,3.3873599999999997,3.4303599999999994,-0.29673590504452063,-0.8077086580699944,-2.0510966778996775,3.054,3.119,-0.9803921568627527,-0.7858546168958758,-2.8534786790638145,58.646,64.775,0.5520096601690616,-0.6070320226443382,-10.011578541103827,2.7693000000000003,2.7593,-0.6060606060606211,0.6752608962553586,1.0401188707280795,765.2506857215951,764.535386757703,0.22105380038535127,0.37061899912871343,0.464525705108354
2018-11-30,3.39,1264.5251137110974,97.2699966430664,3.355,3.01,57.71,2.7865,765.6396991633468,3.3799741,3.3579999999999997,3.4534999999999996,0.2958579881656931,0.9529481834425368,-1.8387143477631263,1258.37868953132,1279.1720685184675,1.0299440023407103,0.48843994505871624,-1.1450339768858564,97.05599975585938,96.80450019836425,0.5063007542363662,0.2204880561174294,0.48086240179774364,3.3800199999999996,3.420805,-0.14880952380952328,-0.7402323063177008,-1.9236700133448137,3.046,3.1085000000000003,-0.660066006600657,-1.1818778726198298,-3.1687308991475094,58.65,64.10499999999999,-0.995024875621886,-1.6027280477408312,-9.975820918805066,2.7718,2.757975,-0.05380200860830575,0.5303412944656971,1.0342733346023758,765.1502842843563,764.1996876433774,-0.3186034222569023,0.06396323559472172,0.18843393202765402
2018-12-03,3.44,1302.1078473360462,97.04000091552734,3.35,2.98,60.17,2.8085,774.2360935047747,3.3633606,3.378,3.4479999999999995,1.4749262536873031,1.8354055654233203,-0.23201856148490352,1268.1276467864002,1279.2767241041397,2.9720828172919322,2.6795567966486855,1.7846899581398068,97.05,96.83900032043456,-0.2364508435042212,-0.010303023670943379,0.20756161714565735,3.367,3.411745,-0.14903129657227732,-0.5049005049005073,-1.8097776944056454,3.028,3.0974999999999997,-0.9966777408637828,-1.5852047556142668,-3.7933817594834496,58.74399999999999,63.479499999999994,4.262692774215915,2.427481955603983,-5.21349412014901,2.7808,2.7602,0.789520904360308,0.9961162255466061,1.7498731975943649,766.8695631526418,764.3283183678409,1.1227728069510556,0.9605975652298149,1.296272151487332
2018-12-04,3.44,1306.1848239056803,96.97000122070312,3.305,2.91,61.22,2.757,778.7538517983485,3.4000013,3.3980000000000006,3.4425,0.0,1.236021188934644,-0.0726216412490932,1278.6667382880837,1279.963618255912,0.31310590577999786,2.152092081040502,2.0485899189460977,96.96999969482422,96.87150039672852,-0.07213488681347968,1.5735577063580308e-06,0.10168194316306778,3.348,3.40143,-1.3432835820895495,-1.2843488649940227,-2.834984109624472,2.998,3.082,-2.348993288590595,-2.9352901934623143,-5.580791693705378,59.072,63.008500000000005,1.745055675585827,3.636240520043321,-2.8385059158685055,2.789,2.7610750000000004,-1.8337190671176784,-1.1473646468268206,-0.1475874432965485,770.62184091259,764.8710782124746,0.5835117132195533,1.0552531026279288,1.815047526482294
2018-12-05,3.41,1271.5219938241044,96.80999755859375,3.275,2.87,61.4,2.775,776.8714397434355,3.3976152,3.4120000000000004,3.4349999999999996,-0.8720930232558044,-0.05861664712779602,-0.7278020378456929,1279.194752666567,1279.2823134782313,-2.653746196340667,-0.5998116257487918,-0.606615097571972,96.9739990234375,96.9120002746582,-0.16500325883797018,-0.1691190076673177,-0.10525292613439152,3.3289999999999997,3.391115,-0.9077155824508409,-1.6221087413637703,-3.4240950247927393,2.96,3.0645,-1.3745704467354014,-3.0405405405405372,-6.346875509871097,59.758,62.5735,0.2940215615811814,2.7477492553298344,-1.875394536025643,2.7830000000000004,2.761775,0.6528835690968293,-0.2874595759971399,0.47885870499948524,772.7175868727495,765.2444240359875,-0.24172105865877258,0.537564168494864,1.519385877537771
2018-12-06,3.4,1271.5219938241044,96.80999755859375,3.2751,2.87,57.83,2.744,776.8714397434355,3.3929062,3.4159999999999995,3.431,-0.2932551319648202,-0.4683840749414414,-0.9035266686097443,1283.1723545202065,1278.8186494910765,0.0,-0.9079342034654658,-0.5705778274250117,96.97999877929688,96.92050018310547,0.0,-0.17529513594860546,-0.11401367543807384,3.3120200000000004,3.380805,0.003053435114508396,-1.1147275680702506,-3.126622209799146,2.928,3.0460000000000003,0.0,-1.9808743169398846,-5.778069599474723,59.666,62.0005,-5.814332247557008,-3.0771293534005983,-6.726558656785031,2.7742,2.76185,-1.1171171171171057,-1.0886021195299467,-0.646305918134571,774.4745047906682,765.7213002246547,0.0,0.3094917828722066,1.456161597634753
2018-12-07,3.4,1271.1358188868578,96.51000213623047,3.2853,2.85,61.71,2.7595,782.3304806600084,3.3587105,3.418,3.4300000000000006,0.0,-0.5266237565828003,-0.874635568513138,1284.4944955553588,1279.1764238749024,-0.030371078056234957,-1.0399948551531368,-0.6285767027888078,96.82799987792968,96.90050010681152,-0.30988062176297015,-0.3284150680589404,-0.4029886018654283,3.29808,3.371255,0.3114408720344297,-0.38749818075972664,-2.5496439753148414,2.896,3.029,-0.6968641114982632,-1.5883977900552404,-5.909541102674143,60.465999999999994,61.6355,6.709320421926335,2.057354546356649,0.12087190012248783,2.7688,2.765275,0.5648688046647088,-0.3358855822016782,-0.20883998878953314,777.8126610900006,766.9887917742515,0.7026955345888153,0.5808364656441523,2.0002494234977686
2018-12-10,3.46,1257.4817764627826,97.22000122070312,3.2678,2.85,60.29,2.72,780.3852602601644,3.4026484,3.4219999999999997,3.4309999999999996,1.764705882352935,1.1104617182934096,0.8452346254736343,1275.569281380706,1277.8919203782773,-1.0741607797687736,-1.4179947088679423,-1.5971729369298249,96.86399993896484,96.8845001220703,0.7356740946606211,0.3675269263736958,0.3462897555440714,3.2816400000000003,3.36032,-0.5326758591300718,-0.42174034933754045,-2.7533092086468036,2.87,3.0145,0.0,-0.6968641114982632,-5.456958036158566,60.489999999999995,61.1595,-2.301085723545615,-0.3306331625061887,-1.4216924598794978,2.7511,2.7670500000000002,-1.4314187352781227,-1.130456908145827,-1.700366816645893,779.0424944410785,768.3190265625683,-0.24864433227795857,0.17236104945075326,1.5704718066894774
2018-12-11,3.48,1263.35570050827,97.38999938964844,3.2652,2.89,59.73,2.768,779.2558589845423,3.4240937,3.4299999999999997,3.432,0.5780346820809301,1.4577259475218707,1.3986013986013957,1267.0034567012237,1276.177416170277,0.46711802552006354,-0.2879042021283085,-1.0046969566726904,96.9479995727539,96.88899993896484,0.17485925407405567,0.45591432401124177,0.517085996345501,3.27368,3.34988,-0.07956423281717528,-0.2590357029398138,-2.527851743943066,2.866,3.002,1.403508771929829,0.8374040474528943,-3.730846102598262,60.19199999999999,60.8735,-0.9288439210482724,-0.7675438596491113,-1.8784857121736165,2.7533000000000003,2.7707,1.764705882352935,0.533904768822846,-0.09744829826399126,779.1428958783173,769.6586787728475,-0.14472355298529305,0.014498381082939105,1.2469397768627433
2018-12-12,3.43,1266.8036910194003,97.04000091552734,3.2703,2.91,59.94,2.7715,780.8245356969696,3.4810936,3.434,3.4314999999999998,-1.4367816091953922,-0.11648223645893685,-0.04371266210111413,1266.059796140283,1275.214573893703,0.27292317672236166,0.058756693908534885,-0.659566087660135,96.99400024414062,96.90099983215332,-0.35937824860310386,0.047426306030207144,0.14344649035076262,3.27274,3.3423049999999996,0.15619257625874017,-0.07455526561841452,-2.154351562768786,2.874,2.9915000000000003,0.6920415224913601,1.2526096033402823,-2.724385759652348,59.9,60.6265,0.35158211953791874,0.06677796327212437,-1.1323431172836962,2.7526,2.773375,0.12644508670520693,0.6866235559107814,-0.06760715734439593,779.9335150690241,770.8038127729194,0.20130444889712162,0.11424315159307419,1.3000354640179124
2018-12-13,3.43,1285.6112089453213,97.05999755859375,3.3311,2.91,59.03,2.7665,779.7577895751934,3.4297109,3.44,3.429,0.0,-0.29069767441859407,0.029163021289013713,1268.8776391645265,1274.460153569868,1.4846434423305688,1.3187693804591616,0.8749630456643454,97.04400024414062,96.90749969482422,0.02060659818399202,0.016484599164168223,0.15736435698967544,3.28394,3.3392850000000003,1.8591566522949021,1.436079830934811,-0.24511235189569325,2.882,2.9814999999999996,0.0,0.9715475364330262,-2.3981217507965558,60.14,60.2975,-1.5181848515181784,-1.8456933821084154,-2.102077200547281,2.7571000000000003,2.774,-0.18040772145047068,0.3409379420405534,-0.2703677000720939,780.5107850353756,771.7418783831293,-0.13661790492072168,-0.09647470279966486,1.0386777517967793
2018-12-14,3.38,1262.1989904283785,97.44000244140625,3.3468,2.89,58.56,2.7615,776.1812373090761,3.4148653,3.436,3.425,-1.4577259475218707,-1.6298020954598424,-1.31386861313868,1267.0902734728304,1272.2986990550328,-1.8210963278820214,-0.38602482765857093,-0.7938158416852636,97.23000030517578,96.95599975585938,0.3915154464980253,0.215984917794243,0.49919828248443654,3.29624,3.3390500000000003,0.4713157815736446,1.5338688930417677,0.2321019451640316,2.89,2.972,-0.6872852233676952,0.0,-2.759084791386268,59.510000000000005,59.961,-0.7962053193291574,-1.5963703579230382,-2.3365187371791607,2.7575,2.7718999999999996,-0.18073377914333832,0.1450589301903893,-0.3751939103142199,779.2809363651892,772.250128106045,-0.4586747723374196,-0.3977640041563202,0.5090461056538986
2018-12-17,3.41,1259.7135336894078,97.0999984741211,3.3713,2.86,57.59,2.7545,782.7069477518826,3.3759718,3.4259999999999997,3.4219999999999997,0.887573964497057,-0.4670169293636728,-0.35067212156632,1267.5366249181557,1269.5388185660136,-0.19691480961548935,-0.6171885746696248,-0.7739255179060822,97.20599975585938,97.00149955749512,-0.3489367392920717,-0.10904808551377432,0.1015437050718937,3.31694,3.338755,0.7320425481056603,1.6388599130523929,0.9747645454668108,2.8920000000000003,2.9619999999999997,-1.038062283737029,-1.1065006915629505,-3.443619176232271,58.970000000000006,59.63349999999999,-1.6564207650273222,-2.340172969306431,-3.4267651571683544,2.7644,2.76945,-0.25348542458807355,-0.3581247286933875,-0.539818375489709,779.7452738635327,773.0125065201955,0.840745708493329,0.3798258210242489,1.2541118222430425
2018-12-18,3.42,1249.129654605717,97.13999938964844,3.3714,2.82,55.26,2.665,783.8363490275046,3.430073,3.414,3.4159999999999995,0.2932551319648091,0.17574692442881013,0.11709601873537423,1264.691415737645,1267.737624617636,-0.8401814222550374,-1.2304789087899004,-1.4678092414849075,97.15599975585937,97.01799964904785,0.041195588214137935,-0.016468737135266753,0.1257495939329889,3.33818,3.33847,0.002966214813260315,0.9951530474689774,0.9863799884378244,2.878,2.95,-1.3986013986013957,-2.015288394718562,-4.406779661016957,58.076,59.3215,-4.045841291890961,-4.848818789172816,-6.846590190740287,2.7438,2.7641250000000004,-3.249228535124349,-2.871929440921339,-3.5861258083480396,780.6613718721253,773.9599857225909,0.14429426988811223,0.40670350420506374,1.2760819017914704
2018-12-19,3.42,1232.9534978593424,97.04000091552734,3.3412,2.77,55.6,2.7195,785.656029333029,3.4414928,3.412,3.4105,0.0,0.23446658851113966,0.278551532033422,1257.9213771056334,1264.950976833859,-1.2949942135094483,-1.984852129927217,-2.5295430068448477,97.15599975585937,97.03449974060058,-0.10294263408421322,-0.11939441786766869,0.005669297972854537,3.35236,3.3369500000000003,-0.8957703031381548,-0.33289980789652507,0.12736181243351297,2.85,2.9355,-1.773049645390068,-2.8070175438596467,-5.637881110543352,57.208000000000006,59.019000000000005,0.6152732537097361,-2.810795692910084,-5.793049695860663,2.7334,2.760075,2.0450281425891115,-0.5085241823370223,-1.4700687481318475,781.6276705993371,774.7851073754614,0.23215053853804513,0.5153807733806248,1.403088656981577
2018-12-20,3.37,1225.05251833968,96.27999877929688,3.3003,2.79,52.84,2.7005,792.871942210195,3.4362462,3.4,3.4035,-1.4619883040935644,-0.8823529411764675,-0.9842808873218756,1245.809638984505,1263.518463807714,-0.6408173165800668,-1.666155084635934,-3.044351671135348,97.0,97.00249977111817,-0.7831843869128163,-0.7422692996939428,-0.7448271885013957,3.3462000000000005,3.3323799999999997,-1.2241110978091774,-1.371705217859076,-0.9626753251429809,2.8259999999999996,2.9225000000000003,0.7220216606498298,-1.27388535031846,-4.533789563729695,55.970000000000006,58.60549999999999,-4.964028776978413,-5.592281579417547,-9.837813857061183,2.7201999999999997,2.7552,-0.6986578415149935,-0.7242114550400691,-1.9853368176538932,784.2505011263374,776.1216191684941,0.918457010161533,1.0993223557365317,2.158208536910289
2018-12-21,3.38,1212.4945739517746,96.95999908447266,3.3168,2.79,51.93,2.6765,786.7227754548052,3.3260396,3.4,3.403,0.29673590504450953,-0.588235294117645,-0.6758742286218089,1235.8687556891844,1261.4580535621735,-1.0250943694173564,-1.891315856138398,-3.8814988316205445,96.90399932861328,97.00449981689454,0.7062736952609949,0.0577889006102561,-0.04587491560276158,3.3402000000000003,3.328635,0.49995454958640106,-0.7005568528830608,-0.3555511493449903,2.806,2.9095,0.0,-0.5702066999287214,-4.107234920089365,54.644000000000005,58.31750000000001,-1.72218016654051,-4.966693507063913,-10.952972949800676,2.7032,2.750325,-0.888724310312905,-0.9877182598401868,-2.6842282275731155,786.3588087554833,777.1506726237574,-0.7755561053464088,0.046285066723905643,1.2316920216682403
2018-12-24,3.39,1218.418221649896,96.55000305175781,3.3483,2.74,51.49,2.666,795.3190932006903,3.398637,3.396,3.4055,0.2958579881656931,-0.17667844522967213,-0.4551460872118551,1227.609693281282,1259.7108115916358,0.4885504500704574,-0.7487291507790372,-3.277942013498081,96.79400024414062,96.9784999847412,-0.42285069779925966,-0.2520788393571727,-0.4418473507538434,3.3356000000000003,3.3252949999999997,0.9497105643994086,0.380741096054682,0.69181831987839,2.782,2.893,-1.7921146953404965,-1.5097052480229967,-5.28862772208778,53.424,57.907000000000004,-0.8472944348160927,-3.6200958370769643,-11.081561814633812,2.6854999999999998,2.74545,-0.3923033812815224,-0.7261217650344376,-2.8938789633757733,788.8812378452449,778.6346423256246,1.0926743211311818,0.8160740865164717,2.1427830163364803
2018-12-25,3.39,1203.6510227102804,97.05000305175781,3.3113,2.81,51.49,2.661,796.3857627269239,3.3815792,3.3899999999999997,3.408,0.0,2.220446049250313e-14,-0.5281690140845008,1218.5139669021949,1257.2188944072868,-1.2119975454420673,-1.219759854677771,-4.260822990753798,96.7760009765625,96.9625,0.5178663741025158,0.28313018974783777,0.09024421993844012,3.3235799999999998,3.3208599999999997,-1.1050383776841977,-0.3694811017035726,-0.287877236619416,2.7800000000000002,2.8805,2.5547445255474477,1.0791366906474753,-2.4474917549036634,52.67,57.50250000000001,0.0,-2.24036453389026,-10.45606712751621,2.6847000000000003,2.7427,-0.18754688672167896,-0.88278019890492,-2.9788164946950135,791.3911205851288,780.4543073120402,0.13411843565087622,0.6311218324135615,2.0413053353184996
2018-12-26,3.37,1203.6510227102804,97.05000305175781,3.3011,2.81,51.49,2.7045,796.3857627269239,3.3326538,3.38,3.4095,-0.5899705014749235,-0.2958579881656709,-1.1585276433494607,1212.6534718723822,1253.9573494462165,0.0,-0.7423760679299174,-4.01180524665794,96.77800140380859,96.97550010681152,0.0,0.28105731054963723,0.07682656430152424,3.31556,3.3174150000000004,-0.3080361187449143,-0.4361254207434051,-0.4917985841385697,2.7880000000000003,2.868,0.0,0.7890961262553731,-2.022315202231517,51.848,57.17850000000001,0.0,-0.690479864218474,-9.948669517388531,2.6817,2.7376750000000003,1.634723788049608,0.8502069582727367,-1.2117946797921775,793.5370672639076,781.9539599512545,0.0,0.35898706948100934,1.8456077358530054
2018-12-27,3.32,1196.3097064925298,96.4800033569336,3.2709,2.77,51.49,2.671,801.4683365516228,3.3351722,3.37,3.4065,-1.4836795252225587,-1.4836795252225587,-2.5392631733450743,1206.904909502952,1251.1911355430475,-0.6099206563394133,-0.8778821700862638,-4.386334548853544,96.81800231933593,96.96050033569335,-0.5873257876357063,-0.3491075567615076,-0.4955595083525721,3.30968,3.3129600000000003,-0.9148465662960792,-1.1717144859926032,-1.269559547957122,2.7840000000000003,2.855,-1.4234875444839923,-0.5028735632183978,-2.977232924693518,51.577999999999996,56.83850000000001,0.0,-0.1706153786497966,-9.409994985793091,2.6757999999999997,2.731825,-1.2386762802736206,-0.17938560430524886,-2.2265335444254464,795.2563461321931,783.6230342711436,0.6382050084993374,0.781130568733257,2.277281486126448
2018-12-28,3.34,1201.4410422658307,96.38999938964844,3.2315,2.72,50.57,2.6815,803.0997450134387,3.2912545,3.3619999999999997,3.404,0.6024096385542244,-0.6543723973825077,-1.8801410105757976,1204.6942031657634,1248.036931970784,0.4289303802729627,-0.2700403879576929,-3.733534522201476,96.7040023803711,96.91650047302247,-0.09328769087225686,-0.32470526864810667,-0.5432522643763704,3.2926200000000003,3.306785,-1.2045614356904877,-1.856272512467283,-2.2766826388773365,2.7700000000000005,2.8405,-1.805054151624541,-1.8050541516245633,-4.242210878366482,51.306,56.481500000000004,-1.7867547096523606,-1.4345300744552203,-10.466258863521693,2.6768,2.726575,0.3931111943092702,0.17558278541542904,-1.6531729367429748,798.53174004392,785.4960365636482,0.20355245334271466,0.5720505197786441,2.2410944970266744
2018-12-29,3.01,1185.847777389022,96.16999816894531,3.2265,2.69,54.06,2.631,803.7899474477982,3.3457813,3.286,3.3825000000000003,-9.880239520958089,-8.399269628727946,-11.012564671101266,1198.1801143135885,1242.2239284734328,-1.2978801562664177,-1.0292556834521904,-4.5383243545864875,96.6280014038086,96.87300033569336,-0.22824071179188277,-0.47398603739022827,-0.7256946355660876,3.26826,3.30061,-0.1547269070091284,-1.2777441207247886,-2.2453425275933747,2.7600000000000002,2.826,-1.1029411764705954,-2.5362318840579823,-4.812455767869784,51.82000000000001,56.176,6.901324896183514,4.322655345426463,-3.7667331244659596,2.6697999999999995,2.7177000000000002,-1.8832742867798014,-1.4532923814517873,-3.19019759355339,800.2259108933415,786.9737292607994,0.08594230525473812,0.44537879940402814,2.1368207808911466
2018-12-30,3.01,1185.847777389022,96.16999816894531,3.2265,2.69,54.06,2.631,803.7899474477982,3.0702062,3.21,3.3609999999999998,0.0,-6.230529595015577,-10.443320440345138,1194.6194652493368,1236.2070761476002,0.0,-0.7342662760382868,-4.073694426302199,96.45200042724609,96.83300018310547,0.0,-0.29237574861238347,-0.6846860191323856,3.2512999999999996,3.296685,0.0,-0.7627718143511708,-2.1289568157103256,2.7359999999999998,2.815,0.0,-1.6812865497075946,-4.440497335701599,52.334,55.818,0.0,3.298047158634909,-3.149521659679666,2.6637999999999997,2.7114,0.0,-1.2313236729484145,-2.9652578003983243,801.7067478375163,788.2255340432719,0.0,0.2598455876666961,1.9746142103120423
2018-12-31,3.01,1185.847777389022,96.16999816894531,3.2265,2.69,54.06,2.631,803.7899474477982,2.9720805,3.1379999999999995,3.3409999999999997,0.0,-4.079031230082841,-9.907213409158933,1191.0588161850853,1231.923365325846,0.0,-0.4375131374917407,-3.740134267575712,96.2759994506836,96.80100021362304,0.0,-0.11010146074108551,-0.6518548809260394,3.2363799999999996,3.29426,0.0,-0.30527935532908,-2.056911112055504,2.712,2.806,0.0,-0.8112094395280378,-4.133998574483256,52.848,55.45100000000001,0.0,2.293369663941869,-2.5085210365908717,2.6491,2.7041999999999997,0.0,-0.6832509154052313,-2.706900377191035,803.1875847816913,789.57145942849,0.0,0.07499651109157401,1.800785457670906
