Date,Actual,Baseline,RSI,MACD,Both,Year
2015-01-01,3.65,3.407654,3.3358965,3.3055093,3.3057032,2015
2015-01-02,3.65,3.427916,3.3886926,3.3898888,3.358032,2015
2015-01-04,3.65,3.447508,3.3906963,3.4409986,3.3691187,2015
2015-01-05,3.65,3.5371354,3.5618312,3.6266088,3.5610194,2015
2015-01-06,3.75,3.634537,3.6372814,3.673761,3.620281,2015
2015-01-07,3.98,3.7021382,3.796272,3.688652,3.7773273,2015
2015-01-08,3.8,3.7240536,3.6644983,3.7814062,3.7538812,2015
2015-01-09,3.74,3.7219336,3.6431336,3.8150167,3.8140962,2015
2015-01-12,3.76,3.9625812,3.6223345,3.8101213,3.8255746,2015
2015-01-13,3.72,3.9883049,3.7072988,3.8024352,3.8447583,2015
2015-01-14,3.59,4.079337,3.5115678,3.7408538,3.823437,2015
2015-01-15,3.63,3.800977,3.5422783,4.039274,3.6671016,2015
2015-01-16,3.77,3.5832498,3.7192836,3.8036397,3.632135,2015
2015-01-19,3.6,3.6023438,3.794941,3.8601918,3.7449436,2015
2015-01-20,3.64,3.6116192,3.7353141,3.880575,3.6027358,2015
2015-01-21,3.77,3.799946,3.703503,3.6874576,3.724506,2015
2015-01-22,3.92,3.8851388,3.7364166,3.6775312,3.7029629,2015
2015-01-23,3.84,3.937812,3.7358043,3.733732,3.7066214,2015
2015-01-26,3.87,3.7036738,3.7422123,3.7706454,3.6418614,2015
2015-01-27,3.79,3.765229,3.775145,3.691148,3.8021262,2015
2015-01-28,3.74,3.925136,3.865349,3.9398282,3.8139246,2015
2015-01-29,3.65,3.7744484,3.726066,3.885631,3.7607732,2015
2015-01-30,3.59,3.749799,3.6143122,3.8161333,3.6870975,2015
2015-02-02,3.58,3.7633233,3.5368793,3.922578,3.5109544,2015
2015-02-03,3.63,3.5498743,3.0502298,3.5372348,3.2868338,2015
2015-02-04,3.54,3.551591,3.6203234,3.6055374,3.596519,2015
2015-02-05,3.49,3.5517366,3.5392165,3.5373316,3.5432165,2015
2015-02-06,3.34,3.5485942,3.3573694,3.2000365,3.470312,2015
2015-02-09,3.31,3.3931363,3.1693645,3.3284903,3.4143338,2015
2015-02-10,3.37,3.472263,3.1796658,3.2534974,3.444678,2015
2015-02-11,3.38,3.447572,3.3613796,3.370108,3.371466,2015
2015-02-12,3.37,3.67851,3.3085675,3.3423803,3.470323,2015
2015-02-13,3.44,3.5740879,3.4345894,3.4502447,3.5707102,2015
2015-02-15,3.46,3.662707,3.5086288,3.5275686,3.526007,2015
2015-02-16,3.46,3.467929,3.471039,3.458805,3.4552243,2015
2015-02-17,3.49,3.4462652,3.476168,3.461322,3.4094515,2015
2015-02-18,3.42,3.4397266,3.4164834,3.4110494,3.3782191,2015
2015-02-19,3.42,3.4358315,3.4396212,3.438041,3.4725356,2015
2015-02-20,3.42,3.4121459,3.4450436,3.5001488,3.4113126,2015
2015-02-23,3.42,3.468926,3.3712265,3.4696362,3.3007085,2015
2015-02-24,3.42,3.2556047,3.3865879,3.407995,3.3687587,2015
2015-02-25,3.42,3.365954,3.3019226,3.396996,3.3494973,2015
2015-02-26,3.52,3.4625814,3.4726229,3.4334784,3.362931,2015
2015-02-27,3.55,3.519564,3.565705,3.5626435,3.457606,2015
2015-02-28,3.64,3.5158424,3.6429536,3.5297453,3.4956493,2015
2015-03-02,3.64,3.4913,3.606115,3.485127,3.419513,2015
2015-03-03,3.55,3.4420376,3.4714854,3.330276,3.268639,2015
2015-03-04,3.54,3.6217713,3.5451777,3.549056,3.5005689,2015
2015-03-05,3.46,3.5612738,3.5221329,3.5180824,3.462278,2015
2015-03-06,3.5,3.4074042,3.3784487,3.4320366,3.3206105,2015
2015-03-09,3.49,3.5125117,3.506976,3.3657794,3.5281093,2015
2015-03-10,3.47,3.5754154,3.532574,3.4872704,3.5194228,2015
2015-03-11,3.45,3.4722426,3.4294465,3.446068,3.438452,2015
2015-03-12,3.48,3.5531282,3.4715195,3.5901997,3.4877167,2015
2015-03-13,3.5,3.6443472,3.5774958,3.5894132,3.498598,2015
2015-03-16,3.57,3.7643895,3.7172253,3.7681653,3.60598,2015
2015-03-17,3.67,3.6498325,3.6163106,3.6843476,3.645081,2015
2015-03-18,3.86,3.696133,3.680663,3.7330964,3.817431,2015
2015-03-19,3.91,3.5782125,3.699158,3.7218342,3.7941616,2015
2015-03-20,3.88,3.932076,3.9391692,4.0092607,4.0578327,2015
2015-03-23,4.0,4.0163383,3.9158177,3.9621003,3.9769235,2015
2015-03-24,4.4,4.0991383,3.949442,3.9523165,4.0580053,2015
2015-03-25,4.52,4.0751967,3.999162,3.978405,4.0727706,2015
2015-03-26,4.41,4.0890326,4.0267606,3.9820623,4.0207562,2015
2015-03-27,4.43,4.4241543,4.519235,4.459658,4.459501,2015
2015-03-30,4.45,4.496951,4.492205,4.651257,4.5194755,2015
2015-03-31,4.32,4.452175,4.447411,4.5728602,4.53052,2015
2015-04-01,4.36,4.789136,4.4977593,4.569901,4.3778105,2015
2015-04-02,4.44,4.5920887,4.43567,4.394457,4.4188633,2015
2015-04-03,4.46,4.68449,4.5323834,4.50399,4.5325527,2015
2015-04-06,4.56,4.620605,4.5191627,4.4180155,4.501901,2015
2015-04-07,4.56,4.74403,4.5884585,4.491011,4.5994844,2015
2015-04-08,4.47,4.6624193,4.5320687,4.476482,4.611881,2015
2015-04-09,4.33,4.3592057,4.313331,4.483371,4.390906,2015
2015-04-10,4.38,4.40338,4.314775,4.5191164,4.34321,2015
2015-04-13,4.47,4.47566,4.4524612,4.5031652,4.3296976,2015
2015-04-14,4.62,4.4106355,4.4673433,4.4615645,4.41325,2015
2015-04-15,4.6,4.353018,4.312173,4.4172034,4.379373,2015
2015-04-16,4.86,4.5239863,4.514652,4.58565,4.5174103,2015
2015-04-17,5.0,4.622135,4.5415306,4.570528,4.6796427,2015
2015-04-20,5.2,4.668296,4.7599463,4.850889,4.804859,2015
2015-04-21,5.24,4.8452206,4.9333997,4.9853864,5.0865993,2015
2015-04-22,5.76,5.0739865,5.1987348,5.218145,5.351793,2015
2015-04-23,5.76,5.010378,5.261615,5.317,5.385506,2015
2015-04-24,5.76,5.090685,5.3003354,5.5270653,5.545571,2015
2015-04-27,5.76,5.607963,5.410157,5.9892216,5.804176,2015
2015-04-28,5.76,5.451922,5.4131236,5.9073405,5.7734013,2015
2015-04-29,5.76,5.952024,5.7384343,5.9053135,5.914979,2015
2015-04-30,5.76,6.2863884,5.914881,5.86431,5.9389396,2015
2015-05-01,5.76,5.994559,5.829022,5.7408648,5.463423,2015
2015-05-04,5.76,6.041459,5.8234267,5.744548,5.4526296,2015
2015-05-05,5.76,5.5350018,5.4769406,5.410747,5.1443734,2015
2015-05-06,5.76,5.566484,5.55635,5.531453,5.58481,2015
2015-05-07,5.76,5.344134,5.4265065,5.4248977,5.3894653,2015
2015-05-08,5.76,5.804424,5.7657595,5.728286,5.5686088,2015
2015-05-11,5.76,6.035989,6.0644636,5.825293,5.700052,2015
2015-05-12,5.76,5.957873,5.9490485,5.736606,5.635807,2015
2015-05-13,5.76,5.918211,5.932324,5.643225,5.573353,2015
2015-05-14,5.76,5.910872,5.708044,5.743311,5.5726576,2015
2015-05-15,5.76,5.792608,5.672206,5.663313,5.4189215,2015
2015-05-18,5.76,5.758247,5.7472854,5.5824685,5.3849697,2015
2015-05-19,5.76,6.1012015,6.01852,5.8023157,5.477931,2015
2015-05-20,5.76,5.9184957,6.0953045,5.756481,5.4223323,2015
2015-05-21,5.76,6.02202,6.145108,5.755643,5.511068,2015
2015-05-22,5.76,5.99118,6.0556564,5.87221,5.8702297,2015
2015-05-25,5.76,6.239537,6.327999,5.9203577,6.1566095,2015
2015-05-26,5.76,5.882454,5.96956,5.7191696,5.902215,2015
2015-05-27,5.76,5.851939,5.969288,5.70693,5.8846226,2015
2015-05-28,6.34,5.3900113,5.638514,5.410298,5.5809546,2015
2015-05-29,6.97,5.7029424,6.1732216,5.863493,6.19816,2015
2015-06-01,7.18,5.703143,6.110656,5.959831,6.3524737,2015
2015-06-02,6.97,6.8015695,6.792251,6.7830234,6.9241195,2015
2015-06-03,6.72,6.8615017,6.5289135,7.1775246,6.591135,2015
2015-06-04,6.52,6.6404366,6.1872168,7.5163836,6.3917947,2015
2015-06-05,6.78,6.812481,6.310048,6.889657,6.1590567,2015
2015-06-08,6.64,7.0836043,6.544657,7.0348363,6.3366723,2015
2015-06-09,6.57,7.1395445,6.80235,6.8273287,6.3800735,2015
2015-06-10,6.55,6.9670935,6.7873464,6.51189,6.218649,2015
2015-06-11,6.46,7.2628055,6.4675927,6.9316397,6.2760935,2015
2015-06-12,6.44,6.81368,6.402337,6.6917257,6.228181,2015
2015-06-15,6.52,6.752989,6.4395924,6.700755,6.16169,2015
2015-06-16,6.3,6.7593865,6.559681,6.760997,6.274056,2015
2015-06-17,6.29,6.784081,6.4876246,6.6745567,6.045469,2015
2015-06-18,6.18,6.9954114,6.3585877,6.540254,6.237167,2015
2015-06-19,5.6,7.078912,6.627612,6.5677752,5.9487634,2015
2015-06-22,5.58,6.164413,5.591837,6.0352554,5.5550733,2015
2015-06-23,5.58,5.6586623,5.4105587,5.0872383,5.247513,2015
2015-06-24,5.88,5.849703,5.4619236,5.158628,5.2448125,2015
2015-06-25,5.58,5.5313478,5.649422,5.5294814,5.9404893,2015
2015-06-26,5.04,4.938996,5.5647435,4.940211,5.1409683,2015
2015-06-29,4.75,5.0489182,4.4692025,4.3325596,4.936524,2015
2015-06-30,5.12,5.1428714,4.854228,4.5510683,5.4664774,2015
2015-07-01,4.83,4.82167,4.6719794,4.068288,4.84757,2015
2015-07-02,4.49,4.7107186,4.371803,3.723684,4.51654,2015
2015-07-03,4.08,4.080306,4.2753563,3.2667418,3.4409628,2015
2015-07-06,4.28,4.3057775,4.433046,4.3919764,4.2006326,2015
2015-07-07,4.1,3.9848716,4.2931046,3.959215,4.3251095,2015
2015-07-08,3.69,4.020513,4.2125287,4.356024,4.094618,2015
2015-07-09,3.97,4.312808,4.5545435,4.6647983,4.2059774,2015
2015-07-10,4.37,4.488867,4.37259,4.430962,4.5716395,2015
2015-07-13,4.81,4.7348285,4.619009,4.5228577,4.700965,2015
2015-07-14,4.57,4.708891,4.6870046,4.7359715,4.5715594,2015
2015-07-15,4.11,4.382511,4.4200153,4.5191674,4.149529,2015
2015-07-16,4.24,4.2021427,4.264132,4.3608027,4.167501,2015
2015-07-17,4.45,4.5307083,4.4884076,4.4796867,4.420985,2015
2015-07-20,4.42,4.3254356,4.4729266,4.416948,4.5665636,2015
2015-07-21,4.45,4.5471425,4.37019,4.662247,4.461551,2015
2015-07-22,4.36,4.5886583,4.3617296,4.629027,4.470449,2015
2015-07-23,4.5,4.999178,4.3420296,4.93553,4.580993,2015
2015-07-24,4.39,4.675351,4.567843,4.520046,4.6398535,2015
2015-07-27,3.95,4.3148417,3.892336,3.9051776,4.081627,2015
2015-07-28,3.88,4.171362,4.0252776,3.9632108,3.7790086,2015
2015-07-29,4.13,4.5036554,4.2723646,4.265557,4.0931315,2015
2015-07-30,3.99,4.2326927,4.117252,4.0542803,4.1308045,2015
2015-07-31,4.01,4.1368504,3.9146895,3.893208,3.9100678,2015
2015-08-03,4.0,3.6881437,3.7787426,3.916615,3.8680508,2015
2015-08-04,4.11,4.0452466,4.0222516,4.065699,4.05051,2015
2015-08-05,4.0,4.00603,4.030469,4.0284414,3.9529366,2015
2015-08-06,3.95,3.9783435,3.9499328,3.993889,3.905873,2015
2015-08-07,4.04,4.145151,3.9615233,4.0724635,4.0115194,2015
2015-08-10,4.22,4.346669,4.2854843,4.028341,4.1825027,2015
2015-08-11,4.64,4.3173237,4.087441,4.1409955,4.293591,2015
2015-08-12,4.71,4.325343,4.19562,4.0103807,4.4151425,2015
2015-08-13,4.65,4.445226,4.3303103,4.2319164,4.4925103,2015
2015-08-14,4.52,4.332897,4.2441993,4.2473345,4.420527,2015
2015-08-17,4.57,4.318089,4.1034894,4.1145635,4.359239,2015
2015-08-18,4.11,3.9688911,4.03565,3.9738512,3.9380376,2015
2015-08-19,4.25,4.342621,4.1546745,4.359646,4.165581,2015
2015-08-20,4.26,3.9070656,3.959437,4.377448,4.0967464,2015
2015-08-21,4.17,3.6609995,4.1775503,4.2108355,4.2205706,2015
2015-08-24,3.75,3.5541127,3.6696842,3.90061,3.8444352,2015
2015-08-25,3.38,3.3649173,3.233097,3.4721658,2.9834146,2015
2015-08-26,3.37,3.3849165,3.1130443,3.2647216,3.3506474,2015
2015-08-27,3.49,3.3082886,3.3822556,3.4416409,3.3706112,2015
2015-08-28,3.72,3.4692926,3.4300618,3.602187,3.545598,2015
2015-08-31,3.56,3.3407004,3.4738104,3.7009296,3.6817634,2015
2015-09-01,3.65,3.3552125,3.3439112,3.5823786,3.618517,2015
2015-09-02,3.56,3.2656329,3.5282097,3.5780237,3.5557258,2015
2015-09-03,3.59,3.3668375,3.4507263,3.495798,3.4050236,2015
2015-09-04,3.59,3.586297,3.172305,3.738202,3.471877,2015
2015-09-06,3.59,3.5077639,3.5399668,3.4329772,3.3940878,2015
2015-09-07,3.59,3.3056784,3.3752785,3.2932324,3.5765116,2015
2015-09-08,3.64,3.4317832,3.4771283,3.502129,3.6092741,2015
2015-09-09,3.75,3.561011,3.4839325,3.5500076,3.608711,2015
2015-09-10,3.64,3.506372,3.5185359,3.643872,3.4228053,2015
2015-09-11,3.6,3.667677,3.5173452,3.6116142,3.598941,2015
2015-09-14,3.63,3.4130378,3.394882,3.3760867,3.3495286,2015
2015-09-15,3.35,3.2817893,3.3001254,3.4913902,3.4043949,2015
2015-09-16,3.59,3.3534687,3.3631744,3.5388634,3.682143,2015
2015-09-17,3.5,3.7199485,3.62974,3.6648285,3.5788274,2015
2015-09-18,3.51,3.7311084,3.9167624,3.9274442,3.868806,2015
2015-09-21,3.55,3.7025726,3.2747765,3.9828157,3.592489,2015
2015-09-22,3.57,3.5220869,3.4863954,3.7584333,3.6790862,2015
2015-09-23,3.44,3.3896823,3.6105974,3.4975166,3.6038299,2015
2015-09-24,3.47,3.4755626,3.6211708,3.6094725,3.755981,2015
2015-09-25,3.51,3.6769745,3.732262,3.6218367,3.6836445,2015
2015-09-28,3.47,3.7201567,3.6660225,3.6199083,3.7596438,2015
2015-09-29,3.37,3.5774193,3.5474026,3.5423088,3.6558518,2015
2015-09-30,3.38,3.2470248,3.4300432,3.447454,3.5145078,2015
2015-10-01,3.48,3.5382595,3.6235054,3.596067,3.4686275,2015
2015-10-02,3.48,3.5625143,3.5359588,3.5616105,3.316318,2015
2015-10-05,3.48,3.5682762,3.543375,3.5961938,3.3652575,2015
2015-10-06,3.48,3.6788535,3.528716,3.6933987,3.4201229,2015
2015-10-07,3.48,3.6488297,3.481498,3.7181623,3.382317,2015
2015-10-08,3.48,3.697851,3.5672624,3.6758673,3.4869206,2015
2015-10-09,3.55,3.7241452,3.510362,3.7288387,3.3291116,2015
2015-10-10,3.74,3.9380414,3.6785874,3.9099424,3.5033395,2015
2015-10-12,3.74,3.8485553,3.9190216,3.863191,3.88148,2015
2015-10-13,3.7,3.8645911,3.8762524,3.9400117,3.9073794,2015
2015-10-14,3.67,3.599129,3.6297119,3.6876097,3.6862519,2015
2015-10-15,3.74,3.9686413,3.7653713,3.878977,3.8612173,2015
2015-10-16,3.74,3.9703598,3.7802997,3.866273,3.856506,2015
2015-10-19,3.7,3.7817996,3.7684345,3.7960927,3.7439392,2015
2015-10-20,3.73,3.9141593,3.740966,3.8661873,3.8215733,2015
2015-10-21,3.73,3.6893845,3.7430727,3.6986294,3.5805542,2015
2015-10-22,3.77,3.8467507,3.815426,3.7191157,3.5600085,2015
2015-10-23,3.78,3.6370656,3.8529832,3.6745262,3.7141683,2015
2015-10-26,3.77,3.80621,3.9001,3.750596,3.7583106,2015
2015-10-27,3.73,3.8215961,3.921544,3.766455,3.734647,2015
2015-10-28,3.71,3.6257882,3.7620244,3.6680622,3.603382,2015
2015-10-29,3.69,3.7740562,3.7743669,3.7241817,3.6416798,2015
2015-10-30,3.65,3.6185417,3.7278805,3.750055,3.672194,2015
2015-11-02,3.56,3.5322301,3.6968255,3.6882951,3.6266816,2015
2015-11-03,3.56,3.6057177,3.6317842,3.6650505,3.6092877,2015
2015-11-04,3.68,3.6512847,3.6747158,3.7073548,3.6568346,2015
2015-11-05,3.73,3.716203,3.8597054,3.7910242,3.613298,2015
2015-11-06,3.78,3.7496655,3.9025476,3.9392588,3.908742,2015
2015-11-09,3.79,3.7659674,3.914317,3.897294,3.9628112,2015
2015-11-10,3.88,3.763489,3.968358,3.8940911,4.0078416,2015
2015-11-11,3.81,3.8833451,3.977594,3.8465738,4.1022124,2015
2015-11-12,3.77,3.8660288,3.9869733,3.855833,3.9160366,2015
2015-11-13,3.67,3.6845126,3.8349743,3.7221682,3.8376799,2015
2015-11-16,3.79,3.7656431,3.8148582,3.7243028,3.7366452,2015
2015-11-17,3.74,3.7167459,3.7988136,3.7477798,3.8452659,2015
2015-11-18,3.69,3.5829775,3.745317,3.6725683,3.760223,2015
2015-11-19,3.72,3.7273488,3.7859902,3.754632,3.6980515,2015
2015-11-20,3.73,3.837641,3.756654,3.7730167,3.803183,2015
2015-11-23,3.68,3.7266371,3.7717366,3.6956558,3.777616,2015
2015-11-24,3.66,3.6160698,3.5509782,3.7096825,3.6807892,2015
2015-11-25,3.72,3.7827563,3.7351887,3.6425202,3.6176336,2015
2015-11-26,3.69,3.6017425,3.5362704,3.2912085,3.4702837,2015
2015-11-27,3.49,3.5053036,3.508484,3.345849,3.4626627,2015
2015-11-30,3.46,3.474792,3.5496922,3.4691322,3.3875253,2015
2015-12-01,3.48,3.5335698,3.5305648,3.374858,3.407577,2015
2015-12-02,3.55,3.686711,3.627873,3.6526792,3.5627933,2015
2015-12-03,3.56,3.6280441,3.6547499,3.6757886,3.6668518,2015
2015-12-04,3.51,3.57663,3.6700134,3.7357318,3.6005955,2015
2015-12-07,3.55,3.8074198,3.6679766,3.6444058,3.6406443,2015
2015-12-08,3.46,3.6482744,3.6737401,3.5645053,3.4835963,2015
2015-12-09,3.48,3.689962,3.6366098,3.5779076,3.5096521,2015
2015-12-10,3.44,3.7137244,3.657552,3.4921525,3.4868028,2015
2015-12-11,3.45,3.5675986,3.6135285,3.503492,3.417095,2015
2015-12-14,3.66,3.8277235,3.5925436,3.5160272,3.6512508,2015
2015-12-15,3.57,3.6984482,3.7705095,3.6093042,3.5869575,2015
2015-12-16,3.6,3.6815164,3.7407544,3.545695,3.603994,2015
2015-12-17,3.62,3.7037754,3.7025115,3.6126733,3.5027077,2015
2015-12-18,3.58,3.626369,3.6358902,3.5979686,3.564419,2015
2015-12-21,3.64,3.6767366,3.762342,3.792558,3.8104217,2015
2015-12-22,3.65,3.6356766,3.685538,3.8550298,3.734723,2015
2015-12-23,3.59,3.6765585,3.6654298,3.6633976,3.638352,2015
2015-12-24,3.57,3.6654313,3.6587071,3.6822941,3.5898895,2015
2015-12-25,3.58,3.5748785,3.5493567,3.6041856,3.4451613,2015
2015-12-28,3.51,3.587102,3.5798733,3.5742762,3.472778,2015
2015-12-29,3.56,3.6397314,3.5548222,3.5294168,3.5224934,2015
2015-12-30,3.56,3.679317,3.5951974,3.574116,3.6070921,2015
2015-12-31,3.52,3.5100775,3.5325692,3.5339124,3.5265288,2015
2016-01-01,3.31,3.4599612,3.3896358,3.3206723,3.1955202,2016
2016-01-04,3.31,3.2686217,3.2771869,3.3127816,3.2774255,2016
2016-01-05,3.4,3.283557,3.3223057,3.2728837,3.1670961,2016
2016-01-06,3.57,3.3599944,3.364587,3.2832265,3.2544632,2016
2016-01-07,3.29,3.4736314,3.3538787,3.3521445,3.309061,2016
2016-01-08,3.52,3.258819,3.242662,3.2677007,3.2558823,2016
2016-01-11,3.39,3.38449,3.3716242,3.2051938,3.374491,2016
2016-01-12,3.29,3.3841321,3.3927608,3.253488,3.3878922,2016
2016-01-13,3.25,3.3855004,3.3179324,3.2456608,3.2476263,2016
2016-01-14,3.28,3.5079732,3.254632,3.375498,3.2481227,2016
2016-01-15,3.13,3.2647212,3.3872888,3.2651474,3.2176178,2016
2016-01-18,3.12,3.378787,3.1889467,3.398226,3.1110475,2016
2016-01-19,3.19,3.4241388,3.2865863,3.439126,3.2702718,2016
2016-01-20,3.2,3.1994238,3.1585574,3.2304492,3.2306404,2016
2016-01-21,3.1,3.0632255,3.1522813,3.1270444,3.0097578,2016
2016-01-22,3.12,3.22095,3.1473773,3.1187623,3.2418065,2016
2016-01-25,3.13,3.1473422,3.1604292,3.1536853,3.1910443,2016
2016-01-26,2.96,3.303381,3.2724388,3.3980548,3.4984736,2016
2016-01-27,2.87,3.0966144,3.0841658,2.9098759,2.9326167,2016
2016-01-28,2.71,3.0969913,3.129814,2.9701617,2.9351366,2016
2016-01-29,2.79,3.2029312,3.1403563,3.0535815,2.955728,2016
2016-02-01,2.78,3.1468418,3.0964842,3.1728256,3.026984,2016
2016-02-02,2.83,3.2650921,3.180376,3.3294997,3.135863,2016
2016-02-03,2.85,2.8016388,2.8956227,2.9500656,2.9072866,2016
2016-02-04,2.94,2.9782767,2.8668604,2.9394476,2.8432367,2016
2016-02-05,3.02,2.8969047,2.9353306,2.7314043,2.877927,2016
2016-02-06,3.32,2.9603236,2.9924457,2.972714,2.9632697,2016
2016-02-08,3.32,3.3058727,3.309426,3.236224,3.4269593,2016
2016-02-09,3.32,3.2995522,3.1931312,3.2431157,3.5302625,2016
2016-02-10,3.32,3.2641475,3.2157896,3.2318106,3.483806,2016
2016-02-11,3.32,3.220854,3.2438688,3.1742008,3.4732196,2016
2016-02-12,3.32,3.2283988,3.2567382,3.1580768,3.3866203,2016
2016-02-14,3.32,3.2526522,3.2082367,3.2490416,3.37338,2016
2016-02-15,3.32,3.2379668,3.153057,3.2749953,3.3961535,2016
2016-02-16,3.37,3.239592,3.1381464,3.277857,3.3774247,2016
2016-02-17,3.33,3.2632432,3.141496,3.2638087,3.4002655,2016
2016-02-18,3.26,3.3259335,3.2412822,3.3270688,3.344575,2016
2016-02-19,3.18,3.3411403,3.265624,3.3327885,3.3087826,2016
2016-02-22,3.22,3.2360313,3.1433456,3.154825,3.1282825,2016
2016-02-23,3.27,3.23704,3.1514857,3.2430048,3.1526027,2016
2016-02-24,3.33,3.31408,3.3618824,3.2983446,3.237093,2016
2016-02-25,3.11,3.2236295,3.1391616,3.1023726,3.050337,2016
2016-02-26,3.17,3.1434755,3.1584473,3.087212,2.8715885,2016
2016-02-29,3.13,2.9167025,2.958233,2.9669583,2.7950754,2016
2016-03-01,3.3,3.0327203,3.2211208,3.1603808,3.0914755,2016
2016-03-02,3.37,3.2576926,3.5111842,3.393845,3.2946181,2016
2016-03-03,3.46,3.3306563,3.6288693,3.3728285,3.3442392,2016
2016-03-04,3.48,3.3078606,3.781021,3.5120037,3.474955,2016
2016-03-07,3.58,3.3907886,3.6074789,3.6363451,3.5422015,2016
2016-03-08,3.5,3.130017,3.5328715,3.4080372,3.467261,2016
2016-03-09,3.36,3.5502243,3.4948418,3.3079407,3.3639793,2016
2016-03-10,3.3,3.62415,3.3472636,3.3748436,3.3625145,2016
2016-03-11,3.34,3.4907048,3.442465,3.2881217,3.280591,2016
2016-03-14,3.42,3.4821236,3.4128761,3.2606313,3.337661,2016
2016-03-15,3.36,3.3966079,3.434868,3.1977859,3.309112,2016
2016-03-16,3.38,3.375823,3.320916,3.1920266,3.2380154,2016
2016-03-17,3.39,3.2149038,3.37761,3.4820209,3.3737526,2016
2016-03-18,3.41,3.493337,3.4964585,3.4190488,3.3717868,2016
2016-03-21,3.42,3.4280112,3.43454,3.4018724,3.2922652,2016
2016-03-22,3.4,3.3971436,3.4026477,3.3876204,3.4097261,2016
2016-03-23,3.35,3.5269938,3.433792,3.4381528,3.4264536,2016
2016-03-24,3.26,3.327907,3.3562353,3.3822696,3.3666337,2016
2016-03-25,3.27,3.2327178,3.3598704,3.2757072,3.1563432,2016
2016-03-28,3.27,3.2918646,3.3807344,3.230563,3.1776528,2016
2016-03-29,3.25,3.4314048,3.4114294,3.1843674,3.1758125,2016
2016-03-30,3.3,3.3110847,3.4226875,3.3404837,3.3898587,2016
2016-03-31,3.27,3.2542615,3.497155,3.2840462,3.3706303,2016
2016-04-01,3.29,3.278884,3.4567096,3.360201,3.423452,2016
2016-04-04,3.3,3.3492556,3.392774,3.3241253,3.2566702,2016
2016-04-05,3.3,3.2579613,3.3062477,3.3487926,3.2807567,2016
2016-04-06,3.28,3.2959673,3.3443127,3.3523397,3.31807,2016
2016-04-07,3.25,3.3521233,3.4595566,3.3029103,3.2026284,2016
2016-04-08,3.31,3.3379831,3.3946676,3.4273639,3.257874,2016
2016-04-11,3.35,3.426283,3.492032,3.4392755,3.4098084,2016
2016-04-12,3.36,3.2904027,3.4708753,3.375361,3.4873664,2016
2016-04-13,3.4,3.2982671,3.5175595,3.3262234,3.4244552,2016
2016-04-14,3.35,3.4027138,3.4705431,3.4851463,3.5677981,2016
2016-04-15,3.33,3.3791342,3.4374897,3.4739196,3.3919256,2016
2016-04-18,3.29,3.366655,3.4145615,3.4198253,3.384031,2016
2016-04-19,3.32,3.3947842,3.3969646,3.357287,3.404233,2016
2016-04-20,3.25,3.4394882,3.5281577,3.4408588,3.463945,2016
2016-04-21,3.32,3.3982968,3.3701923,3.386897,3.3984509,2016
2016-04-22,3.24,3.4120564,3.4430118,3.4306185,3.459861,2016
2016-04-25,3.19,3.3602912,3.43305,3.3796241,3.3520565,2016
2016-04-26,3.19,3.3434176,3.357357,3.3972726,3.3029218,2016
2016-04-27,3.23,3.2136405,3.1268287,3.2069602,3.2247515,2016
2016-04-28,3.18,3.3849106,3.2203908,3.317235,3.2984796,2016
2016-04-29,3.21,3.5849507,3.2830994,3.4837284,3.2960434,2016
2016-05-02,3.29,3.362881,3.3882174,3.3385992,3.2272031,2016
2016-05-03,3.29,3.3645175,3.3578746,3.3533928,3.272272,2016
2016-05-04,3.25,3.2819283,3.2862823,3.2243633,3.286109,2016
2016-05-05,3.25,3.2758603,3.2771184,3.3315215,3.2895927,2016
2016-05-06,3.17,3.3469632,3.382811,3.2676485,3.3986056,2016
2016-05-09,3.09,3.3247092,3.2334726,3.280754,3.1687574,2016
2016-05-10,3.08,3.1028206,3.173234,3.1444025,3.164872,2016
2016-05-11,3.1,2.987629,3.1781256,3.141298,3.109116,2016
2016-05-12,3.09,3.1127732,3.0938063,3.0740483,3.1072376,2016
2016-05-13,3.1,3.0926616,3.1340053,3.1092799,3.0736995,2016
2016-05-16,3.17,3.0395994,3.123965,3.093438,3.0312366,2016
2016-05-17,3.12,3.063463,3.0842042,3.0681298,3.025364,2016
2016-05-18,3.09,3.144927,3.1385002,3.1549237,3.1603866,2016
2016-05-19,3.07,3.2026658,3.1345394,3.217732,3.159135,2016
2016-05-20,3.06,3.0525188,3.1534536,3.1875346,3.1395416,2016
2016-05-23,3.06,3.0240622,3.164424,3.198743,3.1331704,2016
2016-05-24,3.06,3.1420405,3.2053165,3.2359107,3.1120722,2016
2016-05-25,3.02,3.1284432,3.0219693,3.0566607,3.0416589,2016
2016-05-26,3.03,2.8489573,3.013319,2.9085922,2.9309547,2016
2016-05-27,3.02,2.9398735,3.0206025,2.9459002,2.9632373,2016
2016-05-30,2.99,3.042917,3.1327536,3.1755025,3.0955887,2016
2016-05-31,3.06,3.0649476,3.1204135,3.1184397,3.1026127,2016
2016-06-01,3.06,3.1188762,3.1967065,3.2430298,3.2018797,2016
2016-06-02,3.06,3.1410522,3.1531546,3.1980062,3.1345437,2016
2016-06-03,3.05,3.1237016,3.197196,3.1040988,3.068501,2016
2016-06-06,3.11,3.0306964,3.119381,3.028799,2.9223304,2016
2016-06-07,3.08,2.9860535,3.1430485,3.2175899,3.2575424,2016
2016-06-08,3.09,3.0665781,3.11977,3.0327325,3.0532475,2016
2016-06-09,3.15,3.221859,3.1243737,3.0681677,3.0008373,2016
2016-06-10,3.15,3.208505,3.1758657,3.1559494,3.144514,2016
2016-06-12,3.15,3.1165378,3.255194,3.0638528,3.0395606,2016
2016-06-13,3.15,3.0828395,3.220727,3.0557947,2.9942527,2016
2016-06-14,3.09,3.0876212,3.20768,3.070623,3.035298,2016
2016-06-15,3.16,3.092989,3.2269707,3.1208627,3.1058302,2016
2016-06-16,3.48,3.1401656,3.2403312,3.0404952,3.0438507,2016
2016-06-17,3.42,3.183815,3.3589287,3.1515443,3.2127686,2016
2016-06-20,3.38,3.0735164,3.2674332,3.0717854,3.1621728,2016
2016-06-21,3.27,3.1112056,3.3052092,3.2852178,3.2235725,2016
2016-06-22,3.27,3.1872423,3.2425125,3.318267,3.1833777,2016
2016-06-23,3.27,3.1649911,3.256966,3.301899,3.1285908,2016
2016-06-24,3.51,3.537971,3.2806036,3.1824117,3.400378,2016
2016-06-27,3.44,3.4046295,3.640453,3.3536596,3.441914,2016
2016-06-28,3.4,3.3501792,3.3506958,3.3560627,3.3172436,2016
2016-06-29,3.39,3.2996979,3.427294,3.3365,3.4181764,2016
2016-06-30,3.37,3.4248621,3.356671,3.407238,3.405713,2016
2016-07-01,3.41,3.3521104,3.3504229,3.347115,3.4162493,2016
2016-07-04,3.51,3.6634634,3.5381267,3.4998136,3.514726,2016
2016-07-05,3.48,3.7084022,3.5220816,3.516017,3.49084,2016
2016-07-06,3.68,3.6359613,3.5900183,3.4830565,3.5395377,2016
2016-07-07,4.05,3.6232615,3.649196,3.5822608,3.6529717,2016
2016-07-08,4.05,3.7663906,3.7960217,3.8410187,3.9774978,2016
2016-07-11,4.05,3.7658033,3.8077705,3.810897,3.8701267,2016
2016-07-12,3.93,3.6774163,3.8741453,3.7963073,3.9649162,2016
2016-07-13,3.93,3.7848384,3.7964373,3.9372804,3.8064394,2016
2016-07-14,3.84,3.8355837,3.7652867,3.8266907,3.803566,2016
2016-07-15,3.85,3.7249296,3.7287567,3.7772584,3.7832751,2016
2016-07-18,3.83,3.7377446,3.744045,3.7902381,3.8133445,2016
2016-07-19,3.79,3.88477,3.8805263,3.9025326,3.8411894,2016
2016-07-20,3.73,3.7725117,3.8080797,3.8684072,3.778081,2016
2016-07-21,3.68,3.8698661,3.7988973,3.7981021,3.7056506,2016
2016-07-22,3.56,3.7129955,3.7502763,3.7621999,3.7018795,2016
2016-07-25,3.48,3.6838934,3.6764393,3.7730272,3.6389446,2016
2016-07-26,3.57,3.7726321,3.7126403,3.7665358,3.6050928,2016
2016-07-27,3.5,3.702146,3.7061088,3.7088132,3.662085,2016
2016-07-28,3.54,3.804281,3.742556,3.6825106,3.666018,2016
2016-07-29,3.47,3.6984138,3.743802,3.6688597,3.613217,2016
2016-08-01,3.56,3.7156515,3.8067718,3.6227355,3.642784,2016
2016-08-02,3.58,3.6454296,3.7583036,3.624741,3.6285033,2016
2016-08-03,3.62,3.8095393,3.8136973,3.6571164,3.6916878,2016
2016-08-04,3.56,3.7544558,3.813068,3.6841674,3.791751,2016
2016-08-05,3.56,3.6504133,3.6943,3.6790442,3.632187,2016
2016-08-08,3.48,3.6796927,3.688475,3.589208,3.69409,2016
2016-08-09,3.48,3.6506016,3.6418052,3.6322763,3.7017138,2016
2016-08-10,3.55,3.6793885,3.7283936,3.6384418,3.7049353,2016
2016-08-11,3.5,3.716265,3.6867642,3.6533916,3.6830091,2016
2016-08-12,3.52,3.646619,3.6781204,3.6593492,3.6461961,2016
2016-08-15,3.54,3.6974375,3.6703873,3.6703732,3.6688206,2016
2016-08-16,3.55,3.7072978,3.6481657,3.6784823,3.6254437,2016
2016-08-17,3.49,3.6644392,3.6613004,3.686479,3.6890502,2016
2016-08-18,3.49,3.6564417,3.644466,3.6536818,3.5940516,2016
2016-08-19,3.47,3.6689763,3.5922441,3.651217,3.6329532,2016
2016-08-22,3.43,3.5657308,3.5565438,3.6001732,3.5977829,2016
2016-08-23,3.44,3.556674,3.4924936,3.589466,3.5851693,2016
2016-08-24,3.41,3.5678337,3.4548028,3.5553563,3.5205708,2016
2016-08-25,3.36,3.334236,3.3453379,3.319857,3.352568,2016
2016-08-26,3.37,3.2789562,3.3004549,3.3051968,3.3692093,2016
2016-08-29,3.34,3.3449314,3.3455822,3.3835073,3.4345205,2016
2016-08-30,3.34,3.3986874,3.388412,3.4490747,3.4616215,2016
2016-08-31,3.34,3.3601453,3.361759,3.4075854,3.4478142,2016
2016-09-01,3.33,3.3880038,3.353801,3.366474,3.3876371,2016
2016-09-02,3.34,3.4036214,3.3347964,3.404222,3.4632165,2016
2016-09-05,3.36,3.3986113,3.4615965,3.4919028,3.3991315,2016
2016-09-06,3.36,3.43651,3.466769,3.546197,3.488384,2016
2016-09-07,3.39,3.4884796,3.4213493,3.5609536,3.4743981,2016
2016-09-08,3.37,3.4212124,3.408284,3.4625995,3.4936256,2016
2016-09-09,3.34,3.4246678,3.3498483,3.3701553,3.482014,2016
2016-09-12,3.22,3.354419,3.2672532,3.306402,3.3603575,2016
2016-09-13,3.22,3.3696547,3.229471,3.2840993,3.4255424,2016
2016-09-14,3.24,3.3963494,3.3372664,3.451136,3.3919914,2016
2016-09-15,3.22,3.3743691,3.3634205,3.3907225,3.47395,2016
2016-09-16,3.22,3.385107,3.3346891,3.4085293,3.4728253,2016
2016-09-18,3.22,3.3429375,3.2653358,3.380505,3.4115014,2016
2016-09-19,3.22,3.3388176,3.2391996,3.382759,3.3721414,2016
2016-09-20,3.22,3.3523874,3.2615871,3.412234,3.3488207,2016
2016-09-21,3.25,3.3315814,3.2347436,3.3773305,3.3353086,2016
2016-09-22,3.26,3.412083,3.342808,3.4823706,3.2894678,2016
2016-09-23,3.23,3.3992841,3.2720923,3.2517378,3.2760992,2016
2016-09-26,3.17,3.2737403,3.2374167,3.1256967,3.2185805,2016
2016-09-27,3.21,3.3821664,3.108967,3.3492966,3.216495,2016
2016-09-28,3.18,3.400971,3.3104463,3.2075877,3.2332246,2016
2016-09-29,3.18,3.2796714,3.2594345,3.1714473,3.2237775,2016
2016-09-30,3.21,3.308157,3.3068964,3.2399929,3.217479,2016
2016-10-03,3.18,3.401041,3.493918,3.3591027,3.4102943,2016
2016-10-04,3.18,3.1351733,3.2549284,3.1320503,3.1744907,2016
2016-10-05,3.18,3.1195652,3.1750658,3.1809824,3.2178411,2016
2016-10-06,3.18,3.2429907,3.0945442,3.1354053,3.2075942,2016
2016-10-07,3.18,3.179733,3.0983953,3.158534,3.2001522,2016
2016-10-08,3.18,3.225531,3.1697018,3.2515857,3.2285419,2016
2016-10-09,3.18,3.2269955,3.10188,3.2110922,3.1595917,2016
2016-10-10,3.18,3.2052386,3.0854714,3.1817079,3.1635954,2016
2016-10-11,3.19,3.1999016,3.092788,3.169356,3.1852903,2016
2016-10-12,3.18,3.2190692,3.0965998,3.1535487,3.2205067,2016
2016-10-13,3.18,3.2345867,3.2110076,3.227681,3.038195,2016
2016-10-14,3.17,3.3064907,3.1695738,3.3074574,3.1306844,2016
2016-10-17,3.24,3.1659272,3.1431,3.1777217,3.234332,2016
2016-10-18,3.25,3.1559627,3.21492,3.2244177,3.2861733,2016
2016-10-19,3.25,3.1567693,3.1808825,3.177088,3.2541986,2016
2016-10-20,3.24,3.1393452,3.241916,3.1873822,3.298262,2016
2016-10-21,3.24,3.2176666,3.222399,3.2051816,3.2818096,2016
2016-10-24,3.27,3.340752,3.3100853,3.3587327,3.3497443,2016
2016-10-25,3.3,3.3754518,3.4422543,3.41329,3.5246081,2016
2016-10-26,3.28,3.4048686,3.4999166,3.3656063,3.518032,2016
2016-10-27,3.25,3.4244483,3.4889798,3.4259686,3.560836,2016
2016-10-28,3.24,3.4261026,3.4140959,3.3866777,3.4443595,2016
2016-10-31,3.28,3.4589741,3.4304302,3.3558848,3.366625,2016
2016-11-01,3.29,3.4519181,3.4820285,3.3854382,3.511501,2016
2016-11-02,3.43,3.3107147,3.3124077,3.3840637,3.3590062,2016
2016-11-03,3.39,3.4015234,3.6410298,3.4290502,3.6000113,2016
2016-11-04,3.34,3.3836877,3.4971857,3.3959148,3.364829,2016
2016-11-07,3.35,3.532874,3.442115,3.5266085,3.3369713,2016
2016-11-08,3.37,3.9903939,3.5069735,3.6775155,3.4026346,2016
2016-11-09,3.59,3.6641216,3.6472611,3.6094534,3.5760264,2016
2016-11-10,3.48,3.6679652,3.849697,3.7714012,3.8112204,2016
2016-11-11,3.58,4.084146,4.0696673,3.806982,3.8517973,2016
2016-11-14,3.62,3.8048742,3.9219809,3.7364566,3.5234745,2016
2016-11-15,3.63,3.5740485,3.7500196,3.5928745,3.7181437,2016
2016-11-16,3.59,3.4676485,3.699683,3.5324633,3.6712222,2016
2016-11-17,3.58,3.615628,3.5104244,3.5917382,3.6372652,2016
2016-11-18,3.5,3.5422626,3.5689414,3.6507342,3.6135108,2016
2016-11-21,3.5,3.5848162,3.473802,3.618476,3.5497758,2016
2016-11-22,3.54,3.5320983,3.5183702,3.5799298,3.5501943,2016
2016-11-23,3.51,3.5067687,3.5399296,3.547553,3.5948405,2016
2016-11-24,3.52,3.40212,3.5187244,3.4167619,3.5300312,2016
2016-11-25,3.51,3.4487047,3.6368866,3.5044856,3.5578554,2016
2016-11-28,3.7,3.53843,3.6470978,3.51537,3.5489438,2016
2016-11-29,3.66,3.5559812,3.584917,3.6142867,3.5394006,2016
2016-11-30,3.56,3.529918,3.6753523,3.5119355,3.4997547,2016
2016-12-01,3.65,3.548118,3.6495218,3.5529459,3.5086565,2016
2016-12-02,3.57,3.555647,3.7704766,3.5354903,3.631424,2016
2016-12-05,3.5,3.4569926,3.5322738,3.3985298,3.49533,2016
2016-12-06,3.47,3.6302814,3.5569923,3.5672882,3.4824212,2016
2016-12-07,3.48,3.4612231,3.496231,3.519463,3.5386438,2016
2016-12-08,3.52,3.474313,3.4422898,3.449422,3.4448526,2016
2016-12-09,3.52,3.5261712,3.5791235,3.443422,3.433245,2016
2016-12-12,3.41,3.3898823,3.4826288,3.3673646,3.449194,2016
2016-12-13,3.44,3.3904095,3.4386191,3.382476,3.3966978,2016
2016-12-14,3.55,3.492688,3.5274894,3.4474506,3.5232706,2016
2016-12-15,3.48,3.4437573,3.5858634,3.539107,3.485165,2016
2016-12-16,3.46,3.4520483,3.5252564,3.3772964,3.3903928,2016
2016-12-19,3.46,3.4651551,3.3697617,3.3501236,3.343256,2016
2016-12-20,3.39,3.6436243,3.4668424,3.5365565,3.5446942,2016
2016-12-21,3.42,3.6004303,3.444945,3.4928036,3.5136335,2016
2016-12-22,3.39,3.5360458,3.4207947,3.4636445,3.5012882,2016
2016-12-23,3.34,3.4642732,3.407068,3.405776,3.493119,2016
2016-12-26,3.3,3.486359,3.4015393,3.4732618,3.4339044,2016
2016-12-27,3.3,3.365214,3.3165843,3.3537064,3.2946184,2016
2016-12-28,3.3,3.334171,3.2613087,3.333266,3.3339372,2016
2016-12-29,3.34,3.282026,3.3411703,3.340555,3.3268669,2016
2016-12-30,3.34,3.3194544,3.2709255,3.2719438,3.2981656,2016
2016-12-31,3.36,3.2730749,3.320544,3.348014,3.393642,2016
2017-01-02,3.36,3.3799005,3.3306434,3.3702743,3.4083169,2017
2017-01-03,3.36,3.385859,3.3280308,3.3712418,3.3823237,2017
2017-01-04,3.37,3.4099689,3.4427607,3.3888483,3.4185965,2017
2017-01-05,3.41,3.3563359,3.4196017,3.3732743,3.4380903,2017
2017-01-06,3.38,3.376135,3.3969855,3.3848186,3.4583297,2017
2017-01-09,3.37,3.3932786,3.430304,3.3991404,3.3925457,2017
2017-01-10,3.4,3.4326174,3.4038775,3.3678112,3.3690436,2017
2017-01-11,3.41,3.3786516,3.3631752,3.4254444,3.3740096,2017
2017-01-12,3.4,3.3179243,3.3279662,3.3599937,3.3858368,2017
2017-01-13,3.41,3.3271174,3.3411388,3.347259,3.2714343,2017
2017-01-16,3.45,3.4796987,3.5636494,3.373105,3.3868885,2017
2017-01-17,3.49,3.5260153,3.4407346,3.4442084,3.440401,2017
2017-01-18,3.49,3.6035478,3.4871178,3.4779012,3.5285633,2017
2017-01-19,3.42,3.5632071,3.5195465,3.4640176,3.4881132,2017
2017-01-20,3.44,3.5570507,3.4648442,3.4894183,3.4962714,2017
2017-01-22,3.51,3.5241199,3.4778373,3.4824593,3.5345147,2017
2017-01-23,3.51,3.4966812,3.5012984,3.4909327,3.5032594,2017
2017-01-24,3.49,3.5530927,3.5660946,3.4909549,3.6035202,2017
2017-01-25,3.51,3.5243404,3.5390599,3.5043864,3.511881,2017
2017-01-26,3.58,3.6053839,3.57307,3.4851947,3.542375,2017
2017-01-27,3.57,3.6142635,3.6818035,3.5542808,3.559002,2017
2017-01-30,3.57,3.559474,3.6358109,3.589321,3.5668147,2017
2017-01-31,3.57,3.550212,3.6535423,3.5514562,3.6240447,2017
2017-02-01,3.57,3.5762005,3.6476624,3.6089427,3.55166,2017
2017-02-02,3.57,3.590916,3.634005,3.5757797,3.6530797,2017
2017-02-03,3.57,3.5717428,3.6338716,3.5937,3.694641,2017
2017-02-04,3.54,3.5959911,3.7933757,3.6524014,3.5825887,2017
2017-02-06,3.54,3.6044033,3.6828156,3.6619208,3.6423767,2017
2017-02-07,3.58,3.5645633,3.6383376,3.6203237,3.6493273,2017
2017-02-08,3.55,3.5737267,3.6707952,3.5725205,3.6719437,2017
2017-02-09,3.58,3.6140702,3.6536026,3.619184,3.7087955,2017
2017-02-10,3.55,3.5948074,3.5450811,3.6120293,3.5974839,2017
2017-02-13,3.6,3.5792847,3.5818722,3.529552,3.5984652,2017
2017-02-14,3.63,3.6556582,3.616625,3.5814342,3.5897858,2017
2017-02-15,3.55,3.623845,3.597232,3.6007414,3.5785296,2017
2017-02-16,3.62,3.6439424,3.5796394,3.603895,3.5892208,2017
2017-02-17,3.57,3.5449796,3.5409799,3.587816,3.545505,2017
2017-02-20,3.62,3.58971,3.576904,3.6216261,3.5302103,2017
2017-02-21,3.64,3.6178405,3.6483965,3.6079326,3.6049235,2017
2017-02-22,3.63,3.633563,3.677435,3.6284015,3.6453667,2017
2017-02-23,3.64,3.5603542,3.5855584,3.6230435,3.6282887,2017
2017-02-24,3.61,3.587421,3.577027,3.566487,3.5434082,2017
2017-02-27,3.57,3.5641642,3.5616055,3.5890195,3.5220385,2017
2017-02-28,3.57,3.6062396,3.5428042,3.6211472,3.5578456,2017
2017-03-01,3.57,3.6073523,3.6221573,3.5951984,3.5774887,2017
2017-03-02,3.53,3.6232815,3.582923,3.562164,3.5983937,2017
2017-03-03,3.45,3.593251,3.5894458,3.5882046,3.5425315,2017
2017-03-06,3.47,3.5972836,3.5593698,3.6006007,3.5531676,2017
2017-03-07,3.46,3.6006455,3.5829067,3.659647,3.5614102,2017
2017-03-08,3.44,3.4817598,3.53242,3.478307,3.4987755,2017
2017-03-09,3.39,3.456214,3.5541453,3.519482,3.4866414,2017
2017-03-10,3.4,3.5066314,3.548982,3.5459268,3.506506,2017
2017-03-13,3.46,3.5937548,3.553053,3.5520542,3.5575156,2017
2017-03-14,3.44,3.4216871,3.4084144,3.4440591,3.4127738,2017
2017-03-15,3.46,3.4738276,3.4612172,3.4539833,3.4548316,2017
2017-03-16,3.48,3.5714858,3.563874,3.4145448,3.4897113,2017
2017-03-17,3.45,3.4841094,3.50081,3.38924,3.5045502,2017
2017-03-20,3.5,3.5577898,3.5172174,3.507216,3.5478847,2017
2017-03-21,3.47,3.6278112,3.590787,3.5738418,3.6431625,2017
2017-03-22,3.46,3.613997,3.5879662,3.5575292,3.587218,2017
2017-03-23,3.46,3.6323662,3.609717,3.5963507,3.5202818,2017
2017-03-24,3.42,3.6720557,3.6465373,3.6527216,3.5977073,2017
2017-03-27,3.47,3.6508048,3.631134,3.6601837,3.5652874,2017
2017-03-28,3.44,3.6233876,3.5958977,3.5713925,3.4961722,2017
2017-03-29,3.46,3.6234226,3.5999205,3.624336,3.5120146,2017
2017-03-30,3.4,3.5762258,3.5470507,3.5662193,3.5106385,2017
2017-03-31,3.38,3.6349626,3.5703285,3.5759494,3.5509207,2017
2017-04-01,3.42,3.7282903,3.6185617,3.6262329,3.5894668,2017
2017-04-03,3.42,3.678101,3.6239336,3.5900888,3.5665138,2017
2017-04-04,3.42,3.6593034,3.6124132,3.5975792,3.534215,2017
2017-04-05,3.42,3.634939,3.5966547,3.5736425,3.4711735,2017
2017-04-06,3.46,3.670882,3.6155782,3.6999388,3.6119523,2017
2017-04-07,3.56,3.6285481,3.6192784,3.6101599,3.6207285,2017
2017-04-10,3.51,3.6864734,3.7115054,3.617834,3.6385436,2017
2017-04-11,3.57,3.6577313,3.6553094,3.602617,3.7000136,2017
2017-04-12,3.57,3.7364852,3.7710633,3.6603792,3.786282,2017
2017-04-13,3.58,3.564312,3.6633806,3.6241543,3.637978,2017
2017-04-14,3.62,3.4764025,3.5590131,3.5662384,3.5144732,2017
2017-04-17,3.53,3.5019014,3.5837564,3.6159337,3.5617218,2017
2017-04-18,3.47,3.574633,3.5361462,3.6338418,3.5784173,2017
2017-04-19,3.49,3.5159967,3.574797,3.4862862,3.510829,2017
2017-04-20,3.43,3.5085726,3.5366368,3.4889998,3.5248752,2017
2017-04-21,3.44,3.5018792,3.4575071,3.4936464,3.4555967,2017
2017-04-24,3.36,3.4225676,3.4655848,3.458619,3.4379075,2017
2017-04-25,3.36,3.437436,3.4792593,3.4650743,3.3976521,2017
2017-04-26,3.35,3.3828032,3.4502816,3.461475,3.3733227,2017
2017-04-27,3.35,3.4093773,3.4308467,3.4718006,3.389999,2017
2017-04-28,3.38,3.4520645,3.4342523,3.4668107,3.4224522,2017
2017-05-01,3.37,3.475907,3.488432,3.4717972,3.4270148,2017
2017-05-02,3.37,3.4291399,3.4815798,3.4929214,3.4704695,2017
2017-05-03,3.36,3.4204826,3.4687834,3.3944292,3.401137,2017
2017-05-04,3.33,3.4542856,3.478448,3.3621953,3.3782349,2017
2017-05-05,3.3,3.253057,3.3127859,3.2928178,3.3143775,2017
2017-05-08,3.29,3.269012,3.2557287,3.2674716,3.2206235,2017
2017-05-09,3.27,3.2835207,3.2347312,3.263988,3.2875535,2017
2017-05-10,3.23,3.298226,3.2621815,3.2480288,3.2203379,2017
2017-05-11,3.2,3.3256724,3.324663,3.297449,3.3376205,2017
2017-05-12,3.2,3.2091339,3.1605346,3.2123082,3.1477678,2017
2017-05-15,3.21,3.312015,3.2200232,3.2802804,3.2281766,2017
2017-05-16,3.25,3.3592706,3.2627711,3.3074257,3.2594366,2017
2017-05-17,3.24,3.3281446,3.2888532,3.2680528,3.2717354,2017
2017-05-18,3.27,3.3029087,3.2571056,3.256752,3.2248535,2017
2017-05-19,3.24,3.3530574,3.301897,3.2831485,3.3150299,2017
2017-05-22,3.23,3.3181398,3.2915666,3.2984815,3.2952347,2017
2017-05-23,3.27,3.3486385,3.3291833,3.2801652,3.3181663,2017
2017-05-24,3.25,3.3369431,3.3667524,3.3029594,3.3718877,2017
2017-05-25,3.27,3.4214551,3.3872519,3.3656616,3.3866198,2017
2017-05-26,3.28,3.3424368,3.3712115,3.3627725,3.3761494,2017
2017-05-27,3.28,3.3961053,3.3913991,3.3607042,3.396219,2017
2017-05-29,3.28,3.3993173,3.399723,3.372665,3.4048307,2017
2017-05-30,3.28,3.357113,3.3850126,3.3465402,3.3656235,2017
2017-05-31,3.28,3.3415298,3.3652768,3.3416104,3.3448164,2017
2017-06-01,3.27,3.347633,3.382623,3.338108,3.330518,2017
2017-06-02,3.26,3.211085,3.2767265,3.2760854,3.2922604,2017
2017-06-05,3.28,3.2461324,3.280059,3.308277,3.2982078,2017
2017-06-06,3.3,3.25911,3.2887497,3.3095345,3.314793,2017
2017-06-07,3.32,3.3868463,3.3892465,3.3896976,3.4005878,2017
2017-06-08,3.29,3.3978946,3.4211838,3.3998575,3.4021404,2017
2017-06-09,3.3,3.4620605,3.4577672,3.4206514,3.4040766,2017
2017-06-12,3.25,3.4713233,3.481555,3.5115376,3.5082796,2017
2017-06-13,3.31,3.4636915,3.4373314,3.5143228,3.4625945,2017
2017-06-14,3.31,3.305356,3.3838022,3.379062,3.425507,2017
2017-06-15,3.35,3.418258,3.427558,3.3422534,3.3678777,2017
2017-06-16,3.35,3.2651107,3.4175944,3.3681157,3.4097455,2017
2017-06-19,3.35,3.418579,3.4819775,3.4075925,3.3801472,2017
2017-06-20,3.33,3.2689264,3.4675708,3.4393284,3.481797,2017
2017-06-21,3.34,3.4103477,3.4659758,3.4671812,3.434164,2017
2017-06-22,3.35,3.3546572,3.482694,3.4988604,3.4785492,2017
2017-06-23,3.36,3.4625194,3.5324972,3.5103526,3.4849944,2017
2017-06-26,3.37,3.5344093,3.61857,3.5609696,3.5781388,2017
2017-06-27,3.36,3.6578875,3.6873047,3.6314943,3.5899446,2017
2017-06-28,3.37,3.6456287,3.6849911,3.6067023,3.5745165,2017
2017-06-29,3.39,3.714719,3.7242703,3.6375954,3.5668626,2017
2017-06-30,3.43,3.4070253,3.364124,3.3444664,3.384911,2017
2017-07-03,3.44,3.339976,3.449794,3.3753397,3.4364324,2017
2017-07-04,3.45,3.4067218,3.5178368,3.4463146,3.5424106,2017
2017-07-05,3.47,3.4328012,3.457073,3.4260077,3.4771073,2017
2017-07-06,3.49,3.460269,3.4829116,3.455744,3.513115,2017
2017-07-07,3.51,3.4113493,3.464593,3.4453948,3.4909112,2017
2017-07-10,3.54,3.3786337,3.4370377,3.439302,3.5200913,2017
2017-07-11,3.47,3.4049647,3.4814708,3.4692395,3.5629058,2017
2017-07-12,3.47,3.398236,3.4551275,3.4733067,3.5052004,2017
2017-07-13,3.55,3.4388947,3.5272064,3.4861846,3.522319,2017
2017-07-14,3.55,3.4570653,3.5197608,3.5048177,3.5820696,2017
2017-07-17,3.58,3.3073747,3.414862,3.4733377,3.5130723,2017
2017-07-18,3.6,3.3310413,3.4427187,3.4922576,3.4975886,2017
2017-07-19,3.64,3.4221485,3.5406568,3.5237808,3.6053724,2017
2017-07-20,3.59,3.4764023,3.606347,3.545386,3.6570141,2017
2017-07-21,3.54,3.4242058,3.4857042,3.5350325,3.5657682,2017
2017-07-24,3.56,3.4686074,3.4993017,3.545953,3.575095,2017
2017-07-25,3.56,3.47164,3.4779356,3.5589118,3.4981809,2017
2017-07-26,3.67,3.6452847,3.560093,3.6306188,3.6859567,2017
2017-07-27,3.66,3.7071245,3.5800855,3.7079556,3.68831,2017
2017-07-28,3.65,3.7213194,3.6340113,3.727948,3.7166042,2017
2017-07-31,3.73,3.7101088,3.6639302,3.680308,3.6789691,2017
2017-08-01,3.76,3.708114,3.6653087,3.7039425,3.732657,2017
2017-08-02,3.74,3.7011743,3.6706886,3.6867585,3.7445996,2017
2017-08-03,3.76,3.6984422,3.7131312,3.676725,3.7804177,2017
2017-08-04,3.79,3.6518428,3.7036607,3.650014,3.7169387,2017
2017-08-07,3.75,3.689863,3.6876385,3.6381986,3.6350126,2017
2017-08-08,3.9,3.7115083,3.6319134,3.636684,3.645562,2017
2017-08-09,4.06,3.7057152,3.658007,3.7351706,3.7567465,2017
2017-08-10,4.04,3.6314106,3.6443899,3.7241414,3.7638066,2017
2017-08-11,3.88,3.8804228,3.8213875,3.8832493,3.7686968,2017
2017-08-14,3.79,3.8522809,3.8051314,3.867697,3.7915702,2017
2017-08-15,3.73,3.6871943,3.656411,3.7537637,3.694049,2017
2017-08-16,3.66,3.9456103,3.8184502,3.835418,3.8765645,2017
2017-08-17,3.82,3.9043639,3.8359635,3.8891037,3.7705579,2017
2017-08-18,3.76,3.962963,3.8747013,3.7810166,3.7919362,2017
2017-08-21,3.78,4.1046386,3.952788,3.9216342,3.739394,2017
2017-08-22,3.75,4.001413,3.9157572,3.7946436,3.8097134,2017
2017-08-23,3.67,4.1817145,4.075801,3.948025,3.910441,2017
2017-08-24,3.64,4.0446777,3.912796,3.821009,3.7190342,2017
2017-08-25,3.7,3.8564677,3.7728593,3.7252896,3.6688507,2017
2017-08-28,3.74,4.0226903,3.8620822,3.8358908,3.7382958,2017
2017-08-29,3.79,3.8622463,3.7837975,3.714388,3.646043,2017
2017-08-30,3.77,3.8329382,3.7843964,3.6855998,3.6759803,2017
2017-08-31,3.75,3.8602943,3.7855005,3.7249684,3.6152365,2017
2017-09-01,4.04,3.892478,3.8346307,3.7845857,3.636446,2017
2017-09-04,4.3,4.0599246,4.0546455,3.9384718,3.909401,2017
2017-09-05,4.27,4.2298436,4.0868516,4.082423,4.072863,2017
2017-09-06,4.38,4.183097,4.0408607,4.075637,4.093915,2017
2017-09-07,4.17,4.704337,4.4238424,4.55416,4.765033,2017
2017-09-08,4.29,4.5714583,4.130104,4.325595,4.4083686,2017
2017-09-11,4.16,4.2061586,4.246234,4.2816215,4.207398,2017
2017-09-12,4.14,4.072692,4.0329223,4.119985,4.005256,2017
2017-09-13,4.05,4.020417,3.9865067,4.1204505,3.9895818,2017
2017-09-14,4.01,4.1253366,4.0170574,4.0927,4.046833,2017
2017-09-15,4.01,4.0636706,4.0352764,3.9463964,3.9801748,2017
2017-09-18,3.95,3.9744222,3.913802,3.864551,3.8520532,2017
2017-09-19,3.99,3.7905557,3.9732695,3.863746,3.829709,2017
2017-09-20,4.05,3.7073991,4.0621448,3.8426447,3.8690937,2017
2017-09-21,3.9,3.7741585,4.003011,3.9630535,3.8802416,2017
2017-09-22,3.92,3.9794052,3.983484,3.8644383,3.853685,2017
2017-09-25,3.91,3.90031,4.0131407,3.877198,3.8963413,2017
2017-09-26,3.93,3.9101093,3.9732645,3.8553584,3.8473904,2017
2017-09-27,3.91,3.9502568,3.9687362,3.82388,3.794479,2017
2017-09-28,3.87,3.8262982,3.9444416,3.8417056,3.7645888,2017
2017-09-29,3.87,3.9268942,3.9273624,3.8498745,3.809622,2017
2017-09-30,3.9,3.9149094,3.949304,3.8206673,3.8005075,2017
2017-10-02,3.9,3.8864052,3.9342923,3.776438,3.7948978,2017
2017-10-03,3.9,3.8748956,3.9270895,3.7476583,3.7541678,2017
2017-10-04,3.9,3.8847847,3.9627364,3.7428124,3.7764745,2017
2017-10-05,3.9,3.8485413,3.8595097,3.6922271,3.568228,2017
2017-10-06,3.9,3.8529,3.9224234,3.73278,3.8061452,2017
2017-10-09,3.9,3.863473,3.9045534,3.6669898,3.7225623,2017
2017-10-10,3.9,3.9714413,3.9295022,3.8552096,3.7199945,2017
2017-10-11,3.87,3.9519112,3.9198606,3.8248315,3.7519104,2017
2017-10-12,3.87,3.9380884,3.9158242,3.8821225,3.8930516,2017
2017-10-13,3.9,4.080417,3.9718065,3.9894302,3.8873365,2017
2017-10-16,4.01,3.9963338,3.8078985,3.8161647,3.7552984,2017
2017-10-17,3.91,3.9074416,4.052279,3.8824751,3.6414313,2017
2017-10-18,3.93,3.938527,4.0332594,3.7980094,3.67337,2017
2017-10-19,3.94,3.9916923,3.9742773,3.8217368,3.619773,2017
2017-10-20,3.94,3.989396,3.930118,3.870206,3.6725395,2017
2017-10-23,3.9,4.0503597,3.9700227,3.9045012,3.6970654,2017
2017-10-24,3.96,4.032014,3.9634104,3.9603221,3.8310657,2017
2017-10-25,3.97,4.039636,4.036603,4.045613,3.8623164,2017
2017-10-26,3.87,3.9248683,3.938448,3.958281,3.8939009,2017
2017-10-27,3.72,3.9374537,3.8835526,3.8959682,3.884208,2017
2017-10-30,3.7,4.0080895,3.8113196,3.940011,3.7685373,2017
2017-10-31,3.69,3.8990183,3.8430753,3.8683336,3.8102977,2017
2017-11-01,3.68,3.953555,3.8418446,3.8823125,3.7811007,2017
2017-11-02,3.7,3.9730976,3.8549383,3.9277742,3.7632146,2017
2017-11-03,3.7,3.829527,3.8000672,3.797826,3.6974833,2017
2017-11-06,3.68,4.0100875,3.9316013,3.8835762,3.7933185,2017
2017-11-07,3.73,3.9365609,3.9565444,3.931047,3.8112311,2017
2017-11-08,3.72,4.102851,4.0150166,4.037448,3.7835262,2017
2017-11-09,3.73,4.2367806,4.1729894,4.2182717,3.8683913,2017
2017-11-10,3.7,4.1875257,4.2067404,4.1611085,3.9227974,2017
2017-11-13,3.67,4.298736,4.381784,4.19871,4.040357,2017
2017-11-14,3.65,4.2031083,4.2009163,4.180168,3.9308064,2017
2017-11-15,3.66,4.079476,4.0006075,4.1156936,3.802738,2017
2017-11-16,3.6,4.1649194,4.122531,4.2252884,3.8560598,2017
2017-11-17,3.69,4.3009477,4.1482167,4.2508917,3.9244716,2017
2017-11-20,3.71,4.3255477,4.2781987,4.177674,3.999914,2017
2017-11-21,3.68,4.3193336,4.4954243,4.2883377,4.182724,2017
2017-11-22,3.73,4.5074635,4.5928516,4.447574,4.281715,2017
2017-11-23,3.79,4.2530866,4.1346483,4.2869544,4.010661,2017
2017-11-24,3.83,4.243317,4.1496663,4.250288,4.0532722,2017
2017-11-27,3.84,4.2192802,4.071276,4.1290402,3.91858,2017
2017-11-28,3.84,4.244804,4.120119,4.2993674,3.8991356,2017
2017-11-29,3.95,4.0875,3.956071,4.1989446,3.817188,2017
2017-11-30,3.95,3.96441,3.8242333,4.0877256,3.7207003,2017
2017-12-01,3.94,4.026636,4.0027566,4.1119847,3.8903465,2017
2017-12-04,3.94,4.006299,4.0321603,4.1085896,3.8898652,2017
2017-12-05,4.01,3.7805276,3.8007019,3.8820329,3.7709963,2017
2017-12-06,3.9,3.812433,4.003946,3.887909,3.9390714,2017
2017-12-07,3.9,3.8320372,3.8536465,3.890549,3.8326235,2017
2017-12-08,3.86,3.8038063,3.7889783,3.855241,3.816548,2017
2017-12-11,3.87,3.7741992,3.7441776,3.8257163,3.8413205,2017
2017-12-12,3.85,3.8195357,3.7923808,3.7848945,3.8320653,2017
2017-12-13,3.88,3.824426,3.8584409,3.8639388,3.8308382,2017
2017-12-14,3.93,3.8099232,3.8674557,3.8471494,3.7968276,2017
2017-12-15,3.98,3.762258,3.8413186,3.7507732,3.7820485,2017
2017-12-18,3.99,3.758671,3.8514614,3.716724,3.7453654,2017
2017-12-19,3.99,3.837802,3.8944013,3.7273307,3.8156555,2017
2017-12-20,3.99,3.829209,3.8307712,3.6438584,3.7868395,2017
2017-12-21,4.05,3.968108,3.9387124,3.9596636,3.9312131,2017
2017-12-22,4.16,3.9715354,3.9259486,3.9675584,3.927833,2017
2017-12-25,4.18,3.9566262,3.9112391,3.9786952,3.9162502,2017
2017-12-26,4.18,3.9246187,3.886565,4.059483,3.8746228,2017
2017-12-27,4.26,3.9034398,3.860414,3.934166,3.8659213,2017
2017-12-28,4.69,3.9064887,3.89335,3.941379,3.9051666,2017
2017-12-29,4.59,3.9322815,4.0821333,4.0856233,3.998729,2017
2017-12-30,4.61,4.7251244,4.795023,4.7211313,4.784398,2017
2017-12-31,4.61,4.8347473,4.8175545,4.7978826,4.8154273,2017
2018-01-01,4.61,4.622734,4.677961,4.730397,4.687165,2018
2018-01-02,4.61,4.6041126,4.6754804,4.772956,4.7133455,2018
2018-01-03,4.63,4.5127187,4.5614185,4.5386395,4.5580235,2018
2018-01-04,4.69,4.5950627,4.651338,4.612836,4.628973,2018
2018-01-05,4.63,4.553328,4.601482,4.583187,4.587992,2018
2018-01-08,4.85,4.495612,4.5558805,4.5388813,4.531616,2018
2018-01-09,4.81,4.5280104,4.567891,4.5617495,4.5685134,2018
2018-01-10,4.82,4.55096,4.634618,4.650822,4.648525,2018
2018-01-11,4.72,4.552356,4.6599884,4.6854515,4.672396,2018
2018-01-12,4.64,4.6948624,4.7797637,4.8484263,4.849474,2018
2018-01-15,4.71,4.7644787,4.836526,4.8769464,4.901388,2018
2018-01-16,4.7,4.772557,4.856898,4.884094,4.9006867,2018
2018-01-17,4.46,4.7860546,4.8324475,4.848394,4.8820825,2018
2018-01-18,4.48,4.838263,4.8120584,4.820732,4.861528,2018
2018-01-19,4.51,4.8236756,4.8048124,4.8433437,4.904573,2018
2018-01-22,4.56,4.8364944,4.8848248,4.9284296,4.9333415,2018
2018-01-23,4.61,4.8128047,4.6808696,4.731182,4.8089657,2018
2018-01-24,4.52,4.6236,4.824027,4.6857963,4.793294,2018
2018-01-25,4.9,4.6302705,4.5835547,4.6165733,4.5093617,2018
2018-01-26,4.88,4.637216,4.6122003,4.5168476,4.5253615,2018
2018-01-29,5.04,4.3725457,4.309006,4.3140273,4.254716,2018
2018-01-30,4.94,4.303751,4.2511115,4.30127,4.2790356,2018
2018-01-31,5.13,4.3450623,4.2648535,4.3600717,4.2763696,2018
2018-02-01,5.08,4.1154885,3.9838095,4.2775397,4.294647,2018
2018-02-02,5.38,4.1721773,4.0370793,4.293313,4.323202,2018
2018-02-05,5.41,4.1653476,4.1659007,4.3759403,4.378726,2018
2018-02-06,5.3,3.983691,3.9243379,4.25878,4.2881823,2018
2018-02-07,5.12,3.9092891,3.8644278,4.242754,4.276427,2018
2018-02-08,4.69,5.2396336,4.7977214,4.9142394,5.0553207,2018
2018-02-09,4.37,5.1702323,4.670337,4.8217278,4.76041,2018
2018-02-11,4.39,4.625112,4.3945155,4.4141464,4.402728,2018
2018-02-12,4.39,4.565354,4.521331,4.505804,4.5466895,2018
2018-02-13,4.42,4.676392,4.4949846,4.603313,4.644248,2018
2018-02-14,4.59,4.792029,4.5647683,4.701865,4.8745184,2018
2018-02-15,4.77,5.1310253,4.935087,4.9596624,4.9127264,2018
2018-02-16,4.77,5.158161,4.885314,4.8813443,4.8987546,2018
2018-02-19,4.77,5.1884127,4.769273,4.8199744,4.6909256,2018
2018-02-20,4.77,5.157253,4.754893,4.684074,4.588727,2018
2018-02-21,4.77,5.0659595,4.777407,4.6501513,4.6292524,2018
2018-02-22,4.77,5.1019826,4.813693,4.7485814,4.7181125,2018
2018-02-23,4.82,5.112628,4.7410455,4.838904,4.6818457,2018
2018-02-24,4.89,5.077191,4.738374,4.739089,4.6079197,2018
2018-02-26,4.89,5.0910068,4.796622,4.7424517,4.6281343,2018
2018-02-27,4.7,5.12092,4.832085,4.8686767,4.6790624,2018
2018-02-28,4.6,4.964518,4.4592433,4.576437,4.438329,2018
2018-03-01,4.68,4.785529,4.416423,4.491518,4.315262,2018
2018-03-02,4.61,4.6605487,4.370375,4.4485316,4.3181477,2018
2018-03-05,4.61,4.7410593,4.459267,4.410721,4.3728466,2018
2018-03-06,4.59,4.669514,4.5035563,4.470708,4.422159,2018
2018-03-07,4.54,4.838863,4.5704684,4.5790744,4.4866138,2018
2018-03-08,4.82,4.7677636,4.375447,4.3611746,4.2973447,2018
2018-03-09,4.77,4.5991607,4.6567054,4.55044,4.702443,2018
2018-03-12,4.81,4.764108,4.8236055,4.8894286,4.8275895,2018
2018-03-13,4.77,4.7449646,4.851347,4.8027263,4.8465376,2018
2018-03-14,4.88,4.7576523,4.852108,4.8176613,4.8768697,2018
2018-03-15,4.84,4.7552953,4.880622,4.822991,4.8476014,2018
2018-03-16,4.72,4.780513,4.852488,4.790705,4.7821536,2018
2018-03-19,4.58,4.7318487,4.7521443,4.688142,4.710443,2018
2018-03-20,4.57,4.7642174,4.6811986,4.648417,4.64185,2018
2018-03-21,4.62,4.60091,4.5005603,4.4357166,4.4656363,2018
2018-03-22,4.57,4.558575,4.5143023,4.551213,4.5318465,2018
2018-03-23,4.54,4.3545756,4.2951546,4.1429725,4.1869316,2018
2018-03-26,4.52,4.3600545,4.277448,4.2656503,4.3541574,2018
2018-03-27,4.61,4.461739,4.392327,4.523743,4.5388236,2018
2018-03-28,4.49,4.564199,4.4996448,4.4497128,4.4597626,2018
2018-03-29,4.4,4.5681973,4.4498577,4.599709,4.489197,2018
2018-03-30,4.35,4.543788,4.4882374,4.59474,4.533909,2018
2018-04-02,4.42,4.6679435,4.585403,4.5245233,4.5727606,2018
2018-04-03,4.34,4.6305737,4.551695,4.4820824,4.4585304,2018
2018-04-04,4.35,4.580218,4.481133,4.3748884,4.4278913,2018
2018-04-05,4.28,4.603932,4.3317785,4.3527627,4.2997,2018
2018-04-06,4.28,4.6494703,4.4947076,4.403323,4.4378,2018
2018-04-08,4.28,4.6647377,4.479007,4.363858,4.3481116,2018
2018-04-09,4.28,4.6695533,4.4798017,4.341845,4.3658533,2018
2018-04-10,4.39,4.7187915,4.42723,4.4107757,4.3974667,2018
2018-04-11,4.52,4.7431636,4.563725,4.430758,4.4412537,2018
2018-04-12,4.47,4.6745157,4.616426,4.4151783,4.411311,2018
2018-04-13,4.37,4.6258993,4.5275273,4.3672833,4.420754,2018
2018-04-16,4.33,4.648369,4.468049,4.3249593,4.364488,2018
2018-04-17,4.21,4.568778,4.423482,4.2405148,4.2491155,2018
2018-04-18,4.14,4.599841,4.295215,4.2554483,4.186144,2018
2018-04-19,4.27,4.2967415,3.8351686,4.051852,3.9269297,2018
2018-04-20,4.21,4.255739,4.1159267,4.006554,4.054578,2018
2018-04-23,4.12,4.4016805,4.120751,3.992799,4.0533056,2018
2018-04-24,4.15,4.149103,3.9086027,4.0081635,4.0724235,2018
2018-04-25,4.14,4.4175816,4.0846386,3.9858973,4.1496363,2018
2018-04-26,4.12,4.2892456,4.0593376,4.0286884,4.0538673,2018
2018-04-27,4.12,4.077755,4.009023,4.056889,3.9368558,2018
2018-04-28,3.99,4.2168493,4.013194,3.932154,3.9280367,2018
2018-04-30,3.99,4.1709743,3.915626,3.9826238,3.8878124,2018
2018-05-01,3.99,4.1428432,3.936352,3.9705343,3.972161,2018
2018-05-02,3.99,4.1701164,3.9934137,3.9848366,3.945283,2018
2018-05-03,3.96,4.035737,3.9798489,3.998895,3.9827435,2018
2018-05-04,3.96,4.0773525,3.947189,4.021487,3.9458852,2018
2018-05-07,3.99,4.1243453,3.9005075,3.900559,3.9426837,2018
2018-05-08,4.08,4.079571,4.0234075,3.8319044,4.0129185,2018
2018-05-09,4.07,4.08892,4.122509,3.8104465,4.0670505,2018
2018-05-10,4.1,4.056931,4.0406833,3.867109,4.0486765,2018
2018-05-11,4.12,4.1658454,4.083616,4.027426,4.08526,2018
2018-05-14,4.1,4.132059,4.158361,4.040873,4.127671,2018
2018-05-15,4.06,4.205028,4.203184,3.9051194,4.151969,2018
2018-05-16,3.96,4.193577,4.0027122,3.9134502,3.9590611,2018
2018-05-17,3.92,4.197665,3.9504344,3.9327183,3.9827495,2018
2018-05-18,3.97,4.086769,3.9598722,3.9298074,3.9466853,2018
2018-05-21,4.0,4.0216084,3.9623282,3.8453543,4.0331793,2018
2018-05-22,3.95,4.0279546,3.9667335,3.8883998,4.046117,2018
2018-05-23,3.93,3.9540033,3.992613,3.96337,4.017349,2018
2018-05-24,3.89,3.9821389,3.9581602,3.862478,3.9421482,2018
2018-05-25,3.88,3.9239647,3.9083564,3.8779037,3.8631115,2018
2018-05-28,3.81,3.6706164,3.5169427,3.6060305,3.6273925,2018
2018-05-29,3.82,3.7413402,3.4857235,3.6265817,3.541453,2018
2018-05-30,3.84,3.8497822,3.785218,3.8582778,3.5816238,2018
2018-05-31,3.75,3.8469265,3.733419,3.831117,3.7079432,2018
2018-06-01,3.68,3.9195757,3.870398,3.9903946,3.6538815,2018
2018-06-04,3.66,4.0484524,3.8843615,3.9738104,3.785882,2018
2018-06-05,3.72,4.0636864,3.7897696,3.9964159,3.922784,2018
2018-06-06,3.96,3.7431376,3.7620797,3.6674764,3.7899945,2018
2018-06-07,3.96,3.8135974,3.9590812,3.784592,4.0752687,2018
2018-06-08,3.9,3.8239017,3.9723134,3.842197,4.0243053,2018
2018-06-11,4.02,4.028738,4.002999,3.9411938,4.043935,2018
2018-06-12,4.05,4.0676703,4.096856,4.007239,4.044419,2018
2018-06-13,4.0,4.088447,4.108143,4.009146,3.9500866,2018
2018-06-14,3.95,3.959266,3.9767075,3.8397107,3.7818894,2018
2018-06-15,3.96,3.777789,3.9796133,3.8472161,3.923975,2018
2018-06-18,3.97,3.8580432,3.8611832,3.9019141,3.5140173,2018
2018-06-19,3.97,3.8643444,3.92617,3.7902892,3.8434002,2018
2018-06-20,3.85,3.9139638,3.909628,3.8527408,3.919366,2018
2018-06-21,3.78,3.8818336,3.8863356,3.8029199,3.874508,2018
2018-06-22,3.8,3.7784553,3.773708,3.7633674,3.7426963,2018
2018-06-25,3.74,3.8595486,3.8968275,3.7591002,3.8349853,2018
2018-06-26,3.66,3.737737,3.6963348,3.7301593,3.734055,2018
2018-06-27,3.66,3.626902,3.6126187,3.5449085,3.619988,2018
2018-06-28,3.64,3.5971737,3.6338,3.5602787,3.6476712,2018
2018-06-29,3.61,3.6584387,3.6414711,3.6248462,3.641027,2018
2018-07-02,3.48,3.6768456,3.6562366,3.5818548,3.6282265,2018
2018-07-03,3.47,3.5452957,3.6161497,3.5760772,3.5474615,2018
2018-07-04,3.56,3.6230967,3.7131248,3.5179782,3.5096405,2018
2018-07-05,3.57,3.5385518,3.575175,3.644578,3.495944,2018
2018-07-06,3.53,3.5391808,3.576889,3.5907993,3.596029,2018
2018-07-09,3.58,3.4764352,3.6234078,3.628031,3.5603547,2018
2018-07-10,3.57,3.547061,3.601853,3.4699135,3.6610363,2018
2018-07-11,3.4,3.719794,3.4987066,3.4880574,3.7255461,2018
2018-07-12,3.45,3.5458486,3.642169,3.4887743,3.508071,2018
2018-07-13,3.41,3.5304277,3.5656705,3.445745,3.5817094,2018
2018-07-16,3.39,3.5458057,3.5866032,3.445976,3.5731401,2018
2018-07-17,3.37,3.5511432,3.5613782,3.4525306,3.5310543,2018
2018-07-18,3.31,3.5683868,3.6453354,3.4812167,3.5137844,2018
2018-07-19,3.27,3.6267326,3.5437832,3.4221294,3.58939,2018
2018-07-20,3.28,3.5174575,3.6038606,3.5478256,3.4138908,2018
2018-07-23,3.41,3.413055,3.578267,3.507853,3.331947,2018
2018-07-24,3.57,3.5017989,3.6278942,3.5549603,3.5349147,2018
2018-07-25,3.59,3.4249382,3.697286,3.4692945,3.601302,2018
2018-07-26,3.56,3.5182686,3.5802677,3.5263712,3.6022718,2018
2018-07-27,3.55,3.4881318,3.5678172,3.5082877,3.579874,2018
2018-07-30,3.52,3.5250678,3.5605326,3.5324516,3.6213617,2018
2018-07-31,3.54,3.53369,3.5455353,3.4564552,3.5722811,2018
2018-08-01,3.47,3.5424905,3.6530206,3.48245,3.5545168,2018
2018-08-02,3.36,3.5208576,3.4861867,3.4945505,3.489861,2018
2018-08-03,3.3,3.5299006,3.4587858,3.545423,3.5660465,2018
2018-08-06,3.28,3.4928365,3.4460328,3.6005661,3.5241053,2018
2018-08-07,3.39,3.3543236,3.326535,3.33837,3.3288488,2018
2018-08-08,3.39,3.3926227,3.3965595,3.4625373,3.4979913,2018
2018-08-09,3.46,3.4230728,3.4141607,3.4231703,3.4344242,2018
2018-08-10,3.43,3.3488336,3.4237106,3.38604,3.442736,2018
2018-08-13,3.41,3.193951,3.3428,3.2797403,3.230678,2018
2018-08-14,3.39,3.2809343,3.3797448,3.3491979,3.352187,2018
2018-08-15,3.31,3.4759877,3.4815125,3.379025,3.4733624,2018
2018-08-16,3.24,3.335525,3.3853674,3.3625958,3.3507605,2018
2018-08-17,3.23,3.2878647,3.3306139,3.3005984,3.33142,2018
2018-08-20,3.28,3.0744915,3.2605865,3.3253002,3.3400264,2018
2018-08-21,3.32,3.37368,3.3625782,3.4021194,3.3539157,2018
2018-08-22,3.3,3.397718,3.4117835,3.421154,3.3897505,2018
2018-08-23,3.3,3.3352778,3.3758545,3.350175,3.334756,2018
2018-08-24,3.31,3.4292715,3.352272,3.384505,3.3722134,2018
2018-08-27,3.43,3.4483652,3.4054482,3.4316201,3.4139478,2018
2018-08-28,3.43,3.3929243,3.3909295,3.4478974,3.4432907,2018
2018-08-29,3.43,3.4830904,3.453912,3.4772,3.5035002,2018
2018-08-30,3.39,3.3826394,3.4147174,3.4050908,3.3895793,2018
2018-08-31,3.4,3.3869534,3.4082098,3.35596,3.378954,2018
2018-09-03,3.37,3.34783,3.3934639,3.3253555,3.3653605,2018
2018-09-04,3.4,3.3429213,3.38567,3.3465898,3.3612492,2018
2018-09-05,3.37,3.3191562,3.3723154,3.389698,3.3937976,2018
2018-09-06,3.39,3.3598132,3.3399115,3.382946,3.3746254,2018
2018-09-07,3.44,3.4416494,3.385462,3.464859,3.375416,2018
2018-09-10,3.35,3.4101956,3.4562836,3.4213126,3.3990343,2018
2018-09-11,3.33,3.4333801,3.4396677,3.4531898,3.3748105,2018
2018-09-12,3.32,3.4599714,3.375448,3.4826071,3.3809948,2018
2018-09-13,3.4,3.5684204,3.4124281,3.535217,3.4025342,2018
2018-09-14,3.45,3.4082642,3.4215233,3.444053,3.37626,2018
2018-09-17,3.4,3.4060104,3.4892206,3.4173403,3.4240828,2018
2018-09-18,3.45,3.5191057,3.350986,3.5790596,3.4377189,2018
2018-09-19,3.55,3.7171855,3.5577276,3.6381688,3.5076702,2018
2018-09-20,3.53,3.7286854,3.6595626,3.6659167,3.6217613,2018
2018-09-21,3.61,3.644415,3.5000868,3.400251,3.516907,2018
2018-09-24,3.6,3.6687095,3.6981912,3.6161115,3.6601856,2018
2018-09-25,3.6,3.6773818,3.6584058,3.602352,3.6740785,2018
2018-09-26,3.59,3.5940943,3.6165845,3.5881608,3.6696208,2018
2018-09-27,3.55,3.4696887,3.5020728,3.5060403,3.5791047,2018
2018-09-28,3.57,3.5054426,3.5720496,3.427287,3.5829577,2018
2018-09-29,3.47,3.423314,3.4611773,3.5249286,3.5357556,2018
2018-09-30,3.47,3.4785583,3.4865143,3.5317686,3.4807682,2018
2018-10-01,3.47,3.4962184,3.4833946,3.523493,3.4703908,2018
2018-10-02,3.47,3.4733858,3.4510157,3.4737182,3.457698,2018
2018-10-03,3.47,3.4981365,3.5195496,3.5409408,3.511994,2018
2018-10-04,3.47,3.4681692,3.517293,3.4957147,3.4821427,2018
2018-10-05,3.47,3.4759321,3.5039396,3.4760973,3.4620216,2018
2018-10-08,3.47,3.4706123,3.4768069,3.4781017,3.4611313,2018
2018-10-09,3.59,3.4673939,3.48246,3.4995022,3.4680321,2018
2018-10-10,3.69,3.5005705,3.5406344,3.5031211,3.533842,2018
2018-10-11,3.6,3.5092287,3.6861162,3.638192,3.652119,2018
2018-10-12,3.65,3.4955544,3.5172608,3.5907617,3.5344088,2018
2018-10-15,3.58,3.530484,3.638409,3.5965755,3.646291,2018
2018-10-16,3.34,3.655745,3.515946,3.627199,3.5416589,2018
2018-10-17,3.37,3.6203306,3.3941529,3.5685012,3.4183261,2018
2018-10-18,3.29,3.6009104,3.3573697,3.5965295,3.4006288,2018
2018-10-19,3.4,3.529687,3.42327,3.4666944,3.3862917,2018
2018-10-22,3.5,3.4403734,3.4449236,3.3942018,3.3881779,2018
2018-10-23,3.48,3.4916723,3.360931,3.4790037,3.4528863,2018
2018-10-24,3.51,3.4146678,3.4236956,3.3438663,3.3544679,2018
2018-10-25,3.56,3.3634264,3.384558,3.351963,3.385876,2018
2018-10-26,3.55,3.3978364,3.4254913,3.359337,3.3975961,2018
2018-10-29,3.42,3.3100638,3.3786902,3.360618,3.3694258,2018
2018-10-30,3.41,3.397676,3.310946,3.397377,3.3054466,2018
2018-10-31,3.42,3.418189,3.3772695,3.4065592,3.373428,2018
2018-11-01,3.5,3.3888495,3.3965094,3.3604538,3.3941336,2018
2018-11-02,3.54,3.6386247,3.5106535,3.4878848,3.5163026,2018
2018-11-05,3.55,3.4806774,3.4889896,3.4584258,3.5233004,2018
2018-11-06,3.55,3.4360027,3.470973,3.476467,3.505664,2018
2018-11-07,3.56,3.4682035,3.488313,3.450047,3.5009809,2018
2018-11-08,3.48,3.453644,3.4707575,3.4454195,3.5073326,2018
2018-11-09,3.42,3.3893802,3.41655,3.4250257,3.4266238,2018
2018-11-12,3.44,3.3896124,3.3954837,3.3597643,3.3848019,2018
2018-11-13,3.46,3.370215,3.41977,3.336514,3.3811915,2018
2018-11-14,3.44,3.353289,3.4243395,3.4364357,3.3868232,2018
2018-11-15,3.48,3.3857598,3.3685985,3.4039032,3.3671827,2018
2018-11-16,3.46,3.4073045,3.3943305,3.385467,3.33805,2018
2018-11-19,3.47,3.3759465,3.4098616,3.4381955,3.3448696,2018
2018-11-20,3.54,3.396332,3.4198194,3.4728773,3.4197536,2018
2018-11-21,3.53,3.4344745,3.4367175,3.4216495,3.4482687,2018
2018-11-22,3.51,3.3925982,3.454552,3.4513633,3.4496164,2018
2018-11-23,3.39,3.4157531,3.4390423,3.4436035,3.4407165,2018
2018-11-26,3.34,3.4250665,3.3597875,3.4162416,3.35784,2018
2018-11-27,3.34,3.400908,3.3510907,3.389967,3.3317406,2018
2018-11-28,3.34,3.306003,3.3550603,3.3187513,3.312596,2018
2018-11-29,3.38,3.320792,3.3629706,3.3844087,3.417597,2018
2018-11-30,3.39,3.353231,3.3659046,3.4060364,3.3799741,2018
2018-12-03,3.44,3.4336321,3.3993895,3.4255223,3.3633606,2018
2018-12-04,3.44,3.5264025,3.4147074,3.552223,3.4000013,2018
2018-12-05,3.41,3.4995487,3.386086,3.484891,3.3976152,2018
2018-12-06,3.4,3.4718015,3.3968723,3.5198092,3.3929062,2018
2018-12-07,3.4,3.5056908,3.3760924,3.4220333,3.3587105,2018
2018-12-10,3.46,3.4630036,3.4018278,3.4910107,3.4026484,2018
2018-12-11,3.48,3.4222865,3.4265068,3.4115057,3.4240937,2018
2018-12-12,3.43,3.390147,3.4623656,3.4110284,3.4810936,2018
2018-12-13,3.43,3.4298348,3.4277613,3.461013,3.4297109,2018
2018-12-14,3.38,3.3919287,3.4196324,3.43447,3.4148653,2018
2018-12-17,3.41,3.4735463,3.4035861,3.4535506,3.3759718,2018
2018-12-18,3.42,3.4360652,3.4060185,3.5073156,3.430073,2018
2018-12-19,3.42,3.3850217,3.3474677,3.3759816,3.4414928,2018
2018-12-20,3.37,3.4007006,3.4003778,3.3979661,3.4362462,2018
2018-12-21,3.38,3.3747582,3.336819,3.4188251,3.3260396,2018
2018-12-24,3.39,3.360341,3.332681,3.3825302,3.398637,2018
2018-12-25,3.39,3.3813605,3.35795,3.4163344,3.3815792,2018
2018-12-26,3.37,3.366675,3.3436246,3.3532634,3.3326538,2018
2018-12-27,3.32,3.3986907,3.3142886,3.3538024,3.3351722,2018
2018-12-28,3.34,3.3830469,3.2961037,3.3552408,3.2912545,2018
2018-12-29,3.01,3.3960414,3.3409846,3.3879883,3.3457813,2018
2018-12-30,3.01,3.252781,3.2018857,3.213277,3.0702062,2018
2018-12-31,3.01,3.0324852,3.03975,3.0538478,2.9720805,2018
2019-01-01,3.01,3.0704818,3.072535,3.0369904,3.0160906,2019
2019-01-02,3.01,2.9488575,2.9478176,2.9668784,2.922559,2019
2019-01-03,3.05,2.8884184,2.7877839,2.847053,2.8443785,2019
2019-01-04,3.08,3.1807709,3.1294608,3.1134586,3.1280923,2019
2019-01-07,3.08,3.2827547,3.140538,3.0925992,3.1678407,2019
2019-01-08,3.04,3.3197546,3.1149623,3.1235566,3.2100058,2019
2019-01-09,3.06,3.3427536,3.1839638,3.1614575,3.2468467,2019
2019-01-10,3.07,3.208634,3.1125767,3.0153246,3.1818771,2019
2019-01-11,3.05,3.2796566,3.2067976,3.1285906,3.251979,2019
2019-01-14,3.05,3.2728438,3.1365912,3.0397747,3.1947422,2019
2019-01-15,3.05,3.216453,3.1462986,3.0791466,3.2355282,2019
2019-01-16,2.99,3.2971127,3.2425268,3.2165093,3.3373408,2019
2019-01-17,3.0,3.3047438,3.1808944,3.189667,3.3327844,2019
2019-01-18,3.03,3.4006479,3.1572838,3.264986,3.4474652,2019
2019-01-20,3.01,3.3696337,3.1872983,3.2173133,3.3888927,2019
2019-01-21,3.01,3.2252204,3.1597414,3.1080306,3.3108826,2019
2019-01-22,2.98,3.2017167,3.1683495,3.0872319,3.2758398,2019
2019-01-23,2.98,3.1873407,3.177268,3.1134977,3.2819846,2019
2019-01-24,2.97,3.1832473,3.1487124,3.0784025,3.260286,2019
2019-01-25,2.98,3.3536987,3.2707875,3.3637402,3.4085605,2019
2019-01-28,2.99,3.3969011,3.2393112,3.2646112,3.3661551,2019
2019-01-29,2.95,3.3398886,3.2803097,3.319154,3.365956,2019
2019-01-30,2.97,3.3487675,3.2443533,3.3227835,3.3410127,2019
2019-01-31,2.98,2.857689,2.977172,2.9439807,3.0163796,2019
2019-02-01,3.01,2.9243248,3.0092509,3.016524,3.0145907,2019
2019-02-02,3.05,3.129094,3.0627065,3.062776,3.122599,2019
2019-02-03,3.05,3.0548506,3.1003978,3.0402286,3.1842911,2019
2019-02-04,3.05,3.0351655,3.090267,3.0394096,3.1621616,2019
2019-02-05,3.05,3.0983233,3.1035614,3.0272758,3.1887333,2019
2019-02-06,3.05,3.095322,3.0909898,3.0203717,3.2143662,2019
2019-02-07,3.05,3.0042317,3.1095738,3.0161433,3.1991444,2019
2019-02-08,3.05,3.016207,3.1174195,3.029582,3.165127,2019
2019-02-11,3.05,3.0360398,3.0898054,3.1316624,3.1135757,2019
2019-02-12,3.08,3.0016494,3.1062114,3.1272755,3.0935404,2019
2019-02-13,3.2,3.0501003,3.2008138,3.152236,3.1167521,2019
2019-02-14,3.17,3.0207653,3.366967,3.2269468,3.2076898,2019
2019-02-15,3.25,3.0716312,3.2829332,3.162799,3.1696432,2019
2019-02-17,3.4,3.0361147,3.2819595,3.268521,3.3994222,2019
2019-02-18,3.4,3.4682093,3.4315507,3.4818375,3.443416,2019
2019-02-19,3.39,3.4329665,3.474158,3.4718785,3.4694445,2019
2019-02-20,3.51,3.4611537,3.511461,3.5406363,3.501104,2019
2019-02-21,3.49,3.349403,3.43747,3.449885,3.491761,2019
2019-02-22,3.48,3.5807815,3.6185327,3.5376258,3.5831752,2019
2019-02-25,3.74,3.5650592,3.684601,3.476325,3.5104759,2019
2019-02-26,3.69,3.6847577,3.7023938,3.7462232,3.749459,2019
2019-02-27,3.63,3.7044778,3.5838487,3.747042,3.7382784,2019
2019-02-28,3.58,3.6886146,3.7002032,3.69673,3.7174659,2019
2019-03-01,3.63,3.7418635,3.5302694,3.714048,3.5474398,2019
2019-03-04,3.63,3.610955,3.5225196,3.6132383,3.5667896,2019
2019-03-05,3.61,3.6178267,3.5776303,3.544427,3.581802,2019
2019-03-06,3.7,3.6074646,3.5836296,3.6381733,3.6347394,2019
2019-03-07,3.77,3.545302,3.4929228,3.5237517,3.551868,2019
2019-03-08,3.55,3.587709,3.5938442,3.8987448,3.8351872,2019
2019-03-11,3.61,3.672613,3.698485,3.6393561,3.648108,2019
2019-03-12,3.6,3.625817,3.7185895,3.6878688,3.6823142,2019
2019-03-13,3.56,3.633929,3.6374767,3.6136966,3.625664,2019
2019-03-14,3.45,3.6107967,3.6238146,3.5699382,3.6487358,2019
2019-03-15,3.48,3.604153,3.5940492,3.5902703,3.5382316,2019
2019-03-18,3.56,3.7349355,3.730317,3.6599243,3.724429,2019
2019-03-19,3.55,3.6848884,3.7265494,3.6488671,3.7256787,2019
2019-03-20,3.54,3.7144144,3.7809234,3.6348832,3.810318,2019
2019-03-21,3.64,3.7270474,3.7839115,3.647309,3.75682,2019
2019-03-22,3.59,3.7838576,3.9140499,3.7070868,3.8023763,2019
2019-03-25,3.52,3.6958098,3.7987838,3.7850323,3.774991,2019
2019-03-26,3.5,3.6801527,3.7986255,3.6866596,3.7071893,2019
2019-03-27,3.47,3.6877227,3.7702043,3.6332479,3.711614,2019
2019-03-28,3.45,3.4995253,3.4628105,3.4729183,3.5876546,2019
2019-03-29,3.51,3.7343335,3.7294598,3.6478624,3.7344282,2019
2019-04-01,3.65,3.8801203,3.796969,3.8156414,3.9005642,2019
2019-04-02,3.66,3.6661766,3.646844,3.6234148,3.671342,2019
2019-04-03,3.7,3.628898,3.668441,3.642961,3.6569488,2019
2019-04-04,3.73,3.7494996,3.8199952,3.7492445,3.7546432,2019
2019-04-05,3.75,3.7925384,3.817757,3.7498558,3.787826,2019
2019-04-08,3.75,3.7586634,3.8196018,3.7762856,3.763016,2019
2019-04-09,3.69,3.8526208,3.872372,3.8319807,3.792572,2019
2019-04-10,3.68,3.8525355,3.8484194,3.824691,3.7286294,2019
2019-04-11,3.61,3.7130847,3.6312604,3.6547565,3.6729476,2019
2019-04-12,3.55,3.668012,3.6300085,3.6235516,3.6400118,2019
2019-04-15,3.52,3.6457884,3.6964235,3.6908078,3.585591,2019
2019-04-16,3.63,3.6949348,3.6249456,3.616537,3.6178694,2019
2019-04-17,3.59,3.6497748,3.614156,3.6838698,3.660509,2019
2019-04-18,3.56,3.6306934,3.6932118,3.6799395,3.648696,2019
2019-04-19,3.57,3.6181183,3.6455202,3.6784759,3.6593516,2019
2019-04-22,3.54,3.629483,3.6837823,3.680525,3.6721063,2019
2019-04-23,3.47,3.6092305,3.6223986,3.6070209,3.6002095,2019
2019-04-24,3.49,3.6185994,3.6045606,3.679786,3.6343756,2019
2019-04-25,3.39,3.5530565,3.625721,3.5492225,3.5791533,2019
2019-04-26,3.33,3.6327903,3.5366752,3.6285727,3.5874274,2019
2019-04-28,3.31,3.5767756,3.561965,3.5746915,3.528806,2019
2019-04-29,3.31,3.594978,3.558807,3.5316453,3.5135493,2019
2019-04-30,3.32,3.6081614,3.5346944,3.592413,3.5263922,2019
2019-05-01,3.18,3.4901683,3.438304,3.3871074,3.4267564,2019
2019-05-02,3.18,3.138118,3.196019,3.16726,3.2698717,2019
2019-05-03,3.18,3.064435,3.1042943,3.1555302,3.1696332,2019
2019-05-05,3.18,3.1190507,3.1424966,3.1479435,3.1651,2019
2019-05-06,3.18,3.1243968,3.1565335,3.1393538,3.1683075,2019
2019-05-07,3.21,3.1422307,3.1673129,3.1341498,3.1627343,2019
2019-05-08,3.28,3.0901065,3.1878672,3.1679163,3.1950755,2019
2019-05-09,3.2,3.0294063,3.176622,3.1322403,3.2568188,2019
2019-05-10,3.25,3.2452636,3.279832,3.269764,3.2973044,2019
2019-05-13,3.2,3.3191452,3.3344858,3.2794983,3.3953583,2019
2019-05-14,3.25,3.2570152,3.284286,3.3366988,3.235552,2019
2019-05-15,3.26,3.3226614,3.3605928,3.3457787,3.310596,2019
2019-05-16,3.31,3.2849977,3.2692506,3.278728,3.2465913,2019
2019-05-17,3.21,3.1878636,3.2275772,3.2366004,3.237401,2019
2019-05-20,3.19,3.150819,3.232862,3.2322133,3.219555,2019
2019-05-21,3.24,3.2077773,3.2717533,3.256494,3.25388,2019
2019-05-22,3.23,3.2153065,3.2947466,3.259655,3.3549387,2019
2019-05-23,3.19,3.2909698,3.2342627,3.224073,3.2787385,2019
2019-05-24,3.2,3.2323513,3.255419,3.2117724,3.258089,2019
2019-05-26,3.22,3.2417796,3.2279084,3.1919315,3.2191246,2019
2019-05-27,3.22,3.2527828,3.1941717,3.2164803,3.1987069,2019
2019-05-28,3.23,3.246718,3.1842666,3.1906765,3.2117658,2019
2019-05-29,3.23,3.2560127,3.1982605,3.1961715,3.259873,2019
2019-05-30,3.21,3.2796693,3.2242346,3.2065163,3.2346504,2019
2019-05-31,3.25,3.3295555,3.2603345,3.3105764,3.251572,2019
2019-06-03,3.34,3.3532434,3.4280841,3.380305,3.43214,2019
2019-06-04,3.31,3.3292174,3.38467,3.3897376,3.4077795,2019
2019-06-05,3.36,3.3879755,3.3707654,3.3023696,3.3729725,2019
2019-06-06,3.3,3.3674877,3.431779,3.3478894,3.3861754,2019
2019-06-07,3.25,3.4094357,3.3770738,3.3848915,3.377183,2019
2019-06-10,3.25,3.3402193,3.3363013,3.389708,3.3074584,2019
2019-06-11,3.32,3.412804,3.3821034,3.4026184,3.331896,2019
2019-06-12,3.42,3.424105,3.4193997,3.4684725,3.350041,2019
2019-06-13,3.4,3.419095,3.4070327,3.461613,3.3913412,2019
2019-06-14,3.48,3.3760965,3.3966262,3.443285,3.3878849,2019
2019-06-17,3.43,3.387486,3.3744504,3.4664195,3.3924577,2019
2019-06-18,3.47,3.3652656,3.3997738,3.425212,3.383582,2019
2019-06-19,3.47,3.4675355,3.4053566,3.4625618,3.3636627,2019
2019-06-20,3.63,3.5467176,3.5029204,3.7991085,3.726454,2019
2019-06-21,3.73,3.8004014,3.5768769,3.6818185,3.5926585,2019
2019-06-24,3.75,3.7546575,3.6623359,3.6875007,3.665422,2019
2019-06-25,3.92,3.7733738,3.6700013,3.6740968,3.7250125,2019
2019-06-26,3.67,3.7679634,3.7379818,3.8271673,3.8068378,2019
2019-06-27,3.73,3.7277384,3.6447816,3.713804,3.6548588,2019
2019-06-28,3.77,3.7206125,3.6768432,3.709477,3.6884673,2019
2019-07-01,3.74,3.7330234,3.6641853,3.688451,3.6914089,2019
2019-07-02,3.78,3.7760231,3.7307777,3.7958276,3.7366164,2019
2019-07-03,3.83,3.7747393,3.7960815,3.804928,3.8205216,2019
2019-07-04,3.72,3.8423176,3.8019543,3.789327,3.774501,2019
2019-07-05,3.76,3.7491953,3.7483673,3.7848387,3.7074592,2019
2019-07-08,3.7,3.651388,3.6914003,3.6967165,3.6814506,2019
2019-07-09,3.65,3.664723,3.670038,3.687761,3.5997474,2019
2019-07-10,3.58,3.6874912,3.6882582,3.6238403,3.6689453,2019
2019-07-11,3.58,3.6705723,3.6124842,3.657091,3.5612755,2019
2019-07-12,3.52,3.7254448,3.6706517,3.707033,3.7047322,2019
2019-07-15,3.55,3.7343037,3.6865566,3.6990566,3.6839478,2019
2019-07-16,3.57,3.7004676,3.681674,3.700016,3.6019866,2019
2019-07-17,3.52,3.7603471,3.7588632,3.7475204,3.7322867,2019
2019-07-18,3.53,3.7879834,3.7847514,3.8400037,3.7608962,2019
2019-07-19,3.67,3.8305025,3.8024564,3.804242,3.7691338,2019
2019-07-22,3.61,3.7712219,3.8177245,3.7761836,3.8380044,2019
2019-07-23,3.61,3.7820804,3.782108,3.730121,3.7334354,2019
2019-07-24,3.64,3.76836,3.7964797,3.7815688,3.7996373,2019
2019-07-25,3.61,3.7887664,3.804065,3.8078187,3.759933,2019
2019-07-26,3.58,3.7969613,3.8230731,3.8143516,3.8402925,2019
2019-07-29,3.57,3.759383,3.8003256,3.7981224,3.7705555,2019
2019-07-30,3.63,3.805991,3.7932222,3.8305159,3.8153825,2019
2019-07-31,3.66,3.7908974,3.8576615,3.8498037,3.8973331,2019
2019-08-01,3.58,3.7395992,3.8406076,3.8399582,3.8235192,2019
2019-08-02,3.58,3.7997658,3.8284574,3.8005335,3.645035,2019
2019-08-05,3.79,3.6281981,3.6073937,3.5377705,3.6236856,2019
2019-08-06,3.69,3.6530206,3.7373528,3.6326172,3.786287,2019
2019-08-07,3.78,3.5569081,3.7472363,3.5744932,3.5787318,2019
2019-08-08,3.8,3.659223,3.8046436,3.6852832,3.706349,2019
2019-08-09,3.73,3.7470608,3.819478,3.7090719,3.709275,2019
2019-08-12,3.71,3.725743,3.7853448,3.7961545,3.6856413,2019
2019-08-13,3.83,3.6648748,3.6824083,3.748012,3.7134256,2019
2019-08-14,3.72,3.8015635,3.854376,3.7375107,3.7099493,2019
2019-08-15,3.71,3.7557447,3.785951,3.8356335,3.7878025,2019
2019-08-16,3.71,3.7689965,3.8032866,3.8293056,3.7267287,2019
2019-08-19,3.68,3.7898226,3.832073,3.8698807,3.792757,2019
2019-08-20,3.7,3.6450562,3.7034009,3.70905,3.6396923,2019
2019-08-21,3.66,3.6828825,3.7070715,3.732905,3.720576,2019
2019-08-22,3.62,3.7308528,3.7414446,3.7595134,3.7173262,2019
2019-08-23,3.63,3.7612367,3.8145118,3.7166724,3.7777233,2019
2019-08-26,3.69,3.7530558,3.6757247,3.6857626,3.601519,2019
2019-08-27,3.69,3.6925051,3.7378802,3.6633053,3.6852689,2019
2019-08-28,3.64,3.6895976,3.699564,3.695508,3.6908622,2019
2019-08-29,3.7,3.6464322,3.6422682,3.6301787,3.6470795,2019
2019-08-30,3.66,3.656397,3.6394696,3.643754,3.6656115,2019
2019-09-01,3.62,3.6251137,3.6884134,3.6028538,3.6478906,2019
2019-09-02,3.62,3.6857805,3.6572547,3.706395,3.6637092,2019
2019-09-03,3.57,3.7036526,3.6647534,3.7277308,3.6550312,2019
2019-09-04,3.59,3.7187705,3.68332,3.733844,3.67977,2019
2019-09-05,3.63,3.7840438,3.7362967,3.8156633,3.8566751,2019
2019-09-06,3.54,3.8280444,3.6830132,3.7055786,3.773895,2019
2019-09-09,3.55,3.7752955,3.5585275,3.6922348,3.712416,2019
2019-09-10,3.54,3.6372025,3.5762646,3.6919591,3.763578,2019
2019-09-11,3.56,3.550028,3.5554943,3.5968137,3.5472677,2019
2019-09-12,3.55,3.4999797,3.4898577,3.5287857,3.5688682,2019
2019-09-13,3.58,3.5052655,3.4719098,3.4564173,3.5305934,2019
2019-09-16,3.58,3.5206807,3.6712906,3.6883667,3.622222,2019
2019-09-17,3.49,3.6231754,3.5646496,3.5915854,3.5724685,2019
2019-09-18,3.48,3.628535,3.5446348,3.5870578,3.569922,2019
2019-09-19,3.47,3.625666,3.5323374,3.6130831,3.6012597,2019
2019-09-20,3.5,3.5843189,3.5311522,3.531717,3.6,2019
2019-09-23,3.45,3.545924,3.4380379,3.478555,3.4931502,2019
2019-09-24,3.44,3.4646828,3.3953867,3.4891257,3.453137,2019
2019-09-25,3.41,3.5335,3.5518394,3.588367,3.4592218,2019
2019-09-26,3.31,3.565433,3.4043663,3.5279462,3.3921125,2019
2019-09-27,3.29,3.548796,3.3095841,3.3970578,3.3699229,2019
2019-09-29,3.27,3.503046,3.487305,3.5802362,3.2159324,2019
2019-09-30,3.27,3.5683172,3.3343308,3.5648663,3.3334012,2019
2019-10-01,3.26,3.664874,3.3204432,3.6074765,3.3280447,2019
2019-10-02,3.26,3.5503879,3.4644065,3.6126628,3.4991283,2019
2019-10-03,3.26,3.5568194,3.4483879,3.5853946,3.4950428,2019
2019-10-04,3.26,3.2805102,3.2390053,3.2658255,3.2492774,2019
2019-10-07,3.26,3.2320168,3.2110612,3.2300348,3.1970377,2019
2019-10-08,3.26,3.2205856,3.2315974,3.2380528,3.2778628,2019
2019-10-09,3.32,3.2036555,3.173874,3.2168124,3.2216382,2019
2019-10-10,3.33,3.4124067,3.4114997,3.3191826,3.3597581,2019
2019-10-11,3.34,3.4031103,3.4878032,3.4051569,3.451347,2019
2019-10-12,3.33,3.444654,3.4785316,3.4156237,3.5149295,2019
2019-10-14,3.33,3.439648,3.4701045,3.44143,3.4883003,2019
2019-10-15,3.3,3.4365597,3.4550252,3.4773364,3.496002,2019
2019-10-16,3.28,3.571484,3.4969418,3.495044,3.4446473,2019
2019-10-17,3.27,3.6371384,3.5162618,3.5978541,3.4880655,2019
2019-10-18,3.21,3.5977664,3.5187283,3.5819998,3.512324,2019
2019-10-21,3.22,3.5435517,3.5161107,3.5970619,3.4810534,2019
2019-10-22,3.21,3.5130644,3.4885633,3.5189316,3.4571102,2019
2019-10-23,3.24,3.5438387,3.4294248,3.559455,3.4810214,2019
2019-10-24,3.21,3.563636,3.4371407,3.579032,3.5010352,2019
2019-10-25,3.24,3.529658,3.4273403,3.5584261,3.4711304,2019
2019-10-28,3.36,3.5191085,3.4741971,3.5737023,3.5429308,2019
2019-10-29,3.31,3.509445,3.5353973,3.5685878,3.6061609,2019
2019-10-30,3.35,3.5662928,3.4939268,3.5697498,3.5937324,2019
2019-10-31,3.38,3.628761,3.6583898,3.6312873,3.6100633,2019
2019-11-01,3.37,3.7218351,3.7118318,3.6520693,3.6891887,2019
2019-11-04,3.47,3.6106138,3.6560311,3.6300497,3.619903,2019
2019-11-05,3.47,3.5818098,3.640551,3.584926,3.620321,2019
2019-11-06,3.59,3.5948274,3.599241,3.5474412,3.5477445,2019
2019-11-07,3.59,3.617229,3.7658393,3.5641723,3.6819687,2019
2019-11-08,3.59,3.7145972,3.7137966,3.6561053,3.6314125,2019
2019-11-11,3.5,3.6286771,3.8027337,3.6623263,3.6544375,2019
2019-11-12,3.44,3.6366873,3.7355313,3.6446626,3.59879,2019
2019-11-13,3.49,3.5732362,3.6227229,3.5219917,3.554765,2019
2019-11-14,3.44,3.4510555,3.5985448,3.5212243,3.5154994,2019
2019-11-15,3.53,3.509571,3.5988855,3.5114613,3.5112987,2019
2019-11-18,3.53,3.4911063,3.6378715,3.5628548,3.528881,2019
2019-11-19,3.53,3.4785032,3.606284,3.5538619,3.4912653,2019
2019-11-20,3.53,3.389885,3.474151,3.490655,3.4371064,2019
2019-11-21,3.53,3.458346,3.5013385,3.504738,3.5076914,2019
2019-11-22,3.62,3.3817916,3.4826272,3.4388082,3.39202,2019
2019-11-25,3.77,3.3997285,3.5114563,3.4374027,3.4185772,2019
2019-11-26,3.77,3.3813462,3.546593,3.43269,3.3553905,2019
2019-11-27,3.68,3.4227552,3.6353238,3.4192705,3.4171505,2019
2019-11-28,3.64,3.4003592,3.5236537,3.4623516,3.4357808,2019
2019-11-29,3.56,3.405939,3.5118062,3.4670303,3.4789946,2019
2019-12-02,3.7,3.4819205,3.5326338,3.5018396,3.525595,2019
2019-12-03,3.73,3.4153593,3.601305,3.505549,3.5279715,2019
2019-12-04,3.77,3.537829,3.621354,3.5221138,3.5708597,2019
2019-12-05,3.7,3.5316103,3.649833,3.5468738,3.5798242,2019
2019-12-06,3.68,3.5960915,3.7360394,3.597116,3.5483084,2019
2019-12-09,3.85,3.498407,3.5499299,3.5088966,3.5357232,2019
2019-12-10,3.96,3.739883,3.7791483,3.8852918,3.845814,2019
2019-12-11,3.95,3.7248943,3.787017,3.8156457,3.7379236,2019
2019-12-12,3.93,3.744659,3.7376275,3.8946788,3.905448,2019
2019-12-13,3.96,3.7478435,3.5443187,3.737863,3.7956412,2019
2019-12-16,3.95,3.8151784,3.4631016,3.8246312,3.9320931,2019
2019-12-17,3.99,3.81643,3.4647868,3.8393416,3.8689532,2019
2019-12-18,3.97,3.845624,3.566829,3.8990386,3.8918798,2019
2019-12-19,4.1,3.7996614,3.5996792,3.798087,3.9500473,2019
2019-12-20,4.02,3.871569,3.79537,3.9842703,3.8872075,2019
2019-12-23,3.97,3.9059715,4.0594206,4.0116043,4.0761504,2019
2019-12-24,4.12,4.05769,4.046712,4.0192966,3.9204261,2019
2019-12-25,4.14,4.068694,4.0581527,4.0500536,4.0737543,2019
2019-12-26,4.19,4.1951666,4.1157665,4.0695543,4.139855,2019
2019-12-27,4.46,4.140116,4.1130857,3.9844913,4.1102495,2019
2019-12-30,4.49,4.3261895,4.3208714,4.349362,4.3842916,2019
2019-12-31,4.59,4.394147,4.436136,4.3302183,4.4567327,2019
2020-01-01,4.75,4.372092,4.311351,4.329464,4.410447,2020
2020-01-02,4.75,4.275235,4.290115,4.14207,4.406567,2020
2020-01-03,4.8,4.2559896,4.498461,4.2423663,4.649153,2020
2020-01-06,4.86,4.969941,5.126858,5.3326726,5.034015,2020
2020-01-07,4.67,4.895567,5.0995812,5.339141,5.133023,2020
2020-01-08,4.7,4.6099,4.521978,5.0791435,4.6957784,2020
2020-01-09,4.51,4.4982843,4.405844,4.6526995,4.545671,2020
2020-01-10,4.54,4.8086424,4.713006,4.811502,4.4408526,2020
2020-01-13,4.63,4.67548,4.5418,4.3892293,4.3996897,2020
2020-01-14,4.74,4.5061636,4.464917,4.2609096,4.3557715,2020
2020-01-15,4.6,4.5792894,4.5545907,4.563683,4.3996587,2020
2020-01-16,4.52,4.598127,4.4827247,4.5029435,4.321573,2020
2020-01-17,4.62,4.7568917,4.582426,4.6635213,4.334449,2020
2020-01-19,4.54,4.564118,4.4583483,4.586077,4.2760134,2020
2020-01-20,4.54,4.5319915,4.421428,4.550636,4.1915507,2020
2020-01-21,4.36,4.5308824,4.3239346,4.500464,4.1832943,2020
2020-01-22,4.43,4.4176025,4.232902,4.5474534,4.048894,2020
2020-01-23,4.29,4.2537837,4.1224155,4.329844,4.004187,2020
2020-01-24,3.86,4.3048263,4.3443117,4.1427126,4.4103866,2020
2020-01-27,3.86,3.7184925,3.9290955,3.7047412,3.862574,2020
2020-01-28,3.86,3.988428,3.9759037,3.7765093,3.8360422,2020
2020-01-29,3.86,3.8136568,3.871146,3.7753193,3.7309577,2020
2020-01-30,3.86,3.7463825,3.8329206,3.684904,3.6259205,2020
2020-01-31,3.86,3.89768,3.8829296,3.779895,3.8555517,2020
2020-02-03,3.86,3.7857463,3.7517793,3.752891,3.7874088,2020
2020-02-04,3.98,3.8421724,3.7819133,3.7585742,3.731402,2020
2020-02-05,4.03,3.9731507,3.7804515,3.9080608,3.805794,2020
2020-02-06,4.13,3.9506583,3.7970176,3.8642929,3.80604,2020
2020-02-07,4.1,3.8982742,3.8782632,4.011714,3.8089714,2020
2020-02-10,4.2,3.923653,3.9234014,4.0875735,3.8463607,2020
2020-02-11,4.24,3.8883102,3.9308732,3.9667206,3.883248,2020
2020-02-12,4.3,4.1190033,4.1977515,4.2075315,4.27063,2020
2020-02-13,4.32,4.1215615,4.178507,4.1787176,4.2115264,2020
2020-02-14,4.54,4.1416965,4.157437,4.215005,4.1614633,2020
2020-02-16,4.61,4.2910776,4.247408,4.312851,4.2970967,2020
2020-02-17,4.61,4.5386944,4.5441947,4.6220317,4.6088514,2020
2020-02-18,4.57,4.5743566,4.5517488,4.5788136,4.658753,2020
2020-02-19,4.59,4.623442,4.542047,4.5876594,4.64595,2020
2020-02-20,4.59,4.740728,4.673256,4.583819,4.7344394,2020
2020-02-21,4.7,4.94391,4.9299374,4.883087,4.9339404,2020
2020-02-24,4.72,4.922416,4.903063,4.7286,4.885204,2020
2020-02-25,4.57,4.775401,4.7970753,4.610517,4.7663813,2020
2020-02-26,4.36,4.526171,4.6201186,4.47563,4.619331,2020
2020-02-27,4.41,4.3812675,4.398842,4.362509,4.388938,2020
2020-02-28,4.16,4.043946,4.134455,3.804858,4.0218368,2020
2020-03-02,4.3,4.23506,4.450991,4.109534,4.3908086,2020
2020-03-03,4.3,4.3120537,4.439619,4.0969553,4.3795247,2020
2020-03-04,4.33,4.5200996,4.3703423,4.12876,4.3484755,2020
2020-03-05,4.35,4.583362,4.5162425,4.203554,4.465645,2020
2020-03-06,4.38,4.3842406,4.4673247,4.249498,4.402414,2020
2020-03-09,4.08,4.301427,4.471111,4.189967,4.3230214,2020
2020-03-10,4.04,4.1911216,4.27233,4.1626596,4.3034325,2020
2020-03-11,4.02,3.9575727,4.029034,3.9993966,3.8833685,2020
2020-03-12,3.92,3.8594058,3.9188795,4.0492454,3.8131547,2020
2020-03-13,3.84,3.6999502,3.9282608,4.090839,3.881802,2020
2020-03-16,3.64,3.8710144,3.7050395,3.819501,3.6796944,2020
2020-03-17,3.48,3.768997,3.5452394,3.6385703,3.6684933,2020
2020-03-18,3.41,3.3392608,3.720455,3.6586454,3.5419214,2020
2020-03-19,3.36,3.4879217,3.5356557,3.5439308,3.5446298,2020
2020-03-20,3.46,3.3586469,3.338809,3.2523193,3.29676,2020
2020-03-23,3.46,3.570736,3.713727,3.3896434,3.4747581,2020
2020-03-24,3.74,3.870503,3.908789,3.7850661,3.7402852,2020
2020-03-25,3.8,3.9561641,3.784564,3.9116218,3.8114479,2020
2020-03-26,3.77,3.8108304,4.018836,3.6915548,3.8749564,2020
2020-03-27,3.79,3.79116,3.770951,3.762304,3.7464197,2020
2020-03-30,3.69,3.734818,3.767576,3.7361202,3.6665566,2020
2020-03-31,3.69,3.6884973,3.8776553,3.7584574,3.6696393,2020
2020-04-01,3.73,3.5425937,3.6584384,3.6166787,3.547035,2020
2020-04-02,3.7,3.8262584,3.8362162,3.8001518,3.760262,2020
2020-04-03,3.7,3.7824912,3.6609025,3.7861254,3.7237,2020
2020-04-06,3.97,3.9531107,3.8862734,3.8053873,3.7512798,2020
2020-04-07,3.97,4.065666,4.065468,3.8338268,3.9455512,2020
2020-04-08,3.95,3.9138694,3.8271482,3.865838,3.9347925,2020
2020-04-09,3.95,4.0906167,3.9364142,3.9079638,3.928329,2020
2020-04-10,3.97,4.093227,3.799906,3.9111977,3.847649,2020
2020-04-13,4.0,4.0664954,3.7887137,3.860715,3.845111,2020
2020-04-14,4.28,4.053005,3.9350238,3.9994786,3.979616,2020
2020-04-15,4.26,4.029654,3.95012,3.954387,3.9776351,2020
2020-04-16,4.25,4.063611,4.1302385,4.151273,4.1744413,2020
2020-04-17,4.13,4.0299606,3.9908583,4.07421,3.894682,2020
2020-04-20,4.14,4.110515,4.2127285,4.2338886,4.1253476,2020
2020-04-21,4.09,4.008396,4.0034876,4.1230407,3.9294455,2020
2020-04-22,4.06,3.9613347,3.981027,4.0507545,4.109473,2020
2020-04-23,4.15,4.1470814,4.0780616,4.1039534,4.0242486,2020
2020-04-24,4.23,4.167355,4.076513,4.124303,4.0531573,2020
2020-04-26,3.84,4.129519,4.135418,4.089839,4.026741,2020
2020-04-27,3.84,4.0774174,3.8958368,4.010833,3.9148319,2020
2020-04-28,3.97,4.1208906,3.9533,4.096206,3.9185092,2020
2020-04-29,3.92,4.159221,4.054439,4.0947027,3.9633029,2020
2020-04-30,3.91,3.9987483,4.014732,3.9412882,3.879277,2020
2020-05-01,3.96,3.955907,4.0365043,3.8664043,4.0033884,2020
2020-05-04,3.96,3.9997725,4.020672,3.8835497,4.0286174,2020
2020-05-05,3.96,4.085415,4.0026894,3.9765267,3.982271,2020
2020-05-06,3.96,3.8622646,3.89757,3.8831105,3.8943183,2020
2020-05-07,3.95,3.8570275,3.9461768,4.201282,4.0013742,2020
2020-05-08,4.01,4.0717673,3.9872768,3.999824,3.9440725,2020
2020-05-09,3.95,3.916723,3.897604,3.8266475,3.859721,2020
2020-05-11,3.95,3.9409728,3.8808556,3.9245198,3.8741052,2020
2020-05-12,3.88,4.0590515,3.9556837,3.9509315,3.9563117,2020
2020-05-13,3.88,4.0906506,4.0093784,3.991609,3.8859124,2020
2020-05-14,3.83,4.167844,3.9947145,4.009845,3.8609345,2020
2020-05-15,3.94,4.2201633,4.0058913,4.0397263,3.8747065,2020
2020-05-18,4.14,4.135061,4.010805,4.0617785,4.0207567,2020
2020-05-19,4.02,4.0242033,4.12216,4.0430145,4.1167917,2020
2020-05-20,4.12,4.125007,4.1244307,4.060351,4.047104,2020
2020-05-21,4.03,3.9995155,4.0250993,3.9470487,3.9901047,2020
2020-05-22,3.92,4.064554,3.910907,3.9648755,3.9203608,2020
2020-05-24,3.84,3.9986045,3.8990843,3.9409943,3.8996935,2020
2020-05-25,3.84,3.888108,3.7965593,3.9149332,3.8265705,2020
2020-05-26,3.88,3.8721285,3.8359997,3.8886666,3.7674131,2020
2020-05-27,3.8,3.8693128,3.8509874,3.9026396,3.6947625,2020
2020-05-28,3.83,3.9101348,3.8440962,3.8630266,3.7664695,2020
2020-05-29,3.78,3.9107206,3.8727486,3.8334389,3.7915082,2020
2020-06-01,3.89,4.170241,4.0374928,4.0699067,4.0583463,2020
2020-06-02,3.88,3.9492753,3.8958123,3.9085553,3.9324772,2020
2020-06-03,3.93,3.986429,3.8351307,3.816505,3.774134,2020
2020-06-04,3.85,3.861271,3.8871903,3.9194872,3.8151085,2020
2020-06-05,3.82,3.7319279,3.942592,3.9580092,4.300429,2020
2020-06-08,4.01,3.9801235,3.9562817,3.982305,3.937766,2020
2020-06-09,4.04,4.1016197,4.1626644,4.084509,3.9901764,2020
2020-06-10,4.01,4.088602,3.9992392,4.0326524,4.0910063,2020
2020-06-11,4.05,3.930046,3.8918076,3.8674948,3.8094807,2020
2020-06-12,3.97,3.9977782,3.8751237,4.041634,4.0514846,2020
2020-06-15,3.91,3.936399,3.9149966,3.9768848,3.9764898,2020
2020-06-16,4.0,3.8854945,3.7732375,3.9232078,3.988986,2020
2020-06-17,4.03,3.921302,3.8277698,4.018682,3.9961312,2020
2020-06-18,4.15,4.0045795,3.9678874,4.0439143,4.025632,2020
2020-06-19,4.16,4.0925417,4.110053,4.1050167,4.096977,2020
2020-06-22,4.25,4.116493,4.10248,4.1516848,4.1355405,2020
2020-06-23,4.24,4.1612124,4.214316,4.2698846,4.176677,2020
2020-06-24,4.38,4.1673064,4.2201686,4.2310038,4.141196,2020
2020-06-25,4.37,4.2320046,4.296548,4.2345333,4.2521195,2020
2020-06-26,4.37,4.257826,4.2584014,4.190064,4.2257404,2020
2020-06-28,4.37,4.435359,4.392956,4.3589272,4.3994493,2020
2020-06-29,4.37,4.367496,4.3930264,4.3687215,4.3662333,2020
2020-06-30,4.4,4.521731,4.528692,4.510499,4.4558544,2020
2020-07-01,4.59,4.476373,4.517401,4.4611506,4.5428987,2020
2020-07-02,4.62,4.6236873,4.6332545,4.591587,4.6301203,2020
2020-07-03,4.75,4.933403,4.8602505,4.902926,4.9673624,2020
2020-07-06,5.11,4.8705463,4.929698,4.8825192,4.9611187,2020
2020-07-07,5.13,5.118289,5.090632,5.086658,5.0943055,2020
2020-07-08,5.58,5.2731996,5.2211986,5.216014,5.2229633,2020
2020-07-09,6.14,5.207218,5.2961373,5.3194156,5.3551774,2020
2020-07-10,5.66,5.329268,5.347724,5.3656435,5.4131227,2020
2020-07-13,6.0,5.5623617,5.4564147,5.5611906,5.5910335,2020
2020-07-14,5.82,5.956581,5.8226905,5.8963065,5.990867,2020
2020-07-15,5.65,5.6083746,5.4827285,5.537736,5.5789514,2020
2020-07-16,5.44,5.2583213,5.1945453,5.155277,5.2806754,2020
2020-07-17,5.35,5.2780814,5.289867,5.252365,5.198507,2020
2020-07-20,5.61,5.5435696,5.532027,5.4626994,5.3745484,2020
2020-07-21,5.68,5.6143126,5.6378655,5.507006,5.374214,2020
2020-07-22,5.85,5.6593323,5.6436124,5.575628,5.415842,2020
2020-07-23,5.82,5.791279,5.8299084,5.7767735,5.7649016,2020
2020-07-24,5.63,5.2434926,5.26287,5.277229,5.4011354,2020
2020-07-27,6.02,5.4873905,5.342899,5.43476,5.4844875,2020
2020-07-28,5.76,5.673522,5.5711823,5.573501,5.6162105,2020
2020-07-29,5.74,5.898311,5.80195,5.692157,5.7703495,2020
2020-07-30,5.65,5.7328696,5.8547554,5.6238503,5.6951118,2020
2020-07-31,5.85,5.9231014,5.879743,5.7648506,5.7498503,2020
2020-08-03,5.84,6.1030626,5.996706,5.7947493,5.8443165,2020
2020-08-04,5.79,6.140387,6.134716,6.0112114,5.9426093,2020
2020-08-05,6.04,6.1042695,5.869468,5.8808737,5.880657,2020
2020-08-06,6.57,6.0175395,5.970575,5.885032,5.9061127,2020
2020-08-07,6.64,5.390121,5.1689706,5.4532633,5.41526,2020
2020-08-10,6.33,5.9199624,5.994665,5.941019,5.778152,2020
2020-08-11,6.03,5.8092747,5.24008,5.8191037,6.1438537,2020
2020-08-12,5.7,5.3283525,5.7729797,5.699365,5.466099,2020
2020-08-13,5.72,5.3964615,5.2727437,5.8438478,5.806616,2020
2020-08-14,5.78,5.6378074,5.6596203,5.6460423,5.4541125,2020
2020-08-17,6.11,5.495632,5.634013,5.5379624,5.393559,2020
2020-08-18,6.36,5.6764317,5.872714,5.619511,5.431999,2020
2020-08-19,6.5,5.4597077,5.4182615,5.433981,5.245833,2020
2020-08-20,6.32,5.762099,6.0673423,5.545965,5.440159,2020
2020-08-21,6.2,5.9546523,5.8743634,5.534061,5.3096604,2020
2020-08-24,6.7,5.881604,5.8604374,5.326722,5.188622,2020
2020-08-25,6.6,5.9225836,6.1438518,5.6541576,5.565316,2020
2020-08-26,6.53,6.171179,6.3520846,6.291258,6.3474774,2020
2020-08-27,6.48,6.459458,6.4952617,6.7479773,6.5880194,2020
2020-08-28,6.65,6.480345,6.567373,6.423913,6.582062,2020
2020-08-31,7.19,6.7666035,6.781068,6.6098995,6.587384,2020
2020-09-01,7.34,6.9114566,6.690107,6.5496063,6.315294,2020
2020-09-02,7.13,6.995344,7.1064844,6.9051685,7.015396,2020
2020-09-03,7.06,6.573948,6.924494,6.3048387,6.6714478,2020
2020-09-04,7.0,6.602604,6.653408,6.3024726,6.6757765,2020
2020-09-06,7.09,6.6129932,6.6621375,6.631947,6.646085,2020
2020-09-07,7.09,6.74313,6.753071,6.779782,6.770145,2020
2020-09-08,7.04,6.6676707,6.6859627,6.7432356,6.8175693,2020
2020-09-09,6.73,6.7940536,6.6701202,6.647778,6.802504,2020
2020-09-10,6.98,6.8336177,6.542219,6.617457,6.575699,2020
2020-09-11,6.91,6.7793274,6.6942925,6.76098,6.742383,2020
2020-09-14,7.14,6.7008905,6.664842,6.632554,6.6970425,2020
2020-09-15,7.17,6.866585,6.8359494,6.77066,6.843783,2020
2020-09-16,7.04,6.906246,6.8485775,6.784048,6.8959103,2020
2020-09-17,6.8,7.056691,6.909803,6.8926806,6.8688655,2020
2020-09-18,7.03,6.965895,6.880559,6.742068,6.717566,2020
2020-09-21,6.87,6.5394454,6.318763,6.6025534,6.4489794,2020
2020-09-22,6.56,6.583209,6.5469923,6.427895,6.446389,2020
2020-09-23,6.45,6.1907306,5.919535,6.1715803,6.005397,2020
2020-09-24,6.02,6.2662396,6.2691593,6.3223553,6.262633,2020
2020-09-25,6.2,6.2912416,6.3704543,6.378098,6.3292084,2020
2020-09-27,6.19,6.340374,6.337808,6.3056884,6.144436,2020
2020-09-28,6.19,6.2814703,6.2786217,6.3548594,6.170581,2020
2020-09-29,6.19,6.35126,6.337161,6.208294,6.152455,2020
2020-09-30,6.15,6.439315,6.393883,6.27442,6.179436,2020
2020-10-01,6.22,6.693016,6.029765,5.67843,5.782334,2020
2020-10-02,6.22,6.4705076,6.339613,6.4919972,6.07849,2020
2020-10-05,6.22,6.648266,6.3623924,5.9012675,5.9215407,2020
2020-10-06,6.22,6.481001,6.324132,6.1447663,6.1631017,2020
2020-10-07,6.22,6.3973737,6.2454743,6.1924963,6.0864663,2020
2020-10-08,6.22,6.7350698,6.4442315,6.178638,6.2320104,2020
2020-10-09,6.22,6.83435,6.509485,6.1884966,6.2404456,2020
2020-10-10,6.58,7.0509133,6.7081175,6.297248,6.2799664,2020
2020-10-12,6.58,6.9621134,6.8862205,6.590655,6.735752,2020
2020-10-13,6.58,7.000635,6.7989335,6.3720293,6.5073647,2020
2020-10-14,6.49,6.8138995,6.842538,6.368522,6.431484,2020
2020-10-15,6.56,6.805322,6.7751045,6.3569613,6.385864,2020
2020-10-16,6.59,6.900668,6.8410397,6.3902707,6.5558977,2020
2020-10-19,6.68,6.8513837,6.908551,6.3561916,6.557004,2020
2020-10-20,6.75,6.8808236,7.000483,6.409775,6.493967,2020
2020-10-21,6.97,6.935122,6.8455925,6.737008,6.9735312,2020
2020-10-22,6.96,6.989208,6.9303565,6.394684,7.0323133,2020
2020-10-23,6.91,7.0695086,7.0622883,6.696883,6.86456,2020
2020-10-26,7.04,7.037786,7.0367346,6.769989,6.775088,2020
2020-10-27,7.07,7.0080943,7.1151423,6.851495,6.87165,2020
2020-10-28,7.16,6.823327,7.0400124,7.0919333,6.7395463,2020
2020-10-29,7.01,6.5033755,6.7669635,6.7056193,6.451024,2020
2020-10-30,6.99,6.4739347,6.633934,6.474523,6.3621187,2020
2020-11-02,7.19,6.716008,6.9919395,6.98994,6.8796716,2020
2020-11-03,7.65,6.827122,7.1213365,7.140038,7.1523185,2020
2020-11-04,7.67,6.8512464,7.487588,7.182082,7.453408,2020
2020-11-05,7.66,6.9878135,7.624925,7.2979035,7.789002,2020
2020-11-06,7.9,7.383055,7.728565,7.6289163,7.920922,2020
2020-11-09,8.13,7.2302866,7.4706607,7.372825,7.558539,2020
2020-11-10,7.7,7.0251193,7.437861,7.3090496,7.5624566,2020
2020-11-11,7.53,7.2817345,7.385895,7.4717546,7.4751706,2020
2020-11-12,7.67,7.584143,7.3877816,7.7323394,7.560952,2020
2020-11-13,7.64,7.6976156,7.542794,7.9495196,7.811071,2020
2020-11-16,8.19,7.7665353,7.553045,7.948617,7.820686,2020
2020-11-17,8.21,7.9922667,8.1355295,7.9890947,8.090093,2020
2020-11-18,8.42,8.050969,8.111444,8.108089,8.147299,2020
2020-11-19,8.38,8.182218,8.13982,8.223728,8.2194195,2020
2020-11-20,8.98,8.308558,7.994797,8.13555,8.158403,2020
2020-11-23,9.16,8.440634,8.558463,8.557016,8.6764345,2020
2020-11-24,9.15,8.538637,8.676682,8.748942,8.862819,2020
2020-11-25,8.62,8.958887,9.046336,9.169066,9.179655,2020
2020-11-26,8.86,9.536414,9.062052,9.417553,9.199066,2020
2020-11-27,8.95,9.752429,9.269731,9.686081,9.461724,2020
2020-11-30,9.29,9.820466,9.228168,9.6791525,9.525895,2020
2020-12-01,9.39,9.651797,9.352862,10.012109,9.628249,2020
2020-12-02,9.35,9.554225,9.556645,9.924177,9.847524,2020
2020-12-03,8.86,9.643376,9.654654,10.038015,9.840988,2020
2020-12-04,9.13,9.49818,9.400489,9.916762,9.605308,2020
2020-12-07,8.81,9.565227,9.376898,9.922284,9.522721,2020
2020-12-08,8.91,9.569964,9.369428,9.956768,9.405149,2020
2020-12-09,8.71,9.538961,9.424098,9.743403,9.52061,2020
2020-12-10,8.55,9.523704,9.290995,9.526189,9.22986,2020
2020-12-11,8.43,9.7320595,9.163041,9.543043,9.147996,2020
2020-12-14,8.51,9.703243,9.257702,9.664802,9.215202,2020
2020-12-15,8.33,9.643208,9.27053,9.508873,9.218439,2020
2020-12-16,8.38,9.726609,9.360868,9.653286,9.261367,2020
2020-12-17,8.83,9.777904,9.355278,9.626763,9.278008,2020
2020-12-18,9.19,8.8437395,8.801381,8.7398,8.879735,2020
2020-12-21,9.39,8.881381,8.736723,8.687279,9.01595,2020
2020-12-22,8.75,8.728801,8.822391,8.492701,8.94346,2020
2020-12-23,8.77,8.502898,8.500799,8.423322,8.683438,2020
2020-12-24,8.91,8.714055,8.601929,8.55076,8.822424,2020
2020-12-25,9.27,8.808968,8.664505,8.7644825,8.954901,2020
2020-12-28,9.44,8.84268,8.722251,8.751245,9.051534,2020
2020-12-29,9.1,8.84529,8.767576,8.653758,9.107814,2020
2020-12-30,9.27,8.877384,8.71373,8.699966,9.0239725,2020
2020-12-31,9.29,8.969749,8.824812,8.864845,9.258928,2020
2021-01-01,10.04,9.188683,9.324006,9.352715,9.467687,2021
2021-01-04,10.04,9.495946,9.696926,9.893264,10.020948,2021
2021-01-05,10.21,9.458442,9.37599,9.866621,9.861424,2021
2021-01-06,10.5,9.467999,9.091668,10.152797,9.904194,2021
2021-01-07,11.18,9.822636,9.707973,10.201054,10.283161,2021
2021-01-08,11.35,10.401173,10.399962,10.876527,10.413452,2021
2021-01-11,10.67,10.160629,9.490796,9.788342,10.211954,2021
2021-01-12,10.9,10.397214,10.24785,11.155409,10.721928,2021
2021-01-13,10.68,10.314955,10.017483,11.039223,10.591721,2021
2021-01-14,10.43,10.126607,10.010998,11.016668,10.517949,2021
2021-01-15,10.56,10.515946,10.047253,10.804462,10.25936,2021
2021-01-17,10.69,10.206225,10.078523,10.428758,10.283884,2021
2021-01-18,10.69,10.214022,10.160077,10.520319,10.254924,2021
2021-01-19,10.28,10.260145,10.082859,10.591766,10.250359,2021
2021-01-20,10.56,10.276187,9.85902,10.527552,10.104085,2021
2021-01-21,10.97,10.482737,10.251438,10.78603,10.397505,2021
2021-01-22,10.83,10.479236,10.371689,10.816965,10.453371,2021
2021-01-25,11.05,10.473121,10.3084135,10.661554,10.252831,2021
2021-01-26,10.74,10.1540985,10.035549,10.223233,10.065101,2021
2021-01-27,10.42,10.041978,9.901059,9.72896,9.910576,2021
2021-01-28,9.68,9.624505,9.496692,9.626668,9.425178,2021
2021-01-29,9.6,9.466943,9.1033325,9.202057,9.139586,2021
2021-02-01,10.44,9.424673,9.072536,9.112294,9.021889,2021
2021-02-02,10.8,9.695446,9.559409,9.606271,9.464142,2021
2021-02-03,10.49,9.609337,9.490088,9.483637,9.438381,2021
2021-02-04,10.15,9.933392,9.5275135,9.641276,9.426991,2021
2021-02-05,9.8,9.851974,9.373593,9.505703,9.361029,2021
2021-02-07,10.59,10.153944,9.50381,10.046959,9.694899,2021
2021-02-08,10.59,10.144221,9.726345,10.130704,9.957446,2021
2021-02-09,11.34,10.537798,10.210201,10.420794,10.281751,2021
2021-02-10,12.08,11.187373,11.04126,11.177843,11.104179,2021
2021-02-11,13.29,11.438614,11.459959,11.770079,11.241535,2021
2021-02-12,13.29,11.717658,11.597448,11.20707,11.6668415,2021
2021-02-14,13.29,11.454704,11.545173,11.031046,11.496183,2021
2021-02-15,13.29,12.619031,12.711597,13.3115225,12.792717,2021
2021-02-16,13.29,12.543125,12.6658325,13.281245,12.92452,2021
2021-02-17,13.29,12.42906,12.620199,13.115486,12.696109,2021
2021-02-18,13.29,12.66865,12.901624,13.270858,12.8644495,2021
2021-02-19,13.64,14.120124,13.755075,14.168521,13.908667,2021
2021-02-20,14.63,13.158579,13.503958,13.843146,13.374392,2021
2021-02-22,14.63,13.355621,13.682729,14.152475,13.577313,2021
2021-02-23,13.85,13.3819685,13.736842,14.046835,13.621995,2021
2021-02-24,13.1,13.501326,13.51136,13.8499775,13.020475,2021
2021-02-25,12.98,13.446917,13.147461,13.70348,12.142536,2021
2021-02-26,12.19,12.717731,12.531787,11.854518,12.47622,2021
2021-03-01,12.32,12.543751,12.389068,11.9541445,11.583993,2021
2021-03-02,11.75,12.580096,12.519765,12.000102,12.189142,2021
2021-03-03,12.32,13.16287,12.576588,12.207622,12.118948,2021
2021-03-04,11.45,11.3762045,11.702461,11.593815,11.384941,2021
2021-03-05,11.0,11.613365,11.11929,10.957863,11.372146,2021
2021-03-08,10.67,10.916254,10.910827,10.698978,10.992243,2021
2021-03-09,10.71,10.691878,10.69361,9.984172,10.201121,2021
2021-03-10,10.49,10.333639,10.558297,11.280634,10.715661,2021
2021-03-11,11.54,11.392272,11.002759,10.714855,11.133054,2021
2021-03-12,11.35,11.521932,11.575615,11.524444,11.88314,2021
2021-03-15,11.25,10.544478,10.791547,10.377897,10.984759,2021
2021-03-16,11.11,11.302813,11.320653,11.235404,10.383012,2021
2021-03-17,11.09,11.020061,11.133994,11.165786,11.194139,2021
2021-03-18,11.18,11.150154,11.024128,11.447152,11.238705,2021
2021-03-19,10.83,10.555532,10.779478,10.742174,10.754383,2021
2021-03-22,10.66,10.65714,10.795025,10.916617,10.7112665,2021
2021-03-23,10.13,10.307426,10.486065,10.193325,9.390555,2021
2021-03-24,9.36,9.872373,9.94087,9.233807,8.978425,2021
2021-03-25,9.56,9.566159,9.686653,9.260424,7.729707,2021
2021-03-26,9.91,9.870543,9.600625,9.440878,10.132985,2021
2021-03-29,9.93,10.193718,10.03805,10.768491,9.394243,2021
2021-03-30,9.93,10.345305,9.941175,10.629149,8.905383,2021
2021-03-31,9.62,10.239862,9.563535,9.998072,10.201989,2021
2021-04-01,9.74,10.520407,10.080157,10.467509,9.496518,2021
2021-04-02,10.13,10.872295,10.079123,11.126905,10.904544,2021
2021-04-05,10.15,11.204976,10.941997,12.589722,10.432209,2021
2021-04-06,10.15,11.055801,10.8678255,11.888436,9.754377,2021
2021-04-07,10.24,10.921986,10.739854,11.052771,8.895682,2021
2021-04-08,10.53,10.673853,10.745828,10.20884,9.414167,2021
2021-04-09,10.29,10.630401,10.69125,10.435955,8.267761,2021
2021-04-12,9.68,10.1481495,10.299997,9.616106,7.9321227,2021
2021-04-13,9.7,10.112188,10.115762,9.348114,8.410417,2021
2021-04-14,9.93,10.348598,10.298575,10.244307,9.343459,2021
2021-04-15,10.21,10.903295,10.78998,10.836949,9.921278,2021
2021-04-16,10.23,10.421904,9.979696,10.849664,10.449112,2021
2021-04-19,10.65,10.845335,10.7574415,10.487872,10.7729435,2021
2021-04-20,10.74,10.877671,10.691594,10.947041,10.941326,2021
2021-04-21,10.55,10.602934,10.743893,10.926366,11.082514,2021
2021-04-22,10.6,11.001352,10.710561,11.044222,11.14919,2021
2021-04-23,10.78,11.382693,11.165686,11.580502,11.439459,2021
2021-04-25,11.15,11.548127,11.476368,11.603586,11.856361,2021
2021-04-26,11.15,11.95681,11.611717,11.886839,12.478571,2021
2021-04-27,11.29,12.033756,11.893993,11.997141,12.520274,2021
2021-04-28,11.09,12.451133,12.204134,11.957896,12.836138,2021
2021-04-29,11.36,12.651233,12.22094,11.868936,12.550598,2021
2021-04-30,11.03,12.312297,12.0553465,11.401497,12.290777,2021
2021-05-03,11.54,11.536691,11.669141,11.165073,11.427477,2021
2021-05-04,11.54,11.580232,11.736794,11.482977,12.204866,2021
2021-05-05,11.54,11.622026,11.713262,11.405879,12.185529,2021
2021-05-06,11.54,11.796439,11.978711,11.728568,12.338859,2021
2021-05-07,11.92,12.525187,12.516451,12.274688,12.747771,2021
2021-05-08,12.35,11.819694,11.917596,12.266781,12.163784,2021
2021-05-10,12.35,11.746599,11.923599,12.202759,12.1887,2021
2021-05-11,11.58,11.816065,11.96211,12.296701,12.299058,2021
2021-05-12,11.75,11.724324,11.3329525,11.970586,12.017513,2021
2021-05-13,11.08,11.512142,11.3762865,11.881776,11.838846,2021
2021-05-14,11.06,11.543033,11.290957,11.625462,11.555388,2021
2021-05-17,11.45,11.439835,11.686037,11.412833,11.060396,2021
2021-05-18,11.73,11.79015,12.070553,11.901658,11.658554,2021
2021-05-19,11.42,11.531276,11.529854,11.084487,11.575796,2021
2021-05-20,10.93,11.19997,11.1071825,11.186231,11.363859,2021
2021-05-21,10.82,11.06341,10.875719,10.86526,10.842239,2021
2021-05-24,10.62,10.510175,10.9146185,10.921238,11.0786295,2021
2021-05-25,10.93,10.928372,11.263555,11.160859,11.603731,2021
2021-05-26,11.06,11.051346,11.142618,11.169652,11.301139,2021
2021-05-27,11.14,11.484786,11.6608305,11.443879,11.889859,2021
2021-05-28,11.19,11.777356,11.54117,11.338381,11.824167,2021
2021-05-30,11.23,11.927678,11.571316,11.531842,11.900077,2021
2021-05-31,11.23,11.832778,11.525417,11.606154,11.842355,2021
2021-06-01,11.44,11.68606,11.395705,11.64363,11.694702,2021
2021-06-02,11.18,11.33246,11.208607,11.662482,11.562784,2021
2021-06-03,11.0,11.2720785,11.270651,11.706184,11.237631,2021
2021-06-04,10.84,10.664181,10.876913,10.811618,10.720575,2021
2021-06-07,11.17,11.117428,11.124836,11.080969,11.243817,2021
2021-06-08,11.06,11.1635685,11.391151,11.268121,11.494514,2021
2021-06-09,11.08,11.220523,11.31465,11.303023,11.593692,2021
2021-06-10,11.07,11.017318,11.1375265,11.249095,11.197546,2021
2021-06-11,11.0,11.081002,11.543385,11.354839,11.377759,2021
2021-06-14,10.47,11.319379,11.73516,11.620313,11.620212,2021
2021-06-15,10.47,10.91574,10.322072,11.132201,10.548255,2021
2021-06-16,9.94,10.676708,10.754827,10.794067,10.506651,2021
2021-06-17,9.87,11.041894,9.440024,9.95901,9.79185,2021
2021-06-18,9.77,9.474228,9.194552,9.329043,9.679086,2021
2021-06-21,9.76,9.877623,9.741837,10.115636,10.0047455,2021
2021-06-22,9.78,10.429033,9.788784,10.492918,10.160425,2021
2021-06-23,9.78,10.951302,9.895986,11.280812,10.919422,2021
2021-06-24,9.73,11.063863,10.679681,11.302982,10.882581,2021
2021-06-25,10.15,11.135452,10.62397,11.175976,10.621377,2021
2021-06-28,9.97,11.035356,10.579921,11.164374,10.5377245,2021
2021-06-29,9.65,10.726326,10.402091,10.08297,10.469871,2021
2021-06-30,9.69,10.192969,10.078749,10.095847,10.0445385,2021
2021-07-01,9.79,10.486564,10.217387,10.233546,10.178744,2021
2021-07-02,9.84,9.936153,9.728667,9.697738,9.932133,2021
2021-07-05,10.03,9.7388115,9.739407,9.737175,10.024539,2021
2021-07-06,10.04,9.85991,9.412972,9.966304,10.159344,2021
2021-07-07,9.99,9.831308,9.759034,9.881407,10.059805,2021
2021-07-08,9.73,9.791931,9.318005,9.92248,10.024993,2021
2021-07-09,10.14,10.00944,9.940767,9.979377,10.008263,2021
2021-07-12,10.38,9.866436,9.861583,10.020549,10.000575,2021
2021-07-13,10.15,9.703521,9.705357,9.809431,9.847164,2021
2021-07-14,9.82,9.436628,9.590157,9.846137,9.73524,2021
2021-07-15,10.03,9.57854,9.69355,10.016339,9.913277,2021
2021-07-16,10.0,9.690068,9.667652,9.884301,9.7798395,2021
2021-07-19,9.97,9.572826,8.393298,9.987365,9.365551,2021
2021-07-20,9.72,9.4508505,9.31719,9.359717,9.410469,2021
2021-07-21,9.82,9.632007,9.430593,9.579852,9.722479,2021
2021-07-22,10.03,9.783032,9.809664,9.742383,9.744738,2021
2021-07-23,10.13,9.727334,9.882262,9.927659,9.849789,2021
2021-07-26,10.18,9.535322,10.202491,10.216859,10.809529,2021
2021-07-27,10.64,10.716794,10.568499,10.188053,10.917775,2021
2021-07-28,10.02,10.49735,10.461771,9.969902,10.3986025,2021
2021-07-29,10.24,10.330493,10.426676,10.212763,10.244955,2021
2021-07-30,10.25,10.229013,9.855684,10.078509,10.383962,2021
2021-08-02,10.81,10.105894,9.96671,9.987823,10.195809,2021
2021-08-03,10.41,10.057819,9.935121,9.850074,10.085906,2021
2021-08-04,10.53,10.027502,9.929852,9.8533,9.818779,2021
2021-08-05,10.28,10.120128,9.844721,9.978285,9.966862,2021
2021-08-06,10.68,10.352512,10.23997,9.9029455,10.272623,2021
2021-08-09,10.69,10.649442,10.577905,9.72568,9.95647,2021
2021-08-10,10.55,10.2878685,10.596457,10.287366,10.188046,2021
2021-08-11,10.59,10.090106,10.23173,10.382682,10.273213,2021
2021-08-12,11.01,9.983592,10.143961,10.411105,10.515629,2021
2021-08-13,11.29,9.938254,10.260837,10.470261,10.031366,2021
2021-08-16,11.17,9.675916,9.70688,10.449582,9.702852,2021
2021-08-17,10.95,9.314736,8.803477,9.911317,9.163183,2021
2021-08-18,10.91,10.004957,10.170072,10.281798,10.22738,2021
2021-08-19,10.34,9.491512,9.951181,9.696729,9.49677,2021
2021-08-20,10.04,8.945211,9.232325,9.942901,9.8029375,2021
2021-08-23,10.14,9.80907,9.711734,10.268671,10.330581,2021
2021-08-24,10.32,10.2282915,10.316306,10.612577,10.66352,2021
2021-08-25,10.52,10.4818125,10.460135,10.628124,10.862154,2021
2021-08-26,10.39,10.267653,10.376956,10.571868,10.476233,2021
2021-08-27,10.45,10.496049,10.42399,10.478944,10.353785,2021
2021-08-30,10.89,10.424027,10.6240635,10.656179,10.63549,2021
2021-08-31,11.11,10.512206,10.861799,10.850948,10.737463,2021
2021-09-01,10.69,10.75833,10.897298,10.797366,10.78079,2021
2021-09-02,10.9,10.259538,10.358896,10.432976,10.417504,2021
2021-09-03,11.07,10.717112,10.801138,10.776002,10.816109,2021
2021-09-05,10.95,10.951535,10.691714,10.681539,11.224937,2021
2021-09-06,10.95,10.772791,10.671337,10.6993065,11.027438,2021
2021-09-07,10.98,10.821252,10.681001,10.5388,10.936715,2021
2021-09-08,10.85,10.530259,10.538596,10.275165,10.561086,2021
2021-09-09,11.43,10.264458,10.441959,10.309028,10.431913,2021
2021-09-10,11.97,10.527489,10.606278,10.795026,11.059629,2021
2021-09-13,12.39,10.634878,10.760716,11.133739,10.998952,2021
2021-09-14,11.72,10.4779,10.947505,11.005136,10.941409,2021
2021-09-15,11.52,10.773705,10.904837,11.137553,11.068612,2021
2021-09-16,11.11,10.244349,10.451955,11.158798,10.747278,2021
2021-09-17,10.81,9.935278,10.077023,10.652072,10.4235325,2021
2021-09-18,10.71,10.069988,10.250333,10.170492,10.393511,2021
2021-09-20,10.71,10.144497,10.138849,10.223372,10.0323715,2021
2021-09-21,10.71,10.06233,9.954644,10.214643,10.057094,2021
2021-09-22,10.71,9.833833,9.96245,10.28031,10.21306,2021
2021-09-23,10.58,9.976129,10.0529,9.572273,10.413859,2021
2021-09-24,10.34,10.51175,10.163133,9.772773,10.428714,2021
2021-09-26,10.13,10.556393,10.168472,9.941311,10.402416,2021
2021-09-27,10.13,10.62903,10.163759,10.369997,10.323288,2021
2021-09-28,10.22,10.438507,10.405471,10.259335,10.367868,2021
2021-09-29,10.02,10.186933,10.062708,10.105143,10.006161,2021
2021-09-30,10.09,10.096839,10.321109,10.3637085,9.684205,2021
2021-10-01,10.26,10.123473,10.053527,10.029524,9.721867,2021
2021-10-04,10.26,10.339025,10.102581,9.971949,10.114712,2021
2021-10-05,10.26,10.121733,10.111494,9.629574,10.0144615,2021
2021-10-06,10.26,9.965304,9.928533,9.606931,9.7958975,2021
2021-10-07,10.26,10.383282,10.112707,9.749669,9.931955,2021
2021-10-08,10.26,10.3354435,10.047846,10.05397,10.011166,2021
2021-10-09,11.04,10.570749,10.197375,9.944239,10.241441,2021
2021-10-11,11.04,10.531612,10.759474,10.678465,10.260315,2021
2021-10-12,10.82,10.358753,10.530081,10.423533,10.123102,2021
2021-10-13,10.71,10.910374,10.778197,10.905067,11.004307,2021
2021-10-14,11.13,11.39565,10.94838,11.296083,11.027091,2021
2021-10-15,11.46,12.404525,11.742611,11.67151,11.594164,2021
2021-10-18,11.56,12.201696,11.851932,11.511333,11.38081,2021
2021-10-19,11.8,12.191239,11.811568,11.573959,11.371694,2021
2021-10-20,11.32,12.147379,11.828621,11.630447,11.4552355,2021
2021-10-21,11.34,11.015566,11.291465,11.457394,10.934293,2021
2021-10-22,11.12,10.800955,10.909765,11.131639,10.79079,2021
2021-10-25,11.16,10.9215555,10.786192,10.9870205,10.6946,2021
2021-10-26,11.31,10.502921,10.654391,10.636234,10.668741,2021
2021-10-27,10.89,10.246208,10.490019,10.450139,10.618422,2021
2021-10-28,10.51,10.076228,10.123617,10.099777,10.302697,2021
2021-10-29,10.46,10.023545,9.954182,10.002335,10.182678,2021
2021-11-01,10.48,9.777767,9.852263,9.968269,9.951332,2021
2021-11-02,10.23,9.738758,9.766588,9.745034,9.915617,2021
2021-11-03,10.2,9.96501,9.5911665,9.701749,9.798424,2021
2021-11-04,10.26,9.743901,9.773445,9.628294,9.58684,2021
2021-11-05,10.18,9.700779,9.6638775,9.297041,9.380687,2021
2021-11-08,10.51,9.946751,10.091371,9.617507,9.724063,2021
2021-11-09,10.56,10.087646,10.057164,9.967514,10.0083065,2021
2021-11-10,10.55,10.052426,10.197331,10.155178,9.88707,2021
2021-11-11,10.69,10.234304,10.500437,10.272702,10.300105,2021
2021-11-12,10.74,10.445184,10.503669,10.402223,10.516518,2021
2021-11-15,10.56,10.366338,10.431788,10.712116,10.382323,2021
2021-11-16,10.36,9.90909,10.212258,10.266679,10.222998,2021
2021-11-17,10.42,10.169488,10.082948,10.444958,10.163399,2021
2021-11-18,10.36,10.311721,9.999076,9.739511,10.255784,2021
2021-11-19,10.43,10.2186165,9.911998,10.145374,10.4302225,2021
2021-11-22,10.54,10.613242,10.405145,10.49663,10.532061,2021
2021-11-23,10.58,10.549086,9.696054,10.27014,10.332598,2021
2021-11-24,10.44,10.507229,10.234676,10.0374155,10.316246,2021
2021-11-25,10.53,10.147292,10.121519,9.869137,9.96385,2021
2021-11-26,10.36,10.427861,10.36297,9.941575,10.068385,2021
2021-11-29,10.25,10.189283,10.12025,10.0067215,9.882639,2021
2021-11-30,10.15,10.021753,10.076537,9.661482,9.776997,2021
2021-12-01,10.14,9.992411,10.020438,9.764272,9.642282,2021
2021-12-02,10.04,10.0027,9.915478,10.261135,9.83501,2021
2021-12-03,10.12,9.953103,9.667033,10.1719675,9.404595,2021
2021-12-06,10.17,9.905548,9.912042,9.990285,10.0916605,2021
2021-12-07,10.25,10.125149,9.978632,10.176862,10.09262,2021
2021-12-08,10.3,10.489196,10.295199,10.311014,10.441166,2021
2021-12-09,10.36,10.420756,10.277004,10.3468,10.282459,2021
2021-12-10,10.26,10.479734,10.190783,10.259356,10.312295,2021
2021-12-13,10.38,10.308538,10.314224,10.259713,10.200583,2021
2021-12-14,10.14,10.172088,10.311812,10.163039,10.198845,2021
2021-12-15,10.05,10.047543,9.91278,10.044267,9.9457245,2021
2021-12-16,10.11,10.30277,10.473528,10.172913,10.181468,2021
2021-12-17,10.17,10.107587,10.113546,10.32723,10.142268,2021
2021-12-20,9.96,9.911386,9.9646635,10.205873,10.138775,2021
2021-12-21,9.99,10.185651,10.039596,10.171664,10.081557,2021
2021-12-22,9.97,10.405747,10.1243,10.238712,10.098648,2021
2021-12-23,10.03,10.681506,10.277758,10.466164,10.357756,2021
2021-12-24,9.69,10.563596,10.264583,10.452438,10.328906,2021
2021-12-27,9.58,10.731722,10.188954,10.509434,10.215906,2021
2021-12-28,9.71,10.544203,9.683933,10.06008,10.036897,2021
2021-12-29,9.62,10.469753,9.890503,9.99308,10.065362,2021
2021-12-30,9.64,10.446713,9.862505,9.949152,9.9847355,2021
2021-12-31,9.7,10.490627,9.837156,10.180231,10.10825,2021
2022-01-03,9.82,10.533578,10.072837,10.216597,10.190456,2022
2022-01-04,9.82,10.318462,10.338786,10.208118,10.314218,2022
2022-01-05,9.77,10.620188,10.365916,10.355029,10.19502,2022
2022-01-06,9.67,10.329314,10.492125,10.114911,9.914522,2022
2022-01-07,9.37,10.048644,10.024676,9.979797,9.916274,2022
2022-01-10,9.4,10.180002,9.919069,9.985285,9.636591,2022
2022-01-11,9.43,10.012719,9.757207,10.069631,10.167577,2022
2022-01-12,10.01,10.53091,10.241981,10.631928,10.469218,2022
2022-01-13,10.06,10.715945,10.583068,10.4641075,10.708253,2022
2022-01-14,9.82,10.351373,10.427809,10.149565,10.170601,2022
2022-01-16,9.68,10.012139,10.111705,9.924209,9.9283,2022
2022-01-17,9.68,9.959753,9.97709,9.851259,9.79832,2022
2022-01-18,9.94,9.899854,9.9376955,9.852501,9.76821,2022
2022-01-19,9.89,9.79662,10.232653,10.018643,10.180954,2022
2022-01-20,10.12,9.919475,10.3394985,10.215668,10.265545,2022
2022-01-21,10.27,10.092316,10.371467,10.242041,10.248926,2022
2022-01-24,10.29,9.953062,10.288896,10.12831,10.272169,2022
2022-01-25,10.11,9.309396,9.952617,9.917627,9.953,2022
2022-01-26,10.18,9.705111,9.902027,10.012127,9.847207,2022
2022-01-27,9.91,9.696546,9.728657,9.828328,9.6412945,2022
2022-01-28,9.76,9.145769,9.117339,9.617186,9.337861,2022
2022-01-29,10.25,9.495043,9.430255,9.524645,10.111411,2022
2022-01-30,10.25,9.655089,9.971215,9.729703,10.064959,2022
2022-01-31,10.25,9.707066,9.930553,9.855674,10.178667,2022
2022-02-01,10.25,9.913131,10.041422,9.76926,10.401657,2022
2022-02-02,10.25,9.933035,10.130571,9.972139,10.584349,2022
2022-02-03,10.25,9.900192,10.171048,10.273655,10.46914,2022
2022-02-04,10.25,9.950202,10.125145,10.330766,10.332056,2022
2022-02-07,10.25,9.991714,10.075443,10.316401,10.132473,2022
2022-02-08,10.35,9.900516,10.052626,10.253629,10.030965,2022
2022-02-09,10.78,10.256771,10.598313,10.567882,10.661048,2022
2022-02-10,11.21,10.490666,11.096019,10.611261,10.744798,2022
2022-02-11,11.06,10.367641,11.005702,10.741484,10.82217,2022
2022-02-14,11.06,10.33049,10.275348,10.968699,10.779801,2022
2022-02-15,10.9,10.101219,10.656986,10.674189,10.690425,2022
2022-02-16,10.93,10.457541,10.697016,11.208183,10.792699,2022
2022-02-17,11.27,10.835612,10.478138,11.097052,10.89017,2022
2022-02-18,11.23,10.648368,10.964275,11.062553,11.07164,2022
2022-02-20,11.12,10.664222,10.875654,11.204708,11.0584955,2022
2022-02-21,11.12,10.600652,10.706637,11.129276,10.989153,2022
2022-02-22,11.2,10.231909,10.762666,10.931033,10.891634,2022
2022-02-23,10.92,10.7744055,10.972012,11.177079,11.203414,2022
2022-02-24,11.0,10.900975,10.558941,11.126457,11.079061,2022
2022-02-25,10.95,10.365845,10.670757,10.5575285,10.487078,2022
2022-02-28,11.22,10.53097,10.529794,10.870305,10.631143,2022
2022-03-01,11.15,10.972255,11.328544,10.234862,10.659594,2022
2022-03-02,11.4,11.054312,11.461433,11.609363,11.653546,2022
2022-03-03,11.87,11.040977,11.595028,11.611206,11.657161,2022
2022-03-04,11.58,11.552211,11.698039,12.051984,12.15101,2022
2022-03-07,11.83,12.243234,12.214283,12.278149,11.388398,2022
2022-03-08,11.41,13.210343,12.3717165,12.418988,11.979429,2022
2022-03-09,11.27,11.679458,11.201595,11.521806,11.2312355,2022
2022-03-10,10.98,11.437194,10.852246,11.060156,10.998973,2022
2022-03-11,10.98,10.950855,10.230928,10.799004,10.604574,2022
2022-03-14,10.45,10.189717,10.79086,10.42666,10.585732,2022
2022-03-15,9.55,10.257347,10.456704,9.936444,9.656189,2022
2022-03-16,10.12,10.11306,9.675965,9.630433,9.537544,2022
2022-03-17,10.3,10.665198,10.0473385,10.306848,9.962078,2022
2022-03-18,10.63,10.619337,10.242332,10.481199,10.475466,2022
2022-03-21,11.0,10.813547,10.435071,10.608705,10.385813,2022
2022-03-22,11.3,10.522198,10.75301,10.737263,10.728104,2022
2022-03-23,11.34,10.859926,11.015268,10.8752985,10.904053,2022
2022-03-24,11.71,11.014507,11.092523,10.957402,10.828823,2022
2022-03-25,11.52,10.399096,11.203049,11.139482,11.1567335,2022
2022-03-28,11.56,10.452088,10.9082985,11.056065,11.159689,2022
2022-03-29,11.59,10.378193,10.729784,10.739676,10.814438,2022
2022-03-30,11.46,10.79289,11.04625,11.048368,11.035148,2022
2022-03-31,11.34,10.728027,10.877407,11.216549,11.214,2022
2022-04-01,11.45,10.850731,10.955563,11.343983,11.333307,2022
2022-04-02,11.6,10.683321,11.188179,11.168671,11.164206,2022
2022-04-04,11.6,10.985184,11.270122,11.263262,11.235064,2022
2022-04-05,11.6,11.007713,11.380289,11.321045,11.338585,2022
2022-04-06,11.6,11.310018,11.515681,11.498968,11.581518,2022
2022-04-07,11.53,10.924344,11.210604,11.237952,11.452979,2022
2022-04-08,11.95,10.819644,11.144784,11.372621,11.436533,2022
2022-04-11,11.68,10.845849,11.051834,11.300214,11.480723,2022
2022-04-12,11.68,10.933445,10.863791,11.516852,11.43336,2022
2022-04-13,12.53,11.104988,10.741547,11.348621,11.4007,2022
2022-04-14,12.74,11.499497,11.890225,11.993014,12.0866,2022
2022-04-15,12.13,11.75691,12.072014,12.193753,12.410285,2022
2022-04-18,12.02,11.56734,11.591276,12.320285,12.248458,2022
2022-04-19,12.0,11.4775505,11.351376,12.070627,12.202387,2022
2022-04-20,11.44,11.082866,11.104289,11.496393,11.785526,2022
2022-04-21,11.01,10.898539,10.681721,11.271872,11.106205,2022
2022-04-22,11.33,11.09951,10.755393,11.113213,10.888003,2022
2022-04-24,10.62,9.861359,10.58011,9.873339,10.064877,2022
2022-04-25,10.62,10.368647,10.206207,9.998399,9.966952,2022
2022-04-26,10.24,10.34875,10.357082,10.206307,10.016589,2022
2022-04-27,10.89,10.466544,10.317244,10.280183,10.162095,2022
2022-04-28,10.8,10.765283,10.792701,10.805085,10.657008,2022
2022-04-29,11.07,11.25381,11.073408,10.914018,11.015306,2022
2022-05-02,10.84,11.308252,11.393359,10.800289,10.702598,2022
2022-05-03,10.84,10.877366,10.993293,10.311654,10.683473,2022
2022-05-04,10.84,10.928629,10.93911,10.682584,10.882998,2022
2022-05-05,10.84,11.13195,10.963565,11.120102,11.031839,2022
2022-05-06,10.07,11.189061,10.92532,11.035549,10.97766,2022
2022-05-07,9.8,10.679367,10.663254,10.583998,10.352203,2022
2022-05-09,9.8,10.455324,10.354287,9.729137,10.137989,2022
2022-05-10,9.63,10.067781,10.194297,9.550975,9.792559,2022
2022-05-11,9.8,10.567776,10.241668,9.855985,9.728245,2022
2022-05-12,9.53,10.175595,9.982333,9.001719,9.45029,2022
2022-05-13,9.53,9.883158,10.68225,9.50495,10.280521,2022
2022-05-16,9.7,10.318618,10.063556,9.4659605,9.575857,2022
2022-05-17,9.97,10.409873,10.277156,9.656318,9.856216,2022
2022-05-18,9.79,10.453929,9.830818,9.502169,9.54329,2022
2022-05-19,9.72,9.978023,10.248469,10.003593,9.873463,2022
2022-05-20,10.02,10.458003,10.134911,9.997681,10.026321,2022
2022-05-23,10.01,10.392482,10.461759,9.99712,10.212339,2022
2022-05-24,9.71,10.583476,10.086922,10.008241,10.329448,2022
2022-05-25,9.9,10.679301,9.961197,10.154628,9.809505,2022
2022-05-26,9.86,10.427904,9.961042,9.884748,9.825551,2022
2022-05-27,9.93,10.442096,10.092004,10.03372,9.982631,2022
2022-05-29,10.11,10.993886,10.431418,10.472244,10.160906,2022
2022-05-30,10.11,10.949651,10.48172,10.511158,10.304824,2022
2022-05-31,10.06,11.099863,10.467985,10.580643,10.3547945,2022
2022-06-01,9.86,10.962347,10.499951,10.461931,10.3516865,2022
2022-06-02,9.87,11.263468,11.759946,10.866303,10.639746,2022
2022-06-03,10.4,11.633846,10.911498,11.213575,10.835097,2022
2022-06-06,10.4,10.942129,11.011762,10.438676,10.617228,2022
2022-06-07,10.3,10.72774,10.7631855,10.307035,10.550694,2022
2022-06-08,10.34,10.933633,10.826795,10.446296,10.652434,2022
2022-06-09,10.28,11.04695,10.951243,10.649487,10.761672,2022
2022-06-10,10.19,11.111666,10.641003,10.675339,10.916102,2022
2022-06-13,10.12,11.433559,11.011082,10.721001,10.345287,2022
2022-06-14,10.01,10.207981,10.416105,10.306804,10.166136,2022
2022-06-15,9.98,10.150774,10.134939,10.2626095,10.001775,2022
2022-06-16,9.9,10.65595,10.185975,10.477557,10.382463,2022
2022-06-17,9.88,10.140642,10.152052,10.310657,10.170633,2022
2022-06-19,9.59,10.289731,10.1438465,10.31197,10.119236,2022
2022-06-20,9.59,10.087183,9.7245655,10.135723,10.092573,2022
2022-06-21,9.43,10.0140915,9.818199,10.167195,10.189568,2022
2022-06-22,9.25,9.920084,9.163496,9.865796,9.89051,2022
2022-06-23,9.3,9.853909,8.610633,9.794383,9.914439,2022
2022-06-24,9.2,9.599039,10.3716755,9.317198,9.382869,2022
2022-06-27,9.29,9.303378,10.07139,9.222627,9.263909,2022
2022-06-28,9.36,9.29892,9.826768,9.031432,9.245592,2022
2022-06-29,9.2,9.564682,9.273059,9.22045,9.007864,2022
2022-06-30,9.33,9.289479,8.787521,9.020383,8.926629,2022
2022-07-01,9.47,9.249849,9.114636,9.086431,9.019881,2022
2022-07-03,9.36,9.4094925,10.605078,8.935113,9.19882,2022
2022-07-04,9.36,9.58345,9.706042,9.29111,9.372151,2022
2022-07-05,9.35,9.617237,8.858944,9.107374,9.60954,2022
2022-07-06,9.04,9.350409,9.695213,9.053867,9.152006,2022
2022-07-07,9.04,9.414214,9.908636,9.31387,8.718677,2022
2022-07-08,9.07,9.78712,9.307838,9.596068,9.174759,2022
2022-07-11,9.05,9.883177,9.050313,9.504737,9.093588,2022
2022-07-12,8.92,9.254255,9.011005,9.141189,9.135056,2022
2022-07-13,8.75,9.54366,9.479953,9.134059,8.523107,2022
2022-07-14,8.62,9.140088,8.922926,9.110137,8.963886,2022
2022-07-15,8.37,9.134266,8.940809,8.618425,8.460111,2022
2022-07-18,8.87,9.463129,8.713205,8.749002,8.108914,2022
2022-07-19,8.74,9.438326,9.059168,9.071552,9.216302,2022
2022-07-20,8.79,9.000862,8.721674,9.002765,9.027351,2022
2022-07-21,8.67,8.90329,9.114053,8.813331,8.780692,2022
2022-07-22,8.67,8.642158,8.698705,8.573461,8.7221775,2022
2022-07-25,8.71,8.725789,8.533543,8.402472,8.702559,2022
2022-07-26,8.91,8.659855,8.470638,8.586934,8.679793,2022
2022-07-27,8.81,8.716638,8.661389,8.703074,8.83302,2022
2022-07-28,8.97,8.650233,8.4593525,8.931982,8.785993,2022
2022-07-29,8.93,8.893238,8.681482,9.274168,9.120065,2022
2022-08-01,8.84,9.169214,9.398554,9.327414,9.144872,2022
2022-08-02,8.6,9.583337,9.392236,9.001801,9.040589,2022
2022-08-03,8.49,9.390622,9.27174,8.9093,8.878818,2022
2022-08-04,8.55,8.988654,9.000645,8.59126,8.647492,2022
2022-08-05,8.82,9.076574,9.203861,8.932279,9.042956,2022
2022-08-08,8.72,9.638282,9.117886,8.946239,8.766893,2022
2022-08-09,8.79,9.781728,9.085501,9.058589,8.849996,2022
2022-08-10,8.84,9.265779,9.138611,9.059223,8.939472,2022
2022-08-11,9.03,9.519617,9.481516,9.41697,9.20612,2022
2022-08-12,9.19,9.52318,9.6597,9.271646,9.204983,2022
2022-08-15,9.04,9.340777,10.000918,9.341618,9.238347,2022
2022-08-16,9.03,9.237637,9.873172,9.175617,9.027567,2022
2022-08-17,9.02,9.3231,9.915578,9.382543,9.162854,2022
2022-08-18,8.89,9.270901,9.740234,9.193443,9.18244,2022
2022-08-19,8.84,9.572368,9.687777,9.476499,9.303688,2022
2022-08-22,9.05,9.600217,9.600305,9.6968565,9.298011,2022
2022-08-23,9.0,9.673376,9.943283,9.461211,9.612194,2022
2022-08-24,8.88,9.921089,9.910355,9.678672,9.721679,2022
2022-08-25,9.13,9.546011,9.522856,9.575792,9.50003,2022
2022-08-26,9.15,9.549174,9.908372,9.679062,9.569214,2022
2022-08-29,9.02,9.70227,10.070761,9.531775,9.773049,2022
2022-08-30,8.9,9.351643,9.652812,9.27494,9.516529,2022
2022-08-31,8.8,9.302977,9.611928,9.1710615,9.434879,2022
2022-09-01,8.65,9.310923,9.55677,9.175663,9.395387,2022
2022-09-02,8.52,9.182036,9.040369,9.227672,9.226436,2022
2022-09-04,8.59,9.002189,9.182316,9.241978,9.060799,2022
2022-09-05,8.59,9.107133,9.525373,9.327833,9.237546,2022
2022-09-06,8.84,9.144177,9.200378,9.184709,9.331747,2022
2022-09-07,8.94,9.276506,9.609265,9.264202,9.505473,2022
2022-09-08,9.06,9.133241,10.170041,9.159207,9.462522,2022
2022-09-09,9.19,9.267878,9.880225,9.259055,9.703919,2022
2022-09-12,9.29,9.537405,10.249389,9.3486395,9.828669,2022
2022-09-13,9.29,9.321916,10.215435,9.421183,9.871731,2022
2022-09-14,9.0,9.09696,9.9244995,9.219812,9.511697,2022
2022-09-15,8.95,9.081532,9.312948,9.208582,9.149008,2022
2022-09-16,8.68,8.743752,9.303702,9.13743,9.106518,2022
2022-09-19,8.62,9.001254,8.7981415,9.05105,9.035495,2022
2022-09-20,8.7,9.10736,8.737356,9.110633,9.02443,2022
2022-09-21,8.71,9.061245,8.816034,9.138666,9.085327,2022
2022-09-22,8.65,9.448221,9.03644,9.266013,9.088774,2022
2022-09-23,8.53,8.5469885,9.0098095,8.751804,8.587313,2022
2022-09-26,7.82,8.7791395,8.861791,8.67176,8.668311,2022
2022-09-27,7.85,8.418176,7.8200145,8.391433,8.242985,2022
2022-09-28,7.48,8.969534,8.291003,9.09625,8.534761,2022
2022-09-29,7.7,8.614114,8.491732,8.402763,8.254387,2022
2022-09-30,7.84,8.740257,8.488786,8.521654,8.61611,2022
2022-10-03,7.77,8.593231,8.4023,8.113554,8.346904,2022
2022-10-04,7.77,8.073507,8.421078,8.130566,8.176099,2022
2022-10-05,7.77,8.122491,8.097228,8.207429,8.046311,2022
2022-10-06,7.77,8.36974,8.045644,8.118616,7.965361,2022
2022-10-07,7.77,7.579406,7.4846554,8.012697,7.891633,2022
2022-10-08,7.77,7.623626,7.386576,7.7694325,7.7496467,2022
2022-10-09,7.77,7.587413,7.46675,7.9321465,7.889472,2022
2022-10-10,7.77,7.593555,7.4817715,7.9369226,7.9425073,2022
2022-10-11,7.88,7.7950835,7.4765253,7.9025807,7.866022,2022
2022-10-12,7.99,7.79644,7.853728,8.354447,8.3070755,2022
2022-10-13,7.84,7.694195,7.815149,8.029018,8.290901,2022
2022-10-14,7.96,7.9893365,7.8703756,8.693018,8.418751,2022
2022-10-17,8.05,7.9334946,8.168733,8.22456,8.388758,2022
2022-10-18,8.0,7.7644067,7.904507,8.422861,8.360867,2022
2022-10-19,7.92,7.6913624,7.7230263,8.245388,8.189768,2022
2022-10-20,7.85,7.8014407,7.786654,8.005761,8.0986,2022
2022-10-21,7.93,7.958466,7.860934,8.188252,7.947814,2022
2022-10-24,7.94,7.9220133,8.135531,8.255861,8.318168,2022
2022-10-25,7.9,7.6023893,7.895042,7.953567,8.129443,2022
2022-10-26,7.94,7.8937564,7.9301467,8.166773,7.927982,2022
2022-10-27,8.23,8.095857,8.112025,8.500723,8.333616,2022
2022-10-28,8.1,8.168705,8.946196,8.133909,8.637332,2022
2022-10-31,7.92,8.244422,8.3797245,7.751467,7.9803715,2022
2022-11-01,8.2,7.7619915,8.243074,8.011955,8.088198,2022
2022-11-02,8.26,8.217396,8.531034,8.460864,8.512113,2022
2022-11-03,8.14,8.143671,8.643525,8.427426,8.519448,2022
2022-11-04,8.36,8.748346,9.528991,9.11428,8.587663,2022
2022-11-07,9.09,8.913403,9.009974,9.767048,9.105995,2022
2022-11-08,9.06,8.426951,9.444914,9.581712,9.171237,2022
2022-11-09,9.29,8.949329,9.1598215,9.591802,9.201887,2022
2022-11-10,9.15,9.110734,9.375477,9.499002,9.135513,2022
2022-11-11,9.92,9.120502,9.449976,10.065981,9.385124,2022
2022-11-14,9.97,9.761093,10.015497,10.07322,10.151031,2022
2022-11-15,9.92,9.439593,10.084536,10.324861,10.117789,2022
2022-11-16,9.99,9.3731985,10.147734,9.897916,9.95716,2022
2022-11-17,9.77,9.2581005,9.99831,9.9543915,10.093822,2022
2022-11-18,9.64,9.317511,9.562281,9.8966465,9.989051,2022
2022-11-21,9.42,9.0782995,9.283755,9.91256,9.866515,2022
2022-11-22,9.53,9.215363,9.531261,10.200636,9.907955,2022
2022-11-23,9.55,9.329269,9.756852,10.284642,10.081407,2022
2022-11-24,9.74,9.388678,9.733198,10.450413,10.281666,2022
2022-11-25,9.79,9.367982,9.792108,10.529855,10.328006,2022
2022-11-28,9.58,9.241477,9.761496,10.418834,10.272804,2022
2022-11-29,9.87,9.3539505,9.82982,10.451779,10.28098,2022
2022-11-30,9.83,9.48733,9.859382,10.702271,10.663236,2022
2022-12-01,10.3,9.662602,9.787515,10.604117,10.484817,2022
2022-12-02,10.11,9.737265,10.262384,10.313986,10.4086,2022
2022-12-05,10.45,9.9100275,9.82775,10.21018,10.167691,2022
2022-12-06,10.41,9.934256,10.033524,10.077197,9.841585,2022
2022-12-07,10.27,9.886077,10.000196,10.121139,9.814557,2022
2022-12-08,10.32,10.170435,9.985343,10.423859,10.1272745,2022
2022-12-09,10.61,10.164639,10.162518,10.532982,10.449249,2022
2022-12-12,10.33,10.063467,9.96698,10.486346,10.584433,2022
2022-12-13,10.34,10.211472,10.183442,10.3811455,10.444898,2022
2022-12-14,10.47,10.2987795,10.376093,10.365768,10.343165,2022
2022-12-15,10.26,10.336367,10.025745,10.105796,10.128392,2022
2022-12-16,10.3,10.30519,10.013922,10.0616045,10.107659,2022
2022-12-19,10.06,10.296398,10.260704,10.28716,10.226809,2022
2022-12-20,9.9,10.502568,10.484564,10.776078,10.643002,2022
2022-12-21,9.97,10.497794,10.319174,10.805755,10.513557,2022
2022-12-22,10.01,10.383715,10.322553,10.500572,10.262684,2022
2022-12-23,9.9,10.318284,10.431289,10.596238,10.338475,2022
2022-12-26,9.78,10.732365,10.507525,11.029189,10.58628,2022
2022-12-27,10.05,10.778387,10.517375,10.994969,10.460219,2022
2022-12-28,10.0,10.747568,10.655012,10.904616,10.435769,2022
2022-12-29,9.84,10.745983,10.7015,10.835553,10.45057,2022
2022-12-30,10.0,10.773605,10.587962,10.739356,10.306346,2022
2022-12-31,10.53,10.842429,10.725927,10.755811,10.379434,2022
2023-01-02,10.53,10.472028,10.562077,10.345303,10.37077,2023
2023-01-03,10.53,10.491313,10.705837,10.242881,10.331676,2023
2023-01-04,10.3,10.489955,10.743555,10.107059,10.300384,2023
2023-01-05,10.39,10.503163,10.513608,10.310421,10.307607,2023
2023-01-06,10.43,10.545423,10.641331,10.328021,10.582014,2023
2023-01-09,11.44,10.911573,10.851518,10.615599,10.921503,2023
2023-01-10,11.41,11.113863,11.498574,11.3269205,11.276806,2023
2023-01-11,11.49,11.097734,11.404017,11.210213,11.214264,2023
2023-01-12,11.42,11.153282,11.181713,11.295269,11.171518,2023
2023-01-13,11.55,11.2374,11.15937,11.317627,11.054441,2023
2023-01-15,11.51,11.353631,11.260244,11.479789,11.146879,2023
2023-01-16,11.51,10.975631,11.17615,11.050487,10.917258,2023
2023-01-17,11.29,11.2334175,11.282459,11.198915,11.134517,2023
2023-01-18,11.39,11.253912,11.074173,11.200319,11.08517,2023
2023-01-19,11.58,11.301916,11.164073,11.33436,11.084357,2023
2023-01-20,11.91,11.372276,11.410442,11.504489,11.335619,2023
2023-01-23,11.53,11.404911,11.608981,11.584442,11.511981,2023
2023-01-24,11.53,11.295528,11.3174715,11.492729,11.278633,2023
2023-01-25,11.53,11.243213,11.312541,11.4443,11.243393,2023
2023-01-26,11.53,11.297481,11.330998,11.473173,11.24605,2023
2023-01-27,11.53,11.064526,11.321255,11.423518,11.303487,2023
2023-01-28,11.53,11.4305105,11.545589,11.358826,11.389681,2023
2023-01-29,11.53,11.389652,11.566233,11.364463,11.382288,2023
2023-01-30,11.53,11.378777,11.601517,11.389205,11.389639,2023
2023-01-31,11.79,11.369955,11.612132,11.421622,11.425253,2023
2023-02-01,12.27,11.550157,11.589693,11.302575,11.484703,2023
2023-02-02,12.07,11.489632,11.795857,11.182272,11.346104,2023
2023-02-03,11.85,11.081234,11.4425535,11.177737,11.104579,2023
2023-02-06,11.39,10.805034,11.046903,11.101437,11.2005205,2023
2023-02-07,11.56,10.690875,10.712901,11.159872,10.927447,2023
2023-02-08,11.37,10.989504,11.109509,11.227141,11.159816,2023
2023-02-09,11.4,11.2263975,11.21779,11.503763,11.3309965,2023
2023-02-10,11.19,11.239334,11.177873,11.415413,11.37174,2023
2023-02-13,11.3,11.250789,11.115067,11.106204,11.1076975,2023
2023-02-14,11.57,11.2840605,11.278017,11.167906,11.221915,2023
2023-02-15,11.57,11.124541,11.237373,11.097709,11.16578,2023
2023-02-16,11.27,11.1242285,11.270569,11.052241,11.006246,2023
2023-02-17,11.36,11.167865,11.067359,10.901914,11.093765,2023
2023-02-19,11.69,11.150069,11.161191,11.1413765,11.205436,2023
2023-02-20,11.69,11.184526,11.279108,11.075171,11.312259,2023
2023-02-21,12.13,11.291947,11.262515,11.105455,11.331764,2023
2023-02-22,11.95,11.2039995,11.458709,11.086449,11.411416,2023
2023-02-23,11.95,11.081841,11.172777,10.828445,11.229015,2023
2023-02-24,11.63,10.754619,10.8649235,10.493333,10.861239,2023
2023-02-27,11.41,11.015385,11.061434,10.742661,11.00556,2023
2023-02-28,11.41,11.262154,10.953299,11.089681,11.208709,2023
2023-03-01,11.98,11.549053,11.164841,11.370722,11.370418,2023
2023-03-02,12.1,11.4809,11.590449,11.496373,11.500893,2023
2023-03-03,11.98,11.516527,11.58958,11.269361,11.496982,2023
2023-03-06,11.93,11.438006,11.301525,11.181604,11.379572,2023
2023-03-07,11.98,11.469448,11.124761,10.848651,11.12041,2023
2023-03-08,11.66,11.085462,11.126723,10.653196,10.92392,2023
2023-03-09,11.56,11.179229,10.998532,10.729388,10.992066,2023
2023-03-10,11.44,11.251104,10.959991,10.57695,10.873826,2023
2023-03-13,12.16,11.12856,10.944872,10.616055,11.257809,2023
2023-03-14,12.03,11.372547,11.585889,11.386078,11.351657,2023
2023-03-15,11.82,11.232153,12.361332,11.777402,12.087008,2023
2023-03-16,11.39,10.963815,10.8708725,11.072102,10.323489,2023
2023-03-17,11.46,11.30977,11.185798,11.4466915,11.012808,2023
2023-03-20,11.8,11.220267,10.838591,11.3562765,10.963071,2023
2023-03-21,11.82,11.201679,11.02294,11.315909,11.427953,2023
2023-03-22,11.74,11.048812,10.602293,11.117419,11.2601795,2023
2023-03-23,12.14,11.1910305,10.670556,11.313928,11.517128,2023
2023-03-24,12.01,11.462772,11.082466,11.376973,12.024972,2023
2023-03-27,11.99,11.574697,11.100585,11.16275,11.832767,2023
2023-03-28,12.01,11.699676,11.422096,11.183231,11.5716,2023
2023-03-29,12.01,11.799943,11.726818,11.469435,11.781545,2023
2023-03-30,12.25,11.819138,11.629374,11.707161,11.8589325,2023
2023-03-31,12.39,11.822635,11.672603,11.896482,11.990238,2023
2023-04-03,12.12,11.931796,11.69432,12.044828,11.97886,2023
2023-04-04,12.35,11.880123,11.518857,12.019178,11.81761,2023
2023-04-05,13.13,11.756117,11.774044,12.01868,11.904042,2023
2023-04-06,13.13,11.695801,11.933135,12.01783,11.86286,2023
2023-04-07,12.89,12.09014,12.188402,12.358466,12.336252,2023
2023-04-10,12.98,11.900529,11.950857,12.214193,12.089897,2023
2023-04-11,13.43,11.847333,12.106526,12.214186,11.990716,2023
2023-04-12,13.55,11.937394,12.271194,12.278941,12.0387945,2023
2023-04-13,13.4,12.093773,12.453031,12.275864,11.971127,2023
2023-04-14,13.94,12.28138,12.439405,12.404302,12.286134,2023
2023-04-17,13.91,12.230699,12.352385,12.33749,12.398732,2023
2023-04-18,13.86,12.186533,12.381347,12.227799,12.281094,2023
2023-04-19,13.9,12.239576,12.419651,12.185122,12.35094,2023
2023-04-20,13.59,12.53511,12.524776,12.160563,12.251788,2023
2023-04-21,13.29,12.257608,12.3901615,11.891732,11.961363,2023
2023-04-23,12.69,12.069147,12.127522,11.588859,11.508785,2023
2023-04-24,12.69,12.03828,11.963818,11.495274,11.40696,2023
2023-04-25,12.88,11.984575,11.8447,11.282177,11.335078,2023
2023-04-26,12.57,12.530877,12.497238,12.022348,11.963248,2023
2023-04-27,12.82,12.625837,12.198037,12.08382,11.990592,2023
2023-04-28,12.83,12.771127,12.584376,12.214769,12.1437025,2023
2023-05-01,12.93,12.332216,12.216797,12.43523,12.545573,2023
2023-05-02,12.93,12.9584675,12.451613,12.409045,12.60262,2023
2023-05-03,12.93,13.198214,12.819806,12.719767,12.864436,2023
2023-05-04,12.93,13.148273,12.972633,12.718478,12.7711115,2023
2023-05-05,12.58,13.260328,12.973807,12.811791,12.824155,2023
2023-05-06,12.66,13.347589,12.73371,12.750063,12.609107,2023
2023-05-08,12.66,13.451982,12.717059,12.783296,12.655759,2023
2023-05-09,12.25,13.291172,12.456487,12.624773,12.589847,2023
2023-05-10,12.08,13.339627,11.861799,12.567907,12.272153,2023
2023-05-11,11.68,13.203595,11.344059,12.065654,11.812588,2023
2023-05-12,10.98,12.049313,11.363529,11.208351,11.2170315,2023
2023-05-15,11.11,12.356166,11.174822,10.991395,11.083829,2023
2023-05-16,11.25,12.026497,11.246163,10.851011,10.719089,2023
2023-05-17,11.0,11.933721,10.993533,10.528249,10.858298,2023
2023-05-18,11.1,11.743462,11.089525,10.871892,10.743688,2023
2023-05-19,10.89,11.926496,10.928634,10.647632,10.897649,2023
2023-05-22,10.9,12.198202,11.329615,10.9077215,10.86654,2023
2023-05-23,10.67,11.734894,11.1562395,10.485682,10.6489105,2023
2023-05-24,10.69,11.30208,10.952134,10.347003,10.461534,2023
2023-05-25,10.52,10.923483,10.60928,10.346524,10.227438,2023
2023-05-26,10.8,10.734924,10.117926,10.834286,10.434422,2023
2023-05-28,10.8,11.251855,11.08279,10.953809,10.766284,2023
2023-05-29,10.8,11.424922,11.129162,10.963559,10.681067,2023
2023-05-30,10.71,11.508451,11.017834,10.7877445,10.554678,2023
2023-05-31,10.69,11.450671,10.81135,10.61178,10.411034,2023
2023-06-01,11.05,11.5148735,10.682562,10.763745,10.372163,2023
2023-06-02,11.59,11.899858,11.338781,11.312466,10.8858595,2023
2023-06-05,11.28,11.851105,11.718521,11.426425,11.055785,2023
2023-06-06,11.39,11.793479,11.338031,11.534496,10.499541,2023
2023-06-07,11.4,11.758481,11.318783,11.388432,10.562385,2023
2023-06-08,11.52,11.669775,11.336272,11.344513,10.690429,2023
2023-06-09,11.71,12.032162,11.404899,11.69911,10.805285,2023
2023-06-12,11.55,12.099483,11.507208,11.728088,10.97064,2023
2023-06-13,11.6,11.989273,11.449892,11.6614275,11.186277,2023
2023-06-14,11.88,11.821804,11.395043,11.742092,11.654526,2023
2023-06-15,11.8,12.218493,11.813682,12.043245,12.201753,2023
2023-06-16,12.03,12.413323,11.721585,12.177932,12.28349,2023
2023-06-18,11.81,12.257442,11.884113,12.14112,12.025635,2023
2023-06-19,11.81,12.091847,11.568278,11.847626,11.960292,2023
2023-06-20,11.76,11.928912,11.712802,11.807948,11.811782,2023
2023-06-21,11.57,11.961453,11.848545,11.915772,11.838186,2023
2023-06-22,11.49,11.786011,11.601367,11.775592,11.632798,2023
2023-06-23,11.49,11.538894,11.234257,11.095502,11.405485,2023
2023-06-25,11.49,11.359994,11.301209,10.951656,11.17089,2023
2023-06-26,11.49,11.3730545,11.347303,11.000745,11.171536,2023
2023-06-27,11.69,11.464698,11.3594675,11.142055,11.2328005,2023
2023-06-28,11.66,11.347121,11.348419,11.102806,11.162659,2023
2023-06-29,11.35,11.027397,11.292241,11.139192,11.0991,2023
2023-06-30,11.37,11.366323,11.155284,11.405571,11.482922,2023
2023-07-03,11.93,11.668971,11.380151,11.537828,11.734123,2023
2023-07-04,11.8,11.759039,11.941116,11.846121,11.880643,2023
2023-07-05,11.8,11.736467,11.772181,11.809501,11.872855,2023
2023-07-06,11.61,11.589035,11.785285,11.802398,11.954161,2023
2023-07-07,11.55,11.608565,11.653546,11.921743,11.856414,2023
2023-07-10,11.54,11.984441,11.792286,12.038061,12.0491905,2023
2023-07-11,11.84,12.180385,11.810125,11.974161,12.046769,2023
2023-07-12,11.95,11.97412,12.118415,12.095013,12.000277,2023
2023-07-13,12.52,12.222286,12.367202,12.1724205,12.149011,2023
2023-07-14,12.58,12.679255,12.786049,12.4598,12.507483,2023
2023-07-17,12.34,12.540587,12.600707,12.3367405,12.528072,2023
2023-07-18,12.4,12.265353,12.133065,12.210594,12.107476,2023
2023-07-19,12.59,12.300413,12.2882185,12.313649,12.128136,2023
2023-07-20,12.61,12.052704,12.539064,12.39258,12.242562,2023
2023-07-21,12.53,12.0623665,12.501584,12.313344,12.275807,2023
2023-07-24,12.43,11.82844,12.44108,12.28908,12.112919,2023
2023-07-25,12.94,12.056017,12.286539,12.32997,12.184134,2023
2023-07-26,13.07,12.515429,12.75264,12.561818,12.570323,2023
2023-07-27,12.88,12.347035,12.669363,12.426539,12.530679,2023
2023-07-28,12.79,12.20287,12.435121,12.342154,12.273918,2023
2023-07-31,13.01,12.387364,12.332307,12.333767,12.34445,2023
2023-08-01,13.05,13.140646,12.8559065,12.80044,12.751488,2023
2023-08-02,12.86,12.5213785,12.637091,12.523255,12.612335,2023
2023-08-03,12.74,12.735049,12.976326,12.75287,12.579118,2023
2023-08-04,12.85,12.719512,12.625482,12.540983,12.575168,2023
2023-08-07,12.85,12.7193775,12.778488,12.752933,12.7139225,2023
2023-08-08,13.03,12.406349,12.608783,12.562642,12.561006,2023
2023-08-09,12.87,12.329285,12.77216,12.530623,12.533019,2023
2023-08-10,12.73,12.315597,12.59138,12.342228,12.502995,2023
2023-08-11,12.5,12.033003,12.35486,12.14318,12.344948,2023
2023-08-14,12.32,12.203878,12.407381,12.32838,12.312226,2023
2023-08-15,12.32,12.142422,12.199343,12.257518,12.158497,2023
2023-08-16,12.19,11.987024,12.139825,12.083555,12.055254,2023
2023-08-17,12.29,12.140791,12.122063,11.89866,12.062913,2023
2023-08-18,12.08,12.0175085,12.129449,11.864138,12.091176,2023
2023-08-21,11.98,12.077035,12.1707325,11.851026,12.013666,2023
2023-08-22,12.41,12.096703,12.050788,11.860002,11.865605,2023
2023-08-23,12.17,11.978705,12.227026,11.763444,12.080311,2023
2023-08-24,12.49,12.053654,12.138577,12.110789,11.868401,2023
2023-08-25,12.3,12.075706,12.306322,12.180336,11.995435,2023
2023-08-28,12.14,12.018083,12.015531,11.98513,11.808567,2023
2023-08-29,12.08,12.216358,12.0020075,11.728799,11.942794,2023
2023-08-30,12.45,12.46376,12.068186,11.941413,12.119749,2023
2023-08-31,12.36,12.36983,12.105344,12.135472,12.067801,2023
2023-09-01,12.8,12.358328,11.997149,11.844606,12.035166,2023
2023-09-03,13.2,12.4496155,12.245545,12.131651,12.245167,2023
2023-09-04,13.2,12.424987,12.386748,12.024204,12.147959,2023
2023-09-05,13.15,12.433493,12.422899,12.244553,12.26481,2023
2023-09-06,13.06,12.408584,12.376018,12.313412,12.293806,2023
2023-09-07,13.01,12.11073,12.21876,12.1398735,12.093931,2023
2023-09-08,12.88,12.059893,12.210333,12.305213,12.084602,2023
2023-09-11,13.0,12.254816,12.280945,12.466785,12.368398,2023
2023-09-12,12.84,12.37194,12.425465,12.678416,12.512572,2023
2023-09-13,12.84,12.283089,12.280965,12.507836,12.3399,2023
2023-09-14,12.98,12.172931,12.184913,12.377664,12.228023,2023
2023-09-15,13.15,12.1572075,12.277266,12.14998,12.190364,2023
2023-09-18,13.07,12.268866,12.409627,12.2663355,12.334054,2023
2023-09-19,13.17,12.31196,12.373464,12.3601055,12.334146,2023
2023-09-20,13.25,12.270958,12.417541,12.266339,12.354865,2023
2023-09-21,13.09,12.404154,12.541058,12.710237,12.526927,2023
2023-09-22,12.93,12.103884,12.290487,12.217947,12.156539,2023
2023-09-25,12.76,12.102689,12.124014,12.273507,12.129537,2023
2023-09-26,12.65,12.70866,12.513162,12.733063,12.619637,2023
2023-09-27,12.41,12.849515,12.501867,13.125193,12.592252,2023
2023-09-28,12.13,12.89137,12.280742,12.517776,12.23611,2023
2023-09-29,12.2,12.551049,12.015666,12.084985,12.05366,2023
2023-10-02,12.2,12.371644,11.814362,12.078917,11.872234,2023
2023-10-03,12.2,12.095833,11.944962,11.908148,11.745997,2023
2023-10-04,12.2,12.037966,11.675751,11.885347,11.618519,2023
2023-10-05,12.2,12.133036,11.789665,12.084284,11.712801,2023
2023-10-06,12.2,11.721053,11.946058,11.934667,11.832519,2023
2023-10-07,12.2,12.025647,11.699495,11.607124,11.814031,2023
2023-10-08,12.2,12.071729,11.656439,11.753713,11.850016,2023
2023-10-09,12.2,12.073811,11.591513,11.769973,11.800249,2023
2023-10-10,12.22,12.057735,11.713735,12.039546,11.767087,2023
2023-10-11,12.13,12.065,11.67094,11.997882,11.735496,2023
2023-10-12,12.29,12.255225,11.4277315,11.967145,11.710174,2023
2023-10-13,12.02,12.282856,12.922209,11.832678,12.063071,2023
2023-10-16,12.14,12.7441025,11.890425,12.815417,12.095881,2023
2023-10-17,12.06,12.950887,12.333872,12.822503,12.391274,2023
2023-10-18,11.98,13.108862,12.750289,12.482851,12.391227,2023
2023-10-19,11.77,12.401055,12.430824,12.345928,12.482949,2023
2023-10-20,11.65,12.45845,12.381723,12.395338,12.784996,2023
2023-10-23,11.45,12.6132145,12.313192,12.375268,12.397829,2023
2023-10-24,11.75,12.008822,11.027507,11.597457,11.380864,2023
2023-10-25,12.08,12.1180525,11.635667,11.659759,11.738591,2023
2023-10-26,12.08,12.129055,12.176881,11.732129,11.8347,2023
2023-10-27,12.01,12.329694,12.160169,11.905185,12.029089,2023
2023-10-30,12.42,12.482925,11.8594885,12.076608,12.2376375,2023
2023-10-31,12.44,12.620185,12.3361,12.099803,12.466657,2023
2023-11-01,12.2,12.312679,12.50407,12.032307,12.521849,2023
2023-11-02,12.21,12.413492,12.367734,12.133589,12.313575,2023
2023-11-03,12.17,12.683452,12.627382,12.23657,12.346449,2023
2023-11-06,11.93,12.77624,12.773754,12.34506,12.574288,2023
2023-11-07,12.01,12.712046,12.008428,11.892723,12.01354,2023
2023-11-08,11.82,12.486226,11.894802,12.200248,12.251112,2023
2023-11-09,11.88,12.478067,11.981137,12.182504,12.223828,2023
2023-11-10,11.78,12.382343,11.976183,12.289008,12.0943775,2023
2023-11-13,11.9,12.327128,12.143967,12.1183195,12.047628,2023
2023-11-14,11.86,12.706974,12.51087,12.487718,12.461605,2023
2023-11-15,12.0,12.664148,12.399716,12.564493,12.583785,2023
2023-11-16,11.97,12.46856,12.655461,12.484033,12.564191,2023
2023-11-17,11.97,12.577242,12.552359,12.608013,12.590608,2023
2023-11-20,11.86,12.643794,12.514217,12.433952,12.421898,2023
2023-11-21,12.14,12.3742,12.239958,12.23175,12.071201,2023
2023-11-22,11.95,12.781277,12.412563,12.2884035,12.610539,2023
2023-11-23,11.99,12.648268,12.40533,12.168018,12.410261,2023
2023-11-24,11.85,12.505541,12.467784,12.160576,12.427751,2023
2023-11-27,11.87,12.546886,12.268879,12.187653,12.303384,2023
2023-11-28,11.89,12.31824,12.13908,12.20753,12.133004,2023
2023-11-29,12.15,12.480707,12.247859,12.259828,12.122463,2023
2023-11-30,12.18,12.234526,12.371742,12.123626,12.336866,2023
2023-12-01,12.04,11.664856,11.817033,11.718967,11.788752,2023
2023-12-04,12.4,12.625878,11.741063,12.107531,11.608684,2023
2023-12-05,11.95,11.793843,11.975876,12.03514,12.098537,2023
2023-12-06,12.0,11.487325,11.493971,11.826809,11.696115,2023
2023-12-07,11.8,11.471242,11.613656,11.754143,11.841374,2023
2023-12-08,11.67,11.960077,11.71612,11.963828,11.91425,2023
2023-12-11,11.67,11.77819,11.527472,12.01651,11.711835,2023
2023-12-12,11.62,11.593273,11.605495,11.791188,11.786082,2023
2023-12-13,11.44,11.43015,11.42174,11.653738,11.72455,2023
2023-12-14,11.48,11.099897,11.111762,11.418211,11.310995,2023
2023-12-15,11.7,11.831595,11.517785,11.870776,11.70122,2023
2023-12-18,11.78,11.767946,11.695979,11.846121,11.876221,2023
2023-12-19,11.8,11.484935,11.561345,11.648219,11.820002,2023
2023-12-20,12.02,11.79477,11.613512,11.773446,11.8872175,2023
2023-12-21,12.07,11.801877,11.867206,11.79375,12.04644,2023
2023-12-22,12.14,11.801901,11.765946,11.876849,12.023142,2023
2023-12-25,12.22,11.785864,11.923635,11.939182,12.147371,2023
2023-12-26,12.18,11.767665,11.94762,12.0307665,12.188213,2023
2023-12-27,12.4,11.450015,11.821211,11.880518,11.888521,2023
2023-12-28,12.35,11.939396,11.873796,12.17117,12.284663,2023
2023-12-29,12.46,11.891896,12.047386,12.103382,12.236731,2023
2023-12-31,12.49,11.774494,12.187965,12.050715,12.155009,2023
2024-01-01,12.49,12.265995,12.449314,12.292997,12.448574,2024
2024-01-02,12.49,12.241276,12.502211,12.384768,12.478401,2024
2024-01-03,12.53,12.066711,12.441889,12.277359,12.288241,2024
2024-01-04,12.51,12.200167,12.576943,12.207844,12.4680195,2024
2024-01-05,12.47,12.117555,12.738489,12.418647,12.556762,2024
2024-01-08,12.3,11.776878,12.722868,12.3103,12.095799,2024
2024-01-09,12.43,11.7944355,12.152439,12.315001,12.224948,2024
2024-01-10,12.28,12.1517315,12.767852,12.412017,12.393044,2024
2024-01-11,12.14,12.248851,12.114707,12.4323,12.202421,2024
2024-01-12,12.2,12.275336,12.27907,12.373277,12.123157,2024
2024-01-14,12.12,12.436183,12.517416,12.432316,12.656123,2024
2024-01-15,12.12,12.5330925,12.348138,12.238435,12.3506365,2024
2024-01-16,12.19,12.57953,12.408482,12.212478,12.311189,2024
2024-01-17,11.7,11.910533,12.341525,12.254379,11.792486,2024
2024-01-18,11.84,12.350288,12.245412,12.024912,12.200305,2024
2024-01-19,11.92,12.342838,12.241341,11.950826,12.097145,2024
2024-01-22,11.68,12.059653,12.24613,12.034655,12.085503,2024
2024-01-23,11.54,12.329722,12.054071,11.834017,11.924538,2024
2024-01-24,11.72,12.165511,11.300745,11.729819,11.775359,2024
2024-01-25,12.05,12.653803,12.02569,11.851404,11.74439,2024
2024-01-26,12.22,12.577375,12.172692,11.874835,12.062453,2024
2024-01-29,12.24,12.164416,12.140903,11.843099,12.140257,2024
2024-01-30,12.18,12.07464,12.08641,11.895765,12.169808,2024
2024-01-31,12.04,11.874916,12.112136,12.096654,12.155304,2024
2024-02-01,12.13,12.002259,11.745519,12.091599,12.232682,2024
2024-02-02,12.03,11.979879,11.932996,11.987625,11.932259,2024
2024-02-04,12.16,12.06161,12.051621,12.031267,11.238067,2024
2024-02-05,12.16,12.187849,12.253357,11.993401,11.47779,2024
2024-02-06,12.19,12.40584,12.362069,12.077358,12.176311,2024
2024-02-07,12.25,12.878923,12.625132,12.287982,12.470563,2024
2024-02-08,12.5,13.031406,12.478055,12.324385,12.736121,2024
2024-02-09,12.85,13.018143,12.2778425,12.421,13.149332,2024
2024-02-12,12.85,12.64687,12.73011,12.766475,13.130761,2024
2024-02-13,12.85,12.324687,12.702207,12.994059,13.279498,2024
2024-02-14,12.85,12.412731,12.697034,12.99845,13.233058,2024
2024-02-15,12.85,12.575874,12.733592,12.959573,13.069397,2024
2024-02-16,12.85,12.546662,12.463593,12.97806,13.00614,2024
2024-02-18,12.85,12.495654,12.831209,12.884067,12.813245,2024
2024-02-19,12.85,12.615149,12.859534,12.834782,12.835831,2024
2024-02-20,13.1,12.581571,12.894893,12.784891,12.892093,2024
2024-02-21,13.05,12.723496,13.128405,12.875932,13.02913,2024
2024-02-22,13.26,12.773277,13.030725,12.90166,13.001193,2024
2024-02-23,13.5,12.78265,12.802369,12.904514,12.968476,2024
2024-02-26,13.15,13.057844,13.276806,12.919187,13.090185,2024
2024-02-27,13.16,12.88384,12.825005,12.970526,12.737455,2024
2024-02-28,13.01,12.663404,12.8988,12.819994,12.621967,2024
2024-02-29,13.11,12.837249,12.853791,12.840373,12.509254,2024
2024-03-01,13.25,12.848593,13.007401,12.853091,12.40574,2024
2024-03-04,13.46,13.054607,13.38202,12.939981,12.566474,2024
2024-03-05,13.85,13.384191,13.409795,13.514872,13.789533,2024
2024-03-06,14.2,13.449707,13.838475,13.644056,13.964239,2024
2024-03-07,14.73,13.315958,13.944029,13.847003,13.801557,2024
2024-03-08,14.89,13.604636,14.1965275,14.13944,14.377184,2024
2024-03-11,14.86,13.582034,14.211102,14.338489,14.250075,2024
2024-03-12,14.36,13.654686,14.030936,14.333311,13.980417,2024
2024-03-13,14.69,13.370435,13.325087,13.523595,14.130811,2024
2024-03-14,15.39,14.275337,13.972417,14.388391,13.896778,2024
2024-03-15,15.96,14.031872,14.2196865,14.41176,14.430554,2024
2024-03-18,15.78,14.989082,15.161602,15.811457,15.569416,2024
2024-03-19,15.53,14.80292,14.573596,15.664539,15.302183,2024
2024-03-20,15.51,14.559378,14.260464,15.608485,15.269852,2024
2024-03-21,15.62,14.347941,14.3632,14.967718,15.639935,2024
2024-03-22,15.39,13.914747,14.111892,14.955463,15.00969,2024
2024-03-25,15.74,13.814419,13.96092,14.71029,15.52514,2024
2024-03-26,15.53,13.728008,14.015415,15.040284,15.373521,2024
2024-03-27,15.72,13.52745,13.803482,14.737937,15.459458,2024
2024-03-28,16.1,13.609011,13.933892,14.771432,15.477273,2024
2024-03-29,16.82,14.192642,14.339611,15.266873,15.535056,2024
2024-04-01,16.87,14.748589,15.707601,15.896968,16.206923,2024
2024-04-02,16.95,15.43229,16.198816,16.76964,16.964373,2024
2024-04-03,17.51,15.71383,16.306957,17.288063,17.770319,2024
2024-04-04,17.3,16.537569,17.598942,17.764767,17.99173,2024
2024-04-05,17.3,16.544613,17.328773,17.271687,17.440603,2024
2024-04-07,17.3,16.645117,17.344212,17.057192,17.535833,2024
2024-04-08,17.3,16.770102,17.118406,16.987692,17.56152,2024
2024-04-09,17.01,16.793331,17.303528,17.038654,17.689983,2024
2024-04-10,17.99,16.74525,16.144669,16.5752,17.021893,2024
2024-04-11,17.99,17.000753,17.647816,17.133629,17.849464,2024
2024-04-12,18.39,16.711582,17.202953,17.00666,17.641762,2024
2024-04-15,18.46,17.03804,17.698765,17.38862,18.262701,2024
2024-04-16,17.94,17.139078,18.143986,17.765816,18.205505,2024
2024-04-17,18.08,16.673693,16.19221,17.003504,17.234758,2024
2024-04-18,18.47,16.906046,16.850416,17.298742,17.819904,2024
2024-04-19,18.63,16.911997,17.22567,17.395697,17.89111,2024
2024-04-22,17.8,15.885507,14.792931,17.107946,16.897259,2024
2024-04-23,17.04,17.199898,16.195707,17.764793,17.388298,2024
2024-04-24,17.54,17.103067,15.602821,17.071844,16.752275,2024
2024-04-25,17.4,17.037434,16.040375,16.69278,16.623049,2024
2024-04-26,18.27,16.565357,15.495795,16.20994,15.939888,2024
2024-04-28,17.66,16.481462,15.12937,15.8417845,16.16068,2024
2024-04-29,17.66,16.308071,15.165917,15.607591,15.2862425,2024
2024-04-30,17.61,16.205729,15.0062895,15.62375,15.05599,2024
2024-05-01,17.52,16.01132,14.982449,14.008614,15.453576,2024
2024-05-02,17.52,16.242054,16.9044,15.814175,15.994635,2024
2024-05-03,17.52,15.895512,16.00564,15.534057,15.532754,2024
2024-05-06,17.52,15.705757,15.619869,15.315009,15.283519,2024
2024-05-07,17.45,16.910212,16.827488,16.618595,16.559328,2024
2024-05-08,17.45,16.971968,16.831297,16.821396,16.46264,2024
2024-05-09,17.71,17.105291,16.941105,16.673279,16.509453,2024
2024-05-10,18.24,17.207773,16.672499,16.167807,16.072325,2024
2024-05-11,18.18,16.743046,16.288559,16.286116,16.801044,2024
2024-05-13,18.18,17.352919,17.42353,16.98856,16.777819,2024
2024-05-14,18.49,17.352276,16.82316,17.089052,16.115507,2024
2024-05-15,18.3,17.086092,17.166414,16.419443,16.588524,2024
2024-05-16,18.27,17.391973,17.082584,16.342663,16.485388,2024
2024-05-17,18.78,17.8844,16.96659,16.99307,16.530876,2024
2024-05-20,19.47,18.819288,18.76591,17.900349,18.557713,2024
2024-05-21,18.65,18.565468,18.778673,17.894587,18.384773,2024
2024-05-22,18.43,18.529833,18.302336,17.814474,18.0756,2024
2024-05-23,17.84,18.354618,17.58472,17.398191,17.25343,2024
2024-05-24,17.82,17.740759,17.378683,17.581596,16.871878,2024
2024-05-26,18.2,18.088367,17.545702,17.742104,16.70847,2024
2024-05-27,18.2,18.063793,17.680523,17.608541,17.038338,2024
2024-05-28,18.05,18.129938,17.755177,17.704142,17.146675,2024
2024-05-29,18.45,18.094378,17.55741,17.514887,16.79444,2024
2024-05-30,17.64,17.771812,17.388958,18.073776,16.83652,2024
2024-05-31,17.41,17.20314,17.24208,17.35359,17.572048,2024
2024-06-03,17.33,16.947275,16.780802,17.151161,17.516514,2024
2024-06-04,17.42,16.539135,16.648355,17.03194,17.458672,2024
2024-06-05,17.05,16.518106,16.224085,16.556028,16.707706,2024
2024-06-06,17.59,16.744848,16.713411,16.623802,16.86891,2024
2024-06-07,17.76,17.318455,16.531597,16.492514,17.182705,2024
2024-06-10,17.0,17.157076,17.126823,16.59263,16.727245,2024
2024-06-11,17.0,16.877548,16.505129,16.358309,16.908321,2024
2024-06-12,17.21,17.054697,16.74536,16.608679,16.464872,2024
2024-06-13,16.81,16.378145,16.654795,16.513016,16.878593,2024
2024-06-14,17.09,16.62188,16.14428,16.288733,16.409151,2024
2024-06-17,17.04,16.461615,16.806139,16.126633,16.74417,2024
2024-06-18,16.92,16.576307,16.38296,16.122217,16.214798,2024
2024-06-19,17.32,16.9316,16.749462,15.609769,16.08805,2024
2024-06-20,17.56,16.826162,16.629896,15.873679,16.582474,2024
2024-06-21,17.32,16.397718,16.44627,15.929877,16.599508,2024
2024-06-24,17.47,16.587599,16.301708,15.891332,16.315107,2024
2024-06-25,17.35,16.605524,16.807436,16.38436,16.62058,2024
2024-06-26,17.26,16.436356,16.445602,16.136389,16.347446,2024
2024-06-27,16.9,16.794159,16.391033,16.000328,16.348963,2024
2024-06-28,17.57,16.85305,16.746666,15.988721,16.49897,2024
2024-07-01,18.04,17.428917,17.25076,16.365782,16.689976,2024
2024-07-02,17.84,17.327541,17.131916,16.352146,16.678295,2024
2024-07-03,17.89,17.657873,17.340172,15.685302,16.691662,2024
2024-07-04,18.17,17.781755,17.271791,15.894724,16.92716,2024
2024-07-05,18.64,17.967499,17.51798,15.967591,17.104717,2024
2024-07-08,18.45,18.044506,18.339672,18.027134,18.2092,2024
2024-07-09,18.82,17.870764,17.88073,17.87776,17.872082,2024
2024-07-10,18.38,18.198032,18.294662,18.221647,18.37593,2024
2024-07-11,18.87,18.58428,17.920183,18.399397,18.06545,2024
2024-07-12,18.48,18.978634,18.771044,18.709131,18.556639,2024
2024-07-15,18.82,18.651068,18.404642,18.552795,18.353796,2024
2024-07-16,19.21,18.702936,18.225,18.515585,18.225689,2024
2024-07-17,18.47,18.674355,18.360115,18.542625,18.284924,2024
2024-07-18,18.45,18.25495,17.89233,18.021744,17.57507,2024
2024-07-19,17.94,17.444508,17.55749,17.700312,17.276516,2024
2024-07-22,17.6,16.81302,16.778261,17.168758,16.879791,2024
2024-07-23,16.52,16.480154,16.401802,16.74599,16.453074,2024
2024-07-24,16.53,16.639355,16.46847,16.531292,16.20541,2024
2024-07-25,15.43,16.04961,16.16314,16.046638,16.106836,2024
2024-07-26,15.85,15.801526,15.524413,15.140631,15.673261,2024
2024-07-29,16.11,15.796481,15.747997,15.260738,15.910554,2024
2024-07-30,15.91,15.7708435,15.27676,15.172192,15.707367,2024
2024-07-31,16.58,16.821459,15.922873,15.681252,17.050253,2024
2024-08-01,16.63,16.536657,16.371086,16.871885,16.737082,2024
2024-08-02,15.96,16.022352,15.863254,15.953989,16.310781,2024
2024-08-05,15.63,15.324392,15.183168,16.059023,15.839525,2024
2024-08-06,15.35,15.2543955,15.28923,15.113041,15.90444,2024
2024-08-07,15.48,15.272554,15.264143,15.695275,15.522285,2024
2024-08-08,15.21,15.795509,15.562043,15.792387,15.412473,2024
2024-08-09,15.34,15.904276,15.528548,15.723632,15.618589,2024
2024-08-12,15.36,16.248526,15.517919,15.291355,15.578153,2024
2024-08-13,15.54,15.928582,15.59955,15.400479,15.525912,2024
2024-08-14,15.4,15.5418415,15.313928,13.976198,15.260938,2024
2024-08-15,15.58,15.953226,15.480463,14.457994,15.451347,2024
2024-08-16,15.87,16.426044,16.136415,15.637017,15.421519,2024
2024-08-19,16.22,16.676973,15.774667,15.966596,15.532196,2024
2024-08-20,16.05,16.27926,16.149708,15.633176,15.503995,2024
2024-08-21,16.16,16.240389,16.199978,15.3395195,15.238553,2024
2024-08-22,16.17,15.976935,15.890343,14.921215,14.957661,2024
2024-08-23,16.06,15.972869,16.00983,16.162771,16.141008,2024
2024-08-26,16.21,16.386623,16.319948,16.489922,16.16847,2024
2024-08-27,16.07,16.439388,16.183685,15.902328,15.880027,2024
2024-08-28,15.82,16.486803,16.43628,15.865035,15.770617,2024
2024-08-29,15.93,16.389677,16.66412,15.786142,15.994868,2024
2024-08-30,16.0,16.523645,16.108213,15.729381,15.69102,2024
2024-09-01,15.61,16.108477,15.984556,15.656744,15.622894,2024
2024-09-02,15.61,16.033377,15.923973,15.770354,15.569067,2024
2024-09-03,15.49,16.551388,16.452187,15.731667,15.560509,2024
2024-09-04,14.68,15.980942,15.710875,15.641105,15.701278,2024
2024-09-05,14.68,15.757723,16.00514,15.38493,15.293999,2024
2024-09-06,14.76,15.586386,15.57292,15.331886,15.100975,2024
2024-09-09,14.15,15.72027,15.58901,15.239337,14.958218,2024
2024-09-10,14.22,15.409084,15.506078,15.173287,14.984049,2024
2024-09-11,14.2,15.601014,15.497076,15.1076,14.871755,2024
2024-09-12,14.2,15.924868,16.045624,15.857818,15.209862,2024
2024-09-13,14.68,16.072561,16.362404,16.24481,15.725851,2024
2024-09-14,15.04,16.06041,15.881955,16.052834,15.791719,2024
2024-09-16,15.04,15.958738,15.842606,15.737621,15.934673,2024
2024-09-17,15.04,16.06259,15.91548,15.600897,15.832408,2024
2024-09-18,15.04,16.292786,16.056932,15.627572,15.804978,2024
2024-09-19,15.4,16.628046,16.351234,16.004868,15.927542,2024
2024-09-20,15.88,15.668646,15.343666,15.305811,15.230566,2024
2024-09-23,15.82,15.953524,15.853472,15.686954,15.528906,2024
2024-09-24,16.51,16.136637,15.639665,16.90266,15.352314,2024
2024-09-25,16.92,16.893211,16.13458,16.391449,15.716191,2024
2024-09-26,17.37,16.86158,16.812904,18.013777,16.171333,2024
2024-09-27,17.51,18.590582,16.736532,17.356632,17.181507,2024
2024-09-29,18.14,18.770761,18.396166,18.291796,17.908964,2024
2024-09-30,18.14,17.992949,18.696798,18.455595,18.437363,2024
2024-10-01,17.96,18.431805,19.840225,19.738594,19.110586,2024
2024-10-02,17.96,18.565086,19.95318,19.839275,19.306566,2024
2024-10-03,17.96,19.422186,20.038992,19.907564,19.765755,2024
2024-10-04,17.96,19.080652,19.909576,19.836971,19.748514,2024
2024-10-07,17.96,19.380003,20.079819,20.005663,20.019657,2024
2024-10-08,17.96,19.542902,19.973211,19.748472,20.128527,2024
2024-10-09,16.93,17.392735,17.508587,17.84661,17.63513,2024
2024-10-10,17.35,17.571445,17.244852,17.741177,17.40015,2024
2024-10-11,17.24,18.252897,17.964409,18.39995,17.949318,2024
2024-10-12,17.67,17.815088,17.059872,17.604185,17.044401,2024
2024-10-14,17.67,17.48908,17.31359,17.443176,17.34518,2024
2024-10-15,17.13,17.5307,17.82667,18.0788,18.154697,2024
2024-10-16,17.45,17.365137,17.715992,17.436281,17.880793,2024
2024-10-17,17.14,17.667988,18.042774,17.796316,18.529804,2024
2024-10-18,17.63,17.69557,17.366796,17.18336,17.313616,2024
2024-10-21,18.22,18.154976,17.671276,17.199465,17.058298,2024
2024-10-22,18.05,17.93701,18.029894,17.346807,17.4445,2024
2024-10-23,17.85,18.322208,18.285572,17.233238,17.424612,2024
2024-10-24,17.49,18.340446,17.789202,17.006489,17.487396,2024
2024-10-25,17.23,18.597612,17.637663,16.867493,17.090029,2024
2024-10-28,17.2,18.701105,17.485874,16.595026,16.736233,2024
2024-10-29,17.22,18.48021,17.515835,16.813253,16.96957,2024
2024-10-30,17.13,18.238651,17.701145,17.069715,17.213757,2024
2024-10-31,16.82,18.115181,17.939922,16.618557,16.941818,2024
2024-11-01,17.25,18.0022,16.82804,15.987258,16.76851,2024
2024-11-04,17.35,17.820269,16.653708,16.078264,16.968704,2024
2024-11-05,17.7,17.96785,16.555517,16.254831,16.765402,2024
2024-11-06,17.31,17.171356,18.27743,17.849987,17.61589,2024
2024-11-07,17.09,17.029058,16.43863,17.404638,17.448162,2024
2024-11-08,17.09,17.471323,16.731253,16.537846,16.485678,2024
2024-11-11,16.51,16.81791,17.514555,17.293236,16.707905,2024
2024-11-12,15.98,17.339403,16.865622,17.164446,16.74524,2024
2024-11-13,16.0,16.93632,16.373539,16.43067,16.312723,2024
2024-11-14,15.61,16.615868,16.063286,15.748514,16.106716,2024
2024-11-15,15.62,15.986813,15.979787,15.797242,16.117598,2024
2024-11-18,15.71,16.294462,16.834044,16.23279,16.109245,2024
2024-11-19,16.21,16.436274,16.460417,15.7746315,15.937963,2024
2024-11-20,16.03,16.590897,16.84306,15.89761,16.096367,2024
2024-11-21,16.16,16.466976,16.549511,16.263634,16.303654,2024
2024-11-22,15.76,16.161402,17.439764,16.62119,16.550575,2024
2024-11-25,15.55,16.62798,16.097336,17.093897,16.471544,2024
2024-11-26,15.54,15.850628,16.162086,16.199125,16.46661,2024
2024-11-27,15.68,15.881437,15.90657,15.805938,15.568145,2024
2024-11-28,15.53,16.224678,15.857995,15.929542,16.001724,2024
2024-11-29,15.7,16.195145,15.768743,15.905786,15.8875475,2024
2024-12-02,15.56,15.866861,15.816027,15.968466,16.000868,2024
2024-12-03,15.61,15.976158,15.96249,16.10634,16.30948,2024
2024-12-04,15.8,16.39716,15.894928,16.282204,16.274796,2024
2024-12-05,15.48,15.762755,15.897256,16.370106,16.223127,2024
2024-12-06,15.69,16.078917,15.814357,16.007732,16.165337,2024
2024-12-09,15.88,16.30636,16.249477,16.31076,16.433893,2024
2024-12-10,16.06,17.081123,16.699837,16.424107,16.452507,2024
2024-12-11,16.12,17.554047,17.327557,16.431911,16.398453,2024
2024-12-12,16.24,17.140726,17.113785,16.325893,16.726667,2024
2024-12-13,15.57,17.416431,17.320244,16.00209,16.632452,2024
2024-12-16,15.35,17.215986,17.011097,16.017847,16.296299,2024
2024-12-17,15.45,17.274296,16.77943,15.934688,16.195477,2024
2024-12-18,15.49,17.155872,16.91044,15.921922,16.129957,2024
2024-12-19,15.32,16.749878,16.834978,15.781889,16.147192,2024
2024-12-20,15.02,17.166775,16.768684,15.900067,16.083338,2024
2024-12-23,15.51,17.101974,16.563158,15.811881,15.977678,2024
2024-12-24,15.63,17.117361,16.83514,16.039518,16.13901,2024
2024-12-25,15.52,17.36825,16.843885,16.29725,16.40735,2024
2024-12-26,15.62,17.298943,16.849442,16.377028,16.57436,2024
2024-12-27,15.3,17.201454,16.953114,16.32322,16.393442,2024
2024-12-30,15.54,16.782711,16.647629,16.276075,16.17619,2024
2024-12-31,15.12,16.802559,17.09165,16.485731,16.727297,2024
2025-01-01,15.18,16.008911,15.59616,15.435764,15.675506,2025
2025-01-02,15.18,15.810698,15.657581,15.496993,15.786524,2025
2025-01-03,15.57,15.7884865,15.765395,15.833207,15.673563,2025
2025-01-06,15.49,16.167824,16.379572,16.195475,16.210447,2025
2025-01-07,16.02,16.232006,16.310915,16.36084,16.356464,2025
2025-01-08,15.85,16.407421,16.899254,16.405739,16.616709,2025
2025-01-09,15.92,16.476788,16.225157,16.196836,16.717937,2025
2025-01-10,16.15,16.610779,16.099281,16.483543,16.809553,2025
2025-01-13,16.4,17.228048,17.378807,16.31604,16.823269,2025
2025-01-14,16.41,16.83244,17.458513,16.789978,16.806067,2025
2025-01-15,15.78,17.149242,17.560839,17.269848,17.257986,2025
2025-01-16,16.17,17.198135,16.745289,17.510504,17.53389,2025
2025-01-17,16.27,16.863544,17.22031,17.273111,16.523731,2025
2025-01-20,16.29,17.073166,17.522448,17.292849,16.686422,2025
2025-01-21,16.25,17.121923,17.552341,17.32344,16.67048,2025
2025-01-22,16.2,17.14074,17.28793,16.699965,16.869804,2025
2025-01-23,15.88,17.006792,17.073528,17.19081,16.787788,2025
2025-01-24,16.02,17.217035,17.055666,17.144144,16.80312,2025
2025-01-26,16.24,16.946405,17.473307,16.970184,16.935892,2025
2025-01-27,16.24,16.505054,17.081272,16.812819,16.440807,2025
2025-01-28,16.47,18.297373,15.998321,18.405394,18.543055,2025
2025-01-29,16.47,17.591335,18.2767,17.672443,17.725336,2025
2025-01-30,16.47,17.648134,18.095144,17.926634,17.583504,2025
2025-01-31,16.47,17.955196,18.234663,17.600496,17.382433,2025
2025-02-03,16.47,17.50033,17.822792,17.458632,17.148241,2025
2025-02-04,16.47,17.35171,17.81647,17.640003,17.212214,2025
2025-02-05,16.47,17.528374,17.793253,17.833738,17.356352,2025
2025-02-06,16.31,17.574144,17.948997,17.704327,17.390959,2025
2025-02-07,16.62,17.235083,16.948488,17.43992,17.351154,2025
2025-02-08,16.87,17.704765,17.723282,18.318398,18.085215,2025
2025-02-10,16.87,17.44439,17.85174,17.215555,17.397964,2025
2025-02-11,17.28,18.490093,17.464535,17.318674,17.355022,2025
2025-02-12,16.98,17.36972,17.657227,17.28865,17.542034,2025
2025-02-13,17.01,17.25649,17.436285,17.459574,17.511463,2025
2025-02-14,17.16,17.932257,17.804619,17.593857,17.086054,2025
2025-02-17,16.5,16.773829,17.389,17.050144,17.491907,2025
2025-02-18,16.41,16.542107,16.900108,16.68005,16.879875,2025
2025-02-19,16.35,16.543123,16.974972,16.596994,16.74006,2025
2025-02-20,16.44,16.879107,17.009106,16.895454,17.047138,2025
2025-02-21,16.19,16.646782,16.800142,16.871115,16.732079,2025
2025-02-24,16.08,16.6887,16.730679,16.600485,16.643467,2025
2025-02-25,15.78,16.603193,16.763105,16.50724,16.619658,2025
2025-02-26,15.86,16.55208,16.48044,16.228277,16.331198,2025
2025-02-27,15.75,16.533516,16.863129,16.597715,16.364523,2025
2025-02-28,15.35,16.092537,16.588312,16.608803,16.447899,2025
2025-03-03,15.64,16.46743,16.188877,16.463491,16.036057,2025
2025-03-04,15.93,16.218912,16.486843,16.197958,16.406528,2025
2025-03-05,16.01,17.36098,17.267231,17.17652,17.084005,2025
2025-03-06,16.3,17.16406,16.9901,16.554333,16.483257,2025
2025-03-07,16.43,17.121237,17.381346,16.739317,16.343555,2025
2025-03-10,16.65,15.405884,16.117928,15.760486,15.199799,2025
2025-03-11,16.48,15.758522,15.955739,15.580193,15.609531,2025
2025-03-12,16.69,16.30765,16.180231,15.956944,16.030401,2025
2025-03-13,16.96,16.407547,16.377844,16.509441,16.485033,2025
2025-03-14,17.48,16.739128,16.673338,16.44031,16.374077,2025
2025-03-17,17.21,16.31257,16.571938,16.218359,16.233997,2025
2025-03-18,17.76,16.532936,16.585598,16.518337,16.527195,2025
2025-03-19,18.05,17.213654,17.28474,17.34152,17.171545,2025
2025-03-20,18.17,17.150774,17.57813,17.679356,17.509245,2025
2025-03-21,17.57,16.88928,17.52489,17.601086,17.513538,2025
2025-03-24,18.05,17.116247,17.200325,17.537529,17.622984,2025
2025-03-25,18.4,17.616062,17.361397,17.622684,18.053251,2025
2025-03-26,18.2,17.656874,17.826656,18.02702,18.130892,2025
2025-03-27,17.86,18.075071,18.029129,18.53903,17.994902,2025
2025-03-28,18.16,17.885021,17.82517,17.670055,17.635479,2025
2025-03-31,18.12,18.095713,17.790945,18.512215,18.379805,2025
2025-04-01,17.93,18.362076,18.055754,18.14986,17.898556,2025
2025-04-02,17.5,18.223534,18.115593,17.918467,17.841782,2025
2025-04-03,17.11,17.675552,18.272224,17.978056,17.873884,2025
2025-04-04,15.41,18.180862,19.188005,17.194454,21.239449,2025
2025-04-07,15.41,17.886436,18.990906,20.677364,17.921345,2025
2025-04-08,15.95,18.478336,19.56999,21.098951,17.637331,2025
2025-04-09,15.92,18.213205,18.625074,17.535822,17.090384,2025
2025-04-10,16.75,19.387304,20.906605,19.04036,18.413565,2025
2025-04-11,17.15,18.04475,17.656925,17.736914,18.004606,2025
2025-04-14,17.63,18.05926,17.409506,17.109016,16.643084,2025
2025-04-15,17.65,17.507713,17.115051,16.595993,16.069553,2025
2025-04-16,17.74,17.398249,17.386477,16.758533,16.712353,2025
2025-04-17,17.82,18.00334,17.989567,17.736965,17.549437,2025
2025-04-18,17.62,18.559956,18.378048,18.10881,18.337173,2025
2025-04-21,18.6,18.870323,18.37542,18.657307,18.39975,2025
2025-04-22,18.5,18.710073,18.384611,18.277754,18.709822,2025
2025-04-23,17.79,18.366364,17.917698,18.7228,17.886103,2025
2025-04-24,17.67,17.729069,17.359377,16.820156,17.808771,2025
2025-04-25,17.65,17.564808,17.152416,16.888481,17.046503,2025
2025-04-27,17.66,17.180601,17.068789,16.777319,17.049812,2025
2025-04-28,17.66,17.352627,17.125515,16.798395,17.109745,2025
2025-04-29,17.63,17.145582,17.065866,16.589518,16.991438,2025
2025-04-30,17.46,17.016998,16.880812,16.314444,16.666172,2025
2025-05-01,17.76,17.506468,17.295202,16.963427,17.209938,2025
2025-05-02,17.76,17.18672,17.197859,17.267931,17.30622,2025
2025-05-05,17.76,16.9785,17.004385,17.013388,17.007423,2025
2025-05-06,17.76,16.735096,16.76066,16.861927,16.687143,2025
2025-05-07,18.05,16.816574,16.713663,16.635279,16.706697,2025
2025-05-08,17.76,16.435265,16.830847,16.311121,16.88671,2025
2025-05-09,17.65,16.794779,16.542267,16.794226,16.393991,2025
2025-05-12,17.71,17.106316,17.576927,17.411264,17.41254,2025
2025-05-13,17.76,17.047573,16.623507,17.224379,17.480963,2025
2025-05-14,17.9,16.81535,17.040848,17.212374,17.238707,2025
2025-05-15,17.49,16.793272,16.080086,16.77593,16.798342,2025
2025-05-16,17.42,16.27891,16.478546,16.120935,16.364191,2025
2025-05-19,17.42,16.918415,16.890913,16.774187,16.665642,2025
2025-05-20,17.46,17.106031,16.936739,17.016699,16.664373,2025
2025-05-21,18.49,17.222677,17.086958,17.01595,16.941452,2025
2025-05-22,18.58,17.075266,17.34451,17.105198,17.271656,2025
2025-05-23,18.59,16.776108,17.368877,17.359951,16.974833,2025
2025-05-25,18.56,17.264854,17.57364,17.915777,17.745901,2025
2025-05-26,18.56,16.924522,17.293653,17.262964,17.49326,2025
2025-05-27,17.88,16.84816,17.238945,17.136065,16.649061,2025
2025-05-28,17.98,16.93921,17.11787,16.840853,16.546385,2025
2025-05-29,17.82,16.886923,17.204065,16.822525,16.681929,2025
2025-05-30,17.73,16.885798,17.039965,16.92482,16.822205,2025
2025-06-02,18.06,17.07996,16.715683,17.204927,16.749407,2025
2025-06-03,18.06,17.630693,17.368074,17.769882,17.716658,2025
2025-06-04,18.09,17.29192,17.373814,17.291122,17.27918,2025
2025-06-05,17.88,17.525835,17.492887,17.520073,17.625029,2025
2025-06-06,18.14,17.731007,17.349699,17.333843,17.309135,2025
2025-06-09,17.97,17.496973,17.55559,17.210583,17.512615,2025
2025-06-10,18.27,17.592777,17.44832,17.438477,17.531658,2025
2025-06-11,18.66,17.580101,17.733284,17.488024,17.374233,2025
2025-06-12,19.46,17.38577,18.120113,17.314701,17.278727,2025
2025-06-13,19.15,17.894995,18.62287,17.84023,18.081139,2025
2025-06-16,18.82,18.08984,18.525309,18.376719,18.492067,2025
2025-06-17,18.87,18.11571,18.509392,18.410135,18.447073,2025
2025-06-18,18.78,17.955034,18.515812,18.18707,18.13184,2025
2025-06-19,18.37,17.985886,18.426481,18.21469,18.267496,2025
2025-06-20,18.41,17.884256,18.06454,18.054981,17.83242,2025
2025-06-23,18.51,17.776236,18.023447,18.035362,17.747328,2025
2025-06-24,18.54,17.594545,17.845695,17.829815,18.010849,2025
2025-06-25,18.99,17.712536,17.8123,17.886286,18.032343,2025
2025-06-26,18.98,17.906355,17.88968,18.032465,18.57859,2025
2025-06-27,19.78,18.571638,18.349018,19.394678,19.23506,2025
2025-06-30,19.5,17.893518,18.873068,18.882889,19.366432,2025
2025-07-01,19.9,17.971462,18.409033,18.74413,18.919998,2025
2025-07-02,20.17,17.984724,18.814104,19.050549,19.082262,2025
2025-07-03,20.29,18.351444,18.770237,19.285126,18.585682,2025
2025-07-04,20.05,18.3871,18.760141,19.107273,18.378092,2025
2025-07-07,19.8,18.775957,18.996544,19.178627,19.068878,2025
2025-07-08,19.82,21.024675,18.323565,21.351795,21.507254,2025
2025-07-09,18.9,19.677645,18.84585,20.82218,19.660982,2025
2025-07-10,18.84,19.727125,18.416641,20.196192,19.14431,2025
2025-07-11,18.89,19.534086,18.076292,19.740387,18.598589,2025
2025-07-14,19.08,19.524328,18.323626,19.416801,18.45224,2025
2025-07-15,19.12,19.544014,18.726603,19.352226,18.510473,2025
2025-07-16,19.14,18.950365,18.726524,18.450493,18.31585,2025
2025-07-17,19.07,19.224026,19.07459,18.705378,18.57923,2025
2025-07-18,19.47,19.122868,18.94769,18.64632,18.648409,2025
2025-07-21,19.79,19.205849,18.978584,18.440323,18.757442,2025
2025-07-22,20.25,19.299318,19.31897,18.734959,19.177176,2025
2025-07-23,20.21,19.593615,19.991518,19.524035,19.973742,2025
2025-07-24,20.12,19.370579,19.809992,19.452389,19.427776,2025
2025-07-25,19.85,19.596264,19.730484,19.157877,19.371487,2025
2025-07-28,19.8,19.36509,19.187365,19.173695,18.969673,2025
2025-07-29,19.59,19.522577,19.39901,19.600788,19.377125,2025
2025-07-30,19.82,19.571594,19.367191,19.306679,19.531075,2025
2025-07-31,19.15,20.19224,21.777191,19.568178,19.514069,2025
2025-08-01,19.26,18.021555,18.85138,16.605766,19.37358,2025
2025-08-04,19.88,16.596521,18.541664,16.546762,18.820969,2025
2025-08-05,19.87,16.27326,18.463427,16.932337,19.0395,2025
2025-08-06,20.16,16.470495,17.614927,17.555805,18.747107,2025
2025-08-07,20.3,16.630978,18.1492,17.705341,19.194548,2025
2025-08-08,20.54,16.575212,18.225348,17.689098,19.038677,2025
2025-08-11,20.25,16.849384,16.930365,17.512882,18.789145,2025
2025-08-12,20.3,16.813356,17.061573,17.69797,18.796215,2025
2025-08-13,21.02,17.359678,17.616312,18.240587,19.379232,2025
2025-08-14,21.17,17.051897,17.86508,17.614153,19.410173,2025
2025-08-15,21.29,17.22779,18.24053,18.08848,19.606306,2025
2025-08-18,20.8,17.510366,18.3296,18.456038,19.724792,2025
2025-08-19,20.33,19.39928,19.423582,20.222052,20.0718,2025
2025-08-20,20.56,19.156836,19.087852,20.247202,18.896101,2025
2025-08-21,20.6,18.989738,18.92787,19.86319,19.211899,2025
2025-08-22,20.66,19.171705,19.12788,19.910984,18.57659,2025
2025-08-25,22.21,19.788742,19.677896,20.201914,19.692612,2025
2025-08-26,22.39,19.659815,20.272633,20.00766,20.10675,2025
2025-08-27,22.53,19.173164,20.0185,19.682924,20.129248,2025
2025-08-28,22.52,21.381342,21.555077,22.20067,21.824923,2025
2025-08-29,23.08,22.31623,22.227415,22.796358,22.900375,2025
2025-08-31,24.38,22.038292,22.427233,23.124352,23.057417,2025
2025-09-01,24.38,22.391966,23.386269,24.146774,23.399534,2025
2025-09-02,24.41,22.108908,22.983692,24.305513,23.597029,2025
2025-09-03,24.94,22.516697,23.060144,24.948706,24.677893,2025
2025-09-04,23.87,21.645931,22.36284,24.586977,24.559711,2025
2025-09-05,25.27,22.227787,21.759195,25.19183,24.796694,2025
2025-09-08,24.64,22.635206,22.662333,25.886549,25.79162,2025
2025-09-09,25.19,22.419699,21.947206,25.734133,25.403856,2025
2025-09-10,25.18,22.275547,21.943663,25.808292,25.705063,2025
2025-09-11,25.71,22.936863,22.221022,26.16358,25.972979,2025
2025-09-12,25.65,22.754236,22.283928,26.236609,26.191374,2025
2025-09-15,25.5,22.872564,22.450718,26.417398,26.6606,2025
2025-09-16,25.32,24.951777,24.359032,25.95774,25.851336,2025
2025-09-17,25.07,24.85323,24.298292,25.656696,25.74234,2025
2025-09-18,24.42,23.819292,23.153084,24.914501,25.203053,2025
2025-09-19,25.02,23.59919,22.682919,24.270765,24.492966,2025
2025-09-22,25.37,24.006744,23.390703,24.828651,24.876762,2025
2025-09-23,25.82,24.537838,24.159975,24.89886,25.299759,2025
2025-09-24,25.93,24.399464,23.922081,25.138803,25.39759,2025
2025-09-25,27.27,24.981224,24.17861,25.263453,24.976229,2025
2025-09-26,27.4,25.01318,25.042961,25.826473,26.030058,2025
2025-09-28,28.77,25.44231,25.62333,26.609251,26.71346,2025
2025-09-29,28.77,26.277725,26.204454,27.394165,27.195019,2025
2025-09-30,29.44,26.691322,26.546282,27.897882,27.566496,2025
2025-10-01,32.38,27.505577,27.681074,28.876112,29.334867,2025
2025-10-02,32.38,27.5536,27.85669,29.724363,30.36576,2025
2025-10-03,32.38,27.299564,27.784077,30.783068,31.43323,2025
2025-10-06,32.38,27.724796,27.72026,31.286633,31.027895,2025
2025-10-07,32.38,27.282011,27.766521,31.380184,32.199135,2025
2025-10-08,32.38,27.254175,27.650013,31.468935,32.379593,2025
2025-10-09,32.38,26.946182,27.501328,31.39799,32.91952,2025
2025-10-10,30.87,26.642265,27.094545,30.993883,31.91042,2025
2025-10-11,31.3,28.198923,28.27687,33.93732,34.50812,2025
2025-10-13,31.3,29.93704,28.420086,31.40827,31.64664,2025
2025-10-14,29.5,29.455294,28.41276,30.481533,30.797468,2025
2025-10-15,30.98,30.014635,27.720129,29.539427,29.484987,2025
2025-10-16,30.47,30.667253,29.548481,30.035894,30.317652,2025
2025-10-17,30.17,29.267939,27.483912,27.48222,27.687044,2025
2025-10-20,29.75,30.027435,28.82922,28.822126,28.835331,2025
2025-10-21,30.05,28.464895,25.60521,26.915157,26.518717,2025
2025-10-22,29.45,28.525202,27.285332,27.06819,27.371548,2025
2025-10-23,29.7,27.558783,26.032232,27.048048,26.2172,2025
2025-10-24,30.03,28.636044,26.207731,27.1044,26.612648,2025
2025-10-27,31.0,28.810205,26.849049,27.244276,26.87937,2025
2025-10-28,29.84,27.850672,26.422571,26.685059,26.194683,2025
2025-10-29,30.96,27.961773,25.306904,26.706863,25.789566,2025
2025-10-30,31.11,29.107187,27.654036,28.622654,27.485378,2025
2025-10-31,30.5,29.040455,28.227692,28.698532,28.295155,2025
2025-11-03,30.0,28.706306,28.035713,28.543789,27.934557,2025
2025-11-04,28.78,29.042952,27.837128,28.05148,27.44135,2025
2025-11-05,29.01,28.776169,28.652914,28.682177,28.242949,2025
2025-11-06,29.7,29.53138,28.177275,28.398403,28.4905,2025
2025-11-07,30.17,29.137747,28.370657,28.06782,28.209661,2025
2025-11-10,30.17,27.911514,27.974995,27.801601,27.076437,2025
2025-11-11,29.62,29.053583,27.911694,27.407877,26.685606,2025
2025-11-12,29.49,29.026272,28.195635,27.263315,26.40036,2025
2025-11-13,30.72,30.177393,29.182919,27.87658,27.692636,2025
2025-11-14,30.02,30.379885,29.440712,27.889687,28.342667,2025
2025-11-17,28.98,30.189728,29.519003,27.59018,27.344639,2025
2025-11-18,28.39,29.967276,29.408192,27.328753,27.366993,2025
2025-11-19,29.34,29.414043,29.058016,27.438604,27.57965,2025
2025-11-20,28.97,29.661015,28.9904,27.286379,27.685568,2025
2025-11-21,28.14,28.458153,29.26383,27.153908,26.979048,2025
2025-11-24,28.0,28.698008,28.818338,27.249462,27.056496,2025
2025-11-25,28.51,28.291761,28.611313,27.75817,27.131498,2025
2025-11-26,28.43,28.586792,28.323177,27.323298,27.1811,2025
2025-11-27,28.6,29.576109,28.535482,27.803219,27.61225,2025
2025-11-28,28.58,29.477287,28.803972,28.683815,28.674896,2025
2025-12-01,30.06,30.312374,28.866938,29.037449,28.89358,2025
2025-12-02,29.74,30.195034,29.339836,28.723831,28.958893,2025
2025-12-03,29.97,29.636818,29.624887,29.05115,27.8819,2025
2025-12-04,30.69,30.390333,29.80182,29.626871,28.906013,2025
2025-12-05,31.32,30.454586,30.165045,29.688667,28.674541,2025
2025-12-08,31.5,30.785648,30.082632,29.643126,28.797997,2025
2025-12-09,30.4,30.350147,30.11247,29.834993,28.417648,2025
2025-12-10,30.75,31.135155,30.40106,30.587296,30.933796,2025
2025-12-11,30.96,31.654287,31.456152,30.139471,30.828882,2025
2025-12-12,31.7,31.828255,31.504688,30.924864,31.1825,2025
2025-12-15,31.41,31.518145,31.696531,30.819094,31.720203,2025
2025-12-16,30.32,31.39361,31.391243,30.957613,31.797169,2025
2025-12-17,30.87,32.157505,31.405615,30.73362,31.863708,2025
2025-12-18,30.97,32.003094,31.392805,31.2328,31.315891,2025
2025-12-19,31.12,32.088093,31.701126,31.330196,31.586706,2025
2025-12-22,32.53,32.784657,32.15287,32.064552,31.961304,2025
2025-12-23,32.09,33.067955,32.616703,32.156788,32.21737,2025
2025-12-24,32.31,33.46779,32.531387,32.254967,32.27014,2025
2025-12-25,32.03,34.25019,33.41145,32.87125,33.005108,2025
2025-12-26,33.53,34.977345,33.81412,33.214283,33.430386,2025
2025-12-29,32.65,31.789625,32.826527,32.165493,31.945059,2025
2025-12-30,33.42,32.596313,32.189034,32.776085,31.808159,2025
2025-12-31,34.47,32.72585,33.61796,32.755177,32.690506,2025
2026-01-01,35.4,33.79563,33.471153,33.73103,33.863518,2026
2026-01-02,35.4,33.558037,33.15172,33.576443,34.610645,2026
2026-01-04,35.4,33.96214,33.57362,35.326775,35.141357,2026
2026-01-05,35.4,34.52726,33.19843,34.79311,36.148663,2026
2026-01-06,37.6,35.383507,34.20706,35.786983,36.5534,2026
2026-01-07,36.72,35.166626,35.180336,35.716564,36.83841,2026
2026-01-08,36.3,34.41972,34.12932,36.24276,36.85427,2026
2026-01-09,37.22,35.135727,34.55795,36.776886,36.419704,2026
2026-01-12,37.26,36.288353,35.923565,37.0995,37.013752,2026
2026-01-13,38.24,35.86604,35.708885,36.10878,36.851208,2026
2026-01-14,38.5,35.710728,35.621353,36.47002,36.525505,2026
2026-01-15,38.25,36.148476,36.212612,36.932915,37.30181,2026
2026-01-16,37.47,35.51403,35.754112,36.763283,37.24661,2026
2026-01-18,37.26,37.408215,37.175762,38.28532,38.427624,2026
2026-01-19,37.26,37.717045,37.030117,37.021126,37.682453,2026
2026-01-20,37.31,37.554756,37.07976,36.330563,37.581314,2026
2026-01-21,38.13,37.93513,37.110016,36.317905,37.853256,2026
2026-01-22,37.66,38.441956,37.569828,36.649372,38.161427,2026
2026-01-23,37.56,38.793377,37.64568,37.469852,38.23215,2026
2026-01-26,39.5,39.709003,38.549973,38.269905,38.716736,2026
2026-01-27,40.61,39.82172,38.943233,37.688564,38.8695,2026
2026-01-28,42.3,41.20516,39.781612,40.412838,39.477093,2026
2026-01-29,43.45,41.587902,40.397488,40.53594,39.856754,2026
2026-01-30,40.14,37.912792,38.08397,40.85671,42.42099,2026
2026-02-02,36.61,38.350254,37.504395,40.261787,39.117977,2026
2026-02-03,38.81,40.103462,38.82759,39.74366,40.09782,2026
2026-02-04,39.16,38.98669,38.692608,38.276745,38.24665,2026
2026-02-05,37.45,38.601658,36.1732,38.51886,38.253407,2026
2026-02-06,37.19,38.2426,36.236107,37.850376,37.86966,2026
2026-02-09,38.63,39.85615,37.638584,38.693417,38.672966,2026
2026-02-10,38.81,39.799824,38.01908,39.940186,38.5184,2026
2026-02-11,39.48,39.77321,38.166786,39.633038,38.548206,2026
2026-02-12,39.75,39.749557,36.780293,38.319336,37.495094,2026
2026-02-13,37.78,38.125004,37.58307,38.36237,37.544403,2026
2026-02-14,39.32,39.261772,38.284367,39.25997,39.301174,2026
2026-02-15,39.32,40.143383,38.612434,39.8897,39.645535,2026
2026-02-16,39.32,39.99396,38.6498,39.606747,39.759632,2026
2026-02-17,39.32,39.62676,39.058308,39.462402,39.57454,2026
2026-02-18,39.32,39.327282,38.257687,39.371353,38.98296,2026
2026-02-19,39.32,39.47455,39.25373,39.48948,39.411804,2026
2026-02-20,39.32,39.593025,38.84065,39.9154,39.174294,2026
2026-02-23,39.32,39.740562,39.459297,39.612225,39.50806,2026
2026-02-24,39.32,39.849796,38.822235,39.986557,38.940147,2026
2026-02-25,39.63,40.84773,40.00758,40.672024,40.08215,2026
2026-02-26,39.37,40.81554,40.274265,40.73872,39.976772,2026
2026-02-27,39.55,40.69446,39.896637,40.317974,39.957085,2026
2026-02-28,40.77,40.807,40.445755,40.360355,39.98393,2026
2026-03-02,40.77,40.87536,40.130047,40.640152,39.56878,2026
2026-03-03,38.86,38.743145,37.81561,39.588467,38.614365,2026
2026-03-04,37.96,38.01653,37.928265,38.154686,38.140373,2026
2026-03-05,37.67,38.208244,38.490475,37.943356,38.5623,2026
2026-03-06,37.1,38.280113,38.620575,37.91604,38.531033,2026
2026-03-09,36.4,38.44364,37.843475,38.55048,38.46211,2026
2026-03-10,37.13,39.48621,38.693024,38.786343,39.539783,2026
2026-03-11,37.24,40.09512,39.591442,39.23693,39.572197,2026
2026-03-12,36.75,39.097916,38.594204,38.20107,38.57948,2026
2026-03-13,35.77,37.988747,38.08249,37.323452,38.32168,2026
2026-03-16,34.75,38.03833,37.154263,37.59684,37.723995,2026
2026-03-17,34.9,35.01527,34.577866,34.006935,35.191772,2026
2026-03-18,34.92,34.243282,33.35812,33.81634,31.618896,2026
2026-03-19,32.32,34.690006,37.64891,36.296947,32.35771,2026
2026-03-20,31.65,35.124054,32.850258,34.08719,26.795776,2026
2026-03-23,30.58,36.57382,37.91825,35.661533,27.499115,2026
2026-03-24,32.2,33.011005,28.139378,32.127586,30.08822,2026
2026-03-25,33.24,32.3572,29.781841,32.1378,29.810389,2026
2026-03-26,32.09,29.6827,31.873032,31.831411,30.930443,2026
2026-03-27,32.47,31.039755,29.078922,31.56843,28.681005,2026
2026-03-30,32.78,29.411037,28.871141,31.238947,29.235271,2026
2026-03-31,32.72,28.855001,28.753813,30.633661,28.820757,2026
2026-04-01,34.15,33.99029,33.60961,32.96202,35.410122,2026
2026-04-02,33.12,31.821299,32.462093,30.908346,31.544874,2026
2026-04-03,32.91,31.375626,31.384413,29.419662,30.95779,2026
2026-04-06,32.41,31.332186,31.127922,29.079483,30.670961,2026
2026-04-07,32.41,31.606731,31.211607,29.396282,30.916197,2026
2026-04-08,34.62,33.85109,32.59575,31.135035,32.5356,2026
2026-04-09,33.9,35.6309,35.00439,33.696743,34.606014,2026
2026-04-10,33.75,36.251347,34.45628,33.168064,34.066643,2026
2026-04-13,33.66,36.597275,34.583775,33.20888,33.769493,2026
2026-04-14,34.8,38.412174,35.830917,34.309044,34.86848,2026
2026-04-15,34.91,34.892677,33.49721,34.40063,33.796345,2026
2026-04-16,35.3,34.600033,34.18472,34.534626,33.6098,2026
2026-04-17,34.73,35.9318,35.285194,35.634014,34.350113,2026
2026-04-20,34.82,35.970177,35.365814,35.182735,34.46595,2026
2026-04-21,35.66,35.352932,34.80799,35.05618,34.176292,2026
2026-04-22,35.53,35.21866,34.29233,34.159374,33.897274,2026
2026-04-23,34.4,35.737362,34.99019,34.42494,34.12339,2026
2026-04-24,34.31,35.946026,35.43066,34.491146,34.711937,2026
2026-04-27,33.56,35.842278,35.523926,34.976913,34.381924,2026
2026-04-28,32.95,34.043896,34.13911,33.277805,33.53633,2026
2026-04-29,34.14,33.58263,33.627293,32.907906,33.66323,2026
2026-04-30,33.3,34.86633,34.17473,33.677788,34.55477,2026
2026-05-01,34.21,35.0998,34.42933,34.203598,35.142086,2026
2026-05-04,34.21,35.11208,35.13136,34.43973,35.107548,2026
2026-05-05,34.21,34.32807,34.663002,34.348404,34.108723,2026
2026-05-06,34.21,34.47063,34.345146,34.275574,34.860214,2026
2026-05-07,34.46,36.23119,35.256447,35.357006,36.293682,2026
2026-05-08,34.8,35.769405,34.935333,35.28643,35.517307,2026
2026-05-09,34.27,36.199738,35.816902,36.485893,35.55424,2026
2026-05-11,34.27,36.971203,36.23203,36.712,35.90071,2026
2026-05-12,34.58,36.49704,35.863873,36.574024,35.526127,2026
2026-05-13,34.66,36.739155,35.845486,37.05151,35.52518,2026
2026-05-14,33.52,36.40369,35.23792,35.30211,35.074177,2026
2026-05-15,31.84,35.32917,34.841526,35.07016,35.554844,2026
2026-05-18,31.3,35.083694,35.10703,33.512005,36.017574,2026
2026-05-19,31.16,34.152348,34.328953,34.154053,36.538563,2026
2026-05-20,30.39,34.392166,34.83748,34.269005,35.540257,2026
2026-05-21,29.99,34.975296,34.350704,34.00632,36.47336,2026
2026-05-22,30.96,33.680683,35.307587,34.921635,35.905518,2026
2026-05-25,31.35,33.88574,35.642086,35.74764,36.427307,2026
2026-05-26,32.9,34.24555,35.20847,35.461094,36.407314,2026
2026-05-27,31.62,34.509686,34.06847,34.23811,34.822414,2026
2026-05-28,30.71,33.19121,33.07756,32.76037,32.57974,2026
2026-05-29,30.44,33.862606,33.176445,32.820454,32.67939,2026
2026-06-01,30.19,31.777864,32.13999,31.823805,32.15038,2026
2026-06-02,31.58,32.065636,31.809772,32.206635,32.46358,2026
2026-06-03,31.27,33.19701,33.340664,32.281464,32.0249,2026
2026-06-04,30.34,30.793587,31.369354,30.056067,30.202572,2026
2026-06-05,29.63,28.74499,29.296158,28.149864,28.993317,2026
2026-06-08,28.05,29.924604,30.010195,30.009165,29.755354,2026
2026-06-09,28.47,30.447443,30.679102,31.691286,30.83861,2026
2026-06-10,27.7,29.079512,30.054087,31.85854,30.698559,2026
2026-06-11,27.33,28.582619,28.561611,31.726063,30.549557,2026
2026-06-12,29.09,30.556433,30.331238,31.242243,31.924337,2026
2026-06-15,31.31,33.35013,33.360207,34.13998,33.613342,2026
2026-06-16,30.29,31.811451,32.334156,31.839987,31.085161,2026
2026-06-17,30.43,32.34261,32.205814,32.008007,32.009968,2026
2026-06-18,29.69,31.282877,31.944052,30.941326,31.384142,2026
2026-06-19,30.44,31.63512,31.096407,30.621532,32.17527,2026
2026-06-22,30.44,31.963058,31.35041,30.622515,31.552776,2026
2026-06-23,27.75,30.25694,27.995083,28.942804,31.156128,2026
2026-06-24,27.65,28.334183,24.968044,28.129028,25.537502,2026
2026-06-25,25.92,28.152237,28.097082,28.056618,26.042227,2026
2026-06-26,25.1,29.031195,29.153164,29.073292,28.629622,2026
2026-06-29,25.79,27.234869,27.024427,28.426569,28.226597,2026
2026-06-30,25.14,27.813513,26.916588,27.967453,28.886993,2026
2026-07-01,25.11,28.231083,27.551575,28.979774,30.144571,2026
2026-07-02,26.3,27.333097,26.457308,26.282024,28.071648,2026
2026-07-03,27.82,27.876331,27.325256,26.912956,28.72634,2026
2026-07-06,28.28,27.924416,27.571568,27.755404,28.640238,2026
2026-07-07,27.62,27.658169,27.191166,27.350416,28.15594,2026
2026-07-08,27.36,26.788832,26.799202,25.605072,27.388586,2026
2026-07-09,27.62,27.663237,27.302193,27.086496,27.591236,2026
2026-07-10,27.72,27.1134,26.707165,26.35415,26.50993,2026
2026-07-13,27.36,25.733513,26.3629,24.698837,26.19457,2026
2026-07-14,29.06,25.438356,27.032455,26.787464,26.519653,2026
2026-07-15,28.83,26.476215,27.329407,27.438173,26.36274,2026
2026-07-16,29.25,25.475986,26.564896,26.72794,25.54072,2026
2026-07-17,28.36,23.693962,25.753962,26.656647,24.09089,2026
2026-07-20,29.35,26.418324,26.813042,27.440672,26.878859,2026
2026-07-21,30.21,26.891462,25.453577,27.230526,28.461462,2026
2026-07-22,32.2,28.75248,27.754051,29.142527,28.33331,2026
2026-07-23,33.06,26.197453,27.783714,27.961136,26.350399,2026
