,A_500,Dollar Index,cn_10y_rate,us_10y_rate,brent,Copper Futures Price,Gold Futures Price,gold_5,gold_20,copper_5,copper_20
2012-06-06,-1.1499325797159534,-1.2239999346066741,-0.3305361399913175,-1.406390437662571,1.0959875835469561,1.2117974895318737,2.086674182813722,2.288412501244439,0.6332570690489108,-0.11419389137059616,-1.508652447691654
2012-06-07,-1.1720392706057683,-1.2609895315556918,-0.2964375550309013,-1.406390437662571,1.0529259347226705,1.1932564664757626,1.7822152374149005,0.789735687627152,-0.14241184050617983,0.0752461561062921,-1.71067683433473
2012-06-08,-1.194819675116138,-1.197969560128211,-0.443219543271101,-1.4293434391847404,0.9549508071224616,0.9950992825635745,1.8052802724703618,-0.9715577939480893,0.10261351769182231,-0.34623925156414687,-1.9704853396374096
2012-06-11,-1.1535442276415218,-1.197969560128211,-0.3551503503269814,-1.5441084467955861,0.9956420899564193,1.1283628857793735,1.8408664874448448,-0.5378678091647469,0.5768681098011295,0.42729055298838625,-1.156412446986879
2012-06-12,-1.1764480229248861,-1.2116693721378968,-0.29734082880468804,-1.3834374361404018,0.916234829280444,1.1109806766642698,1.954214337939558,-0.08303737520258396,0.9286560816144698,0.5634833671922106,-1.0009873038741022
2012-06-13,-1.1216094616826409,-1.2609895315556918,-0.2607582409663616,-1.5211554452734168,0.9438890991675999,1.119092374251318,1.9898005529140421,-0.4678933184165562,1.380776077140507,-0.4698436356330814,-0.7612047879804759
2012-06-14,-1.1429165803634476,-1.2815397721845492,-0.2381763966217151,-1.4522964407069097,0.9110990363014004,1.1526979785405194,1.9917778776966284,1.0315292130277143,0.7202115571341787,-0.203859063286075,-0.6820849828732596
2012-06-15,-1.1335783666631725,-1.3240105482118298,-0.2555644167670921,-1.5441084467955861,0.9375681231933924,1.2187503731779157,2.048451802943985,1.1948223992393008,0.5737141939755944,1.179245491932921,-0.45559771150508493
2012-06-18,-1.114429352602052,-1.2760596383349434,-0.21604618916396248,-1.5670614483177554,0.8617164115029081,1.2465619077620824,2.039884468145553,0.9739863159995579,0.6059461328810918,0.6143960398488475,-0.5758788817469667
2012-06-19,-1.139473977796882,-1.3541497165416758,-0.21920764737221257,-1.4522964407069097,0.8589509845141928,1.3357905812196171,2.016819433090093,0.30095905538529333,0.7523385195843281,1.1676544099834656,-0.26649619740237174
2012-06-20,-1.1460642789825546,-1.3377103602215157,-0.2174010998246411,-1.4293434391847404,0.7941609807785708,1.2314973265289912,1.9680540025284998,-0.10841439522632994,1.1151043850523181,0.5851636816988627,0.0012473795712346965
2012-06-21,-1.1939793839520407,-1.2239999346066741,-0.2399829441692866,-1.475249442229079,0.625074873468533,1.0240696310887487,1.6365761769536267,-1.722400550202979,0.11608852726720978,-0.658405711678607,-0.7220656153306695
2012-06-22,-1.2584411915801803,-1.23769974661636,-0.3131481198459395,-1.3375314330960633,0.625074873468533,1.0449282820268735,1.7881464073180788,-1.2564190963726356,0.30561106626156037,-0.8835746450171016,-0.7797882296224657
2012-06-25,-1.2584411915801803,-1.2048199887473825,-0.3131481198459395,-1.475249442229079,0.6041366405539722,1.0692633747880191,1.7881464073180788,-1.2161395073485919,0.6484601626334853,-0.8981286088266588,-0.7971119888406244
2012-06-26,-1.263845707437369,-1.2171495059875026,-0.3185677624886549,-1.406390437662571,0.663395790312163,1.0599928632599636,1.6991812721041617,-1.5369822983341588,0.4220282193715505,-1.383537619160992,-0.8206032175434886
2012-06-27,-1.2735800055189581,-1.1911201767376967,-0.40912095831068485,-1.4293434391847404,0.7372721970107077,1.1434274670124638,1.7222463071596206,-1.1955588483068857,0.23025667740096162,-0.44502947204019905,-0.21738054041359664
2012-06-28,-1.3035503903717567,-1.176050069958445,-0.4088951398672389,-1.5441084467955861,0.6961858531783618,1.0889632117851376,1.5390437069412761,-0.4914816416148485,-0.21842986939931594,0.34363594355673655,-0.21604907646307733
2012-06-29,-1.2608164639603368,-1.3157898248230926,-0.4088951398672389,-1.3834374361404018,0.8206300676705628,1.4713718123174298,1.8935865675716106,0.5171542404791867,-0.2764849864780426,2.230435641018365,1.1000930625209404
2012-07-02,-1.253736301405874,-1.2856496112645892,-0.3863132955225924,-1.5211554452734168,0.864481838491624,1.407637045562047,1.8520691826939495,0.31228830094703525,-0.245665684224404,1.7650232758467976,0.9733572617850663
2012-07-03,-1.2493695019495752,-1.2979801737333665,-0.4199602435961157,-1.4293434391847404,1.0466049587484636,1.5721886251850339,2.010889067631498,1.548166133853274,0.09409683700639686,2.672927406767598,1.5309703689391327
2012-07-04,-1.3029827928159785,-1.1568701240991532,-0.42199260958713314,-1.4982024437512476,1.1117900234824738,1.4632601147303805,1.9291727825460936,1.0244072754938585,-0.38419654719550556,1.6526456022170462,0.6709987067350688
2012-07-05,-1.3029827928159785,-1.1568701240991532,-0.422444246474026,-1.4982024437512476,1.1117900234824738,1.4632601147303805,1.9291727825460936,1.9688969360247979,0.36107483960557873,1.9470224230337618,0.7207151561720093
2012-07-06,-1.251464677275033,-1.091109563132541,-0.47505994379705185,-1.612967451362094,0.9916914799725401,1.2697381865822208,1.728177477062799,-0.811196742066981,-0.1951182261310082,-0.9934767038331977,0.751296183489981
2012-07-09,-1.3232188795871873,-1.108919214222267,-0.5317403731021125,-1.704779457450771,1.0485802637404034,1.320725999986527,1.7953952574465917,-0.28109310794656234,-0.11633001717308314,-0.4294169407238063,0.5231734618953108
2012-07-10,-1.3343474934036217,-1.0815195902028951,-0.5678713240535461,-1.704779457450771,1.0173704448677565,1.2430854659390613,1.734108646965976,-1.3404257943301605,-0.5419408859100473,-1.6039927071326219,0.3660817587822542
2012-07-11,-1.3081516322967461,-1.0527496714139577,-0.6019699090139623,-1.6818264559286018,1.02053093285486,1.3578080460987483,1.707088962345344,-1.084424130517031,-0.6926446391100761,-0.5182435855064653,0.6453588498037586
2012-07-12,-1.283642523056715,-1.0417894037147462,-0.5784847908955301,-1.773638462017279,1.0185556278629202,1.2824851399332973,1.6392123418488815,-1.414903730642306,-0.8626396243870398,-0.8911967360877356,0.358170064127329
2012-07-13,-1.283401911049374,-1.0897392683629752,-0.5583869494287949,-1.7277324589729404,1.1264072804228271,1.4887540214325337,1.8151652874941298,0.42857652261490076,-0.5691437772567373,1.1148820245189999,0.7184372000322401
2012-07-16,-1.3550919501595704,-1.11851023238057,-0.5220301800339153,-1.773638462017279,1.133913439392198,1.4447190916742694,1.8125291225988747,0.08135168079257377,-0.5552157749356639,0.6288322076716233,0.530564818914554
2012-07-17,-1.3393769013109054,-1.12672991054065,-0.49989997257616164,-1.704779457450771,1.217271310052053,1.3763490691548594,1.7986902624545162,0.31719393080870006,-0.5339882184966005,0.6821785774816461,0.12269978006171202
2012-07-18,-1.3339341343140882,-1.1376901782398616,-0.49809342502859016,-1.7277324589729404,1.284826740776391,1.4192251849721174,1.675457396936033,-0.16043971767481532,-0.7181796067284036,0.3120045925364669,0.5045793650320575
2012-07-19,-1.3152564730058085,-1.144539561630376,-0.4976417881416973,-1.6818264559286018,1.3587031474749356,1.5594416718339572,1.7393801723119036,0.49827634329391585,0.25499538804059574,1.406532383322023,1.440916427193823
2012-07-20,-1.3447863527990138,-1.0664494834236435,-0.5089327103140201,-1.796591463539448,1.3267032066055124,1.3589668600397555,1.755196357238851,-0.29828827938400565,-0.08580838918428048,-0.6367187626703921,0.8508881237342408
2012-07-23,-1.385911263530576,-1.0335697255546659,-0.5202236324863438,-1.8424974665837865,1.205419480100415,1.2013681640628109,1.7196101422643668,-0.4605751698300041,-0.1741621749229365,-1.2038007078386106,0.36796070067318737
2012-07-24,-1.373537636814619,-0.9924692442969512,-0.5204494509297898,-1.9113564711502944,1.191987406155225,1.1387922112484365,1.7123612921358529,-0.4286942593260465,0.029004443359182862,-1.1851108677393452,0.2274867223046471
2012-07-25,-1.390068298672783,-1.0596001000331292,-0.5202236324863438,-1.9343094726724637,1.1437899643518963,1.1886212107117342,1.9232416126429164,1.2328592046796647,0.49819675918100265,-1.1441643788071918,0.13738029192976647
2012-07-26,-1.4043075938764262,-1.1568701240991532,-0.519546177156004,-1.888403469628125,1.2393947259617777,1.2326561404699985,1.9693716827538368,1.1370630515434677,1.09048340182907,-1.5951539753041037,0.3975851629360986
2012-07-27,-1.404382862247953,-1.170569936108839,-0.5193203587125571,-1.5900144498399247,1.2998390587151323,1.3079790466354504,1.9884828726887052,1.1516442688743769,0.2292587797711389,-0.25186464327708286,-0.39073943053641846
2012-07-30,-1.4259799492452987,-1.1596096684096275,-0.5213527247035755,-1.704779457450771,1.3093205226764433,1.2998673490484012,2.0003444080504784,1.3912713023720533,0.3619036665884923,0.5079038210894514,-0.2533262732749378
2012-07-31,-1.4365964913538039,-1.180159909038485,-0.4852217737521419,-1.7506854604951096,1.285221801774779,1.302184976930416,1.939716637682531,1.1269263147119462,-0.17702335899262786,0.8466918762708021,-0.6498986299842656
2012-08-01,-1.3996989485050568,-1.12262007146061,-0.4838668630914633,-1.6359204528842632,1.3188019866377536,1.2025269780038181,1.8949042477969464,-0.141183160053201,-0.08795025396965378,0.07516157429470954,-0.6356190386998063
2012-08-02,-1.4183408264891673,-1.0856294292829352,-0.4974159696982514,-1.7506854604951096,1.3492216835136246,1.0066874219736437,1.7874875672054105,-0.8853538414791223,-0.3510980687946896,-1.1477744362047373,-1.1274670599928995
2012-08-03,-1.391321948926414,-1.215780256446594,-0.4881574135169461,-1.5441084467955861,1.4290240051879881,1.183985954947707,1.9100615926112252,-0.3828319380490503,0.4501873988937139,-0.6220538196381292,-0.20143158093543714
2012-08-06,-1.3488841603701833,-1.2308503632258456,-0.44344536171454696,-1.5670614483177554,1.446406689117058,1.2338149544110057,1.955532822609477,-0.2198612926374599,0.3933160397175243,-0.3298973198132355,-0.20297952027734165
2012-08-07,-1.341066120993209,-1.2390700413859257,-0.39828167302525497,-1.406390437662571,1.5404312067333872,1.3520139763937136,1.9344443078920213,-0.02878074196368411,0.4959780923511947,0.25562236529296456,0.30042891099396857
2012-08-08,-1.346144885209691,-1.2144099616770283,-0.3429561543808729,-1.3604844346182325,1.5811224895673448,1.3079790466354504,1.955532822609477,0.2930111026529293,0.617655654717025,0.5434013997704376,-0.10758821099843063
2012-08-09,-1.3153810976865332,-1.180159909038485,-0.46083338185992495,-1.3375314330960633,1.585073099551224,1.3160907442224987,1.9832105428981965,0.9627121483034957,0.8624167187737267,1.6274329732711186,0.10553589450300338
2012-08-10,-1.3272574595873188,-1.1924894262786052,-0.5055454336623231,-1.4293434391847404,1.5696657206140945,1.2430854659390613,2.0003444080504784,0.43722908952131506,0.4545803885264818,0.306971138263927,-0.5958476689523035
2012-08-13,-1.382270001819488,-1.2075595330578568,-0.45947847119924534,-1.4293434391847404,1.6229989553964665,1.1526979785405194,1.9337854677793527,-0.10875771667866464,0.29635665025706637,-0.4094665694101799,-0.7158818814400392
2012-08-14,-1.3726998134659825,-1.202079399208251,-0.4423162694973143,-1.2457194270073864,1.6000854174899661,1.1654449318915958,1.86656768739556,-0.33345154770435415,0.16435732411583634,-0.932756633224967,-0.5162225303111729
2012-08-15,-1.404340909385135,-1.1787896142689194,-0.3752481917937166,-1.0850484163522014,1.6636902382304242,1.1422686530714563,1.8949042477969464,-0.29759421500588734,0.5467777610211465,-0.8326520179375342,-0.6801680677138261
2012-08-16,-1.4200954432811588,-1.2185198007570683,-0.36056999296969683,-1.0161894117856936,1.6877889591320885,1.2187503731779157,1.976620532882352,-0.03505910383325477,0.5877814249115751,-0.48700347333837746,-0.8263863001223741
2012-08-17,-1.4282972279621482,-1.1856400428880909,-0.3887972984005037,-1.0620954148300321,1.651443347280398,1.302184976930416,1.9779390175522689,-0.11149678933425172,0.5507751743373421,0.30469669801072524,-0.12525978208810523
2012-08-20,-1.437866182407924,-1.2048199887473825,-0.33866560395539014,-1.0391424133078628,1.6632951772320361,1.1897800246527417,2.002980572945733,0.33361639473271715,0.7041945641946482,0.19482316029425925,-0.010868209230201988
2012-08-21,-1.4160556293732969,-1.2801694774149834,-0.33550414574713905,-1.0850484163522014,1.6842334101465968,1.3798255109778803,2.133463093037313,1.304050170355941,1.049144850903029,1.1059139430245362,0.6498352524258753
2012-08-22,-1.4376613537247525,-1.3377103602215157,-0.25488696143675327,-1.2916254300517247,1.6739618241885104,1.382143138859895,2.116988067997697,1.0816579048168011,0.47090320001132857,1.2406412225048489,0.5223030315011981
2012-08-23,-1.4288956732111748,-1.3555200113112416,-0.3075026587597781,-1.3604844346182325,1.7403320719176842,1.4678953704944089,2.3291860687300954,1.705797218384071,0.874138957376796,1.2759246661056594,0.6273305990056874
2012-08-24,-1.4660905878228405,-1.3240105482118298,-0.38382929264468213,-1.3604844346182325,1.6735667631901228,1.447036719556284,2.330504553400017,1.705585678549476,0.8292190893191664,0.7356685578237433,0.3752792846316792
2012-08-27,-1.5272479905501688,-1.3144195300535269,-0.35356962122285585,-1.4293434391847404,1.5937644415157586,1.4308133243821866,2.3476384185522963,1.6633428687951552,0.8411231107919042,1.239067458177619,0.354851364753816
2012-08-28,-1.5131999510446685,-1.3541497165416758,-0.3228583129141377,-1.4522964407069097,1.54951760969631,1.4030017897980198,2.308757198569891,0.8342069196001821,0.899172314245841,0.1198406577525683,0.27754825305338193
2012-08-29,-1.5392835265481184,-1.3294896368327784,-0.2530804138891818,-1.406390437662571,1.5459620607108182,1.3589668600397555,2.264604453241559,0.7030728713075475,0.9046231944222771,-0.11202547624363646,0.42517979410591156
2012-08-30,-1.5538535090233887,-1.3116799857430523,-0.26188733318359325,-1.475249442229079,1.5360855357511198,1.3554904182167347,2.2230870683638972,-0.500933280989629,1.0775789117101398,-0.5523515404155732,0.9475803552982305
2012-08-31,-1.5602229407253998,-1.3705901180904931,-0.2564676905408788,-1.612967451362094,1.60127060048513,1.3809843249188878,2.4280362189677827,0.4544097307155557,1.2672183305618858,-0.3238171284147446,0.5316443739205646
2012-09-03,-1.5572344162034564,-1.3610001451608473,-0.2399829441692866,-1.5670614483177554,1.6427520053158635,1.4087958595030545,2.482733623877135,0.6296445955591048,1.284326124867778,-0.10556494998013129,0.4714887661548444
2012-09-04,-1.5572344162034564,-1.3610001451608473,-0.27724298733795283,-1.5670614483177554,1.6427520053158635,1.4087958595030545,2.482733623877135,0.8146477847381098,1.3385239704971204,0.032794673790392054,0.16380200592411204
2012-09-05,-1.5605326515656173,-1.3719604128600589,-0.26572624672218315,-1.5441084467955861,1.577171879583465,1.547853532423888,2.4688947637327754,0.961015806984668,1.2505079651785518,0.9513485839268263,0.633430814766324
2012-09-06,-1.535921127984,-1.393879903029825,-0.24856404502025212,-1.3604844346182325,1.6237890773932422,1.5212008117807276,2.546656399253006,1.5297738157682055,1.369322428860767,0.8354578588070589,0.5438770443168188
2012-09-07,-1.4169415751234022,-1.5075903286446664,-0.20362617477440706,-1.3834374361404018,1.5898138315318795,1.821333622501527,2.776647909694939,1.6179222223736098,1.8850965029824922,2.206619052205587,1.5120712990373897
2012-09-10,-1.4058339377383764,-1.4925202218654148,-0.10223369366694628,-1.3604844346182325,1.5977150514996383,1.9233092493101382,2.718655499777664,1.088531383782586,1.9179273063574225,2.5687031241812153,2.0317942258730457
2012-09-11,-1.4234343975984083,-1.5610203271425014,-0.07897439399196098,-1.314578431573894,1.638011273335208,1.944167900248263,2.7390851743824505,1.1830644276151854,2.1461769463679063,2.6726820011625887,2.0496547048307083
2012-09-12,-1.4111360392539793,-1.5774607286913187,-0.03493979751990167,-1.1539074209187092,1.638011273335208,1.9348973887202074,2.731176679696687,1.2120130069672639,2.0513312561631953,1.9004779146246158,2.0920736690925783
2012-09-13,-1.4396787928632229,-1.6432202444292738,-0.05187618077838579,-1.1998134239630478,1.683048227151433,1.9731382487734372,2.9848920653067488,2.013133416852726,2.45504475895821,2.2257078036706943,1.9728480087249864
2012-09-14,-1.420370604704938,-1.6993908324662403,0.09513162590525985,-0.9014244041748478,1.7415172549128481,2.26052410614316,2.98950555498459,0.9565250402811352,2.462775465090662,2.0863831943169457,2.4749233439432814
2012-09-17,-1.4922284552664082,-1.6774702970678173,0.14752150478483775,-0.9702834087413551,1.710702497038589,2.1666601769215967,2.9756658903956485,1.1614846858209504,2.3623975057327535,1.1440249152473372,2.558406440714707
2012-09-18,-1.5195965287167381,-1.6445905391988396,0.03438646461816135,-1.0391424133078628,1.5759866965883018,2.1550720375115278,2.98027938007349,1.087858487242191,2.0313026265495355,0.9896038354262551,1.9865034787484614
2012-09-19,-1.5041936585237508,-1.670620913677303,0.023095542445838602,-1.1080014178743707,1.3863574173620907,2.2164891763848957,2.9842332251940804,1.1423092049957038,2.083585406882332,1.32140432044403,2.1358643795608447
2012-09-20,-1.5703705978965228,-1.6226700038004165,0.02422463466307128,-1.0850484163522014,1.4227030292137812,2.089019642874131,2.9756658903956485,-0.043989069084666585,1.522158812592144,0.54366805499113,1.578259556951291
2012-09-21,-1.572597801349086,-1.633630271499628,-0.014841956053166462,-1.1539074209187092,1.4961843749139379,2.1585484793345486,3.027068290297076,0.16312333899461992,1.6401959356043225,-0.4557624744993171,1.8097472624550583
2012-09-24,-1.5540361273674215,-1.607600942249822,-0.02432633067791773,-1.222766425485217,1.4144067482476348,2.0252848761187496,2.9387619951958284,-0.16667360416060742,1.3891417543873745,-0.6401537635654562,1.518222405323555
2012-09-25,-1.5631497698608452,-1.6034900579411249,-0.0875554948429265,-1.314578431573894,1.4764313249945409,2.0867020149921176,2.9499654948895144,-0.137417184637793,1.5125299791212359,-0.3079841011733411,1.7491877991483402
2012-09-26,-1.600498922938755,-1.5569104880624614,-0.1399453737225054,-1.4522964407069097,1.4061104672814877,1.9708206208914236,2.8629768800136013,-0.5400815994713886,1.4169310049768933,-1.1089663905360212,1.5759245162331859
2012-09-27,-1.5219298482340768,-1.6034900579411249,-0.12165407980334168,-1.406390437662571,1.503295472884921,2.044984713115868,3.040907150441436,0.285976606187486,1.9454438800159155,-0.19849909880909364,1.7742258747938946
2012-09-28,-1.4704832993414687,-1.5500600594432898,-0.11036315763101893,-1.4293434391847404,1.4997399238994293,2.0774315034640622,2.99807208533844,-0.1310666443900679,1.32971362846348,-0.3659839433905952,1.7862836567168627
2012-09-29,-1.4971418758470763,-1.5665004609921072,-0.11058897607446587,-1.4522964407069097,1.547937365702758,2.141166270219444,3.013888270265385,0.3308394816500213,1.2326502177948884,0.5404168201717211,1.871003587680545
2012-10-01,-1.4971418758470763,-1.5665004609921072,-0.056392549647315486,-1.4522964407069097,1.547937365702758,2.141166270219444,3.013888270265385,0.2807601519183841,1.2326502177948884,0.2542817453747074,1.871003587680545
2012-10-02,-1.4971418758470763,-1.5774607286913187,-0.056392549647315486,-1.4522964407069097,1.5443818167172663,2.17708950239066,3.013888270265385,0.6721511598448878,1.2664461981415265,0.964953131285888,1.5831819349168608
2012-10-03,-1.4971418758470763,-1.5459502203632498,-0.056392549647315486,-1.4522964407069097,1.4191474802282897,2.137689828396423,3.013888270265385,-0.12220191601761463,1.0776258459955987,0.4321371615927867,1.5565081362869626
2012-10-04,-1.4971418758470763,-1.6308907271891537,-0.056392549647315486,-1.314578431573894,1.464974556041291,2.142325084160451,3.013888270265385,0.06681776025539603,0.5341720072294114,0.30254649272002593,0.791225945187736
2012-10-05,-1.4971418758470763,-1.6322610219587195,-0.056392549647315486,-1.1998134239630478,1.5317398647688525,2.12378406110434,3.013888270265385,-0.0031361766174585496,0.6691350978810539,-0.07552508489539925,0.49562388114556927
2012-10-08,-1.4971418758470763,-1.6048603527106906,-0.056392549647315486,-1.222766425485217,1.5487274876995336,1.9847263881835064,3.013888270265385,-0.0031361766174585496,0.621433560785594,-0.710852366517159,0.11535846469543172
2012-10-09,-1.4326356475406583,-1.5486908099023813,-0.03222997619854345,-1.222766425485217,1.616677979422259,1.9847263881835064,2.9446931650990047,-0.3087673751648147,0.48228635887708504,-0.8713946620208916,0.13746349236857103
2012-10-10,-1.4247867604704356,-1.5528006489824213,-0.006260855202200936,-1.2686724285295554,1.6873938981337002,1.9847263881835064,2.9460108453243437,-0.3029472498018427,-0.09062496903839988,-0.6952462167215077,0.04658722614695288
2012-10-11,-1.454557252270981,-1.571980594841713,-0.01664850360073794,-1.314578431573894,1.6901593251224163,2.062366922230972,2.9829155449687437,-0.13994110135785498,-0.01867607894650408,-0.3613741163548616,-0.4338428200371919
2012-10-12,-1.4561712035817584,-1.584310112081833,-0.05797327875144003,-1.3375314330960633,1.650258164285234,1.9499619699532977,2.9117431150197777,-0.4543060411397396,-0.14652900451166784,-0.7918448233755763,-0.48151879374923795
2012-10-15,-1.4678340994452626,-1.5774607286913187,-0.07536129889681802,-1.314578431573894,1.6435421273126392,1.9464855281302766,2.76676289467117,-1.094676171429447,-0.47989125374453856,-0.17399611438049123,-0.46341061241296333
2012-10-16,-1.4627590369519703,-1.6281501376500223,-0.03629470818058028,-1.1998134239630478,1.6435421273126392,1.9430090863072569,2.824095660031196,-0.5389815860689484,-0.36079776009723014,-0.19016765435210567,-0.6091667773235916
2012-10-17,-1.458787087969256,-1.6761010475269087,-0.006260855202200936,-1.0161894117856936,1.5838879165560602,2.054255224643924,2.868908049916782,-0.34568467055022406,-0.2420388142751626,0.32732162473970844,-0.06183746684393739
2012-10-18,-1.4152795014111577,-1.6281501376500223,0.02851518508855404,-0.9473304072191858,1.547937365702758,2.0426670852338535,2.814870289564678,-0.7473556285648298,-0.47506130572073785,-0.08692958923318828,-0.2488073258522876
2012-10-19,-1.419448875630664,-1.5911605407010048,0.06464613603998763,-1.1080014178743707,1.5206781568139902,1.7981573436813887,2.6797750842398393,-1.036760614090162,-0.5833008195043925,-0.7051269004552843,-0.5141882650737699
2012-10-22,-1.4099021315240274,-1.589790245931439,0.05177448476353934,-1.0161894117856936,1.4309993101799283,1.7622341115101725,2.6949316246095356,-0.32726475776306824,-0.5739088222883416,-0.8570214096156594,-0.7374191656654452
2012-10-23,-1.4454411419620978,-1.544579925593684,0.08813125415841885,-1.1080014178743707,1.348431561516849,1.6405586477044438,2.5842199390100764,-1.0801444707756633,-0.6316183919105538,-1.4098776472493617,-0.761304002631579
2012-10-24,-1.4457656596950752,-1.5459502203632498,0.09355089680113429,-1.0850484163522014,1.353567354495892,1.637082205881423,2.5328175391086463,-1.5062768023021513,-1.130583177355279,-1.9211610086674815,-0.9365535130640342
2012-10-25,-1.466903733016879,-1.536360247433604,0.13735967482974767,-0.9473304072191858,1.3527772324991163,1.5965237179461795,2.6086026542908733,-0.9299925721221524,-0.8707368203987595,-2.057595278671183,-1.103415295083799
2012-10-26,-1.5221877349496369,-1.532250408353564,0.1497796892193031,-1.13095441939654,1.4025549182959967,1.5953649040051723,2.6013538041623607,-0.35971254315978235,-0.9208240589790049,-0.9603256679374882,-1.245645988528348
2012-10-29,-1.5172804839076188,-1.5528006489824213,0.13645640105596193,-1.222766425485217,1.4195425412266778,1.4667365565534016,2.6448477093780247,-0.23056081164022788,-0.8241623855324376,-1.4071229177160802,-1.5437326464465193
2012-10-30,-1.5172804839076188,-1.5528006489824213,0.13194003218703224,-1.2686724285295554,1.4223079682153936,1.5061362305476376,2.6448477093780247,0.2748741624027773,-0.8241623855324376,-0.6474227229281599,-1.5293356269999359
2012-10-31,-1.5172804839076188,-1.5528006489824213,0.15248951054066032,-1.2686724285295554,1.4416659571364026,1.532788951190798,2.6448477093780247,0.5129376851656885,-0.8241623855324376,-0.5016510940969328,-1.383160410191942
2012-11-01,-1.4667951491366429,-1.5349899526640383,0.20781502918504235,-1.1998134239630478,1.400184552305669,1.612747113120277,2.622441514435233,0.060185158550896616,-0.8739583348269658,0.0829182860971402,-1.2078873947103723
2012-11-02,-1.4560181990232446,-1.461010758766003,0.17800699465010997,-1.1998134239630478,1.3191970476361417,1.4493543474382977,2.358841113801402,-1.1134949813102146,-1.4597888257913683,-0.707456497455531,-1.5468353612196069
2012-11-05,-1.460419547895982,-1.4390902233675797,0.18252336351903967,-1.2686724285295554,1.2717897278295889,1.4227016267951373,2.4122200340408377,-1.0641429066466987,-1.341158508933628,-0.21404973398587748,-1.3068883950375942
2012-11-06,-1.4747772982417007,-1.4582701692268716,0.15971570073094724,-1.13095441939654,1.41717217523635,1.5072950444886448,2.622441514435233,-0.10533005184830217,-0.7244432140424307,0.009598337350088961,-1.1072903495440494
2012-11-07,-1.47735493148957,-1.437719928598014,0.1310367584132465,-1.3604844346182325,1.3752957094072285,1.3578080460987483,2.6165103445320548,-0.13238191132760335,-0.7405656042745257,-0.8551302389169609,-1.4600047039093538
2012-11-08,-1.5301957961170236,-1.433610089517974,0.12313311289262077,-1.4982024437512476,1.3365797315652108,1.4227016267951373,2.6969089493921232,0.33718090606287515,-0.6413150875311565,-0.9200378550182501,-1.4766035280768295
2012-11-09,-1.5368712369360626,-1.4007303316489965,0.11974583624092375,-1.5211554452734168,1.3910981493427463,1.3682373715678111,2.729200159358684,1.7298498852762971,-0.41326347344703235,-0.3984421249855354,-1.3589301303371104
2012-11-12,-1.5257598978278468,-1.3993600368794308,0.11771347024990533,-1.5670614483177554,1.4550980310815924,1.4203839989131237,2.729200159358684,1.4729371091065424,-0.08928311423439801,-0.007642438129971139,-1.2276610245401345
2012-11-13,-1.5727014495984015,-1.393879903029825,0.09174434925356283,-1.5670614483177554,1.3993944303088928,1.428495696500173,2.6890004547063575,0.301038989245,-0.3091939049005247,-0.3841647386433806,-1.2006912979558222
2012-11-14,-1.5598811482842028,-1.3966204925689565,0.06600104670066624,-1.5670614483177554,1.4325795541734798,1.3879372085649297,2.7239278295681744,0.48802092775019734,-0.33025359863843773,0.15504097526879448,-1.540384054534963
2012-11-15,-1.5982495091470523,-1.393879903029825,0.04861302655528825,-1.5900144498399247,1.448777055107385,1.407637045562047,2.6171699890893056,-0.36515760074108206,-0.45098401526403303,-0.07107538703509947,-1.4691365451425387
2012-11-16,-1.6200612960894099,-1.3692198233209274,0.015643533812105752,-1.5900144498399247,1.3199871696329173,1.3809843249188878,2.623759999105152,-0.48048751097147957,-0.13215223973335394,0.06775560338373265,-0.9868944772220597
2012-11-19,-1.6238333520198722,-1.4226498218187624,-0.012132134731809244,-1.5211554452734168,1.4483819941089975,1.5559652300109363,2.753582874639479,0.10724986269123692,0.13000502386726764,0.678780921426099,-0.4803825151508511
2012-11-20,-1.6352408289832763,-1.4103203045786423,0.010675528056283181,-1.406390437662571,1.446406689117058,1.5293125093677769,2.682410444690513,-0.03307618722133881,0.2225494543945251,0.5052271630933813,-0.2541969196502499
2012-11-21,-1.6018241398407222,-1.4144301436586824,0.03190246174025107,-1.3375314330960633,1.4780115689880928,1.4818011377864917,2.713383974431737,-0.05089266311504229,0.4145215258747998,0.473012689659564,-0.3625802206862921
2012-11-22,-1.6064142765961433,-1.5158100068047464,0.06622686514411218,-1.314578431573894,1.451542482096101,1.5559652300109363,2.8675903696914427,1.1418223287835434,0.592255945757288,0.7434027460004464,-0.0810041622767615
2012-11-23,-1.6064142765961433,-1.5158100068047464,0.08225997462881156,-1.314578431573894,1.451542482096101,1.5559652300109363,2.8675903696914427,1.111041530892996,0.6093387194024431,0.8791854628379486,-0.07815466283007476
2012-11-26,-1.628213724461201,-1.5075903286446664,0.10100290543486715,-1.406390437662571,1.4531227260896529,1.5791415088310758,2.8557280298850882,0.4583112021197261,0.47994574611482554,0.11734640718198867,0.301390333194834
2012-11-27,-1.6681355751560594,-1.487040088015809,0.11432619359820831,-1.4522964407069097,1.4195425412266778,1.583776764595103,2.8076206349915807,0.5660541433670684,0.36954495319239833,0.27138213335602734,0.2131739092297747
2012-11-28,-1.6978110560613993,-1.4952608114045463,0.10642254807758258,-1.475249442229079,1.3772710143991687,1.5524887881879152,2.638257699362178,-0.34372214279858193,-0.019122993316571288,0.3530932362835449,0.0682627350555904
2012-11-29,-1.7097145639322437,-1.5144407572638379,0.05583921674557517,-1.4982024437512476,1.4645794950429027,1.7147227399288885,2.708770484753898,-0.7135277821519225,0.19450807193570566,0.7810615611487903,0.2706749609275223
2012-11-30,-1.6788249178206316,-1.5212901406543524,0.0605814040579508,-1.4982024437512476,1.4791967519832567,1.8155395527964924,2.6013538041623607,-1.1939960070005486,0.5669662105933667,1.2745933423035907,0.9404591503355199
2012-12-03,-1.720676600205135,-1.558280782832027,0.07525960288197057,-1.475249442229079,1.4961843749139379,1.8352393897936108,2.6586865695223842,-0.8853973646561182,0.5734809602636209,1.2540365230023036,1.0605073605719535
2012-12-04,-1.6930691486551948,-1.5911605407010048,0.09806726567006299,-1.4982024437512476,1.4456165671202816,1.8259688782655552,2.492618638900904,-1.419480388915924,-0.30251883303930677,1.185488304708,0.8152227404233533
2012-12-05,-1.5986665699597764,-1.5733508896112787,0.12606875265742393,-1.5441084467955861,1.4049252842863238,1.8989741565489926,2.479438618869213,-0.7279264777400885,-0.31935266827550235,1.7007722164753232,1.3962763003268182
2012-12-06,-1.6038872335652017,-1.5062200338751006,0.11658437803267266,-1.5670614483177554,1.36739448943947,1.802792599445416,2.5314998588833117,-0.8071206553600259,-0.38185600246272133,0.42682198424113665,0.9786074272695198
2012-12-07,-1.5493744239636642,-1.4843005437053347,0.14119858836833757,-1.4522964407069097,1.333814304576495,1.8456687152626727,2.5558825741641065,-0.21132891289704256,-0.3988007564013346,0.1468510837413824,1.2325111167877418
2012-12-10,-1.5172915890771883,-1.4966300609454548,0.1452633203503734,-1.475249442229079,1.3768759534007804,1.9464855281302766,2.6151926643067176,-0.2012681098236232,-0.2636979835056575,0.5305160174965466,1.347539325696739
2012-12-11,-1.5351338948522908,-1.5336207031231297,0.13419821662149659,-1.406390437662571,1.3511969885055641,1.9012917844310062,2.5835602944528255,0.4173003220368773,-0.24503215500823594,0.3608507800902694,1.2117494168170797
2012-12-12,-1.5248159584144338,-1.5569104880624614,0.13600476416906906,-1.2686724285295554,1.4527276650912648,1.9708206208914236,2.6389165394748466,0.7350247368906393,-0.19773695190221768,0.34146202046242324,1.496859443447539
2012-12-13,-1.5572739012508148,-1.5514303542128556,0.13216585063047917,-1.222766425485217,1.4531227260896529,1.8410334594986455,2.500526329142088,-0.14583442318690723,-0.2723393237980684,0.1856145900440419,1.1152070926183275
2012-12-14,-1.4214095550135577,-1.5966406745506105,0.16197388516541159,-1.2686724285295554,1.4175672362347382,1.8920212729029506,2.5018448138120046,-0.2515531431090537,-0.28430290362258215,0.22304805371803363,1.3158475973137402
2012-12-17,-1.4063423077231167,-1.6007505136306506,0.16942589379914444,-1.13095441939654,1.4203326632234534,1.853780412849722,2.5097525040531883,-0.48530841079195475,-0.5582370670092452,-0.42927256333316793,0.7586981915556554
2012-12-18,-1.4022975581843347,-1.629520432419588,0.17597462865909155,-0.9932364102635244,1.4444313841251177,1.8224924364425343,2.3285272286174292,-1.1726659711716796,-0.8134336006080334,-0.3662479961470129,0.7495659518622039
2012-12-19,-1.3963094039708788,-1.6445905391988396,0.1983306545602911,-1.0391424133078628,1.4440363231267301,1.7112462981058674,2.308757198569891,-1.5097709628309604,-0.9269814322767858,-1.2055358968230139,0.5941394241767356
2012-12-20,-1.3827290154950298,-1.6432202444292738,0.23084851041658172,-1.0620954148300321,1.468530105026782,1.5501711603059016,2.166413143116542,-1.5466968946475748,-1.5820627122362898,-1.3720730869131759,0.004821243934636483
2012-12-21,-1.3954049496048244,-1.593900085011479,0.2249772308869734,-1.1539074209187092,1.411641321258919,1.623176438589339,2.2599909635637174,-1.1203385916078363,-1.3714573306199795,-1.2603091259849837,0.18609699851526262
2012-12-24,-1.3841356703071745,-1.5911605407010048,0.21346049027120476,-1.1080014178743707,1.3843821123701512,1.5745062530670475,2.256695958555795,-1.171260955317966,-1.3535628950802951,-1.3152692942329032,0.007731122248961438
2012-12-25,-1.2881931747647768,-1.593900085011479,0.20126629432509527,-1.1539074209187092,1.4744560200026013,1.6903876471677426,2.264604453241559,-0.30306810721562544,-1.232490398119355,-0.6224194415101743,0.28303226735600173
2012-12-26,-1.2881931747647768,-1.593900085011479,0.19449174102170122,-1.1539074209187092,1.4744560200026013,1.6903876471677426,2.264604453241559,-0.21067812901452151,-0.8619893511483832,-0.09631881738347586,0.3617634053327396
2012-12-27,-1.3055406835401682,-1.593900085011479,0.16694189092123315,-1.222766425485217,1.4475918721122218,1.7031346005188182,2.283055998619177,0.5523485720860866,-0.9754775641472627,0.7532279070343003,-0.009018444813760166
2012-12-28,-1.2664184050543184,-1.5856804068513988,0.15542515030546447,-1.2457194270073864,1.4479869331106094,1.6869112053447217,2.232313243274998,-0.13381681962082745,-0.8541712483952518,0.3133535062727372,-0.29036848374785856
2012-12-31,-1.216584573564757,-1.5733508896112787,0.15226369209721338,-1.13095441939654,1.4776165079897048,1.8329217619115963,2.363454603479246,0.5010778251700069,-0.6806948220027627,1.2660625462928214,0.01364322748567638
2013-01-01,-1.2184156926360052,-1.5623906219120671,0.22542886777386628,-0.9473304072191858,1.5637398056382756,2.026443690059757,2.187500853389412,-0.36702807418989625,-0.7137550457085353,1.6224258506669285,0.5011066755688023
2013-01-02,-1.2184156926360052,-1.5623906219120671,0.22542886777386628,-0.9473304072191858,1.5637398056382756,2.026443690059757,2.187500853389412,-0.36702807418989625,-0.683898624435611,1.6224258506669285,0.32299555287296305
2013-01-03,-1.2184156926360052,-1.482930248935769,0.22542886777386628,-0.8096123980861708,1.5657151106302152,1.9824087603014928,2.187500853389412,-0.45335102137901356,-0.801422625781246,1.3468922927608313,0.45215326402570444
2013-01-04,-1.2184156926360052,-1.4733402760061232,0.22542886777386628,-0.7866593965640015,1.547937365702758,1.9279445050741657,2.187500853389412,-0.21525531145296123,-0.8560899177910782,1.1652562343997395,0.2165220070263913
2013-01-05,-1.195898110472116,-1.5062200338751006,0.21210557961052512,-0.8096123980861708,1.5443818167172663,1.8943389007849643,2.1703669882371326,-0.9062551315970269,-1.0275037898556847,0.2947114173737066,-0.1043801515275197
2013-01-06,-1.195898110472116,-1.5062200338751006,0.2001372021078636,-0.8096123980861708,1.5443818167172663,1.8943389007849643,2.1703669882371326,-0.08457383829276614,-0.9573920657197315,-0.6076669512853534,0.0026424901354991865
2013-01-07,-1.195898110472116,-1.5062200338751006,0.2035244787595596,-0.8096123980861708,1.5443818167172663,1.8920212729029506,2.1703669882371326,-0.08457383829276614,-1.0798293818476696,-0.6183960350852271,-0.1670192663727827
2013-01-08,-1.199345648669601,-1.4938905166349805,0.19855647300373805,-0.8784714026526785,1.5657151106302152,1.8781155056108678,2.2758071484906646,0.4165857086863462,-0.5263644209481039,-0.4813858947449761,0.10818702014769256
2013-01-09,-1.1994567003652967,-1.465120597846043,0.1549735134185716,-0.9014244041748478,1.5672953546237667,1.8746390637878467,2.2316544031623295,0.20672667780639176,-0.6319892042885129,-0.24571759834378046,-0.022251127554622864
2013-01-10,-1.1917200988984995,-1.5774607286913187,0.2001372021078636,-0.83256539960834,1.5633447446398876,1.9638677372453817,2.379929628518857,0.9944937729119349,-0.3055268883828528,0.3307502197866899,0.28296726252643206
2013-01-11,-1.2496113478646458,-1.6021208084002163,0.21120230583673938,-0.8784714026526785,1.4578634580703078,1.8363982037346172,2.2659221334668955,0.4517572842813388,-0.1518017132974491,-0.26849200342548446,0.0526484362850919
2013-01-13,-1.1340262751691452,-1.6117107813298621,0.21662194847945482,-0.8784714026526785,1.4981596799058774,1.8016337855044084,2.324573383496836,0.7309685193017862,0.033407356531611906,-0.42114191693750663,0.23946784170911742
2013-01-14,-1.1340262751691452,-1.6117107813298621,0.21662194847945482,-0.8784714026526785,1.4981596799058774,1.7900456460943392,2.324573383496836,0.2267815122144321,0.3749790945606142,-0.4109203318005669,0.6152503127563925
2013-01-15,-1.1051701089964936,-1.571980594841713,0.2132346718277578,-0.9473304072191858,1.5139621198413953,1.7981573436813887,2.4201285287266012,0.8890586807723678,0.37643293445917786,-0.35648712960850537,0.4501571733216303
2013-01-16,-1.12443140866104,-1.5692400053025815,0.22204159112216926,-0.9932364102635244,1.4843325449622997,1.7263108793389577,2.41551503904876,0.1630575875595197,0.37341440193320175,-1.103845855825805,0.3952950845998548
2013-01-17,-1.1586797516135814,-1.589790245931439,0.20826666607193522,-0.8784714026526785,1.4859127889558519,1.8549392267907283,2.4662585988375216,0.9422416733128381,0.4748602125966478,0.0916496804278868,0.4211986706850673
2013-01-18,-1.1060930719784978,-1.5349899526640383,0.17394226266807414,-0.9243774056970165,1.513567058843007,1.8943389007849643,2.441216238999474,0.5443602961115859,0.41539313760892277,0.4444938159786059,0.5174499080895781
2013-01-20,-1.1043335195555861,-1.5596500323729356,0.15339278431444606,-0.9473304072191858,1.553468219680189,1.857256854672742,2.482074783764469,0.7361415161724344,0.4678062368609797,0.32376750533298354,0.39514461520556504
2013-01-21,-1.1043335195555861,-1.5596500323729356,0.15339278431444606,-0.9473304072191858,1.553468219680189,1.954597225717326,2.482074783764469,0.2851217315441665,0.5908550064005637,0.7477149772390246,0.6734237121606992
2013-01-22,-1.1043335195555861,-1.5596500323729356,0.14481168346348053,-0.9473304072191858,1.553468219680189,1.954597225717326,2.482074783764469,0.3067187952081511,0.27515999577852823,1.0986530385382947,0.3114497057015531
2013-01-23,-1.0878559157298107,-1.5528006489824213,0.13961785926421202,-0.9473304072191858,1.5913940755254314,1.9070858541360407,2.4392397186614687,-0.128343969089077,0.5980381793296873,0.2501733988237604,-0.26105956705313327
2013-01-24,-1.1251914958226905,-1.5486908099023813,0.1698775306860373,-0.9014244041748478,1.627344626378734,1.8885448310799298,2.3285272286174292,-0.5265232339552051,0.33326733257089897,-0.023347457565960187,-0.30459630889966166
2013-01-25,-1.134458142874628,-1.576090433921753,0.17461971799841294,-0.6718943889531552,1.5992952954931898,1.83176294797059,2.2421982582987643,-1.1131684105561235,0.12681009760134368,-0.11648111786480726,-0.3363359933938733
2013-01-27,-1.0395755740722585,-1.571980594841713,0.22091249890493758,-0.6259883859088167,1.6008755394867418,1.8016337855044084,2.2158382182353846,-1.235149892910263,0.06376960302479803,-0.710153592246557,-0.2807986643298501
2013-01-28,-1.0395755740722585,-1.571980594841713,0.22091249890493758,-0.6259883859088167,1.6008755394867418,1.853780412849722,2.2158382182353846,-1.235149892910263,0.10491736286287637,-0.46672935898955026,-0.0775039476381094
2013-01-29,-1.01293797399806,-1.6021208084002163,0.23762306371997577,-0.5571293813423094,1.6522334692771738,1.9233092493101382,2.270534818700155,-0.7868298624534728,0.23593191804454833,0.08004417027522456,0.0882883201710401
2013-01-30,-0.999305761397553,-1.6404807001187995,0.22339650178284887,-0.5571293813423094,1.6601346892449327,2.0774315034640622,2.3970634936711415,0.31844269996722835,0.5390055629912193,0.8924626604004934,0.46144112739473925
2013-01-31,-1.0001435847461901,-1.6500706730484453,0.2236223202262948,-0.5800823828644781,1.6652704822239757,2.0345553876468054,2.269875978587484,0.12775747734342552,-0.018069796040258716,0.9642789671961398,0.3929519299502258
2013-02-01,-0.9367305986885102,-1.6610309407476571,0.21233139805397205,-0.5341763798201395,1.6652704822239757,2.1550720375115278,2.327868388504761,0.5279601614338656,0.22516608729803414,1.6836897272415778,0.6894522275245688
2013-02-03,-0.9353486220309637,-1.6034900579411249,0.21504121937532927,-0.6259883859088167,1.6854185931417607,2.119148805340312,2.366749608487168,0.7122825944175223,-0.034971210299362065,1.2573666235426322,0.38648270727249134
2013-02-04,-0.9353486220309637,-1.6034900579411249,0.21504121937532927,-0.6259883859088167,1.6854185931417607,2.1179899913993054,2.366749608487168,0.4507052816937547,0.23540237229321753,0.9159980972593393,0.6952608907795488
2013-02-05,-0.9052659515747407,-1.6117107813298621,0.1911044643700052,-0.5341763798201395,1.7237395099853907,2.1226252471633327,2.3476384185522963,-0.23360777048202022,0.05047325199212186,0.21188316511259836,0.7930292292660907
2013-02-06,-0.8967951750086222,-1.580200273001793,0.19381428569136241,-0.6259883859088167,1.7071469480530972,2.05541403858493,2.382564988969531,0.5284455475219634,0.13295972233678427,0.10036220214563427,0.6598176999561065
2013-02-07,-0.9128446128521039,-1.5158100068047464,0.19516919635204102,-0.648941387430986,1.729270363962822,2.026443690059757,2.3344583985206078,0.027786648389350656,-0.20458504166192934,-0.5828569177325682,0.5697699560943723
2013-02-08,-0.8900654422494646,-1.5075903286446664,0.1795877237542355,-0.648941387430986,1.7976159166839354,2.101766596225208,2.305462193561969,-0.2897071546384065,-0.2617811661670331,-0.07572488657625594,0.9324838685470769
2013-02-11,-0.9802098053688194,-1.4993706504845863,0.19381428569136241,-0.648941387430986,1.7735171957822713,2.0160143645906943,1.8942454076842792,-2.2124966319140915,-1.3377473029126532,-0.46324987429751574,0.4050766579945517
2013-02-12,-0.9802098053688194,-1.5267702745039582,0.19381428569136241,-0.5800823828644781,1.7577147558467534,2.065843364053993,1.8942454076842792,-2.1268116899465004,-1.2822301979077173,-0.2560838929904489,0.42816246917979595
2013-02-13,-0.9802098053688194,-1.5295108640430897,0.19381428569136241,-0.5112233782979708,1.7790480497597023,2.062366922230972,1.8942454076842792,-2.283180823617942,-1.3726822203047604,0.03597074293543199,0.5104317336033001
2013-02-14,-0.9802098053688194,-1.478820409855729,0.19381428569136241,-0.6259883859088167,1.781023354751642,2.048461154938888,1.8942454076842792,-2.067545779284974,-1.3726822203047604,0.10581712140609964,0.2414571065364707
2013-02-15,-0.9802098053688194,-1.4623800083069116,0.19381428569136241,-0.5571293813423094,1.7383567669257447,2.0496199688798953,1.8942454076842792,-1.9366591689140686,-1.3726822203047604,-0.23543165955858922,0.2442009200914415
2013-02-16,-0.9802098053688194,-1.4774501150861632,0.19381428569136241,-0.5571293813423094,1.724134570983779,1.8479863431446863,1.8942454076842792,-0.0031361766174585496,-1.2778377412497246,-0.7749058082269662,-0.12150485703678386
2013-02-17,-0.9802098053688194,-1.4774501150861632,0.1768779024328783,-0.5571293813423094,1.724134570983779,1.8479863431446863,1.8942454076842792,-0.0031361766174585496,-1.029279319712515,-1.0000746863297882,-0.07756971137823311
2013-02-18,-0.9802098053688194,-1.4774501150861632,0.19539501479548796,-0.5571293813423094,1.724134570983779,1.8479863431446863,1.8942454076842792,-0.0031361766174585496,-0.8319652524070157,-0.9844489799864515,0.058179076353963924
2013-02-19,-0.9802098053688194,-1.4774501150861632,0.19584665168238083,-0.5571293813423094,1.724134570983779,1.8479863431446863,1.8942454076842792,-0.0031361766174585496,-0.7710930823092874,-0.9218209987753541,0.13095131626363096
2013-02-20,-0.9496977350225728,-1.3925106534889165,0.12832693709188928,-0.5800823828644781,1.6921346301143558,1.7506459721001033,1.722905147272289,-0.8401196549089227,-1.1797899681986206,-1.376466238986659,-0.22789237879385676
2013-02-21,-1.0590194920808387,-1.3418201993015557,0.12629457110087086,-0.648941387430986,1.611542186443216,1.623176438589339,1.7268589923928797,-0.8208054374932339,-1.2943450121695788,-1.058731239847916,-0.6940383763494844
2013-02-22,-1.077972314812897,-1.3390796097624242,0.14548913879382033,-0.6948473904753244,1.5937644415157586,1.5779826948900684,1.688637416967724,-1.0075147787082153,-1.666141994856049,-1.2723511395440688,-1.146697165104723
2013-02-25,-1.0627261509016133,-1.3130502805126183,0.17100662290326998,-0.9014244041748478,1.6257643823851817,1.6000001597692006,1.7795790725196456,-0.5632720595573983,-1.1677270024082669,-1.1682799063587617,-1.0002291381032604
2013-02-26,-1.1091186137323388,-1.2856496112645892,0.19968556522097072,-0.9014244041748478,1.5629496836414993,1.652146787114513,1.9706893629791724,0.37028643546000195,-0.8473007290502802,-0.9217954067093532,-1.1444393931529688
2013-02-27,-1.0852523704196122,-1.322640253442264,0.18974955370932559,-0.83256539960834,1.534505291757568,1.634764577999409,1.8388891626622583,0.5727739999791568,-1.2458910927382303,-0.5502128113573131,-1.1061404710894833
2013-02-28,-0.991255747367348,-1.2705795044853376,0.2017179312119881,-0.8784714026526785,1.5329250477640164,1.5895708343001376,1.7235639873849575,-0.019491063963313404,-1.517215348770933,-0.1592804064744396,-1.20860747804064
2013-03-01,-0.9873763414643801,-1.2253702293762399,0.18387827417971828,-0.9473304072191858,1.451542482096101,1.4818011377864917,1.685342411959802,-0.01955139030982925,-1.564878095038642,-0.4656871757279013,-1.4689992194250703
2013-03-04,-1.1288771782120566,-1.23769974661636,0.16287715893919733,-0.9014244041748478,1.4420610181347906,1.482959951727499,1.6866600921851378,-0.4620171034048817,-1.6389053652307013,-0.5659950931482355,-1.3205062465995565
2013-03-05,-1.0328298005126124,-1.2555104429347432,0.15723169785303595,-0.8555184011305093,1.4626041900509632,1.5142479281346868,1.7031351172247522,-1.3007308613547668,-1.4936640191640038,-0.6633324215918295,-1.183494284926446
2013-03-06,-0.9892457116752568,-1.2048199887473825,0.16671607247778722,-0.740753393519663,1.456678275075144,1.4632601147303805,1.7031351172247522,-0.6697758503594301,-1.4289984632901103,-0.8276778384570929,-1.467158223912202
2013-03-07,-1.033223417078467,-1.2568796924756518,0.1692000753556985,-0.6259883859088167,1.4626041900509632,1.5269948814857632,1.7044536018946703,-0.09802139012368091,-0.4704855921081396,-0.30118715666889184,-1.1304581270268097
2013-03-08,-1.0492987669842782,-1.1719402308784048,0.1698775306860373,-0.48827037677580104,1.4029499792943843,1.5003421608426029,1.7163151372564447,0.15121431021935164,-0.4413313359296374,0.09548490031747961,-1.3026475494571892
2013-03-11,-1.0669646239539976,-1.189749881968131,0.1730389888942884,-0.4653173752536323,1.39228333233791,1.518883183898714,1.7242236319422082,0.1840353805358136,-0.4218931879139867,0.18132900456848164,-1.251689806803568
2013-03-12,-1.1222473919790255,-1.1883795871985652,0.18816882460520104,-0.5571293813423094,1.3859623563637031,1.6057942294742351,1.8145064473814612,0.5509236603719266,-0.1999886663193626,0.45433530738829253,-1.0175950920394572
2013-03-13,-1.1555431581640434,-1.1459098563999417,0.18839464304864698,-0.5341763798201395,1.3476414395200733,1.5374242069548252,1.7934187371085875,0.44601467437142217,-0.25181977323446314,0.37110623511042357,-1.180283653603673
2013-03-14,-1.1452054792025081,-1.1842697481185251,0.1931368303610226,-0.5341763798201395,1.370950038424961,1.5640769275979856,1.8085752774782842,0.5147916351285735,-0.21456678302360402,0.1860642987403851,-0.6614772680996943
2013-03-15,-1.1360301413225868,-1.2322196127667542,0.1931368303610226,-0.6030353843866479,1.4191474802282897,1.5269948814857632,1.8210964573973067,0.5174778368835034,-0.18379119825464593,0.1352571280652848,-0.7503831262787749
2013-03-18,-1.183439344122793,-1.1733094804193134,0.20487938942023923,-0.7178003919974937,1.388332722354031,1.3126143023994776,1.9008354177001248,0.8737055735707414,0.012197769882429347,-1.010457562464204,-1.26437011887659
2013-03-19,-1.1631427958728167,-1.1322100443902559,0.19381428569136241,-0.8096123980861708,1.3239377796167966,1.2604676750541652,1.9449889674730385,0.6391065529426652,0.12072199225402315,-1.6763721383645434,-1.3893939819409213
2013-03-20,-1.0592749109809378,-1.1609799631791933,0.14865059700207042,-0.7178003919974937,1.3776660753975563,1.3554904182167347,1.9199466076349931,0.6208962438734716,0.4882866874735291,-0.8887567719951158,-0.9391959286616219
2013-03-21,-1.0453379231711328,-1.1582393736400618,0.1705549860163771,-0.740753393519663,1.3041847296973996,1.3288376975735752,1.9614639925126542,0.7498169877145995,0.5819122265125076,-1.1465436418908863,-0.7056993215047463
2013-03-22,-1.040939042113855,-1.1952300158177367,0.1698775306860373,-0.7866593965640015,1.3081353396812794,1.4006841619160062,1.911379272836561,0.440962170270374,0.5543366357309042,-0.6166375685740655,-0.4198523054141692
2013-03-25,-1.0482339046133298,-1.148649400710416,0.1594898822875003,-0.7866593965640015,1.314061254657098,1.3520139763937136,1.9008354177001248,-0.0031361766174585496,0.2973034298488131,0.202673080353242,-0.5932601059794984
2013-03-26,-1.090501413902827,-1.1472801511695074,0.14752150478483775,-0.8096123980861708,1.3314439385861674,1.346219906688679,1.8428438122274313,-0.4997226164380249,-0.31597227799349287,0.4393930164169441,-0.7316041887828378
2013-03-27,-1.0815148639055887,-1.1020698308317525,0.12358474977951364,-0.9243774056970165,1.387147539358867,1.3717138133908322,1.911379272836561,-0.044885386509057164,0.17511067172123346,0.08530298243317563,-0.6277341051823813
2013-03-28,-1.1837046342847326,-1.1322100443902559,0.09964799477418854,-0.9243774056970165,1.385172234366927,1.2766910702282628,1.8362538022115857,-0.6109120484282752,0.2775255511792634,-0.25866719047643066,-0.754512408671741
2013-03-29,-1.1847756661943307,-1.1678293465697076,0.0741305106647389,-0.9473304072191858,1.3970240643185656,1.21295630347288,1.8705215325161506,-0.2023998990609499,0.46032757675489516,-0.9328640573187363,-0.6544485692824653
2013-04-01,-1.1847756661943307,-1.1678293465697076,0.05403266919800369,-0.9473304072191858,1.3970240643185656,1.21295630347288,1.8705215325161506,-0.151124797753256,0.45696492395348937,-0.6942315040335166,-0.6572556521989974
2013-04-02,-1.2057619688653498,-1.1390594277807702,0.00954643583905151,-0.9014244041748478,1.4325795541734798,1.2222268150009357,1.7064301222326745,-0.6727632226470543,0.004248193280900617,-0.6190536492266246,-0.7096079973146587
2013-04-03,-1.208966427240035,-1.1691996413392733,-0.013261226949040918,-1.0161894117856936,1.3598883304700988,1.115615932428297,1.5594733815460649,-1.7193857121628482,-0.3636065577899352,-1.2786533203227142,-0.8538947877943757
2013-04-04,-1.214939774560731,-1.1746797751888791,-0.03539143440679454,-1.13095441939654,1.252036677910192,1.1584920482455539,1.6860012520724692,-0.741157848628161,-0.05018282767182261,-0.5951646211080059,-0.8990516102856579
2013-04-05,-1.214939774560731,-1.1993398548977767,-0.03539143440679454,-1.2686724285295554,1.2081849070891308,1.1411098391304502,1.6860012520724692,-0.9065310609903562,-0.07978363889103848,-0.36319915087167565,-0.8788844270846549
2013-04-07,-1.214939774560731,-1.1650898022592333,-0.03539143440679454,-1.1768604224408785,1.1757899052213194,1.2036857919448245,1.6860012520724692,-0.9065310609903562,-0.09948199510987031,-0.043475623231904126,-0.7670032068715212
2013-04-08,-1.214939774560731,-1.1650898022592333,-0.03584307129368741,-1.1768604224408785,1.1757899052213194,1.2036857919448245,1.6860012520724692,-0.10473524531784098,-0.3222516982866582,-0.0907302595585838,-0.9732078104747696
2013-04-09,-1.1929959594912694,-1.2253702293762399,-0.08100675998297939,-1.13095441939654,1.21213551707301,1.3670785576268039,1.7795790725196456,1.10723770897509,-0.0383436379905076,1.3048475984992656,-0.4047284993625348
2013-04-10,-1.197892105363718,-1.1952300158177367,-0.09929805390214212,-0.9932364102635244,1.2405799089569416,1.313773116340485,1.5957184366332162,-0.4530258823546504,-0.5314526649017093,0.8028253557590336,-0.6016935620287154
2013-04-11,-1.2049957121650505,-1.23358990753632,-0.08100675998297939,-1.0391424133078628,1.1939627111471651,1.3508551624527074,1.635258496728291,-0.25599319219698796,-0.46395125021493056,1.0854618048561961,-0.4197084343977791
2013-04-12,-1.2240521831464248,-1.2253702293762399,-0.09229768215530214,-1.1998134239630478,1.0738641676372314,1.1561744203635402,1.2181105409474215,-2.3346896768164926,-1.6810112150301944,-0.23914942020126922,-0.3811380413744445
2013-04-15,-1.2604759054268704,-1.2103001225969883,-0.14875229301691686,-1.2686724285295554,1.024086481840351,0.9753994455664571,0.2928729738337636,-6.945255428233922,-4.045300843183901,-1.1638879153071344,-0.7151315325426412
2013-04-16,-1.2362937817352762,-1.3020900128134065,-0.23907967039550085,-1.1998134239630478,0.9671976980724878,1.050722351731908,0.46553171891567174,-6.4925667030135505,-3.570107181722118,-1.581346460196847,-0.7565390959761568
2013-04-17,-1.2314617990647847,-1.1774193194993536,-0.21062654652124704,-1.2457194270073864,0.9261113542401425,0.773765819831248,0.43521702928711525,-5.836889896342302,-3.7316244534094936,-2.720198047022413,-1.3983848618492076
2013-04-18,-1.223097138563442,-1.1924894262786052,-0.14288101348730955,-1.2686724285295554,0.9513952581369706,0.8120066798844777,0.4997994492202366,-5.689110837302097,-3.467880449564251,-2.7017258883650053,-1.4707632987304362
2013-04-19,-1.1388261762386578,-1.170569936108839,-0.12662208555916424,-1.2457194270073864,1.0090741639016094,0.6822195184916997,0.5215468040503599,-3.63838106734313,-3.3920158213822136,-2.4353737996316407,-1.6864084212660233
2013-04-22,-1.1331970891746177,-1.1746797751888791,-0.04442417214465294,-1.2686724285295554,1.0142099568806524,0.6381845887334354,0.6909097396797635,2.2885029763090166,-2.8491567800663016,-1.772865063376462,-1.785097282812298
2013-04-23,-1.2313630864463887,-1.12672991054065,-0.09816896168491045,-1.222766425485217,1.0213210548516356,0.546638287393887,0.6091934545943591,0.808349324198538,-3.199438110567632,-2.626045498704605,-2.0766569732516316
2013-04-24,-1.1700131941131882,-1.140429722550336,-0.1277511777763959,-1.2457194270073864,1.0789999606162743,0.6926488439607615,0.7067259246067085,1.535608959196104,-2.795565134483672,-0.43514375384185433,-1.4822065686957586
2013-04-25,-1.2084790336867037,-1.166460097028799,-0.16930177137054495,-1.222766425485217,1.1149505114695772,0.8745826326988521,0.9597824701041018,2.5854109104230325,-2.2475255605927402,0.34083482937351745,-0.8577259517056127
2013-04-26,-1.2421560773602771,-1.202079399208251,-0.16952758981399188,-1.314578431573894,1.1453702083454484,0.7424778434240604,0.9057439053074179,2.1538133272977533,-2.3806448289897872,0.3341127150361855,-1.2000906581200068
2013-04-27,-1.2358224289824344,-1.247289719546006,-0.16997922670088475,-1.314578431573894,1.1647281972664572,0.8456122841736791,0.9986628856419258,1.6933953198794052,-1.775084795127977,1.1475010287917409,-0.9556795154876293
2013-04-28,-1.2358224289824344,-1.247289719546006,-0.16930177137054495,-1.314578431573894,1.1647281972664572,0.8456122841736791,0.9986628856419258,2.162767822744534,-1.4275004332399879,1.6732427422872198,-0.6893284975277679
2013-04-29,-1.2358224289824344,-1.247289719546006,-0.21333636784260426,-1.314578431573894,1.1647281972664572,0.8456122841736791,0.9986628856419258,1.6034928815601748,-1.7273562649623475,0.840952862022119,-0.7973242589795039
2013-04-30,-1.2358224289824344,-1.3048295571238808,-0.21333636784260426,-1.314578431573894,1.1113949624840858,0.755224796775137,0.9986628856419258,0.20521522645150178,-1.7273562649623475,-0.6334412646681197,-0.9901004171309892
2013-05-01,-1.2358224289824344,-1.3171601195926583,-0.21333636784260426,-1.406390437662571,0.9853705039983333,0.5060797994586438,0.9986628856419258,0.49760468461605223,-1.7273562649623475,-1.281009684367288,-1.7908566216855246
2013-05-02,-1.2358224289824344,-1.2390700413859257,-0.21333636784260426,-1.406390437662571,1.0635925816791447,0.5628616825679835,0.9986628856419258,-0.0031361766174585496,-1.7273562649623475,-1.5117547855127689,-1.6435257634077827
2013-05-03,-1.1801608512843111,-1.2541401481651775,-0.1923352526020843,-1.13095441939654,1.2326786889891825,1.0495635377909007,0.9762574951437164,-0.12271898302568666,-2.000128673684425,1.097143397046398,-0.7878140155502563
2013-05-06,-1.1336746114661087,-1.2239999346066741,-0.16026903363268655,-1.0850484163522014,1.2484811289247004,1.040293026262846,1.001299050537182,0.01093365163903896,-1.507484281548727,1.0474500983309862,-0.6805542811914532
2013-05-07,-1.1277678951628296,-1.2267394789171484,-0.1812701488732075,-1.0391424133078628,1.2555922268956836,1.0217520032067349,0.8754300201234436,-0.6608587858978145,-1.9184875092299616,1.4500535119823872,-0.8189672882402201
2013-05-08,-1.1047987027697779,-1.2815397721845492,-0.16230139962370496,-1.0620954148300321,1.20067874811976,1.1793506991836786,1.0395214304069185,0.21493542758619483,-0.47295492497558167,3.7845273450056545,0.0797100935484147
2013-05-09,-1.1175782851288885,-1.1596096684096275,-0.16862431604020514,-1.0620954148300321,1.1927775281520012,1.1098218627232623,1.0059125402150222,0.035556924465084454,2.0615719754746835,3.051012832075384,0.3784576189890863
2013-05-10,-1.1023493959258241,-1.1116598037613985,-0.1923352526020843,-0.8555184011305093,1.102703620519551,1.1387922112484365,0.7950322197079585,-0.9726236349577716,0.93248207563517,0.46949000993194634,0.25227095995900545
2013-05-13,-1.1076724738728354,-1.095219402212581,-0.186463973072476,-0.8096123980861708,1.1366788663809138,1.1538567924815266,0.7798748748936808,-1.1846067484612925,0.978821226810191,0.5971876072857681,1.0626730762233505
2013-05-14,-1.1555184800094445,-1.0527496714139577,-0.18420578863801165,-0.7178003919974937,1.1576170992954746,0.9881463989175326,0.7152924549605583,-0.8688579473495837,0.6061705704104552,-0.17210188555010564,0.5002810733463351
2013-05-15,-1.1297359779921026,-1.0171293240058485,-0.1909803419414047,-0.7637063950418322,1.112975206477637,0.9348409576312138,0.5294544942915423,-2.714030885418479,0.018338037004895596,-1.2507737412411783,0.7214106072574739
2013-05-16,-1.0813544559006942,-1.0253500473945858,-0.19075452349795877,-0.9243774056970165,1.2196416760423807,1.0032109801506237,0.46750823925367596,-2.87457353135844,-0.623653482534457,-0.5480796657900301,1.0400039384744753
2013-05-17,-1.0317760433112337,-0.9554796473479336,-0.19210943415863738,-0.740753393519663,1.2022589921133116,1.0692633747880191,0.32121033867973364,-2.586420937775331,-0.8098167412596925,-0.3547479197835224,1.499366070971334
2013-05-20,-1.0021844681315306,-1.01986991354498,-0.18307669642077898,-0.6948473904753244,1.230703383997243,1.155015606422533,0.4490566938760572,-1.8096542898252874,-0.7174975840295233,0.009856572751330105,1.3026019308571282
2013-05-21,-0.9864410394050764,-1.0130194849258085,-0.18307669642077898,-0.7637063950418322,1.1734195392309918,1.1167747463693043,0.40622162877306023,-1.7025068032969888,-1.4965689389429169,0.6804887777817038,0.6751694025398496
2013-05-22,-0.9928968446481835,-0.9595894864279736,-0.20565854076542547,-0.5571293813423094,1.1354936833857499,1.2025269780038181,0.33900304394468395,-1.0714450800562914,-1.5407266831350033,1.4218649424022436,1.2875407669755443
2013-05-23,-1.034642410967911,-1.0212391630858886,-0.21085236496469398,-0.5800823828644781,1.069123435656576,1.0252284450297549,0.4997994492202366,0.17922402264220835,-1.3436809908170058,0.11947638980118228,0.5075713045951914
2013-05-24,-1.0096631828827687,-1.0349400203242316,-0.1993356243489243,-0.6030353843866479,1.0999381935308352,1.0055286080326375,0.46553171891567174,0.8251555734603582,-1.435705849482479,-0.327829328047716,0.4540089005165362
2013-05-27,-0.9614334314421439,-0.9746595932072252,-0.20272290100062132,-0.2816933630762782,1.1998886261229837,1.050722351731908,0.41478815912691,-0.19705448085187868,-1.5719760044136797,-0.5329465462505301,0.5768873569322794
2013-05-28,-0.9614334314421439,-0.9746595932072252,-0.19369016326276292,-0.2816933630762782,1.1998886261229837,1.050722351731908,0.41478815912691,0.045568679631604936,-1.5719760044136797,-0.33778404434278075,0.8324745462770372
2013-05-29,-0.9576848197585506,-1.043159698484312,-0.16343049184093664,-0.32759936612061674,1.1354936833857499,1.0090050498556584,0.4951867639869775,0.8914664769767686,-1.3560682047610368,-0.9862000091469574,1.4516659624752277
2013-05-30,-0.9631683057104559,-1.1294694548511244,-0.16343049184093664,-0.32759936612061674,1.1216665484421724,1.0692633747880191,0.6283046445292286,0.7200247529913891,-0.9985845303574266,0.2343972673321635,1.4501849744556263
2013-05-31,-0.9938457196925167,-1.0787800458924208,-0.15010720367759547,-0.2587403615541084,1.0679382526614127,1.0159579335016993,0.5037532943408273,0.21276163451041366,-1.275840331111117,0.05862526828818324,-0.06973704633050334
2013-06-03,-1.0031296414526731,-1.1746797751888791,-0.1322675466453256,-0.32759936612061674,1.1153455724679648,1.1028689790772204,0.6296223247545644,1.217148344193382,-1.0018533105190546,0.2759532036533817,0.18503052483305765
2013-06-04,-1.0540233996822639,-1.162350257948759,-0.10404024121451776,-0.30464636459844696,1.1315430734018708,1.1920976525347553,0.5334083394121331,0.6706410572547631,-0.9343411037315223,0.7414821621566406,0.47170689004071326
2013-06-05,-1.0584346198168413,-1.189749881968131,-0.10133041989316054,-0.39645837068712403,1.1896170401648978,1.1978917222397898,0.5419756742105651,0.26030013262688867,-1.334521817524278,0.9947414021104919,0.06746611320891184
2013-06-06,-1.1009723548991979,-1.3336005211414756,-0.09320095592908788,-0.44236437373146253,1.1840861861874665,1.0750574444930538,0.6559823648179467,0.150467969054827,-0.9430218009011684,0.03404720288505396,-0.07208796762773245
2013-06-07,-1.1561909597222684,-1.3103096909734866,-0.05458600209974301,-0.23578736003193967,1.2117404560746219,0.9580172364513523,0.4404893590776251,-0.35899957648540287,-0.9765890468287751,-0.2997747586041914,-0.45376207429759785
2013-06-08,-1.2540028254755435,-1.3157898248230926,-0.05458600209974301,-0.12102235242109284,1.2038392361068635,0.8954412836369778,0.40490314410314104,-1.25009251364135,-1.0342792336347195,-1.0710171022823707,-0.6555886112760981
2013-06-09,-1.2540028254755435,-1.3157898248230926,-0.12933190688052146,-0.12102235242109284,1.2038392361068635,0.8954412836369778,0.40490314410314104,-0.723657278619003,-0.862697687378625,-1.5158762676337083,-0.22813556808676905
2013-06-10,-1.2540028254755435,-1.3157898248230926,-0.10675006253587598,-0.12102235242109284,1.2038392361068635,0.8954412836369778,0.40490314410314104,-0.7709793189015592,-0.35553148240528937,-1.5444126669110323,-0.08665341270847601
2013-06-11,-1.2540028254755435,-1.3966204925689565,-0.10675006253587598,-0.16692835546543136,1.1102097794889219,0.7888304010643382,0.40490314410314104,-1.39242665285661,-0.18189276182432065,-1.4847143014181279,-0.5516457619474161
2013-06-12,-1.2540028254755435,-1.4103203045786423,-0.10675006253587598,-0.05216334785458556,1.17381460022938,0.8595180514657619,0.40490314410314104,-0.20470024773213438,0.23768234454463638,-0.5162813657594244,-0.5345128534175336
2013-06-13,-1.2540028254755435,-1.4568998744573058,-0.10675006253587598,-0.18988135698760114,1.1844812471858541,0.7644953083031925,0.40490314410314104,-0.0031361766174585496,-0.12971625832609202,-0.693380703267823,-1.000400257943598
2013-06-14,-1.2217312027063856,-1.4500504910667915,-0.08461985507812235,-0.30464636459844696,1.2524317389085795,0.8027361683564221,0.4688267239235939,0.3603529846706555,0.17509411477311806,-0.48975273474587877,-0.8047606022238003
2013-06-17,-1.2322724764433635,-1.4637503030764774,-0.06294128450726261,-0.18988135698760114,1.2800860087957353,0.7911480289463519,0.4391716788522882,0.19172526558472555,0.28468899166509776,-0.5514581797525299,-1.0483467014925256
2013-06-18,-1.2147115016306904,-1.4568998744573058,-0.05548927587352975,-0.16692835546543136,1.2567774098908469,0.6938076579017689,0.33241303392883836,-0.41533726771639023,-0.4779557489888915,-0.5093628099609814,-0.8607636913110797
2013-06-19,-1.2385222190955694,-1.3459300383815958,0.10213199765209982,0.13146066432276854,1.270604544834425,0.6590432396715602,0.37854310403975866,-0.15302748247161344,-0.25123225826956636,-1.0687321096042517,-0.9031352710483715
2013-06-20,-1.3433105991539918,-1.2897604955732864,0.4408596628217892,0.3150846765001227,1.1584072212922503,0.47479182305145606,-0.19940045257207997,-3.439392533596182,-1.7593472074425733,-1.5660550103624156,-1.5048995208033333
2013-06-21,-1.3512841109049398,-1.2239999346066741,0.2145895824884364,0.567567693243984,1.0651728256726969,0.5443206595118724,-0.1618377172595929,-3.5642138530162346,-1.651993126601861,-1.3892980973889595,-1.3209026118229845
2013-06-24,-1.5371328253748124,-1.2089298278274225,0.21120230583673938,0.6823327008548299,1.0430494097629721,0.37861026594787933,-0.25936938282735994,-3.9603184718422777,-2.141606681678655,-2.223685371878101,-1.658138196121411
2013-06-25,-1.5377781591175772,-1.1883795871985652,0.21120230583673938,0.7511917054213382,1.11060484048731,0.4886975903435389,-0.2725494028590511,-3.470828079373909,-2.5195363547653735,-1.1183557268136213,-1.5134672171769623
2013-06-26,-1.5208612841399385,-1.1376901782398616,0.09851890255695586,0.6364266978104913,1.0754444116307833,0.41105705629607436,-0.570418338242029,-5.414936894724936,-3.0442153777060947,-1.3594189989667425,-1.5888411409457308
2013-06-27,-1.537889210813273,-1.1431692668608102,0.03777374126985837,0.49870868867747675,1.1591973432890261,0.4585684278773585,-0.6903561987525878,-2.9939449534816567,-3.6893736685605933,-0.08760990827632335,-1.674335176275238
2013-06-28,-1.501443278193688,-1.1075499646813585,0.013836986264534274,0.567567693243984,1.1493208183293275,0.4539331721133313,-0.6086399136671846,-2.712958242344377,-3.2259146141357418,-0.5009599500766485,-1.898929591736502
2013-07-01,-1.473443443985623,-1.1335792939311644,0.04093519947810946,0.5216616901996455,1.1769750882164833,0.6845371463737133,-0.39710075304745246,-0.848149353169351,-2.6508331499140003,1.7530045886376382,-1.313768658361729
2013-07-02,-1.4528988802819263,-1.0568595104939977,0.04048356259121659,0.47575568715530697,1.2073947850923545,0.6520903560255182,-0.4781581980201872,-1.266571807056113,-3.1615680824439942,0.923634331859163,-1.0965721750351025
2013-07-03,-1.464669126117936,-1.099329241292621,0.053806850754556754,0.567567693243984,1.2927279607441498,0.7250956343089565,-0.4221431128854991,0.9414862465620428,-2.462445966221643,1.791111172079722,-0.6047098596463427
2013-07-04,-1.4506297239665447,-0.9362997014886418,0.00864316206526577,1.0495807252095382,1.345666134528133,0.4713153812284351,-0.6804711837288189,0.060784779030049585,-3.109370872390693,0.075948747817453,-1.1263255029143031
2013-07-05,-1.4506297239665447,-0.9362997014886418,0.014288623151427142,1.0495807252095382,1.345666134528133,0.4713153812284351,-0.6804711837288189,-0.4629230653396757,-3.109370872390693,0.10221590399003223,-1.1263255029143031
2013-07-08,-1.5375498861875365,-0.9664399150471451,0.025579545323749887,0.865956713032184,1.3571229034813836,0.5512735431579143,-0.5354909633802123,-0.866321016312989,-2.6945670710143896,-0.7261762579642632,-0.9103642294351354
2013-07-09,-1.5306572776080254,-0.9143791660902186,0.03122500640991126,0.865956713032184,1.363048818457203,0.4701565672874278,-0.46300085320590956,0.09234020007361184,-2.4871651703262407,-0.9972490984887663,-0.8538720649389631
2013-07-10,-1.4537009203063946,-0.9883594052169111,0.16671607247778722,0.9807217206430308,1.3839870513717636,0.5315737061607968,-0.4531158381821406,-0.19690946849341845,-2.458883092959675,-1.050449091489873,-0.8707932359913562
2013-07-11,-1.3351692759517702,-1.1650898022592333,0.18929791682243272,0.7511917054213382,1.3741105264120652,0.7320485179549985,-0.23762283244181898,2.856979055909403,-1.8423347270090764,1.4751580100009483,-0.06997970249008287
2013-07-12,-1.389195925907707,-1.1322100443902559,0.21165394272363225,0.7741447069435069,1.4076907112750396,0.679901890609685,-0.25277937281151436,2.75909125332914,-2.054155615030045,1.1809045730622176,-0.31669512603064154
2013-07-15,-1.3415510467310803,-1.1253596157710843,0.23446160551172468,0.6823327008548299,1.4084808332718155,0.6555667978485392,-0.21323931271643962,2.0410330922885347,-1.8635973183150558,0.5858471306579814,-0.35213179106525583
2013-07-16,-1.3230128169962856,-1.2089298278274225,0.25433362853501396,0.6364266978104913,1.4179622972331263,0.7529071688931233,-0.1671092426055193,1.8572493883345382,-1.444689728008915,1.5996586710606322,0.18322506726132945
2013-07-17,-1.3685255036155555,-1.170569936108839,0.36724285025824344,0.567567693243984,1.4329746151718679,0.6184847517363169,-0.2521205326988459,1.2590797895794947,-1.8136498145403552,0.49018802374212106,-0.09388906501456563
2013-07-18,-1.4035549101611557,-1.1554998293295875,0.4153421787123396,0.659379699332661,1.4345548591654194,0.6254376353823589,-0.20796778737051322,0.17833522884019326,-0.03025975327548607,-0.5763947531382216,0.450174391121431
2013-07-19,-1.4708732141841332,-1.1883795871985652,0.4487633083424149,0.5216616901996455,1.419937602225066,0.6451374723794774,-0.15063421756590473,0.6230570650122462,0.03018901675623557,-0.18668218773381298,0.30482976267441597
2013-07-22,-1.444528050241934,-1.23769974661636,0.5277997635486762,0.5216616901996455,1.3993944303088928,0.7494307270701023,0.13339505322812892,2.1119483739423353,1.208457355774158,0.5201561175925705,1.09460171297152
2013-07-23,-1.3659922910459648,-1.2664696654052976,0.5731892706814151,0.5905206947661528,1.41717217523635,0.7795598895362826,0.12482771842969806,1.7685370137504515,1.2246211670539464,0.14855247802273694,0.8496795298246544
2013-07-24,-1.3743285716695184,-1.2267394789171484,0.6522257258876752,0.7741447069435069,1.3760858314040048,0.7355249597780185,0.023341403296756887,1.685430524498704,1.8992860725164138,0.6509212815496543,0.9558426876645092
2013-07-25,-1.404117572086014,-1.2719497992549034,0.4602800489581846,0.7741447069435069,1.370950038424961,0.7505895410111096,0.08462881822195487,1.7811104230581756,2.517522680003913,0.6951021560182499,0.8565309618878342
2013-07-26,-1.4154942013561687,-1.3198996639031326,0.47157097113050733,0.7052857023769996,1.3500118055104005,0.5651793104499981,0.036521423328448065,1.130456759520976,2.0738540006094692,-0.43652098014905877,0.3383969592729428
2013-07-29,-1.4749080924610751,-1.3144195300535269,0.4887331728324384,0.7741447069435069,1.370950038424961,0.5698145662140255,0.080674973101363,-0.31216080324565276,1.4954300091153023,-0.9714620548857011,-0.2995808610693429
2013-07-30,-1.4702352838877484,-1.291129745114195,0.48850735438899245,0.8200507099878455,1.3460611955265211,0.4330745211752065,0.05167876814272691,-0.4323244169576775,1.6752630312667278,-1.8699480217564008,-0.5921000073881236
2013-07-31,-1.465998044743094,-1.3431904940711215,0.4855717146241883,0.7511917054213382,1.3626537574588147,0.6103730541492687,-0.024765187152168834,-0.2886866473220722,1.2468981056831097,-0.6769925600721239,-0.29782347920796964
2013-08-01,-1.391300972495005,-1.2212603902961998,0.44921494522930777,1.0725337267317079,1.443641262128342,0.7169839367219073,-0.03399136206326935,-0.7023131267931976,2.096811713343733,-0.1785659091477592,0.7223585494931372
2013-08-02,-1.3895241453638743,-1.2801694774149834,0.444924394803825,0.8200507099878455,1.431394371178316,0.7332073318960048,-0.03662752695852309,-0.43667573201499144,2.088245188745414,0.9396756065126568,0.768793005968275
2013-08-05,-1.3474429561416001,-1.2842803617236807,0.46073168584507745,0.9118627160765225,1.438505469149299,0.7227780064269429,-0.08934760708528901,-1.00574432818706,1.419966661746436,0.85522938268049,0.5046228640871404
2013-08-06,-1.3225710780289623,-1.322640253442264,0.47179678957395427,0.9118627160765225,1.3974191253169532,0.7320485179549985,-0.21719396228161256,-1.5939240658489007,0.7736212617402103,1.700075034867838,0.7689153072894362
2013-08-07,-1.3470332987752553,-1.3651099842408874,0.5959969334695076,0.7741447069435069,1.3824068073782116,0.7308897040139912,-0.19808277234674423,-1.037634767121221,0.8018384856930663,0.6708862070572809,0.5848900675422415
2013-08-08,-1.3480710151761455,-1.4034698759594708,0.7658124029412445,0.7052857023769996,1.3401352805507019,0.9522231667463177,-0.03596868684585462,-0.014951043192158203,0.6168984491900757,1.2869281930923913,0.6270784059155088
2013-08-09,-1.34103774111542,-1.3870305196393107,0.7549731176558147,0.6823327008548299,1.3863574173620907,1.035657770498818,-0.02147018214424425,0.08745929258280617,0.7094889821460144,1.649876775105849,1.0084030012613703
2013-08-12,-1.2679064977766399,-1.3596298503912816,0.7789098726611398,0.7741447069435069,1.4175672362347382,1.0263872589707623,0.12219155353444314,1.268998862155348,1.025823651465174,1.6585261733450953,1.0537336818777654
2013-08-13,-1.254559317861752,-1.3048295571238808,0.9457897023680727,1.0036747221651996,1.4732708370074374,1.05767523537795,0.03322641832052587,1.525586966972313,0.6077255258129988,1.7762848203420705,0.8582520137513816
2013-08-14,-1.263390395485017,-1.308940441432578,1.0054057714379385,1.0036747221651996,1.4562832140767563,1.108663048782255,0.11757886830118401,1.919515376292061,1.1362736330477943,2.060443769418153,1.3937154039019342
2013-08-15,-1.2988825174293488,-1.3870305196393107,1.0248261575743338,1.141392731298215,1.508431265863964,1.1051866069592342,0.2994629838496092,2.00158642016895,1.5529191958563515,0.8123047495356152,1.3631817987362222
2013-08-16,-1.335506132762047,-1.3692198233209274,0.979436650441596,1.3020637419533996,1.5179127298252744,1.1654449318915958,0.366021924120736,2.308847199190639,1.5705609783738794,0.6823541761532955,1.4728570367057943
2013-08-19,-1.2874762743736747,-1.3733296624009674,1.1379611977410102,1.3938757480420765,1.501715228891369,1.090122025726144,0.32977686903358344,1.2151981691982225,0.5751914222632478,0.3374680895224208,0.9575924443836707
2013-08-20,-1.305787465086159,-1.4171696879691567,1.3136479467423556,1.256157738909061,1.475246141999377,1.1040277930182278,0.37524809903183526,2.0247267310113317,0.7352871529809852,0.2455053947848357,0.9092745569034695
2013-08-21,-1.3054234623058232,-1.3610001451608473,1.2009645434625722,1.3709227465199079,1.4784066299864804,1.0344989565578104,0.3587730739922207,1.4131941173430718,0.997811687863243,-0.38014612871729997,0.844242476926263
2013-08-22,-1.3038304874264552,-1.3377103602215157,1.1828990679868554,1.439781751086415,1.466159739036455,1.0878043978441303,0.3627269191128126,0.3608292837629146,0.8207651461486959,-0.08615827700580915,0.9478713080529869
2013-08-23,-1.3192037438339244,-1.358260600850373,1.0957331488165225,1.256157738909061,1.529764559776913,1.1341569554844082,0.5241821645010337,0.9000799783827259,1.4502601687320666,-0.15694498106221771,1.626492751360148
2013-08-26,-1.2558746635018805,-1.3541497165416758,1.0142126907323499,1.1872987343425536,1.5341102307591803,1.0669457469060055,0.5063894592360823,1.0095173933503971,1.2591262366424871,-0.11640886579807831,1.4226324196472857
2013-08-27,-1.243074104711361,-1.381550385789705,1.0365687166335495,1.0266277236873693,1.6518384082787856,1.086645583903123,0.6882735747845086,1.7826564623823198,1.891100621485047,-0.08617176548729091,1.8999783187156472
2013-08-28,-1.2614506925335325,-1.3473003331511615,1.1648335925111386,1.164345732820384,1.693714874107907,1.028704886852776,0.6777297196480712,1.819812489786622,2.1057651339290824,-0.026402295215895898,1.1935648002127932
2013-08-29,-1.2721030179662063,-1.2746903887940348,1.1824474310999635,1.0954867282538767,1.7189987780047353,0.9162999345751027,0.6375308194403292,1.566776899997212,2.014900123554977,-0.8865941412635738,0.5706186866792134
2013-08-30,-1.2858721943247373,-1.2555104429347432,1.194641627046072,1.164345732820384,1.6818630441562692,0.8548827957017346,0.5268183293962875,0.011659472137629344,1.690490779066574,-1.4375012301079346,0.35508362338006916
2013-09-02,-1.226665599718463,-1.2185198007570683,1.195093263932964,1.347969744997738,1.6629001162336479,1.0194343753247204,0.631599649537152,0.7009763370974474,2.1774717166838533,-0.2434659086073551,0.8392656469384095
2013-09-03,-1.226665599718463,-1.2185198007570683,1.2059325492183948,1.347969744997738,1.6629001162336479,1.0194343753247204,0.631599649537152,-0.315646950076827,2.6031433858357578,-0.34513540355118755,0.8126387819430536
2013-09-04,-1.2262781526912574,-1.2445501752355317,1.2389020419615773,1.439781751086415,1.6692210922078554,0.8745826326988521,0.48596058907587697,-1.06177985243391,2.092360961534982,-0.8025156171598571,0.41598593078231083
2013-09-05,-1.2281722010567342,-1.1815302038080508,1.2389020419615773,1.623405763263769,1.6755420681820623,0.881535516344894,0.37524809903183526,-1.4572946910340512,1.232587225331085,-0.18071398161463,-0.17028471196340172
2013-09-06,-1.2012643751896757,-1.247289719546006,1.2174492898341633,1.5315937571750922,1.728480241966046,0.9197763763981236,0.46487207435842104,-0.35071398488521,1.4560493574624525,0.35131320516708264,-0.288055784801758
2013-09-09,-1.1088200080616906,-1.2966098789638008,1.2389020419615773,1.439781751086415,1.651443347280398,0.9603348643333659,0.46553171891567174,-0.9244436219885094,1.0099071726038273,-0.30570734384190074,-0.15614427003809933
2013-09-10,-1.06741746809089,-1.2925000398837607,1.2614838863062248,1.5774997602194307,1.5289744377801366,0.9255704461031582,0.31593800888922496,-1.75435580498657,0.839397518956793,-0.48782391392967317,-0.33006982975629023
2013-09-11,-1.0705935465877854,-1.3336005211414756,1.4175244307277277,1.5086407556529233,1.5396410847366113,0.9128234927520817,0.31462032866388806,-0.9688075643274007,0.5781824532359296,0.20808460170721926,-0.4951705753612466
2013-09-12,-1.043601814995091,-1.3377103602215157,1.406233508555405,1.4856877541307536,1.5688755986173186,0.8073714241204494,0.09385499313305538,-1.6084679342676518,-0.5991786342296779,-0.39175489537196256,-0.7633642370770995
2013-09-13,-1.0587455645647885,-1.3431904940711215,1.4322026295517476,1.439781751086415,1.5767768185850777,0.7923068428873592,-0.0511252272155512,-2.918001098292119,-1.2026355337884285,-0.672681873541102,-0.9537140708677067
2013-09-16,-1.0642265827012345,-1.3705901180904931,1.3859098486452228,1.3938757480420765,1.4799868739800324,0.8351829587046161,0.011479867934983706,-2.567886574131673,-0.92228023625483,-0.6568320935331111,-0.6520050052985037
2013-09-17,-1.1285168771549106,-1.381550385789705,1.277516995790922,1.347969744997738,1.4084808332718155,0.8375005865866297,-0.04387637708703714,-2.069400255037526,-1.2070892711474224,-0.46320103881416286,-0.6812533614783584
2013-09-18,-1.1152461995192795,-1.508960623414232,1.2280627566761484,0.957768719120861,1.4100610772653674,0.9661289340384015,-0.05507907233614186,-2.1264770185556445,-1.1941219924570214,0.28708195194081776,-0.16210494862550492
2013-09-19,-1.05590387506271,-1.4925202218654148,1.0810549499925026,1.1184397297760453,1.4720856540122735,1.122568816074339,0.07078995807759522,-0.13894418440380268,-0.8431608925222255,1.7021476983227413,0.11076476116117627
2013-09-20,-1.05590387506271,-1.4815599541662032,1.0810549499925026,1.0954867282538767,1.4547029700832044,1.0599928632599636,0.07078995807759522,0.726776259467896,-1.2843803002849057,1.4490868584944403,-0.1749466914920603
2013-09-22,-1.05590387506271,-1.4801907046252947,1.0810549499925026,1.0266277236873693,1.3891228443508066,1.0101638637966648,0.07078995807759522,0.3493966974890897,-1.2365179406438522,0.9431618399758915,-0.13073930250492546
2013-09-23,-1.05590387506271,-1.4801907046252947,1.1361546501934388,1.0266277236873693,1.3891228443508066,1.0101638637966648,0.07078995807759522,0.6828003550414096,-1.717210228020872,0.9304335966960344,-0.18224644645194135
2013-09-24,-1.0823045648527578,-1.465120597846043,1.1600914051987639,0.9118627160765225,1.3543574764926682,0.9128234927520817,-0.0010413119840390116,0.3205390757890481,-1.8893758204464106,-0.27731360133759564,-0.28833465092796007
2013-09-25,-1.0982306119232448,-1.4966300609454548,1.16031722364221,0.8200507099878455,1.4246783342057208,0.9487467249232967,0.13010004822020674,0.3470055634107152,-1.4195407405152236,-0.8945817630740261,0.10660250339279326
2013-09-26,-1.161737374968402,-1.4706007316956489,1.0923458721648254,0.8889097145543537,1.4009746743024447,1.0275460729117696,0.04904260324747198,-0.1315233809349718,-1.3528528168222074,-0.165188415147174,0.4880856436414637
2013-09-27,-1.147741159587559,-1.504850784334192,1.115153534952919,0.8430037115100152,1.4242832732073332,1.0843279560211094,0.1465750732598213,0.44426715786299587,-1.3578983222598127,0.3928774595581888,0.19164087142962832
2013-09-29,-1.114537936482287,-1.5117001677247064,1.115153534952919,0.8430037115100152,1.3610735134652627,1.0692633747880191,0.06815379318234029,-0.018698981550083434,-1.5768036486872128,0.3138645494759837,0.1516118604118697
2013-09-30,-1.114537936482287,-1.5117001677247064,1.104314249667488,0.8430037115100152,1.3610735134652627,1.0692633747880191,0.06815379318234029,0.40874598950999486,-1.1888105843869325,0.8349952186882355,0.5464880199934654
2013-10-01,-1.0687069016686894,-1.528140569273524,1.0927975090517184,0.8889097145543537,1.3401352805507019,0.9556996085693386,0.05299644836806145,-0.4552566783921348,-0.929017498083886,0.040653763622500866,0.21989083355444133
2013-10-02,-1.0687069016686894,-1.558280782832027,1.0927975090517184,0.8200507099878455,1.4100610772653674,1.0530399796139216,0.05299644836806145,0.020263852959103115,-1.1746864142948652,0.13730154477464102,0.3779838294014117
2013-10-03,-1.0687069016686894,-1.5733508896112787,1.0927975090517184,0.7970977084656767,1.4258635172008847,0.9429526552182621,0.05299644836806145,-0.550838050527001,-1.176476708067708,-0.730488295177888,-0.027338628509350364
2013-10-04,-1.0687069016686894,-1.5253999797343925,1.0927975090517184,0.8889097145543537,1.4230980902121695,1.018275561383714,0.05299644836806145,-0.09264572785912174,-0.7637486920037082,-0.2614852973767067,0.26859990980840764
2013-10-07,-1.0687069016686894,-1.5500600594432898,1.0927975090517184,0.865956713032184,1.4325795541734798,1.0078462359146512,0.05299644836806145,-0.09264572785912174,-0.7600521814000335,-0.3157667770166238,0.2752665701675113
2013-10-08,-1.0687069016686894,-1.5336207031231297,1.0927975090517184,0.8889097145543537,1.4681350440283945,0.9985757243865955,0.05299644836806145,-0.0031361766174585496,-0.1250477346327792,0.23038787964815982,0.5417508321016832
2013-10-09,-1.0425184440081934,-1.491149927095849,1.1860605261951065,0.9348157175986923,1.4072956502766516,0.8560416096427409,-0.06101024223932018,-0.6775559193977868,-0.033777585955674316,-1.0235904326803686,0.19374250143984167
2013-10-10,-1.0749899598296033,-1.4843005437053347,1.1521877596781382,1.0036747221651996,1.5104065708559036,0.8966000975779842,-0.12888766718036374,-1.0790926645260202,-0.4237986078864665,-0.24138289093144125,0.18643010452483133
2013-10-11,-1.0203056370536023,-1.4925202218654148,1.1745437855793377,0.9807217206430308,1.471690593013886,0.9441114691592694,-0.3173617927446357,-2.1940331176398575,-0.8271625579112353,-0.3846833723425507,0.30939011623115464
2013-10-12,-1.0060712774808787,-1.5062200338751006,1.1740921486924438,1.0954867282538767,1.4511474210977129,1.0229108171477412,-0.26200554772261486,-1.8665668581586041,-0.6276366064485163,0.08292770411699389,0.17114526267480085
2013-10-14,-1.0060712774808787,-1.5062200338751006,1.2644195260710278,1.0954867282538767,1.4511474210977129,1.0229108171477412,-0.26200554772261486,-1.8665668581586041,-0.9925444831840724,0.13172089343225962,-0.2420773003880537
2013-10-15,-1.0124937672152776,-1.4760798203165975,1.2933242868321755,1.0954867282538767,1.4724807150106618,1.033340142616804,-0.2844117426654066,-1.3421875004120756,-1.059100451568234,0.9529515081728333,-0.051238935762831055
2013-10-16,-1.0845218970434807,-1.4733402760061232,1.3328425144353042,0.957768719120861,1.4772214469913172,1.0344989565578104,-0.22510165252279388,-0.5844166025514244,-0.8829241532510812,0.7380726002930083,0.08394889505681231
2013-10-17,-1.1001567418896996,-1.589790245931439,1.3328425144353042,0.7741447069435069,1.4282338831912125,1.0090050498556584,0.04311143334429366,2.223797399953924,-0.08621673779000887,0.34722150690321,0.016125318751850307
2013-10-18,-1.0808571910855245,-1.5911605407010048,1.3529403559020403,0.7511917054213382,1.4223079682153936,1.0136403056196857,-0.011585167120476459,1.5337311264917084,-0.03557886299370197,-0.04465153869669819,0.2908798848982192
2013-10-21,-1.010841564764872,-1.5856804068513988,1.364231278074363,0.8200507099878455,1.425073395204109,1.0240696310887487,-0.00301863676662667,1.5863052036106216,-0.3967550934694546,0.009958620807823157,0.22121948934686403
2013-10-22,-1.0542763507669035,-1.6459608339684053,1.409394966763654,0.6134736962883226,1.4290240051879881,1.0982337233131931,0.17359395343587214,2.8152206616236373,0.3668934309522206,0.34322506510685497,0.2068377342997862
2013-10-23,-1.1070826659779187,-1.6432202444292738,1.451397197244696,0.5446146917218143,1.3567278424829954,0.9406350273362484,0.11692002818851555,2.0867330702954967,-0.0913309632278537,-0.48685772716878095,-0.3593960333216091
2013-10-24,-1.1321643084046482,-1.6528102173589196,1.5527896783521566,0.5905206947661528,1.3128760716619343,0.9313645158081929,0.22433670878005157,1.0701386286989216,0.46007016939622086,-0.4033913136240468,-0.34484044543914416
2013-10-25,-1.1869288351830962,-1.6541805121284854,1.5979533670414496,0.5905206947661528,1.2761353988118562,0.9441114691592694,0.23883521348166195,1.489299479783407,0.5031499078632236,-0.3606183327071045,-0.31118888918491305
2013-10-28,-1.18965083563537,-1.6445905391988396,1.5753715226968021,0.6134736962883226,1.3784561973943326,0.9441114691592694,0.23619904858640703,1.4211259600326807,0.5412998834741641,-0.41472369539285514,-0.01184197229932076
2013-10-29,-1.2022095485108188,-1.5925308354705705,1.6054053756751816,0.5905206947661528,1.368579672434634,0.9649701200973941,0.19138665870082244,0.10068386389239686,0.40791652849715515,-0.6871065609581235,-0.2137842584874239
2013-10-30,-1.1528890226369173,-1.576090433921753,1.6054053756751816,0.6364266978104913,1.3831969293749873,1.0808515141980883,0.21642901853887025,0.5812400541481435,0.48245470823424824,0.7460708874702395,0.3893271246978759
2013-10-31,-1.2039037038240425,-1.5144407572638379,1.5225300069303316,0.6823327008548299,1.348431561516849,1.0263872589707623,0.04904260324747198,-1.0201403342153508,-0.015768254347001055,0.5074722992246229,0.04076555622041075
2013-11-01,-1.1971122756783883,-1.441829767678054,1.4660753960687158,0.865956713032184,1.2792958867989597,1.0229108171477412,-0.02015250191890971,-1.5032613477845118,-0.22172636768672374,0.4207923672451811,0.059297934012419756
2013-11-04,-1.1965434442148803,-1.4664898473869517,1.5055936236718463,0.8200507099878455,1.2425552139488811,0.9186175624571163,-0.010267486895139531,-1.4311577628848007,-0.19230378006676005,-0.13098908531963757,-0.1938342261193221
2013-11-05,-1.1807000689623004,-1.4445703572171855,1.5902755399642698,0.957768719120861,1.2488761899230885,0.9325233297491992,-0.05376139211080493,-1.4306985914441066,0.017861997939476782,-0.16730319515286188,0.22686674420656006
2013-11-06,-1.2224357640201884,-1.4760798203165975,1.6128573843089153,0.9118627160765225,1.2666539348505452,0.8826943302859014,0.010161383265065705,-1.2009040042972168,0.41868752176021956,-1.025907786479136,-0.018344492864150894
2013-11-07,-1.2466586066668712,-1.429500250437934,1.7797372140158494,0.8200507099878455,1.172629417234216,0.9093470509290608,-0.0511252272155512,-0.5959591436196215,0.823571842527342,-0.6086783326149483,-0.07408480965866854
2013-11-08,-1.2910064843890665,-1.376070251940099,1.8341594588864456,1.141392731298215,1.220431798039157,0.9220940042801373,-0.2086266274831805,-1.1275015113392692,0.16083175192973787,-0.5240073832363955,-0.24855659379009726
2013-11-11,-1.2780640262096024,-1.3925106534889165,2.0256534989290444,1.2102517358647225,1.278505764802184,0.9348409576312138,-0.23169166253864065,-1.3225618193163615,0.08960807115795344,0.09001329293600284,-0.2147012739497089
2013-11-12,-1.2466252911581621,-1.3788097962505732,2.0509451645950474,1.2102517358647225,1.2994439977167447,0.8769002605808668,-0.2969329225844305,-1.4594617899376476,-0.04276774765922735,-0.2908434179009064,-0.3957235963615872
2013-11-13,-1.3131168770020725,-1.4144301436586824,2.15978965433624,1.0954867282538767,1.323542718618409,0.7053957973118381,-0.31538446796204805,-1.9384399296748966,-0.2815707476452727,-0.9418038751825671,-0.8535534295088096
2013-11-14,-1.2816633350578726,-1.4075797150395108,2.245149025959003,0.957768719120861,1.3784561973943326,0.7077134251938517,-0.19742393223407578,-0.8790339896703422,-0.720761248683164,-1.0678041856452984,-0.7824647054296737
2013-11-15,-1.2205626920861214,-1.4267607061274596,2.470967469405462,1.0036747221651996,1.3768759534007804,0.7320485179549985,-0.19017427766097944,0.10939453738231818,-0.5395305733665925,-1.004508094851665,-0.7295933981887405
2013-11-18,-1.1206062946981896,-1.4281299556683682,2.609394175238142,0.9118627160765225,1.398604308312117,0.6810607045506923,-0.28968407245591643,-0.35776622428378596,-0.8627671417737807,-1.3404222986917644,-0.8916697842917357
2013-11-19,-1.1344902244756068,-1.4459406519867513,2.6326534749131274,1.0036747221651996,1.3784561973943326,0.6972840997247899,-0.28177557777015166,0.09027458728986555,-1.3409238620022945,-0.9549051387095874,-1.0353194216133343
2013-11-20,-1.1129227512637807,-1.389770063949785,2.745562696636357,1.2102517358647225,1.3776660753975563,0.7030781694298245,-0.3839207330157613,-0.42643974343052793,-1.4839034973784173,-0.008769900237944366,-0.6185867387271042
2013-11-21,-1.1265623673106673,-1.397989742109865,2.697463368182261,1.1872987343425536,1.4420610181347906,0.7760834477132618,-0.4788170381328557,-1.716929584266449,-2.056623242248917,0.3772642966528925,-0.3982028885927634
2013-11-22,-1.1437889531285235,-1.4445703572171855,2.5845541464590314,1.0954867282538767,1.4997399238994293,0.8270712611175679,-0.47552203312493346,-1.73952978541949,-2.0859357389427107,0.5211018843566092,-0.2948782861660592
2013-11-25,-1.1518920251911162,-1.415800438428248,2.5055176912527704,1.0725337267317079,1.4788016909848687,0.8502475399377063,-0.4946332230598018,-1.2650922898426622,-2.134581059747189,0.9311991969033682,-0.23268294067101997
2013-11-26,-1.1520672400887702,-1.4582701692268716,2.482935846908125,1.0036747221651996,1.5266040717898095,0.8259124471765605,-0.4926558982772165,-1.3003892334814864,-2.0082565525235228,0.7073387518640778,-0.35293929188581946
2013-11-27,-1.1125723214684742,-1.4404605181371455,2.3591873398994645,1.0725337267317079,1.4981596799058774,0.7679717501262134,-0.5163797734453439,-0.8280127744815026,-2.1450941208969745,0.3585031469935597,-0.8055435611620071
2013-11-28,-1.074637062218837,-1.4486801962972256,2.088656844650606,1.0954867282538767,1.488283154946179,0.8201183774715259,-0.4320281279092681,0.2916116721278204,-1.4365480290020993,0.24214932192865118,-0.5283837422005672
2013-11-29,-1.074637062218837,-1.4486801962972256,1.930358115794638,1.0954867282538767,1.488283154946179,0.8201183774715259,-0.4320281279092681,0.2707445850417963,-1.2403040483872068,-0.03347178809300877,-0.5193991525132153
2013-12-02,-1.1418184024837907,-1.4171696879691567,2.2013402479303896,1.2332047373868922,1.5048757168784725,0.7668129361852062,-0.6185249286909535,-0.7851041540423601,-1.8276892494513892,-0.4430718058673782,-0.3895467416839186
2013-12-03,-1.1028713388955933,-1.4568998744573058,2.111012870551806,1.1872987343425536,1.566900293625379,0.7436366573650677,-0.6224795782561253,-0.8223469772692,-1.7177457638564788,-0.43830212876643404,-0.48846034627204393
2013-12-04,-1.055418949324839,-1.4555306249163973,2.077140104034836,1.3020637419533996,1.5751965745915255,0.9162999345751027,-0.4478443128362142,0.430592706641012,-1.3739709319349906,0.8073254801411677,0.11012850077009365
2013-12-05,-1.070101217403535,-1.504850784334192,2.235213014447358,1.3938757480420765,1.5277892547849727,0.8722650048168384,-0.5466944630738992,-0.7213785448746902,-1.4968659258865948,0.2843718653375437,-0.08076306832983075
2013-12-06,-1.0873993698697284,-1.504850784334192,2.280376703136651,1.3938757480420765,1.5052707778768606,0.9151411206340954,-0.5658048485641877,-0.8410814072112798,-1.0999931515364925,0.5149896093623978,0.0004952233631559849
2013-12-09,-1.080303166514776,-1.524030730193484,2.3370571324417106,1.347969744997738,1.448777055107385,0.9417938412772547,-0.5328547984849573,0.5459052337305444,-0.9306370018449179,0.9518410866267029,0.0378896711648959
2013-12-10,-1.078998926044217,-1.5459502203632498,2.472322380066142,1.2332047373868922,1.4029499792943843,0.9638113061563869,-0.3542656879444555,1.7166332046954065,-0.18177862414105075,1.2004238723616356,0.25452832944417497
2013-12-11,-1.1264821633082203,-1.5569104880624614,2.5177118871988786,1.347969744997738,1.425073395204109,1.0298637007937832,-0.3799668878951694,0.42284920961279493,-0.20470063686181486,0.6069331945856994,0.9182708055283026
2013-12-12,-1.1248262591346248,-1.5144407572638379,2.449966354164942,1.4168287495642462,1.4061104672814877,1.0252284450297549,-0.5941422134101565,-0.3045308902056146,-1.2197120341745353,0.8209181776967893,0.8987273770711113
2013-12-13,-1.1282540548084308,-1.5130704624942721,2.336605495554819,1.3938757480420765,1.3701599164281855,1.0681045608470119,-0.5302194380342858,0.2234401037252791,-1.0451511550276276,0.8162766895901702,0.9470100887216215
2013-12-16,-1.180593952897524,-1.532250408353564,2.3655102563159645,1.4168287495642462,1.4578634580703078,1.112139490605276,-0.4656370181011645,0.42311462863734783,-0.5491274172043378,0.9054096426602926,1.217651710492662
2013-12-17,-1.196626116032787,-1.5336207031231297,2.388092100660612,1.3250167434755693,1.4029499792943843,1.0924396536081586,-0.5598744831055916,-1.278982003792527,-0.864778422688901,0.682656368476126,1.1153497941703039
2013-12-18,-1.1981314834633285,-1.5267702745039582,2.4276103282637425,1.4168287495642462,1.4286289441896005,1.0773750723750675,-0.527583273139031,-0.921965507021776,-0.45414685777746927,0.25244468800077474,1.0566688210439457
2013-12-19,-1.2308719911698682,-1.4555306249163973,2.4732256538399273,1.5315937571750922,1.476826385992929,1.0240696310887487,-0.7984325239013734,-1.3084375709572198,-1.017068922602867,-0.002175133693330825,0.6997924267378618
2013-12-20,-1.2936236026842944,-1.4623800083069116,2.4732256538399273,1.4168287495642462,1.5309497427720768,1.050722351731908,-0.731873583630249,-1.2814798568267607,-0.8162178047177364,-0.0865919220432862,0.6288105201217848
2013-12-23,-1.2879809426352253,-1.4801907046252947,2.4734514722833736,1.5315937571750922,1.508431265863964,1.05767523537795,-0.7760263289585829,-1.955301204933074,-0.897642136043763,-0.2780097107673491,0.582839439988077
2013-12-24,-1.2769350006366968,-1.4692304369260831,2.371607354289021,1.646358764785939,1.508036204865576,1.20947986164986,-0.731873583630249,-1.097473193311778,-0.7635186813482263,0.6112219931303466,1.0648544087720178
2013-12-25,-1.3045905745881055,-1.4760798203165975,2.3941891986336663,1.6693117663081076,1.5111966928526799,1.2743734423462492,-0.6725634934876363,-0.9219101014615445,-0.5013270739661623,1.028128868742518,1.4105227621851457
2013-12-26,-1.3045905745881055,-1.4760798203165975,2.374542994053824,1.6693117663081076,1.5111966928526799,1.2743734423462492,-0.6725634934876363,0.8219598298850237,-0.7620842067040399,1.3143362814122228,1.2585193747155687
2013-12-27,-1.2519866202448022,-1.4884103827853747,2.3424767750844273,1.7152177693524462,1.5273941937865851,1.241926651998054,-0.6593834734559452,0.4680680591624783,-0.7205453295247677,1.001452879242876,1.1699971485633043
2013-12-30,-1.2531538969573375,-1.5418403812832098,2.3424767750844273,1.646358764785939,1.4645794950429027,1.2071622337678454,-0.7450536036619402,0.1993200392406288,-0.41200727638526297,0.7830978118723044,1.229236432246361
2013-12-31,-1.2192547498923723,-1.536360247433604,2.3607680690035897,1.7611237723967847,1.4440363231267301,1.2396090241160405,-0.7529612939031227,-0.1402116808425913,-0.4249610259446097,0.15790002938361986,1.3863645028991556
2014-01-01,-1.2178332881874683,-1.4555306249163973,2.4736772907268194,1.6693117663081076,1.3646290624507542,1.2048446058858318,-0.6007322234260021,0.4603241875895515,-0.4867761548554077,-0.34859802484352,0.7963931874202175
2014-01-02,-1.2178332881874683,-1.4555306249163973,2.4736772907268194,1.6693117663081076,1.3646290624507542,1.2048446058858318,-0.6007322234260021,0.4603241875895515,-0.1767110728031819,-0.34859802484352,0.9202560734616406
2014-01-03,-1.2529836176906033,-1.433610089517974,2.5633272127750635,1.6922647678302765,1.3105057056716065,1.1434274670124638,-0.5124259283247521,0.943484774997615,0.167008071140002,-0.49752607704546503,0.6341839053655195
2014-01-06,-1.3274585865473008,-1.4527900353772658,2.5981032530658195,1.623405763263769,1.3160365596490378,1.1538567924815266,-0.5163797734453439,1.4857731547758481,0.04856700295597982,-0.2686675524473994,0.5884697592182465
2014-01-07,-1.3181993429417431,-1.4281299556683682,2.564456304992297,1.5774997602194307,1.3278883896006763,1.1538567924815266,-0.5717360184673637,1.1780107605232326,-0.6829846026473014,-0.4327653536486096,0.527887382427051
2014-01-08,-1.3039551121071804,-1.3993600368794308,2.4513212648256197,1.6922647678302765,1.3440858905345816,1.1144571184872898,-0.5987548986434156,0.009508141814739047,-0.6892155452841231,-0.45841005476852315,0.24368054165860137
2014-01-09,-1.337055920870866,-1.4034698759594708,2.4626121869979425,1.6004527617416004,1.346851317523297,1.0136403056196857,-0.5723948585800333,0.17807161878226668,0.06591573760215765,-0.9740533440838902,-0.011560039664181999
2014-01-10,-1.3688142380243644,-1.4514197406077,2.4732256538399273,1.3938757480420765,1.3053699126925635,1.112139490605276,-0.457729327859982,0.3428453306665076,0.2272189346690937,-0.15740040286862989,0.1354765337619945
2014-01-13,-1.3812643670195777,-1.4719699812365574,2.4628380054413905,1.3020637419533996,1.3677895504378577,1.1237276300153451,-0.4300508031266804,0.543199509411043,0.10861502270098856,-0.1512186082370061,0.049631160016374305
2014-01-14,-1.344071920223372,-1.4582701692268716,2.4741289276137133,1.3938757480420765,1.3322340605829437,1.0993925372541995,-0.467614342883751,0.6603034907242025,0.2913541402886812,-0.27649930456126715,0.03750853121424975
2014-01-15,-1.3418582897558378,-1.4048401707290366,2.3618971612208215,1.439781751086415,1.3705549774265735,1.1503803506585057,-0.5144032531073398,0.5361317760730899,0.038026448417743476,0.18976959409804112,0.21173706501959286
2014-01-16,-1.3432772836452826,-1.4185399827387224,2.440481979540191,1.347969744997738,1.345666134528133,1.1144571184872898,-0.501882073188317,0.4461918157482049,0.9741104881700362,0.5324291044282362,0.25923686886868286
2014-01-17,-1.3847193086634424,-1.3692198233209274,2.4626121869979425,1.3020637419533996,1.3847771733685394,1.119092374251318,-0.424779277780754,0.20390066802500417,1.0003981759396001,0.039878127784944074,0.2001385024145688
2014-01-20,-1.367033709170044,-1.3911403587193507,2.4522245385994057,1.3250167434755693,1.36739448943947,1.1341569554844082,-0.4867247283740382,-0.3580428745805385,0.9474944592492403,0.05779112617194404,0.22142180972820746
2014-01-21,-1.367033709170044,-1.3911403587193507,2.339315316876176,1.3250167434755693,1.413221565252471,1.1341569554844082,-0.4867247283740382,-0.12335815106807675,0.7977963116187766,0.18412399561451756,-0.17608627918784883
2014-01-22,-1.2930584729439767,-1.381550385789705,2.2489879394975922,1.3709227465199079,1.4337647371686435,1.1017101651362142,-0.5084720832041615,0.03439033139633397,0.5287074149317662,-0.2467824917274365,-0.42479254004676215
2014-01-23,-1.2961950663935136,-1.4815599541662032,2.204275887695193,1.1872987343425536,1.4337647371686435,0.982352329212498,-0.3529480077191186,0.9377256819672631,1.0336014927402573,-0.6796633566972344,-0.7317192320531907
2014-01-24,-1.2746707799522352,-1.478820409855729,2.2715697838422377,1.0954867282538767,1.412036382257307,0.949905538864304,-0.34042682780009587,0.524762981425299,1.02975970811912,-0.8710147111170585,-0.7348135614627308
2014-01-26,-1.306857263088027,-1.4733402760061232,2.1934366024097622,1.164345732820384,1.3954438203250135,0.92093519033913,-0.346357997703273,0.8819614701076735,1.3021616559639324,-1.0965910759225865,-0.7231302445210834
2014-01-27,-1.306857263088027,-1.4733402760061232,2.1990820634959243,1.164345732820384,1.3954438203250135,0.92093519033913,-0.346357997703273,0.8819614701076735,1.3293978421524606,-1.0965910759225865,-0.8038752702384789
2014-01-28,-1.3059318322905629,-1.4637503030764774,2.2498912132713778,1.141392731298215,1.410456138263755,0.9070294230470471,-0.42939196301401317,0.4968402381167553,0.5472907052638252,-1.0051124693917666,-0.7534128500703208
2014-01-29,-1.286443493603705,-1.4719699812365574,2.266827596529863,0.957768719120861,1.3997894913072808,0.878059074521873,-0.35558417261437353,-0.01949154383142355,0.7847686129607327,-0.5451195440228804,-0.8285705406008866
2014-01-30,-1.3153194023000363,-1.3925106534889165,2.2480846657238063,1.0266277236873693,1.4207277242218417,0.8514063538787137,-0.4873843729312877,-0.9135242479090476,0.07570014139824989,-0.5168378697082948,-0.7443652530356011
2014-01-31,-1.2888705901085207,-1.3678505737800188,2.19433987618355,0.9118627160765225,1.373320404415289,0.784195145300311,-0.3483345180412784,-0.01538925417046025,0.5310977233697509,-0.7217758109316655,-0.9460841032337615
2014-02-03,-1.2888705901085207,-1.4034698759594708,2.19433987618355,0.7741447069435069,1.3097155836748309,0.7540659828341296,-0.3483345180412784,-0.01538925417046025,0.7122261112194141,-0.8816684595944952,-1.0247599656389639
2014-02-04,-1.2888705901085207,-1.3883997691802192,2.19433987618355,0.8430037115100152,1.3290735725958402,0.7679717501262134,-0.3483345180412784,0.5044258281268558,0.8015351239888826,-0.7354363879048453,-0.8901658937730627
2014-02-05,-1.2888705901085207,-1.4007303316489965,2.19433987618355,0.9807217206430308,1.3199871696329173,0.7587012385981579,-0.3483345180412784,0.041856585834161276,0.7143967748418737,-0.6331462490424589,-0.6587191720333065
2014-02-06,-1.2888705901085207,-1.4199102775082881,2.19433987618355,1.0495807252095382,1.3729253434169013,0.8490887259967,-0.3483345180412784,0.8737284199139718,0.34185356191409155,-0.00852288081727375,-0.6713927889334765
2014-02-07,-1.2888705901085207,-1.4473099015276598,2.19433987618355,1.0036747221651996,1.4507523600993253,0.8699473769348248,-0.3483345180412784,-0.0031361766174585496,0.25348007184403304,0.4673604227522647,-0.6460589659073598
2014-02-08,-1.211319489281053,-1.4500504910667915,2.1715322133954564,0.9807217206430308,1.4531227260896529,0.8432946562916643,-0.2725494028590511,0.466791372261962,0.6134438006405099,0.4881168991819067,-0.6542475042090653
2014-02-10,-1.211319489281053,-1.4500504910667915,2.2056307983558727,0.9807217206430308,1.4531227260896529,0.8432946562916643,-0.2725494028590511,0.466791372261962,0.7659358812837146,0.41188498596512574,-0.7830385882024515
2014-02-11,-1.1953132382081186,-1.4555306249163973,2.2169217205281955,1.0954867282538767,1.4148018092460224,0.8201183774715259,-0.17172273228336069,1.0919963356822522,1.045443657832899,0.3369802616580519,-0.7533035706758616
2014-02-12,-1.1794254422772597,-1.4486801962972256,2.1947915130704416,1.2102517358647225,1.3914932103411344,0.9128234927520817,-0.13745419753421353,1.304488307220913,0.9007540689079446,0.34537349866506034,-0.5218345784895857
2014-02-13,-1.2058816579151554,-1.5021101947950606,2.1947915130704416,1.0495807252095382,1.4057154062831,0.9000765394010052,-0.10384530734231592,1.5128899616943547,1.2107662820874967,0.16487017099535425,-0.593593194780831
2014-02-14,-1.1743133625520699,-1.524030730193484,2.19433987618355,1.0954867282538767,1.391888271339522,0.9359997715722201,0.018728718063496567,1.7867247875127668,1.599658314274752,0.500977876323533,-0.4995494150565415
2014-02-17,-1.166262114614135,-1.540470086513644,2.2742796051635947,1.0036747221651996,1.451542482096101,0.9800347013304843,0.05629145337598484,2.017542239331114,1.7926046292730777,0.7370942255562383,-0.30066355294510244
2014-02-18,-1.166262114614135,-1.540470086513644,2.3307342160252107,1.0036747221651996,1.451542482096101,0.9800347013304843,0.05629145337598484,1.3813607742405567,1.2735235913519782,0.8640326814000118,0.013019908951470273
2014-02-19,-1.140973175688773,-1.5185505963438781,2.364606982542179,1.0495807252095382,1.4606288850590237,0.9765582595074634,0.029272573199934013,1.005160789179098,1.1483572158688238,0.3424889114995435,0.09067819852329921
2014-02-20,-1.1772512968570852,-1.5021101947950606,2.3196691122963338,1.1184397297760453,1.4230980902121695,0.9556996085693386,0.006207538144473849,0.6598092983883861,1.0957335278240639,0.2998946929478336,0.11278748953968579
2014-02-21,-1.201623442339092,-1.508960623414232,2.2966356310647944,1.0495807252095382,1.4076907112750396,0.9603348643333659,0.05101992803005725,0.18863928050228465,1.2355137079129317,0.132777825552721,0.1252647270004576
2014-02-24,-1.246859733626853,-1.5130704624942721,2.206759890573104,1.0954867282538767,1.4365301641573593,0.9162999345751027,0.14591623314715282,0.5268494417973534,1.8085935178808505,-0.3317176598803117,0.04420871081854102
2014-02-25,-1.3389400979745025,-1.5212901406543524,2.093850668849875,0.9807217206430308,1.4140116872492465,0.8873295860499286,0.1768889584437955,0.7100030184336807,1.65874908048078,-0.484266971329241,0.04430514849110278
2014-02-26,-1.3325743679956812,-1.4856697932462433,2.1299816198013084,0.9118627160765225,1.4219129072170056,0.8583592375247556,0.07935648843144501,0.2939486632874828,1.7942504995432869,-0.6187947399964521,0.03809795009116489
2014-02-27,-1.3548229582744413,-1.5021101947950606,1.9944905537334314,0.865956713032184,1.388332722354031,0.7865127731823246,0.1017626833742379,0.5651784568833019,1.4002906094015186,-0.88985430803762,0.025561851847119024
2014-02-28,-1.323505146180536,-1.571980594841713,2.0803015622430867,0.8889097145543537,1.4057154062831,0.755224796775137,0.03454490299044387,-0.10061816896833842,1.190573070182431,-1.0789606250144985,0.022397988697216403
2014-03-03,-1.2923156604905457,-1.532250408353564,2.1480470952770254,0.7511917054213382,1.4957893139155503,0.7193015646039219,0.22367786866738312,0.45202519356649745,1.7806624768915298,-1.0422030805837346,-0.11451081029769254
2014-03-04,-1.3013194851960033,-1.5199198458847867,2.249665394827932,0.9807217206430308,1.413221565252471,0.8178007495895123,0.14262122813922945,-0.203013180666427,1.527768092520741,-0.36674123272614495,0.1817849694115452
2014-03-05,-1.3250228526883767,-1.5267702745039582,2.2835381613449,0.9807217206430308,1.3729253434169013,0.7899892150053456,0.15843660862159448,0.4632625589864292,1.5771116242118701,-0.36197358798210766,-0.14140433487316442
2014-03-06,-1.3181536883557354,-1.5856804068513988,2.27653778959806,1.0725337267317079,1.366604367442694,0.8259124471765605,0.23422172380382056,0.7760860459837355,1.81355900130026,0.21676979134838034,-0.10013115205998956
2014-03-07,-1.3249549877632287,-1.580200273001793,2.2758603342677204,1.2102517358647225,1.412036382257307,0.5118738691636784,0.14459774847723483,0.6492736129654246,1.2857466574797085,-1.316518584265564,-0.8821798420293413
2014-03-10,-1.4290425082310392,-1.576090433921753,2.2535043083665207,1.1872987343425536,1.3776660753975563,0.3936748471809695,0.16634510330735808,-0.3357884256610274,1.3529856918290728,-1.7715763623417728,-1.2036539020382588
2014-03-11,-1.4207420109316538,-1.5733508896112787,2.2720214207291316,1.141392731298215,1.3808265633846597,0.20942343056086535,0.1999539934992557,0.33257452522154396,1.1315315719773014,-3.269405949473806,-1.6469065479247644
2014-03-12,-1.4162333120864101,-1.5952703797810448,2.249213757941038,1.0495807252095382,1.3622586964604266,0.2325997093810048,0.35679655365421653,1.1562760745386358,1.4999525762328136,-3.006309838815983,-1.8137949408012832
2014-03-13,-1.3765187578901827,-1.593900085011479,2.249213757941038,0.8889097145543537,1.3464562565249094,0.1422122219824627,0.36931692912865816,0.7797761686255343,1.4301358654922518,-3.6706703423478433,-2.02646942545963
2014-03-14,-1.398462572959645,-1.6185601647203764,2.2266319135963926,0.865956713032184,1.3701599164281855,0.2059469887378444,0.41412931901424155,1.5747460444650778,1.1775435645834784,-1.7125955117808218,-1.9420450173642043
2014-03-17,-1.359218137608529,-1.625410593339548,2.203146795477961,0.9807217206430308,1.3270982676039,0.20942343056086535,0.3739304188064996,1.2091127888479503,0.9410907006307494,-1.0472939471048235,-2.0390278797322163
2014-03-18,-1.358656709591401,-1.6226700038004165,2.2652468674257373,0.9348157175986923,1.3191970476361417,0.208264616619858,0.28232911869732735,0.47609298065424804,0.6685438198202239,-0.0028984458776964315,-2.0421229715943467
2014-03-19,-1.3827253137718405,-1.5432106760527755,2.2652468674257373,1.164345732820384,1.2860119237715546,0.29054040643135187,0.16634510330735808,-1.091871001467094,0.4051066728911035,0.34220832257538225,-1.8139233475931598
2014-03-20,-1.4420651704129501,-1.5130704624942721,2.287828711770383,1.1872987343425536,1.2773205818070201,0.15495917533353923,0.09451383324572266,-1.5719005761330795,0.2602594442190699,0.07931375172530195,-2.1263592904462016
2014-03-21,-1.3570723720661433,-1.5267702745039582,2.2537301268099688,1.0954867282538767,1.3353945485700471,0.2059469887378444,0.130758888332874,-1.6128318164407052,0.23339579900325996,0.0038908253073212783,-2.0009245212628586
2014-03-24,-1.3432266934283543,-1.5514303542128556,2.2772152449283998,1.0725337267317079,1.3112958276683828,0.19435884932777517,-0.03267368183793243,-2.3231274168999896,-0.5299691672255453,-0.08436970009785555,-1.9253148509142217
2014-03-25,-1.344419882203218,-1.5500600594432898,2.287151256440043,1.0954867282538767,1.3278883896006763,0.3334165222486088,-0.03135519716801442,-1.8112545174399413,-0.6151582705470242,0.7372563283130064,-1.4784852319205093
2014-03-26,-1.3441508903180885,-1.544579925593684,2.241987567750752,1.0036747221651996,1.284036618779615,0.24071140696805304,-0.08407527729478034,-1.4655317540042936,-0.4889867138569982,-0.284627061248044,-1.657272909881632
2014-03-27,-1.374930718641735,-1.5267702745039582,2.2684083256339886,0.957768719120861,1.3109007666699946,0.30444617372343474,-0.14140884709938767,-1.3921555988165462,-0.7237735216401129,0.886734868818547,-1.3019367323734177
2014-03-28,-1.393122220304414,-1.5171803015743122,2.2672792334167546,1.0495807252095382,1.3132711326603224,0.4122158702370807,-0.14733921255798252,-1.6337272805292482,-0.5465219562934804,1.2129954786855455,-0.9248185990912868
2014-03-31,-1.402974973528078,-1.528140569273524,2.244697389072109,1.0495807252095382,1.2860119237715546,0.377451452006873,-0.21587547761169454,-1.0976324964199276,-1.2872245441761965,1.0789628704708798,-0.9262267284411596
2014-04-01,-1.3720285676608883,-1.5308801135839982,2.2334064668997864,1.141392731298215,1.2761353988118562,0.3983101029449978,-0.24091783744974118,-1.254928193842802,-1.1339920318020822,0.3773222004984508,-1.12561374757149
2014-04-02,-1.3602213045929799,-1.5117001677247064,2.2221155447274636,1.256157738909061,1.1840861861874665,0.4238040096471509,-0.16908656738810576,-0.5140555674704377,-0.9672286719153379,1.0717123424306616,-0.9838837614045288
2014-04-03,-1.3780154879666149,-1.4774501150861632,2.2221155447274636,1.2102517358647225,1.243740396944045,0.3832455217119076,-0.20928546759584896,-0.41381715040496203,-1.297234748779744,0.4592370132775482,-1.1875496417842732
2014-04-04,-1.3475231601440472,-1.4843005437053347,2.2221155447274636,1.0725337267317079,1.3041847296973996,0.3716573823018374,-0.08539376196469835,0.37191951185133676,-0.6814545247998726,-0.2268930203368944,-0.379839751111448
2014-04-07,-1.284558082592339,-1.5117001677247064,2.130659075131648,1.0036747221651996,1.244135457942433,0.40989824235506706,-0.04914870687754581,1.0145099852842547,-0.6371890295587043,0.18943355933557823,0.0661557952889223
2014-04-08,-1.284558082592339,-1.576090433921753,2.130659075131648,0.957768719120861,1.2812711917908992,0.42612163752916454,-0.04914870687754581,1.1708364747149855,-0.7331703430652013,0.16245561347802343,0.6631818076210616
2014-04-09,-1.2745572604410804,-1.6130800308707707,2.1920816917490846,1.0036747221651996,1.3429007075394177,0.3936748471809695,-0.0702364171504207,0.5968936353310963,-1.232295120333715,-0.1672670469187141,0.496267716261755
2014-04-10,-1.2288483824927472,-1.6267808881091137,2.1469180030597914,0.865956713032184,1.3314439385861674,0.41685112600110896,0.025977568192011816,1.4317151223992886,-0.9901958273173909,0.1959013729144061,0.8434646319215391
2014-04-11,-1.2359100364312607,-1.617190915179468,2.1356270808874687,0.8200507099878455,1.3409254025474782,0.41453349811909534,0.016751393280911298,0.61085230152112,-1.1397858545857367,0.24927512574144636,0.639390977541555
2014-04-14,-1.2343540787837917,-1.5788299782322273,2.0739786458265868,0.865956713032184,1.3543574764926682,0.42843926541117816,0.07276647841559941,0.7266089787476183,-0.8686114947946476,0.1094267333575281,0.6700692257925819
2014-04-15,-1.2809846858063987,-1.5692400053025815,2.0182014902953105,0.8430037115100152,1.410456138263755,0.2916992203723582,-0.10648147223757204,-0.3463117020006303,-1.1316533436531506,-0.759485865031394,0.267197266325321
2014-04-16,-1.2800061969765468,-1.5665004609921072,1.9278741129167267,0.865956713032184,1.4345548591654194,0.37281619624284473,-0.08605260207736562,-0.09803883145288787,-0.7456244073856098,-0.11511122439971239,0.2608465998469221
2014-04-17,-1.2881018655927603,-1.5651301662225414,1.7354767991003421,1.0495807252095382,1.4377153471525232,0.42032756782412994,-0.14997537745323744,-1.0472388851900505,-0.72827206898129,0.02365929008275719,0.8141458529911402
2014-04-18,-1.3338946492667298,-1.5486908099023813,1.791479773075064,1.0495807252095382,1.4337647371686435,0.41453349811909534,-0.18556159242772033,-1.2049336120179517,-0.9372066224864949,0.0038908253073212783,0.639390977541555
2014-04-21,-1.3338946492667298,-1.5486908099023813,1.791479773075064,1.0495807252095382,1.4337647371686435,0.41453349811909534,-0.18556159242772033,-1.5278514379278985,-0.4635799087426595,-0.07505325559138327,0.6749568258037949
2014-04-22,-1.3325348829483226,-1.5541698985233299,1.791479773075064,1.0495807252095382,1.388332722354031,0.4295980793521855,-0.23432782743389438,-0.7735046518866094,-0.6140412131199932,0.8022136691704316,0.2999481271853369
2014-04-23,-1.3373483570028648,-1.5610203271425014,1.8592253061090025,0.9807217206430308,1.3859623563637031,0.4388685908802411,-0.21060395226576695,-0.7518644044731506,-0.3866202854298078,0.38185275307411026,0.6054016993338819
2014-04-24,-1.3523144238594496,-1.5692400053025815,1.88112969512331,0.9807217206430308,1.4377153471525232,0.5605440546859699,-0.16908656738810576,-0.11888280988826737,-0.0882590828204269,0.8008258739820899,0.7698424410855
2014-04-25,-1.3961415925196055,-1.5733508896112787,1.8585478507786626,0.9348157175986923,1.4274437611944366,0.5709733801550327,-0.10186878700431172,0.5058731809893525,0.13452236589260153,0.8937643173815119,0.477414690998602
2014-04-28,-1.4527236653842732,-1.5856804068513988,1.8601285798827882,0.9807217206430308,1.4112462602605313,0.5617028686269772,-0.1137303223660861,0.43373278057880293,0.3096990807914663,0.8410310734067444,0.5536326907016379
2014-04-29,-1.4165923792358257,-1.567870755761673,1.8377725539815886,1.0036747221651996,1.4416659571364026,0.48985640428454624,-0.1328415123009544,0.6176578056726943,0.328900033227552,0.3459257068249837,0.2839520716041567
2014-04-30,-1.4070197230668602,-1.6117107813298621,1.7926088652922976,0.9118627160765225,1.391888271339522,0.38440433565291393,-0.13547767719620935,0.4551246251700033,0.0986489564227465,-0.30485078114745656,-0.0943205132159417
2014-05-01,-1.402014993314176,-1.6062306474802563,1.77002702094765,0.8200507099878455,1.391888271339522,0.3704985683608311,-0.04717138209496054,0.7369005914524371,0.49348249956634443,-1.0551961024381955,-0.017734018516473608
2014-05-02,-1.402014993314176,-1.607600942249822,1.77002702094765,0.7511917054213382,1.425468456202497,0.4829035206385043,-0.04717138209496054,0.3262786190576459,0.11160188131369925,-0.4861949433220723,0.3421465293091642
2014-05-04,-1.402014993314176,-1.6117107813298621,1.77002702094765,0.8200507099878455,1.425468456202497,0.4446626605852757,-0.04717138209496054,0.39827011684526775,0.0019554835882498564,-0.6482466690078027,0.11957841646111277
2014-05-05,-1.402014993314176,-1.6117107813298621,1.7926088652922976,0.8200507099878455,1.425468456202497,0.4446626605852757,-0.04717138209496054,0.5146827606333179,0.0019554835882498564,-0.2504649224922982,0.07261594706316735
2014-05-06,-1.3945856348721362,-1.6596606459780914,1.7476709950464526,0.7741447069435069,1.3788512583927202,0.4527743581723239,-0.05178406732821966,0.5028922013806862,0.05171014063438311,0.3944684582557704,0.1902315601522209
2014-05-07,-1.4310278657685316,-1.6487003782788796,1.7476709950464526,0.7970977084656767,1.373715465413677,0.3959924750629842,-0.18160774730712967,-0.8076446431348077,-0.623793036577404,0.14981914827257478,-0.04095451572350723
2014-05-08,-1.4359227777332504,-1.6199304594899422,1.6347617733232211,0.7741447069435069,1.3745055874104528,0.4655213115234005,-0.18951543754831218,-0.8549666883239037,-0.6205102363612298,-0.09403390696381812,0.16632101428401405
2014-05-09,-1.4474758558087883,-1.5555401932928956,1.3868131224190086,0.7970977084656767,1.3772710143991687,0.5130326831046856,-0.19017427766097944,-0.8589093897491097,-0.7848695379695684,0.391142760382294,0.26280103088653245
2014-05-12,-1.3829091660236035,-1.5555401932928956,1.3868131224190086,0.8889097145543537,1.381616685381436,0.6671549372586095,-0.13547767719620935,-0.5315881467641743,-0.09191306392611469,1.2641005123309623,1.1217115283017978
2014-05-13,-1.3888072449727726,-1.5226604354239182,1.454558655452947,0.7741447069435069,1.3978141863153413,0.6347081469104144,-0.14206768721205493,-0.5437101218947502,-0.17342737754538748,1.0331949733253478,0.7793330734252917
2014-05-14,-1.3922745256939366,-1.532250408353564,1.4994965256987922,0.6134736962883226,1.4408758351396267,0.6914900300197553,-0.06891873692508377,0.6819054304386426,0.24300933389864912,1.6891972646249651,0.800938092827219
2014-05-15,-1.432277814298972,-1.5418403812832098,1.5471442172659944,0.5216616901996455,1.4357400421605833,0.6555667978485392,-0.149316537340569,0.24146253327985903,0.10691522935050926,1.0771565494732698,0.7146505628026607
2014-05-16,-1.4355723479379434,-1.536360247433604,1.5480474910397821,0.567567693243984,1.4815671179735845,0.6613608675535738,-0.15063421756590473,0.23747236620813592,0.10288294394349105,0.835991653359363,0.7313679270867659
2014-05-19,-1.4727068010708417,-1.5432106760527755,1.500399799472578,0.6134736962883226,1.4791967519832567,0.7077134251938517,-0.14799885711523325,-0.07884174571694741,0.26170557309664555,0.22661427310398197,0.8199299063454372
2014-05-20,-1.469626967376882,-1.536360247433604,1.5144005429662577,0.567567693243984,1.4598387630622474,0.6567256117895466,-0.14272652732472219,-0.007122733285870904,0.20432933950342264,0.1253376893561299,0.6456178754402967
2014-05-21,-1.4432645287264627,-1.528140569273524,1.5144005429662577,0.6134736962883226,1.4981596799058774,0.6057377983852414,-0.18556159242772033,-0.7029270251076,-0.0543179070027707,-0.4654454759027494,0.1469566666555563
2014-05-22,-1.446612120397822,-1.5075903286446664,1.5144005429662577,0.659379699332661,1.4811720569751963,0.6497727281435046,-0.14009036242946846,0.052737693553666865,-0.11982103109836292,-0.02797740261152182,0.24162660853214657
2014-05-23,-1.4203496282735293,-1.4884103827853747,1.4701401280507527,0.6134736962883226,1.4535177870880405,0.7088722391348591,-0.1618377172595929,-0.07099524862888106,-0.14997964912562187,0.2650027001292348,0.4351425871560118
2014-05-26,-1.4132336823948974,-1.4938905166349805,1.4927219723953982,0.567567693243984,1.446406689117058,0.7320485179549985,-0.33449565789691754,-1.1323893718194076,-0.6172803334390019,0.13678646765066518,0.7106036876673126
2014-05-27,-1.4132336823948974,-1.4938905166349805,1.4701401280507527,0.567567693243984,1.438505469149299,0.7320485179549985,-0.33449565789691754,-1.1635961039898397,-0.6094499761845692,0.41811192387024665,1.0265570992029822
2014-05-28,-1.377460229488136,-1.4637503030764774,1.4437193701675162,0.38394368106662996,1.4100610772653674,0.7227780064269429,-0.3746945581046608,-1.153419631383379,-0.990187187536274,0.6520607844344862,1.0420154510905764
2014-05-29,-1.3988500199868499,-1.474710570775689,1.3764254740204716,0.40689668258879974,1.445221506121894,0.6486139142024984,-0.39446458815219754,-1.541965201420072,-1.0497156659009803,-0.0024878916048831426,0.49273054689871604
2014-05-30,-1.3942129947376911,-1.491149927095849,1.2759362666867966,0.47575568715530697,1.4148018092460224,0.5999437286802058,-0.46497817798849606,-1.841660508195364,-1.26203535873376,-0.5908814817446236,0.46532614394855837
2014-06-02,-1.4024184811418696,-1.4541603301468315,1.1630270449635671,0.6134736962883226,1.419937602225066,0.7100310530758663,-0.4735447083423458,-0.8639191989012143,-1.2878295793598087,-0.11595076154556445,0.7816037846921691
2014-06-03,-1.4024184811418696,-1.4664898473869517,1.1630270449635671,0.7511917054213382,1.401369735300833,0.6335493329694071,-0.4735447083423458,-0.8639191989012143,-1.2746199986627278,-0.532242589560848,0.5379747635402654
2014-06-04,-1.4301542590957257,-1.4500504910667915,1.1404452006189216,0.7741447069435069,1.4092709552685911,0.5315737061607968,-0.47552203312493346,-0.6303320249254624,-0.9029996646147126,-1.0381505198309728,0.4114265165397781
2014-06-05,-1.395497492684571,-1.491149927095849,1.1856088893082126,0.7282387038991683,1.3839870513717636,0.5280972643377758,-0.4162119429823208,-0.13873832413171397,-0.6980459466804266,-0.6596013179263641,0.19845874832034102
2014-06-06,-1.4152906065807267,-1.4856697932462433,1.253354422342151,0.7511917054213382,1.4148018092460224,0.43770977693923374,-0.4221431128854991,0.26624940295487504,-0.7142426861183203,-0.895282382621656,-0.19512163227750415
2014-06-09,-1.4233591292268815,-1.4527900353772658,1.2759362666867966,0.7970977084656767,1.4677399830300062,0.41800993994211527,-0.4129169379743986,0.37854433217161454,-0.8480223185278919,-1.590353490228127,-0.6747601300572678
2014-06-10,-1.3845872805363375,-1.429500250437934,1.253354422342151,0.8430037115100152,1.4136166262508592,0.4411862187622547,-0.37139955309673855,0.6399159196063049,-0.7022094475377825,-1.0573404784676474,-0.5222344576366253
2014-06-11,-1.37965781915518,-1.433610089517974,1.253354422342151,0.865956713032184,1.4392955911460747,0.413374684178088,-0.3648095430808918,0.6940194581341705,-0.8971924329727213,-0.6574733645640176,-0.7528800866944083
2014-06-12,-1.3880397543647425,-1.4623800083069116,1.2592257018717594,0.7052857023769996,1.5321349257672408,0.36122805683277553,-0.2804578975448159,0.8455657986438534,-0.40360417909497004,-0.9302531169147268,-0.8019463858431157
2014-06-13,-1.3538827205842185,-1.4623800083069116,1.3043893905610504,0.7511917054213382,1.5704558426108708,0.3878807774759349,-0.27979905743214745,0.8874046440561684,-0.3976423189457313,-0.2786211980137315,-0.7431482249066608
2014-06-16,-1.3319944313626042,-1.4774501150861632,1.2592257018717594,0.7741447069435069,1.5811224895673448,0.4295980793521855,-0.27189056274638385,0.8781754687694694,-0.3814552076588141,0.06977487704354879,-0.7511735448355664
2014-06-17,-1.3635861709725583,-1.4555306249163973,1.236643857527114,0.8889097145543537,1.604826149470621,0.4608860557593732,-0.2929790774638386,0.48448364898812524,-0.4614847367592178,0.11552673131935619,-0.5270636955104675
2014-06-18,-1.3806449453391414,-1.4623800083069116,1.236643857527114,0.7741447069435069,1.6139125524335438,0.4620448697003795,-0.28836558778599725,0.47181660607575177,-0.31859427302366433,0.2807858906371639,-0.3844302235084467
2014-06-19,-1.435360115808392,-1.4980003557150205,1.2068358229921805,0.8430037115100152,1.65104828628201,0.49565047398958084,-0.01619865679831785,1.6222278534545278,0.37310599721709464,0.7743510441727872,-0.41110855984858724
2014-06-20,-1.4182593885789907,-1.491149927095849,1.2309983964409514,0.8200507099878455,1.6257643823851817,0.5860379613881229,0.0002763682412955283,1.7193723332455033,0.49070931313062877,1.135343377313047,-0.32099002265317644
2014-06-23,-1.4136297667762117,-1.5062200338751006,1.2309983964409514,0.8200507099878455,1.5890237095351039,0.6532491699665256,0.012138708047650975,1.7420448108128475,1.0756947728007444,1.2733664432478677,-0.19834533572426627
2014-06-24,-1.3973643950799874,-1.4966300609454548,1.2309983964409514,0.7282387038991683,1.5937644415157586,0.657884425730554,0.031249897982520477,1.9940597561318318,1.1352221830457063,1.1171493946545465,-0.18554806841202204
2014-06-25,-1.4156509076378727,-1.5117001677247064,1.2404827710657027,0.6823327008548299,1.5582089516608446,0.7042369833708317,0.03981642833637146,2.0172975689221415,1.293370520138376,1.3723204445413673,-0.03204538131326471
2014-06-26,-1.3892082649850068,-1.5103298729551407,1.2212882033727543,0.5905206947661528,1.5491225486979217,0.7111898670168727,-0.0003824718713717417,0.09117410768844054,1.2323759676044905,1.2159859994571314,0.19395109508488254
2014-06-27,-1.3840246186114795,-1.536360247433604,1.2242238431375574,0.6134736962883226,1.54951760969631,0.7100310530758663,0.018728718063496567,0.10668429709097947,1.5265970511443878,0.6924399836258646,0.3286950779992476
2014-06-30,-1.360628494143864,-1.571980594841713,1.2529027854552592,0.5905206947661528,1.4867029109526275,0.7923068428873592,0.037181067885697604,0.1457016587042538,1.613781402818002,0.7689716029689034,0.24704087105316572
2014-07-01,-1.3574980702329769,-1.5665004609921072,1.2980664741445502,0.7052857023769996,1.4791967519832567,0.7934656568283666,0.06749495306967301,0.2118112844087023,1.709804029501784,0.7493702845235709,0.46669925563992976
2014-07-02,-1.3452219222276867,-1.5473205151328155,1.3883938515231342,0.8430037115100152,1.4531227260896529,0.9348409576312138,0.09583151347105957,0.32872875847969996,1.8062631805237688,1.263831997031794,1.1637273185693928
2014-07-03,-1.3294340728229541,-1.5130704624942721,1.4541070185660532,0.865956713032184,1.4057154062831,0.9684465619204151,0.027954892974597086,0.16552847917044342,1.3931796451811747,1.4081225234204668,1.26957723400627
2014-07-04,-1.3413141364469294,-1.5117001677247064,1.5092067187669893,0.8200507099878455,1.3946536983282378,0.9255704461031582,0.002253693023883187,-0.10098031009225915,1.3319502831858092,1.180594962964432,1.4221959489904419
2014-07-07,-1.3413141364469294,-1.5117001677247064,1.3883938515231342,0.8200507099878455,1.3946536983282378,0.9255704461031582,0.002253693023883187,-0.21012823599023683,1.301447722453885,0.7233607119589177,1.4829272088698773
2014-07-08,-1.3306494719369564,-1.5171803015743122,1.3771029293508115,0.7052857023769996,1.3531722934975043,0.9162999345751027,-0.0010413119840390116,-0.40789788091197743,1.1547176006284454,0.6669508830616685,1.3848667867874846
2014-07-09,-1.3767655394361733,-1.5432106760527755,1.402846231903708,0.6823327008548299,1.3211723526280812,0.8954412836369778,0.05036108791738998,-0.27080782993588803,1.2938891647570883,-0.20481532179755765,1.410321680953744
2014-07-10,-1.3863702772061177,-1.524030730193484,1.4078142376595306,0.6364266978104913,1.2958884487312532,0.9394762133952411,0.1485515935978255,0.7123206075488323,1.323672792999961,-0.14889106627798404,1.7003179952818133
2014-07-11,-1.3765360325984024,-1.5158100068047464,1.3852323933148831,0.5905206947661528,1.2789008258005714,0.9441114691592694,0.13734889834872077,0.8007093067375093,1.2868631038041933,0.10222595459605759,1.6301682700427478
2014-07-14,-1.3423136017081903,-1.5158100068047464,1.4078142376595306,0.6364266978104913,1.2378144819682262,0.8977589115189916,-0.06496408735991084,-0.40309640490785104,0.6357307618249195,-0.14361186862577874,1.3670897331491618
2014-07-15,-1.340512096422461,-1.4884103827853747,1.4694626727204128,0.659379699332661,1.2378144819682262,0.8989177254599978,-0.1269103423977773,-0.7523684925524677,0.5107075946153412,-0.08841157815365659,1.274781953266167
2014-07-16,-1.3553189891818815,-1.465120597846043,1.6049537387882897,0.6364266978104913,1.2646786298586057,0.8178007495895123,-0.10911763713282698,-0.946835982891928,0.5512491022444506,-0.4095356562372323,1.038780103682698
2014-07-17,-1.3760560424914507,-1.4706007316956489,1.7176371420680732,0.45280268563313825,1.2895674727570463,0.8317065168815951,0.0035713732492201147,-0.8514938874507235,0.05531580845977031,-0.5666323929506748,0.9777809525727235
2014-07-18,-1.370349219240424,-1.4706007316956489,1.7964477788308866,0.5216616901996455,1.289172411758658,0.748271913129095,-0.045853701869623606,-1.0765167470478394,-0.1421396636108274,-1.0322321245088366,0.47617275858003855
2014-07-21,-1.3679566721520477,-1.465120597846043,1.7959961419439947,0.49870868867747675,1.2765304598102438,0.7818775174182964,-0.01619865679831785,0.28929429427954584,-0.0887421744075177,-0.61297370341413,0.3781733886536357
2014-07-22,-1.3292724309103305,-1.4349803842875397,1.7282506089100562,0.47575568715530697,1.3069501566861155,0.8027361683564221,-0.06628257202982885,0.36306404451181873,-0.29502876941217654,-0.50802795255612,0.4231912486873865
2014-07-23,-1.3332665902321843,-1.4308705452074997,1.784705219771672,0.47575568715530697,1.3215674136264688,0.8004185404744075,-0.0768264271662663,0.1915020449067358,-0.35171043782995676,-0.08963193968642953,0.28575814551538103
2014-07-24,-1.299554997142173,-1.4226498218187624,1.784705219771672,0.567567693243984,1.2792958867989597,0.9383173994542348,-0.16842772727543848,-1.026412345436691,-0.5072620846358958,0.5764284516109168,0.6480554635462427
2014-07-25,-1.2681335367989512,-1.4007303316489965,1.7268956982493766,0.47575568715530697,1.3231476576200207,0.878059074521873,-0.08605260207736562,-0.24366199149515066,-0.31710914358639003,0.7087725952159097,0.48450026573945526
2014-07-28,-1.189119021403761,-1.4007303316489965,1.7273473351362705,0.5216616901996455,1.3156414986506502,0.885011958167915,-0.08473411740744762,-0.4118060805758142,-0.36753713275795735,0.5614812097700398,0.2730762709198214
2014-07-29,-1.172803059490609,-1.376070251940099,1.7481226319333445,0.45280268563313825,1.3267032066055124,0.8282300750585742,-0.11768416748667676,-0.3114220905468255,-0.5542681250336021,0.14133547238946248,0.11439387544872597
2014-07-30,-1.1791157314370424,-1.3473003331511615,1.77070447627799,0.6823327008548299,1.3065550956877274,0.8908060278729496,-0.14009036242946846,-0.38303296616750226,-0.7027872671182618,0.4913465240838926,-0.09910772109581456
2014-07-31,-1.1454411555789286,-1.3418201993015557,1.7142498654163763,0.7052857023769996,1.2461107629343726,0.8676297490528112,-0.22971433775605418,-0.3751229122212828,-0.773155173308104,-0.37038060920293564,-0.25047532312560256
2014-08-01,-1.173310195567619,-1.3637396894713216,1.6948294792799798,0.567567693243984,1.18724667417457,0.8317065168815951,-0.1486576972279005,-0.37948056691024123,-0.4558122118472739,-0.2435022132751185,-0.23330088890593065
2014-08-04,-1.1166244744536356,-1.3596298503912816,1.6860225599855683,0.5446146917218143,1.1943577721455525,0.9000765394010052,-0.1875389172103068,-0.6210422782880684,-0.5722184135614271,0.08421919620174519,-0.04937450925285038
2014-08-05,-1.1154029058009831,-1.3336005211414756,1.6964102083841053,0.49870868867747675,1.1623578312761296,0.8085302380614567,-0.21192163249110388,-0.5717298528204905,-0.6355926317539342,-0.10195346955092899,-0.27106569917425205
2014-08-06,-1.118245829210792,-1.34455974361203,1.6708927242746547,0.49870868867747675,1.2156910660585016,0.7169839367219073,-0.06232872690923818,0.467280436601389,-0.3395204383156235,-0.9222611404117136,-0.46279231483338373
2014-08-07,-1.1634895239449332,-1.3336005211414756,1.6934745686193022,0.3609906795444612,1.2097651510826821,0.7413190294830541,-0.03530904228860509,1.1853954742018835,-0.5453303375726097,-0.6711926761325508,-0.5128875357745668
2014-08-08,-1.1524818330860338,-1.3514101722312015,1.7271215166928244,0.38394368106662996,1.1836911251890785,0.7366837737190258,-0.0478302222076278,0.6074295139402549,-0.5499054983392575,-0.5064144503110948,-0.5374401335967164
2014-08-11,-1.1038683363413944,-1.34044990453199,1.7503808163678098,0.38394368106662996,1.1880367961713456,0.7390014016010394,-0.05046638710288273,0.8307163586249978,0.039743775946627306,-0.8532870414016719,-0.4094524880302996
2014-08-12,-1.1101193129013303,-1.33634006545195,1.7503808163678098,0.42984968411096847,1.117320877459905,0.6961252857837825,-0.04848906232029627,0.9939371319506849,0.23433349257784133,-0.6016432249033964,-0.5282668225605146
2014-08-13,-1.1143195348140862,-1.322640253442264,1.690538928854497,0.3609906795444612,1.1406294763647928,0.6022613565622205,-0.022129022256913905,0.23785463875195048,0.25982157978162584,-0.6218269057799735,-0.5690152274517456
2014-08-14,-1.1414136807483666,-1.3240105482118298,1.5889206293035902,0.2921316749779529,1.0963826445453442,0.5547499849809353,-0.014880172128398657,0.11894856908620696,-0.05923325676521968,-1.0103321810242054,-0.735219111353467
2014-08-15,-1.1079562726507246,-1.3473003331511615,1.5667904218458366,0.1544136658449373,1.0955925225485679,0.5825615195651019,-0.0768264271662663,-0.17667161957993252,-0.09724576862711941,-0.8344725952227181,-0.437288440380306
2014-08-18,-1.0796985517270994,-1.3253797977527384,1.600889006806253,0.2691786734557841,1.026061786832291,0.5987849147391995,-0.12163881705184969,-0.4292165898411329,-0.32034906693990783,-0.7585909709880184,-0.4828865138118422
2014-08-19,-1.0760153371531938,-1.2842803617236807,1.6616341680933513,0.2921316749779529,1.0406790437726443,0.5570676128629489,-0.13877268220413272,-0.5435036067950033,-0.2227554279619288,-0.7567136732945732,-0.6525984606451712
2014-08-20,-1.0879348858245275,-1.23358990753632,1.6844418308814428,0.3609906795444612,1.0477901417436275,0.748271913129095,-0.14997537745323744,-0.7659934135164619,-0.22501437440044905,0.8128874601969989,-0.12343672903768313
2014-08-21,-1.096632701412957,-1.247289719546006,1.6819578280035314,0.3150846765001227,1.0620123376855934,0.744795471306074,-0.27979905743214745,-1.5825797021563424,-0.34412493155047946,1.0638315799858813,-0.5005203938757559
2014-08-22,-1.0801476941408021,-1.2212603902961998,1.6927971132889623,0.2921316749779529,1.0545061787162227,0.8120066798844777,-0.24750784746558677,-1.0280696294257408,-0.4923500681112246,1.2786424637768528,-0.1596074882549788
2014-08-25,-1.111614809070032,-1.1924894262786052,1.6846676493248887,0.2691786734557841,1.0703086186517399,0.8444534702326717,-0.25607437781943654,-0.8146452470598237,-0.522169512438573,1.3657141746951014,-0.09048934737132562
2014-08-26,-1.1461235065535922,-1.1787896142689194,1.6706669058312087,0.2691786734557841,1.070703679650128,0.7784010755952754,-0.21323931271643962,-0.4535502083738048,-0.29409193190005356,1.237936070564749,-0.11658882667863162
2014-08-27,-1.1368321813470554,-1.2089298278274225,1.6363425024273466,0.2232726704114456,1.0667530696662488,0.7505895410111096,-0.22576049263546352,-0.4621275824000449,-0.26476529069475274,0.016477999769976867,-0.3597398307755876
2014-08-28,-1.1631144159950277,-1.202079399208251,1.6236966695943442,0.1544136658449373,1.0789999606162743,0.654407983907533,-0.1809489071944612,0.6048080033341784,0.1460096482906348,-0.48724031700385173,-0.5588241080706905
2014-08-29,-1.123128402098211,-1.1650898022592333,1.6478592430431174,0.17736666736710707,1.0951974615501803,0.6752666348456577,-0.20005929268474842,0.2875616606734113,-0.16061482239261324,-0.7323942206151172,-0.4069327461924407
2014-09-01,-1.0436894224439182,-1.1322100443902559,1.6577952545547605,0.3380376780222914,1.0592469106968774,0.6683137511996158,-0.34569915759060454,-0.552789269858952,-0.4881048850062076,-0.9404281882699562,-0.6063812819492951
2014-09-02,-1.0436894224439182,-1.1322100443902559,1.6769898222477089,0.3380376780222914,1.0592469106968774,0.6683137511996158,-0.34569915759060454,-0.8113762098855235,-0.4146529177734083,-0.591569131260367,-0.363930036474785
2014-09-03,-1.0133895842272223,-1.148649400710416,1.7108625887646791,0.3150846765001227,1.0857159975888695,0.6092142402082614,-0.3114306228414574,-0.5266507486557486,-0.7553773206949072,-0.763685781710576,-0.27893815457229837
2014-09-04,-0.9875392172847333,-1.0184996187754143,1.7501549979243618,0.40689668258879974,1.0987530105356713,0.6648373093765948,-0.33647298267950404,-0.9485007421693559,-0.9095730216949113,0.061262758145561064,-0.19168122363262408
2014-09-05,-0.9586953901893814,-1.0267192969354944,1.7758983004772584,0.42984968411096847,1.0315926408097222,0.7077134251938517,-0.3318594930016626,-0.8061002901801645,-0.859290342865424,0.18187179551615615,-0.060724400483290995
2014-09-08,-0.9548752118574507,-0.9623290307384479,1.7623491938704723,0.47575568715530697,1.0323827628064979,0.7042369833708317,-0.45706968330273245,-0.6935028284520102,-1.2287689272858249,0.20112885219080207,-0.07668076378992339
2014-09-09,-0.9548752118574507,-0.9554796473479336,1.7623491938704723,0.5216616901996455,0.9750989180402467,0.5512735431579143,-0.45706968330273245,-0.6935028284520102,-1.2344428692504952,-0.6387233913130436,-0.38266676062722
2014-09-10,-0.9651820431257373,-0.9595894864279736,1.777253211137938,0.6134736962883226,0.9031978163336422,0.5721321940960391,-0.4788170381328557,-1.0364834707695163,-1.3751281086552716,-0.20137136487386503,-0.06546632601494795
2014-09-11,-0.9751507836760177,-0.9527390578088021,1.777930666468278,0.6134736962883226,0.909518792307849,0.5304148922197895,-0.5190159383405989,-1.1334361944124238,-1.516314795718626,-0.7345127670149069,-0.04963487869261405
2014-09-12,-0.949937113122184,-0.9609597811975393,1.7454128106119873,0.7970977084656767,0.9051731213255817,0.5640204965089908,-0.5684410134594414,-1.467231030395687,-1.489380393153998,-0.7808263009104941,-0.03304147581656552
2014-09-15,-0.9472496620863486,-0.9582191916584079,1.70115239569648,0.7511917054213382,0.9099138533062371,0.5165091249277056,-0.5440582981786455,-0.5496725977792293,-1.2869999722126408,-1.0217899275538107,-0.21212957176952718
2014-09-16,-1.0265442745362385,-0.984249566136871,1.7095076781039995,0.7511917054213382,0.947839709151479,0.6996017276068035,-0.5335144430422081,-0.4834271372699759,-1.2053422980707604,0.8315620151393819,0.42230201716004157
2014-09-17,-1.0086945653147559,-0.8979398097700585,1.5681453325065162,0.7970977084656767,0.9600866001015051,0.6497727281435046,-0.5387859683881356,-0.3809118738891758,-1.1888468261148435,0.4358706265158499,-0.25213595338783473
2014-09-18,-0.9941813425950633,-0.9499995134983277,1.4394288197420335,0.8200507099878455,0.9253212322433663,0.5373677758658314,-0.596119538192743,-0.49124655114640764,-0.982852252681747,0.04280089527301264,-0.5524799568538716
2014-09-19,-0.9694772759336996,-0.8842389525317155,1.1847056155344269,0.7282387038991683,0.9225558052546509,0.5315737061607968,-0.6646549988018727,-0.6159406087774121,-1.2899130006757695,-0.17684154154242757,-0.7467104313668431
2014-09-22,-1.0320783507050713,-0.9020496488500985,1.1395419268451359,0.6823327008548299,0.8680373874771156,0.4087394284140597,-0.6547699837781049,-0.7061641639814149,-1.2342843871450304,-0.6003884270995067,-1.1656497539572677
2014-09-23,-0.9997339273798461,-0.9034188983910071,1.0946040565992898,0.6134736962883226,0.8482843375577186,0.4006277308270115,-0.6270922634893844,-0.5965930490323836,-1.27459067506546,-1.63063345566162,-1.017245372682583
2014-09-24,-0.9475322269565075,-0.8499888998931722,1.2106747365307713,0.6823327008548299,0.8348522636125285,0.44350384664426834,-0.6429084484163305,-0.6638936528633581,-1.286605093724956,-1.1315207850658355,-0.8264815555374518
2014-09-25,-0.9523913555970576,-0.8294397044929719,1.1203473591521873,0.567567693243984,0.8613213505045205,0.39019840535794853,-0.6257745832640487,-0.19266179540677644,-1.3644890094779203,-0.8189069520795602,-0.7180084143249706
2014-09-26,-0.9485822824346968,-0.7691592773759653,1.135477194863099,0.6134736962883226,0.856580618523865,0.3994689168860041,-0.6725634934876363,-0.05411194905725823,-1.4524024281375576,-0.7352809163135906,-0.7481458525125588
2014-09-28,-0.9297948033384517,-0.7760097059951369,1.1659626847283722,0.5216616901996455,0.8810744004239175,0.4516155442313176,-0.6501572985448458,0.026559149888046307,-0.9535997314620167,0.24798277919538195,-0.5842870499423659
2014-09-29,-0.9297948033384517,-0.7760097059951369,1.097765514807541,0.5216616901996455,0.8810744004239175,0.4516155442313176,-0.6501572985448458,-0.15111240665397702,-0.9535997314620167,0.29449713793840937,-0.5842870499423659
2014-09-30,-0.918924076237577,-0.7280587961182505,1.0749578520194485,0.567567693243984,0.8403831175899598,0.3380517780126361,-0.6962873686557661,-0.34626888883914414,-1.1994424860383843,-0.593493877271307,-0.7421308977539041
2014-10-01,-0.8746884841188056,-0.7239489570382105,1.0988946070247725,0.3380376780222914,0.83643250760608,0.4041041726500324,-0.730555098960331,-0.6752568548119428,-1.2317752410427922,0.08326479971587523,-0.7072683913087433
2014-10-02,-0.8746884841188056,-0.7746394112255711,1.0988946070247725,0.38394368106662996,0.7068525001348366,0.3171931270745113,-0.730555098960331,-0.37730205966898717,-1.2454617243051693,-0.4651193679060432,-1.062536170175932
2014-10-03,-0.8746884841188056,-0.6253086382026206,1.0988946070247725,0.3609906795444612,0.6874945112138272,0.3171931270745113,-0.730555098960331,-0.5204197660933636,-0.8685583464019534,-0.7567385581137667,-1.0534144291886187
2014-10-06,-0.8746884841188056,-0.7595693044463195,1.0988946070247725,0.3609906795444612,0.6815685962380085,0.4029453587090251,-0.730555098960331,-0.5204197660933636,-0.8685583464019534,-0.2715094686899709,-0.4006098718513481
2014-10-07,-0.8746884841188056,-0.7650494382959253,1.0988946070247725,0.20031966888927583,0.691445121197707,0.41105705629607436,-0.730555098960331,-0.22489149792084775,-0.8019212426481775,0.42372174730368695,-0.4353680377541587
2014-10-08,-0.8746884841188056,-0.8157388472546289,1.0988946070247725,0.17736666736710707,0.6657661563024907,0.3287812664845805,-0.730555098960331,-0.0031361766174585496,-0.6778101684683341,-0.4252018476111237,-0.5531439300611773
2014-10-09,-0.8658845524656005,-0.7855996789247828,1.1178633562742761,0.1544136658449373,0.6744574982670253,0.39019840535794853,-0.603368388321257,0.8234727006246537,-0.11593143273410662,0.42498187013109134,-0.47189465234192113
2014-10-10,-0.8887500966093361,-0.7321686351982906,1.1442841141575104,0.08555466127843002,0.6029514575588083,0.4017865447680188,-0.6270922634893844,0.6692870493249101,-0.2693004769544641,0.49182171851581774,-0.30707387697138766
2014-10-11,-0.9052202969887322,-0.7979291961649029,1.1067982525453992,-0.1439753539432626,0.5697663336942214,0.41453349811909534,-0.5723948585800333,1.0247751363506075,-0.12806511263225817,0.06991595638345784,-0.7713067237399311
2014-10-13,-0.9052202969887322,-0.7979291961649029,1.104088431224041,-0.1439753539432626,0.5697663336942214,0.41453349811909534,-0.5723948585800333,1.0247751363506075,-0.11131344263127031,0.023675552393362876,-0.6375910695498905
2014-10-14,-0.9182997189262209,-0.7444991976670678,0.8922707312712621,-0.1439753539432626,0.5120874279295825,0.5292560782787822,-0.5440582981786455,1.2089394429876856,0.1634126307051912,1.1582952325327784,-0.0037951224483213897
2014-10-15,-0.8959141648894362,-0.8362890878834862,0.7116159765140941,-0.2816933630762782,0.4196431543068047,0.341528219835657,-0.47486319301226504,0.8188792031671627,0.6115328765362052,-0.27391808512261756,-0.5201628662368626
2014-10-16,-0.9286349300722967,-0.8568393285123437,0.6892599506128946,-0.23578736003193967,0.4196431543068047,0.27779345308027537,-0.49858706818039245,0.8213028193002372,0.5019081376497037,-0.7026944641764056,-0.3589151297938436
2014-10-17,-0.9424744391714354,-0.8308089540338804,0.687905039952216,-0.12102235242109284,0.4690257791052971,0.3287812664845805,-0.5130847684374218,0.3748049809011413,0.3640231976208242,-0.4838916814592769,-0.1884969855872038
2014-10-20,-0.9156258408754153,-0.8636897571315152,0.5368325012865346,-0.16692835546543136,0.4354455942423225,0.29285803431336555,-0.47552203312493346,0.6141656635342454,0.537397672522212,-0.6882330018614959,-0.4136636547477028
2014-10-21,-0.947713611392811,-0.8143695977137203,0.5101859249598523,-0.09806935089892409,0.4650751691214179,0.3855631495939213,-0.42939196301401317,0.7250041492451751,0.6298311478204551,-0.8003807406253065,0.005787971988296903
2014-10-22,-0.9691009340760643,-0.7554594653662795,0.6470319016884067,-0.05216334785458556,0.5128775499263583,0.36122805683277553,-0.4702497033344236,0.025912595212529765,0.6527927256837527,0.11712205998619615,-0.09136277503457146
2014-10-23,-1.0053013190573883,-0.7417596533565936,0.6874534030653231,0.03964865823409149,0.49549486599728904,0.413374684178088,-0.5776671883705419,-0.5025080249493417,0.23067533534911255,0.7903760303935853,-0.09054882210428825
2014-10-24,-1.0082565280706233,-0.7568287149071881,0.6660006509379093,0.03964865823409149,0.49786523198761673,0.41569231206010165,-0.5598744831055916,-0.2991268388517417,0.2882763473302847,0.504355163699861,-0.0838968808504595
2014-10-27,-1.0199823532283543,-0.7883392232352571,0.607965310972169,-0.006257344810247034,0.48364303604565095,0.46899775334642146,-0.5737133432499513,-0.6214460449084704,0.39510859638615986,1.0234266813315211,0.4011662142336234
2014-10-28,-0.9508970933360859,-0.8006687404753772,0.5329935877479447,0.06260165975626025,0.4808776090569351,0.5362089619248241,-0.5730545031372828,-0.9027160597010434,0.5110440567322728,0.8643435036298999,0.4009290686671371
2014-10-29,-0.9053424538539974,-0.726689546577342,0.47699061377322277,0.1544136658449373,0.533815782840919,0.5628616825679835,-0.6053449086592613,-0.8532828164999707,0.40545098503089283,1.15958115360552,0.7379528458648104
2014-10-30,-0.8846214413449176,-0.699288877329313,0.5926096568178105,0.10850766280059877,0.4781121820682198,0.4620448697003795,-0.7780036537411682,-1.2805698199909146,-0.15916153545588813,0.2807858906371639,0.44299632018820806
2014-10-31,-0.8500535162903198,-0.5992793089528146,0.5634790776132169,0.17736666736710707,0.425569069282624,0.4295980793521855,-0.9559339241690039,-2.5230476519964817,-0.7410125063377668,0.08297768570124914,0.0962347518508295
2014-11-03,-0.8350862155260044,-0.5403691766053739,0.43882729683077076,0.20031966888927583,0.4544085221649437,0.4724741951694424,-0.9671366194181086,-2.51055189577396,-0.7776465152195147,0.02351412348437279,0.19649973498129666
2014-11-04,-0.8418134804697013,-0.5855784517144715,0.3044653229801275,0.17736666736710707,0.3445815646130967,0.36354568471478915,-0.9803166394497997,-2.5985403840173866,-0.8207465871366899,-0.9615949012319019,0.12074803766161367
2014-11-05,-0.8572854494955666,-0.5225584802869907,0.2378488821634217,0.20031966888927583,0.3746062004905797,0.3380517780126361,-1.1252968597984077,-3.329952694036012,-1.6838626058044524,-1.2485279656100603,-0.13176945311656743
2014-11-06,-0.847875669146955,-0.4444684020802583,0.2617856371687468,0.2691786734557841,0.3430013206195447,0.35775161500975455,-1.1457257299586128,-2.4073890726837477,-1.6781790151071534,-0.5853850872814993,-0.10807400242244979
2014-11-07,-0.8667655625847857,-0.4951588562676189,0.12810111864844234,0.10850766280059877,0.387248152438994,0.4064218005320461,-0.9658189391927728,-0.06925678873105968,-1.2654209351373324,-0.12766105219947402,-0.00419610141385697
2014-11-10,-0.7940168306422907,-0.4718690713282872,0.015417715368658816,0.24622567193361436,0.37539632248735594,0.36818094047881744,-1.0317190393512288,-0.43575431012172955,-1.4767140154385514,-0.5845200598449808,-0.11453070568894919
2014-11-11,-0.8332908797789249,-0.5102289630468706,-0.01868086959175636,0.2232726704114456,0.29796436680331967,0.4017865447680188,-1.010630524633774,-0.20654763189876277,-1.494738753805909,0.22300086067563982,-0.3426821520400783
2014-11-12,-0.7847292071589435,-0.47049877655872147,0.11206800916374396,0.2232726704114456,0.277421194887147,0.38092789382989295,-1.0363317245844892,0.6053015833207556,-1.7828001768000616,0.2504581921940763,0.13407633537671074
2014-11-13,-0.809919433465909,-0.4910490171875789,0.19426592257825528,0.17736666736710707,0.17154484731917913,0.31024024342846934,-1.021834024327461,0.8464658510517691,-1.666520318861068,-0.26856244726050577,0.1146780117677243
2014-11-14,-0.8079081638660875,-0.5102289630468706,0.316659518926236,0.10850766280059877,0.16245844435625695,0.4238040096471509,-0.8643326240598317,0.6765737884638968,-1.122007644025934,0.10287960636508152,0.29675040806299446
2014-11-17,-0.8119652524821691,-0.45542866977946983,0.3489515563390797,0.1544136658449373,0.1367794794610407,0.4087394284140597,-0.8775126440915229,1.0385758814780488,-1.2776571121542852,0.23612638194879698,0.3594300700686413
2014-11-18,-0.8361350370964633,-0.503378534427699,0.22723541532143876,0.10850766280059877,0.15139673640139462,0.3229871967795459,-0.7872298286522686,1.5018516395938646,-1.1314206041147825,-0.44515403156084504,-0.16208465071032008
2014-11-19,-0.8351368057429327,-0.49378856149805317,0.2462041645709413,0.20031966888927583,0.15060661440461834,0.41800993994211527,-0.8076586988124739,1.542554082188115,-1.0723511853082754,0.2158345507604317,0.1842871255141468
2014-11-20,-0.8408066117620605,-0.5020092848867904,0.32907953331579143,0.1544136658449373,0.16640905434013611,0.36586331259680277,-0.8267698887473446,1.3128802651390645,-0.8032087118858678,0.325043410796116,-0.11789672499102094
2014-11-21,-0.7903990131780722,-0.4033689660512006,0.3274988042116669,0.08555466127843002,0.2292237530838185,0.3983101029449978,-0.78195749886176,0.541405646392121,-0.7149575506749479,-0.14093506657624813,-0.030935638281434967
2014-11-24,-0.7200946524486115,-0.42528845622096656,-0.06700601648929842,0.06260165975626025,0.245816315016112,0.3392105919536434,-0.7951375188934512,0.5423262580962755,-0.7140594970656545,-0.3919339647814168,-0.3523886820069691
2014-11-25,-0.6640098443991147,-0.45679896454903557,0.03438646461816135,-0.006257344810247034,0.16680411533852424,0.2592524300241642,-0.7845936637570138,0.014119850028837344,-0.6823052021708884,-0.36342209358597594,-0.7663182006816324
2014-11-26,-0.6294024342971579,-0.499268695347659,0.03709628593951957,-0.07511634937675432,0.1577177123756015,0.23491733726301844,-0.7878886687649383,0.12661222957523846,-0.5916733557060833,-1.0370771921250395,-0.9074884155389908
2014-11-27,-0.5468342646397061,-0.3965185374320291,0.04048356259121659,-0.2128343585097699,-0.05956583673776482,-0.013068846112468441,-0.9289150439929519,-0.6751356622500583,-0.5004617517342547,-2.166571381011032,-1.3424350389421982
2014-11-28,-0.5468342646397061,-0.3965185374320291,0.0418384732518952,-0.2128343585097699,-0.05956583673776482,-0.013068846112468441,-0.9289150439929519,-0.964460365467744,0.0869351763756098,-2.3415466663843754,-1.255273827019905
2014-12-01,-0.5422663382234245,-0.45268912546899553,0.01835335513346297,-0.12102235242109284,-0.09986205857333441,0.11324187345728863,-0.6468622935369224,0.9684302880244772,1.0754840935181862,-1.2953698345800402,-1.0088156239266066
2014-12-02,-0.4341710854487318,-0.35678835094387995,0.11048728005961841,0.01669565671192172,-0.08959047261524837,0.09470085040117748,-0.7707548036126552,0.08742111017486105,0.7035380172676121,-0.9532148926744176,-0.7621309927777506
2014-12-03,-0.37633412842270336,-0.3143186201452566,0.26517291382044383,0.03964865823409149,-0.12909657245404224,0.04487185093787864,-0.7094673886874562,0.5102432268789358,1.4269197174236283,-1.1054160529438513,-0.835972104950462
2014-12-04,-0.22710039193141904,-0.3499389675533656,0.35437119898179514,-0.05216334785458556,-0.1942816371880518,0.14337103592347003,-0.7160573987033018,1.4156958805985105,1.4785533717360138,0.951250892762362,-0.6043589021307606
2014-12-05,-0.24115706879102894,-0.2636281659578959,0.6086427663025088,0.08555466127843002,-0.21324456511067302,0.12019475710333058,-0.8307237338679341,0.6513715736483727,0.4512605007523935,0.8109012531393854,-0.80758132636098
2014-12-08,-0.10618483784252741,-0.303358352446045,0.6445478988104955,-0.029210346332416808,-0.30647896073022657,0.07847745522708101,-0.800409848683961,-0.990663500894579,0.7822161432772937,-0.2026914994289022,-0.8221946403785555
2014-12-09,-0.2843031203842518,-0.3513082170942742,0.5573819796401627,-0.12102235242109284,-0.28791109380599345,0.17118257050763674,-0.5578971583230051,1.3873003079169892,1.5305980633436722,0.45962460085205,-0.6473486332650996
2014-12-10,-0.11643120763204616,-0.40884909990080637,0.462312414949203,-0.2128343585097699,-0.39813311235622834,0.09470085040117748,-0.5750310234752882,0.8682759728829084,1.5649002234814957,0.3030240870709065,-0.8105868402024862
2014-12-11,-0.1296710375744289,-0.3554180561743142,0.5009273687785479,-0.18988135698760114,-0.38509609940942646,0.15959443109756652,-0.6000733833133336,0.7492910536421704,1.4277052678966973,0.09986722330090135,-0.4219728292232708
2014-12-12,-0.11512573325375726,-0.3965185374320291,0.5530914292146799,-0.39645837068712403,-0.4633181770902382,0.1850883377997196,-0.62050225347354,1.3805804118191374,0.8070109326581802,0.389114095647788,-0.6686422823209686
2014-12-15,-0.07247201084478558,-0.3828187254223432,0.6212885991355102,-0.35055236764278547,-0.48623171499673856,0.059936432170969854,-0.7180347234858894,0.5369844282535778,0.5273407997377962,-0.10685718250154203,-0.9880052856789282
2014-12-16,0.000841850838027213,-0.4280290457600981,0.5551237952056983,-0.4653173752536323,-0.5190217778629377,0.012425060589684647,-0.8056813740298886,-1.5792686792278237,-0.06477184396367669,-0.9314674474666192,-0.8886365869082878
2014-12-17,0.04436424428888619,-0.2910288352059249,0.5223801209059608,-0.30464636459844696,-0.5356143397952309,0.03560133940982307,-0.8030452091346337,-1.4565818980075014,0.011234789383649961,-0.3482670921590544,-1.0835937779329459
2014-12-18,0.05831357117599024,-0.27595872842667324,0.5758990920027723,-0.12102235242109284,-0.5763056226291886,-0.003798334584412867,-0.800409848683961,-1.2841150862233681,0.08325741262072242,-0.9604196759315607,-1.05477739219485
2014-12-19,0.10315131026697692,-0.2266385690088783,0.4611833227319703,-0.23578736003193967,-0.5739352566388612,0.07152457158103906,-0.7925013539981963,-1.1057120207415296,-0.03870381583724947,-0.6638327839871415,-0.9258268467542764
2014-12-22,0.07966634444280576,-0.20334878406954657,0.44402112103003927,-0.23578736003193967,-0.5960586725485856,0.04487185093787864,-0.8992599989216461,-1.1790975666157688,-0.34728248085555813,-0.08634123391210538,-0.8392095514479346
2014-12-23,-0.021219185465780038,-0.16361859758139746,0.34782246412184803,-0.029210346332416808,-0.5660340366711023,0.032124897586803126,-0.9111215342834205,-0.6949537662404188,-0.4205935685728457,0.12273030390820208,-0.6508783988982676
2014-12-24,-0.09683428506495251,-0.17594811482151762,0.20578266319402497,-0.006257344810247034,-0.5818364766066199,0.004313363002636404,-0.9401177392420578,-0.9021999168976741,-0.505424376509222,-0.18419818078593428,-0.6635457620579215
2014-12-25,0.13495774982194325,-0.16772843666143752,0.2803027495313565,-0.05216334785458556,-0.5798611716146802,-0.08839175227791934,-0.7964551991187881,0.022793832108571728,0.44025249041774966,-0.507668889128226,-0.2121569522619327
2014-12-26,0.13495774982194325,-0.16772843666143752,0.28798057660853627,-0.05216334785458556,-0.5798611716146802,-0.08839175227791934,-0.7964551991187881,-0.029034895527043567,0.44025249041774966,-0.9523014437561405,-0.2121569522619327
2014-12-29,0.13593130302087494,-0.14580790126301435,0.25952745273428246,-0.12102235242109284,-0.6138364174760429,-0.0744859849858365,-0.8860799788899562,0.08438194995365877,-0.7781104405838859,-0.7126376854286942,-0.5466273295808944
2014-12-30,0.11746957556533737,-0.1732085705110433,0.25952745273428246,-0.16692835546543136,-0.7031202031117171,-0.017704101876495716,-0.7641647935968086,0.9741788677032662,0.017659958631204536,-0.29581459188651305,-0.32052837520695304
2014-12-31,0.20010067451701607,-0.13484867879245996,0.26088236339496107,-0.23578736003193967,-0.7161572160585189,-0.08375649651389207,-0.8715814741883458,0.4543635544930096,-0.5327263402459224,-0.5280409256618288,-0.3724637954248658
2015-01-01,0.3375604634491006,-0.023877797488092767,0.2757863806624268,-0.5341763798201395,-0.7118115450762517,-0.10229751957000321,-0.7397812738714316,0.3682791827159397,-0.08143795878526364,-0.08128825826198312,-0.7179752341685751
2015-01-02,0.3375604634491006,-0.023877797488092767,0.2757863806624268,-0.5341763798201395,-0.7118115450762517,-0.10229751957000321,-0.7397812738714316,0.3682791827159397,0.29719016422666966,-0.08128825826198312,-0.6507211583162446
2015-01-04,0.3375604634491006,0.01722163854096489,0.2757863806624268,-0.5341763798201395,-0.8816877743830654,-0.22165535549371837,-0.7397812738714316,0.9666740690765664,0.19602131010017895,-0.8956762092734507,-0.8901165257561381
2015-01-05,0.3375604634491006,0.01722163854096489,0.268108553585248,-0.5341763798201395,-0.8816877743830654,-0.22165535549371837,-0.7397812738714316,0.1560100311472607,-0.5861263121597972,-1.2320515092112965,-1.154771047411577
2015-01-06,0.37071926587609383,0.03366204008978226,0.29114203481678635,-0.6948473904753244,-0.9196136302283077,-0.21933772761170472,-0.6382949587384892,1.5404401535674141,-0.2069065669943162,-0.8260173817231893,-0.9299527626255913
2015-01-07,0.36665847553682285,0.08709203858761724,0.3035620492063418,-0.7178003919974937,-0.961490096057429,-0.23903756460882217,-0.6956285285430965,0.2841540108198796,-0.3114250256706059,-0.8354871933272301,-1.1741189547262987
2015-01-08,0.27863396589752537,0.15285259955422956,0.3051427783104673,-0.5571293813423094,-0.9468728391170753,-0.21354365790667013,-0.7101262288001245,0.18982132565434465,-0.29307440653696953,-0.6789929864631667,-1.169656402016319
2015-01-09,0.2619959540668564,0.09394246720678877,0.2900129425995537,-0.6718943889531552,-1.0175887578285163,-0.24830807613687775,-0.6600423135686136,0.5157040604074742,0.18534321117757574,-0.1627629550172139,-0.9172803014869998
2015-01-12,0.22001964700162735,0.09942260105639457,0.2952067667988232,-0.8096123980861708,-1.0468232717092238,-0.31551928471528146,-0.5499894680818226,1.2317886973376637,0.8401240487257743,-0.5830203140964952,-0.9842552269199435
2015-01-13,0.2424755337790195,0.14463187616549228,0.174393899554967,-0.83256539960834,-1.1167490684238888,-0.5044059570994128,-0.5394448085008041,0.6319318470932215,0.865941131799945,-1.777935853546065,-1.6273946475379557
2015-01-14,0.21725445977880486,0.12408268076529202,0.07842106109022166,-0.9473304072191858,-1.0894898595351212,-0.825397418758337,-0.5387859683881356,1.0117486640876827,0.8591291563117002,-3.6724607571863865,-2.5009221822571863
2015-01-15,0.32950551378797655,0.15011201001509805,0.09038943859288422,-1.1539074209187092,-1.0167986358317407,-0.7037219549526083,-0.33910914757475896,2.4019834524551533,1.490295065053965,-3.0572161512738734,-2.3320242024649995
2015-01-16,0.3855187551891356,0.17340179495442978,-0.0105514056276837,-1.0161894117856936,-1.0278603437866027,-0.5669819099137883,-0.25871054271469146,2.5822383776047375,2.13612068829077,-1.997027798034108,-1.843880242917235
2015-01-19,0.15118857210172856,0.2460127845402136,-0.07084493002788832,-1.0391424133078628,-1.063020772643129,-0.620287351200108,-0.14470385210730985,2.572338685284111,2.560568093988859,-1.93007622864096,-1.9711801939601898
2015-01-20,0.15118857210172856,0.2460127845402136,-0.07965184932230078,-1.0391424133078628,-1.063020772643129,-0.620287351200108,-0.14470385210730985,2.5020784950226056,2.6675740900383267,-0.7541246262115869,-1.894317878445116
2015-01-21,0.3292846443043147,0.2254625439113562,-0.08845876861671224,-0.9243774056970165,-1.0626257116447413,-0.5774112353828512,-0.14799885711523325,2.476784637064536,2.1342622304785452,1.7157138974151656,-1.500175510676367
2015-01-22,0.3621053560133014,0.40904232434419285,-0.12255735357712742,-0.8555184011305093,-1.0788232125786468,-0.656210583371323,-0.10186878700431172,1.466313025025268,2.2863745105124997,0.3251258018767321,-1.7450051147277807
2015-01-23,0.3487100536969444,0.5131627770293885,-0.12278317202057436,-1.0620954148300321,-1.0551195526753705,-0.8346679302863926,-0.1552477072437473,0.6315820719262302,2.4336292430554245,-1.7651903716032356,-2.337668967271834
2015-01-26,0.40695790199704746,0.48576315301001677,-0.1632046733974907,-1.0161894117856936,-1.0796133345754226,-0.7384863731828158,-0.24223551767507692,-0.5934701336802684,1.7100174073334886,-0.784188091767582,-2.1963299047882834
2015-01-27,0.38077314605974144,0.3789021107856896,-0.17043086358777762,-1.0161894117856936,-1.0606504066528017,-0.9250554176849347,-0.16117887714692322,-0.10285524393499544,2.3610845170613657,-2.028116578523073,-2.592857625627851
2015-01-28,0.31973666628994885,0.44055283267226186,-0.06700601648929842,-1.2457194270073864,-1.040107234736629,-0.8856557436906988,-0.19940045257207997,-0.31437698967607464,1.7651582277622782,-2.036741898578046,-2.419869183965201
2015-01-29,0.2672227872109318,0.48302256347088524,-0.02206814624345338,-1.1539074209187092,-1.058280040662474,-0.9435964407410459,-0.40566808784588454,-1.832765658652647,1.089856648899727,-1.9237408510408076,-2.600274316550192
2015-01-30,0.19878286106142848,0.48576315301001677,-0.01009976874079083,-1.3604844346182325,-1.0223294898091715,-0.8485736975784764,-0.24816668757825522,-0.5662468971897475,1.605501985758351,-0.09225274553334528,-1.9691191987371088
2015-02-02,0.11227482402224062,0.4446626717523019,-0.07558711734026395,-1.3604844346182325,-0.8556137484894614,-0.8555265812245174,-0.2633240323925329,-0.13225606502250525,1.5558782099737563,-0.7921118417607655,-1.9911708890216275
2015-02-03,0.22178413505545846,0.3213622732078146,-0.1198475322557702,-1.1080014178743707,-0.7501324619198819,-0.6457812579022602,-0.3720591976539881,-1.2820106340974555,0.8566232009493777,1.9653546944226659,-1.3328066643429068
2015-02-04,0.1811749977550165,0.37479227170564955,-0.10720169942276885,-1.0620954148300321,-0.7240584360262778,-0.6260814209051426,-0.345039513033355,-0.8903415585088214,1.1374446517215608,1.8144945730580042,-1.2116734154396276
2015-02-05,0.13704798951648142,0.4720622957716737,-0.2361440306306967,-1.0161894117856936,-0.6881078851729755,-0.6156520954360798,-0.35690185283970927,0.30134991251688975,1.1481185087085668,2.3146937490389328,-1.254502836638714
2015-02-06,0.05723513582001332,0.4720622957716737,-0.16681776849263366,-0.740753393519663,-0.6920584951568547,-0.634193118492191,-0.5420809733960579,-1.8039692862880239,0.3783521745761789,1.4896679359302745,-1.2097702378302346
2015-02-09,0.076533452716458,0.4378122431331304,-0.18691560995936887,-0.7178003919974937,-0.6478116633374057,-0.6434636300202465,-0.496609743397806,-1.4350699043457562,0.16667771397559386,1.4753744451601778,-1.036352117811077
2015-02-10,0.15840693232194708,0.48028301916041094,-0.17268904802224197,-0.6030353843866479,-0.6956140441423463,-0.7060395828346219,-0.5572383182103366,-1.1546745328845793,-0.0608192720287115,-0.3995858622591995,-0.6497987068785105
2015-02-11,0.20445636880374585,0.5117924822598228,-0.25037059256782357,-0.6259883859088167,-0.7868731347699602,-0.7361687453008022,-0.6402722835210768,-1.8330881747773966,-0.3280471875537527,-0.730812323882407,0.3316284241215719
2015-02-12,0.22339068291985545,0.38849208371533545,-0.2706942524780057,-0.648941387430986,-0.678231360213277,-0.5959522584389623,-0.6330234333925627,-1.7170717759275578,-0.9199887703121278,0.13513612004872985,0.38880246877477503
2015-02-13,0.2667440310117104,0.4035621904945871,-0.34137542527674736,-0.5800823828644781,-0.5162563508742222,-0.5808876772058711,-0.5908472084022343,-0.31273033533029393,-1.0292195920826424,0.3601229399732231,-0.027406216580021927
2015-02-15,0.35966838824664665,0.3843822446352954,-0.3248906789051561,-0.30464636459844696,-0.4672687870741176,-0.6388283742562192,-0.7121035535827123,-1.3635984462640895,-1.7320040128066523,0.03491548248713565,-0.04349544119969527
2015-02-16,0.35966838824664665,0.3843822446352954,-0.3815711082102168,-0.30464636459844696,-0.4672687870741176,-0.6388283742562192,-0.7121035535827123,-0.9881396658580283,-1.7320040128066523,0.4584985121329993,-0.04349544119969527
2015-02-17,0.35966838824664665,0.3843822446352954,-0.3817969266536637,-0.30464636459844696,-0.49847860594676474,-0.6388283742562192,-0.7121035535827123,-0.4647335653531352,-1.7226331169290754,0.6656526166616504,-0.18702679571149786
2015-02-18,0.3128600985109271,0.4035621904945871,-0.3553761687704273,-0.4653173752536323,-0.5008489719370924,-0.5681407238547956,-0.7588924638062998,-0.8112582547258164,-1.9949526392413863,0.1885735993199333,0.318840948862538
2015-02-19,0.3128600985109271,0.430962859742616,-0.3553761687704273,-0.37350536916495525,-0.5774908056243525,-0.5530761426217043,-0.7588924638062998,-1.0764141243902696,-1.8446631448881077,0.18811383753092534,1.0067342932302772
2015-02-20,0.3128600985109271,0.4104126191137586,-0.3553761687704273,-0.32759936612061674,-0.49018232498061803,-0.6110168396720524,-0.7588924638062998,-0.30652079487887157,-1.595669646360938,0.18989480245961357,0.458941285393988
2015-02-23,0.3128600985109271,0.45425264468194776,-0.3553761687704273,-0.48827037677580104,-0.5379847057855587,-0.620287351200108,-0.7588924638062998,-0.30652079487887157,-1.827847455198569,0.12789347674218576,1.1049394106818449
2015-02-24,0.3128600985109271,0.44329237698273616,-0.3553761687704273,-0.648941387430986,-0.5162563508742222,-0.4951354455713573,-0.7588924638062998,-0.30652079487887157,-1.718919376809013,0.9649113739275189,1.4008917929889633
2015-02-25,0.3128600985109271,0.4049324852641528,-0.3553761687704273,-0.7178003919974937,-0.5383797667839465,-0.4742767946332325,-0.7588924638062998,-0.0031361766174585496,-1.1136917884316704,0.6243365396550965,1.6966010929071949
2015-02-26,0.4046541962652271,0.5528929635175376,-0.3318910506519961,-0.5571293813423094,-0.47437988504510054,-0.3873657490577114,-0.7022185385589421,0.3665164438211153,-1.4037862498632545,1.0965312297895353,1.6405265936864342
2015-02-27,0.42770112484526557,0.5474128296679318,-0.2977924656915809,-0.6259883859088167,-0.45462683512570357,-0.39431863270375334,-0.6824485085114065,0.49546539841221854,-1.298438129831817,1.4464776754366095,1.6424780300576673
2015-02-28,0.4799854970865115,0.5761827484568693,-0.3300845031044246,-0.44236437373146253,-0.49966378894192864,-0.38041286541167046,-0.7147397184779671,0.2848477231907877,-1.0762085898207057,1.6032274511358067,0.9204760721714323
2015-03-02,0.4799854970865115,0.5761827484568693,-0.2666295204959689,-0.44236437373146253,-0.49966378894192864,-0.38041286541167046,-0.7147397184779671,0.2848477231907877,-1.1569973498715351,0.7531925342490929,0.8508330570835377
2015-03-03,0.3796416526713756,0.5652224807576578,-0.23524075685691095,-0.35055236764278547,-0.48267616601124724,-0.47543560857423983,-0.7391224337587619,0.12581277797365614,-1.1977453755212446,-0.0036522415117088043,0.493039231604259
2015-03-04,0.42294564445403265,0.6460531485035217,-0.26979097870422,-0.35055236764278547,-0.5616883656888351,-0.4684827249281979,-0.7615286287015548,-0.387232648814167,-0.7049836425472106,-0.5167753456599081,0.5809213378831556
2015-03-05,0.381191440780195,0.702222691311831,-0.15688175698098952,-0.37350536916495525,-0.5162563508742222,-0.4847061201022954,-0.7925013539981963,-0.7140831741763355,-0.9439133305119806,-0.5769267210335574,0.5581859962384997
2015-03-06,0.34420752439035124,0.872103704963639,-0.07016747469754953,-0.07511634937675432,-0.5628735486839989,-0.5855229329698994,-1.002063994279923,-1.8667965698372488,-1.427564608698315,-1.311186598697973,0.43267955743062403
2015-03-09,0.4325997385331748,0.8679928206549417,-0.03200415775509752,-0.16692835546543136,-0.5818364766066199,-0.4429888182260448,-0.9869066494656465,-1.7684820674587152,-1.1247916669613303,-0.39731923625361515,1.0301967278270405
2015-03-10,0.43399775599121015,1.009103915517812,0.03709628593951957,-0.30464636459844696,-0.6892930681681391,-0.5507585147396907,-1.0284240343433066,-1.8853885486871909,-1.2813176186581121,-0.4865008008851809,0.17143218233141314
2015-03-11,0.4355389067459195,1.170764205780883,-0.13497736796668283,-0.37350536916495525,-0.6691449572503543,-0.5924758166159414,-1.090370289381173,-2.148702807703412,-1.6092586710921388,-0.802458621424436,-0.01972641118311295
2015-03-12,0.5021822632406131,1.0817138598749387,-0.14717156391279232,-0.39645837068712403,-0.6612437372825957,-0.47080035281021154,-1.0811441144700724,-1.893821696850785,-1.2080047932987106,0.09456119004169401,0.5892179676979016
2015-03-13,0.5489806817144938,1.2433741501380096,-0.04171435082329572,-0.32759936612061674,-0.7347250829827523,-0.45921221340014234,-1.0778491094621503,-0.5131091238690396,-1.1972547478066018,0.8412117186225505,0.6285289855678317
2015-03-16,0.6822797337811803,1.1433635365328538,0.05358103231111082,-0.39645837068712403,-0.8453421625313751,-0.44994170187208676,-1.073235619784309,-0.582915261569314,-1.182203109403949,-0.04113878384039065,0.6599777998637792
2015-03-17,0.74804701578761,1.141993241763288,0.08225997462881156,-0.48827037677580104,-0.83862612555878,-0.529899863801566,-1.1061856698635368,-0.5282137533445882,-1.143751739600913,0.14137356680384425,0.14742237418619372
2015-03-18,0.864015833787124,0.9995139425881663,0.10280945298243863,-0.7866593965640015,-0.8220335636264865,-0.6747516064274341,-1.0857567997033317,0.028270426196493843,-1.0767079677595115,-0.5421479030922719,-0.3877350122404528
2015-03-19,0.868209886161231,1.0748634312557672,0.06419449915309476,-0.6718943889531552,-0.8074163066861328,-0.46732391098719056,-0.9691139442006951,0.7585890386928811,-0.6939076988302159,0.026507257737069197,0.5044132984316128
2015-03-20,0.9245390079412574,0.9118338914517881,-0.02387469379102486,-0.7866593965640015,-0.7710706948344425,-0.23324349490378757,-0.8656503042851686,1.439038388196906,-0.3543591768620422,1.4711992784483716,1.3281468978163087
2015-03-23,1.043754237178276,0.791273037217775,-0.029520154877186233,-0.8096123980861708,-0.7734410608247702,-0.16719110026639225,-0.8445625940122949,1.550059351715773,-0.285153213678324,1.8371543916844502,1.1056620112989586
2015-03-24,1.0663433859905025,0.8131935726161982,-0.05029545167426024,-0.9014244041748478,-0.7817373417909169,-0.13590312385920456,-0.8201798787314978,1.9479342550742262,-0.20513365374475795,2.5919104618338533,1.1364163879515912
2015-03-25,1.0463010227328966,0.7844236538272606,-0.006035036758755002,-0.7866593965640015,-0.7592188648828044,-0.16139703056135765,-0.783275179087097,2.0547732687296274,-0.2681213041448,3.457917023480751,0.7549056285605216
2015-03-26,1.0393232745200205,0.8474436252547415,0.08496979595016878,-0.6030353843866479,-0.6470215413406296,-0.1173621008030934,-0.731873583630249,1.5864732429154393,-0.16465197376423804,2.2793278247525355,0.9219142029581326
2015-03-27,1.0706016015665667,0.826893384625884,0.13871458549042628,-0.740753393519663,-0.6699350792471304,-0.2181789136706974,-0.7668001540474824,0.6504242896278876,-0.17390457601049097,0.09825702269814993,0.5468138030094764
2015-03-30,1.200509875191346,0.9214238643814339,0.17732953931977116,-0.7178003919974937,-0.7667250238521751,-0.18341449544048874,-0.8656503042851686,-0.1421847345258229,-0.49651276235590863,-0.0966960180460495,0.6598721446720981
2015-03-31,1.1649622273991664,0.9734835681097032,0.3204984324648259,-0.7637063950418322,-0.7785768538038135,-0.27959605254406544,-0.8768538039788556,-0.3756735730570286,-0.45488230237970767,-0.8827303444150536,0.6659332747900941
2015-04-01,1.2755598450502024,0.9501937831703714,0.2107506689498465,-0.9243774056970165,-0.697984410132674,-0.25873740160594066,-0.7121035535827123,0.4625114441825519,0.15825829732819566,-0.599089832717542,0.7110732542807306
2015-04-02,1.3070306617026213,0.8474436252547415,0.08451815906327591,-0.8096123980861708,-0.697984410132674,-0.29118419195413464,-0.7595513039189671,-0.18304842954985256,0.10459742056876253,-1.0655824157897849,0.6592434507834933
2015-04-03,1.4947327055828818,0.8022333049169866,0.14819896011517755,-0.9702834087413551,-0.697984410132674,-0.29118419195413464,-0.6956285285430965,0.4615411833018948,1.0335426840111281,-0.4523481983255849,1.0089056490498718
2015-04-06,1.4947327055828818,0.8022333049169866,0.20849248451538216,-0.8096123980861708,-0.697984410132674,-0.33058386594837164,-0.6956285285430965,1.1209846341113356,0.9802775419342559,-0.9108710522654797,0.3884594478473012
2015-04-07,1.4947327055828818,0.9008736237525764,0.20849248451538216,-0.8784714026526785,-0.6260833084260692,-0.22513179731673932,-0.6956285285430965,1.196779774596144,1.1266788010485789,0.34755030772012874,1.1078507433198546
2015-04-08,1.4960653259312298,0.933753381621554,0.4232458242329653,-0.8096123980861708,-0.670725201243906,-0.2969782616591703,-0.7450536036619402,-0.21678805090157904,1.1788037119954207,-0.23661231715060163,1.0139459105780944
2015-04-09,1.4381259545636151,1.0830841546445045,0.44627930546450467,-0.6948473904753244,-0.6857375191826478,-0.3039311453052112,-0.8076586988124739,-0.3169401870824176,0.9316237612894872,-0.07668710375692019,0.5698493249456213
2015-04-10,1.5674345490316388,1.1145936177439164,0.4252781902239837,-0.7178003919974937,-0.6549227613083886,-0.29002537801312833,-0.7351685886381725,-0.258988972895556,1.1678392026092403,0.011216091585888686,0.576449081979796
2015-04-13,1.6876850268540873,1.1282934297536023,0.36611375804101076,-0.7637063950418322,-0.6422808093599744,-0.32594861018434335,-0.7700951590554046,-0.4849891530714499,1.031997771251816,0.03337508943113301,0.4269846759370641
2015-04-14,1.7084307175177662,1.028283861377104,0.2590758158473896,-0.8555184011305093,-0.6205524544486379,-0.3688247260016002,-0.8129302241584027,-0.7621630157060512,1.0025791521574363,-0.8950779353118924,0.5558775066248505
2015-04-15,1.5967509627875622,0.969373729029663,0.20104047588164933,-0.83256539960834,-0.5561575117114038,-0.3456484471814618,-0.7555974587983777,-0.07178786398645458,1.126198090480299,-0.30405173865928137,1.1423731565748123
2015-04-16,1.769348742145483,0.84470303571561,0.12110074690160236,-0.8555184011305093,-0.5241575708419807,-0.2077495882016355,-0.7786624938538378,0.18716254169372834,0.6380811728078454,0.6131126047130178,0.8752780377345686
2015-04-17,1.8796452863104107,0.8584028477252958,0.1271978448746566,-0.9243774056970165,-0.477540373032204,-0.2065907742606282,-0.7463712838872771,-0.0759867837416091,0.39280435440324507,0.5312136298925583,0.10389276928174797
2015-04-20,1.802676589931481,0.9159437305318281,-0.11510534494339457,-0.8555184011305093,-0.48188604401447127,-0.2981370756001766,-0.8083175389251436,-0.2527929634150667,0.11625150271185197,0.18066638021942397,-0.39259989394041717
2015-04-21,1.9482147727715589,0.9214238643814339,-0.2277887482231781,-0.8096123980861708,-0.5245526318403688,-0.3630306562965656,-0.7463712838872771,0.4339753450419629,0.24011679047629003,0.04097117412907502,-0.6916382157287011
2015-04-22,2.1036007732043838,0.9269029530023825,-0.2284662035535179,-0.648941387430986,-0.5245526318403688,-0.4360359345800029,-0.851811444140809,-0.6304255532920955,-0.22961810694304677,-0.572430069061881,-0.8437221371954515
2015-04-23,2.1231865906019065,0.8255230898563183,-0.20611017765231834,-0.7178003919974937,-0.42420713824983247,-0.3746187957066348,-0.8023863690219653,-0.1582613627945719,-0.23462231278902593,-1.0372483195321476,-0.7836427651259873
2015-04-24,2.1041918150070305,0.7762029304385234,-0.13768718928804105,-0.7866593965640015,-0.4123553082981941,-0.2541021458419134,-0.9289150439929519,-1.1918873591576125,-0.5365628683904838,-0.29249116569883105,-0.0946637718519165
2015-04-27,2.2451090133984395,0.7556526898096659,-0.2510480478981634,-0.7637063950418322,-0.4163059182820736,-0.20079670455559356,-0.7437351189920222,0.420746233002873,0.4015740517920344,0.6198886288951113,-0.03559410527683234
2015-04-28,2.129443736700492,0.6624925048236818,-0.28446917752823975,-0.6259883859088167,-0.426182443241772,-0.17993805361746879,-0.673222333600306,0.4732202932222565,0.6743920404258907,1.1745469099761714,0.33816527280137465
2015-04-29,2.2020838847627515,0.5296031785782059,-0.24020876261273352,-0.48827037677580104,-0.3724541474610124,-0.14517363538726014,-0.7009000538890253,0.9928685166237201,0.032552031204585906,1.885515685257993,0.3814813953744732
2015-04-30,2.1910293054101144,0.4583624837619878,-0.35244052900562417,-0.5112233782979708,-0.375219574449728,0.05761880428895519,-0.8814664892121147,-0.5217821622114351,-0.4041360867275669,2.7726461381716176,1.1375980461461888
2015-05-01,2.2472510772176366,0.5542632582871033,-0.28446917752823975,-0.35055236764278547,-0.3661331714868055,0.15727680321555287,-0.8524702842534763,0.5064169361070106,-0.5146435802340809,2.589241345309773,1.4571379997354221
2015-05-04,2.2472510772176366,0.5789233379960008,-0.28446917752823975,-0.2587403615541084,-0.34677518256579615,0.1364181522774281,-0.8524702842534763,-0.7109997891728733,-0.5146435802340809,2.1055849530927384,1.525949354640977
2015-05-05,1.9856256212359662,0.5309724281191145,-0.2388538519520549,-0.18988135698760114,-0.31438018069798546,0.1700237565666294,-0.8102948637077289,-0.8876105332206283,-0.37732925104220005,2.1779793377082903,1.2731592899429172
2015-05-06,1.9258094762110958,0.3939722175649412,-0.11375043428271596,-0.05216334785458556,-0.28356542282372615,0.14916510562850463,-0.8294052491980161,-0.8352075713827212,-0.28034299846256017,1.8226296065479832,1.4510151411422474
2015-05-07,1.783428863251963,0.46110307330111927,-0.1496555667907026,-0.2128343585097699,-0.33452829161576997,0.13062408257239347,-0.8814664892121147,-0.0031361766174585496,-0.247724935178803,0.4413207570253441,1.4153576163614456
2015-05-08,1.9480284527043363,0.48439285824045103,-0.3072768403163322,-0.2587403615541084,-0.3783800624368314,0.1364181522774281,-0.8373137438837797,0.09690436370495939,-0.3382193800295618,-0.11925466494250685,1.3862921308891991
2015-05-11,2.160780057410348,0.5145330717989542,-0.29621173658745537,0.01669565671192172,-0.4178861622756253,0.09585966434218482,-0.8761949638661859,-0.15973060447100196,-0.3526931825082867,-0.23629664219331215,1.3791353811321487
2015-05-12,2.264490002112791,0.44877251083234193,-0.23975712572584065,0.01669565671192172,-0.3282073156415631,0.16191205897958116,-0.8142487088283207,-0.0290935013272434,-0.00835646719424815,-0.04390934497107986,1.7420388406998042
2015-05-13,2.2403769772540745,0.32410286274694605,-0.23975712572584065,-0.006257344810247034,-0.27921975184145886,0.15611798927454554,-0.6442261286416675,1.2155420991587833,0.36134829838963545,0.044988423129931954,1.6419931128287353
2015-05-14,2.210960616972025,0.288482515338837,-0.2846949959716857,-0.09806935089892409,-0.30884932672055426,0.14337103592347003,-0.5980960585307472,1.874206720441649,0.5900698690206081,0.07944298909065554,1.1304081559189552
2015-05-15,2.12080761649856,0.25834230178033374,-0.26120987785325445,-0.30464636459844696,-0.34400975557708086,0.14568866380548368,-0.5974372184180787,1.5771032131665788,0.4840023104913606,0.05879081787889158,1.1338744243580872
2015-05-18,2.1235678680904626,0.4021929409536785,-0.2155945522770696,-0.09806935089892409,-0.32583694965123533,0.10397136192923306,-0.5822798736038011,1.942749157485285,0.7424756813391941,0.05221790066629953,1.3099300306636632
2015-05-19,2.312700011029737,0.5501523739784061,-0.16997922670088475,-0.006257344810247034,-0.39181213638202145,-0.05594496192972535,-0.7200112438238936,0.6158519272646196,0.08237243205617661,-1.281417912599574,1.0151212376443475
2015-05-20,2.3799887012671954,0.5748124536873036,-0.17652796156083186,-0.029210346332416808,-0.39023189238846945,-0.0756447989268428,-0.7068312237922012,-0.40564303477208286,0.47745088307543443,-1.3646259748401564,1.201767732721576
2015-05-21,2.5374427310554175,0.5487831244374975,-0.18217342264699324,-0.18988135698760114,-0.3436146945786927,-0.030451055227572257,-0.736486268863507,-0.8878055414363669,0.21346730501772393,-1.0244277246239217,1.1374494229119643
2015-05-22,2.6736538053647925,0.6515332823531275,-0.20407781166129993,-0.1439753539432626,-0.3436146945786927,-0.1173621008030934,-0.7371451089761766,-0.8961560489786963,0.6391704143889803,-1.5517657922896344,0.45509768827044345
2015-05-25,3.047661109575008,0.8282636793954498,-0.17020504514433069,-0.30464636459844696,-0.4641082990870142,-0.19384382090955163,-0.8498349238028048,-1.7101577515161013,-0.35153405853196884,-1.7682666267164466,0.041188379872896266
2015-05-26,3.047661109575008,0.8282636793954498,0.03393482773126848,-0.30464636459844696,-0.4641082990870142,-0.19384382090955163,-0.8498349238028048,-0.8457646357751054,-0.5774028448135672,-0.8366341072181488,-0.024610020817676333
2015-05-27,3.038594355575322,0.8378536523250957,-0.0019703047767181724,-0.30464636459844696,-0.47596012903865226,-0.21586128578868374,-0.8584014541566546,-0.9852843831786887,-0.5171303053718109,-0.8533284582265618,-0.20234076693987413
2015-05-28,2.5596518362868204,0.7830533590576949,0.13284330596081798,-0.32759936612061674,-0.5245526318403688,-0.2077495882016355,-0.8439037538996265,-0.7017830631697431,0.12121343376081659,-1.0726108655259146,-0.7872961709922802
2015-05-29,2.5959102149314512,0.7748336808976148,0.20104047588164933,-0.35055236764278547,-0.4044540883304355,-0.2981370756001766,-0.8353364191011944,-0.6418287324323358,0.05290326567556101,-1.1083613454336723,-1.3445640678856636
2015-06-01,2.9399224561342705,0.84059319663557,0.30265877543255604,-0.18988135698760114,-0.4159108572836857,-0.31667809865628777,-0.8425852692297084,0.04469895217738021,0.02882924307717127,-0.7608479886037467,-1.3418050512946347
2015-06-02,3.1111493640042145,0.6282424521851385,0.18432991106661115,-0.006257344810247034,-0.40524421032721125,-0.28191368042607906,-0.8043636938045517,0.29689496576252417,0.015592548337713074,-0.5444124752326864,-1.3316174800887046
2015-06-03,3.103432505061097,0.5775530432264351,0.2364939715027431,0.24622567193361436,-0.41946640626917703,-0.3050899592462185,-0.8663099488424182,-0.05537570563319402,-0.12620282611924974,-0.553533230115582,-1.3427210650649133
2015-06-04,3.1256033591528687,0.5761827484568693,0.19155610125689806,0.08555466127843002,-0.515861289875834,-0.39547744664476064,-0.9308915643309572,-0.5766698429843543,-0.16875523051157393,-1.1673907126370873,-1.5624526777795746
2015-06-05,3.1984298272823515,0.6926327183821851,0.16942589379914444,0.3150846765001227,-0.5150711678790583,-0.3838893072346904,-0.9776804745545461,-0.9406224023917029,-0.46926740823295926,-0.5387739064247787,-1.5436944862638275
2015-06-08,3.2877018176366315,0.5542632582871033,0.12403638666640651,0.2691786734557841,-0.47675025103542823,-0.3734599817656285,-0.9420950640246443,-0.6591201352452298,-0.2235252261153169,-0.3564961465715172,-1.3990352755950755
2015-06-09,3.2532375408313485,0.5364525619687203,0.11319710138097663,0.3380376780222914,-0.40168866134171993,-0.33290149383038525,-0.9150753794040112,-0.729419842792773,-0.3372248151022508,-0.31795036289670836,-1.4615385345295842
2015-06-10,3.286755410407758,0.4652129123811593,0.19155610125689806,0.5216616901996455,-0.3444048165754684,-0.2541021458419134,-0.8570837739313176,0.057869017984657566,-0.6925829465912615,0.3269109189626438,-1.2094375900819199
2015-06-11,3.3150711249946894,0.5104232327189142,0.2559143576391385,0.2691786734557841,-0.3807504284271591,-0.4348771206389966,-0.8979415142517281,0.21655300437074848,-0.9684429647414631,-0.24933309527886524,-1.7159547061966751
2015-06-12,3.3772785832002077,0.5090529379493485,0.2624630924990856,0.2691786734557841,-0.40326890533527165,-0.4140184697008718,-0.9051903643802421,0.4831184811077481,-0.993797042437667,-0.18939186830995236,-1.6597439247114956
2015-06-15,3.2149938046492252,0.4871324025509253,0.365210484267225,0.20031966888927583,-0.49018232498061803,-0.49050018980733,-0.8623552992772452,0.5292863443517908,-0.9030923682484066,-0.7456869500506293,-1.7750702674034753
2015-06-16,2.9531400757375126,0.5131627770293885,0.23378415018138587,0.10850766280059877,-0.49966378894192864,-0.5611878402087537,-0.8939876691311375,0.13717613115791927,-0.5721669599642535,-1.4487434359206,-1.5428363871615287
2015-06-17,3.082575762701723,0.41726304773293016,0.22317068333940193,0.10850766280059877,-0.49966378894192864,-0.587840560851913,-0.9210065493071883,-0.42530662467456676,-0.7022902211608177,-2.0935203007791703,-1.5690903123615378
2015-06-18,2.7831248652583813,0.3816427003248211,0.1504571445496419,0.17736666736710707,-0.4751700070418765,-0.5808876772058711,-0.7555974587983777,0.9418982472757472,-0.0665420303396859,-0.9404932419358086,-1.6759888705991992
2015-06-19,2.342036167309339,0.38849208371533545,0.17190989667705572,-0.029210346332416808,-0.5526019627259126,-0.6643222809583713,-0.7555974587983777,0.9909507357266607,-0.06439095586423005,-1.6096226164528407,-1.6877542220064834
2015-06-22,2.518339371580305,0.4213728868129702,0.2236223202262948,0.2232726704114456,-0.5079600699080754,-0.6712751646044133,-0.9223250339771063,-0.39946652487353623,-0.24466417348186414,-1.175935911278689,-1.4884669674851099
2015-06-23,2.518339371580305,0.5720729093768293,0.2236223202262948,0.3380376780222914,-0.4633181770902382,-0.5681407238547956,-0.9223250339771063,-0.19117476142446058,-0.24466417348186414,-0.04201548170888768,-1.1627798542080703
2015-06-24,2.6527168590029704,0.5487831244374975,0.22926778131245618,0.24622567193361436,-0.4648984210837899,-0.5472820729166697,-0.9460489091452349,-0.16988920524964313,-0.29530496092882214,0.27285842455409526,-1.0309731738444927
2015-06-25,2.389259050042323,0.5391931515078517,0.2177510406966865,0.2921316749779529,-0.5198118998597134,-0.5577113983857327,-0.9532977592737489,-1.292089105988442,-0.36690861211958825,0.1574100021603217,-1.0883244121923041
2015-06-26,1.8521106353165377,0.5775530432264351,0.2294935997559031,0.49870868867747675,-0.5237625098435928,-0.5148352825684758,-0.9440715843626485,-1.2319369203318835,-0.36432866336608544,1.0079330705199818,-0.6763681047559276
2015-06-29,1.594721184571792,0.48439285824045103,0.21820267758358036,0.13146066432276854,-0.567614280664654,-0.5287410498605586,-0.9071676891628286,0.09781130225614455,-0.21821243896111794,0.9623500827698623,-0.6634878455346642
2015-06-30,1.9730052129740205,0.5802925875369094,0.20600848163747087,0.17736666736710707,-0.5170464728709978,-0.5716171656778155,-0.9532977592737489,-0.20941363291676474,-0.49559809040198904,-0.019088645594444384,-0.9083309539310989
2015-07-01,1.6610498945953485,0.6926327183821851,0.24010706659788605,0.3609906795444612,-0.4641082990870142,-0.5356939335066006,-0.9697727843133636,-0.161621573947717,-0.3482173237459899,0.08022648913577445,-0.7218174379405378
2015-07-02,1.4075645279081699,0.6652330943628134,0.2617856371687468,0.2921316749779529,-0.46094781109991073,-0.5345351195655943,-1.0093128444084383,-0.37769170455695555,-0.26708107914458035,0.1568242746637468,-0.43411750919378006
2015-07-03,1.16436748387333,0.6912634688412765,0.14797314167173062,0.06260165975626025,-0.5664290976694902,-0.7500745125928862,-0.9440715843626485,-0.0031361766174585496,0.10943418024641138,-1.5375039438711064,-1.1723355725318065
2015-07-06,1.16436748387333,0.6912634688412765,-0.03313324997233019,0.06260165975626025,-0.6403055043680349,-0.7500745125928862,-0.9440715843626485,-0.24843537278445404,-0.010639977529876004,-1.4496912330896956,-1.2042298572847991
2015-07-07,1.0232837079383768,0.7693535470480091,-0.158688304528561,-0.006257344810247034,-0.7378855709698557,-0.962137463797157,-1.0791667896874861,-0.8447834047612603,-0.5533581167689517,-2.578950443281544,-2.0117135232381145
2015-07-08,0.7091678171245598,0.6898931740717108,-0.1708825004746705,-0.12102235242109284,-0.6991695931278376,-0.8450972557554555,-1.0073355196258518,-0.25484370343389234,-0.5032925267310131,-2.030397302306703,-1.8647208985359431
2015-07-09,1.0038706376230466,0.7337331996399,-0.1593657598589008,0.10850766280059877,-0.6150216004712068,-0.7187865361856984,-1.0356728844718206,-0.18068584066322943,-0.4640917773593141,-1.207308960921264,-0.9122159347165026
2015-07-10,1.275757270286994,0.6542728266636018,-0.040359440162616105,0.3380376780222914,-0.6193672714534741,-0.7512333265338924,-1.0442402192702538,-0.6721333203641777,-0.4689296159310487,-0.004005915645454831,-1.0833845246843914
2015-07-13,1.4621328633575563,0.7679832522784433,-0.011228860958023505,0.38394368106662996,-0.6229228204389654,-0.7350099313597949,-1.0607152443098673,-0.7821652151266779,-0.6636029311822923,0.10654845769348635,-0.7902219671389976
2015-07-14,1.3976414419438992,0.7378430387199401,0.06261377004896922,0.3150846765001227,-0.6399104433696468,-0.757027396238927,-1.073235619784309,0.037181046283783804,-0.6024737237806419,1.4538893338927752,-0.6366517411686423
2015-07-15,1.1826453590771049,0.8049728492274609,0.09738981033972419,0.20031966888927583,-0.6343795893922156,-0.7883153726461147,-1.1134353244366333,-0.717593582276821,-0.6487211032747878,0.397184577157474,-0.6551355242617446
2015-07-16,1.2435090917647047,0.8775838388132448,0.03257991707058987,0.20031966888927583,-0.6355647723873795,-0.7848389308230937,-1.1358407149348426,-0.680151245341216,-1.2513684028925973,-0.44384185220594485,-0.6660410993153486
2015-07-17,1.484594919673598,0.9049834628326165,0.013385349377641404,0.1544136658449373,-0.6723054452374577,-0.8474148836374692,-1.214920835124992,-1.1580290193202625,-1.51078672392265,-0.651667822443327,-0.6045591766370636
2015-07-20,1.5297769190212411,0.9282732477719482,-0.012357953175255178,0.24622567193361436,-0.670725201243906,-0.8810204879266704,-1.3803307300783862,-2.1704617476526855,-1.5387821354917235,-0.9885568051930312,-0.6961942366069088
2015-07-21,1.5508656360338477,0.8323735184754898,0.03393482773126848,0.17736666736710707,-0.6896881291665272,-0.897243883100768,-1.4020772804639283,-2.2366982470580727,-1.6116550798413398,-0.9527456059026788,-1.084210671145004
2015-07-22,1.5642436636419832,0.8693631154245074,0.01835335513346297,0.13146066432276854,-0.6730955672342338,-1.005013579614414,-1.4811574006540766,-2.5140631803511453,-1.8026596319710366,-1.4824627882702701,-1.5102157268036154
2015-07-23,1.7024474989352298,0.8036035996865524,-0.0706191115844424,0.01669565671192172,-0.6967992271375102,-1.1035127646000042,-1.4640235355017948,-2.250737277323928,-1.7223139132637064,-2.1806237795258,-1.8076157376840911
2015-07-24,1.6042420166160998,0.8200429560067125,-0.10426605965796469,-0.006257344810247034,-0.7548731939005371,-1.1104656482460462,-1.5193797805238145,-2.110369055926332,-1.9372881849207562,-1.8188326435077011,-1.9604228653613434
2015-07-27,1.1106443752189608,0.7186630928606483,-0.10426605965796469,-0.09806935089892409,-0.7635645358650717,-1.177676856824449,-1.4475485104621801,-0.47891792756697443,-1.8112880055535094,-2.0637028501989954,-2.1425022010808163
2015-07-28,1.04521518393054,0.7556526898096659,-0.1496555667907026,-0.029210346332416808,-0.7544781329021493,-1.0641130906057683,-1.448866190687516,-0.3353085001674702,-1.6713176991121101,-1.162420635389798,-1.6329820090049547
2015-07-29,1.2444752415172584,0.7844236538272606,-0.17201159269190217,0.03964865823409149,-0.7374905099714679,-1.052524951195698,-1.4725908703002257,0.05834957729221122,-1.6993266955907564,-0.33454371755287154,-1.7044032085000358
2015-07-30,1.0844263037729465,0.8638829815749016,-0.14942974834725667,0.01669565671192172,-0.7548731939005371,-1.1116244621870526,-1.5009274307016134,-0.267382157131896,-1.6701038397047252,-0.05492011569754752,-1.9049966382955512
2015-07-31,1.0597592543434804,0.8378536523250957,-0.07039329314099545,-0.16692835546543136,-0.7943792937393309,-1.141753624653233,-1.4580923655986164,0.4391007285667781,-1.7313355243338442,-0.2232370112216622,-1.3346335080250609
2015-08-03,1.0184628304374563,0.8542930086452558,-0.08213585220021107,-0.2587403615541084,-0.9445024731267476,-1.1811532986474698,-1.4943374206857678,-0.33739878483885155,-1.8531348454086356,-0.021656566073379395,-1.4708187694591015
2015-08-04,1.2266551460812944,0.9145734357622624,-0.08213585220021107,-0.09806935089892409,-0.9606999740606532,-1.1452300664762538,-1.485770890331918,-0.26683351438046127,-1.394674527248514,-0.5800571445870291,-0.637321943447153
2015-08-05,1.1275982674284972,0.9186832748423024,-0.08191003375676513,0.01669565671192172,-0.9622802180542049,-1.1765180428834416,-1.5187209404111472,-0.3338380800646251,-1.7366610760326753,-0.8868615541664513,-1.1451598960428533
2015-08-06,1.086442509003687,0.9008736237525764,-0.10471769654485756,-0.09806935089892409,-1.0112677818543094,-1.1973766938215664,-1.4890658953398415,0.08223393882222164,-1.5458722732659815,-0.6187383568185518,-1.6262895254317256
2015-08-07,1.2147380652254198,0.8638829815749016,-0.1153311633868415,-0.2128343585097699,-1.0215393678123958,-1.2159177168776776,-1.463364695389125,-0.04085703840316526,-1.4309344247441484,-0.5375542681676624,-1.5872932762188203
2015-08-10,1.4734058443783964,0.8090837335361581,-0.06971583781065666,-0.07511634937675432,-0.9915147319349125,-1.0583190209007338,-1.3968057551179995,0.698176620595591,-1.1507165308016274,0.9071410060237086,-1.0954572866823087
2015-08-11,1.4628978861501263,0.826893384625884,0.043419202356019745,-0.2816933630762782,-1.0298356487785425,-1.2205529726417057,-1.374399560175208,0.7967378903606172,-1.0332423119183545,-0.546362756521782,-1.584867408167872
2015-08-12,1.3849568704799937,0.6857833349916708,0.07638869509920325,-0.30464636459844696,-0.9919097929333004,-1.1811532986474698,-1.271595564816931,1.779903583778189,-0.5473942692842301,-0.030165128028555,-1.3475243339402794
2015-08-13,1.4824627271162414,0.7118126642414768,0.020159902681034448,-0.18988135698760114,-1.0029715008881628,-1.1765180428834416,-1.3210206399357747,1.2043261806577934,-0.6421175460033559,0.1577307885000154,-1.34268250752928
2015-08-14,1.4844085996063752,0.7282530657902941,-0.0026477601070579782,-0.16692835546543136,-1.0116628428526973,-1.1823121125884761,-1.3394721853133922,0.883900438801429,-0.437746045141464,0.2525925487162318,-1.157844934411493
2015-08-17,1.5142629971325576,0.7625031184288374,0.025353726880302952,-0.2587403615541084,-1.0124529648494731,-1.2518409490488935,-1.3019094500009052,0.6700808371619984,0.2752939988926923,-1.387794025367393,-1.291718791525952
2015-08-18,1.132004551932156,0.7830533590576949,0.014062804707980206,-0.16692835546543136,-1.0428726617253443,-1.3341167388603863,-1.3117944650246742,0.4396359221657506,0.31849991894479973,-0.8372693446025973,-1.5295966474997353
2015-08-19,1.2301026842787794,0.7131829590110426,0.030999187966464323,-0.35055236764278547,-1.0922552865238369,-1.3538165758575047,-1.2393043548503702,0.22207023269285697,0.8694234556841512,-1.265772164567602,-1.2410531569723082
2015-08-20,1.058137899586324,0.6159129349450184,-0.0028735785505039114,-0.4194113722092938,-1.096996018504492,-1.2564762048129208,-1.0752129445668954,1.7227079326749821,1.3968058815205542,-0.5835743697364478,-0.5433109518410427
2015-08-21,0.8029053195535337,0.4898729920900568,-0.025455422895150404,-0.5112233782979708,-1.167711937215933,-1.297034692748164,-1.0317190393512288,2.1630703142048535,1.766537551557883,-0.839890133773195,-0.6677586349029702
2015-08-24,0.3618166216044928,0.2816320867196655,-0.08191003375676513,-0.6030353843866479,-1.256600661853219,-1.4071220171438237,-1.0725767796716417,1.6028604402460023,1.3438671450521118,-1.15295536212038,-0.8360431981679766
2015-08-25,0.02390975584947594,0.44877251083234193,-0.10991152074412606,-0.35055236764278547,-1.245934014896745,-1.2831289254560811,-1.1727454145792446,0.9719196654899319,0.9887202539757878,0.3896497298038288,-0.7805177946627473
2015-08-26,-0.04112581887309104,0.5268625890390745,-0.17472141401326038,-0.2128343585097699,-1.2498846248806244,-1.4314571099049693,-1.2623693899058304,-0.16329837924558577,0.7542866986364831,-0.5857070724124126,-1.3615710874994817
2015-08-27,0.18621057520094877,0.5967329890857268,-0.2623389700704861,-0.2128343585097699,-1.143218155315881,-1.2228706005237193,-1.2768670901628585,-1.3731701950177273,0.8073975818223558,0.2544689359374705,-0.390497754989479
2015-08-28,0.39920525972976106,0.6652330943628134,-0.2846949959716857,-0.18988135698760114,-1.0045517448817145,-1.1950590659395526,-1.2063543047711422,-1.1828515927664132,0.902215863438801,0.7700462168616485,-0.17818653357463965
2015-08-31,0.37596213982065974,0.6433125589643902,-0.40912095831068485,-0.1439753539432626,-0.9717616820155155,-1.2124412750546576,-1.2162393197949102,-0.9788379365591197,1.0021619077947452,1.4973678687363938,-0.09749136155702466
2015-09-01,0.2937592068512734,0.5748124536873036,-0.4655755691723006,-0.23578736003193967,-0.9717616820155155,-1.2958758788071567,-1.1694504095713225,0.019541106388986127,1.1390868578690603,-0.09162963133034818,-0.5389999429478327
2015-09-02,0.2767534905170791,0.62687320264423,-0.4655755691723006,-0.16692835546543136,-1.0164035748333524,-1.228664670228754,-1.210308149891733,0.3594990103452411,1.1156435389395118,1.5668754483812875,-0.1751258249557808
2015-09-03,0.30000648168801924,0.7063335756205282,-0.42018606203956166,-0.2128343585097699,-0.9081568612750575,-1.1046715785410115,-1.290047110194551,-0.09512221314353667,0.7155238490725386,0.8797591675919397,0.36601688137414107
2015-09-04,0.30000648168801924,0.6816734959116307,-0.42018606203956166,-0.32759936612061674,-0.980057962981662,-1.2726995999870183,-1.290047110194551,-0.5817294752878165,0.6203712967516654,-0.5684916180246127,-0.1939392590400085
2015-09-06,0.30000648168801924,0.6337225860347444,-0.42018606203956166,-0.16692835546543136,-1.0657861996318447,-0.9934254402043448,-1.290047110194551,-0.5140677936548654,0.37707702993544934,1.6237003158834202,0.25591774554239605
2015-09-07,0.30000648168801924,0.6337225860347444,-0.3863132955225924,-0.16692835546543136,-1.0657861996318447,-0.9934254402043448,-1.290047110194551,-0.8327569685637167,0.296173465265656,2.27574461399775,0.8725283487758397
2015-09-08,0.30000648168801924,0.6337225860347444,-0.3298586846609777,-0.16692835546543136,-0.9686011940284118,-0.9934254402043448,-1.290047110194551,-0.5546874119563641,-0.06874865388988258,1.7489096943814926,0.7194056294293916
2015-09-09,0.40317967652793496,0.6515332823531275,-0.35808599009178554,-0.1439753539432626,-1.0017863178929989,-0.9829961147352818,-1.409985775149692,-0.8417067230512881,-0.3182889490144633,0.8862398804464386,0.7404033997200172
2015-09-10,0.34527238676129907,0.5761827484568693,-0.3637314511779469,-0.09806935089892409,-1.0124529648494731,-0.958661021974136,-1.3618783802561851,-0.5053561021864967,-0.08335374089636204,2.3525881804819417,0.8535713979033515
2015-09-11,0.3485175640910725,0.5391931515078517,-0.37479655490682373,-0.16692835546543136,-1.0480084547043877,-0.9435964407410459,-1.4014184403512586,-0.781806818161645,-0.3546260983783724,0.35810493428425094,1.1840199995938878
2015-09-14,0.2141400766684075,0.5474128296679318,-0.39760421769491616,-0.2128343585097699,-1.0875145545431817,-1.052524951195698,-1.3737407200625407,-0.5882935667407284,-0.2225644441931209,-0.41622358301414875,1.0998278502037222
2015-09-15,0.021819516154937758,0.5967329890857268,-0.4425420879407612,0.01669565671192172,-1.08593431054963,-1.0038547656734065,-1.406031125584519,-0.8140571519304017,-0.5865250722240608,-0.07024701145528767,1.3672127858798868
2015-09-16,0.25371766710660903,0.5707026146072636,-0.44276790638420815,0.06260165975626025,-0.9500333271041788,-0.9470728825640669,-1.2979556048803145,0.7930747114606821,-0.7654318193985139,0.25878304466442714,1.1894071316495793
2015-09-17,0.1640286159396066,0.45151310037147346,-0.4199602435961157,-0.1439753539432626,-0.992699914930076,-0.9470728825640669,-1.310475980354756,0.3597827294116096,-0.9514896025028049,0.08576144842071909,1.3528660820815528
2015-09-18,0.1981202526104429,0.49398283117009684,-0.4423162694973143,-0.32759936612061674,-1.031810953770482,-1.098877508835976,-1.1734042546919132,1.6154768569128903,-0.34855269677548095,-1.0902702763889158,1.2186362737112855
2015-09-21,0.2997769748502482,0.6350928808043101,-0.4199602435961157,-0.16692835546543136,-1.0175887578285163,-1.0942422530719487,-1.2063543047711422,1.1805908835765753,-0.12038354500235098,-0.2958015640483437,0.7371588858151663
2015-09-22,0.3315920517593245,0.6885228793021451,-0.40844350298034604,-0.30464636459844696,-1.0551195526753705,-1.303987576394206,-1.2597332250105755,1.036053493003791,0.0052394429523512235,-2.1335847733681623,0.5175331704056703
2015-09-23,0.24271244406316955,0.6597529605132075,-0.3860874770791465,-0.2587403615541084,-1.0033665618865506,-1.3086228321582332,-1.2162393197949102,0.5688090449941966,0.20890293273773863,-2.5452660046583793,-0.30310171530906194
2015-09-24,0.28040462349000583,0.648792692813996,-0.42537988623883016,-0.32759936612061674,-1.0405022957350167,-1.2923994369841367,-1.0699406147763855,1.6832717117147973,0.4705118925283405,-2.4308807622881297,-0.3447856765728871
2015-09-25,0.18868332629177317,0.6871525845325793,-0.443219543271101,-0.23578736003193967,-1.031810953770482,-1.3352755528013935,-1.1213430146778156,0.3551974769747022,0.3265322720085469,-1.7085922832935663,-0.4415905502116663
2015-09-28,0.2268110751472815,0.6542728266636018,-0.48725413974316034,-0.39645837068712403,-1.0807985175705865,-1.4129160868488593,-1.213603154899655,-0.05324963722144847,-0.1568286058155138,-2.302671362595574,-0.4267195878710929
2015-09-29,0.13837320641845027,0.6350928808043101,-0.5886466208506211,-0.5112233782979708,-1.0199591238188441,-1.4140749007898654,-1.2458943648662157,0.09322482410096203,-0.12785103139209658,-0.824288039905893,-0.678425364388996
2015-09-30,0.16709857837172587,0.6981128522317909,-0.610099372978034,-0.48827037677580104,-1.0314158927720942,-1.206647205349622,-1.3223383201611103,-0.7376024643850836,-0.11759707625276868,0.7717139473613356,-0.3558831840628366
2015-10-01,0.30872033807693866,0.676193362062025,-0.599485906136051,-0.5112233782979708,-1.0239097338027234,-1.2912406230431295,-1.1299103494762477,-0.4102867757330775,0.5593460596613624,0.01258957901312675,-0.05112833954092003
2015-10-02,0.30872033807693866,0.62687320264423,-0.599485906136051,-0.648941387430986,-1.0606504066528017,-1.242570437520838,-1.1299103494762477,-0.06169800462858032,0.5593460596613624,0.7054240928867553,-0.8791285290035821
2015-10-05,0.30872033807693866,0.6652330943628134,-0.599485906136051,-0.4653173752536323,-0.9460827171202993,-1.1730416010604205,-1.1299103494762477,0.5760193468786189,0.5593460596613624,1.846110722020959,-0.6284299045605626
2015-10-06,0.30872033807693866,0.5761827484568693,-0.599485906136051,-0.5112233782979708,-0.8714161884249788,-1.1742004150014278,-1.1299103494762477,0.8029643470438751,0.5593460596613624,1.846519831480579,-0.6326082149679487
2015-10-07,0.30872033807693866,0.5816628823064751,-0.599485906136051,-0.44236437373146253,-0.858774236476565,-1.1463888804172613,-1.1299103494762477,1.3481649189891338,0.9975481816143962,0.4490767646427821,-0.5688459125173041
2015-10-08,0.30872033807693866,0.5570028025975776,-0.599485906136051,-0.35055236764278547,-0.8402063695523317,-1.2020119495855945,-1.1299103494762477,-0.0031361766174585496,0.820058582452172,0.6735495354129017,-0.8528604746042205
2015-10-09,0.370341690110729,0.4871324025509253,-0.8079163294371329,-0.35055236764278547,-0.8421816745442716,-1.037460369962608,-1.0534655897367708,0.5199937427821442,1.2388115063776208,1.5293353969066803,-0.31627036828076466
2015-10-10,0.526873990824678,0.49124224163096536,-0.7794632055628791,-0.48827037677580104,-0.8868235673621085,-1.0339839281395868,-0.9967916644894144,0.9078270756063824,1.3372746587652242,1.0249188128170623,0.08676927505892043
2015-10-12,0.526873990824678,0.49124224163096536,-0.80746469255024,-0.48827037677580104,-0.8868235673621085,-1.0339839281395868,-0.9967916644894144,0.9078270756063824,1.4586415810690763,1.033645964635284,-0.08962916417718302
2015-10-13,0.5401347971984696,0.48028301916041094,-0.9032117125715394,-0.48827037677580104,-0.9662308280380844,-1.098877508835976,-0.9908604945862373,0.9484155010781685,1.077489827439518,0.35104717091972387,-0.5236876854122415
2015-10-14,0.4847014924303869,0.3665725935455695,-1.0499937008117382,-0.648941387430986,-0.9934900369268521,-1.0339839281395868,-0.8966238340263923,1.5932996868767328,1.455931847679632,1.2442150412839297,-0.2916100513375569
2015-10-15,0.6069805145608761,0.42685302066257597,-0.9596663234331542,-0.5341763798201395,-1.0085023548655938,-1.0166017190244832,-0.8452214341249622,1.4076324121152497,1.1325607216406788,0.1533335401734685,0.32152187338081883
2015-10-16,0.67185074564763,0.4501428056019077,-0.8688873091676773,-0.5341763798201395,-0.9654407060413084,-1.0617954627237536,-0.8735587989709322,0.8255524844639712,1.1536211010547592,-0.19524239138315186,0.1383307104431129
2015-10-19,0.661891876359188,0.5076826431797827,-0.8693389460545702,-0.5341763798201395,-1.0227245508075595,-1.1452300664762538,-0.9414354194673935,0.36911105123681853,1.1111629657846085,-0.7926420414545713,0.62500142446015
2015-10-20,0.7314312142960793,0.4926125364005311,-1.0046041936789991,-0.44236437373146253,-1.04563808871406,-1.1498653222402822,-0.9104626941707509,0.537087484223864,1.0610465160106402,-0.365468276547776,0.6255288891670462
2015-10-21,0.5508216720475825,0.52001320564856,-1.0043783752355533,-0.5341763798201395,-1.0539343696802068,-1.1614534616503513,-0.978998959224464,-0.5499390523195463,0.306663208772631,-0.9088030845240158,0.5177927146566249
2015-10-22,0.6457375563586603,0.6967425574622251,-1.0269602195801988,-0.5341763798201395,-1.0590701626592498,-1.1081480203640315,-0.9855889692403096,-0.9287722812797848,0.46290179340704124,-0.6495604146904581,0.8910097956975275
2015-10-23,0.7221756724137115,0.7967531710673807,-1.0531551590199881,-0.4194113722092938,-1.0705269316125003,-1.185788554411497,-1.0073355196258518,-0.8885149418579771,0.714194283513366,-0.8883439795951573,0.903978424990737
2015-10-26,0.7458235140582367,0.7679832522784433,-1.0983188477092802,-0.4653173752536323,-1.0598602846560257,-1.1695651592373997,-0.9829528043450547,-0.2803241638949857,0.9155048767197467,-0.17388340882207917,0.9719019530501001
2015-10-27,0.765338998715153,0.7748336808976148,-1.1886462250878642,-0.5112233782979708,-1.1005515674899835,-1.1579770198273305,-0.9842704845703917,-0.4939428025644983,1.1905146677004188,-0.055417354683004544,0.20159386740016802
2015-10-28,0.6633503552959921,0.8940231951334049,-1.1728389340466117,-0.39645837068712403,-1.019169001822068,-1.1568182058863241,-0.9163938640739292,0.4168829875284877,0.7311856555107875,0.03785300033491404,0.5309184232313433
2015-10-29,0.6832236731945941,0.8255230898563183,-1.0305733146753426,-0.18988135698760114,-1.0017863178929989,-1.2402528096388243,-1.1134353244366333,-0.8615958361480494,0.052727524018047686,-0.9546910305140486,0.027951127716263263
2015-10-30,0.6773465706768341,0.7803127695185634,-1.0079914703306962,-0.2587403615541084,-1.0033665618865506,-1.2472056932848652,-1.1509980597491214,-0.9705344285742371,-0.07660943464515003,-0.4481186268299019,-0.25700196766510686
2015-11-02,0.5905646061215978,0.7775732252080891,-1.0249278535891804,-0.16692835546543136,-1.006922110872042,-1.2460468793438588,-1.1885607950616086,-1.3832745671845241,-0.20594639330834197,-0.5573171863679273,-0.24842721040217608
2015-11-03,0.5741795453755686,0.8090837335361581,-0.9628277816414043,-0.09806935089892409,-1.0033665618865506,-1.218235344759692,-1.3309056549595424,-2.330314645279732,-0.6960718090263208,-0.43733706799679517,-0.2470703768458458
2015-11-04,0.803743142902172,0.9173129800727367,-0.8384018193024051,-0.05216334785458556,-1.044452905718896,-1.2367763678158032,-1.3816484103037232,-3.0993488107683143,-0.8707905454497854,-0.581460738346872,-0.11095605801232188
2015-11-05,0.8764462202586585,0.9159437305318281,-0.883791326435143,-0.029210346332416808,-1.0353665027559737,-1.3897398080287198,-1.3954872704480816,-1.929079418809417,-1.1698430257918184,-1.107395992411402,-1.2609956369976947
2015-11-06,0.9900841865562942,1.0830841546445045,-0.8612094820904975,0.1544136658449373,-1.0788232125786468,-1.4175513426128865,-1.5061997604921233,-2.440681077348984,-1.7275909740718676,-1.2640943242986646,-1.3738323512196213
2015-11-09,1.0653994465770904,1.058424074935607,-0.6694896236044527,0.20031966888927583,-1.1068725434641904,-1.4465216911380605,-1.5042224357095368,-2.1802113737953923,-1.7209006608012127,-1.4880427534799658,-1.4790468950114277
2015-11-10,1.0554504485504894,1.1008938057342306,-0.6916198310622064,0.10850766280059877,-1.064996077635069,-1.480127295427262,-1.5022459153715313,-1.207755404918759,-1.732945470214177,-1.935097124018074,-1.3816537029399032
2015-11-11,1.0688321778818166,1.0625339140156471,-0.866629124733213,0.10850766280059877,-1.122674983399708,-1.4778096675452472,-1.5253109504269915,-1.0201939567688862,-2.1037751676392955,-1.7867969478615942,-1.592678602306576
2015-11-12,1.0218647140489319,1.0132137545978521,-0.8384018193024051,0.10850766280059877,-1.122674983399708,-1.5821029222358731,-1.5510113459331243,-1.1062611698577598,-2.345815078007378,-1.4669138331075953,-2.028222521885849
2015-11-13,0.9369804995823618,1.0597933244765156,-0.8609836636470506,0.01669565671192172,-1.2411932829160899,-1.5936910616459423,-1.5510113459331243,-0.3258923992315716,-2.2599578075770923,-1.350052791492812,-1.9221754454682893
2015-11-16,0.9858210353493116,1.121444046363088,-0.8381760008589582,-0.006257344810247034,-1.3083536526420392,-1.7130488975696576,-1.531900960442837,-0.2024362486216265,-1.9875470273569826,-2.056285069118047,-2.084807131804918
2015-11-17,0.9597214190453724,1.1474733756128939,-0.8607578452036047,-0.05216334785458556,-1.2688475528032452,-1.743178060035838,-1.6307511106805246,-0.9281867731842693,-2.41400633650481,-2.042675876520063,-2.1811319145343138
2015-11-18,0.8967785518328035,1.1502139651520253,-0.8268850786866354,-0.006257344810247034,-1.2621315158306503,-1.8057540128502132,-1.630091466123274,-0.7598373625131059,-2.201888512236289,-2.54640853453946,-2.375284927178595
2015-11-19,0.993602057494388,1.0597933244765156,-0.8268850786866354,-0.07511634937675432,-1.231711818954779,-1.8069128267912207,-1.5694636957553254,-0.13687571733031778,-1.976671390497907,-1.7804754603296733,-2.5526378247125545
2015-11-20,1.014867223312376,1.1392536974528138,-0.8609836636470506,-0.029210346332416808,-1.2210451719983046,-1.8625358959595542,-1.5800075508917628,-0.21329581324642446,-1.9443106073706204,-2.1348982367226177,-2.5071084999948123
2015-11-23,0.9814813818630715,1.170764205780883,-0.8494669230312819,-0.05216334785458556,-1.173242791193364,-1.9482881275940678,-1.643271486154965,-0.8081710972803371,-2.2341792379574676,-1.9129579347616807,-2.8791529439924397
2015-11-24,0.9877508670389565,1.133773563603208,-0.9002760728067353,-0.07511634937675432,-1.1463786433029843,-1.8532653844314986,-1.5938464110361226,0.26737137224920404,-2.063151989337878,-0.8986847665984373,-2.5631362167753724
2015-11-25,1.0430731201113432,1.170764205780883,-0.9508594041387417,-0.09806935089892409,-1.1787736451707953,-1.8799181050746578,-1.618888770874169,0.07897070545032596,-2.356268387842742,-0.612043593152335,-2.6658616047522004
2015-11-26,0.714825284066389,1.200903374110729,-1.029895859345003,-0.12102235242109284,-1.1791687061691833,-1.8683299656645886,-1.7131262358785964,-1.047082775631906,-2.064370780277168,-0.506302360342282,-2.3491044661941216
2015-11-27,0.714825284066389,1.200903374110729,-1.0073140150003574,-0.12102235242109284,-1.1981316340918042,-1.8683299656645886,-1.7131262358785964,-0.9719020319579347,-1.9449594831220256,-0.04480190680676691,-2.325910991994574
2015-11-30,0.7235724559640166,1.2214536147395862,-1.0522518852462024,-0.1439753539432626,-1.1720576081982006,-1.890347430543721,-1.6498614961708107,-0.051526280159366264,-1.6048080089367411,0.4997326990866319,-2.4128920698013703
2015-12-01,0.7494117177369356,1.170764205780883,-1.029670040901557,-0.2816933630762782,-1.2020822440756838,-1.8312479195523663,-1.663041516202503,-0.507685097763844,-1.1789235845891397,0.1885642696453583,-2.2828995217225776
2015-12-02,0.8683024292409767,1.1967935350306889,-1.0409609630738796,-0.2128343585097699,-1.2435636489064172,-1.9216354069509074,-1.7263062559102862,-0.7891710455762259,-1.2317042029588625,-0.34797917097346376,-2.561549982871475
2015-12-03,0.928035902447941,0.872103704963639,-1.0748337295908479,0.13146066432276854,-1.2404031609193138,-1.8567418262545183,-1.676881180791445,0.2656804486836293,-1.008257896281142,0.10139473451754309,-1.791945273347675
2015-12-04,0.8424915473458469,0.9721132733401373,-1.0861246517631717,0.01669565671192172,-1.2625265768290383,-1.8173421522602824,-1.5266286306523285,1.380049936443006,-0.07803387599489571,0.43290802583227583,-1.539552271994633
2015-12-07,0.8737488979609843,1.0145840493674179,-1.0802533722335634,-0.09806935089892409,-1.3316622515469276,-1.883394546897679,-1.5800075508917628,0.5102790060812111,-0.27856903021435436,0.0626648092901947,-1.6936488266692638
2015-12-08,0.7727535502644336,0.9885536748889547,-1.1423534441813394,-0.07511634937675432,-1.3415387765066262,-1.8752828493106295,-1.5806663910044314,0.6034459164903503,-0.28803862861659807,-0.3637622205290602,-1.5401924951574575
2015-12-09,0.7768279135887336,0.8351130627859641,-1.1507087265888591,-0.12102235242109284,-1.3573412164421437,-1.8474713147264639,-1.5720998606505803,1.1427273531544035,-0.17401593848433505,0.634977381982457,-1.4389300654949833
2015-12-10,0.7667123380185902,0.9159437305318281,-1.1394178044165364,-0.07511634937675432,-1.3727485953792733,-1.83356554743438,-1.601754905721886,0.5511621433832835,-0.18905122547964748,0.19842543863573137,-0.9931758854925862
2015-12-11,0.7398600379993795,0.8652532763444674,-1.1590640089963777,-0.32759936612061674,-1.438328721111671,-1.7339075485077824,-1.5767125458838396,-0.3648975711083923,-0.09772679033059954,0.6984847385431873,-0.546599213569224
2015-12-14,0.853478261773336,0.8693631154245074,-1.0743820927039551,-0.09806935089892409,-1.4572916490342922,-1.7443368739768452,-1.657111150743907,-0.5642545114926865,-0.4593941345628357,1.177649451261051,-0.11010976030724294
2015-12-15,0.8518593748316403,0.9543036222504114,-1.1080290407774784,0.01669565671192172,-1.4118596342196794,-1.8718064074876097,-1.6689726861056802,-0.6458413680510375,-0.1449642429110503,0.03318475252508812,-0.5157086169905296
2015-12-16,0.8474925753753414,0.9063537576021823,-1.1419018072944467,0.06260165975626025,-1.439513904106835,-1.837041989257401,-1.5694636957553254,0.016027044162882104,0.21957993058406894,0.09126179011403052,-0.11259365886937789
2015-12-17,0.9537961941261441,1.098153216195099,-1.1757745738114158,-0.07511634937675432,-1.465982990998827,-1.90193556995379,-1.748711646408498,-1.0758968147276613,-0.6593787215764072,-0.5672146003152011,-0.3811750748625387
2015-12-18,0.9690534632069977,1.0200631379883665,-1.2771670549188767,-0.18988135698760114,-1.4474151240745938,-1.7420192460948316,-1.6472261357201392,-0.5160577218074277,-0.2501343527831742,-0.06248887649874842,0.5329333004211548
2015-12-21,1.0901886528718217,0.987183380119389,-1.411980665656413,-0.16692835546543136,-1.5035137858456809,-1.678284479339449,-1.5437624958046114,0.8308188685563329,0.36365184357567476,0.5455645695819152,1.1912211766844822
2015-12-22,1.1131689504344422,0.9570431665608857,-1.4573701727891508,-0.07511634937675432,-1.5066742738327845,-1.7512897576228872,-1.590551406028199,0.5748201387271915,0.008089224005457947,1.018672017112889,0.4530554304376576
2015-12-23,1.0750917917958613,0.9707429785705716,-1.49124293930612,-0.006257344810247034,-1.4857360409182239,-1.7165253393926785,-1.6261376210026832,-0.41496622962927315,-0.03068914348378336,1.0113149760896452,0.7182484037480807
2015-12-24,1.0456618585287827,0.9214238643814339,-1.5928612388570267,-0.05216334785458556,-1.4292423181487486,-1.7176841533336857,-1.5747360255458354,1.2938095853629525,0.5124360833670515,1.5652169583633826,0.6621455954733876
2015-12-25,0.9239504339540711,0.9132031409926966,-1.5813444982412581,-0.07511634937675432,-1.4347731721261798,-1.8219774080243107,-1.618888770874169,0.20506074659633702,0.34766967766278223,-0.6515087335234976,0.21703509685758235
2015-12-28,0.9239504339540711,0.9132031409926966,-1.6039263425859034,-0.07511634937675432,-1.4347731721261798,-1.8219774080243107,-1.618888770874169,-0.5470852347553894,0.11054125254066705,-1.1587754384268687,0.3123577315793438
2015-12-29,0.9666868281809496,0.937863220701594,-1.5813444982412581,0.10850766280059877,-1.4438595750891021,-1.6910314326905254,-1.5727587007632489,0.12654227337558233,0.33050497288212166,0.4987532583483075,0.6130123774281515
2015-12-30,0.9889132081205715,0.9611530056409258,-1.536180809551966,0.08555466127843002,-1.491266894895655,-1.6574258284013241,-1.687425035927881,-0.45207236748229274,0.1413700339888499,0.48580424135926104,1.1595816710318416
2015-12-31,0.9300940605415013,1.0104731650587206,-1.5472459132808418,-0.006257344810247034,-1.453341039050413,-1.6840785490444845,-1.686106551257962,-0.8130288091458169,-0.03824800587173981,0.2779846369586484,0.7543251966709947
2016-01-01,0.5473901746505857,1.0433539681563555,-1.4347883284445053,-0.07511634937675432,-1.4663780519972147,-1.8127068964962552,-1.588574885690195,0.21868777280943494,-0.2291344814304637,0.08114229642525721,0.038781405640284726
2016-01-04,0.5473901746505857,1.0433539681563555,-1.4347883284445053,-0.07511634937675432,-1.4663780519972147,-1.8127068964962552,-1.588574885690195,0.21868777280943494,-0.03537075422052656,0.08114229642525721,0.32185124542675453
2016-01-05,0.5378496000825987,1.1159639125134821,-1.3893988213117674,-0.05216334785458556,-1.4948224438811462,-1.7756248503840328,-1.5668275308600716,0.03998360867785648,0.046678837647735026,-0.6823478160086613,0.4451576911759157
2016-01-06,0.6319029828904418,1.0858236989549788,-1.4006897434840901,-0.2128343585097699,-1.560797630611932,-1.7930070594991367,-1.4778623956461532,1.5453970935991672,0.3406858864607919,-1.0885413381982485,0.25064147251933766
2016-01-07,0.2761118584975038,0.9543036222504114,-1.4797261986903503,-0.2587403615541084,-1.5734395825603462,-1.9459704997120542,-1.3737407200625407,2.3046110822535555,0.8334886638638734,-2.1176435304885226,-0.457046529137886
2016-01-08,0.3529189129638107,0.9981436478186005,-1.5133731467638736,-0.32759936612061674,-1.6485011722540546,-1.9459704997120542,-1.438981175663747,1.0868424570018145,0.5000978439726278,-1.1044630010395842,-0.8610126324253683
2016-01-11,0.10090559819846452,1.0241740222970637,-1.5528913743670032,-0.23578736003193967,-1.7089455050074092,-2.0606930798717418,-1.4475485104621801,1.0244186299859301,0.7717894958220103,-2.058611077633869,-1.2967099409551577
2016-01-12,0.12673498870954472,1.0570537801660413,-1.6206369074009417,-0.35055236764278547,-1.748451604846203,-2.0919810562789287,-1.5193797805238145,0.34152251928930505,0.5507226711908733,-2.607154982813716,-0.9211557407935231
2016-01-13,0.021085341055615964,1.0515736463164356,-1.7674188956411403,-0.44236437373146253,-1.7705750207559277,-2.098933939924971,-1.5068586006047917,-0.2111593842844592,0.22490147457723964,-2.530146116299101,-1.0912206961928743
2016-01-14,0.13030221595683572,1.0734931364862015,-1.7050930052499174,-0.39645837068712403,-1.760303434797841,-2.052581382284693,-1.5964825759313774,-1.5783271009871143,0.5669983318552494,-0.9080070112459434,-0.6282968373501391
2016-01-15,-0.01705968250811164,1.0556834853964756,-1.716158108978794,-0.5571293813423094,-1.761883678791393,-2.1279042884501442,-1.480498560541408,-0.29938746514168646,0.6123481361975546,-1.5522826566368393,-1.585161995514548
2016-01-18,0.15288766304587284,1.0776040207948987,-1.6484125759448556,-0.48827037677580104,-1.818772462559256,-2.049104940461672,-1.4910424156778457,-0.31385908359794995,0.18806432848932164,0.10549756060851577,-1.502693709906203
2016-01-19,0.15288766304587284,1.0597933244765156,-1.6032488872555637,-0.48827037677580104,-1.818772462559256,-2.049104940461672,-1.4910424156778457,0.20134019990866894,0.36091532310633573,0.3824264842720568,-1.2213511977975053
2016-01-20,0.08627762205988673,1.0734931364862015,-1.5693761207385954,-0.6030353843866479,-1.8721056973416277,-2.090822242337922,-1.3776945651831312,0.9272555568824195,0.9116803920470916,0.0756155184397985,-1.5289119415509806
2016-01-21,-0.055238021580549,1.0693832974061614,-1.6145398094278873,-0.5800823828644781,-1.8096860595963333,-2.0050700107034083,-1.4304146453098971,1.2082299499209124,0.5240702429906534,0.4197405571213677,-1.1697215942214565
2016-01-22,-0.004882247121219176,1.1392536974528138,-1.653606400144125,-0.4653173752536323,-1.6963035530589952,-1.9911642434113248,-1.44293582522892,0.2664433917274005,0.6438391224831042,1.2207406156355203,-0.6959019173086564
2016-01-25,0.018837161171644436,1.1104837786638764,-1.4618865416580804,-0.5571293813423094,-1.7215874569558232,-2.001593568880387,-1.3836257350863084,0.7689016312448962,0.8622121580162242,0.4194251211680342,-0.7399840483568264
2016-01-26,-0.25685607683920547,1.1104837786638764,-1.456015262128472,-0.6030353843866479,-1.677340625136374,-1.9100472675408382,-1.2814805798406999,1.5030513117721933,1.0614861458104208,1.2200887644118417,-0.8819839690896792
2016-01-27,-0.27418754481410756,1.0474638072363955,-1.3656878847498881,-0.5800823828644781,-1.6421801962798477,-1.8486301286674702,-1.3183844750405198,0.4165215721291055,1.3680959149805572,2.1415601616050517,-0.7622321927634689
2016-01-28,-0.39837048657191165,0.9940338087385605,-1.3995606512668575,-0.6259883859088167,-1.5955629984700708,-1.8683299656645886,-1.321679480048442,0.7718363813589,1.3506872544555604,1.1884375658547122,-0.7378722814231911
2016-01-29,-0.26819692278519164,1.1447338313024196,-1.5005014954874254,-0.7637063950418322,-1.5904272054910276,-1.83356554743438,-1.3164071502579333,0.9002151445889139,0.9938034880992196,1.365040528772859,-0.0687864660883624
2016-02-01,-0.3271949869851054,1.0611636192460814,-1.512018236103194,-0.6948473904753244,-1.617686414379795,-1.8602182680775394,-1.2406220350757071,1.0095319548403676,1.271641819235116,1.2276722475573238,-0.18122410594735577
2016-02-02,-0.2294534539724373,1.0433539681563555,-1.4103999365522872,-0.9243774056970165,-1.675760381142822,-1.8613770820185467,-1.2445758801962978,0.2545899683854064,1.17380249924586,0.41702505775036686,-0.339785521965455
2016-02-03,-0.24122616762390603,0.826893384625884,-1.3878180922076417,-0.9014244041748478,-1.6204518413685107,-1.7709895946200047,-1.1523157399744584,1.16243361363684,1.1711344894431441,0.6544766838619324,0.11171335954276561
2016-02-04,-0.1822799275486516,0.7145532537806083,-1.470919279395939,-0.9243774056970165,-1.6054395234297694,-1.6863961769264981,-1.044899059382921,1.940345151764775,1.166097110509793,1.5347021999077084,1.1453930481194048
2016-02-05,-0.20685196608291048,0.791273037217775,-1.4743065560476358,-0.9473304072191858,-1.6216370243636746,-1.7536073855049008,-1.0435805747130031,1.911209395920824,1.4156172577940358,0.6717937806963729,0.8537916164539585
2016-02-06,-0.08272578408068477,0.7282530657902941,-1.4743065560476358,-1.1998134239630478,-1.6496863552492183,-1.7848953619120884,-0.713421233808048,3.6583631551606977,2.634881405814356,0.6365889093191645,1.2458076279182915
2016-02-08,-0.08272578408068477,0.7282530657902941,-1.5452135472898245,-1.1998134239630478,-1.6496863552492183,-1.7848953619120884,-0.713421233808048,3.6877866336904264,2.922173167969554,0.6464787696933075,1.3943714263524145
2016-02-09,-0.08272578408068477,0.6597529605132075,-1.5452135472898245,-1.222766425485217,-1.7085504440090213,-1.9007767560127826,-0.713421233808048,3.0092719629535267,2.8716798099285437,-1.0662860501510347,0.9079386773053142
2016-02-10,-0.08272578408068477,0.6350928808043101,-1.5452135472898245,-1.2916254300517247,-1.7286985549268061,-1.9297471045379568,-0.713421233808048,2.2399681650447243,3.237038275142093,-1.9683701836025058,0.5645411526342051
2016-02-11,-0.08272578408068477,0.5898825604665552,-1.5452135472898245,-1.475249442229079,-1.761093556794617,-1.9772584761192409,-0.713421233808048,2.2306599264736984,2.7659539687879238,-1.8336826701154059,0.6991967852504004
2016-02-12,-0.08272578408068477,0.6474234432730874,-1.5452135472898245,-1.222766425485217,-1.6433653792750114,-1.9251118487739285,-0.713421233808048,-0.0031361766174585496,2.8081505355398924,-1.1555991833550416,0.5692682473523287
2016-02-14,-0.08272578408068477,0.7693535470480091,-1.5452135472898245,-1.13095441939654,-1.6714147101605548,-1.8718064074876097,-0.713421233808048,-0.0031361766174585496,2.8081505355398924,-0.7148013288222468,0.8057426565424927
2016-02-15,-0.08272578408068477,0.7693535470480091,-1.5113407807728552,-1.13095441939654,-1.6714147101605548,-1.8718064074876097,-0.713421233808048,-0.0031361766174585496,2.3609236807714478,0.2493222303790712,0.9997347320848117
2016-02-16,-0.08272578408068477,0.7693535470480091,-1.5102116885556225,-1.13095441939654,-1.6714147101605548,-1.8718064074876097,-0.713421233808048,-0.0031361766174585496,2.5671956007174366,0.49777767937730527,0.6047681186434416
2016-02-17,-0.04366643488906219,0.7583932793487974,-1.5158571496417839,-1.0620954148300321,-1.587661778502312,-1.8185009662012899,-0.6923335235351743,0.13362157109040318,2.692381007864348,1.3709529162846128,0.775616974603108
2016-02-18,-0.06076346039527337,0.7803127695185634,-1.5158571496417839,-1.1998134239630478,-1.5880568395006998,-1.8242950359063244,-0.5934833732974892,0.7746832952966197,2.811327071697553,0.8624077050807796,0.7976726084027792
2016-02-19,-0.0569914044648102,0.7323629048703342,-1.5384389939864305,-1.1768604224408785,-1.6488962332524426,-1.8173421522602824,-0.565146008451518,0.9584564096918835,2.513076187838341,0.462493863911768,0.4183573313780759
2016-02-22,0.029968242803538634,0.8392229018660042,-1.4989207663832997,-1.1539074209187092,-1.5726494605635701,-1.7281134788027477,-0.7028773786716117,0.0652426972364723,2.1696375337173843,1.213822246306264,0.5314399135262807
2016-02-23,-0.010328715841225323,0.8529237591043473,-1.4932753052971384,-1.222766425485217,-1.639414769291132,-1.7489721297408725,-0.6185249286909535,0.6122841220152454,2.4802737334331475,1.038187040032231,0.5286124458886501
2016-02-24,0.017036889793644434,0.8501831695652158,-1.4424661555216851,-1.1998134239630478,-1.6552172092266495,-1.7698307806789983,-0.5104494079867479,1.173299755570773,2.8414409609900075,0.40916814769668963,0.28924955471479674
2016-02-25,-0.26446065017889814,0.826893384625884,-1.4481116166078465,-1.2916254300517247,-1.6026740964410537,-1.8347243613753874,-0.5137444129946713,0.5063098607848453,2.536082619964156,-0.08305897312287622,0.12782804484693627
2016-02-26,-0.23636950679881738,0.9447136493207656,-1.470693460952492,-1.1768604224408785,-1.4869212239133875,-1.707254827864623,-0.634999953730567,-0.44786790282977634,2.1273042047692954,0.9203689052713081,0.6760239901796447
2016-02-29,-0.3701522506956451,0.9529333274808457,-1.4817585646813687,-1.222766425485217,-1.4806002479391804,-1.6898726187495192,-0.5420809733960579,1.0382791536483162,2.10343540456451,0.31645398303853844,0.358473069361719
2016-03-01,-0.2986472977449416,0.9721132733401373,-1.4761131035952073,-1.0161894117856936,-1.4881064069085514,-1.6597434562833377,-0.5658048485641877,0.33473546051976255,1.627246500951923,0.7363201074327671,0.12877431546617074
2016-03-02,-0.13308155854001613,0.9529333274808457,-1.425303953819754,-0.9932364102635244,-1.4624274420133352,-1.5774676664718448,-0.4946332230598018,0.09688434551984601,1.864763312517567,1.5896678211769812,0.7532728364304373
2016-03-03,-0.12059194449744412,0.8652532763444674,-1.3688493429581392,-1.0161894117856936,-1.4873162849117756,-1.5137328997164632,-0.3872157380236835,0.7973460270691308,1.0604309781759047,2.685830054809877,1.1565756662709348
2016-03-04,-0.11375116004259127,0.8337427680163984,-1.380140265130462,-0.9014244041748478,-1.413834939211619,-1.3607694595035458,-0.3048406128256118,2.1171205324355475,1.3292266035188833,2.823908064323702,1.7981675654790115
2016-03-07,-0.07848731102830048,0.7967531710673807,-1.300877991480755,-0.83256539960834,-1.3581313384389193,-1.339910808565421,-0.34899416259852795,1.2226822352372693,1.1851505733606744,2.8421850426692346,2.429328876251549
2016-03-08,-0.06401850898688637,0.8159331169266725,-1.289812887751878,-1.0161894117856936,-1.3526004844614885,-1.4824449233092756,-0.356243012727042,1.3311674202422386,1.161497083321949,1.4331218047239818,1.9531707908260898
2016-03-09,-0.12122123743971917,0.8104529830770667,-1.3855599077731775,-0.8555184011305093,-1.3091437746388153,-1.4581098305481297,-0.3924880678141933,0.6415739760457115,1.0432270081710422,0.9503918062474723,2.2867170415844402
2016-03-10,-0.19778027645230536,0.6597529605132075,-1.4476599797209535,-0.7866593965640015,-1.3735387173760492,-1.4870801790733028,-0.29100175268125217,0.5962659002401309,1.3743837435850428,0.21261364911428673,1.9112236914002925
2016-03-11,-0.19600098150571488,0.6734527725228935,-1.4928236684102456,-0.6718943889531552,-1.3427239595017901,-1.4384099935510113,-0.3786492076698325,-0.45842910978752716,1.0883841482372074,-0.5864847350605449,1.870240403674181
2016-03-14,-0.11371537671842238,0.7351034944094658,-1.481306927794476,-0.6948473904753244,-1.3960571942841615,-1.4418864353740322,-0.47288586822967854,-0.7714234432459016,0.7808835278192061,-0.7684716495593603,1.8553925518419074
2016-03-15,-0.11238028855461474,0.7364727439503743,-1.5038887721391223,-0.6948473904753244,-1.4185756711922741,-1.455792202666116,-0.565146008451518,-1.299731387660617,0.4798324274350737,0.2113455311478592,1.7960011445128037
2016-03-16,-0.10546546963596577,0.6350928808043101,-1.5829252273453824,-0.7637063950418322,-1.3834152423357475,-1.4546333887251088,-0.5723948585800333,-1.1246484048944103,0.3863342403002944,0.030822868135755844,1.5560740609890902
2016-03-17,-0.03512162385914606,0.48028301916041094,-1.5603433830007372,-0.83256539960834,-1.3474646914824453,-1.3190521576272962,-0.34042682780009587,-0.3075145069317823,0.8094838795797045,1.3129357073042465,2.1557719783730627
2016-03-18,0.04640142595103622,0.5117924822598228,-1.543406999742252,-0.9014244041748478,-1.3486498744776092,-1.3422284364474346,-0.4109396131918121,-0.20409393952419586,0.48998460925949344,0.7461844748688007,2.02546090686421
2016-03-21,0.14179483255360587,0.5528929635175376,-1.526244798040322,-0.8096123980861708,-1.3229709095823932,-1.3190521576272962,-0.4768397133502692,-0.028025503175327014,0.7326008520110873,0.9525152615854823,1.7151145011505278
2016-03-22,0.11948948251926812,0.6022131229353326,-1.5264706164837678,-0.7637063950418322,-1.298082066683953,-1.326005041273338,-0.4478443128362142,0.7436761239652658,0.546381349726842,1.0089035838808178,1.7802559853873872
2016-03-23,0.13799933237627485,0.6570134162027332,-1.5257931611534281,-0.9014244041748478,-1.3652424364099023,-1.4511569469020877,-0.6092995582244342,-0.2383036644419312,-0.31853421522042275,0.0308047848482684,1.3517168052570054
2016-03-24,0.0697765739872424,0.6693429334428534,-1.5253415242665351,-0.83256539960834,-1.3853905473276873,-1.466221528135178,-0.6244560985941295,-1.7626706040447808,-0.3564190751820004,-1.1063926749527866,1.580915306327975
2016-03-25,0.0592760192053528,0.6419433094234817,-1.5248898873796424,-0.8784714026526785,-1.3853905473276873,-1.426821854140942,-0.6343411136178997,-1.3988979724433035,-0.0018708314023453089,-0.6370996602504767,1.1769167598882513
2016-03-28,0.0592760192053528,0.6419433094234817,-1.4449501583995963,-0.8784714026526785,-1.3853905473276873,-1.426821854140942,-0.6343411136178997,-0.9950806299950218,-0.2987072306475344,-0.8091514229146481,1.1013386813643378
2016-03-29,-0.0018110507813688212,0.5350833124278117,-1.4799520171337972,-1.0620954148300321,-1.4478101850729816,-1.5009859463653867,-0.5308782781469531,-0.5242410331120329,0.1078930652969673,-1.3179397967770348,0.6683429572669518
2016-03-30,0.12202516290431871,0.49124224163096536,-1.5133731467638736,-1.0161894117856936,-1.4478101850729816,-1.5450208761236508,-0.5882110435069782,0.13186095909343037,-0.30118221559711716,-0.7222984887570756,0.14971862499498628
2016-03-31,0.1270360621956528,0.45699218899242205,-1.5005014954874254,-1.13095441939654,-1.4478101850729816,-1.5612442712977475,-0.5401044530580537,0.5378537002086548,-0.4832463250567289,-0.7334075776218424,-0.16951671696183046
2016-04-01,0.12731492534262184,0.46110307330111927,-1.4998240401570855,-1.1080014178743707,-1.4608471980197835,-1.606438014997019,-0.6191845732482031,0.09418992860699599,-0.9796466401813115,-1.3792342519031777,-0.9283212681744456
2016-04-04,0.20003527740732846,0.44603296652186764,-1.4512730748160965,-1.13095441939654,-1.4754644549601375,-1.6585846423423314,-0.5783260284832104,0.35655871001218636,-0.71956521386405,-1.7807866936739667,-1.2050541237218595
2016-04-05,0.20003527740732846,0.4624723228420278,-1.4512730748160965,-1.2457194270073864,-1.4821804919327322,-1.6632198981063586,-0.5783260284832104,-0.30394546232832875,-0.6975511522720066,-1.2634397958951955,-0.6945043740000972
2016-04-06,0.20024750953688028,0.4350726988226561,-1.439530515756881,-1.1768604224408785,-1.4075139632374118,-1.6493141308142758,-0.6172072484656167,-0.18826988026928065,-0.7088553629738384,-0.8178738983529908,-0.7321296733834586
2016-04-07,0.13110055425811404,0.4419231274418276,-1.3582358761161553,-1.314578431573894,-1.4320077451374642,-1.8022775710271923,-0.5269244330263625,0.08051731044076083,-0.7350372410663878,-1.9013747761265218,-1.2263348311263287
2016-04-08,0.09744325310822102,0.40904232434419285,-1.3336216657804913,-1.2686724285295554,-1.2913660297113578,-1.7814189200890675,-0.4854070481487013,0.8542853815333267,-0.33829837953412956,-1.3916965435015929,-1.32353407140925
2016-04-11,0.1644641853682802,0.3693121378560438,-1.348751501491404,-1.2457194270073864,-1.2569957228516073,-1.7767836643250392,-0.3918292277015249,1.1861464466797038,0.25273566171487194,-0.9487078284169534,-1.292658120916657
2016-04-12,0.1470697880991496,0.3706824326256095,-1.3467191355003856,-1.1080014178743707,-1.200106939083744,-1.6481553168732685,-0.3740357179919923,1.2996149448862158,0.6082024372651652,0.1254137128987711,-0.7363448027047891
2016-04-13,0.20553480415972353,0.47754242962127946,-1.3081041816710417,-1.1539074209187092,-1.2084032200498906,-1.5971675034689634,-0.45706968330273245,1.0229831246429402,0.36576319234486065,0.42337305052461593,-0.5405039642913146
2016-04-14,0.22982427782382392,0.4994629650197026,-1.289812887751878,-1.0850484163522014,-1.200106939083744,-1.5902146198229214,-0.6007322234260021,-0.4708357626087995,-0.8153743490551907,1.763810653754181,-1.018438045615647
2016-04-15,0.22459867858747806,0.4720622957716737,-1.335202394884617,-1.1768604224408785,-1.2672673088096935,-1.631931921699171,-0.5473533031865677,-0.3936821481561497,-0.432831290868842,1.239155412704661,-1.0942451562752864
2016-04-18,0.16148553210817557,0.44329237698273616,-1.3586875130030482,-1.13095441939654,-1.2546253568612795,-1.6041203871150043,-0.5440582981786455,-0.952034110403251,-0.21700768806873189,1.4293072225320544,-1.0716506740361351
2016-04-19,0.17427868745231637,0.373423022164741,-1.355751873238244,-1.1080014178743707,-1.200106939083744,-1.4685391560171916,-0.4162119429823208,-0.26547194664144347,0.09588631226370221,1.448438104272579,-0.5269359251584969
2016-04-20,0.06278525278933587,0.44329237698273616,-1.311039821435845,-0.9702834087413551,-1.1973415120950284,-1.437251179610005,-0.41489426275698504,0.2618456654195208,0.6221674037806301,1.2769799568452087,0.07377763406095457
2016-04-21,0.03322699311834187,0.4583624837619878,-1.3223307436081686,-0.9014244041748478,-1.181934133157899,-1.4105984589668445,-0.44257198304570433,1.0082446851877644,0.5829406250400078,1.4318379286926468,0.2381224313815079
2016-04-22,0.055199188065592084,0.5296031785782059,-1.2995230808200762,-0.8784714026526785,-1.1625761442368898,-1.379310482559657,-0.5763495081452062,-0.18733903934345694,0.18336941049347763,2.028984879221037,0.20478211689544198
2016-04-25,0.036345077951929476,0.49124224163096536,-1.2875547033174137,-0.83256539960834,-1.2020822440756838,-1.408280831084831,-0.5091309233168299,0.2186554248747796,0.4005506080664502,1.565119644366559,0.09162729475425399
2016-04-26,0.0655973285058956,0.45425264468194776,-1.3214274698343829,-0.7637063950418322,-1.1637613272320537,-1.433774737786984,-0.4873843729312877,-0.448089265766042,0.13474219340459173,0.27375521316404283,0.28552171121602077
2016-04-27,0.04772417503754439,0.42959256497305026,-1.344912587952814,-0.9243774056970165,-1.154674924269131,-1.4859213651322964,-0.4412543028203686,-0.16790657825380248,0.4681040352347286,-0.3716438606631035,0.255407429667895
2016-04-28,0.037702376454876195,0.3432828086062377,-1.4002381065971972,-0.9932364102635244,-1.0981812014996557,-1.4604274584301433,-0.3338368177842491,0.678827249764919,0.654723052946931,-0.3786226798595141,0.4234253668294557
2016-04-29,0.03348117811071194,0.25012262362025367,-1.3889471844248735,-1.0161894117856936,-1.096600957506104,-1.339910808565421,-0.17765390218653782,2.5387091035995972,1.4198879215736802,0.30454186007344586,1.0974377316956236
2016-05-02,0.1272014058314666,0.18847190173368142,-1.394141008624143,-0.9014244041748478,-1.0894898595351212,-1.379310482559657,-0.16776888716277003,2.155266458057503,1.313319111341948,0.22618373278469223,1.1608507259653473
2016-05-03,0.1272014058314666,0.230942677760962,-1.394141008624143,-1.0620954148300321,-1.1973415120950284,-1.4893978069553175,-0.16776888716277003,2.012396340085258,1.313319111341948,-0.42500465834478424,0.730436932079526
2016-05-04,0.12123916368033986,0.26382243562993957,-1.3772046253656578,-1.1080014178743707,-1.1977365730934164,-1.5647207131207683,-0.2824344178828201,0.9927883367421007,1.0753407070901806,-0.6098678509344533,0.36437357283738125
2016-05-05,0.13002705453305616,0.346022352916712,-1.3654620663064423,-1.1768604224408785,-1.1459835823045965,-1.6400436192862202,-0.29495559780184283,0.23753896582603734,0.7356022021277553,-1.3882216207669713,0.7021333961860994
2016-05-06,-0.0012705991956500301,0.36109245969596365,-1.3656878847498881,-1.1080014178743707,-1.1376873013384496,-1.6400436192862202,-0.15327038246115965,0.1450233626493422,1.049604573488657,-2.269312367766211,0.6117696825361358
2016-05-09,-0.10871434868892788,0.3967128071040727,-1.4103999365522872,-1.1539074209187092,-1.2234155379886325,-1.75013094368188,-0.33317797767158186,-1.0070295412386294,0.17995156442460739,-2.8257659724915567,0.13081397091648106
2016-05-10,-0.10506938525465051,0.4158927529633644,-1.3693009798450322,-1.1539074209187092,-1.160995900243338,-1.7825777340300748,-0.3443806729206865,-1.0750204321373984,0.08880970709264409,-2.2811961148253737,-0.5291462158081397
2016-05-11,-0.09444420579203579,0.35150248676631785,-1.352364596586547,-1.2457194270073864,-1.0792182735770348,-1.7570838273279217,-0.27386788752897034,0.04956589732016495,0.5751489065969964,-1.5177008222273414,-0.6265383656488686
2016-05-12,-0.08809945224462437,0.39534251233450696,-1.3749464409311936,-1.1998134239630478,-1.065391138633457,-1.8242950359063244,-0.3022044479303569,-0.047798407147999815,0.9565188477633108,-1.47552729798303,-0.9247115812001527
2016-05-13,-0.10735211455506137,0.45973277853155353,-1.3580100576727094,-1.2916254300517247,-1.0408973567334048,-1.8254538498473318,-0.29166059279392065,-0.8416185347091238,0.8132921294727293,-1.484831814481713,-0.7676717357657923
2016-05-16,-0.06968584719055437,0.45425264468194776,-1.307200907897255,-1.1998134239630478,-0.9840085729655415,-1.7906894316171231,-0.28177557777015166,0.31502006074564476,0.8340165247266793,-0.329110598303216,-0.7352045614587246
2016-05-17,-0.07763961641782269,0.45151310037147346,-1.3015554468110937,-1.1768604224408785,-0.9753172310010069,-1.7906894316171231,-0.2633240323925329,0.4992403991302024,0.47692731669906047,-0.0631550527175836,-1.24923906407485
2016-05-18,-0.1279633092761754,0.5241230447286,-1.2451008359494788,-0.9243774056970165,-0.9666258890364723,-1.8150245243782688,-0.27979905743214745,-0.03958805920465131,0.4208904536736353,-0.4725039581050802,-1.45929294069095
2016-05-19,-0.12725628014691323,0.5528929635175376,-1.233809913777156,-0.9702834087413551,-1.0424776007269565,-1.8555830123135122,-0.40830425274113824,-0.6574133575526914,0.10413871700580057,-0.25695856998326233,-1.7134497678595568
2016-05-20,-0.09853831164001656,0.5556325078280119,-1.2563917581218016,-0.9702834087413551,-0.9820332679736019,-1.8683299656645886,-0.4201657881029126,-0.7945820408309202,0.49701102411955145,-0.3536556336665981,-1.8735691712225668
2016-05-23,-0.07631439951585539,0.5446732853574575,-1.2451008359494788,-0.9932364102635244,-1.0124529648494731,-1.869488779605595,-0.4287331229013447,-0.907161380070653,0.25177937202293554,-0.6485032104010875,-1.7758228606367759
2016-05-24,-0.11277267121273898,0.5912528552361209,-1.290264524638771,-0.9473304072191858,-0.9867739999542571,-1.8428360589624355,-0.5750310234752882,-1.9164284729039252,-0.28209965076335913,-0.4278405218526546,-1.5806748565391557
2016-05-25,-0.12159881320508405,0.5611126416776178,-1.2787477840230013,-0.9243774056970165,-0.9689962550268,-1.7617190830919491,-0.6106172384497711,-2.03772071987064,-0.5383714754969885,0.44744565463393177,-1.0703965446865875
2016-05-26,-0.11173989044276976,0.5364525619687203,-1.2787477840230013,-1.0161894117856936,-0.9433172901315837,-1.7594014552099355,-0.6330234333925627,-1.406682874610321,-0.935830603425649,0.8110136145684927,-1.1561374956779888
2016-05-27,-0.11425089267322139,0.5844024266169494,-1.2674568618506785,-0.9702834087413551,-0.9603049130622651,-1.7211605951567057,-0.6745400138256417,-1.5941851249901844,-1.5231252767345553,1.2421904722770698,-1.445454727156441
2016-05-30,0.02854061155998449,0.6350928808043101,-1.1940658677305795,-0.9932364102635244,-0.9535888760896704,-1.76519552491497,-0.667950003809795,-1.5009344010849237,-1.5314218923182232,0.8816395204092072,-1.474381524770492
2016-05-31,0.02854061155998449,0.6350928808043101,-1.1771294844720945,-0.9932364102635244,-0.9535888760896704,-1.76519552491497,-0.667950003809795,-0.5954357040024929,-1.5314218923182232,0.6536896213667027,-1.071133095894295
2016-06-01,0.025434865803696364,0.5761827484568693,-1.154321821684002,-0.9702834087413551,-0.9713666210171275,-1.8173421522602824,-0.6870611937446657,-0.4925685359232633,-1.2565090044871146,-0.45388341682052746,-0.9943526284679323
2016-06-02,0.03883140202778291,0.5898825604665552,-1.1148035940808714,-1.0620954148300321,-0.9618851570558171,-1.8254538498473318,-0.7009000538890253,-0.4389272161628543,-1.262465730709889,-0.5394575345857217,-0.7359137391349048
2016-06-03,0.07228510840223488,0.3802724055552553,-1.10915813299471,-1.2916254300517247,-0.9836135119671536,-1.7292722927437552,-0.5012232330756474,1.1153920975917977,-1.064748509640764,-0.06231658373804675,-0.3441942287557788
2016-06-06,0.06293702344011988,0.3624627544655294,-1.134223980217267,-1.2457194270073864,-0.9662308280380844,-1.7165253393926785,-0.47156818800434164,1.2632028000803086,-0.434988523860223,0.4047293960705187,0.15916028426096981
2016-06-07,0.05953760764410256,0.3528727815358836,-1.1274494269138737,-1.2686724285295554,-0.9338358261702734,-1.8706475935466023,-0.47288586822967854,1.2547059348215615,-0.40474188378428405,-0.864592744679608,-0.3500166520175325
2016-06-08,0.041760698978687304,0.31999197843824884,-1.1260945162531952,-1.2916254300517247,-0.8955149093266433,-1.8463125007854566,-0.37139955309673855,2.037231894546421,-0.3055979595741296,-0.2372876167884701,-0.35291865142544915
2016-06-09,-0.106194709104367,0.3898623784849012,-1.1315141588959097,-1.3604844346182325,-0.9010457633040743,-1.8996179420717763,-0.20928546759584896,3.180069245702865,0.2843073231736953,-0.6145679145394622,-0.2993162066369716
2016-06-10,-0.106194709104367,0.4583624837619878,-1.1315141588959097,-1.4522964407069097,-0.9362061921606009,-1.9204765930099013,-0.20928546759584896,1.8409749331634016,0.2512705559115846,-1.5592943360239848,-0.38271946554121344
2016-06-12,-0.106194709104367,0.42685302066257597,-1.1315141588959097,-1.4982024437512476,-0.9496382661057909,-1.869488779605595,-0.20928546759584896,1.6476597745505872,0.22037351357098384,-1.2434144868270953,-0.31170437496764897
2016-06-13,-0.106194709104367,0.42685302066257597,-1.1482247237109477,-1.4982024437512476,-0.9496382661057909,-1.869488779605595,-0.20928546759584896,1.656219779940493,0.16289486190580765,0.013645962098839526,-0.31170437496764897
2016-06-14,-0.09640611908266014,0.5035728040997427,-1.2216157178310476,-1.4982024437512476,-1.0081072938672058,-1.8996179420717763,-0.20137777735466644,1.0540620610545388,0.23867466215752808,-0.4425637571407955,-0.33783077777405657
2016-06-15,-0.02052326150608702,0.45973277853155353,-1.2329066400033704,-1.5441084467955861,-1.0243047948011113,-1.7837365479710812,-0.20005929268474842,0.05313355998530042,0.6504327410829902,0.9853760622397352,0.3250216058241588
2016-06-16,-0.04728548626101025,0.45425264468194776,-1.2665535880768928,-1.612967451362094,-1.0958108355093283,-1.8799181050746578,-0.13218267218828714,0.46710788776722734,0.9023192455087387,0.34893140515758686,-0.030248513484528707
2016-06-17,-0.02049611553602816,0.4049324852641528,-1.2837157897788238,-1.4982024437512476,-1.0598602846560257,-1.8729652214286159,-0.15590654735641457,0.32241778382163977,0.8555119267854288,-0.025367464529411517,0.004367581983651182
2016-06-20,-0.018602067170551337,0.3227325679773803,-1.2606823085472845,-1.3834374361404018,-0.9765024139961707,-1.7779424782660465,-0.17238157239602914,0.22193786354747222,1.2874207455108362,0.7743591243411989,0.2946916038828064
2016-06-21,-0.04156509002495409,0.3789021107856896,-1.2778445102492155,-1.2916254300517247,-0.9962554639155676,-1.7269546648617413,-0.30088676770502115,-0.6094674486213792,0.9937855012270286,1.4663038283366199,0.16433068140564785
2016-06-22,0.002586596368179938,0.33780267475663195,-1.2999747177069692,-1.3375314330960633,-0.9863789389558691,-1.6840785490444845,-0.3173617927446357,-0.7177761980498799,1.015726294739579,0.827794197334918,0.33349068153308337
2016-06-23,-0.017158395126508255,0.3117723002781687,-1.2999747177069692,-1.222766425485217,-0.9784777189881103,-1.6180261544070882,-0.3621741826302191,-1.393174604606547,1.0103167535878663,2.2128524686255977,0.4461826308036292
2016-06-24,-0.06981664140992964,0.5748124536873036,-1.4126581209867526,-1.612967451362094,-1.0551195526753705,-1.7350663624487896,0.02531872807934335,1.0952162663890954,2.2453341098952215,1.1653174121303127,0.14507085608401976
2016-06-27,0.0027210923107446614,0.7241432267102541,-1.5251157058230893,-1.8654504681059558,-1.1191194344142166,-1.710731269687644,0.04179375311895673,1.2974323169426232,2.2987878848975147,0.5588833558459991,0.2467291482956651
2016-06-28,0.02933031250715356,0.684413040222105,-1.4573701727891508,-1.8654504681059558,-1.0709219926108882,-1.596008689527956,-0.005653997217299332,1.8171656137230794,2.2121394232652682,1.0739300054689411,0.9538283680266766
2016-06-29,0.04908887698687157,0.6186524792554927,-1.4627898154318661,-1.773638462017279,-0.987564121951033,-1.5658795270617756,0.05101992803005725,2.272654544066804,2.4457128518297218,0.9613974814629724,1.1171569769256497
2016-06-30,0.05525718172890003,0.6693429334428534,-1.5023080430349969,-1.796591463539448,-1.001391256894611,-1.5438620621826435,0.014774872942907098,2.3381376919588353,1.6360178962022554,0.5967650690985046,0.788072626161908
2016-07-01,0.053744410851978314,0.6022131229353326,-1.5865383224405265,-1.8654504681059558,-1.0171936968301285,-1.4940330627193448,0.13537157356613433,0.6499655748089053,1.9180866772768068,1.9767829861862882,0.9394530037105054
2016-07-04,0.12905350133412444,0.6734527725228935,-1.5242124320493036,-2.072027481805479,-1.0025764398897745,-1.5716735967668103,0.2651952535450443,1.3201199351094854,2.333767093007542,1.1364697867291214,1.2958127055711834
2016-07-05,0.12905350133412444,0.6734527725228935,-1.4790487433600115,-2.072027481805479,-1.096600957506104,-1.5716735967668103,0.2651952535450443,1.609945306751734,1.9876757471183815,0.19757720326468958,1.1859401821509332
2016-07-06,0.1447722519059794,0.6583826657436418,-1.5126956914335339,-2.04907448028331,-1.0942305915157764,-1.6412024332272266,0.32121033867973364,1.595568497937088,1.623941629599269,-0.5920494102738214,1.1293844653515945
2016-07-07,0.13617561675140621,0.6953733079213166,-1.5802154060240254,-2.0031684772389715,-1.0851441885528539,-1.710731269687644,0.2895779688258414,1.6296447643357324,1.526870848696482,-1.3106332965305367,0.9242820349639909
2016-07-08,0.11464145904828794,0.6912634688412765,-1.591506328196348,-2.072027481805479,-1.1404527283271653,-1.7211605951567057,0.26651293377038127,0.7653910454864555,1.4560907909668506,-1.7679711473942252,0.6524082768607948
2016-07-11,0.1309401462532208,0.7282530657902941,-1.5346000804478406,-1.9343094726724637,-1.1598107172481744,-1.6551082005193105,0.2559690786339438,-0.05641902073829577,1.4237346868700875,-0.6569833925756712,0.9343801822653501
2016-07-12,0.21892023521424014,0.7104434147005683,-1.512018236103194,-1.704779457450771,-1.0539343696802068,-1.5033035742474004,0.11823770841385128,-0.8518428232024228,0.9758942069905396,0.5454405316281067,1.7218103602186605
2016-07-13,0.2388540145916108,0.680303201142065,-1.4835651122289402,-1.8195444650616173,-1.134921874349734,-1.440727621433025,0.17293511332320485,-0.8541199026805096,1.1393681597160539,1.6139459156726126,1.4575855744847694
2016-07-14,0.2353114654989195,0.6611232552827733,-1.5059211381301398,-1.704779457450771,-1.0819837005657504,-1.433774737786984,0.09978616303623371,-1.0962367667146018,0.7014210643145026,2.2596105901390633,1.927934982613767
2016-07-15,0.23070158621981968,0.7296233605598599,-1.5339226251175007,-1.5441084467955861,-1.0725022366044399,-1.455792202666116,0.06815379318234029,-1.1485275733213645,0.6792690208634029,2.1698189212198193,1.8013842590436642
2016-07-18,0.21491990635373698,0.7268827710207284,-1.5339226251175007,-1.5670614483177554,-1.1080577264593543,-1.4476805050790669,0.080674973101363,-1.0165376260124974,0.7691880497506891,1.6744403984531289,1.4024793129199262
2016-07-19,0.20406028442243213,0.7940136267569065,-1.550633189932539,-1.6359204528842632,-1.0942305915157764,-1.3874221801467062,0.10110384326156824,-0.1037413866280001,1.2430918586702717,0.9095360371536733,1.4265259320902177
2016-07-20,0.19031085058757966,0.8145628221571067,-1.5960226970652778,-1.5670614483177554,-1.0894898595351212,-1.408280831084831,0.017411037838162027,-0.910683291716862,1.0366104322953167,0.25441493203431415,1.1524481873366381
2016-07-21,0.2107246200719005,0.7871631981377349,-1.6389282013201043,-1.612967451362094,-1.12227992240132,-1.397851505615768,0.09451383324572266,-0.03415891452425968,1.4232263673960066,0.28088582516598043,0.9119780500542977
2016-07-22,0.17494746544194975,0.8515534643347815,-1.6161205385320119,-1.612967451362094,-1.1519094972804154,-1.4511569469020877,0.04574759823954859,-0.13545278476594919,0.056999976046141106,0.03978413811352394,1.1979248007207854
2016-07-25,0.18355150404290338,0.826893384625884,-1.5797637691371325,-1.5900144498399247,-1.1708724252030367,-1.4940330627193448,0.020706042846084224,-0.35676766632220686,-0.0668476087937329,-0.35448071761909783,0.9144331035015862
2016-07-26,0.23954993855130302,0.8090837335361581,-1.6147656278713334,-1.612967451362094,-1.1787736451707953,-1.4743332257222272,0.02993141331260248,-0.42185658270320514,0.10263639926112704,-0.6603357060059781,0.510424070628183
2016-07-27,0.14218844911946044,0.7940136267569065,-1.6025714319252249,-1.7277324589729404,-1.2095884030450545,-1.5681971549437894,0.06881263329500875,0.3021809372349537,0.048971999675425704,-1.2231660239677689,0.009907358427292196
2016-07-28,0.15254710451240563,0.7515428507296259,-1.6251532762698704,-1.7277324589729404,-1.245538953898357,-1.5044623881884076,0.10637617305207929,0.06670458799089396,0.2698495380252271,-0.8125171558796248,0.17663849486017677
2016-07-29,0.125457894209045,0.5857727213865151,-1.6475093021710698,-1.8654504681059558,-1.2893907247194183,-1.4754920396632336,0.21642901853887025,1.0073888886530722,0.2350103044213993,-0.18438047833900104,0.09257458997253927
2016-08-01,0.07721333587566132,0.6104328010954126,-1.6335085586773899,-1.7506854604951096,-1.3126993236243065,-1.5230034112445188,0.23224520346581637,1.2528958169532136,-0.09974674523926942,-0.22211197733318408,0.21474969119845538
2016-08-02,0.10054282932585902,0.5213824551894686,-1.6420896595283554,-1.6588734544064325,-1.3194153605969015,-1.5009859463653867,0.31791533367181024,1.704980690986749,0.14919557710889153,-0.20323762060491066,0.30320893333361604
2016-08-03,0.1090913420789646,0.5898825604665552,-1.6588002243433937,-1.6588734544064325,-1.3016376156694442,-1.5253210391265324,0.26321792876245786,1.1448102203783428,-0.1714659937683596,0.3432735968917191,0.4912690036228628
2016-08-04,0.12356631365902884,0.6172832297145842,-1.6642198669861081,-1.7506854604951096,-1.2668722478113057,-1.5797852943538586,0.28101143847199045,1.0236580271116007,-0.02882481060459265,-0.5849115950227924,0.5601729846571516
2016-08-05,0.11882440625282496,0.676193362062025,-1.7003508179375417,-1.5670614483177554,-1.2218352939950807,-1.6261378519941363,0.13339505322812892,-0.4853030086648796,-0.3907598197430328,-1.1670982578211198,0.41260037287623264
2016-08-08,0.1672441794838605,0.7049632808509625,-1.7143515614312226,-1.5670614483177554,-1.1914155971192093,-1.602961573173998,0.11362502318059216,-0.690723974454325,-0.4180538448645729,-0.6234138102712818,0.23222907701341297
2016-08-09,0.20347294434297378,0.6748230672924592,-1.7927105613071441,-1.6588734544064325,-1.1862798041401663,-1.638884805345213,0.15052891838041196,-0.9641552203842211,0.0914013268478292,-1.0733402027148196,-0.5182531646091589
2016-08-10,0.18513213984497187,0.6022131229353326,-1.8322287889102746,-1.773638462017279,-1.232897001949943,-1.5913734337639287,0.18545629324222757,-0.4523231797207302,0.03276410253776338,-0.5145525269391578,-0.5707729515729676
2016-08-11,0.15416475754637177,0.6309830417242701,-1.8491651721687588,-1.612967451362094,-1.1523045582788036,-1.5473385040056644,0.17359395343587214,-0.6223960360397992,0.21451635849838807,0.26131009093505475,-0.4249519624700984
2016-08-12,0.2232858007628095,0.6118030958649784,-1.8884575813284425,-1.7506854604951096,-1.117144129422277,-1.6632198981063586,0.12944120810753945,-0.026312080546242567,0.1781049988629729,-0.29302663451726957,-0.7955146168418539
2016-08-15,0.3427909983163662,0.5994725333962011,-1.956203114362381,-1.6588734544064325,-1.0306257707753181,-1.6354083635221919,0.1590962531788452,0.26399817996100533,0.22868196038048938,-0.25471470421731823,-0.7169850564266654
2016-08-16,0.33322451168605,0.48439285824045103,-1.8997485035007662,-1.612967451362094,-0.992699914930076,-1.5890558058819142,0.22631403356263805,0.4402241635207418,0.3666431320614626,0.4038921839245765,-0.7624331013951546
2016-08-17,0.3381922242068363,0.47480288531080517,-1.8432938926391504,-1.6359204528842632,-0.9804530239800502,-1.6330907356401783,0.17491163366120904,-0.06458164413209051,0.46671780254783385,-0.32783764704842605,-0.8557566844533177
2016-08-18,0.32370614745720294,0.3980831018736385,-1.865875736983797,-1.704779457450771,-0.9456876561219114,-1.5971675034689634,0.23092671879589718,0.33139923739545013,0.40010845752120583,-0.38890905032662315,-0.7549882164948177
2016-08-19,0.32872445019491675,0.44603296652186764,-1.820712048294505,-1.5900144498399247,-0.948453083110627,-1.599485131350977,0.15975509329151247,0.17463184942042886,0.335623885875753,0.5180261189634723,-0.5628656631714344
2016-08-22,0.2864495374590395,0.4474022160627762,-1.865875736983797,-1.6588734544064325,-0.9994159519026711,-1.6597434562833377,0.1419615835819799,-0.10328070016564729,0.35825590599920143,-0.1913227643500772,-0.6365038250771323
2016-08-23,0.2932471351433438,0.4501428056019077,-1.775548359605213,-1.6588734544064325,-0.9757122919993947,-1.718842967274692,0.1610727735168494,-0.3815624276707491,0.38737488739403836,-1.0276790259214956,-0.9446156357951949
2016-08-24,0.286517402384187,0.48439285824045103,-1.7529665152605665,-1.6359204528842632,-1.0207492458156198,-1.811548082555248,0.05431493303798064,-0.7067104595061053,-0.04707379997794754,-1.4270118148765516,-0.9578280094685107
2016-08-25,0.25244797605248903,0.4816522687013195,-1.775548359605213,-1.5900144498399247,-0.9539839370880582,-1.8138657104372615,0.025977568192011816,-1.191310069188848,-0.24184992365254773,-1.7212372007621306,-1.2075833855633888
2016-08-26,0.25939611047984773,0.5912528552361209,-1.8374226131095432,-1.4982024437512476,-0.9377864361541528,-1.8080716407322268,0.035203743103112334,-0.7310291322041653,-0.5334972024900568,-1.6574249181275256,-1.2920695381460645
2016-08-29,0.26198855062047594,0.5926231500056867,-1.806485486357378,-1.612967451362094,-0.9377864361541528,-1.8196597801422971,0.04442991801421166,-0.5742733570714842,-0.5517770989006893,-1.2852194698528165,-1.161309950009015
2016-08-30,0.26688469649292446,0.6570134162027332,-1.7019315470416672,-1.612967451362094,-1.0057369278768782,-1.8242950359063244,-0.029378676830010227,-1.1159911749925522,-1.0072577954676352,-0.8563995034533154,-1.2618515713189253
2016-08-31,0.2788486658425371,0.652902531894036,-1.7249650282732056,-1.5900144498399247,-1.0057369278768782,-1.823136221965317,-0.06101024223932018,-0.6852525068195598,-0.9463581650170362,-0.09246460035690846,-1.1664591886655835
2016-09-01,0.24888074880519878,0.6022131229353326,-1.7188679303001513,-1.612967451362094,-1.1199095564109927,-1.826612663788338,-0.026083671822086835,-0.3120669621239496,-0.8947878794991057,-0.10215112463003355,-0.9740585914656462
2016-09-02,0.2564680474366721,0.6337225860347444,-1.7188679303001513,-1.5441084467955861,-1.08395900555769,-1.8208185940833035,0.0391575882237018,0.020301037590831225,-0.2819353243500955,-0.10202376221117856,-0.7714673975066658
2016-09-05,0.31298719100711214,0.48850269732049106,-1.7073511896843816,-1.6588734544064325,-1.0539343696802068,-1.7930070594991367,0.21906518343412398,1.0309540361864789,0.3076758250522107,0.22588184691950258,-0.7490848754119341
2016-09-06,0.31298719100711214,0.48850269732049106,-1.6791238842535747,-1.6588734544064325,-1.0740824805979916,-1.7930070594991367,0.21906518343412398,1.4805678312802142,0.1977425959370455,0.26474022059790936,-0.6083412397404767
2016-09-07,0.3139459373132845,0.5076826431797827,-1.6283147344781215,-1.6818264559286018,-1.0428726617253443,-1.772148408561012,0.18545629324222757,1.4741651842873762,-0.003999698182284436,0.4288762979237219,-0.7099271286582344
2016-09-08,0.3182275971362166,0.5172726161094285,-1.650896578822767,-1.5211554452734168,-0.9547740590848341,-1.7663543388559773,0.13603121812338384,0.9646432648740281,-0.1142805251964232,0.506509722816026,-0.8565172803860497
2016-09-09,0.28693322928918064,0.5597423469080519,-1.667832962081252,-1.3834374361404018,-0.988749304946197,-1.7837365479710812,0.09187766835046772,0.3092309107409995,-0.11483603261896565,0.31282228639649334,-0.47391037303974853
2016-09-12,0.19705909196268526,0.5268625890390745,-1.6140881725409946,-1.3604844346182325,-1.0104776598575334,-1.7663543388559773,0.03190873809518894,-1.0896057740063234,-0.3780237646591777,0.22465919522000244,-0.5136019500392854
2016-09-13,0.19877915933823825,0.5994725333962011,-1.6732526047239664,-1.2457194270073864,-1.0634158336415174,-1.76519552491497,0.018728718063496567,-1.1661176517109813,-0.6098413648862632,0.2342578199988158,-0.6909048620121429
2016-09-14,0.16795491033631368,0.5583730973671434,-1.6901889879824517,-1.314578431573894,-1.0962058965077162,-1.6412024332272266,0.035203743103112334,-0.878682524759676,-0.41410847220842395,1.083880298274449,-0.013782428666060121
2016-09-15,0.20693282161775892,0.5528929635175376,-1.6730267862805206,-1.2916254300517247,-1.0890947985367334,-1.6330907356401783,-0.01751633702365478,-0.9029029607554061,-0.7287098419308083,1.1016863870545883,-0.12585080446839242
2016-09-16,0.20693282161775892,0.6652330943628134,-1.6730267862805206,-1.314578431573894,-1.1116132754448458,-1.6330907356401783,-0.01751633702365478,-0.6473985113639055,-0.5252681248356859,1.249326155116488,-0.11655464999946702
2016-09-18,0.20693282161775892,0.6282424521851385,-1.6730267862805206,-1.314578431573894,-1.0807985175705865,-1.638884805345213,-0.01751633702365478,-0.2962241676544118,-0.47389267267839935,1.0539561452394886,0.1044959857831253
2016-09-19,0.20693282161775892,0.6282424521851385,-1.6843177084528433,-1.314578431573894,-1.0807985175705865,-1.638884805345213,-0.01751633702365478,-0.21839327026203476,-0.5290644514537347,1.0441623541927614,0.35007717851801273
2016-09-20,0.19797588540603936,0.652902531894036,-1.723610117612527,-1.3375314330960633,-1.1124033974416216,-1.6226614101711154,-0.01619865679831785,-0.3078342668476972,-0.21385055350907303,0.15279765447405266,0.8158573254347493
2016-09-21,0.2077977909364552,0.6035834177048983,-1.7039639130326856,-1.406390437662571,-1.082773822562526,-1.6469965029322622,0.07078995807759522,0.5235053375980456,0.12979791973623603,-0.10760808171999736,0.7233349078853101
2016-09-22,0.2413193622360547,0.5748124536873036,-1.7179646565263655,-1.475249442229079,-1.0345763807591977,-1.5508149458286855,0.15975509329151247,1.054076045696756,0.36748281159253543,0.6635926918855984,1.1034330882852932
2016-09-23,0.22548339042985352,0.5789233379960008,-1.7491276017219777,-1.4982024437512476,-1.0543294306785946,-1.5392268064186163,0.1386665785740565,0.9283082585800737,0.276769823365461,0.8038935425418229,1.2039569066439766
2016-09-26,0.1424574410045899,0.5556325078280119,-1.785484371116857,-1.5670614483177554,-1.058280040662474,-1.5438620621826435,0.15514160361367108,1.0265620934131703,0.5504558099985313,0.7666841138332431,1.2050991083292568
2016-09-27,0.16970335758965507,0.573443204146395,-1.7884200108816612,-1.6359204528842632,-1.1238601663948717,-1.6087556428790326,0.06419994806174963,0.47627243659571955,0.3736197977625669,0.11515760414512045,0.9255592475792624
2016-09-28,0.1582070392696947,0.5720729093768293,-1.7658381665370149,-1.612967451362094,-1.102526872481923,-1.5693559688847967,0.021364882958751493,-0.29492095997427764,0.1385216987093436,0.6281628904196966,1.1076162563767389
2016-09-29,0.1737184933429176,0.5871430161560809,-1.7572570656860493,-1.6359204528842632,-0.9863789389558691,-1.55660901553372,0.036521423328448065,-0.7233284517034124,-0.011858663530072673,-0.0418148270031897,1.135686562353381
2016-09-30,0.18790966614509302,0.5761827484568693,-1.7626767083287647,-1.5441084467955861,-0.9938850979252399,-1.5090976439524348,-0.018834017248990514,-0.9257912042981967,-0.698878987488729,0.24101944509897963,1.212037786737749
2016-10-03,0.28412115357262097,0.6159129349450184,-1.810324399895968,-1.475249442229079,-0.9792678409848863,-1.5519737597696919,-0.4162119429823208,-3.343939350835212,-1.8595793590190015,-0.060009652837571224,1.031896176975738
2016-10-04,0.28412115357262097,0.6666033891323792,-1.810324399895968,-1.3375314330960633,-0.9713666210171275,-1.6099144568200399,-0.4162119429823208,-2.8414242575404125,-1.768078449004911,-0.005355739185489144,0.6978997159577576
2016-10-05,0.28412115357262097,0.6679726386732877,-1.810324399895968,-1.2686724285295554,-0.9413419851396442,-1.6157085265250746,-0.4162119429823208,-2.6010894137137046,-1.6322493435403258,-0.3630934463916448,0.6486713182535069
2016-10-06,0.28412115357262097,0.7405836282590715,-1.810324399895968,-1.1998134239630478,-0.9188235082315316,-1.6365671774631994,-0.4162119429823208,-2.686398500601336,-1.5096119091675788,-0.6275671971278529,0.636349848683254
2016-10-07,0.28412115357262097,0.7214026371711226,-1.810324399895968,-1.2457194270073864,-0.9049963732879537,-1.6180261544070882,-0.4162119429823208,-2.3733814089507415,-1.3410546858682098,-0.8483784724022624,0.6389872704124392
2016-10-08,0.28412115357262097,0.8830629274341933,-1.810324399895968,-1.1539074209187092,-0.8635149684572202,-1.5392268064186163,-0.4162119429823208,-0.0031361766174585496,-1.3036972872246162,0.10446619662106857,0.9631780648348599
2016-10-09,0.28412115357262097,0.8830629274341933,-1.8751342931651014,-1.1539074209187092,-0.8635149684572202,-1.5392268064186163,-0.4162119429823208,-0.0031361766174585496,-1.3503763674442404,0.5680614025236366,0.43462170821818513
2016-10-10,0.28412115357262097,0.8830629274341933,-1.8807797542512628,-1.1539074209187092,-0.8635149684572202,-1.5392268064186163,-0.4162119429823208,-0.0031361766174585496,-1.2003778430506526,0.6150099214119862,0.4009570110476422
2016-10-11,0.28412115357262097,0.8830629274341933,-1.8581979099066173,-1.1539074209187092,-0.9053914342863418,-1.567038341002782,-0.4162119429823208,-0.0031361766174585496,-1.2003778430506526,0.5617733176708538,0.2878462547620874
2016-10-12,0.27709651686600467,0.9200535696118681,-1.7988076592801983,-1.1080014178743707,-0.9429222291331959,-1.5878969919409078,-0.4287331229013447,-0.08141561275234628,-1.237950532037442,0.24474598684748897,0.2268185523904487
2016-10-13,0.27809721603499604,0.8584028477252958,-1.8186796823034865,-1.1998134239630478,-0.9524036930945065,-1.7142077115106649,-0.4030319229506296,0.07926217106220415,-1.1608281523112016,-1.3732792357903503,-0.28748889022125185
2016-10-14,0.2777689965788291,0.9269029530023825,-1.8317771520233819,-1.0850484163522014,-0.9689962550268,-1.7408604321538244,-0.4155531028696535,0.0009827349273107018,-1.2021724496409556,-1.5830468609906565,-0.4605116991462766
2016-10-17,0.23759172698387046,0.9090933019126566,-1.8426164373088116,-1.1539074209187092,-0.9516135710977305,-1.7489721297408725,-0.4069857680712203,0.05454367259750777,-1.423197656848214,-1.6468891817037905,-0.39668810543863303
2016-10-18,0.2965478383209652,0.9104635966822223,-1.8288415122585777,-1.1998134239630478,-0.9318605211783335,-1.7524485715638936,-0.3648095430808918,0.3182193910116308,-1.5464872958381204,-1.4633745904353368,-0.7875668356498956
2016-10-19,0.2887014190662012,0.9063537576021823,-1.896812863735962,-1.1768604224408785,-0.851268077507194,-1.7570838273279217,-0.318020632857303,0.6900631092548438,-1.350106742199997,-1.3405252401975418,-0.8504964073791959
2016-10-20,0.29195646765781424,0.9680034342600973,-1.9297823564791445,-1.1768604224408785,-0.9077618002766693,-1.7744660364430256,-0.33317797767158186,0.4328781076768296,-1.44065869425857,-0.48724031700385173,-0.9022219963861342
2016-10-21,0.29688839685443164,1.0200631379883665,-1.9449121921900583,-1.222766425485217,-0.9132926542541004,-1.7918482455581304,-0.33120065288899536,0.524173186737071,-1.1793941735513807,-0.41394611175927165,-0.7218303228781425
2016-10-24,0.34563145391071515,1.0159532989083264,-1.9123943363337677,-1.1539074209187092,-0.9322555821767217,-1.7814189200890675,-0.35690185283970927,0.30962707648330556,-1.1340005286470154,-0.2624470954655734,-0.8324039440702915
2016-10-25,0.351258073159296,1.022803727527498,-1.8527782672639017,-1.1539074209187092,-0.9606999740606532,-1.6759668514574353,-0.29166059279392065,0.45134446028653313,-0.9826758449277,0.6321346075531258,-0.458910699991414
2016-10-26,0.3304062664308409,1.0104731650587206,-1.775774178048659,-1.1080014178743707,-0.9646505840445326,-1.6597434562833377,-0.3384495030175082,-0.1293517200736419,-0.9632257194491585,0.804234061440169,-0.5786464843594938
2016-10-27,0.3147923980160312,1.0460935124668298,-1.8055822125835923,-0.9702834087413551,-0.9587246690687133,-1.6180261544070882,-0.318020632857303,0.0906805285125266,0.3048726873683063,1.2947593141678053,-0.24514045273288138
2016-10-28,0.29536328690021124,0.9721132733401373,-1.8148407687648966,-0.9473304072191858,-1.012057903851085,-1.5403856203596227,-0.267936717625792,0.38834447146723017,0.46241756945180357,2.0862937426071553,0.3006801759442373
2016-10-31,0.2864483035513099,0.9858130853498233,-1.7249650282732056,-0.9932364102635244,-1.0744775415963794,-1.5148917136574696,-0.29429675768917557,0.3854647471562567,0.3794989440946314,2.206300554775438,0.42781395690512297
2016-11-01,0.3210001878054188,0.8830629274341933,-1.7362559504455293,-1.0161894117856936,-1.0914651645270608,-1.4604274584301433,-0.19610544756415776,0.5853748506181905,0.6883713296452221,1.7470746962905925,0.7360748481649547
2016-11-02,0.28105612677141995,0.8419634914051357,-1.736933405775868,-1.0620954148300321,-1.1511193752836397,-1.455792202666116,-0.06166908235198745,1.7110855491832273,1.1112568250619246,1.6479735205839987,0.6770386180883977
2016-11-03,0.3162471752296442,0.8090837335361581,-1.7529665152605665,-1.0391424133078628,-1.167711937215933,-1.4129160868488593,-0.0926426120932112,1.3893152487790998,1.013825921981869,1.64355865579232,0.5234518423071748
2016-11-04,0.29970047257099136,0.7967531710673807,-1.744385414409601,-1.1080014178743707,-1.1985266950901923,-1.3746752267956295,-0.08473411740744762,1.121998925433047,1.038703027874399,1.308395049684592,0.6761127589389949
2016-11-07,0.3013193595126886,0.8940231951334049,-1.7136741061008829,-1.0161894117856936,-1.207613098053115,-1.2703819721050047,-0.24948436780359096,0.27294401325115664,0.5204616193920782,1.919129467314443,1.092460713389407
2016-11-08,0.32454767252902983,0.9049834628326165,-1.6777689735928962,-0.9014244041748478,-1.1823291941562868,-1.109306834305039,-0.28177557777015166,-0.5248194243946587,0.41888579723441227,2.725246123117057,1.8565463656920589
2016-11-09,0.2990156537808683,0.9926635139689948,-1.6739300600543063,-0.4653173752536323,-1.1661316932223813,-0.9273730455669483,-0.2870479075606603,-1.3541427819673142,0.442364771364477,4.095728485213703,2.6815204787716493
2016-11-10,0.35075093708228544,1.032393700457144,-1.6118299881065292,-0.2816933630762782,-1.174427974188528,-0.7129924664806638,-0.3338368177842491,-1.4541650127812455,0.21331482263676338,5.3792570939789695,4.1583582778986665
2016-11-11,0.39440042302932793,1.2132339365795062,-1.561246656774523,-0.09806935089892409,-1.2558105398564434,-0.8091740235842395,-0.6257745832640487,-3.2550485945647596,-0.6652234831326675,4.315312966203075,3.8919050547417204
2016-11-14,0.39440042302932793,1.2132339365795062,-1.4648221814228846,-0.09806935089892409,-1.2471191978919087,-0.7836801168820875,-0.6257745832640487,-2.3090529254003775,-0.691457684055996,3.6423649925980666,4.0382569704395435
2016-11-15,0.40295016969016384,1.2241942042787177,-1.4819843831248156,-0.09806935089892409,-1.155465046265907,-0.8207621629943097,-0.6073222334418477,-2.005771572876831,-0.7621326113513085,2.0980747136840763,3.9011016751315464
2016-11-16,0.4037472740837126,1.254334417837221,-1.4478857981643996,-0.12102235242109284,-1.1191194344142166,-0.9065143946288235,-0.6112760785624395,-1.9989146752033404,-0.9156287862317326,0.15044971772530544,3.5664954195820346
2016-11-17,0.40942941918014075,1.3200939335751762,-1.3568809654554768,0.03964865823409149,-1.1388724843336135,-0.8532089533425038,-0.6567473085606902,-2.001955359741995,-1.011692118115556,-0.9456288900870927,3.8750451507716885
2016-11-18,0.3876287374073537,1.3639339591433652,-1.3916570057462316,0.1544136658449373,-1.1451934603078207,-0.9076732085698299,-0.7094673886874562,-0.5399885176025988,-1.181757099674689,-0.6741445680234595,3.7331309740846663
2016-11-21,0.4130188567665701,1.3420144689735993,-1.4029479279185544,0.13146066432276854,-1.08395900555769,-0.7929506284101431,-0.7022185385589421,-0.49349034919666174,-1.0824876746778562,-0.059646098926987086,4.16228146498769
2016-11-22,0.44812106386823725,1.3406441742040336,-1.439530515756881,0.08555466127843002,-1.078428151580259,-0.7268982337727466,-0.6929923636478428,-0.5514150513535792,-1.2476768747023246,0.6513070612359151,3.9125045060510697
2016-11-23,0.44877503496511206,1.431063769650886,-1.4932753052971384,0.20031966888927583,-1.0610454676511896,-0.5843641190288921,-0.8373137438837797,-1.4504604030919126,-1.5585958893301346,2.2591655201498404,4.416266944188864
2016-11-24,0.4950107915141349,1.4022938508619487,-1.4817585646813687,0.20031966888927583,-1.0215393678123958,-0.4371947485210102,-0.9091450139454162,-1.6284109429875098,-1.8415996075697918,2.8894141239635784,4.807273832048842
2016-11-25,0.4950107915141349,1.4022938508619487,-1.4483374350512923,0.20031966888927583,-1.0697368096157243,-0.4371947485210102,-0.9091450139454162,-1.2974400530913517,-1.98541616797948,3.2982321153854173,4.424246633048349
2016-11-28,0.5199875517838175,1.3803743606921828,-1.4817585646813687,0.10850766280059877,-1.0570948576673103,-0.46500628310517694,-0.8274287288600118,-0.8140065068104977,-1.6566290485886772,2.25507787682518,4.190513133572502
2016-11-29,0.5520000539296855,1.325574067424782,-1.390527913528999,0.06260165975626025,-1.1345268133513462,-0.591317002674934,-0.8452214341249622,-0.9878430197683171,-1.99285580955327,0.9241834622636456,3.4359108372521523
2016-11-30,0.521775484084518,1.4036641456315144,-1.2559401212349088,0.2232726704114456,-1.0053418668784901,-0.5380115613886142,-0.9579104445070081,-0.7975934759836192,-2.7071670883534074,0.3111056716481476,3.6240153467805034
2016-12-01,0.5485957025027492,1.3406441742040336,-1.1676451098473433,0.40689668258879974,-0.8342804545765127,-0.5159940965094831,-0.9836116444577232,-0.49823991597087364,-2.7009651136812587,-0.5059674390379372,3.5131477366394734
2016-12-02,0.4946085375941695,1.303653532026359,-1.1671934729604503,0.2921316749779529,-0.8315150275877972,-0.5553937705037191,-0.9295738841056215,-0.13896090693624713,-2.558976934318713,-0.7608965712105641,3.187487361928902
2016-12-05,0.4333240423706562,1.2173437756595462,-1.0752853664777418,0.2691786734557841,-0.7939842327409431,-0.3873657490577114,-0.9368227342341344,-0.7228853226691906,-2.1233116120493185,0.50851660962025,3.3675383864646777
2016-12-06,0.4251901226148147,1.2652936403077755,-0.8835655079916971,0.2691786734557841,-0.8330952715813489,-0.4279242369929546,-0.978998959224464,-0.8853152867850066,-2.1620630399294716,1.0880695799133193,2.52760417251365
2016-12-07,0.4527272414241476,1.2296743381283235,-0.9454397614960273,0.1544136658449373,-0.8492927725152545,-0.5102000268044474,-0.9302327242182888,0.18204681157379024,-1.9960530780870462,0.18681772582675374,1.505983963050337
2016-12-08,0.4432668708586077,1.3447540132840736,-0.9734412484833882,0.2921316749779529,-0.8611446024668925,-0.5519173286806981,-0.9645004545228537,0.1251581889375502,-1.968231508256197,-0.23153918025651066,0.5724776924295633
2016-12-09,0.4628637934257014,1.4132541185611602,-0.9508594041387417,0.45280268563313825,-0.8378360035620043,-0.5020883292173992,-1.0330367195765657,-0.692840681680835,-1.318450559848081,0.35550360667854786,1.091425021960424
2016-12-12,0.3268637173381497,1.329683906504822,-0.814239245853634,0.49870868867747675,-0.7667250238521751,-0.5692995377958019,-1.0060178394005148,-0.4648371396700438,-1.2312463069552926,-1.1638890152906012,0.7644740718354867
2016-12-13,0.3258827606928383,1.3392738794344679,-0.7227827762578174,0.47575568715530697,-0.7947743547377188,-0.6179697233180934,-1.0508302292860994,-0.4850539812032422,-1.4321605849733823,-1.2239299741914513,0.7286878152454137
2016-12-14,0.29028082096054014,1.472164250908601,-0.6498434190246115,0.6134736962883226,-0.7999101477167622,-0.6029051420850032,-1.020515539657543,-0.6050311701654397,-1.3224571462675563,-0.6030954639422664,1.0973086967219416
2016-12-15,0.25316240862813166,1.6269741125525001,-0.39489439637355794,0.7511917054213382,-0.8564038704862373,-0.6133344675540662,-1.2412808751883744,-1.856570637204922,-1.8978883458572522,-0.40099661990802754,0.8631330727431089
2016-12-16,0.2666305115005544,1.6023140328436027,-0.5105134394181456,0.7511917054213382,-0.7604040478779682,-0.6967690713065663,-1.1918558000695318,-1.0761933835169941,-1.5772843645480457,-1.2690936716344017,0.7682693090907334
2016-12-19,0.24594158059245402,1.6283444073220659,-0.394668577930112,0.6134736962883226,-0.7848978297780204,-0.8462560696964618,-1.157588069764967,-1.0236080209578897,-1.4878131291960746,-1.8271569272233366,-0.16639534139568626
2016-12-20,0.22046261987667984,1.6488946479509234,-0.2991473763522595,0.6823327008548299,-0.7442065469440626,-0.8393031860504209,-1.2168981599075797,-1.1277892135143377,-1.7091637128430235,-1.4712569013934682,-0.36779549410564366
2016-12-21,0.2622007827500278,1.6119040057732485,-0.5078036180967884,0.6364266978104913,-0.8054410016941933,-0.8520501394014964,-1.2195343248028334,-1.3456016661576342,-1.2709302134734246,-1.652466905119112,-0.8806984977157638
2016-12-22,0.25988597184863826,1.6214939787028944,-0.7126209463027273,0.6364266978104913,-0.7647497188602356,-0.8450972557554555,-1.2346908651725301,0.04263662227090912,-1.093055826724651,-1.5395769096299032,-1.319501812310172
2016-12-23,0.22326359042367042,1.61053475623234,-0.7440097099417853,0.6364266978104913,-0.7690953898425029,-0.893767441277747,-1.2142619950123248,-0.1577366990874008,-1.0247146509323461,-1.3264988082292544,-1.4792342579850313
2016-12-26,0.23417627038736344,1.6119040057732485,-0.7932381306131131,0.6823327008548299,-0.728799168006933,-0.8091740235842395,-1.1786757800378407,-0.14797588446063034,-1.1667967346605836,0.2607871654719941,-1.1154221103510173
2016-12-27,0.23417627038736344,1.6119040057732485,-0.7758501104677361,0.6823327008548299,-0.728799168006933,-0.8091740235842395,-1.1786757800378407,0.26148017035262455,-1.1104033215037603,0.21236857765466077,-0.7140263563801921
2016-12-28,0.2146891656082363,1.6447848088708834,-0.8673065800635518,0.5446146917218143,-0.728799168006933,-0.8450972557554555,-1.1648369198934811,0.3756719021537825,-0.7006108572763938,0.0521071730334379,-1.005300155595057
2016-12-29,0.20964248299273333,1.565324435894585,-1.0371220495352897,0.49870868867747675,-0.7280090460101573,-0.8659559066935802,-1.0528067496241036,1.2590727772453045,-0.23772128351248767,-0.1405844304743664,-1.1441417060775765
2016-12-30,0.22335983522660638,1.525594249406436,-1.1175134154022297,0.40689668258879974,-0.7284041070085451,-0.825397418758337,-1.0949829746144322,0.8223494164523443,-0.5588063445745493,0.48146505137817286,-0.8841625803296386
2016-12-31,0.26546076697256055,1.6379343802517117,-1.1175134154022297,0.40689668258879974,-0.7248485580230538,-0.8636382788115666,-1.0264467095607201,1.0453821878057525,-0.30489347468094663,-0.3710228627697022,-1.5314155842899366
2017-01-02,0.26546076697256055,1.6379343802517117,-0.9054698970060038,0.40689668258879974,-0.7248485580230538,-0.8636382788115666,-1.0264467095607201,1.0453821878057525,-0.1641687657281528,-0.3710228627697022,-1.4086407967047807
2017-01-03,0.26546076697256055,1.6379343802517117,-0.9054698970060038,0.40689668258879974,-0.7248485580230538,-0.8636382788115666,-1.0264467095607201,0.9483065458846389,-0.326743147546169,-0.12453162427640406,-1.1545861932541228
2017-01-04,0.30820333073808853,1.5680639802050593,-0.7318155139956758,0.42984968411096847,-0.7438114859456748,-0.7071983967756282,-1.0040405146179296,0.3272064660055017,-0.13722379619367667,1.107485764908567,-0.5000298762783183
2017-01-05,0.31079947260190693,1.4064036899419887,-0.6724252633692569,0.2232726704114456,-0.7272189240133813,-0.7512333265338924,-0.8992599989216461,1.3300704795215057,0.45078342426548124,0.5158379122928478,-0.807125735669537
2017-01-06,0.28580296980854514,1.5023044644671042,-0.7024591163476362,0.3380376780222914,-0.6912683731600789,-0.731533489536775,-0.9506615943784941,0.5084628262736453,0.18352450726637723,0.9218417507192201,-0.5248346396435563
2017-01-09,0.3128230812790287,1.4625742779789552,-0.7613977300871623,0.24622567193361436,-0.7509225839166577,-0.7489156986518788,-0.8742176390836007,1.0245094300411848,0.5978084192168159,0.8010587342176576,-0.4234656650159423
2017-01-10,0.30262976952189735,1.4735345456781668,-0.7388158857425168,0.24622567193361436,-0.7979348427248223,-0.5774112353828512,-0.8696049538503403,1.0556480667023818,0.5081917928576296,1.9927844970331094,0.10517716605673724
2017-01-11,0.27089613052299755,1.4420240373500979,-0.6794256351160979,0.24622567193361436,-0.7817373417909169,-0.5820464911468785,-0.7944786787807839,1.407410061132766,1.55749419098076,0.8505672509366007,0.12489838531528731
2017-01-12,0.2424261774698216,1.383113905002657,-0.717137315171656,0.20031966888927583,-0.7461818519360025,-0.4406711903440312,-0.7727313239506595,0.8370410434748997,1.4510889939844356,2.120634410815436,0.8964625068569532
2017-01-13,0.23178619111444748,1.3598241200633252,-0.6868776437498307,0.2921316749779529,-0.7517127059134336,-0.39779507452677426,-0.7964551991187881,1.0276422617899434,1.2440412338809554,2.271006072357614,1.595084799247051
2017-01-16,0.2260460523547114,1.2433741501380096,-0.5798397015562087,0.13146066432276854,-0.7544781329021493,-0.5484408868576771,-0.686402353631996,1.2399927607778092,1.843925959040244,1.369757926785221,1.0400616330736874
2017-01-17,0.2260460523547114,1.2433741501380096,-0.5355792866407024,0.13146066432276854,-0.7394658149634075,-0.5484408868576771,-0.686402353631996,1.2087451625476449,1.8537655430849143,0.19567961514617702,1.0871501716733254
2017-01-18,0.23721908684942536,1.325574067424782,-0.5378374710751668,0.3380376780222914,-0.7754163658167097,-0.5681407238547956,-0.6910150388652563,0.6747477855722438,1.8943669808041321,0.09601997392172888,0.9922291072055442
2017-01-19,0.2213497995345152,1.3557142809832852,-0.5599676785329204,0.45280268563313825,-0.7987249647215983,-0.5820464911468785,-0.7595513039189671,0.08298036983359487,1.5793768010399047,-0.9113684977903747,1.1236541134680589
2017-01-20,0.2626277148245906,1.2995436929463187,-0.59248553438921,0.47575568715530697,-0.7252436190214416,-0.5484408868576771,-0.7371451089761766,0.3855554191431799,1.526181700414466,-0.9646782118528213,0.9295809746583056
2017-01-22,0.28019485917591386,1.2200843651986777,-0.5676455056101002,0.3150846765001227,-0.7347250829827523,-0.4962942595123646,-0.6666323235844603,0.12464244917784749,1.7705528384606837,0.34746674310434256,1.111655527873188
2017-01-23,0.28019485917591386,1.2200843651986777,-0.5949695372671213,0.3150846765001227,-0.7347250829827523,-0.4962942595123646,-0.6666323235844603,0.12464244917784749,1.7194102841841303,0.34746674310434256,1.2446445704463085
2017-01-24,0.2775740391574973,1.2461136944484839,-0.5028356123409659,0.45280268563313825,-0.7386756929666315,-0.3549189587095174,-0.6976050488811006,-0.04575366422611375,1.206665457360662,1.413298373949174,1.8211096099237072
2017-01-25,0.2939862458735846,1.2022736688802946,-0.36147326674348257,0.5905206947661528,-0.7528978889085972,-0.3514425168864964,-0.783275179087097,-0.1578867547356277,1.0643339866608614,1.5316992064962895,1.6786870157905154
2017-01-26,0.31514652953452743,1.250223533528524,-0.3610216298565897,0.5446146917218143,-0.6916634341584669,-0.4371947485210102,-0.8346775789885259,-0.6375432587493987,0.6473707760510873,0.7368527832743084,1.5222315727415718
2017-01-27,0.28642609321217005,1.2707737741573812,-0.19188361571519044,0.49870868867747675,-0.7347250829827523,-0.3989538884677816,-0.6435672885290002,0.14557080023404653,1.2965034083786597,0.6397820423820786,1.6570135592013606
2017-01-30,0.28642609321217005,1.2570739621476954,-0.19188361571519044,0.49870868867747675,-0.7359102659779159,-0.46500628310517694,-0.6435672885290002,0.14557080023404653,1.2965034083786597,0.20828443079563802,1.424208309861723
2017-01-31,0.28642609321217005,1.1310340192927337,-0.19188361571519044,0.40689668258879974,-0.716947338055295,-0.2969782616591703,-0.6435672885290002,0.3466138802478054,1.2168205981913895,0.3738728917307965,1.4268763268284272
2017-02-01,0.28642609321217005,1.1488436703824596,-0.19188361571519044,0.47575568715530697,-0.6956140441423463,-0.3340603077713926,-0.6435672885290002,0.9109169503742562,0.8502874718111191,0.11482400909787471,1.4614539306012873
2017-02-02,0.28642609321217005,1.1776135891713972,-0.19188361571519044,0.47575568715530697,-0.6896881291665272,-0.39200100482173966,-0.6435672885290002,1.2554215197406169,1.028852787837618,0.2963095357406265,1.1891170702496963
2017-02-03,0.28642609321217005,1.1803541787105287,-0.19188361571519044,0.49870868867747675,-0.690478251163303,-0.5542349565627117,-0.6435672885290002,-0.0031361766174585496,0.7641448550578397,-0.994665941420105,0.6919910760865926
2017-02-04,0.3058737129439404,1.1858343125601345,-0.21785273671153396,0.3380376780222914,-0.7260337410182174,-0.4719591667512189,-0.567782173346773,0.48406898993572334,1.0005792559906797,-0.04129954343712408,0.3733098197325829
2017-02-06,0.3058737129439404,1.1858343125601345,-0.03584307129368741,0.3380376780222914,-0.7260337410182174,-0.4719591667512189,-0.567782173346773,0.48406898993572334,0.743336514185161,-1.1032360118107065,0.38915794082315713
2017-02-07,0.2954829759500158,1.2337841772083638,-0.04464999058809887,0.2921316749779529,-0.7746262438199341,-0.5148352825684758,-0.5401044530580537,0.6620027212582118,0.7607758756727275,-1.1466301873708489,-0.2243302792149151
2017-02-08,0.3168949767878688,1.236523721518838,-0.10675006253587598,0.1544136658449373,-0.7497374009214938,-0.4360359345800029,-0.5176982581152619,0.8060470222093532,0.915191488160566,-0.27896647625258864,-0.10550270751217351
2017-02-09,0.33721620319244394,1.2872141757061986,-0.20678763298265715,0.2921316749779529,-0.7671200848505633,-0.46616509704618425,-0.5341732831548766,0.7001328555673572,0.4910537323822376,0.5847055322282502,0.29416968466109783
2017-02-10,0.3554126404860439,1.3077644163350561,-0.15710757542443646,0.3150846765001227,-0.7189226430472345,-0.20079670455559356,-0.5387859683881356,0.18153093356976222,0.47605314385021374,1.7683043986441893,1.1810172624312414
2017-02-13,0.3840528728059526,1.329683906504822,-0.196851621471013,0.3609906795444612,-0.7604040478779682,-0.16603228632538491,-0.6046860685465939,-0.23816471538397124,0.27690688994346485,1.9945112670207212,1.3673995862808206
2017-02-14,0.38397513661896554,1.3694140929929712,-0.21604618916396248,0.45280268563313825,-0.7284041070085451,-0.26800791313399625,-0.6079810735545161,-0.4339485714851191,0.4934671632523795,1.6212163712925656,1.0745384973927499
2017-02-15,0.3585183862423312,1.3598241200633252,-0.2271112928928383,0.5446146917218143,-0.7438114859456748,-0.2541021458419134,-0.5565794780976683,-0.24923701596018927,0.5869594830580008,1.1808434269497698,1.0028732075079771
2017-02-16,0.3855508367901142,1.2584442569172611,-0.3397946961726218,0.40689668258879974,-0.7600089868795804,-0.3097252150102458,-0.501882073188317,0.20166653809470148,0.5304500835694438,1.0208652108181613,0.6374134983317536
2017-02-17,0.3534704697190987,1.3283136117352563,-0.3957976701473437,0.3380376780222914,-0.7473670349311663,-0.34217200535844083,-0.5176982581152619,0.1306856668109297,0.4791423825976681,-0.8772317987126794,0.5298995348973398
2017-02-20,0.441572715545384,1.3858544945417886,-0.5084810734271272,0.3609906795444612,-0.716947338055295,-0.2552609597829197,-0.5183570982279304,0.5491786921822567,0.5797386796711461,-0.5492376683981641,0.3419925220489612
2017-02-21,0.441572715545384,1.3858544945417886,-0.4630915662943893,0.3609906795444612,-0.6738856892310094,-0.2552609597829197,-0.5183570982279304,0.5704937010266569,0.8680991214507654,0.08417531690228103,0.3305601736601438
2017-02-22,0.4551938229763219,1.3803743606921828,-0.502383975454073,0.3380376780222914,-0.7307744729988729,-0.28191368042607906,-0.5546021533150818,0.00943936182005163,0.9240423566375499,-0.17089343519988262,0.5288307733560647
2017-02-23,0.44031166184537246,1.3420144689735993,-0.5306112808848809,0.24622567193361436,-0.6944288611471824,-0.4870237479843091,-0.4346642928045218,0.4214990173698819,0.6717350203142008,-1.120161618365135,-0.26805820554828225
2017-02-24,0.4435975581302346,1.347493557594548,-0.484995955308696,0.08555466127843002,-0.7390707539650196,-0.40127151634979524,-0.3905107430316069,0.8019042575604642,0.814557704225215,-0.37272610742891965,0.22932493431257914
2017-02-27,0.40773526386691705,1.3529736914441537,-0.495157785263786,0.20031966888927583,-0.7406509979585714,-0.37925405147066316,-0.3872157380236835,0.8269973993506665,0.8252159969593694,-0.7754972733963359,-0.24483930365414122
2017-02-28,0.41716848846239885,1.3516044419032451,-0.4838668630914633,0.20031966888927583,-0.7916138667506154,-0.34217200535844083,-0.4188481078775757,0.626762383774647,0.7228953458625884,-0.5424092438774862,-0.006977920044681299
2017-03-01,0.4269731192845954,1.4420240373500979,-0.40912095831068485,0.42984968411096847,-0.6983794711310619,-0.29118419195413464,-0.4432308231583728,0.7049990553603213,0.6440250204787444,-0.05462575436613986,0.3476862558415705
2017-03-02,0.3950506924030132,1.4995638749279727,-0.35695689787455287,0.49870868867747675,-0.7600089868795804,-0.39663626058576695,-0.5552609934277503,-0.7587666294861128,0.28164306751750023,0.593470469273557,0.546397064285838
2017-03-03,0.3926519757759865,1.4091442794811202,-0.3366332379643717,0.49870868867747675,-0.7615892308731321,-0.3827304932936841,-0.5974372184180787,-1.2927771697117547,-0.09902747644984783,0.12316583241557863,0.3137036374889522
2017-03-06,0.4231973616309428,1.422844091490806,-0.32714886333962045,0.49870868867747675,-0.7374905099714679,-0.4858649340433017,-0.6040272284339243,-1.3538468573564673,-0.12014476050930445,-0.6795255666536483,-0.0266871829337785
2017-03-07,0.4342790869536383,1.446133876430138,-0.3208259469231193,0.567567693243984,-0.7422312419521231,-0.5635054680907673,-0.6659734834717908,-1.5485985896224659,-0.4059667536829854,-1.4065765110185937,-0.14255152897583515
2017-03-08,0.4248606692509174,1.4817542238382468,-0.22033673958944525,0.6823327008548299,-0.7939842327409431,-0.6052227699670178,-0.7094673886874562,-1.6730479696577667,-0.6147384902908967,-1.9812563361843971,-0.535948352586855
2017-03-09,0.3946583097448874,1.4516140102797437,-0.20611017765231834,0.7511917054213382,-0.8986753973137468,-0.6527341415483021,-0.7496662888951994,-1.239328750729082,-0.6916825017368358,-1.642370541328371,-0.5959763449238864
2017-03-10,0.3960970461580115,1.3694140929929712,-0.20498108543508567,0.7052857023769996,-0.8994655193105225,-0.6179697233180934,-0.7608697885888863,-1.0478053958761253,-0.713117023723241,-1.5049211506787479,-1.2996020687563385
2017-03-13,0.43805114288410146,1.387223744082697,-0.2738557106862558,0.7970977084656767,-0.9204037522250833,-0.5472820729166697,-0.7496662888951994,-0.9348286406716773,-0.4707047743459382,-0.39664545392437883,-1.179558032908241
2017-03-14,0.4345826282552071,1.431063769650886,-0.3185677624886549,0.7511917054213382,-0.9401568021444803,-0.5252646080375387,-0.7529612939031227,-0.5639256990430842,-0.4708954374176195,0.2564719373024567,-0.8026468850426474
2017-03-15,0.44459085385284547,1.2995436929463187,-0.34769834169324854,0.5446146917218143,-0.8994655193105225,-0.47543560857423983,-0.7648236337094781,-0.3619535575156971,-0.6703843658969556,0.8670694433707303,-0.6863417119256935
2017-03-16,0.46905554241459924,1.2351534267492723,-0.44412281704488676,0.5905206947661528,-0.9022309462992382,-0.4267654230519473,-0.5908472084022343,1.0315465634159644,-0.28678397383333926,1.5186877497031268,-0.35716596712637
2017-03-17,0.423487329947481,1.2392643110579695,-0.4380257190718325,0.5216616901996455,-0.9014408243024624,-0.39431863270375334,-0.5690998535721099,1.247985451312988,-0.1677014797364997,1.4944851250625595,-0.1493482818186098
2017-03-20,0.4360102594987612,1.254334417837221,-0.4341868055332426,0.45280268563313825,-0.8978852753169708,-0.45110051581309407,-0.5440582981786455,1.3363693698637378,-0.08585848264322518,0.6374768350834612,-0.6051876258252564
2017-03-21,0.46223203266796564,1.1721334553217915,-0.4341868055332426,0.3609906795444612,-0.9188235082315316,-0.5635054680907673,-0.4616831729805738,1.8952869851435448,0.1765077738530764,-0.24710865923129732,-0.9635686668766583
2017-03-22,0.44495485663318207,1.1543238042320654,-0.4506715519048339,0.2921316749779529,-0.941737046138032,-0.5356939335066006,-0.4405946582631179,2.1132158122390505,0.3607372789082991,-0.3884224756466787,-0.7933160977792403
2017-03-23,0.4578454906879876,1.1652840719312771,-0.45834937898201367,0.3150846765001227,-0.9176383252363678,-0.5032471431584066,-0.456410843190064,0.8554872091723675,-0.072559254200043,-0.4901399061655339,-0.034467676423199714
2017-03-24,0.49461964276373943,1.1474733756128939,-0.5723876929224758,0.2921316749779529,-0.9255395452041266,-0.5345351195655943,-0.4478443128362142,0.7692252754340985,-0.18378962159897588,-0.8971210094009656,-0.4156329148804542
2017-03-27,0.4753398344832436,1.084453404185413,-0.5900015315112997,0.24622567193361436,-0.9196136302283077,-0.5322174916835796,-0.4003957580553747,0.9091323512763066,-0.04531393213935385,-0.5221440444606501,-0.4781563048311135
2017-03-28,0.4634042450114202,1.1584336433121054,-0.5504833039081691,0.3380376780222914,-0.8959099703250313,-0.4302418648749683,-0.40105459816804434,0.37799807152526194,0.05198976704201867,0.8840977307449371,-0.26546497520700063
2017-03-29,0.4575777327105877,1.1981638298002546,-0.5349018313103636,0.2691786734557841,-0.8706260664282032,-0.4267654230519473,-0.413575778087067,0.1662796940129587,0.08958999273307691,0.7200821511339859,-0.4155147515316848
2017-03-30,0.40556605407766144,1.254334417837221,-0.49086723483830325,0.3380376780222914,-0.8354656375716766,-0.4244477951699337,-0.4689320231090867,-0.08179856458484822,0.27220953728283004,0.5192438752581194,-0.0714737840970008
2017-03-31,0.4348232402625481,1.2461136944484839,-0.5048679783319843,0.2921316749779529,-0.8374409425636161,-0.46732391098719056,-0.4537746782948102,-0.04035398537436036,0.4580485458362355,0.44571213097562074,-0.2560024471346279
2017-04-01,0.5065268523577744,1.272144068926947,-0.5269981857897369,0.17736666736710707,-0.8437619185378233,-0.5785700493238575,-0.46629585821383296,-0.41434028540663065,0.4393344426537191,-0.3006977542999708,-0.2874533063833574
2017-04-03,0.5065268523577744,1.272144068926947,-0.4429937248276541,0.17736666736710707,-0.8437619185378233,-0.5785700493238575,-0.46629585821383296,-0.4102616702590528,0.6437011854481567,-0.9547664440814921,-0.03126182382975531
2017-04-04,0.5065268523577744,1.272144068926947,-0.4429937248276541,0.20031966888927583,-0.8026755747054777,-0.5577113983857327,-0.46629585821383296,-0.33262437713311016,0.7890915767402062,-0.8419496694871016,0.1794846931321503
2017-04-05,0.5065268523577744,1.2748836132374213,-0.4429937248276541,0.1544136658449373,-0.7896385617586757,-0.40127151634979524,-0.46629585821383296,0.01345039867975908,0.92488680483407,0.15354121573599033,0.8742411314492599
2017-04-06,0.5245456069382595,1.2899537200166729,-0.44141299572352855,0.1544136658449373,-0.7813422807925291,-0.45341814369510774,-0.4340046482472723,0.12102616476097026,1.068979276448986,0.09430554051705764,0.5754886515146537
2017-04-07,0.5322390216345084,1.3598241200633252,-0.47370503313637224,0.24622567193361436,-0.7568484988924766,-0.4800708643382671,-0.4076446081838899,0.3657750793802489,1.1171452363396213,0.6560975350100736,0.24378184972939945
2017-04-10,0.5137501482089112,1.3379035846649021,-0.42854134444708025,0.2232726704114456,-0.7351201439811401,-0.5808876772058711,-0.4287331229013447,0.23313015795792766,1.0592603633114428,-0.011455214920977726,-0.16597577722858434
2017-04-11,0.5347043692789516,1.2954338538662786,-0.41883115137888305,0.10850766280059877,-0.7374905099714679,-0.5704583517368093,-0.29627408247176085,1.0662859892178176,1.5348464365432597,-0.08022257183871676,-0.294587385670001
2017-04-12,0.5135194074634105,1.3050238267959247,-0.40212058656384486,0.01669565671192172,-0.7367003879746918,-0.7141512804216701,-0.2692543978511289,1.2362374529116014,1.0294655498073824,-2.008874919644566,-0.9223886716584042
2017-04-13,0.5274280153954266,1.2748836132374213,-0.41634714850097176,-0.07511634937675432,-0.7248485580230538,-0.656210583371323,-0.19940045257207997,1.4667206381883513,1.1808720370287764,-1.3116896301232779,-0.834396622916435
2017-04-14,0.46975886982067194,1.2392643110579695,-0.3307619584347634,-0.029210346332416808,-0.7351201439811401,-0.5971110723799686,-0.1763354175166198,1.441454985285372,1.1709070552998095,-0.7586764311832203,-0.461067187691583
2017-04-17,0.46975886982067194,1.2392643110579695,-0.20407781166129993,-0.029210346332416808,-0.7351201439811401,-0.5971110723799686,-0.1763354175166198,1.5771905693431802,0.898565683434257,-0.10357259848978256,-0.09337878680039734
2017-04-18,0.4476028226216575,1.129663724523168,-0.22575638223215969,-0.2128343585097699,-0.8216385026280987,-0.7581862101799344,-0.16117887714692322,0.8293548708068663,0.8775387783055432,-1.2374750409445998,-0.7227949126719694
2017-04-19,0.4184381795165181,1.1625434823921457,-0.22553056378871375,-0.1439753539432626,-0.8283545396006937,-0.7396451871238232,-0.22905549764338573,0.24378327216858767,0.7146721532231393,-0.16878292751802715,-0.7649964278757471
2017-04-20,0.4397613389978149,1.1680236162417514,-0.18601233618558313,-0.07511634937675432,-0.898280336315359,-0.721104164067712,-0.22576049263546352,-0.1637165136303065,0.6972777238672717,-0.4313808435454803,-0.6028740812707052
2017-04-21,0.4361410537181357,1.1954242854897803,-0.10155623833660747,-0.07511634937675432,-0.9271197891976783,-0.7326923034777812,-0.18951543754831218,-0.08320840221675688,0.6580811401291699,-0.8966105721445626,-0.6489864932631522
2017-04-24,0.3699653482530944,1.0734931364862015,-0.01642268515729201,0.01669565671192172,-0.9460827171202993,-0.7002455131295873,-0.2659593928432055,-0.5476263332484882,0.4201796189908,-0.6811059642073601,-0.8659331249479778
2017-04-25,0.39036554475238544,1.036503539537184,-0.11194388673514448,0.17736666736710707,-0.949243205107403,-0.6399871881972256,-0.33317797767158186,-1.046217180295805,0.24882038331562675,0.8104707072928468,-0.6793959283700685
2017-04-26,0.3990855706799549,1.0556834853964756,-0.12300899046402029,0.10850766280059877,-0.9247494232073507,-0.6168109093770872,-0.356243012727042,-0.7806592004209576,0.35275468052084463,0.8394638538402377,-0.610818915072362
2017-04-27,0.4090061888287674,1.072123886945293,-0.12865445155018265,0.06260165975626025,-0.9456876561219114,-0.6226049790821218,-0.34569915759060454,-0.7360595269597188,0.3375182211819065,0.6718241425955312,-0.492904992783032
2017-04-28,0.40388793956492663,1.068014047865253,-0.08936204239049798,0.03964865823409149,-0.9456876561219114,-0.6005875142029896,-0.32988297266365846,-0.857232130070118,0.42772174924297596,0.9014668824081778,-0.054739247465923804
2017-05-01,0.39467064882218766,1.080343565105373,-0.04374671681431313,0.13146066432276854,-0.9081568612750575,-0.47659442251524614,-0.4023730828379623,-0.8407210894979713,0.19830401379776688,1.515159513670225,0.3617016892356755
2017-05-02,0.39467064882218766,1.058424074935607,-0.04374671681431313,0.03964865823409149,-0.9516135710977305,-0.5345351195655943,-0.4023730828379623,-0.43142073815341553,0.19830401379776688,0.709292293871442,0.09678035067595021
2017-05-03,0.3782473369365297,1.0899335380350188,0.03506391994850115,0.13146066432276854,-0.9709715600187395,-0.7222629780087194,-0.45970584819798616,-0.6452974655321635,0.01685645958546499,-0.6987928568242711,-1.0281917148910993
2017-05-04,0.3664314365145124,1.028283861377104,0.10235781609554576,0.20031966888927583,-1.0219344288107837,-0.7952682562921567,-0.5908472084022343,-1.522766599123063,-0.4984319285980058,-1.1477664643902559,-1.10566786802656
2017-05-05,0.3310614714354453,1.0132137545978521,0.11929419935403088,0.20031966888927583,-1.0250949167978871,-0.7558685822979208,-0.602049903651339,-1.6870538665959258,-0.6148907308449564,-1.0280470898179142,-0.8922505801285224
2017-05-08,0.28747985041354956,1.0817138598749387,0.22091249890493758,0.2691786734557841,-1.058280040662474,-0.8381443721094136,-0.5987548986434156,-1.2288143541723873,-0.5396355410472241,-2.350432105380134,-0.8451403502435606
2017-05-09,0.2865790977706844,1.141993241763288,0.2848191184002852,0.3380376780222914,-1.0405022957350167,-0.828873860581358,-0.6712450088177183,-1.6812470082080104,-1.166627828837969,-1.930981789171048,-0.8475399911177475
2017-05-10,0.24926202629375388,1.1529535094624996,0.4146647233819998,0.3150846765001227,-0.999811012901059,-0.8381443721094136,-0.6514749787701816,-1.2083795547935359,-1.185295853691805,-0.7820671565812977,-0.4067732782634081
2017-05-11,0.2719091687692884,1.1461041260719853,0.3017555016587703,0.2691786734557841,-0.9567493640767738,-0.8068563957022259,-0.6158895682402797,-0.163077690644374,-1.2805959069782584,-0.07568800549735999,-0.49332147873484306
2017-05-12,0.3014982761335307,1.0954136718846248,0.32998280708957717,0.13146066432276854,-0.9606999740606532,-0.7697743495900036,-0.5928245331848195,0.0558665557492581,-1.2771306621774325,-0.09096350025288569,-0.5624771039942498
2017-05-15,0.32068677524201117,1.0488341020059613,0.2340099686248318,0.1544136658449373,-0.8733914934169187,-0.7350099313597949,-0.5770083482578735,0.1358915522426435,-1.2287834809300597,0.7173834812658136,-0.4453592558241529
2017-05-16,0.375562353716155,0.9392335154711599,0.2622372740556397,0.13146066432276854,-0.8765519814040221,-0.7071983967756282,-0.534832123267545,0.8768642583650498,-1.1441555354417001,0.8443071577780826,0.19569133572188155
2017-05-17,0.35434901202282476,0.84470303571561,0.27352819622796243,-0.12102235242109284,-0.8548236264926856,-0.7153100943626775,-0.386556897911015,1.701640379648462,-0.48845843222746,0.8536685953252946,0.10317375967315326
2017-05-18,0.3337341155785205,0.9077230071430908,0.22836450753867044,-0.09806935089892409,-0.8567989314846253,-0.7500745125928862,-0.424779277780754,1.221247923817896,-0.6159230316284863,0.394602780099373,-0.08043724545614322
2017-05-19,0.34115360275872014,0.8077134387665924,0.26788273514180105,-0.09806935089892409,-0.8145274046571158,-0.634193118492191,-0.41818926776490845,1.1125040307217025,-0.7040996564400442,0.9309142050126782,0.3586682297188212
2017-05-22,0.3436177164954337,0.7844236538272606,0.3471450087915082,-0.05216334785458556,-0.7920089277490032,-0.601746328143997,-0.3654691876381425,1.3456210294513258,-0.31142550032530875,0.9096962023512858,0.35681144507498935
2017-05-23,0.3381404000821785,0.8351130627859641,0.37514649577886916,0.03964865823409149,-0.7983299037232104,-0.6005875142029896,-0.4043496031759665,0.8244988874270395,-0.22564959107549298,0.7251337063989287,0.15289151684905974
2017-05-24,0.34387560321099325,0.8200429560067125,0.3471450087915082,-0.029210346332416808,-0.7943792937393309,-0.6295578627281636,-0.4201657881029126,-0.21249905556151494,-0.203626552403595,0.5848162901815225,-0.023875637084690596
2017-05-25,0.41044492524189147,0.8214132507762782,0.31891770336070135,-0.05216334785458556,-0.8354656375716766,-0.598269886320976,-0.3977595931601197,0.16595990494370916,-0.16637535742536957,1.038363890121717,0.10153848766003765
2017-05-26,0.4041631009887062,0.8419634914051357,0.32456316444686273,-0.05216334785458556,-0.8911692383443758,-0.6689575367223995,-0.31999795763989064,0.6108795543119312,0.026773060557932632,-0.22843446686609567,-0.21125631554624932
2017-05-27,0.4115208927824085,0.8255230898563183,0.32411152755996986,-0.1439753539432626,-0.8354656375716766,-0.6573693973123304,-0.29100175268125217,0.459573052943149,0.34574584115312396,-0.3658296089093081,-0.5778811583218447
2017-05-29,0.4115208927824085,0.8255230898563183,0.23446160551172468,-0.1439753539432626,-0.8354656375716766,-0.6573693973123304,-0.29100175268125217,0.7044710593901291,0.34574584115312396,-0.37345960634295144,-0.39036149778000506
2017-05-30,0.4115208927824085,0.8255230898563183,0.23446160551172468,-0.1439753539432626,-0.8986753973137468,-0.6573693973123304,-0.29100175268125217,0.8047534676313827,0.5294890640949979,-0.18182588701539426,0.2424577914800499
2017-05-31,0.4115208927824085,0.7762029304385234,0.23446160551172468,-0.1439753539432626,-0.9480580221122392,-0.6226049790821218,-0.29100175268125217,0.662800275807855,0.959578616035084,-0.1577686712555199,0.6206410273067363
2017-06-01,0.3974703854614479,0.8145628221571067,0.24575252768404843,-0.1439753539432626,-0.9081568612750575,-0.6086992117900378,-0.3239518027604813,-0.02756997211508349,0.8909320738768538,0.40893563058688837,0.5284017842446587
2017-06-02,0.39506179757258314,0.7488033064191516,0.2739798331148553,-0.2816933630762782,-0.9851937559607054,-0.6376695603152119,-0.25936938282735994,0.19166793641346197,1.0877119687075925,0.13605249526415816,0.7226835906884613
2017-06-05,0.38543361555576955,0.7597635741183631,0.24575252768404843,-0.2128343585097699,-0.9934900369268521,-0.6759104203684415,-0.24289435778774537,0.2931273798515641,1.3863707149483484,-0.120496628769698,0.5551065541085278
2017-06-06,0.41598763876483436,0.7378430387199401,0.285496573730625,-0.30464636459844696,-0.9990208909042833,-0.7002455131295873,-0.14338536743739186,0.9059414274028421,1.6411286060524184,-0.28375516224578745,0.5031016795113141
2017-06-07,0.4811206921980668,0.7529131454991916,0.30785259963182454,-0.2128343585097699,-1.0397121737382409,-0.6898161876605243,-0.17172273228336069,0.7314292030595535,1.4278035136821856,-0.4444053008836827,0.42770184349043455
2017-06-08,0.5162068584992451,0.7762029304385234,0.3193693402475942,-0.18988135698760114,-1.0705269316125003,-0.5611878402087537,-0.26266438783528334,0.37578440228641713,1.0572570168429556,0.32005822433177017,0.7426117507106234
2017-06-09,0.5397535197099153,0.8241527950867525,0.2798511126444636,-0.1439753539432626,-1.0570948576673103,-0.47080035281021154,-0.3140667877367123,-0.3387171542679273,0.8395405952553515,1.11969894805815,0.9301176455756229
2017-06-12,0.5327560289733586,0.8063431439970267,0.17552299177219868,-0.1439753539432626,-1.0357615637543616,-0.5438056310936499,-0.32988297266365846,-0.5357881039077292,0.6500884256956743,0.8929102234980666,0.5798895777151861
2017-06-13,0.5548923336486931,0.7844236538272606,0.15587678719235734,-0.1439753539432626,-1.044847966717284,-0.5855229329698994,-0.3318594930016626,-1.1437450036616401,0.16744175011783283,0.7791011887680849,0.46518269850570987
2017-06-14,0.4995811857458756,0.7789435199776549,0.06554940981377337,-0.2816933630762782,-1.1033169944786991,-0.6353519324331982,-0.2857294228907423,-0.6953822097618607,0.4338523679065509,0.37127407074160507,0.4157476462888819
2017-06-15,0.49870757907307006,0.8460733304851757,0.11071309850306535,-0.2587403615541084,-1.0977861405012679,-0.6515753276072958,-0.4214842727728306,-0.9779138980489788,-0.0143670089532434,-0.5928911659033952,-0.039712749034914285
2017-06-16,0.48645240749918894,0.8090837335361581,0.13916622237731915,-0.2587403615541084,-1.0942305915157764,-0.6724339785454205,-0.4096219329664752,-0.5932246195886597,-0.14203910200541123,-1.307862255617947,-0.21911445955254916
2017-06-19,0.5291345097859498,0.8597731424948616,-0.013035408505594984,-0.18988135698760114,-1.0851441885528539,-0.6110168396720524,-0.47420435289959656,-0.8960636323501506,-0.22342086123780158,-0.43860321931135593,-0.01594739679189234
2017-06-20,0.5236152405098764,0.8899133560533649,-0.041262713936401844,-0.2587403615541084,-1.162181083238502,-0.6898161876605243,-0.49529206317247026,-1.0145456242523678,-0.24043149748495038,-0.6874750499070827,-0.18489338195685603
2017-06-21,0.574368333258251,0.8638829815749016,0.07729196887298899,-0.2587403615541084,-1.136897179341674,-0.5866817469109068,-0.4794758782455241,-1.1955502305455281,-0.26047480416162566,0.3292090856368754,0.05825498876888959
2017-06-22,0.5603832230469773,0.8611434372644273,0.1226814760057279,-0.2816933630762782,-1.143218155315881,-0.5971110723799686,-0.45179815795680484,-0.19277245446530858,-0.4138176201355803,0.3689249819798709,0.26416794885291495
2017-06-23,0.6026581357828553,0.8282636793954498,0.08880870948875867,-0.2816933630762782,-1.155860107264295,-0.5380115613886142,-0.3951242327094483,0.08742771650360909,-0.3266369361429006,0.9079793769023272,0.4253681813456959
2017-06-26,0.667496285268629,0.8460733304851757,0.015869352255551684,-0.30464636459844696,-1.1578354122562344,-0.5310586777425733,-0.46036468831065586,0.08399807161067248,-0.5287930929379148,0.5361822299004839,0.4490279855842455
2017-06-27,0.6768863230935616,0.7145532537806083,0.00457843008322894,-0.1439753539432626,-1.0756627245915433,-0.4800708643382671,-0.45970584819798616,0.2214916318850369,-0.5267515899488225,1.4187071534691515,0.6225332166669567
2017-06-28,0.6390238643999933,0.6570134162027332,0.06080722250139774,-0.12102235242109284,-1.0646010166366808,-0.44762407399007315,-0.44916199306155113,0.18784221585392838,-0.4940800640904754,0.9258886879023734,0.611202120036189
2017-06-29,0.6734239780033181,0.5994725333962011,0.09467998901836597,-0.006257344810247034,-1.0420825397285685,-0.38504812117569776,-0.47420435289959656,-0.14382067817537034,-0.471414364668344,1.412367370039749,0.7741158806441854
2017-06-30,0.6767703357669465,0.6035834177048983,0.13984367770765796,0.08555466127843002,-1.0397121737382409,-0.3491248890044828,-0.4972693879550567,-0.640096681180316,-0.7383929193460227,1.2462693580017663,0.9978633317502996
2017-07-03,0.6654924191151881,0.6775626116029335,0.21888013291391917,0.17736666736710707,-0.9587246690687133,-0.39084219088073235,-0.6475211336495897,-1.1794838006267798,-1.250634654802911,0.9250962775836193,0.9922797994035114
2017-07-04,0.6805880462834173,0.6898931740717108,0.21346049027120476,0.1727760670626727,-0.9579345470719376,-0.46732391098719056,-0.6310461086099763,-1.0799868337610117,-1.4889310631689245,0.08694270472708433,0.8175405678157832
2017-07-05,0.6805880462834173,0.6898931740717108,0.15723169785303595,0.13146066432276854,-1.0199591238188441,-0.46732391098719056,-0.6310461086099763,-1.1447880426042971,-1.4073053688182422,-0.12378868945704505,0.780455950574356
2017-07-06,0.6837209380097659,0.6255029078746642,0.13464985350838946,0.2232726704114456,-0.9824283289719897,-0.46384746916416963,-0.6191845732482031,-0.9159287104855918,-1.105002531338606,-0.5017115269816262,0.3451977694076387
2017-07-07,0.6733536452627106,0.6515332823531275,0.18816882460520104,0.2691786734557841,-1.0638108946399052,-0.497453073453372,-0.7088085485747888,-1.3387395744271482,-1.2305340078282587,-0.9423898286522744,-0.06874141416832986
2017-07-10,0.6612391391700444,0.6570134162027332,0.19133028281345113,0.24622567193361436,-1.0598602846560257,-0.4962942595123646,-0.6857435135193287,-0.24898016265456455,-1.1118190128301046,-0.6733522110731266,0.17786789570522354
2017-07-11,0.667190276151602,0.6145426401754527,0.174393899554967,0.2232726704114456,-1.0555146136737585,-0.4395123764030239,-0.6758584984955609,-0.2907762572430613,-1.0751469492733439,0.1847202557268118,0.5101604822008756
2017-07-12,0.6548882160839821,0.6213930687946242,0.15474769497512467,0.13146066432276854,-1.0535393086818188,-0.41170084181885713,-0.646203453424254,-0.10042757070691843,-1.120273925641767,0.3655496861462934,0.7774710258533474
2017-07-13,0.6802104705180524,0.6131733906345441,0.13081093996979956,0.17736666736710707,-1.0171936968301285,-0.46384746916416963,-0.6580649887860271,-0.2523327920219921,-0.748667811922494,0.0038908253073212783,0.6574040364578017
2017-07-14,0.68921429522351,0.5282328838086402,0.12945602930912095,0.13146066432276854,-1.007712232868818,-0.39547744664476064,-0.5901883682895647,0.7656923734022195,-0.5715398429263527,0.6701884117667385,0.9640393125536624
2017-07-17,0.6034836200541925,0.5309724281191145,0.12697202643121067,0.08555466127843002,-1.0167986358317407,-0.3189957265383014,-0.549329823524573,0.8784667392097516,-0.24198718584780732,1.1621212564077827,1.0052701653711937
2017-07-18,0.6195676073141136,0.4665832071507251,0.17778117620666403,-0.006257344810247034,-1.006527049873654,-0.3039311453052112,-0.4946332230598018,1.1666236793025935,-0.0019071987446336275,0.8814752710276483,1.339497261098601
2017-07-19,0.6904741150157913,0.48576315301001677,0.18907209837898678,-0.006257344810247034,-0.9899344879413605,-0.35028370294548905,-0.4939743829471345,0.9758310764457249,-0.04995857863461737,0.3996517092575725,0.8142356807393551
2017-07-20,0.7158630004672788,0.4131521634242329,0.15271532898410625,-0.006257344810247034,-0.9820332679736019,-0.33753674959441254,-0.4702497033344236,1.206469215427696,-0.0622924404974171,0.8246949623200642,0.8936881415872724
2017-07-21,0.7027416256669718,0.3679428883151352,0.17281317045084146,-0.07511634937675432,-1.0243047948011113,-0.32247216836132236,-0.4076446081838899,1.1626463563690754,-0.043283696125567116,0.47309985462879356,0.7382970981585489
2017-07-24,0.7276961755975145,0.373423022164741,0.15926406384405437,-0.029210346332416808,-1.0108727208559214,-0.29002537801312833,-0.41028077307914484,0.8804092600074731,0.15439212522832807,0.18782922965900672,0.8224342211203337
2017-07-25,0.7040298253370406,0.38301299509438685,0.19336264880446954,0.13146066432276854,-0.9563543030783859,-0.03508631099160056,-0.424779277780754,0.43776136391387876,0.10644772614020859,1.7067757990678318,1.4897971786072821
2017-07-26,0.6838875155533084,0.33095224613746044,0.24981725966608426,0.03964865823409149,-0.9211938742218594,0.02401319999975386,-0.44257198304570433,0.321274508267834,0.016813009664780852,2.3922114000446837,1.5697019290312861
2017-07-27,0.7021876010962225,0.3569826206159236,0.21617031159256195,0.10850766280059877,-0.8978852753169708,0.0367601533508304,-0.37271803776665535,0.6106251894148225,0.3174954348264459,2.3873749629456253,1.3920005797594814
2017-07-28,0.7206505624594911,0.2747827033291511,0.2191059513573661,0.06260165975626025,-0.8453421625313751,0.048348292760899615,-0.3147256278493808,0.5771690735848143,0.5759059324432425,2.359599597469355,1.3054049709812925
2017-07-31,0.748356726627828,0.2199824100617504,0.2701409195762654,0.06260165975626025,-0.8457372235297629,0.08890678069614288,-0.3265879676557362,0.5197157572150864,1.034628381967236,2.3988152294652845,1.5820204245371117
2017-08-01,0.7815944991495373,0.24327219500108213,0.29565840368571605,-0.029210346332416808,-0.8939346653330914,0.06341287399398979,-0.2870479075606603,0.858821886152914,1.1069926362354314,0.6023675250240248,1.7695652699723277
2017-08-02,0.7638953266711098,0.21587257098171037,0.2816576601920351,-0.006257344810247034,-0.8417866135458835,0.06920694369902543,-0.29231943290658907,0.9392153034136678,1.0899674767079919,0.2760479328937609,1.788673971515876
2017-08-03,0.7329217748338612,0.2131319814425789,0.2705925564631583,-0.07511634937675432,-0.8105767946732363,0.05414236246593422,-0.3186794729699727,0.3329298925227601,0.965096040808715,0.1083665605192746,1.7265633323338223
2017-08-04,0.7044789677507433,0.3131425950477345,0.2705925564631583,-0.006257344810247034,-0.8263792346087541,0.07152457158103906,-0.3812845681205064,-0.41419470258961555,1.0641143348537405,0.1429501733604674,1.9048984796801043
2017-08-07,0.7458469583051053,0.29807248826848287,0.3527904698776696,-0.029210346332416808,-0.8682557004378754,0.12367119892635155,-0.3819442126777559,-0.3454943111302152,0.9838831068705327,0.21122112052966724,2.0734928670627983
2017-08-08,0.7551173070802332,0.32684240705742035,0.3329184468543813,0.03964865823409149,-0.8382310645603921,0.20478817479683809,-0.39380574803952906,-0.6602814269048517,0.9120349035519351,0.8502443322839661,2.1345529117902364
2017-08-09,0.7637028370652372,0.310402005508603,0.3469191903480623,-0.07511634937675432,-0.8390211865571682,0.16886494262562207,-0.2844117426654066,0.04557003094213679,1.1666656851203532,0.5999848437343399,1.9167791623109092
2017-08-10,0.7355759103609868,0.2939626491884428,0.2961100405726089,-0.16692835546543136,-0.8220335636264865,0.11440068739829597,-0.21389895727368916,0.6442795891031824,1.435334739266092,0.3651318249552708,1.9251818254769915
2017-08-11,0.6458276316229469,0.24875232885068793,0.2482365305619587,-0.18988135698760114,-0.8662803954459358,0.16538850080260112,-0.1875389172103068,1.2030136331149885,1.2898423419051381,0.5651341136706558,1.8476219369538371
2017-08-14,0.720581463626614,0.3021823273485229,0.19449174102170122,-0.12102235242109284,-0.8733914934169187,0.15148273351051827,-0.21060395226576695,1.0636153234949988,1.0789613201332264,0.16890155769697113,1.5343795242199785
2017-08-15,0.7381029533919281,0.3556123258463579,0.16649025403434028,-0.006257344810247034,-0.9283049721928422,0.10281254798822675,-0.27979905743214745,0.7076777147429397,0.6782662261879171,-0.5939700937971079,1.3260040542636844
2017-08-16,0.7370886812379077,0.30629216642856294,0.20871830295882912,-0.09806935089892409,-0.9089469832718331,0.2650464997291988,-0.25871054271469146,0.15501721153621978,0.7430861858213157,0.5707608435957059,2.010743097511484
2017-08-17,0.7661681847096812,0.32410286274694605,0.19471755946514815,-0.18988135698760114,-0.9097371052686092,0.23028208149899013,-0.19610544756415776,0.1054442637259772,0.8640341339455385,0.6923802975903803,1.853249562917656
2017-08-18,0.7689839621494303,0.29807248826848287,0.20036302055130953,-0.18988135698760114,-0.8864285063637206,0.23144089543999746,-0.20071893724199916,-0.0833141167879628,0.6462348363356957,0.3933861975115936,1.8040627054494691
2017-08-21,0.7966457056394899,0.25286216793072797,0.25230126254399554,-0.2128343585097699,-0.8477125285217028,0.3241460107205532,-0.1671092426055193,0.2621760660561337,0.7603760790585841,1.0241324898737119,1.9881062488605552
2017-08-22,0.8056310217289971,0.31451288981730025,0.25681763141292424,-0.12102235242109284,-0.8338853935781249,0.3380517780126361,-0.20467278236258862,0.45890238963827207,0.6890904445916723,1.4039291918752606,1.169180809748449
2017-08-23,0.797815450167483,0.2597125965498995,0.24575252768404843,-0.23578736003193967,-0.8330952715813489,0.3276224525435742,-0.1796304225245432,0.48200029923150045,0.8257629790981267,0.36755485120134945,0.9465923506260414
2017-08-24,0.7709113260236146,0.27752224763962546,0.2683343720286939,-0.18988135698760114,-0.8560088094878495,0.4516155442313176,-0.19544660745148812,0.0008757917187233064,0.5507067366820635,1.2967001298627268,1.2839751455697581
2017-08-25,0.8431233081035818,0.20354200851293303,0.28527075528717805,-0.23578736003193967,-0.8504779555104184,0.4516155442313176,-0.15590654735641457,0.26989483742122894,0.4895189120262808,1.2897143681911245,1.246513869976843
2017-08-28,0.8932631487101711,0.13093206415580638,0.32478898289030866,-0.2587403615541084,-0.8504779555104184,0.5199855667507266,-0.04255869686170021,0.7527217385897794,0.879854689379187,1.1323552340859309,1.323238715574623
2017-08-29,0.8843555688076494,0.15011201001509805,0.2798511126444636,-0.32759936612061674,-0.8595643584733408,0.5628616825679835,-0.02015250191890971,1.1216259760995553,0.8226210197205049,1.2967035057405707,1.5358133987264397
2017-08-30,0.8915912037360865,0.22272195437222472,0.2798511126444636,-0.2816933630762782,-0.8488977115168667,0.5396854037478451,-0.05310255199813766,0.7658534309253361,0.7373618974773258,1.2252271298305457,1.44660805772541
2017-08-31,0.8793187574539861,0.1939520355832872,0.2712700117934981,-0.35055236764278547,-0.8180829536426073,0.5663381243910045,0.0002763682412955283,1.1886148179879013,0.987601161307308,0.6530486611580661,1.5766766715837623
2017-09-01,0.8996239430580723,0.2131319814425789,0.29114203481678635,-0.2587403615541084,-0.7999101477167622,0.6092142402082614,0.05497377315064911,1.2749466661538076,1.3625223051765167,0.8956632058699685,1.6499583412097296
2017-09-04,0.9452254710338994,0.14463187616549228,0.3139496976048788,-0.24496856064080738,-0.8216385026280987,0.6323905190284008,0.1518465986057489,1.1596230193846393,1.6681629885864462,0.6338542304277062,1.5501855767112094
2017-09-05,0.9452254710338994,0.14463187616549228,0.3561777465293666,-0.4653173752536323,-0.780947219794141,0.6323905190284008,0.1518465986057489,1.0229453911005006,1.7077694307166935,0.39123684311682116,1.2907983721803753
2017-09-06,0.9460805690907562,0.14189233185501796,0.3365315419495253,-0.39645837068712403,-0.7473670349311663,0.6880135881967343,0.11692002818851555,1.0150311789978637,1.2386028400573474,0.8328993413468937,1.5711903149330517
2017-09-07,0.9147837334282596,0.0377718791698223,0.24642998301438723,-0.5112233782979708,-0.7600089868795804,0.6694725651406231,0.19072781858815516,1.1303491895870044,1.2383623969628663,0.5781766076306452,1.6919777712557247
2017-09-08,0.9143444622763965,0.010372255150450536,0.212557216497418,-0.48827037677580104,-0.7446016079424508,0.4330745211752065,0.1966589884913323,0.8348292017578748,1.1719734697253472,-0.9711045780533047,0.8198582427090064
2017-09-11,0.9264651379077137,0.0829821995075772,0.24665580145783417,-0.30464636459844696,-0.7584287428860284,0.48985640428454624,0.09780883825364604,-0.31922229245943384,0.9425792257335589,-0.7825686451644196,1.0333599450307558
2017-09-12,0.9369348449963534,0.08983262812674872,0.25230126254399554,-0.23578736003193967,-0.7244534970246657,0.42032756782412994,0.07803880820610927,-0.43486424296011017,1.1033282498355435,-1.1662074112481908,0.9777206678402652
2017-09-13,0.9510482816115418,0.17340179495442978,0.29181949014712616,-0.16692835546543136,-0.7062806910988204,0.29285803431336555,0.04772492302213505,-0.40949116627407334,0.9418872457348448,-2.1598887002625733,0.1011907023029617
2017-09-14,0.9300212599854341,0.11860254691568624,0.20736339229814948,-0.16692835546543136,-0.6572931272987163,0.2383937790860394,0.05629145337598484,-0.7860531357917989,0.7693306916383917,-2.3625898654387396,0.0432409017781356
2017-09-15,0.9196058448369112,0.08435249427714293,0.20736339229814948,-0.16692835546543136,-0.6802066652052167,0.21869394208892093,0.027954892974597086,-0.9849611388083759,0.6970259980011939,-1.2123652939511955,-0.018551076046466903
2017-09-18,0.9386598480028262,0.1090125739860404,0.261108181838407,-0.09806935089892409,-0.7070708130955965,0.2650464997291988,-0.06496408735991084,-0.9611187689940646,0.3079006778357372,-1.261365971439508,-0.15352452181070358
2017-09-19,0.9207657181030655,0.07339222657793136,0.24710743834472704,-0.07511634937675432,-0.6644042252696991,0.2650464997291988,-0.06562373191716038,-0.85055668394996,0.4224700313872356,-0.8786653442994593,-0.19374182996418732
2017-09-20,0.9433166157756641,0.17203254541352123,0.2586241789604957,0.01669565671192172,-0.6399104433696468,0.2650464997291988,-0.02740135204742257,-0.44782295946680506,0.46151721273325924,-0.1570885203807117,-0.16359391527320827
2017-09-21,0.9284110103978468,0.13778249277497792,0.2868514843913036,-0.006257344810247034,-0.6189722104550862,0.1850883377997196,-0.16842772727543848,-1.331986682373755,0.0787782492523441,-0.30709878938499063,-0.7457650356064544
2017-09-22,0.923296462857197,0.12545193030620058,0.2586241789604957,-0.029210346332416808,-0.6019845875244049,0.208264616619858,-0.15063421756590473,-1.062641039139498,0.012078194110865536,-0.05712993140561654,-0.6792456230681648
2017-09-25,0.899278448893686,0.1912124912728129,0.2080408476284893,-0.12102235242109284,-0.5522069017275244,0.19204122144576152,-0.06166908235198745,0.016622899740086988,-0.061511203488459815,-0.4203838715690435,-0.9130437906349956
2017-09-26,0.9070668744851413,0.23505251684100203,0.2502688965529771,-0.07511634937675432,-0.5383797667839465,0.14916510562850463,-0.1262515022851088,-0.3667291129798453,-0.3224712158636822,-0.6695610744964344,-1.1498048472884372
2017-09-27,0.9203116400584438,0.288482515338837,0.26449545849010403,0.08555466127843002,-0.5790710496179042,0.1735001983896504,-0.21587547761169454,-1.1284441747675298,-0.49445375422539967,-0.5281361755376448,-1.0188923032557964
2017-09-28,0.9260999012196475,0.2514918731611622,0.24213943258890447,0.08555466127843002,-0.5767006836275768,0.30908142948746303,-0.2020366174673349,-0.2071295326165663,-0.6098411544024078,0.7329359905574023,-0.7073900164961048
2017-09-29,0.9461434983849831,0.25012262362025367,0.24213943258890447,0.13146066432276854,-0.6470215413406296,0.21637631420690728,-0.22839665753071844,-0.47413962711330343,-0.8472561375214789,0.05142377457620943,-1.0837574198285551
2017-09-30,1.0140429729487683,0.3158821393582088,0.24213943258890447,0.1544136658449373,-0.7003547761230015,0.2175351281479136,-0.2264193327481308,-0.9907119895277958,-1.1172912207159293,0.1536352395846155,-1.1418595410338532
2017-10-02,1.0140429729487683,0.3158821393582088,0.3191435218041473,0.1544136658449373,-0.7003547761230015,0.2175351281479136,-0.2264193327481308,-0.6081172596173308,-1.1172912207159293,0.40801720389632473,-1.1418595410338532
2017-10-03,1.0140429729487683,0.31725243412777454,0.3191435218041473,0.13146066432276854,-0.6825770311955444,0.23607615120402475,-0.2264193327481308,-0.06749245044195992,-1.018512221967211,0.37244663700853575,-1.236031112693322
2017-10-04,1.0140429729487683,0.3021823273485229,0.3191435218041473,0.13146066432276854,-0.6873177631761995,0.22564682573496286,-0.2264193327481308,-0.15171724951188903,-1.2263391131076227,-0.47791847510920843,-1.2166313698023727
2017-10-05,1.0140429729487683,0.3706824326256095,0.3191435218041473,0.17736666736710707,-0.6442561143519141,0.42843926541117816,-0.2264193327481308,0.008950666987262185,-1.2428898800283585,1.2450660951832113,0.005869413476574132
2017-10-06,1.0140429729487683,0.34876294245584355,0.3191435218041473,0.2232726704114456,-0.7070708130955965,0.3878807774759349,-0.2264193327481308,-0.0031361766174585496,-0.9641291451152688,1.0007317981070174,-0.27190567734596727
2017-10-09,1.0140429729487683,0.34054221906710624,0.3191435218041473,0.2026149690414935,-0.7153670940617433,0.3925160332399632,-0.2264193327481308,-0.0031361766174585496,-0.907621321441624,1.0278567225369462,-0.06096921544106453
2017-10-10,1.0336522345931616,0.2788925424091912,0.31756279270002175,0.17736666736710707,-0.6628239812761474,0.4608860557593732,-0.16842772727543848,0.35126760881947444,-0.6477634586872667,1.3158982949894655,0.5125299077367802
2017-10-11,1.0429410919842383,0.2336822220714363,0.3333700837412742,0.17736666736710707,-0.6821819701971562,0.5420030316298587,-0.20005929268474842,0.1579577939078328,-0.7667355561781355,1.8529771689766785,0.9176555878873293
2017-10-12,1.057883714593954,0.25560275746985944,0.38417923351672756,0.13146066432276854,-0.6821819701971562,0.5987849147391995,-0.15063421756590473,0.4600089886427512,-0.5370970795831179,0.9709558163165112,1.147216322434328
2017-10-13,1.0779322473902102,0.2514918731611622,0.3785337724305662,0.01669565671192172,-0.6533425173148368,0.6300728911463872,-0.09659645721380306,0.7902496617404541,-0.09944309456987185,1.3867772777587628,1.095228438646647
2017-10-16,1.0559699237047995,0.27752224763962546,0.4494407636727547,0.06260165975626025,-0.6284536744163965,0.8745826326988521,-0.1071403123502405,0.7258130567699068,-0.1292760248414335,2.7546141086707254,1.8159911959267763
2017-10-17,1.0539845661673066,0.30629216642856294,0.5296063110962477,0.06260165975626025,-0.6229228204389654,0.773765819831248,-0.2185116425069495,-0.30712675444719995,-0.5781258585488155,1.772007376623494,1.5188046561951583
2017-10-18,1.0827494231679413,0.288482515338837,0.5198961180280505,0.1544136658449373,-0.6063302585066722,0.7332073318960048,-0.23894051266715471,-0.24001157029925962,-0.21934396634404973,1.0721893905783235,1.6538970481591804
2017-10-19,1.0685607181812264,0.27615195287005967,0.47495824778220436,0.13146066432276854,-0.6154166614695946,0.7088722391348591,-0.1928104425562344,-0.25859559260701614,-0.13253591404640605,0.614141854514114,1.507142555032472
2017-10-20,1.0726819699992662,0.33506208521750047,0.4862491699545271,0.2691786734557841,-0.6126512344808791,0.7042369833708317,-0.2554155377067693,-0.9590351792121631,-0.5883613692582322,0.4132361026145594,1.545204647963963
2017-10-23,1.0863030774302025,0.3679428883151352,0.4894106281627782,0.24622567193361436,-0.6205524544486379,0.7563836107161442,-0.25343901736876506,-0.8847614542992503,-0.3905104727095584,-0.627253574474184,1.8397463192777057
2017-10-24,1.1127087028511695,0.3706824326256095,0.4869266252848669,0.3380376780222914,-0.6146265394728186,0.7795598895362826,-0.27123172263371537,-0.3250227850122076,-0.17400469186235729,0.035250438103686825,1.82977476151048
2017-10-25,1.141937509158267,0.3364323799870662,0.6106751322935272,0.38394368106662996,-0.5905278185711544,0.744795471306074,-0.26859555773846044,-0.18463593227394912,-0.20807545526782245,0.06695542108504252,1.2954525448636163
2017-10-26,1.167231383714549,0.45973277853155353,0.6109009507369731,0.42984968411096847,-0.5786759886195164,0.7320485179549985,-0.32856448799374044,-0.829481312080967,-0.3120820036846247,0.13043812468007968,1.5501029643937454
2017-10-27,1.1957716695083316,0.502202509330177,0.7231327171298638,0.3380376780222914,-0.523367448845205,0.5605440546859699,-0.3140667877367123,-0.362805879486695,-0.27351046822703606,-0.7811981460184831,1.037338964619972
2017-10-30,1.166645277542821,0.44329237698273616,0.9148525756159086,0.2232726704114456,-0.5036143989258081,0.5964672868571859,-0.2771628925368925,-0.14858501448407105,-0.16003316059443087,-0.8636706986155307,1.1439675235291609
2017-10-31,1.1757293062507264,0.45151310037147346,0.8701405238135095,0.24622567193361436,-0.47596012903865226,0.5709733801550327,-0.3239518027604813,-0.3270424656923314,-0.3039063081439742,-1.1241726946641488,1.0105780904521193
2017-11-01,1.1671400745425322,0.48850269732049106,0.8053306305443751,0.2232726704114456,-0.49057738597900613,0.6671549372586095,-0.2771628925368925,-0.055756416241162204,-0.16003316059443087,-0.41797823283176233,1.3281574932285714
2017-11-02,1.1531993850095372,0.47069304623076513,0.8252026535676634,0.17736666736710707,-0.4980835449483769,0.6694725651406231,-0.27189056274638385,0.3474543469773004,-0.1438210565241533,-0.33671157943245456,0.7132809077475796
2017-11-03,1.1412292461212754,0.5049430988693084,0.847332861025417,0.1544136658449373,-0.47319470204993663,0.6103730541492687,-0.32724680776840354,-0.08452768599279209,-0.3140382547829488,0.2815782514844987,0.6635922331674337
2017-11-06,1.194790712863021,0.47480288531080517,0.819783010924949,0.10850766280059877,-0.3606023175093743,0.7030781694298245,-0.24223551767507692,0.2116053031947209,-0.05263353677333884,0.5950602467599297,0.9180674072879609
2017-11-07,1.2379774834113326,0.5008332597892684,0.8466554056950772,0.10850766280059877,-0.35704676852388273,0.5454794734528797,-0.27979905743214745,0.269846194076877,-0.34412493155047946,-0.13797610771697674,0.2616867359960744
2017-11-08,1.2266650173431333,0.4953531259396626,0.826783382671789,0.10850766280059877,-0.3728492084594002,0.5674969383320118,-0.2277378174180488,0.3007404763757752,-0.08884476562660565,-0.5433725035644846,0.09145768132355069
2017-11-09,1.272187575224244,0.43644299359222183,0.8579463278674,0.13146066432276854,-0.35191097554483974,0.5373677758658314,-0.20137777735466644,0.4301204806712758,-0.1586457139463243,-0.7213209992761495,-0.1534805570320388
2017-11-10,1.3246397589167629,0.42959256497305026,0.8888834546195651,0.2921316749779529,-0.3574418295222709,0.514191497045692,-0.28836558778599725,0.23734893413045727,-0.5847529169321907,-0.5284227966662073,-0.3052158929372284
2017-11-13,1.3527691534364732,0.44329237698273616,1.0017926763427956,0.2921316749779529,-0.41314543029497014,0.6080554262672551,-0.25607437781943654,-0.0878681789150763,-0.45558644879584104,-0.5153629314475292,-0.7026629617982577
2017-11-14,1.3088420382501904,0.3528727815358836,1.007438137428957,0.24622567193361436,-0.49334281296772176,0.48985640428454624,-0.22839665753071844,0.3129967759423543,-0.034367109787664794,-0.30673641713106187,-0.7602091468175316
2017-11-15,1.2621460341178965,0.3501321919967521,1.0017926763427956,0.13146066432276854,-0.4799107390225317,0.4643624975823931,-0.26134670760994644,-0.20856207025621631,-0.07299970942478527,-0.570302524087893,-0.7229165174419465
2017-11-16,1.310346171773002,0.3665725935455695,0.9396926043950184,0.2232726704114456,-0.48267616601124724,0.4504567302903103,-0.2554155377067693,-0.3324007370875643,-0.19574378051464963,-0.4820133739368999,-0.696491843924281
2017-11-17,1.289565931692884,0.3295829965965519,0.9340471433088571,0.17736666736710707,-0.4763551900370401,0.49565047398958084,-0.13415919252629133,0.9462266447887983,0.3701407416459337,-0.10010491220218148,-0.5588518956048865
2017-11-20,1.3341605909610705,0.3871228341744269,0.9792108319981491,0.2232726704114456,-0.4763551900370401,0.5535911710399279,-0.27386788752897034,-0.11226065844534938,-0.06701885217667343,-0.2976362685766509,-0.5388282135314656
2017-11-21,1.4119325612721991,0.3693121378560438,1.0017926763427956,0.20031966888927583,-0.43921945618857394,0.6347081469104144,-0.2310328224259722,-0.01925032897410215,0.12026881017922483,0.8191336067163608,-0.37814283977306123
2017-11-22,1.4256400422442341,0.26930256947954534,1.0808291315490557,0.10850766280059877,-0.41393555229174583,0.654407983907533,-0.1618377172595929,0.6075175393913375,0.32592168008309563,1.077331805143447,-0.2299073048470885
2017-11-23,1.247783348141258,0.20628259805206453,1.0810549499925026,0.1544136658449373,-0.40010841734816793,0.7297308900729839,-0.19412892722615357,0.3726944658696577,0.4144416937781167,1.584422493401729,0.012809574927767091
2017-11-24,1.247783348141258,0.20628259805206453,0.993437393935276,0.1544136658449373,-0.38786152639814203,0.7297308900729839,-0.19412892722615357,-0.3656692553627868,0.3686690071237067,1.3202522509968975,0.49744602598037696
2017-11-27,1.1668106211786349,0.2254625439113562,1.0020184947862414,0.10850766280059877,-0.4008985393449439,0.6497727281435046,-0.14733921255798252,0.7744858573568103,0.39761306554215686,0.5404107635970384,0.16913707814899442
2017-11-28,1.1951781598902256,0.2747827033291511,1.024600339130888,0.1544136658449373,-0.3886516483949177,0.5095562412816648,-0.14140884709938767,0.544881647621551,0.5638659031716418,-0.6864387177069529,-0.15414730902283325
2017-11-29,1.1868517505285112,0.2747827033291511,0.9116911174076575,0.2232726704114456,-0.38154055042393487,0.4597272418183659,-0.2244428124101266,-0.3828314190085447,0.15909117312042428,-1.0670519210065637,-0.5585607803313032
2017-11-30,1.1237262649719093,0.24053265069060784,0.8665274287183655,0.3380376780222914,-0.3898368313900816,0.44929791634930294,-0.28309406244007085,-0.5447578845012162,-0.03863625205653739,-1.5229930740267545,-0.593871477821828
2017-12-01,1.1267715492494312,0.2254625439113562,0.8554623249894897,0.2232726704114456,-0.3487504875577363,0.5153503109866994,-0.24618936279566878,-0.32008125806462445,0.24825822428903577,-1.1633551307951688,-0.24754315017945902
2017-12-04,1.1502404742731127,0.2651927303995053,0.8667532471618125,0.2232726704114456,-0.392997319377185,0.5083974273406574,-0.2758444078669745,-0.781185315607123,-0.10753892456963879,-0.7743126379821431,-0.5203997879897585
2017-12-05,1.146817614230226,0.2912220596493113,0.8328804806448432,0.20031966888927583,-0.392997319377185,0.17581782627166403,-0.3595380177349642,-1.3229057755289002,-0.2507516150922018,-1.8692473927650595,-1.0279017434830802
2017-12-06,1.126701216508823,0.3227325679773803,0.8328804806448432,0.13146066432276854,-0.4404046391837378,0.21289987238388633,-0.3516295230492006,-0.780229803537117,-0.3850188800499292,-1.391184592544982,-0.9821578759730941
2017-12-07,1.0704597021776223,0.34876294245584355,0.8723987082479738,0.2232726704114456,-0.4356639072030826,0.21869394208892093,-0.4372996532551945,-0.9518975824286051,-0.7273013484011307,-1.3014090533029916,-0.8844940819673223
2017-12-08,1.1229970255035089,0.3624627544655294,0.9119169358511044,0.24622567193361436,-0.3767998184432797,0.25229954637812224,-0.467614342883751,-1.3595039847447283,-0.5592509905030023,-1.4713094918659273,-0.7258793231116263
2017-12-11,1.21908635606577,0.35835291538548936,0.9573064429838424,0.2691786734557841,-0.30726908272700226,0.3287812664845805,-0.47749935790751996,-1.2427622177926252,-0.6872672303167884,-1.0043853588584628,-0.7650314976582983
2017-12-12,1.1486499672092045,0.3898623784849012,0.9742428262423275,0.2921316749779529,-0.3333431086206067,0.35427517318673357,-0.5117670882120848,-0.9483486133106862,-0.8755511253416747,1.0545995895206337,-0.3678409352092165
2017-12-13,1.2013563358940944,0.29807248826848287,0.9573064429838424,0.20031966888927583,-0.3847010384110386,0.4238040096471509,-0.46629585821383296,-0.714439513231081,-0.6368229124316199,1.238910630265876,-0.0969916682092961
2017-12-14,1.1799566741335399,0.30629216642856294,0.9123685727379973,0.17736666736710707,-0.38233067242071084,0.4678389394054141,-0.4109396131918121,0.16208245933862087,-0.48387434655012584,1.4616089023385712,0.06910593054641252
2017-12-15,1.1174900953047326,0.3665725935455695,0.8672048840487053,0.17736666736710707,-0.3787751234352193,0.6103730541492687,-0.4076446081838899,0.3741288406979396,-0.8358655140463179,2.088710188475612,0.3464451108421503
2017-12-18,1.117607316539078,0.33506208521750047,0.8672048840487053,0.2691786734557841,-0.3534912195383912,0.6393434026744428,-0.35558417261437353,0.7647479487251054,-0.25669188144079264,1.7922167278300005,0.26183725627496196
2017-12-19,1.1847578091107829,0.30355262211808864,0.8900125468367978,0.42984968411096847,-0.38351585541587474,0.6520903560255182,-0.3654691876381425,0.922191573402721,-0.4176095146330107,1.7125574812393431,0.06784078339411702
2017-12-20,1.172023881337681,0.28711222056927127,0.8900125468367978,0.49870868867747675,-0.3542813415351669,0.7540659828341296,-0.32988297266365846,0.8548889961946194,-0.5168083285977817,1.880044424708055,0.2972811452951296
2017-12-21,1.2209717670771376,0.27752224763962546,0.8900125468367978,0.47575568715530697,-0.3459850605690204,0.8073714241204494,-0.32197447797789486,0.552697766553164,-0.3956202117442059,1.9207457499624039,0.23362991732559343
2017-12-22,1.2092681522585436,0.28711222056927127,0.8392033970613444,0.47575568715530697,-0.3471702435641843,0.8525651678197199,-0.26859555773846044,0.8652643774849964,-0.23210822376629398,1.344295005939449,0.3584425537573259
2017-12-25,1.1994635214363478,0.2747827033291511,0.8281382933324676,0.45280268563313825,-0.2910715817930969,0.949905538864304,-0.21126279237843543,0.8925503022590029,-0.19873784087534338,1.7158388247421672,0.8571934944787235
2017-12-26,1.1994635214363478,0.2747827033291511,0.8620110598494368,0.45280268563313825,-0.2910715817930969,0.949905538864304,-0.21126279237843543,0.9550373174104271,-0.2166563181047747,1.6426994903748042,1.2728233648527338
2017-12-27,1.1188979840246083,0.24327219500108213,0.878947443107921,0.3380376780222914,-0.2910715817930969,0.9556996085693386,-0.1921516024435659,0.8490183813846119,0.09527064546262877,1.098115979257685,1.441095432982036
2017-12-28,1.1569788443863787,0.18436206265364136,0.8565914172067214,0.3609906795444612,-0.2606518849172258,1.035657770498818,-0.14536269221997714,1.0885397509111554,0.4223768932981352,1.2338783399545192,1.7027001365528487
2017-12-29,1.1730147092448322,0.11860254691568624,0.8453004950343986,0.2921316749779529,-0.2634173119059411,1.0171167474427067,-0.06496408735991084,1.2475604540555534,0.5545646637488469,0.8851275035605215,1.4465117276384127
2017-12-30,1.2476969746001616,0.08161190473801144,0.8453004950343986,0.42984968411096847,-0.26657779989304453,0.9649701200973941,-0.01619865679831785,1.186823084690804,0.7990947413744223,0.08353168454500337,1.3192201245653081
2017-12-31,1.2476969746001616,0.08161190473801144,0.8453004950343986,0.42984968411096847,-0.26657779989304453,0.9649701200973941,-0.01619865679831785,1.186823084690804,1.0686527324081465,0.08353168454500337,2.375950233984026
2018-01-01,1.2476969746001616,0.08161190473801144,0.8906900021671366,0.42984968411096847,-0.26657779989304453,0.9649701200973941,-0.01619865679831785,1.0678195033327136,1.042949316262751,0.05286316138101731,2.2530403279458793
2018-01-02,1.2476969746001616,0.08161190473801144,0.8906900021671366,0.42984968411096847,-0.26657779989304453,0.9649701200973941,-0.01619865679831785,0.7787207349576962,1.324014843206763,-0.36562939256414645,2.2339558467536516
2018-01-03,1.2832569614696414,0.12408268076529202,0.9254660424578915,0.38394368106662996,-0.21917048008649231,0.917458748516109,0.0002763682412955283,0.38808967606723915,1.4770254296913023,-0.5183348539175705,1.983586586953965
2018-01-04,1.3108076532640043,0.08161190473801144,0.9609195380789863,0.42984968411096847,-0.18440511222835335,0.9302057018671855,0.021364882958751493,0.22085134821158073,1.576971127312333,-0.1795313394714461,1.7758472516284338
2018-01-05,1.3165872770710978,0.09531171674769734,0.9367569646302143,0.45280268563313825,-0.21284950411228487,0.8525651678197199,0.027296052861929817,0.25621830442884475,1.7115398146418939,-0.5891741741440233,1.4693016121667901
2018-01-08,1.3374156395526835,0.14737246570462376,0.9137234833986759,0.49870868867747675,-0.1942816371880518,0.8398182144686445,0.016092553168242832,0.18941298783618096,1.5226700320496218,-0.6564289678962341,1.217937947587991
2018-01-09,1.3748610374335295,0.17477208972399552,0.868333976265937,0.6364266978104913,-0.1705779772847757,0.8212771914125333,-0.029378676830010227,-0.08172728073565777,1.195479504039256,-0.7542541224449121,1.0313113299989802
2018-01-10,1.3919062388150827,0.14737246570462376,0.934272961752304,0.6364266978104913,-0.14252864639923174,0.8664709351118038,0.008184862927061507,0.043931792561542386,1.3026853610273024,-0.26682133299782856,0.738135651104633
2018-01-11,1.3951489483293955,0.08161190473801144,1.0121803247413326,0.6134736962883226,-0.12001016949111949,0.8606768654067692,0.029272573199934013,0.04381285779689786,1.1977887991852458,-0.3646398863965028,0.6380682504141335
2018-01-12,1.4118165739455841,-0.038947904267344395,0.9649842700610222,0.6364266978104913,-0.14845456137505103,0.8270712611175679,0.11362502318059216,0.5090612889835149,1.4938432727301278,-0.13263880090091512,0.50760789436048
2018-01-15,1.407512703783513,-0.11840827724364258,1.0356654428597638,0.6134736962883226,-0.12198547448305908,0.8293888889995815,0.12680504321228453,0.654577781890428,1.4177027573331615,-0.05205748636868408,0.22654391594996687
2018-01-16,1.407512703783513,-0.11840827724364258,1.0234712469136553,0.6134736962883226,-0.15793602533636136,0.8293888889995815,0.12680504321228453,0.9295912860324737,1.3917600764432225,0.04751442598117301,0.07937978341321547
2018-01-17,1.3787244025360088,-0.09785803661478516,1.0236970653571023,0.6823327008548299,-0.1662323063025084,0.7587012385981579,0.14393890836456638,0.8040776956271524,1.2708850224919208,-0.5721868610004702,-0.2357638201865993
2018-01-18,1.4090415154609228,-0.10333817046439096,1.0688607540463932,0.7970977084656767,-0.15477553734925792,0.7818775174182964,0.06485878817441809,0.20795205260041177,0.8435371941168556,-0.4176529855788175,-0.4313634671210823
2018-01-19,1.4108356173002718,-0.09374819753474511,1.059150560978196,0.8430037115100152,-0.19112114920094836,0.755224796775137,0.10374000815682317,-0.06120865735405467,0.9628805221055917,-0.38218951316274696,-0.5028334570604912
2018-01-22,1.4955766984701695,-0.11703798247407685,1.006760682098617,0.8889097145543537,-0.16109651332346536,0.78071870347729,0.09714999814097877,-0.1770926970973881,0.881991460711092,-0.25756623280813384,-0.4496495227526399
2018-01-23,1.5396198009830657,-0.15539787419266018,0.9823722902063992,0.8200507099878455,-0.14173852440245602,0.5779262638010747,0.12878156355028872,0.008458093424289848,0.8309655881186769,-1.3469706416225398,-1.194484565289432
2018-01-24,1.553258183122223,-0.2800685675067133,1.00337340544692,0.865956713032184,-0.13778791441857685,0.8502475399377063,0.2619002485371221,0.6874805428279456,0.9822382131750675,0.5003826266602884,-0.42432441006408755
2018-01-25,1.5326877073561982,-0.25540848779781583,0.9871144775187748,0.8200507099878455,-0.09156577760718795,0.8224360053535396,0.30473531364011786,1.413954788550066,0.9588901411062174,0.22316794279265556,-0.3622429793975632
2018-01-26,1.5471577433053418,-0.29924851336600494,0.9713071864775233,0.8889097145543537,-0.13107187744598184,0.7818775174182964,0.2335628836911521,0.7604061221328635,0.7453533517731677,0.1485070939748243,-0.4707860003678951
2018-01-29,1.3897839175195659,-0.2663687554970274,0.9719846418078621,0.9807217206430308,-0.19704706417676768,0.7702893780082272,0.12680504321228453,0.17140852053074143,0.4250505813277304,-0.0525035335619754,-0.5017982920737039
2018-01-30,1.3897839175195659,-0.28280811181718757,0.9548224401059311,1.0495807252095382,-0.22193590707520763,0.7830363313593036,0.12680504321228453,-0.014727843206375388,0.4250505813277304,1.1441741268998242,-0.46768477119731305
2018-01-31,1.388184773101548,-0.2910288352059249,0.92049803670207,1.0266277236873693,-0.22193590707520763,0.7992597265334012,0.15052891838041196,-0.6465631181971987,0.4459428670871973,-0.2692530048549894,-0.29910785605425044
2018-02-01,1.3190587942541911,-0.35404880663340565,0.9037874718870318,1.164345732820384,-0.18954090520739691,0.8305477029405889,0.18545629324222757,-0.6889605646131893,0.4861925718333627,0.04750764475925486,-0.24872354532972146
2018-02-02,1.3548606270387409,-0.281438862276279,0.9096587514166391,1.3020637419533996,-0.23497292002200953,0.7795598895362826,0.11560154351859754,-0.6868038203796986,0.2596165454345752,-0.008639295691838137,-0.17910336934871146
2018-02-05,1.3429435461828663,-0.23348795239939263,0.9265951346751242,1.141392731298215,-0.2254914560606992,0.8572004235837483,0.11098885828533842,-0.09591393131461438,0.2796571927046721,0.4745059287393788,0.06650580111412044
2018-02-06,1.1565482105886264,-0.22800886377844404,0.8493652270164345,1.1872987343425536,-0.26262718990916534,0.784195145300311,0.06551762828708536,-0.3626482064917055,0.281149332328972,0.010154906738220065,-0.08194432097993083
2018-02-07,1.0564795275972692,-0.13621792833336852,0.8211379215856276,1.3020637419533996,-0.3025283507463474,0.5477971013348933,-0.030037516942677495,-1.0594913195751645,-0.11835522419008947,-1.352447391683384,-0.8448322908196565
2018-02-08,1.0290608639300114,-0.14032776741340858,0.84394558437372,1.3250167434755693,-0.3609973785077619,0.5338913340428104,0.004889857919138115,-1.0553265247866817,-0.0767722964382937,-1.5895047354904812,-0.867511197654379
2018-02-09,0.8136107030185963,-0.11155784862447106,0.8437197659302731,1.2791107404312307,-0.40919482031109067,0.42148638176513625,-0.02015250191890971,-0.8004846162481608,-0.3994389694442674,-1.9326182173103748,-1.0862882113034804
2018-02-11,0.901116971411314,-0.14306835695254005,0.8380743048441117,1.347969744997738,-0.4423799441756774,0.5443206595118724,0.05299644836806145,-0.34393219391721525,-0.22184723622042926,-1.670663005824714,-0.7575565028329172
2018-02-12,0.901116971411314,-0.14306835695254005,0.8324288437579503,1.347969744997738,-0.4423799441756774,0.5443206595118724,0.05299644836806145,-0.077100534722268,-0.22184723622042926,-1.2925714270048991,-0.7575565028329172
2018-02-13,0.954278652048555,-0.2129387569991924,0.8211379215856276,1.2791107404312307,-0.452651530133764,0.7181427506629147,0.07869764831877774,0.6462785347323765,-0.19618639633565987,0.9548796875118128,-0.09236407825861241
2018-02-14,0.9968953572256289,-0.29239808474683343,0.8215895584725205,1.4627347526085848,-0.43882439519018607,0.888488399990936,0.2592640836418672,1.5099853245174246,0.5738590138067423,1.9873417090967502,0.3115671608649535
2018-02-15,1.1169792575045325,-0.36500907433261726,0.8328804806448432,1.439781751086415,-0.4163059182820736,0.910505864870068,0.09517267335839232,0.6848501924096114,-0.029352806423504095,2.782827524207756,0.4465716958422511
2018-02-16,1.1169792575045325,-0.2951386742859649,0.8328804806448432,1.3709227465199079,-0.3594171345142105,0.9186175624571163,0.09517267335839232,0.24636215245326024,-0.009855544563951648,2.0944908310640242,0.3974272729323509
2018-02-19,1.1169792575045325,-0.21019816746006093,0.8328804806448432,1.3938757480420765,-0.3337381696189942,0.787671587123331,0.09517267335839232,0.24636215245326024,-0.10317473270375026,1.3631044513410902,0.6106627534346579
2018-02-20,1.1169792575045325,-0.21019816746006093,0.8328804806448432,1.3938757480420765,-0.3444048165754684,0.787671587123331,0.09517267335839232,0.094037541043614,-0.48865934792648463,0.38305390659049116,-0.1508257941860852
2018-02-21,1.1169792575045325,-0.16087800804226599,0.8328804806448432,1.5315937571750922,-0.3392690235964254,0.8444534702326717,0.09517267335839232,-0.9514232473419869,-0.610270031545845,-0.2308066429361551,0.07925818688394652
2018-02-22,1.1169792575045325,-0.20608832838002086,0.8328804806448432,1.4856877541307536,-0.28751603280760535,0.9012353533420125,0.09517267335839232,-0.0031361766174585496,-0.40756544034600944,-0.0453749384982627,0.346523122550734
2018-02-23,1.1371388419964847,-0.18827867729029493,0.8215895584725205,1.3938757480420765,-0.2511704209559149,0.8375005865866297,0.07935648843144501,-0.09624862074862217,-0.1440450528498516,-0.4267215128360776,0.20380999156057727
2018-02-24,1.2194306163224258,-0.19649835545037503,0.8102986363001977,1.347969744997738,-0.21482480910422502,0.8108478659434704,0.09583151347105957,0.0007425219097470493,-0.09541868824323985,0.12909418959381352,0.09546384268545177
2018-02-26,1.2194306163224258,-0.19649835545037503,0.7651349476109057,1.347969744997738,-0.21482480910422502,0.8108478659434704,0.09583151347105957,0.0007425219097470493,-0.1650061367464332,0.12909418959381352,0.050912026519846304
2018-02-27,1.1577685453335478,-0.12251811632368263,0.708454518305844,1.439781751086415,-0.22944206604457837,0.7529071688931233,-0.004336316991962404,-0.5889617310948508,-0.560467682728408,-0.48690655674928784,-0.19231680937201076
2018-02-28,1.117667778017846,-0.08826806368513933,0.70868033674929,1.3709227465199079,-0.28909627680115735,0.6277552632643725,-0.004336316991962404,-0.5889617310948508,-0.3584499268602434,-1.451237658004706,-0.39721569009419555
2018-03-01,1.1655545031095438,-0.12799825017328842,0.708454518305844,1.2332047373868922,-0.36218256150292577,0.6057377983852414,-0.08737028230270254,-0.9864573308436683,-0.5905147571441307,-1.2397907470265153,-0.6634422450731231
2018-03-02,1.120286130220804,-0.18005795390155765,0.7425531032662592,1.347969744997738,-0.3609973785077619,0.6092142402082614,0.03256757820785621,-0.3755532354229516,-0.10193446883054481,-1.0819866667181548,-0.4604918577897994
2018-03-05,1.1256807748161533,-0.16087800804226599,0.7653607660543517,1.3938757480420765,-0.3009481067527954,0.6173259377953106,0.012797548160320634,-0.49193386227089225,0.12472299867500312,-1.0383019400274727,0.21609321609514712
2018-03-06,1.1822702511271992,-0.2238979794697468,0.7201970773650597,1.3938757480420765,-0.30529377773506267,0.6891724021377406,0.11494270340592908,0.7071391277908637,0.3253866299742138,-0.3420392137947655,0.45977131195905635
2018-03-07,1.1401224308875084,-0.2211584351592725,0.7089061551927369,1.4168287495642462,-0.3282073156415631,0.6358669608514218,0.06485878817441809,0.4089025391740619,0.25117400263140227,0.048677257794831515,0.6371409852934049
2018-03-08,1.198166684412169,-0.15539787419266018,0.7089061551927369,1.347969744997738,-0.3764047574448918,0.5037621715766301,0.024659887966674888,0.6704255591395901,-0.08834301270971479,-0.56085131729853,-0.09569701432608346
2018-03-09,1.2556124926878027,-0.15950875850135743,0.725842538451221,1.439781751086415,-0.3242567056576839,0.6358669608514218,0.041134913006289464,0.04766380532258952,-0.039305366676445824,0.15142302450004838,0.27856571172356287
2018-03-12,1.3005908972600033,-0.18553808775116346,0.7179388929305953,1.3709227465199079,-0.35033073155128774,0.6080554262672551,0.021364882958751493,0.04777942625318706,-0.1741486271785289,-0.04736730394628314,-0.28530188948030677
2018-03-13,1.2541231660577503,-0.21841784562014102,0.7448112877007236,1.3020637419533996,-0.3633677444980896,0.640502216615449,0.06419994806174963,-0.3011949916803337,-0.5711981075512066,-0.26257356171474416,-0.6512039496069132
2018-03-14,1.2209890417853568,-0.2129387569991924,0.7563280283164933,1.2332047373868922,-0.3866763434029782,0.6880135881967343,0.05431493303798064,-0.06542489712845073,-0.1250271616708011,0.29148227435616814,-0.5805272993170287
2018-03-15,1.2518466062959897,-0.1526583298821859,0.7211003511388454,1.256157738909061,-0.38430597741265043,0.6161671238543033,0.004231017806469651,-0.1243792159912719,-0.2733840990468876,0.6352864304393445,-0.7951814251557885
2018-03-16,1.1967995146473818,-0.14032776741340858,0.6978410514638601,1.3250167434755693,-0.3444048165754684,0.5698145662140255,-0.032014037280681695,-0.43644621792201077,-0.380748017041346,-0.36039167682122375,-0.5777544319217729
2018-03-19,1.2296597114037269,-0.18553808775116346,0.6865501292915374,1.3250167434755693,-0.3388739625980378,0.510715055222671,0.004231017806469651,-0.1048622685799632,-0.2733840990468876,-0.5350086616342423,-0.7396964248249056
2018-03-20,1.240653829277598,-0.1211478215541169,0.6418380774891382,1.4168287495642462,-0.2922567647882608,0.4087394284140597,-0.03333252195059969,-0.5793609793329093,-0.384653589253546,-1.2734787437277257,-1.1656497539572677
2018-03-21,1.2042609546903997,-0.20197848929998083,0.5795121870979153,1.4168287495642462,-0.2073186501348537,0.4562507999953449,0.02993141331260248,-0.14735791269974002,-0.19725522715220192,-1.2651880753201852,-1.1817388521535623
2018-03-22,1.1545357070810744,-0.19101822160076926,0.545639420580947,1.2791107404312307,-0.17452858726865486,0.36702212653781013,0.06881263329500875,0.3810507428388969,-0.03528879803141082,-1.3738916321521082,-1.2613771664681417
2018-03-23,0.9739150596630077,-0.24855805917864426,0.4383756599438779,1.256157738909061,-0.1725532822767153,0.30444617372343474,0.21840634332145673,1.4928276685473447,0.3590601793172262,-1.4730525810446033,-1.3640916107057859
2018-03-26,0.9710388207444908,-0.3047286472156107,0.5065728298647093,1.3250167434755693,-0.1812446242412499,0.25114073243711593,0.25201523351335314,1.4708971655684326,0.45860785620045447,-1.452758101541411,-1.5097021179994343
2018-03-27,1.0380622208200099,-0.2581480321082901,0.5348001352955162,1.164345732820384,-0.18835572221223307,0.3218283828385396,0.1656862631946896,1.1859457146062375,0.5054166154758207,-0.49089016230360016,-1.1675761850370447
2018-03-28,0.9431389330625515,-0.16361859758139746,0.5289288557659089,1.141392731298215,-0.20810877213162998,0.35195754530471995,0.05299644836806145,0.1336692928718405,0.16777893233529798,-0.5858667579636866,-0.7531676428565227
2018-03-29,1.0007056642957195,-0.15128803511262015,0.5402197779382316,1.0725337267317079,-0.17294834327510342,0.4064218005320461,0.043771077901544386,-0.1510043878201296,0.39272175885584165,0.22952843136606998,-0.5406773585119345
2018-03-30,1.016222053999862,-0.16498784712230602,0.5291546742093548,1.0495807252095382,-0.17294834327510342,0.4620448697003795,0.1709577885406172,-0.27860214727817756,0.40888309444201437,0.9145832012477663,-0.3939972038302091
2018-04-02,1.016222053999862,-0.16498784712230602,0.517863752037032,1.0495807252095382,-0.17294834327510342,0.4620448697003795,0.1709577885406172,-0.4719489767426224,0.4689403192531121,1.2320494091272156,-0.41628447544296776
2018-04-03,0.9757005241482476,-0.1444386517221058,0.5517365185540013,1.1872987343425536,-0.17294834327510342,0.4933328461075672,0.10967117806000148,-0.33027535875979674,-0.019579711292139607,0.992461204793287,-0.5246427374043195
2018-04-04,0.9565996324885946,-0.1526583298821859,0.490088083493117,1.1872987343425536,-0.2906765207947088,0.36933975441982375,0.12944120810753945,0.44908162679156427,0.18796788124991567,0.10365154476057753,-0.7263723784275218
2018-04-05,0.9601360120426365,-0.10881830431399675,0.43905311527421775,1.2791107404312307,-0.2709234708753118,0.517667938868713,0.13273621311546166,0.5237043127709851,0.3187357213989764,0.6374190240769424,0.05882819905286495
2018-04-06,0.9601360120426365,-0.15676816896222595,0.43905311527421775,1.141392731298215,-0.27210865387047567,0.48058589275649066,0.13273621311546166,-0.22622469495477052,0.26902119794309975,0.10865098754533085,-0.415173524718409
2018-04-08,0.9601360120426365,-0.19375881113990073,0.43905311527421775,1.164345732820384,-0.20573840614130226,0.521144380691734,0.13273621311546166,-0.22622469495477052,0.3287012338766638,0.33781384244099066,-0.22484979128400953
2018-04-09,0.9601360120426365,-0.19375881113990073,0.42798801154534094,1.164345732820384,-0.20573840614130226,0.521144380691734,0.13273621311546166,0.13242727645522498,0.19973582248425922,0.16034107247460938,-0.3144694235958144
2018-04-10,1.0424179151067388,-0.22800886377844404,0.4731517002346329,1.2102517358647225,-0.1077632785410933,0.6590432396715602,0.17029894842794993,0.2364635909823681,0.3411726989446496,1.6624416808319742,-0.06125585047233972
2018-04-11,1.0577590899132296,-0.23074840808891833,0.46186077806231013,1.1872987343425536,-0.02598565187479025,0.6138494959722897,0.2658540936577128,0.7772074967004037,0.7790932478961422,0.5431064067229707,0.012707278626315205
2018-04-12,1.0055647929362694,-0.20608832838002086,0.46186077806231013,1.2791107404312307,-0.07734358166522218,0.49217403216655986,0.1465750732598213,0.07798791366696801,0.5327971974220406,0.06919525195495545,-0.19997459361015743
2018-04-13,0.9745320135279834,-0.19923789976084932,0.4512473112203262,1.256157738909061,-0.008602967945720474,0.510715055222671,0.18875129825015097,0.32522705390544826,0.5483083486278507,-0.05454991885060762,0.0192082085838926
2018-04-16,0.9163199485520491,-0.24992835394821,0.3381122710536498,1.2791107404312307,-0.05324486076355794,0.5674969383320118,0.20654400351510127,0.42952878202909467,0.717122789540081,0.26362746600921466,0.47764092856398427
2018-04-17,0.8181588869111979,-0.23759883670808987,0.327047167324773,1.256157738909061,-0.06667693470874798,0.5327325201018032,0.2045666787325148,0.1968897670768383,0.5171768743672156,-0.6905053001406841,0.23857872635300767
2018-04-18,0.8555413554978161,-0.2238979794697468,-0.011454679401469438,1.3709227465199079,0.013125386965616046,0.7146663088398937,0.23092671879589718,-0.20483327516960112,0.4776572886208985,0.5615904200042373,1.0290587934677617
2018-04-19,0.9158979521084062,-0.18005795390155765,6.206121430024285e-05,1.4856877541307536,0.05737221878506481,0.650931542084512,0.20193131828184097,0.3208557517339708,-0.05212513072728246,0.8971062481205647,1.034772170203716
2018-04-20,0.8410552787481834,-0.12799825017328842,0.03416064617471541,1.5774997602194307,0.04828581582214262,0.6567256117895466,0.13537157356613433,-0.31407297103762094,-0.3434461581518506,0.8232558466597423,1.21720155114534
2018-04-23,0.8308002716045532,-0.04305774334738444,0.21571867470566908,1.623405763263769,0.045125327835039176,0.5999437286802058,0.04179375311895673,-0.9608832048421062,-0.36806241874353346,0.1845359239934524,0.8323390244743847
2018-04-24,0.941558297260483,-0.06634857351537335,0.17868444998044977,1.6693117663081076,0.09727337962224682,0.6741078209046504,0.10044500314890097,-0.6085643036876949,0.1372301590433103,0.7948063296435698,0.9570215563468504
2018-04-25,0.92934137682623,-0.011548280247972626,0.23807470060686864,1.738170770874615,0.015495752955943768,0.6590432396715602,0.03322641832052587,-1.1492855257912038,-0.035418922587817425,-0.2995831714850063,0.7489252880089219
2018-04-26,0.8238311607457857,0.04188171824986235,0.28910966882576794,1.6693117663081076,0.07870551269801375,0.6138494959722897,0.0009360127985462587,-1.1721948118765577,-0.5033171872826844,-0.20019563872485613,0.45426983157393813
2018-04-27,0.8241087899850251,0.03914217393938805,0.29362603769469764,1.5774997602194307,0.07633514670768603,0.48174470669749797,0.027296052861929817,-0.6364907458767366,-0.4259034033153797,-0.9583766498157731,0.07566658713985147
2018-04-28,0.8301993585400673,0.0802416099684457,0.2604307265080682,1.5545467586972619,0.09964374561257454,0.49217403216655986,-0.08934760708528901,-0.7799152316348859,-0.5925535002127783,-0.5934170913883563,0.01590171021955103
2018-04-30,0.8301993585400673,0.0802416099684457,0.36159738917208206,1.5545467586972619,0.09964374561257454,0.49217403216655986,-0.08934760708528901,-1.1198046160228292,-0.6495658628340598,-0.9942321819856526,0.3759039707300095
2018-05-01,0.8301993585400673,0.16381182202478395,0.36159738917208206,1.6004527617416004,0.05737221878506481,0.4075806144730534,-0.08934760708528901,-0.729883437324025,-0.6590430357379633,-1.3785308189331984,-0.2938400170273247
2018-05-02,0.8301993585400673,0.17203254541352123,0.36159738917208206,1.6004527617416004,-0.010183211939272475,0.4794270788154833,-0.08934760708528901,-0.5404247071702949,-0.6590430357379633,-0.7397086342885683,0.015895784595242678
2018-05-03,0.8697633759932406,0.15833273340383533,0.31688533736968294,1.5315937571750922,0.0020636790107537157,0.50723861339965,-0.03596868684585462,-0.3784915089076592,-0.5016002015992538,0.14753716114036086,-0.020315507811368358
2018-05-04,0.848358778601768,0.18025222357360132,0.28346420773960657,1.5545467586972619,0.05342160880118564,0.5188267528097202,-0.02278866681416344,0.39712994817204395,-0.46272531056574573,0.15384669921028157,0.012620922518016523
2018-05-07,0.9373815195945961,0.2049123032824988,0.3284020779854526,1.5545467586972619,0.03011300989629712,0.5037621715766301,-0.026083671822086835,0.37731474558152106,-0.5807762989198262,0.06908903135208623,-0.41379278176448875
2018-05-08,0.9907332220222499,0.25560275746985944,0.41963272913782235,1.6004527617416004,0.03011300989629712,0.4574096139363522,-0.02740135204742257,0.3693905996236829,-0.8560856126640118,0.2876119535841507,-0.4197449162704741
2018-05-09,0.9850843924345307,0.24464248977064787,0.4539571325416834,1.6693117663081076,0.16601399334174796,0.4539331721133313,-0.032014037280681695,0.3416512510753219,-0.5299275094320636,-0.1398023237360241,-0.08992398539737527
2018-05-10,1.0110507467036347,0.1912124912728129,0.4200843660247152,1.6004527617416004,0.1656189323433604,0.5756086359190601,0.030591057869852015,0.39466115716220407,-0.46754981924187344,0.3877485703978695,0.20392152343957093
2018-05-11,0.9799599736320406,0.17614238449356126,0.41059999139996395,1.6004527617416004,0.15692759037882578,0.579085077742081,0.018728718063496567,0.24461631146403576,-0.5533625128051578,0.3416578919040846,0.05193259043215793
2018-05-14,1.0212243159370868,0.18299176788407562,0.42302000578951937,1.6693117663081076,0.18853247024986075,0.5362089619248241,0.002253693023883187,0.16602977188485302,-0.5959003246640459,0.18614935050006529,0.02907315688196745
2018-05-15,1.0532516249757145,0.26930256947954534,0.4713451526870614,1.8529357784854619,0.2189521671257319,0.4504567302903103,-0.1796304225245432,-0.912038605775767,-1.2015977711967445,-0.03541992043604797,-0.7119618426544225
2018-05-16,1.016419479236656,0.29259235441887704,0.4544087694285763,1.8758887800076305,0.18932259224663647,0.48406233457951164,-0.1710638921706934,-0.83379362985948,-1.0955838717048128,0.17432096169068695,-0.4466245385434445
2018-05-17,0.9767518135341672,0.30355262211808864,0.4643447809402214,1.921794783051969,0.2643841819403451,0.5269384503967686,-0.1842439122023834,-1.2772886540752535,-0.9464337720838966,-0.26677187520802165,-0.3428181420585256
2018-05-18,1.0229690614672398,0.32684240705742035,0.4596025936278458,1.8070297754411233,0.19682875121600724,0.4678389394054141,-0.1710638921706934,-1.1303025052654685,-0.6383814347967354,-0.6144685318076881,-0.3521760347145302
2018-05-21,1.0613966499011265,0.3323225409070262,0.42347164267641224,1.8070297754411233,0.1952485072224558,0.5489559152759006,-0.1710638921706934,-1.0344130284468986,-0.807771194190526,0.0751682950518296,-0.3290581057335508
2018-05-22,1.0538352633319825,0.3227325679773803,0.3695010346927078,1.8070297754411233,0.277421194887147,0.6265964493233662,-0.16117887714692322,0.10900549287766059,-0.5839578274705972,1.0007406740639604,-0.07126961029487218
2018-05-23,0.9812592784716794,0.377532861244781,0.3017555016587703,1.6922647678302765,0.20907564216603342,0.48406233457951164,-0.17699425762928828,-0.03914243055576065,-0.5367847605538709,0.0038908253073212783,-0.3449603098138048
2018-05-24,0.9465457523049478,0.346022352916712,0.32456316444686273,1.623405763263769,0.21737192313218046,0.543161845570866,-0.08209875695677615,0.6180016785752659,-0.3305733757773902,0.09472507572307196,0.19473808273984777
2018-05-25,0.9186458646230086,0.4021929409536785,0.23988124815444012,1.5086407556529233,0.12650789350295408,0.5002857297536092,-0.08473411740744762,0.521015633968952,0.009959985778705212,0.1870715007009857,0.04235746185264728
2018-05-28,0.8978532854655917,0.4898729920900568,0.23423578706827874,1.141392731298215,0.043940144839875316,0.4655213115234005,-0.1150488070360041,0.33695979112969127,-0.08176743015606182,-0.46182447394958004,-0.056853623584870186
2018-05-29,0.8978532854655917,0.4898729920900568,0.21165394272363225,1.141392731298215,0.043940144839875316,0.4655213115234005,-0.1150488070360041,0.2766176109562791,-0.08176743015606182,-0.8855817375292744,0.18654696119564987
2018-05-30,0.7862056123363674,0.3967128071040727,0.20600848163747087,1.3020637419533996,0.09845856261741068,0.5049209855176364,-0.09659645721380306,0.4853403194156779,-0.0259335625541178,0.12138136876502661,0.0920934107561643
2018-05-31,0.8913789716065355,0.37479227170564955,0.24055870348477892,1.2791107404312307,0.12058197852713534,0.49449166004857453,-0.10582263212490359,-0.145684293515927,-0.21406037239217013,-0.2679958021483361,-0.017092431387799232
2018-06-01,0.8361739397684935,0.4021929409536785,0.2570434498563712,1.4168287495642462,0.045125327835039176,0.5721321940960391,-0.14074920254213694,-0.3398136756904234,-0.35818323126863244,0.4076599786349925,0.17076489118753718
2018-06-04,0.8779960083674787,0.3789021107856896,0.3315635361937027,1.5315937571750922,0.0004834350172017135,0.654407983907533,-0.15195270223582272,-0.22573193664805058,-0.38207296348655956,1.0706122462771412,0.4484247719977816
2018-06-05,0.9455968772606143,0.36109245969596365,0.34737082723495516,1.4856877541307536,-0.019269614902195226,0.8027361683564221,-0.12295649727718662,-0.050833535115572294,-0.29106277836554995,1.9082830553822654,1.0095374364057155
2018-06-06,0.9389313077034148,0.3295829965965519,0.34737082723495516,1.6004527617416004,-0.006627662953780892,0.9510643528053103,-0.12559266217244155,-0.17765830149666686,-0.28527505245662016,2.509538653588382,1.4455829382255858
2018-06-07,0.9180387820198718,0.2939626491884428,0.36995267157960066,1.5086407556529233,0.07238453672380686,0.9800347013304843,-0.1150488070360041,-0.058726402310511946,-0.43861027352738585,2.7348072667671515,1.1600038350103687
2018-06-08,0.8535547640525936,0.31451288981730025,0.31372387916143285,1.5086407556529233,0.06764380474315142,1.0391342123218388,-0.11900265215659477,0.12842906630551162,-0.41557108215020555,2.6022170922780226,1.3162784964843381
2018-06-11,0.8446360789805035,0.3186227288973403,0.32478898289030866,1.5774997602194307,0.046705571828590614,0.9383173994542348,-0.1137303223660861,0.22841080524753535,-0.3512433982825273,1.5656823303484029,1.1597005266388627
2018-06-12,0.9102318478124685,0.34876294245584355,0.40405125654001584,1.5774997602194307,0.057767279783452946,0.9220940042801373,-0.13877268220413272,-0.09862397306267068,0.12094338267168124,0.6473816730100822,1.3730997311669664
2018-06-13,0.8536436054091505,0.3364323799870662,0.35301628832111653,1.623405763263769,0.06606356074959942,0.9313645158081929,-0.1269103423977773,-0.011093922763082775,0.1308859373252241,-0.10023899900463068,1.297179248925667
2018-06-14,0.8276365321849578,0.4816522687013195,0.26268891094253255,1.5315937571750922,0.05421173079796136,0.8583592375247556,-0.08012143217418849,0.20753766990044004,0.3145801669330344,-0.6368162827781658,0.96042774799891
2018-06-15,0.780050880579368,0.48439285824045103,0.2177510406966865,1.5086407556529233,-0.0544300437587218,0.6810607045506923,-0.27386788752897034,-0.937679198046269,-0.3180578501979164,-1.8670928358079055,0.629788452322831
2018-06-18,0.5740870022958221,0.4789127243908452,0.12177820223194116,1.4856877541307536,0.058162340781841085,0.5929908450341649,-0.2672778775131247,-0.9291568543921942,-0.2979258858697966,-1.8245171662345838,0.1438819250287018
2018-06-19,0.5740870022958221,0.5254922942695086,0.12177820223194116,1.4168287495642462,0.06013764577378067,0.4550919860543376,-0.2672778775131247,-0.7804043667122657,-0.3277474398407689,-2.474065057766287,-0.46116941744813794
2018-06-20,0.598156840383991,0.5213824551894686,0.2236223202262948,1.5086407556529233,0.033668558881788706,0.4388685908802411,-0.29627408247176085,-1.0261168781997487,-0.36864455489489373,-2.6061351065811227,-0.10991321777188202
2018-06-21,0.5276945394650963,0.4953531259396626,0.1556509687489104,1.439781751086415,-0.020849858895746667,0.3959924750629842,-0.3226341225351444,-1.4599712272748138,-0.7312072638473653,-2.47034478320932,-0.39780093582433285
2018-06-22,0.5559473247578021,0.4474022160627762,0.1220040206753881,1.439781751086415,0.010755020975288323,0.4087394284140597,-0.3213156378652264,-0.29474134937725277,-0.7194731205834808,-1.488694567330162,-0.24175052690659932
2018-06-25,0.4954229166959376,0.4145224581937986,0.16694189092123315,1.3709227465199079,-0.02282516388768681,0.3171931270745113,-0.33317797767158186,-0.40782860221581985,-0.6660058459454802,-1.5261746092017563,-0.40568195968028203
2018-06-26,0.4756816269244404,0.4693227514611994,0.1671677093646801,1.3938757480420765,0.00719947198979674,0.3322577083076015,-0.3924880678141933,-0.7720517852543427,-0.8460076503093469,-0.6908261220585865,-0.36252905196595053
2018-06-27,0.3849499237256276,0.5528929635175376,0.10506763741690398,1.2791107404312307,0.10635978258516957,0.31487549919249763,-0.4175296232076577,-0.7503436875761795,-0.9759130014256505,-0.6989890021535452,-0.5221770787260406
2018-06-28,0.32971034247114794,0.5665927755272235,0.05425848764145062,1.3020637419533996,0.11307581955776459,0.2546171742601359,-0.45047967328688565,-0.7934398026088785,-1.0488823144111565,-0.8024126476211261,-0.66512566093839
2018-06-29,0.46436669304078276,0.4624723228420278,-0.06949001936720971,1.3250167434755693,0.15969301736754107,0.24187022090906038,-0.42741463823142667,-0.658905481727562,-0.8766288617538652,-0.94608867090565,-0.9128366130444878
2018-07-02,0.33624018217805307,0.4953531259396626,-0.08936204239049798,1.3709227465199079,0.1308535644852214,0.19088240750475421,-0.5031997534136515,-1.0554895403440663,-1.0746254420387447,-0.7246635220861822,-1.2741542877474445
2018-07-03,0.3466346208951664,0.45699218899242205,-0.024552149121364667,1.2791107404312307,0.09766844062063497,0.12830645469037882,-0.4254381178934213,-0.20854189770716158,-0.9228583804805801,-1.169945921020845,-1.8250912324128759
2018-07-04,0.2335013228590799,0.44055283267226186,0.009772254282497443,1.3020637419533996,0.14191527244008373,-0.08259768257288473,-0.38787457813635196,0.18228969554241392,-0.8009880883548816,-2.2894808139216485,-2.7521608822714096
2018-07-05,0.2335013228590799,0.44055283267226186,-0.013261226949040918,1.3020637419533996,0.14586588242396345,-0.08259768257288473,-0.38787457813635196,0.3898870215007019,-0.8320060451115016,-1.9588220148759243,-2.8189910289888456
2018-07-06,0.26770401122561227,0.3816427003248211,0.04409665768635955,1.256157738909061,0.06250801176410839,-0.08723293833691304,-0.4076446081838899,0.12062925806702092,-0.8804119009436105,-1.9151609969574823,-2.9660443602897346
2018-07-09,0.3964227977987201,0.3871228341744269,0.0831632484025973,1.347969744997738,0.1454708214255753,-0.02697461340455129,-0.38260305279042434,0.7588327845656779,-0.8198831623405869,-1.2759605894936463,-2.5732105090741086
2018-07-10,0.40884701473160295,0.3912326732544669,0.08293742995915036,1.3709227465199079,0.17391521330950685,-0.05130970616569704,-0.4109396131918121,0.0876064134846847,-0.8323025556813921,-1.061072809733735,-2.60060972231901
2018-07-11,0.3251140361770771,0.47480288531080517,0.009772254282497443,1.3250167434755693,0.07712526870446175,-0.27380198283903084,-0.483429723366116,-0.5984810909890503,-1.0875117442756046,-1.1662854693835427,-3.220400306817018
2018-07-12,0.43640264215688546,0.4871324025509253,0.021288994898267126,1.3250167434755693,-0.050874494773230215,-0.19616144879156527,-0.4689320231090867,-0.5081549018827248,-1.179215422258129,-0.6911229739636118,-2.8430766278206607
2018-07-13,0.4552172672231897,0.4789127243908452,-0.046456538135671355,1.2791107404312307,0.02813770490435754,-0.19963789061458623,-0.5045182380835708,-0.6081393291978812,-0.7172423595449371,-0.6845181931776259,-2.4292247523049895
2018-07-16,0.43306615565509665,0.44603296652186764,-0.057747460307994096,1.3250167434755693,-0.09354108259912754,-0.22513179731673932,-0.5144032531073398,-0.8237794613018278,-0.7675891822563233,-1.198624886982271,-2.2829811836027956
2018-07-17,0.40997233858131943,0.5090529379493485,-0.057747460307994096,1.347969744997738,-0.09986205857333441,-0.26569028525198257,-0.596119538192743,-1.1600982568954659,-1.020083268785375,-1.3018872270116038,-2.0485307631506373
2018-07-18,0.3815492740218815,0.5241230447286,-0.08032930465263959,1.3938757480420765,-0.1136891935169126,-0.23556112278580224,-0.59216488862757,-0.6885017109644683,-0.9214334261554735,0.24496377655910131,-1.9199961856205083
2018-07-19,0.3711622387511471,0.5364525619687203,-0.14784901924313112,1.3020637419533996,-0.05759053174582524,-0.38504812117569776,-0.617866088578284,-0.940219473521107,-0.9222801300310354,-1.1724989304435123,-2.2402374287004396
2018-07-20,0.4510429573727635,0.4391825379026961,0.016095170698998622,1.4168287495642462,-0.05561522675388566,-0.24483163431385782,-0.5710771783546963,-0.423744965458585,-0.7807276815923238,-0.2777287794443442,-1.8680622590713634
2018-07-23,0.4944283870655971,0.46795245669163366,0.027611911314768305,1.5774997602194307,0.0020636790107537157,-0.2668490991929889,-0.6073222334418477,-0.5910345030990845,-0.8577675375162915,-0.2571001051950305,-1.6895054574047024
2018-07-24,0.5708455266892389,0.45973277853155353,0.12448802355329938,1.5545467586972619,0.005224166997857159,-0.1185209147440997,-0.6079810735545161,-0.0789433394063176,-0.679916481870785,0.9304743434530501,-1.2967676872673237
2018-07-25,0.5699916625401126,0.4254827258930102,0.12426220510985245,1.5315937571750922,0.010755020975288323,-0.10229751957000321,-0.5585559984356724,0.21155338530805942,-0.4476856524334862,0.8389711810639878,-1.2017087287369257
2018-07-26,0.5108566345821749,0.4789127243908452,0.06713013891789792,1.623405763263769,0.043940144839875316,-0.10113870562899589,-0.5987548986434156,0.11933330580100995,-0.47236066426365036,1.8255463592895753,-1.0310726498705696
2018-07-27,0.4885907695951955,0.4693227514611994,0.03348319084437561,1.5774997602194307,0.056977157786677224,-0.13822075174121817,-0.6165484083529482,-0.2928449668440147,-0.5997506115564709,0.6729247242589629,-1.1049967760897066
2018-07-30,0.4685607454148881,0.4254827258930102,0.03370900928782255,1.623405763263769,0.06290307276249597,-0.14053837962323182,-0.6251149387067992,-0.11700742202962663,-0.39158138865501835,0.7992923219974474,-0.9683689508091047
2018-07-31,0.4682399294051009,0.44329237698273616,-0.056844186534208356,1.5774997602194307,0.03011300989629712,-0.04899207828368341,-0.6092995582244342,-0.011575014519088784,-0.5830045602320536,0.43175622729614493,-0.5140012089128969
2018-08-01,0.379998252005331,0.46110307330111927,-0.09613659569389203,1.6693117663081076,-0.04415845780063519,-0.24251400643184315,-0.6475211336495897,-0.569081126488048,-0.8179553288851706,-0.8568273124450608,-0.47721232663219837
2018-08-02,0.2746212979597227,0.5364525619687203,-0.07920021243540791,1.623405763263769,-0.017689370908643223,-0.26916672707500355,-0.6956285285430965,-0.6224583455413604,-0.9687652823413853,-1.0273652563226248,-0.5599490825015487
2018-08-03,0.1931007159650003,0.5323427228886802,-0.11216970517859041,1.5545467586972619,-0.0362572378328763,-0.2089084021426418,-0.6719046533749691,-0.35781539588351163,-0.8343993614738251,-0.4324252492207844,-0.35877056911520383
2018-08-06,0.12853155836435448,0.5624829364471835,-0.11194388673514448,1.5315937571750922,-0.03507205483771244,-0.28539012224910004,-0.7088085485747888,-0.5399496769601996,-1.025958099668883,-0.8905186953174506,-0.776223341001944
2018-08-07,0.2599797488361143,0.5433029905878918,-0.042391806153634526,1.623405763263769,-0.04297327480547133,-0.23787875066781589,-0.7022185385589421,-0.5979526616282368,-0.9196673667719786,-1.1462004796460523,-0.5571955613077988
2018-08-08,0.18337011960660063,0.5268625890390745,0.03574137527884096,1.5774997602194307,-0.10618303454754187,-0.24135519249083684,-0.6824485085114065,-0.22778689400095345,-0.6351748713920718,0.011160295215972426,0.1229600650419194
2018-08-09,0.30246565979381307,0.5816628823064751,0.09309925991424142,1.5086407556529233,-0.11250401052174874,-0.2065907742606282,-0.6870611937446657,0.052300678044832995,-0.6945598200903546,0.3980864694743708,-0.013738303115957662
2018-08-10,0.31549695932983424,0.6994831470013567,0.10416436364311824,1.3709227465199079,-0.0947262655942914,-0.25873740160594066,-0.6923335235351743,-0.13493381873981355,-0.6011813755652694,-0.3070609795423559,-0.1675895901116153
2018-08-13,0.30973090850776885,0.7035929860813968,0.17213571512050166,1.3938757480420765,-0.10973858353303288,-0.2865489361901074,-0.8228152391821705,-0.7420627102094287,-0.9858214098027892,-0.003427753673201998,-0.1756874140320254
2018-08-14,0.28476278559219625,0.7501736011887173,0.10280945298243863,1.4168287495642462,-0.10381266855721415,-0.39779507452677426,-0.8116125439330658,-0.7115797389630172,-0.6969564149293452,-0.9985688116140476,-0.40267185374327485
2018-08-15,0.17062015103300918,0.7460627168800201,0.17281317045084146,1.347969744997738,-0.19823224717193152,-0.6805456761324687,-0.9137576991786754,-1.4974053514422776,-1.0376334551658326,-2.7507386999737573,-1.3951680308824432
2018-08-16,0.13634466211040872,0.7392133334895058,0.24326852480613714,1.3709227465199079,-0.16544218430573268,-0.5530761426217043,-0.9223250339771063,-1.5238303823637562,-0.9856854494972631,-2.1575290603229,-0.5276458953184694
2018-08-17,0.06558005379767633,0.6638627995932476,0.32975698864613123,1.3709227465199079,-0.12870151145565412,-0.5252646080375387,-0.920347709194521,-1.477943804812313,-1.1236709042303539,-1.6723431978842322,-0.8734371729552081
2018-08-20,0.10898645992191865,0.6364631755738759,0.2850449368437321,1.256157738909061,-0.09038059461202409,-0.4337183066979892,-0.8524702842534763,-0.19813452478708804,-0.7934124278801582,-0.9257384385152835,-0.5137899373646466
2018-08-21,0.1895310209022494,0.5487831244374975,0.2791736573141238,1.3250167434755693,-0.06904730069907515,-0.3734599817656285,-0.8142487088283207,-0.020445720829569112,-0.6682660361690783,0.16035197746396251,-0.7765514173389512
2018-08-22,0.15831562314992936,0.533713017658246,0.22836450753867044,1.256157738909061,-0.017294309910255642,-0.4209713533469127,-0.7898651891029426,0.8210733684132384,-0.7443731369400318,1.7520964298820128,-0.9730200206335622
2018-08-23,0.17833700997612748,0.5981032838552925,0.23423578706827874,1.256157738909061,0.013125386965616046,-0.4626886552231633,-0.8511526040281405,0.4708701521089589,-0.815895040864149,0.599876500479438,-1.106320079919749
2018-08-24,0.17840117317808477,0.533713017658246,0.27420565155830223,1.256157738909061,0.03998953485599559,-0.3549189587095174,-0.7239650889444842,1.3044328436188708,-0.35029328083477784,1.1219794382521004,-0.6592393518578376
2018-08-27,0.2951794346484486,0.48302256347088524,0.2798511126444636,1.3250167434755693,0.03998953485599559,-0.33521912171239887,-0.7061723836795339,0.9625011432761488,-0.2655936112558868,0.640856211638817,-0.5905237832603075
2018-08-28,0.28917894135769306,0.47480288531080517,0.23423578706827874,1.3938757480420765,0.0992486846141864,-0.27032554101600986,-0.7167162388159714,0.6374947940590504,-0.3499819998821915,0.6644098550781954,-0.6643592553282281
2018-08-29,0.2647278257809691,0.4583624837619878,0.23423578706827874,1.4168287495642462,0.10556966058839329,-0.32942505200736427,-0.7358274287508397,0.3507069176099008,-0.2897831804288202,0.5946790172903896,-0.257337744113722
2018-08-30,0.21201158583424054,0.47480288531080517,0.16649025403434028,1.347969744997738,0.14428563843041145,-0.3526013308275037,-0.7806398186364231,0.4622041123083715,-0.2807786400837556,0.7191362089005521,-0.2473879319820638
2018-08-31,0.17387766744008132,0.5323427228886802,0.15519933186201754,1.347969744997738,0.13993996744814413,-0.45689458551812867,-0.763505149039559,-0.25990097508426624,-0.30134748564294006,-0.6472776115980013,-0.7657412604145437
2018-09-03,0.2261262563571584,0.5707026146072636,0.20036302055130953,1.439781751086415,0.174310274307895,-0.6144932814950734,-0.8135898687156522,-0.6991248674531675,-0.3457102449558781,-1.773843726660487,-1.0350534305655206
2018-09-04,0.2261262563571584,0.5707026146072636,0.23423578706827874,1.439781751086415,0.16245844435625695,-0.6144932814950734,-0.8135898687156522,-0.6316399603498305,-0.3669011753160962,-2.1645801312804704,-1.1782888906833782
2018-09-05,0.1367987401550319,0.5309724281191145,0.23423578706827874,1.439781751086415,0.1296683814900581,-0.5971110723799686,-0.799091364014043,-0.4145727577449289,-0.38313802264244756,-1.6985123709842507,-1.1125813003544347
2018-09-06,0.09247924231062417,0.5159023213398628,0.23423578706827874,1.3938757480420765,0.08976722065287608,-0.5368527474476079,-0.779321333966505,0.0054872635886848735,-0.3040571486140454,-1.1722179171054543,-1.025791368704413
2018-09-07,0.1074021223966607,0.5638532312167492,0.27939947575757074,1.5315937571750922,0.08502648867222062,-0.5692995377958019,-0.8076586988124739,-0.2912932633309138,-0.3793192824799611,-0.7257271398649441,-0.9714980573332102
2018-09-10,0.03680779335066193,0.533713017658246,0.3358540866191855,1.5315937571750922,0.13322393047554912,-0.5565525844447253,-0.8116125439330658,0.009850568342343618,0.03306482870779183,0.38983206424743777,-0.8458897492434546
2018-09-11,0.03123793385765943,0.5213824551894686,0.38101777530847747,1.623405763263769,0.19050777524180035,-0.5716171656778155,-0.7957963590061197,0.11372867764043391,0.04825416324329231,0.2894873421230123,-0.5476595918527768
2018-09-12,-0.0004833660639408561,0.48576315301001677,0.3358540866191855,1.6004527617416004,0.26161875495162923,-0.4464652600490658,-0.7345097485255028,0.4202443104214798,0.5959991020035877,1.0044479335871865,0.8188567688156625
2018-09-13,0.04258988497321471,0.4501428056019077,0.3302086255330241,1.6004527617416004,0.16838435933207568,-0.4302418648749683,-0.7523024537904542,0.17354906517003468,0.565747953949109,0.7049772988855436,0.43002707913036975
2018-09-14,0.03887088707514125,0.5104232327189142,0.2906903979298935,1.646358764785939,0.17668064029822272,-0.5183117243914968,-0.7984325239013734,0.05741413550103132,0.4044353198992989,0.34098748267698115,0.0423562068104542
2018-09-17,-0.015776418468961804,0.44603296652186764,0.28527075528717805,1.646358764785939,0.19050777524180035,-0.5055647710404202,-0.7674597986047331,0.28677888094306525,0.27832705934818824,0.3402802419310179,-0.21645505995683945
2018-09-18,0.07469369629109966,0.46110307330111927,0.3134980607179859,1.7840767739189536,0.23119905807575808,-0.32131335442031606,-0.7865701840950191,0.05732295805737845,0.08747589639765205,1.6593617867767319,0.18860732539648128
2018-09-19,0.13085624052758354,0.45151310037147346,0.37559813266576203,1.8529357784854619,0.23831015604674124,-0.32478979624333704,-0.7509847735651173,-0.11026360857903172,0.12409993202407014,0.7923518580936756,0.3340454568512919
2018-09-20,0.12631916180455105,0.3638330492350952,0.437924023056985,1.829982776963292,0.22250771611122347,-0.3016135174231976,-0.724624733501735,0.17724007264747255,0.41613889665662984,0.8352264261054265,0.550030996616141
2018-09-21,0.2524862271921178,0.40630278003371856,0.3812435937519234,1.829982776963292,0.21737192313218046,-0.031609869168579594,-0.7905248336601921,0.0487002728825569,-0.22147673192217343,3.194796809396458,1.0663805743600945
2018-09-24,0.22305382610957847,0.41178291388332433,0.3816952306388163,1.8529357784854619,0.29598906181138007,-0.0802800546908711,-0.7654824738221454,0.009774793383263744,-0.19735646785821864,2.786333712958039,0.8423522750749277
2018-09-25,0.22305382610957847,0.3939722175649412,0.3816952306388163,1.8988417815298004,0.34813711359858773,-0.10925040321604516,-0.7654824738221454,0.1348899597926247,-0.16319313015165918,1.350814410501319,0.5339806172330124
2018-09-26,0.2710701115129214,0.4021929409536785,0.3250148013337556,1.8070297754411233,0.3347050396533982,-0.09997989168798958,-0.8050225339172202,-0.35524275463641236,-0.2304253715969028,1.4325640336126733,0.7593568336217746
2018-09-27,0.24491126763794469,0.5131627770293885,0.26856019047214086,1.8070297754411233,0.32166802670659633,-0.18225568149948243,-0.882125329324782,-1.0259966540735408,-0.33797404435648204,0.7596362543501362,0.5707405560690946
2018-09-28,0.2905498128456696,0.5391931515078517,0.24597834612749436,1.7840767739189536,0.3682852245163728,-0.13126786809517624,-0.8214975589568347,-0.2059647537206578,-0.19443104170936837,-0.6013078594826149,1.0913035402210371
2018-09-29,0.09198321140318351,0.5542632582871033,0.23491324239861755,1.8758887800076305,0.45598876615849515,-0.1718263560304195,-0.8682864691804224,-0.6742284690306959,-0.18475299689719898,-0.556177216615076,1.5148164359995575
2018-09-30,0.09198321140318351,0.5542632582871033,0.23468742395517161,1.8758887800076305,0.45598876615849515,-0.1718263560304195,-0.8682864691804224,-0.6742284690306959,-0.18475299689719898,-0.3806407579439201,1.5148164359995575
2018-10-01,0.09198321140318351,0.5542632582871033,0.24642998301438723,1.8758887800076305,0.45598876615849515,-0.1718263560304195,-0.8682864691804224,-0.41819091863423763,-0.23224450365179564,-0.43698182658762347,1.451949884531394
2018-10-02,0.09198321140318351,0.5830331770760409,0.24642998301438723,1.7840767739189536,0.48324797504726286,-0.12779142627215528,-0.8682864691804224,0.08855469822913228,-0.2967223750841597,0.342363926742292,1.383671218116592
2018-10-03,0.09198321140318351,0.6172832297145842,0.24642998301438723,2.013606789140646,0.4761368770762802,-0.06405665951677358,-0.8682864691804224,-0.3107475487658094,-0.20420238168614657,0.4183050339395005,1.7135130787779411
2018-10-04,0.09198321140318351,0.6159129349450184,0.24642998301438723,2.105418795229323,0.5006306589763321,-0.19500263485055896,-0.8682864691804224,-0.0031361766174585496,-0.19124026536062347,-0.13990776510100186,1.229102817396882
2018-10-05,0.09198321140318351,0.5981032838552925,0.24642998301438723,2.197230801318,0.4630998641294783,-0.2286082391397603,-0.8682864691804224,-0.0031361766174585496,-0.24301328985802284,-0.3484157211930711,1.1699101013045912
2018-10-08,0.09198321140318351,0.6186524792554927,0.24642998301438723,2.1513247982736616,0.4275443742745636,-0.21933772761170472,-0.8682864691804224,-0.0031361766174585496,-0.44168176395819514,-0.2908962850297427,0.7657434380137168
2018-10-09,0.08851963240520891,0.6063229620153726,0.24665580145783417,2.1513247982736616,0.46468010812302973,-0.12779142627215528,-0.8498349238028048,0.11889978890997484,-0.3238169255473177,0.0038908253073212783,1.0107184577333255
2018-10-10,0.07781795066333817,0.5830331770760409,0.24665580145783417,2.1742777997958314,0.4117419343390458,-0.18804975120451703,-0.8359952592138616,0.21043341366186696,-0.12789259380277065,-0.7528086643126901,1.1174877112494848
2018-10-11,-0.15142976648439774,0.5159023213398628,0.16761934625157296,1.9906537876184773,0.314161867737225,-0.13590312385920456,-0.6106172384497711,1.7010524273933951,0.5112863458215703,0.3718974339287995,1.2459528734416212
2018-10-12,-0.09782141124891404,0.5433029905878918,0.17326480733773433,2.013606789140646,0.2888779638403969,-0.14169719356423915,-0.646203453424254,1.4656901303607726,0.4582745331764982,0.5479171157025401,0.5978727437585033
2018-10-15,-0.15847537962242197,0.5227527499590343,0.17913608686734264,2.036559790662816,0.29677918380815577,-0.16950872814840587,-0.5915060485149016,1.827451190659532,0.518857567876242,0.31534833421258535,0.5197487618214527
2018-10-16,-0.20607213639758099,0.52001320564856,0.15655424252269615,2.036559790662816,0.2817668658694143,-0.19036737908653067,-0.5855748786117233,1.740521147961455,0.4503689238786222,-0.38173687505278503,0.3764916078999375
2018-10-17,-0.17794274187787068,0.5926231500056867,0.1678451646950199,2.105418795229323,0.2572730839693619,-0.19384382090955163,-0.6092995582244342,1.4900203992497534,0.5931346961231295,-0.03214932671238859,-0.48051654245648595
2018-10-18,-0.2843870261098891,0.6364631755738759,0.10032545010452834,2.0595127921849845,0.27268046290649156,-0.2668490991929889,-0.5908472084022343,0.12344142408864829,0.5695985300827549,-0.8040784664558083,-0.5597442161092259
2018-10-19,-0.1632592398914456,0.6104328010954126,0.13419821662149659,2.128371796751493,0.275840950893595,-0.19384382090955163,-0.5987548986434156,0.3019999001517671,0.5436253275849443,-0.3181540896068687,-0.24446403627131696
2018-10-22,0.015900460774358804,0.6515332823531275,0.1911044643700052,2.128371796751493,0.27860637788231085,-0.17646161179444783,-0.6257745832640487,-0.22202162400533346,0.5877076612974956,-0.039233281283665454,-0.21884207653118276
2018-10-23,-0.10219191242840317,0.644682853733956,0.14571495723726627,2.0595127921849845,0.2082855201692577,-0.2401963785498295,-0.5453759784039812,0.25344035117957947,1.1186290475134775,-0.30616599323589944,-0.1634333512645499
2018-10-24,-0.10804803851475438,0.7090731199310025,0.0779694242033288,1.8988417815298004,0.1557424073836619,-0.24135519249083684,-0.5822798736038011,0.1698290644375611,0.7873279428123874,-0.2919043762997917,-0.3250890377657033
2018-10-25,-0.12074494905595767,0.7433231725695458,0.0779694242033288,1.9906537876184773,0.1541621633901099,-0.24830807613687775,-0.5737133432499513,0.10629505715252097,0.9762840764428364,0.1206470083077057,-0.2214894518992802
2018-10-26,-0.1416930005873487,0.6994831470013567,0.07819524264677473,1.8529357784854619,0.15811277337398963,-0.27959605254406544,-0.5513071483071583,0.30020172534039596,1.0508476649715839,-0.52998344100795,-0.3199566766423959
2018-10-29,-0.2662559859259783,0.7296233605598599,0.010675528056283181,1.8529357784854619,0.16443374934819652,-0.28075486648507275,-0.6040272284339243,0.13636348875665918,0.8754051870403073,-0.643667447331122,-0.3236036108921418
2018-10-30,-0.23675201819510203,0.7885334929073007,0.021966450228605928,1.9447477845741388,0.09016228165126422,-0.43835356246201757,-0.6165484083529482,-0.4551600210048772,0.8337370631236742,-1.238737811395123,-0.9515533204636886
2018-10-31,-0.16816772484119366,0.8049728492274609,0.00503006697012181,2.013606789140646,0.056977157786677224,-0.45110051581309407,-0.6844250288494107,-0.6548300379216587,0.6078564790110031,-1.3116446471883954,-1.178881756084027
2018-11-01,-0.13493118622721328,0.6885228793021451,-0.028842699546847428,1.9906537876184773,-0.08484974063459293,-0.3085664010692395,-0.5282421132516995,0.28666690259401845,1.1276037490665174,-0.3744646961972433,-0.33947811497113867
2018-11-02,0.027032776313983337,0.7241432267102541,0.08971198326254441,2.1742777997958314,-0.09038059461202409,-0.1127268450390651,-0.5618510034435958,-0.07015024833963088,1.0157597047932778,1.0568049841891245,0.38713543338173206
2018-11-05,-0.002634067237246102,0.6981128522317909,0.0560650351890221,2.128371796751493,-0.028356017865117412,-0.22629061125774666,-0.5690998535721099,0.22030368796888733,0.9916368994856821,0.3476130078628837,-0.00283551217035043
2018-11-06,-0.028362277314469775,0.6940030131517508,0.011127164943176051,2.1742777997958314,-0.10894846153625716,-0.2830724943670864,-0.6086399136671846,0.04753522856185507,0.7967587834863578,1.0087994966313376,-0.46617255593989904
2018-11-07,-0.053176161763800016,0.6501629875835617,-0.05661836809076142,2.1742777997958314,-0.13028175544920612,-0.23324349490378757,-0.5928245331848195,0.5887540987675185,0.8018925037076242,1.416670189827034,-0.12338029694583398
2018-11-08,-0.0679744171691114,0.7378430387199401,-0.05661836809076142,2.22018380284017,-0.16228169631862868,-0.27611961072104446,-0.6145710835703617,-0.5502675187231324,-0.016736863281333784,0.20956207290434906,-0.41963065540500427
2018-11-09,-0.12514012839004576,0.7748336808976148,-0.06790929026308416,2.105418795229323,-0.17334340427349101,-0.39547744664476064,-0.7233062488318169,-1.0306386650702528,-0.2534846113390263,-1.7345487634985846,-0.7757629035157282
2018-11-12,-0.05989478935338685,0.8611434372644273,-0.04487580903154581,1.9906537876184773,-0.14173852440245602,-0.4105420278778508,-0.7569151390237134,-1.1994632533721166,-0.5355989020733276,-1.1490276398038979,-0.7390820829714878
2018-11-13,-0.010687782990641364,0.8282636793954498,-0.07310311446235267,1.9906537876184773,-0.3139851196995973,-0.38620693511670506,-0.7707548036126552,-1.0408221426266273,-0.5987028648551419,-0.6472249403054665,-0.5988976156207392
2018-11-14,-0.05007411773070134,0.7597635741183631,-0.1909803419414047,1.9447477845741388,-0.33650359660771006,-0.33290149383038525,-0.713421233808048,-0.7735563306694427,-0.3393689981540067,-0.6203778651243188,-0.41992048347504074
2018-11-15,-0.00030568335082756406,0.7775732252080891,-0.25940333030568197,1.921794783051969,-0.3076641437253904,-0.24946689007788508,-0.6811300238414874,-0.42948880886023405,-0.2941310356560279,0.17197263255532874,0.07472884878686469
2018-11-16,0.01576966655498431,0.7145532537806083,-0.34973070768426595,1.8529357784854619,-0.3203060956738042,-0.13474430991819722,-0.6284099437147214,0.6130493163365975,-0.09939197975518581,1.6796373585982822,0.20583790270893854
2018-11-19,0.04800920772316355,0.676193362062025,-0.29169536771852567,1.8070297754411233,-0.36573811048841737,-0.13474430991819722,-0.6132534033450248,0.9336557041893031,0.03641278868097444,1.7807502002680433,0.15059210804966774
2018-11-20,-0.053157653147850405,0.7611328236592717,-0.2919211861619726,1.8070297754411233,-0.4700342140628332,-0.2089084021426418,-0.6402722835210768,0.8492065065990531,-0.3072508429809969,1.1417071764533175,0.11872865418629926
2018-11-21,-0.04114679530450054,0.7474330116495859,-0.304341200551528,1.8070297754411233,-0.4641082990870142,-0.14169719356423915,-0.5954598936354935,0.7618651909966978,-0.046309941479517606,1.220564191310407,0.3362567355177576
2018-11-22,-0.1600806935790894,0.7762029304385234,-0.2589516934187891,1.7840767739189536,-0.48544159299996287,-0.14749126326927375,-0.6270922634893844,0.3458929245197793,-0.17517443671150043,0.6443010327721239,0.3402926675569496
2018-11-23,-0.1600806935790894,0.7762029304385234,-0.2589516934187891,1.7840767739189536,-0.6205524544486379,-0.2031143324376072,-0.6270922634893844,0.005318928164953925,-0.24635587101882825,-0.41789400927496445,0.26398921135545345
2018-11-26,-0.16123563121432463,0.7967531710673807,-0.20611017765231834,1.829982776963292,-0.5411451937726621,-0.22744942519875297,-0.6323645932798955,-0.12553557264934076,-0.09521291473178711,-0.5680208148042521,0.18984427651804908
2018-11-27,-0.16080623132430194,0.8378536523250957,-0.24020876261273352,1.8070297754411233,-0.5458859257533175,-0.33753674959441254,-0.691674683422507,-0.3334549019983118,-0.2461943629392605,-0.7987987174441622,0.35014446386595083
2018-11-28,-0.10847620449704674,0.7583932793487974,-0.307954295646671,1.8070297754411233,-0.6094907464937757,-0.13126786809517624,-0.6244560985941295,-0.18843601058908838,0.1909727647560932,0.06829980829016105,1.0712400289968504
2018-11-29,-0.16711396763981493,0.7570229845792317,-0.3305361399913175,1.738170770874615,-0.5968487945453615,-0.1706675420894132,-0.6066633933291792,0.12792745207175515,-0.25407600960257726,-0.1393681349368563,0.4625777073262586
2018-11-30,-0.12328803288738872,0.8241527950867525,-0.3418270621636402,1.6922647678302765,-0.619762332451862,-0.17414398391243316,-0.6323645932798955,-0.0369613793120566,-0.22979096668958185,0.1845138294363816,-0.17232714467657892
2018-12-03,0.004481878641385551,0.7926433319873407,-0.353117984335963,1.623405763263769,-0.522577326848429,-0.12315617050812801,-0.5420809733960579,0.576467943446872,0.08259472785968897,0.6566042569825141,0.34654496715249916
2018-12-04,0.018342364171933336,0.7830533590576949,-0.4547362838868697,1.4627347526085848,-0.4810959220176955,-0.24251400643184315,-0.4946332230598018,1.271233052823347,0.3631785720914698,0.6089858695374767,0.1490873919168916
2018-12-05,-0.09950075966937913,0.7611328236592717,-0.5224818169208082,1.3709227465199079,-0.47398482404671266,-0.20079670455559356,-0.5144032531073398,0.7026885283528539,0.24807527590337153,-0.4248135284501105,0.12230245638997739
2018-12-06,-0.09950075966937913,0.7611328236592717,-0.5222559984773613,1.3709227465199079,-0.6150216004712068,-0.2726431688980235,-0.5144032531073398,0.5872697721714562,0.3188455603174177,-0.6287095015786368,0.030328532253353357
2018-12-07,-0.10081363749404772,0.7200333876302141,-0.49922251724582284,1.3250167434755693,-0.4617379330966865,-0.23671993672680855,-0.45706968330273245,1.122224682636897,0.8658284619501468,-0.3845047035140115,0.5367550697134026
2018-12-10,-0.14723324629483245,0.8173034116962382,-0.5387407448489535,1.3250167434755693,-0.5178365948677739,-0.32826623806635696,-0.47749935790751996,0.40686248153110405,0.912762157271265,-1.259210955449058,0.2880753625055425
2018-12-11,-0.12726368359329293,0.84059319663557,-0.5446120243785608,1.4168287495642462,-0.5399600107774984,-0.21702009972969108,-0.48936089326929194,0.030141217067603525,0.9208692341542893,0.16381916329770882,0.5699358769660765
2018-12-12,-0.11554156015875092,0.7926433319873407,-0.5330952837627911,1.4627347526085848,-0.5316637298113518,-0.2089084021426418,-0.47288586822967854,0.2595442897587555,0.7808835278192061,-0.046665390824973334,0.4194082551860194
2018-12-13,-0.05160169550038166,0.795382876297815,-0.3957976701473437,1.4627347526085848,-0.567614280664654,-0.22049654155271103,-0.48408936792336554,0.1886597546837437,0.6363596257279974,0.3325667670774332,0.11149060892125982
2018-12-14,-0.13119614752864858,0.8474436252547415,-0.3603441745262499,1.4168287495642462,-0.5861821475888871,-0.23208468096278126,-0.5216521032358526,-0.4088978353191622,0.34067733086789376,0.03294236151048151,-0.28538592538357777
2018-12-17,-0.13964594766335908,0.8008630101474208,-0.30501865588186683,1.347969744997738,-0.6245030644325171,-0.24830807613687775,-0.4531158381821406,0.15044368853284565,0.5120462376580535,0.5123073948415239,-0.33615161437815394
2018-12-18,-0.1756279309764812,0.8063431439970267,-0.3047928374384209,1.256157738909061,-0.716552277056907,-0.45573577157712136,-0.4412543028203686,0.3003028561853318,0.6394960896751892,-1.4876688852638227,-0.7620732722416521
2018-12-19,-0.23062196459270082,0.7926433319873407,-0.37299000735925125,1.141392731298215,-0.7031202031117171,-0.32942505200736427,-0.4221431128854991,0.31628781943894235,0.5532862313466956,-0.7481786561895678,-0.56885261406514
2018-12-20,-0.25748290196602064,0.6885228793021451,-0.46534975072885365,1.1872987343425536,-0.812157038666788,-0.3734599817656285,-0.346357997703273,0.8650644409688268,0.9022270143568716,-0.9523840950024961,-0.6892752432127616
2018-12-21,-0.30017610942235146,0.7816830642881292,-0.4280897075601874,1.1872987343425536,-0.8481075895200906,-0.429083050933962,-0.4109396131918121,0.6979645587350218,0.6937537632175323,-1.2299052462071347,-0.6954048765376067
2018-12-24,-0.28003750136180944,0.7255135214798198,-0.35695689787455287,1.0725337267317079,-0.8654902734491599,-0.45341814369510774,-0.3206567977525579,0.8286838268166172,1.0028711317908698,-1.2839731613524366,-0.698120070094248
2018-12-25,-0.3302415051703553,0.7940136267569065,-0.4405097219497428,1.2332047373868922,-0.8654902734491599,-0.46500628310517694,-0.3094541025034532,0.8233538464229911,1.2398139622659154,-0.05627256242448969,-0.39251536075634125
2018-12-26,-0.3302415051703553,0.7940136267569065,-0.46354320318128217,1.2332047373868922,-0.8654902734491599,-0.364189470237573,-0.3094541025034532,0.7018750967153681,1.01251223219518,-0.21720049888639256,-0.709252281061037
2018-12-27,-0.35519975682408983,0.715923548550174,-0.5317403731021125,1.141392731298215,-0.8654902734491599,-0.4418300042850385,-0.25607437781943654,0.5565606678475384,1.124856220195514,-0.43398134049583925,-0.8340213601938863
2018-12-28,-0.3377547693380317,0.7035929860813968,-0.6207128398200179,1.0266277236873693,-0.9018358853008502,-0.41749491152389173,-0.23894051266715471,1.0714751083150345,1.266829059590101,0.07877193323992103,-0.7469228290778699
2018-12-29,-0.3907671471399486,0.6734527725228935,-0.6320037619923407,0.957768719120861,-0.7639595968634596,-0.5345351195655943,-0.23169166253864065,0.5466899575739836,0.9874801292537855,-0.5223413568649183,-1.2657728750954138
2018-12-30,-0.3907671471399486,0.6734527725228935,-0.6320037619923407,0.957768719120861,-0.7639595968634596,-0.5345351195655943,-0.23169166253864065,0.4768108837035328,0.8310447013907236,-0.4480128621370968,-0.9099861924800947
2018-12-31,-0.3907671471399486,0.6734527725228935,-0.6320037619923407,0.957768719120861,-0.7639595968634596,-0.5345351195655943,-0.23169166253864065,0.4768108837035328,0.8960054581664962,-1.0854652460957137,-1.0358400132882948
2019-01-01,-0.3907671471399486,0.7625031184288374,-0.751913355462411,0.8889097145543537,-0.7639595968634596,-0.4858649340433017,-0.23169166253864065,0.14639875010631515,0.8960054581664962,-0.28124331338607667,-0.6624654709693991
2019-01-02,-0.3907671471399486,0.7625031184288374,-0.751913355462411,0.8889097145543537,-0.7639595968634596,-0.5530761426217043,-0.23169166253864065,0.041229445621595216,0.7084789416812085,-0.8705845201950848,-0.9865070939628909
2019-01-03,-0.4055789755302898,0.6926327183821851,-0.8250785311390639,0.659379699332661,-0.7967496597296587,-0.6805456761324687,-0.1605192325896737,0.4320911619486476,1.0005548265495885,-0.9559278732134447,-1.116972704369765
2019-01-04,-0.3203603720689027,0.676193362062025,-0.8018192314640786,0.9118627160765225,-0.7015399591181654,-0.4962942595123646,-0.22048896728953593,0.06536955294005817,0.8493281542978537,0.2552719130151406,-0.8658946968715246
2019-01-07,-0.28229308469216063,0.6104328010954126,-0.8031741421247572,0.9807217206430308,-0.6438610533535262,-0.5206293522735104,-0.19346928266890284,0.23059793469920073,0.8810125252180142,0.09530212992835213,-0.9674806099234855
2019-01-08,-0.29189535464664496,0.6364631755738759,-0.870016401384909,1.0495807252095382,-0.6513672123228973,-0.47659442251524614,-0.21719396228161256,0.08551887566499712,0.8425099556001298,0.06434913160644581,-0.7928822515199615
2019-01-09,-0.25318396743486926,0.5433029905878918,-0.8937273379467882,1.0725337267317079,-0.5506266577339727,-0.4742767946332325,-0.17699425762928828,0.3313445483239184,1.094185455039455,0.5234680805855748,-0.7501773815748379
2019-01-10,-0.2548559124089539,0.5871430161560809,-0.9163091822914337,1.0725337267317079,-0.5107254968967909,-0.519470538332503,-0.20730894725784357,-0.28686836243822855,0.772686171619114,1.0887148388603725,-0.8443982672746827
2019-01-11,-0.22378241404557905,0.6049526672458069,-0.904566623232218,1.0036747221651996,-0.5593179996985073,-0.4626886552231633,-0.19149276233089865,0.17394385314535687,0.7840447331463279,0.22342469786884273,-0.003679211801468121
2019-01-14,-0.2619681565643953,0.5939923995465952,-0.8505960152485136,1.0036747221651996,-0.5767006836275768,-0.5252646080375387,-0.17831274229920627,0.0891299981060832,0.7635489131785816,-0.026510279794174068,-0.6125348097565281
2019-01-15,-0.18260444528162834,0.6460531485035217,-0.8311756291121182,1.0266277236873693,-0.5826265986033958,-0.526423421978545,-0.19742393223407578,0.11755249261330565,0.4605600038511313,-0.32058316834511685,-0.47769586739969727
2019-01-16,-0.18268835100726558,0.6583826657436418,-0.9752477960309597,1.0495807252095382,-0.5367995227903948,-0.4360359345800029,-0.1618377172595929,0.08895109061513774,0.7790797916985431,0.2528120303352829,-0.0035808724274958496
2019-01-17,-0.20915320399927093,0.6597529605132075,-0.9718605193792627,1.0954867282538767,-0.5352192787968431,-0.4209713533469127,-0.16579156238018236,0.25001607010803173,0.47757434184821096,0.649791839807262,0.12597610738082066
2019-01-18,-0.13533960968582726,0.6967425574622251,-0.9379877528622934,1.1872987343425536,-0.44870092014988455,-0.33058386594837164,-0.22971433775605418,-0.23575765178896366,0.24362958585251354,0.8621852856192,0.46236348466621524
2019-01-20,-0.16830345469148872,0.6912634688412765,-0.9093088105445937,1.0725337267317079,-0.4431700661724534,-0.35376014476851003,-0.22180664751487167,-0.26743504711370986,0.26818666448192574,1.1295854832381302,0.053037923130196396
2019-01-21,-0.16830345469148872,0.6912634688412765,-0.9093088105445937,1.0725337267317079,-0.4431700661724534,-0.4163360975828854,-0.22180664751487167,-0.15163639155819614,0.10174278628237075,0.7266022358691692,0.10294023511538665
2019-01-22,-0.16830345469148872,0.6912634688412765,-0.9016309834674139,1.0725337267317079,-0.4937378739661096,-0.4684827249281979,-0.22180664751487167,-0.3668432751285618,0.04876414195896216,-0.20601154950789477,-0.1476001023358287
2019-01-23,-0.16828124435234887,0.6666033891323792,-0.8747585886972846,1.1184397297760453,-0.48781195899029056,-0.4800708643382671,-0.217852802394281,-0.31903046198141144,0.03858055988827898,-0.3775040834412446,0.2008098708395851
2019-01-24,-0.14250614578138718,0.7323629048703342,-0.8413374590672092,1.0266277236873693,-0.48623171499673856,-0.5032471431584066,-0.24421284245766456,-0.09177538619239786,-0.04252563649933984,-1.0943980133046034,0.12353256775205569
2019-01-25,-0.1155440279742108,0.6213930687946242,-0.8277883524604212,1.1184397297760453,-0.47042927506122106,-0.3074075871282322,-0.12361533738985389,0.5966123428008734,0.3285362020398787,0.29982184838831233,0.776525778841668
2019-01-28,-0.11808957962110175,0.6159129349450184,-0.8280141709038681,1.0954867282538767,-0.5407501327742742,-0.4209713533469127,-0.09066528731062594,0.7978699054570401,0.4299189475243928,-0.02600019413810181,0.23387126906096606
2019-01-29,-0.11491103330874552,0.6255029078746642,-0.8621127558642833,1.0266277236873693,-0.49057738597900613,-0.31667809865628777,-0.052443711885469195,1.0313257300293792,0.5475214471876282,0.9911036993434003,0.8098407518997569
2019-01-30,-0.15448368811602883,0.5597423469080519,-0.8835655079916971,0.9807217206430308,-0.45462683512570357,-0.2077495882016355,-0.04124021219178221,1.0751019062819935,0.35993701269260525,1.7781809765476846,1.6343399540025165
2019-01-31,-0.1227019267156607,0.5926231500056867,-0.9093088105445937,0.8200507099878455,-0.4321083582175911,-0.16834991420739856,0.023341403296756887,1.635418206489705,0.7452383419906717,2.194141287598189,1.1058671961531086
2019-02-01,-0.04917089727237706,0.5926231500056867,-0.9104379027618253,0.9807217206430308,-0.4558120181208674,-0.19500263485055896,0.004889857919138115,0.7727540616073584,0.603572996820442,0.7162642471473694,1.1024839048854336
2019-02-02,0.04268983149934089,0.6296127469547043,-0.9226320987079348,1.0495807252095382,-0.44000957818534997,-0.1486500772102811,-0.06035140212665052,0.17919070714342278,0.4777558078605701,1.761298738168349,1.1023895600859581
2019-02-03,0.04268983149934089,0.6296127469547043,-0.9251161015858461,1.0495807252095382,-0.44000957818534997,-0.1486500772102811,-0.06035140212665052,-0.05048716229592796,0.3525838010597725,1.0703420686222438,1.0943297784548631
2019-02-04,0.04268983149934089,0.6296127469547043,-0.9921841792894438,1.0495807252095382,-0.44000957818534997,-0.1486500772102811,-0.06035140212665052,-0.11742482117663454,0.44686608741451006,0.37262760577130155,1.252597915037949
2019-02-05,0.04268983149934089,0.6638627995932476,-0.9921841792894438,1.0036747221651996,-0.4633181770902382,-0.09534463592396128,-0.06035140212665052,-0.4999188369603608,0.39759179110762477,0.45661276790469396,1.2297896748157042
2019-02-06,0.04268983149934089,0.7077028251614368,-0.9921841792894438,0.9807217206430308,-0.4415898221789017,-0.05015089222469074,-0.06035140212665052,-0.39121776411295905,0.35667044849346924,0.9058678072227063,1.6009880873988327
2019-02-07,0.04268983149934089,0.7200333876302141,-0.9921841792894438,0.865956713032184,-0.4893922029838423,-0.06869191528080189,-0.06035140212665052,-0.0031361766174585496,0.416048415767129,0.4982225747740007,1.5434073136740016
2019-02-08,0.04268983149934089,0.7378430387199401,-0.9921841792894438,0.8200507099878455,-0.4751700070418765,-0.11040921715705146,-0.06035140212665052,-0.0031361766174585496,0.3056969852742158,0.24031035766095332,1.087694466727585
2019-02-11,0.04268983149934089,0.795382876297815,-0.9921841792894438,0.865956713032184,-0.4779354340305921,-0.15907940267934298,-0.06035140212665052,-0.0031361766174585496,0.31791211459087126,-0.06058722897093836,0.8764758966372989
2019-02-12,0.076685223367242,0.7474330116495859,-0.9745703407006199,0.9348157175986923,-0.4273676262369359,-0.20079670455559356,-0.045853701869623606,0.08375527095241139,0.561581565302766,-0.64273760829401,0.4379551275873522
2019-02-13,0.1626787208830388,0.8049728492274609,-0.981119075560568,1.0036747221651996,-0.40010841734816793,-0.19847907667357995,-0.03530904228860509,0.1469543107230227,0.5691564882505225,-0.8994073623280512,0.5220583804687254
2019-02-14,0.17153324275317305,0.7844236538272606,-0.9795383464564424,0.8889097145543537,-0.3712689644658485,-0.1926850069685443,-0.04189905230445068,0.10745732157129559,0.5489036544157206,-0.7533430566076099,0.7507537118220429
2019-02-15,0.09813670925245337,0.7762029304385234,-0.9641826923020829,0.8889097145543537,-0.3060838997318384,-0.13706193780021086,0.012797548160320634,0.4352794386847533,0.7170006918827261,-0.15992024661082746,1.1124314299612161
2019-02-17,0.23714011675470792,0.7214026371711226,-0.8964371592681454,0.865956713032184,-0.2760592638543554,-0.1057739613930242,0.15777776850892603,1.304213200022761,1.1498720293364841,0.3339762935333649,1.256187993265026
2019-02-18,0.23714011675470792,0.7214026371711226,-0.8964371592681454,0.865956713032184,-0.2760592638543554,-0.05478614798871801,0.15777776850892603,1.2152709214481354,1.2347070903589057,0.9139027156886332,1.5068905336323282
2019-02-19,0.23714011675470792,0.7214026371711226,-0.8546607472305504,0.865956713032184,-0.29778761876569193,0.0367601533508304,0.15777776850892603,1.1507677843009123,0.8508635567443017,1.4694929482347165,1.125566317299829
2019-02-20,0.2494791940542255,0.7118126642414768,-0.873403678036606,0.865956713032184,-0.25986176292045005,0.13525933833642076,0.17886628322638198,1.3171843738826619,0.8116850556584687,2.0452317561330267,1.8399537407327187
2019-02-21,0.23554960969080063,0.7337331996399,-0.8361436348679407,0.957768719120861,-0.2563062139349585,0.08311271099110827,0.04838376313480232,0.20835241720309433,0.29978217907075494,1.3626656414537484,1.3062581466762508
2019-02-22,0.3279606613100762,0.7200333876302141,-0.8158199749577596,0.865956713032184,-0.2563062139349585,0.2024705469148234,0.08594649844729178,-0.4230206830870229,0.3787022596256403,1.8970559500056556,1.3174418104208914
2019-02-25,0.5964207322079482,0.7063335756205282,-0.7399449779597485,0.9118627160765225,-0.3704788424690728,0.19783529115079615,0.06419994806174963,-0.550138574337091,0.11802979079814976,1.5434047158354578,1.171019622670632
2019-02-26,0.5506921117359367,0.6501629875835617,-0.7193954996061204,0.8430037115100152,-0.35112085354806344,0.20015291903280977,0.05892761827123977,-0.580957597725281,0.15773441587400536,0.9859627362996913,1.267290211974362
2019-02-27,0.5332273817262002,0.6707132282124192,-0.7620751854175021,0.957768719120861,-0.3100345097157181,0.2337585233220111,0.010161383265065705,-0.9869392382227058,0.20864246496396474,0.5873031286441676,1.218394497407564
2019-02-28,0.5385381205959113,0.6720835229819849,-0.7525908107927508,1.0495807252095382,-0.3305776816318908,0.20015291903280977,-0.022129022256913905,-0.420483303897358,0.11126577446848485,0.7025050728842492,1.1130114599048784
2019-03-01,0.6355010578309803,0.7227729319406884,-0.7212020471536928,1.1184397297760453,-0.3827257334190987,0.16307087292058747,-0.13020534740569947,-1.2769974521136973,-0.2146550275090087,-0.22717922226725495,0.9967267288674302
2019-03-04,0.7032931824222598,0.7433231725695458,-0.6866518253063838,1.0266277236873693,-0.3538862805367793,0.10976543163426766,-0.20664930270059523,-1.6033217975332303,-0.4451835468840429,-0.5129692252186915,0.6571631003215568
2019-03-05,0.7592348571750825,0.7666129575088775,-0.65819870143213,1.0266277236873693,-0.3617875005045382,0.16654731474360845,-0.22510165252279388,-1.6822029070337974,-0.5008294493898968,-0.19326518812776292,0.6885779495549229
2019-03-06,0.8020551571275983,0.7693535470480091,-0.6871034621932767,0.957768719120861,-0.35112085354806344,0.13178289651339978,-0.20599046258792555,-1.2881148576013242,-0.4431967130645122,-0.5914474738852737,0.6402140190575585
2019-03-07,0.7535058235849164,0.8789530883541533,-0.7884959433007375,0.8430037115100152,-0.3388739625980378,0.11324187345728863,-0.21323931271643962,-1.14348834308354,-0.4650567369323442,-0.5059954163351439,0.7164381445059624
2019-03-08,0.5748767032429911,0.8378536523250957,-0.8221428913742598,0.7970977084656767,-0.3056888387334508,0.0738421994630527,-0.1262515022851088,0.020754812269450126,-0.2027315986653317,-0.5224490442146119,0.7507984962509225
2019-03-11,0.6976566919118401,0.8173034116962382,-0.8332079951031366,0.8430037115100152,-0.3293924986367269,0.09122440857815652,-0.18028926263721168,0.15758164050402537,-0.4087295903556478,-0.10634322646667722,0.9423754027220556
2019-03-12,0.7492833913330218,0.7789435199776549,-0.8219170729308138,0.7741447069435069,-0.31872585168025275,0.15495917533353923,-0.13086418751836795,0.5726869104166644,-0.2913255657218458,-0.06443004920489888,1.1361310877103759
2019-03-13,0.6784768301574704,0.7255135214798198,-0.8329821766596897,0.7741447069435069,-0.2966024357705281,0.17118257050763674,-0.05705639711872832,0.9048478551962703,-0.04961128976226927,0.23737568749592602,1.1680548436191962
2019-03-14,0.6321004081272334,0.7583932793487974,-0.8104003323150442,0.8200507099878455,-0.2851456668172776,0.06920694369902543,-0.14997537745323744,0.3828860566893617,-0.49073283726062733,-0.25778011935856654,0.6648879949772021
2019-03-15,0.6913575929504355,0.7323629048703342,-0.8327563582162437,0.7282387038991683,-0.28791109380599345,0.10281254798822675,-0.0946191324312154,0.18791303832112335,-0.7463415013828139,0.17705419612259612,0.6690126332321792
2019-03-18,0.833365565775124,0.7214026371711226,-0.8325305397727968,0.7511917054213382,-0.26657779989304453,0.10976543163426766,-0.10450414745498558,0.45749345789012047,-0.7754149957485386,0.11442886619341805,0.5278578736315738
2019-03-19,0.8210869499543743,0.702222691311831,-0.8325305397727968,0.7741447069435069,-0.24761487197042387,0.1422122219824627,-0.0735314221583429,0.3433220324355642,-0.6843189931387549,-0.0713904497207669,0.34069924563895887
2019-03-20,0.8109195502595706,0.6172832297145842,-0.8153683380708657,0.6134736962883226,-0.1994174301670954,0.1375769662184344,-0.10318646722964865,-0.27950937260152003,-0.8315881221314613,-0.1941047214842501,0.026171105310715457
2019-03-21,0.8229254724720015,0.7186630928606483,-0.8519509259091922,0.6134736962883226,-0.20139273515903497,0.10281254798822675,-0.06628257202982885,0.503748035708553,-0.34548269597428954,0.20489927338154695,0.07885241799193374
2019-03-22,0.82831518143643,0.7392133334895058,-0.8995986174763955,0.38394368106662996,-0.2807999958350103,-0.044356822519656135,-0.030037516942677495,0.38547753925591793,-0.3479256295509465,-0.8719952463878996,-0.7150480220393676
2019-03-25,0.7212773875863063,0.7282530657902941,-0.9558274098945643,0.3609906795444612,-0.23813340800911298,-0.011910032171461108,0.03783990799836726,0.8543936995281749,-0.08235932987355521,-0.71952013945953,-0.6051606713043804
2019-03-26,0.6467234486348922,0.7515428507296259,-1.0005394616969634,0.3150846765001227,-0.2326025540316818,-0.017704101876495716,-0.01224400723314373,0.36475069960569734,-0.21569700721757018,-0.9423240697546216,-0.6290875490751586
2019-03-27,0.7009425881967014,0.7556526898096659,-0.9443106692787946,0.2691786734557841,-0.23892353000588926,0.003154549061629071,-0.04124021219178221,0.36999213529089897,-0.15775042168704906,-0.7920228037329154,-0.6636609947955822
2019-03-28,0.6752094424885579,0.8145628221571067,-1.0003136432535165,0.2691786734557841,-0.28909627680115735,0.03560133940982307,-0.17369925262136487,-0.647377843692189,-0.4590636407646733,-0.3961201365692411,-0.4704619913500747
2019-03-29,0.8580498899128078,0.8255230898563183,-0.9892485395246406,0.3150846765001227,-0.21600999209938831,0.1804530820356913,-0.15261154234849236,-0.7352027085117336,-0.07212150812575913,1.3717480412802399,0.07121620255301389
2019-04-01,1.0134593345925018,0.8214132507762782,-0.8426923697278879,0.49870868867747675,-0.1705779772847757,0.15495917533353923,-0.1829254275324654,-1.31137120920275,0.06877948622340423,1.0142313502486904,0.1554981156397262
2019-04-02,1.016143083905147,0.8364833575555299,-0.7638817329650736,0.47575568715530697,-0.14687431738149903,0.11324187345728863,-0.17238157239602914,-0.9575840189570689,0.15808616386534985,0.7974219832652923,-0.14020141956458582
2019-04-03,1.0749659332074057,0.799492715377855,-0.6170997447248749,0.567567693243984,-0.16544218430573268,0.21058224450187268,-0.17304041250869762,-0.7913270898041321,0.09707532282948172,1.2569488792125283,0.25606837203744076
2019-04-04,1.1278771305754678,0.8296329289363583,-0.5385149264055066,0.5446146917218143,-0.14213358540084414,0.12367119892635155,-0.17897158241187475,-0.035157087554482755,0.1012074021704563,0.5333265461624297,0.05064351625971711
2019-04-05,1.117952810703465,0.8419634914051357,-0.5830011597644588,0.5216616901996455,-0.13699779242180057,0.08890678069614288,-0.12559266217244155,0.16055388946981097,-0.0019975456748681252,-0.5347423961638879,0.06488153841804974
2019-04-08,1.117952810703465,0.7940136267569065,-0.5830011597644588,0.567567693243984,-0.08998553361363595,0.1746590123306567,-0.12559266217244155,0.3454463946352662,0.16327562955180513,0.12023461398709231,0.2715142078682189
2019-04-09,1.1343551461577135,0.7885334929073007,-0.4926737823858758,0.5446146917218143,-0.09393614359751568,0.17813545415367765,-0.08341643718211068,0.537099966861354,0.14026736369528633,0.3895111648149538,0.08863507709107388
2019-04-10,1.1518642968457282,0.7803127695185634,-0.48138286021355203,0.47575568715530697,-0.06983742269585143,0.15959443109756652,-0.04651254198229207,0.7652572687476564,0.02778476139080736,-0.2947865178523899,-0.01542244793515009
2019-04-11,1.0292434822740437,0.8118232778466324,-0.5148039898436284,0.5446146917218143,-0.08287443564265334,0.07036575764003174,-0.18160774730712967,-0.019156569359931958,-0.10039502136770677,-0.31237974510618094,0.02272397175911561
2019-04-12,1.0166267757352874,0.7830533590576949,-0.3906038459480752,0.659379699332661,-0.07220778868617915,0.20362936085583075,-0.16842772727543848,-0.26182608306581956,-0.22746996758084806,0.6880807995410532,0.3235534055010612
2019-04-15,0.9947878428228708,0.7789435199776549,-0.2998248316825983,0.6364266978104913,-0.09867687557817055,0.17813545415367765,-0.19346928266890284,-0.41305726729492287,-0.2736701501086143,0.024362662424954246,0.22539037566835188
2019-04-16,1.1384850353298623,0.7926433319873407,-0.2544353245498604,0.7511917054213382,-0.10499785155237801,0.16886494262562207,-0.2870479075606603,-1.2268711311973937,-0.6488783483544921,-0.05067287328219074,0.0991993382748866
2019-04-17,1.1538052337049438,0.7885334929073007,-0.25420950610641346,0.7282387038991683,-0.08919541161686023,0.25114073243711593,-0.28968407245591643,-1.458238107522471,-0.5692229270174077,0.544178269263864,0.36027334506937825
2019-04-18,1.1289234843304667,0.8515534643347815,-0.33302014286922776,0.6823327008548299,-0.10618303454754187,0.1422122219824627,-0.29166059279392065,-0.6721524176668142,-0.6841301779124322,0.4335587261945642,0.1381477108273826
2019-04-19,1.081959722220773,0.8255230898563183,-0.29869573946536665,0.7282387038991683,-0.10618303454754187,0.13062408257239347,-0.28111673765748435,-0.6871161974035872,-0.7585122532005296,-0.42419579883373965,0.5592399455745072
2019-04-22,1.081959722220773,0.8255230898563183,-0.21965928425910544,0.7282387038991683,-0.10618303454754187,0.1004949201062121,-0.28111673765748435,-0.5366943105184562,-0.9550207781025473,-0.45308015037983584,0.36441578234651484
2019-04-23,1.0525729757242415,0.8652532763444674,-0.24178949171685807,0.6823327008548299,0.03919941285921987,0.08427152493211561,-0.30879445794620247,-0.13699653040405504,-0.8933260538597483,-0.49468160041619647,0.33266054616709684
2019-04-24,1.0821509779189153,0.937863220701594,-0.16275303651059783,0.5905206947661528,0.0075945329881848805,0.12019475710333058,-0.267936717625792,0.130771220868644,-0.6861243951878307,-0.7586471965149235,0.3778350864524212
2019-04-25,0.9414015909787785,0.95156303271128,-0.19662580302756708,0.6134736962883226,0.06092776777055639,0.007789804825657373,-0.2659593928432055,0.15515398711799797,-0.28593458555825374,-0.7914782169186557,-0.06559537198890421
2019-04-26,0.8705246970626205,0.9255337034614739,-0.23049856954453532,0.5446146917218143,-0.09354108259912754,0.06920694369902543,-0.20599046258792555,0.4589749339278415,-0.16671498584445746,-0.3601332365578169,-0.31279369828182174
2019-04-28,0.8660184660328363,0.9049834628326165,-0.23049856954453532,0.6134736962883226,-0.08603492362975679,0.08195389705010095,-0.24750784746558677,0.20359630887304178,-0.20156955653653535,-0.10649501173589827,-0.19948642721373724
2019-04-29,0.8660184660328363,0.9049834628326165,-0.17968941976908195,0.6134736962883226,-0.08603492362975679,0.08195389705010095,-0.24750784746558677,0.37509281055686944,-0.23354015649152385,-0.009940733380162882,-0.0750977144435719
2019-04-30,0.8832018650801445,0.8529237591043473,-0.26979097870422,0.5446146917218143,-0.04771400678612677,0.09817729222419845,-0.2198293227322852,0.2923144261489843,-0.14696938890527483,-0.1268099271296231,-0.31477500376257317
2019-05-01,0.5560275287602475,0.8816936778932848,-0.2743073475731487,0.567567693243984,-0.054825104757109375,-0.1393795656822255,-0.22707897730538154,0.23559095892339307,-0.1511008322740311,-0.8845297416547416,-0.7724361252769294
2019-05-02,0.5560275287602475,0.9008736237525764,-0.2743073475731487,0.6364266978104913,-0.1121089495233606,-0.19036737908653067,-0.22707897730538154,-0.13170336880277825,-0.31238319700299566,-1.548726152921213,-0.8256072542783804
2019-05-03,0.5560275287602475,0.8584028477252958,-0.2743073475731487,0.6134736962883226,-0.0571954707474371,-0.09882107774698225,-0.22707897730538154,0.12202313331932614,-0.31238319700299566,-1.0753431587979358,-0.7976578779652297
2019-05-05,0.5560275287602475,0.8584028477252958,-0.2743073475731487,0.5446146917218143,-0.0571954707474371,-0.0744859849858365,-0.22707897730538154,0.12202313331932614,-0.43839948571178877,-0.930061660937613,-0.7349693548715508
2019-05-06,0.5560275287602475,0.8584028477252958,-0.3418270621636402,0.5446146917218143,-0.0571954707474371,-0.0744859849858365,-0.22707897730538154,-0.04740641391703909,-0.5476520966100787,-1.0244312656657568,-0.6815246024296499
2019-05-07,0.6009775534546606,0.8734729545045475,-0.3416012437201933,0.40689668258879974,-0.0955163875910671,-0.17646161179444783,-0.2152166374990261,0.06936373822333526,-0.10679970693407446,-0.22503714657242752,-0.7295198772072536
2019-05-08,0.5326647198013417,0.872103704963639,-0.36982854915100116,0.49870868867747675,-0.09117071660879981,-0.20195551849659987,-0.24223551767507692,-0.0957694938231567,-0.22940682853391609,-0.0682154115631936,-1.1871115837224313
2019-05-09,0.44920813657832576,0.8378536523250957,-0.439832266619404,0.40689668258879974,-0.11013364453142102,-0.2089084021426418,-0.2152166374990261,0.06936373822333526,-0.07061169773092124,-0.6715200335522683,-1.1362748473524262
2019-05-10,0.6319585087382883,0.8323735184754898,-0.46218829252060356,0.45280268563313825,-0.06983742269585143,-0.20195551849659987,-0.20071893724199916,0.15797037495604338,0.26337588757960484,-0.7752617243295655,-1.0893504388083608
2019-05-13,0.5507303628755655,0.831003223705924,-0.5317403731021125,0.2921316749779529,-0.04139303081191988,-0.33058386594837164,-0.10582263212490359,0.7379549439370322,0.5656296832196713,-1.561497478963163,-1.699056528461389
2019-05-14,0.5164733825689146,0.8597731424948616,-0.4978676065851443,0.3380376780222914,-0.03428193284093672,-0.31667809865628777,-0.14140884709938767,0.44732755954584236,0.4616117495607861,-0.8667152967954715,-1.3580303721828055
2019-05-15,0.6321386592668622,0.8652532763444674,-0.519771995599451,0.2232726704114456,-0.012158516931212057,-0.27496079678003815,-0.13086418751836795,0.6787636116807121,0.4610292632922667,-0.45119711771091225,-1.2001338844275915
2019-05-16,0.6546402006302621,0.902242873293485,-0.5423538399440965,0.2921316749779529,0.05144630380924606,-0.26337265736996796,-0.2053316224752583,0.05719405106618918,0.2305538809469169,-0.335986728830693,-1.079611197765705
2019-05-17,0.5213793997032028,0.9241634086919082,-0.5416763846137567,0.2691786734557841,0.021421667931762513,-0.28539012224910004,-0.2745267276416376,-0.4528291277905615,0.10240924798817619,-0.5162096809992263,-1.0998047388113488
2019-05-20,0.48283705785043035,0.9145734357622624,-0.529933825554541,0.3150846765001227,-0.007417784950557174,-0.3143604707742741,-0.26398287250520136,-0.9560948559321164,0.008218194015821518,0.10708574974066234,-1.2892475861429356
2019-05-21,0.5524368572660887,0.9323830868519882,-0.4682853904936578,0.3609906795444612,-0.018084431907031365,-0.3398543774764272,-0.29100175268125217,-0.9082336856966718,-0.08136562559305359,-0.14320589790853533,-1.0452765266165611
2019-05-22,0.5290863873844814,0.9392335154711599,-0.4064111369893276,0.2691786734557841,-0.05759053174582524,-0.425606609110941,-0.2804578975448159,-0.9071213330267586,-0.23243023272962865,-0.9459636077808243,-1.482022667237362
2019-05-23,0.42950139622326555,0.9036131680630507,-0.44344536171454696,0.08555466127843002,-0.1986273081703191,-0.4198125394059064,-0.20664930270059523,-0.011168855474438083,0.12195236948860669,-0.9807017338817585,-1.5002270875031416
2019-05-24,0.4306378252425512,0.8707334101940732,-0.4377999006283856,0.10850766280059877,-0.21403468710744875,-0.3757776096476422,-0.2185116425069495,0.3411492694250023,0.08538508020753843,-0.5669583351734053,-1.3668817266456184
2019-05-26,0.5450457499636775,0.9186832748423024,-0.353117984335963,-0.029210346332416808,-0.12672620646371452,-0.3723011678246212,-0.26134670760994644,0.013046165393453003,-0.13156369586112723,-0.36371608111527054,-1.4020475296367358
2019-05-27,0.5450457499636775,0.9186832748423024,-0.353117984335963,-0.029210346332416808,-0.12672620646371452,-0.34448963324045445,-0.26134670760994644,0.17949082157113685,-0.1093791830191361,-0.025636877879649154,-0.6230733449217558
2019-05-28,0.5450457499636775,0.9186832748423024,-0.44344536171454696,-0.029210346332416808,-0.12672620646371452,-0.3838893072346904,-0.26134670760994644,0.11440991412382731,-0.1093791830191361,0.2733118213393493,-0.5915827537958279
2019-05-29,0.5400484236573724,0.9433433545511999,-0.49425451149000027,-0.05216334785458556,-0.10894846153625716,-0.458053399459135,-0.23432782743389438,-0.1718928274261281,-0.02629122684242733,-0.2428480822693482,-1.0987084492951165
2019-05-30,0.5095474584806949,0.9433433545511999,-0.5224818169208082,-0.12102235242109284,-0.15201011036054263,-0.47543560857423983,-0.19149276233089865,0.16182972786487923,0.10543436611011958,-0.6345999523484516,-1.2239007896570853
2019-05-31,0.49179029233895966,0.8899133560533649,-0.5222559984773613,-0.30464636459844696,-0.2614420069140015,-0.5125176546864622,-0.06825909236783304,1.1817785667412435,0.48440024858447367,-0.893951956298512,-1.3388704079915126
2019-06-03,0.4863981155590705,0.8063431439970267,-0.6012924536836225,-0.4653173752536323,-0.4044540883304355,-0.4881825619253164,0.04311143334429366,1.8652225966777976,0.789291848320613,-0.9121427680328303,-0.9625214846464792
2019-06-04,0.4361410537181357,0.7967531710673807,-0.6690379867175599,-0.35055236764278547,-0.3886516483949177,-0.44414763216705216,0.04772492302213505,1.8935340548246717,0.8892841782357267,-0.3826745619272216,-0.746572403138343
2019-06-05,0.42927929283187416,0.8378536523250957,-0.6692638051610068,-0.35055236764278547,-0.44475031016600514,-0.5495997007986845,0.08001613298869574,1.9197126207201263,0.902621329544078,-0.5904456441050793,-1.0591803142457332
2019-06-06,0.37275151190732486,0.791273037217775,-0.6611343411969341,-0.35055236764278547,-0.41986146726756485,-0.4870237479843091,0.14130274346931143,2.0223005205507545,1.0445067557629992,-0.07155404026075392,-0.8821412195676377
2019-06-07,0.4398464786311817,0.7337331996399,-0.6351652202005917,-0.4194113722092938,-0.36731835448196937,-0.5380115613886142,0.05629145337598484,0.7440390396281049,0.4874749260256955,-0.1630936200020905,-0.6500390994662749
2019-06-10,0.4398464786311817,0.7542834402687574,-0.6351652202005917,-0.2816933630762782,-0.3590220735158223,-0.46152984128215596,0.05629145337598484,0.07492017286009844,0.5978600463003798,0.1777740227338342,-0.44711423275391876
2019-06-11,0.592652378000676,0.7446934673391116,-0.5448378428220078,-0.2816933630762782,-0.3886516483949177,-0.4371947485210102,0.06749495306967301,0.1138864103607277,0.5991203698165752,0.04892886696610491,-0.49964563427538555
2019-06-12,0.5556363800098536,0.7871631981377349,-0.5561287649943305,-0.32759936612061674,-0.4637132380886263,-0.4789120503972608,0.10374000815682317,0.13677195122167454,0.944010729580498,0.4697157979984047,-0.6688719352067063
2019-06-13,0.5531204421484814,0.7885334929073007,-0.5900015315112997,-0.39645837068712403,-0.39971335634978006,-0.4719591667512189,0.1518465986057489,0.05861236173862747,1.3145827376446164,0.10215409930168944,-0.5784541995254574
2019-06-14,0.5033520077686077,0.8652532763444674,-0.6236484795848221,-0.4194113722092938,-0.40563927132559907,-0.5345351195655943,0.15777776850892603,0.5969912393014448,1.2986824058568462,0.02675668787224032,-0.6893418838670318
2019-06-17,0.499932849448912,0.8638829815749016,-0.6349394017571448,-0.4194113722092938,-0.4281577482337116,-0.500929515276392,0.1485515935978255,0.5424333365836072,1.3580143216664968,-0.2520436611893679,-0.5012522929784756
2019-06-18,0.5185599205402633,0.8748432492741133,-0.6236484795848221,-0.48827037677580104,-0.3969479293610645,-0.3688247260016002,0.20061283361192295,0.7830318492901166,1.484788753487123,0.4462678487833571,0.20521479254096983
2019-06-19,0.5857474303438667,0.8036035996865524,-0.5954211741540142,-0.5571293813423094,-0.4167009792804614,-0.4198125394059064,0.18743281358023178,0.48909600341120735,1.2049501385760313,0.388877023215478,0.0192082085838926
2019-06-20,0.7255269658082597,0.7364727439503743,-0.6123575574124993,-0.6030353843866479,-0.31438018069798546,-0.3456484471814618,0.5057306191234138,2.0668575606344373,2.2209198196997235,0.8257757804086882,0.11711951058436226
2019-06-21,0.7466119810976761,0.680303201142065,-0.6234226611413751,-0.4653173752536323,-0.2926518257866489,-0.3618718423555593,0.527477169508956,2.157914997861244,2.4316584146917846,1.1389145243517218,0.053081760227904604
2019-06-24,0.7565893590020655,0.6474234432730874,-0.5895498946244069,-0.5800823828644781,-0.3254418886528478,-0.35955421447354463,0.6467569943514296,2.9121331773110812,2.7999597320161076,0.9281453260276024,-0.029503837075943343
2019-06-25,0.6996852362198817,0.6720835229819849,-0.6121317389690524,-0.6259883859088167,-0.28277530082695046,-0.29002537801312833,0.6507108394720204,2.6151794047371513,2.812168052814138,0.5081835692832202,0.32463557019899036
2019-06-26,0.6983464463328837,0.6789329063724993,-0.5895498946244069,-0.5112233782979708,-0.2586765799252862,-0.33869556353541985,0.6289634846418971,2.5691618345590226,2.653057966482813,0.5272763868336047,0.41225641045323336
2019-06-27,0.7539413930135892,0.676193362062025,-0.5669680502797604,-0.6030353843866479,-0.2614420069140015,-0.33637793565340623,0.6078757743690222,0.5713126285413039,2.4438901257820285,0.06300066062723557,0.47842127334569295
2019-06-28,0.7319531572658493,0.6679726386732877,-0.6344877648702519,-0.6259883859088167,-0.23220749303329424,-0.34333081929944814,0.6164423047228732,0.4960076777443275,2.062720253941924,0.12241636831620992,0.5813029127270412
2019-07-01,0.8888432912214841,0.7652426627393117,-0.6344877648702519,-0.5571293813423094,-0.3278122546431755,-0.40243033029080155,0.45762322422990814,-1.050701290221696,1.2311871244359809,-0.270098221768946,0.302977111777466
2019-07-02,0.8898859432532936,0.7501736011887173,-0.758687908765805,-0.6718943889531552,-0.4218367722595047,-0.458053399459135,0.5828334145309756,-0.37893300262480945,1.5897048171111177,-1.0580787117046182,-0.026480911511225252
2019-07-03,0.8274872293496337,0.7556526898096659,-0.7925606752827733,-0.7178003919974937,-0.3898368313900816,-0.4140184697008718,0.6691623848496391,0.2199414590723111,1.7441717750071104,-0.47584600215738193,0.4724000618421239
2019-07-04,0.8304140584850782,0.8214132507762782,-0.8094970585412584,-0.5341763798201395,-0.3862812824045903,-0.4209713533469127,0.5307721745168793,-0.43198293811204624,1.1436364591259471,-0.5346921981735047,0.23774574039847757
2019-07-05,0.8304140584850782,0.8214132507762782,-0.7584620903223581,-0.5341763798201395,-0.36218256150292577,-0.46500628310517694,0.5307721745168793,-0.4791902064974507,1.4077514494275962,-0.7716398533389934,0.26277057440756496
2019-07-08,0.6958613561647606,0.8392229018660042,-0.7358802459777126,-0.5112233782979708,-0.33610853560932197,-0.46964153886920523,0.5327494992994646,0.4215884983599346,1.4136347032809922,-0.4285615017809535,-0.007518854157198562
2019-07-09,0.6845143406801244,0.8542930086452558,-0.7641075514085195,-0.4653173752536323,-0.3594171345142105,-0.5484408868576771,0.5360445043073879,-0.2640780506637416,1.3883172308907819,-0.5829223976568193,-0.3458945243872164
2019-07-10,0.6743074559379639,0.8008630101474208,-0.7582362718789122,-0.4653173752536323,-0.2760592638543554,-0.3885245629987187,0.6190784696181281,-0.2798733183526466,1.5210290419908117,0.16823015733845115,0.31786533824521795
2019-07-11,0.6755364280369945,0.7940136267569065,-0.7641075514085195,-0.32759936612061674,-0.2274667610526388,-0.40358914423180886,0.5808568941929714,0.27776634190761423,1.2586398513204826,0.11606579846866574,0.24486055021244782
2019-07-12,0.7052069733114142,0.7611328236592717,-0.7977544994820428,-0.35055236764278547,-0.26657779989304453,-0.3885245629987187,0.6177607893927912,0.4847435831112504,1.3488878527054202,0.5009848814961757,0.5060552180353219
2019-07-15,0.7335856171925748,0.7775732252080891,-0.7410740701769811,-0.4194113722092938,-0.25828151892689805,-0.3491248890044828,0.6276458044165601,0.5289799248452289,1.4065707277293682,0.7877797188645312,0.5226002433495376
2019-07-16,0.7102993105129256,0.8419634914051357,-0.7523649923493039,-0.32759936612061674,-0.2973925577673038,-0.3746187957066348,0.613147299714951,0.4290509344925664,1.2034769343384415,1.1491438846307465,0.00040001391013769173
2019-07-17,0.7051761256181667,0.8173034116962382,-0.7467195312631425,-0.48827037677580104,-0.38430597741265043,-0.33753674959441254,0.6928870644623488,0.406889010928525,1.4776510782851147,0.33122744582664193,0.28847658191075987
2019-07-18,0.6468184595300986,0.7583932793487974,-0.7803664793366648,-0.5341763798201395,-0.5016390939338682,-0.3514425168864964,0.7245186298716587,0.7982368156387531,0.6151001140532785,0.33947660548116054,0.0004693528766769282
2019-07-19,0.6908627959507252,0.8077134387665924,-0.7914315830655416,-0.5112233782979708,-0.48820701998867844,-0.25294333190090607,0.7179286198558144,0.5534000678421045,0.5336430155054747,0.874308657142774,0.3724101848505518
2019-07-22,0.6489062314091769,0.822783545545844,-0.8083679663240257,-0.5112233782979708,-0.451861408136988,-0.3236309823023297,0.7192471045257324,0.5052632132937068,0.1980202717393855,0.16653281270662915,0.1356466737071488
2019-07-23,0.6688943027266645,0.8844332222037591,-0.8083679663240257,-0.44236437373146253,-0.43921945618857394,-0.3746187957066348,0.6849785697765852,0.39615933598943054,0.09145925880363086,0.0038908253073212783,-0.25197963469949447
2019-07-24,0.7147907346499497,0.8871738117428906,-0.7573329981051264,-0.5112233782979708,-0.37798500143844355,-0.3468072611224681,0.702772079486119,0.05134482287017157,0.20208815435818148,-0.055142837544401205,-0.006997206458695979
2019-07-25,0.7544263187514599,0.8995033289830107,-0.7742693813636106,-0.44236437373146253,-0.3922071973804093,-0.3665070981195866,0.6441208294561748,-0.4447551240745876,0.09743343458244662,-0.09225126731115865,-0.07809035933448473
2019-07-26,0.766612391492464,0.9255337034614739,-0.7683981018340023,-0.44236437373146253,-0.4321083582175911,-0.4093832139368435,0.6744347146401478,-0.24221250343027542,0.15814455864623228,-0.9790920457740852,-0.19433602049529017
2019-07-29,0.7632253147737469,0.9296435425415139,-0.7288798742308716,-0.48827037677580104,-0.43882439519018607,-0.3340603077713926,0.681683564768663,-0.2095856190860487,0.6333594494267523,-0.06237565406205841,0.2423421088996258
2019-07-30,0.7833318412333102,0.9310138373110797,-0.7458162574893568,-0.48827037677580104,-0.42855280923209976,-0.4140184697008718,0.7482425050397886,0.3458359876582047,0.46015613832804336,-0.2484890155435874,0.16421628305995808
2019-07-31,0.741271628442444,0.9954030582794691,-0.7930123121696672,-0.5800823828644781,-0.3685035374771332,-0.4406711903440312,0.7245186298716587,0.11659300324940601,0.14990057730207298,-0.5947065978456859,-0.06793829610741388
2019-08-01,0.7045135171671818,0.9775934071897432,-0.8076905109936869,-0.8555184011305093,-0.41472567428852186,-0.4429888182260448,0.6902508995670938,0.2524391451942053,0.4460461253305008,-0.48538873212509837,-0.05286296873033139
2019-08-02,0.6320436483716558,0.937863220701594,-0.9370844790885077,-0.9473304072191858,-0.485046532001575,-0.6585282112533367,0.853023825180652,0.9830959321882824,0.9053881180023955,-1.6009563388283836,-0.6187825768104835
2019-08-05,0.5411157538437817,0.8556633034148216,-1.0163467527382157,-1.1998134239630478,-0.5561575117114038,-0.724580605890733,0.9782340154817206,1.6332511556660905,1.2528788278296465,-2.481529567465398,-0.8218908619900614
2019-08-06,0.47479074554341477,0.8734729545045475,-1.005055830565892,-1.2457194270073864,-0.5834167206001716,-0.6956102573655589,1.0296364153831508,1.5386469765628028,1.3881095416623848,-1.8113117966728636,-0.47262429087814967
2019-08-07,0.45394881007680005,0.8611434372644273,-1.0274118564670915,-1.2916254300517247,-0.7256386800198296,-0.6643222809583713,1.2596279258250827,2.936178118453305,1.7864406671365696,-1.4440194153308406,-0.8788865778441323
2019-08-08,0.5173383518876101,0.872103704963639,-1.0384769601959685,-1.2686724285295554,-0.6758609942229493,-0.5820464911468785,1.1963631861172983,2.787073640545287,1.7235465571884345,-0.8967013576468773,-0.563317447252127
2019-08-09,0.4698069922221395,0.8542930086452558,-1.0947057526141373,-1.222766425485217,-0.633194406397052,-0.623763793023129,1.1891143359887844,1.8180805156556554,1.5932532857987742,0.23716254447115376,-0.7468138151341315
2019-08-12,0.5580017811281714,0.8392229018660042,-1.0551875250110065,-1.4293434391847404,-0.6426758703583624,-0.634193118492191,1.2464479057933915,1.431414010600901,1.7240600644388793,0.6171785561729434,-0.9032536093454376
2019-08-13,0.5165276745090331,0.8981330342134449,-1.134223980217267,-1.3604844346182325,-0.5332439738049035,-0.5287410498605586,1.226018231188604,1.0416537073935705,1.7101687713472977,1.1305891307904468,-0.48155300860679406
2019-08-14,0.5460427474094786,0.9227931139223424,-1.119771599836694,-1.5670614483177554,-0.6138364174760429,-0.6168109093770872,1.3163018510724394,0.29139894098694724,1.7248149222627338,0.323005027274135,-0.8828407024251648
2019-08-15,0.566657643853782,0.9433433545511999,-1.1175134154022297,-1.7277324589729404,-0.633194406397052,-0.6098580257310452,1.3406845663532365,0.75171156776458,1.698961731474989,-0.18036747192149838,-0.8173157457775966
2019-08-16,0.589863746530985,0.9433433545511999,-1.0944799341706903,-1.6588734544064325,-0.5687994636598179,-0.6098580257310452,1.2938956561296489,0.545306997487221,1.5889768957326227,0.09665963628434458,-1.1183305380532014
2019-08-19,0.703633740955727,0.9721132733401373,-1.1003512137002986,-1.5441084467955861,-0.5375896447871708,-0.594793444497955,1.2141566958268322,-0.17117697893979078,1.3646007224035408,0.2671928231038528,-0.8547095128534488
2019-08-20,0.7014201104881932,0.9501937831703714,-1.0718980898260448,-1.6588734544064325,-0.567614280664654,-0.6492576997252811,1.2418344161155501,0.07933980521905659,1.5415428385776577,-0.7875884106784887,-0.8731256897183066
2019-08-21,0.6976566919118401,0.965263889949623,-1.015443478964429,-1.5670614483177554,-0.5055897039177476,-0.6318754906101773,1.2418344161155501,-0.38794882502367795,1.4893180155026138,-0.09649255785433222,-0.902913468557119
2019-08-22,0.7150708317046482,0.9474531936312399,-1.0208631216071444,-1.4982024437512476,-0.5367995227903948,-0.6956102573655589,1.1937278256666257,-0.7606904231695626,1.5281127780320676,-0.5668625754330391,-1.0487020924372492
2019-08-23,0.7487466414704924,0.8748432492741133,-0.9980554588190521,-1.7277324589729404,-0.5830216596017836,-0.7581862101799344,1.3868146364641567,0.4781047514248029,1.975427024595715,-0.9833583002976307,-1.1204247879041729
2019-08-26,0.6773181907990449,0.9351236763911197,-1.0319282253360214,-1.6818264559286018,-0.5830216596017836,-0.7303746755957676,1.3848381161261514,0.8879766382537096,1.9482794137661716,-0.8962648902261549,-1.2601712186978684
2019-08-27,0.7476151480821258,0.9241634086919082,-1.026056945806413,-1.796591463539448,-0.5909228795695426,-0.7222629780087194,1.4817109415812524,1.245742362730106,2.0180583821586997,-0.48522073692552103,-0.9886600630634058
2019-08-28,0.7292533671527144,0.9529333274808457,-1.026056945806413,-1.8424974665837865,-0.5127008018887306,-0.7014043270705936,1.4606232313083773,1.1359525917108537,2.0304486057892426,-0.46058028797563905,-0.8369817875837896
2019-08-29,0.7210120974243671,0.9940338087385605,-1.070994816052259,-1.773638462017279,-0.5059847649161355,-0.6677987227813923,1.3861557963514883,1.003593485435858,1.926383235626761,0.191673876221177,-0.7192942699429269
2019-08-30,0.7282773461383221,1.0502033515468698,-1.0140885683037504,-1.773638462017279,-0.48820701998867844,-0.7292158616547603,1.3373895613453142,-0.25675155874217603,1.3166340162874042,0.20158197285279075,-0.22137979626228355
2019-09-01,0.8193853911947709,1.0543131906269099,-0.9802158017867822,-1.8424974665837865,-0.5865772085872752,-0.7176277222446911,1.514002151547812,0.6597747699935779,1.4378332883923273,0.09046503065574894,0.043137190665882424
2019-09-02,0.8193853911947709,1.0543131906269099,-0.9802158017867822,-1.8424974665837865,-0.5865772085872752,-0.763980279884969,1.514002151547812,0.1610116676011858,1.2925963584192965,-0.2790540481725789,-0.2149451874921167
2019-09-03,0.8193853911947709,1.0543131906269099,-1.0025718276879818,-1.8424974665837865,-0.6110709904873274,-0.7836801168820875,1.514002151547812,0.268772720156679,0.6611669879179838,-0.5521767503899657,-0.38742496026268197
2019-09-04,0.8590135718499015,0.9858130853498233,-1.036670412648397,-1.8424974665837865,-0.5024292159306442,-0.6295578627281636,1.5429983565064491,0.8017243300187524,0.908231473060391,0.26088854893633734,-0.14045430743516066
2019-09-05,0.9063906930491274,0.9803339967288747,-1.1044159456823344,-1.612967451362094,-0.42262689425628047,-0.5217881662145177,1.3130068460645172,-0.1288691581693331,0.32228478185996495,1.4124126974434066,0.3642778214913018
2019-09-06,0.9394199351644765,0.9775934071897432,-1.1044159456823344,-1.6588734544064325,-0.4787255560273678,-0.5403291892706289,1.2523782712519875,-1.3288490765394882,0.011528300320906236,1.2054641271640787,0.33738137972543397
2019-09-09,0.990106396895434,0.9625233004104915,-1.0870279255369575,-1.475249442229079,-0.3716640254642364,-0.5565525844447253,1.226018231188604,-1.4624219182654608,-0.003999698182284436,1.4207570213304739,-0.0734365232588812
2019-09-10,0.9668521718167642,0.969373729029663,-1.0475096979338268,-1.2686724285295554,-0.34479987757385655,-0.5542349565627117,1.1475977555557053,-1.8597978613445132,-0.44264366916846704,1.5764297001064767,0.2307107236842097
2019-09-11,0.9201524659612802,1.0132137545978521,-1.0249278535891804,-1.1998134239630478,-0.4099849423078664,-0.5855229329698994,1.1746166357317562,-1.864519484970549,-0.4347381023338169,0.2979422864849583,0.1013642269192591
2019-09-12,0.9723566342000791,0.9666331394905315,-0.9456655799394732,-1.1080014178743707,-0.49926872794354077,-0.5252646080375387,1.2029531961331439,-0.5720292738699522,-0.24098882076055614,-0.018914327590261373,0.3047981770830238
2019-09-13,0.9626285056571393,0.9597837561000172,-0.9343746577671505,-0.8555184011305093,-0.4799107390225317,-0.38968337693972604,1.2319494010917824,-0.1093828210321169,0.042740658353275646,0.9951218353741964,0.7099382554729811
2019-09-16,0.9626285056571393,1.0132137545978521,-0.9343746577671505,-0.9932364102635244,-0.19665200317837953,-0.5275822359195523,1.2319494010917824,0.0277928409340697,-0.029894547126785097,0.19502117566169055,0.4326934180443805
2019-09-17,0.866426889491451,0.9597837561000172,-0.9005018912501812,-1.0620954148300321,-0.3084542657221661,-0.5565525844447253,1.2451294211234725,0.5095190963972291,0.004631918132546234,-0.011393772243229952,0.2744337394358386
2019-09-18,0.8864643171181364,1.0063633259786806,-0.8548865656739963,-1.0850484163522014,-0.3598121955125981,-0.5889993747929204,1.2609456060504196,0.4493894709967262,0.17294291111164795,-0.019154703866493674,0.384328758397329
2019-09-19,0.9133400613842158,0.9611530056409258,-0.9056957154494497,-1.1080014178743707,-0.3613924395061501,-0.5994287002619823,1.2009766757951397,-0.013467122771630284,-0.4838063654992146,-0.48289605379788303,0.5687124908089933
2019-09-20,0.9313292021791836,0.9940338087385605,-0.922180461821042,-1.222766425485217,-0.3226764616641319,-0.6029051420850032,1.2596279258250827,0.1411114161712695,-0.32733777895379146,-1.3652255106946818,0.4583369006428282
2019-09-23,0.8753899952418199,1.0063633259786806,-0.9165350007348806,-1.2686724285295554,-0.3451949385722447,-0.591317002674934,1.3677034465292872,0.7043507452606953,-0.29559992905548677,-0.4146004691493196,0.4696939740707823
2019-09-24,0.8973708275431801,0.9707429785705716,-0.8713713120455886,-1.4522964407069097,-0.3661331714868055,-0.6029051420850032,1.423059691551308,0.9229214094460316,-0.10027696196912259,-0.30191773525967935,0.35687740897426656
2019-09-25,0.8466473485803235,1.0666437530956872,-0.8822105973310185,-1.2457194270073864,-0.4340836632095309,-0.5924758166159414,1.2418344161155501,-0.1024441025201614,-0.37664097878944197,-0.01916796112201146,0.2759709439154176
2019-09-26,0.7866288426877407,1.0899335380350188,-0.831627265999011,-1.314578431573894,-0.44712067615633283,-0.6735927924864269,1.2609456060504196,0.31037428247445104,-0.20234133445737476,-0.4888803719428647,0.2107903847189102
2019-09-27,0.8073276448576807,1.076233726025333,-0.8088196032109186,-1.3375314330960633,-0.43131823622081533,-0.6121756536130588,1.2055893610283988,-0.28397529210305933,-0.7903355469922971,-0.057741090243429244,0.38170446999688323
2019-09-29,0.7530924644953826,1.1132233229743507,-0.8196588884963485,-1.3604844346182325,-0.49018232498061803,-0.656210583371323,0.9854828656102346,-1.9681613492789842,-1.3515237766106332,-0.42670499212484725,0.39259767049869415
2019-09-30,0.7530924644953826,1.1132233229743507,-0.824852712695618,-1.3604844346182325,-0.49018232498061803,-0.656210583371323,0.9854828656102346,-2.2404180897253028,-1.3515237766106332,-0.3504926891094976,0.4623392624091647
2019-10-01,0.7740948079668906,1.0789732703358073,-0.9034375310149854,-1.4293434391847404,-0.5269229978306963,-0.6979278852475727,1.1930681811093762,-0.2570297338371645,-0.8936569689581865,-0.6959616294020138,-0.21236859606811062
2019-10-02,0.7740948079668906,1.0666437530956872,-0.9034375310149854,-1.5441084467955861,-0.6114660514857152,-0.6747516064274341,1.1930681811093762,-0.35584923684466996,-0.31595259230302947,-0.003904557243501672,-0.4897580183054236
2019-10-03,0.7740948079668906,1.0419836733867898,-0.9034375310149854,-1.6818264559286018,-0.6079105025002239,-0.7141512804216701,1.1930681811093762,-0.06856485720873734,-0.15920374951446306,-0.6751042512501629,-0.5609228103145819
2019-10-04,0.7740948079668906,1.0351332447676183,-0.9034375310149854,-1.7277324589729404,-0.5636636706807746,-0.6932926294835453,1.1930681811093762,1.1063069877703668,-0.09045376634035719,-0.24483584260856658,-0.43838013705691986
2019-10-07,0.7740948079668906,1.0597933244765156,-0.9034375310149854,-1.6359204528842632,-0.5506266577339727,-0.659687025194344,1.1930681811093762,1.1063069877703668,0.11625786565849214,-0.019427299809792933,-0.3335431580990249
2019-10-08,0.7740948079668906,1.080343565105373,-0.9034375310149854,-1.6818264559286018,-0.6027747095211806,-0.6793868621914625,1.1930681811093762,-0.0031361766174585496,0.044666002233316744,0.12912841820345397,-0.2964039673127387
2019-10-09,0.7791242158741735,1.0776040207948987,-0.897566251485377,-1.5670614483177554,-0.5411451937726621,-0.6805456761324687,1.2517194311393192,0.30373137762374564,0.12425155951349037,-0.035093669028721956,-0.49776375180927945
2019-10-10,0.832121786783331,1.0214334327579322,-0.8524025627960861,-1.3834374361404018,-0.5656389756727145,-0.5750936075008365,1.177252800627011,-0.08588338363418482,-0.14742625267171555,0.9457476589001123,-0.584665069822004
2019-10-11,0.8718338731640995,0.965263889949623,-0.790302490848309,-1.1768604224408785,-0.5059847649161355,-0.5414880032116351,1.0975130358796121,-0.503087562084107,-0.35652150934828636,1.0284733183800796,-0.02710536417767366
2019-10-12,0.9307517333615648,0.9858130853498233,-0.7559780874444468,-1.1539074209187092,-0.5763056226291886,-0.5275822359195523,1.1568231260222248,-0.1927729090358381,-0.23525058892107517,0.8904953473679464,0.11615489198236625
2019-10-14,0.9307517333615648,0.9858130853498233,-0.772914470702932,-1.1539074209187092,-0.5763056226291886,-0.5275822359195523,1.1568231260222248,-0.1927729090358381,-0.2762348999639747,1.0260799000587093,0.22583867789231316
2019-10-15,0.8964478645611774,0.9638935951800572,-0.7668173727298777,-1.1539074209187092,-0.5612933046904471,-0.5739347935598302,1.0639041456877156,-0.9799923755792198,-0.3645615340397254,0.7219038414719279,0.10512762574317336
2019-10-16,0.8764881731214775,0.9255337034614739,-0.7611719116437163,-1.1998134239630478,-0.5569476337081799,-0.63071667666917,1.1324404107414276,-0.2379742485677099,-0.33658409300905745,-0.36420275411937764,-0.07457610865921374
2019-10-17,0.8841482723090182,0.8707334101940732,-0.7891733986310773,-1.1768604224408785,-0.55497232871624,-0.6121756536130588,1.1607777755873965,0.33110654265892486,-0.5392686057965232,-0.4613137564383975,-0.050995100827562
2019-10-18,0.8124532975679011,0.8255230898563183,-0.7212020471536928,-1.1768604224408785,-0.5308736078145757,-0.522946980155524,1.1337580909667646,-0.12425904501511599,-0.74825310178911,0.034326555813260246,0.288838120657827
2019-10-21,0.8161636581118661,0.8323735184754898,-0.6475852345901472,-1.0850484163522014,-0.5707747686517575,-0.4986118873943783,1.095536515541608,-0.324974406558708,-0.3872426196296495,0.19411414096943316,0.3351837139232297
2019-10-22,0.8435872574100438,0.8597731424948616,-0.6475852345901472,-1.13095441939654,-0.5095403139016271,-0.529899863801566,1.0909230258637665,0.14010371167971358,-0.44853512811080254,0.2952425026026865,0.5095088011254579
2019-10-23,0.8076669694834183,0.8515534643347815,-0.6642957994051842,-1.1539074209187092,-0.508750191904851,-0.4406711903440312,1.1449615906604504,0.0627805797514915,-0.1634032883591501,1.273200066573285,0.5984354365847832
2019-10-24,0.800576935667116,0.8734729545045475,-0.6475852345901472,-1.1539074209187092,-0.4617379330966865,-0.4487828879310794,1.2042716808030618,0.22517425449970296,0.5843521766841545,1.091826118427841,0.7249221626612273
2019-10-25,0.8338961460990024,0.9008736237525764,-0.6078411885435696,-1.0850484163522014,-0.4479107981531086,-0.4314006788159756,1.2082255259236538,0.38883904328124425,0.5949845857841407,0.604540428689199,0.7840602035056963
2019-10-28,0.8936777417074352,0.8912836508229306,-0.4831894077611235,-0.9702834087413551,-0.5138859848838944,-0.4140184697008718,1.1456204307731188,0.2615226373760791,-0.1289084648502282,0.5567193850222895,0.9919198505230626
2019-10-29,0.8662985630875356,0.8816936778932848,-0.45947847119924534,-0.9932364102635244,-0.48781195899029056,-0.39431863270375334,1.125850400725582,0.181518020050084,-0.18095413725250528,0.8944740531708623,0.9762712980691148
2019-10-30,0.8365046270401212,0.876213544043679,-0.4377999006283856,-1.13095441939654,-0.5206020218564894,-0.39663626058576695,1.1667081410459925,0.11120081255585844,-0.07339392805199395,0.2889715980754614,1.1100393057442681
2019-10-31,0.8272935058360316,0.8351130627859641,-0.49312541927276865,-1.3375314330960633,-0.5569476337081799,-0.5078823989224338,1.2866468060011336,0.4273675592928786,0.24235108850147208,-0.37921950282092326,0.653952667271225
2019-11-01,0.9125441908983973,0.8200429560067125,-0.5209010878166827,-1.2457194270073864,-0.522577326848429,-0.47311798069222516,1.264240611058343,0.28948923250632663,0.18336556956345737,-0.2657819189923426,0.6543259829756114
2019-11-04,0.9525807950121419,0.8570335981843873,-0.47641485445773046,-1.1080014178743707,-0.42973799222726333,-0.4314006788159756,1.264240611058343,0.620492123237272,0.18336556956345737,-0.10815871925935372,0.8661957317799835
2019-11-05,0.9827473711940014,0.9214238643814339,-0.5893240761809599,-0.9473304072191858,-0.4218367722595047,-0.3630306562965656,1.0849926604051705,-0.21837315123687612,-0.44032322974535915,0.2049430528868577,1.1038800180071884
2019-11-06,0.9576015655653155,0.9173129800727367,-0.5665164133928675,-1.0620954148300321,-0.445935493161169,-0.4453064461080585,1.1469381109984547,-0.10685148570408501,-0.08393288379520787,-0.3089733258180133,0.4548588199366406
2019-11-07,0.9707550219666011,0.9433433545511999,-0.5256432751290583,-0.8096123980861708,-0.4265775042401599,-0.3004547034821902,0.9755978505864656,-1.6152764446844339,-0.3280867114671982,1.3615086903331017,0.8238096081281011
2019-11-08,0.9513789688831685,0.9721132733401373,-0.5190945402691112,-0.7637063950418322,-0.4502811641434363,-0.40706558605482984,0.9564874650961795,-1.6017908560087362,-0.5333386905058979,0.43376473939014226,0.42059250585082125
2019-11-11,0.850666186056777,0.95156303271128,-0.5872917101899415,-0.8096123980861708,-0.4273676262369359,-0.4487828879310794,0.9182650852264406,-1.8003408537518704,-0.634332172899067,-0.10847281815087127,0.281651787566118
2019-11-12,0.8483291648162484,0.9666331394905315,-0.5676455056101002,-0.8096123980861708,-0.44277500517406554,-0.49050018980733,0.8958588902836488,-1.0036570723951157,-0.45225607708636933,-0.8111229045254283,0.29921574642774446
2019-11-13,0.8528255245841923,0.9748538628792689,-0.6082928254304625,-0.9014244041748478,-0.4396145171869618,-0.5055647710404202,0.959122825546851,-0.9904151630718017,-0.4630886029630703,-0.38651197820806404,0.44319336243048046
2019-11-14,0.8672634789323581,0.9460839440903314,-0.5665164133928675,-1.0391424133078628,-0.4321083582175911,-0.5449644450346561,1.025682570262559,0.26481666246987273,-0.3608128725686184,-1.5440033626691547,0.24620266280045836
2019-11-15,0.8286976928327155,0.9241634086919082,-0.6116801020821595,-0.9932364102635244,-0.39813311235622834,-0.5078823989224338,0.9960275251912531,0.20882261252801917,-0.3687756036916649,-0.6452706723918245,0.0693431781875118
2019-11-18,0.8692315617616319,0.8953934899029706,-0.6934263786097778,-1.0620954148300321,-0.4178861622756253,-0.5495997007986845,1.0197514003593806,0.5430601535540681,-0.2054999532427322,-0.6496503226761551,-0.14980614461135938
2019-11-19,0.9347409570524988,0.9049834628326165,-0.7498809894713926,-1.1080014178743707,-0.4356639072030826,-0.46964153886920523,1.035567585286328,0.7505324230391847,-0.15125032215712997,0.14002467952878708,0.2199765790740325
2019-11-20,0.8883472603140434,0.9145734357622624,-0.7489777156976068,-1.2457194270073864,-0.3791701844336074,-0.4858649340433017,1.035567585286328,0.40654215217580064,-0.2933963454226913,0.132777825552721,-0.12919805741850576
2019-11-21,0.8636604683608989,0.9227931139223424,-0.748526078810714,-1.1539074209187092,-0.3321579256254428,-0.5426468171526425,0.9683490004579516,-0.30828638724053514,-0.6243744659471194,0.019152145343988652,-0.28942453763586373
2019-11-22,0.8035469515731098,0.9611530056409258,-0.7489777156976068,-1.1539074209187092,-0.33847890159964966,-0.4870237479843091,0.9683490004579516,-0.15090319493946547,-0.634518988643952,0.14041105754455166,-0.1631725810314644
2019-11-25,0.832462345316799,0.9680034342600973,-0.7200729549364602,-1.1768604224408785,-0.34479987757385655,-0.48238849222028074,0.9255139353549546,-0.5050093055351178,-0.5862419115164238,0.4468063731119667,-0.20434152084163398
2019-11-26,0.8454331833740515,0.9584134613304515,-0.7652366436257522,-1.222766425485217,-0.3388739625980378,-0.40706558605482984,0.9466024500724094,-0.47615905178942036,-0.47911643471144794,0.4109100585004896,-0.022338929232496255
2019-11-27,0.8339109529917627,0.9803339967288747,-0.7595911825395908,-1.1539074209187092,-0.3305776816318908,-0.39663626058576695,0.9044262250820809,-0.700407788790199,-0.6963206566874358,0.5858020234363949,0.0192082085838926
2019-11-28,0.7732076283090552,0.9611530056409258,-0.7708821047119135,-1.13095441939654,-0.3444048165754684,-0.44414763216705216,0.9848240254975662,0.08507133770608258,-0.7910992940957555,0.6522500739252458,0.2307959501786069
2019-11-29,0.7732076283090552,0.9611530056409258,-0.7708821047119135,-1.13095441939654,-0.3515159145464516,-0.47659442251524614,0.9848240254975662,0.08507133770608258,-0.7343108602552806,0.07191924576496352,0.007732201937233598
2019-12-02,0.777078396857915,0.9049834628326165,-0.6778449060119723,-1.0161894117856936,-0.4028738443368835,-0.500929515276392,0.9630774751120252,0.19887700844569997,-0.7911498215190491,-0.11695743420297174,-0.20876777843530253
2019-12-03,0.7980955472221823,0.8885430612837991,-0.7492035341410538,-1.2686724285295554,-0.412750369296582,-0.5646642820317747,1.0678579908083063,0.6475352302019128,-0.04960721354154076,-1.0108903664982418,-0.6347120444595786
2019-12-04,0.8008841786918734,0.876213544043679,-0.7480744419238211,-1.1539074209187092,-0.3218863396673562,-0.4800708643382671,1.040180270519587,0.7285437168317992,-0.2863656542162293,-0.5324477194789685,-0.09503598569778339
2019-12-05,0.8468904284031245,0.8433337861747014,-0.7424289808376597,-1.0850484163522014,-0.30529377773506267,-0.47080035281021154,1.0592914604544565,0.3948834145609798,0.22129398280737064,-0.1687550010513582,-0.5277818703001314
2019-12-06,0.8808043823608489,0.8830629274341933,-0.7480744419238211,-0.9932364102635244,-0.2725037148688638,-0.32710742412535065,0.9419889603945693,-0.2320845096742649,-0.043105474660087593,0.9773128062646312,0.2803557202221419
2019-12-09,0.8717610726080315,0.8748432492741133,-0.713750038519959,-1.0161894117856936,-0.27487408085919157,-0.24946689007788508,0.9433074450644873,-0.10904309673829214,0.06381442340362684,1.6478516995392922,0.6745765091986821
2019-12-10,0.8893208135129759,0.8433337861747014,-0.7424289808376597,-0.9702834087413551,-0.26973828788014853,-0.23208468096278126,0.9650539954500293,-0.5479276645737764,0.18381775806266648,2.2010006383141456,0.8746723279497918
2019-12-11,0.8839656539649852,0.8090837335361581,-0.7591395456526979,-1.1080014178743707,-0.31714560768670075,-0.17646161179444783,1.0098663853356127,-0.16423694857234153,0.13282981978982702,1.9820355896689204,1.111357063817734
2019-12-12,0.8706419182969667,0.8419634914051357,-0.7704304678250207,-0.8555184011305093,-0.2657876778962688,-0.16023821662035032,0.9920728756260814,-0.35966263976503476,-0.09400598644081781,2.024292122364627,1.3042092751845187
2019-12-13,0.9656528135032508,0.8104529830770667,-0.7306864217784441,-1.0391424133078628,-0.2353679810203977,-0.19500263485055896,1.0507241256560234,0.5806293869516362,0.1429262497338318,0.8437290364266827,1.0579116673215858
2019-12-16,1.0065679599207207,0.7967531710673807,-0.7248151422488358,-0.8784714026526785,-0.21166432111712102,-0.12199735656712067,1.0467702805354326,0.5522477197322564,0.06840075569430135,0.8044035846383291,1.4485055919367713
2019-12-17,1.0725141585479916,0.8159331169266725,-0.661811796527274,-0.8784714026526785,-0.1741335262702673,-0.11388565898007243,1.0441341156401778,0.4204046330338803,0.018917992498815817,0.7441684682159986,1.1929237297939137
2019-12-18,1.0588449287155863,0.8433337861747014,-0.6604568858665943,-0.8096123980861708,-0.1689977332912237,-0.1173621008030934,1.0309540956084877,0.1092836437517594,-0.016341979716334384,0.3708405131357757,1.238187730578707
2019-12-19,1.0561488403256416,0.84470303571561,-0.6604568858665943,-0.8096123980861708,-0.1460841953847233,-0.08143886863187844,1.0678579908083063,0.40162247560088027,0.2640685741461734,0.4919306249831892,1.5590750135404632
2019-12-20,1.024831028231737,0.8844332222037591,-0.7352027906473728,-0.8096123980861708,-0.1871705392170692,-0.13126786809517624,1.0447929557528461,-0.034622737626139495,0.20193344367461608,0.400760697350091,1.1962436869536626
2019-12-23,0.9563824647281229,0.8775838388132448,-0.7683981018340023,-0.7866593965640015,-0.2333926760284581,-0.12083854262611438,1.0961953556542763,0.2593514411180086,0.4578525355778763,0.011025723327306633,1.2145120401283653
2019-12-24,1.0076747751544877,0.876213544043679,-0.7968512257082561,-0.8555184011305093,-0.16346687931379253,-0.08143886863187844,1.2055893610283988,0.8545559833322268,0.6952648980602216,0.20341935830944485,1.0827219878642982
2019-12-25,1.0540795770625129,0.8679928206549417,-0.8131101536364014,-0.8555184011305093,-0.16346687931379253,-0.05478614798871801,1.2728079458567738,1.2833991631225448,0.9950106980083567,0.38890119210228447,1.1338410352865387
2019-12-26,1.0540795770625129,0.8679928206549417,-0.8867269661999472,-0.8555184011305093,-0.16346687931379253,-0.032768683109585896,1.2728079458567738,1.0829596563150328,0.7704797346777859,0.30170119099022813,1.3708446780645391
2019-12-27,1.0426350828672104,0.7762029304385234,-0.8517251074657463,-0.9014244041748478,-0.17729401425737074,-0.07912124074986376,1.3024629909280796,1.365581116805706,0.8502314876909998,0.3254190906253951,1.332039316588169
2019-12-30,1.1122928759461759,0.7515428507296259,-0.8449505541623522,-0.8555184011305093,-0.20139273515903497,-0.06521547345778092,1.307075676161339,1.111145155107228,0.9232074595647036,0.3463049807911031,1.4640586289799487
2019-12-31,1.132627675335781,0.7035929860813968,-0.835240361094155,-0.8096123980861708,-0.22233096807359576,-0.1498088911512874,1.340025726240568,0.6993530501331466,0.7217060362553191,-0.41446183124722075,1.4093406994841295
2020-01-01,1.2184940803553934,0.7666129575088775,-0.8081421478805798,-0.9014244041748478,-0.2507753599575273,-0.12895024021316262,1.3729757763197972,0.516747504072861,0.8858918210533091,-0.4480765553981856,1.1795948177429751
2020-01-02,1.2184940803553934,0.7666129575088775,-0.8081421478805798,-0.9014244041748478,-0.2507753599575273,-0.08491531045489838,1.3729757763197972,0.516747504072861,0.8331416739742333,-0.3128385106776453,1.2925657901703922
2020-01-03,1.2149589347090817,0.7652426627393117,-0.8210137991570281,-1.0850484163522014,-0.1705779772847757,-0.17298516997142685,1.535748701933354,1.204046869005307,1.5999206474707819,-0.5702546076160925,0.5161959999512352
2020-01-06,1.2094631096798762,0.7419528777999801,-0.8381760008589582,-1.0620954148300321,-0.1243558404733868,-0.16603228632538491,1.6477788722027313,1.7590850717342046,1.8987246899975234,-0.6114780763407844,0.2849815215555073
2020-01-07,1.258666414319433,0.7844236538272606,-0.8320789028859039,-1.0161894117856936,-0.18401005122996575,-0.15792058873833667,1.6846835718471322,1.7736737350557639,1.9352804026569776,-0.04626773735522058,0.254809537627716
2020-01-08,1.1980235511154949,0.8282636793954498,-0.8415632775106552,-0.9243774056970165,-0.2405037739994407,-0.11504447292107976,1.589787266730038,1.1109232808686382,1.551556847767313,0.08960113979695841,0.21263450501961575
2020-01-09,1.2745739527739712,0.84881287479565,-0.8761134993579642,-0.9702834087413551,-0.2693432268817604,-0.13822075174121817,1.5522237269729686,0.9179076033146765,1.5012925373921193,-0.3224556216857245,0.08837589173595077
2020-01-10,1.271158496177465,0.8364833575555299,-0.9585372312159215,-1.0161894117856936,-0.26183706791238964,-0.1115680310980588,1.5904461068427063,0.27343871503922484,1.437646082267225,0.3850254548453486,0.28273285446106083
2020-01-13,1.3336090342057827,0.8351130627859641,-0.9537950439035459,-0.9702834087413551,-0.36573811048841737,-0.0014807067023982015,1.5304771765874263,-0.5898287455849058,1.2885503178131232,1.023945969543418,0.3955863641556558
2020-01-14,1.3156717175354733,0.8378536523250957,-0.9190190036127909,-1.0391424133078628,-0.3534912195383912,0.027489641822774826,1.4909371164923528,-0.9687199779378111,1.1902604973186057,1.1518086939687073,0.4601792894663969
2020-01-15,1.2920880390929055,0.818673706465804,-0.9409233926270976,-1.1080014178743707,-0.3993182953513922,0.01010743270767101,1.5548598918682235,-0.17881494244315582,1.3982505096058286,0.7736377250659545,0.4170172496113141
2020-01-16,1.2757831823493233,0.831003223705924,-0.9361812053147219,-1.0620954148300321,-0.34638012156740855,-0.033927497050593225,1.5344310217080182,-0.0929592150722948,1.2400666622924161,0.6476358532996038,0.16666937895988615
2020-01-17,1.2802523961472083,0.8707334101940732,-0.9556015914511173,-0.9932364102635244,-0.36929365947390896,-0.0374039388736142,1.5990134416411383,0.03995329683406974,1.4772763741302344,0.45979394471099033,0.31276691336617657
2020-01-19,1.2464902128402686,0.8597731424948616,-0.967344150510334,-1.13095441939654,-0.34638012156740855,-0.02465698552253765,1.5831972567141923,0.2635781814675879,1.290771568792279,-0.13621353357531138,0.3195334712130556
2020-01-20,1.2464902128402686,0.8597731424948616,-0.9682474242841197,-1.13095441939654,-0.34638012156740855,-0.04088038069663517,1.5831972567141923,0.4654296273625194,0.9888135602658281,-0.4076191046566381,0.14508969549022524
2020-01-21,1.2464902128402686,0.8597731424948616,-1.067381720957115,-1.13095441939654,-0.3847010384110386,-0.15792058873833667,1.5831972567141923,0.13988267065806803,0.8065660897333111,-1.010093695988277,-0.2995933420445871
2020-01-22,1.282918870751635,0.8597731424948616,-1.0798017353466705,-1.1539074209187092,-0.445935493161169,-0.223972983375732,1.5759484065856784,0.20682165360027904,0.7876360888912444,-1.1506143662129507,-0.5698565224054355
2020-01-23,1.1043280015493384,0.8816936778932848,-1.1588381905529317,-1.222766425485217,-0.4795156780241438,-0.3143604707742741,1.6372350170662953,0.1889391926636122,0.8676414910098339,-1.679476217609636,-0.7106461970381617
2020-01-24,0.6767654001360266,0.9036131680630507,-1.5429553628553592,-1.314578431573894,-0.5553673897146278,-0.41170084181885713,1.720268982377034,0.6867543081490557,1.071328658156518,-2.34405871230944,-1.0535226674097966
2020-01-27,0.6767654001360266,0.9186832748423024,-1.5429553628553592,-1.5211554452734168,-0.5869722695856631,-0.6144932814950734,1.720268982377034,0.6867543081490557,0.9823204720773029,-3.4844195215243,-1.4382453193699478
2020-01-28,0.6767654001360266,0.9269029530023825,-1.5429553628553592,-1.4293434391847404,-0.5541822067194643,-0.6538929554893094,1.720268982377034,0.6867543081490557,0.8938961376614492,-3.0667894733618835,-1.6219609422313004
2020-01-29,0.6767654001360266,0.9227931139223424,-1.5429553628553592,-1.5441084467955861,-0.5506266577339727,-0.7129924664806638,1.720268982377034,0.7237519432487846,0.8938961376614492,-3.0549496242780187,-1.9311915924324112
2020-01-30,0.6767654001360266,0.9063537576021823,-1.5429553628553592,-1.612967451362094,-0.6193672714534741,-0.7744096053540319,1.720268982377034,0.4125886518252661,0.46545504357497175,-2.914908011688081,-1.8738902362615597
2020-01-31,0.6767654001360266,0.84059319663557,-1.5429553628553592,-1.7506854604951096,-0.6173919664615343,-0.7917918144691357,1.720268982377034,-0.0031361766174585496,0.17842710697160838,-2.445346343290457,-1.9483716406737142
2020-02-03,0.6767654001360266,0.8967637846725364,-1.5429553628553592,-1.6818264559286018,-0.7663299628537873,-0.8138092793482679,1.720268982377034,-0.0031361766174585496,0.08523459359593856,-1.3237470366466506,-2.040523074458525
2020-02-04,0.8236830918181912,0.9186832748423024,-1.470693460952492,-1.5211554452734168,-0.7702805728376667,-0.7326923034777812,1.5436571966191188,-0.8803115501226001,-0.12074543652933355,-0.5244484422231539,-1.9076719389554264
2020-02-05,0.9043929964343358,0.9611530056409258,-1.4957593081750498,-1.406390437662571,-0.7126016670730276,-0.656210583371323,1.5924234316252928,-0.638104948663882,0.09811122779101479,0.38840707369019034,-1.602535425199278
2020-02-06,1.0249803310670595,0.9926635139689948,-1.5065985934604795,-1.4293434391847404,-0.7197127650440105,-0.6144932814950734,1.6405300220742174,-0.39917459492783075,0.12274427437028375,1.098168229171241,-1.5489346320008985
2020-02-07,1.03572890130267,1.0173235936778922,-1.5896997806487765,-1.5670614483177554,-0.7453917299392265,-0.7060395828346219,1.6635950571296776,-0.2846177965077341,0.3348525126121882,0.5924236474596324,-2.1411637475391063
2020-02-10,1.0634745505183651,1.0378738343067497,-1.6240241840526386,-1.6359204528842632,-0.7904286837554515,-0.7118336525396565,1.7037939573374195,-0.08496246120324025,0.5399361567885171,0.7064161036813765,-2.237899514785803
2020-02-11,1.0937188628872134,1.022803727527498,-1.5183411525196953,-1.5670614483177554,-0.7663299628537873,-0.6353519324331982,1.6438250270821408,0.5029657662971623,0.22192163892419695,0.6652626568553125,-1.9564955165342233
2020-02-12,1.1598760597363058,1.068014047865253,-1.5199218816238207,-1.4982024437512476,-0.7054905691020448,-0.5936346305569477,1.6556873668884962,0.3149889655282487,0.3045393637743708,0.42361707741538596,-1.7054477499065726
2020-02-13,1.1211177840307913,1.0707535921757272,-1.5497299161587532,-1.5211554452734168,-0.6738856892310094,-0.5658230959727809,1.7064301222326745,0.3266993969980974,0.2676057113856675,0.32808146601701593,-1.6098967377703208
2020-02-14,1.141269965076364,1.0776040207948987,-1.4526279854767752,-1.5670614483177554,-0.633194406397052,-0.5971110723799686,1.7565140374641854,0.46089347720936685,0.43491132013706885,0.7406688005075729,-1.7422508006252129
2020-02-16,1.2771367791290806,1.1241835906735622,-1.3855599077731775,-1.6588734544064325,-0.6150216004712068,-0.5901581887339267,1.8705215325161506,0.8262620904239593,0.7236262704884574,0.8276929378564629,-1.6750966616101557
2020-02-17,1.2771367791290806,1.1241835906735622,-1.3855599077731775,-1.6588734544064325,-0.6150216004712068,-0.5600290262677463,1.8705215325161506,1.131136637550744,0.7236262704884574,0.5073595615316308,-1.2435599101717933
2020-02-18,1.2771367791290806,1.1241835906735622,-1.4451759768430423,-1.6588734544064325,-0.6339845283938278,-0.5866817469109068,1.8705215325161506,1.070549115359767,0.7425110008133999,0.05004379833704361,-1.131571012473768
2020-02-19,1.2536789592749675,1.1433635365328538,-1.4198843111770385,-1.6359204528842632,-0.5403550717758864,-0.5820464911468785,1.9199466076349931,1.0587471237773056,0.7081927979765734,-0.10330573611932474,-0.8422395353959135
2020-02-20,1.3742786329849923,1.1803541787105287,-1.4015930172578759,-1.7277324589729404,-0.5462809867517053,-0.623763793023129,1.979915537890273,1.1025732198244445,0.644863151113577,-0.17313081692681193,-0.6739165110409477
2020-02-21,1.4041614103889632,1.0967839666541905,-1.4889847548716557,-1.8654504681059558,-0.5846019035953354,-0.5774112353828512,2.164435818333952,1.4358420300786712,1.1059836719881588,0.08845592462444599,0.1444947616658327
2020-02-24,1.4056828186199941,1.1008938057342306,-1.568021210077917,-2.04907448028331,-0.6592684322906558,-0.6492576997252811,2.3476384185522963,2.3327856692445583,1.5638112789868714,-0.5851276851653157,0.03497223916526897
2020-02-25,1.4042724620846592,1.0570537801660413,-1.5454393657332703,-2.1638394878941556,-0.7153670940617433,-0.6515753276072958,2.1795931631482333,1.5100510424049731,1.143862233190381,-0.42637484390370045,0.23016707652504861
2020-02-26,1.2983131035905124,1.0611636192460814,-1.6012165212645462,-2.1638394878941556,-0.7284041070085451,-0.6677987227813923,2.134121933149981,1.0405548695365232,1.0302285599096714,-0.5642389244815434,0.389240370145563
2020-02-27,1.317249885522082,0.9844438358089147,-1.6624133194385367,-2.2326984924606634,-0.8378360035620043,-0.6724339785454205,2.134121933149981,0.7440921392170298,1.0302285599096714,-0.32080001311223805,0.43471630770290814
2020-02-28,1.086251253305544,0.9419730597816341,-1.7360301320020823,-2.622899518337541,-0.8726013714201427,-0.7454392568288578,1.633940012058373,-2.529961258585936,-0.21973782552627624,-1.108484155758008,0.2581183555859639
2020-03-02,1.2668496903844724,0.8364833575555299,-1.7242875729428668,-2.691758522904048,-0.8247989906152021,-0.6179697233180934,1.8197787771719711,-2.4756105377195303,0.6979624313144619,0.2135100662642537,0.4145792920233989
2020-03-03,1.3082102774924553,0.8077134387665924,-1.712996650770544,-2.8753825350814024,-0.8358606985700644,-0.6689575367223995,2.1479607932943408,-0.15359511650574165,1.4015902978360122,-0.11260943746051003,-0.024159688035386092
2020-03-04,1.3227197984889583,0.8337427680163984,-1.8819088464684954,-2.8753825350814024,-0.8508730165088062,-0.6388283742562192,2.1413707832784943,0.03148794593552917,1.257289513159725,0.1985860704808156,-0.06301109187612917
2020-03-05,1.435210230597739,0.7625031184288374,-1.8595528205672958,-3.104912550303095,-0.8733914934169187,-0.6689575367223995,2.308098358457225,0.8278619767966046,1.6154596135992243,0.027272425779607066,0.14643016207519316
2020-03-06,1.3589090783007132,0.6433125589643902,-1.9835271460194022,-3.5180665777021414,-1.0981812014996557,-0.6979278852475727,2.337094563415861,3.5184618883142376,1.581146006795576,0.327402270214629,0.06696313152536086
2020-03-09,1.1375398620087198,0.4994629650197026,-2.226281972724346,-3.977126608145526,-1.5039088468440691,-0.8138092793482679,2.361477278696656,2.661796422487494,1.8027181902686613,-1.3013445977944245,-0.5858305160767073
2020-03-10,1.27280082736603,0.7063335756205282,-2.0173999125363715,-3.472160574657803,-1.4944273828827583,-0.7883153726461147,2.2599909635637174,0.5312914556886047,1.5156113015472796,-0.7984094620733455,-0.6362741591595752
2020-03-11,1.195389158112047,0.7200333876302141,-2.028916653152141,-3.3344425655247876,-1.5386742147022074,-0.8335091163453863,2.143348108061082,0.0063021819894934945,1.0893243401210986,-1.2981370147587517,-0.8779480665217265
2020-03-12,1.0858934200638581,0.8515534643347815,-1.9611711201182025,-3.1967245563917723,-1.6741801371492706,-0.9018791388647952,1.8000087471244344,-2.3915773846676247,0.10431688350240417,-1.561763133561751,-1.0075249270406117
2020-03-13,1.0171079997499686,1.0269135666075382,-1.8753601116085483,-3.0590065472587566,-1.6255876343475542,-0.9215789758619137,1.3149833664025212,-4.795250499732761,-1.372519282629521,-1.50678763900233,-1.0960304401514336
2020-03-16,0.7751855824001685,0.9364929259320283,-1.8755859300519941,-3.5410195792243107,-1.7942786806592037,-1.0872893694259067,1.1186015505970681,-5.817417732295087,-1.856288674819407,-1.8801542394230992,-1.7462315989083816
2020-03-17,0.7618445720239293,1.1406239922223795,-1.7904523768726797,-2.8753825350814024,-1.794673741657592,-1.2703819721050047,1.375611941215051,-4.178740890215193,-1.2231661021117686,-3.3026498337743773,-2.280135951081407
2020-03-18,0.6665066912692085,1.357084575752851,-1.7902265584292327,-2.508134510726695,-1.9993153388225442,-1.6469965029322622,1.0619276253497114,-5.164133801120468,-2.1077927337727385,-5.6193840882771,-3.5595686748675526
2020-03-19,0.618033860005784,1.5762847035937968,-1.7534181521474594,-2.64585251985971,-1.9523030800143792,-1.567038341002782,1.0704941557035612,-3.5988207743006253,-2.2212753695822545,-4.648916851499052,-3.17268571080964
2020-03-20,0.702736690036052,1.5845043817538769,-1.862714278775546,-3.104912550303095,-1.8902785032674732,-1.599485131350977,1.1060803706780442,-1.0827910139335155,-2.54046174751067,-4.754440422591834,-3.412853561011096
2020-03-23,0.5161994550528661,1.539294061416122,-1.9756235004987763,-3.472160574657803,-1.961389482977302,-1.7640367109739636,1.6530512019932413,2.814407855890705,-1.6409810030185312,-4.8882664437774705,-3.769103900949349
2020-03-24,0.6418124958696843,1.4365439035004919,-1.9814947800283846,-3.288536562480449,-1.9317599080982066,-1.5797852943538586,2.26723981369223,4.5771832722311405,0.20576151524656805,-2.3091391810417927,-3.1363156070148674
2020-03-25,0.7785726591188863,1.3420144689735993,-1.9814947800283846,-3.1967245563917723,-1.8875130762787573,-1.5241622251855251,2.083379177805802,5.413161990873979,-0.1259512402876189,0.9915451372761536,-2.899986582339137
2020-03-26,0.7396663144857766,1.1187034568239564,-2.060305416791199,-3.311489564002618,-1.9692907029450608,-1.5844205501178867,2.200680873421106,5.984466970302654,0.1559633418990925,-0.13366530741855848,-3.0920138785466933
2020-03-27,0.7429361699701497,0.9748538628792689,-2.02643265027423,-3.56397258074648,-2.0151177787580616,-1.5983263174099698,2.02802293278378,4.863439348192206,0.9890710800471633,0.01312035721529391,-2.926480888572376
2020-03-30,0.6726490839489083,1.0858236989549788,-2.014690091215014,-3.6098785837908185,-2.141537298242202,-1.6249790380531302,2.015501752864757,1.8087598445516253,0.48047823439672155,1.1488712702390897,-3.385071403436063
2020-03-31,0.6887182643160693,1.068014047865253,-2.0695639729725035,-3.6098785837908185,-2.3129937715425672,-1.459268644489136,1.7611275271420268,-2.3911673258344086,-0.932498438070851,0.9600195262103581,-2.6753489343753167
2020-04-01,0.6755709774534331,1.1529535094624996,-2.148374609735318,-3.793502595968172,-2.308253039561912,-1.5821029222358731,1.7268589923928797,-1.7140874199896015,-0.9995402345728226,-0.450780874741683,-3.1807086460285365
2020-04-02,0.7765132671175965,1.222823909509152,-2.0797258029275945,-3.7705495944460035,-2.1000558934114686,-1.4824449233092756,2.039884468145553,-0.7664789198407456,-0.6383937477646167,0.8136657157380188,-2.7543682054298424
2020-04-03,0.7426449677458812,1.2776242027765528,-2.054659955705038,-3.793502595968172,-1.9384759450708016,-1.5438620621826435,2.09260454827232,0.3083961509233353,-0.580757857071449,0.43757896586602285,-2.8790754592348713
2020-04-06,0.8740117203074637,1.2926943095558043,-2.247283087964867,-3.6787375883573263,-2.007611619788691,-1.4847625511912892,2.2975545033207854,1.359039097725962,-0.1544619542820243,1.1263501417235882,-2.325350691656748
2020-04-07,0.8740117203074637,1.1954242854897803,-2.247283087964867,-3.495113576179972,-2.026574547711312,-1.354975389798511,2.2975545033207854,2.6506960653808833,0.08523855335837263,0.8120331050718265,-1.9522732465615935
2020-04-08,0.8576204900227851,1.214604231349072,-2.3123187996774472,-3.4492075731356335,-1.903315516214275,-1.379310482559657,2.3015083484413785,2.8491585722355732,0.3757872009057323,1.6134995881242031,-1.8945030476784486
2020-04-09,0.8830488605216302,1.1324032688336423,-2.2215397854119705,-3.5410195792243107,-2.1004509544098564,-1.375834040736637,2.7680805748965094,3.5056868436715343,2.3968157872989315,0.8337096486694731,-1.6624193552002142
2020-04-10,0.7979104610626894,1.1091134838943106,-2.181569920921948,-3.472160574657803,-2.040796743653278,-1.3711987849726086,2.824755304588447,3.5074668498437056,3.92204474017435,1.36405814582011,-1.5815798343591876
2020-04-13,0.7979104610626894,1.1091134838943106,-2.123986217843101,-3.472160574657803,-2.040796743653278,-1.2726995999870183,2.824755304588447,2.4775252028747543,4.521699393633368,1.6552518890098213,-0.6606382597071366
2020-04-14,0.9065807148395402,1.0460935124668298,-2.1391160535540132,-3.472160574657803,-2.040796743653278,-1.2136000889956637,2.903175780221346,2.8465205549231207,3.9443453267516406,1.0777227452262954,0.234520779077541
2020-04-15,0.8716056002340588,1.1241835906735622,-2.1698273618627315,-3.7705495944460035,-2.117438577340538,-1.2923994369841367,2.708770484753898,1.9124821002164982,4.389802962925322,0.667091637291431,1.4653931187076823
2020-04-16,0.8926067097978364,1.2022736688802946,-2.2102488632396478,-3.8164555974903416,-2.1612903481615993,-1.297034692748164,2.6639588993128944,-0.4729165971713161,4.243651656637551,0.6047952082856668,1.1030051468274407
2020-04-17,0.9428650055465008,1.1680236162417514,-2.139341871997459,-3.724643591401665,-2.1194138823324775,-1.1765180428834416,2.458350104151758,-1.6481496824679325,3.587588414483963,1.4871701179993289,1.727947635581347
2020-04-20,0.9756524017467793,1.1926836959506488,-2.064821785660128,-3.7705495944460035,-2.213833460947195,-1.2367763678158032,2.5400663892371615,-1.2812760888256847,2.2271009273305693,0.2725610024675173,2.221280236972255
2020-04-21,0.9158930164774871,1.2337841772083638,-2.0939523648647214,-3.885314602056849,-2.539363723618856,-1.4198689704949001,2.3858599939774554,-2.3099452226183987,0.27761497645157857,-1.521970286665497,0.6627331776300716
2020-04-22,0.9596325776888154,1.2515938282980896,-2.1445356961967277,-3.7705495944460035,-2.355660359368465,-1.2981935066891714,2.718655499777664,0.04169583439516779,1.529980571405392,-0.03960294322167047,0.9186350226161212
2020-04-23,0.9404453124880668,1.2570739621476954,-2.2213139669685247,-3.8164555974903416,-2.304697490576421,-1.268064344222991,2.7489701894062195,0.3839437681983957,1.3056544536232433,0.2215486069988892,1.293437491126523
2020-04-24,0.8850996151688101,1.250223533528524,-2.249992909286225,-3.8394085990125104,-2.2726975497069977,-1.2147589029366712,2.684387769473098,1.0450857895124426,1.5891005927992417,-0.27707078971361465,1.5684206727668468
2020-04-26,0.9107550246899679,1.2036439636498604,-2.226281972724346,-3.6787375883573263,-2.3003518195941535,-1.1915826241165317,2.607943814178205,0.3093432227251652,1.435634428562436,0.3396447827765018,1.7789953544831982
2020-04-27,0.9107550246899679,1.2036439636498604,-2.1946673906418424,-3.6787375883573263,-2.3003518195941535,-1.1915826241165317,2.607943814178205,1.0335008547522802,2.103927724171287,1.7594532628428927,1.071316877978585
2020-04-28,0.9330270592155959,1.1803541787105287,-2.21521686899547,-3.793502595968172,-2.283364196663472,-1.1904238101755253,2.5987176392671043,-0.5466244543129952,2.1734150099061,0.8137536773815658,1.5961014058090133
2020-04-29,0.9501882479237652,1.1392536974528138,-2.2705423876398525,-3.7705495944460035,-2.194080411027798,-1.138277182830213,2.5519287290435155,-0.8936432469410335,1.237435940542611,0.9737313940149959,1.3780071638880285
2020-04-30,1.032808241705874,1.0639031635565557,-2.1867637451212167,-3.7475965929238333,-2.1842038860680995,-1.199694321703581,2.425400054072529,-1.1802579161651554,0.798901776113752,0.11535395728424963,1.3944080622326271
2020-05-01,1.0906118832231941,1.0337639952267097,-2.0898876328826845,-3.7475965929238333,-2.169191568129358,-1.2738584139280256,2.425400054072529,-0.8384354383189349,0.29867814954647837,-0.6022761294144505,0.8522477935689866
2020-05-04,1.0906118832231941,1.1269241802126937,-2.0898876328826845,-3.7475965929238333,-2.0937349174372617,-1.2726995999870183,2.425400054072529,-0.8384354383189349,0.29867814954647837,-0.5937385666718882,0.3361927824541893
2020-05-05,1.0906118832231941,1.1584336433121054,-2.0898876328826845,-3.7016905898794947,-1.8938340522529644,-1.2263470423467404,2.425400054072529,-0.7968666504166139,0.289211642649264,-0.2607172601624198,0.6112617965802254
2020-05-06,1.0906118832231941,1.2104933470403747,-2.0898876328826845,-3.56397258074648,-1.9436117380498448,-1.192741438057539,2.425400054072529,-0.5850059730909105,-0.781940906815153,-0.3934813076998531,0.7274097151729424
2020-05-07,1.0752460302621043,1.183093723021003,-1.9794624140373662,-3.7705495944460035,-1.9424265550546809,-1.1151009040100734,2.6731850742239947,1.1493478127074002,-0.34639306666214087,0.628063514422369,1.0089210975166285
2020-05-08,1.1297390973399644,1.1611742328512369,-2.000011892390994,-3.6328315853129878,-1.8910686252642488,-1.056001393018719,2.594763794146514,0.7845990895747007,-0.523544781624031,1.6335978171646197,0.8412666147926405
2020-05-09,1.125459905332492,1.231043587669232,-1.9564289328058269,-3.5410195792243107,-1.8910686252642488,-1.116259717951081,2.49854980880408,0.33709391921165444,-0.9118479560055877,1.1739061129404342,0.38444758179937705
2020-05-11,1.125459905332492,1.231043587669232,-1.8891350366587822,-3.5410195792243107,-1.8910686252642488,-1.116259717951081,2.49854980880408,0.33709391921165444,-0.48372200105176166,0.8201751601948558,0.689870553035705
2020-05-12,1.1367057403832719,1.1885738568706088,-1.9105877887861962,-3.6328315853129878,-1.8460316714480238,-1.1649299034733722,2.5585187390593624,0.6160180928114318,-0.2455645344950983,0.20883598291952143,0.5226419754008917
2020-05-13,1.151411452708836,1.231043587669232,-1.8037756650360208,-3.7475965929238333,-1.7978342296446954,-1.1950590659395526,2.621123834209896,-0.2399926703098806,0.37580501882407236,-0.5770346395668756,-0.0498883366746585
2020-05-14,1.0956055078063083,1.2625540959973012,-1.8234218696158622,-3.7705495944460035,-1.7196121519638834,-1.1950590659395526,2.7806017548155295,0.8482316147987,0.5531585537287863,-0.9957066080173598,0.17641175324107644
2020-05-15,1.087086608838722,1.2529641230676554,-1.8615851865583142,-3.7475965929238333,-1.676945564137986,-1.2309822981107688,2.881429229835802,1.7660313273148014,1.1599058348927749,-0.8297860340531111,0.7559935189661852
2020-05-18,1.0867176704274666,1.1529535094624996,-1.7638058005459973,-3.5410195792243107,-1.5841062295168207,-1.0606366487827474,2.7390851743824505,1.1083034280001636,0.04258024220175606,0.40809778742146813,0.9247024472711345
2020-05-19,1.148292133967519,1.1118540734334421,-1.7595152501205147,-3.6098785837908185,-1.593587693478131,-1.0281898584345524,2.820800655023274,1.2023169268256833,0.15934010615673264,1.0064120493441466,0.9284009710729894
2020-05-20,1.1147643931292692,1.0776040207948987,-1.8435197110825974,-3.6557845868351566,-1.5264273237521815,-0.9308494873899693,2.8629768800136013,1.1022641275552758,0.40441445639661694,1.9516997369443339,1.0847175814973715
2020-05-21,1.0751831009678783,1.1118540734334421,-1.8548106332549201,-3.6557845868351566,-1.5256372017554056,-0.9957430680863584,2.664617739425563,-0.5258655324085152,0.1264857235468373,1.4732905305773503,0.7510613026740999
2020-05-22,0.9484472041168035,1.178983883940963,-2.0070122641378343,-3.7016905898794947,-1.5643531795974237,-1.1011951367179906,2.7575367197600693,-0.5566360772450771,0.3404213611909458,0.9670729734617582,0.3569865597024471
2020-05-24,1.0288585030622983,1.0488341020059613,-1.8543589963680274,-3.6328315853129878,-1.5584272646216044,-1.076860043956845,2.561154903954616,-0.8079688425585895,-0.09055451271983611,-0.1128258966287177,0.44350602105156534
2020-05-25,1.0288585030622983,1.0488341020059613,-1.8543589963680274,-3.6328315853129878,-1.5584272646216044,-1.056001393018719,2.561154903954616,-1.1692433143495349,0.017348544606479856,-0.19503650509625237,0.3236899106310024
2020-05-26,1.0288585030622983,1.0488341020059613,-1.730158852472474,-3.6328315853129878,-1.5584272646216044,-1.027031044493546,2.561154903954616,-1.353707249871924,0.31370146293877055,-0.672320584720027,0.6654149295538072
2020-05-27,0.9827374999321625,1.0693832974061614,-1.7019315470416672,-3.6557845868351566,-1.606624706424933,-1.1116244621870526,2.5973999590417676,-0.3091795596713996,0.3985241863706467,-0.8202016310314852,0.6347861025990333
2020-05-28,0.986288686378963,0.9762231124201775,-1.775548359605213,-3.6098785837908185,-1.5572420816264407,-1.020078160847504,2.6171699890893056,-0.6370326744960911,0.44479112642440094,0.5917538035898267,0.9775436767844641
2020-05-29,1.0110778926736943,0.9707429785705716,-1.8089694892352894,-3.724643591401665,-1.5505260446538458,-0.9899489983813238,2.772694064574348,0.9688740433414984,0.8087573449926004,0.6309849597929253,0.9083096710136936
2020-06-01,1.1646019263420209,0.9008736237525764,-1.7638058005459973,-3.7016905898794947,-1.4482052460713695,-0.8891321855137188,2.7786252344775266,0.9961274263336323,0.8226378035300503,1.203407745296944,1.1540387394509792
2020-06-02,1.1756305936323297,0.8789530883541533,-1.6285405529215673,-3.6557845868351566,-1.4094892682293516,-0.8416208139324345,2.6955904647222044,0.6145874571966572,0.04728961700155087,1.3297988534675813,1.027036688396861
2020-06-03,1.178289664790376,0.8255230898563183,-1.6174754491926915,-3.4492075731356335,-1.3992176822712652,-0.8497325115194828,2.515024833843696,-0.38042790429324747,-0.18780454058962415,1.905434003151202,0.7712936621862375
2020-06-04,1.1799566741335399,0.7433231725695458,-1.5271480718141077,-3.3344425655247876,-1.3822300593405838,-0.8462560696964618,2.6540738842891227,0.16559381488666552,0.3575834256809535,1.2453895990938157,1.0144343466222472
2020-06-05,1.2091533988396588,0.7789435199776549,-1.487855662654423,-3.127865551825264,-1.2799092607581077,-0.6921338155425381,2.372679973945762,-1.8072086169181367,-0.2966386863664468,2.11963353810547,1.5825248030990784
2020-06-08,1.2277668969459805,0.7351034944094658,-1.5723117605033996,-3.1967245563917723,-1.3328474345420915,-0.6666399088403859,2.5183198388516206,-1.1765112791309622,-0.09696047375807273,1.556776329474669,1.8722419369012497
2020-06-09,1.2651111143929714,0.6940030131517508,-1.588119051544651,-3.288536562480449,-1.3016376156694442,-0.5901581887339267,2.626395359555826,-0.31732406553754167,0.008123240616345504,1.744574632704037,2.2811702092010124
2020-06-10,1.264538581206273,0.644682853733956,-1.5497299161587532,-3.495113576179972,-1.2727981627871248,-0.45457695763611405,2.6171699890893056,0.4681500359625005,-0.37461113572113386,2.7430882728073285,2.7881616920979555
2020-06-11,1.217129378406067,0.7501736011887173,-1.6626391378819836,-3.7016905898794947,-1.4079090242357999,-0.6168109093770872,2.7404028546077877,0.3902865525916816,-0.3210122323505822,1.5934369300762514,2.331111013654515
2020-06-12,1.2274300401357041,0.831003223705924,-1.7190937487435982,-3.586925582268649,-1.3770942663615406,-0.5820464911468785,2.722610149342837,1.632207644602176,-0.041495740826913326,0.7467637129878449,1.7656672220368284
2020-06-15,1.1649498883218679,0.7433231725695458,-1.62266927339196,-3.586925582268649,-1.3415387765066262,-0.656210583371323,2.6633000592002234,0.6655892508194741,-0.3599120249370586,0.07396749851767584,1.3687661821131492
2020-06-16,1.2630023660824836,0.7816830642881292,-1.5043404090260153,-3.495113576179972,-1.289785785717806,-0.659687025194344,2.7245866696808427,0.4454422907863186,-0.3155839863479673,-0.457373352786121,0.9862017198653755
2020-06-17,1.2733696588295387,0.8090837335361581,-1.4140130316474313,-3.5180665777021414,-1.3008474936726684,-0.6040639560260106,2.7219505047855868,0.4759356240015389,0.1273428118124143,-0.9660618220093665,1.4320578289595227
2020-06-18,1.3002935254970855,0.84470303571561,-1.4761131035952073,-3.586925582268649,-1.2502796858790122,-0.6029051420850032,2.6929551042715327,-0.21773198844214683,-0.15074583171381697,0.09655240976423562,1.8508891493342208
2020-06-19,1.3715529308095291,0.872103704963639,-1.425303953819754,-3.6098785837908185,-1.227366147972512,-0.5577113983857327,2.8320041547169597,0.49240149268284733,0.6221977421887638,0.1651168353825368,1.919204658763955
2020-06-22,1.371990968053661,0.7926433319873407,-1.334750757997724,-3.586925582268649,-1.192995841112761,-0.47311798069222516,2.903175780221346,1.0891478813348539,0.786744956524609,1.231978748142015,2.144483394887152
2020-06-23,1.4048869481341748,0.7446934673391116,-1.3406220375273314,-3.56397258074648,-1.2119587690353824,-0.458053399459135,3.0046620953542846,1.2653415268251116,1.0213790586683824,1.3571293063472227,2.083058590056575
2020-06-24,1.424788645910566,0.8077134387665924,-1.456466899015365,-3.6328315853129878,-1.303612920661384,-0.48122967827927443,2.9631455149212056,1.0895025968485796,0.8388766130864194,0.8206706888386328,2.3408753354996676
2020-06-25,1.3874678727104452,0.8460733304851757,-1.5038887721391223,-3.6557845868351566,-1.2727981627871248,-0.43835356246201757,3.0224556050638194,1.493343512619036,0.9283629395065194,1.097857326333151,2.1266813735743844
2020-06-26,1.3874678727104452,0.8556633034148216,-1.5038887721391223,-3.7475965929238333,-1.2810944437532716,-0.4406711903440312,3.0224556050638194,0.8513763171051016,0.5627715904928202,0.7762047445572785,1.9985070587920983
2020-06-28,1.3874678727104452,0.8611434372644273,-1.5038887721391223,-3.7475965929238333,-1.2569957228516073,-0.39200100482173966,3.0224556050638194,0.528755148311688,0.5490257193241954,0.5318061583914877,1.7791520083738372
2020-06-29,1.3874678727104452,0.8611434372644273,-1.481306927794476,-3.7475965929238333,-1.2569957228516073,-0.39200100482173966,3.0224556050638194,0.07551892630417131,0.7427692786966527,0.4327158728580378,1.5978921140518731
2020-06-30,1.4637060957132444,0.84059319663557,-1.543181181298806,-3.7016905898794947,-1.2546253568612795,-0.3085664010692395,3.142393465574377,0.7920451597056412,1.4524428479577822,1.1290782225137381,1.9219906720242637
2020-07-01,1.5447935760947544,0.8145628221571067,-1.4921462130799057,-3.6328315853129878,-1.2332920629483308,-0.29581944771816293,3.0119109454828,-0.04967727573154401,0.8165252669717427,0.9263069937614531,1.9534236622402272
2020-07-02,1.6384656814140417,0.831003223705924,-1.4632414523187591,-3.6557845868351566,-1.193390902111149,-0.26221384342896165,3.0830833754317655,0.26445739035171056,1.6664611730858838,1.1592181675781863,1.4907347950263246
2020-07-03,2.0338640100307006,0.7583932793487974,-1.3751722593746394,-3.6328315853129878,-1.2040575490676233,-0.3769364235886495,3.1127384205030726,0.3953462427885151,1.3755427039997958,0.10065779689360636,1.0065653590466241
2020-07-06,2.0338640100307006,0.7583932793487974,-1.1527410925798776,-3.6328315853129878,-1.2115637080369943,-0.20195551849659987,3.1127384205030726,0.3953462427885151,1.1139227757628485,1.2246433899343319,1.3255192132214233
2020-07-07,2.115119301863483,0.7707227965889176,-1.1078032223340315,-3.724643591401665,-1.1898353531256576,-0.1498088911512874,3.216201255974019,0.31932350289488,1.374076280921345,1.0102108581927596,1.0222519471568454
2020-07-08,2.2200421778644697,0.7090731199310025,-1.0007652801404092,-3.6787375883573263,-1.174427974188528,-0.08723293833691304,3.290668690930907,1.2283307039964662,1.2482235462326645,1.3234033113602726,1.8091461604513857
2020-07-09,2.338978543954519,0.7460627168800201,-0.9607954156503858,-3.793502595968172,-1.226576025975736,-0.05362733404771171,3.1832512058947873,0.43669592240206684,1.045903814086536,1.316442084855716,1.7949669233323742
2020-07-10,2.2491056405357526,0.7392133334895058,-1.074607911147402,-3.724643591401665,-1.1902304141240454,0.08311271099110827,3.176661195878943,0.27683942200353046,1.1721859745174985,2.9518884650440667,2.5345462125019935
2020-07-13,2.424619143859551,0.7131829590110426,-1.0177016633988945,-3.7475965929238333,-1.206822976056339,0.21637631420690728,3.2610136458596,0.6462950274526654,1.2184247806467159,2.6116169749831943,3.0015003665971687
2020-07-14,2.3497801722225167,0.6857833349916708,-1.130610885122124,-3.7705495944460035,-1.2020822440756838,0.1642296868615948,3.2583774809643464,0.17998414491801915,1.21870757017349,1.945743751242726,2.610498010057145
2020-07-15,2.248981015855029,0.6611232552827733,-1.2430684699584604,-3.7475965929238333,-1.1629712052352779,0.05414236246593422,3.263649810754856,-0.11971632283108596,1.3001342104620772,0.8697248485564327,2.234862703452298
2020-07-16,1.917041327882058,0.6981128522317909,-1.265650314303107,-3.793502595968172,-1.1728477301949762,0.09238322251916385,3.179956200886868,-0.01748215433595607,0.7815200763570246,0.8935448664586821,2.1951067942661404
2020-07-17,1.9695539730533447,0.6419433094234817,-1.254811029017677,-3.7475965929238333,-1.1799588281659592,0.09933610616520579,3.2432209405946497,0.28681653171261945,0.7589503550356232,0.10072844378333488,1.9089239697335305
2020-07-20,2.158202424162478,0.62687320264423,-1.2990714439331834,-3.793502595968172,-1.189045231128882,0.12483001286735887,3.2933048558261606,0.13653904587892118,0.6379922014663123,-0.5319170780817236,1.9386571944118365
2020-07-21,2.1873534942825885,0.5296031785782059,-1.3668169769671208,-3.8164555974903416,-1.1491440702917,0.22332919785294922,3.4679401212460754,0.9035246563030815,1.1227573413235765,0.3524461042318385,2.3480794092123416
2020-07-22,2.2274579633214797,0.5090529379493485,-1.4006897434840901,-3.8394085990125104,-1.162181083238502,0.14568866380548368,3.6109430168120933,1.4987444730363373,1.3029077829882345,0.5526992670801639,1.9363561702178729
2020-07-23,2.233481900859105,0.47069304623076513,-1.3548485994644583,-3.86236160053468,-1.2024773050740716,0.17813545415367765,3.7756932672082364,2.5913383031991297,1.6687836377117655,0.5150411654154834,2.0512324661551955
2020-07-24,1.9248248178425933,0.43644299359222183,-1.4569185359022578,-3.86236160053468,-1.1894402921272698,0.07152457158103906,3.829731832004923,2.5375971889951074,1.7887919899630011,-0.16171643408873418,1.5294521040214872
2020-07-27,1.9572716555094054,0.33095224613746044,-1.4164970345253416,-3.793502595968172,-1.1854896821433902,0.08311271099110827,4.05181484776109,3.268936002870117,2.281991927529036,-0.2435828249666502,1.567208201407428
2020-07-28,2.011654904799298,0.3432828086062377,-1.320975832947489,-3.86236160053468,-1.1965513900982525,0.12946526863138616,4.142097663200343,2.863225379120006,2.1935986741902966,-0.5449246620459415,1.4275583810596504
2020-07-29,2.1754981088132124,0.2747827033291511,-1.275586325814751,-3.885314602056849,-1.180748950162735,0.1329417104544071,4.20009007311762,2.4726208191364014,2.6370787846822297,-0.0714934160740299,1.3949788054495822
2020-07-30,2.143887860587308,0.2419019002315164,-1.2871030664305207,-3.954173606623357,-1.201687183077296,0.13989459410044905,4.12628228271798,1.4506377183249557,2.30077974700129,-0.22118443137441082,1.302651082785827
2020-07-31,2.2069319082337326,0.30629216642856294,-1.2193575333965823,-3.954173606623357,-1.1957612681014766,0.03560133940982307,4.261377488042816,1.779016307848101,2.527347621078341,-0.21090598875766256,1.360088239237648
2020-08-03,2.3316960205323443,0.3076624611981287,-1.2640695851989814,-3.9312206051011875,-1.1708724252030367,0.1364181522774281,4.282465198315692,0.9325395192633199,2.573820286319411,0.3220715717284961,1.089102651755627
2020-08-04,2.315380058619192,0.2912220596493113,-1.2868772479870738,-4.023032611189865,-1.161786022240114,0.09585966434218482,4.514433229095628,1.4966709841974195,2.832121152571425,-0.1953262878397662,0.7897322682502589
2020-08-05,2.337800162072415,0.21587257098171037,-1.2356164613247276,-3.954173606623357,-1.1250453493900356,0.14684747774648996,4.711474689458332,2.0474959041693284,3.080577383074939,0.0862831317334623,0.7463673809192999
2020-08-06,2.3101137404277585,0.21039243713210456,-1.1850331299927213,-3.954173606623357,-1.1203046174093805,0.1329417104544071,4.845911054670502,2.899186541880622,3.6383452834823276,-0.03726303206056293,0.5958150448028315
2020-08-07,2.2387136696341,0.2994427830380486,-1.161999648761182,-3.9082676035790187,-1.1586255342530105,-0.13822075174121817,4.573084479125574,1.2408741526853888,3.0568090822625154,-1.0410480974330198,-0.650912026529957
2020-08-10,2.2512267279235405,0.3186227288973403,-1.2466815650536045,-3.86236160053468,-1.1538848022723553,0.020536758176732887,4.667321944129999,1.5303119647258339,3.056689196700094,-0.6823590818373431,-0.5621877773304116
2020-08-11,2.175987970182003,0.3254721122878546,-1.2464557466101576,-3.7475965929238333,-1.1740329131901401,0.05182473458392058,4.062358702897527,-1.7727278080541222,1.7461713438430868,-0.2584561552128565,-0.3170528091323696
2020-08-12,2.116501278521029,0.2994427830380486,-1.2292935449082265,-3.6328315853129878,-1.1183293124174405,0.08658915281412924,4.0775160477118035,-2.448160190634382,1.7669073305341825,-0.3524101264821851,0.11787136913592323
2020-08-13,2.101244009440176,0.28574192579970553,-1.2439717437322473,-3.586925582268649,-1.1270206543819754,-0.1057739613930242,4.221177783390495,-2.3886207809036195,2.277610962584904,-1.4105104350081752,-0.5799152781709235
2020-08-14,2.188758915187003,0.25286216793072797,-1.285973974213288,-3.586925582268649,-1.1274157153803632,0.014742688471698283,4.0913549078561635,-1.880459829149282,1.8446348344486923,0.9480501996960065,-0.23629378251440158
2020-08-17,2.321073308885189,0.21861211529218466,-1.2742314151540726,-3.6328315853129878,-1.1254404103884237,0.10976543163426766,4.4076753886167594,-1.007843887419221,2.4147714732422094,0.5415074417289536,-0.026120475989985868
2020-08-18,2.3280572266367163,0.13915174231588648,-1.1951949599478113,-3.6787375883573263,-1.1084527874577421,0.2754758251982617,4.502571693733856,1.7811905822871794,2.2093951512988683,1.34511558531594,0.1738607829423744
2020-08-19,2.2084076618787543,0.22409224914179046,-1.161322193430842,-3.6557845868351566,-1.1135885804367853,0.3855631495939213,4.234357803422186,0.6318388847786212,1.3141507962304049,1.7875464178720841,0.7387591228533447
2020-08-20,2.1324951905166625,0.21039243713210456,-1.1495796343716265,-3.724643591401665,-1.1392675453320014,0.276634639139268,4.070267197583291,-0.6072920117693359,0.6106058347644534,2.352554325872929,0.31326826772936145
2020-08-21,2.1858185130665277,0.2734124085595854,-1.1834524008885956,-3.7475965929238333,-1.1637613272320537,0.14452984986447634,4.075538722929219,-0.06709870417948857,0.5066406581233656,0.7865602800750677,0.24062471366024513
2020-08-24,2.251178605522073,0.28026283717875694,-1.143934173285465,-3.724643591401665,-1.1444033383110448,0.1642296868615948,4.030067492930967,-1.4933001488562476,-0.04838930163734738,0.3277033523934424,0.2648020120287602
2020-08-25,2.251023133148098,0.2419019002315164,-1.0477355163772728,-3.6328315853129878,-1.0819837005657504,0.1850883377997196,3.9252869772346854,-2.264882381884871,-0.44342512058247546,-0.5206085627069307,0.18646092584726395
2020-08-26,2.1631577976059644,0.24053265069060784,-1.0280893117974315,-3.6328315853129878,-1.0906750425302851,0.24766429061409498,4.115737623136963,-0.477535620099147,-0.17419257686490344,-0.7837543186956587,0.3639896724054989
2020-08-27,2.2108137819521607,0.24053265069060784,-1.0082172887741432,-3.5180665777021414,-1.128205837377139,0.2638876857881915,3.9898685927232247,-0.32881569666462296,-0.28082050770337036,-0.07006463055304618,0.3914682108647174
2020-08-28,2.3500479301999166,0.15285259955422956,-0.9917325424025509,-3.5180665777021414,-1.1131935194383975,0.348481103481699,4.273239023404591,0.7973791568794285,0.019819215274528186,1.2102449370433466,0.9732484900278842
2020-08-31,2.3171507162116733,0.12134209122616055,-1.1035126719085486,-3.56397258074648,-1.0934404695190005,0.44929791634930294,4.293009053452127,1.0653608140239363,0.017138745811517666,1.685157464825589,0.959038336888758
2020-09-01,2.360892745238463,0.1487417152455323,-1.0355413204311643,-3.6557845868351566,-1.0934404695190005,0.37281619624284473,4.296962898572717,1.5197781137343633,-0.4323179976463095,1.1076788325083762,0.856146956037653
2020-09-02,2.371284716140116,0.21861211529218466,-0.911566994979058,-3.7016905898794947,-1.212748891032158,0.35543398712774094,4.074221042703882,-0.17071405346973112,-1.2406249973958716,0.6317834828949423,0.6447976991170825
2020-09-03,2.32692203152516,0.20354200851293303,-0.9061473523363426,-3.7705495944460035,-1.2119587690353824,0.24998191849610862,4.029408652818298,0.15805001866931,-1.5727110669107718,-0.07693698260997467,0.37095495450290245
2020-09-04,2.267142903732189,0.20080246420245873,-0.8661774878463201,-3.56397258074648,-1.2759586507742282,0.4504567302903103,4.005025937537501,-1.0725833382298775,-1.1178646395323373,0.5894451783478477,1.8622636134202457
2020-09-06,2.162581562696077,0.3049229168876544,-0.8151425196274198,-3.6328315853129878,-1.2929462737049096,0.4933328461075672,4.064994867792781,-0.9109118955965343,-1.176716510096363,0.2531440684590384,1.4641335951837997
2020-09-07,2.162581562696077,0.3049229168876544,-0.8151425196274198,-3.6328315853129878,-1.2929462737049096,0.4822082322739007,4.064994867792781,-0.9263715216824121,0.001376653895589557,0.6298488249772302,1.3283583378281436
2020-09-08,2.162581562696077,0.3049229168876544,-0.8657258509594262,-3.6328315853129878,-1.3774893273599285,0.36702212653781013,4.064994867792781,-0.04049807185846554,-0.0295057844717256,0.07036488347700096,0.8678217551591811
2020-09-09,1.9932536388225275,0.2747827033291511,-0.9616986894241726,-3.586925582268649,-1.3202054825936775,0.42728045147017085,4.142097663200343,0.45481392159185113,-0.16329397962331435,1.0365276551906144,1.679819516018404
2020-09-10,1.9614027785892831,0.28574192579970553,-0.9553757730076714,-3.6557845868351566,-1.348254813479221,0.30328735978242843,4.204702758350879,0.8098790077928918,0.22664356112980708,-0.8290034562196094,0.9018063522623871
2020-09-11,2.0401162204983656,0.284372676258797,-0.8395309115196378,-3.6787375883573263,-1.3668226804034542,0.4041041726500324,4.096627237646674,0.12505359667551572,-0.6216237662334383,-0.4980537176877366,0.9068399109475018
2020-09-14,2.0894700618809754,0.24875232885068793,-0.7975286810385959,-3.6557845868351566,-1.3759090833663767,0.4713153812284351,4.197453908222363,0.533652386544352,-0.605484875481371,-0.05748133752901677,0.5956299963298289
2020-09-15,2.1457954819378138,0.2460127845402136,-0.8989211621460567,-3.6557845868351566,-1.3375881665227467,0.4620448697003795,4.218542422939821,0.6191133220734536,-0.035824728839718156,0.5480756399196075,0.24078836994348363
2020-09-16,2.0955359522814185,0.2679322747099796,-0.8589512976560332,-3.6328315853129878,-1.2708228577951852,0.4562507999953449,4.244242818445953,0.40831534537600306,0.3505963790313373,0.16838465769536995,0.5477904055917675
2020-09-17,2.077705985583616,0.23505251684100203,-0.842240732840995,-3.6328315853129878,-1.226576025975736,0.4794270788154833,4.111124937903702,-0.37824513073955374,0.06850192315038016,1.0218935447059134,1.023970399047803
2020-09-18,2.200713013274775,0.22957238299139623,-0.8810815051137858,-3.6098785837908185,-1.234082184945107,0.5848791474471157,4.190863898206519,0.37781071026159324,0.3247716767116028,1.0337132403115767,1.2775870686973256
2020-09-21,2.143713879597385,0.3131425950477345,-0.9178899113955592,-3.6557845868351566,-1.304798103656548,0.3936748471809695,3.8554322275110544,-1.3749104882415433,-0.14801564079341767,-0.4342198474681177,0.6412885280840034
2020-09-22,2.0605398612445267,0.37479227170564955,-0.9486012197042774,-3.6557845868351566,-1.2862302367323146,0.4597272418183659,3.8382983623587728,-1.525717425298271,-0.5674642799448804,-0.009204194972428805,0.6459040979128706
2020-09-23,2.0946055858530355,0.42959256497305026,-0.9425041217312231,-3.6557845868351566,-1.276353711772616,0.30328735978242843,3.5832652965233738,-2.6445705198497444,-0.83799769810072,-0.8610869634901589,0.13536959104720528
2020-09-24,1.9549198273761168,0.4241124311234445,-0.9537950439035459,-3.6787375883573263,-1.270427796796797,0.2453466627320803,3.638621541545395,-1.9110410101508384,-1.277194907502806,-1.3154735431816098,-0.28117651939871985
2020-09-25,1.9546199877977382,0.4556229394515135,-0.8510476521354065,-3.7016905898794947,-1.2834648097435992,0.2546171742601359,3.568766791821766,-2.4995100511088504,-1.454788362983184,-1.8303897249096224,-0.5397377279749696
2020-09-27,1.953424331207415,0.41178291388332433,-0.8444989172754593,-3.6787375883573263,-1.256600661853219,0.29285803431336555,3.6682765866166993,-0.7742680077304389,-1.2629885565453969,-0.57128574827668,-0.21286531209777282
2020-09-28,1.953424331207415,0.41178291388332433,-0.8968887961550382,-3.6787375883573263,-1.256600661853219,0.29285803431336555,3.6682765866166993,-0.7046311774425611,-0.8311366524244757,-0.9392587529590259,-0.16286634463099225
2020-09-29,1.987139626020617,0.36109245969596365,-0.8517251074657463,-3.7016905898794947,-1.3063783476500996,0.29749329007739383,3.8099618019573827,0.9516557298609408,-0.45271361514364766,-0.029596106251840833,0.15956820119804843
2020-09-30,1.988269885501253,0.36109245969596365,-0.8088196032109186,-3.6328315853129878,-1.3075635306452635,0.3959924750629842,3.7651494120718016,0.5273732158956833,-0.49543047111717803,0.8818860097928507,-0.1371379868986736
2020-10-01,2.1481830933952692,0.3364323799870662,-0.720524591823353,-3.6557845868351566,-1.3292918855566,0.008948618766663677,3.976029732578865,1.7141901464937668,-0.1854029582998765,-1.4259893194309872,-1.362908107710359
2020-10-02,2.1481830933952692,0.35424203107679214,-0.720524591823353,-3.6098785837908185,-1.3984275602744893,0.2685229415522198,3.976029732578865,1.2841188392239642,-0.1854029582998765,-0.13696610216970312,-0.5914634884492701
2020-10-05,2.1481830933952692,0.3090327559676944,-0.720524591823353,-3.4262545716134643,-1.3281067025614361,0.23491733726301844,3.976029732578865,1.2841188392239642,-0.1854029582998765,-0.331482811542743,-0.3645350136719773
2020-10-06,2.1481830933952692,0.3528727815358836,-0.720524591823353,-3.472160574657803,-1.2692426138016333,0.23607615120402475,3.976029732578865,0.6836009185268425,-0.3405812196854611,-0.35136743975036555,-0.5314686861935575
2020-10-07,2.1481830933952692,0.3254721122878546,-0.720524591823353,-3.3573955670469564,-1.2949215786968495,0.3971512890039905,3.976029732578865,0.872054326313327,-0.46521428992704233,0.010499870167386143,0.2943735108108964
2020-10-08,2.1481830933952692,0.3227325679773803,-0.720524591823353,-3.4262545716134643,-1.2404031609193138,0.41800993994211527,3.976029732578865,-0.0031361766174585496,-0.24929343499284048,2.4728493923882553,0.05938935175054968
2020-10-09,2.1481830933952692,0.2473820340811222,-0.720524591823353,-3.403301570091295,-1.2550204178596673,0.5118738691636784,3.976029732578865,-0.0031361766174585496,-0.45084547790755347,1.4174273468903837,0.1352943497717395
2020-10-10,2.346995242476016,0.24875232885068793,-0.7148791307371917,-3.5180665777021414,-1.2996623106775047,0.46899775334642146,3.9957997626264006,0.07754509166277294,-0.4527709571147891,1.3702322241288867,0.039134695133054814
2020-10-12,2.346995242476016,0.24875232885068793,-0.7232344131447103,-3.5180665777021414,-1.2996623106775047,0.46899775334642146,3.9957997626264006,0.07754509166277294,-0.5035550166391334,1.3632387706996376,0.05576996154541328
2020-10-13,2.3693536505427417,0.3117723002781687,-0.703136571677976,-3.5180665777021414,-1.2664771868129177,0.4238040096471509,3.771739422087646,-0.8368426155133006,-0.6935225635154806,0.15587379806620022,-0.13981405070105954
2020-10-14,2.3295761670522874,0.2912220596493113,-0.6579728829886841,-3.5410195792243107,-1.2479093198886846,0.43770977693923374,3.8560918720683053,-0.4926012243459118,-0.6799335597989634,0.11589371325891072,-0.39539047834220403
2020-10-15,2.3064342275770415,0.3569826206159236,-0.6241001164717149,-3.5180665777021414,-1.2558105398564434,0.5188267528097202,3.8686122475427456,-0.4415057141117937,0.023324370890117952,0.042901878422959075,0.3813753060226996
2020-10-16,2.284563213063646,0.3323225409070262,-0.6462303239294674,-3.472160574657803,-1.2664771868129177,0.4771094509334697,3.852796867060383,-0.58581869208655,0.026098939662075656,0.049678521053768875,0.06904070476607037
2020-10-19,2.2338841547790693,0.29807248826848287,-0.6907165572884206,-3.4262545716134643,-1.2684524918048574,0.5199855667507266,3.8897007622602002,-0.43544932788224044,0.6453916916378355,0.2916991985707138,0.6544663754536386
2020-10-20,2.301315978313202,0.24875232885068793,-0.7020074794607434,-3.3573955670469564,-1.2554154788580556,0.6636784954355885,3.916060802323585,0.5955058302150463,0.5813001239740376,1.3665708080299666,1.255893751579788
2020-10-21,2.2713295526599144,0.1857323574232071,-0.7245893238053889,-3.311489564002618,-1.31585981161141,0.78071870347729,4.00963862277076,0.629484634668084,0.931392794260689,1.9486247532848062,1.5723922793927783
2020-10-22,2.2430459196739605,0.23231192730187056,-0.7580104534354652,-3.2196775579139407,-1.2688475528032452,0.6764254487866651,3.854773387398386,-0.06009610126514189,0.388497962672688,0.8872816148680863,1.1453425700984121
2020-10-23,2.1496119585465534,0.2076518475929731,-0.7015558425738505,-3.2655835609582793,-1.2913660297113578,0.6196435656773243,3.860704557301564,0.0294524994985347,0.40098059134713876,0.8075280576442959,0.9786338579708831
2020-10-26,2.1434917762059933,0.2460127845402136,-0.706749666773119,-3.3573955670469564,-1.3565510944453676,0.5280972643377758,3.8653172425348234,-0.10332882681799037,0.11117806496487116,0.0493521019654977,0.6957968423670695
2020-10-27,2.154733909533584,0.230942677760962,-0.7801406608932189,-3.403301570091295,-1.330477068551764,0.5373677758658314,3.905516947187148,-0.04637049526384013,0.2891144704789804,-0.6900641336060916,0.428187982691737
2020-10-28,2.2088469330306175,0.2953329439580086,-0.73475115376048,-3.403301570091295,-1.4039584142519204,0.46899775334642146,3.6906819771149113,-1.3013453781982498,-0.5899266062297394,-1.6816739008971493,1.4276305435349423
2020-10-29,2.2524310218679737,0.3706824326256095,-0.7234602315881572,-3.2655835609582793,-1.4553163440423524,0.4597272418183659,3.6208280318358623,-0.9671049708370357,-0.7333631862922695,-1.1845793305943442,0.5825539084972791
2020-10-30,2.1499105642172025,0.3816427003248211,-0.73475115376048,-3.1967245563917723,-1.4644027470052752,0.4400274048212474,3.698590471800675,-0.6708090653070798,-0.5736874743290675,-0.9889180348444149,0.626481840762791
2020-11-02,2.2001158019334794,0.38301299509438685,-0.7403966148466413,-3.2196775579139407,-1.4071189022390238,0.5083974273406574,3.784260602006671,-0.33684815572454174,-0.39777428229429623,-0.10639005676056129,0.8253394274040774
2020-11-03,2.281610471865872,0.31451288981730025,-0.7455904390459098,-3.1508185533474338,-1.3917115233018942,0.5373677758658314,3.90353962240456,-0.011250850592322508,-0.15284932221170808,0.0038908253073212783,0.42476882044043335
2020-11-04,2.329135661992694,0.2953329439580086,-0.762526822304395,-3.4262545716134643,-1.3320573125453157,0.5744498219780537,3.8119383222953878,0.5031299345373291,-0.34094145021470834,0.5991308700111577,0.4703544757953272
2020-11-05,2.4352270486139456,0.17477208972399552,-0.7117176725289416,-3.403301570091295,-1.3403535935114623,0.5837203335061093,4.146052312765516,2.202225235823401,0.34512098981835687,0.7047033591580065,0.223679063964976
2020-11-06,2.4220600192276316,0.13367265369493786,-0.6776190875685254,-3.311489564002618,-1.395267072287386,0.6845371463737133,4.179002362844745,2.001384003872269,0.37159753427727915,1.3897164591109388,0.6363244733151469
2020-11-09,2.560609348685263,0.20217275897202447,-0.609873554534588,-3.013100544214418,-1.2826746877468234,0.6903312160787479,3.539111746750459,-1.018986349861859,-0.940289656163333,1.0251770247526637,0.6529136202165248
2020-11-10,2.5131236436058,0.2049123032824988,-0.6374234046350561,-2.9671945411700795,-1.2305266359596154,0.6903312160787479,3.6854104517689836,-0.8984495825743749,-0.18417558587773508,0.8590822159771424,0.7871966207592187
2020-11-11,2.42460680478225,0.24464248977064787,-0.6035506381180868,-3.1967245563917723,-1.2206501109999168,0.6393434026744428,3.5885368218693015,-0.9268172862499302,-0.5586504323260051,0.3648324551953938,0.5990653744526315
2020-11-12,2.441302810276227,0.2336822220714363,-0.5531931252295264,-3.1967245563917723,-1.234082184945107,0.6636784954355885,3.6669581019467823,-1.9323831561358658,-0.4216183003703043,0.44805111730443603,0.43104702000685213
2020-11-13,2.3914714466021274,0.20628259805206453,-0.5303854624414339,-3.173771554869602,-1.259761149840323,0.7390014016010394,3.753287072265445,-1.7130385738031615,-0.21034115615252572,0.3022660680357088,0.7681820974129514
2020-11-16,2.4531828739002037,0.18025222357360132,-0.5245141829118266,-3.127865551825264,-1.2123538300337702,0.8421358423506581,3.7638317318464622,0.9467529600402097,-0.2642324478247171,0.8348744108426701,0.9349893244243577
2020-11-17,2.4149995991968467,0.1597019829447439,-0.4962868774810187,-3.2196775579139407,-1.219069867006365,0.7911480289463519,3.7453793820242636,0.247351225239193,-0.35614267547610895,0.5557654202811787,0.37443095773511903
2020-11-18,2.404575546694215,0.14600217093505802,-0.41183077963204306,-3.1967245563917723,-1.2044526100660116,0.7923068428873592,3.672889271849961,0.3519835996418183,-0.693641201709719,0.8470890936856815,0.050991323235023436
2020-11-19,2.4458941809393795,0.14189233185501796,-0.35605362410076713,-3.242630559436111,-1.1973415120950284,0.8038949822974284,3.5911729867645574,-0.3201603692826774,-0.5505098181485606,0.774244495293764,0.37381141591798533
2020-11-20,2.4862664079556707,0.15559214386470385,-0.44344536171454696,-3.311489564002618,-1.1696872422078728,1.0101638637966648,3.6669581019467823,-0.3617586278840809,-0.4054948928696307,1.4784423983082347,1.114089783378512
2020-11-23,2.5636891823792225,0.17203254541352123,-0.5450636612654537,-3.242630559436111,-1.1218848614029322,0.9348409576312138,3.4376262360621,-1.3570899161097056,-0.8899654002507505,0.5010549440833841,1.1741543346977208
2020-11-24,2.5325539886293496,0.13367265369493786,-0.48860905040383895,-3.1967245563917723,-1.057489918665698,1.033340142616804,3.2201559055391895,-2.186376237973377,-1.4191940128221916,1.31165325567742,1.4256975916963264
2020-11-25,2.4311329427659656,0.10079185059730313,-0.5394182001792923,-3.1967245563917723,-1.0310208317737064,1.05767523537795,3.2260862709977856,-1.8713039991516207,-0.9800072319593696,1.4365743387265875,1.7046655337638756
2020-11-26,2.4920559030246037,0.07339222657793136,-0.49989997257616164,-3.288536562480449,-1.0697368096157243,1.1267405462619635,3.069244515287406,-2.19995776967958,-1.1693321764098958,1.7441686157799225,1.931447195414668
2020-11-27,2.4920559030246037,0.07339222657793136,-0.46602720605919346,-3.288536562480449,-1.0476133937059995,1.2755322562872555,3.069244515287406,-2.503490854446912,-1.3252640743338064,1.3957336259862054,2.4211622864011813
2020-11-30,2.4662845061768315,0.08435249427714293,-0.5789364277824229,-3.288536562480449,-1.0491936376995512,1.3253612557505543,3.0283859705224154,-1.7474860686056979,-1.5799885980594264,2.0725370480821623,2.3453716623069805
2020-12-01,2.60670320584534,0.007631665611319049,-0.5281272780069696,-3.104912550303095,-1.0416874787301806,1.4331309522642002,3.2814425160198066,0.26286895353550327,-1.2887629786900323,2.094432124072291,2.5594331925696694
2020-12-02,2.6045722471957147,-0.018397663638486977,-0.4829635893176776,-3.0360535457365874,-1.0112677818543094,1.443560277733263,3.357886471314702,0.5686372765280246,-0.9485933482326804,2.0153321162076314,2.4711689469255003
2020-12-03,2.590888210470548,-0.07456825167545345,-0.4996741541327157,-3.104912550303095,-0.988749304946197,1.4481955334972905,3.4310362260462557,1.5873459100182823,-1.4527258964120915,1.664572758662229,2.454958521411439
2020-12-04,2.622119649023358,-0.07593854644501918,-0.5448378428220078,-2.990147542692249,-0.9599098520638772,1.5281536954267696,3.425105056143077,1.561271737495068,-1.5275888046365305,1.2844126369482456,2.363434902599606
2020-12-07,2.5778939281664264,-0.06360798397624186,-0.533546920649685,-3.0590065472587566,-0.9784777189881103,1.511930300252672,3.595786476442399,2.49993753774934,0.11653838363045774,0.9436754458530388,2.3004466696712456
2020-12-08,2.568278085226914,-0.038947904267344395,-0.5674196871666533,-3.104912550303095,-0.9701814380219635,1.4713718123174298,3.6550965665850104,1.610337857729725,-0.06770928414571147,0.1939435959278014,2.1878326412677818
2020-12-09,2.470447710857687,-0.022508547947184206,-0.5279014595635226,-3.0360535457365874,-0.9713666210171275,1.5038186026656237,3.416537721344643,0.2485163947326351,-0.36833976042426503,0.3029811636583886,2.4363264871459824
2020-12-10,2.4736608065864827,-0.06360798397624186,-0.5561287649943305,-3.104912550303095,-0.9113173492621609,1.6475115313504847,3.4099477113287984,-0.09307301458910701,-0.5449567255982762,0.9926221342313074,2.760881972487475
2020-12-11,2.395021399141197,-0.037577609497778656,-0.47709230978806927,-3.1508185533474338,-0.9239593012105749,1.5397418348368388,3.450806256093791,0.10652625621783139,-0.6362402457069184,0.060811951516235065,2.2278508722608374
2020-12-14,2.460770172531677,-0.07456825167545345,-0.4996741541327157,-3.1508185533474338,-0.9136877152524883,1.5351065790728116,3.377656501362238,-0.9209103156432499,-0.8104926233170673,0.11795985512041593,1.9042208827718765
2020-12-15,2.4908084223096214,-0.10744800954443101,-0.516384718947754,-3.104912550303095,-0.8939346653330914,1.5768238809490611,3.533181381291863,-0.5136222917917885,-0.44781497235821116,0.5255025790532161,2.171075898858448
2020-12-16,2.5009708863735036,-0.11018859908356249,-0.5220301800339153,-3.104912550303095,-0.8915642993427639,1.612747113120277,3.558222936685326,0.601837745996739,-0.24523415111942415,0.5405497863063332,2.265940560256852
2020-12-17,2.5822027339594174,-0.19649835545037503,-0.5107392578615926,-3.0590065472587566,-0.8769470424024101,1.7112462981058674,3.7631720872892136,1.5058997368572886,0.3602620528878932,0.3124439588549266,2.5000697576478306
2020-12-18,2.5643851063389147,-0.16909873143100326,-0.4881574135169461,-3.0360535457365874,-0.83862612555878,1.7807751345662837,3.753287072265445,1.2847595844143984,0.17770604161747827,1.1861713516650185,2.0693299468929913
2020-12-21,2.6618675187282945,-0.16635814189187179,-0.5446120243785608,-3.0360535457365874,-0.9002556413072985,1.6544644149965266,3.710452007162449,1.4224336779699478,0.5811193429303046,0.5896793154975724,1.9527395857180505
2020-12-22,2.541531901272478,-0.08278792983553354,-0.6290681222275375,-3.0819595487809255,-0.929095094189618,1.5235184396627424,3.627418041851709,0.3953947722221594,0.8854103664541759,-0.25639396090254485,1.3193278640797357
2020-12-23,2.6067932811096273,-0.1156676877045111,-0.6572954276583443,-3.013100544214418,-0.8828729573782294,1.6069530434152426,3.6807969620911423,0.5141734823392051,0.9885372385126081,-0.024277732019675216,1.4714695258930777
2020-12-24,2.5813315951020717,-0.12662795540372268,-0.6234226611413751,-3.0590065472587566,-0.8895889943508241,1.6220176246483327,3.7150654968402903,-0.20281874973959368,1.424518953622637,-0.42478375731443146,1.3170382489464054
2020-12-25,2.6595638129964736,-0.12525870586281412,-0.7193954996061204,-3.0590065472587566,-0.8895889943508241,1.6417174616454502,3.6972719871307578,-0.23583056721147183,1.385160739462392,-0.6586522668632546,0.9607093908488169
2020-12-28,2.6595638129964736,-0.12525870586281412,-0.7756242920242892,-3.0590065472587566,-0.8895889943508241,1.6417174616454502,3.6972719871307578,-0.058077179344831455,1.4807034616410926,-0.0577680235025689,0.827500440236098
2020-12-29,2.624309835244022,-0.17046798097191182,-0.7925606752827733,-3.0590065472587566,-0.9069716782798936,1.6034766015922215,3.713747012170371,0.3591558772171244,0.9352598823168845,0.39686981625163076,0.448626856719284
2020-12-30,2.7394593385108483,-0.22252872992883824,-0.8715971304890345,-3.0819595487809255,-0.8951198483282552,1.5930472761231587,3.7882144471272614,0.4457091581756617,0.9250250331583355,-0.06376125414638471,0.3955583218082252
2020-12-31,2.8704978716162666,-0.18005795390155765,-0.8207879807135812,-3.0819595487809255,-0.8761569204056343,1.5235184396627424,3.8020533072716214,0.35933806465002494,0.7921397086926467,-0.47443682476809396,0.20873320481956917
