Date,Epoch,Gold,dy_dx,Local_response_gold_1pct,Exact_response_gold_1pct,Actual,Predicted,PE
2020-01-01,100,956.5790592382267,-0.0026794272845026253,-0.025630840311067576,-0.025630943,4.75,4.146657,-12.701958104183799
2020-01-02,100,956.5790592382267,-0.0026794272845026253,-0.025630840311067576,-0.02563077,4.75,4.1540318,-12.546699925472861
2020-01-03,100,972.0775545187923,-0.001125896615598136,-0.010944588287316209,-0.010944693,4.8,4.2771273,-10.893181959788002
2020-01-06,100,982.7445561632986,-0.001415755773949671,-0.013913262797057969,-0.012886682,4.86,4.3922906,-9.623650366386764
2020-01-07,100,986.25845327557,-8.515847141339407e-06,-8.398826229948588e-05,-8.39591e-05,4.67,4.378943,-6.232484658218807
2020-01-08,100,977.2228600928797,-0.0009666534424959905,-0.0094463584179456,-0.009446353,4.7,4.152737,-11.643890624350693
2020-01-09,100,973.6462312312198,-0.0009666534424959905,-0.009411784811929058,-0.009411919,4.51,4.161719,-7.722420280101289
2020-01-10,100,977.2855918422683,-0.0009666534424959905,-0.009446964816560603,-0.00944696,4.54,4.171134,-8.12480187100986
2020-01-13,100,971.5756239281411,-0.001394513167973453,-0.013548750012498164,-0.0103961835,4.63,4.147483,-10.42153624170027
2020-01-14,100,967.8107998183154,-0.001394513167973453,-0.013496249044535604,-0.0100993775,4.74,4.127685,-12.918036497091949
2020-01-15,100,973.8972348243167,-0.001394513167973453,-0.013581125182154439,-0.010018455,4.6,4.2105618,-8.466048862623124
2020-01-16,100,971.9520910200152,-0.0009666534424959905,-0.009395408347256742,-0.009395527,4.52,4.132476,-8.573543075966615
2020-01-17,100,978.1013343709476,-0.0009666534424959905,-0.009454850219795984,-0.0094549395,4.62,4.1446786,-10.288342149742757
2020-01-19,100,976.5953894079088,-0.0009666534424959905,-0.009440292950968675,-0.009440368,4.54,4.152685,-8.531163757593095
2020-01-20,100,976.5953894079088,-0.0009666534424959905,-0.009440292950968675,-0.009440281,4.54,4.0883384,-9.948493940714698
2020-01-21,100,976.5953894079088,-0.0008146410123354316,-0.007955746566693738,-0.007955818,4.36,4.0181675,-7.84019505212067
2020-01-22,100,975.9051869735492,-0.0008146410123354316,-0.007950123894595307,-0.0079500945,4.43,4.014943,-9.369229732194812
2020-01-23,100,981.7406183864537,-0.0008146410123354316,-0.007997661712131532,-0.007997625,4.29,3.911621,-8.820021124708624
2020-01-24,100,989.6467336979791,-0.00012116896591690371,-0.0011991447134522553,-0.0011991493,3.86,3.748551,-2.8872825938802897
2020-01-27,100,989.6467336979791,-0.00022045387383863357,-0.002181714561754701,-0.0021817223,3.86,3.7617152,-2.5462390227638965
2020-01-28,100,989.6467336979791,-0.00012116896591690371,-0.0011991447134522553,-0.002045072,3.86,3.7035336,-4.053532397808803
2020-01-29,100,989.6467336979791,-0.00012116896591690371,-0.0011991447134522553,-0.002050623,3.86,3.7140985,-3.779832810317911
2020-01-30,100,989.6467336979791,-0.00012116896591690371,-0.0011991447134522553,-0.0019705018,3.86,3.64412,-5.59274668520596
2020-01-31,100,989.6467336979791,-0.00012116896591690371,-0.0011991447134522553,-0.0011991493,3.86,3.6364944,-5.7903005669154
2020-02-03,100,989.6467336979791,-3.979628528976149e-05,-0.00039384263750325395,-0.00015115674,3.86,3.5274343,-8.615690438858582
2020-02-04,100,972.8305652980831,-0.00024322158627565753,-0.002366133932692444,-0.0023661202,3.98,3.5294893,-11.31936485443882
2020-02-05,100,977.4738636859767,-0.00024322158627565753,-0.002377427436686991,-0.0023774174,4.03,3.548986,-11.935832305226675
2020-02-06,100,982.0543537289391,-0.00023600786264655932,-0.0023177254902631505,-0.0010685053,4.13,3.5827074,-13.251636680621498
2020-02-07,100,984.2505011263374,-0.0018835632296997022,-0.018538980527350746,-0.0032553885,4.1,3.6333876,-11.380791082614797
2020-02-10,100,988.0780569855517,-0.0018835632296997022,-0.01861107496211112,-0.01861108,4.2,3.6976526,-11.96065289633615
2020-02-11,100,982.3680890714246,-0.003561085889183417,-0.03498297139976329,-0.026378814,4.24,3.6790743,-13.229380013807768
2020-02-12,100,983.4975669425894,-0.0008101842217051586,-0.00796814210822299,-0.003155882,4.3,3.6892505,-14.203477460284564
2020-02-13,100,988.3290605786486,-3.979628528976149e-05,-0.0003933182525494987,-0.0003932547,4.32,3.6863422,-14.668003718058273
2020-02-14,100,993.0978224653194,-0.0008829525419281788,-0.00876858246729093,-0.008607586,4.54,3.7100701,-18.280393541646948
2020-02-16,100,1003.9530959535341,-0.0009433662497795101,-0.00947095467084214,-0.009958174,4.61,3.85085,-16.4674597551921
2020-02-17,100,1003.9530959535341,-0.0010161344917528176,-0.01020151368900412,-0.010210485,4.61,3.8990288,-15.422369239128598
2020-02-18,100,1003.9530959535341,-0.001018051296712421,-0.01022075751173945,-0.008905303,4.57,3.8943613,-14.784217559013122
2020-02-19,100,1008.6591260908162,-0.0010003325882929788,-0.010089945943077603,-0.009290491,4.59,3.8832772,-15.397011376673877
2020-02-20,100,1014.3690940049435,-0.0010003325882929788,-0.010147064612903692,-0.010147082,4.59,3.9540036,-13.856131318867334
2020-02-21,100,1031.9382731841301,-0.0010003325882929788,-0.01032281483772868,-0.010322806,4.7,4.2382293,-9.824909047877538
2020-02-24,100,1049.3819888645398,-0.0010003325882929788,-0.01049731001028899,-0.010497316,4.72,4.3801193,-7.200861785371419
2020-02-25,100,1033.3814863977807,-0.0010003325882929788,-0.010337251769823377,-0.010337291,4.57,4.3259,-5.341354971119826
2020-02-26,100,1029.0519233523726,-0.0010003325882929788,-0.01029394173974947,-0.01029401,4.36,4.2181416,-3.2536340416024654
2020-02-27,100,1029.0519233523726,-0.0010003325882929788,-0.01029394173974947,-0.010293923,4.41,4.269002,-3.1972344500137324
2020-02-28,100,981.4268830439682,-0.0008218547750893861,-0.008065903702307779,-0.008065885,4.16,3.9384308,-5.326183025653549
2020-03-02,100,999.1216023174748,-0.0008146410123354316,-0.008139254335581061,-0.0081393495,4.3,4.272079,-0.6493257921795471
2020-03-03,100,1030.369596471703,-0.0009666534424959905,-0.009960103174725765,-0.009960082,4.3,4.5424695,5.638825616171198
2020-03-04,100,1029.742125786732,-0.0010003325882929788,-0.010300846059625559,-0.010300776,4.33,4.5574536,5.2529707241278585
2020-03-05,100,1045.6171647547144,-0.0010003325882929788,-0.010459649247826495,-0.010459847,4.35,4.842126,11.31323891124507
2020-03-06,100,1048.378051087695,0.0004255852802064669,0.004461742666344664,0.0044616284,4.38,4.9960155,14.064281933928193
2020-03-09,100,1050.6996619838703,8.060419264509988e-05,0.0008469079796668921,0.00084705016,4.08,5.011684,22.835390708025763
2020-03-10,100,1041.0365981162092,-0.0008483201581324199,-0.00883132331535579,-0.008831318,4.04,4.6673193,15.527705390854637
2020-03-11,100,1029.9303976304404,-0.0008483201581324199,-0.008737107177832413,-0.008737037,4.02,4.4670334,11.12023348832013
2020-03-12,100,997.2391902625619,-0.0008218547750893861,-0.008195857904235593,-0.0081959,3.92,4.0066786,2.2111882968824754
2020-03-13,100,951.0572865722652,-0.0002730837306549363,-0.0025971827188371504,-0.0025971811,3.84,3.7050924,-3.5132179657618168
2020-03-16,100,932.3587061174562,-0.0001678297879386343,-0.0015647756393043213,-0.0015647357,3.64,3.6511064,0.3051197135841419
2020-03-17,100,956.8300628313235,-0.0002657641742895602,-0.0025429115158379467,-0.002542907,3.48,3.566752,2.4928723258533703
2020-03-18,100,926.9624735458145,-0.00026589721836339124,-0.0024647674324308074,-0.0024647482,3.41,3.4139316,0.11529642815463637
2020-03-19,100,927.7781394789512,-0.0002674553070780541,-0.0024813918719464863,-0.0024814229,3.36,3.3008323,-1.7609442983354804
2020-03-20,100,931.1664964969028,-4.103621800894418e-05,-0.00038211551352871666,-0.0003821093,3.46,3.2973278,-4.701509916713471
2020-03-23,100,983.2465633494925,0.0004822495748293384,0.004741702371277009,0.0047416943,3.46,3.3436735,-3.3620385076269237
2020-03-24,100,1041.7268005505687,0.0005956529708003173,0.0062050766351025586,0.006205113,3.74,3.4943547,-6.5680554843841445
2020-03-25,100,1024.2204297163132,-0.0015484538275516535,-0.015859580446508245,-0.015859684,3.8,3.7774773,-0.5927035683079723
2020-03-26,100,1035.3893619514706,-0.0015484538275516535,-0.016032526205200192,-0.016420076,3.77,3.9110856,3.742323756534161
2020-03-27,100,1018.9496606434485,-0.002927874816958459,-0.029833570511463205,-0.029833496,3.79,4.084193,7.762354344994536
2020-03-30,100,1017.7574510228952,-0.002734769237232439,-0.027833317680215148,-0.026328942,3.69,3.7906845,2.7285761949492677
2020-03-31,100,993.5370979021246,-0.0010135278373270213,-0.010069775061409054,-0.010069758,3.69,3.48297,-5.610569124299334
2020-04-01,100,990.2742043829501,-0.0010135278373270213,-0.01003670472728988,-0.010036723,3.73,3.5021982,-6.107286345862831
2020-04-02,100,1020.0790619190707,-0.0013793920370131468,-0.014070889351350068,-0.014070826,3.7,3.5336728,-4.495329470247841
2020-04-03,100,1025.0988273988385,-0.0013793920370131468,-0.014140131596654719,-0.014225235,3.7,3.5290403,-4.620531443003066
2020-04-06,100,1044.613226977869,-0.0019237288071721214,-0.020095525570903567,-0.007905296,3.97,3.616359,-8.907833868069979
2020-04-07,100,1044.613226977869,0.0001533173517113511,0.0016015733352289542,-0.0013721848,3.97,3.7416968,-5.750709456820937
2020-04-08,100,1044.9896940697433,0.0002598708167482766,0.0027156232529143586,0.0027155739,3.95,3.7408032,-5.296120462538325
2020-04-09,100,1089.4145726083618,0.00012731882601605717,0.001387029844292813,0.0013869731,3.95,4.1292686,4.538446740259094
2020-04-10,100,1094.810881775546,0.00012731882601605717,0.0013939003617726687,0.0013939986,3.97,4.26937,7.540808036285318
2020-04-13,100,1094.810881775546,-9.301913187724023e-06,-0.00010183835779251718,-0.00010182643,4.0,4.451934,11.298346519470215
2020-04-14,100,1102.2777216502664,-9.301913187724023e-06,-0.00010253291675553002,-0.00010252031,4.28,4.6242113,8.042320358418966
2020-04-15,100,1083.7673364436232,-2.2524191995533494e-06,-2.4410983564544113e-05,-0.0065918304,4.26,4.8464527,13.766495610626656
2020-04-16,100,1079.500581743146,-0.001394513167973453,-0.015053777760758202,-0.015053659,4.25,4.6070404,8.400950712316176
2020-04-17,100,1059.9234504147266,-0.001394513167973453,-0.014780772086471937,-0.014780705,4.13,4.542817,9.995571810743137
2020-04-20,100,1067.704102227475,-0.0009317356037487035,-0.009948179263138839,-0.009948113,4.14,4.3079424,4.0565794792728225
2020-04-21,100,1053.0212728800461,-1.744448596962596e-05,-0.00018369414820473633,-0.0001837039,4.09,3.7846928,-7.464724589676609
2020-04-22,100,1084.7085424710795,-0.0009317356037487035,-0.010106615687106675,-0.010106577,4.06,4.06487,0.11994779990812617
2020-04-23,100,1087.5949688983799,-0.0009317356037487035,-0.010133509549805844,-0.010133638,4.15,4.0961246,-1.2982012277626214
2020-04-24,100,1081.4457255474474,-0.0010003325882929788,-0.010818054017352566,-0.0108180605,4.23,4.205449,-0.5803994253172197
2020-04-26,100,1074.1670809208929,-0.0009317356037487035,-0.010008397136688106,-0.010008393,3.84,4.153501,8.164089421431228
2020-04-27,100,1074.1670809208929,-0.0013503465261968848,-0.014504977862765759,-0.014505149,3.84,4.2968016,11.895874142646793
2020-04-28,100,1073.288606642825,-0.0010003325882929788,-0.01073645569868382,-0.010736443,3.97,4.2928534,8.132326332688026
2020-04-29,100,1068.8335800986397,-0.0009317356037487035,-0.009958703010600943,-0.0099585205,3.92,4.150905,5.890437048308705
2020-04-30,100,1056.7860969898718,-0.0009317356037487035,-0.009846452321120943,-0.009846373,3.91,4.1218386,5.417866231230515
2020-05-01,100,1056.7860969898718,-0.0009317356037487035,-0.009846452321120943,-0.009846373,3.96,4.023902,1.6136853381840879
2020-05-04,100,1056.7860969898718,-0.0009317356037487035,-0.009846452321120943,-0.00984646,3.96,3.9498062,-0.2574188540680231
2020-05-05,100,1056.7860969898718,-0.0009317356037487035,-0.009846452321120943,-0.00984646,3.96,3.987518,0.6949008113206044
2020-05-06,100,1056.7860969898718,-7.315416466519409e-05,-0.0007730830415508486,-0.00077306555,3.96,3.7832701,-4.4628757419008185
2020-05-07,100,1080.379056021214,-0.0010003325882929788,-0.010807383774472261,-0.010807479,3.95,4.009719,1.5118707584429345
2020-05-08,100,1072.912139550951,-0.0010003325882929788,-0.010732689775679606,-0.010732541,4.01,3.9975,-0.3117221251984731
2020-05-09,100,1063.7510828694833,-7.315416466519409e-05,-0.0007781782187901271,-0.0007782263,3.95,3.7828743,-4.231029220774208
2020-05-11,100,1063.7510828694833,-0.0009317356037487035,-0.009911347574357353,-0.009911337,3.95,3.8645442,-2.1634391591518782
2020-05-12,100,1069.4610507836107,-0.0010003325882929788,-0.010698167410088982,-0.010698107,3.88,3.9455917,1.690507426704331
2020-05-13,100,1075.4220222908348,-0.0007968028948545773,-0.00856899380551701,-0.008568945,3.88,3.9598784,2.058722800815231
2020-05-14,100,1090.6067822289149,-0.0010003325882929788,-0.010909695052769276,-0.010909652,3.83,4.017916,4.90642826488684
2020-05-15,100,1100.2071143471876,-0.0010003325882929788,-0.011005730303532715,-0.011005668,3.94,4.2275095,7.297195395842423
2020-05-18,100,1086.6537628709234,-0.0010003325882929788,-0.010870151711909757,-0.0108701885,4.14,4.0602417,-1.9265290043780117
2020-05-19,100,1094.4343380881294,-0.0010003325882929788,-0.010947983341364115,-0.010947989,4.02,4.1818724,4.026675817385253
2020-05-20,100,1098.4501657910519,-0.0009984157050836628,-0.010967098967775393,-0.010967071,4.12,4.3074193,4.549012137848194
2020-05-21,100,1079.5633134925347,-0.0010003325882929788,-0.010799223636121317,-0.010799326,4.03,4.072146,1.0458049348211107
2020-05-22,100,1088.4106348315165,-0.0010003325882929788,-0.010887726274666151,-0.0108877085,3.92,3.9450698,0.6395354562876194
2020-05-24,100,1069.7120543767076,-0.0009317356037487035,-0.009966888068219477,-0.009966934,3.84,3.9438066,2.7032981316248614
2020-05-25,100,1069.7120543767076,-0.0007968028948545773,-0.008523496615881976,-0.008523583,3.84,3.9419808,2.655751009782159
2020-05-26,100,1069.7120543767076,-0.0007968028948545773,-0.008523496615881976,-0.008523497,3.88,4.014009,3.4538401770837557
2020-05-27,100,1073.1631431440478,-0.0009317356037487035,-0.009999043090981758,-0.009999026,3.8,3.994246,5.111737000314818
2020-05-28,100,1075.0455551989608,-0.0010003325882929788,-0.010754031027650388,-0.010754051,3.83,4.1043396,7.162913827921017
2020-05-29,100,1089.8538480451668,-0.0010003325882929788,-0.010902163206760847,-0.010902193,3.78,4.328525,14.51124514221515
2020-06-01,100,1090.4185869807493,-0.0010003325882929788,-0.010907812474372256,-0.010907918,3.89,4.529802,16.44734821466676
2020-06-02,100,1082.512395073681,-0.0010003325882929788,-0.010828724260232871,-0.010828642,3.88,4.364189,12.479101751268528
2020-06-03,100,1065.3197595819108,-0.0010003325882929788,-0.01065674072462227,-0.010656647,3.93,4.2254395,7.517545763166195
2020-06-04,100,1078.5593757156894,-0.0010003325882929788,-0.010789180919373349,-0.010789265,3.85,4.355011,13.117168476055193
2020-06-05,100,1051.766331510104,-0.0017852182084195324,-0.01877632406014452,-0.018776221,3.82,4.2151694,10.344749470655835
2020-06-08,100,1065.6334949243965,-0.0010003325882929788,-0.010659879121494145,-0.010659943,4.01,4.320809,7.750845074356351
2020-06-09,100,1075.9239528814862,-0.0010004540318469183,-0.010764124566209567,-0.010763505,4.04,4.525388,12.014548613293336
2020-06-10,100,1075.0455551989608,-0.0010004540318469183,-0.010755336601179092,-0.010755438,4.01,4.691956,17.00638511828949
2020-06-11,100,1086.7792263697006,-0.0010004540318469183,-0.010872726587490418,-0.010872704,4.05,4.5557756,12.488287466543696
2020-06-12,100,1085.085086158496,-0.0010003325882929788,-0.010854459727550383,-0.010854403,3.97,4.581749,15.409293763283213
2020-06-15,100,1079.4378499937573,-0.0010003325882929788,-0.010797968583856635,-0.010797765,3.91,4.3979874,12.480495287024452
2020-06-16,100,1085.273281406662,-0.0011271951695785661,-0.012233148004742692,-0.012233136,4.0,4.3508615,8.771538734436035
2020-06-17,100,1085.0222778135649,-0.0011271951695785661,-0.012230318704365835,-0.012230361,4.03,4.4592457,10.651257611977544
2020-06-18,100,1082.261468076127,-0.0010003325882929788,-0.010826214155703512,-0.010826214,4.15,4.45728,7.404341180640522
2020-06-19,100,1095.5010842099055,-0.0010003325882929788,-0.010958654350454592,-0.010958831,4.16,4.689558,12.729760316702032
2020-06-22,100,1102.2777216502664,-0.0010004540318469183,-0.011027781908400442,-0.011027785,4.25,4.841544,13.918685913085938
2020-06-23,100,1111.9407855179275,-0.0010004540318469183,-0.011124456420464399,-0.011124581,4.24,4.9255314,16.168193097384464
2020-06-24,100,1107.987766159936,-0.0010004540318469183,-0.011084908278917685,-0.01108503,4.38,4.8893013,11.627883562758637
2020-06-25,100,1113.6350023246748,-0.0010004540318469183,-0.011141406280815731,-0.011141407,4.37,4.902169,12.17778552860635
2020-06-26,100,1113.6350023246748,-0.0010003325882929788,-0.011140053842890994,-0.011140106,4.37,4.7966857,9.763974728791606
2020-06-28,100,1113.6350023246748,-0.0010003325882929788,-0.011140053842890994,-0.011140193,4.37,4.764478,9.02696125021788
2020-06-29,100,1113.6350023246748,-0.0010003325882929788,-0.011140053842890994,-0.011140106,4.37,4.750913,8.716547898351461
2020-06-30,100,1125.054938152929,-0.0010003325882929788,-0.011254291182543168,-0.011254336,4.4,5.035245,14.437385038896032
2020-07-01,100,1112.6309879522871,-0.0010003325882929788,-0.011130010359932855,-0.011130132,4.59,4.9159136,7.100513765754786
2020-07-02,100,1119.4077019881904,-0.0010003325882929788,-0.01119780003884942,-0.011197785,4.62,5.127716,10.989525204613091
2020-07-03,100,1122.2313200705598,-0.0004132734704275648,-0.004637884322680676,-0.0046376996,4.75,5.24707,10.464628119217721
2020-07-06,100,1122.2313200705598,-0.0004132734704275648,-0.004637884322680676,-0.0046380465,5.11,5.242188,2.5868488617839116
2020-07-07,100,1132.082579186387,-0.0004132734704275648,-0.0046785969631094665,-0.004678465,5.13,5.305125,3.4137473004138514
2020-07-08,100,1139.1730285647757,-0.0004133824331523463,-0.0047091411832963425,-0.004707781,5.58,5.413475,-2.984318340123769
2020-07-09,100,1128.945225761532,-0.0004133824331523463,-0.00466686124321027,-0.0046661487,6.14,5.422453,-11.686434419613315
2020-07-10,100,1128.317755076561,-0.0008900195082213146,-0.010042248134906185,-0.010042306,5.66,5.6038647,-0.9917902862225345
2020-07-13,100,1136.3494104824063,-0.0008900195082213146,-0.010113731434851319,-0.0101136025,6.0,5.7358704,-4.40216064453125
2020-07-14,100,1136.0984068893094,-0.0004133824331523463,-0.00469643123740407,-0.004696679,5.82,5.6564555,-2.810042666405751
2020-07-15,100,1136.6004140755033,-0.0004132734704275648,-0.004697267976143905,-0.004697373,5.65,5.5551205,-1.6792837497407418
2020-07-16,100,1128.6314904190467,-0.0004132734704275648,-0.004664334528793143,-0.0046642404,5.44,5.2885485,-2.7840354863335173
2020-07-17,100,1134.6552702712017,-0.0004132734704275648,-0.004689229212839061,-0.00468922,5.35,5.2532654,-1.8081237222546664
2020-07-20,100,1139.4240321578725,-0.0004132734704275648,-0.004708937240584532,-0.0059741065,5.61,5.316718,-5.227841327959634
2020-07-21,100,1156.0520053096031,-0.0004132734704275648,-0.004777656242290453,-0.0053060763,5.68,5.5924206,-1.5418912323427822
2020-07-22,100,1169.6680885352557,-0.0005434165144140605,-0.006356169556931855,-0.006356259,5.85,5.6286616,-3.7835618369599633
2020-07-23,100,1185.3548556595297,-0.0005434165144140605,-0.0064414140400628345,-0.0064414325,5.82,5.712451,-1.8479212862519512
2020-07-24,100,1190.5001612336173,-0.0005434165144140605,-0.006469374480269494,-0.006469361,5.63,5.530422,-1.7686996324447695
2020-07-27,100,1211.6458926789214,-0.0005434165144140605,-0.006584283877036923,-0.006584024,6.02,5.652091,-6.111444745744971
2020-07-28,100,1220.2422104248064,-0.0005434165144140605,-0.006630997687299569,-0.0066308607,5.76,5.6205425,-2.4211366971333788
2020-07-29,100,1225.763983090768,-0.000452856635289177,-0.005550953530411449,-0.0055508413,5.74,5.837721,1.7024541981128827
2020-07-30,100,1218.7363420573104,-0.0005434165144140605,-0.006622814549905258,-0.006622881,5.65,5.7613125,1.9701324732957624
2020-07-31,100,1231.599491099215,-0.0005434165144140605,-0.006692715026072661,-0.0066924426,5.85,5.784519,-1.1193299904847696
2020-08-03,100,1233.607366652905,-0.000525811424577299,-0.006486448468288145,-0.006486361,5.84,5.8784876,0.6590340235461952
2020-08-04,100,1255.6943041256657,-0.000452856635289177,-0.005686494975181335,-0.006802595,5.79,5.893483,1.7872739538215803
2020-08-05,100,1274.4556929254059,-0.0004476846814106883,-0.005705542908593483,-0.005705576,6.04,6.010598,-0.48678505499631425
2020-08-06,100,1287.256110217922,-0.0007608114700505561,-0.009793592135464579,-0.009793725,6.57,6.130772,-6.685355954337161
2020-08-07,100,1261.278808541016,-0.0003065095430074146,-0.0038659399121084314,-0.003865935,6.64,5.7076874,-14.040852742022775
2020-08-10,100,1270.2516699743176,-0.0003065095430074146,-0.0038934425886823333,-0.0038931696,6.33,5.732256,-9.443034191643834
2020-08-11,100,1212.6498304557665,-0.00041369734912066454,-0.0050167002027117396,-0.0050167297,6.03,5.4943056,-8.88382071879373
2020-08-12,100,1214.0930436694166,-0.0010794662878860532,-0.01310572510998105,-0.013105253,5.7,5.4532337,-4.329233002244384
2020-08-13,100,1227.7718586444582,-0.0010794662878860532,-0.013253383306218933,-0.013253569,5.72,5.4760194,-4.265395411244635
2020-08-14,100,1215.410716788747,-0.0010794662878860532,-0.013119948947088761,-0.013119997,5.78,5.4886684,-5.040338377639088
2020-08-17,100,1245.5293096673531,-0.00040920886735679266,-0.005096816380686654,-0.0050965254,6.11,5.7311144,-6.201073854137369
2020-08-18,100,1254.5649028500436,-0.0004476846814106883,-0.005616494888414529,-0.005616413,6.36,5.809939,-8.648759314099202
2020-08-19,100,1229.0268000144001,-0.0005434165144140605,-0.006678734597852919,-0.0073320232,6.5,5.588296,-14.026216360238882
2020-08-20,100,1213.4028412350572,-0.0007026839840519652,-0.008526387427390243,-0.008526533,6.32,5.4045477,-14.48500488377825
2020-08-21,100,1213.9047718257084,-0.0006890646215756851,-0.008364588322270002,-0.008364513,6.2,5.298544,-14.53961403139176
2020-08-24,100,1209.5752087803003,-0.0004024981328802226,-0.004868517631122763,-0.004868414,6.7,5.1930614,-22.491621615281748
2020-08-25,100,1199.5984861656962,-0.0003449770039044912,-0.004138338916458051,-0.0041381083,6.6,5.1011972,-22.70913268580581
2020-08-26,100,1217.732327684923,-0.0004024981328802226,-0.004901349882410689,-0.004901546,6.53,5.0768147,-22.253986960348275
2020-08-27,100,1205.747652921086,-0.0004024981328802226,-0.004853111790254478,-0.004852975,6.48,5.056673,-21.964922069031523
2020-08-28,100,1232.7288923748372,-0.0006890646215756851,-0.008494298677296806,-0.008494094,6.65,5.334481,-19.78224417320768
2020-08-31,100,1234.61130442975,-0.0006890646215756851,-0.008507269712799486,-0.008507451,7.19,5.4027896,-24.85689022610682
2020-09-01,100,1234.987771521624,-0.0006890646215756851,-0.008509863814341464,-0.008509706,7.34,5.2774367,-28.10031698575137
2020-09-02,100,1213.7793083269312,-0.0005589217340886146,-0.0067840763581096765,-0.006784034,7.13,5.0153008,-29.6591760065579
2020-09-03,100,1209.5124770309117,-0.0005589217340886146,-0.0067602281106393285,-0.0067600952,7.06,4.868452,-31.041755352074293
2020-09-04,100,1207.190866134736,-0.0005589217340886146,-0.006747252122759634,-0.006747085,7.0,5.048428,-27.879599162510463
2020-09-06,100,1212.9008340488633,-0.0005589217340886146,-0.0067791663744411765,-0.006779177,7.09,4.890423,-31.023655556489114
2020-09-07,100,1212.9008340488633,-0.0005589217340886146,-0.0067791663744411765,-0.006779177,7.09,5.1468277,-27.40722570163743
2020-09-08,100,1212.9008340488633,-0.0005589217340886146,-0.0067791663744411765,-0.00677883,7.04,5.069069,-27.996180274269797
2020-09-09,100,1220.2422104248064,-0.0006890646215756851,-0.008408257369570469,-0.008408226,6.73,5.1199975,-23.922771153442934
2020-09-10,100,1226.2031819320307,-0.0005589217340886146,-0.006853516087904277,-0.0068535954,6.98,5.0026712,-28.328492238391785
2020-09-11,100,1215.912723974941,-0.0005589217340886146,-0.0067960004818448504,-0.006796177,6.91,4.867286,-29.561704699106397
2020-09-14,100,1225.512979497671,-0.0005589217340886146,-0.006849658396489431,-0.006849779,7.14,4.902552,-31.336804932239005
2020-09-15,100,1227.5209316469038,-0.0006890646215756851,-0.008458412462415063,-0.008458706,7.17,5.085945,-29.06631618696609
2020-09-16,100,1229.9680060418564,-0.0005589217340886146,-0.0068745585081043,-0.007730309,7.04,5.1267414,-27.17696861787276
2020-09-17,100,1217.29312884366,-0.0005589217340886146,-0.006803715864674539,-0.0077292677,6.8,5.163294,-24.069208257338577
2020-09-18,100,1224.8855088127002,-0.0006890646215756851,-0.008440252696035638,-0.0084403185,7.03,5.3187313,-24.342371152440993
2020-09-21,100,1192.9472356285698,-0.0004024981328802226,-0.0048015903496512235,-0.0048014545,6.87,5.0469446,-26.536468439227107
2020-09-22,100,1191.315827166754,-0.0004024981328802226,-0.004795023961052765,-0.0047950363,6.56,4.919216,-25.011948841374092
2020-09-23,100,1167.0327422965947,-0.0003449770039044912,-0.0040259945889592145,-0.004026047,6.45,4.8409543,-24.946444903233257
2020-09-24,100,1172.3035113694593,-0.0004024981328802226,-0.004718499744951362,-0.0047184494,6.02,4.649379,-22.767794409463566
2020-09-25,100,1165.6522608323332,-0.0003449770039044912,-0.004021232245364348,-0.00402119,6.2,4.575015,-26.209434386222597
2020-09-27,100,1175.1271294518285,-0.0004024981328802226,-0.004729864755012566,-0.0047298986,6.19,4.619339,-25.374168186465067
2020-09-28,100,1175.1271294518285,-0.0004024981328802226,-0.004729864755012566,-0.004729725,6.19,4.720562,-23.738901757654737
2020-09-29,100,1188.6177491787041,-0.0005589217340886146,-0.0066434429353946734,-0.0066436976,6.19,4.839621,-21.81549164705785
2020-09-30,100,1184.3509178826848,-0.000572540744441188,-0.006780891562041567,-0.0071009626,6.15,4.8476367,-21.176639029650186
2020-10-01,100,1204.4299798017555,-0.00042308970124769205,-0.005095819203280885,-0.005095745,6.22,4.7773943,-23.193017769473155
2020-10-02,100,1204.4299798017555,-0.000572540744441188,-0.006895852372629822,-0.0068962686,6.22,4.840003,-22.186446726513825
2020-10-05,100,1204.4299798017555,-0.000572540744441188,-0.006895852372629822,-0.0068957484,6.22,4.831199,-22.32798763410071
2020-10-06,100,1204.4299798017555,-0.0004024981328802226,-0.0048478081805517085,-0.0048477706,6.22,4.799513,-22.837413775575886
2020-10-07,100,1204.4299798017555,-0.0005589217340886146,-0.006731820928991124,-0.00673182,6.22,4.8463583,-22.084271716151587
2020-10-08,100,1204.4299798017555,-0.0006890646215756851,-0.008299300882465067,-0.008299114,6.22,5.021972,-19.26089743709257
2020-10-09,100,1204.4299798017555,-0.0006890646215756851,-0.008299300882465067,-0.008299462,6.22,4.967262,-20.140485671555496
2020-10-10,100,1206.3123918566682,-0.0006890646215756851,-0.008312271917967747,-0.008312298,6.58,5.06904,-22.962920644000672
2020-10-12,100,1206.3123918566682,-0.0006890646215756851,-0.008312271917967747,-0.008312125,6.58,5.0617146,-23.07424545288086
2020-10-13,100,1184.9783885676557,-0.0004024981328802226,-0.004769515889018964,-0.0047693625,6.58,4.940781,-24.91214108684505
2020-10-14,100,1193.010043973501,-0.0004024981328802226,-0.004801843152066865,-0.004801888,6.49,4.908232,-24.372385022085513
2020-10-15,100,1194.2021769985117,-0.0005589217340886146,-0.006674655516204069,-0.006674575,6.56,5.0408845,-23.157248555160148
2020-10-16,100,1192.6963086310157,-0.0004024981328802226,-0.004800580373171176,-0.004800587,6.59,5.020116,-23.822217718422504
2020-10-19,100,1196.2101291477443,-0.0005014005659880269,-0.005997804357952897,-0.0059978715,6.68,5.1915603,-22.282031910148206
2020-10-20,100,1198.7200118876283,-0.0005434165144140605,-0.0065140425061835615,-0.008184452,6.75,5.3608513,-20.57998092086227
2020-10-21,100,1207.6300649759987,-0.0005434165144140605,-0.0065624612061088265,-0.0065625138,6.97,5.4921174,-21.203480560434084
2020-10-22,100,1192.8845038791812,-0.0005589217340886146,-0.006667290754755887,-0.0066672894,6.96,5.2504354,-24.562710455094262
2020-10-23,100,1193.4492428147637,-0.0005589217340886146,-0.006670447203407719,-0.0066700648,6.91,5.180359,-25.0309857204233
2020-10-26,100,1193.8884416560263,-0.0005589217340886146,-0.006672901981187401,-0.0066728406,7.04,5.030651,-28.54188789020885
2020-10-27,100,1197.7160741107832,-0.0004024981328802226,-0.004820784835502206,-0.0048207096,7.07,5.064853,-28.361340998928824
2020-10-28,100,1177.2604685042959,-0.0004024981328802226,-0.004738451404866752,-0.004738485,7.16,4.9147024,-31.358904811923065
2020-10-29,100,1170.6092945627122,-0.0004024981328802226,-0.004711680553937262,-0.004711771,7.01,4.806595,-31.4323131436118
2020-10-30,100,1178.0134792835865,-0.0004024981328802226,-0.004741482259193784,-0.004741434,6.99,4.7636094,-31.851081411555434
2020-11-02,100,1186.1705981882092,-0.0005589217340886146,-0.006629765276642832,-0.00662982,7.19,4.8757887,-32.186527278725066
2020-11-03,100,1197.5278022670748,-0.0005589217340886146,-0.00669324315862441,-0.0066933096,7.65,4.960963,-35.150813433079946
2020-11-04,100,1188.80594442687,-0.0005589217340886146,-0.0066444947995391935,-0.0066445647,7.67,5.075675,-33.82431537573465
2020-11-05,100,1220.618754112223,-0.0006890646215756851,-0.008410851998905232,-0.008410828,7.66,5.2726912,-31.165910576404542
2020-11-06,100,1223.756107537078,-0.0006890646215756851,-0.0084324703914097,-0.008432685,7.9,5.3323355,-32.502082631557805
2020-11-09,100,1162.8286427499638,-0.0005589217340886146,-0.0064993020145372,-0.006499198,8.13,5.038755,-38.022694464539256
2020-11-10,100,1176.7585379136447,-0.0005014005659880269,-0.0059002739694114445,-0.0059002084,7.7,5.1695714,-32.86270909495168
2020-11-11,100,1167.534672887246,-0.0005589217340886146,-0.00652560503978723,-0.006525912,7.53,5.0209236,-33.32106753649465
2020-11-12,100,1175.001589357509,-0.0003449770039044912,-0.004053485278795687,-0.0040536285,7.67,5.040524,-34.2826074851383
2020-11-13,100,1183.22144001152,-0.0003449770039044912,-0.004081841873307318,-0.0040817307,7.64,5.0696664,-33.64311013546289
2020-11-16,100,1184.2254543839074,-0.0006890646215756851,-0.00816007864585341,-0.0081601655,8.19,5.1815567,-36.7331294058589
2020-11-17,100,1182.4685058277719,-0.0005589217340886146,-0.006609073477824315,-0.006609177,8.21,5.0852957,-38.05973596607725
2020-11-18,100,1175.5663282930914,-0.0005589217340886146,-0.006570495707457603,-0.00657032,8.42,4.9850197,-40.7954906907614
2020-11-19,100,1167.785676480343,-0.0005589217340886146,-0.006527007953422393,-0.0065269526,8.38,5.0512714,-39.722297868751404
2020-11-20,100,1175.001589357509,-0.0005589217340886146,-0.006567339258805772,-0.006567198,8.98,5.2637205,-41.3839586593526
2020-11-23,100,1153.1656554778451,-0.0005589217340886146,-0.006445293478511111,-0.0064454223,9.16,5.151911,-43.75643251244158
2020-11-24,100,1132.4591228738034,-0.00126467897560255,-0.01432197243427804,-0.014321965,9.15,5.1171503,-44.07486003604743
2020-11-25,100,1133.0237852138432,-0.0005589217340886146,-0.006332716187953673,-0.006332667,8.62,5.214254,-39.50981551699184
2020-11-26,100,1118.09002886886,-0.00126467897560255,-0.01414024952341295,-0.014140343,8.86,5.3448563,-39.67430855296804
2020-11-27,100,1118.09002886886,-0.00126467897560255,-0.01414024952341295,-0.01414017,8.95,5.3467097,-40.26022650010093
2020-11-30,100,1114.1996646647146,-0.0013813911606703948,-0.015391455679897548,-0.014160986,9.29,5.381566,-42.07140960529109
2020-12-01,100,1138.2945542867078,-0.0005434165144140605,-0.006185680590669893,-0.0061859125,9.39,5.4209647,-42.26874634861566
2020-12-02,100,1145.5731989132626,-0.0005434165144140605,-0.006225233947596104,-0.0062251166,9.35,5.4629903,-41.57229642817043
2020-12-03,100,1152.5381847928743,-0.0005434165144140605,-0.006263082831092522,-0.006263106,8.86,5.375289,-39.33082434178475
2020-12-04,100,1151.9734458572918,-0.0005434165144140605,-0.0062600139464532405,-0.006933738,9.13,5.35355,-41.36308918646889
2020-12-07,100,1168.2249519171482,-0.0005434165144140605,-0.006348327314223502,-0.0063408203,8.81,5.636589,-36.0205556152898
2020-12-08,100,1173.8721880818869,-0.0005434165144140605,-0.006379015328150654,-0.007817564,8.91,5.551715,-37.69119082877933
2020-12-09,100,1151.1577033286123,-0.0005589217340886146,-0.00643407059753895,-0.006433973,8.71,5.4464774,-37.46868641587268
2020-12-10,100,1150.5302326436415,-0.0005434165144140605,-0.006252171287512058,-0.0072399112,8.55,5.535567,-35.25652857551798
2020-12-11,100,1154.420596847787,-0.0005589217340886146,-0.006452307618577786,-0.0064521874,8.43,5.3411274,-36.641430656822266
2020-12-14,100,1147.4556109681753,-0.0005589217340886146,-0.006413378798720433,-0.006413157,8.51,5.328683,-37.38327967714339
2020-12-15,100,1162.263980409924,-0.0005589217340886146,-0.006496145993994503,-0.0064962488,8.33,5.4792857,-34.22226029999402
2020-12-16,100,1164.648323055488,-0.0006890646215756851,-0.008025179559949861,-0.00802538,8.38,5.547334,-33.80269458015096
2020-12-17,100,1184.1626460389764,-0.000452856635289177,-0.005362559115203396,-0.0053629745,8.83,5.755206,-34.82212788116351
2020-12-18,100,1183.22144001152,-0.0005434165144140605,-0.006429820707110455,-0.0064299833,9.19,5.694603,-38.034788179449464
2020-12-21,100,1179.1428805592088,-0.000452856635289177,-0.005339826774152313,-0.005339903,9.39,5.80542,-38.17444172657083
2020-12-22,100,1171.2367652476833,-0.0007093653357614577,-0.008308347612360864,-0.008308481,8.75,5.67206,-35.17645699637277
2020-12-23,100,1176.3192624768394,-0.0005984316180943863,-0.007039466396396101,-0.0070395544,8.77,5.7876396,-34.006389761460404
2020-12-24,100,1179.582155996014,-0.00033617664997806295,-0.003965479775766409,-0.0039655063,8.91,5.824564,-34.62891155889406
2020-12-25,100,1177.887939189267,-0.00014478708644914112,-0.001705429628787971,-0.0017055493,9.27,5.842194,-36.97741013643168
2020-12-28,100,1177.887939189267,-0.0008668533678102107,-0.010210561269892447,-0.0068173404,9.44,5.911708,-37.37597586744922
2020-12-29,100,1179.4566159016942,-0.0005984316180943863,-0.007058241311261799,-0.007058289,9.1,5.781296,-36.46927718277816
2020-12-30,100,1186.5470652800832,-0.00047767603562788125,-0.0056678509822888695,-0.0056679333,9.27,5.866643,-36.713668263588644
2020-12-31,100,1187.8647383994137,-0.0003065095430074146,-0.0036409187812142634,-0.0036409453,9.29,5.837839,-37.15996634459726
2020-01-01,200,956.5790592382267,-0.004489018869899099,-0.04294101447470727,-0.04294092,4.75,4.3357625,-8.720789457622327
2020-01-02,200,956.5790592382267,-0.004489018869899099,-0.04294101447470727,-0.042941265,4.75,4.3523784,-8.370981718364515
2020-01-03,200,972.0775545187923,-0.0020564126193264127,-0.019989925500764033,-0.019989898,4.8,4.3278937,-9.835547208786009
2020-01-06,200,982.7445561632986,-0.0020564126193264127,-0.020209283068685416,-0.020209078,4.86,4.342627,-10.645533981637215
2020-01-07,200,986.25845327557,-0.0020564126193264127,-0.02028154329233231,-0.020281674,4.67,4.309594,-7.717469928096141
2020-01-08,200,977.2228600928797,-0.0020564126193264127,-0.020095734213892477,-0.020095628,4.7,4.1436243,-11.837780729253243
2020-01-09,200,973.6462312312198,-0.0020564126193264127,-0.020022183966634827,-0.020022163,4.51,4.211586,-6.616718436027573
2020-01-10,200,977.2855918422683,-0.0020564126193264127,-0.020097024237503227,-0.02009693,4.54,4.2000027,-7.488927967222777
2020-01-13,200,971.5756239281411,-0.0020564126193264127,-0.019979603736757622,-0.01997975,4.63,4.1735873,-9.85772522170394
2020-01-14,200,967.8107998183154,-0.0020564126193264127,-0.019902183418667726,-0.01990221,4.74,4.1281805,-12.907584307062981
2020-01-15,200,973.8972348243167,-0.0020564126193264127,-0.020027345636198235,-0.020027367,4.6,4.2523756,-7.5570521147354714
2020-01-16,200,971.9520910200152,-0.0020564126193264127,-0.019987345453542537,-0.019987514,4.52,4.1841326,-7.430695221487391
2020-01-17,200,978.1013343709476,-0.0020564126193264127,-0.020113799269804198,-0.020113755,4.62,4.1621933,-9.909235966670051
2020-01-19,200,976.5953894079088,-0.0020564126193264127,-0.020082830827544158,-0.020082705,4.54,4.2711663,-5.92144659437272
2020-01-20,200,976.5953894079088,-0.004621433972540357,-0.045132711100359886,-0.045132786,4.54,4.2448263,-6.50162297723577
2020-01-21,200,976.5953894079088,-0.0043959336377998,-0.04293048522818421,-0.042930596,4.36,4.1165013,-5.584831850244371
2020-01-22,200,975.9051869735492,-0.0043959336377998,-0.04290014438720329,-0.042900153,4.43,4.101958,-7.4050158464074345
2020-01-23,200,981.7406183864537,-0.004288368765884008,-0.04210065804088119,-0.042233944,4.29,3.9773347,-7.288234550636132
2020-01-24,200,989.6467336979791,-0.004463192708758213,-0.044169840860872014,-0.04416999,3.86,3.8333185,-0.6912312977054544
2020-01-27,200,989.6467336979791,-0.004391762615119906,-0.043462935272303105,-0.04346306,3.86,3.802496,-1.4897420616347523
2020-01-28,200,989.6467336979791,-0.0015193690353796714,-0.01503638603145341,-0.015036312,3.86,3.7061548,-3.985626339294747
2020-01-29,200,989.6467336979791,-0.0015193690353796714,-0.01503638603145341,-0.015036355,3.86,3.704043,-4.040339079545566
2020-01-30,200,989.6467336979791,-0.0013343425819791388,-0.013205277778897826,-0.01320528,3.86,3.5940206,-6.890657899293254
2020-01-31,200,989.6467336979791,-0.0013343425819791388,-0.013205277778897826,-0.013205257,3.86,3.5623713,-7.71058927545893
2020-02-03,200,989.6467336979791,-0.0010669169902294408,-0.010558709145074448,-0.010558713,3.86,3.4453948,-10.741068538606472
2020-02-04,200,972.8305652980831,-0.0010669169902294408,-0.010379294587310364,-0.010379271,3.98,3.4339473,-13.719916463497297
2020-02-05,200,977.4738636859767,-0.0012097197422170133,-0.011824694304020675,-0.011824713,4.03,3.4681754,-13.941056793440074
2020-02-06,200,982.0543537289391,-0.0014486990594494633,-0.014227012185753646,-0.014226915,4.13,3.498853,-15.282010454819794
2020-02-07,200,984.2505011263374,-0.0014981480263241284,-0.014745529456709568,-0.014745556,4.1,3.5462642,-13.505751912186778
2020-02-10,200,988.0780569855517,-0.0033804392286959687,-0.0334013782484765,-0.024761474,4.2,3.6032403,-14.208565439496724
2020-02-11,200,982.3680890714246,-0.0032166337843509787,-0.03159918383975456,-0.014961872,4.24,3.5620804,-15.98867020517026
2020-02-12,200,983.4975669425894,-0.0014981480263241284,-0.014734249388096227,-0.0147343455,4.3,3.605696,-16.146605513816652
2020-02-13,200,988.3290605786486,-0.0013343425819791388,-0.013187695505375309,-0.013187759,4.32,3.6038003,-16.578696833716503
2020-02-14,200,993.0978224653194,-0.0014981480263241284,-0.014878075426732078,-0.014877999,4.54,3.6029556,-20.63974493925792
2020-02-16,200,1003.9530959535341,-0.0016925511427843144,-0.01699241959858005,-0.016992351,4.61,3.7144957,-19.425256857385868
2020-02-17,200,1003.9530959535341,-0.004288368765884008,-0.04305321099099686,-0.034273744,4.61,3.7762074,-18.086606354620354
2020-02-18,200,1003.9530959535341,-0.004288368765884008,-0.04305321099099686,-0.04369182,4.57,3.8188686,-16.436134855908957
2020-02-19,200,1008.6591260908162,-0.004592390496216622,-0.04632156584581628,-0.036336858,4.59,3.7973487,-17.269090681553923
2020-02-20,200,1014.3690940049435,-0.004592390496216622,-0.04658378986964167,-0.038472697,4.59,3.85114,-16.097167270635467
2020-02-21,200,1031.9382731841301,-0.004592390496216622,-0.04739063518452991,-0.04739049,4.7,4.2290955,-10.01924555352394
2020-02-24,200,1049.3819888645398,-0.004592390496216622,-0.0481917187256241,-0.048191745,4.72,4.451687,-5.684600442142805
2020-02-25,200,1033.3814863977807,-0.004592390496216622,-0.04745691317099374,-0.047457013,4.57,4.355878,-4.685385639349278
2020-02-26,200,1029.0519233523726,-0.004592390496216622,-0.04725808272916871,-0.04725822,4.36,4.230852,-2.9621071771744267
2020-02-27,200,1029.0519233523726,-0.004592390496216622,-0.04725808272916871,-0.04725787,4.41,4.276326,-3.031152392190603
2020-02-28,200,981.4268830439682,-0.0014479387852419394,-0.014210460488384662,-0.015214031,4.16,3.806837,-8.48949322333703
2020-03-02,200,999.1216023174748,-0.0043959336377998,-0.04392072259879822,-0.04392089,4.3,4.216508,-1.941676472508626
2020-03-03,200,1030.369596471703,-0.0043959336377998,-0.045294363684961654,-0.045294374,4.3,4.568385,6.241514516431236
2020-03-04,200,1029.742125786732,-0.004800018596601635,-0.04942781353480414,-0.049427625,4.33,4.60768,6.41292942038309
2020-03-05,200,1045.6171647547144,-0.003832972027549592,-0.040078213440305335,-0.040078156,4.35,4.8896832,12.406511416380441
2020-03-06,200,1048.378051087695,-0.0035774009542584202,-0.03750468640384703,-0.03750474,4.38,5.134542,17.22698603590874
2020-03-09,200,1050.6996619838703,-0.0035773853043159025,-0.03758757530030784,-0.03758783,4.08,5.0957794,24.89655438591452
2020-03-10,200,1041.0365981162092,-0.003607471692809036,-0.037555100588824414,-0.037555132,4.04,4.683461,15.927257160148999
2020-03-11,200,1029.9303976304404,-0.0045745182618610785,-0.047114354124062924,-0.047114328,4.02,4.4868355,11.61282287901315
2020-03-12,200,997.2391902625619,-0.0016306949014813874,-0.01626192863118587,-0.01626196,3.92,3.8407173,-2.0225174573003013
2020-03-13,200,951.0572865722652,-0.0009955005120411244,-0.009467780157631323,-0.009467733,3.84,3.4585178,-9.934432556231814
2020-03-16,200,932.3587061174562,-0.000735976028520771,-0.006861936576850901,-0.0068619545,3.64,3.382291,-7.079915423969649
2020-03-17,200,956.8300628313235,-0.00044274923728850263,-0.004236357805332785,-0.004236357,3.48,3.3074715,-4.957715122179053
2020-03-18,200,926.9624735458145,-0.00044274923728850263,-0.004104119281574732,-0.004104108,3.41,3.1572533,-7.411927701441078
2020-03-19,200,927.7781394789512,-0.000898022341077026,-0.008331654968149754,-0.008331683,3.36,3.134659,-6.706575836454115
2020-03-20,200,931.1664964969028,-0.0008851031570290008,-0.008241784057690427,-0.0082417615,3.46,3.1951106,-7.655764177355462
2020-03-23,200,983.2465633494925,-0.0008851031570290008,-0.008702746373585512,-0.008754862,3.46,3.221633,-6.889220882702424
2020-03-24,200,1041.7268005505687,-0.0004791362143896659,-0.00499129035644058,-0.0049913167,3.74,3.3175223,-11.296195524899085
2020-03-25,200,1024.2204297163132,-0.007737812973125696,-0.07925226128399264,-0.07708316,3.8,3.4442093,-9.362912178039547
2020-03-26,200,1035.3893619514706,-0.009098795200257805,-0.09420795756922033,-0.09420796,3.77,3.6805701,-2.3721452100839797
2020-03-27,200,1018.9496606434485,-0.009098795200257805,-0.0927121428156693,-0.09405228,3.79,4.1930933,10.635707120467616
2020-03-30,200,1017.7574510228952,-0.00761873631649252,-0.07754025653488988,-0.0805577,3.69,3.557854,-3.5811941152019537
2020-03-31,200,993.5370979021246,-0.00044274923728850263,-0.004398877923139981,-0.004398854,3.69,3.2808182,-11.088937020237205
2020-04-01,200,990.2742043829501,-0.00044274923728850263,-0.004384431486970299,-0.004384467,3.73,3.2870836,-11.874433624840295
2020-04-02,200,1020.0790619190707,-0.00044273511321538014,-0.004516248189673786,-0.0045162276,3.7,3.3092875,-10.559795998238231
2020-04-03,200,1025.0988273988385,-0.00044273511321538014,-0.0045384724540537815,-0.004538475,3.7,3.3079627,-10.595603891321135
2020-04-06,200,1044.613226977869,-0.0010669169902294408,-0.011145156000810919,-0.0067580733,3.97,3.3651783,-15.234802351790655
2020-04-07,200,1044.613226977869,-0.0011693676956794922,-0.012215369621074293,-0.012215367,3.97,3.4752612,-12.461934221781776
2020-04-08,200,1044.9896940697433,-0.0013445558909658036,-0.014050470491600263,-0.014050432,3.95,3.521564,-10.84648084036912
2020-04-09,200,1089.4145726083618,-0.004592390496216622,-0.050030171296865336,-0.04062172,3.95,3.9886575,0.9786702409575212
2020-04-10,200,1094.810881775546,-0.004488996646980724,-0.04914602377368436,-0.049145997,3.97,4.334571,9.183145710443064
2020-04-13,200,1094.810881775546,-0.0020463897701401917,-0.022404097887036404,-0.025547506,4.0,4.481948,12.048697471618652
2020-04-14,200,1102.2777216502664,-0.004489018869899099,-0.04948145492357432,-0.04948149,4.28,4.6635756,8.962047879940988
2020-04-15,200,1083.7673364436232,-0.004489018869899099,-0.0486505202387571,-0.04865057,4.26,4.9062753,15.17078104153486
2020-04-16,200,1079.500581743146,-0.004489018869899099,-0.04845898481512038,-0.04845897,4.25,4.4977484,5.829373527975643
2020-04-17,200,1059.9234504147266,-0.004489018869899099,-0.0475801636956027,-0.025098568,4.13,4.3622994,5.624683832718157
2020-04-20,200,1067.704102227475,-0.001592178671450939,-0.016999756989872588,-0.01699968,4.14,4.07044,-1.6801976927236582
2020-04-21,200,1053.0212728800461,-0.0009955005120411244,-0.010482832163422827,-0.010482886,4.09,3.4964852,-14.51136348882922
2020-04-22,200,1084.7085424710795,-0.001592178671450939,-0.017270498060630878,-0.017270379,4.06,3.8056903,-6.263785996460554
2020-04-23,200,1087.5949688983799,-0.001592178671450939,-0.01731645512657348,-0.017316392,4.15,3.8716955,-6.706132084490313
2020-04-24,200,1081.4457255474474,-0.001760899762740829,-0.01904317521533584,-0.019043233,4.23,4.0519285,-4.209727654784012
2020-04-26,200,1074.1670809208929,-0.001760899762740829,-0.01891500557937609,-0.018914998,3.84,3.9769015,3.5651440421740253
2020-04-27,200,1074.1670809208929,-0.001760899762740829,-0.01891500557937609,-0.018914998,3.84,4.0763764,6.155636409918471
2020-04-28,200,1073.288606642825,-0.001760899762740829,-0.018899536527897855,-0.018899515,3.97,4.0755796,2.659436857670315
2020-04-29,200,1068.8335800986397,-0.001592178671450939,-0.01701774029563603,-0.017017763,3.92,3.9179308,-0.05278465699176218
2020-04-30,200,1056.7860969898718,-0.001592178671450939,-0.016825922839131573,-0.01682595,3.91,3.8696725,-1.031392919437968
2020-05-01,200,1056.7860969898718,-0.0013445558909658036,-0.014209079721984912,-0.0142090805,3.96,3.7453105,-5.421450884655267
2020-05-04,200,1056.7860969898718,-0.0011383037335269727,-0.012029435597429685,-0.012321388,3.96,3.6734633,-7.235774126919832
2020-05-05,200,1056.7860969898718,-0.0013445558909658036,-0.014209079721984912,-0.0142090805,3.96,3.717317,-6.128355951020211
2020-05-06,200,1056.7860969898718,-0.0013445558909658036,-0.014209079721984912,-0.0128019955,3.96,3.528129,-10.905830787889885
2020-05-07,200,1080.379056021214,-0.001592178671450939,-0.017201564900792762,-0.017201599,3.95,3.7556243,-4.9209039422530205
2020-05-08,200,1072.912139550951,-0.001592178671450939,-0.017082678249338176,-0.01708264,4.01,3.7206366,-7.216044732757335
2020-05-09,200,1063.7510828694833,-0.0011709561648450683,-0.012456058883466386,-0.012456099,3.95,3.5137842,-11.04343873036059
2020-05-11,200,1063.7510828694833,-0.0013445558909658036,-0.014302727849934166,-0.014302623,3.95,3.5932121,-9.032604362391222
2020-05-12,200,1069.4610507836107,-0.001592178671450939,-0.017027730750051748,-0.017027913,3.88,3.6694584,-5.426330173138488
2020-05-13,200,1075.4220222908348,-0.0013210596932669955,-0.014206966869001024,-0.014206923,3.88,3.6434197,-6.097429314839468
2020-05-14,200,1090.6067822289149,-0.0017998073978336524,-0.019628821547831563,-0.01962878,3.83,3.7257135,-2.722885340996886
2020-05-15,200,1100.2071143471876,-0.001760899762740829,-0.019373544466197348,-0.019373562,3.94,3.9943671,1.3798762093945822
2020-05-18,200,1086.6537628709234,-0.001592178671450939,-0.017301469444949903,-0.017301429,4.14,3.7966077,-8.294499208385812
2020-05-19,200,1094.4343380881294,-0.001760899762740829,-0.019271891662748033,-0.019271953,4.02,3.8988333,-3.0140976407634574
2020-05-20,200,1098.4501657910519,-0.001760899762740829,-0.019342606363240877,-0.019342598,4.12,4.0434785,-1.8573182300456546
2020-05-21,200,1079.5633134925347,-0.0017998073978336524,-0.019430060380536743,-0.019430026,4.03,3.7592838,-6.717524043383734
2020-05-22,200,1088.4106348315165,-0.001552184617348517,-0.016894142447440138,-0.01689408,3.92,3.6515176,-6.849040060627216
2020-05-24,200,1069.7120543767076,-0.0015521664634151962,-0.01660371176314498,-0.016603736,3.84,3.6478634,-5.003557602564491
2020-05-25,200,1069.7120543767076,-0.0013210457648181544,-0.014131385790092767,-0.014131453,3.84,3.6592093,-4.708092411359147
2020-05-26,200,1069.7120543767076,-0.0013210596932669955,-0.014131534784389011,-0.014131453,3.88,3.7167444,-4.207617966170161
2020-05-27,200,1073.1631431440478,-0.0017998073978336524,-0.01931486964113072,-0.017693773,3.8,3.7033179,-2.5442662991975435
2020-05-28,200,1075.0455551989608,-0.0017998073978336524,-0.019348749432552756,-0.019348713,3.83,3.8155751,-0.3766286466513869
2020-05-29,200,1089.8538480451668,-0.001760899762740829,-0.01919123382444914,-0.019191246,3.78,4.087887,8.145153711712556
2020-06-01,200,1090.4185869807493,-0.0010631627255188003,-0.011592923968908124,-0.0115930345,3.89,4.2630644,9.590344073533394
2020-06-02,200,1082.512395073681,-0.0010631627255188003,-0.011508868283544192,-0.0135852415,3.88,4.0239916,3.711123319016292
2020-06-03,200,1065.3197595819108,-0.0019685286456229676,-0.020971124634851648,-0.020971214,3.93,3.892721,-0.948576648120059
2020-06-04,200,1078.5593757156894,-0.0013187496052519151,-0.014223497509658175,-0.018115347,3.85,4.062733,5.525536970658734
2020-06-05,200,1051.766331510104,-0.0024081126820372067,-0.025327718414492308,-0.025327634,3.82,3.9204657,2.6299923502337914
2020-06-08,200,1065.6334949243965,-0.0019685286456229676,-0.02097730060493992,-0.020977242,4.01,4.0723095,1.5538527186672046
2020-06-09,200,1075.9239528814862,-0.0010631627255188003,-0.011438822421964421,-0.011438734,4.04,4.309971,6.682446923586401
2020-06-10,200,1075.0455551989608,-0.0010631627255188003,-0.01142948362522199,-0.01142954,4.01,4.411993,10.024763758937622
2020-06-11,200,1086.7792263697006,-0.0010631627255188003,-0.011554231643444242,-0.011554264,4.05,4.2635794,5.273564656575526
2020-06-12,200,1085.085086158496,-0.0010631627255188003,-0.01153622017620069,-0.011536224,3.97,4.324423,8.927527362813871
2020-06-15,200,1079.4378499937573,-0.0013187496052519151,-0.014235082385732433,-0.0142351445,3.91,4.086237,4.507338970213591
2020-06-16,200,1085.273281406662,-0.0013187496052519151,-0.014312037114454862,-0.0143120345,4.0,3.9774044,-0.5648910999298096
2020-06-17,200,1085.0222778135649,-0.0013187496052519151,-0.014308727005561725,-0.014308869,4.03,4.102105,1.7892094463035957
2020-06-18,200,1082.261468076127,-0.0013187496052519151,-0.014272318838047504,-0.014272354,4.15,4.107211,-1.0310575186488224
2020-06-19,200,1095.5010842099055,-0.0010631627255188003,-0.01164695918497404,-0.013813787,4.16,4.335173,4.21089254892789
2020-06-22,200,1102.2777216502664,-0.0010631627255188003,-0.011719005868283507,-0.011719147,4.25,4.463295,5.018705480238971
2020-06-23,200,1111.9407855179275,-0.0010631627255188003,-0.011821739961467554,-0.011821753,4.24,4.5466766,7.232939522221398
2020-06-24,200,1107.987766159936,-0.0010631627255188003,-0.011779712933120847,-0.011779774,4.38,4.548823,3.8544036482022803
2020-06-25,200,1113.6350023246748,-0.0010631627255188003,-0.01183975224304637,-0.011839882,4.37,4.5685663,4.543851769488788
2020-06-26,200,1113.6350023246748,-0.0010631627255188003,-0.01183975224304637,-0.0126551,4.37,4.4232244,1.2179507816410695
2020-06-28,200,1113.6350023246748,-0.0013187496052519151,-0.014686057197103806,-0.014686251,4.37,4.3760023,0.13735267063027143
2020-06-29,200,1113.6350023246748,-0.0013187496052519151,-0.014686057197103806,-0.014686078,4.37,4.3458905,-0.5517043019868714
2020-06-30,200,1125.054938152929,-0.0010631627255188003,-0.011961164744050535,-0.01428068,4.4,4.6908283,6.609734621914941
2020-07-01,200,1112.6309879522871,-0.0013187496052519151,-0.014672816761531269,-0.01467272,4.59,4.5304074,-1.2983130993147012
2020-07-02,200,1119.4077019881904,-0.0013187496052519151,-0.014762184651128796,-0.014762317,4.62,4.7015905,1.7660289615779705
2020-07-03,200,1122.2313200705598,-0.00383298767749211,-0.043014988211261596,-0.02941292,4.75,4.695677,-1.143646240234375
2020-07-06,200,1122.2313200705598,-0.0013187496052519151,-0.014799421103443865,-0.014799266,5.11,4.619888,-9.591236226479372
2020-07-07,200,1132.082579186387,-0.001380610072039322,-0.01562964611204979,-0.01562975,5.13,4.6431026,-9.491176493683751
2020-07-08,200,1139.1730285647757,-0.0013187496052519151,-0.015022839817334266,-0.015022781,5.58,4.8284516,-13.468608719473671
2020-07-09,200,1128.945225761532,-0.001380610072039322,-0.015586331494670772,-0.015237536,6.14,4.756817,-22.52741263821381
2020-07-10,200,1128.317755076561,-0.0012002144366298623,-0.013542232587486857,-0.014265241,5.66,4.9659953,-12.261566930440628
2020-07-13,200,1136.3494104824063,-0.0012002144366298623,-0.013638629675168172,-0.013638496,6.0,5.1444564,-14.259060223897299
2020-07-14,200,1136.0984068893094,-0.001380610072039322,-0.015685089033792086,-0.015684914,5.82,5.0740757,-12.816568748238165
2020-07-15,200,1136.6004140755033,-0.001380610072039322,-0.015692019795567037,-0.015692372,5.65,4.998117,-11.537752742260963
2020-07-16,200,1128.6314904190467,-0.0013187496052519151,-0.014883823324649985,-0.014883572,5.44,4.757025,-12.554691819583676
2020-07-17,200,1134.6552702712017,-0.0013187496052519151,-0.014963261897671526,-0.014963195,5.35,4.7535686,-11.148249545944065
2020-07-20,200,1139.4240321578725,-0.0013187496052519151,-0.0150261499262274,-0.015026077,5.61,4.821911,-14.047934792258527
2020-07-21,200,1156.0520053096031,-0.0013187496052519151,-0.01524543125652724,-0.015245516,5.68,5.159569,-9.162521362304682
2020-07-22,200,1169.6680885352557,-0.0013187496052519151,-0.015424993300316306,-0.015425056,5.85,5.1874313,-11.325960077791128
2020-07-23,200,1185.3548556595297,-0.0013187496052519151,-0.015631862479844456,-0.015631659,5.82,5.346146,-8.141819472165457
2020-07-24,200,1190.5001612336173,-0.0013187496052519151,-0.01569971617679174,-0.015699659,5.63,5.1829243,-7.940954340499415
2020-07-27,200,1211.6458926789214,-0.0013187496052519151,-0.01597857542675432,-0.015978424,6.02,5.364871,-10.882541111537382
2020-07-28,200,1220.2422104248064,-0.0013187334858111215,-0.01609174263687373,-0.016091872,5.76,5.2633276,-8.622784747017752
2020-07-29,200,1225.763983090768,-0.0013805897271140484,-0.016922771629215124,-0.016922964,5.74,5.411925,-5.715595139028307
2020-07-30,200,1218.7363420573104,-0.0013805897271140484,-0.016825748739048758,-0.01682582,5.65,5.2628956,-6.851405591036372
2020-07-31,200,1231.599491099215,-0.0013805897271140484,-0.01700333605330466,-0.017003106,5.85,5.269896,-9.91630717220469
2020-08-03,200,1233.607366652905,-0.0013805897271140484,-0.01703105657693214,-0.017031208,5.84,5.2922335,-9.37956391948543
2020-08-04,200,1255.6943041256657,-0.0013805897271140484,-0.01733598656671518,-0.017336167,5.79,5.316408,-8.179479147692007
2020-08-05,200,1274.4556929254059,-0.0013805897271140484,-0.017595004373148315,-0.017594982,6.04,5.4197493,-10.2690519876038
2020-08-06,200,1287.256110217922,-0.0013805897271140484,-0.017771725619316527,-0.017771747,6.57,5.532192,-15.796160879381901
2020-08-07,200,1261.278808541016,-0.0010427741369057892,-0.013152289209739201,-0.013152262,6.64,5.0775166,-23.53137717189559
2020-08-10,200,1270.2516699743176,-0.0010427741369057892,-0.013245855888106063,-0.013245936,6.33,5.1288567,-18.975408231665927
2020-08-11,200,1212.6498304557665,-0.0010427741369057892,-0.012645198803224636,-0.012645385,6.03,4.8486576,-19.59108444391001
2020-08-12,200,1214.0930436694166,-0.0010427741369057892,-0.012660248257356985,-0.012660477,5.7,4.867978,-14.596875508626304
2020-08-13,200,1227.7718586444582,-0.0010427741369057892,-0.012802887402151917,-0.012802895,5.72,4.9394364,-13.646216159100295
2020-08-14,200,1215.410716788747,-0.0010427741369057892,-0.012673988611854323,-0.012673834,5.78,4.886571,-15.45725033769971
2020-08-17,200,1245.5293096673531,-0.0010427741369057892,-0.012988057508792377,-0.012987987,6.11,5.102886,-16.483040917329433
2020-08-18,200,1254.5649028500436,-0.0013805897271140484,-0.017320394168726043,-0.017320728,6.36,5.1901217,-18.394313668305024
2020-08-19,200,1229.0268000144001,-0.0013805897271140484,-0.01696781774447733,-0.016967718,6.5,4.944718,-23.92741716825045
2020-08-20,200,1213.4028412350572,-0.0013805897271140484,-0.016752114974601186,-0.016321806,6.32,4.5957584,-27.282303194456468
2020-08-21,200,1213.9047718257084,-0.0009809178956028623,-0.011907409142415466,-0.011907447,6.2,4.5600834,-26.4502679148028
2020-08-24,200,1209.5752087803003,-0.0009809178956028623,-0.01186493968370165,-0.011864947,6.7,4.468526,-33.30558378305008
2020-08-25,200,1199.5984861656962,-0.0009809178956028623,-0.01176707622618034,-0.011767197,6.6,4.4007235,-33.322371858539
2020-08-26,200,1217.732327684923,-0.0009809178956028623,-0.011944954322802697,-0.01194483,6.53,4.4265585,-32.211967923922344
2020-08-27,200,1205.747652921086,-0.0009809178956028623,-0.011827394503314421,-0.011827305,6.48,4.3941193,-32.18951755099827
2020-08-28,200,1232.7288923748372,-0.0013187334858111215,-0.01625640869301552,-0.016256321,6.65,4.681805,-29.596915280908572
2020-08-31,200,1234.61130442975,-0.0013187334858111215,-0.016281232691124598,-0.01628104,7.19,4.7882214,-33.404431721099726
2020-09-01,200,1234.987771521624,-0.0013187334858111215,-0.0162861972887282,-0.016286504,7.34,4.6564136,-36.56112322690377
2020-09-02,200,1213.7793083269312,-0.0013187334858111215,-0.01600651418275386,-0.016006526,7.13,4.2321267,-40.643384112214974
2020-09-03,200,1209.5124770309117,-0.0009809178956028623,-0.01186432433674567,-0.0118644275,7.06,4.1097503,-41.78823978975203
2020-09-04,200,1207.190866134736,-0.0013187334858111215,-0.015919630189372074,-0.015919616,7.0,4.3348083,-38.074166434151785
2020-09-06,200,1212.9008340488633,-0.0013187334858111215,-0.01599492944828474,-0.015995163,7.09,4.157449,-41.361794518819146
2020-09-07,200,1212.9008340488633,-0.0013187334858111215,-0.01599492944828474,-0.015995076,7.09,4.4002876,-37.93670482124361
2020-09-08,200,1212.9008340488633,-0.0013187334858111215,-0.01599492944828474,-0.015994903,7.04,4.3632617,-38.0218508568677
2020-09-09,200,1220.2422104248064,-0.0013187334858111215,-0.01609174263687373,-0.016091699,6.73,4.5065227,-33.038296352346805
2020-09-10,200,1226.2031819320307,-0.0013187334858111215,-0.016170351964219155,-0.016170107,6.98,4.416129,-36.7316746096898
2020-09-11,200,1215.912723974941,-0.0013187334858111215,-0.016034648249295697,-0.016034454,6.91,4.196046,-39.275747097694406
2020-09-14,200,1225.512979497671,-0.0013187334858111215,-0.016161250033597373,-0.016161174,7.14,4.2061357,-41.09053571685021
2020-09-15,200,1227.5209316469038,-0.0013187334858111215,-0.016187729570968368,-0.016187714,7.17,4.3690677,-39.06460712810607
2020-09-16,200,1229.9680060418564,-0.0013187334858111215,-0.01621999996043732,-0.016219892,7.04,4.4362025,-36.9857595725493
2020-09-17,200,1217.29312884366,-0.0013187334858111215,-0.016052852110539265,-0.016053015,6.8,4.4267235,-34.90112529081456
2020-09-18,200,1224.8855088127002,-0.0013187334858111215,-0.016152975367561013,-0.016152846,7.03,4.6670394,-33.61252639575161
2020-09-21,200,1192.9472356285698,-0.0009809178956028623,-0.011701832919380286,-0.011701713,6.87,4.3619456,-36.50734164308773
2020-09-22,200,1191.315827166754,-0.0009809178956028623,-0.011685830141827955,-0.011685841,6.56,4.2211504,-35.65319514856105
2020-09-23,200,1167.0327422965947,-0.0009809178956028623,-0.011447633016732134,-0.011447667,6.45,4.141034,-35.797920522763754
2020-09-24,200,1172.3035113694593,-0.0009809178956028623,-0.011499334933803762,-0.011499534,6.02,3.969421,-34.06277558336225
2020-09-25,200,1165.6522608323332,-0.0009809178956028623,-0.011434091627003711,-0.0114340065,6.2,3.8816466,-37.39279623954527
2020-09-27,200,1175.1271294518285,-0.0009809178956028623,-0.0115270323088772,-0.011527073,6.19,3.917685,-36.70945021177918
2020-09-28,200,1175.1271294518285,-0.0009809178956028623,-0.0115270323088772,-0.011526899,6.19,4.053719,-34.51180866346221
2020-09-29,200,1188.6177491787041,-0.0013187334858111215,-0.01567470027671402,-0.015674766,6.19,4.1560173,-32.85917118793543
2020-09-30,200,1184.3509178826848,-0.0013187334858111215,-0.015618432143630344,-0.015618474,6.15,4.0879984,-33.528481460199124
2020-10-01,200,1204.4299798017555,-0.0009809178956028623,-0.01181446921188136,-0.011814468,6.22,4.0955935,-34.15444610203194
2020-10-02,200,1204.4299798017555,-0.0009809178956028623,-0.01181446921188136,-0.011814728,6.22,4.1231756,-33.71100287728754
2020-10-05,200,1204.4299798017555,-0.0009809178956028623,-0.01181446921188136,-0.011814555,6.22,4.157166,-33.1645336948407
2020-10-06,200,1204.4299798017555,-0.0009809178956028623,-0.01181446921188136,-0.011814294,6.22,4.107618,-33.961127731961064
2020-10-07,200,1204.4299798017555,-0.0013187334858111215,-0.015883221456793876,-0.01588332,6.22,4.178175,-32.82676893031865
2020-10-08,200,1204.4299798017555,-0.0013187334858111215,-0.015883221456793876,-0.015883015,6.22,4.175004,-32.87774910880822
2020-10-09,200,1204.4299798017555,-0.0013187334858111215,-0.015883221456793876,-0.015883232,6.22,4.182577,-32.755994643429084
2020-10-10,200,1206.3123918566682,-0.0013187334858111215,-0.015908045454902955,-0.015907995,6.58,4.2390175,-35.5772418454063
2020-10-12,200,1206.3123918566682,-0.0013187334858111215,-0.015908045454902955,-0.015907995,6.58,4.2342176,-35.65018778513993
2020-10-13,200,1184.9783885676557,-0.0009809178956028623,-0.011623665072486555,-0.0116234785,6.58,4.199131,-36.18341927108069
2020-10-14,200,1193.010043973501,-0.0009809178956028623,-0.01170244901767565,-0.011702494,6.49,4.1653123,-35.81953327901926
2020-10-15,200,1194.2021769985117,-0.0009809178956028623,-0.01171414286385737,-0.011714029,6.56,4.31987,-34.148323245164825
2020-10-16,200,1192.6963086310157,-0.0009809178956028623,-0.011699371531556377,-0.011699458,6.59,4.3073597,-34.637940888701515
2020-10-19,200,1196.2101291477443,-0.0010427741369057892,-0.012473769849800016,-0.012473824,6.68,4.487641,-32.81974763927345
2020-10-20,200,1198.7200118876283,-0.0013187334858111215,-0.01580792219788121,-0.015808076,6.75,4.726714,-29.97460541901765
2020-10-21,200,1207.6300649759987,-0.001380610072039322,-0.01667266231003365,-0.016672647,6.97,4.898729,-29.716946233806855
2020-10-22,200,1192.8845038791812,-0.0013187334858111215,-0.01573096739970663,-0.01573097,6.96,4.624386,-33.55767480258284
2020-10-23,200,1193.4492428147637,-0.0013187334858111215,-0.015738414801157567,-0.015738428,6.91,4.534205,-34.3819832146254
2020-10-26,200,1193.8884416560263,-0.0013187334858111215,-0.015744206663346593,-0.01574424,7.04,4.360087,-38.06694718924436
2020-10-27,200,1197.7160741107832,-0.0009809178956028623,-0.011748611309464713,-0.011748897,7.07,4.454522,-36.994029237998085
2020-10-28,200,1177.2604685042959,-0.0009809178956028623,-0.011547958613416736,-0.011547932,7.16,4.2925205,-40.048596046490374
2020-10-29,200,1170.6092945627122,-0.0009809178956028623,-0.01148271605795607,-0.011482622,7.01,4.171702,-40.48927377872222
2020-10-30,200,1178.0134792835865,-0.0009809178956028623,-0.011555345030906617,-0.011555218,6.99,4.1430674,-40.7286500726135
2020-11-02,200,1186.1705981882092,-0.0013187334858111215,-0.015642428877154002,-0.01564224,7.19,4.217018,-41.34884384643385
2020-11-03,200,1197.5278022670748,-0.0009809178956028623,-0.011746764517257396,-0.011746468,7.65,4.304469,-43.732429953182454
2020-11-04,200,1188.80594442687,-0.0013187334858111215,-0.015677182070470287,-0.01567728,7.67,4.386999,-42.80314041396319
2020-11-05,200,1220.618754112223,-0.0013187334858111215,-0.0160967082445684,-0.016096557,7.66,4.661091,-39.15024998916347
2020-11-06,200,1223.756107537078,-0.0013187334858111215,-0.016138081574750204,-0.016138101,7.9,4.72746,-40.15873534769952
2020-11-09,200,1162.8286427499638,-0.0009809178956028623,-0.01140639425193027,-0.011406382,8.13,4.2959785,-47.15893547180101
2020-11-10,200,1176.7585379136447,-0.0013805897271140484,-0.01624620748737325,-0.014598649,7.7,4.4684896,-41.9676669232257
2020-11-11,200,1167.534672887246,-0.0009809178956028623,-0.011452556543719334,-0.011452437,7.53,4.325714,-42.553597459121846
2020-11-12,200,1175.001589357509,-0.0010427741369057892,-0.012252612682052069,-0.012252651,7.67,4.336498,-43.46156735774591
2020-11-13,200,1183.22144001152,-0.0010427741369057892,-0.012338327158764378,-0.012338518,7.64,4.389556,-42.545079435977634
2020-11-16,200,1184.2254543839074,-0.0013187334858111215,-0.015616777614459494,-0.01561674,8.19,4.5775566,-44.107977898566276
2020-11-17,200,1182.4685058277719,-0.0013187334858111215,-0.01559360814552126,-0.015593495,8.21,4.3883176,-46.549115895353786
2020-11-18,200,1175.5663282930914,-0.0013187334858111215,-0.015502586819121296,-0.015502511,8.42,4.2460947,-49.57132180909363
2020-11-19,200,1167.785676480343,-0.0009809178956028623,-0.01145501868288263,-0.011454953,8.38,4.297413,-48.71822348073445
2020-11-20,200,1175.001589357509,-0.0013187334858111215,-0.015495139417670356,-0.015495051,8.98,4.541141,-49.43050074418032
2020-11-23,200,1153.1656554778451,-0.0013187334858111215,-0.015207181645659656,-0.015207092,9.16,4.445908,-51.46388570294109
2020-11-24,200,1132.4591228738034,-0.0017583295726810997,-0.019912363656015078,-0.019912444,9.15,4.3722534,-52.215809639685794
2020-11-25,200,1133.0237852138432,-0.0017583295726810997,-0.01992229228092579,-0.019241292,8.62,4.5273676,-47.47833420118433
2020-11-26,200,1118.09002886886,-0.0017583295726810997,-0.01965970762679981,-0.019659614,8.86,4.607073,-48.001435325054224
2020-11-27,200,1118.09002886886,-0.0017583295726810997,-0.01965970762679981,-0.0196597,8.95,4.653201,-48.0089262211123
2020-11-30,200,1114.1996646647146,-0.0017583295726810997,-0.019591302202513323,-0.01959144,9.29,4.6976266,-49.43351355512637
2020-12-01,200,1138.2945542867078,-0.0013187496052519151,-0.015011254941260006,-0.015010986,9.39,4.943739,-47.35102303111896
2020-12-02,200,1145.5731989132626,-0.0013187496052519151,-0.015107242038540388,-0.015107434,9.35,5.011053,-46.40584935478985
2020-12-03,200,1152.5381847928743,-0.0013187496052519151,-0.015199092762333617,-0.015199026,8.86,4.993413,-43.6409371162914
2020-12-04,200,1151.9734458572918,-0.0013187496052519151,-0.01519164526984992,-0.015191393,9.13,5.012562,-45.097899254154406
2020-12-07,200,1168.2249519171482,-0.0013187496052519151,-0.015405961941861768,-0.015405801,8.81,5.37999,-38.93314300952786
2020-12-08,200,1173.8721880818869,-0.0013187496052519151,-0.015480434846491902,-0.015480393,8.91,5.2341022,-41.25586701295726
2020-12-09,200,1151.1577033286123,-0.0013187496052519151,-0.015180887668473086,-0.015180985,8.71,5.0719204,-41.76899661426567
2020-12-10,200,1150.5302326436415,-0.0013187496052519151,-0.015172612901291965,-0.015172485,8.55,5.149434,-39.77270070572346
2020-12-11,200,1154.420596847787,-0.0013187334858111215,-0.015223730977732376,-0.015223659,8.43,4.9350133,-41.45891703179157
2020-12-14,200,1147.4556109681753,-0.0013187334858111215,-0.015131881376655918,-0.015132067,8.51,4.8367434,-43.16400288134708
2020-12-15,200,1162.263980409924,-0.0013187334858111215,-0.015327164303186881,-0.015327047,8.33,5.021058,-39.72319228594758
2020-12-16,200,1164.648323055488,-0.0013187334858111215,-0.015358607428070409,-0.015358444,8.38,5.1781144,-38.20865854158607
2020-12-17,200,1184.1626460389764,-0.0013187496052519151,-0.015616140220179636,-0.0156162195,8.83,5.4798536,-37.940502490759705
2020-12-18,200,1183.22144001152,-0.0013805897271140484,-0.016335433649809956,-0.016335422,9.19,5.362588,-41.647574224461664
2020-12-21,200,1179.1428805592088,-0.0013805897271140484,-0.01627912547699711,-0.016279045,9.39,5.472735,-41.717412905952045
2020-12-22,200,1171.2367652476833,-0.0013805897271140484,-0.016169974461192397,-0.016170107,8.75,5.292591,-39.51324462890625
2020-12-23,200,1176.3192624768394,-0.0013805897271140484,-0.016240142895818984,-0.016240362,8.77,5.4273286,-38.114839377669675
2020-12-24,200,1179.582155996014,-0.0013805897271140484,-0.01628519006855138,-0.016285291,8.91,5.4298596,-39.05881438592468
2020-12-25,200,1177.887939189267,-0.0011362136837036953,-0.013383323943763912,-0.013188344,9.27,5.4459286,-41.25211894705071
2020-12-28,200,1177.887939189267,-0.0011362136837036953,-0.013383323943763912,-0.014579567,9.44,5.499344,-41.74423864332296
2020-12-29,200,1179.4566159016942,-0.0013805897271140484,-0.016283456874905792,-0.016283209,9.1,5.3488765,-41.221137623210524
2020-12-30,200,1186.5470652800832,-0.0013805897271140484,-0.01638134689063005,-0.016381565,9.27,5.4399652,-41.316448240475616
2020-12-31,200,1187.8647383994137,-0.0010427741369057892,-0.012386746273452699,-0.012386916,9.29,5.3913097,-41.96652596168805
2020-01-01,300,956.5790592382267,-0.005028537805253911,-0.04810193963093643,-0.048102148,4.75,4.3682685,-8.036452845523232
2020-01-02,300,956.5790592382267,-0.005028537805253911,-0.04810193963093643,-0.048101973,4.75,4.383261,-7.720816762823808
2020-01-03,300,972.0775545187923,-0.0004975383166740124,-0.004836458301518705,-0.004836582,4.8,4.2719855,-11.000301440556841
2020-01-06,300,982.7445561632986,-0.000133654030340694,-0.0013134777072660137,-0.0013134222,4.86,4.3002257,-11.517988997722364
2020-01-07,300,986.25845327557,-0.0004975383166740124,-0.004907013706482422,-0.0049070106,4.67,4.267686,-8.614863164930322
2020-01-08,300,977.2228600928797,-0.001389984857105873,-0.013583249775467938,-0.00833537,4.7,4.116455,-12.415849401595747
2020-01-09,300,973.6462312312198,0.00021512927433330997,0.002094598071821344,0.002094554,4.51,4.134039,-8.336165739004464
2020-01-10,300,977.2855918422683,-0.0004975383166740124,-0.004862370282749682,-0.0016912381,4.54,4.149938,-8.591671662183584
2020-01-13,300,971.5756239281411,0.00021512927433330997,0.0020901435893559387,0.0020902173,4.63,4.1390347,-10.604001121438602
2020-01-14,300,967.8107998183154,0.00021512927433330997,0.002082044350568545,0.0020820643,4.74,4.115333,-13.178626998064392
2020-01-15,300,973.8972348243167,-0.0023413104329008945,-0.02280195756467505,-0.005984775,4.6,4.1843944,-9.034905226334274
2020-01-16,300,971.9520910200152,-0.0019617143476517848,-0.019066923621841175,-0.0031737061,4.52,4.1357584,-8.500920354792493
2020-01-17,300,978.1013343709476,0.00021512927433330997,0.0021041823028766413,0.002104355,4.62,4.1262026,-10.688255772446144
2020-01-19,300,976.5953894079088,-0.0019617143476517848,-0.019158011872520767,-0.019158114,4.54,4.2286305,-6.8583580890941205
2020-01-20,300,976.5953894079088,-0.004861572950513389,-0.04747789728741579,-0.047477745,4.54,4.2799454,-5.728075472793916
2020-01-21,300,976.5953894079088,-0.004861572950513389,-0.04747789728741579,-0.047187053,4.36,4.1905093,-3.8874009333619353
2020-01-22,300,975.9051869735492,-0.004861572950513389,-0.047444342592563186,-0.043170765,4.43,4.1579595,-6.140869950064143
2020-01-23,300,981.7406183864537,-0.0013751828284735085,-0.013500728404200147,-0.013500849,4.29,4.064293,-5.261237582404576
2020-01-24,300,989.6467336979791,-0.0016835464788583136,-0.01666116273830864,-0.016661111,3.86,4.040372,4.672847016487719
2020-01-27,300,989.6467336979791,-0.0016835464788583136,-0.01666116273830864,-0.016661068,3.86,4.0009604,3.65182253980884
2020-01-28,300,989.6467336979791,-0.0016835464788583136,-0.01666116273830864,-0.016661111,3.86,3.9274855,1.7483281348035775
2020-01-29,300,989.6467336979791,-0.0016835464788583136,-0.01666116273830864,-0.016661068,3.86,3.9075615,1.2321642643429487
2020-01-30,300,989.6467336979791,-0.0016207369995566159,-0.01603957077794668,-0.016039485,3.86,3.7616563,-2.5477646546042614
2020-01-31,300,989.6467336979791,-0.0016207369995566159,-0.01603957077794668,-0.01603957,3.86,3.6943235,-4.292136276324174
2020-02-03,300,989.6467336979791,-0.0014364072815969842,-0.014215357744924488,-0.014215358,3.86,3.5175447,-8.871897761685856
2020-02-04,300,972.8305652980831,-0.0013111002263479724,-0.012754783743605428,-0.012754812,3.98,3.4695194,-12.826146312694453
2020-02-05,300,977.4738636859767,-0.0014364072815969842,-0.014040505753692749,-0.014040501,4.03,3.518724,-12.686750255802435
2020-02-06,300,982.0543537289391,-0.0014364072815969842,-0.014106300246202685,-0.0141062895,4.13,3.5276337,-14.585141235055989
2020-02-07,300,984.2505011263374,-0.001552611704279833,-0.015281588479920425,-0.015281597,4.1,3.5817122,-12.64116473314238
2020-02-10,300,988.0780569855517,-0.001552611704279833,-0.015341015560178434,-0.015341075,4.2,3.6230097,-13.737864721389046
2020-02-11,300,982.3680890714246,-0.001552611704279833,-0.015252361930033074,-0.01419362,4.24,3.581253,-15.536484628353485
2020-02-12,300,983.4975669425894,-0.001552611704279833,-0.015269898335658028,-0.015269801,4.3,3.6501756,-15.112196012984873
2020-02-13,300,988.3290605786486,-0.001552611704279833,-0.015344912671343022,-0.014627271,4.32,3.6579552,-15.325111813015413
2020-02-14,300,993.0978224653194,-0.001552611704279833,-0.015418953026544707,-0.015418941,4.54,3.6307013,-20.028605650174985
2020-02-16,300,1003.9530959535341,-0.0011395335060100363,-0.011440381913015612,-0.011440381,4.61,3.7130153,-19.457368374905208
2020-02-17,300,1003.9530959535341,-0.0012704677328405289,-0.012754900136943165,-0.012754931,4.61,3.770305,-18.214643854898387
2020-02-18,300,1003.9530959535341,-0.0012704677328405289,-0.012754900136943165,-0.0127548445,4.57,3.815741,-16.504571943888262
2020-02-19,300,1008.6591260908162,-0.0012704677328405289,-0.012814688731335084,-0.012814735,4.59,3.8199143,-16.777465338281036
2020-02-20,300,1014.3690940049435,-0.0012704677328405289,-0.01288723203123962,-0.012887201,4.59,3.829631,-16.565771456117982
2020-02-21,300,1031.9382731841301,-0.005028537805253911,-0.05189140619394837,-0.02580489,4.7,4.087533,-13.031212826992606
2020-02-24,300,1049.3819888645398,-0.005028537805253911,-0.052768570031578775,-0.05274314,4.72,4.288484,-9.142286090527545
2020-02-25,300,1033.3814863977807,-0.0048772363519819445,-0.050400457509243914,-0.050400484,4.57,4.180939,-8.513365480518972
2020-02-26,300,1029.0519233523726,-0.0048772363519819445,-0.0501892944865113,-0.023034284,4.36,4.089318,-6.2083073712270265
2020-02-27,300,1029.0519233523726,-0.0048772363519819445,-0.0501892944865113,-0.023746721,4.41,4.1168866,-6.646562001061821
2020-02-28,300,981.4268830439682,-0.0011825470600218791,-0.011605834751700812,-0.011605871,4.16,3.8218503,-8.128598561653726
2020-03-02,300,999.1216023174748,-0.0011825470600218791,-0.01181508313424879,-0.011814988,4.3,4.163495,-3.174533400424687
2020-03-03,300,1030.369596471703,-0.004282221781461792,-0.04412271128967124,-0.019628996,4.3,4.319955,0.4640667937522752
2020-03-04,300,1029.742125786732,-0.004282221781461792,-0.04409584160332712,-0.04409579,4.33,4.3915024,1.4203782995633645
2020-03-05,300,1045.6171647547144,-0.003994893218815416,-0.041771289209556105,-0.04247151,4.35,4.5396223,4.359133490200709
2020-03-06,300,1048.378051087695,-0.00455390134058673,-0.047742102122899574,-0.04774194,4.38,4.6786213,6.817837719503606
2020-03-09,300,1050.6996619838703,-0.003994893218815416,-0.04197432954671013,-0.041974086,4.08,4.6910243,14.976085868536256
2020-03-10,300,1041.0365981162092,-0.004282221781461792,-0.04457949595752117,-0.038162272,4.04,4.33598,7.326236101660397
2020-03-11,300,1029.9303976304404,-0.0007975232617086803,-0.00821393450051147,-0.008214028,4.02,4.194498,4.340747814273371
2020-03-12,300,997.2391902625619,-0.0009982177333108103,-0.009954618440726025,-0.009954661,3.92,3.7517722,-4.291526395447399
2020-03-13,300,951.0572865722652,-3.452709391686213e-05,-0.0003283724425379666,-0.00032839892,3.84,3.401512,-11.418960740168886
2020-03-16,300,932.3587061174562,7.744671159404428e-06,7.220811581487491e-05,7.2174036e-05,3.64,3.3515384,-7.9247686889145434
2020-03-17,300,956.8300628313235,-0.0004304448612322966,-0.004118625836183188,-0.0041186144,3.48,3.281158,-5.713851424469345
2020-03-18,300,926.9624735458145,-0.00010266832768197838,-0.000951696869828989,-0.0009516955,3.41,3.1211967,-8.469303612135725
2020-03-19,300,927.7781394789512,-7.10929302985779e-05,-0.0006595846660252136,-0.00065957336,3.36,3.0592678,-8.950364305859516
2020-03-20,300,931.1664964969028,-0.0011021458715842728,-0.010262813098716525,-0.0102627855,3.46,3.110916,-10.089135859053949
2020-03-23,300,983.2465633494925,-0.0011021458715842728,-0.010836811405450673,-0.010836796,3.46,3.1456761,-9.084504739397522
2020-03-24,300,1041.7268005505687,-0.00010266832768197838,-0.0010695234851402472,-0.0010695244,3.74,3.2530289,-13.02061845912016
2020-03-25,300,1024.2204297163132,-0.0014339619780785484,-0.014686931533844655,-0.014686945,3.8,3.233233,-14.914921710365693
2020-03-26,300,1035.3893619514706,-0.0003380483439783582,-0.0035001165918050353,-0.002887612,3.77,3.2935164,-12.638822348111503
2020-03-27,300,1018.9496606434485,-0.008197949453051108,-0.08353297813158571,-0.09255805,3.79,3.6659095,-3.2741549147150457
2020-03-30,300,1017.7574510228952,-0.0008871645674574704,-0.009029183488133445,-0.002618431,3.69,3.2545736,-11.800173886100126
2020-03-31,300,993.5370979021246,-0.00010266832768197838,-0.0010200479233161716,-0.0010200423,3.69,3.1960661,-13.385741432830892
2020-04-01,300,990.2742043829501,-0.00010266832768197838,-0.0010166979651059917,-0.0010167031,3.73,3.2033882,-14.118278442055546
2020-04-02,300,1020.0790619190707,-0.00010266832768197838,-0.0010472981139063226,-0.001047277,3.7,3.2301025,-12.699931376689193
2020-04-03,300,1025.0988273988385,-0.00010266832768197838,-0.0010524518231779575,-0.0010524377,3.7,3.228051,-12.755379805693758
2020-04-06,300,1044.613226977869,-0.0004304448612322966,-0.004496483955279104,-0.0044964845,3.97,3.2893791,-17.14410277397867
2020-04-07,300,1044.613226977869,-0.0004304448612322966,-0.004496483955279104,-0.0044964845,3.97,3.3381362,-15.915964832834398
2020-04-08,300,1044.9896940697433,-0.0004727164905942179,-0.0049398386088777444,-0.004939818,3.95,3.3520417,-15.138184269772303
2020-04-09,300,1089.4145726083618,-0.0011395335060100363,-0.012414244074228318,-0.011915666,3.95,3.6225958,-8.288714251940767
2020-04-10,300,1094.810881775546,-0.004624936429675882,-0.05063430730729298,-0.0144816,3.97,3.9364858,-0.844187220037739
2020-04-13,300,1094.810881775546,0.0002143176487518989,0.002346372940101282,0.0023464314,4.0,4.065135,1.6283750534057617
2020-04-14,300,1102.2777216502664,-0.005027095819550303,-0.05541255726491487,-0.025839498,4.28,4.1923866,-2.0470414206246406
2020-04-15,300,1083.7673364436232,-0.005027095819550303,-0.05448202246400905,-0.054481912,4.26,4.433385,4.070067965368715
2020-04-16,300,1079.500581743146,-0.0009480518425693961,-0.010234225155763246,-0.01023425,4.25,4.1414046,-2.5551852057961857
2020-04-17,300,1059.9234504147266,-0.001138545838137726,-0.012067714332142654,-0.012067733,4.13,4.0117407,-2.863421682584081
2020-04-20,300,1067.704102227475,-0.0013671755353841793,-0.014597389275947326,-0.014597392,4.14,3.7358823,-9.761297530022214
2020-04-21,300,1053.0212728800461,7.744671159404428e-06,8.155303482313434e-05,8.1476326e-05,4.09,3.3944247,-17.006731616255703
2020-04-22,300,1084.7085424710795,-0.0008721180084732623,-0.009459938538338129,-0.009459938,4.06,3.5138102,-13.45295177891923
2020-04-23,300,1087.5949688983799,-0.0008721180084732623,-0.009485111583011947,-0.009485101,4.15,3.5173707,-15.244079497923341
2020-04-24,300,1081.4457255474474,-0.0013671755353841793,-0.014785261388142637,-0.014785258,4.23,3.6826956,-12.93863765455026
2020-04-26,300,1074.1670809208929,-0.0013671755353841793,-0.014685749539500827,-0.014685687,3.84,3.6280763,-5.518845965464906
2020-04-27,300,1074.1670809208929,-0.0013671755353841793,-0.014685749539500827,-0.014685742,3.84,3.6412296,-5.176311731338497
2020-04-28,300,1073.288606642825,-0.0009846420341741555,-0.010568050769007362,-0.010568048,3.97,3.7111025,-6.521347968344129
2020-04-29,300,1068.8335800986397,-0.0009846420341741555,-0.010524184705019698,-0.010524117,3.92,3.60724,-7.978572407547307
2020-04-30,300,1056.7860969898718,-0.0009846420341741555,-0.010405560122270736,-0.010405529,3.91,3.6016695,-7.885689259794975
2020-05-01,300,1056.7860969898718,-0.0008721180084732623,-0.009216421862890388,-0.0047201514,3.96,3.5234425,-11.024179121460577
2020-05-04,300,1056.7860969898718,-3.452709391686213e-05,-0.0003648775282080348,-0.00036487082,3.96,3.4991858,-11.63672220827353
2020-05-05,300,1056.7860969898718,-0.0008721180084732623,-0.009216421862890388,-0.0021026637,3.96,3.5229952,-11.035473900611954
2020-05-06,300,1056.7860969898718,7.744671159404428e-06,8.18446080701703e-05,8.188831e-05,3.96,3.4088454,-13.918044832017687
2020-05-07,300,1080.379056021214,0.0001446587177956373,0.0015628624897728982,0.0015628601,3.95,3.463291,-12.321748612802242
2020-05-08,300,1072.912139550951,-7.705039880750787e-05,-0.000826683082378173,-0.0008267543,4.01,3.4384267,-14.253697430998306
2020-05-09,300,1063.7510828694833,7.744671159404428e-06,8.238402332284516e-05,8.2387036e-05,3.95,3.368577,-14.71956953217712
2020-05-11,300,1063.7510828694833,7.744671159404428e-06,8.238402332284516e-05,8.2387036e-05,3.95,3.409136,-13.692758053163942
2020-05-12,300,1069.4610507836107,7.744671159404428e-06,8.282624156110185e-05,8.27665e-05,3.88,3.4619548,-10.77435999801478
2020-05-13,300,1075.4220222908348,0.00022945378409459433,0.002467596525132932,0.0024676647,3.88,3.506462,-9.627265536908018
2020-05-14,300,1090.6067822289149,0.00018493208424714914,0.0020168818533166993,0.002016883,3.83,3.5282397,-7.878858302342986
2020-05-15,300,1100.2071143471876,-0.0007308962919285694,-0.008041373002297911,-0.008041469,3.94,3.6154482,-8.237354404430096
2020-05-18,300,1086.6537628709234,5.969042741808608e-06,6.486282756123698e-05,0.0010649492,4.14,3.4981055,-15.504697440327073
2020-05-19,300,1094.4343380881294,5.969042741808608e-06,6.532725342151058e-05,6.526779e-05,4.02,3.5173628,-12.503412113853939
2020-05-20,300,1098.4501657910519,-0.00019476136320685075,-0.002139356517042565,-0.0005511334,4.12,3.5698814,-13.35239225220912
2020-05-21,300,1079.5633134925347,0.00018493208424714914,0.001996458936409329,0.001996403,4.03,3.5225952,-12.590690641190225
2020-05-22,300,1088.4106348315165,-3.452709391686213e-05,-0.00037579656208939306,-0.00037578854,3.92,3.517466,-10.26872274826984
2020-05-24,300,1069.7120543767076,0.00018493208424714914,0.0019782407976018427,0.001978243,3.84,3.540487,-7.79981637994448
2020-05-25,300,1069.7120543767076,0.00018493208424714914,0.0019782407976018427,0.0019782863,3.84,3.5556405,-7.40519637862841
2020-05-26,300,1069.7120543767076,0.00018493208424714914,0.0019782407976018427,0.001978243,3.88,3.5806818,-7.714386576229762
2020-05-27,300,1073.1631431440478,0.00018493208424714914,0.001984622967988504,0.0019846396,3.8,3.548289,-6.623972089667065
2020-05-28,300,1075.0455551989608,0.00018493208424714914,0.0019881041518357745,0.0019880873,3.83,3.5732346,-6.704058535105256
2020-05-29,300,1089.8538480451668,-0.0007308962919285694,-0.00796570136280295,-0.007965739,3.78,3.6385183,-3.742901231876752
2020-06-01,300,1090.4185869807493,-0.00140109615979422,-0.015277812947869675,-0.012804067,3.89,3.7658372,-3.1918459502467798
2020-06-02,300,1082.512395073681,5.969042741808608e-06,6.461562754732409e-05,6.4508866e-05,3.88,3.5740998,-7.884026311107515
2020-06-03,300,1065.3197595819108,0.00018493208424714914,0.001970118035291546,0.0019701333,3.93,3.541869,-9.876108776218718
2020-06-04,300,1078.5593757156894,-0.0007308962919285694,-0.0078831504833539,-0.0062965313,3.85,3.6337166,-5.617751084364856
2020-06-05,300,1051.766331510104,0.00018493208424714914,0.0019450533982714156,0.0019450237,3.82,3.5733175,-6.457656341073397
2020-06-08,300,1065.6334949243965,-0.0011365955423011341,-0.012111942800578472,-0.012112098,4.01,3.695908,-7.832716468563693
2020-06-09,300,1075.9239528814862,-0.00140109615979422,-0.015074729186128677,-0.015074822,4.04,3.8964653,-3.5528390714437665
2020-06-10,300,1075.0455551989608,-0.00140109615979422,-0.015062421989931091,-0.015062376,4.01,3.9622562,-1.190618624413692
2020-06-11,300,1086.7792263697006,-0.00140109615979422,-0.015226822006107211,-0.015226911,4.05,3.8027885,-6.103987752655402
2020-06-12,300,1085.085086158496,-0.00140109615979422,-0.015203085472666494,-0.015203059,3.97,3.9248195,-1.1380486284155138
2020-06-15,300,1079.4378499937573,-0.0011365955423011341,-0.012268842484940248,-0.012268871,3.91,3.7022173,-5.314134514850123
2020-06-16,300,1085.273281406662,0.0001295910118266018,0.0014064166264586566,0.0014063149,4.0,3.6730406,-8.173984289169312
2020-06-17,300,1085.0222778135649,-0.0006782761772014841,-0.0073594476277383135,-0.007359605,4.03,3.7647471,-6.581956754547201
2020-06-18,300,1082.261468076127,-0.0011365955423011341,-0.01230093560219607,-0.011841399,4.15,3.720003,-10.361376153417389
2020-06-19,300,1095.5010842099055,-0.00140109615979422,-0.01534902362136903,-0.015349033,4.16,3.9253592,-5.640402665505046
2020-06-22,300,1102.2777216502664,-0.00140109615979422,-0.015443970828309105,-0.015443965,4.25,4.0193257,-5.427629807416131
2020-06-23,300,1111.9407855179275,-0.00140109615979422,-0.015579359645077367,-0.015579401,4.24,4.097189,-3.368185151298096
2020-06-24,300,1107.987766159936,-0.00140109615979422,-0.015523974042656626,-0.015523934,4.38,4.122478,-5.879497528076169
2020-06-25,300,1113.6350023246748,-0.00140109615979422,-0.015603097251695293,-0.015603122,4.37,4.135955,-5.355724099026121
2020-06-26,300,1113.6350023246748,-0.00140109615979422,-0.015603097251695293,-0.015602905,4.37,3.9814196,-8.892000839966661
2020-06-28,300,1113.6350023246748,-0.00140109615979422,-0.015603097251695293,-0.015603166,4.37,3.9478679,-9.659774134306398
2020-06-29,300,1113.6350023246748,-0.001402274130967549,-0.01561621555099878,-0.0156162195,4.37,3.9151788,-10.407808334385505
2020-06-30,300,1125.054938152929,-0.00140109615979422,-0.015763101534035925,-0.015762974,4.4,4.253018,-3.3405022187666535
2020-07-01,300,1112.6309879522871,-0.00140109615979422,-0.015589030044879985,-0.015589071,4.59,4.1057825,-10.549400678647107
2020-07-02,300,1119.4077019881904,-0.001402274130967549,-0.015697164625038708,-0.015697142,4.62,4.2506433,-7.9947347764845045
2020-07-03,300,1122.2313200705598,-0.0008854440127770426,-0.009936730033073542,-0.009936663,4.75,4.281845,-9.855892783717104
2020-07-06,300,1122.2313200705598,-0.00140109615979422,-0.015723539929516597,-0.015723683,5.11,4.103824,-19.690329967879507
2020-07-07,300,1132.082579186387,-0.0008854440127770426,-0.010023957417097787,-0.010023832,5.13,4.145685,-19.187423081425894
2020-07-08,300,1139.1730285647757,-0.0014888223820770838,-0.01696026301985775,-0.016960345,5.58,4.3024545,-22.895081154334502
2020-07-09,300,1128.945225761532,-0.0014888223820770838,-0.01680798920252835,-0.016807953,6.14,4.1978083,-31.6317872038105
2020-07-10,300,1128.317755076561,-0.0014888223820770838,-0.016798647278529533,-0.0159753,5.66,4.384081,-22.542740515179855
2020-07-13,300,1136.3494104824063,-0.0014888223820770838,-0.016918224361863063,-0.016918192,6.0,4.593112,-23.44813346862793
2020-07-14,300,1136.0984068893094,-0.0014888223820770838,-0.016914487364189216,-0.016914723,5.82,4.556613,-21.707680954556288
2020-07-15,300,1136.6004140755033,-0.0014888223820770838,-0.016921961359536906,-0.01692175,5.65,4.551604,-19.440640812426544
2020-07-16,300,1128.6314904190467,-0.00140109615979422,-0.015813212470489536,-0.015813194,5.44,4.3219724,-20.551978489931898
2020-07-17,300,1134.6552702712017,-0.001402274130967549,-0.015910977330672992,-0.015910944,5.35,4.3582163,-18.53801335129782
2020-07-20,300,1139.4240321578725,-0.001402274130967549,-0.015977848444977214,-0.015977817,5.61,4.4534163,-20.616464393874118
2020-07-21,300,1156.0520053096031,-0.00140109615979422,-0.016197400251616922,-0.016197167,5.68,4.782663,-15.798188934863449
2020-07-22,300,1169.6680885352557,-0.00140109615979422,-0.016388174670805927,-0.016398044,5.85,4.781188,-18.270290407360104
2020-07-23,300,1185.3548556595297,-0.0014888223820770838,-0.017647828398096588,-0.017647544,5.82,4.936631,-15.17815802924822
2020-07-24,300,1190.5001612336173,-0.001402274130967549,-0.01669407579010598,-0.01669407,5.63,4.82002,-14.386852596411694
2020-07-27,300,1211.6458926789214,-0.0014901948820359116,-0.01805588508109962,-0.018056065,6.02,5.024393,-16.538320902574096
2020-07-28,300,1220.2422104248064,-0.0014901948820359116,-0.018183986968192345,-0.018183824,5.76,4.9124355,-14.714660909440777
2020-07-29,300,1225.763983090768,-0.0017239657418989494,-0.021131751145020874,-0.02113202,5.74,5.0249844,-12.456718471407479
2020-07-30,300,1218.7363420573104,-0.0017239657418989494,-0.02101059702114043,-0.014799353,5.65,4.8583226,-14.011989019613354
2020-07-31,300,1231.599491099215,-0.0017239657418989494,-0.021232353303952265,-0.021232633,5.85,4.84295,-17.21453218378572
2020-08-03,300,1233.607366652905,-0.0007080893959479661,-0.008735042950902166,-0.009933194,5.84,4.8829145,-16.388449603564116
2020-08-04,300,1255.6943041256657,-0.0007080893959479661,-0.008891438213036442,-0.0102719795,5.79,4.948425,-14.534977268884425
2020-08-05,300,1274.4556929254059,-0.0007080893959479661,-0.009024285617659972,-0.009079032,6.04,5.013074,-17.00208739729117
2020-08-06,300,1287.256110217922,-0.0007080893959479661,-0.00911492401514537,-0.0091147665,6.57,5.088279,-22.552834544189086
2020-08-07,300,1261.278808541016,-0.0010112983465159085,-0.012755291735730845,-0.012755192,6.64,4.824872,-27.336264805621408
2020-08-10,300,1270.2516699743176,-0.0010112983465159085,-0.01284603413504099,-0.01284609,6.33,4.890582,-22.739619515706767
2020-08-11,300,1212.6498304557665,-0.0010112983465159085,-0.012263507684427135,-0.012263319,6.03,4.5917063,-23.85230056484343
2020-08-12,300,1214.0930436694166,-0.0010112983465159085,-0.012278102875793478,-0.012278151,5.7,4.6310167,-18.75409243399637
2020-08-13,300,1227.7718586444582,-0.0010112983465159085,-0.012416436505459044,-0.01241632,5.72,4.732072,-17.27147069010701
2020-08-14,300,1215.410716788747,-0.0010112983465159085,-0.012291428482261751,-0.012291682,5.78,4.6051903,-20.325427731840673
2020-08-17,300,1245.5293096673531,-0.0010112983465159085,-0.012596017314036952,-0.012595947,6.11,4.8346562,-20.873056652112798
2020-08-18,300,1254.5649028500436,-0.0010112983465159085,-0.012687394118491404,-0.012687452,6.36,4.7913175,-24.664819765390842
2020-08-19,300,1229.0268000144001,-0.0010112983465159085,-0.01242912770678301,-0.01242907,6.5,4.522699,-30.42001724243164
2020-08-20,300,1213.4028412350572,-0.000985518587454588,-0.011958310541073571,-0.011958274,6.32,4.2441382,-32.845913911167585
2020-08-21,300,1213.9047718257084,-0.000985518587454588,-0.01196325716034056,-0.011963304,6.2,4.2886667,-30.827956045827563
2020-08-24,300,1209.5752087803003,-0.000177650987615511,-0.0021488223043505824,-0.0021486764,6.7,4.2141232,-37.102638073821566
2020-08-25,300,1199.5984861656962,-0.000177650987615511,-0.0021310985580940784,-0.0021310693,6.6,4.1950207,-36.43908067183061
2020-08-26,300,1217.732327684923,-0.000177650987615511,-0.0021633135066456166,-0.002163248,6.53,4.2317433,-35.19535473623466
2020-08-27,300,1205.747652921086,-0.000177650987615511,-0.002142022613565153,-0.0021418245,6.48,4.1750712,-35.569888279761805
2020-08-28,300,1232.7288923748372,-0.000985518587454588,-0.012148772367277084,-0.010020796,6.65,4.2641225,-35.877857351661625
2020-08-31,300,1234.61130442975,-0.000985518587454588,-0.012167323887970734,-0.012167217,7.19,4.332522,-39.742393387541156
2020-09-01,300,1234.987771521624,-0.000177650987615511,-0.0021939679730389556,-0.0021941254,7.34,4.209488,-42.650028405462365
2020-09-02,300,1213.7793083269312,-5.840419654473708e-05,-0.0007088980528546111,-0.00070888194,7.13,3.9961696,-43.95274099427554
2020-09-03,300,1209.5124770309117,-5.840419654473708e-05,-0.0007064060443182516,-0.0007061932,7.06,3.9409761,-44.178808174457494
2020-09-04,300,1207.190866134736,-5.840419654473708e-05,-0.0007050501261274451,-0.0007049789,7.0,4.0325003,-42.39285332815988
2020-09-06,300,1212.9008340488633,-5.840419654473708e-05,-0.0007083849870106535,-0.0007084049,7.09,3.9449518,-44.35893127376842
2020-09-07,300,1212.9008340488633,-5.840419654473708e-05,-0.0007083849870106535,-0.000708535,7.09,4.094659,-42.24740688824351
2020-09-08,300,1212.9008340488633,-5.840419654473708e-05,-0.0007083849870106535,-0.0007083182,7.04,4.0750694,-42.11549108678644
2020-09-09,300,1220.2422104248064,-0.00048360556409880956,-0.005901159225096668,-0.0074910945,6.73,4.0843434,-39.31139029152858
2020-09-10,300,1226.2031819320307,-0.000177650987615511,-0.0021783620628750737,-0.0021784264,6.98,4.1501317,-40.542525753250786
2020-09-11,300,1215.912723974941,-5.840419654473708e-05,-0.000710144057122791,-0.0007100529,6.91,3.9916852,-42.2332105346768
2020-09-14,300,1225.512979497671,-5.840419654473708e-05,-0.0007157510092270833,-0.000715734,7.14,3.9809341,-44.24461984500831
2020-09-15,300,1227.5209316469038,-0.000177650987615511,-0.0021807030582578464,-0.0021806816,7.17,4.088069,-42.98369648400045
2020-09-16,300,1229.9680060418564,-0.000177650987615511,-0.0021850503100881657,-0.0021849314,7.04,4.1617413,-40.88435714895075
2020-09-17,300,1217.29312884366,-0.000177650987615511,-0.002162533265566517,-0.002162554,6.8,4.102054,-39.675674718969006
2020-09-18,300,1224.8855088127002,-0.000985518587454588,-0.012071474364386865,-0.0061983154,7.03,4.234767,-39.761494165803086
2020-09-21,300,1192.9472356285698,-0.000177650987615511,-0.0021192825458260915,-0.0021191868,6.87,4.125575,-39.94796119923154
2020-09-22,300,1191.315827166754,-5.840419654473708e-05,-0.0006957784371670313,-0.0006957417,6.56,4.02265,-38.679119435752305
2020-09-23,300,1167.0327422965947,0.0001295910118266018,0.0015123695390898953,-6.934432e-05,6.45,3.9723485,-38.41320230055225
2020-09-24,300,1172.3035113694593,-5.840419654473708e-05,-0.0006846744468810733,-0.000684683,6.02,3.8707197,-35.70233104236893
2020-09-25,300,1165.6522608323332,-5.840419654473708e-05,-0.0006807898374446872,-0.0006807799,6.2,3.813698,-38.48874107483895
2020-09-27,300,1175.1271294518285,0.0001295910118266018,0.0015228591373055253,0.00061061163,6.19,3.8010776,-38.593253565527895
2020-09-28,300,1175.1271294518285,-5.840419654473708e-05,-0.0006863235583355728,-0.0006864177,6.19,3.9082508,-36.86186092543102
2020-09-29,300,1188.6177491787041,0.0001295910118266018,0.0015403417679112625,0.0011331877,6.19,3.9133813,-36.77897676705159
2020-09-30,300,1184.3509178826848,0.0001295910118266018,0.001534812338061817,0.0015349424,6.15,3.8576493,-37.27399469391118
2020-10-01,300,1204.4299798017555,-5.840419654473708e-05,-0.0007034376526471544,-0.00070333097,6.22,3.905793,-37.205901099937904
2020-10-02,300,1204.4299798017555,0.0001295910118266018,0.0015608329975680304,-6.852034e-05,6.22,3.9011207,-37.2810182847394
2020-10-05,300,1204.4299798017555,-5.840419654473708e-05,-0.0007034376526471544,-0.0007034177,6.22,3.9465625,-36.55044166221496
2020-10-06,300,1204.4299798017555,-5.840419654473708e-05,-0.0007034376526471544,-0.00070346106,6.22,3.9188712,-36.99564044498554
2020-10-07,300,1204.4299798017555,-5.840419654473708e-05,-0.0007034376526471544,-0.0007035478,6.22,3.9482052,-36.52403162989969
2020-10-08,300,1204.4299798017555,0.0001295910118266018,0.0015608329975680304,0.00018734676,6.22,3.864865,-37.863905713489196
2020-10-09,300,1204.4299798017555,-5.840419654473708e-05,-0.0007034376526471544,-0.0007032876,6.22,3.9405446,-36.64719284155744
2020-10-10,300,1206.3123918566682,-5.840419654473708e-05,-0.0007045370602834875,-0.0007045019,6.58,3.9677987,-39.699107752744915
2020-10-12,300,1206.3123918566682,-5.840419654473708e-05,-0.0007045370602834875,-0.00070454524,6.58,3.964406,-39.75066848801262
2020-10-13,300,1184.9783885676557,0.0001295910118266018,0.001535625483671386,0.0005856755,6.58,3.9706726,-39.6554314981478
2020-10-14,300,1193.010043973501,-5.840419654473708e-05,-0.0006967679308807379,-0.00069660903,6.49,3.9515333,-39.11350820391498
2020-10-15,300,1194.2021769985117,0.0001295910118266018,0.0015475786844276773,0.0001606325,6.56,4.055836,-38.17322864765074
2020-10-16,300,1192.6963086310157,-5.840419654473708e-05,-0.0006965846962746823,-0.00069647894,6.59,4.049429,-38.55191290107229
2020-10-19,300,1196.2101291477443,-0.0010112983465159085,-0.012097253256926952,-0.009317032,6.68,4.201416,-37.104550664296404
2020-10-20,300,1198.7200118876283,-0.0017239657418989494,-0.020665522346229728,-0.020665301,6.75,4.2660475,-36.799296626338254
2020-10-21,300,1207.6300649759987,-0.0014901948820359116,-0.017996041422199287,-0.017996043,6.97,4.435386,-36.36461720405042
2020-10-22,300,1192.8845038791812,-0.0010112983465159085,-0.012063621263574659,-0.012063657,6.96,4.2591925,-38.80470593770345
2020-10-23,300,1193.4492428147637,-0.0010112983465159085,-0.012069332459092336,-0.012030914,6.91,4.1799192,-39.50912817859788
2020-10-26,300,1193.8884416560263,-0.000177650987615511,-0.0021209546076293643,-0.0021210948,7.04,4.097537,-41.79634885354476
2020-10-27,300,1197.7160741107832,-0.000985518587454588,-0.011803714535293136,-0.0118035395,7.07,4.2251706,-40.238039429487905
2020-10-28,300,1177.2604685042959,0.0001295910118266018,0.0015256237529693098,0.0013289477,7.16,4.0939455,-42.82199017828403
2020-10-29,300,1170.6092945627122,0.0001295910118266018,0.001517004429360064,0.0015169015,7.01,3.9821873,-43.192763607444164
2020-10-30,300,1178.0134792835865,0.0001295910118266018,0.001526599587257356,0.0015264858,6.99,3.9641187,-43.28871646493631
2020-11-02,300,1186.1705981882092,0.0001295910118266018,0.0015371704801817555,0.0015371975,7.19,3.9897528,-44.5096972257272
2020-11-03,300,1197.5278022670748,-0.000177650987615511,-0.002127419967697782,-0.0021273831,7.65,4.0712833,-46.78060992870456
2020-11-04,300,1188.80594442687,0.0001295910118266018,0.0015405856520375703,0.0012135906,7.67,4.049095,-47.20866813808874
2020-11-05,300,1220.618754112223,-0.0010112983465159085,-0.012344097277599995,-0.01234407,7.66,4.221125,-44.89392786050901
2020-11-06,300,1223.756107537078,-0.0017239657418989494,-0.021097136058335294,-0.02109724,7.9,4.2285786,-46.47368901892554
2020-11-09,300,1162.8286427499638,0.0001295910118266018,0.0015069214039492187,0.0015069705,8.13,4.0296574,-50.434718771321016
2020-11-10,300,1176.7585379136447,-0.0010112983465159085,-0.01190053963640547,-0.011900422,7.7,4.198597,-45.47276682667918
2020-11-11,300,1167.534672887246,0.0001295910118266018,0.0015130199960209875,0.0015131286,7.53,4.066389,-45.99748892613141
2020-11-12,300,1175.001589357509,-0.00016337249846644358,-0.001919629453553784,-0.0013210115,7.67,4.077924,-46.83280606624201
2020-11-13,300,1183.22144001152,-0.0002292244341869932,-0.0027122326510455996,-0.0027121045,7.64,4.1296406,-45.947112837387
2020-11-16,300,1184.2254543839074,-0.0007975232617086803,-0.009444473469786979,-0.011025096,8.19,4.1561375,-49.253510788392376
2020-11-17,300,1182.4685058277719,-0.000177650987615511,-0.002100666978845413,-0.0021007122,8.21,4.0997877,-50.063487063371895
2020-11-18,300,1175.5663282930914,0.0001295910118266018,0.0015234282995278483,0.0006533718,8.42,3.9894702,-52.61911824876509
2020-11-19,300,1167.785676480343,0.0001295910118266018,0.0015133452741170031,0.0015133888,8.38,4.0213203,-52.012883734873775
2020-11-20,300,1175.001589357509,1.0343993342600672e-05,0.00012154208617859281,0.00012134172,8.98,4.124367,-54.07163433083448
2020-11-23,300,1153.1656554778451,-0.0007975232617086803,-0.009196764348471194,-0.0074300338,9.16,4.1741786,-54.43036462542271
2020-11-24,300,1132.4591228738034,0.0001295910118266018,0.0014675652358548215,0.0014675062,9.15,4.0677896,-55.54328355632845
2020-11-25,300,1133.0237852138432,-0.0007975232617086803,-0.009036128247772595,-0.009036055,8.62,4.1784706,-51.5258629747997
2020-11-26,300,1118.09002886886,-0.0007975232617086803,-0.008917028067074458,-0.008917098,8.86,4.151329,-53.14527042294194
2020-11-27,300,1118.09002886886,-0.001402274130967549,-0.015678687235755624,-0.015678756,8.95,4.2192354,-52.85770480193239
2020-11-30,300,1114.1996646647146,-0.00140109615979422,-0.015611008714057396,-0.015611015,9.29,4.25694,-54.17718096877837
2020-12-01,300,1138.2945542867078,-0.00140109615979422,-0.015948601287257797,-0.015948586,9.39,4.5889835,-51.12903582783172
2020-12-02,300,1145.5731989132626,-0.00140109615979422,-0.016050582097605525,-0.016050499,9.35,4.6679306,-50.07560852377172
2020-12-03,300,1152.5381847928743,-0.00140109615979422,-0.016148168247294974,-0.016148336,8.86,4.6709776,-47.28016261322503
2020-12-04,300,1151.9734458572918,-0.00140109615979422,-0.016140255711755664,-0.016140444,9.13,4.739698,-48.086550567392976
2020-12-07,300,1168.2249519171482,-0.0014888223820770838,-0.017392794557151755,-0.017392717,8.81,5.119917,-41.885165540368284
2020-12-08,300,1173.8721880818869,-0.0014901948820359116,-0.01749298326843925,-0.017492983,8.91,5.0016317,-43.864963672779226
2020-12-09,300,1151.1577033286123,-0.001402274130967549,-0.016142386680417297,-0.016142352,8.71,4.8461037,-44.361611157142484
2020-12-10,300,1150.5302326436415,-0.00140109615979422,-0.01612003490684157,-0.016120235,8.55,4.9166794,-42.49497798451206
2020-12-11,300,1154.420596847787,-0.001402274130967549,-0.0161881413921577,-0.016187973,8.43,4.7109246,-44.11714560620725
2020-12-14,300,1147.4556109681753,-0.0016981859045879164,-0.01948592944686471,-0.019485883,8.51,4.601539,-45.927859753475346
2020-12-15,300,1162.263980409924,-0.001402274130967549,-0.016298127130842107,-0.016298387,8.33,4.789484,-42.50319298862123
2020-12-16,300,1164.648323055488,-0.0014901948820359116,-0.01735552970388995,-0.017355422,8.38,4.955474,-40.86546658900587
2020-12-17,300,1184.1626460389764,-0.0014888223820770838,-0.017630078514424514,-0.017643034,8.83,5.3060513,-39.90881931741267
2020-12-18,300,1183.22144001152,-0.0014901948820359116,-0.017632305342203284,-0.017632453,9.19,5.1422453,-44.04520900257264
2020-12-21,300,1179.1428805592088,-0.0014901948820359116,-0.017571526857984153,-0.017571392,9.39,5.2696886,-43.879780550988215
2020-12-22,300,1171.2367652476833,-0.0015234621213458263,-0.01784334846982459,-0.017843565,8.75,5.0657406,-42.105821881975444
2020-12-23,300,1176.3192624768394,-0.0015234621213458263,-0.017920778389929237,-0.017920759,8.77,5.222844,-40.44647521276702
2020-12-24,300,1179.582155996014,-0.0007080893959479661,-0.008352496163102172,-0.008352543,8.91,5.228028,-41.32404241765254
2020-12-25,300,1177.887939189267,-0.0007080893959479661,-0.008340499593549227,-0.008340574,9.27,5.307225,-42.74837942442333
2020-12-28,300,1177.887939189267,-0.0007080893959479661,-0.008340499593549227,-0.008340574,9.44,5.313068,-43.71750092102309
2020-12-29,300,1179.4566159016942,-0.0007080893959479661,-0.008351607227006631,-0.008351675,9.1,5.1575313,-43.323832291823166
2020-12-30,300,1186.5470652800832,-0.0007080893959479661,-0.008401813947180061,-0.008401808,9.27,5.2875495,-42.96063111437948
2020-12-31,300,1187.8647383994137,-0.0007080893959479661,-0.008411144250811296,-0.008411002,9.29,5.25945,-43.38589925940506
2020-01-01,400,956.5790592382267,-0.002250399603815045,-0.021526851359274738,-0.018002376,4.75,4.3348427,-8.740154065583882
2020-01-02,400,956.5790592382267,-0.002250399603815045,-0.021526851359274738,-0.017224105,4.75,4.3742323,-7.910899112099095
2020-01-03,400,972.0775545187923,-0.0012544821773052416,-0.012194539671022893,-0.013137431,4.8,4.2961087,-10.497734944025673
2020-01-06,400,982.7445561632986,-0.0012544821773052416,-0.01232835530550608,-0.0123283705,4.86,4.334215,-10.81861802089362
2020-01-07,400,986.25845327557,-0.0012544821773052416,-0.01237243651850837,-0.014596741,4.67,4.288839,-8.161908707220498
2020-01-08,400,977.2228600928797,-0.0015078333062502364,-0.014734891760771592,-0.014734909,4.7,4.138924,-11.937784641347035
2020-01-09,400,973.6462312312198,-0.0007822298248812509,-0.00761615120952287,-0.007616166,4.51,4.172189,-7.490260849506518
2020-01-10,400,977.2855918422683,-0.0007822298248812509,-0.007644619373657472,-0.007644528,4.54,4.1723986,-8.09694785903729
2020-01-13,400,971.5756239281411,-0.0007822298248812509,-0.007599954301642019,-0.0076001203,4.63,4.141581,-10.549005215935262
2020-01-14,400,967.8107998183154,-0.0013109593768653104,-0.012687606430533365,-0.012687539,4.74,4.11243,-13.239871399312083
2020-01-15,400,973.8972348243167,-0.003138176240524394,-0.030562611630380775,-0.011983687,4.6,4.180331,-9.123234126878815
2020-01-16,400,971.9520910200152,-0.0007822298248812509,-0.007602899139515522,-0.0076028956,4.52,4.129524,-8.638844447853282
2020-01-17,400,978.1013343709476,-0.0007822298248812509,-0.007651000355011042,-0.0076510333,4.62,4.1486664,-10.202026367187504
2020-01-19,400,976.5953894079088,-0.003138176240524394,-0.03064728447645568,-0.011070112,4.54,4.2128296,-7.206396699476872
2020-01-20,400,976.5953894079088,-0.0019539236497669045,-0.019081928276174324,-0.019082135,4.54,4.2436485,-6.527565439367085
2020-01-21,400,976.5953894079088,-0.004814357699934317,-0.047016795327163186,-0.04701675,4.36,4.239083,-2.773329971033506
2020-01-22,400,975.9051869735492,-0.004814357699934317,-0.04698356651311946,-0.046983443,4.43,4.195436,-5.294898401264676
2020-01-23,400,981.7406183864537,-0.005363043745618466,-0.052651178832570755,-0.028593019,4.29,4.1244936,-3.8579580667135605
2020-01-24,400,989.6467336979791,-0.0007822298248812509,-0.007741311911948722,-0.007741324,3.86,4.115924,6.630152371263261
2020-01-27,400,989.6467336979791,-0.0007822298248812509,-0.007741311911948722,-0.0077413674,3.86,4.100532,6.231400386039461
2020-01-28,400,989.6467336979791,-0.0007822298248812509,-0.007741311911948722,-0.007741324,3.86,4.0244384,4.260061688991412
2020-01-29,400,989.6467336979791,-0.0007822298248812509,-0.007741311911948722,-0.007741324,3.86,3.995509,3.510593503250363
2020-01-30,400,989.6467336979791,-0.001767365379992711,-0.017490673755606742,-0.01749064,3.86,3.8489997,-0.28498086286949664
2020-01-31,400,989.6467336979791,-0.0016204241572056813,-0.01603647474383903,-0.016097033,3.86,3.764061,-2.485466991681506
2020-02-03,400,989.6467336979791,-0.0014046328903038604,-0.013900903519339675,-0.013900853,3.86,3.5477624,-8.089057151517716
2020-02-04,400,972.8305652980831,-0.0013810701803493508,-0.013435472842655845,-0.013435538,3.98,3.4782412,-12.607004894084067
2020-02-05,400,977.4738636859767,-0.0014046328903038604,-0.01372991938345715,-0.013729904,4.03,3.524798,-12.536031850810092
2020-02-06,400,982.0543537289391,-0.0013810701803493508,-0.013562859834172911,-0.013562875,4.13,3.5175261,-14.829875308722615
2020-02-07,400,984.2505011263374,-0.0014783311301112994,-0.014550481556427113,-0.014550468,4.1,3.5748541,-12.80843571918766
2020-02-10,400,988.0780569855517,-0.0014783311301112994,-0.014607065506216274,-0.014607192,4.2,3.6128292,-13.980256943475636
2020-02-11,400,982.3680890714246,-0.0014783311301112994,-0.014522653273022369,-0.0145226475,4.24,3.5701773,-15.797704795621481
2020-02-12,400,983.4975669425894,-0.0014783311301112994,-0.014539350695999516,-0.0145393,4.3,3.6548913,-15.002529011216271
2020-02-13,400,988.3290605786486,-0.0014783311301112994,-0.014610776170470725,-0.014610749,4.32,3.6734571,-14.9662697756732
2020-02-14,400,993.0978224653194,-0.0014783311301112994,-0.014681274261962264,-0.014681199,4.54,3.628966,-20.066826143978975
2020-02-16,400,1003.9530959535341,-0.0014783311301112994,-0.014841751149197257,-0.014841722,4.61,3.6916435,-19.92096580290226
2020-02-17,400,1003.9530959535341,-0.0014783311301112994,-0.014841751149197257,-0.014841722,4.61,3.7511702,-18.629714568628412
2020-02-18,400,1003.9530959535341,-0.001653900949245912,-0.01660438978395922,-0.016604343,4.57,3.8096416,-16.63803939485446
2020-02-19,400,1008.6591260908162,-0.001653900949245912,-0.01668222286107153,-0.01668221,4.59,3.8228724,-16.713019601659834
2020-02-20,400,1014.3690940049435,-0.001653900949245912,-0.016776660074604918,-0.016776685,4.59,3.8069792,-17.05927713763999
2020-02-21,400,1031.9382731841301,-0.0011052147470623378,-0.01140513397581144,-0.011405124,4.7,4.041643,-14.007592708506484
2020-02-24,400,1049.3819888645398,-0.004814357699934317,-0.050521002582623854,-0.027554719,4.72,4.229554,-10.390801348928672
2020-02-25,400,1033.3814863977807,-0.0046993772592558,-0.048562494573136876,-0.029345615,4.57,4.119233,-9.863607627818574
2020-02-26,400,1029.0519233523726,-0.004791018314659539,-0.04930206611516841,-0.012836462,4.36,4.0478244,-7.159991220596741
2020-02-27,400,1029.0519233523726,-0.004791018314659539,-0.04930206611516841,-0.016444622,4.41,4.0611706,-7.909964217620645
2020-02-28,400,981.4268830439682,-0.0016204241572056813,-0.01590327829815521,-0.014648695,4.16,3.7534175,-9.773617982864383
2020-03-02,400,999.1216023174748,-0.0010879448789943116,-0.010869892307338877,-0.010869885,4.3,4.080858,-5.0963202188181285
2020-03-03,400,1030.369596471703,-0.0036958800960862587,-0.03808122483212197,-0.020003777,4.3,4.2515526,-1.1266841444858244
2020-03-04,400,1029.742125786732,-0.003798169998376938,-0.03911135648228057,-0.039111238,4.33,4.3304367,0.010085601454242008
2020-03-05,400,1045.6171647547144,-0.0036958800960862587,-0.03864475667343095,-0.03864469,4.35,4.441194,2.096415114128735
2020-03-06,400,1048.378051087695,-0.004254690402584145,-0.04460524032242686,-0.043037366,4.38,4.4935102,2.591558134174785
2020-03-09,400,1050.6996619838703,-0.003798169998376938,-0.03990735933451926,-0.039907373,4.08,4.55646,11.677938816594141
2020-03-10,400,1041.0365981162092,-0.003798169998376938,-0.039540339741773754,-0.037671704,4.04,4.198839,3.9316630599522346
2020-03-11,400,1029.9303976304404,-0.003798169998376938,-0.03911850736696369,-0.016236935,4.02,4.0783052,1.450379215069682
2020-03-12,400,997.2391902625619,-0.0014035525747718436,-0.013996776331564072,-0.013996732,3.92,3.616828,-7.733980490236864
2020-03-13,400,951.0572865722652,-0.0006124043562727226,-0.005824316253617703,-0.0058242725,3.84,3.3369248,-13.100916892290112
2020-03-16,400,932.3587061174562,-0.0006124043562727226,-0.005709805332351293,-0.005709804,3.64,3.2712932,-10.129308700561527
2020-03-17,400,956.8300628313235,-0.0006124043562727226,-0.005859668986906054,-0.0058596386,3.48,3.2475228,-6.680378420599576
2020-03-18,400,926.9624735458145,-0.00025938740958632403,-0.0024044239479678025,-0.0024044134,3.41,3.0706165,-9.952595786265269
2020-03-19,400,927.7781394789512,-0.0013722925970892862,-0.012731830725482361,-0.012731903,3.36,3.0176094,-10.190197683515999
2020-03-20,400,931.1664964969028,-0.0013722925970892862,-0.012778328898002664,-0.012778306,3.46,3.059928,-11.562776289923343
2020-03-23,400,983.2465633494925,-0.0013722925970892862,-0.013493019799979904,-0.013493065,3.46,3.0965588,-10.504080656635969
2020-03-24,400,1041.7268005505687,-0.00025938740958632403,-0.0027021081629146127,-0.00270213,3.74,3.201365,-14.402005506709303
2020-03-25,400,1024.2204297163132,-0.001694140237947591,-0.017351730425103788,-0.020101786,3.8,3.1956573,-15.90375649301629
2020-03-26,400,1035.3893619514706,-0.00011803615064243857,-0.0012221337470088214,-0.005809072,3.77,3.2239194,-14.484896773684879
2020-03-27,400,1018.9496606434485,-0.004872729168536764,-0.049650657326879684,-0.04820094,3.79,3.4129827,-9.947685956325882
2020-03-30,400,1017.7574510228952,-0.00022325405936609292,-0.002272184823909489,-0.0022721866,3.69,3.1598601,-14.36693403455946
2020-03-31,400,993.5370979021246,-0.00022325405936609292,-0.002218111902374566,-0.0022181075,3.69,3.0887449,-16.294176727129514
2020-04-01,400,990.2742043829501,-0.00022325405936609292,-0.0022108273601402157,-0.0022107784,3.73,3.1040232,-16.782219352415357
2020-04-02,400,1020.0790619190707,-0.00022325405936609292,-0.002277367914477886,-0.0022774122,3.7,3.125941,-15.51510707752125
2020-04-03,400,1025.0988273988385,-0.00022325405936609292,-0.0022885747446821252,-0.0022886444,3.7,3.1321719,-15.346706235730974
2020-04-06,400,1044.613226977869,-0.00025938740958632403,-0.002709595189654002,-0.0027095675,3.97,3.2005877,-19.380661222135995
2020-04-07,400,1044.613226977869,-0.00025938740958632403,-0.002709595189654002,-0.0027095675,3.97,3.2782235,-17.42510038899535
2020-04-08,400,1044.9896940697433,-0.00025938740958632403,-0.0027105716978915594,-0.0027106083,3.95,3.2933536,-16.62396056742608
2020-04-09,400,1089.4145726083618,-0.0017181829316391273,-0.01871813524134622,-0.018718043,3.95,3.5252163,-10.754016683071477
2020-04-10,400,1094.810881775546,-0.005090423624948197,-0.05573051177440607,-0.055730563,3.97,3.8485215,-3.059912568676086
2020-04-13,400,1094.810881775546,-0.00473364499939089,-0.05182446055795544,-0.05182462,4.0,3.9967136,-0.08215904235839844
2020-04-14,400,1102.2777216502664,-0.00473364499939089,-0.05217791425029767,-0.05217789,4.28,4.0184083,-6.111955642700201
2020-04-15,400,1083.7673364436232,-0.004632687533206192,-0.05020755428438454,-0.050207544,4.26,4.1899204,-1.6450604362666839
2020-04-16,400,1079.500581743146,-0.00473364499939089,-0.05109972530608,-0.035867102,4.25,3.970728,-6.571107752182904
2020-04-17,400,1059.9234504147266,-0.004752844661870809,-0.05037651513295323,-0.022021288,4.13,3.819759,-7.511891233430356
2020-04-20,400,1067.704102227475,-0.0013799900213167591,-0.014734210067928844,-0.014734286,4.14,3.5409827,-14.469016346954488
2020-04-21,400,1053.0212728800461,-0.0006124043562727226,-0.006448748147595876,-0.0064487397,4.09,3.292414,-19.50088141891367
2020-04-22,400,1084.7085424710795,-0.0006124043562727226,-0.006642802366955246,-0.006642754,4.06,3.3817978,-16.70448791804571
2020-04-23,400,1087.5949688983799,-0.0006124043562727226,-0.00666047896813664,-0.0066604805,4.15,3.383341,-18.47370906048511
2020-04-24,400,1081.4457255474474,-0.0015896117678791384,-0.017190788516528156,-0.017190767,4.23,3.4858606,-17.591948317579632
2020-04-26,400,1074.1670809208929,-0.0015896117678791384,-0.01707508632500234,-0.017075107,3.84,3.4482858,-10.200890153646466
2020-04-27,400,1074.1670809208929,-0.001591123395826951,-0.017091323734803744,-0.017091282,3.84,3.4646766,-9.7740463912487
2020-04-28,400,1073.288606642825,-0.001591123395826951,-0.017077346125039083,-0.017077329,3.97,3.5344555,-10.970893254508304
2020-04-29,400,1068.8335800986397,-0.001591123395826951,-0.01700646115540425,-0.0170065,3.92,3.4456599,-12.100513370669617
2020-04-30,400,1056.7860969898718,-0.001591123395826951,-0.016814770833052346,-0.016814588,3.91,3.433506,-12.186547008621726
2020-05-01,400,1056.7860969898718,-0.0006124043562727226,-0.006471804094450454,-0.006471844,3.96,3.379163,-14.667600333088576
2020-05-04,400,1056.7860969898718,-0.0006124043562727226,-0.006471804094450454,-0.006471844,3.96,3.3653848,-15.015534921125932
2020-05-05,400,1056.7860969898718,-0.0006124043562727226,-0.006471804094450454,-0.006471768,3.96,3.379685,-14.654421083854906
2020-05-06,400,1056.7860969898718,-0.0006124043562727226,-0.006471804094450454,-0.0064718327,3.96,3.2996795,-16.6747596528795
2020-05-07,400,1080.379056021214,-0.0006124043562727226,-0.006616288403332032,-0.004365548,3.95,3.3101187,-16.19952720931814
2020-05-08,400,1072.912139550951,-0.0006124043562727226,-0.006570560681588896,-0.0065705585,4.01,3.2953074,-17.822758158543454
2020-05-09,400,1063.7510828694833,-0.0006124043562727226,-0.006514457971390975,-0.006514441,3.95,3.2482703,-17.76530953902233
2020-05-11,400,1063.7510828694833,-0.0006124043562727226,-0.006514457971390975,-0.0065144845,3.95,3.2811046,-16.93406165400638
2020-05-12,400,1069.4610507836107,-0.0006124043562727226,-0.0065494260636388656,-0.0065494822,3.88,3.318288,-14.477111138019362
2020-05-13,400,1075.4220222908348,0.00018025243843542004,0.0019384744186507362,0.0019384318,3.88,3.3495288,-13.67193841442619
2020-05-14,400,1090.6067822289149,0.00018025243843542004,0.0019658453187096905,0.0019657966,3.83,3.3795915,-11.760013968764026
2020-05-15,400,1100.2071143471876,0.00010682599900466219,0.0011753072410217492,0.001175254,3.94,3.4360328,-12.791046394309415
2020-05-18,400,1086.6537628709234,0.00018025243843542004,0.0019587199049250865,0.0019586734,4.14,3.3612711,-18.809875773922826
2020-05-19,400,1094.4343380881294,0.00018025243843542004,0.001972744581478402,0.0019728437,4.02,3.3645315,-16.305186143561965
2020-05-20,400,1098.4501657910519,0.00018025243843542004,0.0019799832088362853,0.0019800211,4.12,3.3914113,-17.684191638983574
2020-05-21,400,1079.5633134925347,0.00018025243843542004,0.001945939197024512,0.0019459452,4.03,3.3690577,-16.400554458201675
2020-05-22,400,1088.4106348315165,-7.992524923259914e-05,-0.000869914912563204,-0.0008699481,3.92,3.3671389,-14.103600443625934
2020-05-24,400,1069.7120543767076,0.00018025243843542004,0.0019281820622516418,0.0019282079,3.84,3.391539,-11.678669353326159
2020-05-25,400,1069.7120543767076,0.00018025243843542004,0.0019281820622516418,0.001928132,3.84,3.4017286,-11.413316925366717
2020-05-26,400,1069.7120543767076,0.00018025243843542004,0.0019281820622516418,0.0019282404,3.88,3.4191322,-11.878035240566604
2020-05-27,400,1073.1631431440478,0.00018025243843542004,0.0019344027339073435,0.0019343877,3.8,3.3980393,-10.577912079660512
2020-05-28,400,1075.0455551989608,0.00018025243843542004,0.0019377958275377265,0.001937803,3.83,3.412125,-10.910571524119565
2020-05-29,400,1089.8538480451668,-0.0005464621497274864,-0.0059556387669153525,0.0012138075,3.78,3.4581757,-8.513871450272813
2020-06-01,400,1090.4185869807493,-0.0004918388423580985,-0.005363102155063653,-0.005363072,3.89,3.5390327,-9.022295689521538
2020-06-02,400,1082.512395073681,0.00018025243843542004,0.001951254988485978,0.0019512359,3.88,3.4112608,-12.080906101108823
2020-06-03,400,1065.3197595819108,0.00018025243843542004,0.0019202648437807487,0.0019203043,3.93,3.3870158,-13.816391360062076
2020-06-04,400,1078.5593757156894,0.0003205825190675786,0.0034576728163089065,0.003457686,3.85,3.4626746,-10.060399538510808
2020-06-05,400,1051.766331510104,0.00018025243843542004,0.001895834459189726,0.0018958234,3.82,3.4119012,-10.683213728260617
2020-06-08,400,1065.6334949243965,-0.0005464621497274864,-0.005823283704580002,9.0637666e-05,4.01,3.501331,-12.685010201318597
2020-06-09,400,1075.9239528814862,-0.0014166853805352394,-0.015242457346148873,-0.015242437,4.04,3.687672,-8.720992579318509
2020-06-10,400,1075.0455551989608,-0.0014166853805352394,-0.015230013214597573,-0.01522999,4.01,3.7345655,-6.868690861728121
2020-06-11,400,1086.7792263697006,-0.0014166853805352394,-0.015396242418673526,-0.005737733,4.05,3.563294,-12.017433731644239
2020-06-12,400,1085.085086158496,-0.0014166853805352394,-0.01537224178197562,-0.015372213,3.97,3.7136362,-6.457527458517623
2020-06-15,400,1079.4378499937573,0.0003752053765011191,0.004050108849164662,0.0040499857,3.91,3.5359454,-9.566613414403426
2020-06-16,400,1085.273281406662,0.0003752053765011191,0.004072003701567916,0.004072038,4.0,3.5414143,-11.464643478393555
2020-06-17,400,1085.0222778135649,-0.0004918388423580985,-0.005336561010525709,-0.005336477,4.03,3.6317666,-9.881723134156795
2020-06-18,400,1082.261468076127,0.0003752053765011191,0.004060703216021571,0.0040607625,4.15,3.541011,-14.674431444650681
2020-06-19,400,1095.5010842099055,-0.0010683587411839104,-0.011703881592921038,-0.011703708,4.16,3.72482,-10.461060129679169
2020-06-22,400,1102.2777216502664,-0.0014166853805352394,-0.015615807335516244,-0.0156157855,4.25,3.8008602,-10.567996081183939
2020-06-23,400,1111.9407855179275,-0.0014166853805352394,-0.01575270254864118,-0.01575274,4.24,3.8760238,-8.584345061824012
2020-06-24,400,1107.987766159936,-0.0014166853805352394,-0.015696700701306788,-0.015696492,4.38,3.91424,-10.633792615916628
2020-06-25,400,1113.6350023246748,-0.0014166853805352394,-0.01577670427045694,-0.01577681,4.37,3.924808,-10.187459373910588
2020-06-26,400,1113.6350023246748,-0.0014166853805352394,-0.01577670427045694,-0.015776634,4.37,3.7657979,-13.82613607620484
2020-06-28,400,1113.6350023246748,-0.0010683587411839104,-0.011897616892219307,-0.011897603,4.37,3.7446659,-14.309705694971154
2020-06-29,400,1113.6350023246748,-0.0004918388423580985,-0.005477289503528264,-0.005477204,4.37,3.7440877,-14.322936016580336
2020-06-30,400,1125.054938152929,-0.0014166853805352394,-0.015938488831802326,-0.015938526,4.4,4.0506597,-7.93955326080323
2020-07-01,400,1112.6309879522871,-0.0014166853805352394,-0.015762480545624853,-0.01576267,4.59,3.904357,-14.937756939391422
2020-07-02,400,1119.4077019881904,-0.000650364974218926,-0.007280235612440166,-0.0072802864,4.62,4.0348916,-12.664683866294434
2020-07-03,400,1122.2313200705598,-0.000650364974218926,-0.007298599435453609,-0.0072986307,4.75,4.1017246,-13.64790263928865
2020-07-06,400,1122.2313200705598,-0.0005491409112634343,-0.006162631297519141,-0.0061626676,5.11,3.865117,-24.36170111430368
2020-07-07,400,1132.082579186387,-0.0005491409112634343,-0.006216728591598716,-0.0062168334,5.13,3.936777,-23.25970536319368
2020-07-08,400,1139.1730285647757,-0.0014337660407982233,-0.0163330760294944,-0.016332865,5.58,4.0308833,-27.761947809581688
2020-07-09,400,1128.945225761532,-0.0011256608492141026,-0.012708094415469327,-0.012708095,6.14,3.9032385,-36.42933982202983
2020-07-10,400,1128.317755076561,-0.0014337660407982233,-0.016177436804584604,-0.01617748,5.66,4.099001,-27.579488855368677
2020-07-13,400,1136.3494104824063,-0.0014337660407982233,-0.016292591952307547,-0.016292403,6.0,4.32588,-27.90199915568034
2020-07-14,400,1136.0984068893094,-0.0014337660407982233,-0.016288993148028542,-0.01628902,5.82,4.3078847,-25.981362660725914
2020-07-15,400,1136.6004140755033,-0.0014337660407982233,-0.016296190756586556,-0.016296046,5.65,4.3380175,-23.220929846299438
2020-07-16,400,1128.6314904190467,-0.0014166853805352394,-0.015989157324883617,-0.015989438,5.44,4.1231713,-24.206409384222596
2020-07-17,400,1134.6552702712017,-0.0014166853805352394,-0.016074495333404725,-0.016074525,5.35,4.175942,-21.94501039023711
2020-07-20,400,1139.4240321578725,-0.0014185294132621341,-0.016163065037936818,-0.016162995,5.61,4.281807,-23.67545551157253
2020-07-21,400,1156.0520053096031,-0.0014337660407982233,-0.016575081066095964,-0.016575158,5.68,4.6200495,-18.661100763670152
2020-07-22,400,1169.6680885352557,-0.0014337660407982233,-0.01677030384347219,-0.016770223,5.85,4.5936446,-21.47616035917885
2020-07-23,400,1185.3548556595297,-0.0014337660407982233,-0.016995215383399133,-0.016995473,5.82,4.7511086,-18.365830817992748
2020-07-24,400,1190.5001612336173,-0.0014357992813301603,-0.017093192759226678,-0.017093223,5.63,4.6623487,-17.187411238838045
2020-07-27,400,1211.6458926789214,-0.0014357992813301603,-0.01739680301935036,-0.017397229,6.02,4.8743453,-19.03080892721283
2020-07-28,400,1220.2422104248064,-0.0015787129914101856,-0.019264122302647232,-0.01926419,5.76,4.7439213,-17.640255557166203
2020-07-29,400,1225.763983090768,-0.0015787129914101856,-0.019351295245080908,-0.01935136,5.74,4.802785,-16.327788854725274
2020-07-30,400,1218.7363420573104,-0.00045966909439211403,-0.005602154306562416,-0.005602102,5.65,4.722346,-16.41865789362815
2020-07-31,400,1231.599491099215,-0.00045966909439211403,-0.005661282227273646,-0.005661515,5.85,4.672127,-20.134585127871258
2020-08-03,400,1233.607366652905,-0.00045966909439211403,-0.005670511810647815,-0.0056705354,5.84,4.7203646,-19.171839544217878
2020-08-04,400,1255.6943041256657,-0.00045966909439211403,-0.0057720386361078055,-0.005772275,5.79,4.796417,-17.16032407032599
2020-08-05,400,1274.4556929254059,-0.00045966909439211403,-0.005858278942098955,-0.005858576,6.04,4.864501,-19.461903982604575
2020-08-06,400,1287.256110217922,-0.00045966909439211403,-0.005917118504345876,-0.005917382,6.57,4.938123,-24.838307059881714
2020-08-07,400,1261.278808541016,-0.00045966909439211403,-0.005797708876980133,-0.0057976884,6.64,4.6751485,-29.591137242604447
2020-08-10,400,1270.2516699743176,-0.00045966909439211403,-0.005838954347871651,-0.005839147,6.33,4.7495375,-24.967812512534866
2020-08-11,400,1212.6498304557665,-0.0007793075111148667,-0.009450271212263484,-0.009450083,6.03,4.4546714,-26.124852688158335
2020-08-12,400,1214.0930436694166,-0.0007793075111148667,-0.009461518281238862,-0.009461705,5.7,4.5112977,-20.854426266854272
2020-08-13,400,1227.7718586444582,-0.0007793075111148667,-0.009568118313770867,-0.009568041,5.72,4.615285,-19.31320070386766
2020-08-14,400,1215.410716788747,-0.0007793075111148667,-0.009471787006829746,-0.009471506,5.78,4.4551272,-22.921674061811512
2020-08-17,400,1245.5293096673531,-0.00045966909439211403,-0.005725313298136272,-0.0057253516,6.11,4.6846848,-23.327581777119992
2020-08-18,400,1254.5649028500436,-0.00045966909439211403,-0.0057668471274921005,-0.008266329,6.36,4.6540165,-26.823640019638738
2020-08-19,400,1229.0268000144001,-0.0007793075111148667,-0.009577898166126912,-0.009577929,6.5,4.39711,-32.35215407151442
2020-08-20,400,1213.4028412350572,-0.0006342465506716608,-0.0076959656662852795,-0.007696005,6.32,4.0757856,-35.50972093509723
2020-08-21,400,1213.9047718257084,-0.0006342465506716608,-0.0076991491437432506,-0.0076993443,6.2,4.141788,-33.19696764792166
2020-08-24,400,1209.5752087803003,0.0002327978833742664,0.0028158654838604026,0.0034275784,6.7,4.055999,-39.462704444999126
2020-08-25,400,1199.5984861656962,0.0003742434136593946,0.004489418324832922,0.0044892966,6.6,4.0567737,-38.53373238534638
2020-08-26,400,1217.732327684923,-0.0006342465506716608,-0.00772342528475535,0.001717085,6.53,4.1239305,-36.84639426869602
2020-08-27,400,1205.747652921086,0.0002327978833742664,0.002806955014835184,0.002806992,6.48,4.0457,-37.566356894410696
2020-08-28,400,1232.7288923748372,-0.0006342465506716608,-0.007818540479020374,-0.007818691,6.65,4.1299715,-37.895165350204124
2020-08-31,400,1234.61130442975,-0.0006342465506716608,-0.007830479612548086,-0.0078304,7.19,4.212066,-41.417716640424665
2020-09-01,400,1234.987771521624,0.0002327978833742664,0.0028750253920333617,0.002874992,7.34,4.078379,-44.436251305104605
2020-09-02,400,1213.7793083269312,0.0003742434136593946,0.004542489117774096,0.004542508,7.13,3.8444295,-46.0809327776937
2020-09-03,400,1209.5124770309117,0.0003742434136593946,0.004526520782676785,0.0045265923,7.06,3.7987561,-46.19325605397859
2020-09-04,400,1207.190866134736,0.0003742434136593946,0.00451783230680705,0.004517962,7.0,3.8814003,-44.5514236177717
2020-09-06,400,1212.9008340488633,0.0003742434136593946,0.004539201485647735,0.0045393426,7.09,3.8000178,-46.40313351608298
2020-09-07,400,1212.9008340488633,0.0003742434136593946,0.004539201485647735,0.004539169,7.09,3.938654,-44.44775816751972
2020-09-08,400,1212.9008340488633,0.0003742434136593946,0.004539201485647735,0.004539039,7.04,3.9238958,-44.26284324039113
2020-09-09,400,1220.2422104248064,0.0003742434136593946,0.004566676103206649,0.004566664,6.73,3.9237804,-41.697170263236565
2020-09-10,400,1226.2031819320307,0.0003742434136593946,0.004588984646462549,0.004589085,6.98,4.033007,-42.22052800962782
2020-09-11,400,1215.912723974941,0.0003742434136593946,0.004550473285322752,0.0045506614,6.91,3.8638608,-44.083055780523935
2020-09-14,400,1225.512979497671,0.0003742434136593946,0.004586401609311041,0.004586396,7.14,3.8508081,-46.06711283451368
2020-09-15,400,1227.5209316469038,0.0003742434136593946,0.004593916237978978,0.004593812,7.17,3.949694,-44.91361341383334
2020-09-16,400,1229.9680060418564,0.0003742434136593946,0.004603074252729432,0.0046033524,7.04,4.028328,-42.77943264354359
2020-09-17,400,1217.29312884366,0.0003742434136593946,0.004555639359625766,0.004555692,6.8,3.9589663,-41.77990801194135
2020-09-18,400,1224.8855088127002,-0.0006342465506716608,-0.0077687940893215734,-0.0077687753,7.03,4.096634,-41.726402402093704
2020-09-21,400,1192.9472356285698,0.0003742434136593946,0.004464526457771742,0.0044644037,6.87,3.976357,-42.11998568872177
2020-09-22,400,1191.315827166754,0.0003742434136593946,0.004458421019053514,0.0044585057,6.56,3.8792222,-40.86551593571174
2020-09-23,400,1167.0327422965947,0.0003752053765011191,0.004378769594625274,0.0043691257,6.45,3.817445,-40.81480558528457
2020-09-24,400,1172.3035113694593,0.0003742434136593946,0.004387268679398014,0.0043872967,6.02,3.7391803,-37.88736999232903
2020-09-25,400,1165.6522608323332,0.0003752053765011191,0.004373589953949763,0.0043736794,6.2,3.676078,-40.708418046274495
2020-09-27,400,1175.1271294518285,0.0003752053765011191,0.004409140170426527,0.0044090454,6.19,3.6616201,-40.846201291184435
2020-09-28,400,1175.1271294518285,0.0003742434136593946,0.004397835884098177,0.0043978784,6.19,3.7776341,-38.97198475235306
2020-09-29,400,1188.6177491787041,0.0003742434136593946,0.004448323639887844,0.0044481843,6.19,3.7719927,-39.063123046677795
2020-09-30,400,1184.3509178826848,0.0003752053765011191,0.004443748320536188,0.004443219,6.15,3.700838,-39.823770910743775
2020-10-01,400,1204.4299798017555,0.0003742434136593946,0.0045074998715472474,0.0045075975,6.22,3.7683778,-39.41514821681179
2020-10-02,400,1204.4299798017555,0.0003742434136593946,0.0045074998715472474,0.0045075975,6.22,3.7433283,-39.81787246139869
2020-10-05,400,1204.4299798017555,0.0003742434136593946,0.0045074998715472474,0.0045074024,6.22,3.8091338,-38.75990726556808
2020-10-06,400,1204.4299798017555,0.0003742434136593946,0.0045074998715472474,0.004507554,6.22,3.7808757,-39.21421731783263
2020-10-07,400,1204.4299798017555,0.0003742434136593946,0.0045074998715472474,0.004507381,6.22,3.816749,-38.637474342174464
2020-10-08,400,1204.4299798017555,0.0003752053765011191,0.004519086040407529,0.004519068,6.22,3.6834908,-40.7798914280735
2020-10-09,400,1204.4299798017555,0.0003742434136593946,0.0045074998715472474,0.004507381,6.22,3.7880988,-39.09808983756798
2020-10-10,400,1206.3123918566682,0.0003742434136593946,0.004514544674680689,0.0045145364,6.58,3.791035,-42.38548728108044
2020-10-12,400,1206.3123918566682,0.0003742434136593946,0.004514544674680689,0.0045145364,6.58,3.7884572,-42.42466329441245
2020-10-13,400,1184.9783885676557,0.0003752053765011191,0.004446102624282167,0.0044385567,6.58,3.801134,-42.23200441493814
2020-10-14,400,1193.010043973501,0.0003742434136593946,0.0044647615138658754,0.0044648373,6.49,3.789608,-41.60850536657959
2020-10-15,400,1194.2021769985117,0.0003077113607806554,0.003674695769314332,0.0036746853,6.56,3.8986685,-40.56907732312271
2020-10-16,400,1192.6963086310157,0.0003077113607806554,0.003670062041269144,0.0036700882,6.59,3.8943882,-40.904579683573004
2020-10-19,400,1196.2101291477443,-0.0005502920819102014,-0.0065826496237078305,-0.006582723,6.68,4.0555296,-39.288479125428346
2020-10-20,400,1198.7200118876283,-0.0005502920819102014,-0.006596461309690643,-0.006596297,6.75,4.0909877,-39.39277507640697
2020-10-21,400,1207.6300649759987,-0.0014337660407982233,-0.01731458977009539,-0.017327493,6.97,4.2109036,-39.58531356439358
2020-10-22,400,1192.8845038791812,-0.000651516418739687,-0.007771838399374325,-0.0077718548,6.96,4.124285,-40.743028432473366
2020-10-23,400,1193.4492428147637,-0.0005502920819102014,-0.006567456684826898,-0.006567501,6.91,4.042326,-41.50034770606741
2020-10-26,400,1193.8884416560263,0.0003077113607806554,0.00367373037002272,0.0036737311,7.04,3.9517438,-43.86727498336272
2020-10-27,400,1197.7160741107832,-0.000651516418739687,-0.0078033168727161505,-0.0078035127,7.07,4.107404,-41.90375909441094
2020-10-28,400,1177.2604685042959,0.0003742434136593946,0.004405819764993059,0.004405988,7.16,3.9600756,-44.69168132909849
2020-10-29,400,1170.6092945627122,0.0003752053765011191,0.004392189011021118,0.004385128,7.01,3.8346379,-45.29760513087992
2020-10-30,400,1178.0134792835865,0.0003742434136593946,0.0044086378582387,0.0044086333,6.99,3.8240852,-45.29205671536905
2020-11-02,400,1186.1705981882092,0.0003742434136593946,0.004439165338483615,0.0044392073,7.19,3.8429117,-46.55199276389599
2020-11-03,400,1197.5278022670748,0.0003077113607806554,0.0036849290960826926,0.0036849198,7.65,3.9316406,-48.60600490196079
2020-11-04,400,1188.80594442687,0.0003742434136593946,0.004449027948208924,0.004449052,7.67,3.892852,-49.245735750360005
2020-11-05,400,1220.618754112223,-0.0005502920819102014,-0.006716968354190514,-0.006716815,7.66,4.0741134,-46.81314139702301
2020-11-06,400,1223.756107537078,-0.0005502920819102014,-0.006734232961669029,-0.0067341183,7.9,4.054474,-48.677545861352854
2020-11-09,400,1162.8286427499638,0.0003752053765011191,0.004362995587092855,0.0043570697,8.13,3.8600407,-52.521025034774276
2020-11-10,400,1176.7585379136447,-0.0005502920819102014,-0.006475609057341042,-0.006475736,7.7,4.0480714,-47.42764435805284
2020-11-11,400,1167.534672887246,0.0003742434136593946,0.004369421615470276,0.004369386,7.53,3.9107099,-48.06494212562186
2020-11-12,400,1175.001589357509,0.0003077113607806554,0.0036156133798063194,0.0036154455,7.67,3.9134965,-48.97657764937141
2020-11-13,400,1183.22144001152,0.0003077113607806554,0.003640906794107914,0.0036407718,7.64,3.9777925,-47.93465312238762
2020-11-16,400,1184.2254543839074,-0.0005502920819102014,-0.006516698907439746,-0.0065167183,8.19,4.018264,-50.93694973341274
2020-11-17,400,1182.4685058277719,0.0003077113607806554,0.00363858993008532,0.00363843,8.21,3.9568105,-51.80498813159865
2020-11-18,400,1175.5663282930914,0.0003742434136593946,0.004399479556834471,0.004399223,8.42,3.8387628,-54.40899334724046
2020-11-19,400,1167.785676480343,0.00030886233580314096,0.0036068501175516984,0.0036016547,8.38,3.8618636,-53.915708673882314
2020-11-20,400,1175.001589357509,-0.0005502920819102014,-0.00646594070855339,0.0016545928,8.98,3.9662223,-55.83271396186676
2020-11-23,400,1153.1656554778451,-0.0004928012355732422,-0.005682814598401098,-0.0056828083,9.16,4.026821,-56.039070562504264
2020-11-24,400,1132.4591228738034,0.0003752053765011191,0.004249047515699925,0.004249042,9.15,3.9069524,-57.3010668728521
2020-11-25,400,1133.0237852138432,-0.0006342465506716608,-0.0071861642760082875,-0.0057335477,8.62,4.0355444,-53.18393972799562
2020-11-26,400,1118.09002886886,-0.0004918388423580985,-0.00549920105450993,-0.005499148,8.86,3.9927151,-54.93549525603214
2020-11-27,400,1118.09002886886,-0.0014166853805352394,-0.015839817980207376,-0.015839605,8.95,4.0696626,-54.52890982175006
2020-11-30,400,1114.1996646647146,-0.0014166853805352394,-0.015784703759277673,-0.015784832,9.29,4.0973964,-55.89454925997008
2020-12-01,400,1138.2945542867078,-0.0014166853805352394,-0.016126052538008553,-0.016126046,9.39,4.44968,-52.61256814129945
2020-12-02,400,1145.5731989132626,-0.0014166853805352394,-0.016229168032334068,-0.016229173,9.35,4.5373898,-51.47176732353985
2020-12-03,400,1152.5381847928743,-0.0014166853805352394,-0.01632783996904687,-0.016327703,8.86,4.548285,-48.6649547688848
2020-12-04,400,1151.9734458572918,-0.0014166853805352394,-0.016319839395108286,-0.016319897,9.13,4.6461587,-49.11107672266213
2020-12-07,400,1168.2249519171482,-0.0014337660407982233,-0.016749612640719443,-0.016749667,8.81,5.04304,-42.75777753988
2020-12-08,400,1173.8721880818869,-0.0014337660407982233,-0.016830580795093142,-0.016830504,8.91,4.942048,-44.53369166313197
2020-12-09,400,1151.1577033286123,-0.0014337660407982233,-0.016504908226358403,-0.016504902,8.71,4.7989225,-44.90330035869893
2020-12-10,400,1150.5302326436415,-0.0014337660407982233,-0.016495911764761326,-0.016495882,8.55,4.874061,-42.99343733759652
2020-12-11,400,1154.420596847787,-0.0014357992813301603,-0.016575162633067873,-0.016380524,8.43,4.662014,-44.69734273347142
2020-12-14,400,1147.4556109681753,-0.0014185294132621341,-0.016276995345710293,-0.01627679,8.51,4.542893,-46.617004313844355
2020-12-15,400,1162.263980409924,-0.0014357992813301603,-0.016687777877885005,-0.016687913,8.33,4.7381153,-43.11986421765972
2020-12-16,400,1164.648323055488,-0.0014337660407982233,-0.01669833215069557,-0.016718617,8.38,4.911476,-41.390499579309
2020-12-17,400,1184.1626460389764,-0.0014337660407982233,-0.016978121886724512,-0.016978126,8.83,5.2841654,-40.15667743618059
2020-12-18,400,1183.22144001152,-0.0014337660407982233,-0.016964627194328893,-0.016964596,9.19,5.0886383,-44.6285276859188
2020-12-21,400,1179.1428805592088,-0.0014337660407982233,-0.01690615019394789,-0.016905963,9.39,5.207368,-44.543472875040564
2020-12-22,400,1171.2367652476833,-0.00045966909439211403,-0.0053838134320015165,-0.0053837905,8.75,4.9780416,-43.10809544154576
2020-12-23,400,1176.3192624768394,-0.0015787129914101856,-0.018570705017182346,-0.018570747,8.77,5.1407957,-41.38203297944541
2020-12-24,400,1179.582155996014,-0.00045966909439211403,-0.005422174614077852,-0.0054223007,8.91,5.168827,-41.988472986702966
2020-12-25,400,1177.887939189267,-0.00045966909439211403,-0.005414386823025238,-0.005414495,9.27,5.250809,-43.356966637999236
2020-12-28,400,1177.887939189267,-0.00045966909439211403,-0.005414386823025238,-0.005414321,9.44,5.247084,-44.41648155955944
2020-12-29,400,1179.4566159016942,-0.00045966909439211403,-0.005421597545063193,-0.005421607,9.1,5.0934677,-44.027827336237976
2020-12-30,400,1186.5470652800832,-0.00045966909439211403,-0.005454190149509165,-0.005454219,9.27,5.2312074,-43.568421027421174
2020-12-31,400,1187.8647383994137,-0.00045966909439211403,-0.005460247085603839,-0.0054602907,9.29,5.1956897,-44.07223166639247
