date,prevclose,open,high,low,close,volume,amount
2012-05-09,5768.798,5683.09,5723.061,5605.902,5607.605,740022700,18089451520
2012-05-10,,5582.521,5702.406,5580.49,5672.149,630264000,15322286080
2012-05-11,,5662.713,5714.175,5597.076,5598.492,610345300,13937305600
2012-05-14,,5643.467,5655.063,5482.461,5486.062,561489500,12728383488
2012-05-15,,5413.958,5462.289,5348.687,5460.971,550420900,11533073408
2012-05-16,,5435.477,5487.801,5408.138,5411.667,542735000,12379894784
2012-05-17,,5416.542,5504.46,5379.109,5500.624,491708700,11036301312
2012-05-18,,5458.381,5531.822,5436.013,5449.016,511083500,11331109888
2012-05-21,,5462.121,5608.663,5457.656,5560.376,604904600,14597811200
2012-05-22,,5578.231,5597.794,5549.798,5589.024,486787000,10747622400
2012-05-23,,5565.21,5598.038,5442.631,5493.695,586768900,13935689728
2012-05-24,,5462.179,5529.978,5454.365,5480.044,419007200,8755974144
2012-05-25,,5487.302,5515.168,5422.719,5462.79,395295900,8173278208
2012-05-28,,5440.021,5519.034,5329.083,5515.491,476544600,9790973952
2012-05-29,,5507.533,5681.23,5501.687,5663.615,844551500,17233930240
2012-05-30,,5645.151,5660.373,5614.393,5626.861,562935300,11210505216
2012-05-31,,5581.155,5665.154,5570.594,5618.81,462135400,9813271552
2012-06-01,,5639.167,5747.36,5639.167,5657.941,638219800,14695915520
2012-06-04,,5616.719,5659.821,5536.972,5537.155,698584200,15149179904
2012-06-05,,5535.592,5565.358,5455.409,5493.822,457277300,9712698368
2012-06-06,,5521.472,5624.013,5521.472,5584.202,614803000,12856385536
2012-06-07,,5681.118,5684.296,5516.797,5526.534,536174900,12550814720
2012-06-08,,5553.683,5555.141,5436.629,5442.825,459854700,10195740672
2012-06-11,,5458.086,5578.712,5458.086,5562.856,437246700,10088240128
2012-06-12,,5519.663,5561.772,5498.537,5512.267,350317000,7911744512
2012-06-13,,5537.949,5582.796,5506.203,5578.203,396180500,8538292736
2012-06-14,,5579.011,5596.724,5519.143,5524.102,446864300,10128548864
2012-06-15,,5537.983,5570.939,5436.698,5538.559,491341600,11091453952
2012-06-18,,5564.886,5605.34,5552.479,5564.592,410288000,8356817408
2012-06-19,,5557.678,5557.678,5475.522,5486.571,335700700,7194989568
2012-06-20,,5503.611,5544.809,5481.217,5494.911,297360700,6453382144
2012-06-21,,5468.751,5470.0,5374.319,5399.963,406811200,8062145536
2012-06-25,,5361.397,5361.397,5164.806,5177.459,421419100,8286558208
2012-06-26,,5165.533,5211.216,5100.874,5168.778,349249400,6819118592
2012-06-27,,5157.866,5190.898,5082.443,5090.231,298921300,6007775744
2012-06-28,,5107.416,5128.642,4975.697,4977.061,350165400,7592218624
2012-06-29,,4939.947,5090.599,4912.64,5081.042,378839200,7640496640
2012-07-02,,5132.985,5183.299,5121.822,5137.282,379781000,8177007104
2012-07-03,,5135.92,5178.175,5097.379,5116.537,280908200,5775661568
2012-07-04,,5146.059,5178.025,5110.145,5142.912,353292800,6148407808
2012-07-05,,5113.245,5113.245,5001.402,5039.359,331581700,6112785920
2012-07-06,,5062.988,5192.463,4999.859,5181.367,422382300,8947736576
2012-07-09,,5124.622,5174.889,5057.485,5059.121,423814000,9337126912
2012-07-10,,5039.385,5077.82,5017.633,5040.383,319451400,6825299968
2012-07-11,,5031.373,5077.338,5004.316,5073.81,283001100,5812202496
2012-07-12,,5051.122,5215.778,5000.484,5169.551,558108500,10993497088
2012-07-13,,5135.815,5198.369,5122.686,5128.916,344081200,7142524928
2012-07-16,,5142.174,5147.589,4995.695,4996.352,372505400,7507526144
2012-07-17,,4969.421,5044.925,4967.093,5044.192,291103500,6236860416
2012-07-18,,5027.089,5059.568,4965.907,5058.254,301851700,5806097920
2012-07-19,,5041.09,5119.781,5021.148,5065.195,360634900,6601132544
2012-07-20,,5053.192,5078.726,4992.323,5002.793,283033800,5073634816
2012-07-23,,4967.622,4967.622,4903.395,4917.216,266249900,4820335616
2012-07-24,,4887.015,4961.425,4885.763,4924.097,247494500,4327439872
2012-07-25,,4904.974,4948.948,4879.363,4887.303,221718100,3985179904
2012-07-26,,4898.373,4959.206,4882.649,4885.377,293189400,5071772160
2012-07-27,,4911.786,4925.705,4862.33,4869.372,315466100,6153233920
2012-07-30,,4864.216,4897.102,4739.01,4748.864,322117300,5662378496
2012-07-31,,4743.701,4762.802,4657.232,4661.537,302031700,5247899648
2012-08-01,,4660.691,4794.348,4660.505,4764.909,298910600,5704962048
2012-08-02,,4750.845,4758.545,4672.586,4693.238,244004100,4378948608
2012-08-03,,4710.226,4779.342,4691.624,4779.245,293571900,5423806464
2012-08-06,,4778.441,4992.767,4773.992,4987.76,560907300,11251830784
2012-08-07,,4994.523,5095.953,4991.085,5074.427,682459400,12329445376
2012-08-08,,5076.12,5214.927,5071.041,5082.706,660744900,13145239552
2012-08-09,,5077.007,5148.358,5013.597,5105.221,535608900,12171765760
2012-08-10,,5092.942,5095.091,5023.243,5046.511,415781400,9132706816
2012-08-13,,5024.585,5060.062,4975.982,4977.621,386187900,7717056512
2012-08-14,,4966.874,4986.142,4842.877,4966.233,429159200,9184308224
2012-08-15,,4935.732,4935.979,4880.829,4887.942,261086700,4877285376
2012-08-16,,4878.78,4924.497,4871.02,4874.466,252107400,4948347392
2012-08-17,,4882.713,4898.584,4843.782,4897.821,246859400,4859829760
2012-08-20,,4853.137,4914.436,4821.896,4890.582,263293200,4880255488
2012-08-21,,4888.868,4959.894,4883.08,4929.731,340665900,6114587136
2012-08-22,,4953.548,4964.051,4855.489,4872.116,332038800,5565563392
2012-08-23,,4902.043,5013.385,4902.043,4998.027,552820400,9843102720
2012-08-24,,4983.695,4999.063,4889.341,4890.096,460165900,8415688192
2012-08-27,,4857.872,4859.591,4730.063,4730.799,476335200,8579020288
2012-08-28,,4713.541,4771.483,4691.145,4729.924,310744200,5168351744
2012-08-29,,4708.254,4717.171,4610.849,4613.761,329380800,6349601792
2012-08-30,,4590.013,4631.247,4482.703,4555.538,350982100,5784426496
2012-08-31,,4538.721,4562.458,4501.063,4507.19,242122800,3702780928
2012-09-03,,4526.192,4622.248,4524.994,4594.946,377410500,5783656448
2012-09-04,,4611.125,4629.318,4546.498,4550.972,327231000,5482008064
2012-09-05,,4531.692,4608.271,4515.532,4563.895,314504300,5056444928
2012-09-06,,4572.754,4625.375,4568.247,4624.458,275392200,4238285568
2012-09-07,,4662.981,4945.748,4662.981,4875.822,901217800,14957568000
2012-09-10,,4932.847,5015.868,4900.863,4954.336,847635700,13541651456
2012-09-11,,4912.095,4934.176,4875.973,4932.501,553811900,9053182976
2012-09-12,,4986.916,5099.308,4961.345,5012.176,728965800,11528961024
2012-09-13,,5005.046,5005.349,4887.475,4887.475,508316500,7692336128
2012-09-14,,5107.449,5171.002,4992.406,5023.594,1101149400,16980517888
2012-09-17,,5023.624,5092.672,4922.979,4923.091,809840400,12437303296
2012-09-18,,4855.323,4855.323,4773.015,4802.544,494423800,7744225792
2012-09-19,,4811.448,4977.889,4786.836,4974.379,676005000,9808845824
2012-09-20,,4931.178,4941.816,4783.518,4795.655,751612700,11291321344
2012-09-21,,4788.228,4964.776,4788.154,4883.927,853221600,11710170112
2012-09-24,,4810.02,4944.947,4759.044,4908.734,664352800,9474506752
2012-09-25,,4874.835,4878.572,4785.596,4802.786,526345200,7379710976
2012-09-26,,4791.104,4809.914,4668.913,4683.635,453231700,6562281984
2012-09-27,,4664.563,4883.628,4658.717,4829.163,644162800,9994595328
2012-09-28,,4821.752,4982.266,4809.896,4974.739,841307800,13273286656
2012-10-08,,4957.301,4972.173,4844.521,4879.762,511297400,8326767104
2012-10-09,,4905.206,4989.218,4896.867,4970.454,575149600,9512333312
2012-10-10,,4926.649,4988.385,4881.238,4984.77,538907200,8590437376
2012-10-11,,4946.548,5029.365,4918.245,4936.323,609006600,9767264256
2012-10-12,,4949.762,4993.016,4863.846,4891.495,459947200,7322679296
2012-10-15,,4847.025,4847.025,4739.967,4777.593,416743800,6817335296
2012-10-16,,4756.919,4815.168,4750.705,4766.173,305292300,4701875712
2012-10-17,,4800.157,4817.708,4750.814,4803.25,304113200,4924152320
2012-10-18,,4816.473,4882.769,4811.544,4866.935,425121200,6694664192
2012-10-19,,4853.788,4871.206,4817.804,4828.886,338939600,5227180544
2012-10-22,,4760.207,4813.235,4736.491,4793.534,325319300,5474910720
2012-10-23,,4787.12,4822.482,4764.509,4768.416,306846800,4728910848
2012-10-24,,4723.392,4760.698,4708.327,4720.236,283904000,4731742208
2012-10-25,,4720.779,4762.044,4683.884,4707.635,355424800,5333732864
2012-10-26,,4708.636,4708.636,4536.075,4537.842,441018100,6886599680
2012-10-29,,4527.377,4542.355,4479.765,4490.706,279962300,4642792960
2012-10-30,,4483.202,4552.321,4483.202,4493.441,254722000,3941860608
2012-10-31,,4499.522,4523.874,4471.568,4518.936,230570900,3748210688
2012-11-01,,4532.567,4662.363,4532.567,4648.664,413675200,7311377408
2012-11-02,,4640.194,4654.924,4585.146,4628.181,293176000,5125575680
2012-11-05,,4589.733,4620.86,4571.135,4592.937,270919900,4418961920
2012-11-06,,4597.97,4608.436,4501.393,4601.01,321778200,5302319616
2012-11-07,,4614.768,4736.261,4602.25,4681.013,491636300,8829211648
2012-11-08,,4620.866,4630.131,4542.84,4543.584,365484100,5955322368
2012-11-09,,4551.175,4589.204,4516.69,4523.927,256471500,4169774336
2012-11-12,,4527.62,4571.877,4523.34,4567.891,250907000,4105723392
2012-11-13,,4566.81,4569.504,4472.963,4477.425,305155700,5145404416
2012-11-14,,4486.377,4550.576,4470.071,4543.879,320271200,5128944128
2012-11-15,,4509.008,4531.17,4440.672,4442.101,273878700,4563515904
2012-11-16,,4433.076,4433.076,4359.628,4392.745,280080400,4449236480
2012-11-19,,4393.88,4436.151,4369.992,4431.053,217470200,3570673152
2012-11-20,,4466.84,4480.042,4418.139,4418.968,223838000,4044378112
2012-11-21,,4409.004,4467.849,4361.955,4467.346,253009800,4092169984
2012-11-22,,4456.568,4456.568,4401.426,4411.316,180218700,2908743424
2012-11-23,,4432.724,4468.947,4416.806,4440.345,228105300,3802585856
2012-11-26,,4450.457,4481.953,4434.883,4442.318,251404200,3895940864
2012-11-27,,4429.392,4435.82,4316.586,4317.615,306156800,4441454592
2012-11-28,,4289.925,4289.925,4178.524,4188.775,282975000,4196667392
2012-11-29,,4172.696,4216.699,4115.905,4119.83,229955700,3432831488
2012-11-30,,4127.315,4185.567,4120.691,4177.997,213842500,3162920192
2012-12-03,,4169.895,4191.631,4073.61,4077.767,219560800,3353229056
2012-12-04,,4068.273,4123.492,4004.881,4114.203,285086400,4179326464
2012-12-05,,4095.657,4330.619,4085.792,4292.575,518240200,7788030464
2012-12-06,,4276.091,4299.185,4226.291,4242.212,304267200,4809649152
2012-12-07,,4243.165,4350.399,4229.976,4335.078,464736000,6590765056
2012-12-10,,4349.327,4418.552,4348.86,4406.033,490156500,7095061504
2012-12-11,,4402.919,4444.506,4358.849,4388.192,411409500,5945648640
2012-12-12,,4382.115,4436.146,4342.48,4435.109,428272000,6309201920
2012-12-13,,4412.4,4412.4,4328.202,4329.312,354256200,5284011520
2012-12-14,,4315.897,4528.252,4315.559,4511.89,715685200,10802515968
2012-12-17,,4514.094,4649.79,4505.525,4573.912,743273100,11721149440
2012-12-18,,4575.201,4700.067,4543.738,4637.859,716712500,12598945792
2012-12-19,,4601.856,4649.426,4592.614,4601.999,550775400,10192887808
2012-12-20,,4573.947,4713.882,4563.83,4710.549,693900000,13564156928
2012-12-21,,4688.528,4765.024,4634.252,4650.737,674664400,12383968256
2012-12-24,,4641.021,4678.207,4615.895,4652.432,442038300,8421453824
2012-12-25,,4628.451,4769.625,4575.91,4723.852,774358300,12951588864
2012-12-26,,4721.788,4822.277,4717.544,4777.606,796469800,13131174912
2012-12-27,,4791.444,4812.074,4725.012,4756.477,706562000,12142567424
2012-12-28,,4767.507,4818.505,4756.892,4804.354,621833500,10464444416
2012-12-31,,4808.634,4895.693,4796.469,4867.842,709527800,11376605184
2013-01-04,,4928.186,4968.021,4861.462,4886.126,898170600,15046344704
2013-01-07,,4869.289,4869.289,4793.897,4832.041,613823900,10376503296
2013-01-08,,4822.275,4859.167,4770.17,4858.941,611507500,10886972416
2013-01-09,,4845.357,4863.92,4773.669,4825.674,617850900,10352380928
2013-01-10,,4822.079,4866.72,4806.717,4850.137,671695500,10423917568
2013-01-11,,4873.29,4888.502,4720.849,4732.017,659735300,10376509440
2013-01-14,,4700.491,4878.496,4697.418,4866.713,737548100,11931835392
2013-01-15,,4864.799,4962.217,4854.122,4938.87,961557700,15905309696
2013-01-16,,4942.45,5077.363,4924.143,5011.179,1151185700,18423015424
2013-01-17,,5008.001,5008.136,4878.968,4883.582,698219400,11347297280
2013-01-18,,4920.847,4961.877,4868.809,4933.956,547629000,8672904192
2013-01-21,,4935.897,4944.058,4887.944,4910.796,550055300,8528214528
2013-01-22,,4910.392,4922.209,4815.015,4842.542,619757600,9622525952
2013-01-23,,4842.42,4885.103,4801.748,4854.557,431893500,7095656960
2013-01-24,,4853.48,4903.892,4722.904,4750.724,647789300,10252189696
2013-01-25,,4737.71,4806.358,4735.85,4767.279,446307200,7080743424
2013-01-28,,4771.25,4861.271,4769.248,4860.327,523874900,8546966528
2013-01-29,,4871.578,4925.825,4840.529,4918.688,694984000,10991565824
2013-01-30,,4911.943,4938.846,4862.909,4897.225,654811500,10816235520
2013-01-31,,4928.677,5044.815,4928.677,5003.169,1012430500,15367615488
2013-02-01,,4972.299,4977.636,4918.797,4973.806,763053800,12060657664
2013-02-04,,5018.921,5086.454,4930.322,5052.846,1127637600,16709800960
2013-02-05,,5002.822,5092.253,4996.093,5064.882,808692700,11565980672
2013-02-06,,5076.843,5139.701,5061.637,5067.538,687652000,11760674816
2013-02-07,,5064.542,5086.804,5032.371,5066.042,638417600,10146139136
2013-02-08,,5057.614,5135.482,5057.614,5112.034,545797100,8975406080
2013-02-18,,5080.761,5082.961,4977.807,4989.212,706879200,10754993152
2013-02-19,,4981.321,4996.973,4866.054,4886.941,566180500,8690797568
2013-02-20,,4884.143,4924.978,4884.143,4923.508,424655900,6406201344
2013-02-21,,4852.646,4852.646,4682.296,4718.154,767256200,11494774784
2013-02-22,,4711.205,4800.723,4698.831,4759.38,479821100,8287045632
2013-02-25,,4757.715,4783.154,4729.799,4744.856,350921700,5362850304
2013-02-26,,4731.609,4734.078,4654.181,4657.552,497041100,7305243136
2013-02-27,,4696.096,4730.733,4663.599,4692.872,359075400,5144804864
2013-02-28,,4702.326,4798.23,4670.915,4787.217,546207300,8425874944
2013-03-01,,4774.396,4777.828,4709.147,4755.351,485605100,7367287808
2013-03-04,,4709.415,4709.415,4544.435,4567.964,676380200,9771881472
2013-03-05,,4577.349,4636.143,4577.349,4635.018,487423700,6499418624
2013-03-06,,4655.043,4681.48,4630.418,4672.556,517348400,7256173056
2013-03-07,,4654.91,4734.51,4608.91,4677.866,578698200,8446861824
2013-03-08,,4680.24,4693.202,4650.911,4654.181,417838600,6357747712
2013-03-11,,4647.869,4669.791,4616.096,4646.195,380396000,5529606656
2013-03-12,,4649.433,4707.685,4537.808,4587.322,512713900,7202340864
2013-03-13,,4594.109,4664.804,4588.776,4615.545,520668400,7434794496
2013-03-14,,4592.048,4618.941,4543.05,4554.484,375987400,5275860992
2013-03-15,,4562.111,4606.136,4507.311,4528.849,568566300,6452958208
2013-03-18,,4500.084,4505.572,4389.558,4392.762,443955400,6310551040
2013-03-19,,4392.84,4419.896,4353.369,4413.658,349101300,4591164416
2013-03-20,,4416.503,4516.48,4408.767,4514.72,522695200,6843300352
2013-03-21,,4523.101,4534.07,4486.832,4509.119,456274100,5859961344
2013-03-22,,4507.539,4524.914,4486.201,4511.153,399025800,5194558464
2013-03-25,,4515.895,4584.179,4502.766,4558.487,440545800,7288492544
2013-03-26,,4535.271,4535.271,4445.688,4467.889,396839700,5561656320
2013-03-27,,4465.551,4509.995,4459.232,4472.718,330755800,4932210688
2013-03-28,,4441.227,4441.227,4357.765,4358.923,469404300,6135705600
2013-03-29,,4358.459,4375.546,4313.887,4318.047,277747800,3697812992
2013-04-01,,4293.408,4295.401,4257.036,4270.282,326371800,4331211264
2013-04-02,,4275.031,4323.074,4255.519,4270.61,307745100,3986858496
2013-04-03,,4269.208,4293.843,4244.285,4265.02,290477700,3514563072
2013-04-08,,4216.894,4247.905,4173.315,4247.606,346942200,4237021184
2013-04-09,,4259.122,4335.908,4259.122,4309.335,368120000,5376659968
2013-04-10,,4320.888,4372.537,4307.724,4344.933,420108300,4735723520
2013-04-11,,4343.259,4347.783,4274.896,4278.059,310993200,3576432640
2013-04-12,,4274.666,4295.145,4238.616,4243.801,222488400,2773608192
2013-04-15,,4165.344,4165.344,4072.181,4085.55,500382900,5272694272
2013-04-16,,3996.121,4082.909,3960.829,4071.568,431437000,4594188288
2013-04-17,,4067.01,4083.394,4031.287,4055.741,282308700,3119334144
2013-04-18,,4015.148,4081.369,3991.534,4037.264,273700800,3364776960
2013-04-19,,4052.49,4165.054,4052.49,4149.727,475101000,6133076992
2013-04-22,,4119.58,4149.908,4111.843,4148.852,354307500,4544290304
2013-04-23,,4150.264,4151.48,4029.888,4031.635,381598900,4824463872
2013-04-24,,4038.407,4114.537,4038.407,4097.252,314808800,3966240256
2013-04-25,,4099.707,4133.711,4074.354,4078.109,354636900,4432185856
2013-04-26,,4112.826,4143.027,4058.302,4064.461,321070400,4367802880
2013-05-02,,4026.161,4026.161,3959.712,3979.777,302909900,3983432704
2013-05-03,,3998.649,4071.574,3997.821,4041.055,332084100,4337096704
2013-05-06,,4100.552,4165.883,4100.552,4161.429,487136700,7157294080
2013-05-07,,4157.775,4268.814,4143.358,4211.473,543119100,8851257344
2013-05-08,,4216.901,4240.888,4180.295,4203.283,406115800,5839308288
2013-05-09,,4224.896,4245.42,4177.185,4208.212,497106800,6962782720
2013-05-10,,4193.461,4228.269,4176.852,4210.322,421545000,5852065280
2013-05-13,,4209.973,4219.838,4171.188,4196.206,371128200,5042684928
2013-05-14,,4195.625,4195.625,4112.226,4144.866,450416100,5479785472
2013-05-15,,4139.529,4152.323,4124.808,4143.615,379938700,4887842816
2013-05-16,,4126.273,4170.955,4089.902,4165.354,493375600,6229008896
2013-05-17,,4163.473,4237.666,4156.177,4231.654,571639200,7339572736
2013-05-20,,4233.638,4297.886,4219.343,4282.157,680317800,9300288512
2013-05-21,,4295.289,4314.647,4261.205,4300.506,598991000,8136184320
2013-05-22,,4294.751,4345.544,4278.863,4306.779,628334000,8719990784
2013-05-23,,4278.091,4281.024,4218.702,4228.407,517204500,7042458112
2013-05-24,,4232.389,4289.633,4224.612,4277.183,462226900,6599313408
2013-05-27,,4274.694,4292.399,4252.769,4259.922,451162300,6275480064
2013-05-28,,4262.532,4340.136,4230.836,4338.302,696188600,8625813504
2013-05-29,,4340.916,4360.034,4326.483,4330.962,548812900,7368247296
2013-05-30,,4318.915,4329.774,4295.672,4310.43,556564200,7608559616
2013-05-31,,4329.206,4341.708,4271.428,4273.356,492134700,6403976704
2013-06-03,,4260.391,4279.096,4229.776,4241.052,433520200,5452779008
2013-06-04,,4244.677,4245.675,4170.289,4183.223,415340400,5211676160
2013-06-05,,4184.318,4207.194,4171.341,4192.543,311322000,3887778560
2013-06-06,,4181.152,4190.034,4129.807,4133.901,316268000,4077520384
2013-06-07,,4141.576,4158.407,4034.944,4046.773,418183100,5055462912
2013-06-13,,4002.823,4002.823,3862.707,3884.706,416526200,4562544128
2013-06-14,,3892.498,3907.713,3866.685,3900.059,333173100,3766254336
2013-06-17,,3910.897,3916.076,3865.255,3875.16,325795500,3722840064
2013-06-18,,3880.004,3890.507,3844.787,3868.388,272286600,2988075008
2013-06-19,,3858.138,3871.054,3802.933,3871.054,378287200,4733842432
2013-06-20,,3829.046,3829.046,3717.993,3717.993,370326800,4216130816
2013-06-21,,3642.626,3720.125,3603.953,3687.91,373300300,3812435200
2013-06-24,,3674.202,3674.909,3408.718,3414.186,459540800,4667965952
2013-06-25,,3390.062,3406.9,3139.584,3354.898,583678600,5535729152
2013-06-26,,3354.022,3382.146,3298.843,3362.476,475647700,4474660352
2013-06-27,,3351.969,3392.505,3304.864,3308.873,451879100,4360260608
2013-06-28,,3273.73,3372.356,3239.457,3317.06,401565000,3723177472
2013-07-01,,3293.208,3344.354,3267.294,3341.558,376711500,3766947584
2013-07-02,,3327.817,3338.33,3295.38,3324.902,349367200,3684463360
2013-07-03,,3292.213,3292.213,3215.697,3272.415,480232100,5652984320
2013-07-04,,3244.828,3425.895,3217.735,3385.824,713341000,8450966528
2013-07-05,,3368.595,3502.349,3341.44,3429.363,790541500,9067919360
2013-07-08,,3348.241,3348.241,3241.314,3241.479,526363600,6020438016
2013-07-09,,3238.556,3301.625,3238.556,3263.118,335779100,3744069120
2013-07-10,,3260.584,3436.129,3252.086,3435.193,629782700,7482411520
2013-07-11,,3496.925,3645.603,3493.713,3603.107,1151560800,14615529472
2013-07-12,,3574.468,3582.252,3493.123,3494.71,762492100,9636899840
2013-07-15,,3496.334,3564.551,3484.88,3521.557,544455400,6889085440
2013-07-16,,3517.667,3534.436,3484.747,3527.743,507728700,6267166720
2013-07-17,,3535.597,3551.853,3455.652,3459.196,510691200,6039027200
2013-07-18,,3440.591,3454.114,3384.679,3385.397,424858700,4762152960
2013-07-19,,3387.106,3419.186,3265.985,3267.066,466735300,5219788288
2013-07-22,,3263.753,3351.273,3249.783,3350.773,413328800,4671173120
2013-07-23,,3374.805,3509.014,3374.805,3476.712,695423100,8198931456
2013-07-24,,3461.064,3481.92,3388.538,3445.473,539352700,6434223104
2013-07-25,,3439.729,3456.866,3390.577,3397.503,418744000,4919473152
2013-07-26,,3384.938,3404.815,3348.658,3380.223,333003900,3872631808
2013-07-29,,3351.575,3351.575,3308.906,3319.088,354613000,3882956032
2013-07-30,,3336.706,3418.206,3336.706,3375.975,404471400,4919282176
2013-07-31,,3384.829,3422.487,3347.382,3358.49,351622200,4063523072
2013-08-01,,3374.728,3429.114,3366.292,3428.209,458142000,5207797760
2013-08-02,,3443.481,3464.063,3417.895,3421.429,466078900,5064992768
2013-08-05,,3423.011,3466.498,3420.772,3465.609,408608900,4733911552
2013-08-06,,3455.114,3519.924,3425.962,3502.784,550348800,6542107136
2013-08-07,,3481.923,3537.33,3469.005,3482.418,548292700,6521852928
2013-08-08,,3513.512,3543.603,3495.897,3507.48,519915900,6575892992
2013-08-09,,3538.586,3670.931,3531.226,3656.313,1119774800,14437514240
2013-08-12,,3671.508,3840.958,3647.784,3808.635,1338044800,17417609216
2013-08-13,,3792.084,3807.756,3753.042,3787.205,757009300,9471020032
2013-08-14,,3777.566,3809.531,3702.216,3724.813,681694000,8554069504
2013-08-15,,3729.578,3772.722,3705.98,3711.848,613064700,7894293504
2013-08-16,,3721.172,3816.621,3652.634,3653.155,896788300,10371662848
2013-08-19,,3645.326,3757.494,3631.243,3740.111,587854900,8103568384
2013-08-20,,3713.638,3744.802,3649.066,3665.638,531874000,6935639552
2013-08-21,,3679.337,3711.795,3653.653,3700.323,430276200,5713838080
2013-08-22,,3682.169,3703.651,3646.92,3652.569,395222700,5254642688
2013-08-23,,3666.746,3694.89,3556.177,3628.965,484392000,6331969536
2013-08-26,,3654.68,3709.88,3650.197,3704.551,496430300,5899185152
2013-08-27,,3704.04,3772.89,3697.69,3753.663,547236900,7658569728
2013-08-28,,3751.691,3888.063,3744.621,3867.833,1325690500,14336142336
2013-08-29,,3870.907,3870.907,3764.629,3779.027,871194400,9641633792
2013-08-30,,3779.467,3779.467,3678.45,3702.169,666291600,8238156800
2013-09-02,,3705.542,3769.008,3683.478,3744.843,521434500,6451723776
2013-09-03,,3736.991,3751.527,3708.521,3750.007,467712800,5424863232
2013-09-04,,3761.389,3802.218,3732.492,3776.67,587956100,7522815488
2013-09-05,,3748.074,3748.074,3706.512,3708.817,533551800,6357030912
2013-09-06,,3691.102,3732.806,3690.491,3724.031,431920500,4972556288
2013-09-09,,3732.774,3815.667,3732.103,3803.592,702157400,7993621504
2013-09-10,,3808.664,3850.578,3791.775,3849.373,787216300,8790825984
2013-09-11,,3853.921,3965.718,3847.22,3895.96,1164149400,13385448448
2013-09-12,,3882.608,3882.608,3832.469,3837.992,657409000,7209132032
2013-09-13,,3822.751,3860.624,3800.433,3820.589,527776800,6717213696
2013-09-16,,3822.372,3839.258,3776.354,3781.219,454916700,5664623616
2013-09-17,,3777.45,3777.45,3687.921,3690.29,478704000,5961201152
2013-09-18,,3688.186,3702.916,3658.941,3697.831,308441600,3688715264
2013-09-23,,3716.619,3755.224,3715.141,3753.682,375178900,4495323136
2013-09-24,,3751.267,3754.856,3689.421,3695.538,445622900,5438322688
2013-09-25,,3692.355,3729.098,3676.834,3689.883,583572200,5790357504
2013-09-26,,3688.344,3710.166,3633.133,3635.86,477523100,5621353472
2013-09-27,,3627.416,3687.65,3622.969,3659.191,443947400,4264031744
2013-09-30,,3676.155,3693.127,3656.711,3680.758,350743300,3581820672
2013-10-08,,3660.703,3696.418,3637.075,3688.517,398461700,4235291392
2013-10-09,,3676.877,3694.818,3663.407,3689.894,387643200,4395062272
2013-10-10,,3682.094,3701.0,3633.66,3674.341,569654100,5983069696
2013-10-11,,3676.675,3721.06,3671.943,3702.633,577142500,5503578624
2013-10-14,,3687.426,3687.426,3653.346,3669.573,568370200,6026743296
2013-10-15,,3674.045,3714.509,3669.999,3693.173,512518000,5713852416
2013-10-16,,3675.735,3676.622,3598.733,3624.795,692189900,7067725824
2013-10-17,,3629.805,3656.55,3601.995,3607.368,488135300,5114357248
2013-10-18,,3632.528,3646.167,3603.414,3611.348,345598200,3385218816
2013-10-21,,3607.172,3636.44,3557.69,3635.646,506181300,5273453568
2013-10-22,,3628.435,3634.274,3605.466,3625.334,410175700,4146511104
2013-10-23,,3649.884,3689.941,3623.363,3627.345,532896900,6132140032
2013-10-24,,3624.169,3628.549,3570.951,3575.381,343158500,3755365376
2013-10-25,,3574.859,3587.611,3480.531,3493.871,407317000,4392096768
2013-10-28,,3495.88,3511.504,3449.346,3458.429,282701800,2944938752
2013-10-29,,3459.37,3494.432,3334.626,3393.852,430624100,4312240640
2013-10-30,,3392.501,3433.081,3380.488,3429.811,324488900,3085725696
2013-10-31,,3418.131,3426.38,3394.292,3410.254,273641900,2729335552
2013-11-01,,3416.584,3467.732,3413.76,3455.531,295041700,3601649664
2013-11-04,,3488.408,3512.463,3448.593,3455.056,280882900,3557995264
2013-11-05,,3445.16,3489.308,3432.003,3489.003,293542400,3523481856
2013-11-06,,3481.3,3511.591,3465.316,3470.361,327119800,4053292800
2013-11-07,,3473.103,3477.282,3429.627,3435.234,263767500,2955665920
2013-11-08,,3417.932,3427.645,3361.326,3362.407,265851800,3053922048
2013-11-11,,3353.455,3366.622,3315.115,3337.309,223318600,2600430336
2013-11-12,,3343.616,3365.332,3331.811,3364.813,187303400,1986431872
2013-11-13,,3346.116,3351.503,3301.378,3303.012,244934000,2556643584
2013-11-14,,3311.296,3331.745,3303.239,3328.65,220037600,2406083072
2013-11-15,,3335.176,3413.337,3335.176,3387.966,362979500,3793977088
2013-11-18,,3389.587,3453.969,3389.46,3453.485,409603600,4521069568
2013-11-19,,3449.292,3449.968,3422.305,3436.521,329570200,3602118656
2013-11-20,,3453.433,3459.467,3433.924,3453.087,283827800,2943456256
2013-11-21,,3435.787,3435.787,3396.006,3414.166,324470500,3376776704
2013-11-22,,3419.368,3423.902,3400.093,3411.25,328914300,3122534656
2013-11-25,,3394.289,3418.806,3377.872,3379.848,274330600,2719304704
2013-11-26,,3380.186,3397.864,3371.112,3380.423,217833600,2136844544
2013-11-27,,3379.739,3412.762,3369.726,3409.767,274597600,2849554944
2013-11-28,,3415.644,3567.593,3412.936,3540.022,812765600,9721832448
2013-11-29,,3525.981,3525.981,3496.767,3504.315,483831600,5945170432
2013-12-02,,3458.371,3511.018,3426.265,3438.798,661296000,7854622720
2013-12-03,,3419.282,3495.307,3414.409,3494.43,461303900,5291719168
2013-12-04,,3484.211,3537.1,3472.143,3515.877,514920600,5715884032
2013-12-05,,3523.794,3536.58,3501.036,3506.411,444192500,4677792768
2013-12-06,,3497.733,3515.886,3490.769,3503.545,324284600,3260708096
2013-12-09,,3504.961,3523.415,3490.931,3496.894,324064200,3426943232
2013-12-10,,3501.384,3508.248,3477.357,3492.773,360410100,4003628800
2013-12-11,,3484.569,3485.327,3432.649,3445.934,372856600,4116211968
2013-12-12,,3438.492,3452.796,3418.538,3420.144,282427600,3171638272
2013-12-13,,3393.459,3430.824,3387.537,3411.988,280501700,2777495296
2013-12-16,,3408.506,3416.752,3341.823,3342.233,348245200,3936358400
2013-12-17,,3348.182,3358.161,3319.401,3322.442,258633400,2971471616
2013-12-18,,3327.547,3343.66,3317.292,3328.275,254657400,2845747200
2013-12-19,,3333.929,3356.711,3305.672,3307.093,283300500,3229639424
2013-12-20,,3300.77,3302.51,3191.759,3196.771,393161300,4465742848
2013-12-23,,3200.747,3212.877,3159.779,3182.039,234783600,2478485248
2013-12-24,,3183.687,3215.019,3162.665,3186.564,241783400,2451680768
2013-12-25,,3191.383,3211.098,3179.698,3209.936,253593700,2522133760
2013-12-26,,3206.339,3206.488,3126.561,3171.401,440884700,4039667200
2013-12-27,,3162.641,3213.55,3154.901,3199.416,321988600,2998825984
2013-12-30,,3218.262,3222.64,3188.46,3190.658,281208100,2637440000
2013-12-31,,3177.479,3244.199,3167.336,3220.485,306621800,3283221248
2014-01-02,,3215.085,3226.336,3197.584,3213.645,391252700,3819757824
2014-01-03,,3238.451,3242.006,3204.494,3213.445,361147200,3925644544
2014-01-06,,3211.046,3212.471,3135.078,3137.443,348526600,3632811776
2014-01-07,,3125.936,3154.838,3116.712,3135.563,227273100,2436046080
2014-01-08,,3133.209,3151.077,3097.757,3101.089,277334600,2882796800
2014-01-09,,3092.514,3102.712,3039.68,3039.894,295380100,2953022464
2014-01-10,,3036.808,3058.829,3021.814,3032.649,322865900,2879154944
2014-01-13,,3045.931,3127.172,3045.931,3077.03,458611500,3724527360
2014-01-14,,3076.232,3082.904,3038.304,3079.154,337380700,2904925952
2014-01-15,,3073.493,3074.257,3033.968,3049.927,288845000,2548236544
2014-01-16,,3050.177,3125.448,3035.164,3099.707,425358900,4262362880
2014-01-17,,3079.482,3079.482,3033.251,3034.063,311828600,2978788864
2014-01-20,,3028.487,3033.349,2997.15,3009.747,233657700,2302340352
2014-01-21,,3010.97,3047.125,3010.333,3032.328,207555800,1993182336
2014-01-22,,3034.44,3101.612,3032.076,3099.974,358336400,3504278784
2014-01-23,,3094.334,3097.144,3073.649,3077.311,275566000,2839030784
2014-01-24,,3078.615,3156.148,3077.886,3129.939,450744600,4476569088
2014-01-27,,3114.303,3131.502,3093.508,3113.155,366493300,3597771520
2014-01-28,,3115.298,3131.091,3100.094,3111.885,264983200,2482049280
2014-01-29,,3112.227,3124.523,3102.484,3106.243,237504000,2446191872
2014-01-30,,3107.228,3108.8,3069.874,3073.462,219580000,2210433280
2014-02-07,,3052.67,3084.962,3039.253,3084.962,248026000,2469355520
2014-02-10,,3093.491,3215.883,3093.491,3207.169,610182900,6821381632
2014-02-11,,3219.637,3257.62,3190.668,3252.001,815338000,8574059520
2014-02-12,,3250.805,3261.028,3227.756,3254.076,565690700,5846134784
2014-02-13,,3249.839,3326.919,3244.477,3262.586,885445400,7655290880
2014-02-14,,3270.503,3295.039,3256.593,3291.45,521243700,5300224512
2014-02-17,,3328.519,3346.87,3300.296,3325.702,607470200,6317566464
2014-02-18,,3326.787,3326.787,3262.351,3274.428,583877100,6071012352
2014-02-19,,3275.827,3306.372,3263.079,3293.029,456224200,4784044544
2014-02-20,,3287.225,3319.642,3266.768,3268.478,635472500,6155459584
2014-02-21,,3261.863,3299.342,3229.088,3247.805,482794500,4683309056
2014-02-24,,3229.474,3229.474,3156.587,3183.233,446702600,4424232960
2014-02-25,,3189.747,3212.176,3082.307,3099.198,493890800,5008002560
2014-02-26,,3102.718,3208.579,3093.463,3208.402,705029700,6611160576
2014-02-27,,3195.6,3217.496,3145.142,3146.997,622427200,6401562624
2014-02-28,,3137.777,3202.92,3134.174,3198.325,567830500,5617272320
2014-03-03,,3206.314,3239.023,3195.389,3238.917,586259500,5581293056
2014-03-04,,3232.596,3273.728,3213.59,3247.639,773115300,7275847680
2014-03-05,,3240.56,3241.359,3199.144,3204.856,577847900,5338033152
2014-03-06,,3195.042,3202.47,3154.26,3186.832,395384300,4000788736
2014-03-07,,3199.771,3248.162,3188.597,3200.241,478653000,5403053568
2014-03-10,,3152.57,3152.57,3051.426,3059.573,481026100,4704951296
2014-03-11,,3055.18,3074.959,3038.305,3067.379,321510400,3183510784
2014-03-12,,3061.899,3104.305,3052.058,3103.986,428353300,4051546880
2014-03-13,,3111.118,3127.028,3099.795,3108.802,361367200,3407730688
2014-03-14,,3101.546,3112.197,3070.486,3088.863,335255600,3317894656
2014-03-17,,3101.965,3127.71,3084.822,3127.657,354834000,3541550848
2014-03-18,,3117.693,3131.737,3100.218,3122.43,391333200,4065332992
2014-03-19,,3106.823,3106.823,3081.611,3096.656,378741600,3695355904
2014-03-20,,3081.619,3101.691,3026.596,3027.238,390270400,3695333888
2014-03-21,,3015.313,3108.577,2999.104,3100.986,473117200,4623734272
2014-03-24,,3097.492,3134.162,3092.682,3126.14,494690500,4678558720
2014-03-25,,3106.128,3157.883,3098.218,3134.359,528104300,4439823360
2014-03-26,,3133.195,3167.075,3106.648,3150.888,419840700,4504415744
2014-03-27,,3135.438,3141.164,3096.924,3097.971,399031500,4043467520
2014-03-28,,3095.362,3133.378,3073.118,3086.633,515096400,4230269440
2014-03-31,,3082.857,3102.125,3052.275,3068.228,345141300,2882708992
2014-04-01,,3063.384,3096.47,3062.524,3089.834,260465700,2317541120
2014-04-02,,3100.466,3120.623,3092.367,3103.583,335096300,3092898304
2014-04-03,,3110.129,3123.206,3087.462,3103.587,455035600,3585549824
2014-04-04,,3092.484,3160.029,3085.704,3153.623,480450600,5240515584
2014-04-08,,3140.534,3208.488,3136.263,3198.666,580316000,6028683776
2014-04-09,,3202.232,3217.451,3190.998,3203.569,469497000,4560462848
2014-04-10,,3205.554,3223.964,3183.804,3211.149,613261300,5668711936
2014-04-11,,3204.647,3216.857,3187.083,3194.318,485022800,4397274624
2014-04-14,,3188.178,3230.603,3186.851,3222.687,463270100,4826023424
2014-04-15,,3213.39,3213.39,3178.425,3181.626,417771800,4005256448
2014-04-16,,3165.415,3183.048,3149.658,3157.238,369695600,3991834112
2014-04-17,,3162.368,3166.353,3148.797,3150.188,272502200,2643703552
2014-04-18,,3146.997,3164.305,3136.076,3158.29,281042900,2809634304
2014-04-21,,3145.11,3162.297,3107.372,3108.741,322973700,3212085760
2014-04-22,,3107.398,3118.909,3058.65,3096.127,411726500,4220049408
2014-04-23,,3093.823,3118.849,3089.121,3101.255,298946900,2948215552
2014-04-24,,3101.705,3113.585,3081.931,3084.373,298092200,2954392832
2014-04-25,,3088.465,3092.685,3044.862,3045.727,326323700,3003356416
2014-04-28,,3051.806,3063.154,2987.638,2992.012,357430200,3267073536
2014-04-29,,2987.431,3026.31,2982.987,3024.288,288589000,2775365632
2014-04-30,,3016.579,3023.433,3006.041,3019.511,233099200,2151026944
2014-05-05,,3014.569,3037.429,3001.523,3035.796,275641900,2444900096
2014-05-06,,3036.22,3060.715,3029.491,3042.593,272051500,2617012480
2014-05-07,,3030.281,3038.415,3016.203,3018.037,280658400,2726765056
2014-05-08,,3008.905,3048.97,3004.732,3026.374,326549000,3144750848
2014-05-09,,3034.742,3106.845,3033.59,3082.718,583900900,5645556736
2014-05-12,,3102.704,3251.985,3095.544,3244.655,1131795300,11155351552
2014-05-13,,3256.099,3264.043,3170.505,3184.661,932675200,9554322432
2014-05-14,,3172.039,3174.688,3149.878,3153.785,528472200,5261095424
2014-05-15,,3133.574,3138.885,3087.923,3090.852,499459300,4876761600
2014-05-16,,3086.84,3104.166,3072.404,3098.431,362963300,3590366208
2014-05-19,,3091.325,3101.002,3063.163,3092.538,359303900,3493297664
2014-05-20,,3110.242,3118.605,3065.003,3068.694,330480700,3294898688
2014-05-21,,3055.187,3092.385,3038.326,3087.679,292401700,2726280960
2014-05-22,,3084.694,3106.609,3064.924,3064.924,331013800,3081858304
2014-05-23,,3063.101,3078.826,3059.441,3077.724,247397100,2298787584
2014-05-26,,3095.279,3106.498,3088.397,3098.735,327100800,3240865024
2014-05-27,,3096.764,3100.65,3078.914,3081.689,274432800,2625440256
2014-05-28,,3080.186,3103.977,3068.888,3100.98,341971700,3412815104
2014-05-29,,3100.654,3101.311,3068.023,3069.109,322059900,3178103040
2014-05-30,,3066.567,3114.465,3065.389,3095.114,405525200,4163005184
2014-06-03,,3093.155,3122.125,3090.522,3091.38,432824700,4514537472
2014-06-04,,3083.395,3083.395,3027.251,3040.936,366057400,3726507776
2014-06-05,,3039.526,3072.296,3037.837,3067.579,289366600,3292337152
2014-06-06,,3071.517,3072.644,3041.173,3053.815,286558300,3044995328
2014-06-09,,3054.642,3084.254,3050.405,3057.421,297552300,3324935424
2014-06-10,,3057.677,3076.822,3044.902,3075.657,340396100,3232149248
2014-06-11,,3072.941,3102.077,3067.858,3097.837,466329100,4068718848
2014-06-12,,3086.924,3114.688,3073.681,3088.476,453873000,4201704192
2014-06-13,,3086.696,3127.453,3086.661,3111.395,535240200,4950228992
2014-06-16,,3118.938,3128.803,3105.724,3121.681,467218900,4816430080
2014-06-17,,3123.926,3132.315,3099.501,3102.773,504969900,5349723136
2014-06-18,,3107.851,3166.893,3094.724,3147.635,707442300,7380746752
2014-06-19,,3138.711,3138.711,3065.865,3076.382,816129500,8338249216
2014-06-20,,3088.409,3117.247,3081.27,3105.539,584492600,5636892672
2014-06-23,,3106.429,3185.801,3105.685,3170.278,825187800,7980435968
2014-06-24,,3165.328,3229.642,3154.891,3214.484,983291800,11020218368
2014-06-25,,3193.584,3193.859,3155.94,3165.126,689151400,7771528704
2014-06-26,,3164.924,3191.171,3164.256,3181.815,681769300,7405414912
2014-06-27,,3174.135,3201.934,3157.34,3178.502,721687500,7419272704
2014-06-30,,3179.402,3204.064,3175.613,3204.064,552575000,5778993152
2014-07-01,,3220.839,3296.689,3212.984,3247.416,958170700,10002704384
2014-07-02,,3228.339,3235.183,3202.41,3234.044,783315200,8111795200
2014-07-03,,3272.541,3299.575,3272.323,3289.027,1121970100,11397579776
2014-07-04,,3285.442,3289.802,3262.033,3264.712,748736100,7730669568
2014-07-07,,3250.851,3257.032,3225.826,3233.524,537119700,5531996672
2014-07-08,,3237.642,3269.359,3212.417,3264.879,642415300,6640581120
2014-07-09,,3255.554,3304.153,3238.403,3239.604,778632500,9157699584
2014-07-10,,3236.933,3296.584,3228.86,3271.975,779509300,9489345536
2014-07-11,,3273.571,3318.439,3267.498,3296.451,934973400,10413545472
2014-07-14,,3308.05,3365.122,3301.021,3362.3,1009070500,11826883584
2014-07-15,,3350.361,3365.456,3323.796,3346.519,817186600,9635668992
2014-07-16,,3339.102,3363.827,3312.443,3319.99,858645300,8321142272
2014-07-17,,3317.462,3345.439,3297.895,3326.311,811313500,8034437632
2014-07-18,,3326.094,3359.928,3315.467,3323.553,745581900,7103164928
2014-07-21,,3315.735,3319.466,3289.74,3295.711,652370400,6309414912
2014-07-22,,3304.312,3422.704,3304.312,3402.132,1272351000,12729808896
2014-07-23,,3398.723,3452.354,3383.536,3407.627,1109063500,11088632832
2014-07-24,,3397.765,3457.043,3379.09,3444.561,1224039000,13058256896
2014-07-25,,3455.207,3592.52,3455.207,3554.894,1709672400,18916438016
2014-07-28,,3568.221,3687.492,3568.221,3645.689,1941445600,21509881856
2014-07-29,,3650.777,3685.152,3610.453,3653.583,1580477600,17394595840
2014-07-30,,3613.864,3648.921,3603.027,3621.831,1213197300,13322691584
2014-07-31,,3626.806,3714.464,3626.201,3713.376,1617519000,16113475584
2014-08-01,,3685.796,3700.189,3617.95,3625.95,1459396200,14110190592
2014-08-04,,3630.4,3735.11,3613.43,3735.06,1440684100,15799517184
2014-08-05,,3769.144,3798.687,3706.827,3751.088,1393405200,16684236800
2014-08-06,,3732.767,3843.878,3708.363,3826.569,1865626400,19109199872
2014-08-07,,3837.595,3847.591,3770.922,3774.356,1747167600,16979215360
2014-08-08,,3768.735,3824.833,3764.286,3799.51,1425446000,14251252736
2014-08-11,,3803.481,3850.058,3791.49,3849.398,1285440100,14625152000
2014-08-12,,3838.678,3859.325,3821.685,3851.841,1273460300,14296926208
2014-08-13,,3845.929,3865.213,3788.201,3853.088,1264552000,15156960256
2014-08-14,,3840.313,3843.29,3764.538,3768.179,1175892000,13849481216
2014-08-15,,3758.39,3796.03,3747.619,3777.841,896838700,10282907648
2014-08-18,,3787.483,3823.717,3786.135,3822.957,1013058300,11661697024
2014-08-19,,3827.434,3829.422,3780.917,3812.589,1018291400,11844185088
2014-08-20,,3819.077,3833.307,3793.025,3804.743,857461700,10235546624
2014-08-21,,3817.994,3846.348,3776.057,3807.152,964050800,10452590592
2014-08-22,,3799.833,3813.253,3773.879,3804.399,794899900,9062790144
2014-08-25,,3815.162,3817.397,3750.966,3773.67,914922800,10894568448
2014-08-26,,3764.869,3788.804,3710.115,3724.255,859048000,9656231936
2014-08-27,,3723.601,3752.188,3704.358,3724.277,744635400,8582134784
2014-08-28,,3726.446,3736.124,3679.311,3686.285,697212900,8519954944
2014-08-29,,3681.391,3710.854,3660.092,3710.016,705601900,7889861632
2014-09-01,,3711.444,3766.065,3704.353,3765.402,755863800,8580820480
2014-09-02,,3771.544,3821.939,3755.39,3821.63,1092603100,11739372544
2014-09-03,,3824.481,3865.644,3822.733,3850.527,1220045600,13562147840
2014-09-04,,3851.156,3862.994,3821.779,3862.994,1014671300,11450886144
2014-09-05,,3877.171,3913.348,3853.254,3903.742,1262431000,14309516288
2014-09-09,,3904.568,3915.796,3879.018,3900.784,1045624600,11801501696
2014-09-10,,3868.797,3903.063,3856.971,3892.861,974565600,12043900928
2014-09-11,,3890.07,3921.671,3852.006,3869.111,1092576300,12590966784
2014-09-12,,3860.987,3901.876,3848.872,3901.492,909912100,10016400384
2014-09-15,,3895.318,3932.883,3875.119,3923.144,1012525000,11570293760
2014-09-16,,3924.722,3945.439,3817.729,3826.008,1771882800,15950724096
2014-09-17,,3830.707,3878.726,3819.83,3868.483,1298887200,11424221184
2014-09-18,,3859.693,3872.746,3834.264,3871.569,956645700,8931544064
2014-09-19,,3872.112,3891.729,3857.876,3879.921,857604600,8816506880
2014-09-22,,3874.196,3874.196,3784.401,3793.241,860425200,9124233216
2014-09-23,,3792.518,3823.903,3792.498,3820.753,634775000,7119989760
2014-09-24,,3812.198,3900.568,3801.883,3899.711,962955800,10436349952
2014-09-25,,3909.612,3943.843,3891.373,3907.079,1002205200,11504967680
2014-09-26,,3901.745,3919.66,3891.834,3910.711,740838400,8159391232
2014-09-29,,3915.786,3931.219,3899.56,3912.374,833557200,9247378432
2014-09-30,,3914.815,3947.208,3914.815,3937.361,974012200,10342334464
2014-10-08,,3941.261,3951.115,3914.417,3951.115,823936900,8726644736
2014-10-09,,3952.376,3993.478,3930.233,3992.383,1351473000,12976440320
2014-10-10,,3977.655,3977.655,3926.261,3941.703,1004402000,10276420608
2014-10-13,,3946.638,3975.667,3927.386,3975.151,1065518300,11500828672
2014-10-14,,3965.808,3987.51,3941.49,3967.04,910120700,10403780608
2014-10-15,,3958.388,3970.487,3912.125,3950.525,915371100,9051024384
2014-10-16,,3929.477,3967.229,3884.442,3885.955,1282565400,11057691648
2014-10-17,,3876.661,3896.378,3788.997,3853.249,991713400,9785457664
2014-10-20,,3858.876,3892.374,3848.844,3892.188,687796800,6891533312
2014-10-21,,3886.618,3899.947,3849.517,3852.65,706230300,7265093120
2014-10-22,,3849.777,3866.071,3792.246,3797.643,593256000,6505425920
2014-10-23,,3791.16,3799.842,3708.717,3726.967,667652800,6588012032
2014-10-24,,3732.583,3762.107,3727.52,3740.822,463563100,4718956544
2014-10-27,,3728.989,3751.623,3709.892,3746.774,388918700,4100533248
2014-10-28,,3756.431,3822.557,3756.431,3822.557,592213300,6223746048
2014-10-29,,3831.905,3875.143,3816.066,3864.327,1000963700,9205306368
2014-10-30,,3860.742,3890.922,3846.371,3869.212,1335584400,9874577408
2014-10-31,,3864.225,3922.025,3839.837,3905.675,1222492200,11816081408
2014-11-03,,3909.213,3943.006,3903.728,3925.265,1263761800,11123270656
2014-11-04,,3925.0,3967.134,3906.07,3952.918,1590433400,12457720832
2014-11-05,,3940.908,3943.952,3877.552,3881.098,1158415900,10224647168
2014-11-06,,3858.758,3883.106,3837.023,3879.803,926397400,9176128512
2014-11-07,,3876.76,3891.416,3814.312,3831.73,1078695500,11061754880
2014-11-10,,3838.781,3895.561,3831.327,3893.741,1215398900,10821572608
2014-11-11,,3894.329,3901.85,3779.038,3810.962,1474719000,13630051328
2014-11-12,,3795.808,3872.162,3790.946,3872.162,943257000,9678685184
2014-11-13,,3871.386,3957.96,3811.55,3940.221,1866033200,19048595456
2014-11-14,,3910.797,3917.678,3862.608,3892.391,1091540700,10638397440
2014-11-17,,3919.372,3928.433,3883.733,3891.952,875557100,8741097472
2014-11-18,,3883.319,3899.324,3862.849,3880.453,776992000,7745381376
2014-11-19,,3881.388,3884.902,3850.283,3861.797,638246100,7024169984
2014-11-20,,3849.317,3870.557,3838.306,3855.072,536204900,5741307904
2014-11-21,,3859.87,3909.67,3857.915,3908.618,739836500,7934434304
2014-11-24,,3968.773,4036.786,3942.707,4006.276,1770015600,18507046912
2014-11-25,,4008.882,4145.799,4004.445,4138.211,2533292200,23751368704
2014-11-26,,4143.281,4176.669,4098.533,4143.953,2182782600,21728086016
2014-11-27,,4146.195,4184.871,4114.143,4166.59,1788726000,19478743040
2014-11-28,,4184.192,4184.192,4077.31,4135.825,1963613600,19715964928
2014-12-01,,4111.537,4187.014,4091.548,4120.555,2051034400,20488572928
2014-12-02,,4153.167,4206.925,4137.824,4196.657,2031430600,21390882816
2014-12-03,,4185.882,4492.754,4179.322,4459.607,3964697600,45222211584
2014-12-04,,4498.315,4583.943,4473.176,4579.745,3532904000,42367909888
2014-12-05,,4581.485,4582.468,4279.165,4434.284,3220664000,37368213504
2014-12-08,,4385.535,4566.344,4344.61,4499.76,2678544400,29946181632
2014-12-09,,4461.607,4669.412,4284.619,4307.914,3576844800,39111794688
2014-12-10,,4336.884,4464.331,4290.596,4456.835,2152058400,23582474240
2014-12-11,,4440.05,4523.054,4396.756,4480.227,1955733000,22330458112
2014-12-12,,4518.041,4590.467,4510.682,4535.014,1874074000,22793154560
2014-12-15,,4514.383,4527.209,4459.251,4524.007,1987031600,21750554624
2014-12-16,,4511.847,4539.789,4460.299,4535.205,2006812200,22029879296
2014-12-17,,4519.758,4519.758,4362.049,4417.829,1999041200,21573257216
2014-12-18,,4410.464,4586.62,4407.473,4505.32,2208339600,26296780800
2014-12-19,,4499.786,4589.775,4445.934,4545.275,2918306800,31239936000
2014-12-22,,4585.371,4678.288,4462.73,4524.63,3797283200,36571631616
2014-12-23,,4467.675,4514.849,4343.249,4351.022,2252548800,22726400000
2014-12-24,,4349.705,4387.532,4281.192,4346.327,1699212800,16794883072
2014-12-25,,4354.406,4416.705,4314.09,4416.397,1531380900,16305547264
2014-12-26,,4419.101,4491.672,4414.431,4478.678,1875068400,21472782336
2014-12-29,,4482.834,4544.336,4430.027,4469.238,2139521600,24561297408
2014-12-30,,4466.456,4493.012,4375.386,4386.98,1557017400,18870599680
2014-12-31,,4401.49,4433.595,4339.102,4422.928,1519258300,17178661888
2015-01-05,,4434.11,4735.249,4431.744,4731.326,3609129600,41073111040
2015-01-06,,4742.342,4764.339,4613.783,4689.046,3200039600,34963677184
2015-01-07,,4680.729,4871.714,4667.363,4773.18,2881880200,31396335616
2015-01-08,,4746.931,4760.306,4617.143,4645.954,2002008600,21203816448
2015-01-09,,4624.163,4701.821,4579.416,4582.1,1730185200,18975199232
2015-01-12,,4559.776,4572.236,4470.185,4508.194,1575774400,16980523008
2015-01-13,,4519.264,4572.256,4479.093,4510.637,1491126400,16778000384
2015-01-14,,4495.926,4498.78,4347.485,4388.737,1615441500,17921171456
2015-01-15,,4379.006,4446.553,4317.09,4445.533,1372511600,15025944576
2015-01-16,,4528.172,4555.437,4482.203,4518.949,1890460600,20207714304
2015-01-19,,4375.426,4479.89,4216.836,4276.54,2198816400,22614867968
2015-01-20,,4292.068,4392.981,4292.068,4392.125,1559711600,16731468800
2015-01-21,,4419.034,4571.261,4419.034,4564.492,2003856400,23150008320
2015-01-22,,4553.033,4784.955,4551.187,4717.385,3204503000,34380521472
2015-01-23,,4776.082,4810.03,4634.527,4663.434,2729756000,28033433600
2015-01-26,,4659.508,4776.966,4659.508,4771.946,1913928400,22973489152
2015-01-27,,4763.351,4791.485,4660.15,4749.478,2085622400,23601983488
2015-01-28,,4723.733,4747.528,4661.35,4670.287,1286663300,15437184000
2015-01-29,,4633.103,4664.057,4585.602,4630.722,1327442400,15730907136
2015-01-30,,4619.343,4687.048,4586.078,4594.973,1257111800,15301643264
2015-02-02,,4531.21,4594.602,4492.602,4543.401,1183837100,13899300864
2015-02-03,,4569.653,4602.746,4528.757,4602.345,1143101200,13819098112
2015-02-04,,4622.055,4645.106,4562.956,4569.572,1257592400,14355173376
2015-02-05,,4643.0,4650.224,4482.563,4486.565,1190480100,13958600704
2015-02-06,,4467.114,4470.779,4343.196,4373.454,1205329800,12793672704
2015-02-09,,4348.596,4391.538,4314.455,4372.123,889938700,9458078720
2015-02-10,,4378.543,4439.591,4374.065,4439.591,740924800,8073463296
2015-02-11,,4440.344,4480.386,4434.679,4457.896,777128800,9315615744
2015-02-12,,4450.574,4471.702,4412.692,4458.939,733891300,8850028544
2015-02-13,,4476.882,4581.787,4476.882,4541.107,1213020700,14157290496
2015-02-16,,4550.994,4598.068,4544.705,4594.309,933632200,11605163008
2015-02-17,,4610.909,4626.881,4591.625,4598.926,944543500,12259289088
2015-02-25,,4601.131,4602.737,4541.553,4561.474,1252947300,14551676928
2015-02-26,,4564.221,4723.757,4560.855,4723.166,1820864400,20761616384
2015-02-27,,4724.37,4777.858,4686.367,4750.36,1662119700,19855812608
2015-03-02,,4801.089,4886.984,4800.865,4882.823,2592369200,30040430592
2015-03-03,,4857.291,4996.1,4828.15,4906.957,3257334000,37727875072
2015-03-04,,4908.152,4926.6,4853.268,4900.974,2248647600,25659447296
2015-03-05,,4882.937,4904.088,4841.017,4896.359,2159117200,25214318592
2015-03-06,,4900.302,5009.757,4846.162,4955.27,2772933600,32645961728
2015-03-09,,4898.193,4939.367,4848.164,4939.145,2155960800,23832809472
2015-03-10,,4941.532,4998.347,4936.924,4959.162,1995521600,24600182784
2015-03-11,,4938.789,4972.824,4883.094,4907.615,1626416600,20090161152
2015-03-12,,4934.681,4957.928,4872.157,4905.33,1864395200,22297323520
2015-03-13,,4910.601,4948.222,4881.441,4930.621,1706862400,21229651968
2015-03-16,,4947.493,5028.895,4929.861,5028.343,2177417200,27652999168
2015-03-17,,5041.752,5150.397,5023.237,5129.129,3148451200,38752784384
2015-03-18,,5124.65,5242.793,5112.112,5241.115,3400591600,39827460096
2015-03-19,,5270.484,5377.915,5238.904,5313.73,3883456000,47164018688
2015-03-20,,5317.842,5329.839,5257.767,5291.402,2620324600,33693825024
2015-03-23,,5357.883,5459.639,5357.883,5434.938,3309038800,42195070976
2015-03-24,,5457.714,5536.713,5325.69,5520.923,4768688800,55849107456
2015-03-25,,5505.094,5523.045,5429.465,5464.809,3904064000,44056342528
2015-03-26,,5439.241,5509.713,5384.164,5443.153,3127238400,39923159040
2015-03-27,,5455.295,5508.784,5436.476,5476.063,2443696200,32168722432
2015-03-30,,5467.779,5527.877,5434.221,5509.687,2911422400,37059518464
2015-03-31,,5523.536,5551.395,5458.671,5478.5,2737768400,36617523200
2015-04-01,,5482.045,5597.142,5478.647,5576.862,2438422800,36132048896
2015-04-02,,5620.859,5704.962,5582.314,5704.962,3235638200,46007025664
2015-04-03,,5671.189,5757.634,5648.675,5737.547,3071372200,43272404992
2015-04-07,,5783.75,5930.143,5777.566,5929.75,3797410000,52584312832
2015-04-08,,5959.012,5962.005,5729.957,5804.967,3453538000,50672652288
2015-04-09,,5831.328,5831.383,5540.821,5653.827,3094656000,42514382848
2015-04-10,,5628.597,5787.213,5601.387,5781.554,2428277200,37416153088
2015-04-13,,5806.821,5883.361,5760.297,5866.013,2985300800,44959948800
2015-04-14,,5859.518,5864.976,5766.633,5810.948,3125434000,42615828480
2015-04-15,,5798.245,5810.279,5665.905,5688.284,3317561200,41816256512
2015-04-16,,5638.412,5818.804,5591.368,5791.182,3018225200,36885774336
2015-04-17,,5835.783,5990.978,5826.993,5948.676,4260742400,56393564160
2015-04-20,,5956.953,6158.052,5838.721,5967.526,5236576000,72529362944
2015-04-21,,5946.743,6090.103,5903.654,6090.103,3464028400,48655912960
2015-04-22,,6124.213,6301.313,6123.955,6263.168,3469566400,58009870336
2015-04-23,,6268.895,6585.174,6225.209,6514.573,4150392000,73926508544
2015-04-24,,6449.359,6542.465,6363.132,6447.596,3539987200,62633525248
2015-04-27,,6480.267,6518.095,6373.543,6475.603,3144708600,54116827136
2015-04-28,,6469.851,6504.826,6234.394,6288.992,3071771800,52421378048
2015-04-29,,6316.635,6569.99,6300.745,6506.98,2904153600,52723474432
2015-04-30,,6538.422,6544.446,6357.965,6360.273,2722768800,47198990336
2015-05-04,,6351.045,6381.682,6263.581,6345.261,1936722800,32554954752
2015-05-05,,6344.079,6386.505,6066.126,6092.685,2182755600,35540869120
2015-05-06,,6138.256,6193.172,5921.768,5988.483,1877877200,30258831360
2015-05-07,,5955.959,6010.851,5888.124,5905.387,1683877600,24948568064
2015-05-08,,5951.214,6033.591,5893.557,6032.129,1669326900,25145194496
2015-05-11,,6103.932,6222.043,6075.336,6221.128,2102757600,32528865280
2015-05-12,,6229.318,6242.629,6156.659,6239.095,2167612000,33993179136
2015-05-13,,6228.562,6374.183,6190.353,6322.894,2652918400,42571427840
2015-05-14,,6347.936,6528.706,6257.921,6528.211,3365380000,55442178048
2015-05-15,,6592.147,6637.457,6414.182,6416.386,3627533600,61496434688
2015-05-18,,6322.691,6353.137,6285.748,6302.288,2457099200,38145171456
2015-05-19,,6296.257,6437.13,6296.168,6435.95,2274838800,35923689472
2015-05-20,,6438.076,6566.94,6419.933,6456.966,3049456800,48085475328
2015-05-21,,6466.458,6554.027,6420.529,6552.409,2634508800,42116472832
2015-05-22,,6596.558,6738.424,6581.889,6719.804,3412219200,56733360128
2015-05-25,,6700.177,6878.846,6689.701,6858.346,3585521600,59688136704
2015-05-26,,6884.885,7014.623,6776.972,7013.652,3817746400,65320955904
2015-05-27,,7052.321,7192.201,6933.831,7161.34,3865998400,68228444160
2015-05-28,,7183.04,7256.086,6706.1,6713.075,4321161600,74931445760
2015-05-29,,6737.34,6854.716,6446.006,6710.627,4103363600,58055577600
2015-06-01,,6785.496,7040.645,6750.151,7034.716,5002167600,65552703488
2015-06-02,,7046.629,7197.538,6998.267,7194.998,4201420000,63510003712
2015-06-03,,7245.285,7299.61,7031.758,7216.978,4316743200,67404910592
2015-06-04,,7219.13,7324.864,6740.709,7320.558,4377766800,69718704128
2015-06-05,,7418.641,7685.733,7398.891,7626.674,6178401600,106602348544
2015-06-08,,7631.334,7673.443,7437.183,7576.795,5158800000,86323822592
2015-06-09,,7556.764,7685.915,7469.341,7613.836,4185031200,71943962624
2015-06-10,,7527.747,7652.676,7456.09,7560.974,3506320000,60190285824
2015-06-11,,7545.247,7656.437,7516.533,7623.13,3367664000,57463730176
2015-06-12,,7635.807,7681.668,7548.459,7635.346,3651106400,63234043904
2015-06-15,,7646.2,7682.566,7493.484,7538.36,3956084400,63571857408
2015-06-16,,7438.303,7438.531,7156.823,7205.896,3292605000,53568102400
2015-06-17,,7209.437,7411.417,7038.86,7389.992,3030308600,47998857216
2015-06-18,,7375.732,7461.823,7139.421,7152.382,2927468000,46592466944
2015-06-19,,7015.843,7138.633,6650.328,6655.446,2783292800,41701257216
2015-06-23,,6634.737,6710.564,6198.871,6700.939,2740853600,37522063360
2015-06-24,,6754.206,6907.128,6691.551,6906.702,3032884400,43578437632
2015-06-25,,6903.618,6906.513,6488.335,6561.909,2823544400,41351077888
2015-06-26,,6374.678,6412.61,5987.184,6007.159,3065839000,38814171136
2015-06-29,,6169.979,6181.038,5510.072,5622.173,3681364400,43898175488
2015-06-30,,5538.439,5925.418,5208.297,5922.389,3802224000,43988758528
2015-07-01,,5838.413,5969.763,5492.323,5509.761,3014542400,36728401920
2015-07-02,,5522.943,5556.573,5065.994,5080.348,2946286000,32847466496
2015-07-03,,4918.796,5128.537,4683.892,4711.364,3107875600,31295596544
2015-07-06,,5079.259,5079.259,4449.273,4609.058,4009235200,39501475840
2015-07-07,,4448.497,4479.392,4266.368,4312.935,3271565600,27828748288
2015-07-08,,4102.016,4159.526,4093.323,4100.947,2088930800,17970495488
2015-07-09,,4080.959,4283.566,4006.562,4283.566,2565692800,19215794176
2015-07-10,,4373.977,4521.886,4357.131,4521.886,2251279800,19559442432
2015-07-13,,4653.95,4817.646,4625.556,4816.888,3342282800,31546695680
2015-07-14,,4843.843,4970.573,4753.731,4790.328,3418747200,35202965504
2015-07-15,,4804.505,4814.701,4520.45,4533.753,3142153600,30527533056
2015-07-16,,4491.098,4739.124,4337.38,4658.335,2960511400,29329526784
2015-07-17,,4680.575,4957.262,4675.291,4912.245,3086917200,32910882816
2015-07-20,,4913.326,5049.826,4849.345,4959.055,3303232200,35583213568
2015-07-21,,4882.624,5067.8,4837.396,5043.534,3064425600,33775822848
2015-07-22,,5020.289,5066.956,4907.139,5031.281,3009376400,33915351040
2015-07-23,,5022.662,5223.149,4995.871,5216.787,3991789200,44263706624
2015-07-24,,5195.576,5386.172,5126.76,5181.62,4739444800,54705799168
2015-07-27,,5059.079,5165.088,4746.963,4753.216,3444504800,38102417408
2015-07-28,,4535.282,4755.496,4383.312,4572.517,3428196400,33840160768
2015-07-29,,4646.811,4815.274,4519.419,4813.657,2428490400,25032951808
2015-07-30,,4789.398,4903.34,4648.314,4666.116,2499052800,27120570368
2015-07-31,,4593.805,4718.527,4581.217,4656.841,1849199800,19154229248
2015-08-03,,4587.641,4629.012,4428.253,4583.223,2010393400,19805513728
2015-08-04,,4591.843,4814.308,4590.602,4813.427,2050840000,21117007872
2015-08-05,,4790.915,4835.377,4696.551,4728.537,1866059200,20191510528
2015-08-06,,4632.799,4799.327,4617.133,4749.24,1502498700,17262123008
2015-08-07,,4794.651,4906.011,4769.593,4868.813,1980906600,23047804928
2015-08-10,,4916.92,5136.722,4892.596,5111.089,3147086800,34792419328
2015-08-11,,5122.011,5309.249,5103.476,5213.953,4233191200,45237559296
2015-08-12,,5141.527,5240.403,5111.931,5144.644,3557209200,36933160960
2015-08-13,,5104.735,5309.556,5072.814,5309.169,3319240000,38735921152
2015-08-14,,5321.407,5358.033,5235.443,5250.164,3319529600,41339412480
2015-08-17,,5251.404,5387.676,5241.026,5385.937,2827977600,34679599104
2015-08-18,,5403.743,5412.332,4927.458,4928.06,3434008400,39949688832
2015-08-19,,4757.069,5033.076,4600.803,5005.437,2689664200,29166213120
2015-08-20,,4973.501,5136.277,4914.625,4915.205,2780161200,29980889088
2015-08-21,,4860.655,4944.305,4661.294,4698.211,2493118200,26888652800
2015-08-24,,4487.271,4535.672,4313.549,4318.284,2340764800,21353369600
2015-08-25,,3985.869,4108.642,3959.15,3959.15,2052574400,17860786176
2015-08-26,,3965.118,4062.823,3715.112,3744.335,2685868400,22399787008
2015-08-27,,3808.712,3878.311,3670.587,3876.158,1939971400,16038064128
2015-08-28,,3946.71,4111.447,3911.899,4109.386,2316607400,20337377280
2015-08-31,,4065.378,4065.378,3944.857,4022.546,1787758800,15942521856
2015-09-01,,3986.17,3990.233,3823.022,3940.358,2149349200,17490202624
2015-09-02,,3776.143,3987.598,3760.484,3861.918,1757472800,15401949184
2015-09-07,,3887.533,4003.214,3852.689,3880.948,1345951700,12354050048
2015-09-08,,3849.33,3992.755,3794.126,3986.458,1221163700,10477920256
2015-09-09,,4013.183,4122.29,3991.631,4120.204,2031243200,18720847872
2015-09-10,,4043.277,4085.72,3991.023,4003.927,1404358800,12779305984
2015-09-11,,3996.034,4040.744,3943.935,3992.483,980703100,8998048768
2015-09-14,,4007.001,4022.181,3686.125,3796.859,1731580800,14637200384
2015-09-15,,3685.907,3735.987,3523.288,3548.681,1211892000,10045944832
2015-09-16,,3549.693,3809.97,3547.909,3780.996,1562222100,13896989696
2015-09-17,,3762.229,3882.77,3714.046,3714.888,1943051600,17854969856
2015-09-18,,3749.394,3767.088,3680.125,3729.812,1176666500,10961343488
2015-09-21,,3684.689,3815.143,3672.508,3812.557,1204359300,10927463424
2015-09-22,,3808.302,3885.672,3775.097,3836.852,1733373400,16571610112
2015-09-23,,3759.951,3805.351,3727.597,3747.323,1317073900,12537230336
2015-09-24,,3765.426,3797.069,3741.628,3789.491,1020637800,10244595712
2015-09-25,,3788.888,3819.759,3679.376,3702.927,1411799800,12791410688
2015-09-28,,3703.765,3733.213,3645.58,3732.313,851490300,7782772224
2015-09-29,,3671.648,3683.019,3624.613,3638.533,751969700,6868000768
2015-09-30,,3661.05,3679.426,3640.406,3655.508,622220700,5942788608
2015-10-08,,3776.782,3808.381,3751.494,3785.529,1132402100,10933728256
2015-10-09,,3777.771,3939.854,3771.554,3918.075,1823602000,17446107136
2015-10-12,,3969.335,4116.808,3952.423,4096.643,2468402400,24228182016
2015-10-13,,4055.705,4097.02,4023.835,4088.85,2023688200,19661406208
2015-10-14,,4083.857,4197.071,4078.755,4095.322,2201074000,22350757888
2015-10-15,,4091.769,4185.414,4077.63,4185.414,1999484800,20110946304
2015-10-16,,4206.627,4229.218,4162.488,4228.973,2253680800,22264262656
2015-10-19,,4224.09,4248.928,4175.735,4219.798,2277734600,23219881984
2015-10-20,,4195.285,4220.87,4140.354,4220.463,1804024800,18678996992
2015-10-21,,4223.836,4241.671,3946.433,3978.039,2936989600,28878913536
2015-10-22,,3962.367,4139.789,3962.181,4131.246,2174124800,22724081664
2015-10-23,,4162.131,4242.847,4133.096,4227.522,2992287000,27638980608
2015-10-26,,4288.766,4304.244,4215.263,4269.774,2519031000,26514178048
2015-10-27,,4236.326,4298.372,4096.954,4285.538,4060044000,30252711936
2015-10-28,,4249.714,4311.349,4200.145,4234.156,3788074000,29611241472
2015-10-29,,4241.896,4275.718,4184.981,4229.831,2527674400,20171030528
2015-10-30,,4198.938,4241.161,4139.755,4182.197,1883720400,16785975296
2015-11-02,,4114.425,4211.791,4098.376,4112.704,1774014800,15969473536
2015-11-03,,4121.04,4179.458,4100.306,4152.149,1375921900,14047047680
2015-11-04,,4160.946,4349.076,4160.946,4349.063,2436362000,23540279296
2015-11-05,,4337.923,4464.406,4330.724,4395.014,3688210000,36075208704
2015-11-06,,4375.947,4492.438,4370.626,4492.015,2932656000,29624637440
2015-11-09,,4447.488,4558.176,4420.937,4516.127,3121083200,32723845120
2015-11-10,,4499.17,4759.206,4487.786,4700.687,4675548000,45297643520
2015-11-11,,4693.065,4719.978,4621.466,4662.463,3663592400,37348659200
2015-11-12,,4675.228,4805.277,4666.592,4719.655,3519760800,39900905472
2015-11-13,,4667.176,4687.476,4538.455,4584.389,2964019600,32019091456
2015-11-16,,4515.322,4662.32,4512.306,4661.808,2385818200,25274836992
2015-11-17,,4681.976,4715.868,4601.878,4612.183,2789180000,31498078208
2015-11-18,,4606.976,4646.696,4523.882,4537.411,1947290400,21751767040
2015-11-19,,4551.656,4644.388,4543.03,4644.388,1700099200,18407368704
2015-11-20,,4667.723,4752.86,4647.18,4724.136,3077173600,30135861248
2015-11-23,,4729.674,4737.026,4610.129,4630.633,2930571200,28857839616
2015-11-24,,4631.734,4639.608,4554.523,4638.471,2142064600,20931430400
2015-11-25,,4676.926,4718.572,4668.398,4713.928,2252566800,23664240640
2015-11-26,,4731.802,4870.384,4699.51,4765.976,3619202800,38378713088
2015-11-27,,4737.262,4755.683,4440.267,4479.38,3329361600,35057831936
2015-11-30,,4477.435,4533.559,4284.447,4486.149,2591324800,28671395840
2015-12-01,,4481.912,4526.632,4432.43,4473.784,1892546800,22910771200
2015-12-02,,4464.474,4525.053,4397.485,4523.238,1908317200,20820013056
2015-12-03,,4501.756,4579.686,4499.461,4579.505,1699546000,18694486016
2015-12-04,,4558.219,4595.718,4498.384,4524.947,1716819200,19451437056
2015-12-07,,4557.255,4610.714,4543.658,4585.72,1526363000,18295080960
2015-12-08,,4539.314,4539.314,4450.258,4484.95,1647762600,19076818944
2015-12-09,,4470.559,4559.213,4466.427,4505.885,1403097000,17928167887
2015-12-10,,4495.98,4505.704,4444.085,4456.101,1355688000,16466312192
2015-12-11,,4433.13,4577.109,4417.01,4534.212,1851040800,19908388864
2015-12-14,,4487.089,4717.344,4483.479,4710.443,2860607800,29400092672
2015-12-15,,4701.488,4732.605,4653.56,4692.552,2137515200,24655075328
2015-12-16,,4702.583,4788.912,4699.989,4739.557,2202168000,26828859392
2015-12-17,,4779.88,4810.598,4755.213,4804.939,2822538800,31879811072
2015-12-18,,4781.778,4804.969,4708.181,4777.59,2399272400,28149665792
2015-12-21,,4793.607,4827.034,4768.068,4820.621,2210479200,26135728128
2015-12-22,,4837.846,4907.165,4829.072,4889.148,2587755800,30334004520
2015-12-23,,4864.614,4864.766,4781.05,4796.079,2163450800,25425285120
2015-12-24,,4802.427,4835.658,4734.7,4802.801,1677596900,19314219008
2015-12-25,,4806.597,4820.56,4764.498,4801.519,1442822100,17734175705
2015-12-28,,4801.119,4805.858,4648.345,4648.345,1866756700,21940190427
2015-12-29,,4632.209,4692.287,4617.643,4691.611,1214037700,14481014377
2015-12-30,,4722.611,4731.623,4672.112,4719.366,1193159700,14959596484
2015-12-31,,4721.118,4734.136,4647.093,4648.667,1120158400,13357790204
2016-01-04,,4636.293,4644.703,4264.788,4264.788,1344427200,14409401124
2016-01-05,,4089.945,4303.563,4067.049,4234.716,1954861700,19966394348
2016-01-06,,4239.29,4433.773,4232.106,4418.034,2268439100,22951653299
2016-01-07,,4339.266,4346.189,4032.047,4035.278,628410800,6059274191
2016-01-08,,4155.179,4258.981,3938.634,4196.461,2480522500,23812235507
2016-01-11,,4107.316,4204.444,3970.282,3976.131,2200487500,22121440726
2016-01-12,,3963.136,4015.518,3874.991,3945.115,1771410400,16987827739
2016-01-13,,3948.331,3984.945,3807.538,3814.231,1591244200,15221438251
2016-01-14,,3690.858,3918.743,3680.231,3916.213,1523015500,14298521800
2016-01-15,,3879.222,3905.165,3725.23,3755.125,1537679100,14668373403
2016-01-18,,3668.737,3815.737,3662.668,3767.447,1082008700,10772466546
2016-01-19,,3757.33,3889.4,3751.047,3887.894,1309995800,12742559150
2016-01-20,,3854.531,3919.171,3840.291,3868.247,1494084500,14885010001
2016-01-21,,3804.582,3895.085,3700.114,3700.114,1345540500,13830584207
2016-01-22,,3737.705,3783.395,3649.433,3754.451,1063721300,10346772776
2016-01-25,,3793.531,3842.552,3762.054,3807.312,1155807200,10947063937
2016-01-26,,3771.479,3787.93,3505.387,3523.995,1533282300,14116476295
2016-01-27,,3543.47,3569.606,3326.759,3497.151,1542378100,13457378948
2016-01-28,,3448.647,3484.111,3296.35,3303.73,1228254300,10723208685
2016-01-29,,3290.509,3462.764,3284.864,3434.999,1246666000,10646836243
2016-02-01,,3431.921,3466.834,3331.198,3394.644,1095963900,10747587054
2016-02-02,,3396.856,3504.345,3396.856,3501.64,1077305900,9790139424
2016-02-03,,3462.018,3542.243,3443.049,3532.812,1083183700,9758158764
2016-02-04,,3575.554,3707.8,3575.554,3678.036,1572610600,14322628448
2016-02-05,,3719.561,3748.953,3635.692,3638.349,1525936500,15921359440
2016-02-15,,3611.28,3818.22,3601.714,3784.917,1799110500,15515427849
2016-02-16,,3769.804,3868.401,3756.848,3860.227,2082437500,19383745550
2016-02-17,,3830.218,3875.215,3806.352,3864.349,1648248400,16029278892
2016-02-18,,3888.489,3937.814,3854.575,3864.638,2026574700,18889724709
2016-02-19,,3859.283,3876.175,3805.032,3836.252,1379566500,13154916540
2016-02-22,,3884.987,3984.888,3882.659,3965.154,2091790200,20130470226
2016-02-23,,3962.206,4018.492,3946.301,4014.638,2340127800,25049642746
2016-02-24,,3974.816,4041.821,3954.141,4030.175,2046920600,20654482606
2016-02-25,,4036.99,4070.894,3714.805,3739.643,2543172400,25782110735
2016-02-26,,3763.242,3856.415,3696.564,3833.13,1826799900,18258001504
2016-02-29,,3793.681,3797.938,3590.582,3706.182,1877887100,18462578540
2016-03-01,,3723.184,3839.969,3693.329,3839.318,2233468800,20712493591
2016-03-02,,3813.256,4079.959,3808.117,4074.251,3033324000,27454344513
2016-03-03,,4102.545,4226.936,4079.071,4115.559,3880387800,35064680982
2016-03-04,,4152.832,4212.035,3990.606,4066.435,3501478900,33033506878
2016-03-07,,4162.747,4214.445,4102.416,4213.756,3111132800,30452139370
2016-03-08,,4222.165,4222.165,4047.286,4183.692,2945218300,29707703998
2016-03-09,,4002.136,4020.038,3909.38,3923.888,2319657800,21960472179
2016-03-10,,3933.451,3958.919,3837.618,3850.57,1547490700,15735123748
2016-03-11,,3842.763,3894.327,3821.398,3861.426,1391735200,13729874149
2016-03-14,,3876.683,3997.836,3868.08,3959.025,1885521000,18542816427
2016-03-15,,3921.69,3927.764,3841.902,3881.119,1486469300,16208509089
2016-03-16,,3881.909,3907.127,3820.935,3853.286,1239489800,13174634688
2016-03-17,,3908.599,3977.704,3876.373,3964.0,1574652500,17552912965
2016-03-18,,4007.166,4114.597,3999.993,4100.314,2505868000,26172860059
2016-03-21,,4106.691,4183.569,4081.868,4183.569,2607624100,27111763959
2016-03-22,,4141.06,4208.908,4118.668,4165.961,2125826800,23931464136
2016-03-23,,4146.464,4199.127,4117.242,4189.575,2143954500,24411161443
2016-03-24,,4107.489,4133.807,4066.076,4069.132,2098103500,23184754152
2016-03-25,,4057.483,4091.251,4019.232,4071.756,1237847300,14106137331
2016-03-28,,4092.507,4140.046,4062.607,4080.084,1595691700,19906880714
2016-03-29,,4082.032,4130.187,4031.216,4078.061,1760779800,20220238536
2016-03-30,,4129.901,4208.975,4120.406,4208.179,1897138500,22558862666
2016-03-31,,4217.498,4219.173,4170.419,4188.455,1812474000,21618366419
2016-04-01,,4175.751,4232.361,4154.068,4232.276,1922419400,22786879586
2016-04-05,,4228.905,4310.34,4187.769,4300.221,2183138300,24684897312
2016-04-06,,4282.668,4315.91,4235.6,4284.997,1822154500,21661509445
2016-04-07,,4291.007,4298.972,4198.7,4200.855,1758775800,20955443165
2016-04-08,,4166.009,4189.026,4127.024,4182.943,1793419300,20842695162
2016-04-11,,4215.799,4318.502,4215.694,4286.861,2078183600,23972674296
2016-04-12,,4283.454,4284.667,4195.671,4245.131,1655617500,21485842694
2016-04-13,,4306.179,4460.051,4306.179,4395.334,4269495400,40002792655
2016-04-14,,4390.503,4393.17,4324.019,4371.885,2763617800,27130154636
2016-04-15,,4354.149,4378.951,4322.685,4360.186,1920686800,20493629106
2016-04-18,,4334.131,4334.131,4271.477,4296.377,1559175500,18917642607
2016-04-19,,4320.776,4376.659,4298.597,4340.275,1643520900,19961085785
2016-04-20,,4394.132,4417.705,4145.666,4252.984,2984811900,34685180037
2016-04-21,,4230.59,4422.39,4226.638,4314.987,3159478400,37863850088
2016-04-22,,4224.784,4234.813,4153.552,4232.417,1848999400,22231076148
2016-04-25,,4203.67,4228.748,4139.46,4203.216,1410816300,17436630317
2016-04-26,,4189.771,4217.544,4146.873,4205.806,1187082500,14345749909
2016-04-27,,4219.002,4230.348,4172.202,4190.415,1247796200,15328174650
2016-04-28,,4179.307,4183.813,4100.096,4151.967,1190211100,14935906485
2016-04-29,,4154.019,4214.394,4150.521,4184.382,1076570300,14498013121
2016-05-03,,4211.337,4304.552,4189.629,4304.168,1459015600,19762381529
2016-05-04,,4272.094,4315.128,4263.679,4288.25,1225397300,17341690211
2016-05-05,,4276.506,4325.994,4271.355,4318.584,1073436100,15807672437
2016-05-06,,4312.948,4355.725,4182.113,4183.394,1831174200,25550465457
2016-05-09,,4147.992,4147.992,3962.616,3984.044,1578414700,20083012350
2016-05-10,,3945.602,3972.494,3891.833,3944.515,1072703300,13871610321
2016-05-11,,3975.942,3984.065,3917.767,3938.928,975006400,13079670624
2016-05-12,,3899.502,3993.135,3848.101,3992.791,1127700400,16700678930
2016-05-13,,3962.011,4037.815,3957.026,4017.649,1145026700,18629799877
2016-05-16,,3995.269,4136.535,3984.366,4133.11,1333180100,20413492382
2016-05-17,,4133.263,4212.002,4111.367,4111.855,1806408300,27416510142
2016-05-18,,4070.183,4070.183,3955.544,4024.767,1359770400,19370005315
2016-05-19,,4001.95,4137.589,4000.548,4112.913,1454129400,23461463994
2016-05-20,,4065.529,4135.711,4055.064,4105.622,1313966400,20906994881
2016-05-23,,4107.765,4146.342,4092.761,4136.26,1113460100,17602292726
2016-05-24,,4113.769,4133.62,4054.365,4109.864,1170540200,18243468966
2016-05-25,,4120.063,4133.252,4024.765,4039.384,1125391600,18506035245
2016-05-26,,4047.247,4120.791,3979.448,4119.513,1410700300,20866775309
2016-05-27,,4098.807,4129.327,4064.564,4075.035,1588815400,20643586432
2016-05-30,,4036.683,4080.77,4003.577,4043.218,1151132800,14881880533
2016-05-31,,4061.559,4241.745,4061.559,4241.745,2129557200,26757411837
2016-06-01,,4255.049,4353.329,4246.746,4297.661,2737333400,34272888671
2016-06-02,,4277.065,4334.577,4271.842,4320.483,2229882600,25622548945
2016-06-03,,4312.107,4333.357,4289.011,4301.331,1919177200,24610171205
2016-06-06,,4346.579,4369.815,4319.362,4355.209,1847558700,22522901373
2016-06-07,,4354.769,4377.76,4329.207,4343.873,2087806500,23665097093
2016-06-08,,4315.608,4334.294,4256.872,4304.659,1988605900,25671498230
2016-06-13,,4277.75,4332.578,4210.549,4210.549,2300620200,30584996701
2016-06-14,,4193.916,4241.925,4150.537,4197.967,1553144300,20871615567
2016-06-15,,4166.903,4377.795,4166.903,4373.652,2476354900,32605529106
2016-06-16,,4387.723,4480.608,4387.723,4476.975,3356964500,41808157484
2016-06-17,,4452.63,4524.159,4435.374,4464.573,2988043300,35118477416
2016-06-20,,4458.305,4458.305,4379.245,4419.748,1992823700,25281215973
2016-06-21,,4440.665,4448.168,4282.295,4319.013,2398147100,30625325509
2016-06-22,,4288.963,4370.59,4286.847,4370.154,1673096900,21309151196
2016-06-23,,4354.144,4354.636,4253.661,4283.362,1766453300,22548802399
2016-06-24,,4286.504,4326.246,4196.762,4287.318,3102400900,34794346356
2016-06-27,,4267.544,4343.106,4264.491,4343.106,2013002800,24823362638
2016-06-28,,4324.382,4345.039,4285.834,4343.098,1873077600,22800870964
2016-06-29,,4354.92,4442.041,4350.829,4420.863,2623769400,34412269733
2016-06-30,,4404.458,4409.566,4348.003,4369.247,1900353900,23670332098
2016-07-01,,4379.571,4433.752,4372.486,4401.082,1969782000,23430940628
2016-07-04,,4415.644,4620.16,4415.644,4570.876,3782900100,39588795734
2016-07-05,,4558.346,4578.455,4520.416,4577.605,2806892500,33118506919
2016-07-06,,4571.409,4721.359,4570.917,4680.218,4144895500,43024586139
2016-07-07,,4685.312,4892.47,4680.785,4819.801,4377519200,57969517508
2016-07-08,,4778.972,4796.601,4745.639,4746.812,3098344100,42945146530
2016-07-11,,4797.941,4992.747,4797.941,4871.682,4702633400,50199123510
2016-07-12,,4838.728,4911.605,4802.276,4899.283,4007869800,47008952783
2016-07-13,,4890.482,4943.903,4852.345,4938.818,4082322400,45436960706
2016-07-14,,4913.945,4923.322,4825.03,4869.421,2677128900,32177319480
2016-07-15,,4852.952,4881.085,4822.078,4853.196,2313385800,31693374993
2016-07-18,,4831.368,4861.179,4810.262,4819.128,2359072200,30998804343
2016-07-19,,4803.425,4835.56,4770.438,4823.436,2100865300,25818976302
2016-07-20,,4827.763,4851.142,4763.917,4767.74,2066022800,26921190912
2016-07-21,,4735.823,4768.419,4715.588,4748.861,1882052500,24235892571
2016-07-22,,4764.332,4770.665,4674.462,4682.212,2009980900,24800426851
2016-07-25,,4659.874,4688.641,4613.554,4638.83,1724517300,21692785083
2016-07-26,,4660.234,4734.84,4660.234,4733.742,1946796700,23765394010
2016-07-27,,4729.876,4731.38,4425.252,4515.075,3360623000,38519289144
2016-07-28,,4521.093,4546.941,4449.811,4526.041,2211215700,27666436436
2016-07-29,,4509.437,4520.71,4429.062,4441.319,1478283800,18101979964
2016-08-01,,4452.194,4456.878,4376.396,4424.013,1652966700,18753353430
2016-08-02,,4410.658,4447.156,4391.69,4445.374,1088482200,12722109939
2016-08-03,,4462.134,4482.046,4436.734,4462.507,1371617700,15941062536
2016-08-04,,4447.235,4492.825,4413.854,4482.866,1465562900,18578784300
2016-08-05,,4473.769,4489.476,4448.25,4475.337,1307815500,16267983661
2016-08-08,,4423.805,4469.139,4388.133,4468.984,1707785000,20697286498
2016-08-09,,4470.783,4502.007,4468.773,4501.064,1566831500,18606806943
2016-08-10,,4502.576,4585.037,4502.576,4562.661,2245952100,25922214280
2016-08-11,,4522.574,4529.111,4458.219,4458.904,1697310800,19232830627
2016-08-12,,4443.718,4489.769,4427.776,4489.616,1170756800,13122576599
2016-08-15,,4481.114,4572.764,4452.859,4564.323,2097868000,22860918164
2016-08-16,,4576.112,4621.069,4566.124,4600.741,2370327000,27274128454
2016-08-17,,4582.308,4583.485,4536.005,4570.585,1680781400,18889348804
2016-08-18,,4573.749,4596.102,4538.297,4564.436,1575598900,17957901013
2016-08-19,,4550.585,4603.739,4532.84,4595.69,1814398200,21724806055
2016-08-22,,4572.028,4572.028,4496.233,4498.225,1478901800,17330782760
2016-08-23,,4490.308,4513.533,4463.195,4494.722,1147086000,13372342124
2016-08-24,,4493.197,4509.093,4476.043,4485.695,856797600,10125034382
2016-08-25,,4441.443,4441.443,4383.481,4423.595,1135306900,12364739852
2016-08-26,,4434.809,4472.118,4431.18,4440.173,1057948500,11916823337
2016-08-29,,4424.88,4439.611,4415.654,4430.142,837151200,9570660179
2016-08-30,,4437.441,4456.792,4419.098,4427.717,912989200,10364153163
2016-08-31,,4417.858,4457.426,4399.555,4453.992,1268306900,14035731211
2016-09-01,,4450.711,4469.013,4430.157,4430.157,1168286300,13053575844
2016-09-02,,4436.173,4468.42,4407.377,4421.537,1210587200,13787184532
2016-09-05,,4442.424,4501.514,4436.574,4469.536,1550049100,16182459735
2016-09-06,,4464.753,4508.871,4423.586,4508.493,1420662200,16550555323
2016-09-07,,4523.975,4535.349,4494.049,4501.049,1525593300,17611202284
2016-09-08,,4494.52,4498.722,4462.446,4484.567,980790900,11086306518
2016-09-09,,4478.672,4494.249,4454.406,4454.812,1229419900,15327003199
2016-09-12,,4365.606,4365.606,4250.242,4257.623,1716862400,19180159824
2016-09-13,,4279.211,4290.488,4246.033,4280.481,1070134500,12587301906
2016-09-14,,4244.871,4275.465,4220.316,4270.831,1013014400,12215228356
2016-09-19,,4275.442,4321.651,4275.332,4309.914,969439600,11071962943
2016-09-20,,4309.033,4312.781,4283.818,4302.945,849115100,9750370751
2016-09-21,,4301.348,4329.161,4297.107,4328.928,998852500,10719583652
2016-09-22,,4363.749,4370.155,4320.087,4323.036,1081241900,11465812563
2016-09-23,,4326.194,4332.176,4273.049,4273.701,929326600,9724317004
2016-09-26,,4266.521,4266.521,4159.706,4160.987,1101916800,10892978666
2016-09-27,,4153.5,4189.795,4145.038,4189.762,788254000,8033482301
2016-09-28,,4193.471,4193.471,4159.234,4165.791,669364300,7387395621
2016-09-29,,4175.816,4197.613,4165.107,4167.515,734869200,7500487785
2016-09-30,,4164.333,4203.52,4163.452,4202.175,698852900,7845582587
2016-10-10,,4176.927,4241.765,4176.927,4241.156,1115087000,11567794012
2016-10-11,,4237.001,4265.296,4231.655,4264.566,1108227300,11043104171
2016-10-12,,4244.676,4259.024,4236.025,4253.789,860471300,9142816091
2016-10-13,,4252.828,4271.608,4249.887,4262.023,961980500,9949422840
2016-10-14,,4254.675,4254.823,4209.032,4239.038,862196700,8727360713
2016-10-17,,4252.154,4286.115,4233.835,4267.352,1345668100,15619722133
2016-10-18,,4249.95,4334.925,4248.749,4333.753,1549218400,17415934405
2016-10-19,,4348.248,4388.644,4332.606,4346.885,2108555800,18303349097
2016-10-20,,4348.294,4355.419,4334.352,4343.205,1261579200,12183623950
2016-10-21,,4337.7,4341.872,4282.905,4317.957,1353030000,11986763259
2016-10-24,,4323.715,4375.802,4309.094,4367.758,1676834800,14559952381
2016-10-25,,4380.595,4432.876,4375.48,4432.833,2018177900,18988758369
2016-10-26,,4438.655,4438.655,4385.366,4395.571,1914793800,17065668186
2016-10-27,,4380.639,4391.5,4367.165,4385.946,1241692300,12558922936
2016-10-28,,4388.053,4392.383,4348.78,4351.244,1385292300,12585170594
2016-10-31,,4361.617,4410.143,4352.941,4402.919,1569752800,16560903035
2016-11-01,,4411.634,4437.259,4396.683,4434.141,1436891600,16161106558
2016-11-02,,4435.605,4480.831,4430.104,4456.22,2354472800,25163590400
2016-11-03,,4446.281,4481.194,4424.408,4459.312,1837219700,20406837783
2016-11-04,,4458.613,4482.362,4448.517,4456.847,1755990100,20643854967
2016-11-07,,4436.276,4530.578,4419.107,4522.013,2648505700,25439291682
2016-11-08,,4510.264,4519.082,4485.639,4508.348,2063625900,20055276950
2016-11-09,,4515.969,4585.556,4506.448,4582.191,3642503200,38020511999
2016-11-10,,4611.629,4667.641,4611.629,4629.341,4583233600,40564681383
2016-11-11,,4607.273,4820.042,4594.531,4814.861,6393105800,54460747794
2016-11-14,,4729.299,4830.688,4726.217,4788.262,6258761000,51512475598
2016-11-15,,4814.012,4833.682,4726.735,4737.712,4487865600,39961438164
2016-11-16,,4728.385,4736.065,4675.6,4720.553,3364542300,29744796680
2016-11-17,,4687.638,4725.036,4675.135,4716.821,2028536700,19995660607
2016-11-18,,4705.681,4706.163,4640.905,4659.983,2366038200,22473551125
2016-11-21,,4646.126,4712.123,4637.878,4671.087,2263650700,21512855264
2016-11-22,,4681.982,4759.47,4675.959,4737.245,2874736500,26919080397
2016-11-23,,4730.209,4739.408,4676.79,4683.73,2148674100,21051880281
2016-11-24,,4712.057,4791.351,4706.652,4719.815,3365752300,31488048962
2016-11-25,,4728.4,4735.729,4613.384,4700.105,2347712000,21861213174
2016-11-28,,4739.781,4842.814,4716.036,4813.069,3749528400,32993388835
2016-11-29,,4768.991,4771.931,4709.305,4712.657,3058571600,27611338416
2016-11-30,,4662.207,4665.94,4587.501,4609.613,2511510400,22390208941
2016-12-01,,4608.39,4664.994,4608.205,4664.994,1818743100,16773729029
2016-12-02,,4652.305,4656.838,4568.594,4578.84,1976550800,19339369373
2016-12-05,,4527.03,4583.017,4519.141,4559.323,1464116100,14161455488
2016-12-06,,4582.628,4597.308,4527.522,4541.047,1295990900,13384459515
2016-12-07,,4545.543,4608.832,4527.872,4607.345,1762205500,15932638785
2016-12-08,,4597.262,4648.71,4591.546,4614.476,1773449300,16329279095
2016-12-09,,4591.172,4628.639,4588.211,4608.25,1382206300,13389777818
2016-12-12,,4608.084,4617.154,4413.218,4420.219,2102415400,20374157179
2016-12-13,,4407.317,4448.721,4359.723,4437.092,1489747400,14385354362
2016-12-14,,4409.175,4454.551,4373.0,4424.559,1579422800,16463209976
2016-12-15,,4380.208,4435.483,4366.602,4404.377,1556596200,16007805997
2016-12-16,,4379.654,4380.707,4342.284,4363.699,1259058600,12986703376
2016-12-19,,4359.175,4359.175,4321.796,4337.189,963741200,9962179803
2016-12-20,,4320.212,4336.253,4287.987,4323.175,1147495200,11353647763
2016-12-21,,4323.232,4363.111,4323.153,4361.08,1024448800,10567403974
2016-12-22,,4351.998,4352.052,4316.769,4338.575,872991200,9955601353
2016-12-23,,4343.373,4346.593,4284.516,4288.858,894283700,9360721374
2016-12-26,,4263.957,4267.434,4187.338,4267.082,1096751200,11196579763
2016-12-27,,4254.047,4286.04,4248.659,4273.168,849272800,8541739401
2016-12-28,,4283.417,4301.587,4262.05,4272.084,905862000,9403177310
2016-12-29,,4267.926,4292.65,4256.815,4265.246,880932000,9868964013
2016-12-30,,4278.397,4287.935,4239.896,4250.503,785771600,8145249147
2017-01-03,,4259.375,4292.339,4259.375,4288.263,757061700,7753325710
2017-01-04,,4285.544,4354.327,4275.781,4350.157,1185794200,12738628585
2017-01-05,,4360.74,4392.845,4347.245,4375.068,1330149100,14287674267
2017-01-06,,4369.461,4374.57,4336.871,4351.389,1158165400,11674767269
2017-01-09,,4340.327,4371.549,4333.975,4370.847,937723700,10322932480
2017-01-10,,4376.646,4427.695,4360.095,4396.45,1280436500,13984504101
2017-01-11,,4404.215,4452.181,4374.174,4377.882,1523053900,13708793518
2017-01-12,,4370.94,4380.551,4320.397,4333.059,1036519900,10681458913
2017-01-13,,4338.552,4349.302,4260.004,4264.844,1080089100,10444724761
2017-01-16,,4261.989,4274.511,4084.732,4207.065,1658108100,14606106755
2017-01-17,,4183.755,4237.844,4150.309,4235.863,1064275700,10034353237
2017-01-18,,4231.739,4254.767,4216.512,4234.422,965014300,10217813810
2017-01-19,,4211.814,4229.581,4189.04,4203.873,845125500,8186380211
2017-01-20,,4193.287,4242.486,4192.615,4231.768,724782100,7454671370
2017-01-23,,4245.406,4355.537,4245.406,4312.257,1466414300,12770104487
2017-01-24,,4308.714,4316.548,4290.619,4301.227,955274000,8751941686
2017-01-25,,4311.059,4337.531,4311.059,4320.187,1197634300,10376346000
2017-01-26,,4316.594,4439.239,4316.594,4438.93,1809513200,15248182672
2017-02-03,,4452.547,4454.799,4393.478,4399.607,1248379000,12350671797
2017-02-06,,4393.029,4401.374,4355.019,4400.384,1127521600,11046932873
2017-02-07,,4405.13,4431.763,4390.458,4430.913,1267345600,13903626863
2017-02-08,,4414.291,4444.532,4395.856,4443.317,1184354500,12320451524
2017-02-09,,4450.126,4465.172,4440.769,4460.303,1300711000,13220387052
2017-02-10,,4437.672,4491.886,4423.016,4474.657,1761896100,16417082180
2017-02-13,,4551.899,4582.167,4524.285,4538.956,2352125000,20556037918
2017-02-14,,4526.172,4582.009,4504.97,4581.443,2017186800,17185871588
2017-02-15,,4548.792,4554.639,4475.058,4481.675,1720550100,15413030784
2017-02-16,,4488.353,4610.475,4488.353,4573.859,2273469000,20967425001
2017-02-17,,4563.856,4572.147,4511.899,4520.082,1664619700,15965774140
2017-02-20,,4503.225,4562.487,4503.225,4562.058,1468257100,13633603479
2017-02-21,,4576.148,4614.765,4549.173,4611.996,1740467200,17582069818
2017-02-22,,4624.605,4637.647,4605.801,4615.593,1768665500,19509365867
2017-02-23,,4624.552,4699.11,4618.449,4692.039,2653527400,28566313717
2017-02-24,,4664.528,4664.528,4594.363,4625.949,2691374000,26989371628
2017-02-27,,4623.819,4664.52,4589.716,4595.319,1855288400,19780047124
2017-02-28,,4592.795,4642.426,4592.695,4626.835,1619610600,17511651447
2017-03-01,,4610.005,4671.159,4593.93,4647.837,1999438400,20357517274
2017-03-02,,4651.161,4689.539,4639.002,4641.937,1904532200,21046737216
2017-03-03,,4593.895,4613.977,4575.399,4589.962,2069286300,23479277297
2017-03-06,,4585.329,4615.656,4583.861,4613.467,1644433900,19381571602
2017-03-07,,4601.48,4609.314,4559.746,4575.807,1507960300,17470207627
2017-03-08,,4563.291,4570.869,4546.927,4570.869,1141649600,13896307532
2017-03-09,,4553.837,4554.398,4505.848,4517.091,1506127300,15981880862
2017-03-10,,4503.022,4553.837,4502.605,4546.878,1240768000,16792521492
2017-03-13,,4544.093,4617.029,4534.857,4617.029,1464574200,18703758626
2017-03-14,,4612.654,4621.061,4591.666,4600.532,1339196600,16375805949
2017-03-15,,4589.308,4629.355,4583.637,4622.377,1210771200,15806424689
2017-03-16,,4669.311,4684.664,4634.343,4659.001,1517123400,18073125805
2017-03-17,,4656.077,4664.464,4590.023,4593.199,1462110600,17529065994
2017-03-20,,4599.587,4622.119,4553.928,4593.522,1280049300,14879866817
2017-03-21,,4581.759,4582.1,4547.807,4564.374,1061637400,12769969002
2017-03-22,,4551.84,4567.187,4535.302,4552.385,1242782000,13850570551
2017-03-23,,4554.277,4571.884,4529.585,4571.884,1236478500,15699638648
2017-03-24,,4562.028,4562.249,4508.331,4531.87,1267916000,14202871835
2017-03-27,,4529.053,4537.755,4512.559,4532.51,1228143800,14329175706
2017-03-28,,4521.835,4550.439,4520.581,4537.441,1135576400,14839049318
2017-03-29,,4551.336,4567.964,4529.479,4538.495,1329149800,17858061960
2017-03-30,,4533.179,4533.493,4442.353,4446.265,1404256200,16193231099
2017-03-31,,4439.833,4495.903,4439.747,4488.431,1221159100,15558793700
2017-04-05,,4500.16,4638.266,4500.16,4637.72,2224077100,24565820204
2017-04-06,,4646.648,4646.648,4616.163,4645.811,1547995900,17803783672
2017-04-07,,4641.098,4702.461,4638.767,4662.882,2011948600,21717350934
2017-04-10,,4636.151,4647.194,4596.399,4604.959,1573637300,18110088076
2017-04-11,,4592.281,4628.311,4541.411,4625.913,2118080900,23886676015
2017-04-12,,4639.465,4671.605,4616.139,4637.533,1935257100,20121391931
2017-04-13,,4636.452,4671.196,4623.646,4670.432,1460394500,16862839995
2017-04-14,,4670.019,4699.694,4639.686,4648.232,2044130900,21736741736
2017-04-17,,4638.553,4654.218,4593.236,4620.623,1728759800,17773696691
2017-04-18,,4616.498,4626.976,4562.403,4562.53,1222100100,12934565832
2017-04-19,,4532.42,4532.42,4412.677,4461.285,1649741800,16163119378
2017-04-20,,4455.187,4469.385,4377.217,4409.093,1212656400,12258006023
2017-04-21,,4416.779,4441.703,4388.306,4392.106,963662400,10152201022
2017-04-24,,4369.931,4370.596,4224.517,4225.061,1268425700,12885069274
2017-04-25,,4223.008,4266.757,4222.843,4241.613,903374300,8696061447
2017-04-26,,4248.854,4293.059,4247.504,4288.05,943207100,10790168723
2017-04-27,,4271.076,4325.588,4202.456,4317.993,1205413600,13225320951
2017-04-28,,4300.135,4323.447,4290.138,4322.912,848248300,8878605781
2017-05-02,,4314.917,4347.901,4303.266,4325.049,892331600,9867631939
2017-05-03,,4320.997,4355.912,4297.287,4308.391,963059600,10408611706
2017-05-04,,4275.814,4275.814,4222.206,4229.085,1069938200,11088476076
2017-05-05,,4210.314,4212.373,4170.933,4176.818,1059624900,10416885501
2017-05-08,,4162.216,4181.571,4130.898,4140.4,860330700,8799618413
2017-05-09,,4128.963,4167.799,4094.864,4166.542,867360000,8984648675
2017-05-10,,4168.371,4175.658,4061.91,4062.84,877347600,9157392311
2017-05-11,,4041.633,4064.709,3954.511,4062.631,1228790300,10960477763
2017-05-12,,4052.438,4070.058,4024.426,4059.275,754514800,7319693507
2017-05-15,,4059.517,4082.809,4048.227,4063.736,667226500,6604215798
2017-05-16,,4060.474,4174.353,4022.315,4174.353,1061913000,12314696756
2017-05-17,,4170.954,4197.766,4160.639,4164.346,901190400,10433939217
2017-05-18,,4133.71,4158.757,4113.307,4119.522,816117300,10506263330
2017-05-19,,4117.925,4139.343,4075.452,4098.074,809185000,11396736884
2017-05-22,,4089.476,4135.175,4046.376,4059.257,945194100,9918039227
2017-05-23,,4053.342,4074.436,3965.725,3990.333,1064820900,10596554841
2017-05-24,,3955.864,3997.478,3907.928,3996.67,824875100,8639457102
2017-05-25,,3993.571,4049.92,3959.464,4046.058,1022334800,9991513415
2017-05-26,,4041.034,4064.829,4027.087,4042.906,734820600,7796735774
2017-05-31,,4071.761,4089.602,4018.287,4021.071,705604500,7258298460
2017-06-01,,4012.808,4013.273,3915.864,3927.109,893471800,9299696537
2017-06-02,,3914.801,3954.013,3869.939,3944.809,752605400,7506494293
2017-06-05,,3956.309,3996.107,3956.309,3985.334,658990800,7193993043
2017-06-06,,3978.955,3987.543,3959.073,3987.543,593899200,7168565958
2017-06-07,,3992.16,4058.987,3988.089,4057.572,951148100,9933821053
2017-06-08,,4052.338,4073.331,4039.302,4052.119,758007100,8779802580
2017-06-09,,4050.768,4064.722,4030.029,4059.892,748671500,8252729137
2017-06-12,,4041.96,4053.301,4010.902,4014.18,855952000,8378468911
2017-06-13,,4006.699,4167.189,4006.699,4152.035,1654039200,17553388293
2017-06-14,,4156.201,4210.355,4155.079,4173.978,1426760700,17030081891
2017-06-15,,4164.323,4193.245,4162.681,4189.835,1119933800,12698551136
2017-06-16,,4189.866,4259.552,4172.183,4222.143,1653265200,16630407248
2017-06-19,,4211.62,4235.825,4199.118,4235.825,1125107400,11806337715
2017-06-20,,4249.926,4310.576,4244.398,4282.559,1567420400,17744993468
2017-06-21,,4280.804,4288.231,4245.141,4274.144,1089996600,11905913893
2017-06-22,,4280.615,4316.348,4230.309,4236.051,1329266700,16066393128
2017-06-23,,4224.057,4280.073,4184.941,4280.046,1267973300,15115875831
2017-06-26,,4289.578,4357.742,4284.462,4357.179,1477261100,18689940382
2017-06-27,,4344.052,4365.679,4315.958,4358.356,1305426900,15480359409
2017-06-28,,4343.469,4375.971,4337.576,4364.82,1552845400,17296205808
2017-06-29,,4372.377,4402.311,4372.058,4379.168,1449524200,15065024926
2017-06-30,,4362.959,4405.767,4348.626,4404.4,1459604100,16348603908
2017-07-03,,4408.778,4444.32,4383.646,4444.32,1483347500,15546055749
2017-07-04,,4431.829,4467.078,4395.093,4397.769,1698677000,18881768221
2017-07-05,,4391.081,4517.41,4390.614,4506.097,2138586600,24202311470
2017-07-06,,4494.813,4617.21,4488.884,4598.489,2815312800,31798214457
2017-07-07,,4584.165,4757.366,4573.503,4745.28,3081784400,34984911674
2017-07-10,,4741.228,4802.895,4716.073,4743.45,3110044300,36040125515
2017-07-11,,4723.084,4731.317,4608.883,4613.948,2432831800,27525155811
2017-07-12,,4634.3,4713.597,4606.327,4712.174,2194907200,27125410814
2017-07-13,,4737.461,4852.686,4708.627,4760.389,3278743600,40553210138
2017-07-14,,4719.404,4778.852,4678.103,4756.086,2358326100,27558802782
2017-07-17,,4750.329,4811.859,4556.53,4682.415,3383534100,36864205133
2017-07-18,,4660.28,4777.274,4660.28,4777.274,2701897700,30566433318
2017-07-19,,4780.047,5006.595,4779.142,4989.532,5063324700,51006517494
2017-07-20,,4956.573,5060.255,4945.339,5008.412,3719763100,43287305625
2017-07-21,,4981.272,5048.219,4972.448,5031.386,2670308700,32374573361
2017-07-24,,5034.274,5083.262,4960.811,5010.323,2801760500,35113760940
2017-07-25,,4984.601,5035.435,4943.294,5032.216,3138990800,38314763387
2017-07-26,,5107.206,5133.908,5036.931,5102.175,4457998900,50415735759
2017-07-27,,5078.219,5094.691,4940.368,5017.458,3574184200,42764173042
2017-07-28,,4995.4,5197.629,4989.838,5165.425,3192107700,44522109537
2017-07-31,,5168.099,5396.565,5167.013,5386.201,4743451200,54543341503
2017-08-01,,5373.271,5381.195,5304.454,5344.824,3464301400,42647631624
2017-08-02,,5347.177,5562.79,5333.083,5402.363,4794348100,61508848267
2017-08-03,,5398.625,5509.887,5381.706,5480.983,4309653500,50532240609
2017-08-04,,5464.203,5598.09,5367.65,5376.443,5121620600,63859714435
2017-08-07,,5365.737,5545.702,5305.531,5544.963,4670445400,54448426799
2017-08-08,,5558.042,5710.091,5533.178,5574.115,6013050100,68993809455
2017-08-09,,5623.899,5693.114,5546.768,5691.586,4902398200,56285399624
2017-08-10,,5647.696,5665.836,5563.925,5600.212,4483654700,55129419100
2017-08-11,,5520.71,5552.561,5264.117,5302.51,5288244800,61095596402
2017-08-14,,5310.433,5459.643,5269.545,5449.547,3748465700,49633733825
2017-08-15,,5408.074,5502.084,5376.776,5455.715,2932979500,42998851844
2017-08-16,,5440.652,5447.29,5267.09,5347.995,3496108000,46783665471
2017-08-17,,5470.797,5501.592,5365.619,5434.336,3780854700,47027602526
2017-08-18,,5327.333,5344.89,5280.578,5319.236,2710629700,33279108878
2017-08-21,,5333.355,5430.886,5309.42,5421.088,3106959800,37148068297
2017-08-22,,5384.365,5533.325,5368.673,5488.188,3452255000,47599025770
2017-08-23,,5424.498,5438.245,5323.819,5347.545,2834397900,37612001753
2017-08-24,,5388.229,5399.632,5295.81,5315.809,2094061800,28903932902
2017-08-25,,5325.035,5495.146,5316.589,5450.715,2945382400,37856848989
2017-08-28,,5430.742,5573.132,5429.253,5567.237,3185630600,44458064314
2017-08-29,,5568.647,5653.675,5516.594,5529.894,3301555000,42556911096
2017-08-30,,5512.506,5662.351,5512.506,5632.324,3440676600,41733115338
2017-08-31,,5631.712,5727.004,5618.859,5700.866,3662027100,46254158957
2017-09-01,,5715.378,5918.273,5715.08,5838.532,5239736800,63604763991
2017-09-04,,5899.482,5967.647,5855.371,5931.804,4682121900,58215747151
2017-09-05,,5909.842,5933.797,5794.285,5917.333,3623158800,47091064137
2017-09-06,,5852.687,6117.416,5842.09,5983.277,4229097400,57612853913
2017-09-07,,5942.085,5972.202,5865.431,5877.11,3426923900,47538534076
2017-09-08,,5885.823,6005.171,5885.823,5935.368,3307322200,47053567055
2017-09-11,,5928.225,6137.779,5902.755,6135.764,4678332900,60053583617
2017-09-12,,6144.208,6322.78,6046.383,6074.401,5729406400,85308851467
2017-09-13,,6051.945,6118.589,6008.504,6116.575,3479916300,52350798079
2017-09-14,,6091.425,6103.839,5989.578,6013.793,3274661500,47607418258
2017-09-15,,5992.878,5998.811,5838.349,5854.863,3120553700,45250501734
2017-09-18,,5839.707,5921.806,5820.479,5889.185,2286777500,32835902543
2017-09-19,,5895.698,5907.499,5815.364,5858.846,2246536800,33048871796
2017-09-20,,5855.751,5990.97,5838.274,5989.972,3419429000,44031878706
2017-09-21,,5960.69,5962.589,5819.362,5819.67,2726204100,38144684994
2017-09-22,,5772.814,5801.078,5701.904,5742.301,2368342500,32469413606
2017-09-25,,5717.388,5722.939,5608.609,5612.009,1941630700,28032800639
2017-09-26,,5627.162,5701.818,5627.162,5681.66,1545660500,22719948798
2017-09-27,,5670.195,5786.92,5663.558,5780.159,1900692800,30324502952
2017-09-28,,5762.022,5792.542,5722.611,5726.983,1797203200,25821130703
2017-09-29,,5753.027,5791.595,5674.916,5740.559,1859716800,27485074925
2017-10-09,,5815.181,5822.923,5749.338,5772.384,1908149900,25481418780
2017-10-10,,5765.961,5766.174,5664.216,5688.471,1803942800,25900173706
2017-10-11,,5674.449,5675.395,5548.213,5615.177,2015458600,31596365588
2017-10-12,,5597.664,5598.764,5494.016,5568.219,1778398700,25370457865
2017-10-13,,5575.518,5612.329,5573.772,5596.475,1222105100,17889850209
2017-10-16,,5587.241,5663.492,5554.363,5646.381,2282618900,28603558534
2017-10-17,,5590.784,5596.739,5513.132,5521.001,1593175600,21862852989
2017-10-18,,5508.533,5524.559,5427.935,5433.451,1528333000,20604274955
2017-10-19,,5423.209,5467.659,5399.678,5421.181,1469202400,18954177459
2017-10-20,,5407.771,5534.712,5403.196,5529.333,1357676200,21920778729
2017-10-23,,5509.772,5511.234,5468.71,5502.651,1045941700,15746260685
2017-10-24,,5510.363,5561.7,5503.259,5547.41,1243175600,18344433344
2017-10-25,,5518.358,5534.273,5489.924,5528.997,1170591500,17635214544
2017-10-26,,5522.182,5585.452,5482.401,5569.877,1918135200,26743226995
2017-10-27,,5559.167,5559.167,5473.39,5476.722,1616240500,22363103462
2017-10-30,,5452.788,5454.28,5311.792,5356.599,1867267000,24945885745
2017-10-31,,5327.819,5462.826,5327.819,5447.295,1270295400,22785093481
2017-11-01,,5470.923,5502.641,5449.863,5471.774,1453253100,22157400233
2017-11-02,,5460.759,5484.256,5399.581,5406.453,1410186100,21726429184
2017-11-03,,5383.674,5401.204,5300.011,5335.859,1547004200,20979486026
2017-11-06,,5330.917,5347.992,5279.141,5344.885,1202679600,17709650319
2017-11-07,,5346.44,5398.866,5298.855,5375.301,1321580900,17931477803
2017-11-08,,5351.884,5429.682,5328.33,5401.268,1401839400,21578856043
2017-11-09,,5405.673,5431.365,5361.483,5386.379,1052486400,16164937311
2017-11-10,,5372.752,5373.721,5337.313,5353.95,1294569700,17977945149
2017-11-13,,5347.381,5355.423,5290.401,5351.544,1645342700,25348606867
2017-11-14,,5343.786,5354.699,5270.488,5273.444,1567820500,25073317909
2017-11-15,,5229.801,5229.801,5127.685,5139.301,1769640800,27406187345
2017-11-16,,5125.8,5146.681,5079.797,5081.599,1395001200,18638916516
2017-11-17,,5070.759,5107.767,4955.289,4964.153,1770689700,21849553764
2017-11-20,,4948.742,5029.523,4886.649,5028.73,1305595500,17879836250
2017-11-21,,5008.129,5022.87,4969.423,5007.396,1108141300,15285361644
2017-11-22,,5019.842,5057.249,4992.78,5048.361,1161068700,15322579235
2017-11-23,,5044.087,5142.794,5004.555,5005.203,1808980600,21750788011
2017-11-24,,4986.795,5130.278,4968.974,5118.081,1610077300,20081393087
2017-11-27,,5102.571,5136.434,4970.797,4986.946,1700989200,21297139754
2017-11-28,,4961.404,5065.5,4951.332,5064.867,1329591700,16691131928
2017-11-29,,5044.721,5192.497,5042.105,5169.281,2443712900,27569091709
2017-11-30,,5141.521,5183.126,5105.653,5129.078,1481326300,18074557034
2017-12-01,,5112.057,5133.618,5079.143,5118.593,1165419000,14379462718
2017-12-04,,5119.016,5166.662,5091.925,5096.247,1331573600,16754454061
2017-12-05,,5082.164,5082.732,4909.32,4940.593,1756628500,20056795251
2017-12-06,,4896.66,4931.789,4841.783,4930.707,1331070000,14953905823
2017-12-07,,4916.592,4963.084,4908.803,4912.626,1149557500,13661860016
2017-12-08,,4899.936,4964.397,4893.753,4951.824,1237014300,14564006477
2017-12-11,,4957.532,5012.501,4942.023,5011.766,1118648400,15818352781
2017-12-12,,5006.693,5085.859,5003.667,5019.223,1313830600,21407583492
2017-12-13,,5004.245,5026.045,4972.579,5025.966,996136500,15019109813
2017-12-14,,5033.797,5069.072,4997.732,5017.408,1099984500,14936210304
2017-12-15,,5009.7,5016.462,4947.82,4978.806,1178127700,17245575721
2017-12-18,,4969.814,5001.594,4941.877,4989.837,1109228400,15195798252
2017-12-19,,4992.564,4997.25,4954.67,4974.827,884475700,11902025373
2017-12-20,,4969.12,4981.028,4889.097,4902.828,1030493400,12382214858
2017-12-21,,4905.556,4959.375,4891.268,4950.573,1067108200,13683742939
2017-12-22,,4951.842,5034.197,4946.712,4985.255,1358765200,17083732942
2017-12-25,,5002.965,5015.316,4968.123,4984.959,1370437100,19216831838
2017-12-26,,4965.284,5007.865,4931.161,5006.347,1327638800,17482927720
2017-12-27,,5008.104,5118.39,5004.847,5058.074,2166510900,27733923906
2017-12-28,,5054.764,5253.589,5053.645,5232.773,3663493800,37433144193
2017-12-29,,5221.829,5228.853,5178.104,5209.398,2144234600,24063136535
2018-01-02,,5232.636,5256.752,5203.103,5255.687,2479204200,25866389994
2018-01-03,,5263.41,5370.586,5262.11,5312.833,2764104700,34464082820
2018-01-04,,5282.105,5386.041,5274.362,5383.773,2555494000,33900498232
2018-01-05,,5375.844,5403.278,5346.026,5351.723,2325230300,30963312674
2018-01-08,,5332.731,5495.257,5326.86,5461.456,3041625700,37542900915
2018-01-09,,5463.539,5515.392,5425.158,5471.039,2358412100,30759319339
2018-01-10,,5461.062,5494.585,5367.303,5410.748,2328440200,32073080904
2018-01-11,,5421.3,5475.181,5377.303,5428.06,2189896500,27586059135
2018-01-12,,5411.06,5418.261,5370.6,5390.864,1913133800,24728355435
2018-01-15,,5400.583,5405.549,5176.054,5203.581,2522766900,35000810179
2018-01-16,,5187.939,5235.714,5176.864,5217.554,1937314700,24544195214
2018-01-17,,5194.716,5194.716,5074.695,5142.106,1984505800,25284362138
2018-01-18,,5128.279,5187.439,5128.279,5160.419,1315811400,16953491165
2018-01-19,,5162.607,5205.411,5132.874,5175.784,1414221200,18187729264
2018-01-22,,5172.647,5240.72,5157.752,5240.435,1519472900,19856394336
2018-01-23,,5262.648,5332.041,5242.202,5320.952,1940622800,26181215778
2018-01-24,,5301.8,5301.8,5242.602,5285.208,1843071100,22855812059
2018-01-25,,5332.12,5386.439,5332.12,5349.819,2689111800,29378377941
2018-01-26,,5300.662,5316.198,5278.344,5281.081,1682875500,21179311917
2018-01-29,,5294.119,5353.001,5282.59,5297.32,2020821100,24498903614
2018-01-30,,5261.776,5359.176,5255.787,5271.948,1884915300,26661266292
2018-01-31,,5230.374,5271.171,5179.132,5222.698,1970826000,25410038662
2018-02-01,,5214.193,5241.235,5031.396,5033.603,2549549700,30057136580
2018-02-02,,4985.634,5199.763,4906.162,5176.145,2647015800,29193440494
2018-02-05,,5062.884,5190.693,5051.916,5132.913,2280365500,25927396585
2018-02-06,,5033.161,5150.852,4935.916,4942.077,2695185500,29936554562
2018-02-07,,5030.683,5049.767,4887.869,4924.171,2290617600,25945083852
2018-02-08,,4859.721,4911.221,4828.52,4874.575,1912955100,21473101673
2018-02-09,,4762.129,4795.465,4590.701,4643.531,2495146800,27296821574
2018-02-12,,4665.744,4824.865,4651.693,4811.58,1519045700,20061378204
2018-02-13,,4874.023,4889.703,4836.384,4839.548,1505086000,22216768749
2018-02-14,,4877.521,4930.041,4831.95,4918.507,1229510900,17612662917
2018-02-22,,4964.687,5137.156,4950.449,5083.132,1863915200,24751320167
2018-02-23,,5107.397,5138.994,5036.115,5138.399,1854206200,25897737304
2018-02-26,,5128.805,5218.336,5088.808,5196.071,2422085600,32651421685
2018-02-27,,5126.354,5134.652,5064.16,5072.861,2062194200,26543659690
2018-02-28,,4991.232,5147.369,4976.118,5111.332,2184031500,29971356003
2018-03-01,,5038.642,5122.242,5034.456,5107.548,2846220500,32317240974
2018-03-02,,5059.639,5159.195,5056.228,5077.776,2260022600,30130681563
2018-03-05,,5089.143,5130.008,5044.826,5062.901,2205269500,28095126131
2018-03-06,,5070.247,5133.496,4996.978,5131.438,2963407400,33082958817
2018-03-07,,5120.802,5139.968,5066.231,5075.021,1989708900,25067154586
2018-03-08,,5065.828,5132.624,5053.455,5080.532,2389071400,27148413726
2018-03-09,,5049.168,5088.368,5032.051,5083.414,2037862600,23114631716
2018-03-12,,5108.77,5252.389,5108.673,5226.1,2926718000,37786337963
2018-03-13,,5209.426,5228.569,5184.324,5206.934,2117907500,25109333297
2018-03-14,,5205.418,5324.126,5205.276,5229.67,2850880500,33609591915
2018-03-15,,5240.95,5251.775,5180.768,5236.914,2300994200,29281067875
2018-03-16,,5215.085,5216.37,5149.454,5149.761,1793757500,22891208920
2018-03-19,,5115.771,5148.661,5070.292,5123.067,1771023500,21005764661
2018-03-20,,5082.97,5124.865,5058.895,5095.511,1609542600,19373046449
2018-03-21,,5088.564,5138.574,5025.87,5052.097,1796921100,22481454910
2018-03-22,,5076.78,5111.953,5035.748,5061.734,1599281700,20339366973
2018-03-23,,4899.32,4923.411,4711.468,4792.0,3483911400,39060745753
2018-03-26,,4723.489,4904.661,4723.001,4904.235,2293751000,28584492637
2018-03-27,,4954.113,5033.009,4930.694,5031.91,2179750600,28128591853
2018-03-28,,4947.763,4975.432,4926.791,4936.343,1697754700,22621269223
2018-03-29,,4936.834,4969.704,4874.942,4941.241,1814041800,23015886929
2018-03-30,,4944.725,4959.733,4928.019,4952.595,1513321900,18886899383
2018-04-02,,4966.243,4974.3,4915.721,4940.226,1958782900,26904013553
2018-04-03,,4874.953,4903.185,4835.866,4871.326,1735194100,22623938408
2018-04-04,,4874.247,4894.871,4832.258,4832.258,1503254000,19781374803
2018-04-09,,4813.546,4895.027,4813.524,4862.44,1611548300,20337197935
2018-04-10,,4893.236,4971.629,4889.259,4970.85,2022248000,23976895708
2018-04-11,,5019.1,5024.873,4961.548,5015.829,2186460700,25159580933
2018-04-12,,4996.047,4998.768,4939.76,4944.831,2059633200,27120650924
2018-04-13,,4939.249,4955.972,4887.606,4906.907,1496673000,20147389769
2018-04-16,,4898.368,4928.996,4839.004,4856.197,1550768200,19786738758
2018-04-17,,4868.82,4876.168,4717.728,4736.43,1943879200,24219755459
2018-04-18,,4763.545,4768.31,4614.481,4752.768,1748000900,21912895863
2018-04-19,,4780.533,4883.568,4780.533,4865.851,2814571700,27372594305
2018-04-20,,4817.035,4822.197,4742.132,4755.536,2084070800,21517595504
2018-04-23,,4721.485,4752.118,4660.643,4710.431,1421996600,16652906957
2018-04-24,,4675.264,4776.657,4669.878,4774.119,1801610500,20716127767
2018-04-25,,4741.582,4777.051,4724.496,4741.635,1169624800,14815471271
2018-04-26,,4735.59,4738.669,4617.372,4622.839,1205318800,14830229131
2018-04-27,,4633.62,4650.672,4603.869,4645.02,997699400,11767681284
2018-05-02,,4659.197,4670.817,4616.365,4635.532,1191986600,14459416879
2018-05-03,,4627.326,4652.104,4553.426,4643.009,1314536100,17082336338
2018-05-04,,4621.748,4660.167,4615.765,4634.59,1023234400,14560598592
2018-05-07,,4635.04,4734.491,4635.04,4734.491,1228197700,17769055358
2018-05-08,,4731.911,4759.052,4725.424,4754.329,1241115000,16512927539
2018-05-09,,4744.421,4760.962,4717.201,4743.554,1018251600,15178726563
2018-05-10,,4749.929,4773.089,4735.773,4758.98,961669500,13985729246
2018-05-11,,4772.521,4871.145,4771.361,4836.625,1766111600,25991916782
2018-05-14,,4840.592,4906.667,4823.0,4848.423,1572575400,23963143176
2018-05-15,,4857.427,4864.705,4796.753,4864.595,1386864000,18876716975
2018-05-16,,4833.792,4844.765,4799.523,4803.963,1233197000,17734487149
2018-05-17,,4806.145,4821.853,4754.131,4770.722,969641200,14021935474
2018-05-18,,4773.651,4812.262,4744.348,4806.546,1114807200,14192716286
2018-05-21,,4844.049,4866.778,4815.794,4827.867,1317312800,17401713614
2018-05-22,,4816.927,4832.133,4767.671,4830.367,1182238400,16708787190
2018-05-23,,4810.58,4810.58,4722.226,4722.988,1179539800,15058686376
2018-05-24,,4718.62,4750.635,4711.598,4718.362,863523300,11923379246
2018-05-25,,4706.733,4714.504,4623.48,4633.335,1215602700,15351937364
2018-05-28,,4627.589,4646.972,4592.608,4603.364,964284200,12185424058
2018-05-29,,4600.537,4623.186,4575.088,4592.939,959163700,11855464458
2018-05-30,,4537.226,4558.879,4456.59,4469.989,1530704700,17648139275
2018-05-31,,4491.95,4505.737,4463.758,4499.337,1086921200,12594234604
2018-06-01,,4482.011,4546.849,4469.582,4497.447,1067128500,13080713773
2018-06-04,,4496.136,4504.706,4435.759,4443.126,1024826900,12443052062
2018-06-05,,4438.447,4501.934,4434.571,4501.386,934016900,11043359484
2018-06-06,,4509.553,4580.582,4509.497,4561.469,1405493600,14549210714
2018-06-07,,4600.103,4613.897,4565.366,4568.398,1196208500,12619555160
2018-06-08,,4567.017,4567.017,4461.336,4479.707,1214259100,12942873396
2018-06-11,,4480.181,4534.296,4475.665,4517.294,991279900,11910104821
2018-06-12,,4505.285,4522.363,4447.854,4520.39,952989300,11452554374
2018-06-13,,4501.694,4501.694,4448.557,4453.606,877099600,10621232771
2018-06-14,,4442.466,4492.166,4435.278,4461.711,890326200,11593715899
2018-06-15,,4456.587,4466.947,4342.04,4387.493,1356734100,14827466514
2018-06-19,,4298.17,4315.471,4061.455,4115.294,2050190600,20596604061
2018-06-20,,4048.337,4121.987,4000.012,4090.491,1238194800,14554028972
2018-06-21,,4073.052,4144.732,3980.895,3980.895,1241095300,14423014130
2018-06-22,,3937.34,4069.515,3898.92,4054.958,991108200,12695702808
2018-06-25,,4095.085,4115.999,4034.712,4037.925,916226800,12272987187
2018-06-26,,3966.879,4064.003,3956.908,4060.236,921881400,10768860674
2018-06-27,,4054.565,4075.168,4017.719,4042.35,883093600,10029100101
2018-06-28,,4021.576,4071.597,3987.839,3994.137,790651100,9693596521
2018-06-29,,3994.363,4088.671,3968.863,4086.64,995290600,12812665100
2018-07-02,,4077.293,4090.081,3966.659,3998.621,973863700,10962354183
2018-07-03,,3985.382,4010.54,3887.252,4001.052,945569200,11934542707
2018-07-04,,3989.255,4012.443,3955.309,3963.178,971111700,10987477168
2018-07-05,,3947.369,3962.14,3835.226,3837.006,1335035600,13004872860
2018-07-06,,3835.949,3910.632,3770.513,3868.535,1110366800,13027449339
2018-07-09,,3867.735,3952.016,3867.735,3950.219,882570300,10931085260
2018-07-10,,3960.879,4020.881,3956.618,4003.007,1108954800,13185379493
2018-07-11,,3921.967,3998.414,3890.211,3944.639,1337929000,16931937809
2018-07-12,,3921.983,4029.222,3921.089,4016.853,1200522500,15708321045
2018-07-13,,4014.399,4072.286,3992.632,4055.626,1101199600,14911472318
2018-07-16,,4045.983,4055.052,3999.121,4022.02,759175900,10710319733
2018-07-17,,4008.128,4036.566,3987.744,4031.409,846680400,11662592273
2018-07-18,,4021.028,4038.911,3980.154,3981.434,1047443300,12164099793
2018-07-19,,3980.695,4006.56,3923.847,3943.182,925555400,10170246128
2018-07-20,,3931.776,3991.454,3913.974,3979.636,1000489200,10673109983
2018-07-23,,3980.248,4062.682,3969.767,4060.232,1432285400,13660385298
2018-07-24,,4049.777,4163.251,4049.695,4148.357,2351568900,20136226000
2018-07-25,,4153.936,4155.036,4104.302,4111.939,1605721700,16684964952
2018-07-26,,4109.855,4130.841,4062.228,4079.004,1344533800,14864533472
2018-07-27,,4066.396,4074.352,4022.558,4041.153,913627400,9114891127
2018-07-30,,4039.934,4080.963,4017.038,4033.449,1045162600,10497565407
2018-07-31,,4033.632,4042.306,3992.728,4014.247,881615600,9279930746
2018-08-01,,4021.759,4035.401,3938.676,3940.755,1155912400,13151128795
2018-08-02,,3916.276,3916.436,3749.384,3843.681,1529976600,14940751974
2018-08-03,,3828.609,3858.487,3789.257,3790.647,924287100,8852994172
2018-08-06,,3776.549,3779.901,3631.402,3647.853,1164678100,12237499563
2018-08-07,,3654.904,3734.71,3578.471,3734.535,1283362900,12937391978
2018-08-08,,3713.282,3720.177,3662.919,3664.584,1123716800,11241676244
2018-08-09,,3672.832,3774.37,3669.449,3749.385,1387456900,12301613336
2018-08-10,,3741.872,3764.62,3722.981,3754.088,846481000,8503627840
2018-08-13,,3709.204,3764.031,3692.888,3762.386,890004400,9300415744
2018-08-14,,3741.81,3765.023,3719.917,3753.286,768987300,8033868022
2018-08-15,,3748.052,3756.072,3662.184,3663.889,784117100,7972685769
2018-08-16,,3595.667,3658.781,3567.831,3615.049,837120200,7940541528
2018-08-17,,3647.64,3659.19,3562.647,3566.707,754546100,7575312194
2018-08-20,,3573.294,3622.206,3553.715,3622.143,727378300,7555185681
2018-08-21,,3627.036,3679.882,3618.226,3665.374,868508100,8813836994
2018-08-22,,3655.896,3656.167,3613.87,3622.903,613426400,6419105069
2018-08-23,,3619.575,3651.279,3600.849,3632.684,610445900,6628373599
2018-08-24,,3628.958,3645.801,3608.219,3623.916,688795200,6790760172
2018-08-27,,3633.265,3682.349,3629.188,3681.894,1111926400,9949799588
2018-08-28,,3683.923,3738.207,3667.449,3717.368,1433184100,12185572753
2018-08-29,,3704.917,3708.855,3667.121,3675.455,1099424400,8762261996
2018-08-30,,3673.306,3687.753,3632.428,3632.803,872536400,7411621782
2018-08-31,,3617.416,3619.973,3571.071,3588.735,836677700,7273190430
2018-09-03,,3583.946,3589.583,3533.914,3582.851,779074800,7150454981
2018-09-04,,3573.424,3602.69,3550.737,3590.628,800816900,7541468489
2018-09-05,,3575.268,3583.725,3521.637,3522.435,869452600,7540677780
2018-09-06,,3515.164,3551.977,3485.754,3494.433,928550300,8089420957
2018-09-07,,3501.44,3535.11,3487.558,3505.613,964200800,8360482337
2018-09-10,,3498.514,3504.837,3415.888,3419.386,1076282300,9202380966
2018-09-11,,3420.776,3442.073,3390.212,3423.337,800030900,6722976816
2018-09-12,,3421.157,3457.647,3408.168,3440.409,744524800,7042285186
2018-09-13,,3483.339,3497.106,3446.37,3483.239,883832900,8112788033
2018-09-14,,3488.546,3543.525,3480.766,3489.554,983988800,9362552448
2018-09-17,,3464.363,3464.363,3403.797,3413.694,691937200,6097221413
2018-09-18,,3402.97,3480.655,3398.52,3480.655,816481400,7250169865
2018-09-19,,3467.011,3530.186,3459.259,3507.396,1104560500,9142634164
2018-09-20,,3517.985,3566.354,3517.985,3523.855,1234125700,11302406094
2018-09-21,,3528.79,3621.051,3507.32,3611.389,1521837400,15009960125
2018-09-25,,3584.364,3623.869,3574.812,3607.225,1019722400,10738827624
2018-09-26,,3608.68,3641.717,3600.285,3617.526,1127864500,11017373636
2018-09-27,,3615.949,3628.881,3577.401,3577.858,1099407300,11341122317
2018-09-28,,3570.394,3623.676,3560.912,3622.034,1131071900,10670232790
2018-10-08,,3566.056,3617.549,3514.898,3523.392,1542667600,13781181718
2018-10-09,,3530.202,3586.87,3521.709,3576.61,1314450200,11288543474
2018-10-10,,3584.496,3595.335,3514.348,3539.663,1377909000,13142187080
2018-10-11,,3413.753,3432.552,3265.647,3300.348,2123455900,16931997616
2018-10-12,,3283.338,3314.027,3171.845,3279.358,1966353900,15251645709
2018-10-15,,3275.785,3288.724,3205.75,3214.303,1327264800,10018583338
2018-10-16,,3215.386,3236.646,3116.714,3141.841,1300119900,9793507722
2018-10-17,,3172.128,3185.524,3053.285,3121.16,1354655400,11996619561
2018-10-18,,3091.201,3091.201,3005.321,3007.699,1191490500,9092139793
2018-10-19,,2966.591,3075.539,2949.441,3071.273,1282824800,9636081638
2018-10-22,,3086.577,3252.969,3086.329,3220.593,1822648900,14336420853
2018-10-23,,3211.037,3219.651,3147.619,3168.517,1526009800,12268099036
2018-10-24,,3143.143,3219.916,3140.777,3190.251,1253162900,10394553478
2018-10-25,,3109.093,3198.716,3098.525,3198.716,1371673100,10716548281
2018-10-26,,3216.409,3269.232,3198.764,3213.209,1514669600,11352714517
2018-10-29,,3189.466,3206.491,3136.21,3147.032,993529300,8176224048
2018-10-30,,3128.696,3205.76,3113.186,3181.993,1161982200,9113377377
2018-10-31,,3189.637,3294.739,3185.482,3266.921,1739682500,14085658651
2018-11-01,,3268.36,3302.327,3247.972,3279.104,2034071600,16088870313
2018-11-02,,3320.8,3385.409,3300.837,3373.525,2215743500,18835109017
2018-11-05,,3358.918,3389.744,3324.103,3361.855,1619639200,14783293313
2018-11-06,,3344.065,3350.456,3318.195,3348.422,1264830900,11325178721
2018-11-07,,3385.411,3446.143,3370.402,3375.044,2340911000,20774242282
2018-11-08,,3379.32,3380.636,3313.853,3314.514,1504031400,13324748165
2018-11-09,,3296.797,3319.927,3269.636,3271.215,1180901200,9460248657
2018-11-12,,3261.111,3322.934,3241.608,3322.934,1330082400,11167468646
2018-11-13,,3281.818,3378.173,3274.4,3366.334,1904149100,14471155510
2018-11-14,,3360.102,3389.53,3337.497,3344.005,1608364400,12342925159
2018-11-15,,3341.328,3390.882,3338.083,3390.882,1292198900,10718533360
2018-11-16,,3395.247,3422.348,3380.494,3402.336,1562511800,13886782292
2018-11-19,,3399.811,3416.713,3368.361,3416.713,1406121400,12344081167
2018-11-20,,3388.095,3423.161,3365.055,3372.034,1739581500,14709576347
2018-11-21,,3327.867,3353.495,3305.635,3348.698,1321860100,10242542625
2018-11-22,,3353.5,3363.42,3327.758,3334.046,903247200,7505663557
2018-11-23,,3326.281,3326.281,3176.111,3181.857,1513642400,12223420160
2018-11-26,,3165.609,3188.796,3143.159,3153.017,881303400,6567566334
2018-11-27,,3171.51,3191.158,3161.482,3177.033,686920300,5749681929
2018-11-28,,3168.682,3205.363,3131.898,3205.249,885480500,7168537805
2018-11-29,,3234.163,3275.328,3190.167,3190.75,1410289300,11357874064
2018-11-30,,3177.391,3235.494,3168.026,3227.046,1251826900,11098450221
2018-12-03,,3290.672,3322.321,3259.876,3315.847,1526922100,14332397658
2018-12-04,,3303.018,3322.268,3291.419,3320.721,1106923700,10056594525
2018-12-05,,3272.181,3353.122,3266.399,3324.449,1487745700,14123311121
2018-12-06,,3305.76,3327.621,3287.286,3287.286,1090702100,10915174597
2018-12-07,,3292.466,3300.185,3268.986,3280.091,699117000,7124197819
2018-12-10,,3274.541,3282.21,3244.121,3251.832,909026300,8177569360
2018-12-11,,3253.103,3281.505,3250.139,3281.499,773193400,7271567707
2018-12-12,,3282.382,3299.022,3266.925,3277.894,785213700,7450476592
2018-12-13,,3281.901,3309.237,3248.121,3290.872,1033162900,8726202514
2018-12-14,,3280.654,3290.318,3206.211,3209.358,1148450400,9536895810
2018-12-17,,3196.548,3235.819,3191.08,3226.256,749796200,6892578557
2018-12-18,,3218.292,3245.47,3206.248,3233.076,866801200,8387810403
2018-12-19,,3229.751,3234.497,3197.476,3202.155,699772200,6473986070
2018-12-20,,3186.157,3211.303,3174.375,3198.454,745324400,6547574907
2018-12-21,,3202.961,3208.23,3140.745,3157.152,786795900,7743218649
2018-12-24,,3155.526,3168.574,3146.669,3163.165,604817100,5579016170
2018-12-25,,3145.263,3145.263,3067.833,3116.895,991129200,8236047347
2018-12-26,,3106.252,3123.879,3100.576,3108.6,753183200,6498757910
2018-12-27,,3144.611,3148.772,3071.845,3073.4,879207200,7022076686
2018-12-28,,3081.272,3103.219,3069.065,3091.787,696178100,5730834275
2019-01-02,,3090.127,3090.127,3042.198,3049.246,1001948400,6741097894
2019-01-03,,3041.101,3097.445,3037.833,3086.017,1149318300,8055673628
2019-01-04,,3068.871,3159.495,3066.438,3158.068,1359613900,10558157093
2019-01-07,,3162.987,3210.614,3151.934,3200.906,1408737000,10849564339
2019-01-08,,3190.014,3190.014,3150.777,3151.837,1059155100,8564838728
2019-01-09,,3155.317,3181.569,3145.846,3152.897,1364207800,11192568230
2019-01-10,,3148.572,3171.585,3139.473,3146.287,1100811600,8734609235
2019-01-11,,3135.787,3172.242,3135.787,3167.657,1140255600,8147066432
2019-01-14,,3164.987,3190.057,3158.536,3162.69,1169891800,8282529887
2019-01-15,,3155.956,3189.002,3146.027,3188.898,1169576500,8754204210
2019-01-16,,3185.18,3189.844,3151.528,3158.98,1158532400,8640748544
2019-01-17,,3158.243,3177.25,3134.752,3150.665,1334782200,9103567654
2019-01-18,,3146.017,3211.282,3142.107,3211.282,2046523200,14113132124
2019-01-21,,3207.344,3220.7,3199.051,3216.52,1522836800,12137409336
2019-01-22,,3206.253,3208.847,3169.096,3173.163,1231805100,9693026349
2019-01-23,,3164.603,3192.158,3156.075,3178.468,976945600,8151387949
2019-01-24,,3173.975,3176.12,3152.407,3163.2,894630000,7316809538
2019-01-25,,3160.563,3164.985,3143.728,3145.692,961081500,8278710432
2019-01-28,,3176.292,3180.631,3138.783,3141.503,972022500,8134947267
2019-01-29,,3137.313,3139.322,3045.55,3078.509,1211056200,9632228033
2019-01-30,,3069.123,3091.425,3059.344,3062.168,765114000,6161314364
2019-01-31,,3066.723,3088.706,3001.609,3011.789,1248402100,9105355879
2019-02-01,,3024.605,3083.996,3024.605,3083.883,891258900,6586617834
2019-02-11,,3090.453,3175.482,3090.453,3175.402,1214620500,9871033277
2019-02-12,,3169.837,3199.635,3160.698,3199.425,1319202600,11188239269
2019-02-13,,3198.786,3297.6,3191.027,3284.496,2173085300,17846842283
2019-02-14,,3278.073,3288.65,3250.237,3276.346,1425008500,11786269794
2019-02-15,,3270.047,3317.449,3265.674,3272.528,1510934800,12548940481
2019-02-18,,3293.452,3369.916,3293.452,3369.906,1984481300,15735825656
2019-02-19,,3374.676,3395.785,3342.128,3367.117,2111545800,16849665393
2019-02-20,,3391.727,3486.714,3388.451,3434.749,2700119400,21541519419
2019-02-21,,3437.36,3474.474,3417.153,3436.242,2687944600,21844782047
2019-02-22,,3407.333,3459.924,3387.52,3459.924,2216058900,18201253754
2019-02-25,,3493.644,3710.229,3493.644,3710.229,4704003700,37355110296
2019-02-26,,3722.78,3870.13,3673.639,3751.493,5367914100,45292619655
2019-02-27,,3714.393,3776.767,3647.888,3693.4,3411558500,29504869819
2019-02-28,,3687.927,3718.46,3651.011,3678.781,2332739900,19031225586
2019-03-01,,3690.473,3700.046,3637.927,3694.56,1961349300,16295203821
2019-03-04,,3704.185,3809.804,3699.78,3747.346,3603899100,30608764370
2019-03-05,,3721.578,3798.49,3704.297,3798.49,3195230900,26282996300
2019-03-06,,3819.555,3915.195,3807.298,3905.386,4653270200,39599387301
2019-03-07,,3879.806,4070.482,3855.009,3998.441,5323870800,43197753531
2019-03-08,,3907.568,3929.208,3737.058,3739.515,5143790100,39536709955
2019-03-11,,3735.173,3828.224,3731.243,3828.224,2862156500,22814682336
2019-03-12,,3846.766,3886.311,3791.018,3843.064,3297799400,26656810866
2019-03-13,,3849.872,3884.862,3808.2,3832.253,3083260900,30005486134
2019-03-14,,3811.079,3906.342,3737.574,3774.249,2891928600,29973703059
2019-03-15,,3790.141,3820.286,3758.666,3819.736,2348379000,22840373312
2019-03-18,,3853.821,3923.768,3853.821,3923.768,2781640100,29410250421
2019-03-19,,3918.041,3919.354,3872.549,3903.637,2142482100,21941702142
2019-03-20,,3888.623,3895.836,3803.188,3862.558,2200956700,20776721145
2019-03-21,,3878.861,3934.747,3870.357,3906.361,2940026900,25289064840
2019-03-22,,3891.324,3894.765,3819.066,3869.263,2140538600,18919792071
2019-03-25,,3812.3,3842.778,3791.525,3793.031,2374160300,20704622665
2019-03-26,,3810.057,3827.517,3717.396,3726.057,2210066600,19475641123
2019-03-27,,3740.018,3750.89,3660.051,3698.49,1631052200,16090501115
2019-03-28,,3674.879,3694.449,3637.161,3651.118,1387378600,12534620396
2019-03-29,,3637.738,3742.406,3620.578,3742.396,1942137300,17603650878
2019-04-01,,3777.929,3942.111,3777.929,3926.602,3520757600,30895964801
2019-04-02,,3958.517,4046.269,3892.934,4006.639,4209031900,39200407914
2019-04-03,,3975.2,4016.731,3958.104,4008.141,2909489200,29675154944
2019-04-04,,4054.273,4100.962,4016.056,4056.061,3608462300,35981395895
2019-04-08,,4105.354,4180.715,4047.933,4110.943,4421051900,42628007227
2019-04-09,,4092.747,4092.747,3994.022,4027.712,2874730900,26659427594
2019-04-10,,4006.398,4026.818,3954.372,3998.308,2401674100,22553099077
2019-04-11,,3994.388,4022.049,3933.069,3933.274,2166785300,20549585338
2019-04-12,,3907.908,3917.427,3863.791,3894.523,1578610700,14609725207
2019-04-15,,3954.247,3969.848,3854.948,3857.338,1908621500,17174986952
2019-04-16,,3830.56,3976.63,3822.538,3976.63,2728168600,21894054100
2019-04-17,,3955.109,3993.864,3946.153,3972.996,2337788800,20306930686
2019-04-18,,3968.265,3998.504,3924.417,3930.58,2001029900,17023593202
2019-04-19,,3912.499,3951.054,3876.18,3951.054,2051904600,17929210133
2019-04-22,,3947.326,3947.612,3853.617,3863.944,2181150200,20528986626
2019-04-23,,3852.844,3858.294,3791.053,3817.401,1881233600,16306078106
2019-04-24,,3810.209,3832.184,3776.055,3832.184,1411028300,12931383988
2019-04-25,,3818.033,3839.22,3705.988,3705.988,1932783400,16511307047
2019-04-26,,3695.286,3713.517,3638.93,3639.526,1493286900,12703519935
2019-04-29,,3609.652,3614.872,3475.227,3484.692,1543561100,12190738257
2019-04-30,,3443.505,3513.829,3443.505,3501.851,1054423800,9531085273
2019-05-06,,3381.285,3414.71,3233.511,3267.346,1980917300,14975054417
2019-05-07,,3271.671,3312.565,3240.241,3291.56,1411376000,11267108202
2019-05-08,,3232.342,3316.277,3221.027,3298.976,1328487900,10971760000
2019-05-09,,3262.29,3296.331,3253.258,3262.201,1086975300,9361701246
2019-05-10,,3280.565,3342.057,3237.246,3342.057,1519857400,13036655447
2019-05-13,,3305.575,3328.593,3294.223,3301.872,998103800,9057359049
2019-05-14,,3296.364,3335.692,3296.364,3308.152,1184474200,10857958304
2019-05-15,,3321.135,3351.546,3315.592,3346.512,1219854700,10032558084
2019-05-16,,3344.72,3482.472,3344.72,3469.041,2131975200,18535407636
2019-05-17,,3473.838,3473.892,3328.639,3340.13,1930490900,17865156064
2019-05-20,,3310.802,3364.402,3226.134,3359.392,1566254800,14740977568
2019-05-21,,3352.132,3497.713,3331.934,3474.905,2210749100,21221725213
2019-05-22,,3465.699,3479.761,3414.066,3416.961,1914546100,20010480205
2019-05-23,,3408.909,3419.441,3343.588,3361.424,1379408400,14377567333
2019-05-24,,3338.249,3402.891,3314.663,3321.619,1305912900,12909900488
2019-05-27,,3333.431,3413.916,3322.094,3402.793,1412112400,13211426067
2019-05-28,,3389.135,3417.38,3374.253,3395.192,1425039600,13257851152
2019-05-29,,3410.698,3479.318,3406.448,3462.457,2045181200,20481369503
2019-05-30,,3436.127,3493.126,3408.994,3485.026,2335478000,22177959626
2019-05-31,,3476.499,3555.014,3461.89,3505.752,2314800400,23177723918
2019-06-03,,3520.423,3522.909,3458.404,3459.533,2228659000,20795771810
2019-06-04,,3468.327,3496.976,3384.335,3401.684,1680735300,15533194263
2019-06-05,,3432.457,3457.21,3421.335,3430.997,1596612300,14732491119
2019-06-06,,3416.811,3454.117,3383.697,3400.506,1650240000,16051674502
2019-06-10,,3413.566,3450.315,3371.553,3431.383,1659227400,15463590440
2019-06-11,,3418.439,3548.655,3412.371,3538.493,2377213600,22717105045
2019-06-12,,3538.95,3661.739,3530.748,3598.148,3565684300,35870450069
2019-06-13,,3566.784,3598.988,3545.292,3588.309,2264143600,22257420536
2019-06-14,,3600.14,3619.186,3547.805,3566.127,2425900300,22735775588
2019-06-17,,3548.811,3613.169,3542.41,3556.144,1984159200,20997544236
2019-06-18,,3538.414,3545.863,3492.041,3532.565,1686282800,17434039637
2019-06-19,,3547.415,3566.001,3524.359,3533.339,1889330800,19644213248
2019-06-20,,3566.24,3605.322,3518.714,3588.852,2804067500,25176384625
2019-06-21,,3602.278,3702.267,3592.825,3640.397,3263340400,28815945939
2019-06-24,,3657.75,3699.699,3644.791,3680.081,2506451200,24857858119
2019-06-25,,3701.225,3704.621,3645.528,3697.517,3510603400,31833471167
2019-06-26,,3634.628,3652.024,3584.921,3588.724,2309437300,22143728918
2019-06-27,,3588.423,3618.846,3582.833,3605.809,1804606000,17710105866
2019-06-28,,3619.581,3640.729,3572.231,3597.866,2028577200,20459247948
2019-07-01,,3577.319,3620.211,3553.515,3620.201,2250992700,22512991318
2019-07-02,,3610.405,3653.266,3597.807,3651.664,2004686600,21672145315
2019-07-03,,3694.633,3694.633,3624.237,3628.091,2038241000,21564186394
2019-07-04,,3627.125,3643.5,3566.8,3583.615,1680117000,17276012691
2019-07-05,,3589.586,3601.842,3570.671,3597.297,1140346900,12647953945
2019-07-08,,3568.732,3568.732,3439.405,3463.565,1760520200,17412075635
2019-07-09,,3442.508,3467.367,3430.186,3465.622,1019713300,11122920678
2019-07-10,,3456.889,3459.771,3391.944,3400.829,968316300,10620031721
2019-07-11,,3446.656,3477.182,3431.053,3444.54,1314758400,13669844145
2019-07-12,,3433.513,3442.805,3415.048,3431.23,927960200,9406393056
2019-07-15,,3428.237,3468.36,3390.325,3460.139,1151861000,11269498082
2019-07-16,,3449.152,3472.291,3442.935,3463.696,890647500,9047130681
2019-07-17,,3454.755,3462.173,3442.041,3447.319,1014641100,10033723263
2019-07-18,,3481.287,3505.899,3449.169,3449.253,1535380900,14890688101
2019-07-19,,3490.558,3530.873,3481.527,3516.498,1831423300,16632639872
2019-07-22,,3482.461,3482.461,3378.771,3385.368,1573562500,14558560452
2019-07-23,,3366.298,3388.36,3361.873,3388.36,905850600,8374042701
2019-07-24,,3387.999,3423.923,3387.999,3423.869,1186671600,10578433873
2019-07-25,,3407.898,3408.009,3384.16,3396.029,1097306400,9797241349
2019-07-26,,3372.364,3383.236,3354.826,3382.541,1036987300,9240064306
2019-07-29,,3386.879,3390.512,3368.176,3377.266,915973300,8130453089
2019-07-30,,3381.654,3417.282,3381.654,3417.189,1172838700,11286696605
2019-07-31,,3405.87,3426.87,3374.955,3418.573,1219169800,11997691790
2019-08-01,,3366.947,3416.184,3354.639,3390.08,1563791400,15558550455
2019-08-02,,3403.24,3427.8,3392.375,3416.366,1787144800,19315915895
2019-08-05,,3414.178,3483.892,3410.742,3454.2,2218554000,22523107849
2019-08-06,,3421.355,3455.882,3360.441,3367.216,2403714300,24003760158
2019-08-07,,3438.837,3515.755,3438.837,3496.711,2550813600,23769172594
2019-08-08,,3541.732,3543.458,3473.102,3479.076,2556437300,25282931013
2019-08-09,,3487.987,3508.323,3447.168,3450.685,2114152000,19885697137
2019-08-12,,3428.681,3430.04,3382.638,3421.497,1586633300,15712875174
2019-08-13,,3425.353,3479.61,3424.459,3468.513,1982304900,19528155009
2019-08-14,,3423.665,3454.527,3411.419,3443.474,1890584300,19292155536
2019-08-15,,3414.725,3442.801,3408.142,3431.881,1705411600,18034818198
2019-08-16,,3446.654,3468.799,3436.395,3445.72,1441106400,15759236875
2019-08-19,,3425.849,3485.302,3412.32,3485.302,1705958000,18096603597
2019-08-20,,3466.431,3532.473,3460.806,3523.91,2119674700,20034320386
2019-08-21,,3504.693,3506.28,3474.161,3475.344,1417052200,14271890804
2019-08-22,,3471.287,3471.956,3439.027,3468.284,1207919800,12769265138
2019-08-23,,3459.63,3474.723,3449.153,3457.365,1377878100,15365391973
2019-08-26,,3481.828,3497.66,3469.707,3476.788,1897183600,20196527745
2019-08-27,,3467.225,3512.606,3458.642,3512.41,1684545200,17533443864
2019-08-28,,3514.492,3516.272,3480.877,3484.401,1408028200,15005775520
2019-08-29,,3478.805,3502.133,3467.96,3498.851,1415479500,14960495241
2019-08-30,,3482.297,3512.434,3473.192,3493.601,1656975100,18614401744
2019-09-02,,3510.617,3536.306,3507.847,3536.061,1912312100,17892796380
2019-09-03,,3536.105,3546.473,3527.764,3543.547,1866316500,17224592586
2019-09-04,,3561.002,3590.565,3551.751,3590.095,2480375800,23962774771
2019-09-05,,3603.105,3650.399,3593.451,3626.256,2768917100,26251261945
2019-09-06,,3597.958,3602.375,3566.996,3573.124,1990112900,20568428828
2019-09-09,,3589.947,3629.169,3569.952,3629.169,2026237600,19447162871
2019-09-10,,3610.582,3657.316,3600.12,3632.838,1985635200,20629323292
2019-09-11,,3634.641,3643.185,3612.924,3625.04,1626988400,17386243781
2019-09-12,,3632.317,3633.253,3597.798,3617.215,1284898300,12816587724
2019-09-16,,3633.716,3642.721,3614.672,3639.106,1607805700,16265976758
2019-09-17,,3623.44,3623.44,3543.304,3545.185,1594089700,15676981842
2019-09-18,,3550.199,3559.061,3530.389,3533.703,1057206600,11123536144
2019-09-19,,3530.091,3571.862,3523.448,3571.834,1278349700,14064937648
2019-09-20,,3567.942,3580.394,3560.464,3580.366,1215153100,13365600853
2019-09-23,,3573.929,3573.95,3523.557,3535.784,1221939200,13603991405
2019-09-24,,3540.521,3558.247,3526.049,3548.612,1242551800,13263689601
2019-09-25,,3544.814,3562.453,3506.48,3536.926,1457666500,17115615075
2019-09-26,,3508.677,3515.315,3414.124,3414.879,1591096100,18592470406
2019-09-27,,3407.085,3434.353,3390.235,3406.634,1017134100,12441639095
2019-09-30,,3404.704,3415.014,3366.573,3370.078,833515600,10425033565
2019-10-08,,3363.784,3379.609,3348.462,3363.147,811350000,9618614607
2019-10-09,,3358.729,3404.844,3353.325,3404.699,914607300,11484210500
2019-10-10,,3409.52,3416.046,3393.21,3414.605,861480800,9799867998
2019-10-11,,3401.8,3401.8,3369.627,3391.018,874070000,10309526800
2019-10-14,,3387.791,3418.731,3381.877,3403.716,1057019900,10851122093
2019-10-15,,3392.718,3392.718,3341.305,3342.618,898773400,9614946252
2019-10-16,,3335.485,3343.508,3302.04,3303.261,720756400,7810942043
2019-10-17,,3307.96,3314.408,3297.854,3308.398,706212300,7231689910
2019-10-18,,3306.562,3308.613,3250.322,3256.807,861437400,8593362890
2019-10-21,,3252.127,3254.295,3219.081,3254.295,725796200,6979138952
2019-10-22,,3247.581,3272.667,3247.509,3270.266,606997900,6003837520
2019-10-23,,3267.148,3267.475,3238.238,3243.604,606429900,6155920061
2019-10-24,,3241.813,3250.701,3217.781,3233.679,766133200,7140593604
2019-10-25,,3236.273,3260.655,3222.434,3255.093,778707900,7242535339
2019-10-28,,3243.928,3305.739,3241.407,3305.579,1062414700,9423898426
2019-10-29,,3292.391,3292.391,3253.477,3253.477,820529200,7989144517
2019-10-30,,3243.425,3245.549,3210.87,3214.955,897776500,7252342626
2019-10-31,,3220.141,3228.283,3196.96,3202.845,730140300,6356716826
2019-11-01,,3207.21,3237.548,3199.262,3234.354,855255700,7841675853
2019-11-04,,3235.903,3265.66,3234.769,3255.748,949450200,9059988548
2019-11-05,,3256.656,3296.17,3234.089,3281.1,1181875600,11829841865
2019-11-06,,3262.814,3317.892,3260.711,3282.997,1344390500,13748052515
2019-11-07,,3279.716,3286.984,3259.059,3269.797,781422300,7939505009
2019-11-08,,3274.66,3280.24,3252.85,3257.213,883673700,9352772598
2019-11-11,,3240.448,3240.535,3178.673,3182.153,1007229100,9083797269
2019-11-12,,3177.404,3191.539,3138.136,3161.728,773508500,7507521463
2019-11-13,,3166.639,3182.102,3156.895,3169.034,890667500,8298968128
2019-11-14,,3162.201,3163.743,3145.089,3156.704,691868700,6590615777
2019-11-15,,3154.358,3182.141,3138.579,3139.676,708193400,7898107617
2019-11-18,,3131.246,3156.772,3121.987,3154.309,599320800,6354958154
2019-11-19,,3155.853,3220.778,3154.185,3220.778,773128700,9910378744
2019-11-20,,3218.443,3247.773,3211.8,3240.852,1004928800,13247241392
2019-11-21,,3232.125,3238.768,3216.598,3229.701,935848900,10613441515
2019-11-22,,3237.585,3267.985,3229.597,3246.23,1194608300,13410029881
2019-11-25,,3242.211,3300.259,3240.615,3293.864,1638369200,13434178432
2019-11-26,,3283.427,3298.049,3255.122,3294.52,1425423000,13361608106
2019-11-27,,3296.403,3336.581,3279.018,3319.207,1342478700,14321540743
2019-11-28,,3311.973,3322.87,3280.97,3286.06,959639500,10354349572
2019-11-29,,3274.364,3280.542,3249.883,3265.62,975932900,9169306666
2019-12-02,,3265.019,3284.833,3254.017,3259.517,1038752100,9431611319
2019-12-03,,3262.406,3286.573,3258.788,3285.939,873818700,9001418681
2019-12-04,,3291.395,3366.174,3291.395,3359.007,1520295100,17083934743
2019-12-05,,3344.472,3364.318,3332.82,3358.852,1153636900,13452441777
2019-12-06,,3351.01,3366.544,3347.798,3360.434,1133014900,11425971854
2019-12-09,,3352.664,3372.669,3342.906,3360.482,1297142200,13172063080
2019-12-10,,3357.596,3407.391,3355.333,3393.94,1511881500,13530001217
2019-12-11,,3393.219,3393.925,3358.585,3364.6,1109203700,11551243438
2019-12-12,,3387.93,3397.582,3364.88,3366.538,1060865000,11825347317
2019-12-13,,3369.893,3395.015,3369.597,3392.195,1305516100,14364823588
2019-12-16,,3400.339,3414.836,3371.851,3414.836,1432935400,14503676093
2019-12-17,,3418.668,3508.576,3418.132,3505.598,2395665600,24131872660
2019-12-18,,3499.253,3512.22,3485.165,3503.517,1830434300,19037667188
2019-12-19,,3498.54,3512.727,3491.18,3506.203,1549376400,14094085145
2019-12-20,,3510.866,3519.515,3464.243,3466.603,1440137600,13923023223
2019-12-23,,3459.393,3493.288,3433.116,3438.507,1409301300,14280387752
2019-12-24,,3450.067,3593.921,3449.638,3589.801,2697887700,23191895905
2019-12-25,,3595.064,3606.284,3571.112,3593.73,2291236700,21768852710
2019-12-26,,3598.373,3643.264,3589.859,3637.427,2017957500,19499020445
2019-12-27,,3651.29,3841.041,3650.613,3733.149,4156916300,38145591472
2019-12-30,,3729.468,3769.721,3698.503,3766.667,2752130100,25146368881
2019-12-31,,3760.918,3796.058,3749.445,3781.621,2151225900,19989626218
2020-01-02,,3802.353,3849.202,3787.974,3833.933,2671460400,25262854348
2020-01-03,,3834.15,3922.052,3817.549,3897.458,2722840800,29887814215
2020-01-06,,3932.724,4027.854,3932.724,4024.622,3957507200,43465817005
2020-01-07,,3979.458,3994.041,3946.982,3981.83,2942061100,30262017302
2020-01-08,,4023.918,4046.169,3966.388,3986.306,3578569400,39394583206
2020-01-09,,3952.403,3967.65,3910.71,3929.193,2788583400,28429674277
2020-01-10,,3920.954,3930.048,3878.016,3913.291,2253882000,22524893616
2020-01-13,,3919.297,3943.851,3881.693,3943.842,1910153100,20101544606
2020-01-14,,3954.62,4078.07,3954.62,4031.005,3264636200,33514707370
2020-01-15,,4010.148,4017.411,3923.547,3940.823,2381244700,25294491600
2020-01-16,,3941.257,3976.474,3911.08,3918.286,1885715100,19509463444
2020-01-17,,3922.691,3938.419,3891.403,3912.981,1857379100,18856951176
2020-01-20,,3901.498,3929.955,3876.375,3925.57,1745399600,17592190873
2020-01-21,,3910.588,3910.588,3823.873,3826.832,1964553100,18565651234
2020-01-22,,3799.424,3886.438,3755.024,3865.119,2024806700,22168895496
2020-01-23,,3818.806,3879.623,3688.023,3742.903,2292710600,23201140876
2020-02-03,,3385.884,3444.408,3383.446,3393.967,1871344400,14556505012
2020-02-04,,3266.05,3445.347,3266.05,3431.998,2958689200,27680369799
2020-02-05,,3454.232,3587.43,3452.093,3524.709,3025492700,30231479814
2020-02-06,,3481.867,3574.249,3467.361,3559.127,2749317900,26861707655
2020-02-07,,3533.433,3562.922,3487.348,3538.202,2252627400,21715421141
2020-02-10,,3519.453,3670.609,3512.667,3668.662,2731787800,28351992314
2020-02-11,,3684.933,3720.685,3646.197,3684.433,2612895700,27995236370
2020-02-12,,3662.679,3838.706,3660.17,3837.145,2819693200,28651078081
2020-02-13,,3871.272,3937.788,3836.49,3878.761,3546412500,42718468741
2020-02-14,,3881.428,4012.177,3870.81,3933.737,3627654900,39285596089
2020-02-17,,3939.299,4039.716,3937.471,4039.716,3125852800,34320722594
2020-02-18,,4048.58,4074.932,4012.05,4050.489,3291376300,38289745873
2020-02-19,,4034.345,4042.901,3954.171,3958.177,4238646600,44245237430
2020-02-20,,3967.935,3981.581,3915.393,3977.698,3130140200,36862927940
2020-02-21,,3983.806,4057.989,3979.054,4040.863,3428322000,38879489801
2020-02-24,,4052.891,4053.771,3934.637,4017.457,3843387700,47395606978
2020-02-25,,3913.349,4022.811,3904.63,4018.837,4203223700,50178218464
2020-02-26,,3958.221,3985.925,3886.312,3904.896,3564203200,40228539525
2020-02-27,,3921.304,3936.23,3869.143,3882.548,2337955600,25564894834
2020-02-28,,3738.358,3781.131,3619.144,3629.704,3229752200,33476144089
2020-03-02,,3636.561,3759.006,3631.861,3739.974,2461494400,25740508730
2020-03-03,,3792.966,3843.17,3749.178,3777.065,2519116200,27248533774
2020-03-04,,3801.067,3831.709,3761.718,3824.717,2300373400,24304203369
2020-03-05,,3840.063,3867.69,3807.636,3867.444,2656970300,24995120350
2020-03-06,,3843.807,3904.653,3837.792,3857.539,2392204600,25830049015
2020-03-09,,3828.874,3828.874,3661.296,3665.248,2881901400,30295719228
2020-03-10,,3603.198,3711.867,3554.431,3709.952,2536908900,24939257254
2020-03-11,,3717.417,3722.963,3666.283,3668.322,1976838100,20417510100
2020-03-12,,3587.057,3599.72,3533.435,3564.879,1830238500,17824349096
2020-03-13,,3353.478,3520.561,3345.251,3493.08,2363569100,21845343494
2020-03-16,,3506.329,3509.385,3334.068,3351.099,2087435200,21296060813
2020-03-17,,3355.535,3398.78,3211.12,3303.006,2079277400,20112677289
2020-03-18,,3336.102,3367.857,3231.834,3232.005,1908443600,18557151457
2020-03-19,,3204.688,3238.112,3127.968,3210.132,2011025900,18360195721
2020-03-20,,3248.12,3267.159,3173.054,3260.616,1712656500,16459977062
2020-03-23,,3160.941,3200.353,3117.625,3126.744,1851131900,16732364779
2020-03-24,,3247.628,3269.766,3190.8,3267.648,2539977400,23627611318
2020-03-25,,3366.296,3373.299,3318.285,3347.805,2194206600,22041200788
2020-03-26,,3317.345,3352.04,3292.876,3314.779,1695866000,17171749082
2020-03-27,,3342.362,3347.198,3294.514,3298.346,1566787100,16315877143
2020-03-30,,3242.525,3242.525,3184.566,3206.854,1531838600,15796725536
2020-03-31,,3228.969,3268.975,3204.058,3246.327,1445941800,14789730248
2020-04-01,,3225.122,3316.669,3213.123,3296.991,1887219500,21109892393
2020-04-02,,3259.813,3323.76,3249.008,3323.76,1523837800,16092885809
2020-04-03,,3324.473,3344.451,3279.831,3288.383,1523378500,16416830531
2020-04-07,,3363.817,3417.799,3354.961,3417.529,2191396500,21909930320
2020-04-08,,3386.281,3451.092,3381.423,3421.883,1818749000,18825778977
2020-04-09,,3439.611,3441.138,3399.255,3413.733,1315291400,14339690836
2020-04-10,,3457.245,3457.245,3356.465,3359.486,1662160300,17593800984
2020-04-13,,3342.205,3356.021,3328.813,3350.299,1100512900,11331147657
2020-04-14,,3389.161,3469.771,3380.373,3469.771,2165616900,21872856189
2020-04-15,,3463.434,3479.623,3431.316,3433.716,1776375700,19297438585
2020-04-16,,3412.468,3440.83,3390.246,3438.955,1468810300,15783118628
2020-04-17,,3436.641,3448.477,3401.72,3412.785,1668524600,18709754086
2020-04-20,,3394.982,3408.801,3378.112,3408.546,1196677600,12287833280
2020-04-21,,3387.915,3390.607,3324.368,3351.582,1256630300,12398536826
2020-04-22,,3323.65,3368.08,3321.734,3364.431,1079325100,10619836076
2020-04-23,,3392.487,3397.09,3360.692,3372.447,1449053700,14382588322
2020-04-24,,3364.619,3390.943,3338.569,3354.381,1437926600,14326096453
2020-04-27,,3325.152,3335.309,3294.999,3298.073,1527504400,12218487294
2020-04-28,,3291.896,3292.151,3176.416,3244.761,1711238100,14672203990
2020-04-29,,3239.171,3272.265,3239.067,3247.738,1045951400,10359855922
2020-04-30,,3263.804,3341.196,3263.804,3332.391,1475549000,15768702102
2020-05-06,,3309.804,3417.129,3307.998,3416.409,1823326300,19437631098
2020-05-07,,3395.757,3428.54,3392.857,3397.033,1486710500,17359270965
2020-05-08,,3430.424,3461.993,3403.756,3443.466,1611139600,18446025501
2020-05-11,,3433.983,3435.771,3380.519,3396.832,1446217300,16548205401
2020-05-12,,3380.37,3388.952,3337.055,3366.066,1153031600,12028426029
2020-05-13,,3354.811,3398.588,3353.269,3388.128,1061417400,12604479899
2020-05-14,,3385.605,3398.862,3366.752,3373.411,1396654800,15696993397
2020-05-15,,3393.28,3430.941,3382.076,3414.268,1509711900,18307143155
2020-05-18,,3453.308,3547.908,3427.68,3516.012,2622297000,27391117199
2020-05-19,,3499.942,3509.181,3467.732,3475.386,1870397600,20257097078
2020-05-20,,3499.283,3534.734,3472.551,3482.29,1798682100,21031315576
2020-05-21,,3480.254,3487.276,3413.686,3420.731,1831135400,19563457359
2020-05-22,,3397.561,3397.561,3324.767,3368.058,1845253900,18824172482
2020-05-25,,3350.049,3360.281,3314.884,3328.671,1255646100,12499459004
2020-05-26,,3345.488,3387.942,3345.488,3387.847,1233952000,13055061660
2020-05-27,,3369.397,3380.873,3352.108,3361.525,1529801100,16734369525
2020-05-28,,3366.205,3422.886,3356.228,3421.932,2020214400,21304328886
2020-05-29,,3410.742,3447.313,3401.829,3438.186,1827953200,20063128178
2020-06-01,,3447.882,3528.694,3439.919,3521.909,2132926500,22620616735
2020-06-02,,3529.227,3529.227,3500.345,3508.962,1838474000,20331586538
2020-06-03,,3501.825,3505.778,3478.624,3480.765,1828337900,18972713492
2020-06-04,,3474.071,3505.831,3472.296,3495.208,1855931700,20228711062
2020-06-05,,3493.48,3493.48,3453.449,3476.073,1418778900,14628523012
2020-06-08,,3483.429,3539.544,3483.429,3522.356,2102735100,18291036262
2020-06-09,,3534.003,3545.969,3501.327,3515.43,1482911300,14963908506
2020-06-10,,3530.917,3534.049,3490.275,3498.172,1331043700,13015231963
2020-06-11,,3531.259,3545.536,3502.58,3522.987,1923479700,20628235186
2020-06-12,,3444.825,3494.386,3434.553,3477.039,1711247600,16848504943
2020-06-15,,3462.184,3493.667,3437.295,3440.644,1601801600,17290185711
2020-06-16,,3464.631,3546.362,3461.039,3538.276,2102792700,20406772636
2020-06-17,,3540.921,3568.67,3517.611,3550.784,1923434700,20578882859
2020-06-18,,3543.674,3588.989,3526.177,3569.214,1955292700,19081036272
2020-06-19,,3568.573,3592.01,3554.187,3585.315,1734388100,17620149705
2020-06-22,,3602.582,3658.727,3602.582,3620.923,2046746300,21040792414
2020-06-23,,3630.684,3633.106,3601.523,3613.997,1691181300,18519099117
2020-06-24,,3632.159,3638.316,3598.487,3606.359,1621089900,17563053741
2020-06-29,,3603.68,3621.708,3570.307,3582.382,1634414200,16406704548
2020-06-30,,3585.864,3614.898,3573.259,3606.939,1634876200,16280914901
2020-07-01,,3635.33,3685.611,3632.478,3670.021,2509680000,24410635591
2020-07-02,,3645.26,3718.848,3640.05,3713.573,2961079500,26074200860
2020-07-03,,3724.308,3810.496,3724.308,3780.034,3504958500,29404131875
2020-07-06,,3807.945,4021.926,3807.945,4018.787,5039985700,44332058364
2020-07-07,,4106.274,4152.305,4046.399,4063.588,5331308900,50496753585
2020-07-08,,4066.691,4251.579,4042.143,4243.772,5078142200,48447725885
2020-07-09,,4280.914,4429.26,4280.311,4417.944,5760112400,57073489035
2020-07-10,,4359.833,4364.715,4258.462,4271.079,4804640800,49250662790
2020-07-13,,4325.044,4503.101,4311.58,4497.331,5025484700,50786077523
2020-07-14,,4423.88,4479.147,4313.481,4383.488,4608094200,47562325510
2020-07-15,,4430.724,4444.651,4202.517,4239.879,3929888000,40102383940
2020-07-16,,4256.203,4304.908,4053.341,4060.142,3772009800,36749677544
2020-07-17,,4045.998,4107.561,3989.515,4043.97,2828628900,26562584659
2020-07-20,,4089.434,4265.934,4078.396,4265.349,3765502000,33232523589
2020-07-21,,4304.79,4331.557,4214.957,4261.779,3221854700,31816881345
2020-07-22,,4388.345,4408.615,4303.263,4324.746,3866243500,37203383044
2020-07-23,,4322.554,4381.435,4240.219,4334.716,3963690600,41822019453
2020-07-24,,4314.33,4350.327,4146.895,4176.685,4290246400,44509489556
2020-07-27,,4225.66,4360.083,4194.961,4329.854,4130883900,42425743475
2020-07-28,,4462.831,4514.553,4291.563,4322.467,5329371000,54022754595
2020-07-29,,4319.258,4373.143,4248.62,4370.886,3533521500,35648609069
2020-07-30,,4383.687,4392.439,4296.788,4302.211,3311632800,34392999778
2020-07-31,,4277.19,4360.039,4258.09,4354.552,3625148600,37955425713
2020-08-03,,4344.856,4436.544,4311.57,4429.005,3779477800,37923629953
2020-08-04,,4460.029,4490.096,4412.642,4434.353,4013600500,41321065777
2020-08-05,,4491.388,4579.137,4412.889,4569.308,4734576900,52087636739
2020-08-06,,4568.753,4724.211,4564.777,4680.624,5917965900,57877343373
2020-08-07,,4691.922,4760.908,4541.972,4611.464,5043798300,54200463850
2020-08-10,,4516.493,4522.88,4428.63,4484.117,3508577000,38539661135
2020-08-11,,4459.856,4506.092,4334.264,4345.445,3413377900,38098710885
2020-08-12,,4226.313,4260.198,4123.52,4254.702,3481456100,37437992089
2020-08-13,,4254.838,4262.536,4202.729,4219.894,1974411900,23880245238
2020-08-14,,4231.281,4277.29,4186.791,4246.646,2107540900,22374891645
2020-08-17,,4239.335,4388.931,4216.64,4387.908,2892487400,29179966256
2020-08-18,,4435.761,4481.718,4410.852,4447.695,2815159500,29773491367
2020-08-19,,4459.45,4474.241,4398.291,4406.033,3070500900,31745849371
2020-08-20,,4333.073,4365.574,4306.17,4313.836,2443847600,26592311900
2020-08-21,,4328.822,4355.492,4275.944,4307.993,2243187100,22632552949
2020-08-24,,4312.897,4369.455,4269.093,4355.731,2063647900,20772914667
2020-08-25,,4360.564,4361.382,4241.552,4268.046,2249289900,22984034472
2020-08-26,,4247.666,4267.594,4145.22,4166.234,2259597200,21739895470
2020-08-27,,4202.442,4212.318,4161.645,4205.162,1531444100,15210333895
2020-08-28,,4184.028,4272.371,4154.64,4272.371,1770721100,17437163164
2020-08-31,,4308.224,4399.537,4308.224,4314.843,2782058500,25903363509
2020-09-01,,4321.576,4408.465,4317.674,4402.352,2201769200,23291214635
2020-09-02,,4366.706,4366.706,4280.442,4307.199,2115144700,21355507863
2020-09-03,,4279.793,4308.716,4227.536,4237.008,1599558200,16438095630
2020-09-04,,4169.916,4230.439,4162.396,4223.362,1468737000,14286292972
2020-09-07,,4235.676,4305.496,4168.6,4191.608,2276610900,22485388552
2020-09-08,,4181.586,4217.716,4113.264,4200.168,2001096600,19944467910
2020-09-09,,4129.085,4154.384,4071.023,4092.655,1933616800,17830881271
2020-09-10,,4147.617,4168.763,4056.471,4075.159,1997118800,18594822864
2020-09-11,,4054.939,4084.604,4019.664,4081.958,1441874000,13485672549
2020-09-14,,4108.889,4186.949,4108.889,4161.14,1717922000,17869341611
2020-09-15,,4176.134,4206.667,4156.605,4203.817,1603391900,18037285801
2020-09-16,,4165.42,4191.516,4141.26,4173.342,1318437700,15131415525
2020-09-17,,4146.535,4153.709,4085.156,4117.712,1549218800,16861533147
2020-09-18,,4129.248,4228.775,4126.681,4228.538,1886757800,18638601374
2020-09-21,,4234.045,4267.902,4192.704,4205.798,1644668200,16659724160
2020-09-22,,4122.312,4146.495,4068.016,4081.57,1623517800,15765017654
2020-09-23,,4101.267,4114.032,4048.064,4059.603,1484195900,16235537716
2020-09-24,,4001.645,4001.645,3901.969,3901.979,1895572300,17839826971
2020-09-25,,3930.988,3942.719,3890.347,3911.559,1202711100,11490706358
2020-09-28,,3917.395,3933.311,3889.626,3895.793,1035619900,10790569250
2020-09-29,,3935.837,3970.192,3924.732,3928.112,1143843100,12373700973
2020-09-30,,3938.927,3940.358,3864.816,3891.294,1115649400,10605070673
2020-10-09,,3961.774,4023.549,3949.652,3998.513,1504336400,15903185816
2020-10-12,,4027.722,4115.828,4027.722,4114.19,1869599000,19542204811
2020-10-13,,4093.498,4116.087,4055.22,4111.1,1398538700,16123332106
2020-10-14,,4072.656,4079.429,4045.023,4055.27,1253272600,14550857198
2020-10-15,,4057.307,4097.03,4057.307,4058.837,1144982900,14021792886
2020-10-16,,4078.194,4089.38,4026.078,4036.43,1237468800,13091949189
2020-10-19,,4044.285,4085.26,4029.764,4060.015,1311594400,13466548606
2020-10-20,,4048.547,4079.543,4005.233,4077.801,1207134300,13686412363
2020-10-21,,4097.62,4111.345,4063.544,4083.102,1315281300,14267948510
2020-10-22,,4068.235,4072.953,4022.323,4062.366,1064483000,11866288574
2020-10-23,,4043.254,4084.658,4013.668,4025.371,998742700,11869167698
2020-10-26,,4006.285,4025.022,3961.417,4014.382,995666400,10764993032
2020-10-27,,4003.536,4053.213,4003.36,4051.96,1091856800,13813174748
2020-10-28,,4052.445,4113.624,4029.375,4098.315,1395197700,16780582598
2020-10-29,,4015.25,4091.812,4006.67,4074.086,1457403400,17943681412
2020-10-30,,4073.444,4078.4,3968.242,3976.699,1589721100,17626379741
2020-11-02,,3979.685,4045.312,3965.975,4039.904,1527643400,15834205987
2020-11-03,,4065.965,4243.806,4065.965,4223.878,2644283500,26361601735
2020-11-04,,4217.585,4246.462,4192.418,4228.5,1864497600,20543715685
2020-11-05,,4260.857,4303.782,4227.013,4292.215,1883653900,22376651794
2020-11-06,,4344.221,4406.646,4331.329,4367.212,2435196900,30924488130
2020-11-09,,4408.856,4551.368,4395.768,4512.095,3455064300,36024402285
2020-11-10,,4443.646,4462.55,4395.262,4415.702,3403074300,34511079573
2020-11-11,,4394.115,4442.572,4369.115,4375.353,2965850600,30915993101
2020-11-12,,4365.865,4419.011,4326.959,4393.542,2170271600,23518465380
2020-11-13,,4417.399,4477.717,4392.225,4438.647,2802294100,31319928234
2020-11-16,,4450.079,4681.867,4443.617,4636.851,4681869600,45531569585
2020-11-17,,4625.788,4676.406,4541.458,4576.193,3976845900,39454806321
2020-11-18,,4575.627,4691.091,4551.497,4602.291,4020169100,37634573685
2020-11-19,,4584.094,4584.094,4483.478,4549.375,3122364400,29347792566
2020-11-20,,4535.028,4736.263,4529.685,4720.059,4299576500,37307385216
2020-11-23,,4769.795,4940.866,4749.672,4865.283,6405413400,56731501850
2020-11-24,,4808.851,4940.028,4773.793,4927.658,5367027900,52184302819
2020-11-25,,4920.369,4958.757,4770.143,4772.934,4930280000,49292468338
2020-11-26,,4789.229,4805.796,4717.416,4794.884,3535887200,35892254000
2020-11-27,,4801.169,4811.405,4664.9,4779.116,3276258700,32658554671
2020-11-30,,4772.457,4930.422,4744.04,4843.158,4688021400,44226010160
2020-12-01,,4794.38,4863.91,4747.632,4863.91,3151605500,31054453026
2020-12-02,,4897.301,4945.528,4809.751,4844.934,3440424600,35156998328
2020-12-03,,4805.902,4805.902,4683.762,4696.488,3231734600,30738052917
2020-12-04,,4685.511,4808.348,4684.707,4805.718,2751579300,28229481141
2020-12-07,,4800.134,4836.777,4745.767,4762.085,2668961200,28853481549
2020-12-08,,4791.456,4822.555,4735.191,4778.424,2450725100,27525659143
2020-12-09,,4787.686,4852.169,4711.974,4716.503,2743930800,33803060921
2020-12-10,,4668.76,4672.487,4593.652,4654.689,2399074500,26341727746
2020-12-11,,4735.116,4756.393,4520.126,4581.352,3119398500,30992348065
2020-12-14,,4553.475,4641.253,4501.436,4639.439,2193932900,21933490207
2020-12-15,,4611.208,4635.547,4555.821,4629.24,2082332700,20700739871
2020-12-16,,4648.83,4672.729,4588.797,4624.174,1981880800,19762032474
2020-12-17,,4618.004,4814.27,4606.549,4804.309,4112012800,36535515188
2020-12-18,,4828.459,4940.441,4812.141,4903.876,4330661800,42428648243
2020-12-21,,4933.261,5055.268,4919.665,5055.268,4280073000,45041528276
2020-12-22,,4995.171,5000.847,4801.398,4813.249,4397797800,44476894829
2020-12-23,,4799.024,4961.924,4795.842,4899.047,3727059800,37619803313
2020-12-24,,4926.093,4998.064,4886.014,4914.679,2901991300,30017089302
2020-12-25,,4898.423,5162.903,4876.597,5161.895,4138166500,42253179671
2020-12-28,,5175.637,5247.051,5125.815,5190.064,4527257300,44785672892
2020-12-29,,5190.997,5190.997,4928.123,4928.57,4196079500,41512493568
2020-12-30,,4955.006,5111.126,4955.006,5067.003,3897820000,39509844516
2020-12-31,,5062.02,5190.299,5060.008,5154.768,3808683500,39604687242
2021-01-04,,5224.397,5484.24,5223.704,5449.337,5017324600,52960155933
2021-01-05,,5465.663,5558.349,5369.201,5508.717,5052574900,53576056920
2021-01-06,,5563.83,5611.103,5440.1,5535.706,4480153400,47718066290
2021-01-07,,5510.139,5772.789,5494.608,5752.109,6015194400,63853462241
2021-01-08,,5797.23,5799.306,5511.762,5731.405,5193887500,58014866950
2021-01-11,,5671.796,5739.298,5445.123,5486.281,5882529600,68671738096
2021-01-12,,5384.472,5616.018,5351.728,5612.454,4134804000,49977897439
2021-01-13,,5618.039,5769.974,5403.472,5435.931,5038142700,62111722173
2021-01-14,,5386.985,5430.353,5282.85,5326.905,3746224600,43750967404
2021-01-15,,5345.13,5422.604,5228.162,5383.048,3406713200,41774290320
2021-01-18,,5353.43,5486.661,5279.439,5464.887,3242146400,39988056456
2021-01-19,,5452.088,5479.137,5229.518,5272.742,3644078200,45350206615
2021-01-20,,5289.809,5445.371,5289.809,5431.624,3459463800,41809893879
2021-01-21,,5440.88,5674.088,5411.621,5625.339,4703198600,54626961217
2021-01-22,,5610.156,5732.717,5543.545,5678.046,4634706600,62041819088
2021-01-25,,5698.347,5920.563,5665.039,5758.753,5093550600,68116919657
2021-01-26,,5715.939,5774.196,5532.721,5654.464,4417306200,57509464684
2021-01-27,,5634.378,5669.708,5442.66,5619.663,3621555700,49178969812
2021-01-28,,5469.638,5589.563,5398.45,5412.217,3435230000,43950520606
2021-01-29,,5507.445,5529.934,5220.174,5346.106,3512188900,47097761842
2021-02-01,,5369.697,5438.231,5306.363,5407.098,3363464800,41697111376
2021-02-02,,5445.287,5577.857,5381.916,5566.021,3408464200,45341296512
2021-02-03,,5512.876,5720.379,5491.394,5596.466,4062568600,52094478928
2021-02-04,,5559.858,5567.463,5287.579,5366.792,3915626700,48583749632
2021-02-05,,5347.85,5393.853,5096.439,5098.669,3455359100,44864974795
2021-02-08,,5156.381,5333.397,5089.777,5307.652,3032622700,37702873632
2021-02-09,,5373.004,5593.114,5370.861,5572.533,3229538100,40881701733
2021-02-10,,5589.121,5752.703,5522.307,5722.116,3568618500,46602967295
2021-02-18,,6103.109,6122.548,5977.119,6097.219,5065145600,63040029036
2021-02-19,,6078.964,6217.524,5934.612,6182.626,6653968700,79965157320
2021-02-22,,6381.849,6700.85,6381.849,6478.979,8126626500,105108712998
2021-02-23,,6362.695,6542.179,6318.742,6389.01,7965070100,95956718895
2021-02-24,,6372.863,6474.212,6047.156,6105.41,6667913600,83657778727
2021-02-25,,6298.048,6317.037,6002.738,6035.959,5756728900,68903083895
2021-02-26,,5735.812,5919.163,5728.616,5766.097,5255125700,61669848307
2021-03-01,,5801.465,5983.921,5762.181,5980.287,5118397200,63393317855
2021-03-02,,5959.693,5959.693,5731.275,5778.992,5846739300,71696694697
2021-03-03,,5799.122,6001.658,5790.481,5994.762,5109744200,64147242743
2021-03-04,,5848.552,5864.176,5717.713,5758.846,6069244600,75916538514
2021-03-05,,5516.848,5630.341,5457.72,5563.392,4560907900,57994003087
2021-03-08,,5664.305,5707.302,5408.043,5408.049,4063010400,53186961195
2021-03-09,,5376.858,5483.722,5152.578,5319.913,5108988300,57855276546
2021-03-10,,5382.186,5407.958,5276.207,5315.772,3741042900,44334438121
2021-03-11,,5356.048,5643.958,5318.997,5643.309,5407435600,58256279217
2021-03-12,,5649.101,5661.797,5513.352,5576.252,4810809400,54866075876
2021-03-15,,5557.265,5708.561,5508.193,5588.201,4222214000,47861994175
2021-03-16,,5593.435,5601.039,5386.01,5470.247,3900015900,45411526207
2021-03-17,,5398.754,5518.268,5319.127,5500.399,3323910000,38565790022
2021-03-18,,5553.388,5591.576,5497.143,5500.785,3391475700,41334668510
2021-03-19,,5368.744,5443.054,5335.12,5382.907,3227251000,38284957467
2021-03-22,,5372.074,5453.464,5311.016,5401.382,2948479200,34026588790
2021-03-23,,5416.117,5416.571,5149.15,5191.532,3608367600,39155800354
2021-03-24,,5116.829,5159.022,4966.88,4975.224,3519897700,36825139345
2021-03-25,,4965.363,5057.273,4956.555,5004.29,2551615500,29108899737
2021-03-26,,5014.661,5198.502,5010.526,5175.449,2943586500,35987395377
2021-03-29,,5196.786,5202.358,5109.53,5159.29,2509786200,29009482942
2021-03-30,,5124.666,5255.007,5075.085,5231.173,2703445000,33407330222
2021-03-31,,5178.322,5187.502,5059.597,5106.345,2421708800,29681675620
2021-04-01,,5129.846,5164.952,5087.673,5151.618,1909348500,23183005714
2021-04-02,,5172.044,5215.593,5110.27,5195.75,2331397900,27498236105
2021-04-06,,5253.148,5294.974,5221.665,5224.254,2008313800,24084969946
2021-04-07,,5233.839,5291.261,5155.339,5287.687,2716163300,30158624805
2021-04-08,,5259.378,5411.213,5246.164,5354.261,3993361000,40019206029
2021-04-09,,5372.935,5414.149,5305.018,5341.091,3122089000,33454736530
2021-04-12,,5309.535,5322.906,5097.282,5118.891,3057546600,34879198931
2021-04-13,,5088.78,5123.866,5030.422,5082.211,2085839500,23447521635
2021-04-14,,5099.108,5206.686,5099.108,5204.252,2012553200,24751893832
2021-04-15,,5213.041,5291.765,5161.445,5285.958,2666913000,28769283486
2021-04-16,,5338.425,5352.94,5229.458,5255.728,2804860500,32437888895
2021-04-19,,5230.489,5455.713,5193.1,5453.534,3509254600,42324974727
2021-04-20,,5389.874,5479.119,5363.326,5402.329,3029480100,38574151310
2021-04-21,,5345.09,5389.757,5289.597,5364.063,2365128400,29407585459
2021-04-22,,5401.946,5451.328,5366.205,5386.474,2651479800,31295901973
2021-04-23,,5366.259,5454.355,5343.483,5444.951,2857156300,35781486691
2021-04-26,,5489.627,5608.114,5477.653,5486.882,4231477300,49254286282
2021-04-27,,5512.913,5563.261,5400.888,5498.861,3521724900,40386866974
2021-04-28,,5458.018,5534.272,5380.434,5500.933,3031562500,37424882891
2021-04-29,,5544.422,5596.074,5453.712,5553.211,3213976500,40190346009
2021-04-30,,5510.756,5594.538,5473.406,5538.839,3233480200,43110039838
2021-05-06,,5635.657,5721.394,5562.734,5678.443,4228415400,48797707132
2021-05-07,,5761.134,5959.078,5760.328,5829.116,5975274000,68433874829
2021-05-10,,5938.122,6117.561,5924.081,6117.561,6575309100,74946421436
2021-05-11,,5943.896,5943.896,5726.764,5864.327,5559856700,60389104987
2021-05-12,,5820.004,5916.313,5800.754,5893.074,3295285000,37194663963
2021-05-13,,5712.602,5736.533,5577.685,5596.493,4020158100,44096624448
2021-05-14,,5609.544,5635.381,5503.93,5623.088,3255788200,36679914149
2021-05-17,,5633.757,5825.896,5627.974,5788.096,3550206600,43864824146
2021-05-18,,5872.436,5937.824,5824.885,5862.102,3253269800,39488706445
2021-05-19,,5805.749,5913.123,5764.635,5893.696,3028902500,41158441067
2021-05-20,,5730.06,5779.366,5656.838,5715.609,3794280900,45495957015
2021-05-21,,5710.521,5815.498,5675.823,5747.147,2787381200,34530413641
2021-05-24,,5713.727,5763.642,5667.416,5706.119,2566005700,33767655695
2021-05-25,,5699.457,5762.18,5625.228,5753.751,2565256200,33083851954
2021-05-26,,5751.293,5829.407,5721.357,5805.427,3150707500,40188323455
2021-05-27,,5787.009,5816.067,5764.508,5806.175,2465212200,30789614183
2021-05-28,,5888.25,5973.619,5880.99,5894.877,3576467200,48115252283
2021-05-31,,5952.077,6076.48,5952.077,6055.039,3322316300,49975496561
2021-06-01,,6024.288,6062.917,5925.559,6062.706,3038415000,41173388640
2021-06-02,,6030.602,6106.584,5950.543,5975.346,2708099100,39048731239
2021-06-03,,5956.03,6080.944,5918.125,5976.422,2751573300,40496689154
2021-06-04,,5843.156,6022.183,5813.14,5957.499,3029664500,42927017753
2021-06-07,,5953.341,5992.786,5885.318,5930.215,2705871900,38072044985
2021-06-08,,5932.285,5984.305,5768.945,5792.734,2442303800,36203068072
2021-06-09,,5803.939,5851.169,5765.792,5810.863,2009655200,27517577296
2021-06-10,,5804.039,5877.314,5792.193,5837.907,2010074900,29498739000
2021-06-11,,5845.709,5886.31,5734.813,5838.432,2911216300,37771655716
2021-06-15,,5822.313,5833.206,5624.02,5648.509,2971508200,37084657586
2021-06-16,,5607.517,5611.343,5398.612,5408.312,2511314200,34349493798
2021-06-17,,5366.589,5470.22,5365.43,5431.296,1831919400,25216712747
2021-06-18,,5367.133,5545.716,5309.463,5526.396,2582446500,34607951167
2021-06-21,,5491.099,5560.179,5463.82,5497.267,1962284600,27229906748
2021-06-22,,5528.399,5551.786,5450.662,5519.839,2080978400,30490591767
2021-06-23,,5533.115,5638.867,5503.385,5612.539,2345881600,33873266048
2021-06-24,,5638.478,5641.477,5541.473,5575.085,2061370800,30341774818
2021-06-25,,5589.199,5747.937,5580.615,5722.212,2640902900,37002888594
2021-06-28,,5728.918,5753.78,5647.911,5674.15,2019261400,31402611564
2021-06-29,,5684.12,5706.81,5582.547,5591.455,2021848500,29980058773
2021-06-30,,5599.815,5702.321,5581.871,5689.226,1696270600,28122181005
2021-07-01,,5706.787,5709.443,5579.961,5582.752,1707238600,26574386226
2021-07-02,,5565.687,5735.589,5550.444,5655.677,2569970200,40031040008
2021-07-05,,5698.624,5924.281,5698.624,5922.266,3882304600,59125845980
2021-07-06,,5963.856,6040.161,5847.848,5980.076,3466304700,56928471908
2021-07-07,,5903.738,6187.471,5838.367,6170.963,4102110200,62871462356
2021-07-08,,6196.758,6319.259,6192.118,6192.352,4393467600,73930806061
2021-07-09,,6186.159,6581.113,6186.159,6540.419,5756448100,83441109368
2021-07-12,,6680.478,6847.509,6632.472,6763.059,6003858200,94810276029
2021-07-13,,6743.262,6784.276,6631.532,6750.972,4654661800,71396112254
2021-07-14,,6696.364,6696.364,6505.617,6524.869,4433880100,66448276459
2021-07-15,,6509.413,6743.75,6415.644,6725.138,4204855500,70272116146
2021-07-16,,6671.919,6926.349,6659.744,6722.814,5019337600,79256172742
2021-07-19,,6730.412,6910.673,6645.472,6687.483,4530376200,77795085195
2021-07-20,,6566.824,6737.484,6548.393,6709.592,3546444700,56911125323
2021-07-21,,6768.752,7031.069,6729.157,7006.965,4178941400,71248772915
2021-07-22,,7066.856,7196.208,6989.61,7164.848,4811248800,76922039028
2021-07-23,,7163.764,7417.058,7125.271,7187.075,6444311400,90561210723
2021-07-26,,7240.389,7319.218,6981.926,7236.056,6191530100,85402408783
2021-07-27,,7296.009,7494.925,6878.596,6919.971,7909822300,107206555018
2021-07-28,,6779.807,6949.562,6574.305,6726.325,5544191300,73780544952
2021-07-29,,6924.687,7111.546,6845.028,7092.599,4553827100,70574407336
2021-07-30,,7147.141,7254.546,7017.861,7233.048,4676889400,75643236587
2021-08-02,,7314.002,7409.259,7026.24,7250.73,5106101000,89122093320
2021-08-03,,7140.599,7167.848,6779.91,6826.994,4858343800,77843999721
2021-08-04,,6813.985,7165.205,6779.177,7153.096,3922498900,71764613597
2021-08-05,,7052.379,7152.27,6929.942,7034.056,3696878000,67918827529
2021-08-06,,7131.24,7310.7,7098.685,7267.177,5113902700,81947198813
2021-08-09,,7140.438,7159.825,6959.258,7138.66,4451517400,72459245102
2021-08-10,,7084.782,7205.219,6935.382,7079.677,3955015900,69752156668
2021-08-11,,7103.354,7270.147,7056.497,7213.892,4021861500,67664547159
2021-08-12,,7189.171,7393.538,7157.227,7358.018,5579341200,79414031158
2021-08-13,,7293.955,7502.464,7245.49,7410.18,5250694000,79036289831
2021-08-16,,7359.991,7406.142,7092.477,7105.576,5522984200,83045802954
2021-08-17,,7102.912,7254.5,6986.71,7053.399,4989104600,75253009553
2021-08-18,,7030.797,7222.08,6946.492,7098.746,4096202300,63440272964
2021-08-19,,6999.266,7210.804,6889.752,7130.426,4371484000,69346146317
2021-08-20,,7059.182,7187.835,6982.363,7130.759,4061066300,71264335567
2021-08-23,,7170.175,7368.125,7114.776,7322.526,4150958400,75340326731
2021-08-24,,7337.327,7632.16,7337.327,7512.926,5404521400,93991494542
2021-08-25,,7502.98,7650.703,7372.555,7649.722,5661290900,85386941480
2021-08-26,,7643.366,7843.253,7628.311,7726.988,6647685800,94570665788
2021-08-27,,7703.075,7999.098,7641.109,7946.525,6642559600,104443574879
2021-08-30,,8015.908,8308.134,7994.699,8212.563,7319931600,120338660146
2021-08-31,,8138.043,8403.511,8061.69,8403.25,6283417800,104376856170
2021-09-01,,8421.576,8540.599,7795.563,7839.223,7666659800,129293854935
2021-09-02,,7735.277,8060.966,7735.043,7988.803,5317254000,86606829035
2021-09-03,,7911.116,8039.79,7611.02,7681.553,5890454900,98425842122
2021-09-06,,7733.494,7787.375,7483.948,7761.026,4955259500,79796163194
2021-09-07,,7772.551,8001.538,7690.128,7953.159,4877133700,80098363234
2021-09-08,,7905.502,8056.995,7864.387,7932.744,5096985200,78606748503
2021-09-09,,7941.183,8160.002,7936.45,8160.002,6481526200,96168872848
2021-09-10,,8174.983,8484.692,8158.565,8377.254,8447614800,123882395633
2021-09-13,,8481.825,8603.882,8340.67,8572.837,8085071700,125986945675
2021-09-14,,8432.403,8535.726,8230.426,8319.698,7998736000,118331164267
2021-09-15,,8274.603,8416.765,8175.83,8372.572,5498224500,91910260126
2021-09-16,,8421.127,8421.127,7995.924,7996.859,5993149000,99568320816
2021-09-17,,7914.119,8025.221,7522.871,7742.038,5593757900,88532784089
2021-09-22,,7629.687,7795.5,7628.808,7760.9,3758639000,58910141727
2021-09-23,,7851.296,7880.301,7705.104,7752.943,3882622400,65006159232
2021-09-24,,7785.863,7866.23,7480.132,7505.56,4772632900,76135931728
2021-09-27,,7436.812,7452.617,6977.173,7058.272,4778181900,68669021817
2021-09-28,,7022.939,7100.642,6962.515,7023.267,3165931700,48555038588
2021-09-29,,6958.516,6993.343,6702.422,6758.34,3390683700,51714702504
2021-09-30,,6824.336,6936.716,6785.139,6917.937,2564741200,41380490607
2021-10-08,,7069.413,7071.18,6809.338,6849.687,2544746100,39801091440
2021-10-11,,6902.74,6994.338,6773.571,6959.006,2997844900,43142544923
2021-10-12,,6942.994,6971.428,6631.898,6740.807,3149643000,43689973278
2021-10-13,,6754.406,6874.905,6718.248,6857.566,2252630100,35036109032
2021-10-14,,6882.126,7073.011,6880.258,7023.537,3638227500,48031073193
2021-10-15,,6997.286,7121.195,6952.221,7081.327,3834723200,52034855772
2021-10-18,,7138.781,7284.296,7059.28,7280.1,4140731600,56082533115
2021-10-19,,7234.135,7302.464,7166.756,7299.657,3262196700,47289323716
2021-10-20,,7150.99,7344.943,7100.482,7248.897,3466173100,52433154808
2021-10-21,,7342.293,7430.537,7269.727,7335.476,3430565200,57756630375
2021-10-22,,7273.812,7303.424,7055.973,7071.704,3675985900,56446410213
2021-10-25,,7053.321,7216.558,6993.215,7211.925,2702213000,48009647730
2021-10-26,,7259.188,7347.238,7224.089,7265.584,2873024400,52862613083
2021-10-27,,7225.874,7281.942,7108.332,7165.813,3371970200,50123492247
2021-10-28,,7122.74,7139.979,6848.901,6881.489,3819824200,58724926203
2021-10-29,,6922.679,6962.113,6847.698,6937.897,2586636900,44408624517
2021-11-01,,6922.796,6958.977,6776.453,6825.924,2768565600,49536637716
2021-11-02,,6869.137,6919.868,6656.465,6758.326,3418905000,52919713838
2021-11-03,,6734.36,6736.078,6590.585,6735.148,2556173000,44199725520
2021-11-04,,6724.887,6756.84,6680.113,6750.374,2565354700,41773782985
2021-11-05,,6711.41,6844.164,6683.474,6685.643,3138987800,51252377444
2021-11-08,,6740.987,6983.548,6740.987,6965.008,2980089600,56533571876
2021-11-09,,6990.538,6993.415,6932.601,6977.067,2171225000,39929748832
2021-11-10,,6930.267,6951.607,6736.484,6866.595,2852516200,48093652576
2021-11-11,,6854.07,6908.912,6808.711,6903.327,2615336500,40180869818
2021-11-12,,6920.051,6997.916,6898.485,6907.165,2845428200,42211258627
2021-11-15,,6883.193,6884.053,6703.967,6732.646,2228922000,38306030201
2021-11-16,,6713.59,6758.989,6614.213,6629.09,2351308500,33167154072
2021-11-17,,6630.167,6798.982,6630.167,6796.68,2264789300,40629642426
2021-11-18,,6780.583,6961.042,6726.794,6879.805,2750946300,48441427301
2021-11-19,,6863.15,6942.126,6838.987,6941.542,3168779300,45738785176
2021-11-22,,6947.072,7168.532,6947.072,7160.778,3361739200,59604466198
2021-11-23,,7217.436,7233.564,7153.984,7160.073,3722114600,61754994486
2021-11-24,,7155.292,7293.837,7151.147,7261.514,3748105400,65150056317
2021-11-25,,7292.053,7329.345,7227.371,7258.447,3138258400,56381899623
2021-11-26,,7217.342,7413.915,7214.712,7327.344,3142842100,58714427236
2021-11-29,,7189.051,7368.452,7170.107,7349.214,3267366700,58053928743
2021-11-30,,7395.427,7420.263,7255.004,7306.769,3149791400,58365677209
2021-12-01,,7294.833,7323.49,7173.727,7256.257,2704083600,47144754811
2021-12-02,,7273.438,7309.326,7174.731,7267.57,2567221600,50637236121
2021-12-03,,7248.006,7342.824,7168.658,7324.127,2882618000,48177884432
2021-12-06,,7312.406,7358.376,7229.139,7236.656,3863157200,57269312248
2021-12-07,,7289.024,7300.063,7036.633,7140.339,3950734200,55746663885
2021-12-08,,7180.867,7271.43,7159.657,7268.818,3602524700,47137418075
2021-12-09,,7270.397,7289.334,7221.122,7251.544,3128653600,42718058080
2021-12-10,,7201.354,7325.059,7180.249,7296.47,3367888300,48321262318
2021-12-13,,7301.665,7316.708,7228.463,7314.041,3117763500,55564084604
2021-12-14,,7275.077,7277.205,7097.044,7117.705,3119414200,53979217045
2021-12-15,,7089.066,7131.544,6954.242,6974.625,2355474900,49253463455
2021-12-16,,6978.379,7037.307,6915.591,7037.307,2499687300,41868418213
2021-12-17,,7045.133,7107.69,6961.051,6961.887,3263167700,46279329290
2021-12-20,,6923.293,7008.736,6759.595,6773.552,2817347300,54468390515
2021-12-21,,6742.672,6799.544,6699.156,6776.797,2046788700,39833194277
2021-12-22,,6806.456,6826.044,6743.143,6769.75,1914143800,35687116928
2021-12-23,,6837.723,6851.541,6761.835,6791.741,3349225300,52643991172
2021-12-24,,6786.441,6786.605,6524.904,6540.711,2907795700,53098641167
2021-12-27,,6540.501,6586.732,6463.05,6514.055,1966352800,36095841985
2021-12-28,,6533.636,6712.452,6524.787,6708.351,1896471600,46634536488
2021-12-29,,6698.333,6783.901,6675.245,6675.245,1757020300,43881861400
2021-12-30,,6702.506,6732.808,6665.696,6675.994,1966589700,39913083632
2021-12-31,,6694.7,6783.792,6694.7,6768.798,1727180400,40555527875
2022-01-04,,6819.249,6827.779,6569.218,6617.125,2224143300,50845123787
2022-01-05,,6598.02,6598.02,6418.967,6448.09,2104543300,41198300129
2022-01-06,,6416.486,6548.983,6393.487,6519.399,1820860400,39296007178
2022-01-07,,6497.821,6508.521,6328.252,6361.293,2544741900,47174870835
2022-01-10,,6361.829,6464.125,6335.251,6427.715,2146789300,38022520166
2022-01-11,,6433.667,6470.486,6384.372,6408.385,2333159800,39397622096
2022-01-12,,6525.477,6625.731,6525.477,6625.731,3351619500,53978854762
2022-01-13,,6663.185,6669.723,6508.567,6512.966,3545023800,56113627692
2022-01-14,,6467.206,6534.136,6441.313,6499.629,2590446200,43173592025
2022-01-17,,6465.371,6466.616,6383.27,6452.124,2050848400,36797504479
2022-01-18,,6443.192,6544.726,6417.11,6490.136,1968566600,33491658537
2022-01-19,,6469.421,6484.525,6293.679,6343.408,1989618400,37365228700
2022-01-20,,6381.881,6427.826,6293.303,6300.462,2291610000,37844609196
2022-01-21,,6283.377,6383.133,6224.945,6330.362,2172086400,34321055124
2022-01-24,,6275.292,6471.697,6261.943,6439.105,1948796300,42971355103
2022-01-25,,6413.258,6478.553,6293.175,6295.088,2404767700,43893823172
2022-01-26,,6356.371,6387.125,6244.084,6337.275,1913384100,32136332922
2022-01-27,,6370.404,6384.901,6161.442,6162.25,1942784100,35232209580
2022-01-28,,6184.3,6202.988,5937.987,6042.84,2251761600,36359177238
2022-02-07,,6180.66,6309.741,6180.66,6243.944,2235849900,41051116762
2022-02-08,,6247.731,6249.415,6065.566,6241.3,2131717200,37548475475
2022-02-09,,6271.52,6453.19,6263.246,6440.03,3636521500,51831327320
2022-02-10,,6497.577,6555.883,6427.196,6503.374,3864299000,50680618558
2022-02-11,,6478.152,6662.214,6430.749,6497.705,2945401100,50838232618
2022-02-14,,6481.422,6630.755,6481.087,6531.763,2464438200,43101856873
2022-02-15,,6574.792,6615.844,6479.893,6615.844,2011741000,39455786310
2022-02-16,,6629.419,6723.662,6598.159,6635.76,1950969700,42409144521
2022-02-17,,6631.784,6895.158,6614.077,6868.048,2848972600,64509477986
2022-02-18,,6825.463,6879.625,6801.431,6862.73,2345508800,45727847249
2022-02-21,,6854.618,6899.486,6767.745,6841.086,1959123200,42672437816
2022-02-22,,6907.191,6977.803,6859.265,6977.405,2713260800,57706653133
2022-02-23,,6947.23,7009.573,6918.02,7005.608,2537826900,52500961371
2022-02-24,,6945.554,7038.336,6849.467,6938.991,4696748400,78378304558
2022-02-25,,6977.121,7107.518,6940.306,7022.064,3568711700,61732301793
2022-02-28,,7063.457,7176.149,7036.85,7173.031,3495499800,60982026465
2022-03-01,,7174.584,7174.584,6941.833,7015.934,2992295700,61477758835
2022-03-02,,7040.002,7139.01,6982.358,7094.425,4027120200,57521479005
2022-03-03,,7141.81,7200.73,7080.801,7091.604,4527766200,60300793032
2022-03-04,,7073.224,7120.614,6919.215,6952.484,3575908000,54715994887
2022-03-07,,7007.066,7057.2,6883.601,6935.548,4075141000,62389029342
2022-03-08,,6893.453,6906.966,6472.163,6566.915,5031484300,77206018767
2022-03-09,,6494.838,6508.046,6159.461,6403.544,4284312900,61958032164
2022-03-10,,6480.451,6546.419,6374.404,6471.21,3211338300,56113508817
2022-03-11,,6347.973,6455.651,6239.276,6445.051,2772969700,43640733303
2022-03-14,,6321.922,6362.079,6183.677,6183.819,2571011700,40451528599
2022-03-15,,6086.855,6166.036,5888.583,5888.583,3733823200,54913288901
2022-03-16,,6000.127,6147.821,5772.862,6125.789,3010355300,52747940687
2022-03-17,,6218.853,6319.557,6177.281,6195.843,2753810500,52152133233
2022-03-18,,6180.313,6274.57,6154.58,6256.099,2311640900,39435014080
2022-03-21,,6272.039,6442.603,6240.434,6380.046,2291853800,42882920650
2022-03-22,,6373.99,6512.957,6328.781,6434.867,2247750100,38360224771
2022-03-23,,6443.067,6443.485,6369.286,6411.342,1721287600,30316140273
2022-03-24,,6424.474,6521.398,6357.501,6475.294,2593096000,41414767041
2022-03-25,,6460.163,6538.454,6376.969,6395.991,2167201800,38722575787
2022-03-28,,6321.669,6378.815,6192.287,6306.512,2036357100,35394783603
2022-03-29,,6310.103,6360.655,6245.213,6299.274,1649101700,31921898482
2022-03-30,,6312.486,6387.587,6271.728,6383.757,1942529500,35749475737
2022-03-31,,6383.222,6386.926,6195.195,6232.328,1861964200,34868790003
2022-04-01,,6195.641,6335.011,6177.534,6277.564,1438595900,26708029494
2022-04-06,,6277.882,6277.882,6154.562,6255.797,1831719600,28586365839
2022-04-07,,6201.955,6283.077,6177.707,6185.279,1668714100,28048444016
2022-04-08,,6197.376,6258.626,6103.557,6211.489,2472663200,36642241297
2022-04-11,,6167.497,6167.497,5861.115,5888.408,2617661100,43614994892
2022-04-12,,5864.659,5978.047,5844.631,5978.039,1929660300,30208290646
2022-04-13,,5962.013,6210.379,5953.092,6115.853,3257804700,42437411449
2022-04-14,,6155.113,6213.56,6115.896,6173.326,2628816500,33375089468
2022-04-15,,6119.55,6146.412,5999.629,6019.546,2604570200,36385352727
2022-04-18,,5990.515,6009.844,5865.501,5994.599,1771300300,26818717432
2022-04-19,,6025.049,6091.548,5998.682,6036.973,1862476100,27877375600
2022-04-20,,6011.253,6024.225,5780.491,5789.866,2060815000,28352663159
2022-04-21,,5763.55,5808.49,5515.422,5538.936,2128476600,29970977098
2022-04-22,,5490.956,5562.169,5403.894,5508.312,1807616600,24704489386
2022-04-25,,5363.146,5364.633,5046.837,5047.577,2666989000,35549370296
2022-04-26,,5049.42,5070.228,4861.917,4881.159,2358254900,29238429744
2022-04-27,,4825.042,5239.269,4820.478,5233.949,2514263300,36824907879
2022-04-28,,5228.689,5360.697,5202.417,5263.546,2127435700,39267429488
2022-04-29,,5308.786,5525.726,5272.438,5519.219,2281131300,40796470473
2022-05-05,,5467.189,5561.789,5442.256,5511.38,2016832000,36449329221
2022-05-06,,5332.746,5367.292,5267.721,5299.435,2030308600,29153955919
2022-05-09,,5259.637,5361.988,5235.651,5320.702,1709513700,25633788070
2022-05-10,,5209.242,5384.316,5192.047,5384.316,2403433800,36044764959
2022-05-11,,5369.129,5645.539,5348.773,5513.514,2756776300,48717427047
2022-05-12,,5455.634,5504.429,5395.142,5450.805,1885732900,30143360897
2022-05-13,,5477.554,5492.068,5393.576,5475.493,1898589000,27608270130
2022-05-16,,5517.908,5583.387,5474.337,5491.123,1846319100,27151090768
2022-05-17,,5495.929,5688.888,5488.901,5660.693,2086096200,40317520604
2022-05-18,,5663.126,5690.139,5615.524,5637.478,1692102200,31023543689
2022-05-19,,5533.482,5687.569,5496.278,5687.569,1893427000,35634275423
2022-05-20,,5761.143,5857.717,5689.477,5854.103,3266908300,47997807707
2022-05-23,,5887.9,6019.27,5842.431,5996.444,3034510700,51668961465
2022-05-24,,5965.375,6032.578,5790.232,5790.309,2820188300,55735099691
2022-05-25,,5803.178,5869.836,5741.074,5841.794,2152873600,40232169014
2022-05-26,,5846.102,5902.633,5717.725,5854.666,1957346100,35274196824
2022-05-27,,5910.638,5939.915,5779.758,5829.993,1878704900,34154789006
2022-05-30,,5851.481,5895.806,5809.748,5876.122,1819094500,32179681432
2022-05-31,,5855.484,5904.629,5760.11,5904.629,1899060100,33596212727
2022-06-01,,5848.587,5848.587,5759.808,5827.765,1995932100,35369114478
2022-06-02,,5786.221,5935.414,5775.873,5913.437,2153100500,39508839576
2022-06-06,,5937.487,6233.301,5937.487,6217.471,3387960800,63188020669
2022-06-07,,6232.749,6263.545,6146.205,6209.196,2552161300,47173320561
2022-06-08,,6256.061,6377.63,6175.874,6337.483,3241715500,62003050732
2022-06-09,,6296.695,6346.149,6214.765,6278.703,2958428900,49919315684
2022-06-10,,6191.66,6422.594,6176.217,6416.138,3348380400,56322843075
2022-06-13,,6365.203,6598.665,6365.203,6546.614,3566930800,69999045261
2022-06-14,,6418.345,6497.821,6284.253,6497.821,3343504200,60126545678
2022-06-15,,6496.104,6577.024,6421.742,6469.204,3206208300,59265769159
2022-06-16,,6480.155,6557.071,6427.921,6459.652,2570463100,49348415163
2022-06-17,,6401.298,6646.546,6401.298,6630.825,3129916600,62552367573
2022-06-20,,6646.785,6666.8,6507.866,6560.75,3807108800,63547884426
2022-06-21,,6526.859,6526.859,6269.888,6339.016,3028306000,59591138430
2022-06-22,,6344.11,6417.592,6307.377,6310.853,3336287700,52665213357
2022-06-23,,6304.056,6407.471,6172.959,6403.775,3343579300,58019847606
2022-06-24,,6379.722,6390.583,6316.652,6369.727,2790553000,50812369398
2022-06-27,,6380.062,6669.355,6361.051,6582.519,3319128000,68461686211
2022-06-28,,6595.273,6691.257,6551.491,6691.257,3250996900,59240744944
2022-06-29,,6664.693,6664.693,6433.8,6434.809,3368506800,56169965145
2022-06-30,,6443.22,6596.027,6443.22,6554.548,2433734700,46695391856
2022-07-01,,6532.532,6728.35,6498.363,6682.159,2298892200,53920595402
2022-07-04,,6625.209,6815.145,6614.023,6785.502,2536177300,64823845770
2022-07-05,,6801.837,6885.024,6730.586,6843.41,3277559600,68516786316
2022-07-06,,6761.525,6787.143,6594.325,6673.296,3542895500,66104126579
2022-07-07,,6649.003,6759.629,6589.874,6736.298,2647163000,51394470394
2022-07-08,,6781.1,6809.194,6655.428,6672.61,2273606900,52485779000
2022-07-11,,6622.716,6622.716,6333.011,6403.928,2354197700,57718021899
2022-07-12,,6391.913,6461.196,6275.038,6313.259,2148797200,54206102276
2022-07-13,,6278.67,6355.454,6166.745,6314.119,2058440100,48058622210
2022-07-14,,6284.97,6388.294,6225.333,6323.936,2140507500,49262189017
2022-07-15,,6275.029,6404.317,6213.818,6213.847,2223312500,47100521215
2022-07-18,,6258.813,6320.008,6174.419,6316.585,2491557700,48952440668
2022-07-19,,6320.767,6387.612,6256.827,6299.198,1966366900,40207697146
2022-07-20,,6351.352,6420.535,6323.109,6372.835,1776996700,39387990334
2022-07-21,,6344.93,6350.584,6239.167,6239.167,2482556800,48699710215
2022-07-22,,6275.948,6295.368,6159.278,6226.4,2233303000,38988284588
2022-07-25,,6225.901,6292.493,6180.067,6191.885,1944797500,35621633896
2022-07-26,,6209.116,6362.393,6198.257,6305.088,1777274800,44581371783
2022-07-27,,6290.145,6331.411,6217.884,6299.527,1501120600,33901467157
2022-07-28,,6353.552,6362.314,6273.28,6291.045,1982229800,39173974221
2022-07-29,,6322.977,6339.993,6255.96,6266.479,2125338000,35502294841
2022-08-01,,6260.993,6362.343,6191.801,6356.073,2309220800,45460937361
2022-08-02,,6279.405,6279.405,6086.21,6146.305,3040033200,50012755672
2022-08-03,,6162.512,6252.394,6057.843,6080.377,2315659100,45044119173
2022-08-04,,6116.167,6215.474,6054.708,6144.061,1713051800,38226442741
2022-08-05,,6154.674,6305.416,6119.289,6294.694,2375164200,47493050005
2022-08-08,,6265.661,6368.178,6241.38,6342.966,1849251700,41269401000
2022-08-09,,6344.806,6425.419,6319.548,6405.903,1735342400,39088720642
2022-08-10,,6428.142,6493.992,6350.633,6394.236,2480535800,49870067947
2022-08-11,,6416.272,6420.487,6310.942,6413.871,2261392300,46685624409
2022-08-12,,6396.824,6501.864,6387.589,6424.515,2284605700,39745307980
2022-08-15,,6410.005,6556.889,6409.946,6529.043,2343030300,48891093594
2022-08-16,,6533.92,6533.92,6424.627,6447.402,2054749900,44827992514
2022-08-17,,6446.158,6446.831,6298.732,6371.756,1879163700,41605041138
2022-08-18,,6348.853,6403.868,6313.891,6326.711,1824724700,34154952687
2022-08-19,,6306.826,6309.227,6189.608,6189.608,1735861100,37054629159
2022-08-22,,6183.27,6419.679,6116.463,6417.43,2230567100,54407815611
2022-08-23,,6400.197,6439.638,6332.789,6392.172,1885458800,45979865420
2022-08-24,,6424.488,6456.339,6209.761,6225.148,2241605200,46948288281
2022-08-25,,6247.326,6271.72,6113.224,6200.65,2576698000,49802699694
2022-08-26,,6217.386,6368.631,6189.939,6252.795,2013580900,45172627154
2022-08-29,,6149.476,6235.024,6131.09,6205.431,1763510500,32501681712
2022-08-30,,6212.488,6213.576,6124.027,6158.98,1599359900,29755954932
2022-08-31,,6114.21,6176.28,5918.613,5956.779,2103466500,41905367347
2022-09-01,,5944.521,5972.18,5878.058,5888.6,1384976100,27466658864
2022-09-02,,5911.309,5916.882,5802.666,5833.66,1264727700,27656024075
2022-09-05,,5817.968,5870.276,5801.655,5856.262,1236451700,25559566290
2022-09-06,,5888.893,6043.85,5870.851,6043.85,1863917200,38569179112
2022-09-07,,5997.21,6148.37,5988.448,6122.297,2790548100,39195922381
2022-09-08,,6137.506,6139.537,6073.932,6078.215,2303717400,34020264816
2022-09-09,,6123.624,6223.553,6111.212,6214.568,2662400800,42225328478
2022-09-13,,6247.482,6316.22,6227.455,6257.548,2285802400,40168676523
2022-09-14,,6149.133,6260.986,6133.393,6175.84,1836950100,35976072366
2022-09-15,,6217.736,6239.71,5936.021,5976.785,2089993300,43061480431
2022-09-16,,5940.985,5941.979,5758.841,5762.089,2216901700,35867745099
2022-09-19,,5758.823,5845.217,5745.685,5771.751,1480590000,25622358719
2022-09-20,,5827.638,5998.588,5827.638,5944.325,1621373800,37314246394
2022-09-21,,5918.34,6005.773,5886.665,5985.464,1513242700,31671929693
2022-09-22,,5935.721,6035.216,5930.007,5961.664,1439988700,28815877858
2022-09-23,,5962.473,5965.591,5776.679,5844.427,1488555100,28993943398
2022-09-26,,5763.073,5826.517,5675.464,5695.014,2166153100,31316982430
2022-09-27,,5697.865,5716.87,5557.636,5688.468,1713408400,29941099772
2022-09-28,,5645.691,5645.691,5394.595,5394.739,1737496200,30978633197
2022-09-29,,5474.583,5524.604,5437.976,5475.36,1547974600,27483195351
2022-09-30,,5472.943,5529.887,5418.035,5421.587,1419118700,23609802642
2022-10-10,,5428.272,5460.804,5293.247,5308.45,1375267000,21794947321
2022-10-11,,5342.573,5412.815,5317.63,5389.128,1159230200,21235805746
2022-10-12,,5391.465,5484.252,5230.734,5484.252,2035320500,32357089628
2022-10-13,,5433.647,5488.171,5414.619,5417.464,1783661700,28801622435
2022-10-14,,5471.231,5588.147,5440.846,5564.088,1874046900,35087439788
2022-10-17,,5509.797,5559.688,5464.516,5552.668,1577016200,30615197625
2022-10-18,,5581.351,5595.451,5506.81,5528.232,1404904000,26243877077
2022-10-19,,5518.206,5588.389,5465.769,5467.633,1402561100,26515206342
2022-10-20,,5420.85,5467.887,5344.686,5405.887,1262646700,23678459887
2022-10-21,,5421.189,5434.311,5322.615,5346.988,1052462900,19686810564
2022-10-24,,5398.515,5488.218,5304.789,5341.85,1626277800,27849999629
2022-10-25,,5321.394,5382.097,5194.384,5340.935,1407854800,25617656392
2022-10-26,,5338.955,5436.477,5323.313,5385.911,1453544400,28326113917
2022-10-27,,5421.733,5512.21,5421.324,5425.14,1907497500,30854050647
2022-10-28,,5373.763,5373.763,5219.777,5233.212,1956968700,30077104828
2022-10-31,,5161.424,5255.129,5145.475,5198.517,1629199000,27518141393
2022-11-01,,5196.57,5410.991,5196.57,5410.354,2024050200,38565654036
2022-11-02,,5391.045,5522.446,5374.319,5486.269,1944624800,36844581056
2022-11-03,,5401.495,5497.589,5396.552,5450.481,1682640700,36797170815
2022-11-04,,5456.202,5711.68,5446.543,5687.89,2388205900,51334198895
2022-11-07,,5791.999,5894.03,5791.999,5832.433,3581110200,57134168312
2022-11-08,,5811.572,5880.823,5778.692,5851.196,2137462400,37749568515
2022-11-09,,5951.529,5967.379,5845.116,5845.628,2420084200,39499218351
2022-11-10,,5777.399,5780.753,5695.559,5718.351,1675129400,33781075681
2022-11-11,,5944.52,5972.384,5845.46,5874.08,3482551800,53274343617
2022-11-14,,5887.074,5927.23,5725.784,5762.577,2456142100,41372447054
2022-11-15,,5731.465,5835.76,5686.445,5833.576,1889490300,32517974908
2022-11-16,,5820.136,5827.301,5765.386,5774.543,1658466100,28866374739
2022-11-17,,5737.763,5744.49,5612.195,5682.102,1731308900,30359148181
2022-11-18,,5658.405,5670.422,5576.484,5585.277,1383496600,26050890985
2022-11-21,,5536.684,5597.322,5482.513,5597.322,1247491100,21961974302
2022-11-22,,5591.252,5625.219,5537.02,5556.761,1331200900,22919489268
2022-11-23,,5549.115,5608.778,5530.332,5583.011,1244818800,21709765181
2022-11-24,,5618.426,5676.229,5595.402,5623.048,1291325800,22636557716
2022-11-25,,5597.299,5637.844,5563.565,5579.19,1332729700,22351439765
2022-11-28,,5483.689,5525.387,5418.176,5509.444,1290860100,21042024656
2022-11-29,,5515.786,5599.368,5494.957,5599.368,1690924700,24740704699
2022-11-30,,5584.084,5662.513,5570.231,5625.717,1491597200,29491755163
2022-12-01,,5728.32,5756.453,5704.859,5716.006,2034429000,32813164831
2022-12-02,,5718.685,5718.685,5620.533,5631.491,1497916900,25173747486
2022-12-05,,5660.489,5740.793,5634.977,5731.941,2666384700,34007154925
2022-12-06,,5688.514,5766.593,5649.795,5745.417,1906327400,30033191645
2022-12-07,,5715.646,5787.486,5699.48,5721.583,1634614000,30188933187
2022-12-08,,5712.05,5761.702,5685.218,5705.978,1233006500,20974156001
2022-12-09,,5707.383,5809.157,5701.769,5809.157,2647666200,34794385760
2022-12-12,,5779.668,5779.668,5645.831,5651.409,1863374200,30479131370
2022-12-13,,5642.343,5721.904,5642.343,5670.038,1458495100,26123984548
2022-12-14,,5678.053,5729.244,5648.575,5665.95,1248032200,21417119676
2022-12-15,,5640.744,5664.072,5571.434,5657.5,1281546400,23560351134
2022-12-16,,5591.436,5612.698,5506.531,5545.733,1090267800,22781210177
2022-12-19,,5540.317,5664.532,5487.77,5513.188,1221577900,26287068101
2022-12-20,,5496.185,5496.185,5397.423,5431.438,901996100,17773434224
2022-12-21,,5461.35,5481.065,5378.882,5398.168,850027200,16248831232
2022-12-22,,5436.788,5440.624,5281.058,5294.303,949394000,18341150773
2022-12-23,,5242.582,5298.806,5235.957,5276.094,782979000,14858364960
2022-12-26,,5259.519,5339.2,5258.696,5336.469,1259074300,16860260689
2022-12-27,,5351.833,5424.333,5351.833,5421.09,1253755500,19616382150
2022-12-28,,5373.904,5420.458,5321.819,5380.664,1349324300,21767518151
2022-12-29,,5348.23,5392.685,5330.194,5330.688,1043727400,17087752951
2022-12-30,,5365.546,5380.55,5300.155,5300.841,1045557400,18738354191
2023-01-03,,5291.612,5445.915,5264.419,5437.007,1542967600,26452280410
2023-01-04,,5412.195,5421.206,5322.181,5342.032,1224823900,21222432629
2023-01-05,,5376.372,5466.486,5361.086,5417.652,1421028600,28595480512
2023-01-06,,5400.318,5547.465,5400.318,5493.235,1477556600,32857217351
2023-01-09,,5553.341,5676.14,5553.341,5649.012,2414046100,37641592058
2023-01-10,,5647.64,5691.251,5601.431,5673.873,1617188900,29006034323
2023-01-11,,5688.697,5732.927,5657.802,5661.463,1622088200,25479021075
2023-01-12,,5701.6,5773.841,5671.07,5681.758,1502915900,26131689641
2023-01-13,,5723.217,5767.207,5659.973,5701.42,1316655900,23035124558
2023-01-16,,5723.414,5790.68,5703.835,5752.6,1606790300,28475593097
2023-01-17,,5754.021,5767.418,5707.41,5738.52,1244828000,21587444649
2023-01-18,,5752.006,5835.671,5747.946,5796.129,1462212100,23690269116
2023-01-19,,5802.605,5826.009,5769.295,5825.92,1224451200,23199197992
2023-01-20,,5843.717,6045.275,5843.717,6004.588,2207387200,43399651123
2023-01-30,,6131.85,6169.192,6049.999,6059.33,2781567500,52345054126
2023-01-31,,6040.067,6121.672,6029.359,6086.796,2067338200,33373506485
2023-02-01,,6119.535,6276.224,6119.535,6258.644,3194510900,50192083384
2023-02-02,,6249.832,6249.832,6181.014,6209.922,2140287900,36769600825
2023-02-03,,6163.767,6163.767,6030.267,6122.267,1948393400,33992011009
2023-02-06,,6032.315,6032.315,5959.687,6008.117,1789893700,29581628138
2023-02-07,,6021.635,6052.564,5990.195,6040.883,1484841300,24397236388
2023-02-08,,6053.076,6094.089,6008.484,6015.041,1450854000,31227913329
2023-02-09,,5985.762,6039.544,5961.889,6039.544,1203588800,23422721594
2023-02-10,,6018.795,6018.795,5901.142,5923.614,1397812700,26444273237
2023-02-13,,5897.553,5961.2,5896.234,5942.215,1354079100,22563662306
2023-02-14,,5957.779,6035.275,5944.122,5989.933,1981376600,27757814998
2023-02-15,,5987.782,6030.833,5918.801,5929.254,1686342900,26235894489
2023-02-16,,5917.145,5932.015,5726.198,5774.213,1892623100,30788130965
2023-02-17,,5789.41,5844.442,5758.891,5761.287,1432737400,23457304823
2023-02-20,,5754.468,5869.462,5721.683,5869.462,2216520900,33301383633
2023-02-21,,5875.121,5997.128,5866.445,5980.413,2751134200,39567793944
2023-02-22,,5937.612,5960.879,5904.252,5918.36,1881829400,26122417543
2023-02-23,,5914.03,5954.432,5902.719,5945.748,1442663400,23221758900
2023-02-24,,5938.003,5942.416,5829.741,5860.987,1505434800,25597837929
2023-02-27,,5829.746,5880.897,5801.637,5821.383,1424089600,23640987153
2023-02-28,,5831.29,5842.022,5763.141,5829.426,1202375300,19896206464
2023-03-01,,5836.038,5907.361,5812.023,5907.297,1659108900,24491386665
2023-03-02,,5894.363,5894.363,5826.343,5832.713,1806341200,30692712097
2023-03-03,,5826.104,5837.09,5780.06,5817.875,1355843200,21951447934
2023-03-06,,5825.695,5831.535,5729.121,5824.929,1713269900,29004550292
2023-03-07,,5817.163,5875.157,5772.975,5773.01,1806394300,25855516868
2023-03-08,,5714.865,5726.856,5674.147,5724.094,1361334400,19973651050
2023-03-09,,5747.44,5772.663,5695.323,5723.164,1142551800,18274613384
2023-03-10,,5684.554,5684.803,5625.863,5629.798,1287580600,20603861394
2023-03-13,,5642.552,5697.401,5605.791,5669.677,1656519200,25074596025
2023-03-14,,5688.533,5728.573,5577.416,5647.563,1942090200,31017468146
2023-03-15,,5654.633,5677.742,5629.301,5629.75,1252752700,19356406500
2023-03-16,,5563.848,5566.986,5438.785,5443.097,2209309200,28042160296
2023-03-17,,5469.734,5543.128,5462.016,5488.437,1731600200,24231089937
2023-03-20,,5514.937,5563.814,5483.593,5538.677,1928985700,29305526986
2023-03-21,,5539.63,5617.402,5517.092,5616.127,1533583900,26193749854
2023-03-22,,5609.688,5652.062,5572.59,5599.746,1421294500,23548293185
2023-03-23,,5588.977,5655.842,5578.811,5655.842,1572939900,22424562288
2023-03-24,,5662.177,5662.177,5619.489,5632.248,1380486800,22638841557
2023-03-27,,5624.857,5627.82,5573.635,5623.756,1427077800,23630002931
2023-03-28,,5619.92,5642.074,5534.948,5541.17,1313939000,21951132711
2023-03-29,,5560.55,5597.315,5515.019,5523.567,1145803800,21895676765
2023-03-30,,5518.116,5566.853,5468.537,5566.853,1220018500,21110580239
2023-03-31,,5575.373,5635.437,5573.881,5599.933,1514006400,25248583031
2023-04-03,,5581.9,5660.144,5562.55,5638.527,1654262600,32792348891
2023-04-04,,5627.476,5627.476,5580.817,5610.006,1551056900,28380048797
2023-04-06,,5610.119,5671.564,5582.229,5666.032,1824156100,29494514616
2023-04-07,,5648.23,5681.64,5630.163,5636.057,1338662900,20981499104
2023-04-10,,5628.642,5684.796,5606.397,5677.41,1418943000,24481591348
2023-04-11,,5664.969,5808.387,5632.571,5808.387,2042210200,34324842126
2023-04-12,,5805.689,5867.499,5782.923,5825.57,2172670200,31910763549
2023-04-13,,5812.296,5862.161,5753.97,5771.275,1928702000,29802196398
2023-04-14,,5827.576,5975.15,5827.576,5959.868,2481756000,49226298931
2023-04-17,,5912.014,6013.557,5894.805,6013.557,2501794400,41346899481
2023-04-18,,6007.223,6076.673,5972.895,6000.623,1921467400,37791053918
2023-04-19,,6019.028,6033.753,5973.16,5987.352,2306602500,35798913360
2023-04-20,,5956.609,5956.609,5811.559,5858.042,2152718100,35179014785
2023-04-21,,5844.533,5859.204,5724.23,5726.422,1579455700,26311473210
2023-04-24,,5703.441,5703.441,5568.446,5589.936,1960672600,32638155516
2023-04-25,,5609.193,5637.729,5374.791,5433.393,1927686600,34607011305
2023-04-26,,5396.178,5556.731,5343.079,5497.251,1694723300,30983664259
2023-04-27,,5470.8,5532.072,5432.697,5492.411,1534020700,24496279059
2023-04-28,,5473.439,5570.658,5473.439,5542.8,1557572000,24583847804
2023-05-04,,5587.393,5607.812,5535.585,5544.129,1971959000,28424589358
2023-05-05,,5544.385,5547.336,5416.185,5439.106,1598793400,22423148689
2023-05-08,,5440.91,5543.838,5438.812,5523.049,1925450500,23522037474
2023-05-09,,5525.67,5545.53,5426.949,5429.82,1953158600,25348502798
2023-05-10,,5437.558,5505.908,5422.171,5467.564,1348221000,24158522400
2023-05-11,,5461.101,5465.644,5408.854,5423.551,1439749900,22428782283
2023-05-12,,5395.855,5395.855,5244.857,5248.841,2220803400,28647717371
2023-05-15,,5266.755,5443.445,5266.755,5441.391,1845952700,37128770798
2023-05-16,,5454.586,5460.025,5393.608,5412.864,1273908800,27075090720
2023-05-17,,5375.166,5394.52,5346.66,5362.152,1042161300,18818469092
2023-05-18,,5369.824,5383.844,5297.815,5344.491,1136046300,20938221449
2023-05-19,,5311.304,5311.304,5246.43,5285.338,1153375900,18634255060
2023-05-22,,5280.3,5311.436,5262.188,5291.945,875556900,13965519210
2023-05-23,,5286.097,5294.689,5215.398,5215.398,1062581300,17126649618
2023-05-24,,5196.798,5247.899,5174.355,5182.63,1051755700,17362529600
2023-05-25,,5153.844,5155.367,5074.761,5121.683,1187403500,17969299000
2023-05-26,,5102.176,5134.879,5028.737,5116.287,991233700,17367343824
2023-05-29,,5130.861,5138.088,5067.602,5100.022,1093825400,17120743293
2023-05-30,,5088.766,5105.917,5019.647,5091.571,1121523300,17035030053
2023-05-31,,5089.103,5092.903,5038.932,5072.905,1142276500,17533553463
2023-06-01,,5068.507,5155.985,5058.453,5111.276,1283571800,20108991297
2023-06-02,,5136.442,5301.58,5136.442,5297.129,1800279700,30311045674
2023-06-05,,5271.401,5271.401,5217.101,5238.15,1154741200,19632934041
2023-06-06,,5243.823,5264.734,5167.793,5179.255,1239932700,18806603962
2023-06-07,,5194.69,5218.698,5121.326,5139.645,866504400,14061091609
2023-06-08,,5126.114,5197.572,5124.327,5171.327,1030839200,19230083230
2023-06-09,,5191.228,5244.743,5180.77,5230.998,1266826300,24279902427
2023-06-12,,5206.256,5226.324,5166.194,5202.873,1093205500,17491538080
2023-06-13,,5193.089,5212.391,5168.317,5192.939,846758400,13126734184
2023-06-14,,5213.519,5233.758,5178.951,5200.905,1455192200,19961613475
2023-06-15,,5179.606,5256.05,5127.538,5250.972,1557449300,28609174394
2023-06-16,,5254.218,5290.076,5247.558,5283.989,1427653000,22751238052
2023-06-19,,5269.894,5269.894,5177.824,5184.049,1401259600,20924118072
2023-06-20,,5175.146,5184.542,5135.902,5147.31,1114075300,16836852022
2023-06-21,,5125.148,5162.117,5056.73,5056.73,1039631000,16282732191
2023-06-26,,5021.536,5077.673,5003.8,5013.59,1070591900,16380299632
2023-06-27,,5014.538,5096.542,4996.574,5090.744,1176037300,16761936702
2023-06-28,,5084.518,5084.518,5009.323,5069.782,865328100,13428166316
2023-06-29,,5053.375,5060.012,5026.933,5032.88,1091271700,17246144378
2023-06-30,,5017.748,5104.229,5004.312,5077.151,1108305200,19098281846
2023-07-03,,5094.324,5176.941,5094.324,5168.851,1626281400,22028022143
2023-07-04,,5222.44,5232.477,5140.237,5158.562,1844268800,22457154060
2023-07-05,,5145.549,5259.442,5138.281,5254.185,2873079100,35093329562
2023-07-06,,5243.393,5243.393,5143.16,5154.921,2347563400,28122759038
2023-07-07,,5128.425,5184.415,5072.832,5142.924,2423098200,24928176563
2023-07-10,,5157.672,5229.969,5157.672,5175.833,1852056300,23996428919
2023-07-11,,5179.999,5212.333,5134.457,5210.952,1529050800,19521223783
2023-07-12,,5193.148,5235.146,5182.564,5190.858,1565463700,21065386284
2023-07-13,,5256.915,5320.084,5256.915,5292.907,2173815400,27155393659
2023-07-14,,5310.997,5323.536,5254.587,5260.43,1759041200,21834108929
2023-07-17,,5220.173,5227.038,5175.037,5190.407,1367385500,17809376451
2023-07-18,,5193.068,5219.658,5156.963,5193.816,1089807900,17513998319
2023-07-19,,5206.764,5222.425,5178.867,5211.475,1289862400,16589924078
2023-07-20,,5212.434,5300.424,5212.434,5225.584,1662528200,22748586256
2023-07-21,,5193.534,5223.945,5148.376,5175.933,1140789400,17022205735
2023-07-24,,5151.268,5161.465,5083.516,5090.689,1075481900,17329455492
2023-07-25,,5152.808,5249.568,5152.808,5249.078,2023029200,28082494559
2023-07-26,,5259.366,5279.466,5222.043,5257.563,1264392000,17264745013
2023-07-27,,5257.168,5276.967,5204.417,5210.889,1223136400,15646354776
2023-07-28,,5165.757,5261.296,5140.407,5249.555,1599106400,19606251704
2023-07-31,,5281.77,5383.541,5281.77,5322.355,1801436800,25021648071
2023-08-01,,5347.224,5380.988,5302.672,5338.708,2015864400,23255832962
2023-08-02,,5327.773,5333.395,5283.184,5296.57,1700470400,18947813064
2023-08-03,,5261.526,5279.365,5239.859,5273.346,1402073600,16782092818
2023-08-04,,5302.467,5347.21,5290.97,5302.024,1478606200,20526436160
2023-08-07,,5288.429,5313.549,5267.445,5300.781,1169046900,16023030700
2023-08-08,,5288.496,5347.91,5257.713,5321.467,1258029800,16486121415
2023-08-09,,5291.314,5307.768,5270.992,5278.151,1013496400,13566573054
2023-08-10,,5275.518,5299.928,5247.339,5273.708,817507800,11655540669
2023-08-11,,5274.411,5284.435,5159.202,5159.202,1129303200,15078406775
2023-08-14,,5110.816,5125.81,5059.85,5119.444,1153052100,15903147934
2023-08-15,,5113.832,5131.254,5032.294,5073.517,881657100,11846469199
2023-08-16,,5051.574,5080.546,5024.274,5024.274,893708300,12915308908
2023-08-17,,4995.954,5053.05,4947.567,5045.893,1007857100,12823783662
2023-08-18,,5044.641,5054.515,4941.529,4941.529,894144200,11990093537
2023-08-21,,4935.039,4972.708,4893.632,4893.632,883622100,11253947397
2023-08-22,,4912.599,4953.708,4857.185,4937.889,1300723300,16914716518
2023-08-23,,4937.377,4937.377,4825.342,4826.287,1074685100,13532086569
2023-08-24,,4866.127,4963.047,4852.709,4912.627,1490309000,18693336495
2023-08-25,,4888.546,4888.875,4816.087,4833.112,1203843300,15166239002
2023-08-28,,5078.082,5078.082,4834.36,4853.557,1866721600,25132840229
2023-08-29,,4840.303,4943.386,4832.832,4921.793,1504633200,20366488682
2023-08-30,,4942.491,4994.808,4914.028,4936.43,1401026800,18720407003
2023-08-31,,4935.113,4954.275,4872.517,4884.632,1202061900,16415134967
2023-09-01,,4891.64,5007.73,4891.64,4992.769,1854985400,19648639788
2023-09-04,,5024.367,5164.83,5024.367,5143.482,2623108700,32218692164
2023-09-05,,5111.45,5133.631,5081.839,5122.63,1397610700,18924187867
2023-09-06,,5105.191,5112.041,5072.725,5102.391,1096756700,14523603890
2023-09-07,,5084.313,5088.54,5017.161,5019.562,1061926700,14185476150
2023-09-08,,5011.663,5029.203,4960.663,4975.871,854138600,11666815794
2023-09-11,,4976.595,5076.941,4964.236,5044.698,1289743600,16539219525
2023-09-12,,5055.042,5093.51,5030.711,5032.191,1076081100,17627921975
2023-09-13,,5014.397,5051.581,4979.039,5007.429,987881800,13445802323
2023-09-14,,5007.589,5048.591,5003.579,5025.238,1417158400,17700890440
2023-09-15,,5060.795,5083.637,5007.403,5025.917,1656989900,20417177430
2023-09-18,,5011.524,5050.901,4967.414,5042.863,1275968400,19614362308
2023-09-19,,5031.065,5035.084,4998.815,5017.036,979385600,14213482146
2023-09-20,,5001.898,5002.528,4973.132,4973.951,856278400,11664449185
2023-09-21,,4954.916,4974.115,4918.892,4924.087,942320200,12778837698
2023-09-22,,4912.656,4940.599,4870.549,4936.712,1366820100,18566535533
2023-09-25,,4926.906,4942.858,4892.335,4900.051,1000273200,14593771679
2023-09-26,,4889.399,4898.801,4858.746,4859.162,895760900,13648498326
2023-09-27,,4847.24,4907.122,4836.48,4857.14,1084682900,16281989820
2023-09-28,,4854.604,4890.484,4827.493,4842.384,1021784400,15349203559
2023-10-09,,4806.396,4841.077,4750.425,4828.626,1089070200,14851166319
2023-10-10,,4837.633,4893.52,4837.633,4843.958,964854200,17208008946
2023-10-11,,4860.265,4861.379,4788.709,4801.214,1018742100,15117274896
2023-10-12,,4828.449,4936.787,4828.449,4934.797,1301886300,26338123546
2023-10-13,,4896.943,4896.943,4831.264,4850.78,1059559000,18258320943
2023-10-16,,4880.057,4885.226,4773.905,4791.525,1129334400,18433492322
2023-10-17,,4792.332,4794.953,4752.177,4780.271,933313700,14048403519
2023-10-18,,4778.218,4778.218,4702.285,4703.975,940780900,13746588577
2023-10-19,,4679.015,4703.006,4638.067,4638.871,916504600,13657950097
2023-10-20,,4629.319,4711.57,4627.706,4658.57,1178238900,20640881880
2023-10-23,,4628.768,4628.768,4492.277,4518.085,1226408400,16383373424
2023-10-24,,4527.157,4610.812,4527.157,4607.271,1330945500,19750296848
2023-10-25,,4650.415,4694.239,4636.651,4636.651,1250734300,17849115552
2023-10-26,,4607.939,4651.3,4571.25,4648.012,1049156000,16278864178
2023-10-27,,4620.184,4746.133,4608.472,4725.638,1408561900,24718587432
2023-10-30,,4725.753,4796.784,4725.753,4768.746,1553731200,22445436028
2023-10-31,,4750.176,4767.861,4716.412,4757.967,1097683700,17851681943
2023-11-01,,4745.529,4745.529,4699.08,4721.654,928273400,13550929356
2023-11-02,,4731.862,4752.179,4664.808,4665.919,939143500,12674545764
2023-11-03,,4675.982,4702.857,4659.932,4675.586,1032919300,13872628573
2023-11-06,,4701.137,4720.651,4666.459,4698.092,1785637100,24926846638
2023-11-07,,4676.486,4689.855,4634.768,4676.657,1382096600,17941925879
2023-11-08,,4656.253,4666.447,4601.188,4633.648,1346203500,17653449675
2023-11-09,,4616.224,4665.777,4616.174,4646.029,1072518300,15487932614
2023-11-10,,4630.52,4638.028,4605.822,4624.428,925361700,14438612398
2023-11-13,,4623.653,4647.003,4603.377,4645.542,989085200,12981948596
2023-11-14,,4645.474,4658.984,4612.132,4632.144,976979400,13019000759
2023-11-15,,4696.622,4741.694,4693.447,4719.782,1694926800,26240255824
2023-11-16,,4703.893,4703.893,4643.115,4654.214,1031940600,15639420128
2023-11-17,,4647.273,4674.969,4629.858,4674.19,941806300,12723241404
2023-11-20,,4676.288,4681.727,4629.738,4675.825,1023734600,14033856877
2023-11-21,,4692.957,4733.499,4677.475,4681.89,1382987700,17709304975
2023-11-22,,4668.183,4673.98,4596.937,4596.937,1068833600,15481544691
2023-11-23,,4587.089,4614.319,4561.428,4613.89,814260400,11238522449
2023-11-24,,4606.758,4606.758,4557.967,4567.78,763094000,10285889429
2023-11-27,,4559.856,4581.083,4511.343,4533.418,1016337900,13823405432
2023-11-28,,4528.205,4546.002,4494.51,4544.435,841911000,11124046718
2023-11-29,,4566.768,4579.19,4543.127,4550.726,1240586800,15240671828
2023-11-30,,4542.093,4542.946,4493.904,4521.376,1069232600,13138339453
2023-12-01,,4515.432,4538.576,4475.913,4520.191,1039519800,14725809384
2023-12-04,,4558.082,4621.859,4558.082,4566.843,1862850700,22820498143
2023-12-05,,4515.964,4556.144,4482.959,4484.315,1525974300,22545930977
2023-12-06,,4463.433,4611.569,4459.442,4584.98,1618535100,33508567914
2023-12-07,,4562.162,4574.981,4504.984,4547.762,1222165700,22252212783
2023-12-08,,4564.177,4572.024,4511.6,4518.25,1135877300,18068645238
2023-12-11,,4485.477,4491.654,4401.826,4483.564,1419663800,20261101896
2023-12-12,,4456.887,4470.054,4437.321,4466.864,948171000,12534300570
2023-12-13,,4454.459,4454.849,4381.25,4384.644,1001096700,13026731765
2023-12-14,,4455.438,4462.214,4379.177,4380.591,1083756900,14920657179
2023-12-15,,4411.165,4466.803,4392.012,4400.443,1350448400,19367264918
2023-12-18,,4373.65,4406.815,4332.689,4342.199,1039601700,13650492248
2023-12-19,,4333.031,4357.794,4299.401,4331.812,819832600,10935321459
2023-12-20,,4344.675,4372.752,4328.753,4329.493,1041513200,12571762257
2023-12-21,,4303.208,4377.561,4292.564,4369.423,1060140400,13537152228
2023-12-22,,4374.729,4486.279,4337.804,4446.783,1598409800,22572428291
2023-12-25,,4433.68,4476.261,4430.1,4473.465,984455900,13651187055
2023-12-26,,4475.305,4488.253,4444.915,4463.015,910632100,12361529243
2023-12-27,,4460.416,4493.952,4427.603,4491.859,1309765400,14459752573
2023-12-28,,4509.142,4633.429,4509.142,4616.019,2089129400,30461995228
2023-12-29,,4591.976,4635.774,4591.066,4629.462,1454733200,19915784520
2024-01-02,,4628.315,4659.98,4610.162,4635.286,1448844500,17606371659
2024-01-03,,4615.921,4647.797,4610.241,4632.812,1279982500,14906943611
2024-01-04,,4611.241,4611.241,4561.585,4588.643,1151743600,14626731940
2024-01-05,,4583.009,4656.838,4546.08,4563.132,1298963900,18680810791
2024-01-08,,4554.059,4591.078,4507.623,4509.026,1290424300,16917139026
2024-01-09,,4507.258,4556.466,4477.278,4548.697,1276992500,17180224486
2024-01-10,,4533.516,4598.91,4505.14,4532.685,1126380900,17437941623
2024-01-11,,4521.064,4624.023,4494.782,4591.323,1386616100,25764931417
2024-01-12,,4573.418,4633.539,4570.908,4587.328,1228845500,21671535846
2024-01-15,,4574.385,4591.86,4535.611,4544.397,967658800,14925667782
2024-01-16,,4535.954,4572.288,4479.759,4536.929,1117000400,16214411680
2024-01-17,,4525.975,4525.975,4392.157,4392.157,1183868600,15966410592
2024-01-18,,4363.112,4403.474,4265.797,4396.679,1825844100,23133745054
2024-01-19,,4379.925,4438.783,4368.839,4377.876,1208964500,17793485799
2024-01-22,,4356.593,4359.963,4152.73,4181.491,1579293700,20957733480
2024-01-23,,4167.148,4244.947,4111.528,4224.728,1481806900,17199096219
2024-01-24,,4239.462,4286.791,4140.115,4280.817,1430749300,17453285101
2024-01-25,,4281.109,4405.266,4273.493,4405.266,1669883000,20554453883
2024-01-26,,4389.972,4448.125,4380.913,4412.341,1531201100,18316831910
2024-01-29,,4420.738,4429.198,4330.821,4333.351,1390930300,18220819171
2024-01-30,,4301.306,4342.275,4245.584,4250.539,1258292300,14576696311
2024-01-31,,4220.588,4244.165,4130.778,4136.717,1493992500,19109250245
2024-02-01,,4106.659,4182.923,4068.611,4119.709,1391170400,15023103903
2024-02-02,,4129.026,4159.495,3907.929,4021.771,1713484800,19270010382
2024-02-05,,3984.216,4020.798,3812.407,3920.05,2067440100,21327218989
2024-02-06,,3888.903,4148.264,3885.648,4138.987,2110687700,22808020838
2024-02-07,,4148.982,4293.477,4139.71,4293.477,2481318800,27702167726
2024-02-08,,4323.259,4412.429,4310.98,4346.354,2505188600,27912439411
2024-02-19,,4352.742,4386.372,4316.555,4377.783,2147733000,24602799220
2024-02-20,,4356.275,4398.22,4314.407,4391.883,1539116200,18328700105
2024-02-21,,4368.715,4508.185,4356.243,4425.825,1881225700,24188512171
2024-02-22,,4404.68,4478.97,4397.685,4478.94,1468104100,17797985148
2024-02-23,,4483.0,4536.354,4467.618,4525.563,1640012300,20390864618
2024-02-26,,4524.291,4552.269,4464.069,4474.909,1745812900,21182716189
2024-02-27,,4452.678,4526.19,4447.623,4526.19,1510070400,17859244021
2024-02-28,,4535.695,4621.477,4467.976,4467.976,2058556100,29097983755
2024-02-29,,4452.341,4595.157,4452.341,4595.157,1865751600,26900555076
2024-03-01,,4593.811,4643.665,4588.809,4634.751,1712070600,23386377430
2024-03-04,,4672.998,4706.232,4628.026,4654.977,1756585400,23416440488
2024-03-05,,4653.363,4711.698,4642.375,4659.317,1950939600,25977281998
2024-03-06,,4645.138,4715.335,4621.181,4682.271,1654313600,21692059027
2024-03-07,,4714.035,4878.538,4714.035,4782.503,3386102000,36579001219
2024-03-08,,4803.091,4831.478,4746.868,4831.478,2650639400,26670382857
2024-03-11,,4852.309,4894.125,4821.814,4892.708,2511983400,31475638703
2024-03-12,,4892.536,4895.075,4770.112,4790.349,2435466500,28571393534
2024-03-13,,4779.485,4845.923,4759.707,4822.504,2102462900,23026368095
2024-03-14,,4906.093,5005.047,4858.386,4891.622,3253952400,33644213008
2024-03-15,,4873.136,5058.758,4844.333,5055.721,3625233800,39972991368
2024-03-18,,5065.273,5088.92,4994.943,5069.321,3163511500,36825012561
2024-03-19,,5045.35,5150.781,5037.858,5045.729,2598232300,30948534847
2024-03-20,,5008.99,5057.616,4978.394,5029.666,2159711200,24351210452
2024-03-21,,5106.038,5126.754,5027.706,5061.062,2287751600,26289151112
2024-03-22,,5016.278,5037.766,4894.957,4922.786,2281380100,27569432603
2024-03-25,,4922.335,5043.681,4921.321,4960.661,2409633100,27803791086
2024-03-26,,4961.1,4984.062,4877.696,4952.051,1984127600,23556349187
2024-03-27,,4941.58,4961.14,4879.072,4879.593,1852670500,20726006275
2024-03-28,,4877.083,5004.653,4877.083,4969.548,2267218100,24713875568
2024-03-29,,5015.082,5125.082,5015.082,5124.207,2700007800,31733118283
2024-04-01,,5189.458,5276.247,5176.682,5231.447,3224998800,40320542837
2024-04-02,,5221.32,5285.508,5216.255,5282.948,2851100700,37575846742
2024-04-03,,5327.312,5481.295,5292.658,5461.099,4695804400,58674058823
2024-04-08,,5481.986,5654.924,5413.686,5450.792,5621200000,67489567435
2024-04-09,,5417.531,5508.21,5392.715,5467.165,4124716600,50406322806
2024-04-10,,5486.855,5548.848,5403.612,5498.285,3790753400,46100473205
2024-04-11,,5385.56,5620.101,5366.348,5484.007,3968564700,46064219821
2024-04-12,,5546.969,5591.229,5459.896,5545.139,3428734500,41823140814
2024-04-15,,5456.042,5547.156,5344.072,5543.682,3726491900,44655806627
2024-04-16,,5497.491,5528.748,5279.437,5286.615,3476933800,43153263312
2024-04-17,,5291.189,5416.824,5291.189,5416.407,2746548100,33423940244
2024-04-18,,5374.845,5496.551,5352.688,5485.828,3078821400,38779807281
2024-04-19,,5477.903,5601.776,5402.4,5448.748,3264513100,41665174143
2024-04-22,,5466.158,5528.628,5322.667,5325.612,3182759600,39285712788
2024-04-23,,5224.546,5224.546,5076.583,5086.703,3682207200,43258278729
2024-04-24,,5047.612,5142.909,5027.002,5142.207,2489380600,31166777091
2024-04-25,,5090.4,5210.412,5057.371,5170.115,2237052700,28612187738
2024-04-26,,5165.316,5317.269,5163.57,5308.564,3029265300,37759155483
2024-04-29,,5266.287,5300.443,5214.564,5283.11,3082847300,39069802000
2024-04-30,,5298.939,5339.144,5223.068,5233.626,2745796000,31743423030
2024-05-06,,5215.306,5277.566,5143.967,5277.074,2972269400,37769786299
2024-05-07,,5300.487,5381.888,5293.498,5311.33,2690988400,32018204149
2024-05-08,,5274.474,5326.408,5212.66,5272.686,2060586400,25750968988
2024-05-09,,5261.507,5438.985,5261.507,5404.021,2691537400,33976171446
2024-05-10,,5461.911,5487.628,5347.973,5443.782,2666324200,32788422715
2024-05-13,,5371.816,5404.422,5304.81,5374.179,2108387400,26517687980
2024-05-14,,5404.844,5458.896,5364.77,5409.804,2191334000,27051659551
2024-05-15,,5391.934,5459.488,5345.334,5354.859,2182535200,25683571842
2024-05-16,,5413.912,5445.788,5294.794,5305.454,2617616900,30804639353
2024-05-17,,5308.55,5385.124,5252.125,5385.124,2184407700,25601764563
2024-05-20,,5504.409,5623.133,5450.702,5586.876,4263107900,50005063451
2024-05-21,,5599.556,5612.977,5392.255,5409.347,3721154900,40342428402
2024-05-22,,5404.484,5441.728,5333.672,5359.328,2611114600,29028918427
2024-05-23,,5205.662,5230.47,5148.833,5179.953,2690997500,30381517820
2024-05-24,,5147.302,5217.228,5147.302,5172.591,1792945800,20425015929
2024-05-27,,5175.473,5264.506,5175.473,5260.587,1939465900,22646750413
2024-05-28,,5290.612,5355.903,5251.077,5254.135,2225421800,25098352741
2024-05-29,,5253.349,5415.524,5248.36,5385.314,2839911800,31780916383
2024-05-30,,5379.746,5390.524,5201.637,5218.501,2698062700,30573943816
2024-05-31,,5215.576,5236.2,5154.198,5189.905,1875889400,22834229195
2024-06-03,,5146.046,5160.354,5041.053,5084.42,2250182100,25612786100
2024-06-04,,5096.058,5181.694,5061.202,5149.2,1972109900,22178409470
2024-06-05,,5077.521,5099.551,5019.232,5031.648,1934213800,22143320721
2024-06-06,,5087.566,5141.69,5063.056,5082.724,2126785700,25770568081
2024-06-07,,5122.093,5129.463,5012.536,5075.08,1865402400,22302286599
2024-06-11,,4949.924,4965.827,4907.289,4952.718,1997951200,23309195415
2024-06-12,,4937.533,5026.606,4937.533,5008.226,1507876400,17754404316
2024-06-13,,4995.508,4995.84,4878.264,4914.998,1804995200,20746009735
2024-06-14,,4889.559,4945.022,4866.894,4933.355,1730604800,21379876836
2024-06-17,,4904.762,4947.906,4863.068,4865.532,1588978000,18672113840
2024-06-18,,4862.53,4921.135,4831.417,4895.589,1596085500,19721688899
2024-06-19,,4907.519,4975.43,4907.519,4913.469,1670581900,19481616311
2024-06-20,,4929.605,4981.462,4868.202,4883.23,1820150700,19956391076
2024-06-21,,4902.883,4921.534,4834.472,4849.317,1514284400,18160289310
2024-06-24,,4772.298,4807.0,4730.883,4756.126,1579878300,17544590140
2024-06-25,,4752.23,4804.398,4727.809,4753.54,1363717400,14835331435
2024-06-26,,4732.098,4811.58,4675.611,4809.732,1499628800,18321801204
2024-06-27,,4778.87,4782.426,4690.291,4692.646,1396275100,16007312789
2024-06-28,,4693.408,4822.141,4692.99,4782.723,1755291700,19876963930
2024-07-01,,4807.2,4903.125,4805.865,4901.842,1972094500,22619626790
2024-07-02,,4893.753,4895.904,4813.647,4829.449,1563228200,17521221774
2024-07-03,,4827.821,4851.155,4799.591,4827.539,1325364000,15247279883
2024-07-04,,4879.176,4909.739,4793.238,4794.527,1739602200,20723246252
2024-07-05,,4790.656,4927.275,4759.44,4921.862,1828484500,21987181416
2024-07-08,,4929.926,4947.364,4862.957,4872.421,1889258900,21777222392
2024-07-09,,4866.354,4977.419,4846.448,4965.89,2125587600,23281443340
2024-07-10,,4960.314,5034.835,4878.122,4891.868,2186355400,26928933650
2024-07-11,,4943.113,5095.359,4911.54,5077.696,2563955400,30746166323
2024-07-12,,5105.059,5109.44,4956.256,4981.514,2774314300,31806670697
2024-07-15,,4970.376,5071.335,4950.391,5031.272,2330907800,25359634884
2024-07-16,,5016.237,5083.303,5016.237,5068.771,2094962200,24075204108
2024-07-17,,5096.266,5098.045,4923.932,4930.538,2673141900,30366200917
2024-07-18,,4880.593,4930.142,4816.176,4928.538,1996101700,22154951855
2024-07-19,,4813.548,4853.891,4738.116,4842.172,2209253300,25126388026
2024-07-22,,4804.843,4822.684,4740.481,4790.756,1872114000,21324893232
2024-07-23,,4786.804,4799.837,4557.636,4558.02,2484008000,25750803274
2024-07-24,,4550.355,4573.459,4496.753,4517.462,1782282400,17856980819
2024-07-25,,4450.93,4472.056,4393.101,4405.702,2147652800,23673376787
2024-07-26,,4411.43,4538.324,4411.43,4504.16,1758051900,19105902256
2024-07-29,,4526.19,4552.054,4486.069,4502.008,1351017400,15200934339
2024-07-30,,4476.036,4476.036,4418.766,4457.062,1345152800,14049174925
2024-07-31,,4475.839,4630.68,4471.811,4630.047,1898999600,21772983221
2024-08-01,,4678.357,4704.177,4595.567,4612.416,1698998700,19187475841
2024-08-02,,4545.863,4571.674,4520.854,4542.13,1630543700,18712716068
2024-08-05,,4468.957,4550.612,4434.557,4434.557,1817192800,20627522935
2024-08-06,,4454.46,4477.353,4388.364,4432.107,1792353200,18499579174
2024-08-07,,4418.143,4478.942,4390.848,4442.585,1497277400,14414623115
2024-08-08,,4416.462,4426.104,4363.464,4403.968,1356477700,13661437075
2024-08-09,,4449.246,4490.786,4414.564,4414.564,1582953700,15359428676
2024-08-12,,4410.477,4436.803,4397.155,4416.236,1102708900,10250138176
2024-08-13,,4450.701,4464.209,4400.223,4445.529,1295248700,13487890061
2024-08-14,,4440.132,4450.829,4380.465,4381.956,992794800,10042567428
2024-08-15,,4361.729,4444.255,4348.174,4422.42,1260705300,12351167407
2024-08-16,,4459.301,4485.865,4408.68,4419.83,1494704300,16146855245
2024-08-19,,4441.443,4538.465,4441.443,4496.76,1577555300,17047265539
2024-08-20,,4510.638,4532.814,4427.689,4448.472,1451104700,16962960902
2024-08-21,,4442.628,4508.15,4420.762,4500.632,1387792400,16502331932
2024-08-22,,4495.962,4500.764,4429.514,4435.804,1241607700,13867229615
2024-08-23,,4405.111,4436.989,4382.288,4416.353,1046704100,11322894638
2024-08-26,,4452.075,4475.987,4423.104,4472.035,1515456800,17091614922
2024-08-27,,4456.864,4456.864,4385.286,4414.683,1212946000,13241662774
2024-08-28,,4407.079,4455.332,4362.447,4379.832,1429338800,14582574893
2024-08-29,,4349.838,4437.433,4326.184,4421.119,1389431500,14794017347
2024-08-30,,4406.408,4480.465,4383.189,4429.697,2256952000,24994932228
2024-09-02,,4403.591,4403.591,4325.317,4329.841,1738613200,18327622330
2024-09-03,,4318.61,4392.491,4306.728,4350.391,1309243600,15634889532
2024-09-04,,4297.216,4315.678,4241.039,4252.531,1776133500,18001375870
2024-09-05,,4261.268,4316.112,4225.996,4251.514,1337942700,14137605092
2024-09-06,,4263.313,4267.562,4219.71,4222.648,1084454700,11426023445
2024-09-09,,4178.824,4178.824,4117.62,4140.962,1473367600,15557810956
2024-09-10,,4159.07,4167.113,4081.4,4134.468,1207532700,12646523765
2024-09-11,,4128.061,4184.071,4125.559,4181.945,1450859200,18586344267
2024-09-12,,4186.002,4228.158,4161.423,4173.736,1386269400,16506961293
2024-09-13,,4222.516,4237.894,4157.744,4158.412,1655926700,19780466001
2024-09-18,,4180.598,4209.027,4124.294,4192.776,1352298100,15031753014
2024-09-19,,4203.613,4322.627,4141.51,4319.141,2106075200,21828882232
2024-09-20,,4311.514,4378.945,4285.584,4377.19,1835668000,19752729285
2024-09-23,,4368.15,4424.2,4357.264,4371.89,1405365100,15544290833
2024-09-24,,4409.523,4551.92,4396.701,4544.519,2484625900,30209069262
2024-09-25,,4626.377,4719.458,4592.905,4595.511,2781185400,34601128943
2024-09-26,,4592.836,4767.94,4579.1,4767.94,2298643400,27841019391
2024-09-27,,4863.449,4983.844,4857.928,4963.644,2659353300,37068199199
2024-09-30,,5152.522,5386.184,5056.604,5337.666,5560323800,79072840711
2024-10-08,,5828.202,5828.202,5232.529,5448.847,7061012000,102029617818
2024-10-09,,5322.474,5322.474,5003.249,5003.249,4651711300,64959120806
2024-10-10,,5016.318,5223.996,4965.55,5086.258,3466829000,46945674111
2024-10-11,,5107.833,5107.833,4939.962,4985.153,2548098800,34455900235
2024-10-14,,5008.934,5154.517,4990.072,5141.54,2987213800,37719140510
2024-10-15,,5094.123,5110.489,4957.645,4957.645,2531502300,31763930449
2024-10-16,,4912.361,5033.381,4908.026,4999.285,2050845500,27124583536
2024-10-17,,5025.082,5048.617,4920.794,4923.963,1849825600,24022510439
2024-10-18,,4931.191,5119.789,4928.195,5035.973,2880781400,38723505771
2024-10-21,,5099.783,5217.373,5074.26,5165.014,3185338300,43527890537
2024-10-22,,5140.186,5211.13,5112.143,5204.996,2416089400,33193398204
2024-10-23,,5231.364,5261.678,5141.287,5211.449,2528012200,36494811383
2024-10-24,,5154.282,5165.248,5079.295,5131.832,1967576800,26768411045
2024-10-25,,5115.123,5220.362,5097.193,5161.584,2693193300,41577519300
2024-10-28,,5152.319,5198.344,5136.973,5198.344,2543718300,34505963657
2024-10-29,,5201.353,5209.003,5109.557,5120.195,2960556900,38073517363
2024-10-30,,5109.625,5149.601,5022.996,5066.941,2676318500,34080423197
2024-10-31,,5050.707,5096.362,5014.199,5048.057,2830813600,37507967711
2024-11-01,,5026.569,5312.434,5020.708,5205.37,4821429600,62246019165
2024-11-04,,5266.922,5269.646,5150.62,5237.422,3779837500,55402512288
2024-11-05,,5199.953,5426.177,5191.144,5402.948,4376397400,63499501962
2024-11-06,,5404.58,5540.974,5394.397,5446.073,4698548900,75026400098
2024-11-07,,5329.248,5436.765,5280.37,5436.541,4226773500,62018622768
2024-11-08,,5519.867,5554.014,5360.548,5373.033,4061252600,59268306367
2024-11-11,,5323.462,5395.975,5275.255,5395.975,3607669600,55412213382
2024-11-12,,5374.835,5489.229,5277.319,5320.807,3925748900,64862747664
2024-11-13,,5307.417,5410.75,5284.977,5363.926,2629397400,47278414253
2024-11-14,,5331.856,5358.564,5178.827,5186.537,2679972000,43534315692
2024-11-15,,5169.942,5233.61,5095.25,5095.25,2281250400,34497222416
2024-11-18,,5079.953,5112.343,4970.739,5000.141,2673528500,34744932836
2024-11-19,,5042.697,5173.092,5017.239,5173.092,2457229500,36879674465
2024-11-20,,5183.799,5221.316,5152.854,5195.425,2248678300,37472671887
2024-11-21,,5181.795,5217.891,5154.894,5214.1,1992777500,30798118886
2024-11-22,,5202.342,5218.624,5072.311,5075.054,2553835400,38283255692
2024-11-25,,5086.806,5151.876,5004.079,5054.436,1915857800,29502806908
2024-11-26,,5032.555,5051.626,4977.755,4980.139,1469365900,21990170327
2024-11-27,,4962.933,5030.751,4877.123,5030.751,1735239400,24430298047
2024-11-28,,5008.831,5015.961,4952.361,4957.916,1658832800,22831075560
2024-11-29,,4955.607,5055.221,4922.792,5021.976,1974430400,26906887380
2024-12-02,,5018.165,5078.779,5009.044,5067.189,2317837600,28271085979
2024-12-03,,5073.139,5078.254,5022.818,5065.347,1864420800,25870995940
2024-12-04,,5110.937,5123.289,5054.45,5069.883,2494261100,32273054698
2024-12-05,,5042.597,5051.227,5006.036,5032.849,1876455200,23786714967
2024-12-06,,5019.833,5087.387,4996.35,5075.832,2059412800,25666816102
2024-12-09,,5077.887,5133.525,5059.604,5083.385,2210326500,26902520339
2024-12-10,,5215.859,5233.826,5085.599,5094.679,2809999800,35658311342
2024-12-11,,5096.873,5203.024,5094.864,5161.971,2472381000,28388298499
2024-12-12,,5161.509,5201.647,5147.96,5195.435,2062275500,26398261560
2024-12-13,,5147.204,5147.513,5036.59,5037.622,3001855400,33582288167
2024-12-16,,5027.434,5040.552,4949.703,4964.339,1800795500,21958558324
2024-12-17,,4955.64,4992.352,4927.437,4932.693,1610106600,18753112397
2024-12-18,,4940.174,4961.29,4902.932,4911.223,1489241600,16519630867
2024-12-19,,4852.194,4898.628,4808.208,4887.819,1611728700,18263981034
2024-12-20,,4882.283,4895.233,4847.595,4854.2,1644487000,19553345004
2024-12-23,,4870.32,4892.916,4834.929,4842.602,1755615300,20157047621
2024-12-24,,4838.177,4890.698,4834.82,4889.811,1453734600,17316960051
2024-12-25,,4889.094,4889.589,4811.483,4835.868,1240777400,15068800261
2024-12-26,,4836.145,4880.344,4836.145,4856.487,1176090400,14388316826
2024-12-27,,4856.415,4881.617,4823.482,4828.456,1514426800,17997923923
2024-12-30,,4824.307,4862.764,4819.369,4855.818,1529384600,18774869882
2024-12-31,,4847.206,4847.415,4730.148,4730.855,1792531200,20545810611
2025-01-02,,4734.761,4797.05,4660.742,4691.669,2203879500,25399125244
2025-01-03,,4702.297,4844.569,4702.297,4723.479,2838275600,32613711776
2025-01-06,,4735.752,4849.12,4700.478,4765.648,2322245700,28007350776
2025-01-07,,4760.691,4867.585,4727.014,4863.109,2127456300,25703980324
2025-01-08,,4845.03,4851.611,4720.012,4789.187,2002572500,22907430026
2025-01-09,,4781.034,4835.492,4764.478,4819.629,1532810500,18817460530
2025-01-10,,4836.132,4893.434,4794.343,4806.619,1848547200,21666923084
2025-01-13,,4774.262,4941.582,4768.783,4909.484,2345642300,29041527404
2025-01-14,,4889.334,4983.973,4863.289,4980.834,2387076900,29554491615
2025-01-15,,4967.301,4984.183,4883.242,4919.271,2110855400,26799506057
2025-01-16,,4956.448,5039.239,4956.448,5011.174,2742448600,31512851412
2025-01-17,,5027.812,5053.24,5001.971,5039.542,1939149800,23092263783
2025-01-20,,5041.026,5046.135,4987.401,4999.544,1849188400,23220724813
2025-01-21,,5011.007,5013.617,4929.557,4972.366,1518633600,19715596394
2025-01-22,,4975.827,4986.226,4938.632,4973.362,1581733400,21034052049
2025-01-23,,4995.458,5041.182,4932.053,4932.053,2016404100,24627233174
2025-01-24,,4935.302,4987.463,4911.007,4985.055,1734752800,21796240611
2025-01-27,,4978.985,5023.651,4961.43,4966.344,1568746700,19625118425
2025-02-05,,5035.16,5042.97,4991.881,5025.064,2082729700,27502685105
2025-02-06,,5031.693,5083.019,5013.632,5082.003,2425779600,31518244367
2025-02-07,,5072.081,5166.305,5044.652,5142.777,2885507200,34707892517
2025-02-10,,5153.659,5187.689,5130.411,5162.238,2495237600,31248026669
2025-02-11,,5177.614,5226.011,5155.281,5162.895,2569227600,34424916661
2025-02-12,,5123.447,5133.603,5062.823,5127.753,2351367700,30227405793
2025-02-13,,5125.498,5162.562,5096.274,5096.274,1891005200,25000914108
2025-02-14,,5117.063,5152.333,5096.882,5133.529,1761686900,22752105153
2025-02-17,,5075.251,5075.251,4991.824,5014.884,2320535500,29176129991
2025-02-18,,5017.145,5036.409,4959.437,4975.737,1752462600,22333124198
2025-02-19,,4987.605,5017.818,4973.758,5016.485,1905570600,25385509613
2025-02-20,,5024.473,5047.769,4997.679,5038.099,1919254000,26462369200
2025-02-21,,5040.878,5087.461,5009.292,5019.199,2312991500,29888150773
2025-02-24,,4999.841,5024.482,4980.769,5016.946,1952090300,25263361999
2025-02-25,,5003.006,5035.873,4948.128,4954.732,1910882100,25821430485
2025-02-26,,4952.106,5019.743,4952.106,4980.232,2010051500,24921512402
2025-02-27,,4983.188,4986.277,4909.186,4953.904,2108835000,28548597525
2025-02-28,,4926.906,4948.37,4871.102,4875.916,1968088400,26797725943
2025-03-03,,4912.789,5047.354,4912.789,4990.248,2477854900,34874511184
2025-03-04,,4985.008,5027.579,4944.92,5019.106,1791215000,25818490692
2025-03-05,,5018.909,5061.364,4965.818,5061.364,2139508200,26870840644
2025-03-06,,5095.692,5137.89,5094.627,5132.792,2603419900,33488938605
2025-03-07,,5131.92,5257.373,5130.523,5200.951,3271794500,42467135635
2025-03-10,,5240.118,5269.983,5190.187,5262.547,3416814400,40666165524
2025-03-11,,5184.56,5291.652,5171.488,5291.652,3146951700,41199596817
2025-03-12,,5307.28,5319.639,5268.422,5295.608,2816797000,36246984703
2025-03-13,,5316.945,5353.105,5278.419,5323.928,2599122600,35442566519
2025-03-14,,5432.566,5451.865,5353.699,5390.544,3654292700,51006940466
2025-03-17,,5381.291,5402.914,5329.93,5338.227,2584109300,36955193917
2025-03-18,,5360.081,5459.372,5355.671,5412.393,2783588600,39036334443
2025-03-19,,5404.888,5417.754,5359.181,5416.809,2132223800,30966569325
2025-03-20,,5448.004,5465.808,5396.011,5401.033,2299744600,32286351247
2025-03-21,,5383.206,5405.79,5255.572,5273.028,2442427800,34043596458
2025-03-24,,5278.269,5386.013,5252.308,5361.386,3469552500,41878825183
2025-03-25,,5365.964,5412.629,5327.499,5382.699,3049623900,36801188057
2025-03-26,,5418.914,5481.305,5341.553,5353.281,3768186100,45555098379
2025-03-27,,5301.366,5328.634,5254.978,5298.609,2519908300,31456542201
2025-03-28,,5318.026,5329.308,5245.903,5297.946,2554088000,32856216681
2025-03-31,,5269.924,5295.42,5202.553,5254.778,2396680000,31314779160
2025-04-01,,5269.002,5306.447,5246.783,5266.489,2004048600,26767835851
2025-04-02,,5247.187,5281.161,5203.577,5212.905,1679490300,22193166915
2025-04-03,,5193.28,5207.657,5127.062,5135.933,2419256000,29944078549
2025-04-07,,4748.183,4826.444,4667.87,4712.112,3567833200,46658753604
2025-04-08,,4684.635,4696.068,4581.662,4696.068,4458983800,51149142669
2025-04-09,,4606.947,4761.514,4507.587,4755.701,4121919500,50013543410
2025-04-10,,4871.742,4972.862,4831.453,4922.946,3811216500,49415239242
2025-04-11,,4966.792,5001.528,4939.713,4968.428,2799024500,39828184708
2025-04-14,,5005.116,5131.134,4996.549,5081.075,3185122500,43391482188
2025-04-15,,5073.03,5073.874,5014.945,5048.146,2155541900,30342420414
2025-04-16,,5086.81,5091.702,4974.085,5047.327,2367807900,32614226125
2025-04-17,,5076.625,5121.703,5004.655,5017.082,2348897300,35778615536
2025-04-18,,4996.844,5013.46,4948.624,5003.834,1732901900,24916810168
2025-04-21,,5038.182,5191.567,5025.51,5191.304,2661119100,37127627453
2025-04-22,,5201.152,5225.165,5157.68,5171.046,2705736700,38956541808
2025-04-23,,5119.362,5154.202,5079.378,5094.796,2688799100,40805797783
2025-04-24,,5122.747,5137.225,5059.624,5065.062,1856969900,27025473142
2025-04-25,,5082.895,5133.81,5067.31,5074.694,2084576200,27718305776
2025-04-28,,5059.032,5071.313,5032.791,5056.025,1873571000,22474110389
2025-04-29,,5054.549,5066.849,5032.319,5045.908,1361110900,16834297349
2025-04-30,,5039.822,5069.427,5030.264,5033.801,1537108700,19451614349
2025-05-06,,5093.285,5153.371,5093.285,5150.879,2328932300,33015985318
2025-05-07,,5186.949,5189.239,5132.827,5166.172,2311521600,31239486014
2025-05-08,,5138.206,5170.103,5109.997,5127.958,1760196600,23901300060
2025-05-09,,5107.465,5128.818,5085.033,5113.085,1617850500,21656899162
2025-05-12,,5108.337,5156.072,5077.241,5155.642,2096415000,28105963706
2025-05-13,,5165.853,5184.437,5141.529,5170.023,1886597900,25910431727
2025-05-14,,5164.646,5215.846,5164.646,5214.173,2053071100,28341174144
2025-05-15,,5194.245,5205.502,5135.925,5150.699,2042450400,29533154842
2025-05-16,,5145.429,5177.463,5123.089,5141.177,1658412500,23661794215
2025-05-19,,5146.373,5152.396,5096.003,5113.467,1569957900,20137848743
2025-05-20,,5110.228,5145.818,5110.228,5133.9,1517134700,21291916382
2025-05-21,,5167.629,5246.601,5150.737,5245.777,2206643800,31207242061
2025-05-22,,5224.813,5245.007,5184.021,5186.985,1568985300,22245816490
2025-05-23,,5177.266,5231.925,5177.266,5191.143,1586827700,23917550506
2025-05-26,,5185.268,5243.084,5175.974,5201.332,1684140900,23142371096
2025-05-27,,5194.018,5198.91,5075.461,5099.27,1729802600,21859117700
2025-05-28,,5092.712,5118.432,5092.176,5099.708,1109634200,14658967203
2025-05-29,,5068.636,5135.446,5061.523,5117.341,1383012000,17947849565
2025-05-30,,5115.049,5115.049,5064.263,5077.732,1194692000,14989062059
2025-06-03,,5123.901,5169.601,5118.598,5142.65,1746673700,23472459162
2025-06-04,,5146.815,5230.289,5146.815,5210.674,2010484000,27361999680
2025-06-05,,5219.17,5238.541,5178.165,5188.724,1773964300,24885228143
2025-06-06,,5210.094,5270.038,5210.094,5247.582,2477499500,29161551684
2025-06-09,,5233.359,5272.649,5195.144,5265.345,2640667700,34583623294
2025-06-10,,5264.436,5291.995,5232.323,5266.822,2251053200,31251402460
2025-06-11,,5262.438,5393.311,5262.438,5373.012,2818375600,39812442948
2025-06-12,,5376.479,5440.71,5344.782,5432.972,2350001100,34166350715
2025-06-13,,5449.453,5464.914,5394.288,5423.582,2785945800,40055922710
2025-06-16,,5412.295,5457.286,5380.348,5400.916,2063510900,31922394536
2025-06-17,,5389.558,5431.416,5389.558,5401.748,1558271500,25628690875
2025-06-18,,5404.055,5415.486,5339.803,5384.799,1636860100,22982298887
2025-06-19,,5362.146,5379.488,5280.233,5297.865,1755158400,24800609297
2025-06-20,,5284.231,5310.349,5256.833,5262.304,1473225000,21721143039
2025-06-23,,5264.711,5314.747,5264.711,5304.682,1516979300,23917291729
2025-06-24,,5298.593,5378.689,5287.169,5335.324,1960943500,30685453656
2025-06-25,,5337.889,5377.018,5320.76,5376.723,1819385400,27918898943
2025-06-26,,5378.046,5450.775,5354.732,5389.208,2075395800,30152712893
2025-06-27,,5420.238,5543.274,5420.238,5490.051,3306644000,43596844639
2025-06-30,,5498.552,5504.299,5446.922,5489.169,2602632800,35694292266
2025-07-01,,5499.276,5571.247,5448.266,5571.247,2429399600,33166890644
2025-07-02,,5554.126,5662.977,5546.481,5621.458,3039714000,41193343705
2025-07-03,,5643.949,5653.153,5583.787,5631.39,2269747900,33051795858
2025-07-04,,5588.908,5603.37,5528.414,5546.859,2253857600,31954658517
2025-07-07,,5512.33,5532.914,5491.051,5497.783,1571458800,20979264324
2025-07-08,,5512.678,5581.311,5512.678,5556.51,1916209200,28960042023
2025-07-09,,5581.423,5581.423,5430.756,5441.971,2973183600,38461620955
2025-07-10,,5476.37,5534.698,5473.261,5516.779,2580370300,40355197882
2025-07-11,,5559.983,5687.054,5552.443,5618.295,3630859400,58495260029
2025-07-14,,5683.92,5724.706,5649.056,5649.056,3805589000,65437169248
2025-07-15,,5625.135,5660.1,5541.919,5588.76,2906667600,46973986247
2025-07-16,,5583.187,5607.987,5545.185,5569.552,2079108900,33318309359
2025-07-17,,5563.152,5601.547,5545.711,5591.901,2059826200,36431758861
2025-07-18,,5606.695,5757.227,5606.695,5730.54,3300180700,60241660093
2025-07-21,,5760.516,5890.146,5745.236,5890.065,4019626000,64054205088
2025-07-22,,5898.152,6022.791,5889.251,6022.624,4308670500,70709272812
2025-07-23,,6050.854,6069.088,5992.76,6008.015,3726553500,64218910657
2025-07-24,,5965.546,6217.897,5965.546,6199.753,4764865000,92805515799
2025-07-25,,6184.004,6232.168,6162.856,6199.131,3910728100,81537971872
2025-07-28,,6132.85,6188.817,6059.942,6169.225,3477778800,71152318131
2025-07-29,,6122.173,6187.555,6118.28,6159.273,2839804200,57533888221
2025-07-30,,6179.274,6195.214,6068.498,6124.562,3293951500,65481272900
2025-07-31,,6027.652,6029.349,5886.63,5912.821,3659112600,63986321163
2025-08-01,,5904.43,5936.047,5880.562,5892.218,2360603600,44127699051
2025-08-04,,5910.0,5996.255,5910.0,5993.997,2544566000,45437293193
2025-08-05,,6015.366,6036.535,5990.295,6020.872,2530031300,39376004310
2025-08-06,,6016.498,6101.434,6016.341,6092.118,3054016900,43464017594
2025-08-07,,6111.706,6170.996,5999.525,6170.613,3792822800,67837952245
2025-08-08,,6149.178,6279.151,6146.594,6245.298,3341667200,63428429789
2025-08-11,,6298.936,6298.936,6219.842,6272.496,3282846400,62345066823
2025-08-12,,6239.347,6269.413,6190.113,6248.478,2786304900,56306581582
2025-08-13,,6256.08,6382.329,6256.08,6378.823,3776565200,62031061328
2025-08-14,,6374.157,6419.827,6312.931,6321.805,3472699800,63509119866
2025-08-15,,6279.969,6487.666,6279.969,6460.95,3648624200,63910159054
2025-08-18,,6507.948,6546.741,6412.88,6486.52,4599594000,85431446994
2025-08-19,,6483.048,6565.277,6445.071,6462.249,3998755800,84798431686
2025-08-20,,6417.41,6581.486,6415.751,6520.59,3794500400,75940147792
2025-08-21,,6525.43,6621.998,6471.937,6497.759,3355856000,67466237140
2025-08-22,,6489.776,6611.399,6489.776,6580.167,3340647600,73573505485
2025-08-25,,6687.622,6917.636,6687.622,6903.491,5545996200,112051023553
2025-08-26,,6877.861,6933.855,6805.884,6870.37,4268637900,90065278284
2025-08-27,,6901.211,6991.405,6817.565,6817.816,4571788100,102067826489
2025-08-28,,6783.882,6945.91,6755.74,6927.943,4279721300,97334225027
2025-08-29,,6972.437,7170.989,6959.989,7116.626,5180136000,109616025816
2025-09-01,,7225.174,7362.552,7093.79,7358.718,5745659200,121228562712
2025-09-02,,7407.732,7416.463,7214.02,7273.556,5179313100,112767381621
2025-09-03,,7383.275,7418.262,7152.088,7228.092,5097544300,99080177605
2025-09-04,,7206.348,7298.581,6834.898,6937.509,5416328500,105732407157
2025-09-05,,6918.965,7250.263,6918.965,7240.625,4554996800,92636584020
2025-09-08,,7319.932,7327.787,7179.998,7233.465,4282478600,91648522844
2025-09-09,,7242.384,7445.827,7218.142,7296.632,4722719300,99013022416
2025-09-10,,7149.085,7288.005,7106.544,7212.164,3573749500,75269500050
2025-09-11,,7204.255,7341.196,7179.002,7341.072,3589982100,78730725043
2025-09-12,,7393.572,7585.12,7381.955,7514.754,5904048400,109940242815
2025-09-15,,7502.781,7574.641,7457.627,7464.139,4171108900,85213957144
2025-09-16,,7538.579,7556.642,7202.477,7366.107,4665538700,89648474154
2025-09-17,,7305.121,7382.678,7238.373,7381.727,3634362000,71280252444
2025-09-18,,7282.398,7284.717,7026.306,7106.054,4425309900,84668195288
2025-09-19,,7100.063,7263.3,7100.063,7195.213,3046147700,65960355716
2025-09-22,,7296.774,7307.27,7140.588,7270.095,3093909200,66853786697
2025-09-23,,7283.043,7384.284,7090.115,7208.876,3570585600,73838300912
2025-09-24,,7176.717,7313.192,7156.572,7311.21,2783853600,60960901711
2025-09-25,,7442.818,7510.56,7383.132,7444.12,4856110700,93866029993
2025-09-26,,7433.171,7607.913,7433.171,7451.214,4021352600,77513817543
2025-09-29,,7526.426,7742.292,7455.312,7733.664,4778547200,89713852470
2025-09-30,,7832.198,8031.716,7827.442,8011.26,5219976600,109508303839
2025-10-09,,8380.477,8664.22,8342.718,8664.22,6478233000,151128619914
2025-10-10,,8586.151,8687.39,8360.755,8422.515,6345462500,148288490106
2025-10-13,,8205.542,8752.606,8205.542,8735.789,6735679500,155967740453
2025-10-14,,8959.504,8986.406,8322.547,8404.183,7449766500,173413211235
2025-10-15,,8483.138,8529.748,8230.782,8475.591,5271366300,123000619211
2025-10-16,,8424.065,8484.342,8246.023,8287.382,4530196000,93355666368
2025-10-17,,8373.438,8464.327,8098.115,8124.19,4657622600,98949410632
2025-10-20,,8047.389,8121.347,7947.459,8003.66,3742921800,81073382537
2025-10-21,,8090.883,8204.948,8011.176,8124.613,3938396000,77285466620
2025-10-22,,7830.398,8044.363,7830.398,8021.156,3683436100,74411344608
2025-10-23,,7972.127,8130.433,7864.302,8114.059,3673930900,72942218328
2025-10-24,,8188.346,8288.214,8147.083,8251.67,3946841300,81591371833
2025-10-27,,8314.591,8505.31,8312.771,8452.773,4665282100,104126240720
2025-10-28,,8389.84,8399.153,8159.16,8182.017,4902256600,99039776462
2025-10-29,,8232.565,8563.458,8232.565,8555.401,4967778500,96757581456
2025-10-30,,8490.627,8763.565,8476.285,8656.352,6056606400,137362939784
2025-10-31,,8640.299,8658.502,8451.838,8451.838,4569070000,103597947776
2025-11-03,,8424.744,8436.846,8112.697,8341.431,4517564700,93064830865
2025-11-04,,8277.053,8323.605,8010.658,8074.168,3703947100,75510716364
2025-11-05,,7878.713,8155.829,7858.922,8113.034,3262666900,71724892591
2025-11-06,,8109.523,8377.193,8109.523,8371.906,4086061000,78902411878
2025-11-07,,8337.568,8487.546,8308.295,8433.687,3790513900,78327492239
2025-11-10,,8535.884,8615.412,8404.794,8475.075,4030364300,85484538183
2025-11-11,,8542.114,8574.059,8336.302,8357.435,3471234500,70603685458
2025-11-12,,8325.709,8483.487,8232.811,8358.627,3948701700,71463305087
2025-11-13,,8432.756,8773.561,8413.495,8702.818,5169990600,111296284895
2025-11-14,,8568.202,8640.689,8480.594,8528.091,3496237000,76806681185
2025-11-17,,8500.31,8593.991,8457.121,8500.389,3587050100,88113996874
2025-11-18,,8460.63,8490.481,8190.689,8255.125,3862568300,89118696295
2025-11-19,,8303.059,8538.734,8302.946,8485.464,3263855700,83800539147
2025-11-20,,8487.666,8660.389,8438.357,8454.183,3070744100,80265067084
2025-11-21,,8219.856,8227.022,7997.582,8005.251,3522172400,72379141271
2025-11-24,,8006.622,8014.406,7806.92,7932.831,2797907100,64814738339
2025-11-25,,8034.895,8162.918,7998.017,8119.594,2853933900,65200631410
2025-11-26,,8161.557,8219.607,8099.188,8112.412,2452838900,55135355600
2025-11-27,,8185.851,8292.884,8122.191,8132.385,2422493700,52796701967
2025-11-28,,8147.014,8292.945,8108.703,8265.747,2453566700,56651334315
2025-12-01,,8483.133,8644.414,8451.794,8517.865,4386865700,90830838141
2025-12-02,,8446.813,8446.813,8344.49,8395.876,2417742900,51273256628
2025-12-03,,8412.882,8554.347,8391.51,8447.906,3462346400,69104637077
2025-12-04,,8570.434,8664.003,8445.917,8476.952,3361598400,69512344845
2025-12-05,,8460.165,8716.893,8460.165,8689.026,4040104400,75032721544
2025-12-08,,8694.68,8757.438,8584.848,8750.457,3709758200,77806474933
2025-12-09,,8664.398,8664.398,8415.232,8472.402,3560300700,68911735809
2025-12-10,,8516.351,8567.954,8432.163,8553.915,2541426000,53847941216
2025-12-11,,8631.481,8698.474,8486.2,8489.621,2886299900,62688831998
2025-12-12,,8631.315,8644.591,8500.655,8593.434,3244931900,69635181872
2025-12-15,,8466.697,8641.48,8461.707,8542.183,2632404500,56645094757
2025-12-16,,8493.132,8521.37,8249.412,8317.677,2762695800,58689899094
2025-12-17,,8385.848,8651.67,8373.383,8596.192,3031251500,68084618080
2025-12-18,,8556.666,8722.857,8540.397,8577.96,2455261300,55627078831
2025-12-19,,8576.641,8765.623,8490.748,8758.903,2895151200,66803758460
2025-12-22,,8838.305,9004.198,8838.305,8955.906,3321849300,76437061412
2025-12-23,,9001.462,9169.115,8910.992,9009.758,3673899000,82405099381
2025-12-24,,9094.767,9111.344,8969.993,9047.289,3162232700,71783271218
2025-12-25,,8927.539,8990.522,8848.235,8962.074,2712620000,60271308269
2025-12-26,,9083.659,9356.683,9075.556,9309.858,4746200900,95159375331
2025-12-29,,9414.915,9419.084,9091.695,9100.384,5107456900,103732023845
2025-12-30,,8853.516,9312.956,8852.353,9255.895,4001311600,84070070715
2025-12-31,,9253.915,9508.805,9247.729,9342.489,4112577400,86839020406
2026-01-05,,9487.003,9612.237,9398.383,9597.605,4838104700,99421680614
2026-01-06,,9748.127,10048.623,9731.43,9990.759,5493082900,123363464056
2026-01-07,,10050.436,10187.012,9932.459,10049.221,5509365800,132730775412
2026-01-08,,9930.658,10089.529,9732.478,9845.054,4512805000,103235920404
2026-01-09,,9763.913,10188.439,9763.913,10131.175,4758683900,110689983013
2026-01-12,,10359.743,10380.155,10092.385,10244.237,5342332300,126962664156
2026-01-13,,10236.608,10594.806,10216.575,10375.113,5108404200,127156564537
2026-01-14,,10423.956,10667.751,10332.861,10432.474,5992466200,143761237503
2026-01-15,,10413.918,10863.258,10402.011,10628.857,5751778100,136549538382
2026-01-16,,10634.606,10889.57,10486.969,10530.109,5717753200,134463136429
2026-01-19,,10542.286,10616.951,10323.144,10554.922,4742001100,107788914309
2026-01-20,,10610.016,10699.083,10218.491,10595.491,5332114800,118285094256
2026-01-21,,10616.357,10914.679,10571.222,10901.695,5119132600,124137529831
2026-01-22,,10788.787,10884.497,10673.092,10816.591,4472972400,104607886006
2026-01-23,,10993.678,11168.908,10885.129,11107.732,5899163900,140812123749
2026-01-26,,11402.728,11726.693,11402.728,11680.365,8069903100,196950163363
2026-01-27,,11556.039,11882.781,11368.537,11575.572,7927624700,197808643813
2026-01-28,,11680.255,12334.158,11557.896,12311.466,8612624900,224061669852
2026-01-29,,12608.631,12914.909,11952.593,12560.047,11027122500,293138731252
2026-01-30,,11923.604,11995.648,11369.169,11525.631,7894667900,214717006263
2026-02-02,,10681.725,11011.221,10601.272,10615.722,5930602400,144983819208
2026-02-03,,10654.359,10978.18,10452.659,10940.59,7545466100,181501513607
2026-02-04,,11116.096,11122.331,10809.069,10964.097,5636809200,130866292018
2026-02-05,,10690.836,10804.862,10248.794,10424.136,5329464000,126527311277
2026-02-06,,10002.949,10596.331,9987.539,10463.076,4946850100,114922149365
2026-02-09,,10689.632,10752.172,10569.762,10674.91,3951370900,99427505723
2026-02-10,,10699.187,10763.571,10596.361,10665.114,3257808600,80448537244
2026-02-11,,10641.704,11047.543,10641.704,10953.328,3963989700,107903755631
2026-02-12,,10942.496,11171.364,10941.835,11026.928,3837918600,104248639877
2026-02-13,,10779.478,10905.673,10627.014,10637.446,3685027200,95954258124
2026-02-24,,10996.28,11048.496,10916.161,10980.864,4037494200,102778263901
2026-02-25,,11044.855,11519.697,10988.406,11394.843,5594232500,151546539960
2026-02-26,,11520.418,11520.418,11287.225,11309.735,4354839100,125812901926
2026-02-27,,11250.592,11704.11,11250.592,11703.194,5135296500,142708920275
2026-03-02,,11922.957,12139.13,11526.898,12115.818,7566071300,211753656466
2026-03-03,,11916.026,12045.374,11421.401,11437.903,6685152800,192482920684
2026-03-04,,11098.76,11658.116,11098.76,11393.905,5193265500,139968045406
2026-03-05,,11586.42,11596.678,11179.67,11309.425,4498299400,117540491597
2026-03-06,,11142.47,11265.154,10925.367,11072.164,3724036800,100928253234
2026-03-09,,10842.288,11041.591,10569.43,10973.412,4482849800,119208140517
2026-03-10,,11063.446,11127.802,10990.667,11078.753,3161153300,84863239088
2026-03-11,,11122.86,11176.692,10997.027,11032.423,3215998600,88533485467
2026-03-12,,10982.967,11100.838,10834.12,10964.629,3906210800,97123447176
2026-03-13,,10878.04,11093.0,10637.196,10666.851,3986170900,101843204993
2026-03-16,,10564.564,10594.158,10075.374,10353.941,4735371300,115656173757
2026-03-17,,10383.99,10486.096,10165.46,10167.738,3237828600,78536770011
2026-03-18,,10162.119,10178.416,9915.58,10082.885,3142043300,74115952873
2026-03-19,,9775.508,9835.278,9418.629,9463.428,4779237900,109838984878
2026-03-20,,9512.259,9605.69,9339.405,9356.165,3711258300,89589917402
2026-03-23,,9034.499,9267.542,8867.862,8923.323,4763828100,106125769050
2026-03-24,,9102.029,9208.322,8810.637,9208.19,4286117000,101417069039
2026-03-25,,9479.311,9606.865,9410.536,9488.199,4397758000,111122039743
2026-03-26,,9472.785,9534.022,9280.981,9325.482,2995510500,78996873179
2026-03-27,,9168.59,9656.383,9168.59,9586.074,3290464700,92841294920
2026-03-30,,9629.256,9761.0,9497.179,9759.443,4231938700,98134905125
2026-03-31,,9788.152,9844.144,9573.381,9616.029,3779643000,88807513079
2026-04-01,,9849.455,9897.012,9743.456,9854.886,3528095600,89254371527
2026-04-02,,9819.16,9871.612,9595.29,9687.983,3156899300,80065515384
2026-04-03,,9707.526,9718.735,9539.946,9589.075,2048759800,50754136353
2026-04-07,,9600.82,9718.045,9583.197,9690.044,2349359900,60282933400
2026-04-08,,10015.761,10283.595,10015.761,10272.948,4685626900,118438205243
2026-04-09,,10116.401,10320.615,10098.2,10221.629,3497006200,89667308688
2026-04-10,,10289.37,10339.466,10161.343,10171.949,3221224100,92387067613
2026-04-13,,10141.077,10219.309,10094.076,10200.568,3044652700,87767575754
2026-04-14,,10390.212,10402.182,10260.701,10390.32,3707743900,105470921660
2026-04-15,,10518.587,10572.318,10196.255,10233.383,3737145600,108188409923
2026-04-16,,10310.286,10545.065,10310.286,10540.675,3417507800,101307086201
2026-04-17,,10472.459,10616.627,10472.459,10537.817,3440016600,105803212343
2026-04-20,,10528.209,10678.61,10512.751,10575.778,3825804300,106350306788
2026-04-21,,10586.88,10623.163,10440.969,10592.757,3063294100,94350435349
2026-04-22,,10501.608,10636.487,10473.691,10601.308,3549819900,100701367761
2026-04-23,,10603.931,10615.974,10122.68,10192.506,4056786900,115116392820
2026-04-24,,10115.221,10351.1,10042.483,10291.608,3283221700,97544851449
2026-04-27,,10239.548,10306.548,10166.125,10185.561,2892982700,88819631959
2026-04-28,,10112.629,10118.355,9900.541,9937.88,3219056300,79563716434
2026-04-29,,9889.1,10391.872,9889.1,10385.264,3780124600,114326702064
2026-04-30,,10326.479,10466.826,10209.508,10287.952,3758424100,121500104051
2026-05-06,,10369.41,10692.216,10278.721,10685.057,4984549800,144815999365
2026-05-07,,10773.852,10861.492,10584.944,10723.526,4962309000,140993460657
2026-05-08,,10624.511,10767.436,10525.854,10727.478,4499623000,127849125029
2026-05-11,,10730.322,10818.285,10626.873,10726.79,5090116200,139431925649
2026-05-12,,10889.149,10900.252,10592.227,10645.769,5011635500,133825553390
2026-05-13,,10701.235,10823.513,10638.344,10737.005,4437577800,122967622772
2026-05-14,,10694.64,10738.612,10355.274,10355.274,4319911900,115082397856
2026-05-15,,10245.889,10246.469,9841.907,9911.021,5007061600,126105408512
2026-05-18,,9698.843,9801.449,9598.668,9757.988,3574852300,91015255840
2026-05-19,,9738.865,9740.591,9442.612,9625.984,3082010800,80047623677
2026-05-20,,9496.292,9707.58,9376.968,9645.518,3501283700,94300439479
2026-05-21,,9765.107,9882.659,9438.404,9441.84,3788969900,98696724385
2026-05-22,,9497.467,9830.65,9435.328,9784.785,3765759000,87779518919
2026-05-25,,9934.615,10003.344,9758.199,9829.507,4020909400,95967463657
2026-05-26,,9764.515,10180.363,9641.871,10166.989,5543456500,126997929857
2026-05-27,,10103.614,10142.527,9690.598,9732.63,4400020700,102357847612
2026-05-28,,9647.101,9730.291,9397.468,9660.629,4215358300,98179263914
2026-05-29,,9786.491,9819.302,9461.298,9511.453,4596127800,100778997802
2026-06-01,,9501.336,9635.505,9421.933,9436.122,3436054200,79942737015
2026-06-02,,9524.634,9789.715,9338.783,9762.884,4497116800,104897958826
2026-06-03,,9672.94,9951.175,9636.592,9843.58,4710914000,113144503936
2026-06-04,,9708.148,9708.148,9487.147,9534.42,4555006700,102972948856
2026-06-05,,9471.198,9606.94,9287.172,9332.002,3951305000,100042009796
2026-06-08,,8907.7,9088.854,8687.435,8800.377,4438060200,101965177781
2026-06-09,,8903.52,9076.424,8691.432,9057.755,3889526500,93954157895
2026-06-10,,8857.348,9025.154,8804.866,8931.118,3833019800,93562840691
2026-06-11,,8883.193,9180.429,8878.172,9105.262,3989755300,104631421322
2026-06-12,,9330.507,9724.047,9256.966,9501.989,6372483600,163698647362
2026-06-15,,9753.9,9978.908,9715.253,9976.295,7885483100,190675866749
2026-06-16,,9898.875,10043.325,9837.536,9899.129,6279901900,163547855867
2026-06-17,,9877.153,10006.46,9769.114,9874.134,4898455800,137809854792
2026-06-18,,9763.032,10140.999,9702.331,9888.07,6171341000,165615453039
2026-06-22,,9892.079,10412.949,9804.936,10409.52,7334497800,200980388860
2026-06-23,,10381.433,10381.433,9508.78,9539.506,7366138700,189578067094
2026-06-24,,9412.678,9581.355,9260.8,9564.024,5702476100,145949768766
2026-06-25,,9370.461,9454.334,9234.775,9286.385,5890831600,151025303793
2026-06-26,,9307.377,9320.427,8850.45,8873.75,5264015500,130822269061
2026-06-29,,8879.992,9039.174,8817.743,8996.404,4829025800,119105482408
2026-06-30,,8848.635,8936.262,8716.39,8933.039,4357541300,105632662485
2026-07-01,,8917.862,9048.768,8839.009,8930.431,4261809400,107171058652
2026-07-02,,8898.278,9227.106,8828.896,9010.419,5412581300,136309383184
2026-07-03,,9197.277,9314.608,9097.713,9127.486,5599658800,134820950616
2026-07-06,,9143.742,9431.201,8987.087,8995.153,5611127800,128801098650
2026-07-07,,8888.943,8963.003,8690.31,8722.203,3684223400,82265924453
2026-07-08,,8671.558,8688.99,8473.297,8473.5,3285974800,77905907046
2026-07-09,,8408.773,8507.535,8040.187,8425.312,4401907600,99534413208
2026-07-10,,8471.846,8707.161,8360.364,8469.287,4238310900,96153612863
2026-07-13,,8339.437,8339.437,8082.969,8111.981,3538483300,78228518340
2026-07-14,,8072.267,8561.635,8016.659,8561.623,4961236300,100725038194
2026-07-15,,8589.333,8594.642,8374.177,8384.323,4153973200,87756526224
2026-07-16,,8258.787,8474.619,8258.787,8304.196,3392765000,73995332001
2026-07-17,,8208.088,8220.244,7846.109,7903.209,3841962400,79379358904
2026-07-20,,7979.533,8038.483,7764.135,7899.215,4252373700,83899245945
2026-07-21,,7982.533,8250.876,7836.97,8250.876,4717327400,98284572699
2026-07-22,,8309.978,8646.986,8309.978,8521.36,5508479900,118750345435
2026-07-23,,8570.441,8933.202,8494.093,8796.837,5435546900,115687162016
2026-07-24,,8505.359,8621.259,8335.025,8372.073,4145011300,83404703912
