,A_500,Dollar Index,cn_10y_rate,us_10y_rate,brent,Copper Futures Price,Gold Futures Price,elapsed_days
2012-05-09,-1.3430573076196148,-1.8231922925556916,0.6251011430437142,-0.5891412720837922,1.564696529710657,0.5803800021527247,0.073945116750729,-1.7356695274890663
2012-05-10,-1.3426054795006013,-1.819447435102298,0.6019050239840134,-0.5683864775809191,1.5792934253719013,0.6244884872316921,0.0777603507161608,-1.7349205485768684
2012-05-11,-1.3603293746669678,-1.7982259412628983,0.532499313411678,-0.6202734638381022,1.5901368335773975,0.5640171770427854,0.04642147536387237,-1.7341715696646702
2012-05-14,-1.3801841622723494,-1.7582792077512772,0.4510389267925693,-0.6825378473467222,1.518820571918174,0.4302688674484972,-0.016256275340704486,-1.7319246329280762
2012-05-15,-1.37864419787545,-1.6808819948952134,0.37597117141038583,-0.7032926418495955,1.5442608757849148,0.378334683403907,-0.026611530211218412,-1.731175654015878
2012-05-16,-1.4193580548005276,-1.6621567552229919,0.29706783728604785,-0.7032926418495955,1.4775322099049388,0.32213193628715864,-0.08274926001071314,-1.7304266751036799
2012-05-17,-1.3828892118407665,-1.6609091043420292,0.38802584745716007,-0.7655570253582155,1.4570965559791966,0.3235547906445445,0.021622953572866845,-1.729677696191482
2012-05-18,-1.4226293693041274,-1.6721436767022104,0.2963372508589707,-0.7551796281067787,1.4037136232752163,0.30861481989199113,0.06822243213068169,-1.7289287172792838
2012-05-21,-1.4106046248878499,-1.6983586312812193,0.3423641957648347,-0.7136700391010321,1.4450019852884508,0.356280440864423,0.059502182486438175,-1.7266817805426897
2012-05-22,-1.3729805619993445,-1.6247072282838018,0.35734121751991743,-0.6721604500952855,1.4758639932579398,0.3349376255036328,0.026528301907878842,-1.7259328016304916
2012-05-23,-1.3855676252536957,-1.572277319125784,0.3348756848872929,-0.7344248336039054,1.3557523946739836,0.20545787898150283,-0.05032027028884402,-1.7251838227182936
2012-05-24,-1.406845967391253,-1.547310015427738,0.2972504838928167,-0.6929152445981588,1.369098127849979,0.2517006455965495,-0.025248970413292614,-1.7244348438060955
2012-05-25,-1.4323042128918235,-1.5335782364951258,0.1876625198312353,-0.7136700391010321,1.3966237025254689,0.27944630556557704,0.0060899049389958135,-1.7236858648938975
2012-05-28,-1.3567986042784324,-1.5285847757555167,0.2605385159321874,-0.7240474363524688,1.3836950235112235,0.29936626656898196,-0.04895771049091822,-1.7214389281573033
2012-05-29,-1.3567986042784324,-1.5285847757555167,0.3153324979629777,-0.7240474363524688,1.3836950235112235,0.29936626656898196,-0.04895771049091822,-1.720689949245105
2012-05-30,-1.3626496797672294,-1.4574296269252773,0.32409953508790407,-0.838198806118272,1.22938498366378,0.2033235974454237,-0.008625807409840891,-1.7199409703329072
2012-05-31,-1.3707993568221857,-1.4536847694718837,0.2651046811014198,-0.8797083951240184,1.22980203782553,0.16917509286815868,-0.010806036149002279,-1.719191991420709
2012-06-01,-1.3717138648272635,-1.472410009144105,0.26017322271864884,-1.0042371621412585,1.0116827112303604,0.09732094782016364,0.14697845498202056,-1.718443012508511
2012-06-04,-1.4461372563084323,-1.5148529968229043,0.269853492877422,-0.9419727786326384,0.9745648908346239,0.08807239449715444,0.12435982927397565,-1.7161960757719168
2012-06-05,-1.4437330966445985,-1.4836445815042862,0.28793550694758213,-0.9004631896268918,1.0125168195538603,0.061749588885512734,0.13253518806152895,-1.7154470968597189
2012-06-06,-1.4448666130392418,-1.5435651579743441,0.2937801983642,-0.8070666143639621,1.1163633058295719,0.18909505387156358,0.1804975590734694,-1.7146981179475207
2012-06-07,-1.4625411819917415,-1.5772698274601407,0.3213598359863652,-0.8070666143639621,1.0709044021988385,0.17771221901247525,0.05459683415142568,-1.7139491390353225
2012-06-08,-1.48075439319966,-1.5198464575625137,0.20263954158631806,-0.8174440116153987,0.9674749700848765,0.056058171455968565,0.06413475273690528,-1.7132001601231246
2012-06-11,-1.4477541695989629,-1.5198464575625137,0.2738717182263462,-0.8693309978725818,1.0104315487451108,0.13787229700566608,0.07885046508574149,-1.7109532233865303
2012-06-12,-1.4660660332346132,-1.5323296332089102,0.3206292495592873,-0.7966892171125254,0.926603662233392,0.127200889325271,0.12572238907190095,-1.7102042444743324
2012-06-13,-1.4222219347775933,-1.5772698274601407,0.35021799985591423,-0.8589536006211451,0.9557974535558813,0.1321808795761219,0.14043810142073765,-1.7094552655621342
2012-06-14,-1.4392572359983888,-1.595995067132362,0.3684826605328449,-0.8278214088668354,0.9211819581306435,0.15281226775821943,0.14125577036197323,-1.7087062866499363
2012-06-15,-1.4317912202676162,-1.6346941497630203,0.3544188718116089,-0.8693309978725818,0.9491245869678833,0.19336361694372187,0.16469173235505297,-1.7079573077377381
2012-06-18,-1.416481350007857,-1.5910016063927528,0.38638202799623617,-0.8797083951240184,0.8690501879119127,0.21043786923235439,0.1611489438179663,-1.7057103710011439
2012-06-19,-1.4365048332646606,-1.6621567552229919,0.3838249755014662,-0.8278214088668354,0.8661308087796641,0.2652177619917169,0.15161102523248718,-1.704961392088946
2012-06-20,-1.4417738594298375,-1.6471773254094169,0.3852861483556205,-0.8174440116153987,0.7977339262526892,0.20118931590934455,0.13144540634814902,-1.7042124131767478
2012-06-21,-1.4800825701668037,-1.5435651579743441,0.36702148767869064,-0.838198806118272,0.6192347450237549,0.07384385092329433,-0.005628242385644683,-1.7034634342645498
2012-06-22,-1.5316205714626578,-1.556048333620741,0.3078439870854367,-0.7759344226096521,0.6192347450237549,0.08664954013976855,0.05704950831893217,-1.7027144553523517
2012-06-25,-1.5316205714626578,-1.5260885215883384,0.3078439870854367,-0.838198806118272,0.597130874451013,0.10158951089232192,0.05704950831893217,-1.7004675186157576
2012-06-26,-1.5359415477973282,-1.5373230939485196,0.30346046852297315,-0.8070666143639621,0.65968899871349,0.09589809346277775,0.02026039377494154,-1.6997185397035595
2012-06-27,-1.543724237821121,-1.5136053459419416,0.2302191792084833,-0.8174440116153987,0.7376781269607114,0.14712085032867528,0.029798312360420152,-1.6989695607913613
2012-06-28,-1.5676859259929945,-1.4998735670093295,0.23040182581525218,-0.8693309978725818,0.6943044941387271,0.11368377293010351,-0.0459601454667225,-1.6982205818791634
2012-06-29,-1.5335196306965022,-1.62720348245098,0.23040182581525218,-0.7966892171125254,0.825676555089929,0.3484547418988003,0.10065142185255081,-1.6974716029669652
2012-07-02,-1.527858954393229,-1.5997399245857558,0.24866648649218284,-0.8589536006211451,0.871969567044162,0.3093262470706838,0.08348303533620811,-1.6952246662303712
2012-07-03,-1.524367644975787,-1.6109754493511896,0.22145214208355615,-0.8174440116153987,1.0642315356108412,0.4103489064450929,0.14915868372118193,-1.694475687318173
2012-07-04,-1.5672321248254264,-1.4823969306233236,0.219808322622633,-0.8485762033697085,1.133045472299566,0.3434747516479488,0.11536713420138703,-1.693726708405975
2012-07-05,-1.5672321248254264,-1.4823969306233236,0.21944302940909444,-0.8485762033697085,1.133045472299566,0.3434747516479488,0.11536713420138703,-1.692977729493777
2012-07-06,-1.5260427631986795,-1.4224763541532655,0.17688637003184646,-0.9004631896268918,1.0062610071276126,0.2246664128062145,0.03225098652792665,-1.6922287505815787
2012-07-09,-1.5834111229735064,-1.438704387253056,0.13104207173275217,-0.9419727786326384,1.0663168064195903,0.25596920866870776,0.06004707334312789,-1.6899818138449847
2012-07-10,-1.5923085854306729,-1.4137380359602627,0.1018186146496638,-0.9419727786326384,1.0333695276413528,0.20830358769627524,0.034703660695432646,-1.6892328349327865
2012-07-11,-1.5713646750231276,-1.3875230813812538,0.07423897702749854,-0.9315953813812018,1.0367059609353515,0.27873487838688377,0.02353040422748285,-1.6884838560205886
2012-07-12,-1.5517693433026818,-1.3775361599020353,0.09323422413150631,-0.9731049703869484,1.0346206901266024,0.2324921117718378,-0.0045381280160639885,-1.6877348771083904
2012-07-13,-1.5515769710686038,-1.42122775086705,0.10948977213397446,-0.9523501758840751,1.14847647628431,0.3591261495791954,0.06822243213068169,-1.6869858981961925
2012-07-16,-1.6088940315810096,-1.4474436578513117,0.1388958758238317,-0.9731049703869484,1.156400505357557,0.33209191678886046,0.067132317761101,-1.6847389614595982
2012-07-17,-1.5963296583850375,-1.454933372758099,0.1567952432872238,-0.9419727786326384,1.2443989334867747,0.29011771324597213,0.06140963314105418,-1.6839899825474
2012-07-18,-1.5919780997977704,-1.4649202942373176,0.15825641614137806,-0.9523501758840751,1.3157151951459987,0.31644051885761443,0.010450029761117327,-1.6832410036352021
2012-07-19,-1.5770450818119477,-1.4711614058578897,0.15862170935491662,-0.9315953813812018,1.39370432339322,0.4025232074794696,0.036883556778393264,-1.682492024723004
2012-07-20,-1.6006545808168169,-1.4000062570276504,0.1494893790164517,-0.9834823676383851,1.3599229362914824,0.27944630556557704,0.04342391033967666,-1.681743045810806
2012-07-23,-1.633534448455681,-1.3700464449952479,0.14035704867798596,-1.0042371621412585,1.2318873086342792,0.18269220926332616,0.028708197990839953,-1.6794961090742118
2012-07-24,-1.6236415830026958,-1.332595965650805,0.1401744020712171,-1.0353693538955684,1.2177074671347843,0.1442751416139035,0.025710632966643745,-1.6787471301620138
2012-07-25,-1.6368580487459783,-1.3937651454070783,0.14035704867798596,-1.045746751147005,1.1668268594013032,0.17486651029770287,0.11291446003388103,-1.6779981512498157
2012-07-26,-1.6482425389062738,-1.4823969306233236,0.14090498849829422,-1.0249919566441317,1.2677539665447661,0.20190074308803782,0.13199029720483924,-1.6772491723376177
2012-07-27,-1.6483027168871904,-1.4948801062697201,0.14108763510506392,-0.8900857923754552,1.3315632532924926,0.24814350970308444,0.13989321056404744,-1.6765001934254196
2012-07-30,-1.665569851313157,-1.4848931847905018,0.13944381564413996,-0.9419727786326384,1.3415725531744893,0.24316351945223288,0.14479822624285918,-1.6742532566888253
2012-07-31,-1.6740579061952352,-1.503618424462723,0.16866727272722834,-0.9627275731355118,1.3161322493077487,0.2445863738096194,0.11972725902350903,-1.6735042777766274
2012-08-01,-1.6445578707304767,-1.4511885153047053,0.16976315236784403,-0.9108405868783285,1.3515818530564854,0.18340363644201943,0.10119631270924052,-1.6727552988644292
2012-08-02,-1.6594622795122562,-1.4174828934136563,0.1588043559616855,-0.9627275731355118,1.3836950235112235,0.06317244324289863,0.05677706289058707,-1.6720063199522313
2012-08-03,-1.6378603574117374,-1.5360754430675567,0.16629286683922728,-0.8693309978725818,1.4679399641846922,0.1720208015829311,0.10746422084217881,-1.671257341040033
2012-08-06,-1.603930827941803,-1.5498072220001688,0.2024568949795492,-0.8797083951240184,1.486290347301686,0.20261217026673106,0.12626761258479194,-1.6690104043034388
2012-08-07,-1.5976802101206913,-1.5572969369069565,0.23898621633340966,-0.8070666143639621,1.5855492377981493,0.27517774249341875,0.11754703028434764,-1.668261425391241
2012-08-08,-1.6017407440461486,-1.5348268397813412,0.2837346349918882,-0.7863118198610888,1.6285058164583834,0.24814350970308444,0.12626761258479194,-1.6675124464790427
2012-08-09,-1.577144720763957,-1.503618424462723,0.18839310625831243,-0.7759344226096521,1.6326763580758819,0.25312349995393535,0.13771298182488656,-1.6667634675668448
2012-08-10,-1.586640016933181,-1.5148529968229043,0.15222907811799133,-0.8174440116153987,1.6164112457676376,0.20830358769627524,0.14479822624285918,-1.6660144886546466
2012-08-13,-1.6306232153133036,-1.5285847757555167,0.18948898589892893,-0.8174440116153987,1.6727135576038674,0.15281226775821943,0.11727458485600253,-1.6637675519180526
2012-08-14,-1.6229717330183946,-1.5235913150159073,0.203370128013396,-0.7344248336039054,1.6485244162223762,0.16063796672384276,0.0894784980408013,-1.6630185730058544
2012-08-15,-1.6482691750617615,-1.5023698211765077,0.25761617022387806,-0.6617830528438489,1.7156701362641016,0.146409423149982,0.10119631270924052,-1.6622695940936565
2012-08-16,-1.6608651170346083,-1.538571697234735,0.2694881996638826,-0.6306508610895388,1.7411104401308422,0.19336361694372187,0.13498786222903594,-1.6615206151814583
2012-08-17,-1.6674225439059676,-1.5086118852023325,0.24665737381772032,-0.6514056555924121,1.7027414572498563,0.2445863738096194,0.13553308574192593,-1.6607716362692602
2012-08-20,-1.6750730396765992,-1.5260885215883384,0.287204920520505,-0.6410282583409755,1.7152530821023515,0.1755779374763961,0.14588834061243985,-1.6585246995326661
2012-08-21,-1.6576352365506564,-1.5947464638461466,0.2897619730152758,-0.6617830528438489,1.7373569526750934,0.29225199478205127,0.1998458416727737,-1.657775720620468
2012-08-22,-1.6749092766465643,-1.6471773254094169,0.35496681163191635,-0.7551796281067787,1.7265135444695972,0.29367484913943775,0.1930330426831452,-1.65702674170827
2012-08-23,-1.6679010081804688,-1.6634053585092075,0.31241015225466917,-0.7863118198610888,1.7965786436435718,0.3463204603627212,0.2807817606070717,-1.6562777627960719
2012-08-24,-1.6976387959960622,-1.6346941497630203,0.2506755991666445,-0.7863118198610888,1.7260964903078477,0.33351477114624695,0.28132698411996365,-1.655528783883874
2012-08-27,-1.7465348852772478,-1.6259548791647647,0.2751502444737316,-0.8174440116153987,1.6418515496343784,0.3235547906445445,0.2884122285379353,-1.6532818471472797
2012-08-28,-1.7353033063799375,-1.6621567552229919,0.29999018299435637,-0.8278214088668354,1.595141483518396,0.306480538355912,0.27233395639117375,-1.6525328682350815
2012-08-29,-1.7561574430782465,-1.6396866580973768,0.3564279844860706,-0.8070666143639621,1.5913879960626471,0.27944630556557704,0.25407578816145165,-1.6517838893228836
2012-08-30,-1.767806321744864,-1.6234586249975864,0.34930476682206824,-0.838198806118272,1.580961642018901,0.2773120240294979,0.23690740164510893,-1.6510349104106854
2012-08-31,-1.7728987600644002,-1.6771371374418196,0.353688285384531,-0.9004631896268918,1.6497755787076258,0.29296342196074454,0.3216585545448397,-1.6502859314984875
2012-09-03,-1.7705093982647262,-1.6683988192488166,0.36702148767869064,-0.8797083951240184,1.6935662656913597,0.310037674249377,0.3442771802528846,-1.6480389947618932
2012-09-04,-1.7705093982647262,-1.6683988192488166,0.33688479756175543,-0.8797083951240184,1.6935662656913597,0.310037674249377,0.3442771802528846,-1.6472900158496953
2012-09-05,-1.7731463776580076,-1.6783857407280351,0.34619977450699,-0.8693309978725818,1.6243352748408848,0.39540893569253954,0.33855449563283735,-1.646541036937497
2012-09-06,-1.753469164422544,-1.6983586312812193,0.3600809166214571,-0.7863118198610888,1.673547665927367,0.3790461105825997,0.3707107072701606,-1.645792058025299
2012-09-07,-1.6583435609817734,-1.801970798716292,0.3964275913685479,-0.7966892171125254,1.6376810080168802,0.5633057498640922,0.46581744769660655,-1.645043079113101
2012-09-10,-1.649462869437321,-1.78823901978368,0.47843591780796485,-0.7863118198610888,1.6460220912518773,0.6259113415890781,0.4418362621906363,-1.6427961423765067
2012-09-11,-1.6635346517290415,-1.850655850420916,0.49724851830520295,-0.7655570253582155,1.6885616157503613,0.6387170308055523,0.45028439906273504,-1.6420471634643088
2012-09-12,-1.6537019642569737,-1.8656362326397438,0.5328646066252166,-0.6929152445981588,1.6885616157503613,0.6330256133760082,0.44701405595399346,-1.6412981845521106
2012-09-13,-1.6765222438399852,-1.925555856704549,0.5191661111175192,-0.7136700391010321,1.7361057901898438,0.6565027102728781,0.5519311603942636,-1.6405492056399127
2012-09-14,-1.661085111948451,-1.976738114981604,0.6380690521243353,-0.5787638748323558,1.7978298061288214,0.8329366505887473,0.5538389437050799,-1.6398002267277145
2012-09-17,-1.718536339762573,-1.956764272023167,0.6804430648948128,-0.6098960665866655,1.7652995815123331,0.7753110491146123,0.5481159264288318,-1.6375532899911203
2012-09-18,-1.7404174482335744,-1.9268044599907643,0.5889371149033923,-0.6410282583409755,1.6230841123556357,0.7681967773276823,0.5500237097396481,-1.6368043110789223
2012-09-19,-1.7281026656797644,-1.950523160402595,0.5798047845649273,-0.6721604500952855,1.422898114715709,0.8059024177984123,0.5516587149659186,-1.6360553321667242
2012-09-20,-1.7810119357210958,-1.9068306170323275,0.5807180175987742,-0.6617830528438489,1.4612670975966948,0.7276454281421798,0.5481159264288318,-1.6353063532545262
2012-09-21,-1.7827926120416622,-1.916817538511546,0.5491201546276847,-0.6929152445981588,1.5388391716821663,0.7703310588637614,0.5693719923389504,-1.634557374342328
2012-09-24,-1.7679523273379076,-1.893099790504968,0.5414489971433741,-0.7240474363524688,1.4525089601999484,0.6885169333140639,0.5328553232233054,-1.632310437605734
2012-09-25,-1.7752387956502078,-1.8893539806463215,0.49030794724796944,-0.7655570253582155,1.517986463594674,0.7262225737847939,0.5374882261299723,-1.6315614586935359
2012-09-26,-1.8050998990004667,-1.8469109929675223,0.4479339344774911,-0.8278214088668354,1.4437508228032012,0.6550798559154922,0.5015164478710165,-1.6308124797813377
2012-09-27,-1.7422829656419903,-1.8893539806463215,0.46272830962580497,-0.8070666143639621,1.5463461465936639,0.7006111953518456,0.5750946769589977,-1.6300635008691398
2012-09-28,-1.7011508224233283,-1.8406689289416975,0.4718606399642699,-0.8174440116153987,1.542592659137915,0.7205311563552498,0.5573813995859659,-1.6293145219569416
2012-09-29,-1.7224646794348695,-1.8556493111605252,0.4716779933575002,-0.8278214088668354,1.5934732668713962,0.7596596511833658,0.5639217531472482,-1.6285655430447437
2012-10-01,-1.7224646794348695,-1.8556493111605252,0.5155131789821328,-0.8278214088668354,1.5934732668713962,0.7596596511833658,0.5639217531472482,-1.6270675852203476
2012-10-02,-1.7224646794348695,-1.8656362326397438,0.5155131789821328,-0.8278214088668354,1.5897197794156475,0.7817138937228498,0.5639217531472482,-1.6263186063081494
2012-10-03,-1.7224646794348695,-1.836924071488304,0.5155131789821328,-0.8278214088668354,1.457513610140946,0.7575253696472866,0.5639217531472482,-1.6255696273959515
2012-10-04,-1.7224646794348695,-1.9143212843443678,0.5155131789821328,-0.7655570253582155,1.5058918929039287,0.760371078362059,0.5639217531472482,-1.6248206484837533
2012-10-05,-1.7224646794348695,-1.9155698876305831,0.5155131789821328,-0.7136700391010321,1.5763740462396527,0.7489882435029707,0.5639217531472482,-1.6240716695715554
2012-10-08,-1.7224646794348695,-1.890602583932537,0.5155131789821328,-0.7240474363524688,1.5943073751948957,0.6636169820598081,0.5639217531472482,-1.621824732834961
2012-10-09,-1.6708911632650314,-1.8394212780607349,0.5350563659064488,-0.7240474363524688,1.6660406910158694,0.6636169820598081,0.5353079973908109,-1.621075753922763
2012-10-10,-1.6646158823369865,-1.8431661355141284,0.5560607256849183,-0.7448022308553421,1.740693385969092,0.6636169820598081,0.5358528882475021,-1.620326775010565
2012-10-11,-1.6884177535759333,-1.8606427719001344,0.5476589817735305,-0.7655570253582155,1.7436127651013413,0.7112826030322406,0.5511138241092283,-1.6195777960983668
2012-10-12,-1.6897081273306709,-1.8718773442603158,0.5142346527347482,-0.7759344226096521,1.7014902947646067,0.6422741666990174,0.5216823994115559,-1.618828817186169
2012-10-15,-1.6990327547999182,-1.8656362326397438,0.5001708640135115,-0.7655570253582155,1.6944003740148592,0.6401398851629382,0.46172976830282964,-1.6165818804495746
2012-10-16,-1.6949751804472926,-1.9118240777719369,0.5317687269846009,-0.7136700391010321,1.6944003740148592,0.6380056036268597,0.48543817572425496,-1.6158329015373767
2012-10-17,-1.6917995587985932,-1.9555166211422041,0.5560607256849183,-0.6306508610895388,1.6314251955906323,0.7063026127813897,0.503969122038524,-1.6150839226251785
2012-10-18,-1.657014712780221,-1.9118240777719369,0.584188303127391,-0.5995186693352289,1.5934732668713962,0.699188340994459,0.48162327441502395,-1.6143349437129804
2012-10-19,-1.6603481783132916,-1.8781194082861403,0.6134117602104794,-0.6721604500952855,1.564696529710657,0.5490772062902322,0.42575832270007463,-1.6135859648007824
2012-10-22,-1.6527154399796515,-1.876870804999925,0.6030009036246291,-0.6306508610895388,1.470025234993442,0.5270229637507481,0.43202589817681214,-1.6113390280641882
2012-10-23,-1.6811293122150788,-1.8356754682020884,0.6324070073144863,-0.6721604500952855,1.3828609151877238,0.45232310998798125,0.38624408856023285,-1.6105900491519902
2012-10-24,-1.6813887681000146,-1.836924071488304,0.6367905258769498,-0.6617830528438489,1.3882826192904718,0.4501888284519021,0.36498802265011326,-1.609841070239792
2012-10-25,-1.6982889154948175,-1.828185753295301,0.6722239675901946,-0.5995186693352289,1.3874485109669723,0.4252888771976463,0.3963268980024022,-1.6090920913275941
2012-10-26,-1.7424891492159504,-1.8244408958419072,0.6822695309625064,-0.6825378473467222,1.4399973353474531,0.42457745001895303,0.3933293329782065,-1.608343112415396
2012-10-29,-1.7385657421650411,-1.8431661355141284,0.6714933811631175,-0.7240474363524688,1.4579306643026961,0.3456090331840279,0.4113150557795835,-1.6060961756788017
2012-10-30,-1.7385657421650411,-1.8431661355141284,0.6678404490277311,-0.7448022308553421,1.4608500434349454,0.36979755725959046,0.4113150557795835,-1.6053471967666038
2012-10-31,-1.7385657421650411,-1.8431661355141284,0.6844612902437378,-0.7448022308553421,1.4812856973606876,0.3861603823695304,0.4113150557795835,-1.6045982178544056
2012-11-01,-1.6982021013584128,-1.8269371500090854,0.7292097089022164,-0.7136700391010321,1.437495010376954,0.43524885769934873,0.4020495826224495,-1.6038492389422077
2012-11-02,-1.689585798320283,-1.7595278110374926,0.7051003568086687,-0.7136700391010321,1.3519989072182355,0.3349376255036328,0.2930447987884024,-1.6031002600300095
2012-11-05,-1.69310473041749,-1.7395539680790557,0.7087532889440552,-0.7448022308553421,1.3019524078082538,0.31857480039369296,0.3151182009835573,-1.6008533232934155
2012-11-06,-1.7045839269084087,-1.7570306044650617,0.6903059816603556,-0.6825378473467222,1.455428339332197,0.37050898443828373,0.4020495826224495,-1.6001043443812173
2012-11-07,-1.7066447761237342,-1.7383053647928404,0.667109862600654,-0.7863118198610888,1.4112205981867132,0.27873487838688377,0.399596908454943,-1.5993553654690191
2012-11-08,-1.74889169177577,-1.7345605073394466,0.6607172313637287,-0.8485762033697085,1.3703492903352286,0.31857480039369296,0.4328435671180482,-1.5986063865568212
2012-11-09,-1.7542287881160818,-1.704600695307044,0.657977532262189,-0.8589536006211451,1.4279027646567073,0.2851377229951212,0.44619671966895913,-1.597857407644623
2012-11-12,-1.7453451369987973,-1.7033520920208285,0.6563337128012651,-0.8797083951240184,1.4954655388601825,0.3171519460363071,0.44619671966895913,-1.595610470908029
2012-11-13,-1.782875480080957,-1.6983586312812193,0.6353293530227956,-0.8797083951240184,1.4366609020534538,0.32213193628715864,0.42957322400930564,-1.5948614919958308
2012-11-14,-1.7726254928395817,-1.7008558378536502,0.614507639851095,-0.8797083951240184,1.471693451640441,0.2972319850329028,0.4440164909297977,-1.5941125130836329
2012-11-15,-1.8033014652429082,-1.6983586312812193,0.6004438511298583,-0.8900857923754552,1.4887926722721847,0.3093262470706838,0.3998696865394889,-1.5933635341714347
2012-11-16,-1.8207402548931289,-1.6758885341556042,0.5737774465415407,-0.8900857923754552,1.352833015541735,0.29296342196074454,0.4025948061353405,-1.5926145552592366
2012-11-19,-1.823756059608902,-1.7245735858602282,0.5513119139089161,-0.8589536006211451,1.488375618110435,0.4003889259433905,0.45627952911112746,-1.5903676185226425
2012-11-20,-1.8328764765527437,-1.713339013500047,0.5697592211926157,-0.8070666143639621,1.486290347301686,0.38402610083345123,0.426848104413455,-1.5896186396104444
2012-11-21,-1.8061594260743097,-1.7170838709534406,0.5869280022289306,-0.7759344226096521,1.5196546802416737,0.35485758650703714,0.4396563661076757,-1.5888696606982464
2012-11-22,-1.809829296385948,-1.8094605136230795,0.6146902864578639,-0.7655570253582155,1.4917120514044337,0.4003889259433905,0.5034242311818328,-1.5881206817860483
2012-11-23,-1.809829296385948,-1.8094605136230795,0.627658195538485,-0.7655570253582155,1.4917120514044337,0.4003889259433905,0.5034242311818328,-1.5873717028738503
2012-11-26,-1.827258220793395,-1.801970798716292,0.6428178639003366,-0.8070666143639621,1.4933802680514334,0.4146174695172512,0.4985188828468208,-1.585124766137256
2012-11-27,-1.8591762272618695,-1.7832455590440706,0.6535940136997255,-0.8278214088668354,1.4579306643026961,0.41746317823202295,0.47862537673462646,-1.584375787225058
2012-11-28,-1.882902136131463,-1.7907362263561108,0.6472013824628002,-0.838198806118272,1.413305868995463,0.39825464440731134,0.4085899361837319,-1.58362680831286
2012-11-29,-1.892419135834788,-1.8082128627421168,0.6062885425464761,-0.8485762033697085,1.5054748387421788,0.4978544494243346,0.4377485827968604,-1.5828778294006618
2012-11-30,-1.8677224870763096,-1.8144539743626886,0.6101241212886315,-0.8485762033697085,1.5209058427269233,0.5597486139706271,0.3933293329782065,-1.5821288504884639
2012-12-03,-1.9011834175145161,-1.8481595962537378,0.621996150728636,-0.838198806118272,1.5388391716821663,0.5718428760084088,0.4170377403996308,-1.5798819137518696
2012-12-04,-1.8791109233337147,-1.8781194082861403,0.6404434580123355,-0.8485762033697085,1.4854562389781858,0.5661514585788646,0.34836485964666153,-1.5791329348396717
2012-12-05,-1.8036349104486433,-1.86189137518635,0.6630916372517289,-0.8693309978725818,1.4424996603179516,0.6109713708365248,0.34291462045495935,-1.5783839559274735
2012-12-06,-1.807808894665992,-1.8007221954300765,0.6554204797674182,-0.8797083951240184,1.4028795149517168,0.5519229150050039,0.364443131793424,-1.5776349770152756
2012-12-07,-1.7642252386181856,-1.7807493048768923,0.6753289599052729,-0.8278214088668354,1.3674299112029793,0.5782457206166456,0.37452594123559235,-1.5768859981030774
2012-12-10,-1.7385746208835369,-1.7919838772370735,0.67861659882712,-0.838198806118272,1.4128888148337129,0.6401398851629382,0.3990520175982528,-1.5746390613664831
2012-12-11,-1.7528397619336127,-1.8256894991281227,0.6696669150954239,-0.8070666143639621,1.3857802943199726,0.6123942251939106,0.385971310475687,-1.5738900824542852
2012-12-12,-1.7445904459266461,-1.8469109929675223,0.671128087949579,-0.7448022308553421,1.4929632138896833,0.6550798559154922,0.408862381612077,-1.573141103542087
2012-12-13,-1.7705409670416004,-1.841917532227913,0.6680230956345008,-0.7240474363524688,1.4933802680514334,0.5754000119018738,0.35163487009920336,-1.572392124629889
2012-12-14,-1.6619157653899563,-1.8831128690257497,0.6921324477280485,-0.7448022308553421,1.455845393493947,0.6067028077643665,0.35218009361209335,-1.571643145717691
2012-12-17,-1.649869317439578,-1.8868577264791433,0.6981597857514352,-0.6825378473467222,1.4587647726261956,0.5832257108674971,0.3554501040646351,-1.5693962089810967
2012-12-18,-1.6466354908585163,-1.9130726810581522,0.7034565373477447,-0.6202734638381022,1.4842050764929362,0.5640171770427854,0.28050931517872757,-1.5686472300688987
2012-12-19,-1.6418478885406727,-1.9268044599907643,0.7215385514179057,-0.6410282583409755,1.4837880223311868,0.49572016788825546,0.27233395639117375,-1.5678982511567006
2012-12-20,-1.6309902023444673,-1.925555856704549,0.7478396627926855,-0.6514056555924121,1.509645380359677,0.3968317900499254,0.2134714396520297,-1.5671492722445026
2012-12-21,-1.641124766245396,-1.8806156624533188,0.7430908510166835,-0.6929152445981588,1.449589581067699,0.44165170230758555,0.25216800485063534,-1.5664002933323045
2012-12-24,-1.632114840020614,-1.8781194082861403,0.7337758740714496,-0.6721604500952855,1.4208128439069598,0.4117717608024788,0.2508054450527101,-1.5641533565957104
2012-12-25,-1.5554076448374452,-1.8806156624533188,0.7239129573059068,-0.6929152445981588,1.515901192785925,0.4829144786717812,0.25407578816145165,-1.5634043776835123
2012-12-26,-1.5554076448374452,-1.8806156624533188,0.7184335591028275,-0.6929152445981588,1.515901192785925,0.4829144786717812,0.25407578816145165,-1.5626553987713143
2012-12-27,-1.5692771896523146,-1.8806156624533188,0.6961506730769726,-0.7240474363524688,1.4875415097869356,0.4907401776374039,0.2617059234361145,-1.5619064198591162
2012-12-28,-1.5379984509155444,-1.8731259475465312,0.6868356961317389,-0.7344248336039054,1.487958563948685,0.4807801971357021,0.24072263561054075,-1.561157440946918
2012-12-31,-1.4981556949273422,-1.86189137518635,0.6842786436369681,-0.6825378473467222,1.5192376260799236,0.5704200216510222,0.29495258209921965,-1.558910504210324
2013-01-01,-1.499619696954888,-1.8519044537071314,0.743456144230222,-0.5995186693352289,1.6101554333413903,0.6892283604927572,0.22219168929627175,-1.5581615252981258
2013-01-02,-1.499619696954888,-1.8519044537071314,0.743456144230222,-0.5995186693352289,1.6101554333413903,0.6892283604927572,0.22219168929627175,-1.5574125463859279
2013-01-03,-1.499619696954888,-1.779500701590677,0.743456144230222,-0.5372542858266092,1.6122407041501394,0.6621941277024223,0.22219168929627175,-1.5566635674737297
2013-01-04,-1.499619696954888,-1.770762383397674,0.743456144230222,-0.5268768885751725,1.5934732668713962,0.6287570503038499,0.22219168929627175,-1.5559145885615318
2013-01-05,-1.4816166154180397,-1.8007221954300765,0.7326799944308331,-0.5372542858266092,1.5897197794156475,0.6081256621217523,0.2151064448783001,-1.5551656096493336
2013-01-06,-1.4816166154180397,-1.8007221954300765,0.7229997242720608,-0.5372542858266092,1.5897197794156475,0.6081256621217523,0.2151064448783001,-1.5544166307371354
2013-01-07,-1.4816166154180397,-1.8007221954300765,0.7257394233735996,-0.5372542858266092,1.5897197794156475,0.6067028077643665,0.2151064448783001,-1.5536676518249375
2013-01-08,-1.484372964248877,-1.7894876230698953,0.7217211980246754,-0.5683864775809191,1.6122407041501394,0.5981656816200505,0.25870835841191875,-1.5529186729127393
2013-01-09,-1.484461751433836,-1.7632726684908864,0.6864704029182003,-0.5787638748323558,1.6139089207971384,0.5960314000839714,0.24045019018219563,-1.5521696940005414
2013-01-10,-1.4782762442150277,-1.8656362326397438,0.7229997242720608,-0.5476316830780458,1.6097383791796402,0.6508112928433339,0.3017653810888462,-1.5514207150883432
2013-01-11,-1.5245610037341422,-1.8881063297653589,0.731949408003756,-0.5683864775809191,1.4983849179924311,0.5725543031871014,0.25462067901814184,-1.5506717361761453
2013-01-13,-1.4321493285802842,-1.8968446479583618,0.7363329265662196,-0.5683864775809191,1.5409244424909154,0.5512114878263106,0.27887430995245616,-1.5491737783517492
2013-01-14,-1.4321493285802842,-1.8968446479583618,0.7363329265662196,-0.5683864775809191,1.5409244424909154,0.5440972160393805,0.27887430995245616,-1.548424799439551
2013-01-15,-1.4090784718308327,-1.8606427719001344,0.7335932274646799,-0.5995186693352289,1.5576066089609095,0.5490772062902322,0.3183885440922989,-1.547675820527353
2013-01-16,-1.4244781157998283,-1.8581455653277035,0.7407164451286824,-0.6202734638381022,1.526327546829671,0.5049687212112647,0.31648076078148263,-1.546926841615155
2013-01-17,-1.4518600836411772,-1.876870804999925,0.729575002115755,-0.5683864775809191,1.5279957634766708,0.5839371380461897,0.3374643812632571,-1.5461778627029568
2013-01-18,-1.4098163919902698,-1.8269371500090854,0.7018127178868216,-0.5891412720837922,1.5571895547991594,0.6081256621217523,0.32710879373654195,-1.5454288837907588
2013-01-20,-1.4084096083708082,-1.8494072471347005,0.6851918766708149,-0.5995186693352289,1.599312025135894,0.5853599924035756,0.3440047348245405,-1.5439309259663627
2013-01-21,-1.4084096083708082,-1.8494072471347005,0.6851918766708149,-0.5995186693352289,1.599312025135894,0.6451198754137897,0.3440047348245405,-1.5431819470541646
2013-01-22,-1.4084096083708082,-1.8494072471347005,0.6782513056135814,-0.5995186693352289,1.599312025135894,0.6451198754137897,0.3440047348245405,-1.5424329681419666
2013-01-23,-1.395235563171451,-1.8431661355141284,0.6740504336578875,-0.5995186693352289,1.6393492246638797,0.6159513610873756,0.3262914574515066,-1.5416839892297685
2013-01-24,-1.4250858147546588,-1.8394212780607349,0.6985250789649737,-0.5787638748323558,1.6773011533831157,0.6045685262282873,0.28050931517872757,-1.5409350103175705
2013-01-25,-1.4324946120773467,-1.8643876293535282,0.7023606577071291,-0.47498990231798915,1.6476903078988763,0.5697085944723297,0.24481031500431666,-1.5401860314053724
2013-01-27,-1.356634841248397,-1.8606427719001344,0.7398032120948363,-0.45423510781511584,1.649358524545876,0.5512114878263106,0.23390983662091322,-1.5386880735809763
2013-01-28,-1.356634841248397,-1.8606427719001344,0.7398032120948363,-0.45423510781511584,1.649358524545876,0.5832257108674971,0.23390983662091322,-1.537939094668778
2013-01-29,-1.3353377551495704,-1.8881063297653589,0.7533190609957648,-0.4231029160608061,1.7035755655733558,0.6259113415890781,0.25652812967275734,-1.5371901157565802
2013-01-30,-1.3244386349337174,-1.9230596025373707,0.7418123247692988,-0.4231029160608061,1.7119166488083528,0.7205311563552498,0.3088506255068198,-1.536441136844382
2013-01-31,-1.3251084849180188,-1.9317979207303737,0.7419949713760677,-0.4334803133122425,1.7173383529111006,0.6942083507436081,0.25625568424441125,-1.535692157932184
2013-02-01,-1.2744090292578887,-1.941784842209592,0.7328626410376028,-0.4127255188093692,1.7173383529111006,0.7681967773276823,0.2802368697503825,-1.534943179019986
2013-02-03,-1.2733041220672878,-1.8893539806463215,0.7350544003188342,-0.45423510781511584,1.738608115160343,0.7461425347881983,0.296315141897145,-1.5334452211955898
2013-02-04,-1.2733041220672878,-1.8893539806463215,0.7350544003188342,-0.45423510781511584,1.738608115160343,0.7454311076095056,0.296315141897145,-1.5326962422833919
2013-02-05,-1.2492526601861786,-1.8968446479583618,0.7156938600012887,-0.4127255188093692,1.7790623688500782,0.7482768163242773,0.2884122285379353,-1.5319472633711937
2013-02-06,-1.2424801710223636,-1.868132486806922,0.71788561928252,-0.45423510781511584,1.7615460940565846,0.7070140399600823,0.30285516280222663,-1.5311982844589955
2013-02-07,-1.25531189229749,-1.8094605136230795,0.7189814989231358,-0.4646125050665525,1.784901127114576,0.6892283604927572,0.28296198934623407,-1.5304493055467976
2013-02-08,-1.237099667613849,-1.801970798716292,0.7063788830560541,-0.4646125050665525,1.8570514970972996,0.7354711271078032,0.2709713965932485,-1.5297003266345994
2013-02-11,-1.3091711852178824,-1.7944810838095044,0.71788561928252,-0.4646125050665525,1.831611193230559,0.6828255158845198,0.10092386728089592,-1.5274533898980054
2013-02-12,-1.3091711852178824,-1.819447435102298,0.71788561928252,-0.4334803133122425,1.814929026760565,0.7134168845683198,0.10092386728089592,-1.5267044109858072
2013-02-13,-1.3091711852178824,-1.821944641674729,0.71788561928252,-0.40234812155793276,1.8374499514950569,0.7112826030322406,0.10092386728089592,-1.5259554320736093
2013-02-14,-1.3091711852178824,-1.7757558441372832,0.71788561928252,-0.45423510781511584,1.839535222303806,0.702745476887924,0.10092386728089592,-1.5252064531614111
2013-02-15,-1.3091711852178824,-1.7607754619184555,0.71788561928252,-0.4231029160608061,1.7944933728348227,0.7034569040666173,0.10092386728089592,-1.5244574742492132
2013-02-16,-1.3091711852178824,-1.7745072408510676,0.71788561928252,-0.4231029160608061,1.779479423011828,0.5796685749740315,0.10092386728089592,-1.523708495337015
2013-02-17,-1.3091711852178824,-1.7745072408510676,0.7041871237748227,-0.4231029160608061,1.779479423011828,0.5796685749740315,0.10092386728089592,-1.5229595164248169
2013-02-18,-1.3091711852178824,-1.7745072408510676,0.7191641455299055,-0.4231029160608061,1.779479423011828,0.5796685749740315,0.10092386728089592,-1.522210537512619
2013-02-19,-1.3091711852178824,-1.7745072408510676,0.719529438743444,-0.4231029160608061,1.779479423011828,0.5796685749740315,0.10092386728089592,-1.5214615586004208
2013-02-20,-1.284776412888265,-1.6971109804002564,0.6649181033194226,-0.4334803133122425,1.7456980359100904,0.5199086919638181,0.030070757788765258,-1.5207125796882228
2013-02-21,-1.372180490810437,-1.6509221828628107,0.6632742838584986,-0.4646125050665525,1.6606189869131216,0.44165170230758555,0.031705763015035665,-1.5199636007760247
2013-02-22,-1.387333503710102,-1.6484249762903798,0.6787992454338897,-0.4853672995694258,1.6418515496343784,0.41390604233855793,0.015900268952819534,-1.5192146218638267
2013-02-25,-1.3751440097395118,-1.6247072282838018,0.6994383119988206,-0.5787638748323558,1.675632936736116,0.42742315873372544,0.053506719781844986,-1.5169676851272325
2013-02-26,-1.4122353495182627,-1.5997399245857558,0.7226344310585222,-0.5787638748323558,1.6093213250178902,0.4594373817749113,0.13253518806152895,-1.5162187062150343
2013-02-27,-1.3931539969463014,-1.6334455464768047,0.7145979803606722,-0.5476316830780458,1.5792934253719013,0.44876597409451624,0.07803279614450591,-1.5154697273028364
2013-02-28,-1.318002550548469,-1.5860081456531436,0.7242782505194454,-0.5683864775809191,1.5776252087249023,0.421020314125488,0.030343203217110364,-1.5147207483906382
2013-03-01,-1.314900918220569,-1.5448137612605597,0.7098491685846708,-0.5995186693352289,1.4917120514044337,0.35485758650703714,0.014537709154894229,-1.5139717694784403
2013-03-04,-1.4280325627710195,-1.556048333620741,0.6928630341551256,-0.5787638748323558,1.4817027515224377,0.35556901368573035,0.015082600011583944,-1.511724832741846
2013-03-05,-1.351241513024278,-1.572277319125784,0.6882968689858932,-0.5580090803294825,1.5033895679334295,0.374777547510442,0.021895399001211947,-1.510975853829648
2013-03-06,-1.3163955025007117,-1.5260885215883384,0.6959680264702038,-0.5061220940722991,1.4971337555071818,0.3434747516479488,0.021895399001211947,-1.51022687491745
2013-03-07,-1.3515562142687436,-1.5735249700067468,0.6979771391446663,-0.45423510781511584,1.5033895679334295,0.3826032464760653,0.022440622514102435,-1.509477896005252
2013-03-08,-1.364408652553694,-1.4961287095559357,0.6985250789649737,-0.3919707243064959,1.4404143895092025,0.36624042136612545,0.027345638192914648,-1.5087289170930538
2013-03-11,-1.378532720632113,-1.512356742655726,0.7010821314597445,-0.38159332705505944,1.4291539271419569,0.3776232562252138,0.03061598130165624,-1.5064819803564595
2013-03-12,-1.4227319678289685,-1.5111081393695107,0.7133194541132876,-0.4231029160608061,1.4224810605539595,0.43098029462719045,0.06794998670233658,-1.5057330014442616
2013-03-13,-1.4493523389282243,-1.472410009144105,0.7135021007200565,-0.4127255188093692,1.3820268068642243,0.3890060910843021,0.05922973705809307,-1.5049840225320634
2013-03-14,-1.4410872385328213,-1.507363281916117,0.7173376794622118,-0.4127255188093692,1.406633002407465,0.40536891619424203,0.06549731253483058,-1.5042350436198655
2013-03-15,-1.4337514440066552,-1.5510548728811318,0.7173376794622118,-0.4438577105636794,1.457513610140946,0.3826032464760653,0.07067510629818768,-1.5034860647076673
2013-03-18,-1.4716556797899196,-1.4973763604368986,0.7268353030142161,-0.4957446968208625,1.4249833855244587,0.2509892184178562,0.10364898687674702,-1.5012391279710733
2013-03-19,-1.4554283419522505,-1.4599268334977082,0.71788561928252,-0.5372542858266092,1.3570035571592332,0.2189749953766703,0.12190748776266944,-1.5004901490588751
2013-03-20,-1.372384701335842,-1.4861417880767172,0.6813562979286596,-0.4957446968208625,1.4137229231572124,0.2773120240294979,0.11155190023595522,-1.499741170146677
2013-03-21,-1.3612419096234905,-1.4836445815042862,0.6990730187852819,-0.5061220940722991,1.3361508490717409,0.26094919891955864,0.12872028675229794,-1.498992191234479
2013-03-22,-1.3577249505748377,-1.5173502033953354,0.6985250789649737,-0.5268768885751725,1.3403213906892397,0.3050576839985261,0.10800911169886854,-1.4982432123222809
2013-03-25,-1.3635572821023652,-1.4749062633112833,0.6901233350535859,-0.5268768885751725,1.346577203115487,0.27517774249341875,0.10364898687674702,-1.4959962755856868
2013-03-26,-1.3973506712220292,-1.4736586124303206,0.6804430648948128,-0.5372542858266092,1.3649275862324803,0.27162060659995374,0.07966813402697709,-1.4952472966734887
2013-03-27,-1.3901658149102936,-1.432463275632484,0.6610825245772672,-0.5891412720837922,1.423732223039209,0.28727200453120033,0.10800911169886854,-1.4944983177612907
2013-03-28,-1.4718677825095439,-1.4599268334977082,0.6417219842597209,-0.5891412720837922,1.4216469522304593,0.22893497587837278,0.07694301443112599,-1.4937493388490926
2013-03-29,-1.4727240855822592,-1.4923828996972892,0.62108291769479,-0.5995186693352289,1.4341585770829552,0.18980648105025621,0.09111350326707171,-1.4930003599368944
2013-04-01,-1.4727240855822592,-1.4923828996972892,0.6048273696923219,-0.5995186693352289,1.4341585770829552,0.18980648105025621,0.09111350326707171,-1.4907534232003004
2013-04-02,-1.4895028904909509,-1.4661679451182803,0.5688459881587696,-0.5787638748323558,1.471693451640441,0.1954978984798004,0.02325795879913725,-1.4900044442881022
2013-04-03,-1.4920648940391565,-1.4936315029835048,0.5503986808750702,-0.6306508610895388,1.3949554858784692,0.13004659804004276,-0.03751200859462282,-1.4892554653759043
2013-04-04,-1.496840658065672,-1.498624963723114,0.532499313411678,-0.6825378473467222,1.2810996997207615,0.15636940365168447,0.014810154583238838,-1.488506486463706
2013-04-05,-1.496840658065672,-1.521095060848729,0.532499313411678,-0.7448022308553421,1.2348066877665285,0.14569799597128938,0.014810154583238838,-1.4877575075515082
2013-04-07,-1.496840658065672,-1.489886645530111,0.532499313411678,-0.7032926418495955,1.2006082465030408,0.18411506362071206,0.014810154583238838,-1.486259549727112
2013-04-08,-1.496840658065672,-1.489886645530111,0.5321340201981395,-0.7032926418495955,1.2006082465030408,0.18411506362071206,0.014810154583238838,-1.4855105708149139
2013-04-09,-1.4792963103177783,-1.5448137612605597,0.495604698844279,-0.6825378473467222,1.2389772293840267,0.2844262958164279,0.053506719781844986,-1.4847615919027157
2013-04-10,-1.4832108386501919,-1.5173502033953354,0.48081032369596594,-0.6202734638381022,1.2690051290300157,0.2517006455965495,-0.022523850817441512,-1.4840126129905178
2013-04-11,-1.4888902589147346,-1.552303476167347,0.495604698844279,-0.6410282583409755,1.219792737943534,0.27446631531472615,-0.006173133242334398,-1.4832636340783196
2013-04-12,-1.5041261398536947,-1.5448137612605597,0.4864723685058141,-0.7136700391010321,1.0930082727715804,0.15494654929429857,-0.17867333672219393,-1.4825146551661217
2013-04-15,-1.5332473499959616,-1.5310819823279476,0.4408107168134887,-0.7448022308553421,1.0404594483910996,0.043963909418187605,-0.5612801945109375,-1.4802677184295274
2013-04-16,-1.513913447209006,-1.6147203068045834,0.36775207410576777,-0.7136700391010321,0.9804036490991218,0.09020667603323358,-0.48988186150591634,-1.4795187395173295
2013-04-17,-1.5100502181390127,-1.5011212178902922,0.3907655465586997,-0.7344248336039054,0.9370300162771381,-0.07982441967439823,-0.5024176777717925,-1.4787697606051313
2013-04-18,-1.5033625700630473,-1.5148529968229043,0.44555952858949005,-0.7448022308553421,0.9637214826291283,-0.05634732277752829,-0.4757113726699706,-1.4780207816929332
2013-04-19,-1.4359869080190668,-1.4948801062697201,0.45871008427688,-0.7344248336039054,1.0246113902446057,-0.13602716679114665,-0.4667183449411817,-1.4772718027807352
2013-04-22,-1.431486384265924,-1.498624963723114,0.5251934491409059,-0.7448022308553421,1.0300330943473535,-0.1630613995814816,-0.39668290439028664,-1.475024866044141
2013-04-23,-1.5099712961968272,-1.454933372758099,0.48172355672981193,-0.7240474363524688,1.037540069258851,-0.21926414669823005,-0.43047445391008154,-1.474275887131943
2013-04-24,-1.4609213091283795,-1.4674165484044959,0.457796851243034,-0.7344248336039054,1.0984299768743282,-0.12962432218290987,-0.39014255082900423,-1.4735269082197449
2013-04-25,-1.4916752169496141,-1.4911352488163265,0.424189875597482,-0.7240474363524688,1.1363819055935647,-0.017930255128105626,-0.28549789181707913,-1.472777929307547
2013-04-26,-1.5186004240505628,-1.5235913150159073,0.4240072289907123,-0.7655570253582155,1.1684950760483028,-0.09903295349910987,-0.30784407209677894,-1.4720289503953488
2013-04-27,-1.513536594935069,-1.5647866518137439,0.42364193577717374,-0.7655570253582155,1.188930729974045,-0.03571593459543076,-0.2694199523265179,-1.4712799714831508
2013-04-28,-1.513536594935069,-1.5647866518137439,0.424189875597482,-0.7655570253582155,1.188930729974045,-0.03571593459543076,-0.2694199523265179,-1.4705309925709527
2013-04-29,-1.513536594935069,-1.5647866518137439,0.38857378727746833,-0.7655570253582155,1.188930729974045,-0.03571593459543076,-0.2694199523265179,-1.4697820136587545
2013-04-30,-1.513536594935069,-1.6172165609717617,0.38857378727746833,-0.7655570253582155,1.1326284181378161,-0.09120725453348656,-0.2694199523265179,-1.4690330347465566
2013-05-01,-1.513536594935069,-1.6284520857371956,0.38857378727746833,-0.8070666143639621,0.9995881405396151,-0.24416409795248586,-0.2694199523265179,-1.4682840558343584
2013-05-02,-1.513536594935069,-1.5572969369069565,0.38857378727746833,-0.8070666143639621,1.0821648645660842,-0.20930416619652822,-0.2694199523265179,-1.4675350769221605
2013-05-03,-1.4690344847850751,-1.5710287158395686,0.40555992170701277,-0.6825378473467222,1.2606640457950187,0.08949524885454033,-0.27868509282745113,-1.4667860980099623
2013-05-06,-1.4318681691612474,-1.5435651579743441,0.43149573986825407,-0.6617830528438489,1.2773462122650128,0.08380383142499678,-0.2683298379569367,-1.4645391612733683
2013-05-07,-1.427145677445707,-1.5460614121415226,0.41450960543870885,-0.6410282583409755,1.2848531871765103,0.07242099656590845,-0.32037955570645427,-1.46379018236117
2013-05-08,-1.4087815280233587,-1.595995067132362,0.42985192040733017,-0.6514056555924121,1.2268826586932815,0.16917509286815868,-0.2525240112385203,-1.4630412034489721
2013-05-09,-1.4189989599635826,-1.4848931847905018,0.42473781541779027,-0.6514056555924121,1.2185415754582845,0.12648946214657775,-0.26642205464612095,-1.462292224536774
2013-05-10,-1.406823277332875,-1.441201593825487,0.40555992170701277,-0.5580090803294825,1.1234532265793193,0.1442751416139035,-0.35362588171335824,-1.4615432456245758
2013-05-13,-1.4110791430652414,-1.4262212116066593,0.41030873348301494,-0.5372542858266092,1.1593198844898063,0.1535236949369127,-0.359893789846296,-1.4592963088879818
2013-05-14,-1.4493326084426779,-1.3875230813812538,0.41213519955070776,-0.4957446968208625,1.1814237550625482,0.05178960838381028,-0.3866000949481183,-1.4585473299757836
2013-05-15,-1.4287191836680355,-1.3550660627764202,0.4066558013476293,-0.5164994913237358,1.1342966347848151,0.019063958163931787,-0.4634483344886404,-1.4577983510635857
2013-05-16,-1.390037566754241,-1.3625567300884602,0.40683844795439816,-0.5891412720837922,1.2469012584572738,0.06103816170682011,-0.4890645252208815,-1.4570493721513875
2013-05-17,-1.3503990212914452,-1.2988912961650085,0.40574256831378247,-0.5061220940722991,1.2285508753402805,0.10158951089232192,-0.549562047186297,-1.4563003932391896
2013-05-20,-1.3267401960727097,-1.357563269348851,0.4130484325845546,-0.4853672995694258,1.2585787749862696,0.15423512211560533,-0.49669466049554434,-1.4540534565025953
2013-05-21,-1.3141531328183589,-1.3513212053230264,0.4130484325845546,-0.5164994913237358,1.1981059215325416,0.13075802521873603,-0.5144079378685767,-1.4533044775903972
2013-05-22,-1.319314627837307,-1.3026361536184023,0.3947837719076239,-0.4231029160608061,1.1580687220045567,0.18340363644201943,-0.5422043573399793,-1.4525554986781992
2013-05-23,-1.3526907171876636,-1.358810920229814,0.39058289995193,-0.4334803133122425,1.088003622830582,0.07455527810198696,-0.4757113726699706,-1.451806519766001
2013-05-24,-1.3327195197175583,-1.3712950482814632,0.39989787689716466,-0.4438577105636794,1.1205338474470703,0.062461016064205996,-0.48988186150591634,-1.4510575408538031
2013-05-27,-1.2941592452898742,-1.3163679325510145,0.397158177795625,-0.29857414904356616,1.2260485503697813,0.09020667603323358,-0.5108654819876909,-1.4488106041172089
2013-05-28,-1.2941592452898742,-1.3163679325510145,0.4044640420663971,-0.29857414904356616,1.2260485503697813,0.09020667603323358,-0.5108654819876909,-1.448061625205011
2013-05-29,-1.2911621845353702,-1.3787847631882508,0.4289386873734841,-0.3193289435464395,1.1580687220045567,0.06459529760028514,-0.4776188233245861,-1.4473126462928128
2013-05-30,-1.2955462984237889,-1.4574296269252773,0.4289386873734841,-0.3193289435464395,1.1434718263433121,0.10158951089232192,-0.42257154055087287,-1.4465636673806146
2013-05-31,-1.3200732650065679,-1.4112417817930842,0.439714837172873,-0.2881967517921293,1.0867524603453331,0.0688638606724428,-0.4740763674437002,-1.4458146884684167
2013-06-03,-1.3274958736691378,-1.498624963723114,0.4541439191076475,-0.3193289435464395,1.1367989597553143,0.12222089907441945,-0.42202664969418313,-1.4435677517318224
2013-06-04,-1.3681860540115602,-1.4873903913629327,0.4769747449538106,-0.3089515462950026,1.1538981803870585,0.177000791833782,-0.46181332926237,-1.4428187728196245
2013-06-05,-1.3717128783029862,-1.512356742655726,0.479166504235042,-0.35046113530074924,1.2152051421642858,0.18055792772724702,-0.4582705407252833,-1.4420697939074263
2013-06-06,-1.4057223162393835,-1.6434324679560233,0.48574178207873697,-0.37121592980362256,1.209366383899788,0.10514664678578695,-0.4111261713107787,-1.4413208149952283
2013-06-07,-1.4498702641738186,-1.6222100217113709,0.5169743518362878,-0.27781935454069284,1.2385601752222768,0.03329250173779189,-0.500237449032631,-1.4405718360830302
2013-06-08,-1.5280720436371307,-1.62720348245098,0.5169743518362878,-0.2259323682835093,1.2302190919872802,-0.005124565911630773,-0.5149531613814677,-1.439822857170832
2013-06-09,-1.5280720436371307,-1.62720348245098,0.4565183249956486,-0.2259323682835093,1.2302190919872802,-0.005124565911630773,-0.5149531613814677,-1.439073878258634
2013-06-10,-1.5280720436371307,-1.62720348245098,0.47478298567257843,-0.2259323682835093,1.2302190919872802,-0.005124565911630773,-0.5149531613814677,-1.438324899346436
2013-06-11,-1.5280720436371307,-1.7008558378536502,0.47478298567257843,-0.2466871627863826,1.1313772556525665,-0.07057586635138903,-0.5149531613814677,-1.437575920434238
2013-06-12,-1.5280720436371307,-1.713339013500047,0.47478298567257843,-0.19480017652919954,1.1985229756942917,-0.02717880845111482,-0.5149531613814677,-1.4368269415220398
2013-06-13,-1.5280720436371307,-1.7557820011788463,0.47478298567257843,-0.2570645600378195,1.2097834380615373,-0.0855158371039424,-0.5149531613814677,-1.4360779626098419
2013-06-14,-1.5022704876880522,-1.7495408895582742,0.4926823531359705,-0.3089515462950026,1.281516753882511,-0.06203874020707246,-0.488519301707991,-1.4353289836976437
2013-06-17,-1.5106983645892138,-1.762024065204671,0.5102164273858232,-0.2570645600378195,1.3107105452050003,-0.06915301199400314,-0.5007823398893212,-1.4330820469610497
2013-06-18,-1.4966581510743677,-1.7557820011788463,0.5162437654092099,-0.2466871627863826,1.2861043496617592,-0.1289128950042166,-0.5449294769358304,-1.4323330680488515
2013-06-19,-1.5156951100538496,-1.6546670403162045,0.6437310969341834,-0.11178099851770625,1.3007012453230042,-0.1502557103650074,-0.5258536397648722,-1.4315840891366534
2013-06-20,-1.59947469778114,-1.6034857344444022,0.9177010070881366,-0.02876182050621296,1.1822578633860477,-0.2633726317771975,-0.7648464952585391,-1.4308351102244554
2013-06-21,-1.6058496176611947,-1.5435651579743441,0.7346891071052957,0.08538954925959008,1.0838330812130839,-0.22068700105561656,-0.749313446624668,-1.4300861313122573
2013-06-24,-1.7544379312628742,-1.529833379041732,0.731949408003756,0.13727653551677316,1.0604780481550924,-0.32242108760871835,-0.7896450170495446,-1.4278391945756632
2013-06-25,-1.7549538834599134,-1.5111081393695107,0.731949408003756,0.16840872727108336,1.1317943098143164,-0.2548355056328816,-0.7950952562412468,-1.427090215663465
2013-06-26,-1.7414286356178292,-1.4649202942373176,0.6408087512258741,0.11652174101389984,1.09467648941858,-0.3025011266053134,-0.9182708615674404,-1.4263412367512671
2013-06-27,-1.7550426706448725,-1.4699128025716741,0.591676814004932,0.05425735750528033,1.1830919717095472,-0.2733326122789,-0.967867905149451,-1.425592257839069
2013-06-28,-1.7259037030656137,-1.4374567363720931,0.5723162736873865,0.08538954925959008,1.172665617665801,-0.27617832099367173,-0.9340763556296565,-1.424843278926871
2013-07-01,-1.7035174941646236,-1.4611744843786711,0.5942338664997027,0.06463475475671676,1.2018594089882904,-0.13460431243376078,-0.8466000831340742,-1.4225963421902768
2013-07-02,-1.6870918649472129,-1.3912679388346474,0.5938685732861642,0.043879960253843435,1.2339725794430283,-0.15452427343716568,-0.8801191872255235,-1.4218473632780786
2013-07-03,-1.6965023200285871,-1.429966069060053,0.6046447230855522,0.08538954925959008,1.3240562783809957,-0.10970436117950495,-0.8569556706607888,-1.4210983843658807
2013-07-04,-1.6852776468012176,-1.2814146597790026,0.5681154017316925,0.3033148915397597,1.3799415360554748,-0.26550691331327664,-0.963780225755674,-1.4203494054536825
2013-07-05,-1.6852776468012176,-1.2814146597790026,0.572681566900925,0.3033148915397597,1.3799415360554748,-0.26550691331327664,-0.963780225755674,-1.4196004265414846
2013-07-08,-1.7547713764686093,-1.308878217644227,0.5818138972393899,0.22029571352826643,1.3920361067462206,-0.21641843798345828,-0.9038275946469483,-1.4173534898048903
2013-07-09,-1.7492606518554883,-1.2614408168205657,0.5863800624086224,0.22029571352826643,1.3982919191724685,-0.2662183404919699,-0.8738512790925856,-1.4166045108926921
2013-07-10,-1.687733105727472,-1.3288511081974113,0.6959680264702038,0.27218269978545,1.4203957897452104,-0.22851270002123925,-0.8697635996988088,-1.4158555319804942
2013-07-11,-1.5929656105993697,-1.489886645530111,0.7142326871471336,0.16840872727108336,1.4099694357014643,-0.10543579810734667,-0.7806523219769564,-1.415106553068296
2013-07-12,-1.6361605760819116,-1.4599268334977082,0.7323147012172946,0.1787861245225198,1.445419039450201,-0.13745002114853316,-0.7869198974536935,-1.414357574156098
2013-07-15,-1.598067914161679,-1.4536847694718837,0.7507620085009941,0.13727653551677316,1.4462531477737004,-0.15238999190108654,-0.7705691798785864,-1.4121106374195038
2013-07-16,-1.583246373419194,-1.529833379041732,0.7668349098966933,0.11652174101389984,1.4562624476556971,-0.09263010889087245,-0.7514933427076281,-1.4113616585073059
2013-07-17,-1.6196343213882143,-1.4948801062697201,0.8581582132813441,0.08538954925959008,1.472110505802191,-0.17515566161926321,-0.7866474520253484,-1.4106126795951077
2013-07-18,-1.6476407590971074,-1.481148327337108,0.8970619405232056,0.12689913826533672,1.47377872244919,-0.17088709854710493,-0.7683892837956263,-1.4098637006829098
2013-07-19,-1.7014625640949617,-1.5111081393695107,0.9240936383250619,0.06463475475671676,1.4583477184644462,-0.15879283650932333,-0.7446805437180002,-1.4091147217707116
2013-07-22,-1.680399284249861,-1.556048333620741,0.9880199506943179,0.06463475475671676,1.4366609020534538,-0.09476439042695159,-0.6272279556680557,-1.4068677850341174
2013-07-23,-1.6176089870468724,-1.5822632881997498,1.0247319186549482,0.09576694651102652,1.455428339332197,-0.0762672837809332,-0.6307707442051419,-1.4061188061219194
2013-07-24,-1.6242739450644594,-1.5460614121415226,1.0886582310242032,0.1787861245225198,1.4120547065102134,-0.10330151657126815,-0.6727376525124901,-1.4053698272097213
2013-07-25,-1.6480906141675664,-1.587256748939359,0.9334086152702965,0.1787861245225198,1.406633002407465,-0.09405296324825833,-0.647393907208594,-1.4046208482975233
2013-07-26,-1.6571863680044745,-1.6309483399043738,0.9425409456087614,0.14765393276821004,1.384529131834723,-0.2078813118391417,-0.6672874133207879,-1.4038718693853252
2013-07-29,-1.7046884984818045,-1.6259548791647647,0.9564220877232285,0.1787861245225198,1.406633002407465,-0.20503560312436994,-0.6490289124348649,-1.4016249326487311
2013-07-30,-1.7009525310435865,-1.604733385325365,0.9562394411164595,0.19954091902539312,1.3803585902172248,-0.28898401021014597,-0.6610195051878496,-1.400875953736533
2013-07-31,-1.6975648066752629,-1.6521707861490262,0.9538650352284586,0.16840872727108336,1.3978748650107184,-0.18013565187011413,-0.6926308259684836,-1.4001269748243348
2013-08-01,-1.637843586499023,-1.5410689038071659,0.9244589315386005,0.31369228879119665,1.4833709681694367,-0.11468435143035649,-0.6964460599339154,-1.3993779959121369
2013-08-02,-1.6364229915396793,-1.5947464638461466,0.9209886460099836,0.19954091902539312,1.4704422891551914,-0.10472437092865404,-0.6975361743034956,-1.3986290169999387
2013-08-05,-1.6027785675858912,-1.5984922737047929,0.933773908483835,0.24105050803113978,1.477949264066689,-0.11112721553689084,-0.719337131070305,-1.3963820802633446
2013-08-06,-1.5828931977279121,-1.6334455464768047,0.942723592215531,0.24105050803113978,1.4345756312447047,-0.10543579810734667,-0.7722045177610576,-1.3956331013511465
2013-08-07,-1.6024510415258197,-1.6721436767022104,1.0431792259386476,0.1787861245225198,1.4187275730982107,-0.10614722528603993,-0.7643016044018494,-1.3948841224389485
2013-08-08,-1.6032807084430483,-1.7070969494742223,1.1805294742291623,0.14765393276821004,1.374102777790977,0.029735365844326865,-0.6972637288751505,-1.3941351435267504
2013-08-09,-1.5976575200623127,-1.6921175196606473,1.1717624371042359,0.13727653551677316,1.422898114715709,0.08095812271022439,-0.6912682661705574,-1.3933861646145522
2013-08-12,-1.5391881991939946,-1.6671502159626013,1.1911229774217824,0.1787861245225198,1.455845393493947,0.07526670528068022,-0.6318608585747225,-1.3911392278779582
2013-08-13,-1.528516966086203,-1.6172165609717617,1.326098819824296,0.2825600970368864,1.5146500303006754,0.09447523910539186,-0.6686499731187132,-1.39039024896576
2013-08-14,-1.5355775203389965,-1.6209623708304082,1.374317524011392,0.2825600970368864,1.496716701345432,0.12577803496788448,-0.633768309229338,-1.389641270053562
2013-08-15,-1.5639539046518853,-1.6921175196606473,1.390025132193552,0.3448244805455064,1.5517678506964117,0.12364375343180534,-0.5585550749150864,-1.388892291141364
2013-08-16,-1.5932349317270789,-1.6758885341556042,1.3533131642329226,0.4174662613055628,1.5617771505784077,0.16063796672384276,-0.5310314335282292,-1.388143312229166
2013-08-19,-1.554834474232321,-1.6796333916089978,1.4815310821849725,0.45897585031130944,1.5446779299466642,0.11439520010879614,-0.5460195913054111,-1.3858963754925717
2013-08-20,-1.5694744945077792,-1.7195801251206189,1.6236301422514894,0.3967114668026895,1.5167353011094244,0.1229323262531127,-0.527216199562798,-1.3851473965803736
2013-08-21,-1.5691834698459692,-1.6683988192488166,1.5324894854736075,0.448598453059873,1.5200717344034231,0.08024669553153113,-0.5340289985524259,-1.3843984176681756
2013-08-22,-1.5679098670039464,-1.6471773254094169,1.5178777569320634,0.47973064481418276,1.5071430553891783,0.11297234575141026,-0.532393993326155,-1.3836494387559775
2013-08-23,-1.580200972975101,-1.6659025650816384,1.4473761667191132,0.3967114668026895,1.5742887754309036,0.1414294328991311,-0.4656285632278013,-1.3829004598437795
2013-08-26,-1.5295686009658283,-1.6621567552229919,1.3814407416753947,0.3655792750483797,1.578876371210152,0.10016665653493603,-0.4729862530741195,-1.3806535231071853
2013-08-27,-1.51933439811289,-1.6871240589210381,1.3995227557455556,0.29293749428832333,1.7031585114116057,0.112260918572717,-0.3977730187598673,-1.3799045441949873
2013-08-28,-1.5340267041750462,-1.6559156436024198,1.503266028390519,0.3552018777969428,1.7473662525570894,0.0766895596380661,-0.4021331435819893,-1.3791555652827892
2013-08-29,-1.5425433682611671,-1.5897539555117899,1.5175124637185256,0.32406968604263303,1.7740577189090798,0.007681123304843449,-0.41875630658544105,-1.378406586370591
2013-08-30,-1.5535519926718022,-1.572277319125784,1.5273753804840675,0.3552018777969428,1.7348546277045942,-0.03002451716588659,-0.4645384488582211,-1.377657607458393
2013-09-02,-1.506215598273063,-1.538571697234735,1.5277406736976054,0.4382210558084361,1.7148360279406014,0.07099814220852194,-0.42120898075294705,-1.3754106707217988
2013-09-03,-1.506215598273063,-1.538571697234735,1.5365077108225325,0.4382210558084361,1.7148360279406014,0.07099814220852194,-0.42120898075294705,-1.3746616918096008
2013-09-04,-1.5059058296499832,-1.5622903976465656,1.56317411541085,0.47973064481418276,1.7215088945285995,-0.017930255128105626,-0.4814340572900179,-1.3739127128974027
2013-09-05,-1.5074201444156732,-1.5048670277489387,1.56317411541085,0.562749822825676,1.7281817611165968,-0.013661692055947342,-0.527216199562798,-1.3731637339852047
2013-09-06,-1.4859070095001123,-1.5647866518137439,1.5458226877677663,0.5212402338199293,1.7840670187910765,0.009815404840922592,-0.49015463959046224,-1.3724147550730066
2013-09-09,-1.411996610643151,-1.6097268460649743,1.56317411541085,0.47973064481418276,1.7027414572498563,0.03471535609517778,-0.48988186150591634,-1.3701678183364123
2013-09-10,-1.3788947750418903,-1.6059819886115805,1.5814387760877815,0.5419950283228027,1.5734546671074034,0.013372540734387617,-0.5517422759254579,-1.3694188394242144
2013-09-11,-1.3814340885317165,-1.6434324679560233,1.7076475813653689,0.510862836568493,1.5847151294746498,0.005546841768764307,-0.5522871667821481,-1.3686698605120162
2013-09-12,-1.3598538699652987,-1.6471773254094169,1.698515251026904,0.500485439317056,1.6155771374441381,-0.05919303149230069,-0.6435786732431623,-1.3679208815998183
2013-09-13,-1.3719614824208708,-1.6521707861490262,1.7195196108053734,0.47973064481418276,1.6239182206791352,-0.06844158481530989,-0.703531304351888,-1.3671719026876201
2013-09-16,-1.3763436232607351,-1.6771371374418196,1.6820770564176661,0.45897585031130944,1.5217399510504228,-0.04211877920366819,-0.6776426681913018,-1.364924965951026
2013-09-17,-1.4277444976820415,-1.6871240589210381,1.5944066851684011,0.4382210558084361,1.4462531477737004,-0.0406959248462823,-0.7005337393276918,-1.364175987038828
2013-09-18,-1.4171344290794439,-1.8032194020025074,1.5544070782859245,0.2618053025340131,1.4479213644207,0.03827249198864344,-0.7051663095781584,-1.36342700812663
2013-09-19,-1.3696895170101988,-1.78823901978368,1.4355041372791086,0.33444708329406947,1.5133988678154258,0.13431516111220104,-0.6531165918286413,-1.3626780292144318
2013-09-20,-1.3696895170101988,-1.7782520983044614,1.4355041372791086,0.32406968604263303,1.4950484846984324,0.09589809346277775,-0.6531165918286413,-1.3619290503022337
2013-09-22,-1.3696895170101988,-1.7770044474234985,1.4355041372791086,0.29293749428832333,1.4258174938479582,0.06530672477897777,-0.6531165918286413,-1.3604310924778376
2013-09-23,-1.3696895170101988,-1.7770044474234985,1.4800699093308183,0.29293749428832333,1.4258174938479582,0.06530672477897777,-0.6531165918286413,-1.3596821135656396
2013-09-24,-1.3907971904477796,-1.7632726684908864,1.4994304496483646,0.24105050803113978,1.3891167276139718,0.005546841768764307,-0.682820461954659,-1.3589331346534415
2013-09-25,-1.403530259295174,-1.7919838772370735,1.4996130962551335,0.19954091902539312,1.463352368405444,0.027601084308247724,-0.628590515465981,-1.3581841557412435
2013-09-26,-1.4543046908003812,-1.7682661292304955,1.4446364676175736,0.23067311077970334,1.4383291187004534,0.07597813245937347,-0.6621096195574303,-1.3574351768290454
2013-09-27,-1.443114545922718,-1.7994745445491138,1.4630837749012737,0.20991831627683002,1.4629353142436945,0.11083806421533111,-0.6217777164763529,-1.3566861979168474
2013-09-29,-1.416568164144261,-1.8057156561696857,1.4630837749012737,0.20991831627683002,1.3962066483637188,0.10158951089232192,-0.6542067061982221,-1.355188240092451
2013-09-30,-1.416568164144261,-1.8057156561696857,1.4543167377763466,0.20991831627683002,1.3962066483637188,0.10158951089232192,-0.6542067061982221,-1.3544392611802532
2013-10-01,-1.3799256929116914,-1.8206960383885133,1.445001760831112,0.23067311077970334,1.374102777790977,0.031869647380406006,-0.6604746143311604,-1.353690282268055
2013-10-02,-1.3799256929116914,-1.8481595962537378,1.445001760831112,0.19954091902539312,1.4479213644207,0.09162953039061947,-0.6604746143311604,-1.352941303355857
2013-10-03,-1.3799256929116914,-1.86189137518635,1.445001760831112,0.1891635217739567,1.4646035308906935,0.024043948414782697,-0.6604746143311604,-1.3521923244436589
2013-10-04,-1.3799256929116914,-1.8181988318160824,1.445001760831112,0.23067311077970334,1.461684151758445,0.0702867150298293,-0.6604746143311604,-1.351443345531461
2013-10-07,-1.3799256929116914,-1.8406689289416975,1.445001760831112,0.22029571352826643,1.471693451640441,0.06388387042159188,-0.6604746143311604,-1.3491964087948667
2013-10-08,-1.3799256929116914,-1.8256894991281227,1.445001760831112,0.23067311077970334,1.5092283261979274,0.058192452992047713,-0.6604746143311604,-1.3484474298826687
2013-10-09,-1.35898770164981,-1.7869904164974644,1.520434809426834,0.25142790528257664,1.4450019852884508,-0.029313089987193962,-0.7076189837456649,-1.3476984509704706
2013-10-10,-1.3849490745318145,-1.7807493048768923,1.4930378184114392,0.2825600970368864,1.5538531215051608,-0.004413138732938146,-0.735687848645412,-1.3469494720582724
2013-10-11,-1.3412282916094602,-1.78823901978368,1.5111198324816002,0.27218269978545,1.5129818136536761,0.024755375593475955,-0.8136262025555153,-1.3462004931460745
2013-10-12,-1.3298477475462738,-1.8007221954300765,1.5107545392680608,0.32406968604263303,1.4912949972426837,0.07313242374460108,-0.7907351314191253,-1.3454515142338763
2013-10-14,-1.3298477475462738,-1.8007221954300765,1.583813181975782,0.32406968604263303,1.4912949972426837,0.07313242374460108,-0.7907351314191253,-1.3439535564094802
2013-10-15,-1.3349826064097348,-1.7732586375648522,1.6071919476422531,0.32406968604263303,1.5138159219771758,0.0795352683528385,-0.8000006045762593,-1.3432045774972823
2013-10-16,-1.3925699745741267,-1.770762383397674,1.6391551038268797,0.2618053025340131,1.518820571918174,0.08024669553153113,-0.7754745282135984,-1.3424555985850841
2013-10-17,-1.4050702236920736,-1.876870804999925,1.6391551038268797,0.1787861245225198,1.4671058558611927,0.06459529760028514,-0.6645622937249368,-1.3417066196728862
2013-10-18,-1.389639997470481,-1.8781194082861403,1.6554106518293485,0.16840872727108336,1.4608500434349454,0.06744100631505691,-0.687180586776781,-1.340957640760688
2013-10-21,-1.3336616504024006,-1.8731259475465312,1.6645429821678135,0.19954091902539312,1.463769422567194,0.07384385092329433,-0.683638130895895,-1.3387107040240938
2013-10-22,-1.368388291488411,-1.92805306327698,1.701072303521673,0.1061443437624634,1.4679399641846922,0.11937519035964768,-0.6106047926646034,-1.3379617251118958
2013-10-23,-1.4106075844606818,-1.925555856704549,1.7350445723807637,0.07501215200815319,1.3916190525844705,0.022621094057396814,-0.6340407546576832,-1.3372127461996977
2013-10-24,-1.4306606634458054,-1.934294174897552,1.8170528988201806,0.09576694651102652,1.3453260406302374,0.016929676627852646,-0.5896215048390298,-1.3364637672874997
2013-10-25,-1.4744455704461858,-1.9355427781837673,1.853582220174042,0.09576694651102652,1.306540003587502,0.024755375593475955,-0.5836260421344365,-1.3357147883753016
2013-10-28,-1.4766218430019584,-1.9268044599907643,1.8353175594971105,0.1061443437624634,1.4145570314807125,0.024755375593475955,-0.5847161565040172,-1.3334678516387075
2013-10-29,-1.4866626870965411,-1.879368011572356,1.859609558197428,0.09576694651102652,1.4041306774369664,0.037561064809950175,-0.6032471028182858,-1.3327188727265094
2013-10-30,-1.447230325207705,-1.8643876293535282,1.859609558197428,0.11652174101389984,1.4195616814217102,0.10870378267925197,-0.5928915152915705,-1.3319698938143112
2013-10-31,-1.4880171849293042,-1.8082128627421168,1.7925782535130945,0.13727653551677316,1.3828609151877238,0.07526670528068022,-0.6621096195574303,-1.3312209149021133
2013-11-01,-1.4825873553069244,-1.7420502222462342,1.7469166018207682,0.22029571352826643,1.3098764368815008,0.07313242374460108,-0.6907233753138681,-1.330471935989915
2013-11-04,-1.4821325676150787,-1.7645203193718493,1.7788797580053963,0.19954091902539312,1.2710903998387648,0.009103977662229333,-0.6866356959200907,-1.328224999253321
2013-11-05,-1.469465595894265,-1.744547428818665,1.8473722355438855,0.2618053025340131,1.2777632664267629,0.01764110380654527,-0.7046214187214682,-1.3274760203411229
2013-11-06,-1.5028337930504032,-1.7732586375648522,1.8656368962208154,0.24105050803113978,1.2965307037055054,-0.012950264877254083,-0.6781878917041922,-1.326727041428925
2013-11-07,-1.5222002511385107,-1.7308156498860527,2.00061273862333,0.19954091902539312,1.197271813209042,0.0034125602326851644,-0.703531304351888,-1.3259780625167268
2013-11-08,-1.557656920189739,-1.6821305981814287,2.044630570854731,0.3448244805455064,1.2477353667807738,0.011238259198308476,-0.7686617292239709,-1.3252290836045288
2013-11-11,-1.5473092670449087,-1.6971109804002564,2.1995148933951003,0.3759566722998161,1.3090423285580013,0.019063958163931787,-0.77819964780945,-1.3229821468679346
2013-11-12,-1.5221736149830227,-1.6846268523486072,2.2199713133532617,0.3759566722998161,1.3311461991307432,-0.016507400770719112,-0.8051783983396169,-1.3222331679557364
2013-11-13,-1.5753344487150718,-1.7170838709534406,2.3080069778160643,0.32406968604263303,1.3565865029974837,-0.12179862321728654,-0.8128085336142792,-1.3214841890435385
2013-11-14,-1.5501869583618575,-1.710841806927616,2.377047395174862,0.2618053025340131,1.4145570314807125,-0.12037576885990066,-0.7640291589735042,-1.3207352101313403
2013-11-15,-1.5013362491974283,-1.7283193957188745,2.5596940019441634,0.2825600970368864,1.4128888148337129,-0.10543579810734667,-0.7610312612931073,-1.3199862312191424
2013-11-18,-1.4214198905401303,-1.7295670465998374,2.671656371893746,0.24105050803113978,1.4358267937299543,-0.13673859396983992,-0.8021808333154207,-1.3177392944825481
2013-11-19,-1.432520261708557,-1.7457960321048804,2.6904689723909843,0.2825600970368864,1.4145570314807125,-0.12677861346813746,-0.7989104902066786,-1.31699031557035
2013-11-20,-1.4152768038652468,-1.6946137738278255,2.781792275775635,0.3759566722998161,1.4137229231572124,-0.12322147757467243,-0.8411498439423719,-1.316241336658152
2013-11-21,-1.426181843226764,-1.702103488734613,2.7428885485337733,0.3655792750483797,1.4817027515224377,-0.07840156531701234,-0.8803916326538685,-1.3154923577459539
2013-11-22,-1.4399547086624556,-1.744547428818665,2.6515652451491225,0.32406968604263303,1.542592659137915,-0.047098769454519095,-0.8790290728559432,-1.314743378833756
2013-11-25,-1.4464332135916287,-1.7183324742396562,2.587638932779867,0.31369228879119665,1.5204887885651732,-0.03287022588065899,-0.8869319862151515,-1.3124964420971617
2013-11-26,-1.4465733000390089,-1.7570306044650617,2.569374272102937,0.2825600970368864,1.570952342136905,-0.04781019663321236,-0.8861143172739164,-1.3117474631849637
2013-11-27,-1.4149966309704873,-1.7408025713652713,2.469283931593359,0.31369228879119665,1.5409244424909154,-0.08338155556786325,-0.89592468128774,-1.3109984842727656
2013-11-28,-1.3846669285885003,-1.7482922862720587,2.2504732966837353,0.32406968604263303,1.5304980884471693,-0.051367332526677384,-0.8610433500545658,-1.3102495053605676
2013-11-29,-1.3846669285885003,-1.7482922862720587,2.1224380253384543,0.32406968604263303,1.5304980884471693,-0.051367332526677384,-0.8610433500545658,-1.3095005264483695
2013-12-02,-1.4383792293915725,-1.7195801251206189,2.3416139534616174,0.38633406955125305,1.5480143632406629,-0.08409298274655651,-0.9381640350234335,-1.3072535897117752
2013-12-03,-1.4072405771021819,-1.7557820011788463,2.2685553107538965,0.3655792750483797,1.613491866635389,-0.09832152632041662,-0.9397993729059041,-1.3065046107995772
2013-12-04,-1.3693018129692112,-1.7545343502978834,2.2411583197385,0.4174662613055628,1.6222500040321355,0.007681123304843449,-0.8675837036158487,-1.305755631887379
2013-12-05,-1.3810404653450652,-1.7994745445491138,2.369010944477012,0.45897585031130944,1.5722035046221539,-0.019353109485491512,-0.9084604975536157,-1.3050066529751811
2013-12-06,-1.3948705491888418,-1.7994745445491138,2.405540265830873,0.45897585031130944,1.548431417402413,0.006969696126150191,-0.9163630782566241,-1.304257674062983
2013-12-09,-1.3891970480699631,-1.8169511809351198,2.4513845641299667,0.4382210558084361,1.4887926722721847,0.023332521236089438,-0.9027374802773677,-1.3020107373263887
2013-12-10,-1.3881542919088339,-1.836924071488304,2.56078988158478,0.38633406955125305,1.4404143895092025,0.03684963763125692,-0.8288868057610418,-1.3012617584141908
2013-12-11,-1.4261177191487378,-1.8469109929675223,2.5975018495454085,0.4382210558084361,1.463769422567194,0.07740098681675936,-0.839514838716101,-1.3005127795019926
2013-12-12,-1.4247938035685714,-1.8082128627421168,2.5427078675146193,0.4693532475627463,1.4437508228032012,0.07455527810198696,-0.9280812255812642,-1.2997638005897947
2013-12-13,-1.427534368010972,-1.8069642594559012,2.451019270916429,0.45897585031130944,1.4057988940839654,0.10087808371362866,-0.9016476985639882,-1.2990148216775965
2013-12-16,-1.469380754806415,-1.8244408958419072,2.474398036582899,0.4693532475627463,1.4983849179924311,0.12791231650396362,-0.8749413934621664,-1.2967678849410025
2013-12-17,-1.4821986647416592,-1.8256894991281227,2.49266269725983,0.4278436585569997,1.4404143895092025,0.11581805446618265,-0.9139107367453184,-1.2960189060288043
2013-12-18,-1.4834022243599922,-1.819447435102298,2.524625853444458,0.4693532475627463,1.4675229100229428,0.10656950114317283,-0.9005575841944075,-1.2952699271166064
2013-12-19,-1.5095786595344534,-1.7545343502978834,2.561520468011857,0.5212402338199293,1.5184035177564241,0.07384385092329433,-1.0125599330526498,-1.2945209482044082
2013-12-20,-1.5597493381819392,-1.7607754619184555,2.561520468011857,0.4693532475627463,1.5755399379161532,0.09020667603323358,-0.9850362916657937,-1.29377196929221
2013-12-23,-1.555237962661746,-1.7770044474234985,2.561703114618626,0.5212402338199293,1.5517678506964117,0.09447523910539186,-1.0032944598955162,-1.291525032555616
2013-12-24,-1.5464065973311594,-1.7670175259442802,2.4793294949656715,0.5731272200771129,1.5513507965346616,0.1876721995141777,-0.9850362916657937,-1.2907760536434179
2013-12-25,-1.5685175659587767,-1.7732586375648522,2.4975941556426013,0.5835046173285493,1.554687229828661,0.2275121215209869,-0.9605102153031327,-1.29002707473122
2013-12-26,-1.5685175659587767,-1.7732586375648522,2.4817039008536717,0.5835046173285493,1.554687229828661,0.2275121215209869,-0.9605102153031327,-1.2892780958190218
2013-12-27,-1.5264600629679865,-1.7844941623302861,2.455768082692431,0.6042594118314227,1.5717864504604044,0.20759216051758198,-0.9550599761114306,-1.2885291169068238
2013-12-30,-1.5273933149343337,-1.8331792140349101,2.455768082692431,0.5731272200771129,1.5054748387421788,0.1862493451567912,-0.9904865308574958,-1.2862821801702295
2013-12-31,-1.5002905334634666,-1.828185753295301,2.470562457840744,0.625014206334296,1.4837880223311868,0.2061693061601961,-0.9937565413100372,-1.2855332012580314
2014-01-01,-1.499154057495992,-1.7545343502978834,2.561885761225395,0.5835046173285493,1.3999601358194675,0.1848264907994053,-0.9308063451771152,-1.2847842223458334
2014-01-02,-1.499154057495992,-1.7545343502978834,2.561885761225395,0.5835046173285493,1.3999601358194675,0.1848264907994053,-0.9308063451771152,-1.2840352434336353
2014-01-03,-1.5272571745840626,-1.7345605073394466,2.634396464112808,0.5938820145799858,1.3428237156597382,0.14712085032867528,-0.8942896760614693,-1.2832862645214373
2014-01-06,-1.5868008203903843,-1.7520371437254525,2.6625240415552813,0.562749822825676,1.348662473924236,0.1535236949369127,-0.89592468128774,-1.281039327784843
2014-01-07,-1.5793979422133604,-1.7295670465998374,2.6353096971466554,0.5419950283228027,1.361174098776732,0.1535236949369127,-0.9188157524241296,-1.2802903488726451
2014-01-08,-1.5680095059559558,-1.7033520920208285,2.543803747155234,0.5938820145799858,1.3782733194084755,0.1293351708613495,-0.9299886762358797,-1.279541369960447
2014-01-09,-1.594474006219395,-1.7070969494742223,2.552936077493699,0.5523724255742396,1.3811926985407244,0.06744100631505691,-0.9190881978524752,-1.2787923910482488
2014-01-10,-1.6198651680691079,-1.7507885404392372,2.561520468011857,0.45897585031130944,1.3374020115569905,0.12791231650396362,-0.8716713830096251,-1.2780434121360509
2014-01-13,-1.6298191980272865,-1.7695137801114584,2.5531187241004694,0.4174662613055628,1.4032965691134662,0.13502658829089367,-0.8602256811133296,-1.2757964753994566
2014-01-14,-1.6000833832602477,-1.7570306044650617,2.5622510544389345,0.45897585031130944,1.3657616945559803,0.12008661753834031,-0.875759062403402,-1.2750474964872587
2014-01-15,-1.5983135587067316,-1.7083455527604376,2.4714756908745903,0.47973064481418276,1.4062159482457155,0.15138941340083356,-0.8951073450027053,-1.2742985175750605
2014-01-16,-1.5994480616256521,-1.7208287284068344,2.5350367100303086,0.4382210558084361,1.3799415360554748,0.1293351708613495,-0.8899295512393481,-1.2735495386628626
2014-01-17,-1.6325814660037878,-1.6758885341556042,2.552936077493699,0.4174662613055628,1.42122989806871,0.1321808795761219,-0.8580457850303695,-1.2728005597506644
2014-01-20,-1.6184416135369322,-1.695862377114041,2.544534333582311,0.4278436585569997,1.4028795149517168,0.1414294328991311,-0.8836616431064099,-1.2705536230140702
2014-01-21,-1.6184416135369322,-1.695862377114041,2.4532110301976604,0.4278436585569997,1.4512577977146988,0.1414294328991311,-0.8836616431064099,-1.2698046441018722
2014-01-22,-1.5592975100629258,-1.6871240589210381,2.3801523874899395,0.448598453059873,1.4729446141256906,0.12150947189572682,-0.8926546708351988,-1.269055665189674
2014-01-23,-1.5618052547758778,-1.7782520983044614,2.3439883593496176,0.3655792750483797,1.4729446141256906,0.048232472490345256,-0.8283419149043515,-1.2683066862774761
2014-01-24,-1.5445963252822734,-1.7757558441372832,2.3984170481668694,0.32406968604263303,1.4500066352294492,0.028312511486940983,-0.8231641211409945,-1.267557707365278
2014-01-26,-1.5703298110562172,-1.770762383397674,2.3352213222246903,0.3552018777969428,1.4324903604359556,0.010526832019615217,-0.8256167953085004,-1.2660597495408819
2014-01-27,-1.5703298110562172,-1.770762383397674,2.3397874873939237,0.3552018777969428,1.4324903604359556,0.010526832019615217,-0.8256167953085004,-1.265310770628684
2014-01-28,-1.5695899178482255,-1.762024065204671,2.3808829739170165,0.3448244805455064,1.4483384185824495,0.00198970587529928,-0.859953235684985,-1.2645617917164858
2014-01-29,-1.5540087534122025,-1.7695137801114584,2.3945814694247147,0.2618053025340131,1.4370779562152038,-0.015795973592026485,-0.8294320292739322,-1.2638128128042876
2014-01-30,-1.5770953945500914,-1.6971109804002564,2.3794218010628625,0.29293749428832333,1.4591818267879457,-0.03215879870196573,-0.8839344211909552,-1.2630638338920896
2014-01-31,-1.5559492466656952,-1.6746408832746413,2.335951908651769,0.24105050803113978,1.409135327377964,-0.0734215750661608,-0.8264341315935357,-1.2623148549798915
2014-02-03,-1.5559492466656952,-1.7070969494742223,2.335951908651769,0.1787861245225198,1.3419896073362387,-0.09191868171217982,-0.8264341315935357,-1.2600679182432974
2014-02-04,-1.5559492466656952,-1.6933651705416102,2.335951908651769,0.20991831627683002,1.3624252612619816,-0.08338155556786325,-0.8264341315935357,-1.2593189393310993
2014-02-05,-1.5559492466656952,-1.704600695307044,2.335951908651769,0.27218269978545,1.352833015541735,-0.08907297299740742,-0.8264341315935357,-1.2585699604189013
2014-02-06,-1.5559492466656952,-1.72207733169305,2.335951908651769,0.3033148915397597,1.4087182732162147,-0.03358165305935162,-0.8264341315935357,-1.2578209815067032
2014-02-07,-1.5559492466656952,-1.7470436829858433,2.335951908651769,0.2825600970368864,1.4908779430809342,-0.020775963842877394,-0.8264341315935357,-1.2570720025945052
2014-02-08,-1.4939461958360096,-1.7495408895582742,2.3175046013680687,0.27218269978545,1.4933802680514334,-0.037138788952817275,-0.7950952562412468,-1.256323023682307
2014-02-10,-1.4939461958360096,-1.7495408895582742,2.345084238990234,0.27218269978545,1.4933802680514334,-0.037138788952817275,-0.7950952562412468,-1.254825065857911
2014-02-11,-1.481149002910589,-1.7545343502978834,2.354216569328699,0.32406968604263303,1.4529260143616978,-0.051367332526677384,-0.7534011260184444,-1.2540760869457128
2014-02-12,-1.4684465163157912,-1.7482922862720587,2.336317201865307,0.3759566722998161,1.4283198188184574,0.005546841768764307,-0.739230304526298,-1.2533271080335149
2014-02-13,-1.4895985833458516,-1.796977337976683,2.336317201865307,0.3033148915397597,1.4433337686414518,-0.0022788571968590044,-0.7253322611186969,-1.2525781291213167
2014-02-14,-1.4643593462348463,-1.8169511809351198,2.335951908651769,0.32406968604263303,1.4287368729802068,0.019775385342624414,-0.6746451031671061,-1.2518291502091188
2014-02-17,-1.4579222753253207,-1.8319306107486946,2.4006088074481005,0.2825600970368864,1.4917120514044337,0.04680961813295937,-0.6591120545332345,-1.2495822134725245
2014-02-18,-1.4579222753253207,-1.8319306107486946,2.4462704591404267,0.2825600970368864,1.4917120514044337,0.04680961813295937,-0.6591120545332345,-1.2488332345603266
2014-02-19,-1.4377034602616066,-1.8119577201955104,2.473667450155822,0.3033148915397597,1.5013042971246804,0.04467533659688023,-0.6702849783449841,-1.2480842556481284
2014-02-20,-1.4667082605391502,-1.796977337976683,2.4373207754087307,0.33444708329406947,1.461684151758445,0.031869647380406006,-0.6798228969304632,-1.2473352767359303
2014-02-21,-1.4861940880648135,-1.8032194020025074,2.4186908215182616,0.3033148915397597,1.445419039450201,0.03471535609517778,-0.6612919506161952,-1.2465862978237323
2014-02-24,-1.522361054595714,-1.8069642594559012,2.34599747202408,0.32406968604263303,1.4758639932579398,0.007681123304843449,-0.6220501619046981,-1.244339361087138
2014-02-25,-1.5959804287908657,-1.8144539743626886,2.254674168639429,0.27218269978545,1.4520919060381983,-0.010104556162482315,-0.6092422328666777,-1.2435903821749401
2014-02-26,-1.5908909500441615,-1.7819969557578552,2.2838976257225174,0.24105050803113978,1.4604329892731953,-0.02789023562980745,-0.6495741359477555,-1.242841403262742
2014-02-27,-1.608678969288554,-1.796977337976683,2.1743096616609354,0.22029571352826643,1.4249833855244587,-0.07199872070877492,-0.6403086627906209,-1.242092424350544
2014-02-28,-1.5836399966058452,-1.8606427719001344,2.2437153722332708,0.23067311077970334,1.4433337686414518,-0.09120725453348656,-0.6681047496058227,-1.2413434454383458
2014-03-03,-1.5587036224479778,-1.8244408958419072,2.2985093542640618,0.16840872727108336,1.538422117520417,-0.11326149707296998,-0.5898939502673748,-1.2390965087017516
2014-03-04,-1.565902290099596,-1.8132053710764733,2.380700327310248,0.27218269978545,1.4512577977146988,-0.05279018688406326,-0.6234127217026239,-1.2383475297895536
2014-03-05,-1.5848534214669512,-1.819447435102298,2.4080973183256424,0.27218269978545,1.4087182732162147,-0.06986443917269577,-0.6168727007975412,-1.2375985508773555
2014-03-06,-1.5793614408151,-1.8731259475465312,2.402435273515794,0.31369228879119665,1.4020454066282166,-0.04781019663321236,-0.5855338254452528,-1.2368495719651575
2014-03-07,-1.584799162631698,-1.868132486806922,2.4018873336954862,0.3759566722998161,1.4500066352294492,-0.24060696205902082,-0.6225953854175885,-1.2361005930529594
2014-03-10,-1.66801840456947,-1.8643876293535282,2.383805319625325,0.3655792750483797,1.4137229231572124,-0.3131725342857091,-0.6136023576887997,-1.2338536563163653
2014-03-11,-1.6613820557559253,-1.86189137518635,2.3987823413804086,0.3448244805455064,1.417059356451211,-0.4262894556978993,-0.5997043142811985,-1.2331046774041672
2014-03-12,-1.6577772960465909,-1.8818642657395341,2.380335034096708,0.3033148915397597,1.3974578108489684,-0.4120609121240385,-0.5348463348374608,-1.232355698491969
2014-03-13,-1.626025025656706,-1.8806156624533188,2.380335034096708,0.23067311077970334,1.3807756443789747,-0.46755223206209434,-0.5296688737303039,-1.231606719579771
2014-03-14,-1.6435693734046,-1.9030857595789339,2.3620703734197783,0.22029571352826643,1.4057988940839654,-0.4284237372339784,-0.5111379274160359,-1.230857740667573
2014-03-17,-1.6121929687643743,-1.9093278236047586,2.3430751263157714,0.27218269978545,1.3603399904532318,-0.4262894556978993,-0.5277610904194877,-1.2286108039309789
2014-03-18,-1.611744100218193,-1.9068306170323275,2.3933029431773294,0.25142790528257664,1.3519989072182355,-0.42700088287659255,-0.565640319333059,-1.2278618250187807
2014-03-19,-1.6309872427716356,-1.8344278173211255,2.3933029431773294,0.3552018777969428,1.3169663576312483,-0.37648955318938765,-0.6136023576887997,-1.2271128461065828
2014-03-20,-1.6784301817923264,-1.8069642594559012,2.4115676038542593,0.3655792750483797,1.3077911660727517,-0.45972653309647105,-0.6433062278148176,-1.2263638671943846
2014-03-21,-1.6104774030461118,-1.819447435102298,2.3839879662320955,0.32406968604263303,1.369098127849979,-0.4284237372339784,-0.6283180700376364,-1.2256148882821865
2014-03-24,-1.5994076141302818,-1.841917532227913,2.4029832133361024,0.31369228879119665,1.3436578239832384,-0.43553800902090845,-0.6959011690772252,-1.2233679515455924
2014-03-25,-1.6003615831064524,-1.8406689289416975,2.411019664033951,0.32406968604263303,1.361174098776732,-0.3501667475777459,-0.6953559455643347,-1.2226189726333943
2014-03-26,-1.6001465208139962,-1.8356754682020884,2.374490342680091,0.2825600970368864,1.3148810868224992,-0.4070809218731876,-0.717156902331144,-1.2218699937211963
2014-03-27,-1.6247553689117926,-1.819447435102298,2.3958599956721,0.2618053025340131,1.3432407698214883,-0.3679524270450717,-0.7408656424087696,-1.2211210148089982
2014-03-28,-1.6392996963323505,-1.810709116909295,2.3949467626382526,0.3033148915397597,1.3457430947919875,-0.3017896994266208,-0.7433179839200749,-1.2203720358968002
2014-03-31,-1.647177092686766,-1.8206960383885133,2.3766821019613227,0.3033148915397597,1.3169663576312483,-0.32313251478741095,-0.771659294248167,-1.218125099160206
2014-04-01,-1.6224350638115312,-1.8231922925556916,2.367549771622858,0.3448244805455064,1.306540003587502,-0.31032682557093677,-0.7820148817748818,-1.2173761202480078
2014-04-02,-1.6129950130018371,-1.8057156561696857,2.358417441284393,0.3967114668026895,1.209366383899788,-0.2946754276396901,-0.7523110116488637,-1.2166271413358098
2014-04-03,-1.6272216796050978,-1.7745072408510676,2.358417441284393,0.3759566722998161,1.2723415623240144,-0.31957537889394594,-0.768934174652316,-1.2158781624236117
2014-04-04,-1.6028426916639174,-1.7807493048768923,2.358417441284393,0.31369228879119665,1.3361508490717409,-0.32668965068087663,-0.7177021258440345,-1.2151291835114137
2014-04-07,-1.5525013443164548,-1.8057156561696857,2.2844455655428257,0.2825600970368864,1.2727586164857645,-0.3032125537840067,-0.7027139680668527,-1.2128822467748195
2014-04-08,-1.5525013443164548,-1.8643876293535282,2.2844455655428257,0.2618053025340131,1.31196170769025,-0.29325257328230425,-0.7027139680668527,-1.2121332678626215
2014-04-09,-1.5445055650487605,-1.8980922988393245,2.3341254425840754,0.2825600970368864,1.377022156923226,-0.3131725342857091,-0.7114342177110967,-1.2113842889504234
2014-04-10,-1.5079607597196452,-1.910576426890974,2.2975961212302143,0.22029571352826643,1.3649275862324803,-0.2989439907118484,-0.6716475381429093,-1.2106353100382254
2014-04-11,-1.5136066381587585,-1.901838108697971,2.288463790891749,0.19954091902539312,1.3749368861144768,-0.3003668450692343,-0.6754627721083412,-1.2098863311260273
2014-04-14,-1.5123626310450555,-1.8668838835207064,2.2386012672437308,0.22029571352826643,1.3891167276139718,-0.2918297189249184,-0.6522992555436066,-1.207639394389433
2014-04-15,-1.5496443700093303,-1.8581455653277035,2.193487555371713,0.20991831627683002,1.4483384185824495,-0.375778126010695,-0.726422375488278,-1.206890415477235
2014-04-16,-1.5488620562574138,-1.8556493111605252,2.120428912663992,0.22029571352826643,1.47377872244919,-0.32597822350218336,-0.7179745712723792,-1.206141436565037
2014-04-17,-1.5553346420409233,-1.8544007078743099,1.9648140036965458,0.3033148915397597,1.4771151557431894,-0.29680970917576927,-0.7444080982896556,-1.205392457652839
2014-04-18,-1.5919465310208962,-1.8394212780607349,2.0101103621753325,0.3033148915397597,1.4729446141256906,-0.3003668450692343,-0.7591238106384918,-1.2046434787406408
2014-04-21,-1.5919465310208962,-1.8394212780607349,2.0101103621753325,0.3033148915397597,1.4729446141256906,-0.3003668450692343,-0.7591238106384918,-1.2023965420040466
2014-04-22,-1.5908593812672869,-1.8444137863950913,2.0101103621753325,0.3033148915397597,1.4249833855244587,-0.2911182917462251,-0.7792897621790302,-1.2016475630918486
2014-04-23,-1.5947078124731204,-1.850655850420916,2.0649043442061235,0.27218269978545,1.4224810605539595,-0.28542687431668096,-0.7694793981652065,-1.2008985841796505
2014-04-24,-1.6066733654327585,-1.8581455653277035,2.082621065062747,0.27218269978545,1.4771151557431894,-0.2107270205539141,-0.7523110116488637,-1.2001496052674525
2014-04-25,-1.641713721238957,-1.86189137518635,2.0643564043858156,0.25142790528257664,1.4662717475376932,-0.20432417594567667,-0.724514924833662,-1.1994006263552544
2014-04-28,-1.6869517784998331,-1.8731259475465312,2.065634930633201,0.27218269978545,1.4491725269059497,-0.21001559337522085,-0.7294199405124743,-1.1971536896186603
2014-04-29,-1.6580643746112913,-1.8568979144467408,2.0475529165630397,0.2825600970368864,1.4812856973606876,-0.25412407845418833,-0.7373228538716825,-1.1964047107064621
2014-04-30,-1.6504109192678276,-1.8968446479583618,2.01102359520918,0.24105050803113978,1.4287368729802068,-0.31886395171525334,-0.7384129682412631,-1.1956557317942642
2014-05-01,-1.6464095767990097,-1.8918511872187527,1.9927589345322487,0.19954091902539312,1.4287368729802068,-0.32740107785956923,-0.7018962991256176,-1.194906752882066
2014-05-02,-1.6464095767990097,-1.893099790504968,1.9927589345322487,0.16840872727108336,1.464186476728944,-0.2583926415263466,-0.7018962991256176,-1.1941577739698679
2014-05-04,-1.6464095767990097,-1.8968446479583618,1.9927589345322487,0.19954091902539312,1.464186476728944,-0.2818697384232159,-0.7018962991256176,-1.1926598161454718
2014-05-05,-1.6464095767990097,-1.8968446479583618,2.01102359520918,0.19954091902539312,1.464186476728944,-0.2818697384232159,-0.7018962991256176,-1.1919108372332738
2014-05-06,-1.640469714125254,-1.9405362389233767,1.9746769204620893,0.1787861245225198,1.414974085642462,-0.276889748172365,-0.7038037497802331,-1.1911618583210757
2014-05-07,-1.6696057221316813,-1.9305493174441581,1.9746769204620893,0.1891635217739567,1.4095523815397142,-0.31174967992832264,-0.7574888054122214,-1.1904128794088777
2014-05-08,-1.6735192639398175,-1.9043343628651492,1.883353617077437,0.1787861245225198,1.4103864898632137,-0.2690640492067417,-0.7607588158647627,-1.1896639004966796
2014-05-09,-1.6827560907483827,-1.845662389681307,1.6828076428447434,0.1891635217739567,1.413305868995463,-0.23989553488032758,-0.7610312612931073,-1.1889149215844816
2014-05-12,-1.6311342348889568,-1.845662389681307,1.6828076428447434,0.23067311077970334,1.4178934647747112,-0.14527572011415585,-0.7384129682412631,-1.1866679848478874
2014-05-13,-1.6358498209345556,-1.8157025776489042,1.7376016248755344,0.1787861245225198,1.4349926854064547,-0.16519568111756075,-0.7411380878371142,-1.1859190059356892
2014-05-14,-1.6386219541538298,-1.8244408958419072,1.7739482996226252,0.1061443437624634,1.480451589037188,-0.1303357493616025,-0.7108893268544065,-1.1851700270234913
2014-05-15,-1.6706050712246079,-1.8331792140349101,1.8124867336509474,0.06463475475671676,1.4750298849344397,-0.15238999190108654,-0.7441356528613104,-1.1844210481112931
2014-05-16,-1.6732390910450576,-1.828185753295301,1.8132173200780262,0.08538954925959008,1.5234081676974223,-0.1488328560076215,-0.7446805437180002,-1.1836720691990952
2014-05-19,-1.7029285391710625,-1.8344278173211255,1.7746788860497023,0.1061443437624634,1.5209058427269233,-0.12037576885990066,-0.7435907620046207,-1.181425132462501
2014-05-20,-1.7004661745748668,-1.828185753295301,1.7860029756693987,0.08538954925959008,1.5004701888011804,-0.15167856472239327,-0.7414105332654588,-1.180676153550303
2014-05-21,-1.6793890833898828,-1.8206960383885133,1.7860029756693987,0.1061443437624634,1.5409244424909154,-0.1829813605848859,-0.7591238106384918,-1.1799271746381048
2014-05-22,-1.6820655237542574,-1.801970798716292,1.7860029756693987,0.12689913826533672,1.5229911135356724,-0.15594712779455155,-0.7403204188958786,-1.1791781957259067
2014-05-23,-1.661068341035737,-1.7844941623302861,1.7502042407426162,0.1061443437624634,1.4937973222131828,-0.1196643416812074,-0.749313446624668,-1.1784292168137087
2014-05-26,-1.6553790555284211,-1.7894876230698953,1.768468901419546,0.08538954925959008,1.486290347301686,-0.10543579810734667,-0.820711446973488,-1.1761822800771145
2014-05-27,-1.6553790555284211,-1.7894876230698953,1.7502042407426162,0.08538954925959008,1.477949264066689,-0.10543579810734667,-0.820711446973488,-1.1754333011649165
2014-05-28,-1.6267777436803024,-1.762024065204671,1.7288345877506073,0.0023703712480967936,1.4479213644207,-0.11112721553689084,-0.8373346099769402,-1.1746843222527183
2014-05-29,-1.643879142027679,-1.7720109866838893,1.6744058989333555,0.012747768499533685,1.4850391848164364,-0.15665855497324419,-0.8455099687644935,-1.1739353433405204
2014-05-30,-1.640171783793503,-1.7869904164974644,1.5931281589210156,0.043879960253843435,1.4529260143616978,-0.18653849647835155,-0.8746689480338212,-1.1731863644283222
2014-06-02,-1.6467321702376936,-1.753285747011668,1.5018048555363648,0.1061443437624634,1.4583477184644462,-0.11895291450251415,-0.8782114039147072,-1.170939427691728
2014-06-03,-1.6467321702376936,-1.7645203193718493,1.5018048555363648,0.16840872727108336,1.4387461728622035,-0.16590710829625402,-0.8782114039147072,-1.17019044877953
2014-06-04,-1.6689072629433372,-1.7495408895582742,1.4835401948594351,0.1787861245225198,1.4470872560972,-0.22851270002123925,-0.8790290728559432,-1.1694414698673319
2014-06-05,-1.641198755566195,-1.7869904164974644,1.5200695162132947,0.15803133001964648,1.4203957897452104,-0.2306469815573184,-0.8545029964932823,-1.168692490955134
2014-06-06,-1.6570235914987166,-1.7819969557578552,1.574863498244086,0.16840872727108336,1.4529260143616978,-0.28613830149537417,-0.8569556706607888,-1.1679435120429358
2014-06-09,-1.663474473748125,-1.7520371437254525,1.5931281589210156,0.1891635217739567,1.5088112720361775,-0.2982325635331558,-0.8531404366953571,-1.1656965753063417
2014-06-10,-1.6324759079061142,-1.7308156498860527,1.574863498244086,0.20991831627683002,1.4516748518764488,-0.28400401995929503,-0.8359720501790149,-1.1649475963941436
2014-06-11,-1.628534743418213,-1.7345605073394466,1.574863498244086,0.22029571352826643,1.4787833723901884,-0.30107827224792755,-0.8332469305831632,-1.1641986174819454
2014-06-12,-1.6352362028340612,-1.7607754619184555,1.579612310020088,0.14765393276821004,1.5767911004014028,-0.33309249528911344,-0.7983655993499889,-1.1634496385697475
2014-06-13,-1.6079272377892349,-1.7607754619184555,1.6161416313739476,0.16840872727108336,1.6172453540911378,-0.3167296701791742,-0.7980931539216438,-1.1627006596575493
2014-06-16,-1.5904272836338202,-1.7745072408510676,1.579612310020088,0.1787861245225198,1.6285058164583834,-0.2911182917462251,-0.7948228108129022,-1.1604537229209553
2014-06-17,-1.6156852647060942,-1.7545343502978834,1.5613476493431582,0.23067311077970334,1.6535290661633741,-0.27190975792151345,-0.803543393113346,-1.1597047440087571
2014-06-18,-1.6293239628400704,-1.7607754619184555,1.5613476493431582,0.1787861245225198,1.6631213118836208,-0.27119833074282085,-0.8016356098025297,-1.1589557650965592
2014-06-19,-1.6730694088693585,-1.793232480523289,1.5372382972496097,0.20991831627683002,1.7023244030881062,-0.2505669425607233,-0.6890883700875972,-1.158206786184361
2014-06-20,-1.6593971689099534,-1.7869904164974644,1.556781484173925,0.19954091902539312,1.675632936736116,-0.19507562262266748,-0.6822755710979697,-1.157457807272163
2014-06-23,-1.6556957298214412,-1.8007221954300765,1.556781484173925,0.19954091902539312,1.6368468996933805,-0.1538128462584724,-0.6773702227629572,-1.1552108705355688
2014-06-24,-1.642691366797783,-1.7919838772370735,1.556781484173925,0.15803133001964648,1.6418515496343784,-0.15096713754370003,-0.6694673094037485,-1.1544618916233707
2014-06-25,-1.6573116565876946,-1.8057156561696857,1.5644526416582356,0.13727653551677316,1.6043166750768925,-0.12251005039597918,-0.6659248535228621,-1.1537129127111727
2014-06-26,-1.6361704413246851,-1.8044670528834703,1.5489276800828453,0.09576694651102652,1.5947244293566458,-0.11824148732382152,-0.6825480165263142,-1.1529639337989745
2014-06-27,-1.6320260528356556,-1.828185753295301,1.5513020859708455,0.1061443437624634,1.595141483518396,-0.11895291450251415,-0.6746451031671061,-1.1522149548867766
2014-06-30,-1.6133205660133534,-1.8606427719001344,1.574498205030548,0.09576694651102652,1.5288298718001703,-0.06844158481530989,-0.6670146352362425,-1.1499680181501823
2014-07-01,-1.610817753921788,-1.8556493111605252,1.6110275263844078,0.14765393276821004,1.5209058427269233,-0.06773015763661663,-0.6544791516265667,-1.1492190392379844
2014-07-02,-1.6010028238867116,-1.8381726747745193,1.6840861690921287,0.20991831627683002,1.4933802680514334,0.019063958163931787,-0.6427613369581274,-1.1484700603257862
2014-07-03,-1.588380245758377,-1.8069642594559012,1.737236331661995,0.22029571352826643,1.4433337686414518,0.03969534634602932,-0.6708298692016743,-1.147721081413588
2014-07-04,-1.5978785015004329,-1.8057156561696857,1.7818021037137048,0.19954091902539312,1.431656252112456,0.013372540734387617,-0.6814579021567336,-1.1469721025013901
2014-07-07,-1.5978785015004329,-1.8057156561696857,1.6840861690921287,0.19954091902539312,1.431656252112456,0.013372540734387617,-0.6814579021567336,-1.1447251657647959
2014-07-08,-1.5893519721715392,-1.810709116909295,1.6749538387536638,0.14765393276821004,1.3878655651287222,0.007681123304843449,-0.682820461954659,-1.143976186852598
2014-07-09,-1.6262223305121704,-1.8344278173211255,1.6957755519253643,0.13727653551677316,1.3540841780269846,-0.005124565911630773,-0.6615643960445398,-1.1432272079403998
2014-07-10,-1.6339014354868446,-1.8169511809351198,1.6997937772742895,0.11652174101389984,1.3273927116749944,0.021909666878703556,-0.6209603801913182,-1.1424782290282018
2014-07-11,-1.6260388369965886,-1.8094605136230795,1.6815291165973578,0.09576694651102652,1.3094593827197507,0.024755375593475955,-0.6255929504417848,-1.1417292501160037
2014-07-14,-1.5986775861650635,-1.8094605136230795,1.6997937772742895,0.11652174101389984,1.2660857498977671,-0.0037017115542448886,-0.7092539889719354,-1.1394823133794094
2014-07-15,-1.5972372607201737,-1.7844941623302861,1.7496563009223078,0.12689913826533672,1.2660857498977671,-0.002990284375552262,-0.7348701797041765,-1.1387333344672115
2014-07-16,-1.609075552048037,-1.7632726684908864,1.85924426498389,0.11652174101389984,1.2944454328967563,-0.05279018688406326,-0.7275124898578588,-1.1379843555550133
2014-07-17,-1.62565507905271,-1.7682661292304955,1.950384921761772,0.033502563002407004,1.320719845086997,-0.04425306073974733,-0.6809130113000433,-1.1372353766428154
2014-07-18,-1.621092404270096,-1.7682661292304955,2.0141285875242576,0.06463475475671676,1.320302790925247,-0.09547581760564484,-0.7013514082689274,-1.1364863977306172
2014-07-21,-1.6191795336963688,-1.7632726684908864,2.0137632943107198,0.05425735750528033,1.3069570577492515,-0.07484442942354731,-0.6890883700875972,-1.1342394609940232
2014-07-22,-1.5882510110780481,-1.7358091106256621,1.9589693122799288,0.043879960253843435,1.3390702282039901,-0.06203874020707246,-0.7097992124848258,-1.133490482081825
2014-07-23,-1.5914443901637392,-1.7320642531722683,2.004630963972255,0.043879960253843435,1.354501232188734,-0.06346159456445898,-0.7141593373069478,-1.1327415031696269
2014-07-24,-1.564491560383026,-1.7245735858602282,2.004630963972255,0.08538954925959008,1.3098764368815008,0.02119823970001093,-0.7520385662205191,-1.131992524257429
2014-07-25,-1.5393697196610219,-1.704600695307044,1.9578734326393121,0.043879960253843435,1.3561694488357336,-0.015795973592026485,-0.7179745712723792,-1.1312435453452307
2014-07-28,-1.4761966510384326,-1.704600695307044,1.9582387258528515,0.06463475475671676,1.3482454197624867,-0.011527410519868199,-0.7174293477594886,-1.1289966086086367
2014-07-29,-1.4631518405194042,-1.6821305981814287,1.9750422136756272,0.033502563002407004,1.3599229362914824,-0.04638734227582647,-0.7310549457387446,-1.1282476296964385
2014-07-30,-1.4681988987221837,-1.6559156436024198,1.993306874352557,0.13727653551677316,1.33865317404224,-0.007970274626403174,-0.7403204188958786,-1.1274986507842406
2014-07-31,-1.4412756646697895,-1.6509221828628107,1.9476452226602323,0.14765393276821004,1.2748438872945136,-0.02219881820026328,-0.7773819788682144,-1.1267496718720424
2014-08-01,-1.4635573019973835,-1.6708950734159949,1.9319376144780718,0.08538954925959008,1.2127028171937866,-0.04425306073974733,-0.7438632074329653,-1.1260006929598443
2014-08-04,-1.4182363766972126,-1.6671502159626013,1.9248143968140692,0.07501215200815319,1.2202097921052835,-0.0022788571968590044,-0.7599414795797274,-1.1237537562232502
2014-08-05,-1.4172597176626636,-1.6434324679560233,1.933216140725457,0.05425735750528033,1.1864284050035458,-0.05848160431360743,-0.7700242890218967,-1.123004777311052
2014-08-06,-1.4195326695976134,-1.653418437029989,1.9125770741605252,0.05425735750528033,1.2427307168397754,-0.11468435143035649,-0.7081642072585554,-1.1222557983988541
2014-08-07,-1.4557055552741782,-1.6434324679560233,1.9308417348374567,-0.008007026003339638,1.2364749044135275,-0.0997443806778025,-0.6969909507906051,-1.121506819486656
2014-08-08,-1.446904772196189,-1.6596605010558136,1.9580560792460826,0.0023703712480967936,1.2089493297380378,-0.1025900893925749,-0.7021687445539623,-1.120757840574458
2014-08-11,-1.408037688718258,-1.6496735795765953,1.9768686797433208,0.0023703712480967936,1.213536925517286,-0.10116723503518901,-0.7032588589235429,-1.1185109038378638
2014-08-12,-1.4130354207071714,-1.6459287221232015,1.9768686797433208,0.023125165750970116,1.1388842305640638,-0.12749004064683073,-0.7024411899823073,-1.1177619249256656
2014-08-13,-1.4163935493471753,-1.6334455464768047,1.928467328949455,-0.008007026003339638,1.1634904261073045,-0.18511564212096504,-0.691540711598903,-1.1170129460134677
2014-08-14,-1.438055649428611,-1.6346941497630203,1.846276355903269,-0.03913921775764985,1.116780359991322,-0.21428415644737914,-0.6885431465747062,-1.1162639671012695
2014-08-15,-1.411306043649026,-1.6559156436024198,1.828376988439877,-0.10140360126626982,1.115946251667822,-0.19720990415874662,-0.7141593373069478,-1.1155149881890716
2014-08-18,-1.3887136511740752,-1.635941800643983,1.8559566260620421,-0.04951661500908628,1.0425447191998494,-0.18724992365704418,-0.7326902836212158,-1.1132680514524773
2014-08-19,-1.3857688762062694,-1.5984922737047929,1.9050885632829853,-0.03913921775764985,1.0579757231845932,-0.21286130208999324,-0.7397755280391889,-1.1125190725402794
2014-08-20,-1.3952987007251993,-1.552303476167347,1.9235358705666838,-0.008007026003339638,1.0654826980960908,-0.09547581760564484,-0.7444080982896556,-1.1117700936280812
2014-08-21,-1.4022527103560418,-1.5647866518137439,1.9215267578922213,-0.02876182050621296,1.0804966479190852,-0.09761009914172399,-0.7980931539216438,-1.1110211147158833
2014-08-22,-1.3890727460110206,-1.5410689038071659,1.9302937950171486,-0.03913921775764985,1.0725726188458382,-0.05634732277752829,-0.7847400013707329,-1.1102721358036851
2014-08-25,-1.4142310881312856,-1.5148529968229043,1.9237185171734528,-0.04951661500908628,1.0892547853158316,-0.03642736177412402,-0.7882824572516188,-1.1080251990670908
2014-08-26,-1.4418212125951488,-1.5023698211765077,1.9123944275537565,-0.04951661500908628,1.0896718394775817,-0.07697871095962645,-0.7705691798785864,-1.107276220154893
2014-08-27,-1.4343926847869144,-1.529833379041732,1.8846321433248223,-0.0702714095119596,1.0855012978600835,-0.09405296324825833,-0.775746973641944,-1.1065272412426947
2014-08-28,-1.4554056518938723,-1.5235913150159073,1.874403933345741,-0.10140360126626982,1.0984299768743282,-0.15310141907977917,-0.7572163599838763,-1.1057782623304968
2014-08-29,-1.4234363461629764,-1.489886645530111,1.8939471202700577,-0.09102620401483293,1.1155291975060724,-0.14029572986330494,-0.7651189406868842,-1.1050292834182986
2014-09-01,-1.3599239131889889,-1.4599268334977082,1.9019835709679063,-0.01838442325477653,1.077577268786836,-0.14456429293546322,-0.8253443498801554,-1.1027823466817044
2014-09-02,-1.3599239131889889,-1.4599268334977082,1.9175085325432963,-0.01838442325477653,1.077577268786836,-0.14456429293546322,-0.8253443498801554,-1.1020333677695064
2014-09-03,-1.3356988230350701,-1.4749062633112833,1.9449055235586927,-0.02876182050621296,1.1055198976240757,-0.18084707904880737,-0.8111735283880088,-1.1012843888573083
2014-09-04,-1.3150311394251752,-1.3563146660626355,1.9766860331365503,0.012747768499533685,1.1192826849618207,-0.14669857447154236,-0.8215291159147236,-1.1005354099451103
2014-09-05,-1.2919701479184973,-1.3638043809694231,1.997507746308251,0.023125165750970116,1.0483834774643472,-0.12037576885990066,-0.8196213326039072,-1.0997864310329122
2014-09-08,-1.2889158687559084,-1.3051324077855806,1.9865489499020939,0.043879960253843435,1.0492175857878467,-0.12251005039597918,-0.8713986049250797,-1.0975394942963181
2014-09-09,-1.2889158687559084,-1.2988912961650085,1.9865489499020939,0.06463475475671676,0.9887447323341189,-0.21641843798345828,-0.8713986049250797,-1.09679051538412
2014-09-10,-1.2971563060443783,-1.3026361536184023,1.9986036259488673,0.1061443437624634,0.912840874895647,-0.20361274876698404,-0.8803916326538685,-1.096041536471922
2014-09-11,-1.3051264356808627,-1.2963940895925776,1.9991515657691756,0.1061443437624634,0.9195137414836445,-0.2292241271999325,-0.8970147956573208,-1.0952925575597239
2014-09-12,-1.2849677985980659,-1.303884756904618,1.9728504543943957,0.1891635217739567,0.9149261457043962,-0.20859273901783495,-0.9174531926262043,-1.0945435786475257
2014-09-15,-1.2828191487220584,-1.301387550332187,1.9370517194676116,0.16840872727108336,0.9199307956453945,-0.23776125334424908,-0.9073703831840355,-1.0922966419109317
2014-09-16,-1.3462161583556003,-1.3251062507440174,1.9438096439180763,0.16840872727108336,0.9599679951733795,-0.12535575911075159,-0.9030102583619135,-1.0915476629987335
2014-09-17,-1.3319450981598602,-1.246461387006991,1.8294728680804935,0.1891635217739567,0.9728966741876248,-0.15594712779455155,-0.9051901544448742,-1.0907986840865356
2014-09-18,-1.3203415996099992,-1.2938978354253994,1.7253643022219904,0.19954091902539312,0.9361959079536379,-0.2249555641277742,-0.9288988945224997,-1.0900497051743374
2014-09-19,-1.3005903970537362,-1.2339772589553415,1.5193389297862177,0.15803133001964648,0.9332765288213893,-0.22851270002123925,-0.9572398721943912,-1.0893007262621395
2014-09-22,-1.3506407197393886,-1.2502062444603845,1.4828096084323579,0.13727653551677316,0.8757230544999107,-0.30392398096269996,-0.9531521928006148,-1.0870537895255452
2014-09-23,-1.324780958857948,-1.2514538953413474,1.4464629336852663,0.1061443437624634,0.8548703464124184,-0.30890397121355084,-0.9417068235605196,-1.086304810613347
2014-09-24,-1.283045062781565,-1.2027688436367234,1.5403432895646887,0.13727653551677316,0.8406905049129234,-0.28258116560190916,-0.9482471771218025,-1.085555831701149
2014-09-25,-1.286929995385659,-1.1840445563697546,1.4672846468569678,0.08538954925959008,0.8686331337501633,-0.31530681582178827,-0.94116193270383,-1.084806852788951
2014-09-26,-1.2838845949415663,-1.1291174406393059,1.47952196951051,0.1061443437624634,0.8636284838091649,-0.3096153983922441,-0.9605102153031327,-1.084057873876753
2014-09-28,-1.2688637762950623,-1.1353595046651306,1.5041792614243668,0.06463475475671676,0.8894858418376556,-0.2776011753510576,-0.9512447421459992,-1.082559916052357
2014-09-29,-1.2688637762950623,-1.1353595046651306,1.449019986180037,0.06463475475671676,0.8894858418376556,-0.2776011753510576,-0.9512447421459992,-1.0818109371401587
2014-09-30,-1.2601724974118558,-1.091666961294863,1.4305726788963375,0.08538954925959008,0.8465292631774214,-0.34732103886297416,-0.9703205793169575,-1.0810619582279608
2014-10-01,-1.2248056020698626,-1.0879221038414695,1.449933219213883,-0.01838442325477653,0.8423587215599225,-0.3067696896774717,-0.9844910681529032,-1.0803129793157626
2014-10-02,-1.2248056020698626,-1.1341109013789152,1.449933219213883,0.0023703712480967936,0.7055649565059734,-0.3601267280794484,-0.9844910681529032,-1.0795640004035645
2014-10-03,-1.2248056020698626,-0.9980417153390089,1.449933219213883,-0.008007026003339638,0.6851293025802305,-0.3601267280794484,-0.9844910681529032,-1.0788150214913665
2014-10-06,-1.2248056020698626,-1.1203791224463029,1.449933219213883,-0.008007026003339638,0.6788734901539832,-0.30748111685616497,-0.9844910681529032,-1.0765680847547723
2014-10-07,-1.2248056020698626,-1.1253725831859123,1.449933219213883,-0.0806488067633965,0.6892998441977294,-0.3025011266053134,-0.9844910681529032,-1.0758191058425743
2014-10-08,-1.2248056020698626,-1.1715604283181054,1.449933219213883,-0.09102620401483293,0.6621913236839891,-0.3530124562925183,-0.9844910681529032,-1.0750701269303762
2014-10-09,-1.2177667513511707,-1.1440978228581336,1.4652755341825052,-0.10140360126626982,0.6713665152424857,-0.31530681582178827,-0.931896459546696,-1.0743211480181782
2014-10-10,-1.236048032734224,-1.0954118187482569,1.4866451871745123,-0.13253579302057958,0.5958797119657634,-0.30819254403485763,-0.9417068235605196,-1.07357216910598
2014-10-11,-1.2492161587879176,-1.1553323952183148,1.4563258504508092,-0.23630976553494618,0.5608471623787761,-0.3003668450692343,-0.9190881978524752,-1.0728231901937821
2014-10-13,-1.2492161587879176,-1.1553323952183148,1.454134091169577,-0.23630976553494618,0.5608471623787761,-0.3003668450692343,-0.9190881978524752,-1.0713252323693858
2014-10-14,-1.2596733161275306,-1.1066473435136908,1.2828115740199717,-0.23630976553494618,0.4999572547632988,-0.22993555437862576,-0.9073703831840355,-1.0705762534571879
2014-10-15,-1.2417757926883555,-1.1902856679903266,1.1366942886045297,-0.29857414904356616,0.4023665809138346,-0.345186757326895,-0.8787566274275982,-1.0698272745449897
2014-10-16,-1.2679364434743794,-1.2090109076625482,1.1186122745343687,-0.27781935454069284,0.4023665809138346,-0.38431525215501094,-0.8885669914414219,-1.0690782956327918
2014-10-17,-1.2790012997688223,-1.1852922072507175,1.1175163948937532,-0.2259323682835093,0.45449835113256537,-0.3530124562925183,-0.8945621214898148,-1.0683293167205936
2014-10-20,-1.2575355180185739,-1.2152529716883727,0.99532581496509,-0.2466871627863826,0.4190487473838287,-0.3750666988320017,-0.8790290728559432,-1.0660823799839996
2014-10-21,-1.283190081850332,-1.1703127774371425,0.9737735153663123,-0.21555497103207286,0.4503278095150672,-0.31815252453656007,-0.859953235684985,-1.0653334010718014
2014-10-22,-1.3002895071491531,-1.1166342649929093,1.0844573590685094,-0.19480017652919954,0.5007913630867983,-0.33309249528911344,-0.8768488441167819,-1.0645844221596032
2014-10-23,-1.3292321563972247,-1.1041510893465125,1.1171511016802145,-0.1532905875234529,0.4824409799698052,-0.30107827224792755,-0.9212684265916361,-1.0638354432474053
2014-10-24,-1.331594882041411,-1.117881915873872,1.0997996740371307,-0.1532905875234529,0.48494330494030435,-0.2996554178905417,-0.9139107367453184,-1.0630864643352071
2014-10-27,-1.3409698222488013,-1.1465940770253118,1.05285949609742,-0.17404538202632622,0.4699293551173099,-0.26692976767066257,-0.9196334213653657,-1.060839527598613
2014-10-28,-1.285735314485822,-1.157828649385493,0.9922208226500118,-0.14291319027201646,0.46700997598506067,-0.22566699130646747,-0.9193609759370206,-1.060090548686415
2014-10-29,-1.2493138246913724,-1.0904193104139004,0.946924464171225,-0.10140360126626982,0.5228952336595403,-0.20930416619652822,-0.9327137958317308,-1.059341569774217
2014-10-30,-1.2327471225023048,-1.0654520067158542,1.040439526837108,-0.12215839576914314,0.464090596852812,-0.27119833074282085,-1.0041121288367514,-1.0585925908620188
2014-10-31,-1.2051096448731302,-0.9743239673324309,1.0168781145638677,-0.09102620401483293,0.4086223933400825,-0.2911182917462251,-1.0776903579247332,-1.057843611949821
2014-11-03,-1.1931431053892143,-0.9206454548881976,0.9160571876272127,-0.0806488067633965,0.4390673471478215,-0.26479548613458337,-1.0823229281751998,-1.0555966752132266
2014-11-04,-1.1985216357491735,-0.9618398392807815,0.807382456599478,-0.09102620401483293,0.3231262901813641,-0.3316696409317275,-1.087773167366902,-1.0548476963010285
2014-11-05,-1.210891663662514,-0.9044164693831546,0.7535017076025338,-0.0806488067633965,0.35482240647435204,-0.34732103886297416,-1.1477257984756282,-1.0540987173888305
2014-11-06,-1.203368429523657,-0.8332613205529154,0.7728622479200801,-0.04951661500908628,0.32145807353436445,-0.3352267768251926,-1.1561736026915266,-1.0533497384766324
2014-11-07,-1.2184711296851785,-0.8794501180903611,0.6647354567126529,-0.12215839576914314,0.36816813965034745,-0.30534683532008583,-1.08177803731851,-1.0526007595644344
2014-11-10,-1.1603076313428302,-0.8582286242509614,0.573594799934771,-0.059894012260523176,0.35565651479785215,-0.32882393221695516,-1.109029233277021,-1.0503538228278402
2014-11-11,-1.1917077125657112,-0.8931818970229732,0.5460151623126065,-0.0702714095119596,0.2739138990948819,-0.30819254403485763,-1.1003086509765774,-1.049604843915642
2014-11-12,-1.1528820631074275,-0.8569800209647459,0.6517675476320326,-0.0702714095119596,0.25222708268389005,-0.3209982332513325,-1.110936683931637,-1.048855865003444
2014-11-13,-1.1730219562289559,-0.8757052606369673,0.7182509124960587,-0.09102620401483293,0.14045656733493092,-0.3643952911516067,-1.1049415538832448,-1.048106886091246
2014-11-14,-1.171413921656921,-0.8931818970229732,0.8172453733650201,-0.12215839576914314,0.13086432161468486,-0.2946754276396901,-1.0398111290111618,-1.047357907179048
2014-11-17,-1.1746576134807558,-0.8432482420321338,0.8433638381330303,-0.10140360126626982,0.10375580110094461,-0.30392398096269996,-1.045261368202864,-1.0451109704424537
2014-11-18,-1.193981651024938,-0.8869398329971486,0.744917317084377,-0.12215839576914314,0.11918680508568913,-0.35656959218598333,-1.0079273628021832,-1.0443619915302558
2014-11-19,-1.1931835528845847,-0.8782015148041457,0.7602596320529984,-0.0806488067633965,0.118352696762189,-0.2982325635331558,-1.0163751670180816,-1.0436130126180576
2014-11-20,-1.1977166319388788,-0.8856921821161857,0.8272909367373318,-0.10140360126626982,0.1350348632321831,-0.33024678657434164,-1.0242780803772908,-1.0428640337058597
2014-11-21,-1.1574151421617223,-0.7958117936137252,0.8260124104899472,-0.13253579302057958,0.20134647495040883,-0.31032682557093677,-1.0057471340630222,-1.0421150547936615
2014-11-24,-1.101205948412749,-0.8157846841669094,0.5069287884639762,-0.14291319027201646,0.21886274974390246,-0.3466096116842809,-1.0111973732547246,-1.0398681180570672
2014-11-25,-1.0563654604356338,-0.8444968453183492,0.5889371149033923,-0.17404538202632622,0.13545191739393317,-0.39569808701409925,-1.0068372484326025,-1.0391191391448693
2014-11-26,-1.0286964140295844,-0.8831949755437548,0.5911288741846245,-0.20517757378063597,0.12585967167368653,-0.41063805776665263,-1.0081998082305288,-1.0383701602326711
2014-11-27,-0.9626821554883076,-0.7895697295879005,0.5938685732861642,-0.26744195728925596,-0.10352011728872905,-0.5628834740069593,-1.066517434112983,-1.0376211813204732
2014-11-28,-0.9626821554883076,-0.7895697295879005,0.5949644529267798,-0.26744195728925596,-0.10352011728872905,-0.5628834740069593,-1.066517434112983,-1.036872202408275
2014-12-01,-0.9590300426136615,-0.8407519878649555,0.5759692058227721,-0.2259323682835093,-0.14605964178721323,-0.4853379115294201,-0.9498821823480734,-1.034625265671681
2014-12-02,-0.8726065698231484,-0.7533678535296732,0.6504890213846473,-0.16366798477488978,-0.1352162335817176,-0.49672074638850844,-1.0011145638125556,-1.0338762867594828
2014-12-03,-0.826365217372236,-0.7146697233042676,0.7756019470216197,-0.1532905875234529,-0.17692164975670224,-0.5273121150723085,-0.9757708185086592,-1.0331273078472847
2014-12-04,-0.7070510251758084,-0.7471267419091012,0.8477473566954938,-0.19480017652919954,-0.24573558644542656,-0.4668408048834011,-0.9784959381045103,-1.0323783289350867
2014-12-05,-0.7182895097430598,-0.6684809257668218,1.0534074359177281,-0.13253579302057958,-0.2657541862094194,-0.4810693484572618,-1.0259130856035608,-1.0316293500228886
2014-12-08,-0.6103775651439199,-0.7046828018250492,1.0824482463940468,-0.1844227792777631,-0.3641789683823831,-0.5066807268902103,-1.0133776019938858,-1.0293824132862945
2014-12-09,-0.752785304148177,-0.748374392790064,1.0119466561810968,-0.2259323682835093,-0.34457742278014036,-0.44976655259476855,-0.9130930678040828,-1.0286334343740964
2014-12-10,-0.6185696627428011,-0.8008052543533344,0.9350524347312205,-0.26744195728925596,-0.4609355339083475,-0.49672074638850844,-0.9201783122220559,-1.0278844554618984
2014-12-11,-0.6291550682384661,-0.7521192502434577,0.9662850044887713,-0.2570645600378195,-0.44717274657060263,-0.45688082438169925,-0.9305338997487701,-1.0271354765497003
2014-12-12,-0.6175259200573945,-0.7895697295879005,1.00847637065248,-0.35046113530074924,-0.5297494705970721,-0.44122942645045266,-0.9389817039646691,-1.0263864976375021
2014-12-15,-0.5834237488389291,-0.7770865539415038,1.0636356458968088,-0.3297063407978759,-0.5539386119785632,-0.5180635617492986,-0.9793136070457463,-1.024139560900908
2014-12-16,-0.5248084223775676,-0.8182818907393403,1.0101201901134038,-0.38159332705505944,-0.5885541074038007,-0.5472320760757127,-1.0155574980768465,-1.02339058198871
2014-12-17,-0.49001173806786663,-0.693448229464868,0.9836364321318544,-0.3089515462950026,-0.6060703821972939,-0.5330035325018526,-1.0144673837072657,-1.022641603076512
2014-12-18,-0.4788590811127422,-0.6797164505322557,1.0269236779361794,-0.2259323682835093,-0.6490269608575282,-0.5571920565774151,-1.0133776019938858,-1.0218926241643138
2014-12-19,-0.44301076192341665,-0.6347762562810255,0.9341392016973736,-0.27781935454069284,-0.6465246358870294,-0.5109492899623685,-1.0101072588851439,-1.0211436452521159
2014-12-22,-0.4617872784936852,-0.6135547624416258,0.9202580595829065,-0.27781935454069284,-0.6698796689450205,-0.5273121150723085,-1.054254395931653,-1.0188967085155216
2014-12-23,-0.542446489931807,-0.5773528863833984,0.8424506050991842,-0.1844227792777631,-0.6381835526520323,-0.5351378140379311,-1.0591594116104652,-1.0181477296033234
2014-12-24,-0.6029016841703737,-0.5885874587435798,0.7275658894412932,-0.17404538202632622,-0.6548657191220261,-0.5522120663265636,-1.0711500043634503,-1.0173987506911255
2014-12-25,-0.4175811256268883,-0.5810977438367922,0.7878392696751628,-0.19480017652919954,-0.652780448313277,-0.6091262406220053,-1.0117422641114147,-1.0166497717789273
2014-12-26,-0.4175811256268883,-0.5810977438367922,0.7940492543053193,-0.19480017652919954,-0.652780448313277,-0.6091262406220053,-1.0117422641114147,-1.0159007928667294
2014-12-29,-0.4168027579720815,-0.5611239008783554,0.7710357818523873,-0.2259323682835093,-0.6886471062237638,-0.6005891144776894,-1.0488041567399513,-1.0136538561301351
2014-12-30,-0.4315631342093723,-0.5860912045764014,0.7710357818523873,-0.2466871627863826,-0.782901346779229,-0.5657291827217311,-0.9983894442167041,-1.0129048772179372
2014-12-31,-0.3654985629299524,-0.5511379318043896,0.7721316614930029,-0.27781935454069284,-0.7966641341169738,-0.6062805319072335,-1.042808694035358,-1.012155898305739
2015-01-01,-0.2555977853877312,-0.45002201853649515,0.7841863375397764,-0.4127255188093692,-0.7920765383377255,-0.6176633667663218,-0.988306302118335,-1.0114069193935409
2015-01-02,-0.2555977853877312,-0.45002201853649515,0.7841863375397764,-0.4127255188093692,-0.7920765383377255,-0.6176633667663218,-0.988306302118335,-1.010657940481343
2015-01-04,-0.2555977853877312,-0.412572491597305,0.7841863375397764,-0.4127255188093692,-0.9714098278901597,-0.6909403661717028,-0.988306302118335,-1.0091599826569468
2015-01-05,-0.2555977853877312,-0.412572491597305,0.7779763529096207,-0.4127255188093692,-0.9714098278901597,-0.6909403661717028,-0.988306302118335,-1.0084110037447487
2015-01-06,-0.22908691848325818,-0.39759210937847733,0.7966063068000891,-0.4853672995694258,-1.011447027418145,-0.6895175118143169,-0.9463393938109863,-1.0076620248325507
2015-01-07,-0.23233356987992462,-0.3489070576738533,0.8066518701724009,-0.4957446968208625,-1.0556547685636286,-0.7016117738520978,-0.9700481338886119,-1.0069130459203526
2015-01-08,-0.30271023877551856,-0.2889864812037954,0.8079303964197863,-0.4231029160608061,-1.0402237645788843,-0.6859603759208519,-0.9760432639370042,-1.0061640670081546
2015-01-09,-0.31601253213092756,-0.34266499364802866,0.7956930737662423,-0.47498990231798915,-1.1148764595321068,-0.7073031912816421,-0.9553324215397756,-1.0054150880959565
2015-01-12,-0.34957310152114385,-0.33767153290841945,0.7998939457219371,-0.5372542858266092,-1.1457384675015956,-0.7485659676458377,-0.9098230573515415,-1.0031681513593622
2015-01-13,-0.3316193461981612,-0.29647714851583556,0.7021780111003602,-0.5476316830780458,-1.2195570541313183,-0.8645285977727997,-0.9054625998732192,-1.0024191724471643
2015-01-14,-0.35178390242662283,-0.3152014357828043,0.6245532032234068,-0.5995186693352289,-1.1907803169705788,-1.0615939262707663,-0.9051901544448742,-1.0016701935349661
2015-01-15,-0.26203781587008823,-0.29148368777622635,0.63423347338218,-0.6929152445981588,-1.1140423512086073,-0.9868940725079995,-0.8226192302843042,-1.0009212146227682
2015-01-16,-0.2172545463010582,-0.27026219393682666,0.5525904401563015,-0.6306508610895388,-1.1257198677376028,-0.9029456654222229,-0.7893725716211996,-1.00017223571057
2015-01-19,-0.4046043852829952,-0.20409955344094405,0.5038237961488979,-0.6410282583409755,-1.162837688133339,-0.935671315642102,-0.7422282022066949,-0.9979252989739759
2015-01-20,-0.4046043852829952,-0.20409955344094405,0.4967005784848947,-0.6410282583409755,-1.162837688133339,-0.935671315642102,-0.7422282022066949,-0.9971763200617778
2015-01-21,-0.26221440371572924,-0.22282479311316544,0.4895773608208923,-0.5891412720837922,-1.1624206339715895,-0.9093485100304604,-0.7435907620046207,-0.9964273411495798
2015-01-22,-0.23597384446324224,-0.05554814415989368,0.46199772319872784,-0.5580090803294825,-1.179519854603333,-0.9577255581815854,-0.724514924833662,-0.9956783622373817
2015-01-23,-0.2466835520178501,0.039325705082176095,0.46181507659195814,-0.6514056555924121,-1.1544966048983423,-1.0672853437003105,-0.746588327028817,-0.9949293833251837
2015-01-26,-0.20011368698258888,0.014359353789382667,0.42912133398025304,-0.6306508610895388,-1.1803539629268327,-1.0082368878687897,-0.7825597726315715,-0.9926824465885895
2015-01-27,-0.22104871867163822,-0.08301170202511804,0.4232766425636352,-0.6306508610895388,-1.1603353631628401,-1.1227766636383665,-0.7490410011963224,-0.9919334676763913
2015-01-28,-0.269848128573646,-0.026835983008453863,0.5069287884639762,-0.7344248336039054,-1.1386485467518481,-1.0985881395628039,-0.7648464952585391,-0.9911844887641933
2015-01-29,-0.3118336152921919,0.011862147216951738,0.5432754632110669,-0.6929152445981588,-1.157833038192341,-1.1341594984974548,-0.8501428716711609,-0.9904355098519952
2015-01-30,-0.3665521708581316,0.014359353789382667,0.55295573336984,-0.7863118198610888,-1.119881109473105,-1.075822469844627,-0.785012446799078,-0.9896865309397972
2015-02-02,-0.43571640141689766,-0.023091125555060116,0.4999882174067426,-0.7863118198610888,-0.9438842532146697,-1.0800910329167848,-0.7912803549320158,-0.987439594203203
2015-02-03,-0.3481623718045733,-0.13544161118313583,0.4641894824799592,-0.6721604500952855,-0.8325307920274609,-0.9513227135733481,-0.8362448282635603,-0.986690615291005
2015-02-04,-0.3806298722955164,-0.08675655947851178,0.47441769245903986,-0.6514056555924121,-0.8050052173519708,-0.9392284515355671,-0.82507157179561,-0.9859416363788069
2015-02-05,-0.415909953501105,0.0018752257377333103,0.3701264799937688,-0.6306508610895388,-0.767053288632735,-0.9328256069273296,-0.829976920130622,-0.9851926574666089
2015-02-06,-0.47972130333112084,0.0018752257377333103,0.4261989882719445,-0.5061220940722991,-0.7712238302502332,-0.9442084417864179,-0.9065527142427994,-0.9844436785544107
2015-02-09,-0.4642920636338059,-0.029333189580884794,0.4099434402694764,-0.4957446968208625,-0.7245137641342505,-0.9498998592159622,-0.8877493225001863,-0.9821967418178166
2015-02-10,-0.3988332182606611,0.009365893049773453,0.42145017649594235,-0.4438577105636794,-0.774977317705982,-0.9883169268653854,-0.9128206223757377,-0.9814477629056185
2015-02-11,-0.3620161322310058,0.038077101795960626,0.3586197437673028,-0.45423510781511584,-0.8713168290701966,-1.0068140335114037,-0.9471570627522223,-0.9806987839934205
2015-02-12,-0.34687791719550026,-0.07427338383211507,0.342181549158065,-0.4646125050665525,-0.7566269345889889,-0.9207313448895487,-0.9441594977280261,-0.9799498050812224
2015-02-13,-0.3122163867117929,-0.060541604899502895,0.2850131612392736,-0.4334803133122425,-0.5856347282715517,-0.9114827915665389,-0.9267186657833388,-0.9792008261690244
2015-02-15,-0.23792222991095316,-0.07801824128550883,0.2983463635334324,-0.3089515462950026,-0.5339200122145706,-0.9470541505011904,-0.9768609328782404,-0.9777028683446283
2015-02-16,-0.23792222991095316,-0.07801824128550883,0.25250206523433816,-0.3089515462950026,-0.5339200122145706,-0.9470541505011904,-0.9768609328782404,-0.9769538894324301
2015-02-17,-0.23792222991095316,-0.07801824128550883,0.25231941862756846,-0.3089515462950026,-0.5668672909928085,-0.9470541505011904,-0.9768609328782404,-0.9762049105202321
2015-02-18,-0.2753460283711618,-0.060541604899502895,0.27368907161957734,-0.38159332705505944,-0.5693696159633077,-0.9036570926009162,-0.9962092154775432,-0.975455931608034
2015-02-19,-0.2753460283711618,-0.035574301201456826,0.27368907161957734,-0.3400837380493128,-0.6502781233427778,-0.8944085392779063,-0.9962092154775432,-0.974706952695836
2015-02-20,-0.2753460283711618,-0.05429954087367822,0.27368907161957734,-0.3193289435464395,-0.5581091535960617,-0.9299798982125579,-0.9962092154775432,-0.9739579737836379
2015-02-23,-0.2753460283711618,-0.014352807362057152,0.27368907161957734,-0.3919707243064959,-0.6085727071677931,-0.935671315642102,-0.9962092154775432,-0.9717110370470438
2015-02-24,-0.2753460283711618,-0.02433972884127558,0.27368907161957734,-0.4646125050665525,-0.5856347282715517,-0.8588371803432555,-0.9962092154775432,-0.9709620581348457
2015-02-25,-0.2753460283711618,-0.05929300161328743,0.27368907161957734,-0.4957446968208625,-0.6089897613295429,-0.8460314911267812,-0.9962092154775432,-0.9702130792226477
2015-02-26,-0.20195552780834933,0.07552758114040341,0.2926843187235843,-0.4231029160608061,-0.5414269871260678,-0.7926744527248046,-0.972773253484463,-0.9694641003104496
2015-02-27,-0.18352922735652996,0.0705341204007942,0.3202639563457487,-0.45423510781511584,-0.5205742790385756,-0.7969430157969629,-0.9645978946969102,-0.9687151213982514
2015-02-28,-0.141727234153566,0.09674907497980309,0.29414549157773856,-0.37121592980362256,-0.5681184534780581,-0.7884058896526469,-0.977951047247821,-0.9679661424860534
2015-03-02,-0.141727234153566,0.09674907497980309,0.3454691880799129,-0.37121592980362256,-0.5681184534780581,-0.7884058896526469,-0.977951047247821,-0.9664681846616573
2015-03-03,-0.22195336143394254,0.08676215350058465,0.3708570664208459,-0.3297063407978759,-0.5501851245228147,-0.8467429183054745,-0.9880338566899893,-0.9657192057494592
2015-03-04,-0.1873312919213279,0.16041450890325476,0.3429121355851421,-0.3297063407978759,-0.633595956872784,-0.8424743552333163,-0.9972993298471239,-0.9649702268372612
2015-03-05,-0.22071428694162615,0.21159581477505707,0.4342354389697937,-0.3400837380493128,-0.5856347282715517,-0.8524343357350187,-1.0101072588851439,-0.9642212479250631
2015-03-06,-0.25028337910579734,0.36639024048718477,0.5043717359692054,-0.20517757378063597,-0.6348471193580336,-0.9143285002813113,-1.0967661950956908,-0.9634722690128651
2015-03-09,-0.17961272597556113,0.36264443062853835,0.5352390125132177,-0.2466871627863826,-0.6548657191220261,-0.8268229573020696,-1.0904982869627535,-0.9612253322762708
2015-03-10,-0.1784949939693553,0.4912239017616572,0.5911288741846245,-0.3089515462950026,-0.7683044511179843,-0.8929856849205204,-1.1076666734790959,-0.9604763533640728
2015-03-11,-0.17726282514698047,0.6385276601617448,0.4519521598264161,-0.3400837380493128,-0.7470346888687422,-0.9185970633534696,-1.1332828642113368,-0.9597273744518747
2015-03-12,-0.12398064892882156,0.5573855898522871,0.44208924306087327,-0.35046113530074924,-0.7386936056337454,-0.8438972095907021,-1.129467630245905,-0.9589783955396767
2015-03-13,-0.08656474266283087,0.7046893482523747,0.5273852084221373,-0.3193289435464395,-0.8162656797192168,-0.836782937803772,-1.1281050704479798,-0.9582294166274786
2015-03-16,0.020009475016260138,0.6135603564636987,0.6044620764787834,-0.35046113530074924,-0.9330408450091737,-0.8310915203742278,-1.1261972871371635,-0.9559824798908845
2015-03-17,0.07259121899752194,0.6123117531774832,0.627658195538485,-0.3919707243064959,-0.9259509242594263,-0.8801799957040463,-1.139822885116419,-0.9552335009786864
2015-03-18,0.1653097032016258,0.48248558356865423,0.6442790367544908,-0.5268768885751725,-0.9084346494659327,-0.9691083930406739,-1.1313750809005205,-0.9544845220664884
2015-03-19,0.1686628992202439,0.5511435258264624,0.6130464669969408,-0.47498990231798915,-0.8930036454811885,-0.8417629280546229,-1.0831405971164354,-0.9537355431542902
2015-03-20,0.21369871900426823,0.4025921165454121,0.5418142903569126,-0.5268768885751725,-0.8546346626002025,-0.6980546379586329,-1.040356019867852,-0.9529865642420922
2015-03-23,0.3090127485820074,0.29273788508451465,0.5372481251876802,-0.5372542858266092,-0.8571369875707017,-0.657503288773131,-1.0316357702236085,-0.950739627505498
2015-03-24,0.32707304852694047,0.3127117280429515,0.5204446373649046,-0.5787638748323558,-0.8658951249674485,-0.6382947549484194,-1.021552960781439,-0.9499906485933
2015-03-25,0.31104893469039996,0.28649677346394264,0.5562433722916872,-0.5268768885751725,-0.8421230377477072,-0.6539461528796661,-1.0062920249197125,-0.9492416696811019
2015-03-26,0.3054701399021452,0.3439201433615696,0.6298499548197164,-0.4438577105636794,-0.7236796558107507,-0.626911920089331,-0.9850362916657937,-0.9484926907689039
2015-03-27,0.33047754380797917,0.3251949036893482,0.6733198472308104,-0.5061220940722991,-0.747868797192242,-0.6888060846356236,-0.9994792259300845,-0.9477437118567058
2015-03-30,0.43434079277298954,0.4113304347384151,0.7045524169883612,-0.4957446968208625,-0.8500470668209542,-0.6674632692748329,-1.040356019867852,-0.9454967751201115
2015-03-31,0.4059200148676213,0.4587668831568236,0.8203503656800983,-0.5164994913237358,-0.8625586916734498,-0.7265117251063536,-1.0449889227745195,-0.9447477962079135
2015-04-01,0.4943441588925441,0.4375453893174239,0.7315841147902175,-0.5891412720837922,-0.7774796426764812,-0.7137060358898795,-0.9768609328782404,-0.9439988172957154
2015-04-02,0.5195054605856404,0.3439201433615696,0.6294846616061778,-0.5372542858266092,-0.7774796426764812,-0.7336259968932838,-0.9964816609058877,-0.9432498383835174
2015-04-03,0.6695755336518581,0.3027248065637331,0.6809910047151211,-0.6098960665866655,-0.7774796426764812,-0.7336259968932838,-0.9700481338886119,-0.9425008594713193
2015-04-06,0.6695755336518581,0.3027248065637331,0.7297576487225246,-0.5372542858266092,-0.7774796426764812,-0.7578145209688469,-0.9700481338886119,-0.9402539227347252
2015-04-07,0.6695755336518581,0.3926051950661937,0.7297576487225246,-0.5683864775809191,-0.7015757852380091,-0.6930746477077819,-0.9700481338886119,-0.9395049438225271
2015-04-08,0.6706409798713656,0.4225650070985963,0.903454571760131,-0.5372542858266092,-0.7487029055157416,-0.7371831327867494,-0.9904865308574958,-0.938755964910329
2015-04-09,0.6243177459054354,0.5586341931385026,0.9220845256506002,-0.4853672995694258,-0.7645509636622358,-0.741451695858907,-1.0163751670180816,-0.9380069859981309
2015-04-10,0.7277015440716681,0.5873454018846898,0.905098391221055,-0.4957446968208625,-0.7320207390457477,-0.7329145697145911,-0.9863988514637194,-0.9372580070859329
2015-04-13,0.8238432675180807,0.5998285775310865,0.8572449802474973,-0.5164994913237358,-0.7186750058697526,-0.7549688122540745,-1.0008417857280099,-0.9350110703493387
2015-04-14,0.8404297001926948,0.5087005381476631,0.7706704886388487,-0.5580090803294825,-0.6957370269735113,-0.7812916178657162,-1.0185550631010427,-0.9342620914371407
2015-04-15,0.7511403743765604,0.45502202570342987,0.723730310699138,-0.5476316830780458,-0.6277571986082862,-0.7670630742918562,-0.9948466556796178,-0.9335131125249426
2015-04-16,0.8891344037640794,0.3414229367891387,0.6590734119028048,-0.5580090803294825,-0.5939758115065484,-0.6824032400273868,-1.004384574265097,-0.9327641336127446
2015-04-17,0.9773178358653357,0.35390611243553544,0.6640048702855758,-0.5891412720837922,-0.5447634204200665,-0.6816918128486936,-0.9910314217141861,-0.9320151547005465
2015-04-20,0.9157804244945467,0.40633697399880586,0.46802506122211457,-0.5580090803294825,-0.5493510161993149,-0.7378945599654421,-1.0166476124464272,-0.9297682179639523
2015-04-21,1.0321399764803942,0.4113304347384151,0.37688440444423266,-0.5372542858266092,-0.5943928656682985,-0.7777344819722513,-0.9910314217141861,-0.9290192390517542
2015-04-22,1.1563729787235497,0.4163229430727716,0.3763364646239244,-0.4646125050665525,-0.5943928656682985,-0.8225543942299113,-1.0346333352478048,-0.9282702601395562
2015-04-23,1.1720320785774805,0.32394630040313277,0.39441847869408536,-0.4957446968208625,-0.48846110858383757,-0.7848487537591813,-1.0141949382789206,-0.9275212812273581
2015-04-24,1.1568455238523871,0.27900610615190247,0.4497604005451839,-0.5268768885751725,-0.475949483731342,-0.7108603271751077,-1.066517434112983,-0.9267723023151601
2015-04-27,1.2695105424196642,0.26028086647968113,0.35807180394699456,-0.5164994913237358,-0.4801200253488405,-0.6781346769552286,-0.9899413073446054,-0.9245253655785659
2015-04-28,1.1770347431877801,0.17539393871682976,0.33104010614513757,-0.45423510781511584,-0.49054637939258666,-0.6653289877387544,-0.9607826607314783,-0.9237763866663679
2015-04-29,1.2351114273937243,0.05430608730100373,0.36683884107192094,-0.3919707243064959,-0.43382701339460755,-0.6439861723779635,-0.972228029971573,-0.9230274077541697
2015-04-30,1.226273156393197,-0.010607949908663402,0.2760634775075776,-0.40234812155793276,-0.4367463925268565,-0.5194864161066851,-1.046896373429135,-0.9222784288419716
2015-05-01,1.2712231485650956,0.07677618442661888,0.33104010614513757,-0.3297063407978759,-0.4271541468066101,-0.4583036787390851,-1.0349057806761492,-0.9215294499297736
2015-05-04,1.2712231485650956,0.09924628155223401,0.33104010614513757,-0.2881967517921293,-0.4067184928808673,-0.47110936795555935,-1.0349057806761492,-0.9192825131931794
2015-05-05,1.062050406044519,0.05555373818196655,0.36793472071253663,-0.2570645600378195,-0.37252005161738017,-0.4504779797734618,-1.0174652813876623,-0.9185335342809814
2015-05-06,1.0142266686527825,-0.06927992309250586,0.46912094086273026,-0.19480017652919954,-0.3399898270008921,-0.46328366898993606,-1.0253678620906703,-0.9177845553687833
2015-05-07,0.9003916322926008,-0.008110743336232474,0.4400801303864116,-0.26744195728925596,-0.393789813866622,-0.47466650384902437,-1.046896373429135,-0.9170355764565853
2015-05-08,1.0319910113145188,0.013110750503167201,0.31259279886143804,-0.2881967517921293,-0.4400828258208552,-0.47110936795555935,-1.0286382051994118,-0.9162865975443872
2015-05-11,1.2020885137346498,0.04057430836839156,0.3215424825931341,-0.16366798477488978,-0.48178824199583986,-0.49600931920981517,-1.044716477346174,-0.914039660807793
2015-05-12,1.28500587924356,-0.019346268101666366,0.3672041342854595,-0.16366798477488978,-0.38711694727862456,-0.4554579700243127,-1.0191002866139331,-0.9132906818955949
2015-05-13,1.2657272218161344,-0.1329444046107049,0.3672041342854595,-0.17404538202632622,-0.3354022312216438,-0.4590151059177784,-0.9487920679784928,-0.9125417029833969
2015-05-14,1.2422084830447788,-0.16540142321553847,0.3308574595383687,-0.21555497103207286,-0.3666812933528823,-0.4668408048834011,-0.9297162308075345,-0.9117927240711988
2015-05-15,1.1701300597708038,-0.1928649810807628,0.34985270664237567,-0.3089515462950026,-0.40379911374861865,-0.4654179505260152,-0.9294437853791895,-0.9110437451590008
2015-05-18,1.1723369145791736,-0.06178925578046572,0.38674732120977473,-0.21555497103207286,-0.3846146223081254,-0.4910293289589643,-0.9231758772462516,-0.9087968084224066
2015-05-19,1.3235503692828072,0.07303037456797248,0.42364193577717374,-0.17404538202632622,-0.4542626673203501,-0.5892062796186011,-0.9801309433307812,-0.9080478295102085
2015-05-20,1.3773484976980055,0.09550047169358762,0.41834518418086414,-0.1844227792777631,-0.45259445067335047,-0.601300541656382,-0.9746807041390785,-0.9072988505980104
2015-05-21,1.5032349146299515,0.07178272368700966,0.4137790190116317,-0.2570645600378195,-0.40338205958686857,-0.5735548816873544,-0.9869437423204087,-0.9065498716858124
2015-05-22,1.612137329603524,0.16540796964286397,0.3960622981550093,-0.23630976553494618,-0.40338205958686857,-0.626911920089331,-0.9872161877487543,-0.9058008927736143
2015-05-25,1.9111607302540303,0.3264435069755637,0.4234592891704049,-0.3089515462950026,-0.530583578920572,-0.6738661138830703,-1.03381599896277,-0.9035539560370202
2015-05-26,1.9111607302540303,0.3264435069755637,0.5885718216898538,-0.3089515462950026,-0.530583578920572,-0.6738661138830703,-1.03381599896277,-0.9028049771248221
2015-05-27,1.903911749864268,0.33518182516856665,0.559531011213535,-0.3089515462950026,-0.5430952037730672,-0.6873832302782378,-1.0373584548436559,-0.902055998212624
2015-05-28,1.5209913650974702,0.2852481701777272,0.6685710354548082,-0.3193289435464395,-0.5943928656682985,-0.6824032400273868,-1.0313633247952634,-0.901307019300426
2015-05-29,1.5499803809865755,0.2777584552709397,0.723730310699138,-0.3297063407978759,-0.4676084004963452,-0.7378945599654421,-1.0278205362581767,-0.9005580403882278
2015-06-01,1.8250223629796627,0.33767807933574495,0.8059212837453238,-0.2570645600378195,-0.4797029711870907,-0.7492773948245304,-1.030818101282373,-0.8983111036516337
2015-06-02,1.9619203638950768,0.14418552339821164,0.7102144617982095,-0.17404538202632622,-0.4684425088198447,-0.7279345794637396,-1.0150126072201564,-0.8975621247394356
2015-06-03,1.9557506410647059,0.09799767826601855,0.752405827961918,-0.059894012260523176,-0.4834564586428392,-0.7421631230376003,-1.0406287979523974,-0.8968131458272376
2015-06-04,1.9734765092796256,0.09674907497980309,0.7160591532148273,-0.13253579302057958,-0.5852176741098016,-0.7976544429756561,-1.0673347703980185,-0.8960641669150395
2015-06-05,2.031702158651446,0.2028574965820541,0.6981597857514352,-0.02876182050621296,-0.5843835657863021,-0.7905401711887254,-1.0866830529973217,-0.8953151880028415
2015-06-08,2.1030762035914132,0.07677618442661888,0.6614478177908059,-0.04951661500908628,-0.543929312096567,-0.7841373265804886,-1.071967673304686,-0.8930682512662473
2015-06-09,2.075521594001533,0.06054719892157577,0.6526807806658794,-0.01838442325477653,-0.4646890213640963,-0.7592373753262328,-1.0607944168367356,-0.8923192723540492
2015-06-10,2.102319539470707,-0.004365885882838725,0.7160591532148273,0.06463475475671676,-0.40421616791036813,-0.7108603271751077,-1.0368135639869656,-0.8915702934418511
2015-06-11,2.12495829858669,0.036829450914997806,0.7681134361440779,-0.04951661500908628,-0.44258515079135435,-0.8218429670512187,-1.0537091724187624,-0.8908213145296531
2015-06-12,2.1746939200278774,0.035580847628782344,0.7734101877403875,-0.04951661500908628,-0.46635723801109563,-0.8090372778347444,-1.0567067374429586,-0.890072335617455
2015-06-15,2.0449452605502167,0.015607004670345488,0.8565143938204202,-0.0806488067633965,-0.5581091535960617,-0.8559914716284837,-1.0389934600699262,-0.8878253988808609
2015-06-16,1.8355900110383347,0.039325705082176095,0.7502140686806866,-0.12215839576914314,-0.5681184534780581,-0.8993885295287579,-1.052074167192492,-0.8870764199686628
2015-06-17,1.9390754212051329,-0.04805747684785354,0.7416296781625292,-0.12215839576914314,-0.5681184534780581,-0.9157513546386972,-1.0632470910042415,-0.8863274410564648
2015-06-18,1.6996607769632512,-0.08051449545268712,0.6828174707828139,-0.09102620401483293,-0.5422610954495677,-0.9114827915665389,-0.9948466556796178,-0.8855784621442667
2015-06-19,1.347004983976136,-0.07427338383211507,0.7001688984258977,-0.1844227792777631,-0.6240037111525376,-0.9627055484324364,-0.9948466556796178,-0.8848294832320686
2015-06-22,1.487961545768453,-0.04431261939445979,0.7419949713760677,-0.0702714095119596,-0.5768765908748049,-0.9669741115045947,-1.063792314517132,-0.8825825464954744
2015-06-23,1.487961545768453,0.09300421752640933,0.7419949713760677,-0.01838442325477653,-0.5297494705970721,-0.9036570926009162,-1.063792314517132,-0.8818335675832764
2015-06-24,1.5953979856659244,0.07178272368700966,0.7465611365453002,-0.059894012260523176,-0.5314176872440715,-0.8908514033844414,-1.0736026785309563,-0.8810845886710783
2015-06-25,1.3847602545935258,0.0630444054940067,0.7372461596000656,-0.03913921775764985,-0.5893882157273002,-0.8972542479926787,-1.0766002435551525,-0.8803356097588803
2015-06-26,0.9553035466168963,0.09799767826601855,0.7467437831520699,0.05425735750528033,-0.5935587573447987,-0.870931442381037,-1.0727850095897207,-0.8795866308466822
2015-06-29,0.7495175419403661,0.013110750503167201,0.737611452813605,-0.11178099851770625,-0.6398517692990316,-0.879468568525353,-1.0575244063841942,-0.8773396941100879
2015-06-30,1.0519602357360707,0.10049393243319683,0.7277485360480621,-0.09102620401483293,-0.5864688365950512,-0.9057913741369947,-1.0766002435551525,-0.8765907151978899
2015-07-01,0.8025481544678084,0.2028574965820541,0.7553281736702265,-0.008007026003339638,-0.530583578920572,-0.8837371315975113,-1.0834130425447805,-0.8758417362856918
2015-07-02,0.5998835126047247,0.17789114528926067,0.7728622479200801,-0.03913921775764985,-0.5272471456265733,-0.8830257044188187,-1.0997637601198875,-0.8750927573734938
2015-07-03,0.40544451016595234,0.20160984570109128,0.6808083581083514,-0.14291319027201646,-0.6386006068137821,-1.0153511596557203,-1.0727850095897207,-0.8743437784612957
2015-07-06,0.40544451016595234,0.20160984570109128,0.5343257794793709,-0.14291319027201646,-0.7165897350610035,-1.0153511596557203,-1.0727850095897207,-0.8720968417247016
2015-07-07,0.29264631082123627,0.27276499453133046,0.43277426611563946,-0.17404538202632622,-0.8196021130132156,-1.145542333356543,-1.1286499613046694,-0.8713478628125035
2015-07-08,0.04150682554338378,0.20036124241487582,0.4229113493500966,-0.2259323682835093,-0.7787308051617304,-1.073688188308548,-1.098946091178652,-0.8705988839003055
2015-07-09,0.2771253243661303,0.2403079759264969,0.4322263262953312,-0.12215839576914314,-0.6898982687090134,-0.9961426258310088,-1.110664238503292,-0.8698499049881073
2015-07-10,0.4945020027769152,0.16790422381004225,0.5284810880627538,-0.01838442325477653,-0.6944858644882617,-1.016062586834413,-1.1142070270403792,-0.8691009260759093
2015-07-13,0.6435115622450114,0.271516391245115,0.5520425003359932,0.0023703712480967936,-0.6982393519440101,-1.0061026063327105,-1.1210198260300066,-0.8668539893393151
2015-07-14,0.5919498843665024,0.24405283337989064,0.6117679407495554,-0.02876182050621296,-0.7161726808992535,-1.019619722727878,-1.1261972871371635,-0.8661050104271171
2015-07-15,0.42005789428592233,0.3052210607309114,0.6398955181920281,-0.0806488067633965,-0.7103339226347556,-1.0388282565525897,-1.142820782796816,-0.865356031514919
2015-07-16,0.4687191907891054,0.371383701226794,0.587475942049238,-0.0806488067633965,-0.7115850851200052,-1.0366939750165105,-1.1520859232977492,-0.864607052602721
2015-07-17,0.6614702501893803,0.3963500525195874,0.5719509804738478,-0.10140360126626982,-0.7503711221627409,-1.0751110426659338,-1.1847873584479636,-0.8638580736905229
2015-07-20,0.6975938096520788,0.4175715463589871,0.5511292673021473,-0.059894012260523176,-0.7487029055157416,-1.0957424308480315,-1.2531881264287885,-0.8616111369539287
2015-07-21,0.7144544960757896,0.33018836442895744,0.5885718216898538,-0.09102620401483293,-0.7687215052797344,-1.1057024113497338,-1.262180821501377,-0.8608621580417306
2015-07-22,0.7251503922905131,0.36389303391475386,0.5759692058227721,-0.11178099851770625,-0.7512052304862408,-1.1718651389681847,-1.2948822566515907,-0.8601131791295326
2015-07-23,0.8356460439719604,0.3039734098499486,0.5040064427556668,-0.16366798477488978,-0.7762284801912316,-1.2323364491570914,-1.2877970122336182,-0.8593642002173345
2015-07-24,0.7571295632641823,0.31895283966352356,0.47679209834704095,-0.17404538202632622,-0.837535441968459,-1.2366050122292498,-1.3106880833700076,-0.8586152213051365
2015-07-27,0.3624922296556313,0.2265761969938847,0.47679209834704095,-0.21555497103207286,-0.8467106335269555,-1.2778677885934449,-1.2809842132439901,-0.8563682845685423
2015-07-28,0.3101807933263574,0.26028086647968113,0.4400801303864116,-0.1844227792777631,-0.8371183878067092,-1.2081479250815288,-1.2815291041006798,-0.8556193056563443
2015-07-29,0.4694916392982496,0.28649677346394264,0.4219981163162506,-0.1532905875234529,-0.8191850588514658,-1.2010336532945982,-1.2913398007707044,-0.8548703267441462
2015-07-30,0.3415305618110947,0.35889957317514465,0.44026277699318045,-0.16366798477488978,-0.837535441968459,-1.2373164394079423,-1.303057615439144,-0.854121347831948
2015-07-31,0.3218089549831508,0.33518182516856665,0.5041890893624364,-0.2466871627863826,-0.8792408581434437,-1.2558135460539608,-1.2853443380661116,-0.85337236891975
2015-08-03,0.2887919604697401,0.3501612549821417,0.494691465810433,-0.2881967517921293,-1.0377214396083851,-1.280002070129524,-1.300332495843293,-0.8511254321831558
2015-08-04,0.45524425568516524,0.40508837071259035,0.494691465810433,-0.21555497103207286,-1.054820660240129,-1.25794782759004,-1.296790039962407,-0.8503764532709578
2015-08-05,0.3760470732260346,0.4088332281659841,0.49487411241720186,-0.16366798477488978,-1.0564888768871283,-1.2771563614147516,-1.3104156379416632,-0.8496274743587597
2015-08-06,0.34314254248023823,0.3926051950661937,0.4764268051335024,-0.21555497103207286,-1.1082035929441094,-1.2899620506312257,-1.298152599760333,-0.8488784954465617
2015-08-07,0.44571640421478925,0.35889957317514465,0.46784241461534487,-0.26744195728925596,-1.1190470011496054,-1.301344885490314,-1.2875245668052726,-0.8481295165343636
2015-08-10,0.6525244480426257,0.3089668705895578,0.5047370291827439,-0.20517757378063597,-1.0873508848566171,-1.2045907891880638,-1.260000925418416,-0.8458825797977694
2015-08-11,0.644123207296951,0.3251949036893482,0.5962429791741644,-0.29857414904356616,-1.1278051385463521,-1.3041905942050864,-1.250735452261282,-0.8451336008855713
2015-08-12,0.5818084147956315,0.19661638496148207,0.6229093837624828,-0.3089515462950026,-1.0877679390183668,-1.280002070129524,-1.2082236530972439,-0.8443846219733733
2015-08-13,0.6597655362381681,0.22033413296806004,0.5774303786769263,-0.2570645600378195,-1.0994454555473625,-1.2771563614147516,-1.228662050066128,-0.8436356430611752
2015-08-14,0.6613212850235048,0.23531451518688767,0.5589830713932268,-0.2466871627863826,-1.1086206471058593,-1.2807134973082166,-1.2362921853407902,-0.8428866641489772
2015-08-17,0.6851902399133096,0.2665229305055058,0.5816312506326202,-0.2881967517921293,-1.1094547554293588,-1.323399128029798,-1.2207591367069193,-0.840639727412383
2015-08-18,0.3795699514203522,0.2852481701777272,0.5724989202941553,-0.2466871627863826,-1.141567925884097,-1.3739104577170025,-1.2248468161006962,-0.839890748500185
2015-08-19,0.4580006045160026,0.2215827362542755,0.5861974158018527,-0.3297063407978759,-1.193699696102828,-1.386004719754784,-1.1948705005463331,-0.8391417695879868
2015-08-20,0.3205126620827499,0.1329509510380304,0.5588004247864579,-0.3608385325521861,-1.1987043460438258,-1.3262448367445698,-1.127014956078399,-0.8383927906757888
2015-08-21,0.11645110184297829,0.018104211242776416,0.5405357641095273,-0.40234812155793276,-1.2733570409970483,-1.3511447879988256,-1.109029233277021,-0.8376438117635907
2015-08-24,-0.2362046911441355,-0.17164348724136314,0.49487411241720186,-0.4438577105636794,-1.3671942273907638,-1.4187303699746625,-1.125924841708819,-0.8353968750269966
2015-08-25,-0.5063653510130329,-0.019346268101666366,0.4722259331778085,-0.3297063407978759,-1.3559337650235181,-1.3426076618545097,-1.1673468591594764,-0.8346478961147985
2015-08-26,-0.5583620860978418,0.05180888072857281,0.4198063570350184,-0.26744195728925596,-1.3601043066410168,-1.4336703407272158,-1.204408419131812,-0.8338989172026005
2015-08-27,-0.37660386671976614,0.11547431465202447,0.34893947360852967,-0.26744195728925596,-1.247499682968558,-1.3056134485624724,-1.2104035491802045,-0.8331499382904024
2015-08-28,-0.2063120190170024,0.17789114528926067,0.3308574595383687,-0.2570645600378195,-1.101113672194362,-1.28853919627384,-1.1812449025670775,-0.8324009593782044
2015-08-31,-0.22489517682891644,0.15791730233082382,0.2302191792084833,-0.23630976553494618,-1.0664981767691248,-1.2992106039542357,-1.185332581960854,-0.8301540226416101
2015-09-01,-0.29061742418410635,0.09550047169358762,0.18455752751615712,-0.27781935454069284,-1.0664981767691248,-1.3504333608201324,-1.1659842993615512,-0.829405043729412
2015-09-02,-0.304213701774157,0.14293787251724882,0.18455752751615712,-0.2466871627863826,-1.1136252970468572,-1.3091705844559374,-1.182879907793348,-0.828656064817214
2015-09-03,-0.2856226517680251,0.21534162463370346,0.22126949547678726,-0.26744195728925596,-0.9993524567273995,-1.2330478763357848,-1.2158537883719074,-0.8279070859050159
2015-09-04,-0.2856226517680251,0.19287152750808834,0.22126949547678726,-0.3193289435464395,-1.0752563141658713,-1.3362048172462724,-1.2158537883719074,-0.8271581069928179
2015-09-06,-0.2856226517680251,0.14917898413782085,0.22126949547678726,-0.2466871627863826,-1.1657570672655881,-1.1647508671812548,-1.2158537883719074,-0.8256601491684218
2015-09-07,-0.2856226517680251,0.14917898413782085,0.24866648649218284,-0.2466871627863826,-1.1657570672655881,-1.1647508671812548,-1.2158537883719074,-0.8249111702562237
2015-09-08,-0.2856226517680251,0.14917898413782085,0.2943281381845082,-0.2466871627863826,-1.0631617434751257,-1.1647508671812548,-1.2158537883719074,-0.8241621913440257
2015-09-09,-0.20313442431974896,0.16540796964286397,0.2714973123383451,-0.23630976553494618,-1.098194293062113,-1.1583480225730172,-1.2654511646101185,-0.8234132124318275
2015-09-10,-0.2494320086544689,0.09674907497980309,0.26693114716911265,-0.21555497103207286,-1.1094547554293588,-1.143408051820464,-1.2455576584979249,-0.8226642335196295
2015-09-11,-0.24683744980511188,0.0630444054940067,0.2579814634374166,-0.2466871627863826,-1.1469896299868452,-1.1341594984974548,-1.2619083760730314,-0.8219152546074314
2015-09-14,-0.3542738897025828,0.0705341204007942,0.2395341561537171,-0.26744195728925596,-1.1886950461618297,-1.2010336532945982,-1.2504630068329372,-0.8196683178708373
2015-09-15,-0.5080365231388162,0.11547431465202447,0.20318748140662632,-0.16366798477488978,-1.1870268295148305,-1.1711537117894915,-1.2638158267276474,-0.8189193389586392
2015-09-16,-0.32263112350748147,0.09175561424019388,0.20300483479985662,-0.14291319027201646,-1.043560197872883,-1.1362937800335338,-1.219124131480649,-0.8181703600464412
2015-09-17,-0.39433861365318273,-0.01684906152923544,0.22145214208355615,-0.23630976553494618,-1.0886020473418665,-1.1362937800335338,-1.2243015925878058,-0.8174213811342431
2015-09-18,-0.3670819343950547,0.021849068696170166,0.203370128013396,-0.3193289435464395,-1.1298904093551012,-1.229490740442319,-1.1676193045878216,-0.8166724022220451
2015-09-21,-0.28580614528360704,0.15042758742403634,0.22145214208355615,-0.2466871627863826,-1.1148764595321068,-1.2266450317275472,-1.1812449025670775,-0.8144254654854508
2015-09-22,-0.26036960331713715,0.19911263912866037,0.23076711902879074,-0.3089515462950026,-1.1544966048983423,-1.355413351070984,-1.2033183047622316,-0.8136764865732528
2015-09-23,-0.3314299335369159,0.17289768454965146,0.2488491330989517,-0.2881967517921293,-1.0998625097091124,-1.3582590597857558,-1.185332581960854,-0.8129275076610547
2015-09-24,-0.30129457643756175,0.16291076307043303,0.21706862352109338,-0.3193289435464395,-1.1390656009135978,-1.348299079284054,-1.1248347273392376,-0.8121785287488567
2015-09-25,-0.37462687206801204,0.19786403584244489,0.20263954158631806,-0.27781935454069284,-1.1298904093551012,-1.3746218848956957,-1.1460907932493574,-0.8114295498366586
2015-09-28,-0.344143271898764,0.16790422381004225,0.1670234532663044,-0.35046113530074924,-1.1816051254120823,-1.4222875058681281,-1.1842424675912733,-0.8091826131000645
2015-09-29,-0.41485042642726067,0.15042758742403634,0.0850151268268874,-0.40234812155793276,-1.117378784502606,-1.422998933046821,-1.1975956201421842,-0.8084336341878663
2015-09-30,-0.39188414125120624,0.2078509573216633,0.06766369918380438,-0.3919707243064959,-1.1294733551933516,-1.2956534680607699,-1.2292069409228177,-0.8076846552756682
2015-10-01,-0.27865581732157724,0.18787806676847912,0.07624808970196105,-0.40234812155793276,-1.1215493261201046,-1.3475876521053607,-1.149633581786444,-0.8069356763634702
2015-10-02,-0.27865581732157724,0.14293787251724882,0.07624808970196105,-0.4646125050665525,-1.1603353631628401,-1.317707710600254,-1.149633581786444,-0.8061866974512721
2015-10-05,-0.27865581732157724,0.17789114528926067,0.07624808970196105,-0.38159332705505944,-1.0393896562553846,-1.2750220798786724,-1.149633581786444,-0.803939760714678
2015-10-06,-0.27865581732157724,0.09674907497980309,0.07624808970196105,-0.40234812155793276,-0.9605664196846635,-1.2757335070573657,-1.149633581786444,-0.8031907818024799
2015-10-07,-0.27865581732157724,0.1017425357194123,0.07624808970196105,-0.37121592980362256,-0.9472206865086686,-1.2586592547687332,-1.149633581786444,-0.8024418028902819
2015-10-08,-0.27865581732157724,0.07927243859379716,0.07624808970196105,-0.3297063407978759,-0.9276191409064256,-1.2928077593459981,-1.149633581786444,-0.8016928239780838
2015-10-09,-0.22938879491211842,0.015607004670345488,-0.09233472834610458,-0.3297063407978759,-0.929704411715175,-1.191785099971589,-1.1180219283496098,-0.8009438450658857
2015-10-10,-0.10423931161533131,0.01935186212373924,-0.0693212558931726,-0.3919707243064959,-0.9768315319929075,-1.18965081843551,-1.09458596635653,-0.8001948661536876
2015-10-12,-0.10423931161533131,0.01935186212373924,-0.09196943513256602,-0.3919707243064959,-0.9768315319929075,-1.18965081843551,-1.09458596635653,-0.7986969083292915
2015-10-13,-0.09363713520695215,0.009365893049773453,-0.16941159640275055,-0.3919707243064959,-1.060659418504627,-1.229490740442319,-1.0921332921890239,-0.7979479294170935
2015-10-14,-0.13795673836564162,-0.09424627438529928,-0.2881318908027969,-0.4646125050665525,-1.0894361556653662,-1.18965081843551,-1.0531642815620728,-0.7971989505048954
2015-10-15,-0.04019316900731168,-0.039319158654850576,-0.21507324809507594,-0.4127255188093692,-1.1052842138118606,-1.1789794107551148,-1.0319082156519532,-0.7964499715926974
2015-10-16,0.011671371824336422,-0.0180976648154509,-0.14164931217381643,-0.4127255188093692,-1.059825310181127,-1.2067250707241424,-1.0436263629765936,-0.7957009926804993
2015-10-19,0.003709134382069703,0.034332244342566876,-0.142014605387355,-0.4127255188093692,-1.120298163634855,-1.25794782759004,-1.07169489522014,-0.7934540559439051
2015-10-20,0.05930668307910404,0.0206004654099547,-0.25141992284216674,-0.37121592980362256,-1.144487305016346,-1.2607935363048124,-1.0588869661821196,-0.792705077031707
2015-10-21,-0.08509284844106597,0.04556776910800077,-0.2512372762353979,-0.4127255188093692,-1.1532454424130927,-1.2679078080917423,-1.0872282765102124,-0.791956098119509
2015-10-22,-0.009206441456629029,0.20660235403544785,-0.2695019369123277,-0.4127255188093692,-1.1586671465158407,-1.2351821578718631,-1.0899533961060635,-0.7912071192073109
2015-10-23,0.05190676447491225,0.29773134582412386,-0.29068894329756684,-0.3608385325521861,-1.1707617172065865,-1.2828477788442958,-1.098946091178652,-0.7904581402951129
2015-10-26,0.07081350224978752,0.271516391245115,-0.32721826465142734,-0.38159332705505944,-1.1595012548393404,-1.2728877983425932,-1.0888632817364827,-0.7882112035585187
2015-10-27,0.08641637021991126,0.2777584552709397,-0.4002769073591483,-0.40234812155793276,-1.2024578334995746,-1.265773526555663,-1.0894081725931728,-0.7874622246463207
2015-10-28,0.004875206077865093,0.38636313104036896,-0.3874916448852969,-0.35046113530074924,-1.1165446761791062,-1.2650620993769706,-1.061339640349626,-0.7867132457341226
2015-10-29,0.02076416608841196,0.32394630040313277,-0.272424282620637,-0.2570645600378195,-1.098194293062113,-1.3162848562428682,-1.142820782796816,-0.7859642668219246
2015-10-30,0.016065350955527632,0.2827509636052962,-0.2541596219437064,-0.2881967517921293,-1.0998625097091124,-1.3205534193150257,-1.1583538314306876,-0.7852152879097264
2015-11-02,-0.05331788799280328,0.280254709438118,-0.26785811745140375,-0.2466871627863826,-1.1036159971648611,-1.3198419921363331,-1.1738868800645585,-0.7829683511731322
2015-11-03,-0.06641794387136159,0.3089668705895578,-0.2176303005898459,-0.21555497103207286,-1.0998625097091124,-1.3027677398477007,-1.2327497294599044,-0.7822193722609342
2015-11-04,0.11712095182728068,0.40758462487976865,-0.1169920202599605,-0.19480017652919954,-1.1432361425310964,-1.314150574706789,-1.2537330172854786,-0.7814703933487361
2015-11-05,0.17524794877136773,0.40633697399880586,-0.15370398822058987,-0.1844227792777631,-1.13364389681085,-1.4080589622942674,-1.2594557019055255,-0.7807214144365381
2015-11-06,0.26610288861561077,0.5586341931385026,-0.13543932754366003,-0.10140360126626982,-1.179519854603333,-1.4251332145828999,-1.3052378441783055,-0.77997243552434
2015-11-09,0.3263183574547899,0.5361640960128875,0.01962764160347792,-0.0806488067633965,-1.209130700087572,-1.4429188940502258,-1.3044201752370699,-0.7777254987877458
2015-11-10,0.31836401220674293,0.5748622262382931,0.0017282741400858417,-0.12215839576914314,-1.1649229589420884,-1.4635502822323232,-1.3036028389520347,-0.7769765198755477
2015-11-11,0.3290628679943,0.5399089534662812,-0.1398228461061236,-0.12215839576914314,-1.225812866557566,-1.4621274278749368,-1.3131407575375136,-0.7762275409633497
2015-11-12,0.2915118079023157,0.49496875921505096,-0.1169920202599605,-0.12215839576914314,-1.225812866557566,-1.5261558739573091,-1.3237684578363726,-0.7754785620511516
2015-11-13,0.22364584329250636,0.5374117468938503,-0.13525668093689033,-0.16366798477488978,-1.35092911508252,-1.5332701457442393,-1.3237684578363726,-0.7747295831389536
2015-11-16,0.262694447237464,0.5935874659105145,-0.11680937365319082,-0.17404538202632622,-1.421828322579994,-1.60654714514962,-1.3158658771333647,-0.7724826464023594
2015-11-17,0.24182748572355,0.6173052139170924,-0.13507403433012147,-0.19480017652919954,-1.3801229064050091,-1.6250442517956385,-1.3567426710711328,-0.7717336674901614
2015-11-18,0.19150389581307914,0.6198024204895234,-0.1076770433147259,-0.17404538202632622,-1.3730329856552617,-1.6634613194450618,-1.3564698929865868,-0.7709846885779633
2015-11-19,0.26891546933025684,0.5374117468938503,-0.1076770433147259,-0.20517757378063597,-1.3409198152005237,-1.664172746623755,-1.3313989257672363,-0.7702357096657652
2015-11-20,0.28591722872562325,0.609815499010305,-0.13525668093689033,-0.1844227792777631,-1.3296593528332776,-1.69832125120102,-1.3357590505893584,-0.7694867307535671
2015-11-23,0.2592248413541229,0.6385276601617448,-0.12594170399165655,-0.19480017652919954,-1.2791957992615464,-1.7509668624243035,-1.3619201321782892,-0.767239794016973
2015-11-24,0.26423737120719587,0.6048220382706957,-0.1670371905147495,-0.20517757378063597,-1.2508361162625568,-1.6926298337714758,-1.3414817352094055,-0.7664908151047749
2015-11-25,0.30846818718092606,0.6385276601617448,-0.20795003043107274,-0.21555497103207286,-1.2850345575260442,-1.708992658881415,-1.3518373227361202,-0.7657418361925769
2015-11-26,0.04603003935490532,0.6659902656217165,-0.27187634280032874,-0.2259323682835093,-1.285451611687794,-1.7018783870944851,-1.3908066660192724,-0.7649928572803788
2015-11-27,0.04603003935490532,0.6659902656217165,-0.2536116821233989,-0.2259323682835093,-1.3054702114517867,-1.7018783870944851,-1.3908066660192724,-0.7642438783681808
2015-11-30,0.05302350995684045,0.6847155052939379,-0.2899583568704897,-0.23630976553494618,-1.277944636776297,-1.7153955034896526,-1.3646452517741403,-0.7619969416315865
2015-12-01,0.07368231484823923,0.6385276601617448,-0.2716936961935599,-0.29857414904356616,-1.3096407530692853,-1.6791127173763083,-1.370095490965843,-0.7612479627193884
2015-12-02,0.16873688854104255,0.6622454081683227,-0.2808260265320248,-0.26744195728925596,-1.353431440053019,-1.7346040373143636,-1.3962569052109741,-0.7604989838071904
2015-12-03,0.21649452880619896,0.36639024048718477,-0.30822301754741954,-0.11178099851770625,-1.3500950067590203,-1.6947641153075543,-1.375818508242091,-0.7597500048949923
2015-12-04,0.1481007737080224,0.45751827987060817,-0.31735534788588526,-0.16366798477488978,-1.3734500398170117,-1.6705755912319917,-1.3136856483942039,-0.7590010259827943
2015-12-07,0.17309140670114223,0.4962173625012664,-0.31260653610988315,-0.21555497103207286,-1.446434518123235,-1.7111269404174942,-1.3357590505893584,-0.7567540892462001
2015-12-08,0.0923443946023394,0.4724986620894358,-0.362834352971441,-0.20517757378063597,-1.4568608721669811,-1.7061469501666426,-1.3360314960177033,-0.7560051103340021
2015-12-09,0.09560189776605602,0.33268461859613574,-0.36959227742190565,-0.2259323682835093,-1.4735430386369748,-1.6890726978780108,-1.332489040136817,-0.7552561314218039
2015-12-10,0.08751437174057133,0.40633697399880586,-0.3604599470834407,-0.20517757378063597,-1.489808150945219,-1.6805355717336943,-1.3447520783181472,-0.7545071525096059
2015-12-11,0.06604563041749026,0.3601481764613601,-0.3763502018723695,-0.3193289435464395,-1.5590391417956933,-1.6193528343660943,-1.3343964907914325,-0.7537581735974078
2015-12-14,0.15688478587329616,0.36389303391475386,-0.307857724333881,-0.21555497103207286,-1.579057741559686,-1.6257556789743317,-1.3676431494545371,-0.7515112368608137
2015-12-15,0.15559046602145055,0.4412902467708177,-0.33507206874250767,-0.16366798477488978,-1.5310965129584537,-1.704012668630564,-1.3725481651333489,-0.7507622579486156
2015-12-16,0.15209915660400838,0.3975986558058029,-0.36246905975790245,-0.14291319027201646,-1.5602903042809428,-1.6826698532697735,-1.3313989257672363,-0.7500132790364176
2015-12-17,0.23709019614384994,0.5723650196658622,-0.389866050773298,-0.20517757378063597,-1.5882329331181826,-1.7225097752765826,-1.4055220457119082,-0.7492643001242195
2015-12-18,0.2492885688329362,0.501209870835623,-0.47187437721271497,-0.2570645600378195,-1.56863138751594,-1.624332824616946,-1.3635554700607608,-0.7485153212120215
2015-12-21,0.34613763018618865,0.47125005880322035,-0.5809144014539882,-0.2466871627863826,-1.6278530784844178,-1.5852043297888292,-1.320770892812177,-0.7462683844754272
2015-12-22,0.36451065832703217,0.443786500937996,-0.6176263694146175,-0.20517757378063597,-1.631189511778417,-1.63002424204649,-1.3401191754114798,-0.7455194055632292
2015-12-23,0.33406750565315385,0.4562696765843927,-0.6450233604300131,-0.17404538202632622,-1.609085641205675,-1.6086814266856992,-1.3548348877603165,-0.7447704266510311
2015-12-24,0.3105379151147481,0.4113304347384151,-0.7272143334761989,-0.19480017652919954,-1.549446896075447,-1.6093928538643925,-1.3335791545063977,-0.744021447738833
2015-12-25,0.21322814692398614,0.4038397674263749,-0.7178993565309651,-0.20517757378063597,-1.555285654339945,-1.6734212999467641,-1.3518373227361202,-0.743272468826635
2015-12-28,0.21322814692398614,0.4038397674263749,-0.736164017207895,-0.20517757378063597,-1.555285654339945,-1.6734212999467641,-1.3518373227361202,-0.7410255320900409
2015-12-29,0.24739641526903217,0.42630986455199005,-0.7178993565309651,-0.12215839576914314,-1.5648779000601911,-1.5930300287544525,-1.3327614855651622,-0.7402765531778428
2015-12-30,0.2651666770764335,0.44753135839138974,-0.6813700351771047,-0.13253579302057958,-1.614924399470173,-1.5723986405723551,-1.3801786330642125,-0.7395275742656446
2015-12-31,0.2181400513007726,0.49247155264262,-0.6903197189088,-0.17404538202632622,-1.5748871999421876,-1.588761465682295,-1.3796334095513216,-0.7387785953534466
2016-01-01,-0.08783637245629909,0.5224323170802753,-0.5993617087376877,-0.20517757378063597,-1.5886499872799325,-1.66772988251722,-1.339301839126445,-0.7380296164412485
2016-01-04,-0.08783637245629909,0.5224323170802753,-0.5993617087376877,-0.20517757378063597,-1.5886499872799325,-1.66772988251722,-1.339301839126445,-0.7357826797046544
2016-01-05,-0.0954641781685525,0.5885940051709052,-0.5626497407770583,-0.19480017652919954,-1.6186778869259213,-1.6449642127990434,-1.330308811397656,-0.7350337007924563
2016-01-06,-0.020267351653962467,0.5611304473056808,-0.5717820711155233,-0.26744195728925596,-1.6883259319381458,-1.6556356204794385,-1.2935196968536649,-0.7342847218802583
2016-01-07,-0.30472669439836475,0.4412902467708177,-0.6357083834847784,-0.2881967517921293,-1.7016716651141408,-1.7495440080669176,-1.2504630068329372,-0.7335357429680602
2016-01-08,-0.2433185177079042,0.4812369802824388,-0.6629227278934051,-0.3193289435464395,-1.7809119558466115,-1.7495440080669176,-1.277441424706903,-0.7327867640558622
2016-01-11,-0.4448062361081428,0.5049556806942693,-0.6948858840780323,-0.27781935454069284,-1.8447212425943382,-1.8199752987575264,-1.2809842132439901,-0.7305398273192679
2016-01-12,-0.42415532341096196,0.534915492726672,-0.7496798661088235,-0.3297063407978759,-1.8864266587693228,-1.8391838325822378,-1.3106880833700076,-0.7297908484070699
2016-01-13,-0.5086235050838231,0.5299220319870628,-0.8684001605088698,-0.37121592980362256,-1.9097816918273143,-1.843452395654396,-1.3055102896066506,-0.7290418694948718
2016-01-14,-0.42130328172522374,0.549894922540247,-0.8179896970405423,-0.35046113530074924,-1.898938283621818,-1.8149953085066752,-1.3425718495789862,-0.7282928905826738
2016-01-15,-0.5391209165929538,0.5336668894404565,-0.8269393807722384,-0.4231029160608061,-1.9006065002688177,-1.8612380751217215,-1.2946098112232456,-0.7275439116704757
2016-01-18,-0.4032459413531223,0.5536407323988934,-0.7721453987414472,-0.3919707243064959,-1.9606622995607956,-1.812861026970596,-1.2989699360453677,-0.7252969749338816
2016-01-19,-0.4032459413531223,0.5374117468938503,-0.7356160773875867,-0.3919707243064959,-1.9606622995607956,-1.812861026970596,-1.2989699360453677,-0.7245479960216834
2016-01-20,-0.45650148141579455,0.549894922540247,-0.708219086372192,-0.4438577105636794,-2.0169646113970248,-1.8384724054035448,-1.2520980120592078,-0.7237990171094854
2016-01-21,-0.5696449642575728,0.5461500650868533,-0.7447484077260524,-0.4334803133122425,-1.951070053840549,-1.7858267941802615,-1.273898968826017,-0.7230500381972873
2016-01-22,-0.5293849085000644,0.609815499010305,-0.7763462706971419,-0.38159332705505944,-1.831375509418343,-1.7772896680359451,-1.2790767625893742,-0.7223010592850893
2016-01-25,-0.5104209523171034,0.583600544431296,-0.621279301550004,-0.4231029160608061,-1.8580669757703334,-1.7836925126441823,-1.2545506862267137,-0.7200541225484951
2016-01-26,-0.7308410581234276,0.583600544431296,-0.6165304897740018,-0.4438577105636794,-1.8113569096543507,-1.7274897655274335,-1.2123113324910209,-0.719305143636297
2016-01-27,-0.7446977781226918,0.5261771745336691,-0.5434718470662808,-0.4334803133122425,-1.7742390892586142,-1.6897841250567034,-1.2275719356965473,-0.718556164724099
2016-01-28,-0.8439835544409289,0.477492122829045,-0.5708688380816764,-0.45423510781511584,-1.7250266981721323,-1.7018783870944851,-1.2289344954944725,-0.717807185811901
2016-01-29,-0.7399082027562934,0.6148089597499141,-0.6525118713075548,-0.5164994913237358,-1.7196049940693843,-1.6805355717336943,-1.2267542667553117,-0.7170582068997029
2016-02-01,-0.7870778745521665,0.5386603501800658,-0.6618268482527887,-0.4853672995694258,-1.7483817312301235,-1.6968983968436335,-1.1954153914030232,-0.7148112701631086
2016-02-02,-0.7089323269726616,0.5224323170802753,-0.5796358752066028,-0.5891412720837922,-1.809688693007351,-1.6976098240223267,-1.1970503966292936,-0.7140622912509106
2016-02-03,-0.7183447551025898,0.3251949036893482,-0.561371214529673,-0.5787638748323558,-1.7513011103623726,-1.642118504084271,-1.1588987222873777,-0.7133133123387125
2016-02-04,-0.6712165173263653,0.22283133954049097,-0.6285851658207761,-0.5891412720837922,-1.7354530522158784,-1.5901843200396808,-1.1144794724687237,-0.7125643334265145
2016-02-05,-0.6908621617849547,0.29273788508451465,-0.6313248649223157,-0.5995186693352289,-1.7525522728476222,-1.6314470964038759,-1.1139342489558333,-0.7118153545143164
2016-02-06,-0.5916217655834748,0.23531451518688767,-0.6313248649223157,-0.7136700391010321,-1.7821631183318611,-1.6506556302285875,-0.9774058237349301,-0.7110663756021184
2016-02-08,-0.5916217655834748,0.23531451518688767,-0.6886758994478768,-0.7136700391010321,-1.7821631183318611,-1.6506556302285875,-0.9774058237349301,-0.7095684177777223
2016-02-09,-0.5916217655834748,0.17289768454965146,-0.6886758994478768,-0.7240474363524688,-1.8443041884325884,-1.7217983480978893,-0.9774058237349301,-0.7088194388655241
2016-02-10,-0.5916217655834748,0.15042758742403634,-0.6886758994478768,-0.7551796281067787,-1.8655739506818305,-1.739584027565215,-0.9774058237349301,-0.7080704599533261
2016-02-11,-0.5916217655834748,0.1092322506261998,-0.6886758994478768,-0.838198806118272,-1.899772391945318,-1.7687525418916286,-0.9774058237349301,-0.707321481041128
2016-02-12,-0.5916217655834748,0.16166311218947021,-0.6886758994478768,-0.7240474363524688,-1.7754902517438638,-1.7367383188504426,-0.9774058237349301,-0.70657250212893
2016-02-14,-0.5916217655834748,0.27276499453133046,-0.6886758994478768,-0.6825378473467222,-1.8051010972281027,-1.704012668630564,-0.9774058237349301,-0.7050745443045339
2016-02-15,-0.5916217655834748,0.27276499453133046,-0.6612789084324812,-0.6825378473467222,-1.8051010972281027,-1.704012668630564,-0.9774058237349301,-0.7043255653923358
2016-02-16,-0.5916217655834748,0.27276499453133046,-0.6603656753986344,-0.6825378473467222,-1.8051010972281027,-1.704012668630564,-0.9774058237349301,-0.7035765864801378
2016-02-17,-0.560393339584848,0.26277807305211204,-0.6649318405678668,-0.6514056555924121,-1.7166856149371352,-1.6712870184106852,-0.9686855740906866,-0.7028276075679397
2016-02-18,-0.5740626199714209,0.2827509636052962,-0.6649318405678668,-0.7136700391010321,-1.717102669098885,-1.6748441543041501,-0.9278087801529196,-0.7020786286557417
2016-02-19,-0.5710468152556472,0.23905937264028143,-0.6831965012447975,-0.7032926418495955,-1.7813290100083616,-1.6705755912319917,-0.9160906328282785,-0.7013296497435435
2016-02-22,-0.5015215168113824,0.3364294760495295,-0.6512333450601695,-0.6929152445981588,-1.700837556790641,-1.6157956984726294,-0.9730456989128086,-0.6990827130069494
2016-02-23,-0.5337394266601628,0.34891360410117883,-0.646667179890937,-0.7240474363524688,-1.7713197101263654,-1.6286013876891035,-0.9381640350234335,-0.6983337340947513
2016-02-24,-0.5118602912377165,0.3464163975287479,-0.6055716933678441,-0.7136700391010321,-1.788001876596359,-1.6414070769055784,-0.8934723397764344,-0.6975847551825533
2016-02-25,-0.7369210072445629,0.3251949036893482,-0.6101378585370766,-0.7551796281067787,-1.7325336730836296,-1.6812469989123875,-0.8948348995743601,-0.6968357762703552
2016-02-26,-0.7144617955470516,0.4325519285778147,-0.6284025192140064,-0.7032926418495955,-1.6103368036909247,-1.602990009256155,-0.944976834013061,-0.6960867973581571
2016-02-29,-0.8214227307428529,0.44004164348460223,-0.6373522029457024,-0.7240474363524688,-1.6036639371029269,-1.59231860157576,-0.9065527142427994,-0.6938398606215629
2016-03-01,-0.7642536488720454,0.45751827987060817,-0.6327860377764699,-0.6306508610895388,-1.611587966176174,-1.5738214949297409,-0.9163630782566241,-0.6930908817093648
2016-03-02,-0.6318818213409845,0.44004164348460223,-0.591690551253377,-0.6202734638381022,-1.5844794456624338,-1.5233101652425367,-0.8869319862151515,-0.6923419027971668
2016-03-03,-0.6218962226059312,0.3601481764613601,-0.5460288995610516,-0.6306508610895388,-1.6107538578526743,-1.4841816704144208,-0.8425124037402972,-0.6915929238849687
2016-03-04,-0.616426932012458,0.3314360153099203,-0.5551612298995166,-0.5787638748323558,-1.5331817837672028,-1.3902732828269417,-0.8084484087921577,-0.6908439449727707
2016-03-07,-0.5882330546908738,0.29773134582412386,-0.49105227092349163,-0.5476316830780458,-1.4743771469604745,-1.3774675936104674,-0.8267069096780811,-0.6885970082361765
2016-03-08,-0.5766650710149965,0.3152079822101298,-0.4821025871917956,-0.6306508610895388,-1.4685383886959769,-1.4649731365897092,-0.8297044747022774,-0.6878480293239785
2016-03-09,-0.6223993499873652,0.3102145214705206,-0.5595447484619801,-0.5580090803294825,-1.4226624309034936,-1.4500331658371557,-0.8446926324794587,-0.6870990504117804
2016-03-10,-0.6836092352980837,0.17289768454965146,-0.609772565323538,-0.5268768885751725,-1.4906422592687185,-1.467818845304481,-0.8027257241721104,-0.6863500714995823
2016-03-11,-0.6821866672901854,0.18538086019604819,-0.6463018866773984,-0.47498990231798915,-1.4581120346522307,-1.4379389037993742,-0.8389699478594108,-0.6856010925873842
2016-03-14,-0.6163983228084154,0.24155657921271234,-0.6369869097321639,-0.4853672995694258,-1.5144143464884596,-1.4400731853354534,-0.8779389584863626,-0.6833541558507901
2016-03-15,-0.6153309035403532,0.2428042300936752,-0.6552515704090945,-0.4853672995694258,-1.538186433708201,-1.44861031147977,-0.9160906328282785,-0.682605176938592
2016-03-16,-0.6098024214902414,0.15042758742403634,-0.7191778827783497,-0.5164994913237358,-1.5010686133124647,-1.4478988843010767,-0.9190881978524752,-0.681856198026394
2016-03-17,-0.5535616589643932,0.009365893049773453,-0.7009132221014199,-0.5476316830780458,-1.4631166845932286,-1.3646619043939932,-0.8231641211409945,-0.6811072191141959
2016-03-18,-0.4883829864860083,0.038077101795960626,-0.6872147265937217,-0.5787638748323558,-1.4643678470784782,-1.3788904479678534,-0.8523227677541214,-0.6803582402019979
2016-03-21,-0.41211479460624734,0.07552758114040341,-0.6733335844792554,-0.5372542858266092,-1.4372593265647384,-1.3646619043939932,-0.879573963712633,-0.6781113034654036
2016-03-22,-0.4299481939673965,0.12046777539163368,-0.6735162310860243,-0.5164994913237358,-1.410984914374498,-1.3689304674661515,-0.8675837036158487,-0.6773623245532056
2016-03-23,-0.4151493432832893,0.17040143038247318,-0.6729682912657161,-0.5787638748323558,-1.4818841218719716,-1.4457646027649975,-0.9343491337142019,-0.6766133456410075
2016-03-24,-0.4696942705764208,0.18163600274265443,-0.6726029980521775,-0.5476316830780458,-1.503153884121214,-1.4550131560880066,-0.940616709190939,-0.6758643667288095
2016-03-25,-0.4780895921764309,0.156669651449861,-0.672237704838639,-0.5683864775809191,-1.503153884121214,-1.430824632012444,-0.9447043885847164,-0.6751153878166114
2016-03-28,-0.4780895921764309,0.156669651449861,-0.6075808060423066,-0.5683864775809191,-1.503153884121214,-1.430824632012444,-0.9447043885847164,-0.6728684510800172
2016-03-29,-0.5269294495738097,0.059299548040612944,-0.6358910300915481,-0.6514056555924121,-1.5690484416776898,-1.4763559714487975,-0.9019201439923328,-0.6721194721678192
2016-03-30,-0.42792088657750005,0.01935186212373924,-0.6629227278934051,-0.6306508610895388,-1.5690484416776898,-1.5033902042391325,-0.9256285514137577,-0.6713704932556211
2016-03-31,-0.42391461148729553,-0.011856553194878867,-0.6525118713075548,-0.6825378473467222,-1.5690484416776898,-1.5133501847408342,-0.9057353779577646,-0.670621514343423
2016-04-01,-0.4236916570006208,-0.008110743336232474,-0.6519639314872466,-0.6721604500952855,-1.5828112290154346,-1.5410958447098624,-0.9384368131079788,-0.6698725354312249
2016-04-04,-0.36555084871665067,-0.02184252226884465,-0.6126949110318465,-0.6825378473467222,-1.598242233000179,-1.5731100677510483,-0.9215408720199812,-0.6676255986946308
2016-04-05,-0.36555084871665067,-0.006863092455269653,-0.6126949110318465,-0.7344248336039054,-1.6053321537499263,-1.57595577646582,-0.9215408720199812,-0.6668766197824327
2016-04-06,-0.36538116654095115,-0.031829443748063076,-0.603197287479843,-0.7032926418495955,-1.5265089171792052,-1.5674186503215042,-0.9376191441667432,-0.6661276408702347
2016-04-07,-0.4206650005177968,-0.0255873797222384,-0.5374445090428942,-0.7655570253582155,-1.5523662752076959,-1.6613270379089826,-0.9002851387660624,-0.6653786619580366
2016-04-08,-0.44757442323030733,-0.05554814415989368,-0.5175360289050404,-0.7448022308553421,-1.4038949936247505,-1.6485213486925083,-0.8831167522497196,-0.6646296830458386
2016-04-11,-0.39399037058328756,-0.091750020218121,-0.5297733515585835,-0.7344248336039054,-1.3676112815525139,-1.645675639977736,-0.8444201870511135,-0.6623827463092443
2016-04-12,-0.40789740332069596,-0.09050141693190554,-0.5281295320976596,-0.6721604500952855,-1.3075554822605358,-1.566707223142811,-0.8370621645485951,-0.6616337673970463
2016-04-13,-0.36115391001262653,0.006868686477342524,-0.4968969623401095,-0.6929152445981588,-1.3163136196572827,-1.5354044272803182,-0.8713986049250797,-0.6608847884848482
2016-04-14,-0.3417341796135435,0.026842529435779378,-0.4821025871917956,-0.6617830528438489,-1.3075554822605358,-1.53113586420816,-0.9308063451771152,-0.6601358095726502
2016-04-15,-0.3459121099280022,0.0018752257377333103,-0.5188145551524258,-0.7032926418495955,-1.3784546897580099,-1.5567472426411084,-0.9087329429819608,-0.6593868306604521
2016-04-18,-0.3963718401887437,-0.02433972884127558,-0.5378098022564327,-0.6825378473467222,-1.3651089565820147,-1.539672990352476,-0.9073703831840355,-0.657139893923858
2016-04-19,-0.38614355648146875,-0.0880042103594746,-0.5354353963684316,-0.6721604500952855,-1.3075554822605358,-1.4564360104453926,-0.8545029964932823,-0.6563909150116599
2016-04-20,-0.475283917131727,-0.02433972884127558,-0.49927136822810975,-0.6098960665866655,-1.304636103128287,-1.4372274766206816,-0.8539581056365927,-0.6556419360994618
2016-04-21,-0.4989161061949745,-0.010607949908663402,-0.5084036985665754,-0.5787638748323558,-1.2883709908200431,-1.4208646515107417,-0.8654034748766872,-0.6548929571872637
2016-04-22,-0.4813490683887028,0.05430608730100373,-0.48995639128287594,-0.5683864775809191,-1.2679353368943005,-1.40165611768603,-0.9207235357349464,-0.6541439782750657
2016-04-25,-0.4964231593461823,0.01935186212373924,-0.4802761211241028,-0.5476316830780458,-1.3096407530692853,-1.4194417971533557,-0.8929271162635439,-0.6518970415384715
2016-04-26,-0.4730356283037105,-0.014352807362057152,-0.5076731121394983,-0.5164994913237358,-1.26918649937955,-1.4350931950846024,-0.8839344211909552,-0.6511480626262734
2016-04-27,-0.48732543246071924,-0.036822904487672295,-0.5266683592435053,-0.5891412720837922,-1.2595942536593034,-1.4671074181257884,-0.8648585840199976,-0.6503990837140754
2016-04-28,-0.49533798264112827,-0.11546776822469897,-0.5714167779019846,-0.6202734638381022,-1.1999555085290754,-1.4514560201945417,-0.8204390015451428,-0.6496501048018773
2016-04-29,-0.4987128821938462,-0.20035469598755032,-0.5622844475635189,-0.6306508610895388,-1.1982872918820762,-1.3774675936104674,-0.7558538001859505,-0.6489011258896793
2016-05-02,-0.4237824172341341,-0.2565304150042145,-0.5664853195192137,-0.5787638748323558,-1.1907803169705788,-1.40165611768603,-0.7517661207921741,-0.646654189153085
2016-05-03,-0.4237824172341341,-0.21783133237355623,-0.5664853195192137,-0.6514056555924121,-1.304636103128287,-1.4692416996618674,-0.7517661207921741,-0.645905210240887
2016-05-04,-0.4285493025421538,-0.1878715203411536,-0.5527868240115155,-0.6721604500952855,-1.305053157290037,-1.5154844662769134,-0.7991829356350237,-0.6451562313286889
2016-05-05,-0.4215232766390668,-0.11297151405752068,-0.543289200459512,-0.7032926418495955,-1.2504190621008069,-1.56172723289196,-0.8043607293983808,-0.6444072524164909
2016-05-06,-0.5264973519403428,-0.0992397351249085,-0.5434718470662808,-0.6721604500952855,-1.2416609247040602,-1.56172723289196,-0.7457706580875809,-0.6436582735042928
2016-05-09,-0.6123999399124295,-0.06678271652007493,-0.5796358752066028,-0.6929152445981588,-1.3321616778037768,-1.6293128148677967,-0.8201665561167982,-0.6414113367676987
2016-05-10,-0.6094857471972205,-0.04930608013406901,-0.5463941927745902,-0.6929152445981588,-1.2662671202473013,-1.6492327758712018,-0.8247991263672648,-0.6406623578555006
2016-05-11,-0.6009907866452009,-0.10797805331791147,-0.532695697266892,-0.7344248336039054,-1.179936908765083,-1.633581377939955,-0.7956404797541378,-0.6399133789433025
2016-05-12,-0.5959180788112117,-0.0680313198062904,-0.5509603579438227,-0.7136700391010321,-1.1653400131038383,-1.6748441543041501,-0.807358294422577,-0.6391644000311044
2016-05-13,-0.6113108171102662,-0.009359346622447938,-0.5372618624361253,-0.7551796281067787,-1.1394826550753479,-1.6755555814828433,-0.8029981696004556,-0.6384154211189064
2016-05-16,-0.581196177020736,-0.014352807362057152,-0.49616637591303153,-0.7136700391010321,-1.0794268557833697,-1.6542127661220525,-0.7989104902066786,-0.6361684843823122
2016-05-17,-0.5875553125123528,-0.01684906152923544,-0.49160021074379906,-0.7032926418495955,-1.0702516642248732,-1.6542127661220525,-0.7912803549320158,-0.6354195054701142
2016-05-18,-0.6277897186386523,0.04931262656139452,-0.44593855905147367,-0.5891412720837922,-1.0610764726663766,-1.669152736874606,-0.7980931539216438,-0.6346705265579161
2016-05-19,-0.6272244402277469,0.07552758114040341,-0.4368062287130088,-0.6098960665866655,-1.1411508717223473,-1.6940526881288618,-0.851232986040741,-0.6339215476457181
2016-05-20,-0.6042640741973558,0.0780238353075817,-0.4550708893899386,-0.6098960665866655,-1.0773415849746206,-1.7018783870944851,-0.8561380017195532,-0.63317256873352
2016-05-23,-0.5864957854385098,0.0680378662336159,-0.44593855905147367,-0.6202734638381022,-1.1094547554293588,-1.7025898142731777,-0.8596807902566399,-0.6309256319969258
2016-05-24,-0.6156446182605413,0.11048085391241526,-0.48246788040533417,-0.5995186693352289,-1.0823462349156188,-1.6862269891632384,-0.9201783122220559,-0.6301766530847277
2016-05-25,-0.6227012264162254,0.08301729604719091,-0.4731529034600995,-0.5891412720837922,-1.0635787976368758,-1.6364270866547268,-0.9348940245708921,-0.6294276741725296
2016-05-26,-0.6148188974404231,0.06054719892157577,-0.4731529034600995,-0.6306508610895388,-1.0364702771231356,-1.635004232297341,-0.9441594977280261,-0.6286786952603316
2016-05-27,-0.6168264743447731,0.10423878988659059,-0.46402057312163464,-0.6098960665866655,-1.054403606078379,-1.611527135400471,-0.9613275515881681,-0.6279297163481335
2016-05-30,-0.5026629254002438,0.15042758742403634,-0.4046604259216119,-0.6202734638381022,-1.0473136853286318,-1.638561368190806,-0.9586024319923164,-0.6256827796115394
2016-05-31,-0.5026629254002438,0.15042758742403634,-0.3909619304139137,-0.6202734638381022,-1.0473136853286318,-1.638561368190806,-0.9586024319923164,-0.6249338006993412
2016-06-01,-0.5051460070062629,0.09674907497980309,-0.37251462313021416,-0.6098960665866655,-1.0660811226073748,-1.6705755912319917,-0.9665053453515257,-0.6241848217871432
2016-06-02,-0.494435312927378,0.1092322506261998,-0.34055146694558613,-0.6514056555924121,-1.0560718227253787,-1.6755555814828433,-0.972228029971573,-0.6234358428749451
2016-06-03,-0.4676886667206248,-0.08176309873890257,-0.33598530177635366,-0.7551796281067787,-1.07900980162162,-1.6165071256513226,-0.8896571058110025,-0.6226868639627471
2016-06-06,-0.47516257464561645,-0.09799113183869304,-0.356259075127746,-0.7344248336039054,-1.060659418504627,-1.6086814266856992,-0.8773940676296724,-0.6204399272261529
2016-06-07,-0.47788044902963867,-0.106729450031696,-0.35077967692466755,-0.7448022308553421,-1.0264609772411395,-1.703301241451871,-0.8779389584863626,-0.6196909483139549
2016-06-08,-0.4920933042930165,-0.13669021446935128,-0.34968379728405186,-0.7551796281067787,-0.9860067235514044,-1.6883612706993176,-0.8359720501790149,-0.6189419694017568
2016-06-09,-0.6103854573381385,-0.07302478054589961,-0.35406731584651463,-0.7863118198610888,-0.991845481815902,-1.7210869209191968,-0.768934174652316,-0.6181929904895588
2016-06-10,-0.6103854573381385,-0.010607949908663402,-0.35406731584651463,-0.8278214088668354,-1.0289633022116385,-1.7338926101356709,-0.768934174652316,-0.6174440115773606
2016-06-12,-0.6103854573381385,-0.039319158654850576,-0.35406731584651463,-0.8485762033697085,-1.0431431437111334,-1.7025898142731777,-0.768934174652316,-0.6159460537529645
2016-06-13,-0.6103854573381385,-0.039319158654850576,-0.3675831647474431,-0.8485762033697085,-1.0431431437111334,-1.7025898142731777,-0.768934174652316,-0.6151970748407665
2016-06-14,-0.6025593602461436,0.03058738688917313,-0.4269433119474667,-0.8485762033697085,-1.1048671596501105,-1.7210869209191968,-0.7656641641997747,-0.6144480959285684
2016-06-15,-0.5418900902393972,-0.009359346622447938,-0.43607564228593165,-0.8693309978725818,-1.1219663802818542,-1.6499442030498943,-0.7651189406868842,-0.6136991170163704
2016-06-16,-0.5632868152902331,-0.014352807362057152,-0.4632899866945575,-0.9004631896268918,-1.1974531835585767,-1.708992658881415,-0.7370504084433378,-0.6129501381041723
2016-06-17,-0.5418683867052961,-0.05929300161328743,-0.47717112880902457,-0.8485762033697085,-1.1595012548393404,-1.7047240958092569,-0.7468607724571615,-0.6122011591919743
2016-06-20,-0.5403540719396063,-0.13419300789692035,-0.45854117491855534,-0.7966892171125254,-1.0715028267101228,-1.6463870671564294,-0.7536735714467896,-0.6099542224553801
2016-06-21,-0.5587132887405686,-0.08301170202511804,-0.4724223170330224,-0.7551796281067787,-1.092355534797615,-1.6150842712939366,-0.8068134035658873,-0.609205243543182
2016-06-22,-0.5234134770494336,-0.12046122896430818,-0.4903216844964145,-0.7759344226096521,-1.081929180753869,-1.588761465682295,-0.8136262025555153,-0.6084562646309839
2016-06-23,-0.5391998385351399,-0.14417992937613877,-0.4903216844964145,-0.7240474363524688,-1.0735880975188719,-1.5482101164967925,-0.8321571488697833,-0.6077072857187859
2016-06-24,-0.5813007485941325,0.09550047169358762,-0.5814623412742964,-0.9004631896268918,-1.1544966048983423,-1.6200642615447876,-0.6719199835712545,-0.6069583068065878
2016-06-27,-0.5233059459032056,0.23156965773349392,-0.6724203514454087,-1.0146145593926952,-1.2220593791018173,-1.6051242907922343,-0.665107184581627,-0.6047113700699936
2016-06-28,-0.5020315498627579,0.1953677816752666,-0.6176263694146175,-1.0146145593926952,-1.1711787713683361,-1.534693000101625,-0.6847279126092749,-0.6039623911577956
2016-06-29,-0.4862343366100007,0.1354472052052087,-0.6220098879770811,-0.9731049703869484,-1.0831803432391185,-1.5161958934556066,-0.6612919506161952,-0.6032134122455975
2016-06-30,-0.4813027017476685,0.18163600274265443,-0.6539730441617091,-0.9834823676383851,-1.0977772389003633,-1.502678777060439,-0.676280108393376,-0.6024644333333995
2016-07-01,-0.4825121805116659,0.12046777539163368,-0.722100228486659,-1.0146145593926952,-1.1144594053703571,-1.472087408376639,-0.6264106193830203,-0.6017154544212013
2016-07-04,-0.4223016442938737,0.18538086019604819,-0.6716897650183316,-1.1080111346556247,-1.0990284013856126,-1.5197530293490717,-0.5727255637510321,-0.5994685176846072
2016-07-05,-0.4223016442938737,0.18538086019604819,-0.635160443664471,-1.1080111346556247,-1.1982872918820762,-1.5197530293490717,-0.5727255637510321,-0.5987195387724091
2016-07-06,-0.4097343115250695,0.171649081263436,-0.6623747880730969,-1.0976337374041885,-1.195784966911577,-1.5624386600706526,-0.549562047186297,-0.5979705598602111
2016-07-07,-0.4166074261651711,0.20535470315448504,-0.7169861234971183,-1.076878942901315,-1.1861927211913306,-1.6051242907922343,-0.5626427543088628,-0.597221580948013
2016-07-08,-0.4338242478529943,0.20160984570109128,-0.7261184538355833,-1.1080111346556247,-1.244580303836309,-1.611527135400471,-0.5721806728943419,-0.596472602035815
2016-07-11,-0.42079324867384826,0.23531451518688767,-0.6800915089297193,-1.045746751147005,-1.2650159577620517,-1.5709757862149691,-0.5765407977164639,-0.5942256652992207
2016-07-12,-0.35045209465223787,0.21908648208709722,-0.6618268482527887,-0.9419727786326384,-1.1532454424130927,-1.4777788258061832,-0.6334958638009934,-0.5934766863870227
2016-07-13,-0.3345147949521014,0.19162292422187285,-0.6388133757998566,-0.9938597648898218,-1.2387415455718112,-1.4393617581567602,-0.610877238092948,-0.5927277074748246
2016-07-14,-0.33734710615229263,0.17414628783586694,-0.6568953898700176,-0.9419727786326384,-1.1828562878973319,-1.4350931950846024,-0.6411259990756558,-0.5919787285626266
2016-07-15,-0.34103276085236756,0.23656311847310313,-0.679543569109411,-0.8693309978725818,-1.1728469880153356,-1.44861031147977,-0.6542067061982221,-0.5912297496504285
2016-07-18,-0.35365040635931533,0.23406591190067222,-0.679543569109411,-0.8797083951240184,-1.2103818625728215,-1.4436303212289183,-0.6490289124348649,-0.5889828129138344
2016-07-19,-0.36233280652402555,0.2952350916569456,-0.6930594180103395,-0.9108405868783285,-1.195784966911577,-1.4066361079368817,-0.6405811082189665,-0.5882338340016363
2016-07-20,-0.3733256465462243,0.31395937892391435,-0.7297713859709697,-0.8797083951240184,-1.1907803169705788,-1.4194417971533557,-0.6751899940237953,-0.5874848550894383
2016-07-21,-0.35700458890221043,0.28899302763112095,-0.7644742412571366,-0.9004631896268918,-1.2253958123958162,-1.4130389525451184,-0.6433062278148176,-0.5867358761772401
2016-07-22,-0.3856088603231606,0.3476650008149634,-0.746026933973437,-0.9004631896268918,-1.2566748745270546,-1.4457646027649975,-0.6634721793553561,-0.585986897265042
2016-07-25,-0.37872982653739445,0.3251949036893482,-0.7166208302835798,-0.8900857923754552,-1.2766934742910474,-1.472087408376639,-0.67382743422587,-0.5837399605284479
2016-07-26,-0.3339583952596923,0.3089668705895578,-0.7449310543328214,-0.9004631896268918,-1.2850345575260442,-1.4599931463388582,-0.670012532916639,-0.5829909816162498
2016-07-27,-0.41180009336178164,0.2952350916569456,-0.7350681375672793,-0.9523501758840751,-1.3175647821425323,-1.5176187478129926,-0.6539342607698769,-0.5822420027040518
2016-07-28,-0.4035182220536636,0.25653600902628737,-0.7533327982442092,-0.9523501758840751,-1.3555167108617683,-1.4784902529848767,-0.6384008794798047,-0.5814930237918537
2016-07-29,-0.4251763760379899,0.10548739317280605,-0.77141481231437,-1.0146145593926952,-1.4018097228160014,-1.4607045735175508,-0.5928915152915705,-0.5807440448796557
2016-08-01,-0.4637484887570016,0.12795749029842118,-0.7600907226946738,-0.9627275731355118,-1.4264159183592422,-1.489873087843965,-0.5863511617302877,-0.5784971081430614
2016-08-02,-0.4450962742456752,0.04681541998896359,-0.7670312937519073,-0.9212179841297651,-1.4335058391089897,-1.4763559714487975,-0.5509246069842227,-0.5777481292308634
2016-08-03,-0.43826163405238877,0.1092322506261998,-0.7805471426528358,-0.9212179841297651,-1.4147384018302465,-1.4912959422013508,-0.5735432326922677,-0.5769991503186653
2016-08-04,-0.42668871775512457,0.13419955432424588,-0.7849306612152985,-0.9627275731355118,-1.37803763559626,-1.5247330195999227,-0.5661852101897492,-0.5762501714064673
2016-08-05,-0.4304799305528723,0.18787806676847912,-0.8141541182983869,-0.8797083951240184,-1.3304934611567776,-1.5531901067476435,-0.6272279556680557,-0.5755011924942692
2016-08-08,-0.391767731386482,0.214093021347488,-0.8254782079180841,-0.8797083951240184,-1.2983802907020392,-1.5389615631737834,-0.6354033144556089,-0.5732542557576751
2016-08-09,-0.36280239208003184,0.18662946348226364,-0.8888565804670319,-0.9212179841297651,-1.2929585865992914,-1.5610158057132668,-0.6201427112500826,-0.572505276845477
2016-08-10,-0.3774660889381448,0.12046777539163368,-0.9208197366516598,-0.9731049703869484,-1.3421709776857733,-1.5318472913868533,-0.605699444329591,-0.571756297933279
2016-08-11,-0.40222488872609496,0.14668272997064258,-0.9345182321593573,-0.9004631896268918,-1.2570919286888047,-1.5048130585965183,-0.6106047926646034,-0.5710073190210808
2016-08-12,-0.3469617717590727,0.12920609358463667,-0.9662987417372156,-0.9627275731355118,-1.2199741082930682,-1.57595577646582,-0.6288629608943256,-0.5702583401088828
2016-08-15,-0.2514159089761633,0.11797056881920276,-1.0210927237680067,-0.9212179841297651,-1.1286392468698516,-1.5588815241771876,-0.6165999227129954,-0.5680114033722886
2016-08-16,-0.2590644316982407,0.013110750503167201,-0.9754310720756814,-0.9004631896268918,-1.0886020473418665,-1.5304244370294668,-0.5888038358977941,-0.5672624244600906
2016-08-17,-0.25509268495774207,0.004372432310164239,-0.9297694203833551,-0.9108405868783285,-1.0756733683276214,-1.5574586698198016,-0.6100599018079133,-0.5665134455478925
2016-08-18,-0.26667447997350174,-0.06553411323385946,-0.9480340810602857,-0.9419727786326384,-1.0389726020936347,-1.5354044272803182,-0.5868963852431786,-0.5657644666356945
2016-08-19,-0.26266228573763334,-0.02184252226884465,-0.9115047597064253,-0.8900857923754552,-1.0418919812258838,-1.5368272816377042,-0.6163274772846508,-0.5650154877234964
2016-08-22,-0.2964615940029614,-0.02059487138788183,-0.9480340810602857,-0.9212179841297651,-1.095691968091614,-1.5738214949297409,-0.6236854997871693,-0.5627685509869021
2016-08-23,-0.29102683175919464,-0.0180976648154509,-0.8749754383525647,-0.9212179841297651,-1.070668718386623,-1.610104281043085,-0.6157825864279606,-0.5620195720747041
2016-08-24,-0.29640733516770856,0.013110750503167201,-0.8567107776756342,-0.9108405868783285,-1.1182128928261055,-1.6670184553385268,-0.6599293908182694,-0.561270593162506
2016-08-25,-0.3236462569888455,0.010613543930736274,-0.8749754383525647,-0.8900857923754552,-1.0477307394903816,-1.6684413096959128,-0.6716475381429093,-0.560521614250308
2016-08-26,-0.3180911387832452,0.11048085391241526,-0.9250206086073538,-0.8485762033697085,-1.030631518858638,-1.6648841738024476,-0.6678323041774776,-0.55977263533811
2016-08-29,-0.31601845127659206,0.11172945719863073,-0.8999980234799593,-0.9004631896268918,-1.030631518858638,-1.6719984455893784,-0.6640170702120463,-0.5575256986015158
2016-08-30,-0.31210392294417855,0.17040143038247318,-0.8154326445457724,-0.9004631896268918,-1.1023648346796115,-1.6748441543041501,-0.6945386092792999,-0.5567767196893177
2016-08-31,-0.3025385835512644,0.1666556205238268,-0.8340625984362408,-0.8900857923754552,-1.1023648346796115,-1.674132727125457,-0.7076189837456649,-0.5560277407771196
2016-09-01,-0.3264982986745831,0.12046777539163368,-0.8291311400534698,-0.9004631896268918,-1.2228934874253172,-1.676267008661536,-0.6931760494813741,-0.5552787618649215
2016-09-02,-0.3204321608933303,0.14917898413782085,-0.8291311400534698,-0.8693309978725818,-1.184941558706081,-1.672709872768071,-0.6661972989512077,-0.5545297829527235
2016-09-05,-0.2752444163705976,0.01685560795656095,-0.8198161631082351,-0.9212179841297651,-1.1532454424130927,-1.6556356204794385,-0.5918014009219903,-0.5522828462161293
2016-09-06,-0.2752444163705976,0.01685560795656095,-0.7969853372620728,-0.9212179841297651,-1.1745152046623348,-1.6556356204794385,-0.5918014009219903,-0.5515338673039313
2016-09-07,-0.27447788700711856,0.034332244342566876,-0.7558898507389799,-0.9315953813812018,-1.141567925884097,-1.6428299312629642,-0.605699444329591,-0.5507848883917332
2016-09-08,-0.27105464776481175,0.04307056253556984,-0.7741545114159097,-0.8589536006211451,-1.0485648478138814,-1.6392727953694992,-0.6261378412984749,-0.5500359094795352
2016-09-09,-0.29607487648625114,0.08176869276097544,-0.7878530069236079,-0.7966892171125254,-1.084431505724368,-1.6499442030498943,-0.6443963421843983,-0.5492869305673371
2016-09-12,-0.3679303452735509,0.05180888072857281,-0.7443831145125139,-0.7863118198610888,-1.1073694846206097,-1.6392727953694992,-0.6691948639754034,-0.5470399938307429
2016-09-13,-0.3665551304309639,0.11797056881920276,-0.7922365254860707,-0.7344248336039054,-1.1632547422950892,-1.638561368190806,-0.6746451031671061,-0.5462910149185448
2016-09-14,-0.3911994934027438,0.08052104188001262,-0.8059350209937689,-0.7655570253582155,-1.1978702377203263,-1.5624386600706526,-0.6678323041774776,-0.5455420360063468
2016-09-15,-0.36003617800642074,0.07552758114040341,-0.7920538788793018,-0.7551796281067787,-1.1903632628088292,-1.5574586698198016,-0.6896332609442875,-0.5447930570941487
2016-09-16,-0.36003617800642074,0.17789114528926067,-0.7920538788793018,-0.7655570253582155,-1.2141353500285703,-1.5574586698198016,-0.6896332609442875,-0.5440440781819507
2016-09-18,-0.36003617800642074,0.14418552339821164,-0.7920538788793018,-0.7655570253582155,-1.1816051254120823,-1.5610158057132668,-0.6896332609442875,-0.5425461203575546
2016-09-19,-0.36003617800642074,0.14418552339821164,-0.8011862092177667,-0.7655570253582155,-1.1816051254120823,-1.5610158057132668,-0.6896332609442875,-0.5417971414453565
2016-09-20,-0.3671973577355007,0.1666556205238268,-0.832966718795625,-0.7759344226096521,-1.2149694583520698,-1.5510558252115643,-0.6890883700875972,-0.5410481625331583
2016-09-21,-0.35934462448801796,0.12171637867784915,-0.8170764640066963,-0.8070666143639621,-1.1836903962208314,-1.5659957959641182,-0.6531165918286413,-0.5402991836209603
2016-09-22,-0.33254371944601185,0.09550047169358762,-0.8284005536263926,-0.838198806118272,-1.1328097884873503,-1.5069473401325975,-0.6163274772846508,-0.5395502047087622
2016-09-23,-0.3452047720211623,0.09924628155223401,-0.8536057853605568,-0.8485762033697085,-1.1536624965748425,-1.4998330683456673,-0.625048059585095,-0.5388012257965642
2016-09-26,-0.4115850310693255,0.0780238353075817,-0.8830118890504141,-0.8797083951240184,-1.157833038192341,-1.502678777060439,-0.6182352605954671,-0.53655428905997
2016-09-27,-0.38980158850177876,0.0942528208126248,-0.8853862949384151,-0.9108405868783285,-1.2270640290428154,-1.5425186990672484,-0.6558417114244924,-0.535805310147772
2016-09-28,-0.3989930351935874,0.09300421752640933,-0.8671216342614845,-0.9004631896268918,-1.2045431043083237,-1.5183301749916858,-0.6735549887975254,-0.535056331235574
2016-09-29,-0.3865914385033734,0.10673599645902151,-0.8601810632042509,-0.9108405868783285,-1.081929180753869,-1.5105044760260624,-0.6672874133207879,-0.5343073523233759
2016-09-30,-0.37524542278989326,0.09674907497980309,-0.8645645817667145,-0.8693309978725818,-1.0898532098271159,-1.4813359616996484,-0.6901781518009771,-0.5335583734111778
2016-10-03,-0.2983231653142676,0.1329509510380304,-0.9031030157950375,-0.838198806118272,-1.0744222058423718,-1.50765876731129,-0.8545029964932823,-0.5313114366745836
2016-10-04,-0.2983231653142676,0.17913974857547615,-0.9031030157950375,-0.7759344226096521,-1.0660811226073748,-1.5432301262459416,-0.8545029964932823,-0.5305624577623855
2016-10-05,-0.2983231653142676,0.18038739945643897,-0.9031030157950375,-0.7448022308553421,-1.0343850063143865,-1.5467872621394065,-0.8545029964932823,-0.5298134788501875
2016-10-06,-0.2983231653142676,0.24655003995232158,-0.9031030157950375,-0.7136700391010321,-1.0106129190946451,-1.5595929513558808,-0.8545029964932823,-0.5290644999379894
2016-10-07,-0.2983231653142676,0.229072451161063,-0.9031030157950375,-0.7344248336039054,-0.9960160234334006,-1.5482101164967925,-0.8545029964932823,-0.5283155210257914
2016-10-08,-0.2983231653142676,0.37637620956115053,-0.9031030157950375,-0.6929152445981588,-0.9522253364496668,-1.4998330683456673,-0.8545029964932823,-0.5275665421135933
2016-10-09,-0.2983231653142676,0.37637620956115053,-0.9555225919378267,-0.6929152445981588,-0.9522253364496668,-1.4998330683456673,-0.8545029964932823,-0.5268175632013953
2016-10-10,-0.2983231653142676,0.37637620956115053,-0.9600887571070592,-0.6929152445981588,-0.9522253364496668,-1.4998330683456673,-0.8545029964932823,-0.5260685842891972
2016-10-11,-0.2983231653142676,0.37637620956115053,-0.9418240964301293,-0.6929152445981588,-0.9964330775951505,-1.5169073206342993,-0.8545029964932823,-0.5253196053769991
2016-10-12,-0.30393944802506234,0.41008183145219956,-0.8937880388498028,-0.6721604500952855,-1.036053222961386,-1.529713009850774,-0.8596807902566399,-0.524570626464801
2016-10-13,-0.30313937683615383,0.35390611243553544,-0.9098609402455013,-0.7136700391010321,-1.0460625228433822,-1.6072585723283133,-0.8490527573015801,-0.523821647552603
2016-10-14,-0.30340179229392134,0.4163229430727716,-0.9204544434381213,-0.6617830528438489,-1.0635787976368758,-1.6236213974382525,-0.8542305510649377,-0.5230726686404049
2016-10-17,-0.3355240092878016,0.40009490997298114,-0.9292214805630477,-0.6929152445981588,-1.0452284145198825,-1.6286013876891035,-0.8506877625278506,-0.5208257319038108
2016-10-18,-0.288387879317358,0.40134351325919665,-0.9180800375501202,-0.7136700391010321,-1.02437570643239,-1.6307356692251826,-0.8332469305831632,-0.5200767529916127
2016-10-19,-0.294661187196849,0.3975986558058029,-0.9730566661876803,-0.7032926418495955,-0.9392966574354215,-1.633581377939955,-0.8138986479838599,-0.5193277740794147
2016-10-20,-0.29205873615327343,0.4537734224172144,-0.9997230707759979,-0.7032926418495955,-0.9989354025656495,-1.6442527856203502,-0.8201665561167982,-0.5185787951672166
2016-10-21,-0.2881155986168173,0.501209870835623,-1.0119603934295418,-0.7240474363524688,-1.0047741608301473,-1.654924193300746,-0.8193488871755626,-0.5178298162550184
2016-10-24,-0.24914493008976815,0.4974650133822292,-0.9856592820547619,-0.6929152445981588,-1.02479276059414,-1.6485213486925083,-0.829976920130622,-0.5155828795184243
2016-10-25,-0.24464637938517927,0.5037070774080539,-0.9374405778676658,-0.6929152445981588,-1.054820660240129,-1.5837814754314434,-0.8029981696004556,-0.5148339006062262
2016-10-26,-0.2613176531476435,0.49247155264262,-0.8751580849593337,-0.6721604500952855,-1.0589912018576275,-1.5738214949297409,-0.8223464521997583,-0.5140849216940282
2016-10-27,-0.27380113135287587,0.5249285712474536,-0.8992674370528821,-0.6098960665866655,-1.0527353894313796,-1.5482101164967925,-0.8138986479838599,-0.5133359427818301
2016-10-28,-0.2893349426235873,0.45751827987060817,-0.9067559479304231,-0.5995186693352289,-1.109037701267609,-1.50054449552436,-0.7931878055866313,-0.5125869638696321
2016-10-31,-0.29646258052723845,0.47000145551700484,-0.8340625984362408,-0.6202734638381022,-1.1749322588240847,-1.4848930975931134,-0.8040882839700362,-0.5103400271330378
2016-11-01,-0.2688379277136688,0.37637620956115053,-0.8431949287747065,-0.6306508610895388,-1.192865587779328,-1.4514560201945417,-0.7634839354606138,-0.5095910482208398
2016-11-02,-0.3007736916191361,0.3389266826219604,-0.8437428685950139,-0.6514056555924121,-1.2558407662035551,-1.44861031147977,-0.7078914291740095,-0.5088420693086417
2016-11-03,-0.2726380192299134,0.3089668705895578,-0.8567107776756342,-0.6410282583409755,-1.2733570409970483,-1.4222875058681281,-0.7206996908682303,-0.5080930903964437
2016-11-04,-0.2858673097888008,0.29773134582412386,-0.8497702066184006,-0.6721604500952855,-1.3058872656135365,-1.3988104089712583,-0.7174293477594886,-0.5073441114842456
2016-11-07,-0.28457298993695396,0.38636313104036896,-0.8249302680977758,-0.6306508610895388,-1.3154795113337832,-1.3347819628888864,-0.7855573376557677,-0.5050971747476515
2016-11-08,-0.26600167041636835,0.3963500525195874,-0.7958894576214571,-0.5787638748323558,-1.2887880449817928,-1.2358935850505566,-0.7989104902066786,-0.5043481958354534
2016-11-09,-0.2864148307627144,0.47624351954282956,-0.7927844653063789,-0.38159332705505944,-1.271688824350049,-1.1241995179957522,-0.8010907189458395,-0.5035992169232554
2016-11-10,-0.24505184086315893,0.5124453956010568,-0.7425566484448203,-0.29857414904356616,-1.2804469617467957,-0.9925854899375437,-0.8204390015451428,-0.5028502380110573
2016-11-11,-0.21015354455289498,0.6772257903871504,-0.7016438085284971,-0.21555497103207286,-1.3663601190672643,-1.051633945769064,-0.94116193270383,-0.5021012590988592
2016-11-14,-0.21015354455289498,0.6772257903871504,-0.6236537074380051,-0.21555497103207286,-1.3571849275087677,-1.035982547837818,-0.94116193270383,-0.499854322362265
2016-11-15,-0.2033179178353309,0.6872127118663688,-0.6375348495524721,-0.21555497103207286,-1.2604283619828034,-1.0587482175559946,-0.9335314647729663,-0.49910534345006696
2016-11-16,-0.20268062315218097,0.7146762697315932,-0.6099552119303069,-0.2259323682835093,-1.2220593791018173,-1.111393828779278,-0.9351664699992372,-0.4983563645378689
2016-11-17,-0.19813767885511305,0.7745958937963984,-0.5363486294022785,-0.1532905875234529,-1.2429120871893098,-1.078668178559399,-0.9539698617418498,-0.49760738562567086
2016-11-18,-0.21556758978683713,0.8145426273080195,-0.5644762068447512,-0.10140360126626982,-1.2495849537773074,-1.1121052559579707,-0.9757708185086592,-0.49685840671347276
2016-11-21,-0.19526787973238371,0.7945697367548352,-0.573608537183216,-0.11178099851770625,-1.184941558706081,-1.0416739652673621,-0.972773253484463,-0.4946114699768786
2016-11-22,-0.1672032370911286,0.7933211334686198,-0.603197287479843,-0.13253579302057958,-1.179102800441583,-1.0011226160818596,-0.9689580195190317,-0.49386249106468055
2016-11-23,-0.1666803792241477,0.8757108546590402,-0.646667179890937,-0.0806488067633965,-1.16075241732459,-0.913617073102618,-1.0286382051994118,-0.49311351215248245
2016-11-24,-0.12971432802861568,0.8494959000800313,-0.6373522029457024,-0.0806488067633965,-1.1190470011496054,-0.8232658214086046,-1.0583420753254302,-0.4923645332402844
2016-11-25,-0.12971432802861568,0.8494959000800313,-0.6103205051438454,-0.0806488067633965,-1.1699276088830866,-0.8232658214086046,-1.0583420753254302,-0.49161555432808635
2016-11-28,-0.10974510360706506,0.8295230095268471,-0.6373522029457024,-0.12215839576914314,-1.1565818757070914,-0.8403400736972371,-1.0245505258056353,-0.48936861759149214
2016-11-29,-0.08415071775622417,0.7795893545360076,-0.5635629738109044,-0.14291319027201646,-1.2383244914100615,-0.9178856361747763,-1.0319082156519532,-0.4886196386792941
2016-11-30,-0.1083156299292252,0.8507445033662467,-0.45470559617640005,-0.0702714095119596,-1.1019477805178615,-0.8851599859548972,-1.078507694209768,-0.48787065976709604
2016-12-01,-0.08687253823735502,0.7933211334686198,-0.383290772929603,0.012747768499533685,-0.921363328480178,-0.8716428695597304,-1.0891357271648279,-0.487121680854898
2016-12-02,-0.13003593494302354,0.7596155115775708,-0.38292547971606444,-0.03913921775764985,-0.9184439493479291,-0.8958313936352928,-1.0667898795413286,-0.48637270194269994
2016-12-05,-0.17903363622477333,0.6809706478405441,-0.30858831076095894,-0.04951661500908628,-0.8788238039816938,-0.7926744527248046,-1.0697874445655244,-0.48412576520610573
2016-12-06,-0.18553680426087937,0.7246622388055589,-0.15352134161382097,-0.04951661500908628,-0.9201121659949284,-0.8175744039790604,-1.0872282765102124,-0.4833767862939077
2016-12-07,-0.16352054196388532,0.6922061726059779,-0.20356651186860997,-0.10140360126626982,-0.9372113866266722,-0.8680857336662646,-1.0670623249696733,-0.48262780738170963
2016-12-08,-0.1710842235981127,0.7970659909220136,-0.22621469110800338,-0.03913921775764985,-0.9497230114791676,-0.8936971120992138,-1.081232813805619,-0.4818788284695116
2016-12-09,-0.1554162450256853,0.8594828215592497,-0.20795003043107274,0.033502563002407004,-0.9251168159359268,-0.8631057434154138,-1.1095741241337114,-0.48112984955731347
2016-12-12,-0.2641499643478347,0.7833342119894013,-0.09744883333564529,0.05425735750528033,-0.8500470668209542,-0.9043685197796089,-1.0984012003219619,-0.4788829128207193
2016-12-13,-0.2649342511483055,0.7920725301824043,-0.023476957594077523,0.043879960253843435,-0.8796579123051934,-0.9342484612847155,-1.1169321466362303,-0.47813393390852127
2016-12-14,-0.2933984361218763,0.913161334003483,0.035517896392406684,0.1061443437624634,-0.8850796164079415,-0.9249999079617064,-1.1043963303703541,-0.47738495499632316
2016-12-15,-0.32307505943227566,1.0542230283777458,0.2417259154349493,0.16840872727108336,-0.9447183615381696,-0.9314027525699438,-1.195687836831368,-0.4766359760841251
2016-12-16,-0.31230714694530687,1.0317529312521307,0.14821085276906631,0.16840872727108336,-0.8433742002329568,-0.9826255094358413,-1.1752494398624844,-0.47588699717192706
2016-12-19,-0.32884819950316374,1.0554716316639614,0.24190856204171818,0.1061443437624634,-0.8692315582614472,-1.0743996154872406,-1.1610789510265387,-0.47364006043533285
2016-12-20,-0.3492189393055854,1.0741968713361827,0.31916807670513303,0.13727653551677316,-0.826274979601213,-1.0701310524150829,-1.1856050273891996,-0.4728910815231348
2016-12-21,-0.3158487691008926,1.0404912494451337,0.1504026120502977,0.11652174101389984,-0.8909183746724394,-1.0779567513807056,-1.1866951417587797,-0.47214210261093675
2016-12-22,-0.31769948864514863,1.0492295676381367,-0.015257860289459422,0.11652174101389984,-0.8479617960122051,-1.073688188308548,-1.1929627172355173,-0.4713931236987387
2016-12-23,-0.34697952919606445,1.0392435985641708,-0.040645738630392475,0.11652174101389984,-0.8525493917914534,-1.1035681298136548,-1.1845149130196189,-0.47064414478654065
2016-12-26,-0.3382547084874292,1.0404912494451337,-0.08046269890610003,0.13727653551677316,-0.810009867292969,-1.051633945769064,-1.1697992006707822,-0.46839720804994645
2016-12-27,-0.3382547084874292,1.0404912494451337,-0.06639891018486409,0.13727653551677316,-0.810009867292969,-1.051633945769064,-1.1697992006707822,-0.4676482291377484
2016-12-28,-0.3538348863991743,1.0704520138827889,-0.14037078592643104,0.07501215200815319,-0.810009867292969,-1.073688188308548,-1.164076516050735,-0.46689925022555034
2016-12-29,-0.3578697706934214,0.9980482617663343,-0.2777210342169466,0.05425735750528033,-0.8091757589694694,-1.0864938775250221,-1.117749482921265,-0.46615027131335224
2016-12-30,-0.34690258030243354,0.961846385708107,-0.34274322622681835,0.012747768499533685,-0.8095928131312192,-1.0615939262707663,-1.1351903148659523,-0.4654012924011542
2016-12-31,-0.31324237196020777,1.0642099498569644,-0.34274322622681835,0.012747768499533685,-0.8058393256754707,-1.0850710231676364,-1.1068490045378603,-0.46465231348895614
2017-01-02,-0.31324237196020777,1.0642099498569644,-0.17123806247044338,0.012747768499533685,-0.8058393256754707,-1.0850710231676364,-1.1068490045378603,-0.46315435566456004
2017-01-03,-0.31324237196020777,1.0642099498569644,-0.17123806247044338,0.012747768499533685,-0.8058393256754707,-1.0850710231676364,-1.1068490045378603,-0.46240537675236193
2017-01-04,-0.27906917099377543,1.0005445159335127,-0.030782821864849617,0.023125165750970116,-0.8258579254394632,-0.9890283540440781,-1.0975835313807267,-0.4616563978401639
2017-01-05,-0.2769935239142901,0.8532407575334251,0.01725323571547685,-0.0702714095119596,-0.8083416506459696,-1.016062586834413,-1.054254395931653,-0.46090741892796583
2017-01-06,-0.2969785327242778,0.9406248918687073,-0.007038762984840511,-0.01838442325477653,-0.7703897219267337,-1.003968324796632,-1.0755101291855718,-0.4601584400157678
2017-01-09,-0.27537562409948135,0.90442301581048,-0.054709527351628415,-0.059894012260523176,-0.8333649003509604,-1.014639732477027,-1.0438988084049388,-0.45791150327917357
2017-01-10,-0.2835253011544381,0.9144099372896984,-0.03644486667469858,-0.059894012260523176,-0.8829943455991921,-0.9093485100304604,-1.0419913577503228,-0.4571625243669755
2017-01-11,-0.3088967325186049,0.8856977761382586,0.011591190905627886,-0.059894012260523176,-0.8658951249674485,-0.9121942187452321,-1.0109249278263799,-0.45641354545477747
2017-01-12,-0.33165880716925394,0.8320192636940253,-0.018910792424845065,-0.0806488067633965,-0.8283602504099624,-0.8254001029446837,-1.0019319000975906,-0.4556645665425794
2017-01-13,-0.3401656060126014,0.8107977698546257,0.005563852882241172,-0.03913921775764985,-0.8341990086744603,-0.799077297333042,-1.0117422641114147,-0.4549155876303813
2017-01-16,-0.3447549169507036,0.7046893482523747,0.09213834449089063,-0.11178099851770625,-0.8371183878067092,-0.8915628305631346,-0.9662328999231801,-0.45266865089378716
2017-01-17,-0.3447549169507036,0.7046893482523747,0.12793707941767396,-0.11178099851770625,-0.821270329660215,-0.8915628305631346,-0.9662328999231801,-0.4519196719815891
2017-01-18,-0.33582193961955253,0.7795893545360076,0.12611061334998117,-0.01838442325477653,-0.8592222583794508,-0.9036570926009162,-0.968140350577796,-0.451170693069391
2017-01-19,-0.34850962835019084,0.807052912401232,0.10821124588658908,0.033502563002407004,-0.8838284539226919,-0.9121942187452321,-0.9964816609058877,-0.45042171415719295
2017-01-20,-0.3155074317009396,0.755870654124177,0.08191013451181002,0.043879960253843435,-0.8062563798372204,-0.8915628305631346,-0.9872161877487543,-0.4496727352449949
2017-01-22,-0.3014622855647066,0.683467854412975,0.10200126125643266,-0.02876182050621296,-0.8162656797192168,-0.8595486075219487,-0.9580575411356272,-0.4481747774205988
2017-01-23,-0.3014622855647066,0.683467854412975,0.0799010218373475,-0.02876182050621296,-0.8162656797192168,-0.8595486075219487,-0.9580575411356272,-0.44742579850840075
2017-01-24,-0.30355766312973775,0.707185602419553,0.15442083739922272,0.033502563002407004,-0.8204362213367151,-0.7727544917214003,-0.9708654701736467,-0.44667681959620265
2017-01-25,-0.290435903717079,0.6672388689079319,0.26875761323680547,0.09576694651102652,-0.8354501711597095,-0.7706202101853211,-1.0062920249197125,-0.4459278406840046
2017-01-26,-0.2735179988852844,0.7109304598729467,0.26912290645034403,0.07501215200815319,-0.7708067760884835,-0.8232658214086046,-1.0275480908298316,-0.44517886177180654
2017-01-27,-0.2964803379642308,0.7296556995451681,0.40592521492055217,0.05425735750528033,-0.8162656797192168,-0.7997887245117352,-0.9485196225501481,-0.4444298828596085
2017-01-30,-0.2964803379642308,0.7171725238987714,0.40592521492055217,0.05425735750528033,-0.8175168422044662,-0.8403400736972371,-0.9485196225501481,-0.4421829461230143
2017-01-31,-0.2964803379642308,0.6023257841035174,0.40592521492055217,0.012747768499533685,-0.7974982424404736,-0.7371831327867494,-0.9485196225501481,-0.44143396721081624
2017-02-01,-0.2964803379642308,0.6185538172033079,0.40592521492055217,0.043879960253843435,-0.774977317705982,-0.7599488025049261,-0.9485196225501481,-0.4406849882986182
2017-02-02,-0.2964803379642308,0.6447687717823167,0.40592521492055217,0.043879960253843435,-0.7687215052797344,-0.7955201614395769,-0.9485196225501481,-0.43993600938642013
2017-02-03,-0.2964803379642308,0.6472659783547478,0.40592521492055217,0.05425735750528033,-0.7695556136032339,-0.8951199664565996,-0.9485196225501481,-0.43918703047422203
2017-02-04,-0.2809317288293587,0.6522594390943569,0.3849208551420819,-0.01838442325477653,-0.80709048816072,-0.8446086367693953,-0.9171807471978592,-0.438438051562024
2017-02-06,-0.2809317288293587,0.6522594390943569,0.5321340201981395,-0.01838442325477653,-0.80709048816072,-0.8446086367693953,-0.9171807471978592,-0.4369400937376279
2017-02-07,-0.28923924976868765,0.6959510300593718,0.5250108025341371,-0.03913921775764985,-0.8583881500559513,-0.870931442381037,-0.9057353779577646,-0.4361911148254298
2017-02-08,-0.27212009398431936,0.69844728422655,0.47478298567257843,-0.10140360126626982,-0.8321137378657109,-0.8225543942299113,-0.8964699048006306,-0.4354421359132317
2017-02-09,-0.25587302566110415,0.7446360817639958,0.39387053887377793,-0.03913921775764985,-0.8504641209827043,-0.8410515008759303,-0.9032827037902585,-0.43469315700103367
2017-02-10,-0.241324752143436,0.7633613214362172,0.434052792363024,-0.02876182050621296,-0.7995835132492227,-0.6781346769552286,-0.9051901544448742,-0.4339441780888356
2017-02-13,-0.2184265371425169,0.7833342119894013,0.4019069895716271,-0.008007026003339638,-0.8433742002329568,-0.6567918615944378,-0.9324413504033862,-0.4316972413522414
2017-02-14,-0.2184886881719883,0.8195360880476287,0.38638202799623617,0.033502563002407004,-0.8095928131312192,-0.7193974533194236,-0.9338039102013115,-0.43094826244004336
2017-02-15,-0.23884167053741756,0.8107977698546257,0.3774323442645409,0.07501215200815319,-0.8258579254394632,-0.7108603271751077,-0.9125481769473927,-0.4301992835278453
2017-02-16,-0.2172288966698479,0.7184211271849869,0.286291687486659,0.012747768499533685,-0.8429571460712071,-0.7450088317523721,-0.8899295512393481,-0.42945030461564726
2017-02-17,-0.24287754135594167,0.7820856087031859,0.24099532900787218,-0.01838442325477653,-0.829611412895212,-0.764928792755777,-0.8964699048006306,-0.4287013257034492
2017-02-20,-0.1724387214308757,0.8345164702664564,0.14985467222999027,-0.008007026003339638,-0.7974982424404736,-0.7115717543538004,-0.8967423502289757,-0.426454388966855
2017-02-21,-0.1724387214308757,0.8345164702664564,0.1865666401906196,-0.008007026003339638,-0.7520393388097403,-0.7115717543538004,-0.8967423502289757,-0.42570541005465695
2017-02-22,-0.16154847993351815,0.8295230095268471,0.15478613061276128,-0.01838442325477653,-0.8120951381017183,-0.7279345794637396,-0.911730508006157,-0.4249564311424589
2017-02-23,-0.17344694924229945,0.7945697367548352,0.13195530476659817,-0.059894012260523176,-0.7737261552207324,-0.8538571900924046,-0.862133464424146,-0.4242074522302608
2017-02-24,-0.17081983509179058,0.7995622450891918,0.16884991933399723,-0.13253579302057958,-0.8208532754984652,-0.8012115788691212,-0.843874963538223,-0.42345847331806274
2017-02-27,-0.19949217668787605,0.8045557058288011,0.16063082202937912,-0.0806488067633965,-0.8225214921454646,-0.7876944624739537,-0.8425124037402972,-0.4212115365814686
2017-02-28,-0.1919501985877491,0.8033080549478382,0.16976315236784403,-0.0806488067633965,-0.8763214790111947,-0.764928792755777,-0.855593110862863,-0.4204625576692705
2017-03-01,-0.1841112766801488,0.8856977761382586,0.2302191792084833,0.023125165750970116,-0.7778966968382309,-0.7336259968932838,-0.8656759203050324,-0.41971357875707244
2017-03-02,-0.2096336462587457,0.9381276852962764,0.27241054537219195,0.05425735750528033,-0.8429571460712071,-0.7983658701543488,-0.9120029534345021,-0.4189645998448744
2017-03-03,-0.21155144945386004,0.855737964105856,0.28884873998142896,0.05425735750528033,-0.8446253627182064,-0.7898287440100328,-0.9294437853791895,-0.41821562093267634
2017-03-06,-0.1871300409687542,0.8682211397522527,0.2965198974657396,0.05425735750528033,-0.8191850588514658,-0.8531457629137112,-0.9321689049750406,-0.41596868419608213
2017-03-07,-0.17827006643412657,0.8894426335916524,0.3016340024552803,0.08538954925959008,-0.8241897087924639,-0.9008113838861438,-0.9577850957072817,-0.4152197052838841
2017-03-08,-0.18580020624292448,0.921899652196486,0.3829117424676194,0.13727653551677316,-0.8788238039816938,-0.9264227623190928,-0.9757708185086592,-0.414470726371686
2017-03-09,-0.20994736097893502,0.8944360943312616,0.39441847869408536,0.16840872727108336,-0.9893431568454031,-0.9555912766455064,-0.9923939815121114,-0.413721747459488
2017-03-10,-0.20879707367157735,0.8195360880476287,0.3953317117279322,0.14765393276821004,-0.9901772651689026,-0.9342484612847155,-0.9970268844187787,-0.4129727685472899
2017-03-13,-0.1752542617183528,0.8357641211474192,0.33962449666329503,0.1891635217739567,-1.0122811357416446,-0.8908514033844414,-0.9923939815121114,-0.4107258318106957
2017-03-14,-0.17802738146190486,0.8757108546590402,0.30346046852297315,0.16840872727108336,-1.0331338438291369,-0.8773342869892745,-0.9937565413100372,-0.40997685289849767
2017-03-15,-0.17002568304854662,0.755870654124177,0.27989905624973294,0.07501215200815319,-0.9901772651689026,-0.8467429183054745,-0.9986618896450496,-0.4092278739862996
2017-03-16,-0.1504658662020837,0.6971986809403345,0.20190895515924093,0.09576694651102652,-0.9930966443011515,-0.8168629768003671,-0.9267186657833388,-0.4084788950741015
2017-03-17,-0.18689820776358393,0.7009444907989809,0.20684041354201196,0.06463475475671676,-0.992262535977652,-0.7969430157969629,-0.9177256380545494,-0.40772991616190346
2017-03-20,-0.1768859728730434,0.7146762697315932,0.20994540585709015,0.033502563002407004,-0.9885090485219032,-0.8318029475529212,-0.9073703831840355,-0.4054829794253093
2017-03-21,-0.1559213454556745,0.6397753110427076,0.20994540585709015,-0.008007026003339638,-1.0106129190946451,-0.9008113838861438,-0.873306388235896,-0.4047340005131112
2017-03-22,-0.16973465838673596,0.6235472779429171,0.19661220356293135,-0.03913921775764985,-1.0348020604761363,-0.8837371315975113,-0.8645858059354516,-0.40398502160091315
2017-03-23,-0.15942843926155373,0.6335341994221355,0.19040221893277495,-0.02876182050621296,-1.0093617566093955,-0.863817170594107,-0.8711261594967346,-0.4032360426887151
2017-03-24,-0.13002705622452737,0.6173052139170924,0.09816568251427733,-0.03913921775764985,-1.0177028398443926,-0.8830257044188187,-0.8675837036158487,-0.40248706377651705
2017-03-27,-0.14544149805768286,0.5598818440194654,0.08391924718627171,-0.059894012260523176,-1.011447027418145,-0.8816028500614321,-0.8479626429319994,-0.40024012703992284
2017-03-28,-0.15498414739221833,0.6272921353963108,0.11588240337089974,-0.01838442325477653,-0.9864237777131541,-0.8189972583364463,-0.8482350883603451,-0.3994911481277248
2017-03-29,-0.1596425150297329,0.6634940114545381,0.12848501923798142,-0.04951661500908628,-0.959732311361164,-0.8168629768003671,-0.8534128821237021,-0.39874216921552674
2017-03-30,-0.20122648636740842,0.7146762697315932,0.1641011075579959,-0.01838442325477653,-0.9226144909654276,-0.8154401224429813,-0.8763039532600917,-0.3979931903033287
2017-03-31,-0.17783500922782675,0.707185602419553,0.1527770179382988,-0.03913921775764985,-0.9246997617741767,-0.8417629280546229,-0.8700360451271544,-0.3972442113911306
2017-04-01,-0.12050709694836992,0.7309043028313836,0.13487765047490752,-0.09102620401483293,-0.9313726283621744,-0.910059937209153,-0.8752138388905115,-0.39649523247893254
2017-04-03,-0.12050709694836992,0.7309043028313836,0.20282218819308775,-0.09102620401483293,-0.9313726283621744,-0.910059937209153,-0.8752138388905115,-0.39499727465453643
2017-04-04,-0.12050709694836992,0.7309043028313836,0.20282218819308775,-0.0806488067633965,-0.8879989955401905,-0.8972542479926787,-0.8752138388905115,-0.3942482957423384
2017-04-05,-0.12050709694836992,0.7334005569985619,0.20282218819308775,-0.10140360126626982,-0.8742362082024455,-0.8012115788691212,-0.8752138388905115,-0.3934993168301403
2017-04-06,-0.10610088292663754,0.747132335931174,0.20410071444047312,-0.10140360126626982,-0.8654780708056987,-0.833225801910307,-0.8618606863396006,-0.3927503379179422
2017-04-07,-0.0999499040575353,0.8107977698546257,0.17798224967246296,-0.059894012260523176,-0.8396207127772081,-0.8495886270202463,-0.8509602079561962,-0.3920013590057442
2017-04-10,-0.11473198382892777,0.7908239268961889,0.21451157102632343,-0.0702714095119596,-0.8166827338809667,-0.9114827915665389,-0.8596807902566399,-0.38975442226914997
2017-04-11,-0.09797882855144636,0.7521257966707833,0.22236537511740295,-0.12215839576914314,-0.8191850588514658,-0.9050799469583021,-0.8049059529112713,-0.3890054433569519
2017-04-12,-0.11491646386878673,0.7608641148637862,0.23588122401833145,-0.16366798477488978,-0.818350950527966,-0.9932969171162364,-0.7937326964433216,-0.38825646444475387
2017-04-13,-0.10379636221481355,0.7334005569985619,0.22437448779186547,-0.20517757378063597,-0.8058393256754707,-0.9577255581815854,-0.7648464952585391,-0.3875074855325558
2017-04-14,-0.14990354736401001,0.7009444907989809,0.2935975517574311,-0.1844227792777631,-0.8166827338809667,-0.9214427720682413,-0.75530857667306,-0.38675850662035777
2017-04-17,-0.14990354736401001,0.7009444907989809,0.3960622981550093,-0.1844227792777631,-0.8166827338809667,-0.9214427720682413,-0.75530857667306,-0.38451156988376356
2017-04-18,-0.16761757728760382,0.601077180817302,0.3785282239051566,-0.26744195728925596,-0.9080175953041829,-1.0203311499065713,-0.7490410011963224,-0.3837625909715655
2017-04-19,-0.19093506510638567,0.6310369928497046,0.3787108705119255,-0.23630976553494618,-0.9151075160539304,-1.008948315047483,-0.7771095334398693,-0.38301361205936746
2017-04-20,-0.17388693906998434,0.6360304535893138,0.4106740266965535,-0.20517757378063597,-0.9889261026836533,-0.9975654801883946,-0.775746973641944,-0.38226463314716935
2017-04-21,-0.17678140129964756,0.6609977572873599,0.4789838576282723,-0.20517757378063597,-1.019371056491392,-1.0046797519753248,-0.7607588158647627,-0.3815156542349713
2017-04-24,-0.22968968481670102,0.549894922540247,0.5478416283802994,-0.16366798477488978,-1.0393896562553846,-0.9847597909719205,-0.7923701366453957,-0.37926871749837715
2017-04-25,-0.21337947893973802,0.5161902530544507,0.4705821137168845,-0.09102620401483293,-1.0427260895493835,-0.947765577679883,-0.8201665561167982,-0.37851973858617904
2017-04-26,-0.2064077118719033,0.5336668894404565,0.4616324299851893,-0.12215839576914314,-1.0168687315208929,-0.933537034106023,-0.8297044747022774,-0.377770759673981
2017-04-27,-0.1984760566822344,0.5486472716592842,0.457066264815956,-0.14291319027201646,-1.0389726020936347,-0.9370941699994879,-0.8253443498801554,-0.37702178076178294
2017-04-28,-0.2025681593845666,0.5449024142058905,0.4888467743938152,-0.1532905875234529,-1.0389726020936347,-0.9235770536043204,-0.8188039963188725,-0.3762728018495849
2017-05-01,-0.2099374957361612,0.5561369865660717,0.5257413889612143,-0.11178099851770625,-0.9993524567273995,-0.8474543454841671,-0.8487803118732355,-0.3740258651129907
2017-05-02,-0.2099374957361612,0.5361640960128875,0.5257413889612143,-0.1532905875234529,-1.0452284145198825,-0.8830257044188187,-0.8487803118732355,-0.37327688620079263
2017-05-03,-0.22306813386731672,0.5648753047590747,0.5894850547237006,-0.11178099851770625,-1.065664068445625,-0.998276907367088,-0.8724887192946599,-0.3725279072885946
2017-05-04,-0.2325150903469513,0.5087005381476631,0.6439137435409523,-0.0806488067633965,-1.119464055311355,-1.043096819624748,-0.9267186657833388,-0.37177892837639653
2017-05-05,-0.2607938087563856,0.49496875921505096,0.6576122390486505,-0.0806488067633965,-1.1228004886053538,-1.0189082955491855,-0.9313512360338054,-0.3710299494641985
2017-05-08,-0.29563784623139727,0.5573855898522871,0.7398032120948363,-0.04951661500908628,-1.157833038192341,-1.0694196252363897,-0.9299886762358797,-0.3687830127276043
2017-05-09,-0.2963580089538426,0.6123117531774832,0.7914922018105485,-0.01838442325477653,-1.1390656009135978,-1.0637282078068455,-0.9599649917902423,-0.3680340338154062
2017-05-10,-0.32619346267289057,0.6222986746567016,0.8965140007028974,-0.02876182050621296,-1.0961090222533636,-1.0694196252363897,-0.9517896330026889,-0.3672850549032082
2017-05-11,-0.3080867960869232,0.6160575630361296,0.8051906973182467,-0.04951661500908628,-1.0506501186226305,-1.050211091411678,-0.937074253310053,-0.36653607599101007
2017-05-12,-0.284429943916743,0.5698687654986838,0.8280215231644089,-0.11178099851770625,-1.054820660240129,-1.0274454216935014,-0.9275363347245739,-0.365787097078812
2017-05-15,-0.2690885048801085,0.5274257778198845,0.7503967152874556,-0.10140360126626982,-0.9626516904934129,-1.0061026063327105,-0.9209959811632911,-0.36354016034221787
2017-05-16,-0.22521481069476904,0.4275584678382055,0.7732275411336186,-0.11178099851770625,-0.9659881237874116,-0.9890283540440781,-0.9035551492186037,-0.36279118143001976
2017-05-17,-0.24217513607048805,0.3414229367891387,0.7823598714720835,-0.2259323682835093,-0.9430501448911701,-0.9940083442949297,-0.8422399583119522,-0.3620422025178217
2017-05-18,-0.2586569971717064,0.3988463066867657,0.7458305501182231,-0.21555497103207286,-0.9451354156999193,-1.0153511596557203,-0.8580457850303695,-0.36129322360562366
2017-05-19,-0.2527250266921696,0.3077182673033423,0.777793706302851,-0.21555497103207286,-0.9005106203926857,-0.9442084417864179,-0.8553206654345185,-0.3605442446934256
2017-05-22,-0.25075493771035773,0.28649677346394264,0.841902665278876,-0.19480017652919954,-0.8767385331729445,-0.9242884807830137,-0.8335197086677091,-0.3582973079568314
2017-05-23,-0.2551341189773894,0.33268461859613574,0.8645508445182695,-0.1532905875234529,-0.8834113997609422,-0.9235770536043204,-0.8495976481582703,-0.35754832904463335
2017-05-24,-0.2505487541363977,0.31895283966352356,0.841902665278876,-0.1844227792777631,-0.8792408581434437,-0.9413627330716462,-0.8561380017195532,-0.3567993501324353
2017-05-25,-0.19732576937487672,0.320201442949739,0.8190718394327137,-0.19480017652919954,-0.9226144909654276,-0.9221541992469345,-0.8468725285624188,-0.35605037122023725
2017-05-26,-0.20234816447072354,0.3389266826219604,0.8236380046019461,-0.19480017652919954,-0.9814191277721558,-0.9655512571472088,-0.814716316925096,-0.35530139230803914
2017-05-27,-0.1964655202050527,0.32394630040313277,0.8232727113884076,-0.23630976553494618,-0.9226144909654276,-0.9584369853602788,-0.8027257241721104,-0.3545524133958411
2017-05-29,-0.1964655202050527,0.32394630040313277,0.7507620085009941,-0.23630976553494618,-0.9226144909654276,-0.9584369853602788,-0.8027257241721104,-0.353054455571445
2017-05-30,-0.1964655202050527,0.32394630040313277,0.7507620085009941,-0.23630976553494618,-0.9893431568454031,-0.9584369853602788,-0.8027257241721104,-0.35230547665924694
2017-05-31,-0.1964655202050527,0.27900610615190247,0.7507620085009941,-0.23630976553494618,-1.041474927064134,-0.9370941699994879,-0.8027257241721104,-0.35155649774704884
2017-06-01,-0.20769907215091787,0.31395937892391435,0.7598943388394598,-0.23630976553494618,-0.9993524567273995,-0.9285570438551713,-0.8163513221513664,-0.3508075188348508
2017-06-02,-0.20962476754024953,0.25403975485910907,0.7827251646856221,-0.29857414904356616,-1.0806780182686193,-0.9463427233224971,-0.7896450170495446,-0.35005853992265273
2017-06-05,-0.2173226164761929,0.2640266763383275,0.7598943388394598,-0.26744195728925596,-1.0894361556653662,-0.9698198202193671,-0.7828322180599167,-0.3478116031860585
2017-06-06,-0.19289430232114677,0.24405283337989064,0.7920401416308567,-0.3089515462950026,-1.095274913929864,-0.9847597909719205,-0.7416829786938045,-0.3470626242738605
2017-06-07,-0.14081963181843002,0.2577846123125028,0.8101221557010176,-0.26744195728925596,-1.1382314925900983,-0.978356946363683,-0.7534011260184444,-0.3463136453616624
2017-06-08,-0.11276781399277977,0.27900610615190247,0.8194371326462523,-0.2570645600378195,-1.1707617172065865,-0.8993885295287579,-0.7910075768474704,-0.3455646664494644
2017-06-09,-0.09394197120864402,0.3226976971169173,0.7874739764616243,-0.23630976553494618,-1.1565818757070914,-0.8438972095907021,-0.8122636427575896,-0.3448156875372663
2017-06-12,-0.0995365503853371,0.30646966401712683,0.7030912441342062,-0.23630976553494618,-1.1340609509725998,-0.8887171218483628,-0.8188039963188725,-0.3425687508006721
2017-06-13,-0.081838304850181,0.28649677346394264,0.6872009893452774,-0.23630976553494618,-1.143653196692846,-0.9143285002813113,-0.8196213326039072,-0.34181977188847407
2017-06-14,-0.12606024210541558,0.28150331272433343,0.6141423466375565,-0.29857414904356616,-1.2053772126318236,-0.9449198689651113,-0.8005454954329491,-0.341070792976276
2017-06-15,-0.1267587012937593,0.34267154007535416,0.650671667991417,-0.2881967517921293,-1.1995384543673258,-0.9548798494668137,-0.8566832252324438,-0.34032181406407797
2017-06-16,-0.13655686041612133,0.3089668705895578,0.6736851404443489,-0.2881967517921293,-1.195784966911577,-0.9676855386832879,-0.8517778768974312,-0.33957283515187986
2017-06-19,-0.10243199913927734,0.3551547157217509,0.550581327481839,-0.2570645600378195,-1.1861927211913306,-0.9299798982125579,-0.878484181999253,-0.3373258984152857
2017-06-20,-0.10684472223173792,0.38261827358697525,0.5277505016356767,-0.2881967517921293,-1.2675182827325508,-0.978356946363683,-0.8872044316434966,-0.33657691950308766
2017-06-21,-0.06626700565693147,0.35889957317514465,0.62363997018956,-0.2881967517921293,-1.2408268163805607,-0.9150399274600045,-0.8806640780822137,-0.33582794059088955
2017-06-22,-0.07744827181609906,0.35640331900796635,0.6603519381501901,-0.29857414904356616,-1.247499682968558,-0.9214427720682413,-0.869218708842119,-0.3350789616786915
2017-06-23,-0.04364896355077035,0.3264435069755637,0.6329549471347946,-0.29857414904356616,-1.260845416144553,-0.8851599859548972,-0.8457827468490393,-0.33432998276649345
2017-06-26,0.00818992764966622,0.34267154007535416,0.5739600931483095,-0.3089515462950026,-1.2629306869533021,-0.8808914228827395,-0.8727611647230055,-0.33208304602989924
2017-06-27,0.015697377400086098,0.22283133954049097,0.5648277628098446,-0.23630976553494618,-1.1761834213093343,-0.8495886270202463,-0.8724887192946599,-0.3313340671177012
2017-06-28,-0.014574120049537493,0.17040143038247318,0.6103067678954012,-0.2259323682835093,-1.1645059047803386,-0.829668666016842,-0.8681285944725389,-0.33058508820550314
2017-06-29,0.012929190277921552,0.11797056881920276,0.6377037589107959,-0.17404538202632622,-1.1407338175605972,-0.7912515983674187,-0.878484181999253,-0.3298361092933051
2017-06-30,0.01560464411801811,0.12171637867784915,0.6742330802646563,-0.13253579302057958,-1.1382314925900983,-0.7691973558279352,-0.8880221005847322,-0.32908713038110704
2017-07-03,0.00658781222329583,0.18912571764944194,0.7381593926339124,-0.09102620401483293,-1.0527353894313796,-0.7948087342608837,-0.950154627776418,-0.32684019364451283
2017-07-04,0.018656950232052383,0.20036124241487582,0.7337758740714496,-0.09310168346512049,-1.05190128110788,-0.8417629280546229,-0.9433418287867905,-0.3260912147323148
2017-07-05,0.018656950232052383,0.20036124241487582,0.6882968689858932,-0.11178099851770625,-1.117378784502606,-0.8417629280546229,-0.9433418287867905,-0.32534223582011673
2017-07-06,0.021161735372173678,0.14168926923103337,0.6700322083089625,-0.0702714095119596,-1.0777586391363705,-0.8396286465185439,-0.9384368131079788,-0.3245932569079186
2017-07-07,0.012872958394114061,0.16540796964286397,0.7133194541132876,-0.04951661500908628,-1.163671796456839,-0.8602600347006419,-0.9754983730803145,-0.3238442779957206
2017-07-10,0.0031872630393670223,0.17040143038247318,0.7158765066080576,-0.059894012260523176,-1.1595012548393404,-0.8595486075219487,-0.9659604544948355,-0.3215973412591264
2017-07-11,0.007945269628891107,0.13170234775181494,0.7021780111003602,-0.0702714095119596,-1.1549136590600921,-0.8246886757659905,-0.9618727751010591,-0.3208483623469283
2017-07-12,-0.0018903774160096564,0.1379444117776396,0.6862877563114306,-0.11178099851770625,-1.152828388251343,-0.8076144234773579,-0.9496097369197284,-0.32009938343473027
2017-07-13,0.018355073803192148,0.13045469687085212,0.6669272159938843,-0.09102620401483293,-1.1144594053703571,-0.8396286465185439,-0.95451475259854,-0.3193504045225322
2017-07-14,0.02555374145481025,0.05305748401478827,0.6658313363532686,-0.11178099851770625,-1.1044501054883606,-0.7976544429756561,-0.9264462203549932,-0.31860142561033417
2017-07-17,-0.04298897880924239,0.05555373818196655,0.6638222236788069,-0.13253579302057958,-1.1140423512086073,-0.7507002491819162,-0.9095502792669962,-0.31635448887373996
2017-07-18,-0.030129634854350534,-0.00311728259662326,0.7049177102018999,-0.17404538202632622,-1.103198943003111,-0.741451695858907,-0.8869319862151515,-0.3156055099615419
2017-07-19,0.026560982741956354,0.014359353789382667,0.7140500405403647,-0.17404538202632622,-1.0856826682096175,-0.7699087830066279,-0.8866595407868069,-0.31485653104934386
2017-07-20,0.046859706272133386,-0.05180328670649993,0.6846439368505066,-0.17404538202632622,-1.0773415849746206,-0.7620830840410046,-0.8768488441167819,-0.3141075521371458
2017-07-21,0.03636900710709157,-0.09299767109908381,0.7008994848529748,-0.20517757378063597,-1.1219663802818542,-0.7528345307179954,-0.8509602079561962,-0.3133585732249477
2017-07-24,0.056320474091649836,-0.0880042103594746,0.6899406884468171,-0.1844227792777631,-1.1077865387823593,-0.7329145697145911,-0.8520503223257768,-0.31111163648835355
2017-07-25,0.03739893845261508,-0.07926589216647165,0.7175203260689815,-0.11178099851770625,-1.0502330644608808,-0.5764005904021268,-0.8580457850303695,-0.3103626575761555
2017-07-26,0.021294916149611435,-0.12670329299013286,0.7631819777613069,-0.1532905875234529,-1.0131152440651443,-0.5401178042887826,-0.8654034748766872,-0.3096136786639574
2017-07-27,0.03592605770657317,-0.10298459257830225,0.735967633352681,-0.12215839576914314,-0.9885090485219032,-0.5322921053231593,-0.8365172736919049,-0.30886469975175934
2017-07-28,0.05068742046814225,-0.17788459886193517,0.7383420392406821,-0.14291319027201646,-0.9330408450091737,-0.5251778335362293,-0.8125360881859346,-0.3081157208395613
2017-07-31,0.07283883659112993,-0.22781825385277465,0.7796201723705439,-0.14291319027201646,-0.9334578991709236,-0.5002778822819735,-0.8174414365209471,-0.3058687841029671
2017-08-01,0.09941284104935078,-0.20659676001337499,0.8002592389354757,-0.1844227792777631,-0.9843385069044047,-0.51592928021322,-0.8010907189458395,-0.30511980519076903
2017-08-02,0.08526213681544494,-0.2315631113061684,0.7889351493157786,-0.17404538202632622,-0.9292873575534251,-0.5123721443197544,-0.8032706150288006,-0.304370826278571
2017-08-03,0.06049840440610911,-0.23406031787859935,0.7799854655840824,-0.20517757378063597,-0.8963400787751872,-0.5216206976427642,-0.8141710934122055,-0.30362184736637293
2017-08-04,0.037758033289560435,-0.14293132608992332,0.7799854655840824,-0.17404538202632622,-0.9130222452451813,-0.5109492899623685,-0.8400597295727913,-0.3028728684541749
2017-08-07,0.07083224621105629,-0.1566631050225355,0.8464688304481085,-0.1844227792777631,-0.9572299863906648,-0.47893506692118265,-0.8403325076573366,-0.3006259317175807
2017-08-08,0.07824400310657652,-0.1304481504435266,0.83039592905241,-0.1532905875234529,-0.9255338700976765,-0.429135164412671,-0.8452375233361483,-0.2998769528053826
2017-08-09,0.08510823902818256,-0.14542853266235425,0.8417200186721071,-0.20517757378063597,-0.9263679784211764,-0.4511894069521551,-0.8000006045762593,-0.2991279738931846
2017-08-10,0.06262041812662816,-0.16040796247592926,0.8006245321490142,-0.2466871627863826,-0.9084346494659327,-0.48462648435072686,-0.7708419579631318,-0.2983789949809865
2017-08-11,-0.009134425184384431,-0.20160329927376577,0.7619034515139215,-0.2570645600378195,-0.9551447155819157,-0.45332368848823423,-0.7599414795797274,-0.2976300160687884
2017-08-14,0.050632175108612384,-0.15291824756914174,0.7184335591028275,-0.2259323682835093,-0.9626516904934129,-0.4618608146325502,-0.7694793981652065,-0.29538307933219426
2017-08-15,0.06464081984658367,-0.10423319586451771,0.6957853798634341,-0.17404538202632622,-1.0206222189766416,-0.4917407561376569,-0.7980931539216438,-0.2946341004199962
2017-08-16,0.06382989689062497,-0.14917339011574798,0.7299402953292943,-0.21555497103207286,-1.000186565050899,-0.39214095112063424,-0.7893725716211996,-0.2938851215077981
2017-08-17,0.0870793145342721,-0.1329444046107049,0.7186162057095972,-0.2570645600378195,-1.001020673374399,-0.41348376648142504,-0.7634839354606138,-0.29313614259560006
2017-08-18,0.08933056293512026,-0.1566631050225355,0.7231823708788296,-0.2570645600378195,-0.9764144778311578,-0.41277233930273177,-0.7653917187714301,-0.292387163683402
2017-08-21,0.11144646418412507,-0.19785844182037202,0.7651910904357694,-0.26744195728925596,-0.9355431699796729,-0.3558581650072901,-0.7514933427076281,-0.2901402269468078
2017-08-22,0.11863033397158246,-0.14168272280370786,0.768844022571155,-0.2259323682835093,-0.9209462743184282,-0.34732103886297416,-0.7670267239977,-0.28939124803460975
2017-08-23,0.11238168919902534,-0.19161637779454735,0.7598943388394598,-0.27781935454069284,-0.9201121659949284,-0.353723883471211,-0.7566711364709857,-0.2886422691224117
2017-08-24,0.09087151385629687,-0.1753883446947569,0.7781589995163897,-0.2570645600378195,-0.9443013073764197,-0.2776011753510576,-0.7632114900322682,-0.28789329021021365
2017-08-25,0.14860587413801096,-0.2427986360716023,0.791857495024087,-0.27781935454069284,-0.9384625491119218,-0.2776011753510576,-0.7468607724571615,-0.2871443112980156
2017-08-28,0.18869328814698894,-0.30896032416223224,0.8238206512087151,-0.2881967517921293,-0.9384625491119218,-0.23562697180816994,-0.6999888484710016,-0.2848973745614214
2017-08-29,0.18157156938900174,-0.29148368777622635,0.7874739764616243,-0.3193289435464395,-0.9480547948321683,-0.20930416619652822,-0.6907233753138681,-0.28414839564922334
2017-08-30,0.18735654775121768,-0.22532199968559638,0.7874739764616243,-0.29857414904356616,-0.9367943324649225,-0.22353270977038833,-0.7043489732931236,-0.2833994167370253
2017-08-31,0.1775445772889732,-0.25153695426460526,0.7805334054043908,-0.3297063407978759,-0.9042641078484345,-0.20716988466044908,-0.6822755710979697,-0.2826504378248272
2017-09-01,0.19377882079658357,-0.23406031787859935,0.7966063068000891,-0.2881967517921293,-0.8850796164079415,-0.18084707904880737,-0.6596569453899243,-0.28190145891262913
2017-09-04,0.23023779851357173,-0.29647714851583556,0.8150536140837887,-0.2819703134412675,-0.9080175953041829,-0.16661853547494665,-0.6195978203933923,-0.279654522176035
2017-09-05,0.23023779851357173,-0.29647714851583556,0.8492085295496481,-0.38159332705505944,-0.8650610166439486,-0.16661853547494665,-0.6195978203933923,-0.2789055432638369
2017-09-06,0.23092145983775597,-0.2989734026830138,0.8333182747607193,-0.35046113530074924,-0.829611412895212,-0.13247003089768164,-0.6340407546576832,-0.2781565643516388
2017-09-07,0.20589925806776133,-0.39384725192508363,0.7604422786597672,-0.40234812155793276,-0.8429571460712071,-0.14385286575676998,-0.6035195482466303,-0.2774075854394408
2017-09-08,0.20554805542503451,-0.41881360321787703,0.7330452876443717,-0.3919707243064959,-0.8266920337629631,-0.28898401021014597,-0.6010668740791243,-0.2766586065272427
2017-09-11,0.21523868340116908,-0.3526519151272471,0.7606249252665369,-0.3089515462950026,-0.8412889294242074,-0.25412407845418833,-0.6419436680168918,-0.2744116697906485
2017-09-12,0.22360934189424525,-0.3464098511014224,0.7651910904357694,-0.27781935454069284,-0.8054222715137207,-0.29680970917576927,-0.6501190268044452,-0.27366269087845047
2017-09-13,0.23489320657825402,-0.27026219393682666,0.7971542466203975,-0.2466871627863826,-0.7862377800732276,-0.3750666988320017,-0.6626545104141205,-0.2729137119662524
2017-09-14,0.2180818463684105,-0.3201948965224135,0.7288444156886779,-0.2466871627863826,-0.7345230640162469,-0.4085037762305735,-0.6591120545332345,-0.27216473305405436
2017-09-15,0.20975459494353574,-0.35140331184103163,0.7288444156886779,-0.2466871627863826,-0.758712205397738,-0.4205980382683551,-0.6708298692016743,-0.27141575414185626
2017-09-18,0.22498850283394153,-0.3289332147154165,0.7723143080997719,-0.21555497103207286,-0.7870718883967275,-0.39214095112063424,-0.7092539889719354,-0.2691688174052621
2017-09-19,0.21068192776421807,-0.36139023332025005,0.7609902184800755,-0.20517757378063597,-0.7420300389277441,-0.39214095112063424,-0.7095267670564808,-0.26841983849306406
2017-09-20,0.2287116454565546,-0.2715098448177895,0.7703051954253093,-0.16366798477488978,-0.7161726808992535,-0.39214095112063424,-0.6937209403380639,-0.267670859580866
2017-09-21,0.21679443218650515,-0.30271826013640757,0.7931360212714724,-0.17404538202632622,-0.6940688103265119,-0.44122942645045266,-0.7520385662205191,-0.2669218806686679
2017-09-22,0.21270528905700584,-0.31395378490184145,0.7703051954253093,-0.1844227792777631,-0.6761354813712684,-0.42700088287659255,-0.7446805437180002,-0.26617290175646985
2017-09-25,0.19350259399893363,-0.25403320843178356,0.7293923555089861,-0.2259323682835093,-0.6235866569907876,-0.4369608633782943,-0.7078914291740095,-0.2639259650198757
2017-09-26,0.1997295352373897,-0.21408647492016247,0.7635472709748454,-0.20517757378063597,-0.6089897613295429,-0.46328366898993606,-0.7345977342758313,-0.2631769861076776
2017-09-27,0.21031888683016406,-0.16540142321553847,0.7750540072013115,-0.13253579302057958,-0.6519463399897771,-0.4483436982373827,-0.771659294248167,-0.26242800719547954
2017-09-28,0.2149466722150814,-0.1991070451065875,0.7569719931311505,-0.13253579302057958,-0.6494440150192783,-0.3651067183302993,-0.7659366096281198,-0.2616790282832815
2017-09-29,0.23097177257589893,-0.20035469598755032,0.7569719931311505,-0.11178099851770625,-0.7236796558107507,-0.422020892625741,-0.7768370880115247,-0.26093004937108344
2017-09-30,0.2852582305083723,-0.14043507192274504,0.7569719931311505,-0.10140360126626982,-0.77998196764698,-0.42130946544704834,-0.7760194190702886,-0.2601810704588854
2017-10-02,0.2852582305083723,-0.14043507192274504,0.8192544860394826,-0.10140360126626982,-0.77998196764698,-0.42130946544704834,-0.7760194190702886,-0.25868311263448923
2017-10-03,0.2852582305083723,-0.13918646863652956,0.8192544860394826,-0.11178099851770625,-0.7612145303682372,-0.40992663058796003,-0.7760194190702886,-0.2579341337222912
2017-10-04,0.2852582305083723,-0.15291824756914174,0.8192544860394826,-0.11178099851770625,-0.7662191803092352,-0.4163294751961968,-0.7760194190702886,-0.25718515481009313
2017-10-05,0.2852582305083723,-0.09050141693190554,0.8192544860394826,-0.09102620401483293,-0.7207602766785017,-0.2918297189249184,-0.7760194190702886,-0.2564361758978951
2017-10-06,0.2852582305083723,-0.11047430748508975,0.8192544860394826,-0.0702714095119596,-0.7870718883967275,-0.3167296701791742,-0.7760194190702886,-0.255687196985697
2017-10-09,0.2852582305083723,-0.11796497479712989,0.8192544860394826,-0.07961106703825248,-0.7958300257934743,-0.3138839614644018,-0.7760194190702886,-0.2534402602491028
2017-10-10,0.3009360743235729,-0.1741397414085414,0.8179759597920973,-0.09102620401483293,-0.7403618222807448,-0.27190975792151345,-0.7520385662205191,-0.25269128133690477
2017-10-11,0.3083626290832526,-0.21533507820637796,0.8307612222659486,-0.09102620401483293,-0.7607974762064871,-0.22210985541300243,-0.7651189406868842,-0.25194230242470667
2017-10-12,0.3203094380816216,-0.1953612352479411,0.8718567087890415,-0.11178099851770625,-0.7607974762064871,-0.18724992365704418,-0.7446805437180002,-0.2511933235125086
2017-10-13,0.336338484539549,-0.1991070451065875,0.8672905436198091,-0.16366798477488978,-0.7303525223987484,-0.16804138983233252,-0.7223346960945012,-0.25044434460031056
2017-10-16,0.3187793389274958,-0.1753883446947569,0.9246415781453702,-0.14291319027201646,-0.704078110208508,-0.017930255128105626,-0.7266948209166232,-0.24819740786371638
2017-10-17,0.3171920213652843,-0.14917339011574798,0.9894811235484722,-0.14291319027201646,-0.6982393519440101,-0.07982441967439823,-0.7727494086177478,-0.2474484289515183
2017-10-18,0.34018987531821354,-0.16540142321553847,0.9816273194573927,-0.10140360126626982,-0.6807230771505167,-0.10472437092865404,-0.7811972128336462,-0.24669945003932026
2017-10-19,0.3288458326532886,-0.17663694798097235,0.945280644710301,-0.11178099851770625,-0.6903153228707631,-0.1196643416812074,-0.762121375662688,-0.2459504711271222
2017-10-20,0.33214082373954457,-0.1229584355367391,0.954412975048766,-0.04951661500908628,-0.6873959437385142,-0.12251005039597918,-0.7880100118232742,-0.24520149221492413
2017-10-23,0.3430310652369009,-0.09299767109908381,0.9569700275435367,-0.059894012260523176,-0.6957370269735113,-0.0904958273547933,-0.7871926755382394,-0.24295455547832995
2017-10-24,0.3641426847715906,-0.09050141693190554,0.9549609148690742,-0.01838442325477653,-0.6894812145472633,-0.0762672837809332,-0.7945503653845571,-0.2422055765661319
2017-10-25,0.38751147185279367,-0.12170983225052363,1.0550512553786522,0.0023703712480967936,-0.6640409106805226,-0.09761009914172399,-0.7934602510149764,-0.24145659765393382
2017-10-26,0.40773423301361744,-0.009359346622447938,1.055233901985421,0.023125165750970116,-0.6515292858280274,-0.10543579810734667,-0.8182587728059819,-0.24070761874173577
2017-10-27,0.43055253954807343,0.029338783602957663,1.1460092655497645,-0.01838442325477653,-0.5931417031830489,-0.2107270205539141,-0.8122636427575896,-0.23995863982953772
2017-10-30,0.40726563398188875,-0.02433972884127558,1.3010762346969023,-0.0702714095119596,-0.5722889950955566,-0.18867277801443005,-0.7970030395520631,-0.2377117030929435
2017-10-31,0.41452842571153353,-0.01684906152923544,1.2649122065565803,-0.059894012260523176,-0.5430952037730672,-0.20432417594567667,-0.8163513221513664,-0.23696272418074546
2017-11-01,0.40766123021709527,0.01685560795656095,1.2124926304137904,-0.0702714095119596,-0.5585262077578117,-0.14527572011415585,-0.7970030395520631,-0.2362137452685474
2017-11-02,0.39651547893191175,0.0006275748567704894,1.2285655318094888,-0.09102620401483293,-0.5664502368310588,-0.14385286575676998,-0.7948228108129022,-0.23546476635634933
2017-11-03,0.38694520691761136,0.031835990175388594,1.2464648992728808,-0.10140360126626982,-0.5401758246408183,-0.18013565187011413,-0.8177138819492917,-0.23471578744415128
2017-11-06,0.4297682527476033,0.004372432310164239,1.224182013247026,-0.12215839576914314,-0.42131538854211226,-0.12322147757467243,-0.7825597726315715,-0.2324688507075571
2017-11-07,0.4642966024538723,0.028091132721994844,1.2459169594525727,-0.12215839576914314,-0.41756190108636354,-0.2199755738769233,-0.7980931539216438,-0.23171987179535902
2017-11-08,0.45525214787938323,0.02309767198238563,1.2298440580568741,-0.12215839576914314,-0.4342440675563573,-0.2064584574817558,-0.776564642583179,-0.23097089288316097
2017-11-09,0.49164798804262294,-0.030580840461847614,1.2550492897910375,-0.11178099851770625,-0.4121401969836157,-0.2249555641277742,-0.7656641641997747,-0.2302219139709629
2017-11-10,0.5335841485473023,-0.036822904487672295,1.280071874918432,-0.03913921775764985,-0.41797895524811357,-0.23918410770163495,-0.8016356098025297,-0.22947293505876484
2017-11-13,0.5560739424974114,-0.02433972884127558,1.3713951783030836,-0.03913921775764985,-0.4767835920548418,-0.1815585062275,-0.7882824572516188,-0.22722599832217066
2017-11-14,0.520953678224749,-0.106729450031696,1.3759613434723161,-0.059894012260523176,-0.5614455868900606,-0.25412407845418833,-0.7768370880115247,-0.22647701940997259
2017-11-15,0.4836196534737768,-0.10922665660412692,1.3713951783030836,-0.11178099851770625,-0.5472657453905657,-0.2697754763854349,-0.7904626859907802,-0.22572804049777453
2017-11-16,0.5221562513188049,-0.09424627438529928,1.321167361441525,-0.0702714095119596,-0.5501851245228147,-0.2783126025297509,-0.7880100118232742,-0.22497906158557648
2017-11-17,0.5055421959644252,-0.12795094387109568,1.3166011962722926,-0.09102620401483293,-0.543512257934817,-0.2505669425607233,-0.7378677447283727,-0.2242300826733784
2017-11-20,0.5411961698711186,-0.07552103471307789,1.353130517626153,-0.0702714095119596,-0.543512257934817,-0.2149955836260724,-0.7956404797541378,-0.22198314593678423
2017-11-21,0.6033758085464445,-0.091750020218121,1.3713951783030836,-0.0806488067633965,-0.5043091667303315,-0.16519568111756075,-0.7779272023811049,-0.22123416702458618
2017-11-22,0.614335106743215,-0.18287805960154438,1.4353214906723388,-0.12215839576914314,-0.47761770037834134,-0.15310141907977917,-0.749313446624668,-0.2204851881123881
2017-11-23,0.472136510885749,-0.24030142949917138,1.4355041372791086,-0.10140360126626982,-0.4630208047170966,-0.10685865246473318,-0.762666599175579,-0.21973620920019005
2017-11-24,0.472136510885749,-0.24030142949917138,1.364637253852619,-0.10140360126626982,-0.45009212570285156,-0.10685865246473318,-0.762666599175579,-0.218987230287992
2017-11-27,0.40739782823505016,-0.22282479311316544,1.3715778249098525,-0.12215839576914314,-0.46385491304059645,-0.15594712779455155,-0.7433179839200749,-0.2167402935513978
2017-11-28,0.4300780213706821,-0.17788459886193517,1.3898424855867832,-0.10140360126626982,-0.4509262340263511,-0.24202981641640672,-0.7408656424087696,-0.21599131463919974
2017-11-29,0.4234209555473136,-0.17788459886193517,1.2985191822021316,-0.0702714095119596,-0.4434192591148539,-0.2726211851002067,-0.7752020827852538,-0.2152423357270017
2017-11-30,0.3729513600437989,-0.20909301418055326,1.2619898608482711,-0.01838442325477653,-0.4521773965116007,-0.27902402970844414,-0.7994557137195696,-0.2144933568148036
2017-12-01,0.37538610196023026,-0.22282479311316544,1.2530401771165758,-0.0702714095119596,-0.408803763689617,-0.23847268052294168,-0.7841947778578424,-0.21374437790260556
2017-12-04,0.39414979371489334,-0.18662291705493814,1.2621725074550407,-0.0702714095119596,-0.4555138298055994,-0.2427412435951,-0.7964578160391727,-0.21149744116601138
2017-12-05,0.3914131753696018,-0.16290516904836017,1.2347755164396452,-0.0806488067633965,-0.4555138298055994,-0.4469208438799968,-0.8310670345002026,-0.2107484622538133
2017-12-06,0.37532987007642216,-0.13419300789692035,1.2347755164396452,-0.11178099851770625,-0.5055603292155811,-0.42415517416182014,-0.8277966913914611,-0.20999948334161525
2017-12-07,0.3303640935160872,-0.11047430748508975,1.2667386726242733,-0.0702714095119596,-0.500555679274583,-0.4205980382683551,-0.8632232461375259,-0.20925050442941717
2017-12-08,0.3723683241959025,-0.09799113183869304,1.2987018288089012,-0.059894012260523176,-0.43841460917385583,-0.39996665008625754,-0.875759062403402,-0.20850152551721912
2017-12-11,0.44919291576807197,-0.10173598929208678,1.3354137967695305,-0.04951661500908628,-0.3650130767058826,-0.3530124562925183,-0.8798467417971789,-0.20625458878062494
2017-12-12,0.39287816392142516,-0.07302478054589961,1.3491122922772287,-0.03913921775764985,-0.39253865138137295,-0.3373610583612717,-0.8940172306331245,-0.2055056098684269
2017-12-13,0.43501754842723345,-0.1566631050225355,1.3354137967695305,-0.0806488067633965,-0.4467556924088529,-0.2946754276396901,-0.8752138388905115,-0.2047566309562288
2017-12-14,0.41790825788563774,-0.14917339011574798,1.29906712202244,-0.09102620401483293,-0.4442533674383537,-0.2676411948493558,-0.8523227677541214,-0.20400765204403076
2017-12-15,0.36796546634621324,-0.09424627438529928,1.2625378006685792,-0.09102620401483293,-0.440499879982605,-0.18013565187011413,-0.8509602079561962,-0.20325867313183268
2017-12-18,0.36805918615255884,-0.1229584355367391,1.2625378006685792,-0.04951661500908628,-0.41380841363061477,-0.16234997240278837,-0.8294320292739322,-0.2010117363952385
2017-12-19,0.42174682384869805,-0.15166964428292629,1.280985107952279,0.023125165750970116,-0.4455045299236033,-0.15452427343716568,-0.8335197086677091,-0.20026275748304045
2017-12-20,0.4115658933067356,-0.16665002650175392,1.280985107952279,0.05425735750528033,-0.4146425219541143,-0.09191868171217982,-0.8188039963188725,-0.19951377857084238
2017-12-21,0.45070032486382094,-0.1753883446947569,1.280985107952279,0.043879960253843435,-0.40588438455736775,-0.05919303149230069,-0.8155336532101308,-0.19876479965864433
2017-12-22,0.44134314209342085,-0.16665002650175392,1.239889621429186,0.043879960253843435,-0.40713554704261734,-0.03144737152327311,-0.7934602510149764,-0.19801582074644627
2017-12-25,0.43350422018582113,-0.17788459886193517,1.2309399376974899,0.033502563002407004,-0.3479138560741391,0.028312511486940983,-0.7697518435935515,-0.19576888400985207
2017-12-26,0.43350422018582113,-0.17788459886193517,1.2583369287128854,0.033502563002407004,-0.3479138560741391,0.028312511486940983,-0.7697518435935515,-0.19501990509765402
2017-12-27,0.36909109054663825,-0.20659676001337499,1.272035424220583,-0.01838442325477653,-0.3479138560741391,0.031869647380406006,-0.7618489302343429,-0.19427092618545597
2017-12-28,0.3995372027933482,-0.26027527245760823,1.253953410150422,-0.008007026003339638,-0.31580068561940106,0.08095812271022439,-0.7425006476350395,-0.1935219472732579
2017-12-29,0.4123580723014249,-0.3201948965224135,1.244821079811957,-0.03913921775764985,-0.3187200647516497,0.06957528785113605,-0.7092539889719354,-0.19277296836105984
2017-12-30,0.4720674541863366,-0.35390051841346254,1.244821079811957,0.023125165750970116,-0.3220564980456484,0.037561064809950175,-0.6890883700875972,-0.19202398944886176
2017-12-31,0.4720674541863366,-0.35390051841346254,1.244821079811957,0.023125165750970116,-0.3220564980456484,0.037561064809950175,-0.6890883700875972,-0.1912750105366637
2018-01-01,0.4720674541863366,-0.35390051841346254,1.2815330477725864,0.023125165750970116,-0.3220564980456484,0.037561064809950175,-0.6890883700875972,-0.19052603162446566
2018-01-02,0.4720674541863366,-0.35390051841346254,1.2815330477725864,0.023125165750970116,-0.3220564980456484,0.037561064809950175,-0.6890883700875972,-0.18977705271226758
2018-01-03,0.5004980973344786,-0.3152014357828043,1.3096606252150589,0.0023703712480967936,-0.2720099986356673,0.008392550483536076,-0.6822755710979697,-0.18902807380006953
2018-01-04,0.5225252113985235,-0.35390051841346254,1.33833614247784,0.023125165750970116,-0.23530923240168042,0.016218249449159387,-0.6735549887975254,-0.18827909488787148
2018-01-05,0.5271460911134993,-0.3414173427670658,1.3187929555535238,0.033502563002407004,-0.2653371320476693,-0.03144737152327311,-0.6711023146300189,-0.1875301159756734
2018-01-08,0.5437986209146942,-0.2939799419434046,1.3001630016630554,0.05425735750528033,-0.24573558644542656,-0.039273070488895785,-0.6757352175366863,-0.18528317923907922
2018-01-09,0.5737366731585839,-0.2690135906506112,1.2634510337024254,0.11652174101389984,-0.22071233674043603,-0.05065590534798412,-0.6945386092792999,-0.18453420032688117
2018-01-10,0.5873645195255095,-0.2939799419434046,1.3167838428790621,0.11652174101389984,-0.19110149125619658,-0.02291024537895654,-0.6790052279892271,-0.1837852214146831
2018-01-11,0.5899571053263112,-0.35390051841346254,1.3797969222144715,0.1061443437624634,-0.1673294040364556,-0.026467381272421563,-0.6702849783449841,-0.18303624250248504
2018-01-12,0.6032830752643765,-0.46375379746910733,1.341623781399687,0.11652174101389984,-0.1973573036824445,-0.047098769454519095,-0.6354033144556089,-0.18228726359028696
2018-01-15,0.599842078585078,-0.5361575495855619,1.3987921693184784,0.1061443437624634,-0.16941467484520473,-0.045675915097133216,-0.6299530752639063,-0.18004032685369278
2018-01-16,0.599842078585078,-0.5361575495855619,1.3889292525529364,0.1061443437624634,-0.20736660356444062,-0.045675915097133216,-0.6299530752639063,-0.17929134794149473
2018-01-17,0.5768254806708794,-0.5174323099133405,1.389111899159706,0.13727653551677316,-0.21612474096118772,-0.08907297299740742,-0.6228678308459337,-0.17854236902929665
2018-01-18,0.6010643821646796,-0.5224257706529498,1.4256412205135658,0.1891635217739567,-0.20403017027044193,-0.07484442942354731,-0.6555692659961474,-0.1777933901170986
2018-01-19,0.6024987884639051,-0.5136874524599468,1.4177874164224862,0.20991831627683002,-0.24239915315142788,-0.09120725453348656,-0.6394909938493859,-0.17704441120490055
2018-01-22,0.6702503162575467,-0.5349089462993465,1.3754134036520078,0.23067311077970334,-0.2107030368584399,-0.07555585660223994,-0.6422161134452364,-0.17479747446830635
2018-01-23,0.7054633138122757,-0.5698622190713584,1.355687570120923,0.19954091902539312,-0.19026738293269704,-0.2000556128735184,-0.6291357389788714,-0.1740484955561083
2018-01-24,0.7163673666495157,-0.6834613079856495,1.3726737045504682,0.22029571352826643,-0.18609684131519882,-0.03287022588065899,-0.5740881235489574,-0.17329951664391025
2018-01-25,0.6999210204222821,-0.6609912108600343,1.3595231488630783,0.19954091902539312,-0.1373015043904667,-0.0499444781692915,-0.5563748461759255,-0.17255053773171217
2018-01-26,0.7114899906224363,-0.7009379443716555,1.3467378863892276,0.23067311077970334,-0.17900692056545137,-0.07484442942354731,-0.5858062708735979,-0.17180155881951412
2018-01-29,0.5856676977685158,-0.6709781323392527,1.347285826209535,0.27218269978545,-0.2486549655776758,-0.08195870121047737,-0.6299530752639063,-0.16955462208291994
2018-01-30,0.5856676977685158,-0.6859575621528278,1.3334046840950682,0.3033148915397597,-0.27492937776791593,-0.07413300224485406,-0.6299530752639063,-0.16880564317072186
2018-01-31,0.5843891623051061,-0.693448229464868,1.3056423998661348,0.29293749428832333,-0.27492937776791593,-0.0641730217431516,-0.6201427112500826,-0.1680566642585238
2018-02-01,0.5291220992409752,-0.7508715993624949,1.2921265509652062,0.3552018777969428,-0.2407309365044288,-0.04496448791843995,-0.605699444329591,-0.16730768534632576
2018-02-02,0.5577461011474717,-0.684709911271865,1.2968753627412075,0.4174662613055628,-0.2886921651056608,-0.0762672837809332,-0.6345859781705736,-0.16655870643412768
2018-02-05,0.5482182496770956,-0.6410173679015975,1.3105738582489057,0.3448244805455064,-0.2786828652236647,-0.028601662808500707,-0.6364934288251891,-0.1643117696975335
2018-02-06,0.39919290582056355,-0.636024859567241,1.248108718733804,0.3655792750483797,-0.31788595642815015,-0.0734215750661608,-0.6552968205678028,-0.16356279078533545
2018-02-07,0.31918677345402946,-0.5523855826853524,1.2252778928876418,0.4174662613055628,-0.36000842676488487,-0.21855271951953742,-0.6948110547076445,-0.16281381187313737
2018-02-08,0.29726521748765805,-0.5561304401387461,1.2437252001713412,0.4278436585569997,-0.42173244270386173,-0.22708984566385335,-0.6803677877871529,-0.16206483296093932
2018-02-09,0.12501018647302456,-0.5299154855597372,1.2435425535645717,0.40708886405412636,-0.47261305043734325,-0.29609828199707666,-0.6907233753138681,-0.16131585404874124
2018-02-11,0.19497251517214326,-0.558627646711177,1.238976388395339,0.4382210558084361,-0.5076456000243302,-0.22068700105561656,-0.6604746143311604,-0.15981789622434514
2018-02-12,0.19497251517214326,-0.558627646711177,1.2344102232261067,0.4382210558084361,-0.5076456000243302,-0.22068700105561656,-0.6604746143311604,-0.15906891731214706
2018-02-13,0.23747592713628257,-0.6222930806346287,1.2252778928876418,0.40708886405412636,-0.5184890082298265,-0.11397292425166324,-0.6498465813761001,-0.158319938399949
2018-02-14,0.271548502626429,-0.6946958803458307,1.2256431861011803,0.49010804206561964,-0.5038921125685818,-0.009393128983789058,-0.5751782379185381,-0.15757095948775093
2018-02-15,0.3675570452954019,-0.7608585208417133,1.2347755164396452,0.47973064481418276,-0.4801200253488405,0.004123987411378423,-0.643033782386472,-0.15682198057555288
2018-02-16,0.3675570452954019,-0.6971930869182617,1.2347755164396452,0.448598453059873,-0.42006422605686267,0.009103977662229333,-0.643033782386472,-0.15607300166335483
2018-02-19,0.3675570452954019,-0.6197958740621978,1.2347755164396452,0.45897585031130944,-0.3929557055431224,-0.07128729353008229,-0.643033782386472,-0.15382606492676063
2018-02-20,0.3675570452954019,-0.6197958740621978,1.2347755164396452,0.45897585031130944,-0.40421616791036813,-0.07128729353008229,-0.643033782386472,-0.15307708601456257
2018-02-21,0.3675570452954019,-0.5748556798109675,1.2347755164396452,0.5212402338199293,-0.3987944638076203,-0.03642736177412402,-0.643033782386472,-0.15232810710236452
2018-02-22,0.3675570452954019,-0.6160510166088041,1.2347755164396452,0.500485439317056,-0.34416036861839033,-0.0015674300181657463,-0.643033782386472,-0.15157912819016645
2018-02-23,0.38367487893828867,-0.5998229835090136,1.2256431861011803,0.45897585031130944,-0.3057913857374044,-0.0406959248462823,-0.6495741359477555,-0.1508301492779684
2018-02-24,0.44946815604144424,-0.6073126984158012,1.2165108557627153,0.4382210558084361,-0.267422402856419,-0.05705874995622155,-0.6427613369581274,-0.15008117036577034
2018-02-26,0.44946815604144424,-0.6073126984158012,1.179981534408855,0.4382210558084361,-0.267422402856419,-0.05705874995622155,-0.6427613369581274,-0.14858321254137422
2018-02-27,0.40016857833083425,-0.5399024070389556,1.13413723610976,0.47973064481418276,-0.28285340684116295,-0.09263010889087245,-0.6841830217525847,-0.14783423362917614
2018-02-28,0.3681075258421478,-0.5086939917203376,1.1343198827165286,0.448598453059873,-0.34582858526538995,-0.16946424418971903,-0.6841830217525847,-0.1470852547169781
2018-03-01,0.4063935465207363,-0.5448958677785649,1.13413723610976,0.38633406955125305,-0.4229836051891113,-0.1829813605848859,-0.7185194621290694,-0.14633627580478004
2018-03-02,0.3702009303586255,-0.5923323161969735,1.1617168737319243,0.4382210558084361,-0.42173244270386173,-0.18084707904880737,-0.6689224185470588,-0.14558729689258196
2018-03-05,0.3745140144990772,-0.5748556798109675,1.1801641810156238,0.45897585031130944,-0.35834021011788525,-0.17586708879795585,-0.6770977773346116,-0.14334036015598778
2018-03-06,0.4197579909056161,-0.6322790497085945,1.1436348596617634,0.45897585031130944,-0.3629278058971335,-0.131758603718989,-0.6348584235989188,-0.14259138124378973
2018-03-07,0.3860602946408534,-0.6297827955414163,1.1345025293232984,0.4693532475627463,-0.38711694727862456,-0.1644842539388675,-0.6555692659961474,-0.14184240233159165
2018-03-08,0.4324673831703561,-0.5698622190713584,1.1345025293232984,0.4382210558084361,-0.4379975550121061,-0.24558695230987174,-0.6721924289995996,-0.1410934234193936
2018-03-09,0.47839600742535754,-0.5736080289300047,1.1482010248309957,0.47973064481418276,-0.3829464056611263,-0.1644842539388675,-0.6653796300099716,-0.14034444450719552
2018-03-12,0.5143567903822974,-0.5973257769365827,1.1418083935940704,0.448598453059873,-0.4104719803366161,-0.1815585062275,-0.6735549887975254,-0.13809750777060134
2018-03-13,0.47720527262262946,-0.6272855889689853,1.163543339799617,0.4174662613055628,-0.4242347676743609,-0.16163854522409574,-0.6558417114244924,-0.1373485288584033
2018-03-14,0.45071413620370343,-0.6222930806346287,1.1728583167448516,0.38633406955125305,-0.44884096321760203,-0.13247003089768164,-0.6599293908182694,-0.1365995499462052
2018-03-15,0.47538513533097065,-0.56736596490418,1.1443654460888404,0.3967114668026895,-0.44633863824710285,-0.1765785159766491,-0.680640233215498,-0.13585057103400716
2018-03-16,0.4313743142710829,-0.5561304401387461,1.1255528455916024,0.4278436585569997,-0.40421616791036813,-0.20503560312436994,-0.6956283909926794,-0.1351015921218091
2018-03-19,0.45764644230044416,-0.5973257769365827,1.1164205152531375,0.4278436585569997,-0.3983774096458708,-0.2413183892377141,-0.680640233215498,-0.13285465538521493
2018-03-20,0.4664363736113837,-0.5386538037527402,1.0802564871128155,0.4693532475627463,-0.34916501855938864,-0.30392398096269996,-0.6961736145055698,-0.13210567647301685
2018-03-21,0.4373398265760486,-0.6123061591554103,1.029846023644488,0.4693532475627463,-0.2594983737831714,-0.27475546663628586,-0.670012532916639,-0.1313566975608188
2018-03-22,0.397583884724251,-0.6023192376761919,1.0024490326290931,0.40708886405412636,-0.22488287835793425,-0.3295353593956484,-0.6539342607698769,-0.13060771864862072
2018-03-23,0.2531754744855848,-0.6547491468342097,0.915691894413674,0.3967114668026895,-0.22279760754918512,-0.3679524270450717,-0.5920738463503349,-0.12985873973642267
2018-03-26,0.25087588639514774,-0.7059314051112646,0.9708511696580038,0.4278436585569997,-0.2319727991076817,-0.4006780772649502,-0.5781758029427343,-0.1276118029998285
2018-03-27,0.30446191209072215,-0.6634874650272127,0.993681995504166,0.3552018777969428,-0.23947977401917922,-0.357281019364676,-0.6138748031171447,-0.12686282408763042
2018-03-28,0.22856958596062066,-0.5773528863833984,0.9889331837281647,0.3448244805455064,-0.26033248210667154,-0.3387839127186576,-0.6604746143311604,-0.12611384517543237
2018-03-29,0.2745948895947987,-0.5661173616179646,0.9980655140666297,0.31369228879119665,-0.22321466171093518,-0.30534683532008583,-0.6642895156403908,-0.12536486626323431
2018-03-30,0.287000432382122,-0.5786005372643613,0.9891158303349336,0.3033148915397597,-0.22321466171093518,-0.27119833074282085,-0.6116949070341842,-0.12461588735103624
2018-04-02,0.287000432382122,-0.5786005372643613,0.9799834999964687,0.3033148915397597,-0.22321466171093518,-0.27119833074282085,-0.6116949070341842,-0.12236895061444206
2018-04-03,0.25460297511486946,-0.5598762499973926,1.0073804910118642,0.3655792750483797,-0.22321466171093518,-0.2519897969181092,-0.6370383196818794,-0.12161997170224399
2018-04-04,0.2393315793019255,-0.56736596490418,0.9575179673638442,0.3655792750483797,-0.347496801912389,-0.3281125050382625,-0.6288629608943256,-0.12087099279004594
2018-04-05,0.2421589578807304,-0.527419231392559,0.9162398342339824,0.40708886405412636,-0.3266440938248967,-0.2370498261655558,-0.6275004010964003,-0.12012201387784788
2018-04-06,0.2421589578807304,-0.5711108223575738,0.9162398342339824,0.3448244805455064,-0.32789525631014627,-0.2598154958837325,-0.6275004010964003,-0.11937303496564981
2018-04-08,0.2421589578807304,-0.6048164442486228,0.9162398342339824,0.3552018777969428,-0.25783015713617236,-0.23491554462947667,-0.6275004010964003,-0.11787507714125368
2018-04-09,0.2421589578807304,-0.6048164442486228,0.9072901505022863,0.3552018777969428,-0.25783015713617236,-0.23491554462947667,-0.6275004010964003,-0.11712609822905563
2018-04-10,0.3079443427896681,-0.636024859567241,0.9438194718561468,0.3759566722998161,-0.15440072502221028,-0.1502557103650074,-0.6119673524625288,-0.11637711931685757
2018-04-11,0.32020979912961267,-0.6385211137344192,0.9346871415176818,0.3655792750483797,-0.06807051353999234,-0.178001370334035,-0.572453118322687,-0.1156281404046595
2018-04-12,0.2784798221988927,-0.6160510166088041,0.9346871415176818,0.40708886405412636,-0.12228755456747226,-0.25270122409680246,-0.6217777164763529,-0.11487916149246144
2018-04-13,0.25366873662424555,-0.6098089525829794,0.9261027509995244,0.3967114668026895,-0.04972013042299859,-0.2413183892377141,-0.6043368845316651,-0.11413018258026338
2018-04-16,0.20712748079302687,-0.6559977501204252,0.834596801008104,0.40708886405412636,-0.09684725070073165,-0.2064584574817558,-0.5969791946853474,-0.1118832458436692
2018-04-17,0.1286465149592329,-0.6447631777602439,0.8256471172764078,0.3967114668026895,-0.11102709220022658,-0.22780127284254661,-0.597796863626583,-0.11113426693147113
2018-04-18,0.1585342544649791,-0.6322790497085945,0.5518598537292244,0.448598453059873,-0.026782151526757152,-0.11610720578774238,-0.5868963852431786,-0.11038528801927308
2018-04-19,0.20679008949018315,-0.5923323161969735,0.561174830674459,0.500485439317056,0.019927914589225253,-0.1552357006158583,-0.5988866453399634,-0.10963630910707502
2018-04-20,0.14695245944922,-0.5448958677785649,0.5887544682966235,0.5419950283228027,0.01033566886897921,-0.15167856472239327,-0.6264106193830203,-0.10888733019487695
2018-04-23,0.13875345618039608,-0.4674986549225011,0.7356023401391425,0.562749822825676,0.00699923557498051,-0.18653849647835155,-0.665107184581627,-0.10664039345828277
2018-04-24,0.227305848361371,-0.4887211011671534,0.705648296628977,0.5835046173285493,0.06205038492595996,-0.1410071570419982,-0.6408535536473111,-0.10589141454608471
2018-04-25,0.21753827149160554,-0.4387874461763139,0.7536843542093035,0.6146368090828591,-0.024279826556257978,-0.1502557103650074,-0.6686499731187132,-0.10514243563388664
2018-04-26,0.13318156706208167,-0.3901023944716899,0.7949624873391652,0.5835046173285493,0.04244883932371723,-0.178001370334035,-0.6820027930134238,-0.10439345672168858
2018-04-27,0.13340353502447938,-0.3925986486388681,0.7986154194745517,0.5419950283228027,0.039946514353218054,-0.2591040687050392,-0.6711023146300189,-0.10364447780949052
2018-04-28,0.1382730188573408,-0.355149121699678,0.7717663682794644,0.5316176310713663,0.06455270989645914,-0.25270122409680246,-0.719337131070305,-0.10289549889729246
2018-04-30,0.1382730188573408,-0.355149121699678,0.8535920481121116,0.5316176310713663,0.06455270989645914,-0.25270122409680246,-0.719337131070305,-0.10139754107289634
2018-05-01,0.1382730188573408,-0.2790005121298296,0.8535920481121116,0.5523724255742396,0.019927914589225253,-0.30463540814139256,-0.719337131070305,-0.10064856216069827
2018-05-02,0.1382730188573408,-0.2715098448177895,0.8535920481121116,0.5523724255742396,-0.05138834706999824,-0.26052692306242575,-0.719337131070305,-0.09989958324850022
2018-05-03,0.16990493328539255,-0.2839930204641862,0.8174280199717898,0.5212402338199293,-0.038459668055752905,-0.24345267077379323,-0.6972637288751505,-0.09915060433630216
2018-05-04,0.1527916966466888,-0.264020129911002,0.7903963221699327,0.5316176310713663,0.015757372971727024,-0.23633839898686254,-0.6918134896834482,-0.09840162542410409
2018-05-07,0.22396646368263595,-0.24155003278538684,0.8267429969170244,0.5316176310713663,-0.008848822571514061,-0.24558695230987174,-0.6931760494813741,-0.09615468868750991
2018-05-08,0.26662180038548305,-0.1953612352479411,0.9005322260518225,0.5523724255742396,-0.008848822571514061,-0.2740440394575926,-0.6937209403380639,-0.09540570977531185
2018-05-09,0.262105492243903,-0.20534815672715953,0.9282945102807558,0.5835046173285493,0.13461780907043305,-0.27617832099367173,-0.6956283909926794,-0.09465673086311378
2018-05-10,0.28286590913586596,-0.25403320843178356,0.900897519265361,0.5523724255742396,0.13420075490868358,-0.2014784672309049,-0.6697397548320936,-0.09390775195091572
2018-05-11,0.25800845692018454,-0.26776498736439575,0.8932263617810504,0.5523724255742396,0.125025563350187,-0.19934418569482576,-0.6746451031671061,-0.09315877303871767
2018-05-14,0.2909998018023856,-0.2615238757438237,0.9032719251533621,0.5835046173285493,0.1583898962901746,-0.22566699130646747,-0.6814579021567336,-0.09091183630212347
2018-05-15,0.3166060259445543,-0.18287805960154438,0.9423582990019925,0.6665237953400427,0.1905030667449126,-0.2783126025297509,-0.7566711364709857,-0.09016285738992541
2018-05-16,0.28715827626649487,-0.1616565657621447,0.9286598034942943,0.6769011925914791,0.15922400461367414,-0.25768121434765334,-0.7531286805900999,-0.08941387847772736
2018-05-17,0.2554434937991483,-0.15166964428292629,0.9366962541921444,0.6976559870943524,0.2384642953461452,-0.23135840873601163,-0.7585789197818016,-0.0886648995655293
2018-05-18,0.2923947471305196,-0.1304481504435266,0.9328606754499891,0.6457690008371694,0.1671480336869211,-0.2676411948493558,-0.7531286805900999,-0.08791592065333123
2018-05-21,0.32311807269915716,-0.12545468970391738,0.9036372183669007,0.6457690008371694,0.16547981703992207,-0.21784129234084415,-0.7531286805900999,-0.08566898391673705
2018-05-22,0.3170726519277284,-0.13419300789692035,0.859984679349037,0.6457690008371694,0.25222708268389005,-0.17017567136841166,-0.7490410011963224,-0.08492000500453899
2018-05-23,0.2590472669842042,-0.08425935290608086,0.8051906973182467,0.5938820145799858,0.18007671270116646,-0.25768121434765334,-0.7555810221014051,-0.08417102609234092
2018-05-24,0.23129337949030615,-0.11297151405752068,0.8236380046019461,0.562749822825676,0.18883485009791356,-0.2213984282343092,-0.7163395660461093,-0.08342204718014286
2018-05-25,0.20898707905577907,-0.06178925578046572,0.7551455270634577,0.510862836568493,0.09291239289544839,-0.24772123384595088,-0.7174293477594886,-0.08267306826794481
2018-05-28,0.19236315845862675,0.018104211242776416,0.7505793618942252,0.3448244805455064,0.005748073089730923,-0.2690640492067417,-0.7299651640253647,-0.08042613153135061
2018-05-29,0.19236315845862675,0.018104211242776416,0.7323147012172946,0.3448244805455064,0.005748073089730923,-0.2690640492067417,-0.7299651640253647,-0.07967715261915255
2018-05-30,0.10309948227370333,-0.06678271652007493,0.7277485360480621,0.4174662613055628,0.06330154741120955,-0.24487552513117913,-0.7223346960945012,-0.0789281737069545
2018-05-31,0.1871868655755188,-0.08675655947851178,0.7556934668837652,0.40708886405412636,0.08665658046920105,-0.2512783697394159,-0.7261499300599329,-0.07817919479475643
2018-06-01,0.14304976940813366,-0.06178925578046572,0.7690266691779247,0.4693532475627463,0.00699923557498051,-0.20361274876698404,-0.7405928643242238,-0.07743021588255837
2018-06-04,0.17648702326368473,-0.08301170202511804,0.8293000494117944,0.5212402338199293,-0.040127884702752546,-0.15310141907977917,-0.7452257672308906,-0.07518327914596419
2018-06-05,0.23053474232104507,-0.0992397351249085,0.8420853118856457,0.500485439317056,-0.06098059279024488,-0.06203874020707246,-0.7332351744779061,-0.07443430023376613
2018-06-06,0.22520553817495173,-0.12795094387109568,0.8420853118856457,0.5523724255742396,-0.04763485961424948,0.02902393866563361,-0.7343252888474867,-0.07368532132156806
2018-06-07,0.20850170911133628,-0.16040796247592926,0.8603499725625755,0.510862836568493,0.03577597273571982,0.04680961813295937,-0.7299651640253647,-0.07293634240937
2018-06-08,0.15694595037849057,-0.14168272280370786,0.8148709674770198,0.510862836568493,0.030771322794721476,0.08309240424630353,-0.7316001692516352,-0.07218736349717195
2018-06-11,0.1498153529020084,-0.1379378653503141,0.8238206512087151,0.5419950283228027,0.008667452221979564,0.02119823970001093,-0.7294199405124743,-0.06994042676057775
2018-06-12,0.2022599700087213,-0.11047430748508975,0.8879296101847399,0.5419950283228027,0.020344968750975315,0.011238259198308476,-0.7397755280391889,-0.06919144784837969
2018-06-13,0.15701698012645815,-0.12170983225052363,0.8466514770548782,0.562749822825676,0.029103106147721828,0.016929676627852646,-0.7348701797041765,-0.06844246893618164
2018-06-14,0.13622400793334336,0.010613543930736274,0.7735928343471572,0.5212402338199293,0.016591481295226553,-0.02789023562980745,-0.7155218971048731,-0.06769349002398357
2018-06-15,0.0981786991784213,0.013110750503167201,0.7372461596000656,0.510862836568493,-0.09809841318598124,-0.13673859396983992,-0.7956404797541378,-0.06694451111178551
2018-06-18,-0.06649193319216082,0.00811728976355799,0.6596213517231122,0.500485439317056,0.020762022912725372,-0.1908070595505092,-0.7929153601582867,-0.06469757437519133
2018-06-19,-0.06649193319216082,0.05056027744235734,0.6596213517231122,0.4693532475627463,0.022847293721474485,-0.27546689381497913,-0.7929153601582867,-0.06394859546299327
2018-06-20,-0.047247804114441204,0.04681541998896359,0.7419949713760677,0.510862836568493,-0.0050953351157653,-0.28542687431668096,-0.8049059529112713,-0.0631996165507952
2018-06-21,-0.10358327297091202,0.02309767198238563,0.6870183427385077,0.47973064481418276,-0.06264880943724392,-0.31174967992832264,-0.8158064312946762,-0.062450637638597144
2018-06-22,-0.08099482659307046,-0.02059487138788183,0.6598039983298819,0.47973064481418276,-0.029284476497256327,-0.30392398096269996,-0.8152612077817857,-0.06170165872639908
2018-06-25,-0.12938482891999115,-0.05055468342028447,0.6961506730769726,0.448598453059873,-0.06473408024599363,-0.3601267280794484,-0.8201665561167982,-0.0594547219898049
2018-06-26,-0.14516823083286456,-0.000621028429444975,0.6963333196837423,0.45897585031130944,-0.03303796395300509,-0.3508781747564392,-0.8446926324794587,-0.058705743077606835
2018-06-27,-0.2177093339929038,0.07552758114040341,0.6461055028221845,0.40708886405412636,0.0716426306462066,-0.36154958243683427,-0.8550478873499726,-0.05795676416540877
2018-06-28,-0.2618740528400533,0.08801075678680012,0.6050100162990916,0.4174662613055628,0.07873255139595406,-0.39854379572887166,-0.8686734853292281,-0.05720778525321071
2018-06-29,-0.15421465845590704,-0.006863092455269653,0.5049196757895136,0.4278436585569997,0.12794494248243565,-0.40636949469449435,-0.8591355667437495,-0.05645880634101265
2018-07-02,-0.256653366364465,0.02309767198238563,0.4888467743938152,0.448598453059873,0.09749998867469668,-0.4376722905569876,-0.8904744420960374,-0.05421186960441847
2018-07-03,-0.24834288585230502,-0.011856553194878867,0.5412663505366044,0.40708886405412636,0.062467439087710026,-0.4760893582064109,-0.8583182304587141,-0.053462890692220405
2018-07-04,-0.33879433726712427,-0.026835983008453863,0.5690286347655386,0.4174662613055628,0.10917750520369243,-0.6055691047285403,-0.8427848491686424,-0.05271391178002234
2018-07-05,-0.33879433726712427,-0.026835983008453863,0.5503986808750702,0.4174662613055628,0.11334804682119125,-0.6055691047285403,-0.8427848491686424,-0.05196493286782428
2018-07-06,-0.3114488708240369,-0.08051449545268712,0.5967909189944727,0.3967114668026895,0.02534961869197366,-0.6084148134433127,-0.8509602079561962,-0.05121595395562622
2018-07-09,-0.20853663126236327,-0.07552103471307789,0.6283887819655621,0.4382210558084361,0.11293099265944119,-0.5714206001512753,-0.8406049530856817,-0.04896901721903204
2018-07-10,-0.19860331831400946,-0.07177617725968415,0.6282061353587924,0.448598453059873,0.1429588923054301,-0.5863605709038286,-0.8523227677541214,-0.048220038306833975
2018-07-11,-0.265548855773078,0.004372432310164239,0.5690286347655386,0.4278436585569997,0.04078062267671758,-0.7229545892128887,-0.8822990833084846,-0.04747105939463591
2018-07-12,-0.17657225815285532,0.015607004670345488,0.5783436117107731,0.4278436585569997,-0.09434492573023248,-0.6752889682404561,-0.8763039532600917,-0.04672208048243785
2018-07-13,-0.16152973597225,0.00811728976355799,0.523549629679982,0.40708886405412636,-0.010934093380263174,-0.6774232497765353,-0.8910196656089284,-0.04597310157023979
2018-07-16,-0.17923981979873332,-0.02184252226884465,0.5144172993415171,0.4278436585569997,-0.13938677519921583,-0.6930746477077819,-0.8951073450027053,-0.04372616483364561
2018-07-17,-0.19770360817309143,0.035580847628782344,0.5144172993415171,0.4382210558084361,-0.14605964178721323,-0.7179745989620377,-0.9288988945224997,-0.042977185921447544
2018-07-18,-0.22042819490120238,0.04931262656139452,0.49615263866458725,0.45897585031130944,-0.1606565374484582,-0.6994774923160194,-0.9272635566400286,-0.04222820700924949
2018-07-19,-0.22873275626769912,0.06054719892157577,0.44154130324056584,0.4174662613055628,-0.10143484647997994,-0.7912515983674187,-0.9378915895950879,-0.04147922809705142
2018-07-20,-0.1648671476024298,-0.02808458629466933,0.5741427397550792,0.4693532475627463,-0.09934957567123082,-0.7051689097455636,-0.918543306995785,-0.04073024918485336
2018-07-23,-0.13017996748751212,-0.0018696317156604392,0.5834577167003139,0.5419950283228027,-0.038459668055752905,-0.7186860261407304,-0.9335314647729663,-0.03848331244825918
2018-07-24,-0.06908353246868558,-0.009359346622447938,0.6618131110043444,0.5316176310713663,-0.0351232347617542,-0.6276233472680237,-0.9338039102013115,-0.037734333536061114
2018-07-25,-0.06976620726859217,-0.04056776194106604,0.6616304643975747,0.5212402338199293,-0.029284476497256327,-0.6176633667663218,-0.9133655132324274,-0.036985354623863057
2018-07-26,-0.11704538325924733,0.00811728976355799,0.6154208728849411,0.562749822825676,0.005748073089730923,-0.6169519395876286,-0.9299886762358797,-0.03623637571166499
2018-07-27,-0.13484721384352225,-0.000621028429444975,0.5882065284763152,0.5419950283228027,0.019510860427475785,-0.6397176093058052,-0.9373466987383982,-0.03548739679946693
2018-07-30,-0.15086146243729015,-0.04056776194106604,0.5883891750830849,0.562749822825676,0.025766672853723128,-0.6411404636631912,-0.9408891546192846,-0.03324046006287275
2018-07-31,-0.1511179587493937,-0.02433972884127558,0.5151478857685943,0.5419950283228027,-0.008848822571514061,-0.5849377165464428,-0.9343491337142019,-0.032491481150674684
2018-08-01,-0.221668255917797,-0.008110743336232474,0.4833673761907359,0.5835046173285493,-0.08725500498048501,-0.703746055388177,-0.950154627776418,-0.031742502238476626
2018-08-02,-0.3059184157253692,0.06054719892157577,0.49706587169843325,0.562749822825676,-0.05931237614324523,-0.7201088804981169,-0.9700481338886119,-0.03099352332627856
2018-08-03,-0.3710951151551995,0.05680234146818202,0.47039946711011565,0.5316176310713663,-0.07891392174548796,-0.6831146672060795,-0.9602377698747881,-0.0302445444140805
2018-08-06,-0.42271894406318117,0.08426589933340638,0.4705821137168845,0.5212402338199293,-0.07766275926023838,-0.7300688609998187,-0.9754983730803145,-0.027997607677486314
2018-08-07,-0.31762451280007237,0.06678926294740045,0.5268372686018299,0.562749822825676,-0.08600384249523543,-0.7009003466734053,-0.972773253484463,-0.027248628765288253
2018-08-08,-0.3788748456061607,0.05180888072857281,0.5900329945440088,0.5419950283228027,-0.1527325083752112,-0.7030346282094844,-0.9645978946969102,-0.026499649853090192
2018-08-09,-0.28365650888332244,0.1017425357194123,0.6364252326634113,0.510862836568493,-0.1594053749632086,-0.6816918128486936,-0.9665053453515257,-0.02575067094089213
2018-08-10,-0.2732378259905246,0.2090995606078788,0.6453749163951074,0.448598453059873,-0.14063793768446542,-0.7137060358898795,-0.9686855740906866,-0.02500169202869407
2018-08-13,-0.2778478539384508,0.21284441806127255,0.7003515450326666,0.45897585031130944,-0.1564859958309594,-0.7307802881785119,-1.022642742494819,-0.022754755292099887
2018-08-14,-0.2978101726900599,0.2552883581453245,0.6442790367544908,0.4693532475627463,-0.15023018340471206,-0.799077297333042,-1.0180101722443524,-0.022005776379901823
2018-08-15,-0.38906860096372853,0.25154254828667816,0.7008994848529748,0.4382210558084361,-0.2499061280629254,-0.9726655289341388,-1.0602495259800457,-0.021256797467703762
2018-08-16,-0.41647227233917866,0.2453014366661061,0.7578852261649973,0.448598453059873,-0.2152906326376882,-0.8944085392779063,-1.063792314517132,-0.0205078185555057
2018-08-17,-0.473049439643593,0.17664254200304522,0.8278388765576401,0.448598453059873,-0.17650459559495218,-0.8773342869892745,-1.062974645575897,-0.01975883964330764
2018-08-20,-0.4383454886159612,0.1516761907102518,0.7916748484173182,0.3967114668026895,-0.13605034190521711,-0.8211315398725254,-1.0349057806761492,-0.017511902906713457
2018-08-21,-0.37394912988949236,0.07178272368700966,0.786926036641316,0.4278436585569997,-0.11352941717072515,-0.7841373265804886,-1.0191002866139331,-0.016762923994515393
2018-08-22,-0.39890622105718393,0.05805094475439748,0.7458305501182231,0.3967114668026895,-0.05889532198149576,-0.8133058409069022,-1.0090171445155636,-0.01601394508231733
2018-08-23,-0.38289887813335693,0.11672291793823994,0.7505793618942252,0.3967114668026895,-0.026782151526757152,-0.8389172193398512,-1.0343608898194596,-0.01526496617011927
2018-08-24,-0.38284757887093634,0.05805094475439748,0.7829078112923918,0.3967114668026895,0.001577531472232102,-0.7727544917214003,-0.9817659485570516,-0.01451598725792121
2018-08-27,-0.28948193474090816,0.011862147216951738,0.7874739764616243,0.4278436585569997,0.001577531472232102,-0.7606602296836187,-0.9744082587107339,-0.012269050521327025
2018-08-28,-0.294279402301525,0.004372432310164239,0.7505793618942252,0.45897585031130944,0.06413565573470907,-0.7208203076768095,-0.9787683835328559,-0.011520071609128964
2018-08-29,-0.3138283673809371,-0.010607949908663402,0.7505793618942252,0.4693532475627463,0.07080852232270649,-0.7571030937901537,-0.9866712968920641,-0.010771092696930903
2018-08-30,-0.3559756440809633,0.004372432310164239,0.6957853798634341,0.4382210558084361,0.1116798301741916,-0.7713316373640144,-1.0052022432063321,-0.010022113784732842
2018-08-31,-0.38646417687159895,0.05680234146818202,0.6866530495249692,0.4382210558084361,0.10709223439494331,-0.8353600834463861,-0.9981166661321587,-0.00927313487253478
2018-09-03,-0.34469079287267756,0.09175561424019388,0.7231823708788296,0.47973064481418276,0.14337594646718016,-0.9321141797486371,-1.018827841185588,-0.007026198135940596
2018-09-04,-0.34469079287267756,0.09175561424019388,0.7505793618942252,0.47973064481418276,0.13086432161468486,-0.9321141797486371,-1.018827841185588,-0.006277219223742534
2018-09-05,-0.41610923140512346,0.05555373818196655,0.7505793618942252,0.47973064481418276,0.09624882618944769,-0.9214427720682413,-1.0128323784809954,-0.005528240311544473
2018-09-06,-0.4515432103979744,0.041821959249354376,0.7505793618942252,0.45897585031130944,0.05412635585271298,-0.8844485587762045,-1.0046570196934417,-0.004779261399346411
2018-09-07,-0.4396121857880425,0.08551450261962183,0.7871086832480857,0.5212402338199293,0.04912170591171463,-0.9043685197796089,-1.0163751670180816,-0.00403028248714835
2018-09-10,-0.4960532127421861,0.05805094475439748,0.8327703349404111,0.5212402338199293,0.10000231364519585,-0.8965428208139855,-1.0180101722443524,-0.0017833457505541655
2018-09-11,-0.5005063833300177,0.04681541998896359,0.8692996562942715,0.562749822825676,0.1604751670989237,-0.9057913741369947,-1.0114698186830695,-0.001034366838356104
2018-09-12,-0.5258679494514114,0.014359353789382667,0.8327703349404111,0.5523724255742396,0.23554491621389598,-0.8289572388381488,-0.9861264060353738,-0.0002853879261580425
2018-09-13,-0.4914303599786563,-0.0180976648154509,0.8282041697711786,0.5523724255742396,0.1371201340409322,-0.8189972583364463,-0.9934840958816921,0.0004635909860400189
2018-09-14,-0.4944037441505038,0.036829450914997806,0.7962410135865506,0.5731272200771129,0.1458782714376793,-0.8730657239171162,-1.0125599330526498,0.0012125698982380804
2018-09-17,-0.5380949313445389,-0.02184252226884465,0.791857495024087,0.5731272200771129,0.1604751670989237,-0.8652400249514929,-0.9997520040146304,0.0034595066348322647
2018-09-18,-0.4657629713312932,-0.008110743336232474,0.8146883208702501,0.6353916035857324,0.20343174575915796,-0.7521231035393028,-1.007654584717638,0.004208485547030326
2018-09-19,-0.4208603323247066,-0.01684906152923544,0.864916137731808,0.6665237953400427,0.21093872067065547,-0.7542573850753819,-0.9929392050250019,0.004957464459228388
2018-09-20,-0.4244877820924194,-0.09674252855247757,0.9153266012001355,0.6561463980886058,0.19425655420066137,-0.7400288415015212,-0.9820387266415974,0.005706443371426449
2018-09-21,-0.3236156747362483,-0.05804439832707197,0.8694823029010404,0.6561463980886058,0.18883485009791356,-0.5742663088660477,-1.009289922600109,0.006455422283624511
2018-09-24,-0.3471472383232093,-0.05305093758746275,0.869847596114579,0.6665237953400427,0.2718286282861328,-0.6041462503711544,-0.9989343350733942,0.008702359020218695
2018-09-25,-0.3471472383232093,-0.06927992309250586,0.869847596114579,0.687278589842916,0.32687977763711223,-0.6219319298384801,-0.9989343350733942,0.009451337932416756
2018-09-26,-0.308757632595502,-0.06178925578046572,0.8240032978154848,0.6457690008371694,0.31269993613761793,-0.616240512408936,-1.0152850526485013,0.010200316844614818
2018-09-27,-0.32967194727472726,0.039325705082176095,0.7783416461231594,0.6457690008371694,0.29893714879987304,-0.6667518420961402,-1.0471688188574795,0.01094929575681288
2018-09-28,-0.29318337382942017,0.0630444054940067,0.7600769854462287,0.6353916035857324,0.34814953988635466,-0.635449046233647,-1.0220978516381294,0.01169827466901094
2018-09-29,-0.45193979315745786,0.07677618442661888,0.7511273017145327,0.6769011925914791,0.44073556379482054,-0.6603489974879028,-1.0414461342374322,0.012447253581209001
2018-09-30,-0.45193979315745786,0.07677618442661888,0.7509446551077638,0.6769011925914791,0.44073556379482054,-0.6603489974879028,-1.0414461342374322,0.013196232493407064
2018-10-01,-0.45193979315745786,0.07677618442661888,0.7604422786597672,0.6769011925914791,0.44073556379482054,-0.6603489974879028,-1.0414461342374322,0.013945211405605125
2018-10-02,-0.45193979315745786,0.10299113900562776,0.7604422786597672,0.6353916035857324,0.46951230095555985,-0.6333147646975679,-1.0414461342374322,0.014694190317803186
2018-10-03,-0.45193979315745786,0.13419955432424588,0.7604422786597672,0.739165576100099,0.4620053260440629,-0.5941862698694519,-1.0414461342374322,0.015443169230001249
2018-10-04,-0.45193979315745786,0.1329509510380304,0.7604422786597672,0.7806751651058457,0.487862684072553,-0.6745775410617636,-1.0414461342374322,0.016192148142199308
2018-10-05,-0.45193979315745786,0.11672291793823994,0.7604422786597672,0.8221847541115923,0.44824253870631803,-0.6952089292438611,-1.0414461342374322,0.016941127054397372
2018-10-08,-0.45193979315745786,0.1354472052052087,0.7604422786597672,0.801429959608719,0.41070766414883164,-0.6895175118143169,-1.0414461342374322,0.019188063790991555
2018-10-09,-0.45470896680390066,0.12421263284502744,0.7606249252665369,0.801429959608719,0.4499107553533171,-0.6333147646975679,-1.03381599896277,0.019937042703189616
2018-10-10,-0.4632650918611134,0.10299113900562776,0.7606249252665369,0.8118073568601559,0.39402549767883754,-0.6703089779896053,-1.0280929816865214,0.020686021615387677
2018-10-11,-0.6465514373447614,0.041821959249354376,0.696698612897281,0.7287881788486626,0.29101311972662547,-0.6382947549484194,-0.9348940245708921,0.021435000527585738
2018-10-12,-0.6036909035922313,0.06678926294740045,0.7012647780665133,0.739165576100099,0.26432165337463526,-0.6418518908418844,-0.9496097369197284,0.0221839794397838
2018-10-15,-0.6521844909682696,0.04806402327517906,0.7060135898425155,0.749542973351536,0.2726627366096323,-0.6589261431305169,-0.9269911112116834,0.024430916176377986
2018-10-16,-0.6902386784416872,0.04556776910800077,0.6877489291655848,0.749542973351536,0.2568146784631384,-0.6717318323469912,-0.9245384370441769,0.025179895088576047
2018-10-17,-0.6677488844915782,0.11172945719863073,0.6968812595040506,0.7806751651058457,0.23095732043464767,-0.6738661138830703,-0.9343491337142019,0.025928874000774108
2018-10-18,-0.7528523877990353,0.1516761907102518,0.6422699240800291,0.7599203706029724,0.2472224327428917,-0.7186860261407304,-0.9267186657833388,0.02667785291297217
2018-10-19,-0.6560092455914475,0.12795749029842118,0.6696669150954239,0.7910525623572826,0.2505588660368904,-0.6738661138830703,-0.9299886762358797,0.02742683182517023
2018-10-22,-0.5127688800971301,0.16540796964286397,0.7156938600012887,0.7910525623572826,0.25347824516913964,-0.6631947062026752,-0.94116193270383,0.029673768561764416
2018-10-23,-0.6071851725825058,0.1591659056170393,0.6789818920406585,0.7599203706029724,0.17924260437766693,-0.7023232010307912,-0.9079152740407253,0.030422747473962477
2018-10-24,-0.611867216802676,0.21783787880088176,0.6241879100098682,0.687278589842916,0.1237744008649374,-0.7030346282094844,-0.9231758772462516,0.031171726386160538
2018-10-25,-0.6220185516163188,0.24904629411949986,0.6241879100098682,0.7287881788486626,0.12210618421793777,-0.7073031912816421,-0.9196334213653657,0.0319207052983586
2018-10-26,-0.6387667742724139,0.2090995606078788,0.6243705566166371,0.6665237953400427,0.1262767258354366,-0.7265117251063536,-0.9103679482082312,0.03266968421055666
2018-10-29,-0.7383564000680666,0.23656311847310313,0.5697592211926157,0.6665237953400427,0.132949592423434,-0.727223152285047,-0.9321689049750406,0.034916620947150846
2018-10-30,-0.7147676180730211,0.2902416309173364,0.5788915515310805,0.7080333843457893,0.054543410014463035,-0.8239772485872978,-0.9373466987383982,0.035665599859348904
2018-10-31,-0.6599336391666342,0.3052210607309114,0.5651930560233832,0.739165576100099,0.019510860427475785,-0.8318029475529212,-0.9654152309819449,0.03641457877154697
2018-11-01,-0.6333606212326898,0.19911263912866037,0.5377960650079876,0.7287881788486626,-0.13021158364071925,-0.7442974045736794,-0.9008300296227526,0.03716355768374503
2018-11-02,-0.5038684580671314,0.23156965773349392,0.6336855335618717,0.8118073568601559,-0.13605034190521711,-0.6240662113745586,-0.9147280730303532,0.03791253659594309
2018-11-05,-0.527587461266783,0.2078509573216633,0.6064711891532458,0.7910525623572826,-0.07057283851049091,-0.6937860748864751,-0.9177256380545494,0.04015947333253728
2018-11-06,-0.5481574789732231,0.20410609986826958,0.5701245144061542,0.8118073568601559,-0.15565188750745987,-0.7286460066424328,-0.9340763556296565,0.040908452244735334
2018-11-07,-0.5679964821901682,0.16415936635664852,0.5153305323753639,0.8118073568601559,-0.17817281224195183,-0.6980546379586329,-0.9275363347245739,0.0416574311569334
2018-11-08,-0.5798278678480906,0.24405283337989064,0.5153305323753639,0.8325621513630292,-0.2119541993436889,-0.7243774435702746,-0.9365290297971626,0.04240641006913146
2018-11-09,-0.6255325510921397,0.2777584552709397,0.506198202036899,0.7806751651058457,-0.22363171587268466,-0.7976544429756561,-0.981493503128707,0.04315538898132952
2018-11-12,-0.5733681068801859,0.35640331900796635,0.5248281559273674,0.7287881788486626,-0.19026738293269704,-0.8069029962986654,-0.9953915465363076,0.04540232571792371
2018-11-13,-0.5340265052248636,0.3264435069755637,0.5019973300812051,0.7287881788486626,-0.3721029974556301,-0.791963025546112,-1.0011145638125556,0.046151304630121764
2018-11-14,-0.5655163601569808,0.2640266763383275,0.4066558013476293,0.7080333843457893,-0.3958750846753717,-0.7592373753262328,-0.9774058237349301,0.04690028354231983
2018-11-15,-0.5257258899554768,0.280254709438118,0.35131387949653076,0.6976559870943524,-0.3654301308676327,-0.7080146184603353,-0.9640526711840192,0.04764926245451789
2018-11-16,-0.5128734516705258,0.22283133954049097,0.27825523678880976,0.6665237953400427,-0.3787758640436275,-0.6375833277697261,-0.9422517144172099,0.04839824136671595
2018-11-19,-0.48709754535265765,0.18787806676847912,0.32519541472852054,0.6457690008371694,-0.4267370926448601,-0.6375833277697261,-0.9359841389404723,0.05064517810331014
2018-11-20,-0.567981684326008,0.26527432721929034,0.32501276812175084,0.6457690008371694,-0.5368393913468196,-0.6831146672060795,-0.9471570627522223,0.051394157015508195
2018-11-21,-0.5583788570105565,0.2527911515728936,0.3149672047494391,0.6457690008371694,-0.530583578920572,-0.6418518908418844,-0.9286261164379543,0.05214313592770626
2018-11-22,-0.6534679590530657,0.27900610615190247,0.3516791727100693,0.6353916035857324,-0.5531045036550636,-0.6454090267353495,-0.9417068235605196,0.05289211483990432
2018-11-23,-0.6534679590530657,0.27900610615190247,0.3516791727100693,0.6353916035857324,-0.6957370269735113,-0.6795575313126144,-0.9417068235605196,0.05364109375210238
2018-11-26,-0.6543913457766393,0.29773134582412386,0.39441847869408536,0.6561463980886058,-0.6119091404617919,-0.6944975020651678,-0.9438870522996815,0.05588803048869657
2018-11-27,-0.6540480353281317,0.33518182516856665,0.36683884107192094,0.6457690008371694,-0.6169137904027902,-0.7620830840410046,-0.968413128662342,0.056637009400894625
2018-11-28,-0.612209540726906,0.26277807305211204,0.3120448590411306,0.6457690008371694,-0.6840595104445154,-0.635449046233647,-0.940616709190939,0.05738598831309269
2018-11-29,-0.6590911474338013,0.2615294697658966,0.2937801983642,0.6146368090828591,-0.6707137772685203,-0.6596375703092102,-0.9332590193446212,0.05813496722529075
2018-11-30,-0.6240517781518797,0.3226976971169173,0.28464786802573505,0.5938820145799858,-0.6949029186500114,-0.6617718518452887,-0.9438870522996815,0.05888394613748881
2018-12-03,-0.5218981757594673,0.29398648837073016,0.27551553768727016,0.562749822825676,-0.5923075948595491,-0.6304690559827961,-0.9065527142427994,0.061130882874083
2018-12-04,-0.5108165485523098,0.2852481701777272,0.19332456464108427,0.49010804206561964,-0.5485169078758153,-0.703746055388177,-0.8869319862151515,0.061879861786281055
2018-12-05,-0.6050335631336672,0.26527432721929034,0.13853058261029313,0.448598453059873,-0.5410099329643181,-0.6781346769552286,-0.8951073450027053,0.06262884069847911
2018-12-06,-0.6050335631336672,0.26527432721929034,0.13871322921706283,0.448598453059873,-0.6898982687090134,-0.7222431620341954,-0.8951073450027053,0.06337781961067718
2018-12-07,-0.6060832249647377,0.2278248002801002,0.15734318310753123,0.4278436585569997,-0.5280812539500728,-0.700188919494712,-0.8713986049250797,0.06412679852287524
2018-12-10,-0.6431962682775899,0.31645658549634526,0.1253800269229032,0.4278436585569997,-0.5873029449185511,-0.7563916666114604,-0.8798467417971789,0.06637373525946942
2018-12-11,-0.6272303593734109,0.33767807933574495,0.12063121514690188,0.4693532475627463,-0.6106579779765425,-0.688094657456931,-0.8847517574759901,0.06712271417166749
2018-12-12,-0.617858378738852,0.29398648837073016,0.12994619209213648,0.49010804206561964,-0.6018998405797957,-0.6831146672060795,-0.8779389584863626,0.06787169308386555
2018-12-13,-0.5667376772123054,0.2964827425379084,0.24099532900787218,0.49010804206561964,-0.6398517692990316,-0.6902289389930095,-0.88257186139303,0.06862067199606361
2018-12-14,-0.6303744122452355,0.3439201433615696,0.2696708462706523,0.4693532475627463,-0.6594533149012743,-0.6973432107799402,-0.898104910026901,0.06936965090826167
2018-12-17,-0.637130130496337,0.3014762032775176,0.3144192649291317,0.4382210558084361,-0.6999075685910094,-0.7073031912816421,-0.8697635996988088,0.07161658764485586
2018-12-18,-0.6658981649473221,0.30646966401712683,0.31460191153590056,0.3967114668026895,-0.7970811882787239,-0.8346486562676929,-0.8648585840199976,0.07236556655705392
2018-12-19,-0.7098665654632849,0.29398648837073016,0.2594426362915717,0.3448244805455064,-0.782901346779229,-0.7571030937901537,-0.8569556706607888,0.07311454546925197
2018-12-20,-0.7313422124563068,0.19911263912866037,0.1847401741229268,0.3655792750483797,-0.8980082954221865,-0.7841373265804886,-0.8256167953085004,0.07386352438145004
2018-12-21,-0.765475952451647,0.28399956689151173,0.214876864239862,0.3655792750483797,-0.9359602241414227,-0.8182858311577537,-0.8523227677541214,0.0746125032936481
2018-12-24,-0.7493748897214757,0.2328182610197094,0.27241054537219195,0.31369228879119665,-0.9543106072584159,-0.833225801910307,-0.8149887623534406,0.07685944003024228
2018-12-25,-0.7895136029928735,0.2952350916569456,0.20483130086755025,0.38633406955125305,-0.9543106072584159,-0.8403400736972371,-0.810356192102974,0.07760841894244035
2018-12-26,-0.7895136029928735,0.2952350916569456,0.18620134697708104,0.38633406955125305,-0.9543106072584159,-0.7784459091509445,-0.810356192102974,0.07835739785463841
2018-12-27,-0.8094680295502654,0.22407994282670643,0.13104207173275217,0.3448244805455064,-0.9543106072584159,-0.826111530123377,-0.7882824572516188,0.07910637676683648
2018-12-28,-0.7955205493174873,0.21284441806127255,0.05907930866564691,0.29293749428832333,-0.9926795901394018,-0.811171559370823,-0.7811972128336462,0.07985535567903453
2018-12-29,-0.8379045918440706,0.18538086019604819,0.04994697832718199,0.2618053025340131,-0.8471276876887053,-0.8830257044188187,-0.77819964780945,0.08060433459123259
2018-12-30,-0.8379045918440706,0.18538086019604819,0.04994697832718199,0.2618053025340131,-0.8471276876887053,-0.8830257044188187,-0.77819964780945,0.08135331350343065
2018-12-31,-0.8379045918440706,0.18538086019604819,0.04994697832718199,0.2618053025340131,-0.8471276876887053,-0.8830257044188187,-0.77819964780945,0.08210229241562872
2019-01-01,-0.8379045918440706,0.2665229305055058,-0.047038369867317756,0.23067311077970334,-0.8471276876887053,-0.8531457629137112,-0.77819964780945,0.08285127132782678
2019-01-02,-0.8379045918440706,0.2665229305055058,-0.047038369867317756,0.23067311077970334,-0.8471276876887053,-0.8944085392779063,-0.77819964780945,0.08360025024002483
2019-01-03,-0.8497468292690439,0.2028574965820541,-0.10621587046057164,0.12689913826533672,-0.8817431831139427,-0.9726655289341388,-0.748768223111777,0.0843492291522229
2019-01-04,-0.7816135165800802,0.18787806676847912,-0.08740326996333356,0.24105050803113978,-0.7812331301322296,-0.8595486075219487,-0.7735670775589834,0.08509820806442096
2019-01-07,-0.7511782561004198,0.12795749029842118,-0.08849914960394925,0.27218269978545,-0.720343222516752,-0.8744885782745021,-0.762393821091033,0.08734514480101514
2019-01-08,-0.7588553880265391,0.1516761907102518,-0.14256254520766243,0.3033148915397597,-0.7282672515899993,-0.8474543454841671,-0.7722045177610576,0.08809412371321321
2019-01-09,-0.7279051618741176,0.06678926294740045,-0.1617404389184399,0.31369228879119665,-0.6219184403437883,-0.8460314911267812,-0.7555810221014051,0.08884310262541127
2019-01-10,-0.7292419022698888,0.10673599645902151,-0.18000509959536973,0.31369228879119665,-0.5797959700070539,-0.8737771510958088,-0.7681168383672806,0.08959208153760934
2019-01-11,-0.7043982613940899,0.12296402955881197,-0.17050747604336625,0.2825600970368864,-0.6310936319022848,-0.8389172193398512,-0.7615764848059983,0.09034106044980739
2019-01-14,-0.7349282282043723,0.11297710807959355,-0.12685493702550255,0.2825600970368864,-0.6494440150192783,-0.8773342869892745,-0.7561262456142955,0.09258799718640158
2019-01-15,-0.6714759732113005,0.16041450890325476,-0.11114732884334266,0.29293749428832333,-0.6556998274455259,-0.8780457141679671,-0.7640291589735042,0.09333697609859964
2019-01-16,-0.6715430568621589,0.171649081263436,-0.22767586396215764,0.3033148915397597,-0.6073215446825435,-0.8225543942299113,-0.749313446624668,0.0940859550107977
2019-01-17,-0.6927020295621605,0.17289768454965146,-0.224936164860618,0.32406968604263303,-0.6056533280355442,-0.8133058409069022,-0.750948451850938,0.09483493392299576
2019-01-18,-0.6336871607684832,0.20660235403544785,-0.19753917384522243,0.3655792750483797,-0.5143184666123279,-0.7578145209688469,-0.7773819788682144,0.09558391283519382
2019-01-20,-0.6600421568371398,0.20160984570109128,-0.1743430547855216,0.31369228879119665,-0.5084797083478301,-0.772043064542707,-0.7741119684156731,0.09708187065958994
2019-01-21,-0.6600421568371398,0.20160984570109128,-0.1743430547855216,0.31369228879119665,-0.5084797083478301,-0.8104601321921303,-0.7741119684156731,0.097830849571788
2019-01-22,-0.6600421568371398,0.20160984570109128,-0.16813307015536516,0.31369228879119665,-0.5618626410518105,-0.8424743552333163,-0.7741119684156731,0.09857982848398607
2019-01-23,-0.6600243994001476,0.17913974857547615,-0.14639812394981777,0.33444708329406947,-0.5556068286255628,-0.8495886270202463,-0.7724769631894027,0.09932880739618413
2019-01-24,-0.6394168937711693,0.23905937264028143,-0.11936642614796159,0.29293749428832333,-0.5539386119785632,-0.863817170594107,-0.7833774415728075,0.1000777863083822
2019-01-25,-0.6178603517874065,0.1379444117776396,-0.10840762974180303,0.33444708329406947,-0.5372564455085693,-0.7435859773949862,-0.7335076199062507,0.10082676522058025
2019-01-28,-0.6198955513715222,0.1329509510380304,-0.10859027634857271,0.32406968604263303,-0.611492086300042,-0.8133058409069022,-0.7198820219269951,0.10307370195717444
2019-01-29,-0.6173542648331404,0.14168926923103337,-0.13616991397073716,0.29293749428832333,-0.5585262077578117,-0.7492773948245304,-0.7040765278647785,0.1038226808693725
2019-01-30,-0.6489930849311336,0.08176869276097544,-0.15352134161382097,0.27218269978545,-0.5205742790385756,-0.6824032400273868,-0.6994436249581111,0.10457165978157056
2019-01-31,-0.623583179120151,0.11172945719863073,-0.1743430547855216,0.19954091902539312,-0.4968021918188343,-0.6582147159518237,-0.6727376525124901,0.10532063869376862
2019-02-01,-0.5647942243859815,0.11172945719863073,-0.17525628781936758,0.27218269978545,-0.5218254415238252,-0.6745775410617636,-0.6803677877871529,0.10606961760596668
2019-02-02,-0.49135045151219314,0.14543412668442712,-0.18511920458491044,0.3033148915397597,-0.5051432750538314,-0.6461204539140427,-0.7073465383173193,0.10681859651816475
2019-02-03,-0.49135045151219314,0.14543412668442712,-0.18712831725937296,0.3033148915397597,-0.5051432750538314,-0.6461204539140427,-0.7073465383173193,0.1075675754303628
2019-02-04,-0.49135045151219314,0.14543412668442712,-0.241374359469855,0.3033148915397597,-0.5051432750538314,-0.6461204539140427,-0.7073465383173193,0.10831655434256086
2019-02-05,-0.49135045151219314,0.17664254200304522,-0.241374359469855,0.2825600970368864,-0.5297494705970721,-0.6133948036941635,-0.7073465383173193,0.10906553325475893
2019-02-06,-0.49135045151219314,0.21658927551466628,-0.241374359469855,0.27218269978545,-0.5068114917008307,-0.585649143725136,-0.7073465383173193,0.10981451216695699
2019-02-07,-0.49135045151219314,0.2278248002801002,-0.241374359469855,0.22029571352826643,-0.5572750452725621,-0.5970319785842243,-0.7073465383173193,0.11056349107915506
2019-02-08,-0.49135045151219314,0.24405283337989064,-0.241374359469855,0.19954091902539312,-0.5422610954495677,-0.6226433570171728,-0.7073465383173193,0.11131246999135311
2019-02-11,-0.49135045151219314,0.2964827425379084,-0.241374359469855,0.22029571352826643,-0.5451804745818166,-0.6525232985222795,-0.7073465383173193,0.1135594067279473
2019-02-12,-0.46417072114769536,0.2527911515728936,-0.22712792414184937,0.25142790528257664,-0.49179754187783625,-0.6781346769552286,-0.7013514082689274,0.11430838564014535
2019-02-13,-0.39541787121257344,0.3052210607309114,-0.23242467573815978,0.2825600970368864,-0.4630208047170966,-0.6767118225978427,-0.6969909507906051,0.11505736455234342
2019-02-14,-0.38833857299851066,0.28649677346394264,-0.2311461494907744,0.23067311077970334,-0.43257585090935796,-0.6731546867043771,-0.6997160703864562,0.11580634346454148
2019-02-15,-0.44701999658645286,0.27900610615190247,-0.2187261802304616,0.23067311077970334,-0.36376191422063303,-0.639006182127112,-0.6770977773346116,0.11655532237673955
2019-02-17,-0.3358850771733015,0.229072451161063,-0.16393219819967128,0.22029571352826643,-0.3320657979276451,-0.619797648302401,-0.6171451462258863,0.11805328020113566
2019-02-18,-0.3358850771733015,0.229072451161063,-0.16393219819967128,0.22029571352826643,-0.3320657979276451,-0.5884948524399077,-0.6171451462258863,0.11880225911333372
2019-02-19,-0.3358850771733015,0.229072451161063,-0.13014257594735043,0.22029571352826643,-0.35500377682388656,-0.5322921053231593,-0.6171451462258863,0.11955123802553179
2019-02-20,-0.3260198344000818,0.22033413296806004,-0.14530224430920208,0.22029571352826643,-0.31496657729590155,-0.4718207951342526,-0.6084245639254421,0.12030021693772985
2019-02-21,-0.33715670696676914,0.2403079759264969,-0.11516555419226769,0.2618053025340131,-0.3112130898401528,-0.5038350181754385,-0.6623820649857759,0.12104919584992792
2019-02-22,-0.26327294426529596,0.2278248002801002,-0.09872735958303068,0.22029571352826643,-0.3112130898401528,-0.43055801877005756,-0.6468490163519038,0.12179817476212597
2019-02-25,-0.04863584377263368,0.21534162463370346,-0.03735809970854458,0.24105050803113978,-0.43174174258585846,-0.4334037274848293,-0.6558417114244924,0.12404511149872016
2019-02-26,-0.0851964334901854,0.16415936635664852,-0.020737258492537887,0.20991831627683002,-0.4113060886601156,-0.43198087312744343,-0.6580219401636539,0.12479409041091821
2019-02-27,-0.0991596981114,0.18288460602886988,-0.055257467171936664,0.2618053025340131,-0.3679324558381319,-0.4113494849453459,-0.6781878917041922,0.1255430693231163
2019-02-28,-0.09491369762180726,0.18413320931508537,-0.047586309687626005,0.3033148915397597,-0.38961927224912374,-0.43198087312744343,-0.691540711598903,0.12629204823531434
2019-03-01,-0.017390646861292214,0.23032105444727846,-0.022198431346692953,0.33444708329406947,-0.4446704216001035,-0.4547465428456201,-0.7362327395021018,0.1270410271475124
2019-03-04,0.03680998345905409,0.24904629411949986,0.005746499489010859,0.29293749428832333,-0.4142254677923648,-0.4874721930654992,-0.7678440602827358,0.1292879638841066
2019-03-05,0.08153603462000024,0.27026778795889955,0.02875997194194284,0.29293749428832333,-0.42256655102736185,-0.45261226130954096,-0.7754745282135984,0.13003694279630465
2019-03-06,0.11577138661590457,0.27276499453133046,0.0053812062754722955,0.2618053025340131,-0.4113060886601156,-0.47395507667033177,-0.7675716148543902,0.1307859217085027
2019-03-07,0.07695560240039419,0.37263135210775683,-0.0766271201639447,0.20991831627683002,-0.3983774096458708,-0.4853379115294201,-0.7705691798785864,0.13153490062070078
2019-03-08,-0.0658605576546748,0.33518182516856665,-0.10384146457257057,0.1891635217739567,-0.3633448600588836,-0.5095264356049827,-0.7345977342758313,0.13228387953289883
2019-03-11,0.03230354056024728,0.31645658549634526,-0.1127911483042666,0.20991831627683002,-0.38836810976387415,-0.4988550279245876,-0.7569435818993309,0.134530816269493
2019-03-12,0.07357971632339867,0.28150331272433343,-0.10365881796580169,0.1787861245225198,-0.37710764739662844,-0.45972653309647105,-0.7365051849304468,0.1352797951816911
2019-03-13,0.01696900719355493,0.2328182610197094,-0.11260850169749692,0.1787861245225198,-0.353752614338637,-0.44976655259476855,-0.705983978519394,0.13602877409388914
2019-03-14,-0.020109507769591427,0.26277807305211204,-0.09434384102056709,0.19954091902539312,-0.34165804364789115,-0.5123721443197544,-0.7444080982896556,0.1367777530060872
2019-03-15,0.027267334124517997,0.23905937264028143,-0.11242585509072804,0.15803133001964648,-0.34457742278014036,-0.4917407561376569,-0.721517027153265,0.13752673191828527
2019-03-18,0.1408044401529494,0.229072451161063,-0.11224320848395836,0.16840872727108336,-0.3220564980456484,-0.4874721930654992,-0.7256047065470425,0.13977366865487945
2019-03-19,0.13098753706931865,0.21159581477505707,-0.11224320848395836,0.1787861245225198,-0.3020378982816562,-0.46755223206209434,-0.712796777509022,0.1405226475670775
2019-03-20,0.12285857702418469,0.13419955432424588,-0.0983620663694913,0.1061443437624634,-0.251157290548175,-0.47039794077686675,-0.7250598156903523,0.14127162647927557
2019-03-21,0.13245745824252766,0.2265761969938847,-0.12795081666611824,0.1061443437624634,-0.2532425613569241,-0.4917407561376569,-0.7097992124848258,0.14202060539147363
2019-03-22,0.13676659628586943,0.2453014366661061,-0.16648925069444123,0.0023703712480967936,-0.3370704478686429,-0.5820920078316709,-0.6948110547076445,0.1427695843036717
2019-03-25,0.05118857480102154,0.23531451518688767,-0.21196825577999776,-0.008007026003339638,-0.2920285983996595,-0.562172046828266,-0.6667421898078969,0.14501652104026588
2019-03-26,-0.008418208559048361,0.25653600902628737,-0.24813228392031966,-0.02876182050621296,-0.28618984013516163,-0.5657291827217311,-0.6874530322051255,0.14576549995246393
2019-03-27,0.034930654710755515,0.26028086647968113,-0.20265327883476314,-0.04951661500908628,-0.2928627067231596,-0.5529234935052568,-0.6994436249581111,0.146514478864662
2019-03-28,0.01435669090720617,0.31395937892391435,-0.24794963731354996,-0.04951661500908628,-0.34582858526538995,-0.5330035325018526,-0.7542184623034793,0.14726345777686006
2019-03-29,0.1605398583207745,0.32394630040313277,-0.23899995358185475,-0.02876182050621296,-0.26867356534166803,-0.444075135165225,-0.7454982126592362,0.1480124366890581
2019-04-01,0.28479160452519947,0.320201442949739,-0.12046230578857728,0.05425735750528033,-0.22071233674043603,-0.45972653309647105,-0.758033696268911,0.15025937342565232
2019-04-02,0.28693729482837477,0.3339332218823512,-0.05671864002609092,0.043879960253843435,-0.19568908703544488,-0.4853379115294201,-0.7536735714467896,0.15100835233785037
2019-04-03,0.3339668801768667,0.30022759999130216,0.062001654373955425,0.08538954925959008,-0.2152906326376882,-0.425578028519206,-0.7539460168751346,0.15175733125004842
2019-04-04,0.37627002771271056,0.3276911578565265,0.1255626735296729,0.07501215200815319,-0.1906844370944471,-0.47893506692118265,-0.7563986910426407,0.1525063101622465
2019-04-05,0.3683354129502094,0.3389266826219604,0.08958129199612068,0.06463475475671676,-0.1852627329916987,-0.5002778822819735,-0.7343252888474867,0.15325528907444455
2019-04-08,0.3683354129502094,0.2952350916569456,0.08958129199612068,0.08538954925959008,-0.13563328774346706,-0.4476322710586901,-0.7343252888474867,0.15550222581103873
2019-04-09,0.38144928016865015,0.2902416309173364,0.1626399347038408,0.07501215200815319,-0.1398038293609659,-0.44549798952261094,-0.7168844569027985,0.1562512047232368
2019-04-10,0.3954480596638483,0.2827509636052962,0.17177226504230655,0.043879960253843435,-0.11436352549422528,-0.45688082438169925,-0.7016238536972725,0.15700018363543486
2019-04-11,0.2974112230807013,0.31146312475673604,0.14474056724044954,0.07501215200815319,-0.12812631283197012,-0.5116607171410618,-0.7574888054122214,0.1577491625476329
2019-04-12,0.2873240123450845,0.2852481701777272,0.24519620096356606,0.12689913826533672,-0.11686585046472445,-0.4298465915913643,-0.7520385662205191,0.158498141459831
2019-04-15,0.26986351916076257,0.28150331272433343,0.3186201368848256,0.11652174101389984,-0.14480847930196364,-0.44549798952261094,-0.762393821091033,0.16074507819642517
2019-04-16,0.38475117692484706,0.29398648837073016,0.3553321048454549,0.16840872727108336,-0.15148134588996165,-0.4511894069521551,-0.8010907189458395,0.16149405710862322
2019-04-17,0.3969998623520769,0.2902416309173364,0.3555147514522246,0.15803133001964648,-0.13479917941996755,-0.4006780772649502,-0.8021808333154207,0.1622430360208213
2019-04-18,0.3771066002998796,0.3476650008149634,0.29177108568973825,0.13727653551677316,-0.1527325083752112,-0.46755223206209434,-0.8029981696004556,0.16299201493301935
2019-04-19,0.3395584997807281,0.32394630040313277,0.3195333699186716,0.15803133001964648,-0.1527325083752112,-0.47466650384902437,-0.798638044778334,0.16374099384521743
2019-04-22,0.3395584997807281,0.32394630040313277,0.38345968228792765,0.15803133001964648,-0.1527325083752112,-0.4931636104950434,-0.798638044778334,0.1659879305818116
2019-04-23,0.3160634375920276,0.3601481764613601,0.3655603148245364,0.13727653551677316,0.000743423148732575,-0.5031235909967452,-0.8100834140184281,0.16673690949400966
2019-04-24,0.3397114110437129,0.42630986455199005,0.4294866271937916,0.09576694651102652,-0.03262090979125503,-0.4810693484572618,-0.7931878055866313,0.16748588840620773
2019-04-25,0.22718055977815055,0.4387930401983868,0.40208963617839605,0.1061443437624634,0.023681402044974015,-0.5500777847904844,-0.7923701366453957,0.16823486731840578
2019-04-26,0.17051361876449994,0.4150752921918088,0.37469264516300127,0.07501215200815319,-0.13938677519921583,-0.5123721443197544,-0.7675716148543902,0.16898384623060383
2019-04-28,0.1669108321037198,0.3963500525195874,0.37469264516300127,0.1061443437624634,-0.13146274612596884,-0.5045464453541317,-0.7847400013707329,0.17048180405499996
2019-04-29,0.1669108321037198,0.3963500525195874,0.4157881316860942,0.1061443437624634,-0.13146274612596884,-0.5045464453541317,-0.7847400013707329,0.17123078296719804
2019-04-30,0.18064916918970567,0.34891360410117883,0.3429121355851421,0.07501215200815319,-0.09100849243623377,-0.4945864648524293,-0.7732942994744375,0.1719797618793961
2019-05-01,-0.08093070251504565,0.37512855868018774,0.33925920344975646,0.08538954925959008,-0.0985154673477307,-0.6404290364844986,-0.7762921971548344,0.17272874079159414
2019-05-02,-0.08093070251504565,0.3926051950661937,0.33925920344975646,0.11652174101389984,-0.15898832080145855,-0.6717318323469912,-0.7762921971548344,0.17347771970379222
2019-05-03,-0.08093070251504565,0.35390611243553544,0.33925920344975646,0.1061443437624634,-0.10101779231822988,-0.6155290852302427,-0.7762921971548344,0.17422669861599027
2019-05-05,-0.08093070251504565,0.35390611243553544,0.33925920344975646,0.07501215200815319,-0.10101779231822988,-0.6005891144776894,-0.7762921971548344,0.1757246564403864
2019-05-06,-0.08093070251504565,0.35390611243553544,0.28464786802573505,0.07501215200815319,-0.10101779231822988,-0.6005891144776894,-0.7762921971548344,0.17647363535258445
2019-05-07,-0.04499260961648316,0.36763789136814756,0.28483051463250475,0.012747768499533685,-0.14147204600796495,-0.6631947062026752,-0.771386848819822,0.17722261426478253
2019-05-08,-0.09960955318185932,0.36639024048718477,0.26199968878634167,0.05425735750528033,-0.13688445022871665,-0.6788461041339212,-0.7825597726315715,0.17797159317698058
2019-05-09,-0.16633410920280717,0.33518182516856665,0.2053792406878577,0.012747768499533685,-0.15690304999270946,-0.6831146672060795,-0.771386848819822,0.17872057208917863
2019-05-10,-0.02022295806148404,0.33018836442895744,0.18729722661769674,0.033502563002407004,-0.11436352549422528,-0.6788461041339212,-0.7653917187714301,0.1794695510013767
2019-05-13,-0.0851658512375882,0.328939761142742,0.13104207173275217,-0.03913921775764985,-0.08433562584823637,-0.7578145209688469,-0.7261499300599329,0.1817164877379709
2019-05-14,-0.11255472474887825,0.3551547157217509,0.15843906274814692,-0.01838442325477653,-0.07682865093673885,-0.7492773948245304,-0.7408656424087696,0.18246546665016894
2019-05-15,-0.02007892551699423,0.3601481764613601,0.14072234189152452,-0.0702714095119596,-0.053473617878747354,-0.7236660163915819,-0.7365051849304468,0.18321444556236702
2019-05-16,-0.0020886687957510854,0.39385284594715647,0.1224576812145947,-0.03913921775764985,0.013672102162977911,-0.7165517446046512,-0.7672991694260456,0.18396342447456507
2019-05-17,-0.10863230422224614,0.4138266889055933,0.12300562103490295,-0.04951661500908628,-0.018024014130010636,-0.7300688609998187,-0.7959129251824824,0.18471240338676315
2019-05-20,-0.13944737654867467,0.40508837071259035,0.13250324458690643,-0.02876182050621296,-0.048468967937749595,-0.7478545404671445,-0.7915528003603609,0.18695934012335733
2019-05-21,-0.08380148816205199,0.42131640381238084,0.18236576823492573,-0.008007026003339638,-0.059729430304995286,-0.7635059383983911,-0.8027257241721104,0.18770831903555538
2019-05-22,-0.10247047358609308,0.4275584678382055,0.2324109384897147,-0.04951661500908628,-0.10143484647997994,-0.8161515496216745,-0.7983655993499889,0.18845729794775345
2019-05-23,-0.1820898884359169,0.3951014492333719,0.2024568949795492,-0.13253579302057958,-0.25032318222467487,-0.8125944137282095,-0.7678440602827358,0.1892062768599515
2019-05-24,-0.1811812995765033,0.3651416372009693,0.20702306014878163,-0.12215839576914314,-0.2665882945329189,-0.7855601809378745,-0.7727494086177478,0.18995525577214956
2019-05-26,-0.08971076858321075,0.4088332281659841,0.27551553768727016,-0.1844227792777631,-0.1744193247862031,-0.7834258994017954,-0.7904626859907802,0.19145321359654568
2019-05-27,-0.08971076858321075,0.4088332281659841,0.27551553768727016,-0.1844227792777631,-0.1744193247862031,-0.7663516471131628,-0.7904626859907802,0.19220219250874374
2019-05-28,-0.08971076858321075,0.4088332281659841,0.2024568949795492,-0.1844227792777631,-0.1744193247862031,-0.7905401711887254,-0.7904626859907802,0.1929511714209418
2019-05-29,-0.09370619190636509,0.43130332529159926,0.16136140845645625,-0.19480017652919954,-0.15565188750745987,-0.8360715106250788,-0.7792897621790302,0.19370015033313986
2019-05-30,-0.11809208551748682,0.43130332529159926,0.13853058261029313,-0.2259323682835093,-0.20111079113819327,-0.8467429183054745,-0.7615764848059983,0.19444912924533794
2019-05-31,-0.13228915639242694,0.38261827358697525,0.13871322921706283,-0.3089515462950026,-0.3166347939429006,-0.8695085880236512,-0.7106165487698607,0.195198108157536
2019-06-03,-0.13660026748432397,0.30646966401712683,0.07478691684780679,-0.38159332705505944,-0.4676084004963452,-0.8545686172710978,-0.6645622937249368,0.19744504489413017
2019-06-04,-0.17678140129964756,0.29773134582412386,0.019992934817016486,-0.3297063407978759,-0.4509262340263511,-0.8275343844807629,-0.6626545104141205,0.19819402380632825
2019-06-05,-0.18226746280583492,0.33518182516856665,0.019810288210246798,-0.3297063407978759,-0.5101479249948294,-0.8922742577418279,-0.6493013578632095,0.1989430027185263
2019-06-06,-0.22746211299850855,0.29273788508451465,0.026385566053941767,-0.3297063407978759,-0.48387351280458896,-0.8538571900924046,-0.6239579452155143,0.19969198163072435
2019-06-07,-0.17381886889484902,0.2403079759264969,0.04738992583241124,-0.3608385325521861,-0.4284053092918597,-0.8851599859548972,-0.6591120545332345,0.20044096054292243
2019-06-10,-0.17381886889484902,0.2590332155987183,0.04738992583241124,-0.29857414904356616,-0.41964717189511264,-0.838205792161158,-0.6591120545332345,0.2026878972795166
2019-06-11,-0.05164868891557457,0.2502948974057153,0.1204485685401322,-0.29857414904356616,-0.4509262340263511,-0.8232658214086046,-0.6544791516265667,0.20343687619171466
2019-06-12,-0.08124343071095609,0.28899302763112095,0.11131623820166728,-0.3193289435464395,-0.5301665247588222,-0.8488771998415536,-0.6394909938493859,0.20418585510391274
2019-06-13,-0.08325495371241604,0.2902416309173364,0.08391924718627171,-0.35046113530074924,-0.46260375055534686,-0.8446086367693953,-0.6195978203933923,0.2049348340161108
2019-06-14,-0.12304542391392007,0.3601481764613601,0.05670490277764584,-0.3608385325521861,-0.4688595629815945,-0.8830257044188187,-0.6171451462258863,0.20568381292830887
2019-06-17,-0.12577908268637875,0.35889957317514465,0.04757257243918092,-0.3608385325521861,-0.49263165020133576,-0.8623943162367205,-0.6209603801913182,0.20793074966490305
2019-06-18,-0.11088651219592655,0.3688864946543631,0.05670490277764584,-0.3919707243064959,-0.4596843714230979,-0.7812916178657162,-0.5994318688528539,0.2086797285771011
2019-06-19,-0.057169278771467796,0.3039734098499486,0.07953572862380895,-0.4231029160608061,-0.48053707951059027,-0.8125944137282095,-0.6048821080445561,0.20942870748929915
2019-06-20,0.05458616441211808,0.2428042300936752,0.06583723311611075,-0.4438577105636794,-0.37252005161738017,-0.7670630742918562,-0.4732586985024646,0.21017768640149723
2019-06-21,0.07144389126299654,0.19162292422187285,0.05688754938441553,-0.38159332705505944,-0.3495820727211387,-0.7770230547935586,-0.464266003429876,0.21092666531369528
2019-06-24,0.0794209265694215,0.16166311218947021,0.08428454039981027,-0.4334803133122425,-0.3841975681463759,-0.7756002004361721,-0.4149410726200093,0.21317360205028946
2019-06-25,0.03392538647216528,0.18413320931508537,0.06601987972288044,-0.45423510781511584,-0.3391557186773926,-0.7329145697145911,-0.4133060673937389,0.21392258096248754
2019-06-26,0.03285500763127076,0.1903743209356574,0.08428454039981027,-0.40234812155793276,-0.31371541481065196,-0.7627945112196979,-0.4222990951225278,0.21467155987468559
2019-06-27,0.07730384547028873,0.18787806676847912,0.10254920107674093,-0.4438577105636794,-0.3166347939429006,-0.761371656862312,-0.4310193447667718,0.21542053878688366
2019-06-28,0.05972398284841153,0.18038739945643897,0.047937865652719486,-0.45423510781511584,-0.28577278597341216,-0.7656402199344703,-0.42747688888588536,0.21616951769908171
2019-07-01,0.18515955818562177,0.26901918467268404,0.047937865652719486,-0.4231029160608061,-0.3866998931168751,-0.8019230060478137,-0.4931522046146579,0.2184164544356759
2019-07-02,0.1859931711999591,0.2552883581453245,-0.05251776807039703,-0.47498990231798915,-0.4859587836133384,-0.8360715106250788,-0.44137493229348645,0.21916543334787397
2019-07-03,0.13610463849578747,0.26028086647968113,-0.07991475908579178,-0.4957446968208625,-0.4521773965116007,-0.8090372778347444,-0.40567593211907604,0.21991441226007202
2019-07-04,0.1384446740815943,0.320201442949739,-0.09361325459348996,-0.4127255188093692,-0.4484239090558522,-0.8133058409069022,-0.4629034436319502,0.22066339117227007
2019-07-05,0.1384446740815943,0.320201442949739,-0.05233512146362734,-0.4127255188093692,-0.4229836051891113,-0.8403400736972371,-0.4629034436319502,0.22141237008446815
2019-07-08,0.03086814773674411,0.3364294760495295,-0.03407046078669751,-0.40234812155793276,-0.3954580305136216,-0.8431857824120095,-0.4620857746907151,0.22365930682106233
2019-07-09,0.021796070482491346,0.3501612549821417,-0.0569012866328598,-0.38159332705505944,-0.42006422605686267,-0.8915628305631346,-0.4607232148927893,0.22440828573326038
2019-07-10,0.013635541660484432,0.3014762032775176,-0.05215247485685846,-0.38159332705505944,-0.3320657979276451,-0.7933858799034978,-0.42638677451630463,0.22515726464545846
2019-07-11,0.014618119840696015,0.2952350916569456,-0.0569012866328598,-0.3193289435464395,-0.2807681360324138,-0.8026344332265071,-0.4421922685785213,0.2259062435576565
2019-07-12,0.03834008261317988,0.26527432721929034,-0.08411563104148648,-0.3297063407978759,-0.3220564980456484,-0.7933858799034978,-0.4269316653729949,0.22665522246985456
2019-07-15,0.06102915446730797,0.280254709438118,-0.038271332742391403,-0.3608385325521861,-0.3132983606489019,-0.7691973558279352,-0.42284398597921796,0.22890215920644877
2019-07-16,0.04241146830568809,0.3389266826219604,-0.04740366308085632,-0.3193289435464395,-0.3545867226621365,-0.7848487537591813,-0.4288394486838107,0.22965113811864682
2019-07-17,0.03831541950624783,0.31645658549634526,-0.04283749791162386,-0.3919707243064959,-0.44633863824710285,-0.7620830840410046,-0.39586523544905156,0.23040011703084487
2019-07-18,-0.00834224618969449,0.26277807305211204,-0.07005184232024973,-0.4127255188093692,-0.5702037242868072,-0.7706202101853211,-0.3827848609826865,0.23114909594304295
2019-07-19,0.026871737889312148,0.3077182673033423,-0.07900152605194577,-0.40234812155793276,-0.5560238827873125,-0.7101488999964144,-0.38550998057853714,0.231898074855241
2019-07-22,-0.006673047112465789,0.32145004623595447,-0.09270002155964314,-0.40234812155793276,-0.5176548999063266,-0.7535459578966887,-0.38496475706564665,0.23414501159183518
2019-07-23,0.009307659655872052,0.37762481284736604,-0.09270002155964314,-0.37121592980362256,-0.5043091667303315,-0.7848487537591813,-0.39913557855779314,0.23489399050403326
2019-07-24,0.04600241667513977,0.38012201941979695,-0.051421888429781334,-0.40234812155793276,-0.4396657716591054,-0.7677745014705487,-0.39177755605527415,0.2356429694162313
2019-07-25,0.07769154951127602,0.39135659177997817,-0.06512038393747871,-0.37121592980362256,-0.4546797214820999,-0.7798687635083303,-0.41603118698958996,0.23639194832842939
2019-07-26,0.08743446327410818,0.4150752921918088,-0.06037157216147657,-0.37121592980362256,-0.4968021918188343,-0.806191569119972,-0.40349570337991514,0.23714092724062744
2019-07-29,0.08472645413285979,0.41882014964520253,-0.028408415976848546,-0.3919707243064959,-0.5038921125685818,-0.7599488025049261,-0.40049813835571846,0.23938786397722162
2019-07-30,0.10080186723182087,0.420068752931418,-0.04210691148454673,-0.3919707243064959,-0.49304870436308584,-0.8090372778347444,-0.3729744969688618,0.2401368428894197
2019-07-31,0.06717421419074629,0.4787397737100078,-0.08028005229933115,-0.4334803133122425,-0.4296564717771093,-0.8254001029446837,-0.3827848609826865,0.24088582180161774
2019-08-01,0.037785655969325364,0.4625117406102174,-0.0921520817393357,-0.5580090803294825,-0.4784518087018411,-0.8268229573020696,-0.39695534981863223,0.2416348007138158
2019-08-02,-0.020154887886348102,0.42630986455199005,-0.1968085874181453,-0.5995186693352289,-0.5526874494933138,-0.9591484125389713,-0.32964502886358826,0.24238377962601387
2019-08-05,-0.09285284840648075,0.35140985826835713,-0.26091754639417103,-0.7136700391010321,-0.6277571986082862,-0.9996997617244738,-0.2778677565424163,0.24463071636260805
2019-08-06,-0.14588050136109135,0.36763789136814756,-0.2517852160557053,-0.7344248336039054,-0.6565339357690254,-0.981914082257148,-0.2566116906322967,0.2453796952748061
2019-08-07,-0.16254388292933641,0.35640331900796635,-0.2698672301258663,-0.7551796281067787,-0.8066734339989702,-0.9627055484324364,-0.16150495020585123,0.24612867418700418
2019-08-08,-0.11186317123047607,0.36639024048718477,-0.2788169138575623,-0.7448022308553421,-0.7541246096184897,-0.9121942187452321,-0.18766636445098284,0.24687765309920223
2019-08-09,-0.14986507291719486,0.3501612549821417,-0.3242959189431188,-0.7240474363524688,-0.7090827601495063,-0.9378055971781812,-0.19066392947517904,0.24762663201140028
2019-08-12,-0.07935226367132969,0.3364294760495295,-0.2923327627584908,-0.8174440116153987,-0.7190920600315024,-0.9442084417864179,-0.16695518939755344,0.2498735687479945
2019-08-13,-0.11251131768067558,0.3901079884937627,-0.356259075127746,-0.7863118198610888,-0.6035680572267951,-0.879468568525353,-0.17540332626965263,0.25062254766019254
2019-08-14,-0.08891365696713453,0.41257808561937787,-0.3445696922945112,-0.8797083951240184,-0.6886471062237638,-0.933537034106023,-0.1380689882127715,0.2513715265723906
2019-08-15,-0.07243179586591678,0.43130332529159926,-0.34274322622681835,-0.9523501758840751,-0.7090827601495063,-0.9292684710338647,-0.1279861787706022,0.25212050548458864
2019-08-16,-0.05387823378232232,0.43130332529159926,-0.3241132723363491,-0.9212179841297651,-0.6411029317842812,-0.9292684710338647,-0.14733446136990502,0.25286948439678675
2019-08-19,0.03708226415959537,0.45751827987060817,-0.3288620841123513,-0.8693309978725818,-0.6081556530060434,-0.9200199177108555,-0.18030834194846385,0.2551164211333809
2019-08-20,0.035312439606079514,0.4375453893174239,-0.3058486116594193,-0.9212179841297651,-0.6398517692990316,-0.9534569951094272,-0.16886297270836972,0.25586540004557895
2019-08-21,0.03230354056024728,0.4512771682500361,-0.26018695996709307,-0.8797083951240184,-0.5743742659043057,-0.9427855874290321,-0.16886297270836972,0.25661437895777706
2019-08-22,0.04622635768609149,0.435048182744993,-0.2645704785295567,-0.8485762033697085,-0.6073215446825435,-0.981914082257148,-0.18875614616436276,0.2573633578699751
2019-08-23,0.07315057826276336,0.3688864946543631,-0.24612317124585714,-0.9523501758840751,-0.6561168816072757,-1.0203311499065713,-0.10891034159964397,0.25811233678217316
2019-08-26,0.016042660897148984,0.42381361038481175,-0.2735201622612527,-0.9315953813812018,-0.6561168816072757,-1.0032568976179388,-0.10972767788467928,0.26035927351876736
2019-08-27,0.07224593550045844,0.4138266889055933,-0.2687713504852506,-0.9834823676383851,-0.6644579648422727,-0.998276907367088,-0.06966855288814684,0.2611082524309654
2019-08-28,0.05756546772963075,0.44004164348460223,-0.2687713504852506,-1.0042371621412585,-0.581881240815803,-0.9854712181506131,-0.07838880253239086,0.26185723134316347
2019-08-29,0.05097647208139765,0.477492122829045,-0.30511802523234216,-0.9731049703869484,-0.5747913200660555,-0.9648398299685156,-0.10918278702798907,0.2626062102553615
2019-08-30,0.05678512702626863,0.5286734287008473,-0.2590910803264774,-0.9731049703869484,-0.5560238827873125,-1.0025454704392456,-0.1293487385685275,0.26335518916755957
2019-09-01,0.12962712009089172,0.532418286154241,-0.23169408931108265,-1.0042371621412585,-0.6598703690630244,-0.9954311986523156,-0.056315400337236435,0.2648531469919557
2019-09-02,0.12962712009089172,0.532418286154241,-0.23169408931108265,-1.0042371621412585,-0.6598703690630244,-1.0238882858000364,-0.056315400337236435,0.2656021259041538
2019-09-03,0.12962712009089172,0.532418286154241,-0.2497761033812436,-1.0042371621412585,-0.6857277270915149,-1.035982547837818,-0.056315400337236435,0.2663511048163518
2019-09-04,0.16131033378136406,0.47000145551700484,-0.27735574100340804,-1.0042371621412585,-0.571037832610307,-0.9413627330716462,-0.04432480758425132,0.2671000837285499
2019-09-05,0.19918891993341706,0.4650089471826483,-0.3321497230341984,-0.9004631896268918,-0.4867928919368379,-0.8752000054531953,-0.13943154801069682,0.267849062640748
2019-09-06,0.2255962017887719,0.4625117406102174,-0.3321497230341984,-0.9212179841297651,-0.5460145829053161,-0.8865828403122836,-0.16450284788624772,0.26859804155294603
2019-09-09,0.2661206460526031,0.4487799616776052,-0.3180859343129624,-0.838198806118272,-0.4329929050711077,-0.8965428208139855,-0.17540332626965263,0.2708449782895402
2019-09-10,0.24752860952219416,0.45502202570342987,-0.2861227781283344,-0.7448022308553421,-0.40463322207211816,-0.8951199664565996,-0.207831983335321,0.27159395720173823
2019-09-11,0.2101916251983896,0.49496875921505096,-0.26785811745140375,-0.7136700391010321,-0.4734471587608428,-0.9143285002813113,-0.19665905952357146,0.27234293611393634
2019-09-12,0.2519294943233275,0.45252481913099896,-0.20374915847537883,-0.6721604500952855,-0.5677013993163084,-0.8773342869892745,-0.18494124485513172,0.2730919150261344
2019-09-13,0.244151736920921,0.4462837075104269,-0.19461682813691392,-0.5580090803294825,-0.5472657453905657,-0.7940973070821911,-0.17295065210214614,0.27384089393833244
2019-09-16,0.244151736920921,0.49496875921505096,-0.19461682813691392,-0.6202734638381022,-0.24823791141592574,-0.8787571413466604,-0.17295065210214614,0.27608783067492665
2019-09-17,0.16723737163951394,0.4462837075104269,-0.16721983712151836,-0.6514056555924121,-0.3662642391911322,-0.8965428208139855,-0.16750041291044443,0.2768368095871247
2019-09-18,0.18325753937894454,0.48872669518922623,-0.13032522255411932,-0.6617830528438489,-0.42048128021861214,-0.9164627818173904,-0.16096005934916102,0.27758578849932275
2019-09-19,0.20474502466329436,0.44753135839138974,-0.17142070907721224,-0.6721604500952855,-0.4221494968656118,-0.9228656264256272,-0.18575858114016655,0.2783347674115208
2019-09-20,0.21912756210237233,0.477492122829045,-0.18475391137137187,-0.7240474363524688,-0.3812781890141267,-0.9249999079617064,-0.16150495020585123,0.27908374632371885
2019-09-23,0.1744034839899802,0.48872669518922623,-0.18018774620213943,-0.7448022308553421,-0.40505027623386824,-0.9178856361747763,-0.11681325495885267,0.28133068306031306
2019-09-24,0.19197742746619348,0.4562696765843927,-0.14365842484827893,-0.8278214088668354,-0.4271541468066101,-0.9249999079617064,-0.09392218382246266,0.2820796619725111
2019-09-25,0.15142338747404208,0.543653810919675,-0.15242546197320528,-0.7344248336039054,-0.4988874626275837,-0.9185970633534696,-0.16886297270836972,0.28282864088470916
2019-09-26,0.10343786010082467,0.5648753047590747,-0.11151262205688123,-0.7655570253582155,-0.5126502499653286,-0.9683969658619805,-0.16096005934916102,0.28357761979690727
2019-09-27,0.11998680485290011,0.5523921291126779,-0.09306531477318171,-0.7759344226096521,-0.4959680834953348,-0.9306913253912505,-0.18385113048555105,0.2843265987091053
2019-09-29,0.0766251167674914,0.5860967985984743,-0.10183235189810806,-0.7863118198610888,-0.5581091535960617,-0.9577255581815854,-0.2748701915182201,0.2858245565335014
2019-09-30,0.0766251167674914,0.5860967985984743,-0.10603322385380277,-0.7863118198610888,-0.5581091535960617,-0.9577255581815854,-0.2748701915182201,0.28657353544569947
2019-10-01,0.09341674649178794,0.5548883832798562,-0.16959424300951942,-0.8174440116153987,-0.5968951906387974,-0.9833369366145339,-0.18902892424890813,0.2873225143578976
2019-10-02,0.09341674649178794,0.543653810919675,-0.16959424300951942,-0.8693309978725818,-0.6861447812532646,-0.9691083930406739,-0.18902892424890813,0.2880714932700956
2019-10-03,0.09341674649178794,0.5211837137940598,-0.16959424300951942,-0.9315953813812018,-0.6823912937975161,-0.9932969171162364,-0.18902892424890813,0.2888204721822937
2019-10-04,0.09341674649178794,0.5149416497682352,-0.16959424300951942,-0.9523501758840751,-0.6356812276815331,-0.9804912278997622,-0.18902892424890813,0.2895694510944917
2019-10-07,0.09341674649178794,0.5374117468938503,-0.16959424300951942,-0.9108405868783285,-0.6219184403437883,-0.9598598397176646,-0.18902892424890813,0.29181638783108593
2019-10-08,0.09341674649178794,0.5561369865660717,-0.16959424300951942,-0.9315953813812018,-0.676969589694768,-0.9719541017554462,-0.18902892424890813,0.292565366743284
2019-10-09,0.09743781944615194,0.5536407323988934,-0.16484543123351728,-0.8797083951240184,-0.6119091404617919,-0.9726655289341388,-0.1647752933145928,0.29331434565548203
2019-10-10,0.13981002368140752,0.5024584741218384,-0.1283161098796576,-0.7966892171125254,-0.6377664984902826,-0.9079256556730738,-0.19556894515399076,0.2940633245676801
2019-10-11,0.1715603210227388,0.4512771682500361,-0.07808829301809896,-0.7032926418495955,-0.5747913200660555,-0.8872942674909763,-0.22854315838875036,0.2948123034798782
2019-10-12,0.21866586874058458,0.47000145551700484,-0.05032600878916483,-0.6929152445981588,-0.6490269608575282,-0.8787571413466604,-0.20401708202608945,0.29556128239207624
2019-10-14,0.21866586874058458,0.47000145551700484,-0.06402450429686302,-0.6929152445981588,-0.6490269608575282,-0.8787571413466604,-0.20401708202608945,0.29705924021647234
2019-10-15,0.19123950730675765,0.45002856496382065,-0.05909304591409199,-0.6929152445981588,-0.6331789027110343,-0.9072142284943813,-0.242441201796351,0.2978082191286704
2019-10-16,0.1752814905967972,0.4150752921918088,-0.054526880744859535,-0.7136700391010321,-0.628591306931786,-0.9420741602503389,-0.21409989146825878,0.2985571980408685
2019-10-17,0.18140583331041213,0.3651416372009693,-0.07717505998425295,-0.7032926418495955,-0.6265060361230366,-0.9306913253912505,-0.20238174414361876,0.29930617695306655
2019-10-18,0.12408482670089624,0.32394630040313277,-0.022198431346692953,-0.7032926418495955,-0.6010657322562959,-0.875911432631888,-0.21355500061156857,0.3000551558652646
2019-10-21,0.12705130520280344,0.33018836442895744,0.037344362460099506,-0.6617830528438489,-0.6431882025930303,-0.8609714618793346,-0.2293604946737852,0.3023020926018588
2019-10-22,0.14897680726628415,0.3551547157217509,0.037344362460099506,-0.6825378473467222,-0.5785448075218043,-0.8801799957040463,-0.23126827798460148,0.30305107151405686
2019-10-23,0.12025809902916439,0.3476650008149634,0.023828513559171816,-0.6929152445981588,-0.5777106991983044,-0.8254001029446837,-0.20892209770490167,0.3038000504262549
2019-10-24,0.1145895305316727,0.36763789136814756,0.037344362460099506,-0.6929152445981588,-0.5280812539500728,-0.8303800931955346,-0.18439602134224126,0.30454902933845296
2019-10-25,0.1412286455921972,0.3926051950661937,0.0694901652514972,-0.6617830528438489,-0.5134843582888281,-0.8197086855151395,-0.18276101611597034,0.305298008250651
2019-10-28,0.18902476030416937,0.3838668768731907,0.1703110921881523,-0.6098960665866655,-0.5831324033010525,-0.8090372778347444,-0.20864965227655657,0.3075449449872452
2019-10-29,0.16713477311467215,0.37512855868018774,0.18948898589892893,-0.6202734638381022,-0.5556068286255628,-0.7969430157969629,-0.21682501106410987,0.30829392389944327
2019-10-30,0.14331415791445637,0.37013509794057853,0.20702306014878163,-0.6825378473467222,-0.5902223240508,-0.7983658701543488,-0.19992940263231304,0.3090429028116413
2019-10-31,0.13594975418424807,0.33268461859613574,0.16227464149030224,-0.7759344226096521,-0.628591306931786,-0.8666628793088788,-0.1503320263941017,0.30979188172383937
2019-11-01,0.20410871650442206,0.31895283966352356,0.13980910885767853,-0.7344248336039054,-0.5923075948595491,-0.845320063948088,-0.15959749955123523,0.3105408606360375
2019-11-04,0.23611846973068792,0.3526584615545726,0.17579049039123076,-0.6721604500952855,-0.4942998668483351,-0.8197086855151395,-0.15959749955123523,0.3127877973726316
2019-11-05,0.26023701526265464,0.4113304347384151,0.08446718700657996,-0.5995186693352289,-0.4859587836133384,-0.7777344819722513,-0.2337206194959072,0.3135367762848297
2019-11-06,0.240132637015111,0.40758462487976865,0.10291449429027949,-0.6514056555924121,-0.511399087480079,-0.8282458116594554,-0.20810476141986686,0.3142857551970278
2019-11-07,0.25064898581136313,0.43130332529159926,0.13597353011552318,-0.5372542858266092,-0.4909634335543364,-0.7393174143228279,-0.27895787091199703,0.31503473410922583
2019-11-08,0.23515759508457612,0.45751827987060817,0.14127028171183278,-0.5164994913237358,-0.5159866832593273,-0.8047687147625862,-0.28686045161500445,0.3157837130214239
2019-11-11,0.1546364970452803,0.4387930401983868,0.08611100646750391,-0.5372542858266092,-0.49179754187783625,-0.8303800931955346,-0.30266627833342186,0.3180306497580181
2019-11-12,0.15276802006403253,0.45252481913099896,0.10200126125643266,-0.5372542858266092,-0.5080626541860803,-0.8559914716284837,-0.31193175149055585,0.31877962867021614
2019-11-13,0.15636291453059348,0.4600154864430391,0.06912487203795864,-0.5787638748323558,-0.5047262208920813,-0.8652400249514929,-0.28577066990162503,0.3195286075824142
2019-11-14,0.1679062350995381,0.43380053186403017,0.10291449429027949,-0.6410282583409755,-0.4968021918188343,-0.8894285490270555,-0.25824669585856763,0.32027758649461224
2019-11-15,0.13707241881183957,0.4138266889055933,0.066385172936419,-0.6202734638381022,-0.4609355339083475,-0.8666628793088788,-0.2705097340398978,0.3210265654068103
2019-11-18,0.16947974132186713,0.38761173432658447,0.00026710128593158494,-0.6514056555924121,-0.48178824199583986,-0.8922742577418279,-0.26069937002607413,0.3232735021434045
2019-11-19,0.22185530172916648,0.3963500525195874,-0.045394550406393806,-0.6721604500952855,-0.500555679274583,-0.8431857824120095,-0.2541590164647907,0.32402248105560255
2019-11-20,0.1847629754261383,0.40508837071259035,-0.04466396397931668,-0.7344248336039054,-0.440916934144355,-0.8531457629137112,-0.2541590164647907,0.3247714599678006
2019-11-21,0.16502558420975794,0.41257808561937787,-0.04429867076577811,-0.6929152445981588,-0.39128748889612336,-0.8880056946696696,-0.2819554359361932,0.3255204388799987
2019-11-22,0.11696409446718664,0.44753135839138974,-0.04466396397931668,-0.6929152445981588,-0.3979603554841208,-0.8538571900924046,-0.2819554359361932,0.32626941779219676
2019-11-25,0.14008230438194944,0.4537734224172144,-0.021285198312846136,-0.7032926418495955,-0.40463322207211816,-0.8510114813776322,-0.2996687133092256,0.3285163545287909
2019-11-26,0.15045264758515772,0.44503510422421144,-0.057814519666706615,-0.7240474363524688,-0.3983774096458708,-0.8047687147625862,-0.29094813100878186,0.329265333440989
2019-11-27,0.14124048388352564,0.4650089471826483,-0.05324835449747416,-0.6929152445981588,-0.38961927224912374,-0.7983658701543488,-0.3083889629534692,0.33001431235318707
2019-11-28,0.0927074355363934,0.44753135839138974,-0.062380684835939074,-0.6825378473467222,-0.40421616791036813,-0.8275343844807629,-0.2751426369465652,0.3307632912653851
2019-11-29,0.0927074355363934,0.44753135839138974,-0.062380684835939074,-0.6825378473467222,-0.4117231428218656,-0.8474543454841671,-0.2751426369465652,0.33151227017758317
2019-12-02,0.09580216219435332,0.3963500525195874,0.012869717153013266,-0.6306508610895388,-0.46594018384934555,-0.8623943162367205,-0.28413533201915336,0.3337592069141774
2019-12-03,0.11260563020997769,0.38136967030075974,-0.04484661058608637,-0.7448022308553421,-0.47636653789309175,-0.901522811064837,-0.2408061965700806,0.3345081858263754
2019-12-04,0.11483517507672543,0.37013509794057853,-0.043933377552239555,-0.6929152445981588,-0.38044408069062713,-0.8495886270202463,-0.2522515658101752,0.3352571647385735
2019-12-05,0.15161773275667487,0.34017528590817586,-0.0393672123830071,-0.6617830528438489,-0.3629278058971335,-0.8438972095907021,-0.2443486524509665,0.3360061436507715
2019-12-06,0.1787323525188696,0.37637620956115053,-0.043933377552239555,-0.6202734638381022,-0.32831231047189635,-0.7556802394327679,-0.2928559143195976,0.33675512256296963
2019-12-09,0.17150211609037605,0.3688864946543631,-0.01617109332330543,-0.6306508610895388,-0.33081463544239553,-0.7080146184603353,-0.29231069080670713,0.3390020592995638
2019-12-10,0.18554134308094578,0.34017528590817586,-0.0393672123830071,-0.6098960665866655,-0.3253929313396477,-0.6973432107799402,-0.28331799573411853,0.33975103821176184
2019-12-11,0.1812598277173683,0.3089668705895578,-0.05288306128393559,-0.6721604500952855,-0.3754394307496288,-0.6631947062026752,-0.26478704941985054,0.34050001712395994
2019-12-12,0.17060733857084617,0.3389266826219604,-0.06201539162240051,-0.5580090803294825,-0.3212223897221489,-0.6532347257009727,-0.27214507192236853,0.341248996036158
2019-12-13,0.24656970792463698,0.3102145214705206,-0.029869588831003612,-0.6410282583409755,-0.28910921926741084,-0.6745775410617636,-0.24789144098805369,0.34199797494835604
2019-12-16,0.27928186643635583,0.29773134582412386,-0.025120777055001466,-0.5683864775809191,-0.2640859695624197,-0.6297576288041028,-0.2495264462143241,0.3442449116849502
2019-12-17,0.33200665643782795,0.3152079822101298,0.025837626233633514,-0.5683864775809191,-0.22446582419618477,-0.624777638553252,-0.2506165605839048,0.3449938905971483
2019-12-18,0.3210779404936553,0.34017528590817586,0.026933505874250016,-0.5372542858266092,-0.21904412009343638,-0.626911920089331,-0.25606679977560654,0.34574286950934635
2019-12-19,0.31892238494770675,0.3414229367891387,0.026933505874250016,-0.5372542858266092,-0.19485497871194535,-0.6048576775498476,-0.2408061965700806,0.3464918484215444
2019-12-20,0.2938834122649986,0.37762481284736604,-0.03352252096638925,-0.5372542858266092,-0.23822861153392963,-0.635449046233647,-0.2503441151555597,0.34724082733374245
2019-12-23,0.23915795102911674,0.371383701226794,-0.06037157216147657,-0.5268768885751725,-0.28702394845866175,-0.6290462016254103,-0.2290880492454401,0.34948776407033666
2019-12-24,0.28016677871311374,0.37013509794057853,-0.08338504461440854,-0.5580090803294825,-0.21320536182893848,-0.6048576775498476,-0.18385113048555105,0.3502367429825347
2019-12-25,0.31726798373463816,0.36264443062853835,-0.09653560030179847,-0.5580090803294825,-0.21320536182893848,-0.5884948524399077,-0.15605471101414903,0.35098572189473276
2019-12-26,0.31726798373463816,0.36264443062853835,-0.15607839410859092,-0.5580090803294825,-0.21320536182893848,-0.5749777360447402,-0.15605471101414903,0.3517347008069308
2019-12-27,0.30811797106247685,0.27900610615190247,-0.12776817005934937,-0.5787638748323558,-0.22780225749018349,-0.6034348231924611,-0.14379167283281882,0.3524836797191289
2019-12-30,0.3638102260901332,0.25653600902628737,-0.12228877185627009,-0.5580090803294825,-0.2532425613569241,-0.5948976970481452,-0.1418842221782033,0.35473061645572307
2019-12-31,0.38006814618039925,0.21284441806127255,-0.11443496776519056,-0.5372542858266092,-0.275346431929666,-0.6468318810927354,-0.1282586241989473,0.3554795953679211
2020-01-01,0.4487193841149576,0.27026778795889955,-0.09251737495287427,-0.5787638748323558,-0.3053743315756549,-0.6340261918762611,-0.11463302621969128,0.3562285742801192
2020-01-02,0.4487193841149576,0.27026778795889955,-0.09251737495287427,-0.5787638748323558,-0.3053743315756549,-0.6069919590859262,-0.11463302621969128,0.3569775531923173
2020-01-03,0.4458929920604303,0.26901918467268404,-0.10292823153872457,-0.6617830528438489,-0.22071233674043603,-0.6610604246665961,-0.04732270526464781,0.3577265321045153
2020-01-06,0.4414990129292379,0.2477976908332844,-0.11680937365319082,-0.6514056555924121,-0.1719169998157039,-0.6567918615944378,-0.0009956721351780662,0.35997346884110953
2020-01-07,0.48083765501172915,0.28649677346394264,-0.11187791527041979,-0.6306508610895388,-0.23489217823993094,-0.6518118713435869,0.01426526372654863,0.3607224477533076
2020-01-08,0.4323529463541871,0.3264435069755637,-0.11954907275473045,-0.5891412720837922,-0.2945309233701587,-0.6254890657319452,-0.024976524984948005,0.36147142666550564
2020-01-09,0.49355592599496406,0.34516779424253247,-0.14749400359043427,-0.6098960665866655,-0.32497587717789767,-0.6397176093058052,-0.040509906275019804,0.3622204055777037
2020-01-10,0.490825226795337,0.3339332218823512,-0.21416001506122914,-0.6306508610895388,-0.31705184810465065,-0.623354784195866,-0.0247040795566029,0.36296938448990174
2020-01-13,0.5407551935191561,0.33268461859613574,-0.2103244363190738,-0.6098960665866655,-0.4267370926448601,-0.5557692022200287,-0.04950260134760843,0.36521632122649594
2020-01-14,0.5264140900997262,0.33518182516856665,-0.18219685887660111,-0.6410282583409755,-0.41380841363061477,-0.5379835227527034,-0.06585331892271505,0.365965300138694
2020-01-15,0.5075586515872714,0.31770518878256077,-0.19991357973322352,-0.6721604500952855,-0.4621866963935971,-0.5486549304330985,-0.03941979190543911,0.36671427905089204
2020-01-16,0.4945227197867392,0.328939761142742,-0.19607800099106817,-0.6514056555924121,-0.40630143871911784,-0.5756891632234336,-0.04786759612133752,0.36746325796309015
2020-01-17,0.4980959107191991,0.3651416372009693,-0.21178560917322806,-0.6202734638381022,-0.43049058010060887,-0.5778234447595126,-0.021161291019516207,0.3682122368752882
2020-01-19,0.47110263344311554,0.3551547157217509,-0.22128323272523234,-0.6825378473467222,-0.40630143871911784,-0.5699977457938894,-0.027701644580799108,0.3697101946996843
2020-01-20,0.47110263344311554,0.3551547157217509,-0.22201381915230947,-0.6825378473467222,-0.40630143871911784,-0.5799577262955918,-0.027701644580799108,0.37045917361188235
2020-01-21,0.47110263344311554,0.3551547157217509,-0.30219567952403287,-0.6825378473467222,-0.4467556924088529,-0.6518118713435869,-0.027701644580799108,0.37120815252408046
2020-01-22,0.5002277896824926,0.3551547157217509,-0.3122412428963446,-0.6929152445981588,-0.511399087480079,-0.6923632205290887,-0.030699209604995316,0.3719571314362785
2020-01-23,0.3574422118800208,0.37512855868018774,-0.37616755526560064,-0.7240474363524688,-0.546848691228816,-0.7478545404671445,-0.0053557969572995785,0.37270611034847656
2020-01-24,0.015600698020908835,0.3951014492333719,-0.6868494333801831,-0.7655570253582155,-0.6269230902847863,-0.8076144234773579,0.028980643419184562,0.3734550892606746
2020-01-27,0.015600698020908835,0.4088332281659841,-0.6868494333801831,-0.8589536006211451,-0.6602874232247742,-0.9321141797486371,0.028980643419184562,0.3757020259972688
2020-01-28,0.015600698020908835,0.4163229430727716,-0.6868494333801831,-0.8174440116153987,-0.625671927799537,-0.9563027038241996,0.028980643419184562,0.37645100490946687
2020-01-29,0.015600698020908835,0.41257808561937787,-0.6868494333801831,-0.8693309978725818,-0.6219184403437883,-0.9925854899375437,0.028980643419184562,0.3771999838216649
2020-01-30,0.015600698020908835,0.3975986558058029,-0.6868494333801831,-0.9004631896268918,-0.6944858644882617,-1.0302911304082738,0.028980643419184562,0.37794896273386297
2020-01-31,0.015600698020908835,0.33767807933574495,-0.6868494333801831,-0.9627275731355118,-0.6924005936795122,-1.040962538088669,0.028980643419184562,0.378697941646061
2020-02-03,0.015600698020908835,0.3888603376127999,-0.6868494333801831,-0.9315953813812018,-0.8496300126592045,-1.0544796544838364,0.028980643419184562,0.3809448783826552
2020-02-04,0.13306318414880278,0.4088332281659841,-0.6284025192140064,-0.8589536006211451,-0.853800554276703,-1.0046797519753248,-0.044052362155905724,0.3816938572948533
2020-02-05,0.19759173712843295,0.44753135839138974,-0.6486762925653995,-0.8070666143639621,-0.7929106466612253,-0.9577255581815854,-0.02388641061536731,0.38244283620705133
2020-02-06,0.2940027817025533,0.47624351954282956,-0.6574433296903259,-0.8174440116153987,-0.8004176215727226,-0.9321141797486371,-0.0039932371593742735,0.38319181511924943
2020-02-07,0.3025963946823054,0.49871361666844466,-0.724657280981429,-0.8797083951240184,-0.8275261420864626,-0.9883169268653854,0.005544681426104835,0.3839407940314475
2020-02-10,0.3247793795821673,0.5174388563406661,-0.7524195652103631,-0.9108405868783285,-0.8750703165259451,-0.9918740627588505,0.02216784442955656,0.38618773076804164
2020-02-11,0.34896007614360663,0.5037070774080539,-0.6669409532423294,-0.8797083951240184,-0.8496300126592045,-0.9449198689651113,-0.0026306773614484754,0.38693670968023974
2020-02-12,0.40185356179650067,0.5449024142058905,-0.6682194794897147,-0.8485762033697085,-0.7854036717497281,-0.9193084905321621,0.002274670973564016,0.3876856885924378
2020-02-13,0.37086584772154035,0.5473986683730687,-0.6923288315832624,-0.8589536006211451,-0.7520393388097403,-0.9022342382435297,0.02325795879913725,0.38843466750463584
2020-02-14,0.3869777622187632,0.5536407323988934,-0.6137907906724622,-0.8797083951240184,-0.7090827601495063,-0.9214427720682413,0.04396880119636588,0.3891836464168339
2020-02-16,0.4956049369189615,0.5960837200776927,-0.5595447484619801,-0.9212179841297651,-0.6898982687090134,-0.917174208996083,0.09111350326707171,0.39068160424123005
2020-02-17,0.4956049369189615,0.5960837200776927,-0.5595447484619801,-0.9212179841297651,-0.6898982687090134,-0.8986771023500646,0.09111350326707171,0.3914305831534281
2020-02-18,0.4956049369189615,0.5960837200776927,-0.6077634526490755,-0.9212179841297651,-0.7099168684730058,-0.9150399274600045,0.09111350326707171,0.39217956206562615
2020-02-19,0.47685012388279335,0.6135603564636987,-0.5873070326909134,-0.9108405868783285,-0.6110750321382923,-0.9121942187452321,0.11155190023595522,0.3929285409778242
2020-02-20,0.5732710336996881,0.6472659783547478,-0.5725126575426004,-0.9523501758840751,-0.6173308445645399,-0.9378055971781812,0.13635042202696077,0.39367751989002225
2020-02-21,0.5971626786478709,0.5711173687848993,-0.6431968943623203,-1.0146145593926952,-0.657785098254275,-0.9093485100304604,0.21265377071079264,0.39442649880222036
2020-02-24,0.5983790630818092,0.5748622262382931,-0.7071232067315762,-1.0976337374041885,-0.736608334824996,-0.9534569951094272,0.2884122285379353,0.3966734355388145
2020-02-25,0.5972514658328302,0.534915492726672,-0.6888585460546457,-1.1495207236613714,-0.7958300257934743,-0.9548798494668137,0.2189216788437319,0.39742241445101256
2020-02-26,0.512535666566361,0.5386603501800658,-0.7339722579266637,-1.1495207236613714,-0.8095928131312192,-0.9648398299685156,0.20011828710111879,0.39817139336321067
2020-02-27,0.5276758546504212,0.46875380463604205,-0.7834694883611443,-1.1806529154156815,-0.9251168159359268,-0.9676855386832879,0.20011828710111879,0.3989203722754087
2020-02-28,0.3429896312172529,0.4300547220053838,-0.8430122821679368,-1.3570686686901046,-0.9618175821699131,-1.0125054509409481,-0.0067183567552248835,0.39966935118760677
2020-03-02,0.48738028401892797,0.3339332218823512,-0.8335146586159333,-1.3882008604444145,-0.9113540285981816,-0.9342484612847155,0.07013021544149797,0.401916287924201
2020-03-03,0.5204485777947605,0.3077182673033423,-0.8243823282774684,-1.4712200384559078,-0.9230315451271773,-0.9655512571472088,0.2058409717211661,0.402665266836399
2020-03-04,0.5320491167717896,0.3314360153099203,-0.961001990140906,-1.4712200384559078,-0.9388796032736716,-0.9470541505011904,0.20311585212531452,0.4034142457485971
2020-03-05,0.6219865890381234,0.2665229305055058,-0.9429199760707451,-1.5749940109702742,-0.9626516904934129,-0.9655512571472088,0.27206151096282966,0.40416322466079513
2020-03-06,0.5609828873013656,0.15791730233082382,-1.043192963187092,-1.761787161496134,-1.1999555085290754,-0.9833369366145339,0.2840521037158143,0.4049122035729932
2020-03-09,0.38399549932841887,0.026842529435779378,-1.2395380654640917,-1.969335106524867,-1.628270132646168,-1.0544796544838364,0.2941349131579826,0.4071591403095874
2020-03-10,0.49213829060845204,0.21534162463370346,-1.0705899542024875,-1.7410323669932606,-1.6182608327641717,-1.0388282565525897,0.25216800485063534,0.40790811922178544
2020-03-11,0.43024671702210393,0.2278248002801002,-1.079904931147722,-1.678767983484641,-1.6649708988801544,-1.066573916521618,0.2039335210665506,0.4086570981339835
2020-03-12,0.3427035391768298,0.3476650008149634,-1.025110949116931,-1.6165035999760209,-1.808020476360352,-1.1085481200645055,0.061954856653944665,0.4094060770461816
2020-03-13,0.2877087568132401,0.5074519348614477,-0.9557052385445964,-1.554239216467401,-1.7567228144651206,-1.1206423821022873,-0.138614211725662,0.41015505595837964
2020-03-16,0.09428883395294102,0.4250612612657746,-0.9558878851513652,-1.7721645587475707,-1.934804941532305,-1.222376468655389,-0.21982257608830608,0.4124019926949738
2020-03-17,0.08362253346653518,0.6110641022965204,-0.887030114399339,-1.4712200384559078,-1.935221995694055,-1.3347819628888864,-0.11354291185011108,0.4131509716071719
2020-03-18,0.007398735179254524,0.8083015156874475,-0.8868474677925694,-1.3051816824329214,-2.1512560514804755,-1.5659957959641182,-0.2432585380813858,0.41389995051936995
2020-03-19,-0.03135588453106146,1.0080351832455527,-0.8570760708891727,-1.367446065941541,-2.1016266062322435,-1.5169073206342993,-0.2397160822004999,0.414648929431568
2020-03-20,0.03636506100998229,1.0155248981523404,-0.945477028565515,-1.5749940109702742,-2.036149102837518,-1.5368272816377042,-0.2250003698516637,0.41539790834376605
2020-03-23,-0.11277373313844306,0.9743295613545038,-1.0368003319501666,-1.7410323669932606,-2.11121885195249,-1.6378499410121132,0.0011845566039833221,0.41764484508036026
2020-03-24,-0.012344575182789745,0.8807043153986495,-1.0415491437261688,-1.6580131889817675,-2.0799397898212515,-1.5247330195999227,0.2551655698748311,0.4183938239925583
2020-03-25,0.09699684309419003,0.7945697367548352,-1.0415491437261688,-1.6165035999760209,-2.0332297237052686,-1.4905845150226575,0.17913499927554508,0.41914280290475636
2020-03-26,0.06589074610595023,0.5910902593380836,-1.1052928094886552,-1.668390586233204,-2.119559935187487,-1.5275787283146949,0.22764192848797493,0.4198917818169544
2020-03-27,0.06850503544085426,0.4600154864430391,-1.0778958184732594,-1.7825419559990072,-2.167938217950469,-1.536115854459011,0.15624392813915455,0.42064076072915246
2020-03-30,0.012309653031763363,0.5611304473056808,-1.068398194921256,-1.8032967505018807,-2.30139554971042,-1.5524786795689507,0.15106613437579747,0.42288769746574667
2020-03-31,0.025157158695326774,0.5449024142058905,-1.112781320366196,-1.8032967505018807,-2.4823970559098534,-1.4507445930158485,0.04587658450718216,0.4236366763779447
2020-04-01,0.014645742520460947,0.6222986746567016,-1.1765249861286824,-1.8863159285133737,-2.4773924059688555,-1.5261558739573091,0.031705763015035665,0.42438565529014277
2020-04-02,0.09535033407533937,0.6859641085801533,-1.121000417670815,-1.8759385312619372,-2.2576048627266867,-1.4649731365897092,0.1611489438179663,0.4251346342023409
2020-04-03,0.06827221571140635,0.7358977635709928,-1.1007266443194226,-1.8863159285133737,-2.087029710570999,-1.502678777060439,0.1829499005847761,0.42588361311453893
2020-04-06,0.1733015363722115,0.749629542503605,-1.256524199893637,-1.8344289422561906,-2.160014188877222,-1.466395990947095,0.26770138614070665,0.4281305498511331
2020-04-07,0.1733015363722115,0.6609977572873599,-1.256524199893637,-1.7514097642446973,-2.1800327886412147,-1.3867161469334766,0.26770138614070665,0.4288795287633312
2020-04-08,0.1601965478722669,0.6784743936733658,-1.3091264226431958,-1.730654969741824,-2.0499118901752627,-1.40165611768603,0.26933639136697807,0.42962850767552924
2020-04-09,0.1805268401793175,0.6035734349844802,-1.2357024867219364,-1.7721645587475707,-2.258021916888436,-1.3995218361499515,0.4622746591595209,0.4303774865877273
2020-04-10,0.11245765156837921,0.5823519411450806,-1.2033740373237705,-1.7410323669932606,-2.1950467384642094,-1.396676127435179,0.48571095380880086,0.43112646549992534
2020-04-13,0.11245765156837921,0.5823519411450806,-1.1567991525975982,-1.7410323669932606,-2.1950467384642094,-1.3362048172462724,0.48571095380880086,0.43337340223651954
2020-04-14,0.1993408446721248,0.5249285712474536,-1.1690364752511415,-1.7410323669932606,-2.1950467384642094,-1.2999220311329283,0.5181396108744692,0.4341223811487176
2020-04-15,0.17137781403143448,0.5960837200776927,-1.1938764137717663,-1.8759385312619372,-2.27595524584368,-1.348299079284054,0.4377485827968604,0.43487136006091565
2020-04-16,0.18816845723145337,0.6672388689079319,-1.2265701563834714,-1.8966933257648106,-2.3222482577979124,-1.3511447879988256,0.4192179691387922,0.4356203389731137
2020-04-17,0.22835057757105398,0.6360304535893138,-1.1692191218579102,-1.855183736759064,-2.2780405166524287,-1.2771563614147516,0.33419403815451554,0.4363693178853118
2020-04-20,0.2545645006680537,0.658500550714929,-1.1089457416240407,-1.8759385312619372,-2.377716461310642,-1.314150574706789,0.36798558767430994,0.43861625462190595
2020-04-21,0.2067861433930745,0.6959510300593718,-1.132507153897281,-1.9278255175191203,-2.7213690905925154,-1.4265560689402859,0.3042177226001529,0.439365233534104
2020-04-22,0.24175645597558243,0.7121790631591622,-1.1734199938136043,-1.8759385312619372,-2.5274389053788373,-1.351856215177519,0.4418362621906363,0.4401142124463021
2020-04-23,0.22641600346322677,0.7171725238987714,-1.2355198401151675,-1.8966933257648106,-2.4736389185131067,-1.3333591085315006,0.45437207845651195,0.44086319135850016
2020-04-24,0.18216644352822664,0.7109304598729467,-1.2587159591748691,-1.907070723016247,-2.4398575314113695,-1.3006334583116215,0.42766577335469014,0.4416121702706982
2020-04-26,0.2026782563023058,0.6684874721941474,-1.2395380654640917,-1.8344289422561906,-2.469051322733858,-1.2864049147377608,0.3960544525740571,0.4431101280950943
2020-04-27,0.2026782563023058,0.6684874721941474,-1.2139675405163897,-1.8344289422561906,-2.469051322733858,-1.2864049147377608,0.3960544525740571,0.4438591070072924
2020-04-28,0.22048501950796637,0.6472659783547478,-1.2305883817323964,-1.8863159285133737,-2.451117993778615,-1.2856934875590682,0.39223921860862526,0.44460808591949047
2020-04-29,0.23420559915696051,0.609815499010305,-1.275336800390875,-1.8759385312619372,-2.35686375322315,-1.2536792645178823,0.37289093600932194,0.4453570648316885
2020-04-30,0.3002612917178842,0.541156604347244,-1.2075749092794643,-1.8655611340105003,-2.3464373991794036,-1.2913849049886124,0.32056844017525954,0.44610604374388657
2020-05-01,0.34647600801330936,0.5136939988872723,-1.1292195149754332,-1.8655611340105003,-2.3305893410329097,-1.3369162444249656,0.32056844017525954,0.4468550226560846
2020-05-04,0.34647600801330936,0.5985809266501236,-1.1292195149754332,-1.8655611340105003,-2.250931996138689,-1.3362048172462724,0.32056844017525954,0.44910195939267883
2020-05-05,0.34647600801330936,0.6272921353963108,-1.1292195149754332,-1.844806339507627,-2.0399025902932664,-1.3077477300985516,0.32056844017525954,0.4498509383048769
2020-05-06,0.34647600801330936,0.6747285838147195,-1.1292195149754332,-1.7825419559990072,-2.092451414673747,-1.287116341916454,0.32056844017525954,0.45059991721707493
2020-05-07,0.3341908211878184,0.649762232521926,-1.0399053242652447,-1.8759385312619372,-2.0912002521884974,-1.2394507209440215,0.423033203104224,0.451348896129273
2020-05-08,0.37775869284718894,0.6297893419687418,-1.0565261654812514,-1.8136741477533174,-2.0369832111610173,-1.2031679348306774,0.39060421338235485,0.4520978750414711
2020-05-09,0.3743374266534368,0.6934538234869408,-1.0212753703747757,-1.7721645587475707,-2.0369832111610173,-1.2401621481227147,0.350817533814167,0.45284685395366914
2020-05-11,0.3743374266534368,0.6934538234869408,-0.9668466815575238,-1.7721645587475707,-2.0369832111610173,-1.2401621481227147,0.350817533814167,0.45434481177806524
2020-05-12,0.38332860891694875,0.6547556932615352,-0.9841981092006077,-1.8136741477533174,-1.9894390367215349,-1.2700420896278215,0.3756160556051736,0.4550937906902633
2020-05-13,0.3950860052540713,0.6934538234869408,-0.8978062641987279,-1.8655611340105003,-1.9385584289880538,-1.28853919627384,0.40150469176575926,0.4558427696024614
2020-05-14,0.35046847176363083,0.7221659846383807,-0.9136965189876567,-1.8759385312619372,-1.8559817049615839,-1.28853919627384,0.46745245292287696,0.45659174851465945
2020-05-15,0.3436575081530006,0.7134276664453777,-0.944563795531669,-1.8655611340105003,-1.8109398554926006,-1.310593438813324,0.5091469158018801,0.4573407274268575
2020-05-18,0.34336253739408135,0.6222986746567016,-0.8654778148005613,-1.7721645587475707,-1.712932127481387,-1.2060136435454498,0.45028439906273504,0.4595876641634517
2020-05-19,0.39259207188100204,0.5848491477175115,-0.8620075292719446,-1.8032967505018807,-1.722941427363383,-1.186093682542045,0.4840756159263297,0.46033664307564975
2020-05-20,0.36578623421760903,0.5536407323988934,-0.9299520669901248,-1.8240515450047536,-1.6520422198659093,-1.1263337995318314,0.5015164478710165,0.4610856219878478
2020-05-21,0.3341405084496761,0.5848491477175115,-0.9390843973285897,-1.8240515450047536,-1.6512081115424093,-1.1661737215386405,0.4194904145671373,0.46183460090004586
2020-05-22,0.23281361340165938,0.6460173750685322,-1.0621882102910996,-1.844806339507627,-1.6920794193938946,-1.2309135947997056,0.45791453433739787,0.4625835798122439
2020-05-24,0.2971034275061765,0.5274257778198845,-0.9387191041150511,-1.8136741477533174,-1.6858236069676467,-1.2159736240471521,0.37670616997475376,0.46408153763664006
2020-05-25,0.2971034275061765,0.5274257778198845,-0.9387191041150511,-1.8136741477533174,-1.6858236069676467,-1.2031679348306774,0.37670616997475376,0.4648305165488381
2020-05-26,0.2971034275061765,0.5274257778198845,-0.8382634703919346,-1.8136741477533174,-1.6858236069676467,-1.1853822553633522,0.37670616997475376,0.46557949546103616
2020-05-27,0.2602291230684367,0.5461500650868533,-0.8154326445457724,-1.8240515450047536,-1.736704214701128,-1.2373164394079423,0.3916943277519351,0.4663284743732342
2020-05-28,0.2630683399385689,0.4612631373240019,-0.8749754383525647,-1.8032967505018807,-1.6845724444823973,-1.181113692291194,0.3998696865394889,0.4670774532854323
2020-05-29,0.2828876126699676,0.4562696765843927,-0.9020071361544219,-1.855183736759064,-1.6774825237326498,-1.1626165856451756,0.46418244247033613,0.46782643219763037
2020-06-01,0.4056319497786436,0.3926051950661937,-0.8654778148005613,-1.844806339507627,-1.5694654958394394,-1.1007224210988824,0.46663511663784263,0.4700733689342245
2020-06-02,0.4144495037693474,0.37263135210775683,-0.7560724973457488,-1.8240515450047536,-1.5285941879879545,-1.0715539067724689,0.43229834360515723,0.47082234784642263
2020-06-03,0.41657546358697634,0.32394630040313277,-0.7471228136140535,-1.730654969741824,-1.5177507797824588,-1.0765338970233198,0.3576303328037955,0.4715713267586207
2020-06-04,0.41790825788563774,0.24904629411949986,-0.6740641709063325,-1.678767983484641,-1.4998174508272153,-1.0743996154872406,0.4151302897450143,0.47232030567081873
2020-06-05,0.44125139533563046,0.28150331272433343,-0.6422836613284735,-1.5853714082217107,-1.3918004229340049,-0.9797798007210688,0.2987674834084497,0.4730692845830168
2020-06-08,0.45613311405903184,0.24155657921271234,-0.7105934922601931,-1.6165035999760209,-1.4476856806084846,-0.9641284027898229,0.35899289260172185,0.475316221319611
2020-06-09,0.4859902713121821,0.20410609986826958,-0.7233787547340437,-1.6580131889817675,-1.4147384018302465,-0.917174208996083,0.4036845878487209,0.47606520023180904
2020-06-10,0.4855325240475042,0.1591659056170393,-0.6923288315832624,-1.7514097642446973,-1.3842934480225078,-0.8339372290889997,0.3998696865394889,0.4768141791440071
2020-06-11,0.44762828826423967,0.2552883581453245,-0.783652134967914,-1.844806339507627,-1.5269259713409553,-0.933537034106023,0.4508292899194252,0.47756315805620514
2020-06-12,0.45586379293132345,0.328939761142742,-0.8293137866602394,-1.792919353250444,-1.4943957467244673,-0.9121942187452321,0.44347160007310754,0.47831213696840325
2020-06-15,0.4059101496248488,0.24904629411949986,-0.7513236855697474,-1.792919353250444,-1.4568608721669811,-0.9577255581815854,0.41894552371044613,0.4805590737049974
2020-06-16,0.4843043013222387,0.28399956689151173,-0.655616863622633,-1.7514097642446973,-1.402226776977751,-0.9598598397176646,0.4442889363581428,0.48130805261719545
2020-06-17,0.49259307830029825,0.3089668705895578,-0.582558220914912,-1.761787161496134,-1.4139042935067467,-0.9257113351403996,0.44319882198856164,0.48205703152939355
2020-06-18,0.5141190380314632,0.3414229367891387,-0.6327860377764699,-1.792919353250444,-1.3605213608027664,-0.9249999079617064,0.4312085618917778,0.4828060104415916
2020-06-19,0.571091801571084,0.36639024048718477,-0.591690551253377,-1.8032967505018807,-1.3363322194212754,-0.8972542479926787,0.48870851883299654,0.48355498935378965
2020-06-22,0.5714420176895325,0.29398648837073016,-0.5184492619388872,-1.792919353250444,-1.3000485073490387,-0.845320063948088,0.5181396108744692,0.48580192609038386
2020-06-23,0.5977427549229363,0.2502948974057153,-0.5231980737148886,-1.7825419559990072,-1.3200671071130314,-0.8360715106250788,0.5601065191818164,0.4865509050025819
2020-06-24,0.6136544049918619,0.3077182673033423,-0.6168957829875404,-1.8136741477533174,-1.4168236726389958,-0.8503000541989395,0.5429384653216746,0.48729988391477996
2020-06-25,0.5838159916999816,0.34267154007535416,-0.6552515704090945,-1.8240515450047536,-1.3842934480225078,-0.8239772485872978,0.5674645416843359,0.488048862826978
2020-06-26,0.5838159916999816,0.35140985826835713,-0.6552515704090945,-1.8655611340105003,-1.3930515854192544,-0.8254001029446837,0.5674645416843359,0.48879784173917606
2020-06-28,0.5838159916999816,0.35640331900796635,-0.6552515704090945,-1.8655611340105003,-1.3676112815525139,-0.7955201614395769,0.5674645416843359,0.4902957995635722
2020-06-29,0.5838159916999816,0.35640331900796635,-0.6369869097321639,-1.8655611340105003,-1.3676112815525139,-0.7955201614395769,0.5674645416843359,0.49104477847577027
2020-06-30,0.6447693806985966,0.33767807933574495,-0.6870320799869528,-1.844806339507627,-1.3651089565820147,-0.7442974045736794,0.617061585266346,0.4917937573879683
2020-07-01,0.7095998101070876,0.31395937892391435,-0.6457539468570902,-1.8136741477533174,-1.342588031847523,-0.7364717056080562,0.5631040842060131,0.4925427363001664
2020-07-02,0.7844918006199845,0.328939761142742,-0.6223751811906196,-1.8240515450047536,-1.3004655615107887,-0.7158403174259587,0.5925355089036856,0.4932917152123644
2020-07-03,1.1006175861421443,0.26277807305211204,-0.5511430045505915,-1.8136741477533174,-1.3117260238780344,-0.7862716081165678,0.6047985470850162,0.49404069412456253
2020-07-06,1.1006175861421443,0.26277807305211204,-0.3712360968828296,-1.8136741477533174,-1.3196500529512816,-0.6788461041339212,0.6047985470850162,0.4962876308611567
2020-07-07,1.1655821828523503,0.27401264541229325,-0.33488942213573797,-1.855183736759064,-1.29671207405504,-0.6468318810927354,0.6475827916773998,0.49703660977335473
2020-07-08,1.2494693017258685,0.21783787880088176,-0.24831493052708853,-1.8344289422561906,-1.2804469617467957,-0.6084148134433127,0.6783767761729975,0.49778558868555284
2020-07-09,1.3445603768169327,0.25154254828667816,-0.21598648112892196,-1.8863159285133737,-1.3354981110977755,-0.5877834252612152,0.6339571936981429,0.4985345675977509
2020-07-10,1.2727058945539094,0.2453014366661061,-0.3080403709406507,-1.855183736759064,-1.2971291282167896,-0.5038350181754385,0.6312320741022922,0.49928354650994894
2020-07-13,1.4130310808087414,0.2215827362542755,-0.2620134260347867,-1.8655611340105003,-1.3146454030102832,-0.422020892625741,0.6661137379916668,0.5015304832465431
2020-07-14,1.3531964103406093,0.19661638496148207,-0.3533367294194375,-1.8759385312619372,-1.3096407530692853,-0.45403511566692684,0.6650236236220867,0.5022794621587412
2020-07-15,1.272606255601901,0.17414628783586694,-0.4442947395905497,-1.8655611340105003,-1.2683523910560504,-0.5216206976427642,0.667203852361248,0.5030284410709392
2020-07-16,1.007216427138132,0.2078509573216633,-0.4625594002674804,-1.8863159285133737,-1.2787787450997965,-0.4981436007458943,0.6325946339002185,0.5037774199831373
2020-07-17,1.0492009273324003,0.156669651449861,-0.453792363142554,-1.8655611340105003,-1.2862857200112938,-0.49387503767373603,0.6587560481453492,0.5045263988953353
2020-07-20,1.2000276645193237,0.14293787251724882,-0.48959109806933737,-1.8863159285133737,-1.2958779657315405,-0.47822363974248944,0.6794668905425777,0.5067733356319295
2020-07-21,1.2233343005710555,0.05430608730100373,-0.5443850801001276,-1.8966933257648106,-1.2537554953948056,-0.4177523295535827,0.7516825598326347,0.5075223145441277
2020-07-22,1.2553983126325736,0.035580847628782344,-0.5717820711155233,-1.907070723016247,-1.2675182827325508,-0.4654179505260152,0.8108175220001239,0.5082712934563257
2020-07-23,1.2602145241544598,0.0006275748567704894,-0.5347048099413545,-1.9174481202676839,-1.310057807231035,-0.44549798952261094,0.8789455118964029,0.5090202723685238
2020-07-24,1.013439422279479,-0.030580840461847614,-0.617261076201079,-1.9174481202676839,-1.29629501989329,-0.5109492899623685,0.9012916921761037,0.5097692512807218
2020-07-27,1.039381064675938,-0.12670329299013286,-0.5845673335893738,-1.8863159285133737,-1.2921244782757917,-0.5038350181754385,0.9931280894938072,0.512016188017316
2020-07-28,1.0828611356746256,-0.11546776822469897,-0.507307818925959,-1.9174481202676839,-1.3038019948047874,-0.47537793102771764,1.0304620948944876,0.512765166929514
2020-07-29,1.213855775314546,-0.17788459886193517,-0.4705958509653296,-1.9278255175191203,-1.2871198283347935,-0.4732436494916385,1.0544432804004586,0.5135141458417121
2020-07-30,1.1885829963781118,-0.20784536329959044,-0.4799108279105642,-1.9589577092734303,-1.3092236989075354,-0.4689750864194802,1.023922073989406,0.5142631247539101
2020-07-31,1.2389874812793227,-0.14917339011574798,-0.4251168458797731,-1.9589577092734303,-1.3029678864812875,-0.5330035325018526,1.0797870257043543,0.5150121036661083
2020-08-03,1.3387379105321788,-0.14792478682953253,-0.461280874020095,-1.9485803120219936,-1.2766934742910474,-0.47110936795555935,1.0885072753485983,0.5172590404027024
2020-08-04,1.3256931000131502,-0.16290516904836017,-0.4797281813037945,-1.9900899010277402,-1.2671012285708008,-0.49600931920981517,1.1844313520600784,0.5180080193149005
2020-08-05,1.3436182461320905,-0.2315631113061684,-0.43826740156716304,-1.9589577092734303,-1.228315191528065,-0.46470652334732254,1.2659124945072684,0.5187569982270985
2020-08-06,1.3214826143975404,-0.23655657204577762,-0.39735456165083977,-1.9589577092734303,-1.2233105415870669,-0.4732436494916385,1.3215050007938727,0.5195059771392966
2020-08-07,1.2643973870903047,-0.15541450173632002,-0.37872460776037054,-1.9382029147705573,-1.263764795276802,-0.6397176093058052,1.2086849829943949,0.5202549560514946
2020-08-10,1.2744017297866266,-0.1379378653503141,-0.44721708529885906,-1.9174481202676839,-1.258760145335804,-0.5422520858248617,1.2476543262775464,0.5225018927880889
2020-08-11,1.2142474254526425,-0.13169675372974207,-0.44703443869208936,-1.8655611340105003,-1.280029907585046,-0.5230435520001502,0.9974882143159292,0.523250871700287
2020-08-12,1.1666870900429507,-0.15541450173632002,-0.4331532965776223,-1.8136741477533174,-1.2212252707783176,-0.5017007366393593,1.0037561224488665,0.523999850612485
2020-08-13,1.154488717353865,-0.16789862978796938,-0.4450253260176277,-1.792919353250444,-1.2304004623368143,-0.619797648302401,1.0631635300447027,0.524748829524683
2020-08-14,1.2244579517229246,-0.19785844182037202,-0.4789975948767174,-1.792919353250444,-1.2308175164985642,-0.5458092217183268,1.0094788070689138,0.5254978084368811
2020-08-17,1.3302449230287137,-0.22906685713899014,-0.4694999713247139,-1.8136741477533174,-1.228732245689815,-0.4874721930654992,1.1402845476697696,0.5277447451734752
2020-08-18,1.335828650438356,-0.3014706092554448,-0.4055736589554579,-1.8344289422561906,-1.2107989167345714,-0.3857381065123968,1.1795263363812674,0.5284937240856733
2020-08-19,1.2401673643149993,-0.22407339639938093,-0.3781766679400623,-1.8240515450047536,-1.2162206208373194,-0.31815252453656007,1.0686137692364048,0.5292427029978714
2020-08-20,1.1794744177255971,-0.23655657204577762,-0.3686790443880588,-1.855183736759064,-1.2433291413510594,-0.3850266793337042,1.0007585574246707,0.5299916819100695
2020-08-21,1.2221070643700662,-0.17913320214815062,-0.3960760354034544,-1.8655611340105003,-1.26918649937955,-0.46612937770470847,1.0029384535076313,0.5307406608222676
2020-08-24,1.2743632553398117,-0.17289113812232595,-0.36411287921882635,-1.855183736759064,-1.2487508454538077,-0.45403511566692684,0.9841350617650182,0.5329875975588617
2020-08-25,1.2742389532808682,-0.20784536329959044,-0.2863054247351033,-1.8136741477533174,-1.1828562878973319,-0.44122942645045266,0.9408059263159455,0.5337365764710598
2020-08-26,1.2039895460170487,-0.20909301418055326,-0.27041516994617454,-1.8136741477533174,-1.1920314794558284,-0.40281235880102934,1.0195616165110841,0.5344855553832578
2020-08-27,1.2420910866557775,-0.20909301418055326,-0.25434226855047604,-1.761787161496134,-1.2316516248220637,-0.3928523782993275,0.9675118987615665,0.5352345342954559
2020-08-28,1.3534104861087886,-0.2889864812037954,-0.24100906625631643,-1.761787161496134,-1.2158035666755698,-0.34091819425473674,1.0846920413831664,0.5359835132076539
2020-08-31,1.3271087623511078,-0.3176986423552352,-0.33141913660712125,-1.7825419559990072,-1.1949508585880775,-0.27902402970844414,1.0928674001707193,0.5382304499442482
2020-09-01,1.3620810479821714,-0.2927322910624418,-0.2764425079695612,-1.8240515450047536,-1.1949508585880775,-0.32597822350218336,1.0945024053969896,0.5389794288564462
2020-09-02,1.3703895554457763,-0.22906685713899014,-0.1761695208532144,-1.844806339507627,-1.320901215436531,-0.33664963118257846,1.002393562650941,0.5397284077686443
2020-09-03,1.3349210481032194,-0.2427986360716023,-0.1717860022907508,-1.8759385312619372,-1.3200671071130314,-0.40138950444364346,0.9838626163366732,0.5404773866808423
2020-09-04,1.2871269064398032,-0.2452948902387806,-0.13945755289258505,-1.7825419559990072,-1.3876298813165064,-0.2783126025297509,0.9737798068945038,0.5412263655930404
2020-09-06,1.2035288391795398,-0.1504210409967108,-0.09817941976272242,-1.8136741477533174,-1.4055632102717497,-0.2519897969181092,0.9985783286855093,0.5427243234174365
2020-09-07,1.2035288391795398,-0.1504210409967108,-0.09817941976272242,-1.8136741477533174,-1.4055632102717497,-0.25881949783356206,0.9985783286855093,0.5434733023296345
2020-09-08,1.2035288391795398,-0.1504210409967108,-0.13909225967904568,-1.8136741477533174,-1.494812800886217,-0.3295353593956484,0.9985783286855093,0.5442222812418326
2020-09-09,1.0681490991269231,-0.17788459886193517,-0.2167170675559999,-1.792919353250444,-1.4343399474324894,-0.2925411461036116,1.0304620948944876,0.5449712601540306
2020-09-10,1.0426839479564112,-0.16789862978796938,-0.2116029625664592,-1.8240515450047536,-1.4639507929167281,-0.3686638542237643,1.0563507310550742,0.5457202390662288
2020-09-11,1.1056163046553342,-0.1691462806689322,-0.11790525329380733,-1.8344289422561906,-1.4835523385189713,-0.3067696896774717,1.011659035808075,0.5464692179784268
2020-09-14,1.1450753026996578,-0.20160329927376577,-0.08393298443471679,-1.8240515450047536,-1.4931445842392177,-0.26550691331327664,1.0533531660308775,0.548716154715021
2020-09-15,1.1901081629108519,-0.20409955344094405,-0.1659413108741338,-1.8240515450047536,-1.4526903305494825,-0.27119833074282085,1.0620737483313223,0.549465133627219
2020-09-16,1.149925056046973,-0.18412666288775983,-0.1336128614759672,-1.8136741477533174,-1.3822081772137587,-0.27475546663628586,1.072701448630181,0.5502141125394171
2020-09-17,1.1356697802396707,-0.21408647492016247,-0.12009701257503871,-1.8136741477533174,-1.3354981110977755,-0.26052692306242575,1.0176541658564675,0.5509630914516152
2020-09-18,1.2340153989216196,-0.2190799356597717,-0.15151222893935848,-1.8032967505018807,-1.343422140171023,-0.19578704980136075,1.0506280464350268,0.5517120703638132
2020-09-21,1.1884438964550095,-0.14293132608992332,-0.18128362584275512,-1.8240515450047536,-1.4180748351242454,-0.3131725342857091,0.9119193924749622,0.5539590071004075
2020-09-22,1.1219452544935673,-0.08675655947851178,-0.20612356436337992,-1.8240515450047536,-1.3984732895220022,-0.2726211851002067,0.9048341480569897,0.5547079860126055
2020-09-23,1.1491812167418727,-0.036822904487672295,-0.20119210598060888,-1.8240515450047536,-1.388046935478256,-0.3686638542237643,0.7993721527600293,0.5554569649248036
2020-09-24,1.0375007494033617,-0.04181636522728151,-0.2103244363190738,-1.8344289422561906,-1.3817911230520086,-0.4042352131584159,0.8222632238964193,0.5562059438370016
2020-09-25,1.0372610240039724,-0.013104204075841688,-0.1272202302390411,-1.844806339507627,-1.3955539103897536,-0.39854379572887166,0.7933766900554371,0.5569549227491997
2020-09-27,1.0363050819792474,-0.05305093758746275,-0.12192347864273152,-1.8344289422561906,-1.3671942273907638,-0.3750666988320017,0.8345262620777489,0.5584528805735958
2020-09-28,1.0363050819792474,-0.05305093758746275,-0.16429749141320985,-1.8344289422561906,-1.3671942273907638,-0.3750666988320017,0.8345262620777489,0.5592018594857938
2020-09-29,1.063260871332793,-0.0992397351249085,-0.12776817005934937,-1.844806339507627,-1.4197430517712448,-0.37222099011722937,0.8931163333885489,0.5599508383979919
2020-09-30,1.0641645275708203,-0.0992397351249085,-0.09306531477318171,-1.8136741477533174,-1.4209942142564942,-0.31174967992832264,0.8745853870742819,0.56069981731019
2020-10-01,1.1920170873874687,-0.12170983225052363,-0.0216504915263847,-1.8240515450047536,-1.4439321931527358,-0.5493663576117919,0.9617892141415192,0.5614487962223881
2020-10-02,1.1920170873874687,-0.10548179915073318,-0.0216504915263847,-1.8032967505018807,-1.5169166714589588,-0.3900066695845551,0.9617892141415192,0.5621977751345861
2020-10-05,1.1920170873874687,-0.14667618354331707,-0.0216504915263847,-1.7202775724903874,-1.4426810306674862,-0.41063805776665263,0.9617892141415192,0.5644447118711803
2020-10-06,1.1920170873874687,-0.106729450031696,-0.0216504915263847,-1.7410323669932606,-1.380539960566759,-0.40992663058796003,0.9617892141415192,0.5651936907833783
2020-10-07,1.1920170873874687,-0.13169675372974207,-0.0216504915263847,-1.6891453807360775,-1.4076484810804992,-0.31103825274963,0.9617892141415192,0.5659426696955764
2020-10-08,1.1920170873874687,-0.13419300789692035,-0.0216504915263847,-1.7202775724903874,-1.3500950067590203,-0.2982325635331558,0.9617892141415192,0.5666916486077744
2020-10-09,1.1920170873874687,-0.20285190255998123,-0.0216504915263847,-1.7099001752389507,-1.3655260107437646,-0.24060696205902082,0.9617892141415192,0.5674406275199725
2020-10-10,1.350969825046694,-0.20160329927376577,-0.017084326357152242,-1.761787161496134,-1.4126531310214971,-0.26692976767066257,0.969964572929072,0.5681896064321706
2020-10-12,1.350969825046694,-0.20160329927376577,-0.023842250807616087,-1.761787161496134,-1.4126531310214971,-0.26692976767066257,0.969964572929072,0.5696875642565667
2020-10-13,1.368845644951768,-0.14417992937613877,-0.007586702805148763,-1.761787161496134,-1.37762058143451,-0.2946754276396901,0.8773105066701326,0.5704365431687648
2020-10-14,1.3370430618237397,-0.16290516904836017,0.028942618548711715,-1.7721645587475707,-1.3580190358322672,-0.28613830149537417,0.9121921705595082,0.5711855220809628
2020-10-15,1.318540799002566,-0.10298459257830225,0.056339609564107274,-1.761787161496134,-1.3663601190672643,-0.23633839898686254,0.9173696316666645,0.5719345009931609
2020-10-16,1.3010546561870338,-0.12545468970391738,0.038440242100716004,-1.7410323669932606,-1.37762058143451,-0.2619497774198116,0.9108296107615829,0.572683479905359
2020-10-19,1.260536131068867,-0.1566631050225355,0.0024588605671629704,-1.7202775724903874,-1.3797058522432595,-0.23562697180816994,0.9260902139671082,0.5749304166419531
2020-10-20,1.3144486963002342,-0.20160329927376577,-0.006673469771301946,-1.6891453807360775,-1.3659430649055146,-0.147410001650235,0.9369906923505137,0.5756793955541513
2020-10-21,1.2904741833127562,-0.2590266691713928,-0.02493813044823178,-1.668390586233204,-1.4297523516532409,-0.07555585660223994,0.9756872575491193,0.5764283744663493
2020-10-22,1.2678610738279819,-0.2165836814925934,-0.05196982825008878,-1.6268809972274574,-1.3801229064050091,-0.1395843026846117,0.9116469470466172,0.5771773533785474
2020-10-23,1.1931594825006078,-0.23905377861820856,-0.006308176557763382,-1.6476357917303308,-1.4038949936247505,-0.17444423444056995,0.9140996212141237,0.5779263322907454
2020-10-26,1.1882663220850913,-0.20409955344094405,-0.010509048513457277,-1.6891453807360775,-1.472708930313475,-0.2306469815573184,0.9160070718687392,0.5801732690273396
2020-10-27,1.1972545447757716,-0.21783133237355623,-0.06986919571348085,-1.7099001752389507,-1.4451833556379854,-0.2249555641277742,0.9326305675283917,0.5809222479395376
2020-10-28,1.240518566957726,-0.15915935918971377,-0.03315722775285069,-1.7099001752389507,-1.5227554297234567,-0.26692976767066257,0.8437914025786832,0.5816712268517357
2020-10-29,1.2753645774812932,-0.09050141693190554,-0.024024897414385776,-1.6476357917303308,-1.5769724707509367,-0.2726211851002067,0.8149052013939008,0.5824202057639337
2020-10-30,1.1933982213757204,-0.08051449545268712,-0.03315722775285069,-1.6165035999760209,-1.5865647164711834,-0.2847154471379883,0.8470617456874248,0.5831691846761318
2020-11-02,1.2335379211713966,-0.07926589216647165,-0.03772339292208315,-1.6268809972274574,-1.5260918630174554,-0.2427412435951,0.8824883004334906,0.585416121412726
2020-11-03,1.2986939035914022,-0.14168272280370786,-0.04192426487777704,-1.5957488054731477,-1.5098267507092114,-0.2249555641277742,0.9318128985871555,0.5861651003249241
2020-11-04,1.3366908726567353,-0.15915935918971377,-0.05562276038547523,-1.7202775724903874,-1.4468515722849846,-0.20218989440959753,0.8939336696735842,0.5869140792371221
2020-11-05,1.421512230020878,-0.2690135906506112,-0.014527273862382294,-1.7099001752389507,-1.4556097096817315,-0.19649847698005338,1.0320974327769588,0.5876630581493202
2020-11-06,1.4109850294575763,-0.3064631175898013,0.013052363759782954,-1.668390586233204,-1.5135802381649601,-0.13460431243376078,1.0457230307562146,0.5884120370615182
2020-11-09,1.5217569079366724,-0.24404628695256514,0.06784634579057326,-1.5334844219645276,-1.394719802066254,-0.13104717654029574,0.7811136518741063,0.5906589737981124
2020-11-10,1.483791507648214,-0.24155003278538684,0.045563459764718414,-1.5127296274616544,-1.3396686527152741,-0.13104717654029574,0.8416115064957226,0.5914079527103105
2020-11-11,1.413021215565967,-0.20534815672715953,0.07296045078011397,-1.6165035999760209,-1.329242298671528,-0.16234997240278837,0.8015520488429899,0.5921569316225086
2020-11-12,1.4263698755624103,-0.21533507820637796,0.11369064408966835,-1.6165035999760209,-1.343422140171023,-0.147410001650235,0.833981038564859,0.5929059105347066
2020-11-13,1.3865290926227647,-0.24030142949917138,0.13213795137336787,-1.6061262027245842,-1.370530660684763,-0.10116723503518901,0.8696800387392689,0.5936548894469047
2020-11-16,1.4358681313044674,-0.264020129911002,0.1368867631493692,-1.5853714082217107,-1.320484161274781,-0.0378502161315099,0.8740404962175907,0.5959018261834989
2020-11-17,1.405340137542739,-0.2827453695832234,0.15971758899553232,-1.6268809972274574,-1.3275740820245285,-0.06915301199400314,0.8664100282867281,0.5966508050956969
2020-11-18,1.397005980447924,-0.2952285452296201,0.22802741992725112,-1.6165035999760209,-1.3121430780397845,-0.06844158481530989,0.8364337127323654,0.597399784007895
2020-11-19,1.430040732398327,-0.2989734026830138,0.2731411317992691,-1.6372583944788943,-1.304636103128287,-0.061327313028379835,0.8026421632125711,0.598148762920093
2020-11-20,1.4623188202280244,-0.28649022703661714,0.2024568949795492,-1.668390586233204,-1.2754423118057978,0.06530672477897777,0.833981038564859,0.5988977418322912
2020-11-23,1.524219272532868,-0.2715098448177895,0.12026592193336332,-1.6372583944788943,-1.2249787582340663,0.019063958163931787,0.7391470762229588,0.6011446785688853
2020-11-24,1.4993263054432024,-0.3064631175898013,0.16592757362568872,-1.6165035999760209,-1.1569989298688412,0.0795352683528385,0.64921812955987,0.6018936574810834
2020-11-25,1.4182389424687236,-0.3364238820274566,0.12483208710259577,-1.6165035999760209,-1.1290563010316017,0.09447523910539186,0.6516704710711757,0.6026426363932814
2020-11-26,1.4669475921372186,-0.36139023332025005,0.1567952432872238,-1.6580131889817675,-1.1699276088830866,0.13687629895549563,0.5868128242836382,0.6033916153054795
2020-11-27,1.4669475921372186,-0.36139023332025005,0.18419223430261855,-1.6580131889817675,-1.146572575825095,0.2282235486996795,0.5868128242836382,0.6041405942176775
2020-11-30,1.4463430460810722,-0.35140331184103163,0.09286893091796776,-1.6580131889817675,-1.1482407924720943,0.2588149173834795,0.5699168831956416,0.6063875309542718
2020-12-01,1.5586095088403111,-0.42131080979030794,0.1339644174410607,-1.5749940109702742,-1.1403167633988474,0.3249776450019304,0.6745615422075657,0.6071365098664698
2020-12-02,1.556905781413377,-0.44502855779688594,0.17049373879492116,-1.5438618192159643,-1.1082035929441094,0.3313804896101678,0.7061728629881998,0.6078854887786679
2020-12-03,1.5459652271778754,-0.4962108160739409,0.15697788989399267,-1.5749940109702742,-1.084431505724368,0.3342261983249396,0.7364219566271083,0.6086344676908659
2020-12-04,1.5709351431611724,-0.49745941936015636,0.1204485685401322,-1.5231070247130911,-1.0539865519166292,0.38331467365475796,0.7339692824596018,0.609383446603064
2020-12-07,1.5355761400133978,-0.48622389459472243,0.1295808988785971,-1.554239216467401,-1.0735880975188719,0.37335469315305553,0.8045499465233873,0.6116303833396581
2020-12-08,1.527888156320229,-0.46375379746910733,0.10218390786320236,-1.5749940109702742,-1.0648299601221252,0.3484547418988003,0.8290760228860478,0.6123793622518562
2020-12-09,1.449671578992755,-0.4487743676555323,0.1341470640478304,-1.5438618192159643,-1.0660811226073748,0.3683747029022046,0.7304264939225141,0.6131283411640542
2020-12-10,1.4522404882109023,-0.48622389459472243,0.11131623820166728,-1.5749940109702742,-1.0026888900213982,0.45659167306013887,0.7277013743266635,0.6138773200762523
2020-12-11,1.3893673229686185,-0.4625051941828919,0.1752425505709233,-1.5957488054731477,-1.0160346231973933,0.390428945441688,0.7445973154146611,0.6146262989884504
2020-12-14,1.4419342690857202,-0.4962108160739409,0.15697788989399267,-1.5957488054731477,-1.0051912149918971,0.38758323672691625,0.7143482217757526,0.6168732357250446
2020-12-15,1.465950216092845,-0.5261706281063435,0.14346204099306417,-1.5749940109702742,-0.9843385069044047,0.41319461515986466,0.7786613103628006,0.6176222146372427
2020-12-16,1.4740752300408686,-0.5286678346787744,0.1388958758238317,-1.5749940109702742,-0.9818361819339059,0.43524885769934873,0.7890165652333141,0.6183711935494407
2020-12-17,1.5390210827898057,-0.6073126984158012,0.14802820616229662,-1.554239216467401,-0.9664051779491614,0.49572016788825546,0.8737677181330459,0.6191201724616388
2020-12-18,1.5247756722252772,-0.5823463471230077,0.16629286683922728,-1.5438618192159643,-0.9259509242594263,0.5384057986098364,0.8696800387392689,0.6198691513738368
2020-12-21,1.6027140497065457,-0.5798491405505768,0.12063121514690188,-1.5438618192159643,-0.9910113734924024,0.4608602361322972,0.8519667613662371,0.6221160881104311
2020-12-22,1.5065042560849966,-0.5037005309807284,0.05232138421518226,-1.5646166137188375,-1.0214563273001411,0.38046896493998617,0.8176303209897524,0.6228650670226291
2020-12-23,1.5586815251125563,-0.533660343013131,0.029490558369019967,-1.5334844219645276,-0.9726609903754093,0.4316917218058837,0.8397037231849063,0.6236140459348272
2020-12-24,1.5383245966500165,-0.5436472644923495,0.05688754938441553,-1.554239216467401,-0.9797509111251564,0.4409402751288929,0.8538745446770533,0.6243630248470252
2020-12-25,1.6008722088807845,-0.5423996136113867,-0.020737258492537887,-1.554239216467401,-0.9797509111251564,0.45303453716667386,0.8465165221745348,0.6251120037592233
2020-12-28,1.6008722088807845,-0.5423996136113867,-0.0662162635780944,-1.554239216467401,-0.9797509111251564,0.45303453716667386,0.8465165221745348,0.6273589404958174
2020-12-29,1.572686223753419,-0.5835939980039705,-0.07991475908579178,-1.554239216467401,-0.9981012942421499,0.4295574402698046,0.8533293211641623,0.6281079194080155
2020-12-30,1.664749655837381,-0.6310313988276317,-0.14384107145504782,-1.5646166137188375,-0.9855896693896543,0.42315459566156716,0.884123305659761,0.6288568983202135
2020-12-31,1.7695165610404207,-0.5923323161969735,-0.10274558493195488,-1.5646166137188375,-0.9655710696256619,0.38046896493998617,0.8898459902798084,0.6296058772324117
2021-01-01,1.8661328026642228,-0.5998229835090136,-0.03863662595592997,-1.5646166137188375,-1.001020673374399,0.3818918192973721,1.0304620948944876,0.6303548561446097
2021-01-04,1.8661328026642228,-0.5998229835090136,-0.03863662595592997,-1.5646166137188375,-1.001020673374399,0.43098029462719045,1.0304620948944876,0.6326017928812039
2021-01-05,1.9607690900634416,-0.6547491468342097,-0.1253937641713483,-1.5334844219645276,-0.8846625622461918,0.5519229150050039,1.0522630516612972,0.6333507717934019
2021-01-06,2.0085316629499848,-0.6435145744740285,-0.13434344790304434,-1.4504652439530343,-0.8579710958942015,0.5675743129362505,0.9274527737650345,0.6340997507056
2021-01-07,2.1055079859350103,-0.6060640951295857,-0.13434344790304434,-1.4089556549472877,-0.8621416375116997,0.6323141861973155,0.9421684861138698,0.634848729617798
2021-01-08,2.0990561171613256,-0.5723594256437893,-0.09781412654918385,-1.3570686686901046,-0.7866548342349777,0.6002999631561297,0.7290639341245898,0.6355977085299961
2021-01-11,2.039068535430208,-0.5174323099133405,-0.06566832375778696,-1.3363138741872314,-0.8145974630722173,0.44520883820105056,0.7713032878602821,0.6378446452665903
2021-01-12,2.196152796108186,-0.5786005372643613,-0.09763147994241417,-1.3363138741872314,-0.767053288632735,0.5035458668538788,0.753045119630559,0.6385936241787884
2021-01-13,2.170575181170058,-0.5448958677785649,-0.15242546197320528,-1.3882008604444145,-0.7862377800732276,0.5199086919638181,0.7822037662436866,0.6393426030909864
2021-01-14,2.0562547748654354,-0.5548827892577833,-0.17032482943659655,-1.3363138741872314,-0.7762284801912316,0.5874942739396548,0.7732110711710984,0.6400915820031845
2021-01-15,2.0488528832126884,-0.48747249788093794,-0.08831650299718037,-1.3778234631929778,-0.8162656797192168,0.4985658766030272,0.7159835596582248,0.6408405609153826
2021-01-17,2.0283499491571066,-0.5224257706529498,-0.060919511981784816,-1.3882008604444145,-0.8408718752624577,0.4615716633109904,0.743779646473425,0.6423385187397787
2021-01-18,2.0283499491571066,-0.5224257706529498,-0.060919511981784816,-1.3882008604444145,-0.8408718752624577,0.5196241210923408,0.743779646473425,0.6430874976519767
2021-01-19,2.0283499491571066,-0.5224257706529498,-0.06986919571348085,-1.3882008604444145,-0.7920765383377255,0.5433857888606879,0.743779646473425,0.6438364765641748
2021-01-20,2.091755837509144,-0.5261706281063435,-0.06968654910671117,-1.3882008604444145,-0.7803990218087301,0.5547686237197763,0.8157228703351369,0.6445854554763729
2021-01-21,2.1920754912700136,-0.5686145681903955,-0.11991436596826902,-1.367446065941541,-0.7795649134852303,0.5633057498640922,0.8140878651088664,0.645334434388571
2021-01-22,2.2204400372915747,-0.5548827892577833,-0.14731135698366457,-1.3882008604444145,-0.7987494049257232,0.5327143811802922,0.7879264508637338,0.646083413300769
2021-01-25,2.2702674054905527,-0.5361575495855619,-0.12210612524950122,-1.4400878467015976,-0.7895742133672267,0.5376943714311437,0.7857465547807743,0.6483303500373632
2021-01-26,2.1335233023624003,-0.5636211074507863,-0.07425271427594363,-1.4400878467015976,-0.7970811882787239,0.523465827857283,0.7743008528844788,0.6490793289495612
2021-01-27,2.154437617041625,-0.5037005309807284,-0.06493773733070902,-1.4504652439530343,-0.8050052173519708,0.43524885769934873,0.7584953588222622,0.6498283078617593
2021-01-28,1.9747471525488174,-0.527419231392559,-0.005577590130686254,-1.4193330521987244,-0.8133463005869679,0.46726308074053463,0.739419521651304,0.6505772867739573
2021-01-29,1.935800160604424,-0.5124388491737314,-0.037540746315314275,-1.3778234631929778,-0.7974982424404736,0.43596028487804134,0.7650357123835456,0.6513262656861554
2021-02-01,2.0115366158987076,-0.45751268584853527,-0.05105659521624277,-1.398578257695851,-0.7487029055157416,0.4181746054107162,0.8018248269275358,0.6535732024227496
2021-02-02,2.1054616192939775,-0.4350425887229201,-0.02365960420084721,-1.367446065941541,-0.6986564061057602,0.3882946639056095,0.7192535701107656,0.6543221813349477
2021-02-03,2.083008326742129,-0.44502855779688594,0.022002047491478185,-1.3363138741872314,-0.6573680440925252,0.4466316925584371,0.7238861403612317,0.6550711602471457
2021-02-04,2.0683387107383515,-0.39384725192508363,0.06492400008226475,-1.3363138741872314,-0.6419370401077811,0.4316917218058837,0.6058886614545965,0.6558201391593438
2021-02-05,2.0481485048786796,-0.45501547927610436,0.031499671043482474,-1.2948042851814847,-0.6210843320202887,0.5341372355376781,0.6658412925633227,0.6565691180715418
2021-02-07,2.159402793729387,-0.46874725820871654,0.0322302574705596,-1.2948042851814847,-0.5923075948595491,0.5903399826544272,0.7230688040761963,0.6580670758959379
2021-02-08,2.159402793729387,-0.46874725820871654,0.06912487203795864,-1.2948042851814847,-0.5923075948595491,0.5903399826544272,0.7230688040761963,0.658816054808136
2021-02-09,2.29682858513317,-0.5299154855597372,0.05688754938441553,-1.3051816824329214,-0.5685355076398079,0.665039836417194,0.7323342772333303,0.659565033720334
2021-02-10,2.4273418009257557,-0.5386538037527402,0.08355395397273314,-1.3363138741872314,-0.5506021786845644,0.7418739717160406,0.7467772114976217,0.6603140126325322
2021-02-11,2.3958164311196555,-0.5324126921321682,0.15332495775860702,-1.3259364769357946,-0.5539386119785632,0.7425853988947332,0.5636493077189041,0.6610629915447302
2021-02-12,2.3958164311196555,-0.5249220248201281,0.15332495775860702,-1.284426887930048,-0.49638513765708453,0.7625053598981382,0.5636493077189041,0.6618119704569283
2021-02-14,2.3958164311196555,-0.5211771673667344,0.15332495775860702,-1.1806529154156815,-0.45009212570285156,0.7807178956726794,0.5636493077189041,0.6633099282813244
2021-02-15,2.3958164311196555,-0.5211771673667344,0.15332495775860702,-1.1806529154156815,-0.45009212570285156,0.8113092643564793,0.5636493077189041,0.6640589071935225
2021-02-16,2.3958164311196555,-0.5211771673667344,0.15332495775860702,-1.1806529154156815,-0.4342440675563573,0.8293795146952816,0.5636493077189041,0.6648078861057205
2021-02-17,2.3958164311196555,-0.46625100404153824,0.15332495775860702,-1.191030312667118,-0.39003632641087377,0.8137281167640357,0.5636493077189041,0.6655568650179186
2021-02-18,2.3958164311196555,-0.5111911982927685,0.15332495775860702,-1.191030312667118,-0.4288223634536092,0.9296907468909975,0.5636493077189041,0.6663058439301166
2021-02-19,2.4085781091710925,-0.5399024070389556,0.10711536624597338,-1.1391433264099349,-0.48095413367234,1.1744216963613967,0.5701896612801876,0.6670548228423147
2021-02-20,2.2263680616740027,-0.5835939980039705,0.11204682462874441,-1.1080111346556247,-0.40213089710161903,1.273310074199726,0.6543955906670273,0.6678038017545128
2021-02-22,2.2263680616740027,-0.5835939980039705,0.13597353011552318,-1.1080111346556247,-0.40213089710161903,1.273310074199726,0.6543955906670273,0.6693017595789089
2021-02-23,2.2037105585967502,-0.5636211074507863,0.11752622283182368,-1.1080111346556247,-0.3841975681463759,1.3280899669590887,0.6481280151902898,0.670050738491107
2021-02-24,2.0437653775145397,-0.5623725041645709,0.11606504997766942,-1.0976337374041885,-0.31371541481065196,1.4938524995945628,0.62632705842348,0.670799717403305
2021-02-25,2.0631930001078396,-0.5686145681903955,0.13359912422752213,-0.9315953813812018,-0.32038828139864933,1.439784034013893,0.5663744273147557,0.6715486963155031
2021-02-26,1.9170857950636249,-0.46874725820871654,0.1472976197352195,-1.0353693538955684,-0.35500377682388656,1.1964759389008808,0.4402012569643659,0.6722976752277011
2021-03-01,2.031020470375817,-0.45501547927610436,0.0883027657487353,-1.0249919566441317,-0.4092208178513665,1.225644453227295,0.4249406537588395,0.6745446119642953
2021-03-02,1.9568298986240946,-0.48622389459472243,0.0881201191419656,-1.0561241483984418,-0.46719134633459514,1.3807355781823734,0.45382685494362196,0.6752935908764934
2021-03-03,2.0641588073753385,-0.46625100404153824,0.10254920107674093,-1.0042371621412585,-0.40338205958686857,1.26690722959149,0.4053199257311911,0.6760425697886915
2021-03-04,1.8734320957921298,-0.3813640762786869,0.12117915496720932,-0.9315953813812018,-0.2941138692084092,1.0342705421588718,0.3641703537088782,0.6767915487008895
2021-03-05,1.8467061665952,-0.33767153290841945,0.0850151268268874,-0.9108405868783285,-0.18442862466819918,1.1722874148253177,0.35817522366048576,0.6775405276130876
2021-03-08,1.6410622214146038,-0.29647714851583556,0.07533485666811505,-0.8797083951240184,-0.2657541862094194,1.1971873660795735,0.30285516280222663,0.6797874643496817
2021-03-09,1.51780883777883,-0.34016873948085036,0.08885070556904273,-0.9212179841297651,-0.3062084398991544,1.0769561728804526,0.408862381612077,0.6805364432618798
2021-03-10,1.5504667374552958,-0.36139023332025005,0.06601987972288044,-0.9419727786326384,-0.2853557318116621,1.1111046774577176,0.4222155341629879,0.6812854221740778
2021-03-11,1.6941234161946426,-0.4075790308576958,0.09396481055858344,-0.9315953813812018,-0.2098689285349398,1.2626386665193317,0.4243957629021493,0.6820344010862759
2021-03-12,1.7123810209950414,-0.37512201225286224,0.11350799748289866,-0.8278214088668354,-0.22947047413718252,1.264061520876717,0.4167652949712857,0.682783379998474
2021-03-15,1.5899760482377632,-0.35639677258064084,0.1367041165426003,-0.8485762033697085,-0.2332239615929313,1.2647729480554109,0.4423814857035273,0.6850303167350682
2021-03-16,1.636396948107149,-0.35140331184103163,0.11369064408966835,-0.8485762033697085,-0.26783945701816847,1.166595997395774,0.44701405595399346,0.6857792956472663
2021-03-17,1.66389236624039,-0.41007528502487406,0.10455831375120343,-0.838198806118272,-0.2770146485766651,1.2341815793716102,0.43665880108348,0.6865282745594643
2021-03-18,1.7126079215788252,-0.35390051841346254,0.10967241874074334,-0.7551796281067787,-0.511399087480079,1.2185301814403637,0.45137418077611546,0.6872772534716624
2021-03-19,1.561555270332395,-0.34516220022045957,0.06802899239734295,-0.7240474363524688,-0.43257585090935796,1.225644453227295,0.47644548065166686,0.6880262323838604
2021-03-22,1.6162412705971834,-0.3601416300340346,0.05798342902503122,-0.7759344226096521,-0.43716344668860624,1.2633500936980244,0.46663511663784263,0.6902731691204546
2021-03-23,1.5484187130555755,-0.2927322910624418,0.020723521244093615,-0.838198806118272,-0.6010657322562959,1.1779788322548626,0.4309357838072319,0.6910221480326527
2021-03-24,1.4498550725083383,-0.2690135906506112,-0.011239634940534404,-0.8485762033697085,-0.44508747576185326,1.1559245897153785,0.4532819640869317,0.6917711269448508
2021-03-25,1.455787042987875,-0.22532199968559638,-0.020006672065460758,-0.838198806118272,-0.5489339620375651,1.033559114980179,0.4314810073201219,0.6925201058570488
2021-03-26,1.5872344972710846,-0.23905377861820856,-0.001194071568222672,-0.7966892171125254,-0.4421680966296043,1.161616007144922,0.45137418077611546,0.6932690847692469
2021-03-29,1.5957639861728112,-0.21783133237355623,-0.005394943523916566,-0.7344248336039054,-0.4300735259388588,1.1139503861724906,0.39659934343074726,0.695516021505841
2021-03-30,1.6524546037691181,-0.17289113812232595,0.012504423939474704,-0.7344248336039054,-0.46260375055534686,1.0392505324097232,0.3197511038902242,0.6962650004180391
2021-03-31,1.6088018910218989,-0.18162945631532892,-0.019093439031614753,-0.7240474363524688,-0.45259445067335047,1.0648619108426718,0.40123224633741417,0.6970139793302371
2021-04-01,1.683822129690846,-0.2190799356597717,-0.00576023673745513,-0.7759344226096521,-0.4388316633356056,1.0563247846983557,0.4358411321422439,0.6977629582424352
2021-04-02,1.712749981074758,-0.26027527245760823,0.0039200334213172275,-0.7448022308553421,-0.5380905538320692,1.2633500936980244,0.47671792608001096,0.6985119371546333
2021-04-05,1.712749981074758,-0.26027527245760823,0.017435882322245726,-0.7344248336039054,-0.5380905538320692,1.2633500936980244,0.47671792608001096,0.7007588738912275
2021-04-06,1.712749981074758,-0.2927322910624418,0.017435882322245726,-0.7966892171125254,-0.5380905538320692,1.232758725014225,0.47671792608001096,0.7015078528034255
2021-04-07,1.679651105046329,-0.27775190884361417,0.04081464798871627,-0.7863118198610888,-0.5218254415238252,1.1466760363923691,0.4729026921145792,0.7022568317156236
2021-04-08,1.6885396887850008,-0.32768556383445363,0.04191052762933277,-0.8278214088668354,-0.5122331958035785,1.20572449222389,0.5184123889590141,0.7030058106278216
2021-04-09,1.6093217893160463,-0.3152014357828043,0.023645866952402127,-0.7966892171125254,-0.5205742790385756,1.128178929746351,0.48162327441502395,0.7037547895400197
2021-04-12,1.5073970605559737,-0.3176986423552352,-0.007951996018687327,-0.7759344226096521,-0.500138625112833,1.0968761338838575,0.4486490611802639,0.706001726276614
2021-04-13,1.5004617948864,-0.35390051841346254,-0.06676420339840265,-0.8278214088668354,-0.48137118783409005,1.1167960948872624,0.48952585511803187,0.706750705188812
2021-04-14,1.563813424403184,-0.3738734089666468,-0.062198038229170194,-0.8278214088668354,-0.34457742278014036,1.2519672588389361,0.45873220327863395,0.70749968410101
2021-04-15,1.529353144872051,-0.3763706155390777,-0.04813424950793345,-0.9108405868783285,-0.34374331445664086,1.3821584325397587,0.5418483509520953,0.7082486630132081
2021-04-16,1.5514108411886924,-0.3901023944716899,-0.06585097036455584,-0.8797083951240184,-0.3499991268828882,1.3095928603130704,0.5789099109244296,0.7089976419254062
2021-04-19,1.6930638891208,-0.4512706218227106,-0.07900152605194577,-0.8589536006211451,-0.3266440938248967,1.4106155196874801,0.5527488293354987,0.7112445786620003
2021-04-20,1.6857665690414483,-0.4300491279833109,-0.07991475908579178,-0.8900857923754552,-0.3766905932348784,1.3764670151102152,0.5742773406739634,0.7119935575741984
2021-04-21,1.6927028212352995,-0.4400350970572767,-0.08429827764825536,-0.9004631896268918,-0.43174174258585846,1.4696639755190009,0.6151541346117305,0.7127425364863964
2021-04-22,1.6910178377696337,-0.41881360321787703,-0.06895596267963404,-0.9004631896268918,-0.3879510556021247,1.4604154221959904,0.5849050409728219,0.7134915153985946
2021-04-23,1.749307611219478,-0.4774855764017195,-0.04977806896885739,-0.8900857923754552,-0.35959137260313484,1.5486323923539254,0.5734596717327274,0.7142404943107926
2021-04-25,1.6908353307783288,-0.4837276404275442,-0.02749518294300254,-0.8900857923754552,-0.370017726646881,1.6951863911646874,0.5794548017811207,0.7157384521351887
2021-04-26,1.6908353307783288,-0.4837276404275442,0.005929146095779736,-0.8900857923754552,-0.370017726646881,1.6951863911646874,0.5794548017811207,0.7164874310473868
2021-04-27,1.7022612549582727,-0.4712435123758948,0.015792062861322592,-0.838198806118272,-0.3387386645156425,1.7577919828896738,0.5761847913285789,0.7172364099595848
2021-04-28,1.7395212903884452,-0.5086939917203376,-0.0022899512088383647,-0.838198806118272,-0.3041231690904053,1.7734433808209205,0.5631040842060131,0.7179853888717829
2021-04-29,1.7815738607578486,-0.5086939917203376,-0.02183313813315439,-0.8174440116153987,-0.25491077800392314,1.7570805557109812,0.5492060407984131,0.7187343677839809
2021-04-30,1.7569640261357753,-0.4250556672437017,-0.0642071509036319,-0.8174440116153987,-0.2770146485766651,1.7307577500993387,0.5470261447154514,0.719483346696179
2021-05-03,1.6940139119998598,-0.46625100404153824,-0.08849914960394925,-0.838198806118272,-0.22780225749018349,1.8168404387211947,0.6783767761729975,0.7217302834327732
2021-05-04,1.6940139119998598,-0.42380706395748624,-0.08849914960394925,-0.8589536006211451,-0.22780225749018349,1.8068804582194915,0.6783767761729975,0.7224792623449713
2021-05-05,1.6940139119998598,-0.42131080979030794,-0.08849914960394925,-0.8797083951240184,-0.19443792455019587,1.8104375941129571,0.6783767761729975,0.7232282412571693
2021-05-06,1.6940139119998598,-0.46625100404153824,-0.08849914960394925,-0.8900857923754552,-0.2398968281809287,1.9221316611677615,0.6783767761729975,0.7239772201693674
2021-05-07,1.6172248353016727,-0.5561304401387461,-0.0735221278488665,-0.8693309978725818,-0.23530923240168042,2.129868397346123,0.720888575337035,0.7247261990815654
2021-05-08,1.625748405057736,-0.558627646711177,-0.07480065409625188,-0.838198806118272,-0.24031388234267875,2.083625630731077,0.7383294072817238,0.7254751779937635
2021-05-10,1.625748405057736,-0.558627646711177,-0.09708354012210672,-0.838198806118272,-0.24031388234267875,2.083625630731077,0.7383294072817238,0.7269731358181596
2021-05-11,1.6403312069251081,-0.56736596490418,-0.11169526866365093,-0.8278214088668354,-0.23113869078418217,2.149076931170834,0.7339692824596018,0.7277221147303576
2021-05-12,1.6681975581866213,-0.4962108160739409,-0.12448053113750229,-0.7759344226096521,-0.19819141200594403,2.1120827178787973,0.6977250587723008,0.7284710936425557
2021-05-13,1.598127698341275,-0.4912173553343317,-0.11425232115842086,-0.8070666143639621,-0.2924456525614096,2.047342844617733,0.7009954018810425,0.7292200725547539
2021-05-14,1.7132728389417389,-0.5448958677785649,-0.10402411117934025,-0.838198806118272,-0.2140394701524386,1.996120087751835,0.739419521651304,0.7299690514669519
2021-05-17,1.8059143742522132,-0.5573790434249616,-0.08539415728887105,-0.8278214088668354,-0.19819141200594403,2.07722278612284,0.8200829951572579,0.732215988203546
2021-05-18,1.8091916079014774,-0.6160510166088041,-0.09763147994241417,-0.8278214088668354,-0.22363171587268466,2.0971427471262447,0.8209006640984939,0.7329649671157441
2021-05-19,1.8003138759298563,-0.5611239008783554,-0.12667229041873368,-0.7863118198610888,-0.31246425232540237,1.8851374478757246,0.8576897786424851,0.7337139460279422
2021-05-20,1.800493423348329,-0.6085613017020166,-0.18091833262921656,-0.838198806118272,-0.3833634598228758,1.8730431858379424,0.8590523384404094,0.7344629249401402
2021-05-21,1.7546723302395555,-0.5823463471230077,-0.20374915847537883,-0.838198806118272,-0.31913711891339974,1.7492548567453572,0.8451539623766086,0.7352119038523383
2021-05-24,1.7790217224524167,-0.6060640951295857,-0.20849797025138098,-0.8589536006211451,-0.24114799066617829,1.8125718756490363,0.8666824737150732,0.7374588405889325
2021-05-25,1.9444559246136461,-0.6297827955414163,-0.20849797025138098,-0.9108405868783285,-0.23238985326943176,1.7855376428587013,0.9034715882590634,0.7382078195011306
2021-05-26,1.9456141041152217,-0.5798491405505768,-0.2541596219437064,-0.8900857923754552,-0.22696814916668337,1.8182632930785798,0.9121921705595082,0.7389567984133286
2021-05-27,1.9768287187739662,-0.5885874587435798,-0.2313287960975441,-0.8589536006211451,-0.20611544107919103,2.0124829128617754,0.8969312346977809,0.7397057773255267
2021-05-28,1.9660450218985597,-0.5810977438367922,-0.21306413542061345,-0.8900857923754552,-0.20903482021144026,2.0338257282225656,0.915462181012049,0.7404547562377247
2021-05-30,2.0105688355826543,-0.6060640951295857,-0.28155661295910195,-0.8485762033697085,-0.1810921913742005,2.051895978561368,0.9165522953816302,0.7419527140621208
2021-05-31,2.0105688355826543,-0.6060640951295857,-0.28155661295910195,-0.8485762033697085,-0.1810921913742005,2.0338257282225656,0.9165522953816302,0.7427016929743189
2021-06-01,2.0105688355826543,-0.6060640951295857,-0.29068894329756684,-0.8485762033697085,-0.1810921913742005,1.998965796466608,0.9165522953816302,0.7434506718865169
2021-06-02,1.950879184183289,-0.5973257769365827,-0.24502729160524145,-0.8797083951240184,-0.15732010415445952,1.9114602534873657,0.929087778991305,0.7441996507987151
2021-06-03,1.9109979537482717,-0.5224257706529498,-0.2632919522821713,-0.838198806118272,-0.1527325083752112,1.7286234685632598,0.8301658045994272,0.7449486297109131
2021-06-04,1.9460491613215205,-0.56736596490418,-0.19479947474368361,-0.9108405868783285,-0.12812631283197012,1.8211090017933529,0.8808532952072192,0.7456976086231112
2021-06-07,1.9381668323457186,-0.5910846653160107,-0.1628363185590556,-0.9004631896268918,-0.1452255334637137,1.8182632930785798,0.8999291323781774,0.7479445453597053
2021-06-08,1.8985253273100902,-0.5748556798109675,-0.1628363185590556,-0.9419727786326384,-0.12437282537622138,1.8602374966214688,0.8873933161123019,0.7486935242719034
2021-06-09,1.913781925258874,-0.5698622190713584,-0.1717860022907508,-0.9731049703869484,-0.12770925867022007,1.8253775648655113,0.8901184357081524,0.7494425031841014
2021-06-10,1.9762506155474566,-0.5748556798109675,-0.18110097923598542,-1.0249919566441317,-0.11352941717072515,1.7606376916044455,0.892843555304004,0.7501914820962995
2021-06-11,1.9399692122003858,-0.5149360557461623,-0.1306905157676579,-1.0042371621412585,-0.09684725070073165,1.835337545367213,0.8470617456874248,0.7509404610084975
2021-06-14,1.8713564487126433,-0.5199295164857715,-0.14895517644458853,-0.9627275731355118,-0.08767205914223507,1.820397574614659,0.7846564404111931,0.7531873977450918
2021-06-15,1.8713564487126433,-0.5174323099133405,-0.14895517644458853,-0.9627275731355118,-0.04137904718800214,1.545075256460461,0.7846564404111931,0.7539363766572899
2021-06-16,1.748693006594708,-0.4437809069159231,-0.12612435059842542,-0.9004631896268918,-0.02052633910050981,1.617640828687148,0.7982820383904491,0.7546853555694879
2021-06-17,1.788225007435554,-0.3489070576738533,-0.1078596899214956,-0.9523501758840751,-0.06056353862849481,1.3245328310656244,0.5647394220884844,0.755434334481686
2021-06-18,1.8043714502824812,-0.3064631175898013,-0.14420636466858638,-1.0249919566441317,-0.053056563716997886,1.2946528895605176,0.5486611499417218,0.756183313393884
2021-06-21,1.8081241886334138,-0.3526519151272471,-0.1896853697541429,-0.9731049703869484,0.004913964766230803,1.327378539780396,0.5865403788552932,0.7584302501304782
2021-06-22,1.8409823527381783,-0.3688799482270375,-0.20356651186860997,-0.9938597648898218,0.022847293721474485,1.3842927140758379,0.5715522210781119,0.7591792290426762
2021-06-23,1.887360832063638,-0.3601416300340346,-0.20795003043107274,-0.9731049703869484,0.035358918573969764,1.5294238585292144,0.5879029386532194,0.7599282079548744
2021-06-24,1.8825248900562048,-0.3576453758668563,-0.21251619560030519,-0.9834823676383851,0.06580387238170872,1.5016781985601868,0.5696444377672956,0.7606771868670724
2021-06-25,1.9711068779654985,-0.35889397915307175,-0.21269884220707488,-0.9315953813812018,0.08665658046920105,1.4782011016633163,0.5723695573631471,0.7614261657792705
2021-06-28,2.0004165142447348,-0.3501556609600688,-0.19881770009260782,-0.9834823676383851,0.01700853545697661,1.4632611309107635,0.5805449161507009,0.7636731025158646
2021-06-29,1.941348373140082,-0.3289332147154165,-0.20795003043107274,-0.9834823676383851,0.042031785161967164,1.4412068883712794,0.5347631065341217,0.7644220814280627
2021-06-30,1.9916423673222328,-0.2802481630107924,-0.2216485259387709,-1.0249919566441317,0.10709223439494331,1.4760668201272371,0.5565640633009306,0.7651710603402607
2021-07-01,1.9818254642386026,-0.26027527245760823,-0.20338386526184027,-0.9938597648898218,0.09666588035119715,1.4006555391857771,0.5704621067085316,0.7659200392524588
2021-07-02,1.820261396817307,-0.3064631175898013,-0.21708236076953846,-1.0353693538955684,0.13086432161468486,1.4575697134812187,0.5887202749382537,0.7666690181646568
2021-07-05,1.8270121824470222,-0.2665163840781803,-0.22603204450123368,-1.1080111346556247,0.16547981703992207,1.5543238097834702,0.6184241450642722,0.7689159549012511
2021-07-06,1.8270121824470222,-0.2665163840781803,-0.20776738382430385,-1.1080111346556247,0.05996511411721085,1.4219983545465684,0.6184241450642722,0.7696649338134491
2021-07-07,1.9102994945599274,-0.255281811717999,-0.26256136585509415,-1.1495207236613714,-0.002593010145266126,1.5237324410996695,0.640225101831082,0.7704139127256472
2021-07-08,1.8708947553508566,-0.2902350844900109,-0.39479750915606904,-1.1806529154156815,0.029103106147721828,1.4412068883712794,0.635047308067724,0.7711628916378452
2021-07-09,1.8630656986860297,-0.3189472456414507,-0.3445696922945112,-1.1080111346556247,0.11543331762994036,1.5564580913195494,0.6633886183958162,0.7719118705500433
2021-07-12,1.9645376128028111,-0.3064631175898013,-0.46767350525702106,-1.0976337374041885,0.10000231364519585,1.5144838877766604,0.6511255802144855,0.7741588072866374
2021-07-13,1.969963496328083,-0.24155003278538684,-0.4996366614416483,-1.0561241483984418,0.1304472674529348,1.5016781985601868,0.6617536131695458,0.7749077861988356
2021-07-14,1.89713630112762,-0.2839930204641862,-0.4813720007647185,-1.1080111346556247,0.05704573498496161,1.4454754514434378,0.7023579616789678,0.7756567651110337
2021-07-15,1.9696744447148278,-0.2577780658851773,-0.4446600328040883,-1.1702755181642448,0.006582181413230449,1.5244438682783634,0.7135308854907173,0.7764057440232317
2021-07-16,1.894554567093869,-0.24903974769217435,-0.4674908586502514,-1.1702755181642448,0.003662802280981216,1.5244438682783634,0.675651656577146,0.7771547229354298
2021-07-19,1.9118236745683899,-0.22407339639938093,-0.4581758817050168,-1.2948042851814847,-0.21028598269668985,1.3515670638559594,0.6598458298587295,0.7794016596720239
2021-07-20,1.9128171045156541,-0.21408647492016247,-0.49927136822810975,-1.253294696175738,-0.1810921913742005,1.4390726068352002,0.6658412925633227,0.780150638584222
2021-07-21,1.9764183246746,-0.24155003278538684,-0.5127872171290382,-1.1806529154156815,-0.0764115967749888,1.4518782960516752,0.6440403357965139,0.78089961749642
2021-07-22,1.992267823714056,-0.23281171459238387,-0.4945225564521084,-1.2117851071699914,-0.0050953351157653,1.545075256460461,0.6497630204165602,0.7816485964086181
2021-07-23,1.9164396216619781,-0.22157618982695,-0.5219195474675031,-1.1806529154156815,0.020344968750975315,1.6340036537970886,0.639952656402736,0.7823975753208162
2021-07-26,1.7471461365278669,-0.25403320843178356,-0.599179062130918,-1.191030312667118,0.017425589618726672,1.8972317099135056,0.6325946339002185,0.7846445120574104
2021-07-27,1.5431871748129364,-0.2814967662970079,-0.5263030660299667,-1.2325399016728646,0.020762022912725372,1.8396061084393713,0.6347748626393789,0.7853934909696084
2021-07-28,1.552536465389118,-0.2952285452296201,-0.4894084514625677,-1.2221625044214282,0.02993721447122195,1.7506777111027436,0.6347748626393789,0.7861424698818065
2021-07-29,1.6924335001075905,-0.3526519151272471,-0.5756176498576786,-1.2014077099185547,0.08040076804295311,1.786960497216088,0.7211610207653811,0.7868914487940045
2021-07-30,1.6609406856026416,-0.31395378490184145,-0.6627400812866354,-1.2429172989243014,0.1396224590114314,1.7272006142058731,0.6704738628137898,0.7876404277062026
2021-08-02,1.7869454854478666,-0.3289332147154165,-0.6903197189088,-1.284426887930048,-0.019275176615260223,1.659615032230037,0.6854620205909712,0.7898873644427968
2021-08-03,1.7693005122236862,-0.3251883572620227,-0.6674888930626376,-1.2948042851814847,-0.04721780545250001,1.5991437220411298,0.6636610638241613,0.7906363433549949
2021-08-04,1.849488165057247,-0.3014706092554448,-0.6673062464558679,-1.2948042851814847,-0.14105499184621548,1.5223095867422844,0.6647511781937425,0.7913853222671929
2021-08-05,1.814061091734339,-0.30521546670883853,-0.731232558825124,-1.253294696175738,-0.09309376324498289,1.5400952662096088,0.6500354658449053,0.792134301179391
2021-08-06,1.7878175729090189,-0.23530796875956217,-0.7036529212029595,-1.1702755181642448,-0.1398038293609659,1.5472095379965403,0.5271326386032581,0.792883280091589
2021-08-09,1.8267754166204633,-0.2165836814925934,-0.6167131363807715,-1.1495207236613714,-0.19694024952069444,1.4661068396255352,0.427393327926346,0.7951302168281832
2021-08-10,1.877904996865506,-0.20285190255998123,-0.5891334987586071,-1.1183885319070614,-0.13479917941996755,1.557169518498242,0.4421090402751822,0.7958791957403812
2021-08-11,1.8565161640088885,-0.22157618982695,-0.5754350032509089,-1.1287659291584982,-0.09934957567123082,1.5770894795016468,0.5009715570143273,0.7966281746525793
2021-08-12,1.8173067566067276,-0.20534815672715953,-0.6256628201124675,-1.1183885319070614,-0.10769065890622728,1.5628609359277856,0.49715632304889545,0.7973771535647773
2021-08-13,1.78572120881971,-0.27026219393682666,-0.5843846869826049,-1.191030312667118,-0.14480847930196364,1.6091037025428327,0.5685543233977154,0.7981261324769755
2021-08-16,1.7591491774100434,-0.2565304150042145,-0.5568050493604405,-1.2221625044214282,-0.17942397472720142,1.5201753052062053,0.6004384222628952,0.8003730692135697
2021-08-17,1.6275004721742583,-0.1941135843669783,-0.579453228599834,-1.2221625044214282,-0.20736660356444062,1.3515670638559594,0.5952606284995372,0.8011220481257677
2021-08-18,1.6745645858724572,-0.1928649810807628,-0.6388133757998566,-1.2117851071699914,-0.24031388234267875,1.2313358706568385,0.5859951553424032,0.8018710270379658
2021-08-19,1.660224468977305,-0.13918646863652956,-0.6568953898700176,-1.2429172989243014,-0.31580068561940106,1.122487512316806,0.5821799213769714,0.8026200059501638
2021-08-20,1.5570991401717318,-0.14792478682953253,-0.6340645640238554,-1.2221625044214282,-0.36960067248513095,1.2434301326946195,0.5843601501161327,0.8033689848623619
2021-08-23,1.6570991600667497,-0.21533507820637796,-0.6063022797949212,-1.2325399016728646,-0.22112939090218608,1.379312723824987,0.6448576720815482,0.8056159215989561
2021-08-24,1.7167838788447287,-0.22407339639938093,-0.6336992708103167,-1.191030312667118,-0.1318798002877189,1.434804043763042,0.6513980256428317,0.8063649005111542
2021-08-25,1.7461063399395684,-0.2315631113061684,-0.6291331056410843,-1.1287659291584982,-0.09392787156848241,1.449032587336902,0.6039808781437812,0.8071138794233522
2021-08-26,1.643633103681305,-0.20285190255998123,-0.5741564770035243,-1.1391433264099349,-0.16482707906595645,1.4234212089039537,0.6148813565271846,0.8078628583355503
2021-08-27,1.6784741815834852,-0.24903974769217435,-0.6015534680189191,-1.1702755181642448,-0.08808911330398454,1.5251552954570562,0.6813743411971933,0.8086118372477483
2021-08-30,1.6813518729004318,-0.25403320843178356,-0.636804263125395,-1.191030312667118,-0.038459668055752905,1.5927408774328935,0.6606634987999647,0.8108587739843425
2021-08-31,1.6632195566832542,-0.2565304150042145,-0.646849826497706,-1.1806529154156815,-0.038459668055752905,1.591318023075507,0.6770142163750722,0.8116077528965405
2021-09-01,1.6925962766133478,-0.2790005121298296,-0.6877626664140299,-1.1702755181642448,-0.09934957567123082,1.454724004766447,0.6718364226117142,0.8123567318087386
2021-09-02,1.6989129915610415,-0.3064631175898013,-0.6740641709063325,-1.191030312667118,-0.033872072276504614,1.491006790879791,0.6598458298587295,0.8131057107209367
2021-09-03,1.6629127476330088,-0.33018181800163193,-0.6693153591303305,-1.1495207236613714,-0.05430772620224747,1.5358267031374517,0.7203436844803458,0.8138546896331348
2021-09-05,1.843137908284125,-0.27026219393682666,-0.6643839007475594,-1.0976337374041885,-0.08099919255423708,1.5379609846735296,0.6249644986255557,0.8153526474575309
2021-09-06,1.843137908284125,-0.27026219393682666,-0.6643839007475594,-1.0976337374041885,-0.08099919255423708,1.537249557494837,0.6249644986255557,0.8161016263697289
2021-09-07,1.843137908284125,-0.27026219393682666,-0.618722249055234,-1.0976337374041885,-0.11895112127347356,1.4625497037320696,0.6249644986255557,0.816850605281927
2021-09-08,1.822812548598462,-0.25403320843178356,-0.6002749417715345,-1.1287659291584982,-0.08391857168648631,1.3956755489349262,0.6107936771334087,0.817599584194125
2021-09-09,1.83198919742611,-0.2752547022711832,-0.5957087766023013,-1.1806529154156815,-0.12729220450847062,1.468952548340307,0.6290521780193316,0.8183485631063231
2021-09-10,1.8700927111133943,-0.26277152662478653,-0.6092246255032298,-1.1287659291584982,-0.08058213839248761,1.7051463716663904,0.607796112109213,0.8190975420185211
2021-09-13,1.851772955283524,-0.2577780658851773,-0.5631976805973657,-1.1495207236613714,-0.0584782678197457,1.584203751288577,0.6143364656704954,0.8213444787551154
2021-09-14,1.7905453125358155,-0.25403320843178356,-0.5723300109358307,-1.2014077099185547,-0.055141834525747,1.5187524508488186,0.6489453514753242,0.8220934576673135
2021-09-15,1.7430471281555937,-0.2740070513902204,-0.5447503733136663,-1.1702755181642448,0.019510860427475785,1.639695071226632,0.6154265800400756,0.8228424365795115
2021-09-16,1.6535042656001882,-0.22781825385277465,-0.5673985525530597,-1.1391433264099349,0.032022485279971064,1.4632611309107635,0.5124169262544219,0.8235914154917096
2021-09-17,1.6880789819474915,-0.18537526617397532,-0.5856632132299903,-1.1080111346556247,0.011169777192478738,1.4127498012235593,0.4982464374184757,0.8243403944039076
2021-09-18,1.666903238334775,-0.1803818054343661,-0.5980831824903023,-1.1702755181642448,-0.03262090979125503,1.2263558804059875,0.5726420027914922,0.8250893733161057
2021-09-20,1.666903238334775,-0.1803818054343661,-0.612329617818308,-1.1702755181642448,-0.03262090979125503,1.2263558804059875,0.5726420027914922,0.8265873311405018
2021-09-21,1.666903238334775,-0.18537526617397532,-0.612329617818308,-1.1495207236613714,-0.030118584820755852,1.2441415598733134,0.5726420027914922,0.8273363100526998
2021-09-22,1.666903238334775,-0.15291824756914174,-0.612329617818308,-1.159898120912808,0.04703643510296551,1.4234212089039537,0.5726420027914922,0.8280852889648979
2021-09-23,1.6997436450025458,-0.19785844182037202,-0.6258454667192365,-1.0665015456498783,0.08623952630745099,1.393541267398847,0.4936135345118078,0.828834267877096
2021-09-24,1.6832420534157824,-0.1691462806689322,-0.5977178892767637,-1.0042371621412585,0.12711083415893612,1.4696639755190009,0.49906377370351096,0.8295832467892941
2021-09-26,1.6892105252935803,-0.16290516904836017,-0.5834714539487581,-0.9938597648898218,0.18674957928916386,1.4789125288420102,0.4998814426447461,0.8310812046136902
2021-09-27,1.6892105252935803,-0.16290516904836017,-0.5783573489592182,-0.9938597648898218,0.18674957928916386,1.4789125288420102,0.4998814426447461,0.8318301835258882
2021-09-28,1.6870135357279832,-0.11422011734373615,-0.5885855589382988,-0.9315953813812018,0.16381160039292242,1.4184412186531028,0.46118487744614045,0.8325791624380863
2021-09-29,1.6076742937729191,-0.04306496851349697,-0.6110510915709234,-0.9212179841297651,0.14546121727592926,1.3480099279624935,0.4222155341629879,0.8333281413502843
2021-09-30,1.6731173547576264,-0.05429954087367822,-0.5873070326909134,-0.9523501758840751,0.14337594646718016,1.1914959486500298,0.5143247095652381,0.8340771202624824
2021-10-01,1.7289743593395965,-0.08051449545268712,-0.5224674872878114,-0.9938597648898218,0.20968755818540588,1.333069957209941,0.5170498291610888,0.8348260991746804
2021-10-04,1.7289743593395965,-0.10922665660412692,-0.5224674872878114,-0.9834823676383851,0.29476660718237424,1.4042126750792427,0.5170498291610888,0.8370730359112747
2021-10-05,1.7289743593395965,-0.0880042103594746,-0.5224674872878114,-0.9315953813812018,0.34814953988635466,1.3387613746394844,0.5170498291610888,0.8378220148234727
2021-10-06,1.7289743593395965,-0.05180328670649993,-0.5224674872878114,-0.9419727786326384,0.29268133637362514,1.2747329285571127,0.5170498291610888,0.8385709937356708
2021-10-07,1.7289743593395965,-0.05804439832707197,-0.5224674872878114,-0.8900857923754552,0.3323014817398607,1.4113269468661727,0.5170498291610888,0.8393199726478688
2021-10-08,1.7289743593395965,-0.07676963799929336,-0.5224674872878114,-0.8589536006211451,0.3252115609901132,1.4568582863025261,0.5170498291610888,0.8400689515600669
2021-10-09,1.7266905556375964,-0.04556122268067526,-0.5124219239154997,-0.8797083951240184,0.3911061185465889,1.5863380328246561,0.5124169262544219,0.8408179304722649
2021-10-11,1.7266905556375964,-0.04556122268067526,-0.4404591608483944,-0.8797083951240184,0.3911061185465889,1.5863380328246561,0.5124169262544219,0.842315888296661
2021-10-12,1.6489603347788426,-0.02059487138788183,-0.42639537212715845,-0.8797083951240184,0.3819309269880923,1.528001004171828,0.522500068352791,0.8430648672088591
2021-10-13,1.7204172477581061,-0.07552103471307789,-0.440824454061933,-0.9108405868783285,0.3819309269880923,1.7990547592538688,0.6189690359209615,0.8438138461210573
2021-10-14,1.7067193581674887,-0.09050141693190554,-0.4402765142416255,-0.9523501758840751,0.39569371432583716,1.9633944375319565,0.6271443947085154,0.8445628250332553
2021-10-15,1.7460875959783002,-0.09299767109908381,-0.42164656035115633,-0.8797083951240184,0.42947510142757483,2.102834164555788,0.5467533666309056,0.8453118039454534
2021-10-18,1.7068278758379956,-0.091750020218121,-0.2859401315215647,-0.8797083951240184,0.40695417669308287,2.0971427471262447,0.5402133457258239,0.8475587406820475
2021-10-19,1.752425027935816,-0.11172291077130521,-0.3451176321148186,-0.8174440116153987,0.4440719970888192,2.065128524085059,0.5535661656205341,0.8483077195942456
2021-10-20,1.7431161848550067,-0.14043507192274504,-0.3677658113542128,-0.8174440116153987,0.47493400505830824,2.1099484363427186,0.5928079543320317,0.8490566985064436
2021-10-21,1.7575855364304882,-0.11422011734373615,-0.41817627482253955,-0.7863118198610888,0.42572161397182606,1.8595260694427762,0.5849050409728219,0.8498056774186417
2021-10-22,1.7792713130945794,-0.13419300789692035,-0.3723319765234453,-0.8070666143639621,0.46117121772056335,1.7734433808209205,0.6238743842559745,0.8505546563308397
2021-10-25,1.8112899450393414,-0.10922665660412692,-0.3858478254243738,-0.8278214088668354,0.43698207633907177,1.8161290115425006,0.6524881400124118,0.852801593067434
2021-10-26,1.7911717554519146,-0.091750020218121,-0.4039298394945339,-0.838198806118272,0.447825484544568,1.7563691285322873,0.6162439163251109,0.853550571979632
2021-10-27,1.7302667061428887,-0.10298459257830225,-0.40374719288776506,-0.9315953813812018,0.4065371225313334,1.6190636830445346,0.6304147378172569,0.8542995508918301
2021-10-28,1.6794903015891267,-0.16665002650175392,-0.42182920695792603,-0.9004631896268918,0.3765092228853445,1.6731321486252044,0.6404975472594262,0.8550485298040281
2021-10-29,1.7534687706212226,-0.07052757397346868,-0.4126968766194611,-0.9212179841297651,0.36399759803284865,1.5756666251442604,0.5898103893078349,0.8557975087162262
2021-11-01,1.7370766832292406,-0.10048833841112396,-0.46694291882994393,-0.8900857923754552,0.4228022348395774,1.6041237122919807,0.6227842698863933,0.8580444454528203
2021-11-02,1.6844071385872983,-0.07427338383211507,-0.4990887216213409,-0.9108405868783285,0.4190487473838287,1.5649952174638646,0.6053434379417055,0.8587934243650185
2021-11-03,1.6614270420713608,-0.10298459257830225,-0.4760752491684089,-0.8693309978725818,0.2805867656828793,1.5045239072749585,0.5369430026170823,0.8595424032772165
2021-11-04,1.721311038753359,-0.04181636522728151,-0.4987234284078023,-0.9419727786326384,0.24096662031664437,1.5045239072749585,0.617061585266346,0.8602913821894146
2021-11-05,1.6841062486827152,-0.04556122268067526,-0.5626497407770583,-1.0249919566441317,0.3360549691956094,1.542229547745688,0.680829450340504,0.8610403611016126
2021-11-08,1.6993253587089614,-0.07926589216647165,-0.5440197868865891,-0.9627275731355118,0.36900224797384695,1.6261779548314645,0.7108057658948667,0.8632872978382068
2021-11-09,1.7126720456568507,-0.09050141693190554,-0.5485859520558216,-1.0146145593926952,0.4232192890013269,1.5948751589689714,0.7184359011695295,0.8640362767504048
2021-11-10,1.6744323916192958,0.0206004654099547,-0.5210063144336572,-0.9108405868783285,0.3560735689596016,1.5244438682783634,0.76585304866858,0.8647852556626029
2021-11-11,1.756009070635328,0.06179580220779123,-0.4797281813037945,-0.8900857923754552,0.3765092228853445,1.6311579450823155,0.8083648478326184,0.8655342345748009
2021-11-12,1.748170148727726,0.05555373818196655,-0.4749793695277932,-0.8900857923754552,0.35565651479785215,1.700877808594232,0.8211731095268381,0.866283213486999
2021-11-15,1.7263354068977603,0.09050796335923104,-0.49726225555364806,-0.838198806118272,0.3156193152698666,1.634715080975781,0.8162677611918261,0.8685301502235933
2021-11-16,1.7150949492819536,0.15417244487743006,-0.5018284207228805,-0.838198806118272,0.35357124398910245,1.569263780536023,0.7822037662436866,0.8692791291357913
2021-11-17,1.7370549796951402,0.14293787251724882,-0.4925134437776459,-0.8693309978725818,0.26265343672763625,1.4461868786221304,0.8260781252056503,0.8700281080479894
2021-11-18,1.6860072809651152,0.10673599645902151,-0.5197277881862717,-0.8797083951240184,0.33688907751910896,1.4988324898454137,0.802369717784225,0.8707770869601874
2021-11-19,1.7502477688557678,0.17289768454965146,-0.4912349175302605,-0.9315953813812018,0.24472010777239253,1.6340036537970886,0.7756634126824031,0.8715260658723855
2021-11-22,1.805469451803142,0.2265761969938847,-0.5690423720139836,-0.838198806118272,0.2751650615801315,1.630446517903623,0.6524881400124118,0.8737730026089796
2021-11-23,1.7983023529283961,0.22532759370766925,-0.5692250186207525,-0.7966892171125254,0.3777603853705941,1.6674407311956596,0.5911729491057602,0.8745219815211778
2021-11-24,1.795955411672648,0.26901918467268404,-0.6194528354823111,-0.8278214088668354,0.3335526442251103,1.7257777598484878,0.5928079543320317,0.8752709604333758
2021-11-25,1.7412822362234641,0.17539393871682976,-0.6285851658207761,-0.9938597648898218,0.32020691104911486,1.6909178280925303,0.5960782974407722,0.8760199393455739
2021-11-26,1.7412822362234641,0.17539393871682976,-0.6925114781900321,-0.9938597648898218,-0.08350151752473625,1.473932538591158,0.5960782974407722,0.8767689182577719
2021-11-29,1.7474361746653992,0.20660235403544785,-0.6833791478515664,-0.9523501758840751,-0.04304726383500119,1.5507666738900046,0.5879029386532194,0.8790158549943661
2021-11-30,1.7336593631325976,0.16291076307043303,-0.6833791478515664,-1.045746751147005,-0.1464766959489633,1.4639725580894563,0.5641941985755934,0.8797648339065641
2021-12-01,1.7383690300325327,0.17040143038247318,-0.655799510229402,-1.045746751147005,-0.2019448994616928,1.4163069371170236,0.5859951553424032,0.8805138128187622
2021-12-02,1.7422993427533828,0.18038739945643897,-0.6192701888755414,-1.0353693538955684,-0.15898832080145855,1.491006790879791,0.5290400892578736,0.8812627917309602
2021-12-03,1.7933046209394838,0.17913974857547615,-0.6010055281986116,-1.1287659291584982,-0.1527325083752112,1.4433411699073586,0.5870852697119844,0.8820117706431584
2021-12-06,1.7606822361370014,0.20036124241487582,-0.6968949967524949,-1.045746751147005,-0.04137904718800214,1.545075256460461,0.5748222315306536,0.8842587073797525
2021-12-07,1.7672958948921678,0.21034816389409425,-0.646667179890937,-0.9938597648898218,0.04870465174996516,1.5472095379965403,0.5887202749382537,0.8850076862919506
2021-12-08,1.8583787218444732,0.15042758742403634,-0.6284025192140064,-0.9523501758840751,0.06538681821995866,1.6233322461166928,0.5909005036774162,0.8857566652041486
2021-12-09,1.9331444372498725,0.19786403584244489,-0.6329686843832396,-0.9834823676383851,-0.011351147542013234,1.537249557494837,0.5669193181714449,0.8865056441163467
2021-12-10,1.9170236440341535,0.17040143038247318,-0.6512333450601695,-0.9938597648898218,0.02534961869197366,1.4703754026976936,0.5895379438794899,0.8872546230285447
2021-12-13,1.9572067508980335,0.20410609986826958,-0.6282198726072376,-1.0561241483984418,-0.010517039218513114,1.4653954124468427,0.5988034170366239,0.889501559765139
2021-12-14,1.9189651238119247,0.23531451518688767,-0.6419183681149349,-1.0353693538955684,-0.041796101349751605,1.427689771976112,0.5554739489313503,0.890250538677337
2021-12-15,1.8728776691482734,0.2278248002801002,-0.6373522029457024,-1.0042371621412585,-0.02761625985025727,1.3216871223508526,0.5342178830212317,0.8909995175895351
2021-12-16,1.913798696171588,0.16915282709625773,-0.6236537074380051,-1.0353693538955684,0.011169777192478738,1.4952753539519494,0.6268719492801712,0.8917484965017332
2021-12-17,1.8218970540691062,0.23531451518688767,-0.6355257368780096,-1.0665015456498783,-0.0584782678197457,1.4810468103780894,0.6464930099640194,0.8924974754139312
2021-12-20,1.7266510946665037,0.2328182610197094,-0.6316901581358543,-1.045746751147005,-0.16107359161020768,1.4774896744846235,0.6189690359209615,0.8947444121505254
2021-12-21,1.77250375655215,0.22532759370766925,-0.6362563233050867,-0.9938597648898218,-0.06348291776074405,1.552189528247391,0.6031635418587459,0.8954933910627234
2021-12-22,1.7869188492923787,0.17414628783586694,-0.673698877692794,-1.0146145593926952,0.013255048001227851,1.6183522558658419,0.6404975472594262,0.8962423699749215
2021-12-23,1.8230029477839842,0.1666556205238268,-0.7029223347758824,-0.9731049703869484,0.07873255139595406,1.6190636830445346,0.666658628848358,0.8969913488871196
2021-12-24,1.7705099909876836,0.17539393871682976,-0.6919635383697238,-0.9938597648898218,0.03619302689746929,1.6411179255840187,0.6582108246324592,0.8977403277993177
2021-12-27,1.7705099909876836,0.17539393871682976,-0.7056620338774212,-0.9938597648898218,0.17757438773066728,1.732892031635418,0.6582108246324592,0.8999872645359118
2021-12-28,1.8093711553199487,0.18912571764944194,-0.7283102131168154,-0.9834823676383851,0.17757438773066728,1.6759778573399762,0.6639335092525055,0.9007362434481099
2021-12-29,1.7334916540054528,0.15542104816364555,-0.7557072041322102,-0.9212179841297651,0.17757438773066728,1.6482321973709486,0.6500354658449053,0.9014852223603079
2021-12-30,1.7802025920123699,0.16041450890325476,-0.7922365254860707,-0.9523501758840751,0.17674027940716774,1.6233322461166928,0.670746308242134,0.902234201272506
2021-12-31,1.805303715724551,0.12296402955881197,-0.7739718648091408,-0.9523501758840751,0.11960385924743859,1.7243549054911014,0.7110782113232118,0.902983180184704
2022-01-03,1.7772755744815565,0.19411917838905116,-0.7555245575254413,-0.838198806118272,0.1617263295841733,1.6645950224808879,0.6742890967792217,0.9052301169212983
2022-01-04,1.7772755744815565,0.20036124241487582,-0.7555245575254413,-0.8070666143639621,0.20927050402365582,1.7407177306010406,0.6742890967792217,0.9059790958334963
2022-01-05,1.7031205176038178,0.18787806676847912,-0.7208217022392737,-0.7551796281067787,0.259734057595387,1.6532121876217996,0.703175297964003,0.9067280747456944
2022-01-06,1.6547472861896138,0.1953677816752666,-0.6915982451561853,-0.7344248336039054,0.3177045860786157,1.569263780536023,0.6053434379417055,0.9074770536578924
2022-01-07,1.650265506397741,0.13170234775181494,-0.6959817637186488,-0.7032926418495955,0.3297991567693615,1.6482321973709486,0.6279620636497514,0.9082260325700905
2022-01-10,1.6761558495317774,0.16291076307043303,-0.7188125895648112,-0.6825378473467222,0.2997712571233726,1.5657066446425585,0.6317772976151832,0.9104729693066846
2022-01-11,1.6175454556918034,0.11672291793823994,-0.7368946036349722,-0.7136700391010321,0.44240378044182016,1.6752664301612836,0.6868245803888955,0.9112219482188827
2022-01-12,1.6799796176306783,0.039325705082176095,-0.7368946036349722,-0.7240474363524688,0.4778533841905569,1.8851374478757246,0.7102605423819767,0.9119709271310807
2022-01-13,1.5836257914646423,0.013110750503167201,-0.754976617705133,-0.7655570253582155,0.4766022217053073,1.8417403899754505,0.693909824806869,0.9127199060432789
2022-01-14,1.550963945691066,0.06054719892157577,-0.7409128289838971,-0.6825378473467222,0.5337386418650365,1.6631721681235014,0.6811018957688482,0.913468884955477
2022-01-16,1.6558512068559366,0.13045469687085212,-0.7546113244915945,-0.5891412720837922,0.5608471623787761,1.6958978183433813,0.6696565265287545,0.9149668427798731
2022-01-17,1.6558512068559366,0.13045469687085212,-0.7546113244915945,-0.5891412720837922,0.5608471623787761,1.681669274769521,0.6696565265287545,0.9157158216920711
2022-01-18,1.6558512068559366,0.13045469687085212,-0.8358890645039344,-0.5891412720837922,0.6029696327155109,1.6091037025428327,0.6696565265287545,0.9164648006042692
2022-01-19,1.6117772482423016,0.10299113900562776,-0.8543363717876339,-0.6306508610895388,0.6367510198172485,1.7336034588141105,0.7535900104872502,0.9172137795164672
2022-01-20,1.6361345326493801,0.13170234775181494,-0.8621901758787134,-0.6306508610895388,0.6413386155964967,1.89367457402004,0.7519550052609788,0.9179627584286653
2022-01-21,1.5793373704311229,0.11921917210541823,-0.8934227456362643,-0.7136700391010321,0.6413386155964967,1.8104375941129571,0.7227963586478513,0.9187117373408633
2022-01-24,1.5891828827187962,0.15417244487743006,-0.9571664113987507,-0.7136700391010321,0.5575107290847774,1.6517893332644131,0.7497747765218185,0.9209586740774576
2022-01-25,1.4485676583264324,0.15791730233082382,-0.9155229850553495,-0.6825378473467222,0.6304952073910005,1.7051463716663904,0.7797510920761811,0.9217076529896556
2022-01-26,1.4840568826788139,0.22532759370766925,-0.8850210017248765,-0.6098960665866655,0.7026455773737241,1.7976319048964824,0.7176185648844952,0.9224566319018537
2022-01-27,1.3620179104284225,0.32145004623595447,-0.8481263871574775,-0.6514056555924121,0.6809587609627323,1.6674407311956596,0.617879254207582,0.9232056108140517
2022-01-28,1.3008307151760818,0.3226976971169173,-0.9078518275710388,-0.6825378473467222,0.7130719314174704,1.5095038975258095,0.5949881830711921,0.9239545897262498
2022-01-29,1.3883107554676077,0.23156965773349392,-0.9093130004251939,-0.6721604500952855,0.7497726976514566,1.5294238585292144,0.6922748195805987,0.9247035686384478
2022-01-30,1.3883107554676077,0.23156965773349392,-0.9122353461335024,-0.6721604500952855,0.7497726976514566,1.5294238585292144,0.6922748195805987,0.9254525475506459
2022-01-31,1.3883107554676077,0.23156965773349392,-0.8649298749802531,-0.6721604500952855,0.7497726976514566,1.5294238585292144,0.6922748195805987,0.9262015264628439
2022-02-01,1.3883107554676077,0.21284441806127255,-0.8649298749802531,-0.6514056555924121,0.6617742695222391,1.6788235660547481,0.6922748195805987,0.926950505375042
2022-02-02,1.3883107554676077,0.156669651449861,-0.8649298749802531,-0.6825378473467222,0.7114037147704713,1.7670405362126829,0.6922748195805987,0.9276994842872401
2022-02-03,1.3883107554676077,0.08676215350058465,-0.8649298749802531,-0.6410282583409755,0.7764641640034469,1.7364491675288836,0.6922748195805987,0.9284484631994382
2022-02-04,1.3883107554676077,0.09924628155223401,-0.8649298749802531,-0.5268768885751725,0.9378641246006376,1.7620605459618321,0.6922748195805987,0.9291974421116362
2022-02-07,1.3883107554676077,0.08925936007301559,-0.8649298749802531,-0.5372542858266092,0.9553803993941312,1.7300463229206462,0.6922748195805987,0.9314443788482304
2022-02-08,1.3686887875916727,0.11921917210541823,-0.8702266265765627,-0.4957446968208625,0.9049168458223995,1.7257777598484878,0.7086255371557053,0.9321933577604284
2022-02-09,1.429270256937738,0.10049393243319683,-0.8517793192928631,-0.5164994913237358,0.8582067797064171,1.9214202339890687,0.7320614991487845,0.9329423366726265
2022-02-10,1.4162589882441385,0.10798459974523698,-0.8517793192928631,-0.4231029160608061,0.9174284706748954,2.001100078002687,0.7347866187446371,0.9336913155848245
2022-02-11,1.3607097792366931,0.17414628783586694,-0.7489492796817464,-0.5372542858266092,0.9645555909526278,1.788383351573473,0.7473224350105117,0.9344402944970226
2022-02-14,1.3094154494373378,0.21034816389409425,-0.7257531606220446,-0.47498990231798915,1.138050122240564,1.786249070037394,0.8214455549551841,0.9366872312336169
2022-02-15,1.3709232650798073,0.16291076307043303,-0.7348854909605096,-0.40234812155793276,1.0033416279953637,1.8253775648655113,0.7854741093524281,0.9374362101458149
2022-02-16,1.3918365932347552,0.12670888701220573,-0.7487666330749767,-0.4231029160608061,0.9620532659821287,1.8324918366524412,0.8274406850035766,0.938185189058013
2022-02-17,1.4059853244201075,0.1391930150638551,-0.7657527675045219,-0.4853672995694258,0.871969567044162,1.8139947300064228,0.9105568326770369,0.938934167970211
2022-02-18,1.4368132215621414,0.16915282709625773,-0.733606964713125,-0.5372542858266092,0.9095044416016483,1.8104375941129571,0.9048341480569897,0.9396831468824091
2022-02-20,1.3550658738461347,0.16790422381004225,-0.6742468175131014,-0.5164994913237358,1.0250284444063558,1.8054576038621062,0.9252725450258732,0.9411811047068052
2022-02-21,1.3550658738461347,0.16790422381004225,-0.6742468175131014,-0.5164994913237358,1.0250284444063558,1.7485434295666646,0.9252725450258732,0.9419300836190032
2022-02-22,1.3550658738461347,0.16790422381004225,-0.6925114781900321,-0.5164994913237358,1.0158532528478592,1.7969204777177896,0.9252725450258732,0.9426790625312013
2022-02-23,1.4268937199536689,0.18787806676847912,-0.7473054602208224,-0.4646125050665525,1.0392082859058507,1.7556577013535946,0.933720349241771,0.9434280414433994
2022-02-24,1.3185417855268435,0.30646966401712683,-0.7518716253900549,-0.4957446968208625,1.1226191182558198,1.7165292065254787,0.9770498173470457,0.9441770203555975
2022-02-25,1.3704507199509701,0.24155657921271234,-0.774702451236218,-0.4853672995694258,1.0087633320981118,1.754946274174902,0.8718602674784304,0.9449259992677955
2022-02-28,1.3875027920844814,0.2527911515728936,-0.774702451236218,-0.6306508610895388,1.197271813209042,1.7115492162746277,0.907014376796151,0.9471729360043897
2022-03-01,1.4237615053731727,0.34017528590817586,-0.7244746343746593,-0.7448022308553421,1.5246593301826719,1.913594535023445,1.0241945194177509,0.9479219149165877
2022-03-02,1.3773642820864433,0.33767807933574495,-0.6970776433592646,-0.5995186693352289,1.8587197137442986,2.0117714856830817,0.965604448106951,0.9486708938287858
2022-03-03,1.3429326117593514,0.38761173432658447,-0.6742468175131014,-0.5995186693352289,1.7094143238378536,2.1768225911398633,1.002393562650941,0.9494198727409838
2022-03-04,1.2715151597511833,0.49496875921505096,-0.7062099736977295,-0.7240474363524688,2.063910361325223,2.398787870892085,1.0860546011810917,0.9501688516531819
2022-03-07,1.1047304058542995,0.5748622262382931,-0.7060273270909598,-0.6825378473467222,2.2791103087881446,2.1049684460918674,1.164538178604085,0.9524157883897761
2022-03-08,0.9920693333841316,0.5461500650868533,-0.678630336075565,-0.5995186693352289,2.4526048400760803,2.075088504586761,1.2904385708699289,0.9531647673019742
2022-03-09,0.9453061095905152,0.41008183145219956,-0.6512333450601695,-0.5164994913237358,1.760294931571335,1.8794460304461797,1.142737221837277,0.9539137462141722
2022-03-10,1.0298768897882176,0.477492122829045,-0.6373522029457024,-0.47498990231798915,1.6752158825743666,1.9932743790370633,1.1759835478441796,0.9546627251263703
2022-03-11,1.0449243445902099,0.5536407323988934,-0.7469401670072838,-0.45423510781511584,1.8241042183190614,1.95485731138764,1.1340166395368323,0.9554117040385683
2022-03-14,0.8910009076967731,0.5461500650868533,-0.7880356535303767,-0.3089515462950026,1.50213840544818,1.8090147397555707,1.0710664434039103,0.9576586407751625
2022-03-15,0.6533205731344243,0.5473986683730687,-0.696712350145726,-0.29857414904356616,1.2831849705295106,1.7947861961817106,0.9863152905041797,0.9584076196873607
2022-03-16,0.8519700611888059,0.4612631373240019,-0.7378078366688189,-0.2570645600378195,1.2610810999567688,1.9192859524529897,0.9304503387892302,0.9591565985995587
2022-03-17,0.9551259722469783,0.4150752921918088,-0.751688978783286,-0.2466871627863826,1.6318422497523821,2.0637056697276726,1.023376850476516,0.9599055775117568
2022-03-18,0.9910759034368674,0.44253885005703314,-0.7423740018380514,-0.3089515462950026,1.6660406910158694,2.1170627081296485,0.9854976215629445,0.9606545564239548
2022-03-21,0.9892232108440573,0.47624351954282956,-0.7058446804841909,-0.12215839576914314,1.9984328579304975,2.075799931765453,0.9865877359325237,0.962901493160549
2022-03-22,0.986578339256556,0.47499491625661405,-0.6738815242995629,-0.059894012260523176,1.966736741637509,2.0608599610129006,0.96505922459406,0.963650472072747
2022-03-23,1.0134778967262952,0.4912239017616572,-0.6738815242995629,-0.12215839576914314,2.216552184525667,2.169708319352933,1.0083886926993335,0.9643994509849451
2022-03-24,0.9804668213585472,0.5124453956010568,-0.7195431759918883,-0.10140360126626982,2.0689150112662213,2.121331271201807,1.0765166825956125,0.9651484298971431
2022-03-25,0.8902057691292515,0.5149416497682352,-0.7341549045334325,0.043879960253843435,2.0142809160769914,2.0587256794768214,1.0552609493416938,0.9658974088093413
2022-03-28,0.863864584400478,0.549894922540247,-0.746757520400515,0.023125165750970116,1.673547665927367,2.0971427471262447,1.0165640514868874,0.9681443455459354
2022-03-29,0.8423761125918511,0.46376034389643284,-0.7558898507389799,-0.02876182050621296,1.6022314042681434,2.1049684460918674,0.9413508171726347,0.9688933244581335
2022-03-30,0.9774954102352538,0.38761173432658447,-0.7832868417543747,-0.09102620401483293,1.7190065695581003,2.135559814775668,0.9999408884834347,0.9696423033703315
2022-03-31,0.9321656062165865,0.45252481913099896,-0.7513236855697474,-0.12215839576914314,1.3728516153057277,2.1348483875969744,1.0427251330758183,0.9703912822825296
2022-04-01,0.9871613751044538,0.49247155264262,-0.7759809774836025,-0.04951661500908628,1.3244733325427451,2.047342844617733,0.960699099771938,0.9711402611947276
2022-04-02,0.9698597123287811,0.5374117468938503,-0.7812777290799129,-0.01838442325477653,1.4087182732162147,2.1782454454972484,0.9587916491173225,0.9718892401069257
2022-04-04,0.9698597123287811,0.5374117468938503,-0.8013688558245355,-0.01838442325477653,1.4087182732162147,2.1782454454972484,0.9587916491173225,0.9733871979313218
2022-04-05,0.9698597123287811,0.5973323233639082,-0.8013688558245355,0.1061443437624634,1.3440748781449878,2.1981654065006535,0.9587916491173225,0.9741361768435199
2022-04-06,0.9698597123287811,0.6135603564636987,-0.8013688558245355,0.1787861245225198,1.102600518491827,2.1191969896657277,0.9587916491173225,0.974885155755718
2022-04-07,0.9021042384380316,0.6322855961359201,-0.8397246432460898,0.23067311077970334,1.061729210640342,2.066551378442444,1.0007585574246707,0.975634134667916
2022-04-08,0.9232227636426634,0.6385276601617448,-0.8150673513322337,0.29293749428832333,1.1213679557705702,2.10567987327056,1.0220142906785896,0.9763831135801141
2022-04-11,0.7605241933024472,0.6547556932615352,-0.7874877137100693,0.3655792750483797,0.9820718657461215,1.976911553927124,1.0293723131811081,0.9786300503167082
2022-04-12,0.8475454998050175,0.6996958875127655,-0.7829215485408361,0.29293749428832333,1.2531570708835216,2.0886056209819284,1.10513043835205,0.9793790292289063
2022-04-13,0.7961426523351571,0.6485136292357105,-0.7964373974417646,0.27218269978545,1.422898114715709,2.0914513296967,1.1293840692863661,0.9801280081411043
2022-04-14,0.8571591788875199,0.7034407449661593,-0.7918712322725321,0.40708886405412636,1.5204887885651732,2.106391300449254,1.1018604278995092,0.9808769870533024
2022-04-15,0.8252974043028526,0.7608641148637862,-0.8061176676005377,0.4278436585569997,1.297781866190755,2.090028475339315,1.1345618630497223,0.9816259659655006
2022-04-18,0.8252974043028526,0.7608641148637862,-0.7094976126195766,0.4278436585569997,1.297781866190755,2.2202196490401374,1.1345618630497223,0.9838729027020947
2022-04-19,0.7982863695897778,0.7833342119894013,-0.6910503053358771,0.510862836568493,1.297781866190755,2.102834164555788,1.06043841044885,0.9846218816142928
2022-04-20,0.7124370539286651,0.7121790631591622,-0.6687674193100221,0.4278436585569997,1.2794314830737619,2.010348631325696,1.0511732699479168,0.9853708605264908
2022-04-21,0.6042301385706053,0.7358977635709928,-0.6817353283906432,0.47973064481418276,1.369098127849979,2.0800684948376116,1.0310073184073785,0.9861198394386889
2022-04-22,0.6167688621353675,0.815791230594235,-0.6543383373752477,0.47973064481418276,1.2836020246912607,1.9079031175939014,0.9931280894938072,0.9868688183508869
2022-04-24,0.3628651358324598,0.8819529186848649,-0.6678541862761762,0.38633406955125305,1.0383741775823505,1.7222206239550222,0.8901184357081524,0.988366776175283
2022-04-25,0.3628651358324598,0.8819529186848649,-0.6998173424608042,0.38633406955125305,1.0383741775823505,1.7222206239550222,0.8901184357081524,0.9891157550874812
2022-04-26,0.31596182559146346,0.9506118133479258,-0.6815526817838735,0.3448244805455064,1.1893477841357951,1.7101263619172413,0.9124646159878532,0.9898647339996792
2022-04-27,0.46854062989491096,1.0317529312521307,-0.6539730441617091,0.3967114668026895,1.2064470047675386,1.7293348957419523,0.8702252622521599,0.9906137129118773
2022-04-28,0.4924914662997341,1.1153922081340193,-0.6402745486540118,0.4278436585569997,1.3098764368815008,1.681669274769521,0.8778553975268227,0.9913626918240753
2022-04-29,0.6206261720596965,1.033001534538346,-0.6585392093309416,0.4693532475627463,1.4174764106129611,1.6460979158348696,0.933993127326317,0.9921116707362734
2022-05-02,0.6243177459054354,1.1303716379475943,-0.6775344564349494,0.5731272200771129,1.2748438872945136,1.4461868786221304,0.8377962725302908,0.9943586074728675
2022-05-03,0.6243177459054354,1.0966669684617978,-0.6775344564349494,0.5523724255742396,1.2748438872945136,1.4675296939829219,0.8377962725302908,0.9951075863850656
2022-05-04,0.6243177459054354,0.9868127370009004,-0.6775344564349494,0.510862836568493,1.5079771637126778,1.5457866836391536,0.8377962725302908,0.9958565652972636
2022-05-05,0.6243177459054354,1.1316202412338097,-0.6775344564349494,0.6353916035857324,1.5738717212691535,1.4796239560207027,0.8377962725302908,0.9966055442094618
2022-05-06,0.5071975837017715,1.1203856688736284,-0.6791782758958724,0.7080333843457893,1.6468561995753768,1.444764024264745,0.8574170005579392,0.9973545231216598
2022-05-07,0.4799566888320805,1.119137065587413,-0.6810047419635661,0.6353916035857324,1.346994257277237,1.3401842289968708,0.7917416848291656,0.9981035020338579
2022-05-09,0.4799566888320805,1.119137065587413,-0.7009132221014199,0.6353916035857324,1.346994257277237,1.3401842289968708,0.7917416848291656,0.999601459858254
2022-05-10,0.5312076115632344,1.1528417350732094,-0.7127852515414245,0.5731272200771129,1.1776702676067994,1.2846929090588146,0.7448697608430062,1.000350438770452
2022-05-11,0.5995115929521752,1.1441034168802064,-0.68520561391926,0.49010804206561964,1.3899508359374715,1.3622384715363538,0.779478646647835,1.0010994176826502
2022-05-12,0.5823026634585705,1.268937078154679,-0.7189952361715809,0.4174662613055628,1.404964785760466,1.207858773759969,0.7009954018810425,1.0018483965948481
2022-05-13,0.6188011021466514,1.2327352020964515,-0.7034702745961898,0.510862836568493,1.5742887754309036,1.3138614233852286,0.6563033739778437,1.0025973755070463
2022-05-16,0.5905184376401079,1.1865473569642584,-0.6895891324817228,0.45897585031130944,1.6885616157503613,1.337338520282098,0.6729265369812953,1.0048443122436403
2022-05-17,0.6494020987049021,1.0829351895291857,-0.6965297035389563,0.562749822825676,1.6064019458856416,1.4049241022579353,0.6857344660193153,1.0055932911558385
2022-05-18,0.6333000494504525,1.1391099561405973,-0.7653874742909834,0.4693532475627463,1.4875415097869356,1.3188414136360795,0.6794668905425777,1.0063422700680364
2022-05-19,0.6495826326476517,1.0030417225059436,-0.7703189326737544,0.4174662613055628,1.6201647332233864,1.4675296939829219,0.7484122167238921,1.0070912489802346
2022-05-20,0.7393819915151604,1.0567202349501768,-0.7473054602208224,0.3552018777969428,1.6372639538551301,1.4561468591238336,0.7500475546063643,1.0078402278924328
2022-05-23,0.7202384879137272,0.9231482554827014,-0.7884009467439154,0.4382210558084361,1.699822078117607,1.5564580913195494,0.7663982721814699,1.0100871646290268
2022-05-24,0.5936062586281251,0.895684697617477,-0.7929671119131478,0.33444708329406947,1.7265135444695972,1.4988324898454137,0.8135426415959744,1.010836143541225
2022-05-25,0.6273848498836297,0.9206510489102705,-0.806665607420846,0.32406968604263303,1.7532050108215875,1.4269783447974194,0.7620378147031481,1.011585122453423
2022-05-26,0.6479193527160864,0.8919398401640833,-0.8934227456362643,0.32406968604263303,1.8950034258165356,1.4333811894056567,0.7653081578118898,1.012334101365621
2022-05-27,0.6559891213045799,0.8719659972056465,-0.9164362180891963,0.31369228879119665,1.952556900138014,1.500966771381493,0.775936190766949,1.013083080277819
2022-05-29,0.7679813303147242,0.8819529186848649,-0.8705919197901012,0.4278436585569997,2.0284607575764864,1.5247284391498401,0.752499896117669,1.0145810381022151
2022-05-30,0.7679813303147242,0.8819529186848649,-0.8705919197901012,0.4278436585569997,2.0284607575764864,1.5400952662096088,0.752499896117669,1.0153300170144133
2022-05-31,0.7679813303147242,0.8819529186848649,-0.8338799518294718,0.4278436585569997,2.1335584063374475,1.4902953637010985,0.752499896117669,1.0160789959266114
2022-06-01,0.7651845339885158,0.9818202286665438,-0.8110491259833088,0.5212402338199293,1.9946793704747487,1.5336924216013728,0.7541352340001402,1.0168279748388094
2022-06-02,0.7829311192132603,0.8844491728520432,-0.8019167956448439,0.500485439317056,2.1398142187636955,1.854546079191924,0.8173578755614063,1.0175769537510075
2022-06-03,0.879308621961953,0.9306379703894889,-0.7699536394602158,0.5419950283228027,2.1398142187636955,1.7428520121371198,0.74296197753219,1.0183259326632055
2022-06-06,0.879308621961953,0.9680884497339317,-0.7699536394602158,0.625014206334296,2.111037481602956,1.6894949737351437,0.74296197753219,1.0205728693997997
2022-06-07,0.8861284642910794,0.953108067515104,-0.8064829608140763,0.562749822825676,2.1902777723354268,1.6902064009138364,0.7655806032402348,1.0213218483119977
2022-06-08,0.9306177496254684,0.9805716253803284,-0.7909579992386861,0.6146368090828591,2.286617283699641,1.7115492162746277,0.7775711959932194,1.0220708272241958
2022-06-09,0.8690546886234684,1.0654585531431797,-0.8064829608140763,0.625014206334296,2.2561723298919025,1.6140836927936837,0.7691233917773215,1.0228198061363938
2022-06-10,0.9475494657971448,1.1815538962246492,-0.8156152911525412,0.739165576100099,2.2132157512316684,1.4952753539519494,0.8309834735406633,1.023568785048592
2022-06-13,0.9030493286957056,1.2976492393061188,-0.7926018186996092,1.0297326991403255,2.254921167406653,1.3771784422889077,0.7124407711211371,1.0258157217851862
2022-06-14,0.9281465063107771,1.3525754026313148,-0.7834694883611443,1.0919970826489456,2.1956994764381745,1.3017671613474477,0.6620260585978909,1.0265647006973841
2022-06-15,0.9736992648161191,1.307636160785337,-0.7606386625149812,0.9259587266259589,2.109786319117706,1.3117271418491494,0.6778318853163073,1.0273136796095823
2022-06-16,0.9556389648711854,1.116639859014982,-0.7787206765851422,0.8740717403687754,2.1439847603811937,1.232758725014225,0.7606752549052228,1.0280626585217802
2022-06-17,1.028071550360719,1.2502118384824574,-0.7743371580226794,0.8429395486144656,1.8703972302732943,1.096164706705165,0.7331516135183657,1.0288116374339784
2022-06-19,1.0370104468375327,1.2177557722828765,-0.7558898507389799,0.9052039321230856,1.8299429765835593,1.1182189492446477,0.7304264939225141,1.0303095952583745
2022-06-20,1.0370104468375327,1.2177557722828765,-0.7558898507389799,0.9052039321230856,1.8299429765835593,1.0805133087739183,0.7304264939225141,1.0310585741705727
2022-06-21,1.0370104468375327,1.2177557722828765,-0.7558898507389799,0.9052039321230856,1.8407863847890555,1.128178929746351,0.7304264939225141,1.0318075530827706
2022-06-22,0.9668291097488485,1.1877950078452213,-0.7705015792805241,0.749542973351536,1.7169212987493512,0.9894506299012116,0.7296091576374798,1.0325565319949688
2022-06-23,1.0608340216105814,1.2165071689966611,-0.7650221810774448,0.6769011925914791,1.673547665927367,0.6984769138157664,0.7061728629881998,1.0333055109071667
2022-06-24,1.126210985468707,1.1865473569642584,-0.7330590248928168,0.7184107815972257,1.792825156187823,0.7006111953518456,0.7083530917273612,1.0340544898193649
2022-06-27,1.1831630319985045,1.1553389416456403,-0.6689500659167918,0.7910525623572826,1.8899987758755372,0.7290682824995658,0.6930924885218347,1.036301426555959
2022-06-28,1.247490334025561,1.2264940904758794,-0.6534251043414009,0.7910525623572826,1.9950964246364982,0.7496996706816639,0.6838270153646997,1.037050405468157
2022-06-29,1.156110563265781,1.3013940967595123,-0.6753426971537172,0.687278589842916,1.93629178782977,0.7525453793964356,0.6734714278379845,1.037799384380355
2022-06-30,1.2308792382440135,1.2489641876014945,-0.6915982451561853,0.562749822825676,1.893752263331286,0.6522341472007198,0.6473103462490537,1.0385483632925532
2022-07-01,1.215545691401598,1.3051389542129062,-0.6824659148177203,0.45897585031130944,1.8699801761115444,0.5014115853177996,0.6331398574131085,1.0392973422047513
2022-07-03,1.254362462141385,1.4749128097386088,-0.6477630595315527,0.3967114668026895,1.9779972040047546,0.5120829929981947,0.5320379869382701,1.0407953000291474
2022-07-04,1.254362462141385,1.4749128097386088,-0.6477630595315527,0.3967114668026895,1.9779972040047546,0.4729544981700788,0.5320379869382701,1.0415442789413454
2022-07-05,1.254362462141385,1.4749128097386088,-0.6682194794897147,0.3967114668026895,1.5063089470656783,0.2324921117718378,0.5320379869382701,1.0422932578535435
2022-07-06,1.175689124073514,1.5498128160222417,-0.6640186075340209,0.510862836568493,1.4249833855244587,0.22253213127013535,0.45873220327863395,1.0430422367657415
2022-07-07,1.2044985925441465,1.5535576734756356,-0.6640186075340209,0.5938820145799858,1.627671708134884,0.45588024588144627,0.4669075620661877,1.0437912156779396
2022-07-08,1.1799183536503925,1.5385782436620605,-0.6589045025444802,0.6769011925914791,1.6506096870311255,0.38473752801214384,0.47426525191250546,1.0445401945901376
2022-07-11,1.0839038918357558,1.6646595558174957,-0.6804568021432579,0.5731272200771129,1.6881445615886113,0.2545463543113212,0.44537905072772305,1.0467871313267318
2022-07-12,1.0283339658184858,1.6709016198433204,-0.7076711465518837,0.5419950283228027,1.3599229362914824,0.05178960838381028,0.4271208824980009,1.04753611023893
2022-07-13,1.0424718452367874,1.6571698409107083,-0.7168034768903486,0.49010804206561964,1.3678469653647294,0.10087808371362866,0.45682441996781764,1.048285089151128
2022-07-14,1.0549760404518431,1.729573593027163,-0.746026933973437,0.5419950283228027,1.3916190525844705,-0.05705874995622155,0.3758885010335187,1.049034068063326
2022-07-15,0.9718919523400651,1.669653016557105,-0.7551592643119027,0.510862836568493,1.5801275336954015,-0.02504452691503568,0.37016581641347135,1.049783046975524
2022-07-18,1.03003078757548,1.5835184379132907,-0.7588121964472884,0.5419950283228027,1.7890716687320742,0.13431516111220104,0.3886964300715386,1.0520299837121183
2022-07-19,1.0098238108030946,1.497382906864224,-0.7547939710983642,0.5938820145799858,1.6927321573678595,0.056058171455968565,0.3908766588107,1.0527789626243163
2022-07-20,1.034078496685332,1.5473165618550635,-0.78200831550699,0.625014206334296,1.730267031925346,0.10443521960709432,0.3622629030542627,1.0535279415365144
2022-07-21,0.9778012327612227,1.5260950680156637,-0.7957068110146874,0.49010804206561964,1.6030655125916429,0.06672957913636428,0.3982343486570177,1.0542769204487126
2022-07-22,0.9713562696574793,1.5036249708900487,-0.7527848584239016,0.3448244805455064,1.3511647988947353,0.13929515136305196,0.4374761373685143,1.0550258993609105
2022-07-25,0.9362320592877078,1.4724165555714306,-0.7673965869654459,0.38633406955125305,1.4120547065102134,0.146409423149982,0.4154027351733604,1.0572728360975048
2022-07-26,0.979556259450579,1.5610483407876756,-0.7838347815746829,0.38633406955125305,1.374102777790977,0.18909505387156358,0.41185994663627373,1.0580218150097027
2022-07-27,0.9639691758688917,1.468670745712784,-0.783652134967914,0.3552018777969428,1.4708593433169415,0.2538349271326286,0.4156751806017055,1.0587707939219009
2022-07-28,0.9672750187221979,1.4561875700663875,-0.7564377905592873,0.25142790528257664,1.4725275599639411,0.32640049935931625,0.5006991115859821,1.0595197728340988
2022-07-29,0.90518811332894,1.400012803454976,-0.8094053065223856,0.24105050803113978,1.548848471564163,0.46014880895360455,0.5350355519624668,1.060268751746297
2022-08-01,0.935001863513887,1.3438370844383118,-0.8583545971365582,0.16840872727108336,1.3228051158957461,0.42030888694679536,0.5516587149659186,1.0625156884828912
2022-08-02,0.8302862575732699,1.4424557911337752,-0.8543363717876339,0.32406968604263303,1.3403213906892397,0.3854489551908371,0.5573813995859659,1.0632646673950892
2022-08-03,0.7851843406626643,1.4761614130248244,-0.8718704460374866,0.3033148915397597,1.1447229888285613,0.3135948101428421,0.5216823994115559,1.0640136463072873
2022-08-04,0.8239389603729803,1.373797848875967,-0.8766192578134887,0.25142790528257664,0.9849912448783701,0.33636047986101875,0.6047985470850162,1.0647626252194853
2022-08-05,0.897379773673937,1.4898931919574365,-0.8497702066184006,0.40708886405412636,1.0817478104043348,0.4373831392354279,0.5622867479209779,1.0655116041316834
2022-08-08,0.897855278375606,1.4674230948318214,-0.83698494414455,0.3448244805455064,1.213119871355536,0.485760187386553,0.6001659768345492,1.0677585408682775
2022-08-09,0.9112414262945874,1.4586847766388185,-0.8386287636054732,0.3759566722998161,1.227716767016781,0.48504876020785975,0.6197867048621976,1.0685075197804756
2022-08-10,0.8619201450498757,1.3126286691196936,-0.8448387482356297,0.3552018777969428,1.279848537235512,0.5746885847231805,0.6241468296843196,1.0692564986926738
2022-08-11,0.9544304726314662,1.2988968901870814,-0.8537884319673257,0.448598453059873,1.3686810736882289,0.6543684287367989,0.6080685575375581,1.0700054776048717
2022-08-12,0.9470049043960634,1.366307181563927,-0.8483090337642464,0.4174662613055628,1.2231291712375327,0.6002999631561297,0.6323221884718734,1.07075445651707
2022-08-15,0.9503699387060088,1.4811548737644336,-0.988033687942763,0.3655792750483797,0.9958346530838663,0.5263115365720554,0.5854502644857129,1.073001393253664
2022-08-16,0.9451374139390927,1.4749128097386088,-1.0311382871403185,0.3967114668026895,0.8753060003381606,0.5334258083589855,0.5631040842060131,1.073750372165862
2022-08-17,0.9827407598177746,1.4836511279316118,-1.0716858338431032,0.4693532475627463,0.952878074423632,0.47722306124223707,0.5279503075444932,1.07449935107806
2022-08-18,0.9435500963768818,1.597250216845903,-1.130863334436357,0.45897585031130944,0.9165943623513952,0.5433857888606879,0.5143247095652381,1.0752483299902582
2022-08-19,0.9008829213827069,1.6833847954897172,-1.1171648389286597,0.562749822825676,0.9207649039688941,0.593185691369199,0.4933410890834637,1.0759973089024562
2022-08-22,0.9506619498920964,1.7932390269506147,-1.1080325085901948,0.6146368090828591,0.8627943754856654,0.5711314488297156,0.45627952911112746,1.0782442456390504
2022-08-23,0.9286170783910592,1.7395605145063813,-1.0806355175747993,0.6353916035857324,1.047549369140847,0.6323141861973155,0.49116119300050304,1.0789932245512486
2022-08-24,0.816390076602913,1.747050229413169,-1.0760693524055667,0.6976559870943524,1.0633974272873417,0.5640171770427854,0.4938863125963537,1.0797422034634465
2022-08-25,0.8506865931040105,1.72083527483416,-1.0231018364424693,0.6146368090828591,1.019189686141858,0.6358713220907806,0.5208647304703208,1.0804911823756447
2022-08-26,0.834895298996918,1.7620306116319964,-1.0157959721716971,0.625014206334296,1.115946251667822,0.6337370405547014,0.4620022137311747,1.0812401612878426
2022-08-29,0.8167422657699162,1.767023119966353,-1.0532385265594035,0.7080333843457893,1.0412935567145998,0.5078144299260364,0.46336477352910005,1.0834870980244369
2022-08-30,0.795322850660703,1.7582848017733501,-1.0705899542024875,0.6976559870943524,1.0412935567145998,0.4238660228402604,0.426848104413455,1.0842360769366348
2022-08-31,0.7729080325556695,1.7495464835803471,-1.0532385265594035,0.739165576100099,0.9249354455863923,0.38046896493998617,0.3985071267415636,1.084985055848833
2022-09-01,0.732286908912661,1.8731324939738567,-1.0715031872363343,0.8533169458659021,0.7451851018722083,0.2232435584488286,0.35435998969505395,1.0857340347610311
2022-09-02,0.7169592812159096,1.8531586510154199,-1.0530558799526348,0.7910525623572826,0.7806347056209456,0.23533782048660956,0.39033176795400976,1.086483013673229
2022-09-04,0.7633535449298068,1.938045578778271,-1.0614576238640225,0.9259587266259589,0.8277618258986781,0.19507104217258495,0.36471557722176917,1.0879809714976252
2022-09-05,0.7633535449298068,1.938045578778271,-1.0614576238640225,0.9259587266259589,0.8277618258986781,0.28727200453120033,0.36471557722176917,1.0887299504098233
2022-09-06,0.7633535449298068,1.938045578778271,-1.0687634881347947,0.9259587266259589,0.7114037147704713,0.302923402462447,0.36471557722176917,1.0894789293220213
2022-09-07,0.7736646966763754,1.8918567812408253,-1.0550649926270965,0.863694343117339,0.5195588003655416,0.2595263445621728,0.4053199257311911,1.0902279082342194
2022-09-08,0.7482419660497885,1.875628748141035,-1.0475764817495554,0.8844491376202123,0.5679370831285235,0.3968317900499254,0.38542641961899776,1.0909768871464174
2022-09-09,0.8114357516822015,1.78699696292479,-1.0304077007132413,0.9259587266259589,0.7218300688142174,0.45730310023883214,0.4077722672424968,1.0917258660586155
2022-09-12,0.8280389552695304,1.703358638448154,-1.0163439119920046,0.9674683156317055,0.7956486554439401,0.5177744104277389,0.377251060831443,1.0939728027952098
2022-09-13,0.8280389552695304,1.889360527073647,-1.0163439119920046,1.0193553018888886,0.7368440186372119,0.4473431197371297,0.377251060831443,1.0947217817074077
2022-09-14,0.7749373129941218,1.869387636520463,-0.9801798838516826,1.0089779046374523,0.7697912974154494,0.39540893569253954,0.35408754426670885,1.095470760619606
2022-09-15,0.7108783455704967,1.8793736055944288,-0.9801798838516826,1.050487493643199,0.621737069994254,0.35485758650703714,0.26933639136697807,1.0962197395318038
2022-09-16,0.6023310793367609,1.8818708121668597,-0.961001990140906,1.050487493643199,0.627992882420502,0.3975432172286187,0.28650444522712,1.096968718444002
2022-09-19,0.5905677638539739,1.8793736055944288,-0.9573490580055204,1.0919970826489456,0.635916911493749,0.3897175182629954,0.27151628744993866,1.099215655180596
2022-09-20,0.603792121791475,1.9392941820644867,-0.977440184750143,1.1750162606604384,0.635916911493749,0.3762004018678279,0.25380301007690576,1.0999646340927942
2022-09-21,0.5749027448543781,1.9917240912225045,-1.0119603934295418,1.1127518771518183,0.645926211375745,0.32568907218062365,0.26715616262781666,1.1007136130049924
2022-09-22,0.5388275250812692,2.0803558764387495,-1.002828063091076,1.3099224249291153,0.6684471361102371,0.3278233537167028,0.2840521037158143,1.1014625919171903
2022-09-23,0.5109759716839156,2.3100503084345103,-0.947851434453516,1.2995450276776783,0.41362704328108085,0.14996655904344766,0.21456155402160892,1.1022115708293885
2022-09-26,0.48115728887758114,2.4236484449435487,-0.8835598288707223,1.4967155754549746,0.3410596191366072,0.07597813245937347,0.15460892291288414,1.1044585075659825
2022-09-27,0.5489403854480963,2.4248970482297643,-0.9023724293679604,1.5901121507179048,0.48369214245505476,0.061749588885512734,0.16387406341381738,1.1052074864781807
2022-09-28,0.4569035895196208,2.23639795303184,-0.8384461169987043,1.3306772194319885,0.6329975323614997,0.1720208015829311,0.25571079338772207,1.1059564653903786
2022-09-29,0.46050045703473574,2.1927063620668252,-0.8201814563217736,1.3721868084377347,0.6271587740970018,0.2367606748439961,0.250532999624364,1.1067054443025768
2022-09-30,0.4249747312840951,2.176478328967035,-0.8019167956448439,1.4448285891977914,0.6058890118477601,0.22893497587837278,0.26116103257942425,1.107454423214775
2022-10-03,0.32455938466832424,2.130289531429589,-0.7973506304756114,1.278790233174805,0.6801246526392328,0.22537783998490774,0.27451418513033515,1.109701359951369
2022-10-04,0.32455938466832424,1.9205689423922652,-0.7973506304756114,1.226903246917622,0.8077432261346853,0.3392061885757911,0.27451418513033515,1.1104503388635671
2022-10-05,0.32455938466832424,2.0454026036667377,-0.7973506304756114,1.3721868084377347,0.833183530001426,0.3541461593283445,0.27451418513033515,1.111199317775765
2022-10-06,0.32455938466832424,2.193954965353041,-0.7973506304756114,1.4448285891977914,0.8874005710289065,0.2766005968508053,0.27451418513033515,1.1119482966879632
2022-10-07,0.32455938466832424,2.2613652567298863,-0.7973506304756114,1.5070929727064115,1.0221090652741065,0.19194076258633536,0.27451418513033515,1.1126972756001612
2022-10-08,0.32455938466832424,2.3038082444086854,-0.7973506304756114,1.5486025617121582,0.9491245869678833,0.2545463543113212,0.27451418513033515,1.1134462545123593
2022-10-09,0.32455938466832424,2.3038082444086854,-0.8291311400534698,1.5486025617121582,0.9491245869678833,0.2545463543113212,0.27451418513033515,1.1141952334245573
2022-10-10,0.32455938466832424,2.3038082444086854,-0.8382634703919346,1.5486025617121582,0.9491245869678833,0.2545463543113212,0.27451418513033515,1.1149442123367554
2022-10-11,0.3388768115050979,2.3137951658879037,-0.8338799518294718,1.5486025617121582,0.8673819712649137,0.29936626656898196,0.3055802823980782,1.1156931912489536
2022-10-12,0.4138714005428366,2.3262783415343007,-0.8473958007304003,1.5278477672092847,0.7952316012821901,0.2467206553456979,0.282689543917888,1.1164421701611515
2022-10-13,0.3838633050752575,2.2064381409994374,-0.8656604614073302,1.5901121507179048,0.8669649171031636,0.26877489788518194,0.2818718749766529,1.1171911490733497
2022-10-14,0.49337835162504606,2.325029738248085,-0.9158882782688881,1.6212443424722145,0.7443509935487088,0.2445863738096194,0.2047508573515849,1.1179401279855476
2022-10-17,0.505800665325084,2.1664914074878165,-0.9113221130996556,1.6419991369750875,0.6951386024622273,0.23320353895053106,0.24644532023058804,1.120187064722142
2022-10-18,0.5001281507304831,2.1777259798479975,-0.9113221130996556,1.631621739723651,0.6292440449057509,0.15708083083037772,0.22464436346377922,1.1209360436343399
2022-10-19,0.4331036913292284,2.283835353855501,-0.9021897827611907,1.7665279039923274,0.7076502273147225,0.09447523910539186,0.16605429215297876,1.121685022546538
2022-10-20,0.4025273578779117,2.2713512258038517,-0.8797242501285669,1.8703018765066943,0.7151572022262195,0.22608926716360037,0.17504731988176767,1.122434001458736
2022-10-21,0.38597348050444935,2.1627465500344227,-0.8609116496313288,1.8391696847523842,0.7276688270787147,0.3171519460363071,0.23009460265548143,1.1231829803709341
2022-10-24,0.2735294433752911,2.1602493434619916,-0.8837424754774912,1.8806792737581308,0.7172424730349686,0.2545463543113212,0.22382669452254314,1.1254299171075284
2022-10-25,0.26547052655384834,2.03042222144791,-0.8609116496313288,1.7250183149865808,0.7251665021082161,0.20688073333888873,0.23499995099049342,1.1261788960197263
2022-10-26,0.3102843783754762,1.8743801448548196,-0.9071212411439616,1.6627539314779611,0.7739618390329482,0.41746317823202295,0.26552115740154625,1.1269278749319245
2022-10-27,0.2830484161271715,1.9854820271966798,-0.9202717968313516,1.5797347534664679,0.825676555089929,0.3811803921186788,0.25652812967275734,1.1276768538441224
2022-10-28,0.1637006821053145,1.995468948675898,-0.9750657788621427,1.6419991369750875,0.8452781006921718,0.24814350970308444,0.1990281727315376,1.1284258327563206
2022-10-31,0.13577908548427095,2.102825973564365,-1.0152480323513888,1.7250183149865808,0.7893928430176922,0.17130937440423782,0.18894536328936928,1.1306727694929148
2022-11-01,0.2784423342763552,2.096584861943793,-0.9794492974246055,1.6938861232322715,0.8652967004561646,0.30861481989199113,0.2137438850803738,1.1314217484051128
2022-11-02,0.3309027357715052,2.0803558764387495,-0.9383538109015126,1.7250183149865808,0.9049168458223995,0.30434625681983285,0.21565133573498935,1.132170727317311
2022-11-03,0.3039942995832717,2.2775932898296767,-0.9526002462295182,1.7665279039923274,0.872386621205912,0.25027779123916355,0.16550940129628858,1.1329197062295089
2022-11-04,0.44273414132444494,2.021683903254907,-0.9074865343575003,1.7976600957466375,1.0492175857878467,0.615239933908683,0.2886846739662814,1.133668685141707
2022-11-07,0.45296538460455094,1.9268110064180899,-0.9111394664928867,1.8495470820038207,1.0633974272873417,0.5056801483899579,0.2995851523496858,1.135915621878301
2022-11-08,0.42832595425415854,1.8643941757808538,-0.9385364575082823,1.7665279039923274,0.9374470704388875,0.615239933908683,0.39659934343074726,1.1366646007904992
2022-11-09,0.3900695293038902,1.9804895188623233,-0.9202717968313516,1.7457731094894544,0.778966488973946,0.6387170308055523,0.3911491042390451,1.1374135797026972
2022-11-10,0.35028892434515874,1.6883782562293264,-0.9065733013236542,1.4344511919463547,0.8290129883839277,0.7205311563552498,0.5006991115859821,1.1381625586148953
2022-11-11,0.45962245042792,1.4486978551596,-0.8470305075168618,1.4967155754549746,0.9174284706748954,0.9403621545713933,0.5434833561783647,1.1389115375270935
2022-11-14,0.4576859032715375,1.4948866526970457,-0.6643839007475594,1.4967155754549746,0.801487413708438,0.8300909418739749,0.5641941985755934,1.1411584742636876
2022-11-15,0.5430646468523663,1.462429634092212,-0.7007305754946502,1.4136963974434813,0.8310982591926768,0.8108824080492633,0.5647394220884844,1.1419074531758857
2022-11-16,0.5082817738825485,1.4474492518733846,-0.6689500659167918,1.278790233174805,0.7606161058569528,0.7454311076095056,0.5625591933493239,1.1426564320880837
2022-11-17,0.49134117899237645,1.4986315101504395,-0.7242919877678904,1.3825642056891716,0.6934703858152276,0.6280456231251572,0.5293128673424194,1.1434054110002818
2022-11-18,0.47015655666116385,1.528591322182842,-0.6833791478515664,1.4344511919463547,0.6071401743330097,0.5519229150050039,0.5050592364081032,1.1441543899124798
2022-11-21,0.4426749498678058,1.6421894586918806,-0.6961644103254178,1.4448285891977914,0.5867045204072668,0.46299451766837635,0.46554500226826145,1.146401326649074
2022-11-22,0.43271105466685356,1.5647931982410694,-0.678630336075565,1.3721868084377347,0.5954626578040139,0.5206201191425113,0.46799767643576795,1.1471503055612722
2022-11-23,0.43648451002761146,1.422482900580591,-0.733606964713125,1.3202998221805515,0.4807727633228061,0.5256001093933622,0.48598339923714595,1.1478992844734701
2022-11-24,0.42939041394938793,1.4075025183617635,-0.7381731298823575,1.2891676304262418,0.4678440843085608,0.5519229150050039,0.508874470373535,1.1486482633856683
2022-11-25,0.42939041394938793,1.4075025183617635,-0.6742468175131014,1.2891676304262418,0.3765092228853445,0.5419629345033015,0.508874470373535,1.1493972422978662
2022-11-28,0.3850717973149767,1.497382906864224,-0.6194528354823111,1.2995450276776783,0.38067976450284274,0.5184858376064321,0.4729026921145792,1.1516441790344605
2022-11-29,0.5076711153548864,1.5148595432502299,-0.5829235141284507,1.3618094111862982,0.36900224797384695,0.5533457693623898,0.49552131782262504,1.1523931579466584
2022-11-30,0.5151539019983736,1.406253915075548,-0.5737911837899857,1.2891676304262418,0.4686781926320603,0.6942083507436081,0.4889809642613417,1.1531421368588566
2022-12-01,0.5639187835506749,1.253957648341104,-0.6194528354823111,1.1335066716546918,0.4966208214693001,0.8073252721557982,0.6391349874615009,1.1538911157710547
2022-12-02,0.5367311609919598,1.2314875512154888,-0.6055716933678441,1.1127518771518183,0.5074642296747963,0.8542794659495374,0.6249644986255557,1.1546400946832527
2022-12-05,0.6126787324815912,1.3238641938851277,-0.5642935602379815,1.2061484524147486,0.3748410062383448,0.7731767675785332,0.5472985901437966,1.156887031419847
2022-12-06,0.6346091671664581,1.3600660699433549,-0.5186319085456561,1.1127518771518183,0.23137437459639773,0.8059024177984123,0.5524763839071536,1.1576360103320449
2022-12-07,0.6250290299093851,1.300145493473297,-0.6008228815918419,1.0193553018888886,0.11418215514469078,0.8670851551660123,0.5966231882974634,1.158384989244243
2022-12-08,0.6205166678649132,1.2589501566754604,-0.5732432439696775,1.0816196853975086,0.06872325151395736,0.9012336597432767,0.6053434379417055,1.159133968156441
2022-12-09,0.663186802431921,1.2639436174150696,-0.5641109136312126,1.1750162606604384,0.08332014717520235,0.893407960777654,0.6309596286739471,1.1598829470686391
2022-12-12,0.617361763226039,1.3038903509266906,-0.5642935602379815,1.216525849666185,0.15129997554042715,0.7824253209015424,0.5829975903182064,1.1621298838052334
2022-12-13,0.597424107581362,1.1603324023852495,-0.5551612298995166,1.1127518771518183,0.2405495661548943,0.84076234955437,0.6740166513508765,1.1628788627174313
2022-12-14,0.5997927523712114,1.134116495400988,-0.6094072721099995,1.0919970826489456,0.37358984375309523,0.8919851064202675,0.6565758194061877,1.1636278416296295
2022-12-15,0.6046573035826859,1.2327352020964515,-0.5776267625321411,1.040110096391762,0.3323014817398607,0.729779709678259,0.5740045625894186,1.1643768205418275
2022-12-16,0.5946411225950367,1.2502118384824574,-0.5726953041493692,1.0816196853975086,0.2430518911253935,0.7276454281421798,0.6088862264787932,1.1651257994540256
2022-12-19,0.5219688117061131,1.2527090450548883,-0.6136081440656933,1.1750162606604384,0.3039417987408708,0.7582367968259799,0.6026183183458549,1.1673727361906197
2022-12-20,0.45054741360083556,1.1590837990990341,-0.5953434833887626,1.2995450276776783,0.211772828994155,0.7795796121867706,0.6794668905425777,1.1681217151028178
2022-12-21,0.4439396739913331,1.1828024995108646,-0.6183569558416955,1.2891676304262418,0.24513716193414262,0.7959424372967099,0.6794668905425777,1.168870694015016
2022-12-22,0.4361915123172462,1.2165071689966611,-0.6371695563389336,1.278790233174805,0.21719453309690281,0.7198197291765566,0.6007108676912394,1.169619672927214
2022-12-23,0.42554691536494194,1.2015267867778334,-0.6831965012447975,1.3618094111862982,0.33688907751910896,0.7923853014032448,0.6249644986255557,1.170368651839412
2022-12-26,0.5057720561210415,1.185298753678043,-0.6600003821850958,1.455205986449228,0.30561001538787047,0.8621051649151608,0.676469325518382,1.1726155885760061
2022-12-27,0.5057720561210415,1.185298753678043,-0.6090419788964608,1.455205986449228,0.30561001538787047,0.837205213660905,0.676469325518382,1.1733645674882043
2022-12-28,0.4838455675332844,1.2202520264500547,-0.6371695563389336,1.4967155754549746,0.30561001538787047,0.8400509223756774,0.6576659337757689,1.1741135464004022
2022-12-29,0.4692223181705406,1.1428548135939909,-0.6603656753986344,1.4448285891977914,0.27474800741838146,0.8144395439427283,0.689277254556403,1.1748625253126004
2022-12-30,0.48196229268787594,1.1029080800823698,-0.6645665473543283,1.4967155754549746,0.35232008150385286,0.7952310101180172,0.6898221454130922,1.1756115042247983
2022-12-31,0.5190901338648882,1.2277417413568423,-0.6645665473543283,1.4033190001920448,0.2497247577133909,0.837632069968121,0.7443245373301162,1.1763604831369965
2023-01-02,0.5190901338648882,1.2277417413568423,-0.6873973732004914,1.4033190001920448,0.2497247577133909,0.837632069968121,0.7443245373301162,1.1778584409613926
2023-01-03,0.5190901338648882,1.2277417413568423,-0.6873973732004914,1.4033190001920448,0.2497247577133909,0.7326254183930314,0.7443245373301162,1.1786074198735907
2023-01-04,0.5187310390279435,1.194037071871046,-0.7102281990466545,1.2995450276776783,0.03911240602971852,0.695631205100994,0.7800238701607269,1.1793563987857887
2023-01-05,0.6036313183342711,1.2926557785665094,-0.6735162310860243,1.3202998221805515,0.0983340969981968,0.8101709808705706,0.7309717174354061,1.1801053776979868
2023-01-06,0.6210237413434576,1.1478482743336003,-0.6691327125235608,1.154261466157565,0.0849883638222014,0.9382278730353141,0.811089967428469,1.1808543566101848
2023-01-09,0.6535247836598296,1.0379949952779555,-0.6508680518466309,1.1335066716546918,0.1304472674529348,1.1025675513134023,0.8342534839932031,1.183101293346779
2023-01-10,0.662033555551731,1.067954807310358,-0.6190875422687726,1.216525849666185,0.16798214201042125,1.1751331235400895,0.8312559189690084,1.1838502722589772
2023-01-11,0.6513790933566549,1.061713695689786,-0.6189048956620029,1.1438840689061287,0.28100381984462935,1.301055734168755,0.8394312777565612,1.1845992511711751
2023-01-12,0.6593916435370634,0.944369749322101,-0.5869417394773748,1.0297326991403255,0.3427278357836068,1.3444527920690292,0.8963863438410907,1.1853482300833733
2023-01-13,0.7140687650833557,0.9381276852962764,-0.5445677267068973,1.0919970826489456,0.3777603853705941,1.3721984520380568,0.9587916491173225,1.1860972089955713
2023-01-15,0.7863513988827361,0.961846385708107,-0.5158922094441164,1.1335066716546918,0.345230160754106,1.3579699084641967,0.9282701100500689,1.1875951668199674
2023-01-16,0.7863513988827361,0.961846385708107,-0.5158922094441164,1.1335066716546918,0.345230160754106,1.2687569402560914,0.9282701100500689,1.1883441457321655
2023-01-17,0.7863513988827361,0.961846385708107,-0.543289200459512,1.1335066716546918,0.417380530736829,1.3821584325397587,0.9282701100500689,1.1890931246443635
2023-01-18,0.7850324159239566,0.9581015282547133,-0.5058466460718047,0.9674683156317055,0.3923572810318385,1.398521257649698,0.920639974775406,1.1898421035565616
2023-01-19,0.81795273105819,0.9206510489102705,-0.5199104347930414,0.9882231101345789,0.4465743220593184,1.3942526945775395,0.9688744585594918,1.1905910824687596
2023-01-20,0.8544413045034978,0.9144099372896984,-0.4859381659339509,1.0816196853975086,0.5249805044682894,1.422709781725261,0.9805926058841323,1.1913400613809577
2023-01-23,0.882563165552838,0.9306379703894889,-0.4841116998662581,1.1231292744032553,0.549169645849781,1.429824053512191,0.9710546872986532,1.193586998117552
2023-01-24,0.882563165552838,0.9031744125242646,-0.4841116998662581,1.0608648908946352,0.45366424280906587,1.4184412186531028,0.9710546872986532,1.19433597702975
2023-01-25,0.882563165552838,0.8682211397522527,-0.4841116998662581,1.0608648908946352,0.4465743220593184,1.4127498012235593,0.9710546872986532,1.195084955941948
2023-01-26,0.882563165552838,0.8931874910450461,-0.4841116998662581,1.0919970826489456,0.4970378756310502,1.4454754514434378,0.9710546872986532,1.195833934854146
2023-01-27,0.882563165552838,0.90442301581048,-0.4841116998662581,1.1231292744032553,0.45825183858831414,1.381447005361066,0.9710546872986532,1.1965829137663442
2023-01-28,0.882563165552838,0.9481146067754949,-0.4841116998662581,1.154261466157565,0.4390673471478215,1.3586813356428893,0.9710546872986532,1.1973318926785421
2023-01-29,0.882563165552838,0.9481146067754949,-0.506394585892113,1.154261466157565,0.4390673471478215,1.3586813356428893,0.9710546872986532,1.1980808715907403
2023-01-30,0.882563165552838,0.9481146067754949,-0.5221021940742728,1.154261466157565,0.4390673471478215,1.3586813356428893,0.9710546872986532,1.1988298505029382
2023-01-31,0.8414596315382183,0.9256445096498797,-0.5505950647302841,1.1231292744032553,0.377343331208844,1.3914069858627678,0.9890404101000302,1.1995788294151364
2023-02-01,0.8895181617079579,0.815791230594235,-0.5279468854908906,0.9882231101345789,0.3018565279321217,1.2313358706568385,0.9844078398495641,1.2003278083273345
2023-02-02,0.8783556395100598,0.8819529186848649,-0.5518735909776694,0.9986005073860154,0.2584828951101374,1.2043016378665035,0.9530689644972752,1.2010767872395325
2023-02-03,0.8382642794039725,1.028008073798737,-0.5568050493604405,1.1335066716546918,0.18674957928916386,1.1552131625366857,0.8075475115475831,1.2018257661517306
2023-02-06,0.7792129092120348,1.1153922081340193,-0.543289200459512,1.2372806441690583,0.25472940765438923,1.1260446482102717,0.8165402066201712,1.2040727028883247
2023-02-07,0.7895240609586033,1.0916735077221886,-0.5529694706182852,1.278790233174805,0.3564906231213517,1.1900730942926434,0.8315283643973524,1.2048216818005228
2023-02-08,0.7650128787642624,1.0891772535550104,-0.5513256511573612,1.2372806441690583,0.4086223933400825,1.1260446482102717,0.8470617456874248,1.2055706607127208
2023-02-09,0.8321231657776434,1.0654585531431797,-0.5624670941702886,1.278790233174805,0.37901154785584307,1.2114159096534336,0.8165402066201712,1.206319639624919
2023-02-10,0.8039638168057651,1.116639859014982,-0.5458462529542819,1.351432013934862,0.4624223802058124,1.0997218425986293,0.8072750661192379,1.207068618537117
2023-02-13,0.848798385637217,1.0816865862429703,-0.5568050493604405,1.3306772194319885,0.4841091966168048,1.1580588712514575,0.7775711959932194,1.2093155552737112
2023-02-14,0.8501390721300969,1.0667071564293953,-0.5621018009567501,1.3825642056891716,0.44156967211832004,1.183670249684406,0.7832938806132668,1.2100645341859093
2023-02-15,0.8289613554688271,1.1528417350732094,-0.561371214529673,1.4240737946949182,0.4061200683695833,1.088339007739541,0.729336379552934,1.2108135130981073
2023-02-16,0.7825098733468447,1.1453520201664218,-0.5633803272041354,1.4759607809521014,0.39485960600233766,1.2427187055159268,0.7505924454630535,1.2115624920103054
2023-02-17,0.7139799778983963,1.1453520201664218,-0.5610059213161344,1.4344511919463547,0.3168704777551162,1.2156844727255918,0.7462323206409325,1.2123114709225034
2023-02-19,0.841957826298266,1.185298753678043,-0.515344269623809,1.5693573562150316,0.3510689190186039,1.234893006550304,0.7260663691003931,1.2138094287468995
2023-02-20,0.841957826298266,1.185298753678043,-0.515344269623809,1.5693573562150316,0.3510689190186039,1.321971693222329,0.7260663691003931,1.2145584076590976
2023-02-21,0.841957826298266,1.185298753678043,-0.5116913374884225,1.5693573562150316,0.32396039850486363,1.3729098792167493,0.7260663691003931,1.2153073865712958
2023-02-22,0.8020825150089119,1.2364800595498453,-0.5144310365899621,1.5486025617121582,0.21594337061165322,1.3295128213164753,0.7233412495045425,1.2160563654834937
2023-02-23,0.7952695783497264,1.2377286628360606,-0.5062119392853432,1.4967155754549746,0.32145807353436445,1.1438303276775974,0.685189575162625,1.2168053443956919
2023-02-24,0.751352477096185,1.3138772724059091,-0.5233807203216582,1.5693573562150316,0.3310503192546111,1.0001220375816067,0.6601186079432754,1.2175543233078898
2023-02-27,0.7294753147222927,1.2464669810290636,-0.5250245397825813,1.5382251644607212,0.2864255239473772,1.0805133087739183,0.6824644555667745,1.219801260044484
2023-02-28,0.7592772266159117,1.2714342847271098,-0.543289200459512,1.5382251644607212,0.3685851938120969,1.1922073758287226,0.7148934452886435,1.220550238956682
2023-03-01,0.8242931225885394,1.2227492330224858,-0.5505950647302841,1.631621739723651,0.38818673941434023,1.2925186080244384,0.738874298138413,1.2212992178688802
2023-03-02,0.8125909716109461,1.291407175280294,-0.5261204194231979,1.7042635204837078,0.407788285016583,1.1729988420040103,0.7274289288983183,1.2220481967810783
2023-03-03,0.8237850625857179,1.2277417413568423,-0.541645380998588,1.5901121507179048,0.4740998967348081,1.1601931527875367,0.7661254940969241,1.2227971756932763
2023-03-06,0.805119036734509,1.2065202475174426,-0.5781747023524485,1.6004895479693413,0.4791045466758065,1.190784521471336,0.766670717609816,1.2250441124298705
2023-03-07,0.728792639922386,1.365059530682964,-0.5964393630293792,1.5901121507179048,0.3610782189006,1.0292905519080209,0.6740166513508765,1.2257930913420685
2023-03-08,0.7194078344722228,1.3700529914225732,-0.57780940913891,1.6004895479693413,0.32229218185786396,1.103278978492095,0.670746308242134,1.2265420702542666
2023-03-09,0.7045784015355184,1.326360448052306,-0.591690551253377,1.5486025617121582,0.2764162240653811,1.120353230780727,0.7159835596582248,1.2272910491664646
2023-03-10,0.6411044430083469,1.2352324086688824,-0.6145213770995401,1.3099224249291153,0.330633265092861,1.1082589687429458,0.8050948373800766,1.2280400280786627
2023-03-13,0.6841001305868694,1.1128950015615884,-0.600640234985073,1.154261466157565,0.2209480205526516,1.1409846189628243,0.9405331482313996,1.230286964815257
2023-03-14,0.6509154269463131,1.1128950015615884,-0.6099552119303069,1.2476580414204952,0.10000231364519585,1.06913047391483,0.9255449904542182,1.231035943727455
2023-03-15,0.6538523097199002,1.2439707268618854,-0.6099552119303069,1.1127518771518183,-0.0030100643070161857,0.8414737767330632,0.9811374967408215,1.2317849226396531
2023-03-16,0.5915533016070189,1.2152585657104455,-0.6282198726072376,1.164638863409002,-0.05222245539349776,0.8720651454168632,0.9604266543435929,1.232533901551851
2023-03-17,0.6185416462617156,1.1266267804942005,-0.6190875422687726,0.9882231101345789,-0.13938677519921583,0.9119050674236724,1.0988628628753123,1.2332828804640492
2023-03-20,0.5978088520495164,1.0729482680499673,-0.6369869097321639,1.0712422881460721,-0.08141624671598714,0.9958534745094484,1.1244787209513532,1.2355298172006433
2023-03-21,0.655671460487282,1.0704520138827889,-0.618722249055234,1.1957710551633116,0.01700853545697661,1.0563247846983557,1.0122039266647653,1.2362787961128414
2023-03-22,0.6805437105671235,0.9568529249684978,-0.6236537074380051,1.0816196853975086,0.07122557648445654,1.128178929746351,1.0361851121707355,1.2370277750250394
2023-03-23,0.7235571555826389,0.9793230220941129,-0.6099552119303069,0.977845712883142,-0.002593010145266126,1.2405844239798476,1.164265733175741,1.2377767539372375
2023-03-24,0.715151968739855,1.052975377496783,-0.6055716933678441,0.977845712883142,-0.03095269314425597,1.171575987646625,1.132381634310561,1.2385257328494357
2023-03-27,0.7046257547008297,1.0205183588919495,-0.6284025192140064,1.1335066716546918,0.10125347613044544,1.176555977897476,1.051445715376262,1.2407726695860297
2023-03-28,0.6794545877649603,0.9668398464477163,-0.6274892861801604,1.154261466157565,0.15421935467267578,1.1865159583991778,1.105948107293285,1.2415216484982279
2023-03-29,0.6855157929248267,0.9930548010267252,-0.6318728047426232,1.1750162606604384,0.13086432161468486,1.1879388127565642,1.0887797207769423,1.2422706274104258
2023-03-30,0.7192588693063467,0.9306379703894889,-0.6189048956620029,1.154261466157565,0.17006741281917034,1.2007445019730392,1.1274766186317497,1.243019606322624
2023-03-31,0.7416164690032944,0.9768267679269347,-0.6326033911697011,1.0816196853975086,0.20092942078865877,1.2050130650451962,1.096682634136151,1.243768585234822
2023-04-03,0.7973363467107168,0.9243959063636642,-0.618722249055234,1.0297326991403255,0.47701927586705734,1.1352932015332808,1.137286982645574,1.2460155219714162
2023-04-04,0.8031321768399831,0.8619790757264281,-0.6223751811906196,0.9467135211288322,0.47243168008780906,1.0292905519080209,1.241658863572953,1.2467645008836143
2023-04-05,0.8012045084020956,0.8944360943312616,-0.6185396024484643,0.8948265348716488,0.4803557091610561,1.049210512911425,1.2135903313294067,1.2475134797958123
2023-04-06,0.8012045084020956,0.8906912368778679,-0.6185396024484643,0.8948265348716488,0.5082983379982958,1.0897618620969276,1.2135903313294067,1.2482624587080104
2023-04-07,0.807830991972868,0.9855650861199377,-0.6442927740029359,0.9882231101345789,0.5399944542912838,1.0356933965162576,1.1514574714815191,1.2490114376202084
2023-04-10,0.807830991972868,0.9855650861199377,-0.6459365934638599,1.0089779046374523,0.5399944542912838,1.0356933965162576,1.1514574714815191,1.2512583743568026
2023-04-11,0.8058796469523248,0.9381276852962764,-0.6919635383697238,1.0297326991403255,0.5399944542912838,1.0968761338838575,1.1942420487301035,1.2520073532690006
2023-04-12,0.8117632777422726,0.8507445033662467,-0.7001826356743428,1.0089779046374523,0.581282816304519,1.1794016866122476,1.2108652117335563,1.2527563321811988
2023-04-13,0.7733519684804637,0.7895762760152261,-0.6784476894687953,1.050487493643199,0.5062130671895467,1.2341815793716102,1.2937089139786706,1.253505311093397
2023-04-14,0.805725749165063,0.8569865673920715,-0.6777171030417182,1.1231292744032553,0.5395774001295344,1.2121273368321275,1.187156471655929,1.2542542900055949
2023-04-17,0.8564281643980244,0.9256445096498797,-0.6501374654195538,1.2061484524147486,0.46951230095555985,1.1609045799662294,1.1653555148891213,1.2565012267421891
2023-04-18,0.8673756243034658,0.8819529186848649,-0.6707765319844847,1.1853936579118753,0.4632564885293125,1.19861022043696,1.2013272931480772,1.257250205654387
2023-04-19,0.8271826521968151,0.9094164765500893,-0.6682194794897147,1.2061484524147486,0.45741773026481464,1.1772674050761687,1.168080634484972,1.2579991845665852
2023-04-20,0.8159244371440166,0.8931874910450461,-0.6684021260964836,1.1438840689061287,0.3719216271060962,1.1068361143855594,1.2018721840047664,1.2587481634787832
2023-04-21,0.7104393422670876,0.8906912368778679,-0.6819179749974121,1.1750162606604384,0.3748410062383448,1.0406733867671092,1.1252963898925883,1.2594971423909813
2023-04-23,0.6572745624379306,0.8320192636940253,-0.6888585460546457,1.1231292744032553,0.41112471831058167,1.009370590904616,1.1514574714815191,1.2609951002153774
2023-04-24,0.6572745624379306,0.8320192636940253,-0.6968949967524949,1.1231292744032553,0.41112471831058167,1.009370590904616,1.1514574714815191,1.2617440791275756
2023-04-25,0.612776398385046,0.895684697617477,-0.7003652822811116,0.9986005073860154,0.32354334434311355,0.8635280192725466,1.16481062403243,1.2624930580397735
2023-04-26,0.6162746134724292,0.846999645912853,-0.7184472963512726,1.0297326991403255,0.20092942078865877,0.866373727987319,1.1421919983243851,1.2632420369519717
2023-04-27,0.6384802884306696,0.8507445033662467,-0.7560724973457488,1.1335066716546918,0.23929840366964472,0.8998108053858908,1.1536377002206806,1.2639910158641696
2023-04-28,0.6930459327336252,0.8719659972056465,-0.7677618801789844,1.040110096391762,0.2897619572413759,0.9090593587089,1.1541825910773709,1.2647399947763678
2023-05-01,0.6821862734888648,0.9318865736757044,-0.7997250363636125,1.1957710551633116,0.09749998867469668,0.9709535232551932,1.3119670822083935,1.2669869315129618
2023-05-02,0.6821862734888648,0.9081678732638738,-0.7997250363636125,1.040110096391762,0.09749998867469668,0.8692194367020908,1.3119670822083935,1.26773591042516
2023-05-03,0.6821862734888648,0.8307706604078099,-0.7997250363636125,0.977845712883142,-0.06098059279024488,0.8443194854478356,1.3119670822083935,1.2684848893373581
2023-05-04,0.6821862734888648,0.8382613277198501,-0.7997250363636125,0.9674683156317055,-0.05722710533449611,0.8699308638807841,1.3119670822083935,1.269233868249556
2023-05-05,0.651721417280885,0.8145426273080195,-0.8499528532251703,1.040110096391762,0.061633330764209904,0.8983879510285049,1.228578489106588,1.2699828471617542
2023-05-06,0.6994573540119403,0.8345164702664564,-0.8548843116079413,1.1231292744032553,0.14129067565843104,0.9645506786469558,1.2528321200409034,1.2707318260739522
2023-05-08,0.6994573540119403,0.8345164702664564,-0.8232864486368519,1.1231292744032553,0.14129067565843104,0.9645506786469558,1.2528321200409034,1.2722297838983483
2023-05-09,0.6505770491191918,0.8682211397522527,-0.8417337559205514,1.1335066716546918,0.14129067565843104,0.9247107566401466,1.2798105379148697,1.2729787628105464
2023-05-10,0.630870240155408,0.8482482491990685,-0.8733316188916409,1.0297326991403255,0.09708293451294721,0.8386280680182915,1.264277489280998,1.2737277417227444
2023-05-11,0.6225479213519202,0.9206510489102705,-0.9098609402455013,0.9882231101345789,0.03952946019146799,0.6522341472007198,1.2212204666040687,1.2744767206349426
2023-05-12,0.5572636907758618,0.9980482617663343,-0.901093903120575,1.0608648908946352,0.00699923557498051,0.6785569528123615,1.2206755757473795,1.2752256995471405
2023-05-15,0.628764010823326,0.9668398464477163,-0.8769845510270273,1.1023744799003818,0.045368218455965864,0.7105711758535473,1.2302134943328586,1.2774726362837348
2023-05-16,0.6000748983145259,0.9830678795475067,-0.8881259940399547,1.1438840689061287,0.03243953944172112,0.5910514098331198,1.1495500208269036,1.278221615195933
2023-05-17,0.5870547509024301,1.0230146130591278,-0.8733316188916409,1.1750162606604384,0.10876045104194296,0.7155511661043988,1.1285664003451292,1.2789705941081309
2023-05-18,0.5855917353991613,1.1103987473944101,-0.878080430667643,1.2580354386719317,0.05746278914671168,0.6230656328743057,1.0626186391880115,1.279719573020329
2023-05-19,0.5748021193780916,1.0629613465707488,-0.8841077686910297,1.3099224249291153,0.04370000180896681,0.683536943063213,1.123116161153427,1.280468551932527
2023-05-22,0.5985576239760043,1.0629613465707488,-0.8875780542196465,1.3306772194319885,0.058296897470211204,0.6166627882660689,1.1124884608545684,1.2827154886691212
2023-05-23,0.5373270216554618,1.0991632226289763,-0.9186279773704277,1.3099224249291153,0.09541471786594756,0.5732657303657946,1.105948107293285,1.2834644675813194
2023-05-24,0.4839254759997469,1.1490968776198156,-0.9049294818627303,1.341054616683425,0.1508829213786771,0.4409402751288929,1.0797870257043543,1.2842134464935173
2023-05-25,0.47269981624809965,1.1890436111314366,-0.8998153768731896,1.4448285891977914,0.05370930169096291,0.47864591559962294,1.0261019700723664,1.2849624254057155
2023-05-26,0.4764673524631924,1.1890436111314366,-0.8742448519254876,1.4136963974434813,0.0816519305282027,0.6123942251939106,1.028827089668217,1.2857114043179134
2023-05-28,0.469718539882033,1.1840501503918275,-0.9208197366516598,1.2995450276776783,-0.04137904718800214,0.6024342446922082,1.0667063185817884,1.2872093621423095
2023-05-29,0.469718539882033,1.1840501503918275,-0.9208197366516598,1.2995450276776783,-0.04137904718800214,0.5977388253128344,1.0667063185817884,1.2879583410545077
2023-05-30,0.469718539882033,1.1840501503918275,-0.9116874063131941,1.2995450276776783,-0.04137904718800214,0.5946085457265855,1.0667063185817884,1.2887073199667056
2023-05-31,0.4264051914862126,1.202775390064049,-0.9390843973285897,1.2476580414204952,-0.09976662983298029,0.5604600411493205,1.082784590728551,1.2894562988789038
2023-06-01,0.440244154048485,1.107901540821979,-0.9436505624978222,1.216525849666185,-0.00801471424801394,0.6643284092385013,1.1212087104988115,1.2902052777911017
2023-06-02,0.5058361801990682,1.1653249107196062,-0.9206370900448902,1.2995450276776783,0.06788914319045784,0.6870940789566781,1.051445715376262,1.2909542567032999
2023-06-05,0.4888058115996579,1.1628286565524277,-0.9252032552141226,1.2995450276776783,0.09332944705719845,0.7432968260734265,1.0667063185817884,1.2932011934398941
2023-06-06,0.43642235899814,1.1790566896522183,-0.9434679158910533,1.3099224249291153,0.07706433474895441,0.7440082532521197,1.087144715550672,1.293950172352092
2023-06-07,0.4149595368207229,1.1753118321988245,-0.9432852692842836,1.4033190001920448,0.10333874693919455,0.7240882922487148,1.0250118557027852,1.2946991512642902
2023-06-08,0.43564201829477794,1.0804379829567547,-0.9441985023181304,1.341054616683425,0.0628844932494595,0.7795796121867706,1.0819669217873158,1.2954481301764882
2023-06-09,0.46421373441457625,1.107901540821979,-0.965933448523677,1.3618094111862982,0.015340318809976966,0.7724653403998406,1.078151687821884,1.2961971090886864
2023-06-12,0.4762868185204427,1.116639859014982,-0.9657508019169081,1.341054616683425,-0.10727360474447781,0.722665437891329,1.0593486287354708,1.2984440458252804
2023-06-13,0.5006786312772289,1.0804379829567547,-1.052873233345865,1.455205986449228,-0.00551238927751536,0.8308023690526681,1.0301896494661424,1.2991930247374786
2023-06-14,0.50246818631629,1.0392435985641708,-1.061822917077561,1.4448285891977914,-0.04096199302625207,0.8834479802759515,1.0593486287354708,1.2999420036496767
2023-06-15,0.5722864824709201,0.9281417162223107,-1.0062983486196928,1.3306772194319885,0.05746278914671168,0.9225764751040675,1.0661614277250981,1.3006909825618747
2023-06-16,0.6214084858116133,0.9506118133479258,-0.9799972372449137,1.3825642056891716,0.09958525948344639,0.9133279217810583,1.0677964329513696,1.3014399614740728
2023-06-18,0.5902185342598023,0.9805716253803284,-0.9343355855525876,1.351432013934862,0.0716426306462066,0.8852976909405535,1.005391127675138,1.302937919298469
2023-06-19,0.5902185342598023,0.9805716253803284,-0.9343355855525876,1.351432013934862,0.0716426306462066,0.871780574545386,1.005391127675138,1.3036868982106669
2023-06-20,0.5902185342598023,0.9805716253803284,-0.9571664113987507,1.351432013934862,0.05913100579371132,0.9069250771728209,1.005391127675138,1.304435877122865
2023-06-21,0.5066993889417244,0.921899652196486,-0.9662987417372156,1.3306772194319885,0.10625812607144379,0.9368050186779282,0.9993959976267455,1.305184856035063
2023-06-22,0.43866571520476905,0.961846385708107,-0.9891295675833787,1.4136963974434813,-0.018441068291760104,0.9168850576745233,0.9732345833816138,1.3059338349472611
2023-06-23,0.43866571520476905,1.0255118196315587,-0.9891295675833787,1.351432013934862,-0.033872072276504614,0.7930967285819381,0.9732345833816138,1.3066828138594593
2023-06-25,0.43866571520476905,0.9992968650525498,-0.9891295675833787,1.3306772194319885,-0.021360447424009336,0.7717539132211473,0.9732345833816138,1.3081807716838554
2023-06-26,0.43866571520476905,0.9992968650525498,-0.9706822602996792,1.3306772194319885,-0.021360447424009336,0.7717539132211473,0.9732345833816138,1.3089297505960533
2023-06-27,0.48279590570221326,0.9743295613545038,-0.970864906906448,1.3825642056891716,-0.10393717145047911,0.7511225250390497,0.9468010563643379,1.3096787295082515
2023-06-28,0.4722430555077,1.0267604229177743,-0.9754310720756814,1.3202998221805515,-0.030535638982505914,0.6892283604927572,0.9421684861138698,1.3104277084204494
2023-06-29,0.4556990433770115,1.0804379829567547,-0.9982618979218436,1.4655833837006649,-0.021360447424009336,0.6365827492694731,0.933720349241771,1.3111766873326476
2023-06-30,0.4852434724342482,1.0267604229177743,-1.0302250541064717,1.4240737946949182,0.005748073089730923,0.722665437891329,0.9661493389636402,1.3119256662448455
2023-07-03,0.5330060453207915,1.03674639199174,-1.020910077161237,1.4759607809521014,0.00616512725148039,0.7717539132211473,0.9677843441899107,1.3141726029814398
2023-07-04,0.5079088677057206,1.0841837928154012,-1.0072115816535396,1.5693573562150316,0.07748138891070447,0.7579522259545026,0.9620616595698633,1.314921581893638
2023-07-05,0.5079088677057206,1.0841837928154012,-1.020910077161237,1.5693573562150316,0.09875115115994626,0.7354711271078032,0.9620616595698633,1.3156705608058359
2023-07-06,0.4795946344223035,1.059216489117355,-1.02273654322893,1.6731313287293976,0.09791704283644674,0.6870940789566781,0.9323577894438458,1.316419539718034
2023-07-07,0.4524336480190751,0.9468660034892794,-1.0207274305544682,1.6835087259808341,0.18341314599516514,0.7546796609325148,0.9800473823712413,1.317168518630232
2023-07-10,0.4760905001892559,0.9094164765500893,-1.0207274305544682,1.631621739723651,0.14421005479067966,0.7582367968259799,0.9767773719187005,1.3194154553668263
2023-07-11,0.5066737393105135,0.8794566645176866,-1.029859760892933,1.6108669452207782,0.21552631644990375,0.7319139912143381,0.9939457584350432,1.3201644342790242
2023-07-12,0.4694778279583665,0.7284070962589526,-1.0252935957237006,1.4759607809521014,0.24930770355164084,0.855702320306924,1.0618009702467763,1.3209134131912224
2023-07-13,0.5326627348722832,0.6347818503030983,-1.0189009644867746,1.3721868084377347,0.2893449030796264,0.9794906493995091,1.0699763290343292,1.3216623921034205
2023-07-14,0.5311957732719053,0.6522594390943569,-1.0132389196769263,1.4448285891977914,0.23054026627289823,0.9695306688978067,1.0724290032018358,1.3224113710156185
2023-07-17,0.4966161243032163,0.6435201684961013,-1.0278506482184706,1.4240737946949182,0.1429588923054301,0.8428966310904491,1.051445715376262,1.3246583077522127
2023-07-18,0.48273967381840577,0.6560042965477506,-1.0515947070984797,1.4136963974434813,0.21552631644990375,0.8222652429083516,1.11902848175965,1.3254072866644107
2023-07-19,0.4755123969627451,0.69844728422655,-1.0517773537052493,1.3618094111862982,0.20885344986190577,0.8002110003688682,1.1198461507008872,1.3261562655766088
2023-07-20,0.43794357943376966,0.7733472905101829,-1.055247639233866,1.4655833837006649,0.21886274974390246,0.8293795146952816,1.0947751834815356,1.3269052444888068
2023-07-21,0.43262720010328176,0.7970659909220136,-1.079904931147722,1.455205986449228,0.27891854903588026,0.8059024177984123,1.083874705098131,1.327654223401005
2023-07-24,0.4138654813971721,0.8320192636940253,-1.1063886891292707,1.4759607809521014,0.34022551081310765,0.859259456200389,1.0729742267147266,1.3299011601375992
2023-07-25,0.5310556868245266,0.8320192636940253,-0.9792666508178366,1.5278477672092847,0.37901154785584307,0.9446307176435516,1.077879242393538,1.3306501390497971
2023-07-26,0.5182081811609619,0.7745958937963984,-1.0157959721716971,1.4759607809521014,0.35899294809185084,0.9254221838188399,1.096410188707806,1.3313991179619953
2023-07-27,0.5056102661395605,0.8844491728520432,-1.0221886034086225,1.631621739723651,0.41320998911933077,0.8877165433481098,1.0323698782053037,1.3321480968741932
2023-07-28,0.5921718523288989,0.8657248855850744,-0.9969833716744583,1.5797347534664679,0.4219681265160773,0.9730878047912723,1.0732466721430718,1.3328970757863914
2023-07-31,0.6236478959211342,0.895684697617477,-0.9852939888412233,1.5901121507179048,0.4524130803238163,1.0847818718460767,1.1007703135299278,1.3351440125229854
2023-08-01,0.6126461771804393,0.9506118133479258,-0.9834675227735306,1.6731313287293976,0.45741773026481464,0.9460535720009374,1.0195616165110841,1.3358929914351836
2023-08-02,0.5833769883965737,0.9868127370009004,-0.9984445445286133,1.7042635204837078,0.4019495267520851,0.8564137474856166,1.010568921438495,1.3366419703473815
2023-08-03,0.6113183155031643,0.9805716253803284,-1.0148827391378503,1.8287922875009477,0.4928673340135513,0.9368050186779282,0.9958532090896587,1.3373909492595797
2023-08-04,0.6316160525090636,0.9156575881706612,-1.008672754507694,1.6731313287293976,0.542496779261783,0.8919851064202675,1.0165640514868874,1.3381399281717778
2023-08-07,0.5988190529094948,0.9194033980293077,-1.0099512807550792,1.7146409177351443,0.504544850542547,0.8485880485199933,0.9999408884834347,1.3403868649083719
2023-08-08,0.5840438788080444,0.9793230220941129,-1.0114124536092335,1.6419991369750875,0.5683541372902736,0.7546796609325148,0.974324697751194,1.34113584382057
2023-08-09,0.5636573546171851,0.9743295613545038,-1.0101339273618481,1.6212443424722145,0.6229882324795036,0.7774453306506915,0.9506162903297697,1.341884822732768
2023-08-10,0.5701486843619639,0.9780744188078975,-1.0075768748670781,1.7146409177351443,0.5449991042322821,0.7525453793964356,0.947891170733917,1.3426338016449662
2023-08-11,0.4695528038034428,1.0180211523195186,-1.0247456559033923,1.787282698495201,0.565434758158025,0.6913626420288357,0.9438034913401412,1.343382780557164
2023-08-14,0.445931466507246,1.061713695689786,-1.0556129324474046,1.8184148902495114,0.5433308875852831,0.6942083507436081,0.9375355832072029,1.3456297172937584
2023-08-15,0.42309540253579714,1.0642099498569644,-1.1383518453138988,1.8391696847523842,0.4966208214693001,0.6173742154447621,0.915462181012049,1.3463786962059565
2023-08-16,0.38305928778923976,1.0904249044359733,-1.1584429720585214,1.911811465512441,0.4219681265160773,0.6045685262282873,0.8980213490673612,1.3471276751181545
2023-08-17,0.40375459407889963,1.0929221110084042,-1.1531462204622118,1.932566260015314,0.4532471886473158,0.6536570015581057,0.8653199139171479,1.3478766540303526
2023-08-18,0.3397548181119149,1.085431443696364,-1.160269438126215,1.8910566710095673,0.48160687164630567,0.6749998169188964,0.8707701531088501,1.3486256329425506
2023-08-21,0.28274949927114235,1.0791903320757918,-1.2033740373237705,1.9740758490210606,0.46158827188231283,0.6927854963862222,0.8903912137926984,1.3508725696791448
2023-08-22,0.3144238342431191,1.107901540821979,-1.1739679336339124,1.9740758490210606,0.4307262639128244,0.7454311076095056,0.8988390180085972,1.3516215485913428
2023-08-23,0.2365515538884319,1.0829351895291857,-1.179264685230222,1.8184148902495114,0.39903014761983585,0.8144395439427283,0.9590640945456675,1.352370527503541
2023-08-24,0.2667224258617702,1.1603324023852495,-1.1778035123760677,1.859924479255258,0.4044518517225837,0.7546796609325148,0.9582464256044315,1.353119506415739
2023-08-25,0.23550485163019366,1.1728155780316463,-1.148762701899749,1.8806792737581308,0.4607541635588133,0.7432968260734265,0.9388981430051292,1.353868485327937
2023-08-28,0.2843871295714974,1.1703183714592154,-1.1241054099858931,1.8287922875009477,0.5003743089250489,0.7475653891455848,0.9574290893193972,1.3561154220645313
2023-08-29,0.34717644025020833,1.1066538899410163,-1.1491279951132876,1.7457731094894544,0.5003743089250489,0.8059024177984123,1.0081162472709884,1.3568644009767292
2023-08-30,0.35423798102727816,1.0579688382363923,-1.1673926557902174,1.7457731094894544,0.510800662968795,0.8243995244444308,1.0293723131811081,1.3576133798889274
2023-08-31,0.3296044698225497,1.1153922081340193,-1.17195882095945,1.7146409177351443,0.5387432918060348,0.7930967285819381,1.0127488175214556,1.3583623588011253
2023-09-01,0.35417878957063964,1.1927884685848305,-1.121731004097892,1.808037492998074,0.6509308613167434,0.8386280680182915,1.0171092749997774,1.3591113377133235
2023-09-03,0.3913806200684512,1.2639436174150696,-1.0716858338431032,1.9014340682610038,0.6692812444337366,0.8585480290216957,0.9800473823712413,1.3606092955377196
2023-09-04,0.3913806200684512,1.2639436174150696,-1.0716858338431032,1.9014340682610038,0.6692812444337366,0.8258223788018166,0.9800473823712413,1.3613582744499177
2023-09-05,0.3913806200684512,1.2639436174150696,-1.066937022067101,1.9014340682610038,0.7038967398589737,0.8343595049461332,0.9800473823712413,1.3621072533621157
2023-09-06,0.3840852730376546,1.2701856814408943,-1.025841535544008,1.932566260015314,0.7264176645934657,0.7454311076095056,0.9579739801760874,1.3628562322743139
2023-09-07,0.3152554742089012,1.2951520327336878,-1.0304077007132413,1.9014340682610038,0.700143252403225,0.7119940302109332,0.956338974949816,1.3636052111865118
2023-09-08,0.2960596848207705,1.2988968901870814,-1.025841535544008,1.8910566710095673,0.7289199895639643,0.6472541569498689,0.9587916491173225,1.36435419009871
2023-09-11,0.33132990078358526,1.233983805382667,-1.0395400310517062,1.9221888627638775,0.7339246395049627,0.7753110491146123,0.9721448016682334,1.366601126835304
2023-09-12,0.32436503938569206,1.251460441768673,-1.0523252935255567,1.9014340682610038,0.8010703595466879,0.7496996706816639,0.9394433665180192,1.3673501057475022
2023-09-13,0.2907225884804586,1.2589501566754604,-1.066937022067101,1.8806792737581308,0.7785494348121965,0.7518339522177424,0.933447903813427,1.3680990846597003
2023-09-14,0.28292608711678274,1.3388445761039551,-1.0806355175747993,1.9221888627638775,0.8686331337501633,0.7909624470458589,0.9359005779809325,1.3688480635718983
2023-09-15,0.2569874042931566,1.3276090513385213,-1.0212753703747757,1.963698451769624,0.8832300294114076,0.7625053598981382,0.9732345833816138,1.3695970424840964
2023-09-18,0.27834861447000897,1.3126286691196936,-1.0030107096978458,1.9533210545181876,0.8999121958814017,0.729779709678259,0.9944906492917325,1.3718439792206905
2023-09-19,0.2633317419206146,1.3126286691196936,-0.9801798838516826,2.0052080407753707,0.9065850624693992,0.6863826517779847,0.9958532090896587,1.3725929581328886
2023-09-20,0.24252693143617135,1.307636160785337,-0.9756137186824502,1.984453246272497,0.841941667398173,0.7262225737847939,1.0329147690619949,1.3733419370450866
2023-09-21,0.2061419430399824,1.3326025120781304,-0.9891295675833787,2.129736807792611,0.8060750094876863,0.6145285067299897,0.960971545200284,1.3740909159572847
2023-09-22,0.2863690568446372,1.3600660699433549,-0.9526002462295182,2.0778498215354277,0.8181695801784314,0.6123942251939106,0.9778674862882807,1.3748398948694827
2023-09-25,0.25840701272822325,1.4124959791013727,-0.9160709248756578,2.1920011913012303,0.8190036885019316,0.5803800021527247,0.9538863007823105,1.377086831606077
2023-09-26,0.2332082231125876,1.4412081402528125,-0.9206370900448902,2.2023785885526665,0.8377711257806743,0.5462314975754597,0.9097394963920017,1.377835810518275
2023-09-27,0.2473362372881154,1.4961343035780086,-0.9341529389458187,2.2542655748098506,0.9478734244826337,0.5376943714311437,0.8312559189690084,1.378584789430473
2023-09-28,0.24290575675866247,1.439959536966597,-0.9571664113987507,2.2335107803069767,0.9286889330421411,0.649388438485948,0.8007347125579556,1.3793337683426712
2023-09-29,0.23594188188504753,1.4337174729407722,-0.9754310720756814,2.2335107803069767,0.8961587084256529,0.6913626420288357,0.771030842431937,1.3800827472548691
2023-10-02,0.23594188188504753,1.5248464647294484,-0.9754310720756814,2.337284752821344,0.7022285232119742,0.5547686237197763,0.771030842431937,1.3823296839914634
2023-10-03,0.23594188188504753,1.537329640375845,-0.9754310720756814,2.461813519838583,0.8377711257806743,0.5256001093933622,0.771030842431937,1.3830786629036615
2023-10-04,0.23594188188504753,1.5123632890830516,-0.9754310720756814,2.3787943418270907,0.6446750488904954,0.4800687699570088,0.771030842431937,1.3838276418158595
2023-10-05,0.23594188188504753,1.453691315899209,-0.9754310720756814,2.368416944575653,0.5800316538192694,0.42742315873372544,0.771030842431937,1.3845766207280576
2023-10-06,0.23594188188504753,1.4174894398409819,-0.9754310720756814,2.430681328084274,0.5625153790257758,0.5348486627163713,0.771030842431937,1.3853255996402556
2023-10-07,0.23594188188504753,1.422482900580591,-0.9754310720756814,2.3061525610670337,0.7089013897999721,0.5611714683280131,0.771030842431937,1.3860745785524538
2023-10-08,0.23594188188504753,1.422482900580591,-0.9799972372449137,2.3061525610670337,0.7089013897999721,0.5611714683280131,0.771030842431937,1.3868235574646517
2023-10-09,0.23594188188504753,1.422482900580591,-0.9661160951304467,2.3061525610670337,0.7089013897999721,0.5611714683280131,0.771030842431937,1.3875725363768499
2023-10-10,0.20805086751660057,1.391274485261973,-0.946207614992593,2.3061525610670337,0.6809587609627323,0.5440972160393805,0.802369717784225,1.3883215152890478
2023-10-11,0.2206714725963806,1.3900258819757576,-0.9160709248756578,2.2231333830555404,0.55083786249678,0.5127944201768879,0.8345262620777489,1.389070494201246
2023-10-12,0.25875426927384076,1.4836511279316118,-0.9279429543156623,2.3476621500727806,0.5850363037602677,0.4829144786717812,0.8249883434922699,1.389819473113444
2023-10-13,0.21563033353926564,1.4936380494108303,-0.9661160951304467,2.2750203693127236,0.8323494216779264,0.4544573915240604,0.983317725479983,1.390568452025642
2023-10-16,0.17014663173333602,1.4424557911337752,-0.9524175996227485,2.358039547324217,0.6930533316534775,0.4701087894553064,0.9661493389636402,1.3928153887622363
2023-10-17,0.18071427979200935,1.4437043944199908,-0.9332397059119719,2.4825683143414565,0.7568626184012041,0.4651287992044555,0.9705094637857622,1.3935643676744343
2023-10-18,0.1390651978520295,1.4836511279316118,-0.9021897827611907,2.56558749235295,0.7347587478284622,0.47722306124223707,1.0593486287354708,1.3943133465866324
2023-10-19,0.05641715347082833,1.4437043944199908,-0.8793589569150284,2.638229273113007,0.7818858681061952,0.49714302224564133,1.0950476289098807,1.3950623254988304
2023-10-20,0.025987812136832468,1.4324698220598095,-0.9021897827611907,2.586342286855823,0.8069091178111858,0.44307455666497203,1.1334717486801422,1.3958113044110285
2023-10-23,-0.02691948485594522,1.3550726092037457,-0.9031030157950375,2.513700506095767,0.7301711520492139,0.4765116340635438,1.1165761402483454,1.3980582411476228
2023-10-24,-0.008322515704148728,1.446200648587169,-0.8793589569150284,2.4825683143414565,0.5683541372902736,0.5298686724655205,1.1130333517112587,1.3988072200598207
2023-10-25,0.009959752203182078,1.4786576671920026,-0.9021897827611907,2.6070970813586967,0.6576037279047409,0.4829144786717812,1.1378318735022641,1.3995561989720189
2023-10-26,0.021491234480798847,1.4873959853850056,-0.8839251220842609,2.513700506095767,0.5871215745690168,0.4736659253487714,1.146279677718163,1.4003051778842168
2023-10-27,0.08466726267622003,1.4824025246453965,-0.8873954076128776,2.4929457115928932,0.6822099234479819,0.5611714683280131,1.1500949116835948,1.401054156796415
2023-10-30,0.11875759560335816,1.4274763613202004,-0.8859342347587226,2.5344553005986397,0.6822099234479819,0.6002999631561297,1.1708057540808234,1.403301093533009
2023-10-31,0.1014194314294238,1.4948866526970457,-0.9230114959328912,2.5344553005986397,0.5191417462037915,0.5860714195822689,1.14082943852646,1.4040500724452072
2023-11-01,0.09784032135129996,1.5223492581570175,-0.9385364575082823,2.4203039308328362,0.5233122878212902,0.5889171282970413,1.1233889392379728,1.4047990513574051
2023-11-02,0.07453171225101367,1.4274763613202004,-0.9933304395390726,2.31652995831847,0.6108936617887578,0.6202199241595339,1.14191955289604,1.4055480302696033
2023-11-03,0.11411994497566762,1.2901585719940785,-0.982371643132914,2.212755985804104,0.5495867000115304,0.6337370405547014,1.1579978250428027,1.4062970091818014
2023-11-06,0.17508418574133217,1.3151258756921247,-0.9931477929323029,2.31652995831847,0.5395774001295344,0.6870940789566781,1.1310190745126356,1.4085439459183955
2023-11-07,0.16491410696641995,1.3550726092037457,-0.9789013576042981,2.2231333830555404,0.3777603853705941,0.6351598949120872,1.0906875040877595,1.4092929248305937
2023-11-08,0.15917746829379295,1.3613137208243178,-1.0095859875415407,2.129736807792611,0.29560071550587375,0.5789571477953388,1.0489930412087565,1.4100419037427916
2023-11-09,0.15745203733275737,1.4012614067411915,-1.0041065893384615,2.2646429720612873,0.30727823203486954,0.584648565224883,1.0836019270135853,1.4107908826549898
2023-11-10,0.12867413763899846,1.3950193427153668,-1.0132389196769263,2.2542655748098506,0.3873526310908401,0.5071030027473438,0.9974882143159292,1.4115398615671877
2023-11-13,0.1316475218108466,1.3700529914225732,-1.0114124536092335,2.2750203693127236,0.4052859600460838,0.6145285067299897,1.0326423236336488,1.413786798303782
2023-11-14,0.13482511650810008,1.17656043548504,-0.9896775074036861,2.0778498215354277,0.4098735558253321,0.6415627395203247,1.0770619061085036,1.4145357772159801
2023-11-15,0.16482236020862898,1.211513708257052,-0.9787187109975284,2.1712463967983573,0.33480380671035986,0.6892283604927572,1.0724290032018358,1.415284756128178
2023-11-16,0.1213856962781434,1.2090174540898735,-0.9924172065052258,2.088227218786864,0.14003951317318145,0.6657512635958872,1.137286982645574,1.4160337350403762
2023-11-17,0.12277373593633588,1.1403585594268126,-0.9986271911353821,2.0778498215354277,0.2855914156238777,0.7134168845683198,1.1310190745126356,1.4167827139525742
2023-11-20,0.13580276206692599,1.0966669684617978,-0.9876683947292244,2.057095027032554,0.37025341045909654,0.8123052624066491,1.1203910415575764,1.4190296506891684
2023-11-21,0.13494251289710196,1.1116463982753728,-0.9694037340522937,2.0467176297811176,0.33563791503385937,0.8187081070148866,1.1792538909529222,1.4197786296013664
2023-11-22,0.08582642870207326,1.1528417350732094,-0.9440158557113607,2.057095027032554,0.30811234035836965,0.7539682337538216,1.1577253796144584,1.4205276085135645
2023-11-23,0.0772199909067163,1.0879286502687948,-0.9074865343575003,2.108982013289737,0.2701604116391332,0.7437236823806426,1.187156471655929,1.4212765874257627
2023-11-24,0.0772199909067163,1.0879286502687948,-0.9020071361544219,2.108982013289737,0.22720383297889893,0.7881167383310865,1.187156471655929,1.4220255663379606
2023-11-27,0.053053105685159405,1.0629613465707488,-0.8919615727821101,2.0259628352782437,0.21344104564115404,0.7440082532521197,1.2133178859010618,1.4242725030745549
2023-11-28,0.0641613690478054,1.0067865799593374,-0.9303173602036634,1.9740758490210606,0.3039417987408708,0.806613844977105,1.2893484565003477,1.4250214819867528
2023-11-29,0.030976665407249197,1.0092828341265156,-0.9434679158910533,1.9014340682610038,0.35899294809185084,0.8030567090836399,1.3095144080408871,1.425770460898951
2023-11-30,0.03318056064278727,1.1004118259151916,-0.9701343204793709,2.0052080407753707,0.30644412371137,0.8400509223756774,1.2849883316782267,1.426519439811149
2023-12-01,0.027424191484613263,1.0716996647637518,-0.9801798838516826,1.8495470820038207,0.18132787518641605,0.9517449894304816,1.3746448329129695,1.427268418723347
2023-12-04,0.0046295615328111155,1.1178884623011975,-0.9619152231747529,1.911811465512441,0.15797284212842455,0.8172852526575006,1.2468366573363103,1.4295153554599414
2023-12-05,-0.07529468931870519,1.1690707205782525,-0.9756137186824502,1.808037492998074,0.12085502173268818,0.7461425347881983,1.2315760541307847,1.4302643343721393
2023-12-06,-0.06416274937340355,1.1815538962246492,-0.9619152231747529,1.7457731094894544,-0.001758901821766599,0.6749998169188964,1.264277489280998,1.4310133132843375
2023-12-07,-0.07451040251823379,1.1054052866548008,-0.977440184750143,1.7665279039923274,-0.006763551762764946,0.7660624957916031,1.2626424840547277,1.4317622921965354
2023-12-08,-0.06088946182124982,1.1640772598386433,-0.9781707711772202,1.859924479255258,0.06538681821995866,0.8144395439427283,1.1765287713570707,1.4325112711087336
2023-12-11,-0.033409828076445804,1.1753118321988245,-1.0139695061040035,1.859924479255258,0.05746278914671168,0.7489882435029707,1.1212087104988115,1.4347582078453276
2023-12-12,-0.02680406151549797,1.1466006234526374,-1.025841535544008,1.8287922875009477,-0.010934093380263174,0.7610825055407523,1.1206638196421221,1.4355071867575258
2023-12-13,-0.09187125675054555,1.0217669621781649,-1.0530558799526348,1.6627539314779611,-0.009682930895013587,0.7589482240046731,1.132926857823452,1.436256165669724
2023-12-14,-0.11115780637219021,0.9081678732638738,-1.025658888937239,1.5382251644607212,0.1116798301741916,0.9083479315302073,1.263459820339763,1.4370051445819219
2023-12-15,-0.12467220244722435,0.9818202286665438,-1.052873233345865,1.5278477672092847,0.10292169277744509,0.9047907956367424,1.2386612985487564,1.43775412349412
2023-12-18,-0.1494793419247616,0.9768267679269347,-1.0713205406295645,1.5693573562150316,0.1884177959361635,0.8500109028773798,1.2528321200409034,1.440001060230714
2023-12-19,-0.1439972265156835,0.9343828278428826,-1.05944851118956,1.5486025617121582,0.22720383297889893,0.9147507761384441,1.2858060006194618,1.4407500391429122
2023-12-20,-0.18869565499686472,0.9643435922805379,-1.0537864663797119,1.4759607809521014,0.2805867656828793,0.9261336109975326,1.2751779676644035,1.4414990180551102
2023-12-21,-0.148704920367064,0.8931874910450461,-1.1124160271526575,1.5070929727064115,0.26515576169813543,0.9375164458566209,1.2877134512740773,1.4422479969673083
2023-12-22,-0.14910840879648904,0.8757108546590402,-1.1167995457151212,1.517470369957848,0.24430305361064308,0.9190193392106024,1.3367659366556,1.4429969758795063
2023-12-25,-0.16580927828727285,0.846999645912853,-1.1531462204622118,1.5070929727064115,0.2751650615801315,0.934243880834633,1.339763169023595,1.4452439126161005
2023-12-26,-0.16580927828727285,0.846999645912853,-1.13013274800928,1.5070929727064115,0.2751650615801315,0.9140393489597516,1.339763169023595,1.4459928915282987
2023-12-27,-0.15546162514244258,0.7870790694427952,-1.1715935277459113,1.4033190001920448,0.2751650615801315,0.9979877560455276,1.4043483703827873,1.4467418704404966
2023-12-28,-0.061605678446585266,0.8170398338804504,-1.1502238747539033,1.455205986449228,0.19467360836241143,0.9574364068600257,1.3825474136159783,1.4474908493526948
2023-12-29,-0.03672454964824755,0.8295230095268471,-1.175977046308375,1.4967155754549746,0.1383712965261818,0.9090593587089,1.3512085382636896,1.4482398282648927
2023-12-31,-0.08508988886823432,0.9381276852962764,-1.175977046308375,1.5693573562150316,0.07789844307245394,0.9208690498752045,1.3566587774553918,1.4497377860892888
2024-01-01,-0.08508988886823432,0.9381276852962764,-1.1672100091834485,1.5693573562150316,0.07789844307245394,0.9208690498752045,1.3566587774553918,1.450486765001487
2024-01-02,-0.08508988886823432,0.9381276852962764,-1.1672100091834485,1.5693573562150316,0.07789844307245394,0.8948308151350399,1.3566587774553918,1.451235743913685
2024-01-03,-0.09658388322331235,0.97058470390111,-1.1799952716572992,1.5278477672092847,0.11710153427694,0.8677965823447049,1.2743602987231664,1.451984722825883
2024-01-04,-0.13569858429485132,0.9655912431615008,-1.2097666685606958,1.6108669452207782,0.05913100579371132,0.8428966310904491,1.2964340335745221,1.4527337017380813
2024-01-05,-0.16794904944478425,0.9643435922805379,-1.245017463667171,1.6731313287293976,0.16422865455467248,0.7888281655097799,1.2967064790028673,1.4534826806502792
2024-01-08,-0.22475706343009177,0.9393762885824919,-1.2521406813311742,1.631621739723651,0.04578527261771593,0.794519582939324,1.2536494563259377,1.4557296173868735
2024-01-09,-0.21536831188281869,0.9843164828337222,-1.3021858515859623,1.6419991369750875,0.15004881305517756,0.7212425835339431,1.2531045654692485,1.4564785962990714
2024-01-10,-0.23496561665181914,0.9581015282547133,-1.280268258773646,1.6627539314779611,0.17048446698091982,0.753256806575129,1.240296303775027,1.4572275752112696
2024-01-11,-0.20346589647692936,0.9493632100617103,-1.2784417927059533,1.6004895479693413,0.24346894528714297,0.7468539619668915,1.2201306848906903,1.4579765541234675
2024-01-12,-0.21877872630952008,0.9630949889943224,-1.2455654034874792,1.5797347534664679,0.23012321211114814,0.695631205100994,1.308424293671306,1.4587255330356657
2024-01-14,-0.21110751352906462,1.0829351895291857,-1.238259539216707,1.6938861232322715,0.22470150800840033,0.7095751778033775,1.2520144510996685,1.4602234908600618
2024-01-15,-0.21110751352906462,1.0829351895291857,-1.238259539216707,1.6938861232322715,0.22470150800840033,0.7492728143744478,1.2520144510996685,1.46097246977226
2024-01-16,-0.21110751352906462,1.0829351895291857,-1.2309536749459349,1.6938861232322715,0.24096662031664437,0.7326254183930314,1.2520144510996685,1.4617214486844579
2024-01-17,-0.3024349985021456,1.0941697618893669,-1.262916831130563,1.7250183149865808,0.18800074177441345,0.6849597974205989,1.1882465860255103,1.462470427596656
2024-01-18,-0.25492300278204255,1.1054052866548008,-1.2601771320290234,1.7665279039923274,0.27808444071238075,0.7020340497092314,1.231848499559129,1.463219406508854
2024-01-19,-0.2665077573706339,1.0741968713361827,-1.272049161469028,1.7769053012437648,0.26432165337463526,0.7610825055407523,1.2533770108975937,1.4639683854210521
2024-01-22,-0.35331104200791696,1.0791903320757918,-1.2912270551798046,1.7353957122380181,0.30561001538787047,0.7283568553208731,1.2351188426678705,1.4662153221576462
2024-01-23,-0.32811422544083657,1.1153922081340193,-1.2693094623674883,1.7665279039923274,0.3197898568873654,0.7710424860424541,1.24574654296673,1.4669643010698443
2024-01-24,-0.28163413411481225,1.067954807310358,-1.2693094623674883,1.808037492998074,0.32437745266661366,0.9026565141006632,1.219040570521109,1.4677132799820425
2024-01-25,-0.19712254537374901,1.1091501441081946,-1.2799029655601075,1.7665279039923274,0.3318844275781106,0.8784679900251007,1.2272159293086617,1.4684622588942404
2024-01-26,-0.21774287581833265,1.0966669684617978,-1.2780764994924145,1.7769053012437648,0.3740068979148453,0.8542794659495374,1.2269434838803177,1.4692112378064386
2024-01-29,-0.2668885557416809,1.1141436048478037,-1.2879394162579567,1.7042635204837078,0.401115418428585,0.8926965335989607,1.249834222360506,1.4714581745430326
2024-01-30,-0.339329033425433,1.0879286502687948,-1.3578930666505995,1.6835087259808341,0.4073712308548329,0.9531678437878675,1.2670026088768487,1.4722071534552308
2024-01-31,-0.39047341153463516,1.0716996647637518,-1.3993538463872317,1.6108669452207782,0.35899294809185084,0.9467649991796301,1.313056863921773,1.4729561323674287
2024-02-01,-0.390074855726597,1.0442370593037802,-1.394970327824768,1.486338178203538,0.3264627234753628,0.8749108541316349,1.3255926801876488,1.473705111279627
2024-02-02,-0.4467536350315761,1.1528417350732094,-1.4150614545693916,1.6523765342265249,0.21552631644990375,0.8315137962313608,1.2795380924865245,1.474454090191825
2024-02-04,-0.44710977029568916,1.2190034231638394,-1.4499469564623282,1.7976600957466375,0.20551701656790708,0.7632167870768307,1.2511967821584322,1.4759520480162212
2024-02-05,-0.44710977029568916,1.2190034231638394,-1.4592619334075627,1.7976600957466375,0.20551701656790708,0.7632167870768307,1.2511967821584322,1.476701026928419
2024-02-06,-0.2872997430394717,1.185298753678043,-1.3637377580672172,1.7146409177351443,0.2538952993308891,0.7753110491146123,1.2751779676644035,1.4774500058406173
2024-02-07,-0.21154947640530478,1.167822117292037,-1.4316822957853983,1.7146409177351443,0.2839231989768786,0.7098597486748547,1.277085418319018,1.4781989847528152
2024-02-08,-0.1799264406957498,1.1815538962246492,-1.3904041626555357,1.7769053012437648,0.36024411057710043,0.6586369918089572,1.2689100595314653,1.4789479636650134
2024-02-09,-0.1366900411935597,1.1728155780316463,-1.4044679513767717,1.7976600957466375,0.38401619779684143,0.627334195946464,1.2561021304934452,1.4796969425772113
2024-02-12,-0.1366900411935597,1.1840501503918275,-1.3878471101607657,1.7976600957466375,0.39652782264933667,0.6856712245992915,1.2561021304934452,1.4819438793138056
2024-02-13,-0.1366900411935597,1.282668857087291,-1.3878471101607657,1.9429436572667504,0.43156037223632393,0.6636169820598081,1.2561021304934452,1.4826928582260037
2024-02-14,-0.1366900411935597,1.2527090450548883,-1.3878471101607657,1.9014340682610038,0.4186316932220786,0.6486770113072547,1.2561021304934452,1.4834418371382017
2024-02-15,-0.1366900411935597,1.2002791358968705,-1.3878471101607657,1.8703018765066943,0.4152952599280799,0.7283568553208731,1.2561021304934452,1.4841908160503998
2024-02-16,-0.1366900411935597,1.1977819293244396,-1.3878471101607657,1.932566260015314,0.43823323882432136,0.8421852039117564,1.2561021304934452,1.4849397949625978
2024-02-18,-0.1366900411935597,1.1728155780316463,-1.3878471101607657,1.9014340682610038,0.46492470517631157,0.8040527071338104,1.2561021304934452,1.4864377527869939
2024-02-19,-0.1366900411935597,1.1728155780316463,-1.396796793892461,1.9014340682610038,0.46492470517631157,0.7959424372967099,1.2561021304934452,1.487186731699192
2024-02-20,-0.1366900411935597,1.1728155780316463,-1.4351525813140142,1.9014340682610038,0.4340626972068231,0.8798908443824865,1.2561021304934452,1.48793571061139
2024-02-21,-0.09342009986594134,1.1640772598386433,-1.4378922804155538,1.9533210545181876,0.4336456430450731,0.8948308151350399,1.241931641657499,1.4886846895235881
2024-02-22,-0.05939093144399699,1.1578351958128186,-1.4535998885977137,1.963698451769624,0.4782704383523069,0.9318250284270767,1.2348460645833257,1.489433668435786
2024-02-23,-0.05108932965033315,1.1553389416456403,-1.4579834071601774,1.8910566710095673,0.4090394475018326,0.9097707858875933,1.286350891476153,1.4901826473479842
2024-02-26,-0.08088828197112063,1.1416071627130282,-1.4981656606494242,1.911811465512441,0.4019495267520851,0.8165738254788074,1.2588272500892959,1.4924295840845785
2024-02-27,-0.02178659904103868,1.1416071627130282,-1.4945127285140378,1.9429436572667504,0.393191389355338,0.8386280680182915,1.2738154078664772,1.4931785629967764
2024-02-28,-0.08845886927528893,1.1603324023852495,-1.5735987092451456,1.9014340682610038,0.4048689058843337,0.8379166408395982,1.2710902882706265,1.4939275419089746
2024-02-29,0.0022984046654998176,1.1828024995108646,-1.5737813558519151,1.8806792737581308,0.42530455981007603,0.8471651941626074,1.3056991740754553,1.4946765208211725
2024-03-01,0.030871107309575756,1.1453520201664218,-1.5189873738211241,1.8184148902495114,0.4357309138538222,0.8677965823447049,1.4179739683620443,1.4954254997333707
2024-03-04,0.03905038009285266,1.1416071627130282,-1.5555166951749846,1.8495470820038207,0.5091324463217953,0.8613937377364681,1.5019077849767397,1.497672436469965
2024-03-05,0.053460540211694316,1.1378623052596344,-1.6114065568463913,1.756150506740891,0.4774363300288068,0.8471651941626074,1.5449648076536682,1.498421415382163
2024-03-06,0.040894193967167126,1.0841837928154012,-1.706200145759659,1.7353957122380181,0.5095495004835454,0.8870051161694166,1.5907469499264482,1.499170394294361
2024-03-07,0.007349408965388574,1.0155248981523404,-1.6831866733067269,1.7146409177351443,0.43823323882432136,0.9595706883961049,1.611730237752022,1.499919373206559
2024-03-08,0.03578399821063985,1.0055379766731218,-1.6742369895750309,1.7146409177351443,0.41362704328108085,0.9104822130662865,1.6678679675515162,1.5006683521187572
2024-03-11,0.09457295294480951,1.0217669621781649,-1.633141503051938,1.7250183149865808,0.37817743953234356,0.9631278242895699,1.6784956678503746,1.5029152888553512
2024-03-12,0.10307975178815633,1.033001534538346,-1.5553340485682157,1.787282698495201,0.3873526310908401,0.9681078145404208,1.6182702586571045,1.5036642677675494
2024-03-13,0.08288264025854408,1.0117800406989466,-1.5827310395836112,1.8184148902495114,0.39944720178158594,1.1502331722858337,1.6591470525948715,1.5044132466797473
2024-03-14,0.07163823654562806,1.0829351895291857,-1.5646490255134502,1.9221888627638775,0.4916161715283017,1.129601784103736,1.625355835731277,1.5051622255919455
2024-03-15,0.08919639563340487,1.0916735077221886,-1.6057445120365432,1.9429436572667504,0.45950300107356373,1.2420072783372342,1.6098227870974064,1.5059112045041436
2024-03-18,0.13178366216111723,1.1103987473944101,-1.6557896822913314,1.9740758490210606,0.504544850542547,1.249832977302857,1.6190879275983396,1.5081581412407377
2024-03-19,0.09970879833254832,1.1391099561405973,-1.6786205081374945,1.932566260015314,0.5416626709382835,1.170864560467931,1.6070976675015547,1.5089071201529358
2024-03-20,0.1117434079915984,1.0891772535550104,-1.651223517122099,1.9014340682610038,0.4753510592200577,1.1381389102480526,1.611457459667476,1.5096560990651338
2024-03-21,0.10136023997278466,1.1628286565524277,-1.6694881777990296,1.9014340682610038,0.439901455471321,1.1480988907497558,1.678222889765829,1.510405077977332
2024-03-22,0.058624008279197434,1.2165071689966611,-1.6329588564451691,1.8495470820038207,0.4378161846625719,1.0755333185230673,1.6120030158365677,1.5111540568895299
2024-03-25,0.025684949183694603,1.1915408177038675,-1.6146941957682384,1.8806792737581308,0.49245027985180184,1.0876275805608484,1.6575123800248008,1.5134009936261241
2024-03-26,0.03993233279677832,1.1990305326106552,-1.6103106772057756,1.8703018765066943,0.4811898174845556,1.0769561728804526,1.6596926087639623,1.5141499725383223
2024-03-27,-0.023294994661064074,1.2065202475174426,-1.6649220126297972,1.8287922875009477,0.44073556379482054,1.0897618620969276,1.7005694027017304,1.5148989514505202
2024-03-28,0.0110764976851109,1.2314875512154888,-1.6375250216144015,1.8287922875009477,0.4920332256900518,1.1004332697773231,1.7736020756206208,1.5156479303627184
2024-03-29,0.11372040264335187,1.2901585719940785,-1.6603558474605646,1.963698451769624,0.5529231333055291,1.081224735952611,1.825652126026338,1.5163969092749163
2024-04-01,0.11372040264335187,1.2901585719940785,-1.627296811635321,1.963698451769624,0.5529231333055291,1.1594817256088428,1.825652126026338,1.5186438460115106
2024-04-02,0.0962362328763743,1.2651922207012851,-1.6556070356845625,1.9948306435239342,0.5529231333055291,1.1914959486500298,1.8924175561246919,1.5193928249237085
2024-04-03,0.0831736649203541,1.194037071871046,-1.6720452302937996,1.9948306435239342,0.6767882193452335,1.3650841802511267,1.9834362845011602,1.5201418038359067
2024-04-04,0.0417356991757224,1.1778090387712554,-1.6537805696168697,1.9429436572667504,0.6651107028162377,1.4433411699073586,2.0850833784888896,1.5208907827481049
2024-04-05,0.0417356991757224,1.2002791358968705,-1.6537805696168697,2.0259628352782437,0.7689571890919499,1.4248440632613402,2.0850833784888896,1.5216397616603028
2024-04-07,0.0417356991757224,1.1803052929384337,-1.6537805696168697,2.057095027032554,0.7239153396229665,1.4746439657698518,2.0850833784888896,1.523137719484699
2024-04-08,0.0417356991757224,1.1803052929384337,-1.6747849293953392,2.057095027032554,0.7239153396229665,1.4746439657698518,2.0850833784888896,1.523886698396897
2024-04-09,0.0471290273998424,1.1815538962246492,-1.6784378615307256,1.9948306435239342,0.74059750609296,1.4846039462715537,2.117239922782413,1.524635677309095
2024-04-10,0.008818343614320589,1.3188707331455183,-1.6473879383799437,2.1920011913012303,0.7172424730349686,1.4760668201272371,2.079361026525042,1.5253846562212932
2024-04-11,0.011784822116228416,1.322615590598912,-1.6554243890777929,2.2023785885526665,0.7139060397409699,1.4440525970860512,2.1480339072780112,1.526133635133491
2024-04-12,-0.016902317344017762,1.4174894398409819,-1.6720452302937996,2.140114205044047,0.7818858681061952,1.4575697134812187,2.1518488085872423,1.5268826140456893
2024-04-15,0.055642731913130135,1.4387109336803816,-1.6791684479578028,2.2750203693127236,0.6867975192272302,1.6233322461166928,2.178010222832374,1.5291295507822835
2024-04-16,-0.008972635202904115,1.444952997706206,-1.6928669434655002,2.31652995831847,0.7055649565059734,1.5208867323848978,2.246138212728653,1.5298785296944815
2024-04-17,0.06815284627385045,1.406253915075548,-1.7138713032439696,2.2335107803069767,0.6325804781997503,1.5657066446425585,2.194088162322935,1.5306275086066796
2024-04-18,0.06906932732748258,1.431221218773594,-1.7268392123245906,2.28539776656416,0.5825339787897685,1.7101263619172413,2.222974696163918,1.5313764875188776
2024-04-19,0.03946669333788189,1.431221218773594,-1.7262912725042825,2.2646429720612873,0.5666859206432739,1.796209050539097,2.266848722469681,1.5321254664310757
2024-04-22,0.019797372296636244,1.422482900580591,-1.745469166215059,2.2646429720612873,0.5391603459677843,1.7670405362126829,2.086445938286814,1.5343724031676698
2024-04-23,-0.014525780359948554,1.373797848875967,-1.777432322399687,2.2542655748098506,0.5804487079810194,1.7044349444876965,2.0741829001054843,1.535121382079868
2024-04-24,0.011915043320834526,1.3950193427153668,-1.692136357038423,2.2957751638155974,0.6108936617887578,1.7428520121371198,2.06546265046124,1.535870360992066
2024-04-25,0.01899927415628362,1.3625623241105331,-1.7131407168168924,2.3476621500727806,0.5725246789077719,1.8211090017933529,2.0799059173817325,1.536619339904264
2024-04-26,0.08644892552106372,1.405006264194585,-1.6269315184217823,2.31652995831847,0.6496796988314938,1.874466040195329,2.093531515360988,1.5373683188164622
2024-04-28,0.14165383755572325,1.3600660699433549,-1.597708061338694,2.2750203693127236,0.5867045204072668,2.0274228836143284,2.122417383889569,1.5388662766408583
2024-04-29,0.14165383755572325,1.3600660699433549,-1.5454711318026728,2.2750203693127236,0.5867045204072668,2.0274228836143284,2.122417383889569,1.5396152555530562
2024-04-30,0.11449383767677244,1.439959536966597,-1.637159728400863,2.337284752821344,0.5779463830105203,1.8680631955870914,1.9752609257136073,1.5403642344652544
2024-05-01,0.18276033114317514,1.38253616706897,-1.6274794582420897,2.2750203693127236,0.38276503531159184,1.8417403899754505,2.0575600697582335,1.5411132133774523
2024-05-02,0.18276033114317514,1.325112797171343,-1.6274794582420897,2.2231333830555404,0.4353138596920727,1.7542348469962081,2.0575600697582335,1.5418621922896505
2024-05-03,0.18276033114317514,1.291407175280294,-1.6274794582420897,2.140114205044047,0.38485030612034093,1.857391787906697,2.0575600697582335,1.5426111712018484
2024-05-06,0.18276033114317514,1.293904381852725,-1.6274794582420897,2.129736807792611,0.3468983774011051,1.9399173406350871,2.0575600697582335,1.5448581079384427
2024-05-07,0.1849908625341999,1.3388445761039551,-1.6612690804944106,2.108982013289737,0.3468983774011051,1.9264002242399196,2.0401189051573447,1.5456070868506409
2024-05-08,0.1428080709601902,1.356321212489961,-1.6504929306950218,2.119359410541174,0.3364720233573589,1.8367603997245996,2.0357591129914234,1.5463560657628388
2024-05-09,0.19265615616899143,1.31637447897834,-1.6083015645313132,2.088227218786864,0.3710875187825961,1.8972317099135056,2.0861738255146696,1.547105044675037
2024-05-10,0.18661073539756265,1.326360448052306,-1.6199909473645489,2.140114205044047,0.3760921687235944,2.0075029226109233,2.182097902226151,1.547854023587235
2024-05-11,0.17474778096276547,1.3151258756921247,-1.5763384083466851,2.119359410541174,0.3673340313268479,2.154768348600379,2.097074303898075,1.548603002499433
2024-05-13,0.17474778096276547,1.3151258756921247,-1.6605384940673336,2.119359410541174,0.3673340313268479,2.154768348600379,2.097074303898075,1.5501009603238292
2024-05-14,0.16688814204534116,1.2889109211131158,-1.6535979230101,2.088227218786864,0.2764162240653811,2.338316560703178,2.1442183406563786,1.550849939236027
2024-05-15,0.13256005676737007,1.2065202475174426,-1.6386209012550172,1.9948306435239342,0.2338766995668969,2.380290764246067,2.240415195452405,1.5515989181482253
2024-05-16,0.14219346633541766,1.2202520264500547,-1.6154247821953156,2.015585438026807,0.3035247445791214,2.3127051822702294,2.21670678803098,1.5523478970604234
2024-05-17,0.18873373564235935,1.2190034231638394,-1.628210044669167,2.057095027032554,0.3281309401223618,2.5588589860980147,2.304455505954908,1.5530968759726214
2024-05-20,0.2074175189305599,1.233983805382667,-1.6230959396796263,2.0778498215354277,0.314368152784617,2.6001217624622095,2.363590468122397,1.5553438127092156
2024-05-21,0.18319834792230602,1.245219330148101,-1.616520661835932,2.0467176297811176,0.2855914156238777,2.638538830111633,2.330344142115493,1.5560927916214136
2024-05-22,0.18812603668752897,1.2801726029201128,-1.6198083007577793,2.06747242428399,0.23054026627289823,2.272153833084727,2.241777755250331,1.5568417705336117
2024-05-23,0.13044790828962297,1.3013940967595123,-1.6307670971639376,2.108982013289737,0.20343174575915796,2.1924739890711096,2.0940764062176775,1.5575907494458097
2024-05-24,0.0847955108322715,1.2527090450548883,-1.6177991880833167,2.0986046160383003,0.1896689584214131,2.136982669133053,2.08726360722805,1.5583397283580078
2024-05-26,0.09171400558913038,1.2389772661222762,-1.6269315184217823,2.181623794049794,0.290596065564876,2.156475773829242,2.149123688991391,1.559837686182404
2024-05-27,0.09171400558913038,1.2389772661222762,-1.6269315184217823,2.181623794049794,0.290596065564876,2.2361556178428605,2.149123688991391,1.560586665094602
2024-05-28,0.09171400558913038,1.2389772661222762,-1.6433697130310194,2.181623794049794,0.290596065564876,2.2814023864077373,2.149123688991391,1.5613356440068
2024-05-29,0.10059075103647337,1.300145493473297,-1.6831866733067269,2.2542655748098506,0.2972689321528734,2.190339707535031,2.1085196731381695,1.5620846229189982
2024-05-30,0.08022790342827091,1.2527090450548883,-1.674054342968262,2.1920011913012303,0.29393249885887474,2.0032343595387663,2.1156045848999416,1.5628336018311961
2024-05-31,0.06518538124766561,1.2464669810290636,-1.6557896822913314,2.1504916022954834,0.21010461234715536,1.923554515525148,2.0611021929829185,1.5635825807433943
2024-06-03,0.0722380433062405,1.1803052929384337,-1.669122884585491,2.0467176297811176,0.08665658046920105,2.0117714856830817,2.1256880596545122,1.5658295174799883
2024-06-04,0.10997062386525151,1.17656043548504,-1.6689402379787213,1.963698451769624,0.039946514353218054,1.8296461279376681,2.068187770057092,1.5665784963921865
2024-06-05,0.08161890265929442,1.1965333260382243,-1.6773419818901092,1.9221888627638775,0.043282947647216755,1.8993659914495848,2.1461264566233957,1.5673274753043847
2024-06-06,0.07202988668372588,1.1753118321988245,-1.6736890497547234,1.911811465512441,0.13545191739393317,2.013905767219161,2.190273261013704,1.5680764542165826
2024-06-07,0.0502148753393049,1.273930538894288,-1.6727758167208766,2.06747242428399,0.15630462548142549,1.7435634393158137,2.0128677091988325,1.5688254331287808
2024-06-10,0.0235412319290733,1.3063875574991217,-1.6804469742051873,2.108982013289737,0.21761158725865287,1.8324918366524412,2.019135617331771,1.5710723698653748
2024-06-11,0.0235412319290733,1.31637447897834,-1.6804469742051873,2.0259628352782437,0.24096662031664437,1.7670405362126829,2.019135617331771,1.571821348777573
2024-06-12,0.028055567022098663,1.2439707268618854,-1.6861090190150363,1.9429436572667504,0.2563976243013883,1.854546079191924,2.0968015258135293,1.572570327689771
2024-06-13,0.00394787325718152,1.3126286691196936,-1.701086040770119,1.8703018765066943,0.29476660718237424,1.7364491675288836,1.9992421112195766,1.573319306601969
2024-06-14,0.017393212632802718,1.356321212489961,-1.7230036335824352,1.8287922875009477,0.29685187799112334,1.7343148859928046,2.0842657095476524,1.5740682855141672
2024-06-17,0.015681593011649612,1.3276090513385213,-1.7136886566372007,1.911811465512441,0.33688907751910896,1.6731321486252044,2.032488437226481,1.5763152222507613
2024-06-18,0.028973034600008427,1.3201193364317338,-1.7268392123245906,1.8495470820038207,0.4344797513685732,1.700877808594232,2.081540589951802,1.5770642011629594
2024-06-19,-0.035578208437999775,1.3613137208243178,-1.7465650458556747,1.8806792737581308,0.4699293551173099,1.77956165455768,2.14530878768216,1.5778131800751574
2024-06-20,-0.035578208437999775,1.3613137208243178,-1.7436427001473662,1.8806792737581308,0.48160687164630567,1.806169031040799,2.14530878768216,1.5785621589873555
2024-06-21,-0.04138291728576211,1.3875296278085791,-1.7206292276944342,1.8806792737581308,0.502459579733798,1.671709294267818,2.0433889156098863,1.5793111378995535
2024-06-24,-0.0755077785626061,1.3463342910107428,-1.7425468205067505,1.8806792737581308,0.5162223670715428,1.6695750127317388,2.0804508082384214,1.5815580746361477
2024-06-25,-0.09994793100898004,1.3638109273967487,-1.76099412779045,1.859924479255258,0.518724692042042,1.5849151784672695,2.0439344717789774,1.5823070535483459
2024-06-26,-0.06293354012386035,1.4187380431271974,-1.7838249536366124,1.9533210545181876,0.47493400505830824,1.5820694697524977,1.996516991623726,1.5830560324605438
2024-06-27,-0.10563622999201874,1.4012614067411915,-1.8101260650113922,1.9221888627638775,0.526648721115289,1.5607266543917064,2.06546265046124,1.583805011372742
2024-06-28,-0.09204093892624504,1.396267946001582,-1.814326936967086,1.9948306435239342,0.5374921293207852,1.6219093917593064,2.0741829001054843,1.58455399028494
2024-07-01,-0.06922361891606549,1.400012803454976,-1.7361541892698245,2.119359410541174,0.5087153921600454,1.659615032230037,2.073910787333339,1.5868009270215342
2024-07-02,-0.085785388483747,1.3775427063293608,-1.7575238422618333,2.06747242428399,0.5800316538192694,1.6610378865874222,2.0613749710674645,1.5875499059337321
2024-07-03,-0.09790582575492415,1.3375959728177398,-1.747112985675983,1.9948306435239342,0.5787804913340198,1.8239547105081246,2.1616595052572674,1.5882988848459303
2024-07-04,-0.12934043532751086,1.2726819356080725,-1.733231843561516,1.911811465512441,0.5825339787897685,1.8630832053362405,2.2398703045957147,1.5890478637581282
2024-07-05,-0.12934043532751086,1.2726819356080725,-1.687204898655652,1.911811465512441,0.5958797119657634,1.9925629518583705,2.2398703045957147,1.5897968426703264
2024-07-08,-0.16868401003138844,1.2889109211131158,-1.6598079076402563,1.911811465512441,0.5329045335415369,1.9441859037072455,2.149123688991391,1.5920437794069207
2024-07-09,-0.11762447301003574,1.302642700045728,-1.6974331086347325,1.932566260015314,0.5049619047042971,1.8865603022331099,2.1624771741985023,1.5927927583191186
2024-07-10,-0.1291460900448787,1.293904381852725,-1.6957892891738087,1.911811465512441,0.5078812838365457,1.930668787312078,2.195450722120861,1.5935417372313168
2024-07-11,-0.07206974145613916,1.2177557722828765,-1.7065654389731975,1.8287922875009477,0.5053789588660466,1.7855376428587013,2.3120859738857718,1.5942907161435147
2024-07-12,-0.06942980249002548,1.1740632289126092,-1.7146018896710467,1.808037492998074,0.5412456167765334,1.908614544772594,2.30936085428992,1.5950396950557129
2024-07-15,-0.07595072796312387,1.1865473569642584,-1.7261086258975127,1.859924479255258,0.502459579733798,1.8139947300064228,2.3336141525680345,1.5972866317923071
2024-07-16,-0.05136950254509237,1.1965333260382243,-1.7129580702101235,1.7976600957466375,0.509966554645295,1.7044349444876965,2.4412563766041555,1.598035610704505
2024-07-17,-0.05860960421635849,1.1316202412338097,-1.7156977693116633,1.787282698495201,0.47493400505830824,1.6460979158348696,2.4205458668631277,1.5987845896167032
2024-07-18,-0.03683405384303089,1.1840501503918275,-1.701999273803965,1.8287922875009477,0.4957867131458006,1.4625497037320696,2.4123705080755746,1.5995335685289012
2024-07-19,-0.02184677702195545,1.2127623115432673,-1.7127754236033539,1.8806792737581308,0.4511619178385667,1.401366966364471,2.258946141766674,1.6002825474410993
2024-07-22,-0.043030412828890405,1.2015267867778334,-1.7407203544390568,1.8910566710095673,0.37817743953234356,1.3458756464264146,2.249408223181194,1.6025294841776934
2024-07-23,-0.13907052427473757,1.2190034231638394,-1.76610823277999,1.8806792737581308,0.3264627234753628,1.2932300352031312,2.2837449962138794,1.6032784630898915
2024-07-24,-0.16828150812624107,1.211513708257052,-1.7553320829806012,1.911811465512441,0.36024411057710043,1.2199530357977502,2.3074534036353045,1.6040274420020895
2024-07-25,-0.18870847981246958,1.2077688508036581,-1.7942358102224627,1.9014340682610038,0.34231078162185674,1.2434301326946195,2.140130661262602,1.6047764209142876
2024-07-26,-0.1657767229861204,1.202775390064049,-1.8351486501387866,1.8287922875009477,0.29101311972662547,1.2412958511585404,2.21670678803098,1.6055253998264858
2024-07-29,-0.18962101476899243,1.2327352020964515,-1.9027278946434283,1.7976600957466375,0.2739138990948819,1.1850931040417925,2.2093490981846617,1.6077723365630798
2024-07-30,-0.21192238258213322,1.2314875512154888,-1.9198966756797424,1.7769053012437648,0.203848799920908,1.2043016378665035,2.2848347779272586,1.608521315475278
2024-07-31,-0.11755245673779115,1.1753118321988245,-1.9173396231849726,1.7146409177351443,0.29268133637362514,1.3316471028525543,2.3434248492380596,1.609270294387476
2024-08-01,-0.14430995471159455,1.2152585657104455,-1.9533210047185248,1.6108669452207782,0.2918472280501256,1.2000330747943453,2.366588365802794,1.610019273299674
2024-08-02,-0.18760159957331454,1.0642099498569644,-1.9569739368539112,1.4136963974434813,0.16589687120167154,1.2284901619420667,2.341244620498898,1.610768252211872
2024-08-05,-0.2440416400031818,0.9992968650525498,-1.9388919227837502,1.392941602940608,0.13086432161468486,1.0798018815952257,2.2758417501984707,1.6130151889484663
2024-08-06,-0.2338636690340504,1.0342501378245617,-1.9178875630052807,1.517470369957848,0.09374650121894851,1.1160846677085685,2.241505642478186,1.6137641678606645
2024-08-07,-0.23559107304364124,1.0629613465707488,-1.9319513517265168,1.5797347534664679,0.16214338374592335,1.012927726798081,2.245320543787417,1.6145131467728624
2024-08-08,-0.23686368936138708,1.0642099498569644,-1.859623295445873,1.6108669452207782,0.26640692418338496,1.0221762801210907,2.331706701913419,1.6152621256850606
2024-08-09,-0.2518174243570337,1.0554716316639614,-1.8274774926544761,1.5589799589635946,0.27933560319762973,1.0677076195574435,2.358685785099786,1.6160111045972585
2024-08-12,-0.25834032287868547,1.0554716316639614,-1.7321359639209002,1.517470369957848,0.3623293813858496,1.171575987646625,2.4412563766041555,1.6182580413338528
2024-08-13,-0.24840602340605406,0.9830678795475067,-1.778345555433534,1.4655833837006649,0.33939140248960814,1.1445417548562902,2.452974523928796,1.6190070202460507
2024-08-14,-0.28255949388693996,0.9843164828337222,-1.8311304247898617,1.4448285891977914,0.32437745266661366,1.13031321128243,2.3785786258995785,1.6197559991582489
2024-08-15,-0.24648526063810808,1.0354987411107772,-1.8157881098212403,1.5382251644607212,0.36358054387109917,1.2825586275227354,2.4159132966126604,1.620504978070447
2024-08-16,-0.24626230615143274,0.97058470390111,-1.8289386655086304,1.5070929727064115,0.2997712571233726,1.276867210093192,2.539906238223889,1.621253956982645
2024-08-19,-0.23507512084660248,0.8994295550708709,-1.8585274158052572,1.4759607809521014,0.28016971152112985,1.333069957209941,2.548626487868133,1.6235008937192392
2024-08-20,-0.2682736358270405,0.8432547884594593,-1.8778879561228037,1.4344511919463547,0.18674957928916386,1.3039014428835267,2.574515124028718,1.6242498726314372
2024-08-21,-0.27808067366789807,0.7933211334686198,-1.8851938203935756,1.4033190001920448,0.18341314599516514,1.3451642192477218,2.56661187801331,1.6249988515436353
2024-08-22,-0.2939331322801857,0.8519931066524622,-1.901266721789274,1.4759607809521014,0.18466430848041474,1.2846929090588146,2.4862208499357004,1.6257478304558333
2024-08-23,-0.27962261111335296,0.7533743999569987,-1.9076593530261994,1.4240737946949182,0.24889064938989136,1.3650841802511267,2.56661187801331,1.6264968093680314
2024-08-26,-0.2801069945335175,0.7696024330567892,-1.8928649778778863,1.4344511919463547,0.29768598631462345,1.3992326848283918,2.591955623317206,1.6287437461046257
2024-08-27,-0.30492893187521547,0.7321529061175991,-1.8426371610163277,1.4448285891977914,0.29768598631462345,1.4312469078695778,2.5873230530667386,1.6294927250168236
2024-08-28,-0.32138119724811426,0.7995622450891918,-1.8846458805732673,1.455205986449228,0.2363790245373961,1.3103042874917643,2.5464462591289716,1.6302417039290218
2024-08-29,-0.31652355170658064,0.8307706604078099,-1.8791664823701881,1.486338178203538,0.2993542029616225,1.347298500783801,2.6137565800840146,1.6309906828412197
2024-08-30,-0.2611923645644237,0.8757108546590402,-1.8789838357634192,1.5278477672092847,0.2430518911253935,1.3337813843886335,2.526825531101323,1.631739661753418
2024-09-01,-0.31171029975752734,0.8919398401640833,-1.9240975476354365,1.455205986449228,0.1437930006289296,1.3761824442387374,2.516197165490063,1.633237619577814
2024-09-02,-0.31171029975752734,0.8919398401640833,-1.9240975476354365,1.455205986449228,0.1437930006289296,1.3262402562944875,2.516197165490063,1.633986598490012
2024-09-03,-0.31171029975752734,0.8919398401640833,-1.9286637128046689,1.455205986449228,0.08707363463095051,1.166595997395774,2.516197165490063,1.63473557740221
2024-09-04,-0.33471900547750677,0.8332678669802409,-1.9461977870545224,1.3825642056891716,0.012420939677728324,1.147387463571062,2.525735084075542,1.6354845563144083
2024-09-05,-0.3261865570029491,0.8020594516616227,-1.945832493840984,1.341054616683425,0.004079856442731276,1.2292015891207593,2.574787236800863,1.6362335352266062
2024-09-06,-0.3637040752695039,0.8107977698546257,-1.936700163502519,1.3306772194319885,-0.06473408024599363,1.1395617646054392,2.526007862160088,1.6369825141388044
2024-09-09,-0.4047237547205511,0.8569865673920715,-1.958800402921604,1.3099224249291153,-0.08350151752473625,1.239872996801155,2.548626487868133,1.6392294508753984
2024-09-10,-0.40025085364717317,0.8669725364660372,-1.9814485821609975,1.2580354386719317,-0.16816351235995514,1.1737102691827042,2.577240243624569,1.6399784297875966
2024-09-11,-0.4019437293070575,0.873214600491862,-1.9995305962311585,1.2580354386719317,-0.16941467484520473,1.2356044337289969,2.57669535276788,1.6407274086997945
2024-09-12,-0.4192789339081596,0.8345164702664564,-2.0079323401425464,1.2891676304262418,-0.023445718232758452,1.3095928603130704,2.683247129778219,1.6414763876119927
2024-09-13,-0.43956877871983985,0.8020594516616227,-2.0579775103973352,1.2684128359233686,-0.028867422335506265,1.3679298889658986,2.7652734957383,1.6422253665241906
2024-09-14,-0.42579492675987046,0.7583678606966079,-2.1125888458213566,1.2372806441690583,-0.01718990580651111,1.4212869273678745,2.7363869618973164,1.6429743454363888
2024-09-16,-0.42579492675987046,0.7583678606966079,-2.116607071170282,1.2372806441690583,-0.01718990580651111,1.4212869273678745,2.7363869618973164,1.6444723032607849
2024-09-17,-0.42579492675987046,0.7745958937963984,-2.116607071170282,1.2580354386719317,0.007416289736729977,1.4198640730104892,2.7363869618973164,1.645221282172983
2024-09-18,-0.42579492675987046,0.738394017738171,-2.116607071170282,1.3099224249291153,0.00616512725148039,1.4533011504090605,2.7363869618973164,1.645970261085181
2024-09-19,-0.3948437140831719,0.7396426210243865,-2.108022680652124,1.341054616683425,0.0649697640582092,1.5215981595635906,2.783531663968022,1.6467192399973791
2024-09-20,-0.39408211734107856,0.7533743999569987,-2.111492966180741,1.341054616683425,0.0662209265434582,1.5144838877766604,2.8704627129507134,1.647468218909577
2024-09-23,-0.3855832106919503,0.7783407512497922,-2.120625296519206,1.3618094111862982,0.024098456206724073,1.5194638780275114,2.8884487684082933,1.6497151556461713
2024-09-24,-0.22833913308104792,0.7096828089919839,-2.057246923970258,1.351432013934862,0.038278297706218996,1.7222206239550222,2.955759089363335,1.6504641345583695
2024-09-25,-0.17684157928056432,0.7783407512497922,-2.110397086540125,1.4033190001920448,0.04286589348546729,1.7200863424189432,2.977560046130145,1.6512131134705674
2024-09-26,-0.012635599844599778,0.7334005569985619,-2.0464707741708694,1.4033190001920448,-0.05472478036399694,1.9328030688481572,3.0067186927432723,1.6519620923827656
2024-09-27,0.17947915139680162,0.7159239206125559,-1.8771573696957256,1.3618094111862982,-0.11436352549422528,1.917863098095603,2.9369560302769226,1.6527110712949635
2024-09-29,0.5606020889303192,0.7608641148637862,-1.727387152144898,1.4240737946949182,-0.08433562584823637,1.8517003704771522,2.9146101826534236,1.6542090291193596
2024-09-30,0.5606020889303192,0.7608641148637862,-1.912956104622509,1.4240737946949182,-0.08433562584823637,1.8517003704771522,2.9146101826534236,1.6549580080315578
2024-10-01,0.8530138038742126,0.8120463731408412,-1.838070995847095,1.351432013934862,0.038695351867968464,1.9029231273430505,2.857109893056004,1.6557069869437557
2024-10-02,0.8530138038742126,0.873214600491862,-1.838070995847095,1.4033190001920448,0.020344968750975315,1.9882943887862123,2.857109893056004,1.656455965855954
2024-10-03,0.8530138038742126,0.9119127307172675,-1.838070995847095,1.4655833837006649,0.13336664658518346,1.8517003704771522,2.857109893056004,1.6572049447681518
2024-10-04,0.8530138038742126,0.9780744188078975,-1.838070995847095,1.6004895479693413,0.20635112489140658,1.881580311982259,2.857109893056004,1.65795392368035
2024-10-07,0.8530138038742126,0.9805716253803284,-1.838070995847095,1.6523765342265249,0.30727823203486954,1.8709089043018632,2.857109893056004,1.6602008604169443
2024-10-08,0.8530138038742126,0.9818202286665438,-1.838070995847095,1.6627539314779611,0.15922400461367414,1.7143949249893995,2.857109893056004,1.6609498393291422
2024-10-09,0.5073771311202447,1.0292566770849525,-1.8687556257843378,1.6835087259808341,0.11209688433594166,1.6332922266183947,2.8325838166933437,1.6616988182413404
2024-10-10,0.5370626331491396,1.03674639199174,-1.9270198933437457,1.7146409177351443,0.211772828994155,1.6731321486252044,2.8723708289177314,1.6624477971535383
2024-10-11,0.39445462971658585,1.0242632163453431,-1.935969577075441,1.7042635204837078,0.24597127025764212,1.7670405362126829,2.9732002539642237,1.6631967760657365
2024-10-12,0.48627932292543685,1.0754454746223983,-1.9270198933437457,1.6523765342265249,0.17090152114266988,1.6425407799414038,2.946493948862402,1.6639457549779344
2024-10-14,0.48627932292543685,1.0754454746223983,-1.9403530956379045,1.6523765342265249,0.17090152114266988,1.6425407799414038,2.946493948862402,1.6654437128023305
2024-10-15,0.3738273936020607,1.0704520138827889,-1.961174808809605,1.6523765342265249,-0.028867422335506265,1.545075256460461,2.9835551761785375,1.6661926917145287
2024-10-16,0.3435943705992516,1.1116463982753728,-1.9471110200883683,1.6419991369750875,-0.030118584820755852,1.5877608871820414,3.0178919492112226,1.6669416706267268
2024-10-17,0.29785417248121904,1.1416071627130282,-1.9922247319603863,1.7146409177351443,-9.06851747669521e-05,1.5272895769931352,3.064218982340693,1.6676906495389248
2024-10-18,0.4584307291009149,1.0991632226289763,-1.969393906114224,1.7042635204837078,-0.06765345937824227,1.6119494112576045,3.126079064104034,1.668439628451123
2024-10-21,0.49101365293230465,1.1640772598386433,-1.9690286129006846,1.8184148902495114,-0.045132534643750305,1.576378052322953,3.1516955874924752,1.670686565187717
2024-10-22,0.5211677539929283,1.1728155780316463,-1.9239149010286676,1.8287922875009477,0.05078992255871428,1.6062579938280597,3.209195211777494,1.6714355440999151
2024-10-23,0.540243187419226,1.2165071689966611,-1.905467593744968,1.8703018765066943,0.012837993839478385,1.5436524021030744,3.1279865147586494,1.672184523012113
2024-10-24,0.48744638114550864,1.1703183714592154,-1.8868376398544988,1.8391696847523842,-0.004261226792265773,1.5649952174638646,3.1838514664735977,1.6729335019243112
2024-10-25,0.5320155749463601,1.1952856751572614,-1.9091205258803536,1.8806792737581308,0.05204108504396386,1.5920294502541996,3.200202184048705,1.6736824808365094
2024-10-28,0.5506677894576871,1.202775390064049,-1.894874090552348,1.911811465512441,-0.10435422561222858,1.5806466153951113,3.2056524232404073,1.6759294175731034
2024-10-29,0.505077543029807,1.1977819293244396,-1.8983443760809648,1.911811465512441,-0.13688445022871665,1.5778009066803396,3.2751429729346127,1.6766783964853016
2024-10-30,0.48078142312792105,1.1615800532662124,-1.8985270226877344,1.9221888627638775,-0.048468967937749595,1.5770894795016468,3.329918142936181,1.6774273753974995
2024-10-31,0.4914457505657722,1.1603324023852495,-1.9206272621068197,1.911811465512441,-0.04680075129074995,1.5649952174638646,3.1931172722869334,1.6781763543096977
2024-11-01,0.474341392645564,1.1977819293244396,-1.933412524580671,2.0052080407753707,-0.03095269314425597,1.6083922753641389,3.1939349412281683,1.6789253332218956
2024-11-04,0.5411784124341275,1.1490968776198156,-1.9573392300674497,1.9429436572667504,0.021596131236224902,1.6873606921990647,3.187122142238541,1.68117226995849
2024-11-05,0.6640598764173504,1.0904249044359733,-1.988206506611462,1.8910566710095673,0.10876045104194296,1.7492548567453572,3.1985675114786356,1.681921248870688
2024-11-06,0.6501114096602947,1.2988968901870814,-1.9648277409449908,2.057095027032554,0.08957595960144969,1.4340926165843495,3.000451449922736,1.682670227782886
2024-11-07,0.7662085461883761,1.2264940904758794,-1.9865626871505382,1.9429436572667504,0.05662868082321215,1.6909178280925303,3.0843846012250307,1.6834192066950842
2024-11-08,0.7342234560690442,1.2876623178269002,-1.9953297242754646,1.932566260015314,-0.013853472512511816,1.518041023670126,3.054681063755214,1.684168185607282
2024-11-11,0.7865556094081414,1.3550726092037457,-2.022178775470552,2.06747242428399,-0.09100849243623377,1.4106155196874801,2.84675430552929,1.6864151223438764
2024-11-12,0.7357052155335816,1.414992233268551,-2.057064277363488,2.06747242428399,-0.07557748845148926,1.2839814818801218,2.8162330991182363,1.6871641012560743
2024-11-13,0.7570082207780712,1.4724165555714306,-2.030215226168401,2.0778498215354277,-0.063065863598994,1.2099930552960483,2.7639109359403746,1.6879130801682725
2024-11-14,0.6541088060320043,1.4961343035780086,-2.042635195428714,2.06747242428399,-0.04096199302625207,1.2142616183682067,2.729574162907689,1.6886620590804706
2024-11-15,0.5635567291408992,1.4986315101504395,-2.017064670481011,2.06747242428399,-0.038459668055752905,1.1729988420040103,2.7227613639180617,1.6894110379926686
2024-11-18,0.5243798770398882,1.4474492518733846,-1.9861973939369997,2.057095027032554,-0.0009247934982670718,1.2548129675537079,2.845119632959219,1.6916579747292628
2024-11-19,0.5684844179061221,1.4387109336803816,-2.0172473170877807,2.0259628352782437,-0.0021759559835166586,1.2825586275227354,2.890084106290763,1.6924069536414608
2024-11-20,0.5911360018377109,1.497382906864224,-2.003000881759775,2.0467176297811176,-0.001758901821766599,1.298210025453982,2.9475837305757824,1.693155932553659
2024-11-21,0.5920366985029065,1.5335847829224514,-2.0362425641917885,2.06747242428399,0.02993721447122195,1.2612158121619452,3.0127144881040655,1.6939049114658569
2024-11-22,0.4438577924763147,1.5984978677268658,-2.0382516768662504,2.0467176297811176,0.07205968480795606,1.2099930552960483,3.1157234765773185,1.694653890378055
2024-11-25,0.42234663060931044,1.5148595432502299,-2.065648667881646,1.9014340682610038,-0.004261226792265773,1.2377387152650758,2.862015241391016,1.6969008271146493
2024-11-26,0.4027345279761493,1.5385782436620605,-2.0702148330508785,1.932566260015314,0.007833343898480036,1.171575987646625,2.871553159976495,1.6976498060268472
2024-11-27,0.48512015689958365,1.422482900580591,-2.0892100801548863,1.8806792737581308,-0.019275176615260223,1.2313358706568385,2.9249651048677374,1.6983987849390454
2024-11-28,0.4968538766540511,1.380038960496539,-2.1346890852404417,1.808037492998074,-0.018858122453510165,1.2391615696224612,2.9715649160817534,1.6991477638512433
2024-11-29,0.4968538766540511,1.380038960496539,-2.1525884527038337,1.808037492998074,-0.008848822571514061,1.2391615696224612,2.9715649160817534,1.6998967427634415
2024-12-02,0.5449933018145309,1.468670745712784,-2.224916508984477,1.8184148902495114,-0.0651511344077431,1.2263558804059875,2.9113395068884813,1.7021436795000355
2024-12-03,0.542862409375515,1.4586847766388185,-2.2110353668700107,1.859924479255258,0.01784264378047614,1.327378539780396,2.9380458119903032,1.7028926584122337
2024-12-04,0.5122466149531055,1.454938966780172,-2.261080537124799,1.8184148902495114,0.012837993839478385,1.325244258244317,2.9628446664375097,1.7036416373244316
2024-12-05,0.5074688778780357,1.3762941030431453,-2.2884775281401946,1.7976600957466375,-0.02469688071800804,1.313149996206536,2.888721546492838,1.7043906162366298
2024-12-06,0.5699099454868521,1.4087511216479789,-2.2744137394189585,1.7769053012437648,-0.02469688071800804,1.3188414136360795,2.9214229816430524,1.705139595148828
2024-12-09,0.5582600802959564,1.431221218773594,-2.3421756305303694,1.8287922875009477,-0.026782151526757152,1.4319583350482703,2.9930930947640166,1.707386531885422
2024-12-10,0.5912316946926117,1.462429634092212,-2.4700282552688813,1.8495470820038207,-0.030535638982505914,1.425555490440033,3.082205037798271,1.7081355107976202
2024-12-11,0.5924539982722133,1.5011277643176177,-2.5156899069612066,1.8910566710095673,0.0003263689869825151,1.4134612284022519,3.1808542341056025,1.708884489709818
2024-12-12,0.6341188646006297,1.5323361796362358,-2.524091650872595,1.9533210545181876,-0.03554028892350426,1.3850041412545304,3.054681063755214,1.7096334686220163
2024-12-13,0.5261289845835806,1.537329640375845,-2.597332940187085,2.036340232529681,0.021596131236224902,1.3167071321000003,2.968839796485902,1.7103824475342142
2024-12-16,0.4937946648700759,1.5198530039898392,-2.6988844535508165,2.0259628352782437,-0.0030100643070161857,1.3074585787769912,2.956303980220026,1.7126293842708085
2024-12-17,0.4935726969076782,1.5323361796362358,-2.6948662282018923,2.036340232529681,-0.05055423874649871,1.2427187055159268,2.9372281430490683,1.7133783631830066
2024-12-18,0.5199592617532091,1.6659081591037113,-2.6351407877883304,2.140114205044047,0.008250398060229504,1.2576586762684807,2.9156999643668042,1.7141273420952046
2024-12-19,0.5296419975351232,1.7133455599273724,-2.6619898389834176,2.212755985804104,-0.025948043203257627,1.1438303276775974,2.7949770332081165,1.7148763210074027
2024-12-20,0.515541606039361,1.614726853231909,-2.7348658350843693,2.16086899954692,-0.04930307626124912,1.1772674050761687,2.8944438984566845,1.7156252999196007
2024-12-23,0.5026398415405441,1.6671567623899266,-2.7346831884776,2.2335107803069767,-0.09392787156848241,1.1552131625366857,2.8497522032096856,1.717872236656195
2024-12-24,0.557969055634147,1.694620320255151,-2.7078341372825125,2.2335107803069767,-0.03637439724700379,1.1914959486500298,2.8707354910352594,1.7186212155683929
2024-12-25,0.5605547357650073,1.678391334750108,-2.6714874625354215,2.2231333830555404,-0.025113934879758097,1.2185301814403637,2.9219678724997413,1.719370194480591
2024-12-26,0.5605547357650073,1.678391334750108,-2.715870587980362,2.2231333830555404,-0.025113934879758097,1.2185301814403637,2.9219678724997413,1.7201191733927892
2024-12-27,0.5544787327409819,1.6621633016503174,-2.751121383086837,2.2646429720612873,-0.025113934879758097,1.207858773759969,2.8631050231043957,1.7208681523049871
2024-12-30,0.5688306879274614,1.678391334750108,-2.7147747083397458,2.1920011913012303,-0.00551238927751536,1.1971873660795735,2.8328565947778888,1.7231150890415814
2024-12-31,0.4856755700677158,1.7233315290013382,-2.7834498324850037,2.2231333830555404,0.008667452221979564,1.1025675513134023,2.895806458254611,1.7238640679537793
