Date,base_prediction,gold_daily,gold_vs_ma5,gold_vs_ma20,copper_daily,copper_vs_ma5,copper_vs_ma20
2012-06-05,3.7630248,0.0018608113700904205,0.012804255730074487,0.02545541959585851,-0.005583220159951718,-0.013088926827807268,-0.050076397497621494
2012-06-06,3.8159242,0.010896544197813052,0.015006318113449435,0.03534428072224327,0.027162367223065198,0.014325531213474463,-0.020391033155327865
2012-06-07,3.7311156,-0.028294997464842986,-0.01664745950285995,0.0063204089994033374,-0.0023637169448958995,0.011564157104766437,-0.01824525696009316
2012-06-08,3.7320962,0.002205975074913047,-0.010750416885105918,0.008332473904022253,-0.025322079075966286,-0.012334563788601649,-0.038113053136143105
2012-06-11,3.7658854,0.0033960282353142635,-0.005324050700959648,0.010638467119373107,0.01747189304162866,0.0028151298254022183,-0.01835904576935754
2012-06-12,3.7637355,0.01078028904536188,0.005712337075024498,0.01972807928915654,-0.002239808869643034,-0.0021802108532686937,-0.01801722364282965
2012-06-13,3.7844894,0.003348437141167393,0.010933400141777128,0.02050017852531605,0.0010475905417539622,0.0012573720923270137,-0.015056138413399589
2012-06-14,3.777197,0.00018543281172500592,0.007119056583102967,0.019278385773163542,0.004335476154881057,0.006653080795972155,-0.00903492274219131
2012-06-15,3.8190572,0.005313875096517595,0.007842220252368914,0.02355368938505631,0.008484668055969147,0.009356097851673129,0.0005685887921549337
2012-06-18,3.8241193,-0.0007990466061001955,0.0032831624478513177,0.021537274710931253,0.0035424354243542844,0.009862460267950013,0.005635344406809795
2012-06-19,3.8247,-0.0021529188073586836,-4.933137179674585e-05,0.017870116679548298,0.01132519488160022,0.015447322562542443,0.017761989342806483
2012-06-20,3.7914577,-0.0045616462621665965,-0.004205637763223025,0.011111111535747842,-0.013089005235602191,-0.0007068386640749491,0.004485101469869912
2012-06-21,3.6790144,-0.031149397638814857,-0.028767593625256604,-0.020605159232633508,-0.02637783672266425,-0.02387495198416223,-0.02019812551904132
2012-06-22,3.71466,0.014701182486417386,-0.009632294613922121,-0.006788242797780786,0.0027243832299075343,-0.016858101089247013,-0.015550585840273912
2012-06-25,3.731497,0.0,-0.004889362502350725,-0.007995394037669135,0.0031698113207547784,-0.00924269528920696,-0.010386032833265113
2012-06-26,3.6967876,-0.008503937007873996,-0.007353411004764165,-0.017211284214161515,-0.0012037315678603555,-0.0033631613716894604,-0.009468100187272843
2012-06-27,3.7413092,0.0022236340533670074,-0.0004435432771512371,-0.015459310343146293,0.01084664055438389,0.009751399506410685,0.0018663680477790656
2012-06-28,3.682179,-0.0176228518720285,-0.016213427300496575,-0.03242022134822353,-0.007004470938897112,0.0009915269515055058,-0.004571531014700425
2012-06-29,3.841757,0.03471642932390995,0.01587644124621046,0.0017023080869025264,0.04952723998199016,0.03907875185735521,0.041981747066492936
2012-07-02,3.819831,-0.003928935970143432,0.010642991502674004,-0.0017656203138368687,-0.007865007865007989,0.02203759354192436,0.031396800856276386
2012-07-03,3.880531,0.015088967188214397,0.019788191759544382,0.013103582541299286,0.020466993369847364,0.029548627268497052,0.04868691955623361
2012-07-04,3.8228452,-0.007648198384392457,0.008006935152727435,0.00610644692984863,-0.013276836158192085,0.00778995960761697,0.03310337688457077
2012-07-05,3.8229787,0.0,0.0005846007629100036,0.005405424496528699,0.0,-0.0015150215819110802,0.03132658182999215
2012-07-06,3.7787344,-0.01895705111391721,-0.015309362802173987,-0.013293390786514703,-0.02390495276266813,-0.020511936568128886,0.004914783403211054
2012-07-09,3.8040361,0.006462209208125902,-0.00788151771235479,-0.0067028609433877895,0.006452559026250304,-0.012063108193700711,0.010163454249736859
2012-07-10,3.783752,-0.00585416524029736,-0.008488071808077646,-0.011485588941179126,-0.009762494535917265,-0.013642960812772165,-0.0005367923348995607
2012-07-11,3.8139262,-0.0025961486288131885,-0.006859713051953653,-0.012726408016870527,0.01456739258387274,0.0033761168834947064,0.012489078480752314
2012-07-12,3.791233,-0.006538805914861778,-0.007848942756152999,-0.01753481186732997,-0.00942712110224797,-0.0015495716749992505,0.0021201517118940583
2012-07-13,3.8584878,0.017061761617565452,0.007392767041905612,0.00033938256770471575,0.026061493411420278,0.01884159106769001,0.026482306069838257
2012-07-16,3.8227134,-0.0002513347701674773,0.006808205945171064,0.0011734175715918393,-0.005422374429223775,0.010174207948056235,0.01963939582342822
2012-07-17,3.7909958,-0.0013197433700212757,0.004234074888379125,0.0008943721705461094,-0.00846484935437597,-0.001704512624949528,0.010749542961608682
2012-07-18,3.7711608,-0.011767636686911387,-0.006980957790675535,-0.00949880360761024,0.0053537838228912005,0.0021057489831828313,0.01495851349772126
2012-07-19,3.8111045,0.006176739060796965,-0.0027643169600141126,-0.003870801874954921,0.017415083477259508,0.012576634389503294,0.029161267779929334
2012-07-20,3.7760587,0.001518906683846133,-0.00010108636917793845,-0.0022005159843058175,-0.024473051350969,-0.009024544461688655,0.0019978931308803904
2012-07-23,3.7379725,-0.0034123377024092294,-0.0017343621286805,-0.005279203994416393,-0.019721577726218076,-0.022669442516770832,-0.018575918814741854
2012-07-24,3.7318974,-0.0006974672518962333,-0.0007735097963279536,-0.006035681267089199,-0.007988165680473336,-0.024695308182320574,-0.026896036335405937
2012-07-25,3.791188,0.020304568527918843,0.014677492780494017,0.013171867435237461,0.006412168207575286,-0.012726740784084312,-0.02093337008399454
2012-07-26,3.7999837,0.0043532338308458485,0.01462569104756306,0.01549334897710719,0.005630463772410721,0.0010915098235884102,-0.016305529386187456
2012-07-27,3.8061779,0.001795680751741413,0.011946475115125477,0.016856490971756344,0.009577132753794126,0.011992674425474137,-0.005868740433372599
2012-07-30,3.8063958,0.0011125080231482176,0.007702234833322441,0.017268475110716164,-0.0010215995329831973,0.00842688352632659,-0.006213885420598864
2012-07-31,3.780424,-0.0056800342342534504,-0.002304515573118837,0.011833522572554545,0.0002921840759679828,0.004548122065727744,-0.004239290882252389
2012-08-01,3.7536843,-0.004222321532521001,-0.0059875255785414305,0.007725851403432404,-0.012560245362932765,-0.008418397277953682,-0.01513496190767527
2012-08-02,3.6731043,-0.010163950398515365,-0.012712686551186514,-0.0018423649652669072,-0.024996302322141783,-0.027642564238723244,-0.03698942324548593
2012-08-03,3.7406452,0.011717257968925088,0.00033636132533021446,0.008977771466935902,0.023209951456310662,-0.0019236460491269813,-0.014105093912153643
2012-08-06,3.7559788,0.004296403744746158,0.0054859574927139665,0.012539843742872314,0.006375092661230486,0.0061364242729671226,-0.007275785163248116
2012-08-07,3.7484138,-0.001984049348222938,0.003591132444212164,0.009567568817560712,0.015026517383618154,0.01995499763145414,0.006949265248558767
2012-08-08,3.7272773,0.001987993625680362,0.004433994388770346,0.010380079190585478,-0.005515239477503542,0.011604216493932284,0.0017104512959960072
2012-08-09,3.774836,0.0026039748950965613,0.0033380366844419918,0.0113575152679124,0.0010215995329829752,0.004716704751860146,0.0025212847590163623
2012-08-10,3.7798283,0.0016078013884053277,0.003245646140416003,0.01209424361064304,-0.009185012392477043,-0.00599678221442157,-0.00514554650388277
2012-08-13,3.7094991,-0.006235707779474797,-0.002602553019915188,0.005205250475339929,-0.011477339611536186,-0.015389125018320238,-0.014746537020334127
2012-08-14,3.6746247,-0.00633694789176531,-0.007656300578927633,-0.0014858271876294626,0.001637392080976463,-0.009100547799964609,-0.011814463723208157
2012-08-15,3.6346254,0.002688462355993515,-0.0038511861035378514,0.00015900898375065253,-0.0029722098380146056,-0.007867262133625208,-0.013019492460463411
2012-08-16,3.668754,0.007732134932723289,0.003975896190015593,0.006762199319454432,0.009837531673871025,0.004388175645625436,-0.0011499675650172847
2012-08-17,3.720231,0.00012380004035006387,0.004524526564635423,0.0058279005826906705,0.010627306273062631,0.013529516253182772,0.009829876038847551
2012-08-20,3.6658974,0.002351003305709032,0.005573750245770448,0.0068454955389885,-0.014166788374470607,-0.0017746228926354135,-0.0044027522732802415
2012-08-21,3.7629683,0.012221498133758057,0.012771599510404075,0.017131039189069552,0.02429629629629626,0.016914252095896254,0.018224660358602263
2012-08-22,3.735792,-0.001524483177499425,0.0070358524070257555,0.014655324930768376,0.0002892681515767048,0.011051985264019626,0.017268261112582062
2012-08-23,3.8212738,0.01966529295942654,0.02012633388960805,0.03286151585595909,0.010699826489300124,0.015486532818084209,0.026620157885074214
2012-08-24,3.8294065,0.00011983304091622848,0.013621818503225969,0.031329651265606495,-0.0025751072961373023,0.00920618377627247,0.02307494772368779
2012-08-27,3.8190212,0.0015570580368360343,0.008794685014682724,0.0312571464267839,-0.002008032128514081,0.001151079136690658,0.020174769808222415
2012-08-28,3.799864,-0.0035278786940519113,0.0020202660761985403,0.025847795645770777,-0.003449267030755987,-0.002876042565430059,0.016007912377742795
2012-08-29,3.7600377,-0.004020372740398903,-0.004689300087272308,0.019962359062617008,-0.005480242284395809,-0.007769784172661942,0.009441557491034258
2012-08-30,3.749857,-0.0037956673350943992,-0.006548921085181791,0.014031471932252071,-0.0004350348027842843,-0.0054252157100396214,0.006784438877974974
2012-08-31,3.80291,0.018808573078885615,0.010339678125503404,0.030620033395085677,0.003191643696503821,-0.0006070065903573951,0.008745377495423146
2012-09-03,3.8170257,0.00492701469097323,0.012827117922757703,0.0331695855567804,0.003470715835141025,0.003412673164242097,0.011132806807915285
2012-09-04,3.8249125,0.0,0.009637755182345886,0.030553183848679444,0.0,0.0032675958591175114,0.010771953591015127
2012-09-05,3.84197,-0.0012404604853522017,0.004670418500524853,0.026840100579226478,0.017293558149589217,0.01582961577205344,0.02670390086394958
2012-09-06,3.849827,0.0069789013585555,0.00581297157514693,0.0313287280421064,-0.0032582518770365443,0.008369639990827737,0.022043069324908293
2012-09-07,3.970684,0.02049807642106427,0.020054707256210058,0.048727338326316705,0.03681068789084718,0.034223658840875526,0.05583859202223129
2012-09-10,3.9453242,-0.005064776303956742,0.010640135148713759,0.039678807274912575,0.012063056888279577,0.0336861559139785,0.06345742497245199
2012-09-11,3.937615,0.001793311588947688,0.00786835900254479,0.03741290220408944,0.002438033319788646,0.02297230054735433,0.060915561098329185
2012-09-12,3.9193645,-0.0006929629335670207,0.0025257121699344687,0.032768571013141345,-0.0010809350087825909,0.012517804316862113,0.05459862344424238
2012-09-13,3.9878716,0.022246619983318228,0.016992989823464644,0.05094631304768127,0.004463681861220037,0.006287603664155483,0.05441017777020507
2012-09-14,4.0116353,0.00039572282621036514,0.013631184895833481,0.04659038499663937,0.033396175599246014,0.029321029052767233,0.08326334140299108
2012-09-17,3.954486,-0.0011866299007283754,0.007925619324823607,0.04080613964877644,-0.010555121188428496,0.012751087043508358,0.06548980536884486
2012-09-18,3.9879415,0.00039603624004369564,0.004133749725776514,0.03729426966875837,-0.0013170025023047094,0.006530568902811229,0.05911519256957298
2012-09-19,4.024417,0.0003392759430300707,0.00011307100859325736,0.03365665168345244,0.006989318211789497,0.007069001899134841,0.06118194767744867
2012-09-20,3.9821618,-0.0007349060645138739,-0.0004636893829738087,0.02994511240300879,-0.014405447878470423,-0.010049458065873984,0.042014247045710995
2012-09-21,4.0140295,0.004412541179827478,0.0033000772446563076,0.03131407447890777,0.007972362476747374,0.00015821115916048178,0.045875986626684684
2012-09-24,3.98192,-0.0075471835618485805,-0.003641430040597693,0.020871037229516665,-0.015159504350118702,-0.011824771176128124,0.026391350341397724
2012-09-25,4.0095963,0.0009647995379047369,-0.002161067593495547,0.01898393147097588,0.007094097175746272,-0.0032588824417773,0.029500301023480002
2012-09-26,3.984895,-0.0074838830234513765,-0.007562623854718065,0.008712273732498055,-0.013290802764486909,-0.01095094721696721,0.012161204122811853
2012-09-27,4.042799,0.015423283660770615,0.00661410511294136,0.020620822983310694,0.008620689655172376,-0.0014135972048116008,0.016762734993991613
2012-09-28,4.0458274,-0.0036566157117869924,0.0034333416721952226,0.014369893678974677,0.003739316239316226,0.00419528097693922,0.016417385659805772
2012-09-29,4.0525885,0.0013551038603951682,0.003496822816403844,0.013405409997029327,0.007317722192655696,0.008847906617274637,0.01949853222374842
2012-10-01,4.036592,0.0,0.0023964904443340984,0.011077097799346625,0.0,0.00758583976577043,0.015178739038322231
2012-10-02,4.0430036,0.0,-0.0001916690548453559,0.0086992173198992,0.004094571390833579,0.006940765073646382,0.015638047014342238
2012-10-03,4.0478888,0.0,0.00027072728121191325,0.0066695082413641416,-0.0044725072349383055,0.0003172253357299759,0.007515093422795438
2012-10-04,4.0389676,0.0,0.0,0.005642032342690451,0.0005285412262157063,-0.0006335128286347746,0.006192361867807694
2012-10-05,4.0276113,0.0,0.0,0.004366319708515309,-0.0021130480718436484,-0.002350207293564721,0.002913439650652716
2012-10-08,4.0023775,0.0,0.0,0.003181789506008892,-0.015881418740074094,-0.014681719404250893,-0.013243451259322025
2012-10-09,3.9845245,-0.005920496193966729,-0.004742011967934889,-0.003670536020226156,0.0,-0.010327938671209513,-0.013524897352728438
2012-10-10,3.9731736,0.00011341529885156021,-0.003470242630805309,-0.0033913874888698015,0.0,-0.006838337429212471,-0.013590326923969775
2012-10-11,3.9947503,0.0031760990309281922,0.00022622078043710303,-0.00019780406950620222,0.009010220548682168,0.003960713998983012,-0.003572424600592261
2012-10-12,3.970869,-0.006105861900716381,-0.004135274457599314,-0.006029969700295346,-0.012928162068506,-0.005024585538866644,-0.015231598752750819
2012-10-15,3.93538,-0.012514220705347134,-0.012401865968824866,-0.01756887640267968,-0.00040507696462332987,-0.004544965576592119,-0.014451078672178208
2012-10-16,3.9352055,0.005011492610527135,-0.005381576792647391,-0.011966067849990214,-0.0004052411184654048,-0.003984063745019917,-0.013300443348111646
2012-10-17,3.9589775,0.0038975462935950667,-0.0001712524260758519,-0.007659967113454291,0.012972972972973063,0.0073102558589552835,-0.0003000700163371395
2012-10-18,3.946642,-0.004681673520910756,-0.0019464997835203501,-0.011404011975836736,-0.0013340448239061997,0.00642628592939154,-0.0009675374503721468
2012-10-19,3.863361,-0.011759306731953911,-0.00969152641484905,-0.02193934659657082,-0.02818594710125555,-0.018483540205072924,-0.027854799591097712
2012-10-22,3.8679464,0.0013349934366306826,-0.007125278715198968,-0.01955659360867601,-0.0042611683848797766,-0.018454784423186266,-0.03018294519676823
2012-10-23,3.810188,-0.00973852356128313,-0.012657481954061356,-0.027936208057082412,-0.01449475427940361,-0.02579148471615722,-0.04241334907178884
2012-10-24,3.7949307,-0.0045659712024687105,-0.011337223335624924,-0.030247386639346896,-0.0004202269225381805,-0.016538037486218293,-0.040550715284500494
2012-10-25,3.7935054,0.006762716847986017,-0.0010153317501865322,-0.02204120541498522,-0.004904708520179435,-0.01086502298370251,-0.042585464179537236
2012-10-26,3.7827992,-0.0006425091039353736,-0.0002687835107384462,-0.02091898238673162,-0.00014082523588232476,-0.006159014557670872,-0.03967105352143152
2012-10-29,3.778693,0.003857604472358167,0.004479942734956888,-0.015564684597707212,-0.01563380281690141,-0.014662343155223634,-0.050949186605469654
2012-10-30,3.7865686,0.0,0.0034001653934059295,-0.013982222868459182,0.004864787523250813,-0.006619706356615573,-0.04256841961760005
2012-10-31,3.7859073,0.0,0.0014110100463520237,-0.012394665391429194,0.0032749537234799675,-0.0008224850392807292,-0.03600281838517472
2012-11-01,3.7876325,-0.0019796357578238943,-0.0008161028353613764,-0.012663566605204513,0.009792790235594762,0.008561789470700187,-0.02350987469634791
2012-11-02,3.6943002,-0.02333586171735802,-0.019928117626803576,-0.03293543570188007,-0.019817287420941687,-0.007881184738384506,-0.0390233147770489
2012-11-05,3.7081337,0.004838406131093098,-0.011098848680631712,-0.025687092078494622,-0.00329796386578729,-0.01008288473041119,-0.03898132850358438
2012-11-06,3.7825828,0.018963277458092787,0.008056927897378552,-0.00580302429402102,0.01050208603078695,0.0002848191398461264,-0.026114927866784154
2012-11-07,3.753247,-0.0005250711317202894,0.008037460504771943,-0.004882099908737114,-0.01836560364464701,-0.013844789610686914,-0.04040193172170958
2012-11-08,3.7790067,0.007121219699920411,0.013867698417376895,0.003469178459167388,0.008121827411167626,-0.0011495904583993521,-0.028877991533593272
2012-11-09,3.7693038,0.0028399352873120787,0.010075689237931229,0.007130205074430185,-0.006761617033520295,-0.005903527717782353,-0.03205002383422584
2012-11-12,3.7839413,0.0,0.004435024333988791,0.0072972999035973984,0.0065179606025491665,0.0006335858076780276,-0.0226304167428516
2012-11-13,3.7766073,-0.003525456559041129,-0.00027834364031498193,0.004345415566632038,0.001007339185494338,0.0036069831193190627,-0.018581486236719846
2012-11-14,3.784108,0.0030739177463281475,0.0009028006402642674,0.008078616457339871,-0.0050316273720528715,-0.0021914016320173646,-0.019542566529016314
2012-11-15,3.7598786,-0.00936684080478467,-0.007081906071680688,-0.0004900145916231224,0.002456292443288488,0.0006345909772700331,-0.013304321237849526
2012-11-16,3.764125,0.0005836689263414296,-0.0046564927610305284,0.0003413907130913607,-0.003315076390890681,-0.0029989330718879215,-0.014051371987082062
2012-11-19,3.8403366,0.011491542093428286,0.006349163797181312,0.011574179945573748,0.02183658712942882,0.015346591562248602,0.008758467589387031
2012-11-20,3.8118892,-0.006228401861663735,0.00019731226235619737,0.004836974875274569,-0.003255024058873457,0.009517530028954058,0.006164417808953049
2012-11-21,3.8127017,0.0027275263320376553,0.0031116895515015397,0.006773404270331129,-0.005821382933409058,0.0013156389429127557,0.0012655241200316691
2012-11-22,3.848833,0.0135424643112656,0.012230243795608109,0.019240645276413337,0.009140245644101652,0.006782172574945955,0.010670252023915028
2012-11-23,3.8454292,0.0,0.007919261751489381,0.018043810296081375,0.0,0.0024685753199216176,0.010916062205816868
2012-11-26,3.839708,-0.0010278357665377547,0.005090073350607183,0.016052406281059195,0.002830455703368262,0.004735842100785481,0.013074465119271572
2012-11-27,3.8205268,-0.004172648658545386,-0.001284116081809672,0.01108757783966463,0.0005644933672028785,0.0039648824695552864,0.013161091184498153
2012-11-28,3.7700663,-0.014751436053357825,-0.014728847879522444,-0.003798508579907267,-0.00380818053596621,-0.0015832178903621985,0.009180210751920104
2012-11-29,3.8211138,0.00623358646773986,-0.005836531202583983,0.002030487423493099,0.019821605550049526,0.014278472456911162,0.028537158278774566
2012-11-30,3.8131647,-0.009437197324347668,-0.010617235749989073,-0.008484287820989311,0.012078300708038281,0.0200940333594537,0.0386168871412389
2012-12-03,3.8187575,0.0050850143478455845,-0.0021354654638370274,-0.004521235873136575,0.0023319615912209546,0.01618780073985482,0.03840551390912017
2012-12-04,3.7759066,-0.014654542643435686,-0.011273703264344515,-0.018549882894555947,-0.0010948405638429026,0.009208561473369903,0.03524572725338637
2012-12-05,3.7977605,-0.0011803588120765651,-0.009655319554062625,-0.019117463734104945,0.008631319358816336,0.009571871314555391,0.040734536355732764
2012-12-06,3.7978456,0.0046679415623369636,-0.0018901865937630546,-0.013821441542317792,-0.011274110296115247,-0.003886471248323531,0.02662106413737164
2012-12-07,3.8159726,0.0021760577931082548,0.0010927334623214158,-0.010921084650181156,0.0050831158126116716,0.00046495090665410466,0.028850278096148596
2012-12-10,3.8506322,0.005281690140845008,0.0071612400658986886,-0.005197599275119424,0.011891744122471293,0.009711121416296153,0.03777221719901025
2012-12-11,3.8337276,-0.002802130080633347,0.002711904504526075,-0.007524071048843672,-0.005268134540051261,0.0026140943252370707,0.029361401743092985
2012-12-12,3.8500035,0.0049174714050892465,0.004788038358324753,-0.002269699469511832,0.008147745790331395,0.00907954112977749,0.034112911089133835
2012-12-13,3.7921426,-0.012233484969514596,-0.006957624697626619,-0.01396821717455865,-0.015086206896551713,-0.0070344115809771735,0.015865959043040778
2012-12-14,3.8190112,0.00011799554439018145,-0.005885629052975072,-0.013321125840429549,0.006017505470459428,-0.0021433028568326185,0.018857732501367686
2012-12-17,3.8093789,0.0007076018028802089,-0.003312497220036792,-0.011558994088920693,-0.004486133768352274,-0.00445906631501658,0.012484964121282749
2012-12-18,3.7535238,-0.016205067766647097,-0.014986134875213719,-0.026053579343059186,-0.0036870135190495423,-0.00629239192612574,0.006990690580855219
2012-12-19,3.7207384,-0.0017969451931716396,-0.010908791622873393,-0.026059413810953558,-0.013157894736842146,-0.013347219557650725,-0.0076151752179455245
2012-12-20,3.6234756,-0.012961281479710207,-0.017817685117315962,-0.03568475044295527,-0.019305555555555576,-0.02569268131140323,-0.026740179186767743
2012-12-21,3.684407,0.008632713819147098,-0.0049778244056989385,-0.024724318719590244,0.008922248973233238,-0.01066548161315406,-0.01844886261866374
2012-12-24,3.67585,-0.00030136821611570497,-0.0006748243887793048,-0.02240639204180539,-0.0058955642897248195,-0.009870536588093781,-0.024208771373851246
2012-12-25,3.747523,0.0007235459181551551,0.0012185235310853137,-0.019317606473872595,0.014120304998588074,0.007321383489018007,-0.011057103121600576
2012-12-26,3.7493782,0.0,0.002028467164505665,-0.017672167636842318,0.0,0.007830260166708847,-0.011866680425136722
2012-12-27,3.7668245,0.0016869060582263007,0.0015783146154884076,-0.014130458559132753,0.0015316067947646061,0.005648295724631547,-0.010285163909050432
2012-12-28,3.7687557,-0.004631271072382481,-0.002555534913835311,-0.017064307707410964,-0.001946336716251773,0.0021497571053661346,-0.011456583404477971
2012-12-31,3.8253946,0.012024910339286876,0.0074712275847679255,-0.003919352252187869,0.017551190973673192,0.013429150134568912,0.005907382162184449
2013-01-01,3.795496,-0.0159422453210879,-0.007192621236319363,-0.018447675300378386,0.022861054072553122,0.028322919820539028,0.027679400336966697
2013-01-02,3.795496,0.0,-0.005791171149220342,-0.017151120554705135,0.0,0.020179678326643247,0.026902594056004148
2013-01-03,3.7683089,0.0,-0.004048842406371156,-0.015618948433067104,-0.005085653104925036,0.008355488036460246,0.020593080724876422
2013-01-04,3.7530606,0.0,-0.0032296392248747363,-0.013972869871110127,-0.00632230293247249,-0.003641758834637243,0.013646561601635465
2013-01-05,3.756531,-0.0015775593862336068,-0.0012624458256395021,-0.013536520308271016,-0.003925815622038753,-0.008970180211728573,0.00997899880581432
2013-01-06,3.7598083,0.0,-0.0009471332953481237,-0.011679065198217486,0.0,-0.0059174795320057205,0.010020590253946304
2013-01-07,3.7583356,0.0,-0.0006316216068500413,-0.009564281967542554,-0.00027181299266099135,-0.003062911663459289,0.010217534607778411
2013-01-08,3.7875462,0.009723488301428107,0.007445947126016872,0.0010935788019330595,-0.0016313213703098572,-0.0022552509306306145,0.008347978910369314
2013-01-09,3.7884521,-0.004032471364354584,0.002568848777029231,-0.0017102406909370593,-0.00040849673202614234,-0.0014146965203906126,0.0080398766898504
2013-01-10,3.8266532,0.013596808880887767,0.01229994752712349,0.012464939877782966,0.010489034191527136,0.007415052828856128,0.017949280930947165
2013-01-11,3.7640476,-0.010314224244023396,0.00010843372572466592,0.002309534851322015,-0.014828794823402602,-0.0061740147414802715,0.002771755536650211
2013-01-13,3.8034477,0.005361460490398873,0.002643436428634738,0.007610369550172802,-0.004105090311986914,-0.008149581618468793,-0.001878848553835355
2013-01-14,3.801447,0.0,0.0017527191597965786,0.006880875682548693,-0.0013740038472107585,-0.007456367956736654,-0.004663074068241069
2013-01-15,3.8342848,0.008688357473714436,0.006998863330220262,0.014885070026150027,0.0009631260319207247,-0.004706268640380706,-0.004733501149173702
2013-01-16,3.817331,-0.0004158686182930138,0.005930215724785581,0.01372657184835413,-0.008522336769759442,-0.00762203511089099,-0.014098945483621894
2013-01-17,3.8351939,0.004576022740611085,0.00687372060881275,0.017427610882214006,0.015388881186746195,0.007206116948126784,0.00010241354589823892
2013-01-18,3.8590467,-0.0022480174948189546,0.002496419154741858,0.01432233985234288,0.004642271982523205,0.00966024479938521,0.0035392557333897567
2013-01-20,3.8685787,0.003676078105025349,0.003331028064016861,0.01712739711316913,-0.00434900788257675,0.0036716352476982017,-0.001730551732595731
2013-01-21,3.8853838,0.0,0.0022142724597566943,0.015970591677261226,0.01146601146601145,0.01143839917010192,0.008128975204924949
2013-01-22,3.887009,0.0,0.001017113029219141,0.015422106875706998,0.0,0.006028022157054558,0.007409421521310522
2013-01-23,3.8757863,-0.0038397919497344946,-0.0023428261163879194,0.010365510182481552,-0.005533063427800355,-0.0007593632196999378,0.002537294142455737
2013-01-24,3.831657,-0.00996266876692542,-0.010279598931109857,-0.0003413110966314914,-0.002171257972587881,-0.0027937506780947308,0.0011709601873535203
2013-01-25,3.7782097,-0.007846646053272122,-0.013789331309575381,-0.008431677818881989,-0.006663946688426403,-0.00884763610703998,-0.004619850365908507
2013-01-27,3.7788126,-0.002414875598311217,-0.011415036104761911,-0.010953488774717135,-0.0035596933187295177,-0.008824971400555603,-0.007425894482744555
2013-01-28,3.7910776,0.0,-0.00661296130729272,-0.011157685699226483,0.006183017312448635,-0.0003276271602914438,-0.0010503771808967333
2013-01-29,3.822235,0.005022952454116325,0.001459311022226073,-0.006642560468743897,0.008193363375665674,0.007477961846019454,0.006962677050443844
2013-01-30,3.9018478,0.011561434218528621,0.011768540878791756,0.0038093282345734725,0.0180143573073277,0.021084664710357526,0.023985177010742653
2013-01-31,3.8600605,-0.01148880799311669,-0.0003611993824120807,-0.007696561280907677,-0.0049228312932411145,0.01124962816733821,0.01800808526277109
2013-02-01,3.9251897,0.005299318895280791,0.002883590300409855,-0.0028729916853239557,0.013905602353255775,0.016924149769338204,0.03046692395499284
2013-02-03,3.9251883,0.0035342184783622166,0.0036664972785498406,0.0007108451342530131,-0.0040880917842542885,0.006584384080185579,0.025320752155318704
2013-02-04,3.9249363,0.0,0.0019137757115839094,0.0002537684979067034,-0.0001324152542372392,0.0019638544624613896,0.02349664188461098
2013-02-05,3.9372196,-0.0017310477702734417,0.0010774571852596448,-0.0015820386660198027,0.0005297311614356204,0.001458112407211054,0.022120002705810604
2013-02-06,3.9324374,0.0031690544609204174,0.0021982602344596813,0.0013189792264449718,-0.007677035076108507,-0.006704117865281689,0.012704394869612834
2013-02-07,3.9065685,-0.004351151558843025,-0.002281656575971902,-0.0026509936444926163,-0.0033346672002133593,-0.007095968320620871,0.007986186056550881
2013-02-08,3.9271796,-0.0026341141940572355,-0.003803014738744226,-0.0047819552558808764,0.008699143468950732,0.0019408699351270986,0.014537622829452035
2013-02-11,3.7698488,-0.037454996647096284,-0.03282229387553526,-0.039567840544595945,-0.00981823006501259,-0.005569768681377263,0.003637732905681146
2013-02-12,3.7764246,0.0,-0.024728455431536567,-0.03717471083595658,0.005761758006163742,0.0014676450967312515,0.008416909053047261
2013-02-13,3.769753,0.0,-0.015858218040126104,-0.03458948380419624,-0.00039968025579539823,0.0009071262773139299,0.006816778937763335
2013-02-14,3.7736666,0.0,-0.0077223930954163356,-0.031990336505891115,-0.001599360255897686,-0.0012000000000000899,0.004660519698239662
2013-02-15,3.7677875,0.0,0.0,-0.029377156206114696,0.0001334935255641323,0.0001334935255641323,0.004242428304302104
2013-02-16,3.7188542,0.0,0.0,-0.026941762387173607,-0.023224773091297446,-0.01929777539533628,-0.018745474536726814
2013-02-17,3.7245965,0.0,0.0,-0.02499233797177458,0.0,-0.014331124400625117,-0.01851516553671173
2013-02-18,3.7183182,0.0,0.0,-0.02342478576532414,0.0,-0.009394374204726996,-0.01860730210882755
2013-02-19,3.718165,0.0,0.0,-0.0219714986320958,0.0,-0.004732890871504747,-0.01887045416457178
2013-02-20,3.6727219,-0.016213519827786294,-0.013013013211774616,-0.03562904248989884,-0.011478546050833538,-0.00920396647126498,-0.02955341212454543
2013-02-21,3.602934,0.0003803090740506221,-0.009489631592691117,-0.03282347928842311,-0.015205971799834184,-0.01905706102665783,-0.04264683155610205
2013-02-22,3.5700593,-0.0036750265728405784,-0.0092496636813173,-0.033193227510490475,-0.005474452554744436,-0.01812688821752262,-0.04512251004070189
2013-02-25,3.6265948,0.008776346059238271,0.0016418133531324042,-0.022472315161759404,0.0026817219477770493,-0.009619406106231576,-0.0401361968909818
2013-02-26,3.6754925,0.018282688748398446,0.018462457759308215,-0.00293528859740233,0.0063344594594594295,0.0013727028238459393,-0.03121548645883443
2013-02-27,3.6368904,-0.012382367882991407,0.0036239087196916486,-0.012840762865620636,-0.0020981955518253326,0.002078885268007813,-0.03050234764114723
2013-02-28,3.6273615,-0.010970411569498961,-0.007323804156922131,-0.02071295854008115,-0.005466778805719219,-0.0025866674164254366,-0.0328055455208468
2013-03-01,3.6037412,-0.003676191251387406,-0.010910839004290684,-0.021260271589946145,-0.013107822410147962,-0.013358133243151826,-0.041871921182266014
2013-03-04,3.546246,0.0001272034918056164,-0.009026610469887508,-0.01790706495636285,0.00014281633818913342,-0.010400474804284632,-0.03848530199222877
2013-03-05,3.5968175,0.001590229653854136,-0.0023442945303389084,-0.01339306713888333,0.0038554905040697474,-0.003232758620689502,-0.03184046714041744
2013-03-06,3.5802605,0.0,0.0002668024764629351,-0.010559850603709564,-0.006258890469416856,-0.005296730834947083,-0.034235828385393186
2013-03-07,3.567865,0.00012706290187325386,0.0007626136426823749,-0.00953790140587496,0.007872888634411712,0.004078489532827634,-0.023784930433757845
2013-03-08,3.5682628,0.001142955741684215,0.001308309324843604,-0.007563193478337893,-0.003266581451498496,0.00034209476024837926,-0.02367090280531159
2013-03-11,3.5690596,0.0007611780164726856,0.0013454787385400735,-0.00600061926272355,0.002279851809632305,0.0017374462388559664,-0.018242215305595666
2013-03-12,3.6069992,0.008682945080430216,0.00787809846202192,0.0030125145843797885,0.010662496445834613,0.010145504149141615,-0.005122033139274507
2013-03-13,3.578781,-0.002010651066211122,0.004109258005903893,0.001478643641032562,-0.008299338866225914,-5.6734369681010755e-05,-0.010317961676142406
2013-03-14,3.5876195,0.0014480429938346084,0.0035584278376501466,0.003340044381693774,0.003262411347517702,0.002295658088652175,-0.005378801195289107
2013-03-15,3.5805473,0.0011945331593272712,0.0027453406572137684,0.004890368996200101,-0.004524247136999837,-0.0028889455348798387,-0.007946571984106865
2013-03-18,3.5508397,0.007598100838893229,0.006965783235605594,0.012493682449191912,-0.02627467689248697,-0.024168066270033206,-0.03085817678074143
2013-03-19,3.5742555,0.0041755411592478975,0.008663778108930709,0.01647445409451853,-0.006563593932322087,-0.022279004335218677,-0.03375680065825415
2013-03-20,3.6237237,-0.0023583744262209994,0.0038718541185287503,0.01312174314942216,0.01203934811334606,-0.006027571090730821,-0.019752840626288792
2013-03-21,3.6348784,0.003919159457620447,0.004894351039262279,0.01595259012406869,-0.0033367184099810654,-0.0035101969771692554,-0.021255983587873284
2013-03-22,3.6331646,-0.0047094419545772315,-0.0015416700048547227,0.010093360586734379,0.009024745269286871,0.008672370641988225,-0.011345565531159174
2013-03-25,3.6218963,-0.0009961247880564406,-0.002536259097204452,0.008503699089462913,-0.006058857472590939,0.001569949994185249,-0.015833791611018944
2013-03-26,3.5912116,-0.0054841872689167515,-0.006091229353221483,0.003584710916373135,-0.0007256894049346707,-0.0013054830287206887,-0.01469020343033789
2013-03-27,3.6360543,0.00651704601174008,0.0005481499373110044,0.009775847088847378,0.0031953522149601454,0.0014789467579165994,-0.009933632441265439
2013-03-28,3.5648603,-0.007097436614558861,-0.0041959802622201225,0.0020703949627574048,-0.011872013898943101,-0.009117570196579439,-0.019790888722927447
2013-03-29,3.5689259,0.0032605662231424137,-0.00017497243104847016,0.004450971066532583,-0.008058608058608141,-0.012457332905446927,-0.026067441592818597
2013-04-01,3.576443,0.0,0.0004001539556242051,0.003572086332129576,0.0,-0.008987908774189757,-0.024432419969594554
2013-04-02,3.5256977,-0.015562515258789156,-0.012612692664858427,-0.012061511254245372,0.0011816838995568624,-0.004698972099853149,-0.0215029702827364
2013-04-03,3.4582984,-0.014157784968231502,-0.02003102826491554,-0.025382214543890225,-0.013573325464738772,-0.011794614088504018,-0.03268976193404183
2013-04-04,3.5341356,0.012364728598743158,-0.0050506999190820245,-0.013244621193068018,0.005533951540532378,-0.003320781569662201,-0.025094075593999454
2013-04-05,3.5374255,0.0,-0.0015117092921856923,-0.013102140933193285,-0.002231146809460016,-0.0037130551017375835,-0.02507793708351791
2013-04-07,3.552777,0.0,0.0020525472705956727,-0.012922430785087702,0.00805008944543828,0.004545859702290933,-0.015283349958861048
2013-04-08,3.5529459,0.0,0.0024487234787657908,-0.01231775774935806,0.0,0.005023631877768331,-0.012789067974772306
2013-04-09,3.6477067,0.009033047819258844,0.00721340644633317,-0.003330222323672638,0.020851818988465,0.01940457203615109,0.008878658336073597
2013-04-10,3.5622737,-0.01758914588487881,-0.00877803649378206,-0.01986618828483322,-0.006663769375633732,0.00861967521769813,0.003740055185941671
2013-04-11,3.5813944,0.003850349619453741,-0.003985814549317346,-0.015218972399629327,0.0046667638909143605,0.007959500190208635,0.009547396264572017
2013-04-12,3.4054134,-0.04046541382872526,-0.03557018261729927,-0.051977052250861244,-0.024386703440267166,-0.015440056252197243,-0.014096903375335645
2013-04-15,3.0264764,-0.09353765783748336,-0.10136850681728282,-0.13379512311632558,-0.023210831721469982,-0.03270959186680422,-0.03523983070773573
2013-04-16,3.1356645,0.019256264671697165,-0.05928637507700185,-0.11086887534578238,0.00990099009900991,-0.015210029112946444,-0.023801285401927386
2013-04-17,3.028303,-0.0033170590526999666,-0.03945854252197312,-0.10718960427994884,-0.03604826546003015,-0.037384022171345954,-0.055661450714422855
2013-04-18,3.0533354,0.007090181720680988,-0.008914073961718838,-0.09459587125028956,0.005163511187607606,-0.018667318444288372,-0.04720940925203565
2013-04-19,3.037476,0.002370724732848384,0.008616608526391234,-0.08622956434280282,-0.01743462017434627,-0.023575273807313946,-0.05979086602913575
2013-04-22,3.061352,0.01841894235828323,0.018302201464494017,-0.06404168312449954,-0.006020278833967052,-0.020636258624457615,-0.06117898800661392
2013-04-23,2.9562976,-0.008726266301240404,0.006272221070834805,-0.06613188591105601,-0.012591648071405781,-0.0196543866312191,-0.0680356538418142
2013-04-24,3.0871685,0.010506921116457235,0.010894432440411883,-0.05092745617362604,0.02033898305084736,0.0025058681723022502,-0.04546175278048337
2013-04-25,3.231845,0.02697767581525068,0.02797431031244413,-0.02081223304350699,0.024837842113589526,0.02564914502849902,-0.019591521691424085
2013-04-26,3.1517987,-0.005609572423233344,0.013894293451315542,-0.02150720634533232,-0.01759802408150657,0.005943348507840174,-0.033876562701623536
2013-04-27,3.2238882,0.009700038403105848,0.01710298965932422,-0.00843144324998879,0.013984915147705834,0.014271792776083814,-0.01794274756882619
2013-04-28,3.2237105,0.0,0.008839433218651216,-0.005572809477530916,0.0,0.0061118213851385494,-0.01619849830392195
2013-04-29,3.235257,0.0,0.0027327838031399043,-0.0020466620827461757,0.0,0.001987515915654825,-0.014169499293434584
2013-04-30,3.1958978,0.0,0.001925069085375819,0.0015045810883245192,-0.01208740120874019,-0.006947473362826306,-0.02360202784457266
2013-05-01,3.116935,0.0,0.0,0.0050811889043946845,-0.0337254901960784,-0.03430112246817585,-0.052161871057085585
2013-05-02,3.1422637,0.0,0.0,0.00868343408871719,0.007954545454545325,-0.019115323854660415,-0.04054022730960305
2013-05-03,3.2970831,-0.0023164832437552185,-0.0018540455681024248,0.010579966295090726,0.06764374295377684,0.041444102306290365,0.026534420416095772
2013-05-06,3.3108811,0.002595046528103051,0.0006816168063807915,0.01636596670777002,-0.0012068185246641994,0.034725260986435025,0.02717252185514707
2013-05-07,3.2584224,-0.013009996528550172,-0.009813023107989705,0.00716274892525548,-0.002416553390726439,0.024857249255213487,0.026952648231791443
2013-05-08,3.3918002,0.017184281859256245,0.006349873285581342,0.025435898554332814,0.020590461771385238,0.027434842249657088,0.04793514337015048
2013-05-09,3.35933,-0.003460190990881462,0.0027170773499864964,0.01805583437313807,-0.008900756564307888,0.0038465005859902313,0.037672110523495395
2013-05-10,3.2867086,-0.02178649165046731,-0.015431824686650053,-0.005846701334748294,0.0037419547971861977,0.005276728428374566,0.04094066514028505
2013-05-13,3.274553,-0.0016008134395603113,-0.012460432403863853,-0.009230830479150298,0.001938562481359929,0.004274781776874459,0.04031028156038796
2013-05-14,3.1574926,-0.006831682696497143,-0.01591450346294232,-0.017109377598507614,-0.021282929007292894,-0.016246297459833192,0.01697274308911667
2013-05-15,3.0881958,-0.01979360717228862,-0.02496754047575256,-0.03660420525391028,-0.006995133819951205,-0.016921594604359824,0.008159452845773352
2013-05-16,3.1388,-0.0067311309803527175,-0.020354271166899363,-0.04196870223279647,0.009035222052067304,-0.005283816425120658,0.014800782393075584
2013-05-17,3.1170228,-0.016004579022861898,-0.026142647427552235,-0.055876797542314005,0.008650781605706426,0.005142165759225659,0.020036989003062056
2013-05-20,3.192105,0.014213513127007804,-0.00517423727766797,-0.04116084802825004,0.0111345170027084,0.016303197120474344,0.02824616702879701
2013-05-21,3.186822,-0.004695513812559948,-0.0031256118441798098,-0.0428786893802261,-0.004910714285714213,0.007928373326902438,0.021563280551800013
2013-05-22,3.1738205,-0.007403159297942552,-0.006350203415928735,-0.047118060651209825,0.011066247943771534,0.01203484716941583,0.029745495529798882
2013-05-23,3.1382349,0.01784149228549703,0.010658365710640272,-0.027552671742295365,-0.022629788492826597,-0.011429597271258363,0.005255991906837343
2013-05-24,3.1279664,-0.003735597106232058,0.0036911227646720945,-0.028439886897363098,-0.0025726392251814723,-0.012347528995714119,0.0016184549454056896
2013-05-27,3.1106327,-0.005552403353817459,-0.0011299191463888247,-0.03082649733493703,0.00591715976331364,-0.0038164498001622693,0.006191950464396356
2013-05-28,3.1078556,0.0,-0.0013179760867286783,-0.027799827268531252,0.0,-0.0021071643588199684,0.004248744689069106
2013-05-29,3.11186,0.00884640233352485,0.004070290708219293,-0.016551008206861284,-0.005429864253393646,-0.0025111185066407637,-0.00447638386690119
2013-05-30,3.1705475,0.014518759766370515,0.01578916353391291,-0.0002868542736067514,0.007885956930542948,0.004200537910610036,7.523888345484231e-05
2013-05-31,3.0951252,-0.013390027923529946,0.001351803724222389,-0.011162258333706987,-0.006921456515197155,-0.0030211480362538623,-0.006629992248703753
2013-06-03,3.1510818,0.013715335287077801,0.010348945806421206,0.004411202448548757,0.011363636363636465,0.006939206516820118,0.004250197464926497
2013-06-04,3.1179438,-0.010342123745076148,-0.0026698371509310537,-0.00413786341674649,0.011535580524344669,0.014819490786665446,0.014712733502652453
2013-06-05,3.1247113,0.0009305338564475907,-0.002752671386064165,-0.0005217388421395741,0.0007405213270141875,0.010619204307508179,0.015342078769027268
2013-06-06,3.0832114,0.012371228872840812,0.008980098214794507,0.013766770741957313,-0.01568743525233085,-0.0053835800807537915,-0.00036071782847879597
2013-06-07,2.9012084,-0.02309808031342142,-0.012974764642774916,-0.007737920538307463,-0.015185686362952922,-0.019020518196794955,-0.014385458047429855
2013-06-08,2.8239136,-0.003904572967507347,-0.012019858531295502,-0.00959065149256988,-0.008244274809160235,-0.02186351864120939,-0.020868346283414385
2013-06-09,2.8456233,0.0,-0.00924874494850969,-0.00791094674936721,0.0,-0.014264036418816461,-0.020277658379144747
2013-06-10,2.8390644,0.0,-0.0062756980114083705,-0.007235320961092029,0.0,-0.006393588057144517,-0.02002640015085788
2013-06-11,2.7969627,0.0,-0.0007833615473586963,-0.006895373497172175,-0.01416256157635476,-0.013007829357006395,-0.0325553289523377
2013-06-12,2.810801,0.0,0.0,-0.0073497754398372805,0.009525296689568918,-0.0009889668387057515,-0.022003040640198535
2013-06-13,2.76995,0.0,0.0,-0.007110099871255882,-0.012683681361175592,-0.010203448703634876,-0.03194006309148256
2013-06-14,2.8146975,0.007041284417896199,0.00562510594015575,-0.0004610728206931869,0.0051699827667242015,-0.002611615470712536,-0.0249314214937576
2013-06-17,2.7758603,-0.0032437106909938285,0.0016080516431216108,-0.004248538269093771,-0.0015586034912719038,-0.0013718276485626957,-0.02381786873504732
2013-06-18,2.7081587,-0.011715412691745586,-0.008546285679671195,-0.015013382440775436,-0.013112706837339894,-0.01194048512128043,-0.03451435552840565
2013-06-19,2.6897147,0.005122201174486918,-0.002889145663241166,-0.009496898211001303,-0.004745333755140857,-0.011282567019705314,-0.036897008288624855
2013-06-20,2.3914342,-0.06384679144629768,-0.05395661505252558,-0.06961093374321559,-0.025270184361093406,-0.028635686908042635,-0.057650348790756256
2013-06-21,2.5370016,0.004432654999343422,-0.036191347223388126,-0.062519291738515,0.009783140388064604,-0.012154660881771195,-0.04522574329168183
2013-06-24,2.480953,-0.011458599440665296,-0.0319205028219538,-0.06939449655609187,-0.023090586145648295,-0.023878670538883484,-0.06334424808217787
2013-06-25,2.4940264,-0.0015664159801964672,-0.019791752295503673,-0.06620026404850177,0.015702479338842945,-0.0028559374290072492,-0.044932469187609736
2013-06-26,2.458731,-0.0354565982984848,-0.03313573417295468,-0.09390027367489084,-0.010903173311635372,-0.006830288571521792,-0.05149812734082382
2013-06-27,2.4192388,-0.014801522066721029,-0.036154156220977285,-0.10067480819765207,0.006745640013162246,0.0003269576589830514,-0.04093915551236649
2013-06-28,2.4625957,0.010236110421130373,-0.015668216338813656,-0.0855870140271019,-0.0006537015852262629,0.0022289966237256653,-0.036757582678963896
2013-07-01,2.522383,0.02622975511128267,0.013558227478805973,-0.056579661316366825,0.03254292722812746,0.025966006954600163,-0.001928487875818008
2013-07-02,2.5002842,-0.0097938120782054,0.008711423628992687,-0.059741517153227064,-0.004434589800443534,0.01675724637681153,-0.003479735888838764
2013-07-03,2.506056,0.006834995309480396,0.011912431066124718,-0.04860685645553109,0.010022271714922093,0.018022640541320634,0.008113815716349837
2013-07-04,2.4970546,-0.031307365175477164,-0.020005482245686435,-0.07258941608246938,-0.03449362104268394,-0.017439251138039347,-0.023823173450538304
2013-07-05,2.495582,0.0,-0.01827628159056416,-0.0667128203156897,0.0,-0.01791149988785279,-0.020970086084359574
2013-07-08,2.492637,0.018138345747521933,0.002940045738495156,-0.04453891111192776,0.011256117455138659,-0.0031838939988422243,-0.007596314706753371
2013-07-09,2.4953775,0.008907603678458997,0.011495940374776747,-0.03109153749236615,-0.011292143894176543,-0.009438536380385942,-0.01663805413384245
2013-07-10,2.4878082,0.0012039489289723537,0.01348716255339899,-0.024988852855802657,0.008647413933757786,0.004549886252843693,-0.005877575962241921
2013-07-11,2.5267665,0.026214486557537775,0.02882077454134291,0.0043977905752088375,0.02798447104496926,0.02516534924987912,0.02217253886427062
2013-07-12,2.497822,-0.0017966774483841874,0.016369473105072085,0.006918752507830694,-0.007081038552321117,0.01202886928628688,0.015800445921907214
2013-07-15,2.4901848,0.004695570332386989,0.013259687521972818,0.015608340670062448,-0.003328050713153674,0.005757236526467313,0.013374154044473174
2013-07-16,2.5093722,0.0054525624970880315,0.011614617149938056,0.0242168655571926,0.013356654476069485,0.011298359198959051,0.026487666202253513
2013-07-17,2.4170284,-0.009993820829007571,-0.0032603307026823902,0.017845554569525746,-0.018201788796485263,-0.009466818642350439,0.008087903589611312
2013-07-18,2.4191716,0.005242938448918766,0.0012626434177234191,0.0232350334937117,0.0009589260028768365,-0.005620475041280382,0.00799896995155569
2013-07-19,2.402002,0.006772593342312172,0.005613973754959645,0.030095241754687807,0.0027143541433818363,-0.0019706312376834845,0.010027904433347112
2013-07-22,2.4937968,0.03332558103975236,0.03069566500894183,0.061903308057452255,0.014331210191082855,0.009732745775607787,0.021873220344420963
2013-07-23,2.5125694,-0.0009727991652010992,0.022704614157911918,0.058334820010204735,0.004081632653061273,0.013115377304694809,0.02398258140949694
2013-07-24,2.4787233,-0.011534734997882046,0.004475465494923503,0.042404660215144,-0.0059412132582864485,0.003884169640319568,0.015622504073352195
2013-07-25,2.5227559,0.007047093409275895,0.004762984803810433,0.04489756306093895,0.002044668134633554,0.002517702596380955,0.01565489095778605
2013-07-26,2.4524837,-0.005492888508747185,-0.005028703680491908,0.0351741024964114,-0.02511379689216764,-0.020532391345486567,-0.010609149993628164
2013-07-29,2.4480395,0.005069284625641934,0.0012210343607534924,0.037476142929370404,0.0006440186765415135,-0.01508668504960231,-0.009190692928826016
2013-07-30,2.4211857,-0.0033122736624482396,-0.00042277085051278807,0.03080341935057862,-0.01898632341110207,-0.02454242928452588,-0.026535956060799393
2013-07-31,2.4279993,-0.008761310865511907,-0.00808704979664232,0.01937940267231064,0.02509430867639817,0.0034035448240430366,-0.0013182598969359027
2013-08-01,2.5060415,-0.0010667665254635583,-0.0064418340280408826,0.014427141811012012,0.014719999999999844,0.019122609673790647,0.011668806878454507
2013-08-02,2.4879565,-0.0003051292250666471,-0.005071077729954077,0.01029876272163488,0.002207505518763808,0.016634676903390933,0.01207773699672754
2013-08-05,2.485366,-0.006104074583416219,-0.007255448866473335,0.0015184772499019505,-0.0014159848961610155,0.010926350662589401,0.009455193199258805
2013-08-06,2.4579217,-0.014893309364093832,-0.01592076015591093,-0.01481013384622809,0.001260438002205877,0.003949447077409296,0.008914325630869246
2013-08-07,2.4196477,0.0022599941742624807,-0.00970200988439629,-0.014048354189824974,-0.0001573564122738791,0.0005038735277447248,0.007380161554986442
2013-08-08,2.4801984,0.01912757643489571,0.009286627293920269,0.003633319981938943,0.030059804847340166,0.024032293394248505,0.0361012830559051
2013-08-09,2.502758,0.0016785483513754862,0.01062277660493427,0.003968790377957054,0.011000763941940495,0.0269104227450494,0.04495996715253536
2013-08-12,2.5623639,0.016604407306292535,0.0223512325537496,0.018656642129004863,-0.0012090071029167149,0.01739532019704426,0.04106611218751466
2013-08-13,2.5330746,-0.010114632871715434,0.006153269045495957,0.007184893344218679,0.004085338175215725,0.01278959738713703,0.04315839942151567
2013-08-14,2.5556653,0.009688199592174929,0.008543150088935691,0.01477278950394778,0.006630500301386233,0.009459908725481192,0.04659543132892541
2013-08-15,2.5856414,0.020689636871017436,0.02154732274325788,0.03274348236413194,-0.00044910179640722525,0.004997140190854399,0.04274358533880962
2013-08-16,2.630207,0.0074177260333685435,0.020124335167335472,0.03731990030307397,0.007787928710498715,0.009420659446161439,0.04719293467688579
2013-08-19,2.593622,-0.004009623238158899,0.011295827895872801,0.03199780475556557,-0.009659681973547385,-0.001976876535074723,0.03471030750956827
2013-08-20,2.5574582,0.005050523101061355,0.008653369623842444,0.035723443769919205,0.0018007202881153983,-0.0013761742356248607,0.034325155512863414
2013-08-21,2.5758562,-0.0018206977237278377,0.0014320857307787982,0.0318568658074001,-0.008987417615338611,-0.008452730651639428,0.022984684608069905
2013-08-22,2.6022844,0.0004377466778233696,0.0004669552975540281,0.030671323236035386,0.006952841596130632,-0.0011095450865142853,0.02778506302164474
2013-08-23,2.646022,0.017867561896469875,0.014788848601140492,0.04617735276441537,0.0060042029420595,0.005702280912365021,0.030054791783538093
2013-08-26,2.6544979,-0.001934478230516623,0.00889393183081233,0.041631634367457426,-0.008654133094598615,-0.002402402402402304,0.017785198915424516
2013-08-27,2.6816783,0.0198133349504217,0.021852660386864953,0.05844705173320497,0.0025586995785671363,0.0006008712633318591,0.016000366071292182
2013-08-28,2.6441257,-0.00112626750206557,0.013643849380073014,0.053072967996503184,-0.007506380423359826,-0.006760817307692402,0.005605287375554102
2013-08-29,2.5995607,-0.004298784768102526,0.003309119334774735,0.044596290934394656,-0.014672515504462136,-0.01696245321743317,-0.010443963389160982
2013-08-30,2.5811012,-0.011890472459360368,-0.008677019124643803,0.02892350469442251,-0.008136321768498656,-0.01781642394576033,-0.01927747419550685
2013-09-02,2.683824,0.011388886678684651,-8.497515622063467e-05,0.03646341754301119,0.0219780219780219,0.005022831050228271,0.00033329293418993267
2013-09-03,2.683113,0.0,0.0011344299489506326,0.03158688501437723,0.0,0.006800439131495306,-0.0015423698058429913
2013-09-04,2.645076,-0.015651540783241935,-0.010451508933430165,0.011605215725388973,-0.018930789035287,-0.00823662696347105,-0.021361452699640626
2013-09-05,2.668616,-0.01208723543638146,-0.01684067220394958,-0.0028865574906015157,0.0009262117937636205,-0.006405344938551494,-0.02000347623689791
2013-09-06,2.6671371,0.009904577836828077,-0.005764543297528069,0.004298322479912686,0.005089450956199837,-0.003059507419305607,-0.014270912899785881
2013-09-09,2.676644,7.218407714337793e-05,-0.0020867461839785273,0.002479500032777082,0.005370569280343629,0.0038610038610038533,-0.008549595218279471
2013-09-10,2.6854463,-0.016368670639555716,-0.01160770048106552,-0.015456352901412562,-0.0045787545787544515,0.0017509906921022722,-0.012237232689162214
2013-09-11,2.649217,-0.00014658102445108678,-0.008014990502909769,-0.016661712014742758,-0.0016865992026985355,-0.0009513287915055013,-0.012639608149400683
2013-09-12,2.5937774,-0.0245619175895182,-0.026332338251565446,-0.039734356248110614,-0.013976347719244386,-0.0129758317446651,-0.024538479070120855
2013-09-13,2.544482,-0.016536379732621675,-0.031331433979837064,-0.05345132696784882,-0.0020249221183800126,-0.011631494508206885,-0.024126481250190346
2013-09-16,2.5537248,0.0072607763854593,-0.014241469344742352,-0.04491000668353706,0.00577493366630244,-0.00260029717682031,-0.016843647015745034
2013-09-17,2.520111,-0.006373794869453109,-0.012458348507505712,-0.04880546565793442,0.0003103662321539691,6.205783790469432e-05,-0.014809946659738116
2013-09-18,2.4560757,-0.0012981681343069429,-0.005323984983234942,-0.04786862594872765,0.017219981383804095,0.015833178409865534,0.0026070535707460873
2013-09-19,2.5789564,0.014604660401299263,0.009740506629780654,-0.03240271642551573,0.02058868384932122,0.028083328212376468,0.023014775011656496
2013-09-20,2.5657644,0.0,0.006905448346797627,-0.029969392892476243,-0.008069336521219439,0.012600298990145475,0.015256375941574696
2013-09-22,2.5569155,0.0,0.005531979285345656,-0.0276200059320737,-0.006477854775534864,0.0014273566569484863,0.009057804706386285
2013-09-23,2.5463793,0.0,0.002887198833480653,-0.024270067619154845,0.0,-0.0030837137588051178,0.009567546880979494
2013-09-24,2.4888418,-0.00821465386503073,-0.006582537745851824,-0.02860665631206094,-0.012736921910538213,-0.014410705095213472,-0.0025277671390272483
2013-09-25,2.510594,0.015121599098831595,0.007071137068950462,-0.011107358733764894,0.004761173398863505,-0.005200571758766537,0.0020064635696670496
2013-09-26,2.511907,-0.009207312376178556,-0.001704579792015104,-0.017576179567196704,0.01039437480892702,0.005996408242778362,0.01126775646958933
2013-09-27,2.5420218,0.011181662965484174,0.007709925440568366,-0.0038701903436478835,0.007413010590014979,0.01148342801591884,0.01832807016202409
2013-09-29,2.5334013,-0.008891231468164618,-0.0011896910404519678,-0.009575728139279094,-0.0019522450818441062,0.007947100218393732,0.01600599269258418
2013-09-30,2.5354738,0.0,-0.0027665465345322326,-0.007225966229173375,0.0,0.0038365102860766775,0.014702963494511279
2013-10-01,2.5240457,-0.0017339229763476682,-0.0027413235700617378,-0.007130529518498019,-0.014745711706289466,-0.011145005889637072,-0.000747760533504116
2013-10-02,2.530807,0.0,-0.0028314363543809895,-0.004798685200034458,0.012828344532681779,0.0008753131508254519,0.011183703963468128
2013-10-03,2.4997456,0.0,-0.0006942914993287586,-0.0024521009743943,-0.014324487334137492,-0.00981550486231031,-0.0031869958370819296
2013-10-04,2.5294728,0.0,-0.00034726630168513406,-0.0009506529708576128,0.00994339911274289,0.0013650841801913227,0.006111034913668378
2013-10-07,2.521641,0.0,0.0,0.0005477634045787383,-0.0013632232656771714,0.0016103548857560046,0.004112092598233419
2013-10-08,2.5187058,0.0,0.0,0.0007821812372974524,-0.0012134081601699043,-0.0007283984339432337,0.0016351675096017981
2013-10-09,2.45819,-0.01306443693983117,-0.01047892981541887,-0.012236485778472805,-0.01867881548974948,-0.014307941059825025,-0.017485175611981152
2013-10-10,2.440165,-0.0078812829104834,-0.014157323894065432,-0.01923187415361205,0.005416279789538958,-0.007758331042487465,-0.012561458436239126
2013-10-11,2.422756,-0.02205767092739075,-0.02759243317203075,-0.039357546980342994,0.006310604894566696,0.0004590665646519998,-0.007024338383262996
2013-10-12,2.4644232,0.006624624932225931,-0.013921270353594584,-0.03184208535849842,0.010400734169470738,0.010462555066079293,0.002930147114640125
2013-10-14,2.465637,0.0,-0.006584363500507395,-0.029984282828526165,0.0,0.009813812712097691,0.0035853184248906267
2013-10-15,2.466287,-0.0026637608500699184,-0.003974715873344858,-0.03058271019251657,0.0013623978201635634,0.006481650538616046,0.00512820512820511
2013-10-16,2.430922,0.0070699135899452425,0.005364025049399368,-0.022057105494846185,0.00015117157974287032,0.0030017282677903268,0.005119790954529746
2013-10-17,2.466654,0.0317472318033345,0.0284580912618575,0.009151536556657458,-0.003325272067714491,-0.002028029179404922,0.0017851038778535777
2013-10-18,2.4644382,-0.006274988330088771,0.016000637252888916,0.002880333166431326,0.0006066120715801926,-0.0011807805262041837,0.001730786748853852
2013-10-21,2.4958708,0.0009889886896432554,0.010863860274940018,0.004646378603444301,0.0013640497120339656,0.0001513775355737046,0.0026024871582812636
2013-10-22,2.5296493,0.020369422986034724,0.020555558473495328,0.024371272589914783,0.00968669592856064,0.008130327026536932,0.011846076840237307
2013-10-23,2.4561448,-0.0064059408461358824,0.006079190731200335,0.017983980681228084,-0.020386748613401284,-0.009998485078018593,-0.007849150560979012
2013-10-24,2.457899,0.012219751450242677,0.014166149199934974,0.02949247343978012,-0.001224177505738333,-0.00919910134191515,-0.008167762033202908
2013-10-25,2.4426365,0.0016294425431420123,0.01005275387833593,0.030152794385882364,0.001685307185536944,-0.005718109374049374,-0.005680305991316081
2013-10-28,2.429266,-0.0002957885291637874,0.004308423711187226,0.028758841895975662,0.0,-0.0036270535523790226,-0.005604690601306528
2013-10-29,2.4237185,-0.0050296219142936804,-0.0011435311000395076,0.022767421454641168,0.002753135515448202,0.002630452070716327,-0.0022903493353421123
2013-10-30,2.4795616,0.002824895157641727,-0.0005630522165497309,0.02469056947241488,0.015253203172666208,0.01417034892579605,0.01201155542040433
2013-10-31,2.4320023,-0.018828780143856583,-0.015500888697013826,0.005419806378817782,-0.007061298076923017,0.004498890476335227,0.0048119683459144635
2013-11-01,2.4438722,-0.007932910391111214,-0.01756722771994379,-0.0021354164702661604,-0.00045392646391284597,0.0019717882602758863,0.004256612952264982
2013-11-04,2.4133823,0.0011423349538415284,-0.010909638301368263,-0.0006309853769984608,-0.013623978201634857,-0.01101903287496575,-0.008905552471271894
2013-11-05,2.4386826,-0.005020520088626745,-0.010335476221540407,-0.00568991018802778,0.0018416206261508972,-0.008354853410299401,-0.007578464087810044
2013-11-06,2.4106245,0.007415864810301986,0.0017484990334692974,0.0008810677579900172,-0.006587009803921462,-0.00974224285365255,-0.014025618609601387
2013-11-07,2.375088,-0.007057696822058701,-0.0030174349886469276,-0.007705350614956696,0.0035466461063993204,-0.003155347241368789,-0.010303007261529218
2013-11-08,2.3866096,-0.01826660346079212,-0.016944216004290413,-0.026130329834039512,0.0016902274124155348,0.0011979358643567917,-0.00797394771281612
2013-11-11,2.3768177,-0.0027247956403270157,-0.014554738128697009,-0.028953255077347917,0.001687375364319621,0.002456248081056156,-0.005725074608685099
2013-11-12,2.3733633,-0.0077283562951308005,-0.016587505849277484,-0.03638845625898457,-0.007656967840734996,-0.003751306807699306,-0.012323098379020903
2013-11-13,2.2928405,-0.002202758879388367,-0.011195453844486614,-0.03801150758862426,-0.022839506172839585,-0.02190367326763265,-0.03278776167963793
2013-11-14,2.2930903,0.01411330257401544,0.006243022394557318,-0.023082386534846844,0.00031585596967786955,-0.01630687995030289,-0.030557192380981535
2013-11-15,2.3022122,0.0008553084263824839,0.0066626346304916595,-0.02123950686260867,0.003315440479949583,-0.00799225750054633,-0.02553093613432489
2013-11-18,2.2966144,-0.011730052888599074,-0.0037744467304682283,-0.031118182374838654,-0.006923682140047238,-0.0080787124355588,-0.030076690180890542
2013-11-19,2.3007333,0.0009433055244831845,-0.0031937724685751068,-0.02764571642915381,0.002218348914593493,-0.0010108348864390493,-0.025333620981908722
2013-11-20,2.323379,-0.012172137351051382,-0.01372116636814924,-0.036686157987154355,0.0007905138339920903,-0.00015795293002685007,-0.023019994906739227
2013-11-21,2.3071241,-0.011447670033053692,-0.018439298411469074,-0.043807235331141836,0.009952606635071026,0.00791448571608755,-0.012275104481301535
2013-11-22,2.2972636,0.0004020908725370642,-0.011285964075663735,-0.039419322911919075,0.006882527764742852,0.012234243301044057,-0.004700497881683585
2013-11-25,2.300841,-0.0023312093360630115,-0.008690258034826481,-0.03753767326592594,0.003107037439801008,0.010738213011082687,-0.0009824626548152748
2013-11-26,2.2870026,0.00024176040127876774,-0.0033558506497888274,-0.03341467789926644,-0.0032522843425739634,0.003962187626743274,-0.003306309863953527
2013-11-27,2.3189943,-0.002899931943884493,-0.0030284165951912634,-0.032027206142120734,-0.007768800497203188,-0.0055747609704444034,-0.008977552239732511
2013-11-28,2.380955,0.010340867872747905,0.006130404892429109,-0.01921804339001021,0.007046664578766126,0.0002488568140106562,-0.0006138353833363697
2013-11-29,2.397665,0.0,0.005063068059099507,-0.016808458634473555,0.0,0.00043558072244187507,0.0007469422053469899
2013-12-02,2.3337085,-0.022629079889877057,-0.014703246654628632,-0.035557991207323725,-0.007152853366506062,-0.004490317752346429,-0.005397490517395798
2013-12-03,2.3422544,-0.0004909577290986844,-0.01204920655678865,-0.03273825171459943,-0.003132341425215235,-0.0054065879117444204,-0.007252592996958462
2013-12-04,2.4268196,0.021691087058308023,0.007685577270347466,-0.009030862654565985,0.023409269442262293,0.01382058146049947,0.015757178833454066
2013-12-05,2.3934705,-0.012017305389186328,-0.0016191907817305617,-0.018008261751901067,-0.005833589192508537,0.006496534145659094,0.010083679724238959
2013-12-06,2.3823748,-0.00235152648278536,-0.0006822468711215057,-0.018198754273095474,0.005713403335392275,0.0096735187424426,0.015902231303764447
2013-12-09,2.3782496,0.00406404925754722,0.0012644954415830245,-0.012407822370470334,0.003531398740979519,0.008517466979385269,0.01944208318060925
2013-12-10,2.3773434,0.021937970140651908,0.016523351250176788,0.009609056983859832,0.0029069767441860517,0.00555316929496219,0.02180792193418646
2013-12-11,2.3669996,-0.0030893728918236496,0.011704732688157415,0.006884577321209173,0.008695652173912993,0.011256576532485019,0.028448771989858512
2013-12-12,2.3576863,-0.025824394119984162,-0.01327969745662072,-0.01674974324077194,-0.000604960677555999,0.006580550816475794,0.02564102564102555
2013-12-13,2.3792553,0.007911868818821333,-0.006336587658210213,-0.00691554531715588,0.005599273607748145,0.008162398349313982,0.029067876666718284
2013-12-16,2.3679678,0.007930767350788681,-9.633364722616555e-05,0.002035446371845051,0.005718585402558318,0.009425127631936814,0.03198011087261987
2013-12-17,2.3277364,-0.01148137200170618,-0.006600097973005203,-0.007784960757639903,-0.002543767768965921,0.0034925031613177726,0.026651984075035218
2013-12-18,2.3426516,0.003979877037355806,0.0009717386215273294,-0.002960242259212875,-0.00195019501950211,0.0003007066606524056,0.022107511023029325
2013-12-19,2.3044136,-0.03324971798211962,-0.02742734292793214,-0.03422246445760013,-0.00691417405681638,-0.006585673903891087,0.01337464339396921
2013-12-20,2.270395,0.00845186241501028,-0.014297637097010707,-0.024526484102513013,0.003481156349326442,-0.002677577544450749,0.015399459372535285
2013-12-23,2.2830362,-0.005559664183560686,-0.01216654119466587,-0.028270462574838007,0.0009049773755656076,-0.0003615328994938105,0.014927199314817008
2013-12-24,2.3385148,0.005590746858630036,-0.002351122300277786,-0.021397554461120905,0.01974080771549125,0.01627969843510657,0.032349598395106094
2013-12-25,2.3423653,0.007468260046743502,0.008774104256815018,-0.013139457577637681,0.00827545441111277,0.01948420643696025,0.03743461865953046
2013-12-26,2.344451,0.0,0.005582419755622681,-0.011673353816576304,0.0,0.012945752546096978,0.03435207082651148
2013-12-27,2.3745627,0.0016473107983012714,0.00540691682395078,-0.008653203664209963,-0.004103766671552211,0.0038707008627820727,0.0272730021467662
2013-12-30,2.3394969,-0.010689910583820628,-0.006113176496693518,-0.018482495469735905,-0.004415011037527616,-0.004356400671121197,0.019808248914616522
2013-12-31,2.3731248,-0.0009973827580627148,-0.006579241427831062,-0.01866885974258381,0.0041389504804139055,-0.001000029412629777,0.020736288504883627
2014-01-01,2.3815613,0.019219548312430668,0.010692724555333433,0.0011400797909202343,-0.004416310908287979,-0.0036536138365891313,0.014330816129104917
2014-01-02,2.3815613,0.0,0.008878131579254767,0.0014756477013213587,0.0,-0.0018890758286843612,0.012152414020174085
2014-01-03,2.3749368,0.010938795440051052,0.016181458177896735,0.012095481032529776,-0.007836758834836588,-0.0072202166064980755,0.002742223517368636
2014-01-06,2.326456,-0.00048447640028226324,0.009937851130673803,0.011501812091639918,0.0013412816691504847,-0.004533601991228986,0.002716093600764191
2014-01-07,2.32056,-0.0067862530963825884,-0.0013970978376603993,0.005993928813012639,0.0,-0.0023460236384152955,0.001490535102101731
2014-01-08,2.353732,-0.003334940218414073,-0.004775890063866806,0.004002779796129063,-0.005060276826908905,-0.005089891653768497,-0.004119088586474695
2014-01-09,2.3190992,0.0032645065213419144,-0.002223945770837177,0.007144185598280339,-0.013014210919970015,-0.013191349346414971,-0.017006473335667294
2014-01-10,2.2911026,0.014154316808445033,0.010537348221247411,0.02093958253268635,0.012882691724765083,0.00032930188001434324,-0.004624630439153732
2014-01-13,2.2730627,0.0033689527606377556,0.011793067047753958,0.024152631745589126,0.0014963339817446464,0.0026065072802443634,-0.003209448138743576
2014-01-14,2.297046,-0.0045567776248606195,0.004614795129029403,0.018901850234739337,-0.003137606454504671,0.0008700609042633367,-0.006381378586267861
2014-01-15,2.3209703,-0.005701875894916109,-0.0031722123920455703,0.013009307466811837,0.006594724220623682,0.006534380432827724,-0.00029770765108649844
2014-01-16,2.2944405,0.0015346292315070453,-0.003359626850108377,0.012699579402997152,-0.004615842763549871,-0.000717510239469088,-0.0054895193323316605
2014-01-17,2.2865915,0.009435444493447687,0.00523616730544485,0.020313301828668973,0.0005983545250560773,-0.0002989089822148516,-0.0053309739250690935
2014-01-20,2.2871606,-0.007509708964156703,-0.0009328297951697317,0.010842408371305234,0.001943489310808788,0.0013746115228305822,-0.0038866553212995036
2014-01-21,2.298236,0.0,-0.0004666227249686683,0.009314851407299596,0.0,0.0004776974980593707,-0.0034052550967300643
2014-01-22,2.3407443,-0.002656402397502866,-0.0032661414040584535,0.005616514422572605,-0.004177857356013059,-0.002451273466459236,-0.0064682282711444605
2014-01-23,2.314859,0.01904759934296818,0.012039284570399822,0.022758085703987962,-0.015433023673958712,-0.014487971683964318,-0.019963160995398965
2014-01-24,2.3015687,0.0015048506659289806,0.011486701636056917,0.02229318168879879,-0.004261147466139037,-0.014370932754880661,-0.0223019163958309
2014-01-26,2.305836,-0.0007117630795274721,0.0073341642107283,0.01907332502601511,-0.003820877273422063,-0.012663596703829438,-0.024236889773798898
2014-01-27,2.3052366,0.0,0.0039248012107060415,0.016544161558798898,0.0,-0.007128930051182092,-0.022224222377234315
2014-01-28,2.2829018,-0.009971490843132425,-0.007977404301475755,0.005356271677864344,-0.0018410555385086624,-0.003858402743753042,-0.022139389475899107
2014-01-29,2.2673004,0.008952798698541153,0.0009674782486803757,0.012843054205396776,-0.0038426068244697964,-0.004943806423877706,-0.02382817206892396
2014-01-30,2.2563038,-0.015845350002930303,-0.011396571375810849,-0.003357747722346094,-0.0035488350563184223,-0.005880360826329256,-0.02544291190052217
2014-01-31,2.275446,0.01698607187703094,0.005443916683624872,0.01253550751016741,-0.008981108702384666,-0.011216512684238067,-0.03186524774417032
2014-02-03,2.2462785,0.0,0.005491920429898878,0.011161799538524475,-0.00406250000000008,-0.010832117694528187,-0.03327569994236668
2014-02-04,2.2606215,0.0,0.003527031622305943,0.009626375167794743,0.0018826482585503346,-0.00526496152528122,-0.029254611648640516
2014-02-05,2.2811375,0.0,0.003351669022664483,0.00825652162999213,-0.0012527403695583583,-0.003312914114264154,-0.02884681268985667
2014-02-06,2.2960887,0.0,0.0,0.007589056447655285,0.012229539040451654,0.008939176095517976,-0.015268223486524013
2014-02-07,2.284669,0.0,0.0,0.007091046281454627,0.0027881040892192566,0.009417487838343508,-0.010870644675828545
2014-02-08,2.324926,0.009103142211280613,0.007269279112717131,0.015061123363539597,-0.003552672227371101,0.003421994089282787,-0.01271789534901524
2014-02-10,2.3213058,0.0,0.005442069354266055,0.013580157124033931,0.0,0.0013970816516608586,-0.010711793707875561
2014-02-11,2.3601992,0.012001824734692468,0.013225846216950776,0.023706054942193466,-0.0031002945279801075,-0.003347487834361229,-0.011854367216489914
2014-02-12,2.4026766,0.004030752143705518,0.012222007588494677,0.026057431088251315,0.012439744985227819,0.007333374590011932,0.0018079009116436229
2014-02-13,2.361478,0.00393729282304256,0.0103490030254485,0.027732340774066166,-0.0016894486254032115,0.004823151125401992,0.001672021759398401
2014-02-14,2.4018545,0.014303272252180976,0.01780972600230224,0.03928234050860424,0.004769230769230637,0.007124352331606243,0.007777057679844379
2014-02-17,2.3868992,0.004321418629169793,0.014396164462726846,0.040261294098005385,0.005818404532230925,0.009311044189048046,0.01446253870447145
2014-02-18,2.3808057,0.0,0.009049188844527878,0.03773099917964107,0.0,0.005048959608323189,0.01447820547469214
2014-02-19,2.3936014,-0.003095022070704001,0.0020639171681020585,0.03225097844625635,-0.00045669051606034294,0.002902092561478664,0.013834846519671373
2014-02-20,2.3929625,-0.0026503105139367156,-0.0031183264017685675,0.027367048597064958,-0.002741395065488872,-0.0013116554311686235,0.010821408172401625
2014-02-21,2.380729,0.005162894961789011,0.0012857728479169772,0.030248331241617965,0.0006108735491752171,-0.0013412998414829014,0.01117352923019932
2014-02-24,2.390038,0.01087697269318788,0.010098763517984333,0.03792866801181538,-0.005799755799755668,-0.005465815750099079,0.005246913580247092
2014-02-25,2.347034,0.0035118814917405317,0.010853689701930902,0.03832042856637341,-0.0038378876266503825,-0.00685665309620731,0.0013270785753964898
2014-02-26,2.3211732,-0.011020140601731288,-0.0014285007353770363,0.023475466817338697,-0.003852673755586289,-0.0075843645407926985,-0.0025768821269307463
2014-02-27,2.315243,0.002559873918880129,-0.001050280880766974,0.02340234645754391,-0.009591584158415878,-0.01267696863144252,-0.012158992716948425
2014-02-28,2.299186,-0.007659921417005777,-0.008330188056988708,0.013300829552133298,-0.004217432052483594,-0.011443989579456693,-0.016332734132096793
2014-03-03,2.312587,0.02171935117422219,0.011416920427322008,0.03187490629990197,-0.0048627450980391895,-0.011036976990708824,-0.020798765193903224
2014-03-04,2.3349404,-0.009110382179271181,0.0029839511519602624,0.019571412188337023,0.01339848675914257,0.004091959767601461,-0.008069368799469179
2014-03-05,2.3217893,0.0017939170699330376,0.0029785185592425822,0.018416104292673152,-0.0037330844610359293,0.0021905805038335835,-0.011383368705382924
2014-03-06,2.3475356,0.008580809147130886,0.00855067825240452,0.023716532428937676,0.004839968774394965,0.005970802463346692,-0.0063070782865128905
2014-03-07,2.3279655,-0.010061386459433441,-0.004078659225705827,0.010993148544860443,-0.04210689869484152,-0.03001982441234785,-0.046042196965594084
2014-03-10,2.2812378,0.002466219930001845,-0.000327882477429875,0.010942987925381287,-0.016545012165450124,-0.03755794018667857,-0.059000644094891586
2014-03-11,2.2760694,0.003801979642996667,0.002173312771623248,0.01263443346666926,-0.026224641266699655,-0.04691182642947078,-0.07991522254083039
2014-03-12,2.2927246,0.017675491146026623,0.01533791406944629,0.02763512325194961,0.003387533875338855,-0.028597664961301228,-0.07255634094983132
2014-03-13,2.2729182,0.0013864863723640486,0.013666211990747579,0.026296865609334974,-0.013166779203241052,-0.022473413149622146,-0.08005822416302766
2014-03-14,2.2714853,0.0049555815989628105,0.012570854301264811,0.02907376649170801,0.009408142319534685,-0.004487482286254174,-0.06677736923259403
2014-03-17,2.3037374,-0.004423477582260582,0.0034498527345852015,0.022682431864144315,0.0005083884087442314,0.0013908205841446364,-0.061367249602543694
2014-03-18,2.2629154,-0.010124571466880727,-0.00852132141798545,0.011036594244401954,-0.00016937669376704267,0.0012551733496166673,-0.056531398340978645
2014-03-19,2.2928147,-0.012950681078688464,-0.017217360675461424,-0.0028285461090964414,0.01202778248348313,0.011582227038742898,-0.04064492299786415
2014-03-20,2.2606711,-0.008125856728550263,-0.019210362665878278,-0.011423794928949516,-0.019584867760294555,-0.008598801584346116,-0.05418607843295564
2014-03-21,2.2834554,0.004133784291619591,-0.00887267402517733,-0.0077832561856086,0.007512378350691407,-0.0011510206845187776,-0.0420454545454545
2014-03-24,2.2490642,-0.01856291079949468,-0.01828367652070806,-0.025220736272498545,-0.001694628029147549,-0.002404660299396899,-0.03880825929823706
2014-03-25,2.2626917,0.00015258789630712144,-0.01108511845708271,-0.023925488777784776,0.02037005601765407,0.014206654518458484,-0.015389151426301484
2014-03-26,2.2379456,-0.006100350656600306,-0.011452389522895401,-0.028983706684110433,-0.013308933621693608,0.002162819776283298,-0.024233749568135843
2014-03-27,2.2127376,-0.006674906459433694,-0.012689340054005127,-0.03413756954333769,0.009273309728544898,0.0070659488559892125,-0.011803549319025941
2014-03-28,2.2297173,-0.0006950663301835691,-0.006984381895674963,-0.0338142231923777,0.015536251252923572,0.01662318549735775,0.0060072484154434225
2014-03-31,2.2130837,-0.008038355249315732,-0.010745055326265018,-0.039187851542625274,-0.004935022207599782,0.006288261911099324,0.003492066125299731
2014-04-01,2.2397108,-0.00296092313841112,-0.00881503141321538,-0.03994119457409884,0.0029756984625557426,0.007405685441020271,0.009509388753462966
2014-04-02,2.283136,0.00851830620664984,0.001629928593604557,-0.02995452324576242,0.0036261743860228624,0.005781301618764445,0.01584070870279697
2014-04-03,2.262115,-0.004726831139819865,-0.001508147311195307,-0.032091530145799796,-0.005748070290688134,-0.0022414134089261406,0.013230236236286386
2014-04-04,2.268782,0.01463712737500833,0.011628414487794725,-0.016630988522024825,-0.0016518004625042382,-0.0027390027390028493,0.012581882758967211
2014-04-07,2.2992408,0.004220380759724751,0.011923149616478446,-0.011260948410717675,0.005459960291197996,0.001780356730737509,0.017991155186277252
2014-04-08,2.2829309,0.0,0.007389712698291362,-0.00984708897309694,0.0023037683067304027,0.0032943501894251437,0.018740748793684592
2014-04-09,2.2755501,-0.0024451373815745914,0.002611185375786862,-0.009840910109443435,-0.00459694631423424,-0.00046160440502496236,0.012880268631283665
2014-04-10,2.2920597,0.011183435914161377,0.008294896313236766,0.0032145884353669274,0.0032986970146793304,0.0018775940444035744,0.01421366345712971
2014-04-11,2.2822347,-0.0010605442314632896,0.004846294037526233,0.00445209754976883,-0.00032878513891165806,0.00032900148050685196,0.012361093769509557
2014-04-14,2.3125072,0.006445742257324083,0.008479974500323229,0.012689106493823044,0.0019733596447952806,0.0017756732761173843,0.012765533060736134
2014-04-15,2.2462149,-0.02049423762249114,-0.010880298144692824,-0.00582737269060829,-0.019366486131626504,-0.013863673873576565,-0.00744210771121967
2014-04-16,2.2608168,0.0023845966045674682,-0.008159409474838841,-0.0019950992093296094,0.011715481171548081,-0.0017174753112924046,0.003594345339387628
2014-04-17,2.2832115,-0.0074437505591338216,-0.01152478928205336,-0.00801469760842266,0.006782464846980973,0.004953764861294729,0.008484125405978649
2014-04-18,2.260645,-0.0041750613206527065,-0.011010942105674215,-0.010334617479829111,-0.0008215576733486829,0.0041281373844122005,0.006155068003574016
2014-04-21,2.260645,0.0,-0.005021243723445257,-0.009451730249926626,0.0,0.00452623232456717,0.0045760163877555105
2014-04-22,2.253188,-0.005745360569924252,-0.007763725627340956,-0.013974985468815704,0.002137806281861554,0.0027314312041333277,0.006033892149336806
2014-04-23,2.246121,0.0028111632473599713,-0.002051567469564919,-0.010471673479654497,0.0013127666557268824,0.002167914860070841,0.005934718100890191
2014-04-24,2.259674,0.004905816124954665,0.0032963900741098673,-0.0054563006870723685,0.017207472959685166,0.015377065270734347,0.021383730592968497
2014-04-25,2.247803,0.007903875375339098,0.009233376638238422,0.002138004523813075,0.0014499758337360724,0.01237785016286641,0.021713045908052564
2014-04-28,2.2260983,-0.0013838139658505222,0.006134908414642037,0.00015403305415384594,-0.0012870012870013214,0.006909527362377155,0.01906645764422965
2014-04-29,2.2351549,-0.002232677157251284,0.0014991690264734014,-0.0027086793250178376,-0.009987113402061931,-0.004825285792933842,0.008235178319498715
2014-04-30,2.2075253,-0.00030866081331981654,-0.0005708492016077704,-0.0032120991420291345,-0.014806378132118492,-0.018065646081992792,-0.006416041745294643
2014-05-01,2.2135904,0.01034271740241599,0.006892103191386889,0.006145264354306512,-0.0019818331957059954,-0.01477109690882994,-0.008295656883097635
2014-05-02,2.2087603,0.0,0.005608051010217441,0.005921038035982207,0.016051629985106564,0.003530334728033546,0.006829716234719285
2014-05-04,2.2166562,0.0,0.004049953136093354,0.005909441051710651,-0.005374592833876091,0.001443048768489108,0.0011721599711469466
2014-05-05,2.2153687,0.0,0.002051568446345353,0.00589784433483298,0.0,0.0027256009457508057,0.0010408726938933022
2014-05-06,2.2033017,-0.000534722056436232,-0.0004278233984704727,0.005251819023206483,0.0011462256427050566,0.0019337288191143553,0.0017695635076679928
2014-05-07,2.1649654,-0.015057763897382115,-0.012400580355558244,-0.00868536163310385,-0.008014393195943659,-0.006812301444338864,-0.006112449404322873
2014-05-08,2.1768157,-0.0009312053349446181,-0.010042588971202693,-0.008414664690105322,0.009892827699917506,0.0035061275312930906,0.0033581783929887976
2014-05-09,2.2103467,-7.765697067063648e-05,-0.006804902763800191,-0.006965780287176093,0.006693877551020577,0.008274193020898046,0.009470952743465766
2014-05-12,2.2730694,0.006447546370691226,0.0016699351442959198,-0.0003935020743740525,0.021569899448589114,0.02359517696382718,0.02851731204127783
2014-05-13,2.2496223,-0.0007718431760140865,0.003021597261902542,-0.0008374118514150597,-0.0044451500238134045,0.013871823061501587,0.022059602487104035
2014-05-14,2.2334383,0.00857405823827051,0.008948131624872069,0.007251374928372689,0.007813745814064799,0.013437670376190702,0.028085272515799398
2014-05-15,2.1844716,-0.009343610039140637,-0.0014204689488835909,-0.0023716282598073013,-0.004905063291139378,0.003190301483490199,0.021314603548374
2014-05-16,2.186183,-0.0001545815012562457,-0.002498913593605656,-0.0027296717557769856,0.0007950389569089111,-9.531979792209988e-05,0.02036184423837617
2014-05-19,2.1857786,0.00030921080078227803,-0.0018979402292074177,-0.0029249006428496704,0.006355258976803224,0.005141551352037643,0.024852760339136415
2014-05-20,2.1774492,0.000618419153066041,-0.0012652878907610798,-0.0027041375376116727,-0.006946637196084571,-0.002442351000729426,0.01618792206533337
2014-05-21,2.1803339,-0.005021243723445479,-0.003558718861210064,-0.007616235319144682,-0.0069952305246422375,-0.007089943725558601,0.008761658658699156
2014-05-22,2.2069561,0.005357161812160394,0.001562418417502709,-0.0020769013475741005,0.006083893691962716,-0.0008903586873569846,0.0143418642002211
2014-05-23,2.2167413,-0.0025484970004679974,-0.0007272615590541154,-0.004340034688264494,0.008115849777212025,0.005906824605417693,0.021527049907280382
2014-05-26,2.1881878,-0.02028488051030597,-0.016691517769526598,-0.02338502399161646,0.0031570639305447123,0.008410028562361171,0.023028195655148576
2014-05-27,2.188245,0.0,-0.01222424026367619,-0.02224555743208745,0.0,0.0063341250989708,0.02056383943985418
2014-05-28,2.1831214,-0.004820590697208305,-0.012561530014257305,-0.02508696330214144,-0.0012588512981903666,0.0018626089152671277,0.016797097154025442
2014-05-29,2.1523159,-0.0023822757751750245,-0.008914464632612251,-0.025421395509865108,-0.010083504017646128,-0.008208366219415897,0.0053926039716449825
2014-05-30,2.1402779,-0.008517131916191967,-0.010171685139695463,-0.03133994115117367,-0.006684704758873283,-0.011905892783635852,-0.0023976982097188015
2014-06-02,2.1892486,-0.0010436149512614845,-0.007877641357667664,-0.029910350295061616,0.015221919564172515,0.003738673087890554,0.010937462604408532
2014-06-03,2.1986198,0.0,-0.00452813305769173,-0.027484112095248592,-0.01041666666666674,-0.004034691997331419,-0.0008366200549778657
2014-06-04,2.1889482,-0.00024113864530328488,-0.0023257874386724,-0.026021060737854262,-0.014035087719298067,-0.012838528359734314,-0.015777491203770033
2014-06-05,2.194122,0.007234726688102988,0.005424304525697199,-0.017651700210573273,-0.00048527984471047336,-0.010029479620610071,-0.016677806422865094
2014-06-06,2.1780977,-0.0007182956217578473,0.00365516206611205,-0.017000937553817375,-0.012623401844958804,-0.018121539848075296,-0.028588260582273817
2014-06-09,2.1872458,0.0011181410760809918,0.0032976317061947924,-0.014272799918532142,-0.0027864284543518414,-0.012850467289719614,-0.029634119110657497
2014-06-10,2.2294505,0.005025966356701161,0.005844439764926435,-0.00796116327909413,0.0032873109796187627,-0.004241435562805873,-0.025145932651382652
2014-06-11,2.2316744,0.0007937767592010037,0.003949574883609586,-0.005415441572485524,-0.003931847968545177,-0.004844834359041594,-0.027114386065973828
2014-06-12,2.2015636,0.010152225778948587,0.010825713288193706,0.005471008301088709,-0.0074013157894736725,-0.0075319036968819475,-0.03234857898745336
2014-06-13,2.2186635,7.849842011142805e-05,0.00745083862173046,0.006328518494162383,0.0038111019055508955,-0.002338526398998786,-0.02681949252604454
2014-06-16,2.2336776,0.0009421946205487863,0.004997804281729579,0.008025311017249237,0.005942555298778629,0.003259688518652659,-0.019145494491344728
2014-06-17,2.246631,-0.0025100581856668525,0.0005979518650285343,0.00640224542677581,0.004430587463078561,0.0071409767013295156,-0.013457974051091948
2014-06-18,2.2195632,0.0005505019022311597,-0.0006754008980046633,0.007578227745997035,0.00016337199803939662,0.005915215248110339,-0.01230982688801785
2014-06-19,2.2665555,0.03245828824691421,0.025302799698208256,0.03950872671315642,0.004737014047696775,0.006842139723695517,-0.006565293580871101
2014-06-20,2.2813408,0.0019030220696665268,0.020484091165318796,0.04047426468088844,0.012680864900016298,0.013933652374906513,0.006894210641169574
2014-06-23,2.2898479,0.0013676104656610288,0.015095521243534638,0.03973556552240498,0.009311285920693413,0.01698479456486579,0.01682853654000116
2014-06-24,2.2876382,0.00220032201370457,0.009677149662287166,0.0397471824632083,0.0006362334976937056,0.012065637065637347,0.01800234637323528
2014-06-25,2.293196,0.0009841219878765628,0.003034422439705642,0.03820026789044406,0.006358289620092217,0.011697401642749794,0.024607740797384592
2014-06-26,2.2900138,-0.004613504621998499,-0.0019565056882830945,0.030990003730032356,0.0009477175801611004,0.006671961874503474,0.025130830765248913
2014-06-27,2.2946823,0.0022034985699102005,-0.0001819155242045456,0.030299718417587718,-0.00015780337699222713,0.0031030333734407556,0.024182076813655584
2014-06-30,2.3223517,0.0021228573374716397,0.0013636733546400492,0.029371148593152485,0.011205808080807955,0.01050406914390245,0.03506490359372849
2014-07-01,2.3327227,0.003480084291127117,0.004011826821635367,0.02966179537552427,0.00015607928827843232,0.006945535686225135,0.03407376328295819
2014-07-02,2.3749418,0.003241802381383385,0.005972143311063549,0.02953517916919135,0.019038701622971166,0.019738896870510336,0.05081063684274034
2014-07-03,2.367146,-0.007740232310628703,-0.0024628570233375946,0.01890973372781568,0.004441041347626351,0.017214640198511155,0.05226005695263303
2014-07-04,2.337723,-0.0029536688442527437,-0.005033412222611333,0.013382189960947644,-0.005641103826802829,0.005674458767655599,0.04280255184433113
2014-07-07,2.3572228,0.0,-0.004235685651614807,0.010930957756017268,0.0,0.002120401954457396,0.039163825244574735
2014-07-08,2.3559623,-0.00037979491074813243,-0.0030454047151236008,0.00837117112396557,-0.0012266176019626318,-0.0023585628082212207,0.03451014023218524
2014-07-09,2.3456948,0.005927088775171008,0.003913148488113416,0.011905486444844016,-0.002763279091188231,-0.004078128353723898,0.028254847645429404
2014-07-10,2.380874,0.011255402473311582,0.012402594851300686,0.02075514582617277,0.0058497536945811834,0.002516263655333306,0.03020126291890346
2014-07-11,2.3858316,-0.0012698522700227421,0.007991556091676566,0.017004594370223725,0.0006121824303644274,0.002637713164029165,0.026945943186548194
2014-07-14,2.3457384,-0.02296181837836575,-0.013636745903174763,-0.007532923980772099,-0.00611807892321814,-0.002762430939226679,0.017434805414419108
2014-07-15,2.329522,-0.007195915228277894,-0.017901759865011413,-0.015616976098929647,0.00015389350569394722,-0.0021495470597266975,0.014588911178587294
2014-07-16,2.2905731,0.0020818498890033954,-0.012236850660532483,-0.014584858612536,-0.01077088782889668,-0.010862206905040361,0.001261505396439766
2014-07-17,2.2629402,0.01315787619819564,0.004118013552867339,-0.001732427882764509,0.0018665422305179646,-0.006171887054466918,0.0008701867793765583
2014-07-18,2.250834,-0.005696058538868343,0.002649808509639806,-0.0071551615148901515,-0.011178388448998655,-0.012129296438764037,-0.011393269588973243
2014-07-21,2.256892,0.003437213693731067,0.004957069669968783,-0.003580076123536724,0.004553305071439695,-0.004543191436395477,-0.007746648159492664
2014-07-22,2.2730207,-0.00578516850758648,-0.0022611533771476067,-0.008788186171308832,0.0028133791809941133,0.0008423548497802358,-0.005918626630721069
2014-07-23,2.2645583,-0.0012250023856097414,-0.004228852527291882,-0.009337060941740027,-0.0003117206982544696,0.0009988139084837755,-0.006867079052699343
2014-07-24,2.2928488,-0.010655442249185465,-0.010898051406681653,-0.01894309445979203,0.018553164951668366,0.016651104886399093,0.01002605072547813
2014-07-25,2.3071241,0.009685417818426023,-0.00038355324437244764,-0.00884216727035303,-0.007959589774988562,0.005055517647788443,0.0008648114402201035
2014-07-28,2.349482,0.00015353637167980771,0.0013676729651606045,-0.007992042256917964,0.0009257830581701487,0.003216726980297402,0.0011729481124795882
2014-07-29,2.33874,-0.003836415109855884,-0.0012769323094786733,-0.010739865925657344,-0.007553568675813249,-0.00503817265786799,-0.006619451002175647
2014-07-30,2.3741133,-0.002618827918193012,-0.002419024220316923,-0.011982995929255447,0.00838769804287054,0.0008942061607721818,0.0020064824818646354
2014-07-31,2.383513,-0.010502722472409798,-0.011479871724934587,-0.020899362833358914,-0.0030807147258162804,-0.0003089280197712263,-0.00040928853297073076
2014-08-01,2.3594737,0.009599567852246693,-0.0005254301198689415,-0.010634776315456729,-0.004789864029666302,-0.0038663779771109796,-0.004574537137205237
2014-08-04,2.3844695,-0.004560934234240421,-0.0026798061956535557,-0.014061356224621235,0.009160068312373815,0.004854218841789715,0.004714429244918383
2014-08-05,2.3690064,-0.00287330225376492,-0.0033377318947449552,-0.015688421226589755,-0.01215384615384607,-0.006836602115943835,-0.006782833321732129
2014-08-06,2.380134,0.017679089697721917,0.012427723802054036,0.002370309937060222,-0.012303379535897885,-0.014482844356041857,-0.01783294487506104
2014-08-07,2.3453813,0.003137749911579224,0.01098295770149127,0.00659265368190165,0.0033112582781458233,-0.007858546168958758,-0.013274199050956836
2014-08-08,2.3468847,-0.0014495150620119635,0.0071405713452710184,0.006219222538766278,-0.0006286342920006627,-0.005940284508363369,-0.012523972576149345
2014-08-11,2.368659,-0.00030561876889079187,0.0036202389203014995,0.0058266495336092294,0.0003145148608272308,-0.0012874458330716099,-0.011161547071259825
2014-08-12,2.3691647,0.00022930747277416508,4.587173847769854e-05,0.005597363465448035,-0.005816695488130796,-0.0040631200982708116,-0.015574287248698138
2014-08-13,2.3593102,0.003056234604805752,0.002168016255714056,0.008159463073799555,-0.012808349146109954,-0.013744075829383862,-0.026774231263883896
2014-08-14,2.3427112,0.0008378850891417322,0.0025332257801675695,0.009112674174336144,-0.006567355438090727,-0.015211661215027594,-0.03136127944024503
2014-08-15,2.3361564,-0.0071542919852327636,-0.003970393461959931,0.00207404661532129,0.003869719445340314,-0.00720755198367129,-0.026525841783087034
2014-08-18,2.3603177,-0.00521276261259096,-0.0075256308536059136,-0.002536552587362517,0.002248634757468615,-0.0011205378581718994,-0.0231302101678994
2014-08-19,2.3566349,-0.0020035259950419437,-0.00743410822659607,-0.004113983999745163,-0.00576923076923086,-0.0030531897798491414,-0.027151627294324188
2014-08-20,2.3800068,-0.0013126022731224651,-0.005780502053431613,-0.004996544239004197,0.02659574468085113,0.019333568067603446,-0.0009255047137993744
2014-08-21,2.3508363,-0.015231229990978257,-0.014835119722343526,-0.019514302615399437,-0.00047103155911443206,0.013532876930425042,-8.638901759971951e-05
2014-08-22,2.3684285,0.0038470790625015905,-0.007066863533843781,-0.014813268681960201,0.009110901665095872,0.016359206404455318,0.009475619529519141
2014-08-25,2.3559768,-0.001016679792455566,-0.004923533688399373,-0.0148280651625593,0.004358655043586568,0.013987112997014162,0.014154465218997325
2014-08-26,2.3415194,0.005088859118077549,0.0019042572297431892,-0.00926065536260845,-0.008834469931804145,-0.0009685683934262945,0.005534765244189943
2014-08-27,2.3359756,-0.0014800002662385126,0.002220392027546758,-0.010230461048536088,-0.0037529319781077763,-0.004780054986253224,0.002714932126697045
2014-08-28,2.3129647,0.00530456870918683,0.005179119039415259,-0.0052643340453270016,-0.013027782137811972,-0.0153460695270905,-0.008913161689954263
2014-08-29,2.3354623,-0.002250254096085813,0.0017919940555610747,-0.007203876073839988,0.002862595419847347,-0.008864579403998318,-0.0050175139638359845
2014-09-01,2.3760493,-0.017187818336445004,-0.013335665489640602,-0.023362974501604072,-0.0009514747859181716,-0.005053695514845247,-0.004393312051581888
2014-09-02,2.374283,0.0,-0.010229044087790129,-0.022596265968269025,0.0,-0.002059242832251007,-0.003440503025269881
2014-09-03,2.3793619,0.004114958805977009,-0.004128179347940075,-0.017137531484559876,-0.008095238095238155,-0.006297109054479555,-0.010780263095407694
2014-09-04,2.4143963,-0.0029947582591305366,-0.003418841915982296,-0.018343519104462302,0.0076812289966394776,0.0010492178557801601,-0.0026608381640216283
2014-09-05,2.4337635,0.0005533738484686523,0.00028453233383540777,-0.01615513531933166,0.0058758138796251025,0.0060355781448537815,0.0033979928871850085
2014-09-08,2.4316278,-0.015010269605843618,-0.01209131168044375,-0.028593655707727872,-0.00047363435427838496,0.0045698327568151065,0.0031611221587533045
2014-09-09,2.4249148,0.0,-0.009438443601418323,-0.026241765944410855,-0.020849786763544542,-0.013212352753900092,-0.016780865372414744
2014-09-10,2.4333308,-0.002646814805009612,-0.008056815744545975,-0.026183794450164943,0.002903694144216873,-0.009337752565491741,-0.013722535099548017
2014-09-11,2.420107,-0.0049054890116104755,-0.008541263620088113,-0.028049405899982727,-0.005790574231944623,-0.01141961486789067,-0.01927028377853046
2014-09-12,2.4580476,-0.006061095726542676,-0.008848562813146499,-0.03110178222193971,0.004691797443779233,-0.00282612884578326,-0.014543809954535636
2014-09-15,2.4566324,0.0030083349039997653,-0.0037472856696667556,-0.02572711541497219,-0.006602254428341392,-0.004229080578512456,-0.020498245502611923
2014-09-16,2.4351315,0.0012969970959813004,-0.0005825975371844816,-0.02215048813532572,0.025611930620846213,0.0170717592592593,0.003608676686362333
2014-09-17,2.472396,-0.0006476091235703141,0.00024311191480630434,-0.020496243041881912,-0.006796269954164713,0.007988194154823436,-0.0025396825396825085
2014-09-18,2.4691384,-0.007048017717204091,-0.004919817376562885,-0.025544035033518764,-0.015436028007638325,-0.007762132341148975,-0.016539369421638694
2014-09-19,2.4735808,-0.00848486804116022,-0.011018473937902673,-0.031374876519788875,-0.0008081461128172096,-0.00767279848470237,-0.015440479698038634
2014-09-22,2.4368372,0.0012342630953123823,-0.007082903042157418,-0.027835447476067587,-0.017146554513102652,-0.02176713034518296,-0.029416228045653914
2014-09-23,2.4402936,0.003451636261783575,-0.001341371645609768,-0.02202643649906033,-0.0011520737327188613,-0.01470874732125449,-0.028003555498610666
2014-09-24,2.4828742,-0.001965621960739128,-0.0007216430719251266,-0.02146814150212839,0.006096556269566733,-0.0029392553886350425,-0.019998074021763568
2014-09-25,2.4600198,0.0021335759379834673,0.0021499994079701157,-0.016715556401993736,-0.007533573534228677,-0.006329321483619199,-0.0255981476717263
2014-09-26,2.4758928,-0.005813933728972209,-0.0034801571666558395,-0.01960232111764404,0.0013201320132012473,-0.0012837815596299373,-0.022441319092036838
2014-09-28,2.4801455,0.0028004484658863404,-0.0008042647269208558,-0.01501943862558841,0.007415952537903836,0.004898737506575657,-0.013706144773675155
2014-09-29,2.4780061,0.0,-0.00022991055300669583,-0.013175229132591615,0.0,0.0034471437951411055,-0.012216010083055728
2014-09-30,2.4837754,-0.005749486652977476,-0.00465398090690039,-0.01652130756893211,-0.016031408473744624,-0.009680924627086918,-0.026210558694490738
2014-10-01,2.4720435,-0.004295705222531976,-0.006331477867542734,-0.018361404217642097,0.009476309226932766,-0.0006912214871136468,-0.015188990617372111
2014-10-02,2.4745367,0.0,-0.004887609689126604,-0.015937001665034756,-0.012351778656126466,-0.010722533817222102,-0.02468774395003903
2014-10-03,2.4935255,0.0,-0.0028789195588995176,-0.014267045370538356,0.0,-0.006921905014241281,-0.022031604181275477
2014-10-06,2.4777036,0.0,-0.000862103719265761,-0.012591411604996883,0.012339503084875636,0.006732555054391076,-0.00892959172012997
2014-10-07,2.4499018,0.0,0.0,-0.01104397980705707,0.0011530225662987892,0.005791825252358107,-0.006659856996935609
2014-10-08,2.4334128,0.0,0.0,-0.009739895125269626,-0.011681474169134676,-0.0038142620232172186,-0.01686565576386445
2014-10-09,2.4604287,0.016012549552766764,0.01276914632455961,0.006335796158138285,0.008823039786915343,0.0028795551583753465,-0.006972495104505594
2014-10-10,2.443691,-0.002939715546062205,0.007176421191728011,0.0038971849738680397,0.0016501650165017256,0.00211318761143775,-0.004526371031225329
2014-10-11,2.414087,0.006797746787980952,0.010023846988201024,0.010966626522180611,0.0018121911037891625,0.0035978346976497377,-0.0007066208732517953
2014-10-13,2.4142833,0.0,0.0060561619332244465,0.011178679768685251,0.0,0.0034984652958844897,0.0009629391866867731
2014-10-14,2.475806,0.003497865929405597,0.004920301877108013,0.0143860589753666,0.016280217069560843,0.014045681281176003,0.01731744254954881
2014-10-15,2.5051465,0.008511673320204638,0.010264211358936626,0.021810250845217816,-0.026213592233009675,-0.011173184357541999,-0.00801107704480275
2014-10-16,2.4737234,-0.002893638498981499,0.004160722537351891,0.017862848061034553,-0.009139248919906917,-0.016752959799492206,-0.01616083287273451
2014-10-17,2.4729676,-0.0017734390744661432,0.0009214968585316008,0.01533708747120821,0.007378836156297197,-0.007074614036827631,-0.008394067202060262
2014-10-20,2.5084217,0.0046030452613397,0.0031449076687364297,0.018949666895176298,-0.0051606459131012805,-0.00875796178343946,-0.012451766961091404
2014-10-21,2.539253,0.00562700964630225,0.00596664073726938,0.02343425805896704,0.01338688085676032,0.008660892738174608,0.0008015005412194132
2014-10-22,2.4867752,-0.004955996140587504,0.0008683861961811257,0.017084891388627232,-0.0034676354029061773,0.004594333655158822,-0.0023968923051491675
2014-10-23,2.4838855,-0.013094511719749735,-0.01032773122928532,0.0033157845049476276,0.0074565037282519064,0.008158121642236615,0.005315938722025182
2014-10-24,2.4882061,0.0021977624516686944,-0.007016734275445691,0.00495862281035242,0.00032894736842092875,0.005987627774653559,0.0059044374245404985
2014-10-27,2.5054393,-0.001705633259600714,-0.006322170845422526,0.0024835414835797653,0.007563301545544299,0.008525065007735089,0.012566197671824764
2014-10-28,2.5603974,8.134048321806198e-05,-0.002726061384127343,0.0015888685642277967,0.009464751958224493,0.013732752122185499,0.02118808448820908
2014-10-29,2.5853415,-0.003986253285381713,-0.003386302014751319,-0.003175348754392182,0.003718073068218475,0.011732116669382453,0.023194495941993187
2014-10-30,2.5355117,-0.02140004263437345,-0.01986289473875502,-0.02422142359917745,-0.01401191818328229,-0.0038077261040777577,0.007819573627459109
2014-10-31,2.566191,-0.022535681954918285,-0.032436638884935864,-0.04488107221724369,-0.004573668735707193,-0.008751097953739517,0.003020252977047777
2014-11-03,2.5916567,-0.001451585011795764,-0.024215192354402615,-0.044869238471276884,0.006071545782737164,-0.002830004554030374,0.008670187387920913
2014-11-04,2.6055226,-0.0017102787397341723,-0.01573274977481931,-0.04502468662463599,-0.015331919752079592,-0.013336384140162805,-0.007039705253462425
2014-11-05,2.5925598,-0.018845296847618598,-0.02125985265487096,-0.05997634772494986,-0.0036441941361603503,-0.010658245337017758,-0.010291976207517983
2014-11-06,2.620797,-0.0027064567136911855,-0.014510982831551056,-0.05948314641320518,0.0028262676641730433,-0.004916031541786214,-0.007184416482187039
2014-11-07,2.6503615,0.02389908569628374,0.009302528324500292,-0.03463305816413709,0.00696286472148544,0.0026742381722737463,-0.00021398120257443143
2014-11-10,2.6870482,-0.008549931779017084,0.002368450631176966,-0.04012584021195886,-0.005432993085281446,0.00019868207556550388,-0.005318360693527424
2014-11-11,2.7181635,0.0027596354859962258,0.00593459357125381,-0.03464818764676725,0.004800529713623547,0.0039031489812120235,0.00036256962984948515
2014-11-12,2.6842172,-0.0033539940233000554,0.00022440944757451398,-0.0344712515707295,-0.0029654036243823567,-0.00029733390597641574,-0.00288326880303158
2014-11-13,2.6645017,0.0018983097122526882,-0.0011183967774109904,-0.029428138437257,-0.010079312623925918,-0.009031361651449132,-0.013161145793869178
2014-11-14,2.6915822,0.020583950492292002,0.01674845989241147,-0.0072383653561663985,0.016357870138541175,0.00667923155771577,0.002304526748971192
2014-11-17,2.6876044,-0.0016877637130801038,0.010972849975403598,-0.006374992588416117,-0.0021349975365414497,0.003368782614439514,-0.0006578947368421906
2014-11-18,2.7005956,0.011580685690511405,0.01678926801829972,0.007429191768389076,-0.012179065174456882,-0.006620324395895438,-0.012390370723841082
2014-11-19,2.7239866,-0.002590436794872253,0.00821028759464193,0.0069896856731281876,0.013662112629123646,0.005885854110177835,0.0006990419013939153
2014-11-20,2.673067,-0.0024296451687166876,0.0007564091480958268,0.0061473750452383236,-0.007396449704141994,-0.0031363486299108567,-0.00636754035243603
2014-11-21,2.6855226,0.005710967587957416,0.004361339025866329,0.013336270000971595,0.00463652922669322,0.0022135588740583856,-0.0016373345181381893
2014-11-24,2.8093739,-0.001670146137787043,0.0005858925580570773,0.013084082566437116,-0.008406131531234595,-0.004237288135593209,-0.009116588567616768
2014-11-25,2.7794988,0.0013383317322772648,0.0018579230997883833,0.015821543313876196,-0.01146941489361697,-0.013862633900441068,-0.01854969138858631
2014-11-26,2.7719388,-0.00041767605897369275,0.000936858111792338,0.016592029828103483,-0.0035311921977467797,-0.012168694782463851,-0.019726231338654365
2014-11-27,2.8130476,-0.017884025447671648,-0.014408183279059461,-0.0006165722544996255,-0.03611204859939254,-0.03734663610624245,-0.05191086767085773
2014-11-28,2.8126652,0.0,-0.010707808476122294,-0.0007907642094818756,0.0,-0.025688261181045946,-0.04889562328807051
2014-12-01,2.9046905,0.03641937594146927,0.02145219798842457,0.033464574422069404,0.01908263305322122,-0.00044645923483754846,-0.02823802408954712
2014-12-02,2.8665736,-0.015435179661843157,0.005331801024279548,0.01614198498152941,-0.002748668613640315,0.001691054665930558,-0.029028777880924395
2014-12-03,2.930106,0.007755211146428964,0.011110949969370676,0.021292070694908682,-0.007407407407407418,-6.941552131056739e-05,-0.03417757588963943
2014-12-04,3.1009798,-0.0008274720728175256,0.004843235824715686,0.017643379123036596,0.01475182228392935,0.009949217535496047,-0.01840799778398916
2014-12-05,3.0561147,-0.014409958106884058,-0.012086406075300982,0.002113516860716036,-0.003420557550880887,0.0025118711719771536,-0.019733189778443294
2014-12-08,3.1902552,0.003865200974962235,-0.0044166871015765,0.004502451634021076,-0.006178136262227518,-0.0026522457977403713,-0.023736471222900235
2014-12-09,3.0233881,0.03080275410744604,0.02075494832192115,0.032461996483235334,0.013814539803142845,0.008832222145851887,-0.008586843638390018
2014-12-10,3.2467425,-0.0021112266227669707,0.015166813428553194,0.027267900891002617,-0.011241696474195373,-0.00398064582546942,-0.017683391149843408
2014-12-11,3.2064588,-0.0030922359448537495,0.009093447084641548,0.021359251954480518,0.009646856158484152,0.005144915108900694,-0.007115026257835
2014-12-12,3.276867,-0.002530385803374946,0.0012782355364522324,0.017205946631902558,0.0037536256611501173,0.006983670535072317,-0.001646104502180612
2014-12-15,3.3135154,-0.012111332919905848,-0.012870655296408628,0.0038751087112924854,-0.018357980622131453,-0.010960780955643123,-0.01746446283803893
2014-12-16,3.4314291,-0.011017169728098297,-0.017705789595019894,-0.007069159518322432,-0.007099567099567161,-0.013352605134558493,-0.02221085390288613
2014-12-17,3.4245825,0.0003350568773619056,-0.01175006303009929,-0.006765385756851594,0.0034879665155214123,-0.008170441617540547,-0.016031807105296947
2014-12-18,3.3815446,0.0003348424410953843,-0.006420422129257863,-0.006598040366643687,-0.005908932916232179,-0.009214993417861916,-0.019170753455193923
2014-12-19,3.448008,0.001004497607127508,-0.0010858466304187742,-0.005534019011614766,0.011363636363636465,0.0054574527252502225,-0.005620777970675728
2014-12-22,3.4413314,-0.013546344101903252,-0.010069689374947455,-0.018360522440202476,-0.0039757994814175746,0.0019127108328986786,-0.00740740740740764
2014-12-23,3.354341,-0.0015257496247453872,-0.008918784674747604,-0.01907467275230601,-0.0019090593543906742,-0.0005908522174334907,-0.007627001656543175
2014-12-24,3.3387322,-0.0037354820637270914,-0.009152768903995079,-0.02179801447010199,-0.004173187271778844,-0.0038267524786920193,-0.010068709217406213
2014-12-25,3.4976122,0.01857694829835954,0.00915188269179712,-0.004460018806670241,-0.01396891915488041,-0.015241350446428381,-0.023348322379799336
2014-12-26,3.4948487,0.0,0.00925412807481707,-0.005292635806625978,0.0,-0.010478727132543608,-0.02279904823707557
2014-12-29,3.5177014,-0.011377977997728328,-0.002566017386915753,-0.015122823380648853,0.0021250221356472476,-0.004783510956350545,-0.019347907081524562
2014-12-30,3.5063426,0.015655412341901265,0.009249874850214557,0.0002541522849319744,0.00865877363491796,0.005354375088065355,-0.010024627978771461
2014-12-31,3.5782816,-0.013581009349231676,-0.006195000703865583,-0.012317846912137553,-0.009985984583041452,-0.0020132805877366433,-0.018966190703528563
2015-01-01,3.6675985,0.016893318344087582,0.009136650808099223,0.004518226649895096,-0.0028313572818969845,-0.00441696113074197,-0.019940344194864235
2015-01-02,3.6675985,0.0,0.007683833311900479,0.00394022925266313,0.0,-0.003994626696832704,-0.01830123430980557
2015-01-04,3.6587367,0.0,0.003952779120247607,0.0035552653423194247,-0.018278615794143693,-0.01779056141472246,-0.03406610675560062
2015-01-05,3.6615841,0.0,0.00333361106643304,0.004711033551495047,0.0,-0.011613364302304752,-0.031198830153323587
2015-01-06,3.68915,0.012791780132704877,0.010207310172668738,0.01797085647548502,0.00036153289949392153,-0.007104923209415803,-0.028543341642383036
2015-01-07,3.6711628,-0.00713530131533191,0.0018868809734462477,0.011319468203778715,-0.003071919045897986,-0.005945945945945885,-0.02859456984892772
2015-01-08,3.5502157,-0.0018172403900885703,-0.0006781190386719871,0.010055431861544228,0.003987674460757651,0.0014826064945396844,-0.021758327151990553
2015-01-09,3.584725,0.0062892878454074985,0.00359841644288017,0.016034282866779437,-0.005416140097490363,-0.0031124461655387403,-0.024765883623360296
2015-01-12,3.5673177,0.013733512476870935,0.01256772726455968,0.028321121914911984,-0.010528226538391805,-0.010707803992740517,-0.03261014241980564
2015-01-13,3.597445,0.0012980430920994657,0.011389748302298441,0.027940905728979226,-0.029902770133920287,-0.03164371520656328,-0.057641073162907897
2015-01-14,3.6294167,8.099779792813955e-05,0.007541883978244623,0.02632750721591437,-0.0523827534039335,-0.06504216732591983,-0.1013271162123387
2015-01-15,3.6621099,0.024546278482289408,0.022872451243403757,0.04852110578664792,0.020953901416882692,-0.030142180094786863,-0.07695916139683012
2015-01-16,3.7485676,0.00964661478074924,0.022665404784608656,0.05438737453278475,0.02306489444878812,0.002681992337164818,-0.05114980557091442
2015-01-19,3.563918,0.013548380003948202,0.026409668627071836,0.06356571860162319,-0.008788689338937727,0.003986530943994815,-0.05466472303207015
2015-01-20,3.5695245,0.0,0.01674939588198554,0.05831696954022858,0.0,0.007887477172941804,-0.049999542212578296
2015-01-21,3.6961966,-0.0003863390657272703,0.006974162546458551,0.05366890708059646,0.007131842713955283,0.0067049439327966365,-0.03951323082013625
2015-01-22,3.5762415,0.005410837338023722,0.006780489483503516,0.054842533998437304,-0.01301435406698559,-0.00796398891966743,-0.04772456582555462
2015-01-23,3.5579224,-0.006227397470600304,-0.0019149246014933397,0.04358074363529285,-0.029862323056040307,-0.02895850316369697,-0.07053217281450586
2015-01-26,3.645056,-0.010211938280357158,-0.009844245563467857,0.029631915587678526,0.016590045972416645,-0.008924743754627928,-0.0496211378011977
2015-01-27,3.6633425,0.009613824076207589,6.192260151149931e-05,0.03504087135571021,-0.03165552497050739,-0.03035911167112937,-0.07342081745919771
2015-01-28,3.5950398,-0.004490150171911567,-0.0032246259745559724,0.027019279616000036,0.0069035532994923265,-0.013330680461599909,-0.06105330922379271
2015-01-29,3.5429952,-0.02434096604235414,-0.020486567290607494,-3.998939804183976e-06,-0.010082677959265984,-0.013543927337030803,-0.06408777632670193
2015-01-30,3.4791157,0.019049916211659745,0.0003755847988657912,0.01602515123703596,0.01670401303727842,0.003417772416566045,-0.0435215883175869
2015-02-02,3.4664595,-0.0017990213751466477,-0.0009237887824435909,0.011292019110700435,-0.0012021638950109326,0.006298195324801359,-0.039637817271107156
2015-02-03,3.6346707,-0.012929008487148841,-0.00887506449371056,-0.0033782698924937904,0.03630892678034092,0.032786885245901676,-0.0012276818080755314
2015-02-04,3.5701604,0.00325482084240436,-0.0021790807820850633,-0.002234226075603196,0.0032907471931860055,0.026987397955139825,0.005304859717009558
2015-02-05,3.5561469,-0.001424314573965968,-0.004763249014929416,-0.005759022962021243,0.0017364460737026022,0.017360975036250448,0.010450927349512584
2015-02-06,3.4586759,-0.0222662247115194,-0.020029838935865518,-0.02858197105348681,-0.0030816640986132127,0.006925531087075054,0.010611814551951149
2015-02-09,3.4546041,0.00559204496112975,-0.008977321562257279,-0.023461127196721665,-0.0015455950540957941,-0.0017384585667375996,0.011845325501713244
2015-02-10,3.4636865,-0.007414629980774579,-0.011890088183023617,-0.030598801692714783,-0.01044891640866874,-0.010180776526148683,0.002981093590648909
2015-02-11,3.5052109,-0.010230574728570474,-0.014917661677908756,-0.03993446281498059,-0.005084082909659671,-0.011578211205221733,-0.002871057195770743
2015-02-12,3.5905771,0.0009023589712366942,-0.007306301673772109,-0.03737747305729833,0.023781446540880324,0.011259949524364155,0.019912674015624576
2015-02-13,3.5831888,0.005245491797497115,-0.0008960573476702871,-0.03040028062695721,0.00249568055288929,0.011976279989147631,0.02257818160455871
2015-02-15,3.5633202,-0.015002058225896842,-0.010613737180072857,-0.04168485520634568,-0.009574875526618287,0.0021313698895562005,0.012945807790986752
2015-02-16,3.5666153,0.0,-0.006790760848021216,-0.038401087161266556,0.0,-0.00011599582415044996,0.013104542516307216
2015-02-17,3.5685043,0.0,-0.005007498872173111,-0.0351140036590335,0.0,-0.0033529887848307016,0.013630706817313154
2015-02-18,3.5954788,-0.005876976847461579,-0.007733224383523973,-0.036950310281949394,0.01179427687548329,0.00746987023988277,0.024822521419828547
2015-02-19,3.5617251,0.0,-0.003534494966511259,-0.03340039766627301,0.0024842346646285485,0.00904020003846906,0.024929665520475153
2015-02-20,3.5377145,0.0,-0.0023591093977712863,-0.030341191443432614,-0.009531071292413373,-0.0014989046466042932,0.014071312867151686
2015-02-23,3.5898628,0.0,-0.0011809476912840733,-0.02677778788288787,-0.0015396458814472824,-0.003648934127136627,0.009918143681684866
2015-02-24,3.663984,0.0,0.0,-0.02341843717630454,0.020817270624518214,0.012271111281012326,0.02757135373212516
2015-02-25,3.7060845,0.0,0.0,-0.02128560794471701,0.003398791540785373,0.012576219512195008,0.02702859406859104
2015-02-26,3.6647196,0.007160679089040389,0.005720350951744058,-0.01150225213455447,0.014113662024840101,0.021301595724519506,0.03753333140805348
2015-02-27,3.7093177,0.002480158780217012,0.0062736385620629775,-0.006468702913846935,-0.0011133791055855102,0.012984569062852724,0.032422635429952384
2015-02-28,3.680829,-0.004040924057989392,0.0010941583286319112,-0.008371036900707285,0.0022292402006316436,0.007394405646636848,0.032456845408963764
2015-03-02,3.6840138,0.0,-1.6576302235282725e-05,-0.006081886215748344,0.0,0.003683583866646689,0.030366692131398088
2015-03-03,3.5589502,-0.003063634446854535,-0.0035751877051333203,-0.006756358574443677,-0.015199258572752505,-0.011534883720930145,0.013534781240163385
2015-03-04,3.5823264,-0.002823940543241421,-0.004906669811472142,-0.008198932122108982,0.0011293054771315258,-0.007834359261331802,0.01329726434504308
2015-03-05,3.5400112,-0.003914668721845649,-0.0060505960644817725,-0.010245938272405941,-0.0026320736980636195,-0.007557900250682814,0.009313077310908247
2015-03-06,3.4767902,-0.026590892364690366,-0.025417351889514328,-0.03386574994797786,-0.01639962299717246,-0.01732580037664777,-0.008220479923972568
2015-03-09,3.4932337,0.0019758172634332105,-0.016691936929638884,-0.029839232906909707,0.023572249904177944,0.00788798309178751,0.01272303229109406
2015-03-10,3.43544,-0.0054012763170934175,-0.014710145575136058,-0.03266557929230651,-0.01741246957498599,-0.0072263629828609455,-0.0052787702455527885
2015-03-11,3.4779518,-0.008102770978263951,-0.014339100255713721,-0.0374618123426429,-0.006859756097561065,-0.010028870992250472,-0.012008681888405648
2015-03-12,3.5271652,0.0012166720026682842,-0.005678880272144249,-0.03402827256491536,0.020145817344589423,0.009454738760631853,0.00651194487562945
2015-03-13,3.4307773,0.00043399011422207145,-0.0032688259453267365,-0.03135532117969553,0.0018807598269701131,0.0071847230100208215,0.006927707996635446
2015-03-16,3.5333765,0.000607386133104626,-0.00039864142393319923,-0.028529983489295252,0.0015017833677493098,0.008926207496501304,0.00688874209682
2015-03-17,3.6133876,-0.004335385232212885,-0.002692332092995353,-0.030590014552834943,-0.012933458294283051,-0.004800241901954161,-0.006443213871305642
2015-03-18,3.8600333,0.002699621574606015,-0.00012156784184147451,-0.02593362276007649,-0.023737181921762218,-0.025809141211248332,-0.02906570473474479
2015-03-19,3.7845676,0.015372547156998984,0.012260343184845146,-0.009623380674797621,0.034818128768722145,0.007995755807344018,0.003565297768387765
2015-03-20,3.969379,0.013429196450302383,0.020165681293339288,0.004365748279817616,0.03796992481202999,0.03859464339452301,0.038399338072135025
2015-03-23,4.169266,0.002700836461848599,0.01684468308318965,0.0076335930026356635,0.01032234697573342,0.03977188012524202,0.0463338928534589
2015-03-24,4.194346,0.003114437013362892,0.012489338293861563,0.011170614205135099,0.004839576985122829,0.03172850412249706,0.04852661996988705
2015-03-25,4.1506095,0.004699251393559978,0.009374668178133039,0.016452775902670025,-0.003924366749910813,0.011191191916265275,0.04251068834829996
2015-03-26,4.0229673,0.006514596541983719,0.009820820405211927,0.023400363113944334,0.006805157593123168,0.007057643391967794,0.047268662972104414
2015-03-27,4.089117,-0.004397914584004181,0.0028586602345024303,0.019241429578324754,-0.01547491995731054,-0.008988039819522897,0.029719547928003465
2015-03-30,4.1358047,-0.012502083171817557,-0.009149117438818077,0.00747874703661533,0.005420054200542035,-0.0031169389509888568,0.033666124912932416
2015-03-31,4.0047035,-0.001434903082481287,-0.00914561210590037,0.006927871500695737,-0.014914645103324409,-0.013602994098171783,0.016653684952338654
2015-04-01,4.221803,0.021130927661137555,0.009965030893734683,0.02787713445250839,0.0032834731849689103,-0.00736355760900953,0.018282804906271766
2015-04-02,4.382893,-0.005959731245241295,0.004651404368204215,0.02153397727352191,-0.005090909090909035,-0.007040720040647486,0.011535048802129744
2015-04-03,4.5977263,0.008077234552982704,0.010939436814979109,0.027752520839618988,0.0,-0.004765195882288631,0.009165852129170426
2015-04-06,4.546431,0.0,0.006602024122432271,0.025827860161429683,-0.006213450292397837,-0.006358719485455411,0.0019992076872759057
2015-04-07,4.4999237,0.0,0.0020195919944039353,0.023637671775029512,0.016734093416697293,0.008536718835503887,0.016136146438285648
2015-04-08,4.335094,-0.006195275195152727,-0.0033632739776763287,0.01504724522178158,-0.011213601012841412,-0.0015706041347067767,0.0023927612097653927
2015-04-09,4.1715584,-0.007896268134635398,-0.010035664132878153,0.005272266689962057,-0.0010974940552404,-0.0022655022472319875,-2.746674235276636e-05
2015-04-10,4.317324,0.009215817882871402,8.302200251297798e-05,0.012319926310951246,0.002197399743636641,-0.00010961707103174234,0.000832045643646806
2015-04-13,4.496695,-0.004399740050828327,-0.002445386470364297,0.005921665413223476,-0.005664169559656429,-0.005918456817185391,-0.005809492491504864
2015-04-14,4.6662207,-0.005419828012473982,-0.0049053592541258295,-0.0013938906622448233,-0.00679897096655635,-0.008184086905460797,-0.013821101126670676
2015-04-15,4.61206,0.007293721341160575,0.0026202395013072977,0.0037845549802226763,0.0037002775208139216,-0.0029772844225539608,-0.012729870153504685
2015-04-16,4.975625,-0.0029130253849355414,-0.0010340003946590626,-0.00034629276215747407,0.021935483870967776,0.015793909633918357,0.006874131652788273
2015-04-17,5.123957,0.004090170629434509,0.0033363916244433245,0.0029850441831333896,0.00018037518037528066,0.013303607324293809,0.006845459662629505
2015-04-20,5.170205,-0.007814468553728138,-0.0035400125207323274,-0.005080882476586668,-0.014247069431920556,-0.002008398758444274,-0.006479874219552206
2015-04-21,5.3070955,0.007876015428623706,0.0026172022928576677,0.0022872208340438682,-0.010245151847786294,-0.012413289521723159,-0.014903903056347145
2015-04-22,5.3664584,-0.013301188523787477,-0.00830519544192776,-0.010615711619926915,-0.0116451016635859,-0.021126244874048017,-0.024270072992700675
2015-04-23,5.486684,0.00631898209261772,-0.0014379787053989679,-0.003919591081252505,0.009912100243127053,-0.006183745583038802,-0.012598511583682304
2015-04-24,5.593101,-0.016075077737549792,-0.01291811860426062,-0.018925300763626973,0.019259259259259087,0.014487411066465006,0.006703430363887319
2015-04-27,5.7392783,0.023910907780611446,0.009022786696897267,0.0037579799739191344,0.008357558139534982,0.019808165815295098,0.01525628361321485
2015-04-28,5.5773773,0.008892172141350407,0.016103644311085796,0.01138010691205027,0.00324324324324321,0.017209251342759968,0.01774845089473387
2015-04-29,5.6859508,-0.0034595973409184966,0.008721491863801,0.007809769604050443,0.0053879310344828735,0.013396089790007393,0.02231637386317975
2015-04-30,5.81658,-0.022648390897821113,-0.012147634849224875,-0.014255924637300521,0.03126116470167917,0.03115064480405816,0.05138548676434418
2015-05-01,5.8174477,0.003721265496626769,-0.010389727829198558,-0.009605161305254462,0.014896934003117979,0.03340623677155352,0.06330078763021318
2015-05-04,5.7533684,0.0,-0.00765910656692248,-0.008620659987180201,-0.003072196620583667,0.01976325989035921,0.05617185169112249
2015-05-05,5.4472675,0.005392570003742048,0.0011746322613988003,-0.00254968526982835,0.004964903269988108,0.014132199993089234,0.058153369145906186
2015-05-06,5.3942676,-0.0024303574106769865,0.002020392595956322,-0.004441219938388863,-0.003066439522998232,0.002226408631615051,0.05126063251686386
2015-05-07,5.2562604,-0.00663700251196353,-0.0046300192667417805,-0.01058532588817307,-0.002734107997265922,-0.002665937521361572,0.044866974612382426
2015-05-08,5.438798,0.005666399723896598,0.0006226781566458506,-0.004333208553529033,0.0008567511994517218,-0.001196990424076727,0.042328420000713685
2015-05-11,5.54947,-0.0049617563999656555,-0.003738539539767105,-0.008605211811198221,-0.005992124636192475,-0.005992124636192253,0.03272856634649601
2015-05-12,5.7426186,0.007944578094980725,0.004277806259799899,-0.0007206225367001329,0.009817430244574599,0.004007123775600974,0.03863664546759038
2015-05-13,5.7532005,0.021633447389137528,0.02117105652851814,0.02017492450093239,-0.0008528057308546666,0.0029448020819065057,0.03378598971155289
2015-05-14,5.7433605,0.005745239543446745,0.019688147496092823,0.024860444438128182,-0.0018777739842948948,0.0006845798391237334,0.0290934051428271
2015-05-15,5.742651,8.158608123531863e-05,0.013630878686348824,0.023976327597444946,0.0003420557550879444,0.0007528316736817864,0.026698730888728983
2015-05-18,5.5706463,0.0018768248291514134,0.008095664861240026,0.024430159757324876,-0.006154898273209142,-0.005644885391721033,0.017281358008487402
2015-05-19,5.651296,-0.01702233554560495,-0.011385976181210622,0.006823954630520657,-0.023739893342508145,-0.022966737827973316,-0.009166302924487169
2015-05-20,5.71416,0.001657138088940746,-0.00820411830314538,0.007567810908894357,-0.002995594713656291,-0.019138755980861122,-0.01480920416851672
2015-05-21,6.0053363,-0.0037223921822493455,-0.008479459778531262,0.0033991026898543275,0.006892895015906619,-0.007214554579673793,-0.010576772781743404
2015-05-22,6.0557756,-8.300862164656309e-05,-0.005088962194226498,0.002101084212191129,-0.01316482359136395,-0.012471456174249052,-0.02460182518477405
2015-05-25,6.4896703,-0.01419920033457589,-0.012592164688945862,-0.011465783576525612,-0.011739594450373536,-0.015173000567215045,-0.03610277406707041
2015-05-26,6.524013,0.0,-0.009345835136953529,-0.010361577903701624,0.0,-0.011000747623625018,-0.03600242907955231
2015-05-27,6.495208,-0.0010949518289057325,-0.006617503422631454,-0.010459461922773694,-0.00341972642188626,-0.010118707093821566,-0.03879037227994353
2015-05-28,5.9907618,0.001855089911952712,-0.0020495024681674856,-0.00885947650276353,0.0012642225031604948,-0.0034154233327343686,-0.03565837536962968
2015-05-29,6.0060573,0.001094225111387459,0.0015494283111563423,-0.007882538800802474,-0.01406926406926401,-0.01189486243175808,-0.04596507457215915
2015-06-01,6.322718,-0.0009248155064394137,0.00043782850626783443,-0.008862069955419272,-0.0029271862422246553,-0.010996987623852261,-0.045500718063679835
2015-06-02,6.577274,0.004880860489345551,0.0041541640988129735,-0.004061846175076322,0.005504587155963359,-0.002802343778432803,-0.03695762965045779
2015-06-03,6.537577,-0.007872058124320791,-0.00354947680470008,-0.011671117003593356,-0.0036496350364964014,-0.0036496350364962904,-0.03715590667818791
2015-06-04,6.5814543,-0.008272074923375006,-0.009592996950053334,-0.019539918952561686,-0.014285714285714346,-0.012042000146853638,-0.04709631728045338
2015-06-05,6.547741,-0.00604304658983934,-0.011980067701535702,-0.024598001357491128,0.001858045336306402,-0.007509939625975348,-0.04151594066357944
2015-06-08,6.7352557,0.004623995648200818,-0.00486881360378566,-0.019678341183650305,0.0016691394658752134,-0.0040567951318458695,-0.03644764776193954
2015-06-09,6.686952,0.003494798693227441,0.001463144948168793,-0.015623072852026687,0.006480281429364965,0.004026448967529905,-0.026495581085074105
2015-06-10,6.7542815,0.007474667793118561,0.008708490581590178,-0.006924179012841147,0.012509197939661432,0.014936382076341514,-0.011183471816752721
2015-06-11,6.77446,-0.0052271741838727515,0.0025831574046288885,-0.010229874997571664,-0.02834302325581395,-0.012591854067427355,-0.03488351108945553
2015-06-12,6.867093,-0.0009322616858863375,-0.00022048151522968684,-0.009211908996385798,0.0033657442034404905,-0.008316392533727623,-0.02739639125273008
2015-06-15,6.6873183,0.005514081889003819,0.0032332493453346434,-0.0019660593686614547,-0.012299664554603074,-0.016843511167173864,-0.03487207502503875
2015-06-16,6.320719,-0.004049648722170063,-0.0013704357463570904,-0.004901740686947931,-0.011509433962264115,-0.02100384945995437,-0.04217781596796899
2015-06-17,6.5253963,-0.003473083935567556,-0.0032029053101877425,-0.006997597743768735,-0.004390150792135894,-0.01469643734179582,-0.04251413466480636
2015-06-18,6.1131873,0.02133625898081659,0.014352026370237247,0.01431350651173724,0.0011503067484663898,-0.00884485442052918,-0.037215262221484635
2015-06-19,5.5979857,0.0,0.010479029467520773,0.014433403309435322,-0.013787820758330183,-0.014429517357522847,-0.04634044720151831
2015-06-22,5.7545185,-0.02105705270755287,-0.009282225695857238,-0.006466208851053645,-0.0011650485436893732,-0.009664625928920811,-0.04380396494195715
2015-06-23,5.6752605,0.0,-0.008564039840467719,-0.006004414484531817,0.01730171073094855,0.0077026766801464586,-0.024331127062552582
2015-06-24,5.900514,-0.00306068333224363,-0.010964912506493008,-0.008489503851334734,0.0034397095356393237,0.009807692307692406,-0.01835788529125859
2015-06-25,5.5627465,-0.0009380655030185592,-0.006866713931486745,-0.008723909621818682,-0.0017139592458580433,0.007302075326671931,-0.01726626797397879
2015-06-26,4.829092,0.0011950699223752803,-0.0008348008919074612,-0.0068459626692771725,0.007058374666157885,0.00940762553061325,-0.008591952673834391
2015-06-29,4.6417227,0.004774469664398762,0.003542423659433469,-0.001689970070724578,-0.0022731577950368953,0.002397990255785798,-0.009142900142975252
2015-06-30,5.0436273,-0.005939753924480318,-0.001619226180330724,-0.006668845035357918,-0.007024871843554159,-0.004530054436788555,-0.013784390262299273
2015-07-01,4.552054,-0.0021340162185232714,-0.003138115144361464,-0.008128429841947948,0.005927342256214052,0.0009893831576543999,-0.006073887949519574
2015-07-02,4.3071103,-0.0051325919589393365,-0.006814808834939234,-0.012720878122832069,0.00019007793195191525,0.00041826685425294663,-0.004756816054017787
2015-07-03,4.085686,0.008512488748119162,0.0016396689296518385,-0.004532164937770533,-0.03534777651083243,-0.027437155119558576,-0.0370588179498611
2015-07-06,4.0822253,0.0,0.002598614041902758,-0.004519494716092587,0.0,-0.020266357845975747,-0.03408117828395285
2015-07-07,3.9307804,-0.017478045505405326,-0.01169770339184062,-0.02088394056549603,-0.036052009456264744,-0.043139862327909895,-0.06406909017875073
2015-07-08,3.7221675,0.009458542331777897,-0.0013734874687999499,-0.010664681951343735,0.020641733088085035,-0.013082486858226994,-0.04006766042922105
2015-07-09,3.8945873,-0.003696422803778465,-0.004381087799245953,-0.01344490504789797,0.021826191429715758,0.014835733036353549,-0.01680089399252427
2015-07-10,4.100151,-0.0011216987300476378,-0.002893957733010155,-0.013665761783842933,-0.005486968449931351,0.00930750566803229,-0.019446832764966504
2015-07-13,4.2190127,-0.0021594541810848744,-0.0020043229966645315,-0.014532108683154354,0.0027586206896552667,0.011568736582650896,-0.014733499835433816
2015-07-14,4.2300644,-0.001644652375394129,-0.0038005970215729823,-0.015010100285577033,-0.0037335429357437944,0.0007500690853103897,-0.016803544937120107
2015-07-15,4.037522,-0.005289254658792597,-0.006305894792492772,-0.018996716508325684,-0.005325443786982298,-0.006501182033096797,-0.020396270396270344
2015-07-16,4.072503,-0.002963652796774352,-0.006635119043151172,-0.01948509680416055,0.0005948839976204212,-0.003672550645658079,-0.018135118306351283
2015-07-17,4.334998,-0.010491344192802399,-0.012614904833377905,-0.02686478370121903,-0.010701545778834753,-0.011093502377179099,-0.027147116715062536
2015-07-20,4.358029,-0.022177148412600767,-0.026272311481298494,-0.04559453072532982,-0.005809294871794823,-0.011905709962570676,-0.03108985309190282
2015-07-21,4.4529057,-0.0029817718472999744,-0.020575529805503034,-0.045443911177022955,-0.0028208744710860323,-0.009922778377945973,-0.03113712669218205
2015-07-22,4.463338,-0.010875475561433201,-0.021534484496057216,-0.052497228442146326,-0.01879167508587598,-0.02120454728694665,-0.04565375469213673
2015-07-23,4.6498632,0.002382238892960631,-0.010366733906597592,-0.047034183058053625,-0.01750411861614498,-0.02755696873343938,-0.05799891406288549
2015-07-24,4.5710936,-0.007678267288905305,-0.009687854243266791,-0.050741961166733573,-0.0012575979878433063,-0.01970868992758401,-0.05438525118822002
2015-07-27,4.1203647,0.010040553296972288,0.0021203048007041314,-0.03776118636493275,-0.012172088142707205,-0.021332335329341312,-0.06067590624719377
2015-07-28,4.02859,-0.00018235400991784,0.0032395393598447786,-0.034751717549824646,0.02082005523688113,0.005061914323962524,-0.0370355525271554
2015-07-29,4.192843,-0.0032838616217323313,-0.0002928070362318014,-0.03467898771736189,0.0020811654526535772,0.008884046431714587,-0.030699547055862864
2015-07-30,4.0100217,-0.0039351395167548375,-0.00320539938267006,-0.035298793657299155,-0.010591900311526459,-0.0015090543259556055,-0.03613482782341282
2015-07-31,4.072802,0.0059720689582851705,0.0010422895683319666,-0.026171241882655516,-0.005457598656591012,-0.005833228419153125,-0.03810625900887177
2015-08-03,4.090232,-0.005023289686145849,-0.002691460712735516,-0.02745166408240096,-0.007176023638666207,-0.012843112566104375,-0.04138900776425991
2015-08-04,4.214944,0.0011932501640172788,-0.0004765711292311625,-0.023602074375178694,0.006590136054421825,-0.003409664926755207,-0.03351567602873928
2015-08-05,4.0642405,-0.004584212179186364,-0.00378048114713625,-0.024690457064188043,-0.0057022175290391,-0.004609074379466338,-0.03621363794550547
2015-08-06,4.074875,0.004144791565241279,1.8318721204613198e-05,-0.01761219382048096,-0.0038232795242140183,-0.005302226935312904,-0.03582258313203468
2015-08-07,4.25985,0.003577347815756582,0.0037430551663937273,-0.011264607856931286,-0.0034115138592750727,-0.005997192803368634,-0.03513480037983552
2015-08-10,4.499125,0.009231309579847524,0.010265508580494354,0.00016752927686480845,0.029097133076593673,0.01833425075157713,-0.004192329589565946
2015-08-11,4.528521,0.0030791745738205645,0.010252120698412082,0.005327968693944474,-0.029106029106028997,-0.008576766304347783,-0.029156488747986042
2015-08-12,4.4908442,0.014084485310398076,0.017520329497185072,0.020599128280888612,0.007280513918629605,-0.0011890606420927874,-0.018630171280746177
2015-08-13,4.5634146,-0.006677350717630537,0.006077757964026764,0.015080144262927364,0.0008503401360544505,-0.0011032843927690772,-0.01432040867599016
2015-08-14,4.551578,-0.0025095696695794922,0.0001618140373842447,0.01340403032452131,-0.0010620220900594557,-0.0033905488450941546,-0.012379382395867111
2015-08-17,4.5604596,0.005121709989067469,0.0026891359498499856,0.018042809504418944,-0.01275781416117383,-0.00909168516305281,-0.02169217964791026
2015-08-18,4.0965414,-0.0013409619459489042,-0.00035794184227200265,0.016044231231147954,-0.015291837174240763,-0.020145735105014828,-0.03281081424128962
2015-08-19,4.2596755,0.009846925289055175,0.00860095422821594,0.02433952128334349,-0.003718285214348249,-0.01751434364350113,-0.03332944259929349
2015-08-20,4.1371846,0.022072533421631624,0.024033261097682557,0.044152355541026145,0.018441273326015528,0.0035912080304603133,-0.014121922451625357
2015-08-21,3.953046,0.005724176570631068,0.021422024113510796,0.046622344495936385,-0.007544729467557687,0.00030417590057774113,-0.019883339719845017
2015-08-24,3.532437,-0.005346629270790104,0.009770305955929093,0.038360122878262404,-0.020634231103388356,-0.014598540145985384,-0.03807999999999989
2015-08-25,3.3220837,-0.013178492214710236,-0.007204816814565529,0.02274715931643967,0.02373031714349061,0.006849016271866626,-0.01326407370592475
2015-08-26,3.234162,-0.011948669978359416,-0.01846809980812192,0.009080463798848193,-0.02772963604852674,-0.018200910045502172,-0.037261085011905615
2015-08-27,3.4270053,-0.0019562077357585528,-0.015127554287356237,0.005572617368303279,0.04010695187165769,0.019882018789600275,0.0023835598788892742
2015-08-28,3.5395412,0.009533099553753699,-0.0010931595986325426,0.013424677667781326,0.005141388174807249,0.021198798589648904,0.008035062089116085
2015-08-31,3.5077114,-0.0013238019877497287,0.0014336493966162767,0.010176754372840602,-0.0031969309462916984,0.010544056004494262,0.005103959598130148
2015-09-01,3.4297183,0.006274280434003243,0.007627752771577567,0.014341685316298092,-0.015394483643360934,-0.004539559014266947,-0.008984774304621412
2015-09-02,3.4524634,-0.00544476283282036,0.0007422853677878649,0.006720378082671674,0.0125950054288817,0.0004290924694272391,0.003983205942512447
2015-09-03,3.519483,-0.010684305153145779,-0.009599880733096922,-0.005370817500762071,0.022946600900707548,0.018925962318964373,0.02613746369796699
2015-09-04,3.4791305,0.0,-0.007371155591393008,-0.006530580236513539,-0.03039832285115296,-0.009211653813196219,-0.004530730405398309
2015-09-06,3.5398786,0.0,-0.005397326576944028,-0.007243615592520958,0.052108108108108064,0.03404309575417552,0.04671047678458096
2015-09-07,3.5420475,0.0,-0.002155283193291946,-0.007806277720846633,0.0,0.022698612862547263,0.04450860227748388
2015-09-08,3.5312746,0.0,0.0,-0.007683253574223947,0.0,0.014045763347643181,0.0426956661488187
2015-09-09,3.5839162,-0.016244263518028323,-0.01303776860420136,-0.023218754755694238,0.0018495684340320562,0.01149472985309985,0.04275844366965398
2015-09-10,3.536707,0.00662316199557389,-0.004557775000948894,-0.0166012185435348,0.004307692307692346,0.004554967376585006,0.045093121297828054
2015-09-11,3.552576,-0.005407841369986399,-0.0069294456443482755,-0.0212643242876972,0.002655228758169814,0.005448140258889067,0.044901608114004565
2015-09-14,3.479265,0.0038060273419799895,-0.0008659410390672306,-0.017129508413331496,-0.019148502750050755,-0.011740076351545503,0.022249586004840616
2015-09-15,3.3565695,-0.004423492425513098,-0.002117325793046243,-0.02037766054718737,0.008722741433021763,-0.002751314060446708,0.027871246270078087
2015-09-16,3.452106,0.014871147640206583,0.009616216854067883,-0.004314792714687821,0.010088532015647411,0.006028790550793417,0.035315965517605186
2015-09-17,3.4264138,-0.0016975539909206416,0.006485946156314704,-0.004131209687330273,0.0,0.005616365350715302,0.0320273468314487
2015-09-18,3.4570127,0.018616240802663997,0.018871623212562527,0.015100279656503401,-0.026701997554015366,-0.015829176800362665,0.0016676980522547513
2015-09-21,3.5158272,-0.004393287151619463,0.009803026099222567,0.010870564929415627,0.0008376963350784639,-0.01354084960574653,0.0007957781873011438
2015-09-22,3.489889,-0.007148509187592911,-0.0013670089368549299,0.0036264390444227246,-0.037874032224314735,-0.040644299783007765,-0.03821616081327017
2015-09-23,3.4199228,0.005866644965277779,0.0022851503781224913,0.00910025505123957,-0.0008699434536754147,-0.02883477084390329,-0.038308561858907075
2015-09-24,3.4472759,0.01961830480836868,0.015383038040384767,0.027948335382112832,0.0030474531998256893,-0.01344523422111843,-0.03452899765336914
2015-09-25,3.3778021,-0.006760312444125227,0.007118375955707856,0.020344566620665194,-0.00802951388888884,-0.012742980561555095,-0.041216570529627794
2015-09-28,3.3982236,-0.012216404886561838,-0.004992620823460525,0.008180330275799896,-0.014657624152264348,-0.015519125683060242,-0.05426828628122082
2015-09-29,3.3556728,-0.0043286434753202485,-0.009665252977824723,0.00405772094684953,-0.00022202486678490896,-0.011633011413520578,-0.05288729506041712
2015-09-30,3.4611893,-0.010291878127232867,-0.017076699562447284,-0.006058986010870515,0.039751276926493606,0.023701241910092596,-0.014326164987736867
2015-10-01,3.4924662,0.026176558648027815,0.010273035824048593,0.018855960893300994,-0.015591627509611405,0.007696007696007534,-0.029530978575564526
2015-10-02,3.5249856,0.0,0.010504922177264397,0.017755335614892287,0.009112605771316895,0.013333914331778995,-0.018465759206500065
2015-10-05,3.5192044,0.0,0.008244213745086881,0.016657085684649964,0.012900451515803102,0.017230955259975866,-0.004174813718754833
2015-10-06,3.5024743,0.0,0.00512792655346983,0.015561203421217806,-0.00021226915729155582,0.008004109061336306,-0.0027419303613207546
2015-10-07,3.503277,0.0,0.0,0.01365019992319616,0.005095541401273884,0.010890454836643304,0.0038380796878645373
2015-10-08,3.4652796,0.0,0.0,0.01207287815077418,-0.010139416983523497,-0.0026391963221522596,-0.004122922599566259
2015-10-09,3.5352437,0.010133745218015022,0.008090598561515394,0.019948278197888802,0.030303030303030276,0.019899446533440335,0.02693907069246082
2015-10-10,3.7172072,0.007437494787493337,0.012023733983136387,0.02494844962098508,0.0006213753106876219,0.015385262095926944,0.027402358495582035
2015-10-12,3.716837,0.0,0.008484135065416343,0.02215595743566201,0.0,0.01024675867837721,0.027686482231936926
2015-10-13,3.6799178,0.0007726194481927351,0.0055895086668951155,0.020858558210403277,-0.011591802939350027,-0.003173145171391667,0.017191061500117177
2015-10-14,3.6951132,0.012266191592792408,0.011745499730040798,0.030547005473544386,0.011727748691099382,0.002448539176626907,0.02994318363518156
2015-10-15,3.7631726,0.006609650868141248,0.012944270269113378,0.03510777464380532,0.003104947215897269,0.004810483536534793,0.03235977077608054
2015-10-16,3.817661,-0.0036198743494816332,0.006069025518117721,0.029096570732555227,-0.00804787453569944,-0.0022831050228310223,0.023746139921201337
2015-10-19,3.7829552,-0.008702202577110962,-0.00410814144340621,0.0180036050857022,-0.014978156854587032,-0.01329499041427018,0.0069433368422171515
2015-10-20,3.7578137,0.004005753836428649,-0.0021853706416690155,0.0200282325981338,-0.0008447729672651505,-0.012317327766179775,0.004629236388346225
2015-10-21,3.6539457,-0.00882854364521446,-0.008895855335323777,0.010419177039608707,-0.0021137180300146996,-0.009857382550335747,0.0013043893230961778
2015-10-22,3.7480867,-0.0008564577088981951,-0.00615087454744645,0.008654739740168393,0.009743698368989584,0.003114347039266052,0.008963626935328817
2015-10-23,3.7151153,-0.0028286703470529195,-0.0055224669022445605,0.0044424590705745,-0.01405496119152505,-0.006510526760801549,-0.007276452386232979
2015-10-26,3.7428753,0.003180564786877005,-0.0012836970474966458,0.005904414204674691,0.0029787234042553123,-0.0026657639741040073,-0.006533192834562662
2015-10-27,3.7724023,-0.0001713377651029191,0.00046305202783081256,0.0035133738733057474,0.002121340687314399,-0.00025395750444401344,-0.004866128794421942
2015-10-28,3.652984,0.00882749942302219,0.0076530319010887915,0.010963320740259297,0.0002116850127009684,-0.00021159542953896882,-0.005870100359780306
2015-10-29,3.6268692,-0.025401431513222827,-0.014670056721155067,-0.01482236094233047,-0.015238095238095273,-0.010673583942847453,-0.021039343572480607
2015-10-30,3.6418157,-0.0049685768954683684,-0.01588040140244884,-0.019582581808812116,-0.0012894906511926596,-0.009717427438946435,-0.02164301654806522
2015-11-02,3.575591,-0.004993386922360843,-0.015498193588354359,-0.02410519861751359,0.00021519259737456942,-0.006710261999401723,-0.020793393304822327
2015-11-03,3.5806918,-0.019017517809174378,-0.02533331690295404,-0.04140825196695319,0.005163511187607606,0.0006425358749198029,-0.015094021418332049
2015-11-04,3.7252948,-0.006910744488703879,-0.01996385462812189,-0.04646594076618138,-0.003424657534246589,0.00017185083347648344,-0.018156512937306468
2015-11-05,3.701836,-0.0018978541219496492,-0.014350974938130645,-0.046142535709473576,-0.028350515463917425,-0.022767529269451692,-0.042924538280903035
2015-11-06,3.7397933,-0.01521192362979018,-0.01991531442197203,-0.05750635019028161,-0.0053050397877983935,-0.021739130434782483,-0.04465697878077002
2015-11-09,3.7951443,0.00027588160616076607,-0.011107852559141262,-0.05409046008639329,-0.005555555555555647,-0.01980111271739604,-0.04636072071688102
2015-11-10,3.801065,0.0002756933092029623,-0.006137474861433234,-0.0506268791335267,-0.0064804469273742615,-0.01641520286712983,-0.04920767306088414
2015-11-11,3.7801874,-0.0032163206736325334,-0.005373417563819927,-0.04972583052241841,0.00044984255510582827,-0.006832492296699799,-0.04486842246534739
2015-11-12,3.7312114,-0.003595374314838584,-0.004641513898527516,-0.048679435448831576,-0.02023381294964044,-0.01966077293381918,-0.05926541537598096
2015-11-13,3.7236986,0.0,-0.0033932908288937247,-0.04435588502295873,-0.0022946305644790943,-0.015175537938844741,-0.05675112808052751
2015-11-16,3.7210724,0.0026831071546438157,5.533289472547942e-05,-0.037981017483096235,-0.023689052437902425,-0.028381780727855244,-0.07417504525528329
2015-11-17,3.7166471,-0.013841469664900963,-0.010224719990322706,-0.046671820461010705,-0.006124852767962263,-0.024192802294384363,-0.07467924114486224
2015-11-18,3.655047,9.36630119054982e-05,-0.007208108110192013,-0.042362509858508424,-0.012799241526428085,-0.02390438247011961,-0.08091886047178753
2015-11-19,3.6915169,0.008607738352896188,0.0018587360594795044,-0.030270318895335824,-0.00024009603841546046,-0.015183766141620647,-0.07498528284701944
2015-11-20,3.6728904,-0.001484207408105398,0.0011905920294370542,-0.027910082948514048,-0.011527377521613813,-0.01573485102109151,-0.0796784688139347
2015-11-23,3.6357067,-0.008918594730767615,-0.004609294934213137,-0.03220095560015279,-0.017978620019436287,-0.02395440934994686,-0.08938327231765719
2015-11-24,3.6574852,0.007030370881814907,0.001342220422572149,-0.021290508410167663,0.02028698664027706,0.00043666003590314695,-0.06458746810320382
2015-11-25,3.6840792,-0.003537232295828474,-0.002515863168692012,-0.019993777022349724,-0.005577109602327712,-0.002044094028325283,-0.06317460680060749
2015-11-26,3.5408483,-0.013358289423750613,-0.01182596394533375,-0.02904057878692723,0.0024384296513044745,0.0029764809212451393,-0.055040283189095485
2015-11-27,3.547299,0.0,-0.008076679966308009,-0.025218660232228296,0.0,0.0032212406657230463,-0.04918298197125115
2015-11-30,3.5274608,0.009089280534049005,0.0011272297840740908,-0.0131709462020555,-0.004621746533690185,-0.003846341107162088,-0.04745277418904292
2015-12-01,3.5994637,-0.001876524590329276,0.0012235753676470562,-0.012719157676839066,0.012463343108504388,0.007636929662418579,-0.029606033634702822
2015-12-02,3.6241553,-0.0090243440643053,-0.004758165391192115,-0.01924852889368922,-0.018826937002172195,-0.009599454244225591,-0.04123966649763533
2015-12-03,3.5563169,0.007114399874200927,0.0012825706377437296,-0.010305286500647104,0.01377613776137765,0.0035554256769918524,-0.02339028840912838
2015-12-04,3.5407686,0.021475039914016225,0.017354596622889185,0.0110945366399402,0.008250424654210109,0.009671461897356348,-0.011291032611928653
2015-12-07,3.5795696,-0.0074688571562356865,0.007751965448382636,0.004081084316188921,-0.013718411552346654,-0.004469925177339573,-0.02046084711731533
2015-12-08,3.5179057,-9.287958349124548e-05,0.005305387286658858,0.0045453682677527585,0.001708150317228041,-0.0009248442367600918,-0.014772413627581416
2015-12-09,3.5249841,0.0012077735750619656,0.0021389152663791045,0.006091981836229499,0.005846528623629554,0.0017954192546583148,-0.005204066881896674
2015-12-10,3.5332186,-0.0041759466424942104,-0.004157491115810208,0.002250859855827514,0.0029062727052555637,0.0037327903820050246,0.000301950600881673
2015-12-11,3.613591,0.0035411880668900775,0.0007806392216178626,0.005983235032443801,0.020767930451581762,0.021014492753623104,0.02257057841643073
2015-12-14,3.6444955,-0.011328881944102087,-0.008400741335107598,-0.0045300104654766304,-0.002129169623846794,0.012968299711815678,0.02072670514356223
2015-12-15,3.5660586,-0.0016905483613777195,-0.007600057789187931,-0.005943372198147001,-0.026078710289236695,-0.013590741007539653,-0.004555587864689237
2015-12-16,3.5443285,0.014206393112335958,0.006423187797983232,0.0077450512890675505,0.007302823758519983,-0.006816436251920188,0.0030420923778011755
2015-12-17,3.6506252,-0.025231865651090146,-0.01486880617281694,-0.0164317628264522,-0.013533107781536935,-0.017474606460309183,-0.009547842333216039
2015-12-18,3.7025313,0.014655406954847683,0.0015781348047883004,-0.0015405326118937968,0.03380695737383643,0.01608398343446016,0.022646036034944306
2015-12-21,3.748322,0.014725261640587517,0.013052936927382408,0.012446214125081845,0.013033175355450455,0.02650914853767472,0.033057851239669755
2015-12-22,3.708647,-0.006562506170366911,0.004166932113766286,0.005778499312785179,-0.01473684210526327,0.006355426004682974,0.016752763964659856
2015-12-23,3.6785011,-0.0050242130338106206,0.0007299179021131863,0.0007767607104927077,0.007122507122507171,0.008511245304550386,0.022254888966539488
2015-12-24,3.6360986,0.007293740957305728,0.0030728663487056274,0.007086582096933025,-0.00023573785950026238,0.0007078810759792997,0.020415528794677895
2015-12-25,3.557229,-0.0062197841399697085,-0.003963684661614897,0.0001541539212732701,-0.021221410044800715,-0.017328724965673947,-0.0017195146880223389
2015-12-28,3.5536883,0.0,-0.0018461928183255427,-6.538686925960935e-05,0.0,-0.011525456017526303,-0.0024272427963758503
2015-12-29,3.5686364,0.006539000467071565,0.004175136440326188,0.005829612209809376,0.027222356058781205,0.012874720889353597,0.023241304008735142
2015-12-30,3.6186526,-0.01614851453741295,-0.010325264121955557,-0.010685478432235884,0.0068011257035647255,0.017298578199052006,0.027389884050687652
2015-12-31,3.6109731,0.00018873054126533617,-0.007005147146867952,-0.01043412476550154,-0.005357558816678432,0.010459557953523602,0.02006688963210701
2016-01-01,3.4245214,0.013958243965158434,0.005988561416615967,0.003818798993327155,-0.025995316159250548,-0.016180158016747992,-0.006497539534661589
2016-01-04,3.4245214,0.0,0.005123296585484383,0.0038797271199719763,0.0,-0.01655237644833296,-0.007220862922957538
2016-01-05,3.441792,0.0030695273956511393,0.008038908594188099,0.006862447517914649,0.007694157249338751,-0.005552391799544365,-0.0006080766892013756
2016-01-06,3.498175,0.012518545710656248,0.014626091385671947,0.0187867880802135,-0.0035790980672869566,-0.0035790980672869566,-0.004742725041111506
2016-01-07,3.2515233,0.014470122176515998,0.020319775557215314,0.031863166491018946,-0.031609195402299006,-0.024554971296251615,-0.03508667279082811
2016-01-08,3.3089695,-0.0089373501671427,0.006989711709243673,0.021646515098433516,0.0,-0.019113224022509034,-0.03297544178483469
2016-01-11,3.158402,-0.001184230980416645,0.0018639239590050316,0.018928935188834872,-0.02448071216617209,-0.03308823529411775,-0.05355964733401297
2016-01-12,3.1826868,-0.009940742739682928,-0.009398690039294277,0.007737161353651878,-0.00684410646387823,-0.026680578327619386,-0.05788999098286729
2016-01-13,3.1347418,0.0017502067582830794,-0.006867450047231993,0.009055985243643372,-0.0015313935681470214,-0.01525449327896089,-0.0567698224210057
2016-01-14,3.2117949,-0.012505724676724173,-0.013195362526144061,-0.004629715404176782,0.010224948875255713,-0.0005563704415558757,-0.045629626051992944
2016-01-15,3.1228511,0.016388839916025244,0.00413983440662391,0.01049844124893018,-0.016447368421052655,-0.009126134393800278,-0.057537036588027
2016-01-18,3.228356,-0.0014658502848717836,0.0038869828239174176,0.00864368542265015,0.01749421147414454,0.0076946596004892065,-0.03731470437894013
2016-01-19,3.2337885,0.0,0.003092393948061156,0.007939427413170774,0.0,0.0057982808605869796,-0.034294155709384655
2016-01-20,3.2058485,0.015781219182118944,0.015259583727319947,0.02206423152320669,-0.009102402022756029,-0.0037116127720153713,-0.0392959576397911
2016-01-21,3.164815,-0.0072260863304292045,0.0032861484125399354,0.013654009608609075,0.01888236795100795,0.01298898980161356,-0.0181710885441001
2016-01-22,3.1693301,-0.0017287093588091995,0.0005106150992910674,0.010657362458284636,0.003005259203606281,0.009986382206082611,-0.01344960094590597
2016-01-25,3.196984,0.008202698141198006,0.005727771366283996,0.017274871964472638,-0.0022471910112359383,0.005637205556674019,-0.01378382714068882
2016-01-26,3.108783,0.0140119333612152,0.013956927647720496,0.029436693775434675,0.01976976976976985,0.019361616970182238,0.008064516129032251
2016-01-27,3.128233,-0.004992400668366814,0.007255938245106508,0.02167195168705227,0.013006134969325123,0.021933950586720874,0.02326388458535278
2016-01-28,3.0812173,-0.0004479885412930207,0.003815158722166645,0.018636022547279474,-0.004118217054263629,0.011813930593157496,0.021062043614326065
2016-01-29,3.1483214,0.0007171466884485778,0.001076083979910658,0.01744811540259561,0.007297494526879111,0.01241993056574242,0.028743199264651187
2016-02-01,3.098511,0.010300967169931452,0.007467383257955262,0.025461548076133544,-0.005554213957981058,0.0008263257667817658,0.023550612067358534
2016-02-02,3.1967957,-0.0005319403962679159,0.005925114668710929,0.02264278949612164,-0.0002428363283147883,-0.0014552510308029065,0.02424400741376509
2016-02-03,3.1813085,0.012419053839794802,0.013858065271147524,0.03302834998793158,0.018945834345397206,0.01416690842278312,0.043402561870414136
2016-02-04,3.2051666,0.014281894383995963,0.02072123328276665,0.04542106904790111,0.017401668653158398,0.02404146072268354,0.05861051169481857
2016-02-05,3.1877365,0.00017283452523075837,0.013498152222374493,0.04277657949936775,-0.013589503280224902,0.006791658695236125,0.042079207920791895
2016-02-06,3.2487009,0.043271699320315715,0.042749351564050686,0.08246893640780772,-0.006413301662707815,-0.0027654603537881073,0.03235519139169285
2016-02-08,3.2367592,0.0,0.028437632444207717,0.07656932930393268,0.0,-0.005893816246019479,0.028990320160387606
2016-02-09,3.205632,0.0,0.016904922086375285,0.07082385838120975,-0.02390628735357392,-0.02446600086013273,0.0022829368878414247
2016-02-10,3.2156866,0.0,0.008364773493276356,0.06450108002550703,-0.0061229488121480324,-0.020611092339624437,-0.005148320666830131
2016-02-11,3.2760057,0.0,0.0,0.05906904618276321,-0.010103499260719406,-0.021389592671993696,-0.016766613633582006
2016-02-12,3.1862903,0.0,0.0,0.05361864158251284,0.011202389843166571,-0.00455815321276265,-0.0070523240891258165
2016-02-14,3.1939144,0.0,0.0,0.0482240497911024,0.011324470704086487,0.010428964974419364,0.0023179211906796393
2016-02-15,3.2006085,0.0,0.0,0.04365934555939166,0.0,0.009187834717240717,1.2171521074799685e-05
2016-02-16,3.2008314,0.0,0.0,0.03877676857763368,0.0,0.006714698818800935,-0.001385613924204443
2016-02-17,3.194964,0.002649185451773839,0.002118226046693872,0.03645253054041708,0.011197663096397248,0.011197663096397248,0.007971076034601898
2016-02-18,3.2117662,0.012385434978431586,0.0114834188380053,0.04393355712439995,-0.0012036591237361005,0.0057206573907981895,0.004892462701026945
2016-02-19,3.208341,0.003507094783254061,0.01127660475736314,0.04276931175548637,0.001446131597975464,0.004885363258198661,0.00537166085946561
2016-02-22,3.28648,-0.016986365409099924,-0.006162695152013176,0.02101542923675459,0.018531889290011927,0.017405519761515498,0.022716288061865653
2016-02-23,3.2820225,0.010582925860376236,0.0019838377017622477,0.027194671590020647,-0.0042533081285444085,0.007941063911213408,0.017100515308400732
2016-02-24,3.273642,0.013417247556746448,0.010853558978190847,0.03565465925287614,-0.0042714760322735135,0.0016232216174927316,0.012084227791312019
2016-02-25,3.167474,-0.00040364900275247084,0.008453972158758205,0.030485063154702008,-0.013346043851286904,-0.011319673305631106,-0.0016879672052086958
2016-02-26,3.198425,-0.014860202769621855,-0.004813536078873248,0.011279299987924984,0.026570048309178862,0.010365157854697493,0.023196465759031337
2016-02-29,3.1554954,0.011559251534285053,0.002697930665277015,0.019057264240826433,0.003529411764705781,0.012342748635177037,0.0259432543930338
2016-03-01,3.1429205,-0.0029175585660979886,-0.001525715437061037,0.013042860820451363,0.00609613130128972,0.014804654242739801,0.03191207945554697
2016-03-02,3.2165432,0.008778286864330243,0.00684695354229703,0.01844288698637686,0.01654625961314382,0.023559226581565618,0.047072661369692126
2016-03-03,3.2449198,0.013133550196413157,0.016902547179409755,0.02972730476140306,0.012608895002292453,0.023164234422052177,0.05730563002680955
2016-03-04,3.2494738,0.009941148208443051,0.018756220932259593,0.03733051115123076,0.029884537016074297,0.0393438128312924,0.08415357849329119
2016-03-07,3.2515247,-0.005276063558845134,0.008639507375459043,0.029532172779666244,0.003956913607386259,0.02925268187145047,0.08220184355820948
2016-03-08,3.2602654,-0.0008707850130275085,0.002669324385996985,0.026368731023628023,-0.026932340705058122,-0.005327006580419846,0.048261546445251824
2016-03-09,3.1928008,-0.004357816422147165,-0.00415267758906912,0.019876449222097525,0.00472547254725475,-0.005213439087425442,0.04767938429771457
2016-03-10,3.1404185,0.012255311724705065,0.00572441785974509,0.029696876898678948,-0.005599104143336975,-0.011796127309147586,0.03721353984161491
2016-03-11,3.1248734,-0.010456013229657946,-0.0030257101827247945,0.016839575243574156,0.009459459459459474,0.0005357621216179886,0.042471042471042386
2016-03-14,3.1714191,-0.011360870193487416,-0.011408021469231366,0.0038074548588451496,-0.0006693440428380271,0.0038099506947555373,0.03729779177619008
2016-03-15,3.17686,-0.011250401579340985,-0.017581937999212816,-0.00838566444805644,-0.0026791694574682667,8.95535754263932e-05,0.030235937175672856
2016-03-16,3.1925387,-0.0008939983453442046,-0.014162411624426885,-0.00999823114714049,0.00022386389075457203,0.00017908309455583193,0.02674878205717457
2016-03-17,3.3234637,0.028634141197204643,0.015287516327367134,0.01677742768292112,0.026186213070725106,0.019750011120501787,0.04838340878950009
2016-03-18,3.347562,-0.008461804010972629,0.007489087258809368,0.007226066661066621,-0.004362050163576825,0.011567098032263745,0.038940349120371476
2016-03-21,3.3565068,-0.007975753398116847,-0.00045001875356087684,-0.002182041587870165,0.004381161007666945,0.011248345831495365,0.03931724677267634
2016-03-22,3.316802,0.0035374675759944907,0.00022431857510385456,0.0003084982386936108,-0.001308615049073092,0.0049600561847071845,0.033680978825229024
2016-03-23,3.3072011,-0.019628265469004424,-0.018527469384123307,-0.01873603318494932,-0.023585935793841384,-0.018872064955014367,0.006177493220510533
2016-03-24,3.25656,-0.0018794858622082078,-0.013552133294494673,-0.0199201440894462,-0.002907626929098628,-0.01624150410451053,-0.00032515220486839524
2016-03-25,3.2898812,-0.0012280988783505142,-0.009338943954797507,-0.02112770545211351,0.007626738447734427,-0.005534646889528538,0.004573358231485747
2016-03-28,3.2863371,0.0,-0.005478445427170131,-0.020577569683808195,0.0,-0.001422728081095559,0.002029935978942188
2016-03-29,3.3231087,0.01286986708555582,0.00939463735474022,-0.008183549961892522,-0.014247551202137165,-0.008996911507989869,-0.013753549752213323
2016-03-30,3.3206875,-0.00704107425038536,0.0017636475821727338,-0.014605411834983317,-0.008581752484191574,-0.01392632524708004,-0.022522071184440384
2016-03-31,3.3666878,0.005949895356224033,0.005622057501731614,-0.007818034711196242,-0.0031890660592253095,-0.013436739110830431,-0.025194359671203648
2016-04-01,3.335724,-0.009722897808095099,-0.004528600252512227,-0.015577464457900647,-0.008912248628884956,-0.015347591154702078,-0.03159540024561813
2016-04-04,3.340859,0.005072879634991478,-0.000862135368478123,-0.00919501176475046,-0.010375835831219704,-0.016633826696604626,-0.03869197603449237
2016-04-05,3.3871431,0.0,0.00030946507254436817,-0.00784658776300029,-0.0009319664492076773,-0.011206936309551163,-0.037907088928527455
2016-04-06,3.3527107,-0.004803015546077316,-0.003781141737128846,-0.011250316335931876,0.002798507462686395,-0.0043069513268186865,-0.03342549508845294
2016-04-07,3.2974176,0.011206504026073594,0.007054728160706736,0.0012797054556135112,-0.030697674418604604,-0.025485153144727657,-0.06022412121485421
2016-04-08,3.2525284,0.00509630244051773,0.00885027606365707,0.007043220846076448,0.00431861804222633,-0.014316661957238463,-0.0530054521186345
2016-04-11,3.2579827,0.01142853213028161,0.01571211067234879,0.01804479913471857,0.000955566172957667,-0.00861253075903834,-0.04899168151435018
2016-04-12,3.255585,0.00214854248993146,0.01281910093632277,0.019035116345959446,0.026491646778042943,0.01702530148971393,-0.02195540698798204
2016-04-13,3.310123,-0.010004744593998027,-0.001217593481645518,0.008126176533757912,0.010230179028132946,0.025247758376592877,-0.010566106480848991
2016-04-14,3.3247857,-0.01748479946613324,-0.016917055726927477,-0.007916422020206038,0.001380897583429297,0.017873017358349452,-0.006552960248418782
2016-04-15,3.3246317,0.006612224968112201,-0.008921414896369106,-0.0005187646942248492,-0.008273960009193226,0.0033950330201844015,-0.011952738596812451
2016-04-18,3.3054383,0.00040548212626667635,-0.004824238268864578,0.00030001128123191556,0.0055619930475085955,0.0020322386956723726,-0.0036510597258259114
2016-04-19,3.3666255,0.015726349544428198,0.011871113623516116,0.015833384646666726,0.026964738418990608,0.021737136567917092,0.024662259269905284
2016-04-20,3.2817903,0.00015957795041887657,0.01098756911028409,0.014781999301074267,0.006059245960502446,0.021463725847611803,0.030728729580282277
2016-04-21,3.2599394,-0.0033513815316922324,0.0037127080182612904,0.010252163602685327,0.005130492973455469,0.01950314493868488,0.035445510426839855
2016-04-22,3.2717943,-0.01625304149569662,-0.01190190969411864,-0.0065210764584885395,0.005992010652463353,0.01559349374915997,0.0411594469199319
2016-04-25,3.2429738,0.008301516763681294,-0.00454776065767637,0.0009574370424834111,-0.005515111405250517,0.0024014942630969927,0.035227116153033755
2016-04-26,3.2210855,0.002663594069564512,-0.0001609984046948565,0.003356067182593403,-0.004880212954747165,-0.00381950612897497,0.029489386115892025
2016-04-27,3.228361,0.005635163641244834,0.006121114477592338,0.008102235336032049,-0.010031208203299169,-0.0119693868470232,0.018566300845173744
2016-04-28,3.2735138,0.013048390542149901,0.01654753379231666,0.01996817381029925,0.004953839225399825,-0.005171414560206644,0.022591879754376265
2016-04-29,3.362185,0.018727736998715994,0.02561652840997719,0.03627189986269208,0.023302711180820168,0.016470064544847673,0.043671016248086225
2016-05-02,3.3257666,0.0011635122997299963,0.01841622818596056,0.03488639869998389,-0.007444712064812786,0.0077812361049358625,0.03305643865586427
2016-05-03,3.3338914,0.0,0.010680775101868933,0.03230809389240408,-0.020957423339951653,-0.011228945726762474,0.009680465026334018
2016-05-04,3.3044043,-0.013480981639421241,-0.006693240998652317,0.016326892949241723,-0.014646237043713262,-0.022749620094752787,-0.00593303175649551
2016-05-05,3.2745948,-0.0014922047759372559,-0.009087619496063626,0.013386713763734681,-0.014863937800137283,-0.030559431117512137,-0.022264587730646213
2016-05-06,3.21066,0.016910492045891345,0.007088350532841847,0.02845782000077901,0.0,-0.019125683060109422,-0.023616336521463333
2016-05-09,3.158304,-0.02111535951165089,-0.010306721442741806,0.006385319817120871,-0.022051996285979536,-0.02657116451016639,-0.04539635424337507
2016-05-10,3.1263163,-0.001343197854509981,-0.007475927008507188,0.004853760313656474,-0.006646095418941456,-0.021601907700939726,-0.050492904221165924
2016-05-11,3.1725535,0.008465820844362648,0.0007222934328858788,0.012242037836935449,0.0052568697729988845,-0.008764902690730936,-0.04400486291797823
2016-05-12,3.1151838,-0.003373550007982451,-0.002481397855659151,0.007015784312337514,-0.013786546232469665,-0.015050802392935325,-0.05501588639236543
2016-05-13,3.1274776,0.0012595257218273037,0.0020799636229971163,0.006735872727714698,-0.0002410219329960217,-0.007750454501961768,-0.053443475879695224
2016-05-16,3.1234624,0.0011793379756330769,0.002030189045781672,0.006338042157061574,0.007232401157184265,0.0011022188143960943,-0.04484299806819614
2016-05-17,3.1174462,0.0021987801979985733,0.0022932475793737694,0.007627047714231505,0.0,0.0014381591562799834,-0.04179806203772718
2016-05-18,3.0638084,-0.001958940679871013,0.00047125219690125064,0.004839957702181152,-0.005026328386787959,-0.0012013455069678214,-0.04303686736725798
2016-05-19,3.0745463,-0.015309728152269053,-0.012347646657983269,-0.010746780314538573,-0.008419533317296168,-0.008324111052302241,-0.0468813226198046
2016-05-20,3.07176,-0.0014351194609207862,-0.0107268331760344,-0.013088917465472583,-0.002668607472100959,-0.009206594042224903,-0.044764327954178285
2016-05-23,3.0834231,-0.0010380459939173248,-0.00825987329505351,-0.014587052494441255,-0.00024324981756251862,-0.0061901537866329015,-0.04056025678435926
2016-05-24,3.0784721,-0.017744346259361166,-0.018497485111304113,-0.03156531830751297,0.005596107055960919,0.0015509135850335642,-0.031199456177773532
2016-05-25,3.0971336,-0.004394193430533266,-0.01491118918374601,-0.034843449231520496,0.016936849745947224,0.01624836790947337,-0.012035165248460045
2016-05-26,3.1158907,-0.002778932908919063,-0.01222476069791334,-0.03579897149442579,0.00047585058291699234,0.012667373085444522,-0.00855869662603459
2016-05-27,3.1271508,-0.005163451261268159,-0.011144748590828146,-0.03791123387795958,0.007847800237812175,0.014409497821820105,0.003112536539758848
2016-05-30,3.1645074,0.0008238589222051562,-0.004441797885931242,-0.0342135134645567,-0.008966493629070427,0.0010010010010010895,-0.0019485765885650652
2016-05-31,3.1677697,0.0,-0.002135678933626428,-0.031290835578944076,0.0,-0.0021856884918751707,0.0008817291423397489
2016-06-01,3.147604,-0.0023872442356750456,-0.002617115585919705,-0.031231750306888295,-0.010714285714285676,-0.010620059053243147,-0.0072633440053517795
2016-06-02,3.1841176,-0.0017327960587778524,-0.0026545275432667825,-0.030523491217956833,-0.0016847172081830841,-0.009598395492096956,-0.0070378704457317864
2016-06-03,3.2549462,0.025045400508259874,0.017910452247711817,-0.0041357402066537485,0.02000964320154286,0.010556988630935349,0.013765259790825324
2016-06-06,3.2347097,0.0036287396892122903,0.01663069389489502,0.0003214671921394352,0.002599858189553217,0.011155606407322605,0.016047904191616835
2016-06-07,3.183826,-0.0001606549701087534,0.011575741802199113,0.0009451372879230036,-0.031353135313531344,-0.016279626526214952,-0.014911775987725528
2016-06-08,3.1775994,0.012375461356418427,0.01618083948462057,0.013935813250387508,0.005110732538330387,-0.010067114093959662,-0.008962530145056213
2016-06-09,3.1248343,0.01952688889702836,0.023703644347438102,0.033148606074605125,-0.01113801452784513,-0.018080400076938008,-0.019235849283158357
2016-06-10,3.1460948,0.0,0.01652526636701701,0.032629463055457775,-0.004407443682663992,-0.01458969511899566,-0.022596153846153877
2016-06-12,3.1730077,0.0,0.010161382656031392,0.03217304857837089,0.010821446138711277,0.002487926240304361,-0.011211085983736657
2016-06-13,3.1705327,0.0,0.003845308253768831,0.03183307169443794,0.0,0.0024390243902441266,-0.010401618029471149
2016-06-14,3.1610994,0.0009342503496310162,0.0007472606539993265,0.032303621995421805,-0.006326034063260488,-0.0016622665493302158,-0.01579689363906933
2016-06-15,3.258059,0.00015562635811061654,0.0006848903305249898,0.03115604470675959,0.02448579823702257,0.01780675294346623,0.007549396168711642
2016-06-16,3.2463398,0.008010519806092464,0.006867272931070145,0.03759798510180978,-0.019837476099426432,-0.004079848462771318,-0.012318919114194027
2016-06-17,3.2085626,-0.0027775446753711686,0.0028086362605312942,0.03300416985715371,0.001463057790782818,-0.0024774118332847594,-0.010838150289017356
2016-06-20,3.2105227,-0.0019342359767892114,0.0,0.028494876404150826,0.01996591185780372,0.013549479796757913,0.00823144315009161
2016-06-21,3.1938863,-0.015116279069767424,-0.012805175542966674,0.011053536065644298,0.010503700167104224,0.016863649466705155,0.0184539133363808
2016-06-22,3.2487142,-0.001967729240456517,-0.01201476926949352,0.007144517129048289,0.008740845735884628,0.021531100478468845,0.026553353127141133
2016-06-23,3.2356644,-0.005362814533221516,-0.011939487307743746,-0.00013878587530447017,0.013348946135831374,0.024093534033891917,0.039145052833813754
2016-06-24,3.300014,0.0466223050306096,0.029689384881944836,0.042131308406081036,-0.023341807256759828,-0.005413038361967493,0.014572779871797836
2016-06-27,3.4508638,0.0018939393939392257,0.026435076545108682,0.03968490462816643,0.004969238050165581,-0.003192038679997955,0.0190395066764244
2016-06-28,3.5322182,-0.005444197483459257,0.01379686205343389,0.029838974646083427,0.02331057216858956,0.014661935001867743,0.04040984391458391
2016-06-29,3.4982169,0.0065384134924952875,0.011707361776952974,0.031962878377217674,0.005982512655315242,0.015893670415465966,0.04383535478941836
2016-06-30,3.5240052,-0.004154392249092975,-0.0012272504153101327,0.024549089926796164,0.00434583714547121,0.01728292095264572,0.04637308168906684
2016-07-01,3.6009185,0.013880405354168124,0.010080357051602817,0.03506614243083406,0.009792757913914762,0.017439192290041428,0.0542082738944365
2016-07-04,3.607573,0.014737842419247915,0.019742289891613973,0.045785912636248316,-0.01511050969778982,-0.003423094477407518,0.03510393704520154
2016-07-05,3.6366515,0.0,0.013479194324998334,0.04190592334948917,0.0,-0.004377365373216091,0.03220469183950825
2016-07-06,3.5839477,0.006266587914337318,0.013619901464049677,0.04520359358800086,-0.013739409205404063,-0.015137656635872854,0.015346896437917312
2016-07-07,3.5303366,-0.00351677686443419,0.003837903598743697,0.038517755069121584,-0.013930810308799724,-0.02241966669735762,-0.0009292040602687512
2016-07-08,3.5605164,-0.002573340241765809,-0.00167787390253904,0.032997889278987724,-0.002119142924417061,-0.015609030939329305,-0.004545080860159367
2016-07-11,3.5615625,-0.0011794011607928478,-0.002649786544972721,0.029013626831723816,0.013449740443605362,0.0009788384450453158,0.006656354005531329
2016-07-12,3.562194,-0.015424372261300778,-0.01479907158267224,0.011279372926021214,0.030500582072177096,0.028680332822014654,0.03321894623806543
2016-07-13,3.6988082,0.006221459395859608,-0.005364368181662416,0.015392779708832904,0.012200632625395391,0.03292446739832133,0.04222403163894395
2016-07-14,3.636747,-0.008268754010774426,-0.009360922112822245,0.005657945736393888,0.001339285714285543,0.02303306727480048,0.03896705460019678
2016-07-15,3.5159867,-0.0036055349298231842,-0.008491179706922591,0.0007468795672271877,-0.004235399019170805,0.00817008215220727,0.03027157931153779
2016-07-18,3.5393965,0.0014323591511966605,-0.003106841212169864,0.000730750041570305,0.001567047235281116,0.0016567411453900505,0.028505747126436942
2016-07-19,3.6035788,0.0023336160260196692,-0.00039039918591710077,0.000766636938130727,0.011622708985248087,0.008781705523113192,0.03696745443506355
2016-07-20,3.5438573,-0.009538078236481229,-0.006403959488880173,-0.010667475670254722,-0.00397702165267344,0.003517207604291972,0.03003507328832078
2016-07-21,3.5961442,0.008871664193727646,0.0025317489597753706,-0.0044781720123254765,0.001996450754214729,0.004134803485683847,0.029856020793196603
2016-07-22,3.5441744,-0.005561837214627885,-0.002533083662492719,-0.010129902496128551,-0.01018375027673235,-0.0062677809388336225,0.016529113521133176
2016-07-25,3.5121245,-0.002871987625976402,-0.004031258123913584,-0.012854634575136137,-0.00827555356743459,-0.012736017100106856,0.005978242374054421
2016-07-26,3.5637765,0.0010610947411040517,-0.001345996691341611,-0.012006773785941394,0.0038340099233196145,-0.005629775255797553,0.008633778241065704
2016-07-27,3.535036,0.00446734658302006,0.001933465280840485,-0.007693278066548848,-0.01819815771736677,-0.017668479971227002,-0.009699057287889667
2016-07-28,3.6013033,0.004296753616077842,0.005965002135401187,-0.003947394574838836,0.012585812356979309,-0.0011737619069117633,0.0023785253143049356
2016-07-29,3.7339628,0.012534677294776086,0.014606112491063916,0.00807430353322447,0.005649717514124353,0.005422503389064692,0.007859035626118338
2016-08-01,3.620532,0.0017791137242864075,0.011526964381783245,0.010056479912244454,-0.009213483146067514,-0.002714318027595697,-0.0019015710598995206
2016-08-02,3.6142976,0.00961965351868077,0.014619933631382809,0.019468087038286175,0.004309367203447545,0.002626573679920252,0.0017079709079392824
2016-08-03,3.5739548,-0.006083295719442217,0.004042499021414736,0.013599598354681941,-0.004742547425474197,-0.0037976400379763353,-0.004169067552452166
2016-08-04,3.5771546,0.001991057658577766,0.0021092630564700787,0.015667075397154395,-0.01066485137281592,-0.011517185091139859,-0.016045677145629655
2016-08-05,3.4177063,-0.016485151316693814,-0.012575545559819767,-0.0003216464088418025,-0.00917431192660556,-0.014778325123152691,-0.02597402597402587
2016-08-08,3.4383693,-0.0022448368341771996,-0.012164581114221251,-0.0017593020935751102,0.004629629629629539,-0.007092198581560405,-0.021960810826037513
2016-08-09,3.478869,0.004199771623971893,-0.00426849397348994,0.002249249841551171,-0.0071428571428571175,-0.008787265366212438,-0.027664951710443253
2016-08-10,3.6061053,0.003958214210698419,0.0014303099639045858,0.0061448211495298555,0.009514968670224944,0.0032750588126755353,-0.016971367878692023
2016-08-11,3.5011322,-0.0013390231070021796,0.0025240310199627913,0.004376604002202189,0.008735632183908049,0.010733864651955471,-0.007284738247138045
2016-08-12,3.5152829,-0.004990652641992388,-0.0023898248899119068,-0.0009834350866653185,-0.022789425706472133,-0.010841983852364234,-0.02793992632473785
2016-08-15,3.5033314,0.0033687676564675417,-5.9669994331268406e-05,0.0019361692207273684,0.005597014925373234,-0.004019032660414701,-0.020701088993107186
2016-08-16,3.5305073,0.007610199806224793,0.005824150603640055,0.008844653601737695,0.00927643784786647,0.0032272936837252075,-0.009659911934371657
2016-08-17,3.5065947,-0.005775674807941389,0.00025324160715234356,0.0021233194354759455,-0.008731617647058876,-0.00387919091160982,-0.01613546952505851
2016-08-18,3.5720885,0.006330528270728886,0.005282308735864216,0.0076888801924484,0.007185906351413918,0.0052750913886447925,-0.0071181289489622435
2016-08-19,3.5001214,-0.007992841287809305,-0.0034348713921702467,-0.001009861383912125,-0.0004602991944763213,0.002261608049478392,-0.006121631672292405
2016-08-22,3.4960926,-0.002014378687711371,-0.0050576604964971406,-0.003705330708492438,-0.011973290352291,-0.008778008778008828,-0.016412231238252417
2016-08-23,3.4427485,0.002167918456991824,-0.0014301426862067812,-0.0022848107954680508,-0.011885341412258277,-0.015464635675474847,-0.025746487287600095
2016-08-24,3.3648992,-0.012084105226687458,-0.010800203976297995,-0.014260610030291776,-0.018867924528301883,-0.027082651199775487,-0.04181686264122253
2016-08-25,3.324226,-0.003246790055011717,-0.009409904205435193,-0.017014803539765366,-0.00048076923076922906,-0.018969422423556037,-0.039323506307471834
2016-08-26,3.2747202,0.0010605442314632896,-0.005538570980158641,-0.014963759769065499,0.001202501202501205,-0.009375594898153539,-0.03496876340160182
2016-08-29,3.3154066,0.0010594206689840124,-0.0022625956602591035,-0.012871679745469322,-0.0024021138601971748,-0.0052218070326723875,-0.03442182722823506
2016-08-30,3.3132472,-0.008466303602306047,-0.006378241354161984,-0.019300756419487364,-0.0009631591620514746,-0.0018284174565751377,-0.03221291782323732
2016-08-31,3.3073637,-0.003659317630929415,-0.007382517916462272,-0.02108900409779102,0.0002410219329960217,-0.0011072064699368944,-0.029069427384921354
2016-09-01,3.337433,0.004055342152272656,-0.002159659845776929,-0.01540081324213538,-0.0007228915662650381,-0.0013004527502167296,-0.027347781217750278
2016-09-02,3.3028522,0.007544600504840071,0.005276917114019231,-0.0074399005944550956,0.0012056908608633066,0.00043371403787784146,-0.02425267907501416
2016-09-05,3.404815,0.02064900486517751,0.021916634645157362,0.012447405771158548,0.005780346820809301,0.005102532011167948,-0.016717683070402556
2016-09-06,3.4089644,0.0,0.016114476215408402,0.01205254936848199,0.0,0.003797894332003171,-0.015175634086808887
2016-09-07,3.4237764,-0.0037794393757714095,0.006604399851038334,0.008227558113048872,0.004310344827586077,0.005996641880546827,-0.009107984548322068
2016-09-08,3.3281329,-0.005579111602754261,-0.0026857471802205213,0.002816894856500163,0.001192179303767249,0.0046896683734507505,-0.005706708342213207
2016-09-09,3.2541726,-0.005012023487028672,-0.008867398369326263,-0.001995874709271872,-0.00357227911407465,-0.00043002532371339,-0.008037174897460808
2016-09-12,3.2411413,-0.006841572628349724,-0.01146433437151062,-0.008105598201499142,0.0035850860420649777,0.0020523100420009044,-0.003145587275209305
2016-09-13,3.20142,-0.0015140045420137804,-0.008449613997973393,-0.008434691373135572,0.00023815194093845804,0.0011441647597254523,-0.0011059184474331296
2016-09-14,3.2990866,0.0018953752843064997,-0.003153102458675172,-0.005763036483691697,0.02547619047619043,0.021148466024942136,0.024427371976310175
2016-09-15,3.2996683,-0.006053726825577144,-0.0056925672169862995,-0.010378406886289548,0.00162526120269324,0.017260894170911145,0.02647076319076791
2016-09-16,3.296657,0.0,-0.0031873719359489794,-0.009374551289088151,0.0,0.011062154307677874,0.0268250303477493
2016-09-18,3.2924602,0.0,-0.0020513599756875056,-0.008469715268407119,-0.0011590171534539007,0.004709942174967452,0.025415258674028163
2016-09-19,3.2928605,0.0,-0.00121663751805956,-0.007454483398916412,0.0,-0.0003711780262608544,0.02457408486203083
2016-09-20,3.3132596,0.00015222776693946116,0.00012177850593775297,-0.006901905472242786,0.0032490136922720403,0.002132690435346918,0.025914851203189482
2016-09-21,3.3308766,0.010048012280439389,0.008114167340182776,0.0028190052600332027,-0.004857737682165353,-0.0021802662708171328,0.019189765458422103
2016-09-22,3.4275625,0.010174089796977315,0.014225200071173116,0.012298797266574235,0.019293351929335234,0.013732199001294632,0.03612863590179782
2016-09-23,3.448359,-0.0023874016591326486,0.008187916384531979,0.009337011091216096,0.0022805017103761926,0.01201989499861833,0.03553084209038193
2016-09-26,3.4657536,0.0018695782914208703,0.006097996982702192,0.010156573448780515,-0.0009101251422070078,0.007294916498440163,0.031647205319173866
2016-09-27,3.4778655,-0.010300759319832209,-0.0060868433253218335,-0.0009644316267662933,-0.012753359143703014,-0.0060986793837124464,0.016281604951295936
2016-09-28,3.4840884,-0.0049023304022282055,-0.009845984113710182,-0.006131625421737952,0.007843137254901933,-0.001371428571428579,0.021594004653174625
2016-09-29,3.4788954,0.0017431610696188038,-0.00532821791488558,-0.004384152437233557,0.0025177386129549006,0.00137174211248281,0.021443313394200025
2016-09-30,3.4697356,-0.006355377660642536,-0.00808153411773016,-0.009364722878158704,0.009360730593607425,0.009545122396784844,0.02806780922261254
2016-10-03,3.44019,-0.045914906408426215,-0.04106654322056591,-0.051400755667905584,-0.008369147251752973,0.0014162364658047988,0.017004198854014607
2016-10-04,3.338704,0.0,-0.030245808878032188,-0.0481110351036792,-0.011405109489051268,-0.009959795321637599,0.003775158070268736
2016-10-05,3.301655,0.0,-0.020175164216452823,-0.04507140739779825,-0.00115366866635902,-0.009291468326620422,0.0011100319134176306
2016-10-06,3.2522912,0.0,-0.009533152318884186,-0.04225761027739505,-0.004158004158004158,-0.010285137058634541,-0.004514438119869402
2016-10-07,3.2785268,0.0,0.0,-0.03976212283509217,0.003711435861748935,-0.0023057412958266132,-0.002294239038955981
2016-10-08,3.2698421,0.0,0.0,-0.037327564200359875,0.015715276172868053,0.012859513274336098,0.011111877976395679
2016-10-09,3.2785964,0.0,0.0,-0.034787697697914455,0.0,0.010019763754193889,0.010089402679781978
2016-10-10,3.279359,0.0,0.0,-0.03253328621187801,0.0,0.006965128534115461,0.009150086678989089
2016-10-11,3.2662227,0.0,0.0,-0.03026831897631843,-0.005460750853242158,-0.0012795320568476098,0.002983019733822978
2016-10-12,3.2481086,-0.001516380218725133,-0.0012134721920257219,-0.02939512398048194,-0.004118050789293171,-0.006572641380254818,-0.0016513003990642483
2016-10-13,3.203352,0.003117276388912016,0.0015801861826054697,-0.024155074919501862,-0.025040202159430258,-0.024726537365566625,-0.025924098279759833
2016-10-14,3.1850142,-0.0015139636765438835,4.787185726695675e-05,-0.023331414988381316,-0.00541941564561732,-0.022192364714603285,-0.030067672369222254
2016-10-17,3.1709602,0.001037466166669887,0.0008617346735730891,-0.01954805198666254,-0.0016583747927030323,-0.015558566556090336,-0.030696155217426302
2016-10-18,3.190745,0.0051020601797675535,0.0047176175588719005,-0.011470602044153067,-0.0007119126720456226,-0.008849974109118142,-0.029443964275424728
2016-10-19,3.165204,0.005631325595630177,0.0076773983128521905,-0.003195825372192984,-0.0009498931370222063,-0.002938806465374366,-0.028260593391617683
2016-10-20,3.1668174,-0.0018140616640401896,0.004157515138303092,-0.0020973838712023962,-0.0035654860946041644,-0.004038964124495226,-0.02949483724591373
2016-10-21,3.170086,0.00023708030492497478,0.0023596148898790137,0.0005058412896168374,-0.00357824427480935,-0.00552354649778608,-0.031195639568595834
2016-10-24,3.1916478,-0.00308083129697978,-0.0019297195755987318,-0.00030893974180079553,0.002154656451999193,-0.0020502550898773286,-0.027043360024172736
2016-10-25,3.235774,0.007844710312252312,0.004136875410953422,0.009524579928893884,0.021739130434782705,0.016445648557440906,-0.004700735362561659
2016-10-26,3.241929,-0.005582180556375271,-0.000979404920828486,0.005825199458482366,0.003273322422258751,0.015717464375325507,6.991866129091306e-05
2016-10-27,3.2280242,0.0024509609948304423,0.0011054085850870088,0.00769342168579068,0.008389652761593869,0.01773449995295895,0.009130449992420298
2016-10-28,3.2369947,0.005994144206637797,0.0055817318867030785,0.012828091255236096,0.015484169170325801,0.023050058207217727,0.02403952596804837
2016-10-31,3.268894,-0.0031360250882007668,0.0009288844154289322,0.008910783094508767,0.005006827492034738,0.01727712508638568,0.028124417954926706
2016-11-01,3.3089118,0.011718461985106066,0.010351710372622502,0.01938286741328077,0.010643115942028825,0.019368690329359284,0.037231570140373815
2016-11-02,3.3217616,0.015858227632850497,0.01964703181375449,0.033345751307061855,0.0008962581223390664,0.012144831649068655,0.03647501044131962
2016-11-03,3.3658361,-0.003596627690978571,0.010586254689265662,0.027634267275239432,0.008282963957913614,0.01240784031648956,0.043740223625513996
2016-11-04,3.414308,0.0009216444702315751,0.0071714727413851875,0.026543821910107512,0.007326820603907658,0.013311296734711986,0.049660485615463656
2016-11-07,3.4506717,-0.019182075549278865,-0.013185304761893613,0.005850372851552876,0.019836896627727585,0.02376316488184793,0.06761730061491256
2016-11-08,3.514645,-0.00383323494241794,-0.014990953173489974,0.0011911521293350713,0.030041063323968054,0.04056591415222055,0.09470105886946745
2016-11-09,3.4826498,-0.0006282776918377087,-0.010373764647293338,-0.00028283707163978544,0.03294167016365934,0.05385965663398551,0.12340833371365978
2016-11-10,3.5584278,-0.005579110264141374,-0.010261077826749343,-0.006270207948768869,0.037578712167377626,0.06589875213889251,0.15424594386948054
2016-11-11,3.5461304,-0.03500596509531817,-0.03248300493434075,-0.03985412487932283,-0.01624902114330451,0.02764939261319488,0.12526872088857033
2016-11-14,3.5433896,0.0,-0.02364926666462097,-0.038599355542215164,0.004378109452736201,0.014717117696730897,0.11975151145376883
2016-11-15,3.5329485,0.0022928668032111688,-0.013619127986490343,-0.03499712883724582,-0.006340400237765054,-0.001711919738832779,0.10281586383577612
2016-11-16,3.518771,-0.000490176132301956,-0.006222248329607383,-0.03377520610840856,-0.014755732801595145,-0.017146721833227185,0.07784431137724557
2016-11-17,3.5150347,-0.005640039460819035,-0.0038976019919232385,-0.03735826210190474,0.00930985630439185,-0.00319808115130904,0.07852678474880492
2016-11-18,3.4990802,-0.006576243321002928,-0.008385843473590282,-0.041512014363602745,-0.009424503709644982,-0.009225832330525319,0.05961969519846422
2016-11-21,3.5151908,0.0009101990781443803,-0.005590286430501967,-0.038641915925084036,0.02004048582995943,0.01095417703234114,0.0710566029714963
2016-11-22,3.5331867,0.0011574276143517803,-0.0023068050749711633,-0.03519430030769155,0.011311768207977746,0.019077710674719084,0.07382550335570492
2016-11-23,3.5280838,-0.01808424807106712,-0.014781194419594246,-0.04977666973041461,0.024136577708006257,0.032198093429848695,0.08909548105716758
2016-11-24,3.5517406,-0.009166617305405023,-0.01757723770944286,-0.05510046689578074,0.02433416363287977,0.042511700468018665,0.10386124303117894
2016-11-25,3.5604167,0.0,-0.012587804344574627,-0.051399347327176215,0.0,0.0262612301313061,0.09311740890688269
2016-11-28,3.5699382,0.010524550100116103,0.0009920843031707705,-0.0382836923559321,-0.004489337822671136,0.010672642333548588,0.07822281650762775
2016-11-29,3.5960724,-0.002267723187669435,0.002616516620530973,-0.036632122168240744,-0.02048102217211578,-0.01440671557135298,0.04817629790485389
2016-11-30,3.5605586,-0.014395130258855082,-0.008754204829012902,-0.04523469261250379,0.008824093612123551,-0.007211356943290781,0.049072411729503385
2016-12-01,3.5308301,-0.0033310764019579553,-0.010162171229582406,-0.0431402557173407,0.0036128541547821857,-0.0010598834128245915,0.044796801076865345
2016-12-02,3.5209925,0.007027124004040042,-0.002681949784849369,-0.031324720552087904,-0.0064418340280408826,-0.003647970816233581,0.030852851849303642
2016-12-05,3.5106347,-0.0009360697887759173,-0.0008000533105674279,-0.02805316043728512,0.027650648360030505,0.021301595724519506,0.05148142005599854
2016-12-06,3.5153575,-0.005451468836509821,-0.0028013368433970065,-0.029099583606643997,-0.006494711449248514,0.009274619212788382,0.038693969405670714
2016-12-07,3.526568,0.00633780795545924,0.002799307766771175,-0.01896527172122142,-0.013261113186402662,-0.005009793581437383,0.021353104368251774
2016-12-08,3.5099595,-0.004425490359042494,-0.0021325182733727965,-0.019389187957102982,-0.006814310051107442,-0.010634687181808045,0.01303214596003488
2016-12-09,3.5011208,-0.008890429116053644,-0.008347861088337294,-0.02558324818254276,0.008195159138555397,-0.004254037571057578,0.0187280342785614
2016-12-12,3.4415352,0.0035362907534950416,-0.003050408492995982,-0.019760647036676793,-0.01096408317580333,-0.009316064530788482,0.005767012687427853
2016-12-13,3.4488637,-0.005844476861302184,-0.007022228621531346,-0.02271905410591113,-0.008027522935779796,-0.011127200670680515,-0.003982152281341356
2016-12-14,3.41246,0.003976915233366851,-0.000722775061287928,-0.01625175141585522,0.0025048169556840527,-0.005618836480391409,-0.003991309091953332
2016-12-15,3.4104133,-0.028846980617804108,-0.02248337189571825,-0.041027125693529176,-0.0017297712857967662,-0.0053238346930177816,-0.007680256772763627
2016-12-16,3.393955,0.0066501149807476345,-0.01185458558610697,-0.03163619063284784,-0.01386214863303814,-0.012759723989052119,-0.023134285659794362
2016-12-19,3.4050157,0.004580243942773121,-0.003338244080370756,-0.024325564358177676,-0.025185474424053056,-0.028674811298731617,-0.04731921389047877
2016-12-20,3.3943396,-0.007891275756247373,-0.006828899916446973,-0.028722019259825426,0.0012016823552973843,-0.02022656893104935,-0.045290910306236554
2016-12-21,3.4096797,-0.00035353461251641516,-0.0018884252539951296,-0.026642366124472683,-0.0022004400880174524,-0.014073371283997327,-0.04528576350342617
2016-12-22,3.3963587,-0.0020333540866899202,-0.004093702145985811,-0.026552453444673052,0.001202886928628466,-0.005020720433535186,-0.04090647205684661
2016-12-23,3.382579,0.002746257487458159,-0.0007591946609595279,-0.021926497613195983,-0.008410092110532563,-0.0066597127497391995,-0.04536078499412033
2016-12-26,3.3722875,0.004770760930814522,0.004575512496475254,-0.01499204649457797,0.014741518578352153,0.006691241285359473,-0.02850680045239673
2016-12-27,3.3731437,0.0,0.0035472428943659207,-0.012828942471420413,0.0,0.005643611911623436,-0.026738071488751736
2016-12-28,3.377392,0.0018464569557534727,0.0039297101151234415,-0.009656579518506181,-0.006169154228855889,-0.0008003201280513128,-0.0302536020816343
2016-12-29,3.365273,0.014920133083850207,0.013976807390572388,0.005578340983924512,-0.0036043251902282414,-0.003684126221368045,-0.030907355833836525
2016-12-30,3.3873017,-0.005534438151975296,0.005174437584373637,0.0011055538649313856,0.007033762057877757,0.0009588110742679845,-0.02187173656318009
2016-12-31,3.3847277,0.009043499490489104,0.010185426787962415,0.010757376339481928,-0.00658551187387757,-0.003762407941082402,-0.024399804017638638
2017-01-02,3.393906,0.0,0.0061388034222193966,0.011074422041050802,0.0,-0.0018847495689134908,-0.020791942876251523
2017-01-03,3.393906,0.0,0.002488082136133496,0.011717934525992568,0.0,-0.0012439308213955114,-0.017845692470084606
2017-01-04,3.4206235,0.0029300451073146494,0.004141522271743803,0.014947784458362534,0.0271193250301327,0.020233059302418477,0.01012495678372094
2017-01-05,3.451593,0.01366205677664345,0.012670125790032127,0.02790418223834057,-0.007432035986700614,0.010070854231351012,0.004751534349633824
2017-01-06,3.4228995,-0.006611788658687612,0.003992332088639472,0.02073435079661934,0.0033497536945812367,0.008876208590901769,0.009516256938937317
2017-01-09,3.440048,0.009898434460513972,0.009932918725251927,0.02963627989069062,-0.0029457973291436845,0.001973554371422992,0.0076711621860330315
2017-01-10,3.4469879,0.0005914247333123068,0.006442144520867554,0.02921998781715862,0.02915107346858381,0.021225861934172308,0.03681949419083419
2017-01-11,3.4347112,0.00962677325124095,0.010667970147886008,0.03607542802134511,-0.0007655502392344138,0.016154145581938506,0.03574829392159984
2017-01-12,3.435328,0.002760161337831857,0.010178484813682553,0.03608003436598639,0.02336717104003072,0.029162493258340305,0.05763235250452814
2017-01-13,3.4248383,-0.003002732098280614,0.003189298219156589,0.030528786119794482,0.0069249485307878444,0.024918082755467363,0.06089288531314074
2017-01-16,3.4463413,0.013971346515251781,0.012362178416304825,0.04131314120566332,-0.024163568773234223,-0.006396911313827247,0.03270223752151469
2017-01-17,3.4471812,0.0,0.007682322457807533,0.03770675668043921,0.0,-0.007336257752231123,0.03004797080549748
2017-01-18,3.4183626,-0.0005775174685438422,0.004478003403877828,0.033457498754819515,-0.003238095238095262,-0.010999395222255903,0.02431099279674287
2017-01-19,3.4033477,-0.008585836700100713,-0.004476498292887654,0.021577416412532857,-0.0022931396904261048,-0.008695982380192868,0.01927863731758528
2017-01-20,3.4013677,0.0028312301981350263,-0.0031454147083397332,0.02155853422248044,0.005554491476728485,0.0017554571821096765,0.022694068374403464
2017-01-22,3.435842,0.008884788456404058,0.005212191162973889,0.027249580397173734,0.008571428571428452,0.00860985180387841,0.028754614338449613
2017-01-23,3.433507,0.0,0.0047134503190795485,0.02397706586345283,0.0,0.00688369970335434,0.02575527164595459
2017-01-24,3.41735,-0.00386827256944422,0.0009924939126888521,0.017704539571458122,0.023040604343720572,0.02292469219729587,0.04492583090603963
2017-01-25,3.4271736,-0.010741138127349115,-0.009169284662207788,0.0047750798358590085,0.0005538120731032325,0.01585635566218091,0.04139647039609562
2017-01-26,3.4349577,-0.006514698496637772,-0.013207030971196798,-0.002988114314531276,-0.01365313653136524,-0.0016060956934224047,0.023559482667841136
2017-01-27,3.4250474,0.02437999159310622,0.010264302281924875,0.018838253734885013,0.006172839506172645,0.001414901143091285,0.02593934770169737
2017-01-30,3.4267144,0.0,0.009678311827547192,0.01636950273643678,-0.01059676519799213,-0.010191935723850687,0.011748602714725553
2017-01-31,3.4466698,0.0,0.008308086451551011,0.014056133102344326,0.027245396467493244,0.014888245340461737,0.03582864396824492
2017-02-01,3.435885,0.0,0.004782716252989205,0.012421575872492374,-0.005853301627949503,0.00838621099113146,0.02626560169187475
2017-02-02,3.434157,0.0,0.0,0.010465377067946813,-0.009199632014719406,-0.002334370831480692,0.014019263541441118
2017-02-03,3.425507,0.0,0.0,0.009001092151389667,-0.02599814298978642,-0.023422953749906883,-0.013903119976686917
2017-02-04,3.449546,0.00943783340172355,0.007536041939711913,0.016596127305456232,0.013536701620590952,-0.009982121573301583,-0.0014088475626937713
2017-02-06,3.4007602,0.0,0.005641402992396349,0.015153003474294824,0.0,-0.004382514889313294,-0.0022990662975648224
2017-02-07,3.382221,0.003414594448678754,0.006491356505163859,0.017137674558178606,-0.006960120391271585,-0.005500923100109301,-0.00864780612388616
2017-02-08,3.3956614,0.0027548408269131297,0.006129774420895462,0.018165038936976963,0.01288122750520948,0.008753725993283723,0.004433256941052788
2017-02-09,3.4379082,-0.002020038824593895,0.0013945378913429174,0.015143706733508955,-0.004862539741911531,0.0009782158847209121,-0.001116961863730559
2017-02-10,3.3626182,-0.0005667162057411135,0.00011345993888012273,0.013635313817166095,0.043037023115955586,0.03494573527766387,0.03894645213826409
2017-02-13,3.3739808,-0.008101101589613857,-0.007087569853809872,0.004883268316912215,0.00540540540540535,0.030394800014772683,0.04118075121750975
2017-02-14,3.4011602,-0.00040836327183113585,-0.005832261461702015,0.0035257611422003787,-0.01577060931899643,0.006229388054232343,0.022176312385419283
2017-02-15,3.3909905,0.006373009724831791,0.0014634939197291086,0.008788053711757282,0.002184996358339353,0.002659671366634031,0.021994039605982563
2017-02-16,3.4515152,0.006738693803006068,0.007409329163695189,0.014547298163619438,-0.008720930232557933,-0.010949169748386556,0.011569267279738948
2017-02-17,3.4407825,-0.0019355035597277137,0.004936972597161748,0.011648322708903924,-0.005131964809384271,-0.011653313911143437,0.005138650988380178
2017-02-20,3.4541912,-8.078182604209783e-05,0.0027225515680655565,0.010443290629539081,0.013817243920412725,0.004820509074973556,0.018216132703000376
2017-02-21,3.4471781,0.0,0.0005174511715289043,0.00878766542138476,0.0,0.00441702562604962,0.01743487344463568
2017-02-22,3.4698358,-0.004444444444444362,-0.003977617903024866,0.002567455533732055,-0.004179538433581653,0.001096090610156919,0.011928943383683555
2017-02-23,3.4540944,0.014772687639508897,0.009072097527930367,0.016067519983888445,-0.032299270072992825,-0.025792703089980495,-0.02006800206962822
2017-02-24,3.4811862,0.005359201330880747,0.011329097819630096,0.019921313457352152,0.013954365453516804,-0.01034381211808899,-0.006898334980191545
2017-02-27,3.4549055,0.00039780411352374756,0.008501784098542187,0.018719211686248016,0.0035335689045936647,-0.002919546176872845,-0.002735270200340034
2017-02-28,3.473986,-0.003817439744652318,0.0022243046835630498,0.013430405963936964,0.005930318754633124,0.0057812036762525665,0.003243722795700954
2017-03-01,3.4280002,-0.002953817055715957,-0.003431196605440112,0.009195834686935411,0.00810611643330894,0.014234875444840034,0.010563640392996954
2017-03-02,3.4313188,-0.013611978275023029,-0.014117187146934218,-0.005079973140173499,-0.016630116959064356,-0.005507503511495537,-0.007488564261472486
2017-03-03,3.4417205,-0.005195246600556369,-0.014285032596659253,-0.010068940862434816,0.0022300687604532854,-0.0038788326560768027,-0.005981070694596746
2017-03-06,3.4430277,-0.00081599347205219,-0.009848954325065495,-0.010656946712761184,-0.016502874096050335,-0.016976795907776676,-0.022277113652912073
2017-03-07,3.4378572,-0.0076766226329624265,-0.011454814787861256,-0.017493660335775485,-0.012631975867270051,-0.02247358793444587,-0.034253837997326064
2017-03-08,3.427228,-0.0054316317328167996,-0.010318565228073173,-0.02167929441564731,-0.006874164598052457,-0.01927138331573386,-0.03959966392451253
2017-03-09,3.4243796,-0.00504755944223223,-0.010533225465715557,-0.025327364659787355,-0.007883099403960703,-0.018824871648602248,-0.04575211746865404
2017-03-10,3.439688,-0.0014138998733104202,-0.007882766343436098,-0.025374238164118657,0.005813953488372103,-0.005442281158976048,-0.03699855271458785
2017-03-13,3.4556768,0.001415901816709697,-0.0028362199308136216,-0.02312202297660282,0.011753371868978846,0.008295249433541985,-0.022697028634176775
2017-03-14,3.4591432,-0.00041583498823005716,-0.0010638312335276012,-0.022654805165106096,0.0036183584079221287,0.010662779993863225,-0.017130281525965962
2017-03-15,3.481442,-0.0014976693498301996,-0.0011652304736269326,-0.022863117149984902,0.008159392789373943,0.014550870760769774,-0.007342637744521152
2017-03-16,3.488782,0.021998187610305475,0.016728567017453955,-0.0008187329422660872,0.007905138339921125,0.015011941316956712,0.0014493431202955431
2017-03-17,3.479911,0.002690622770587181,0.014569302197988465,0.002188096780967319,0.005228758169934622,0.012908324552160177,0.007109448082319725
2017-03-20,3.483304,0.00308987364363289,0.012491973474719753,0.005444506861562504,-0.009102730819245841,0.0005627462014632378,-0.00047783680467738954
2017-03-21,3.4903064,0.010132944428815183,0.015384348807767845,0.01527679601249643,-0.01818522684664403,-0.016414995116820652,-0.016202507866434956
2017-03-22,3.4928653,0.002568071025507157,0.00989445860821192,0.01716722751701183,0.004582776398701638,-0.009973654497553608,-0.009656834139638137
2017-03-23,3.4972997,-0.0019210952695581929,0.004640902474856157,0.015349552719238435,0.005322182094658734,-0.0022260790824026877,-0.00425483846675212
2017-03-24,3.5148993,0.001042526852482295,0.0027152167124127047,0.016768244677305644,-0.005104934770277958,-0.002766933252473347,-0.00826446280991755
2017-03-27,3.5129619,0.005768365265058639,0.004979282014551334,0.022716644535664132,0.00038008361839625415,0.0002660281989890212,-0.006651884700665134
2017-03-28,3.500812,-7.963643778352569e-05,0.003421231659009427,0.02252274067294535,0.016717325227963542,0.012562433782352223,0.010678979123587284
2017-03-29,3.5008473,-0.0015136018004907603,0.001246173430606623,0.02078796146486206,0.0005605381165918466,0.009539250433602486,0.012363883847549939
2017-03-30,3.4713051,-0.0067017905301136604,-0.005161978581189164,0.013406261997449986,0.00037348272642390157,0.0073335840541557396,0.012971787308070581
2017-03-31,3.4815006,0.0018474287776102383,-0.0031807272357623484,0.014378459522937925,-0.006906850849355939,-0.0018012608826180054,0.006670135768011898
2017-04-01,3.500642,-0.0015233098209589402,-0.003105792770093485,0.01197321429213516,-0.018045112781954864,-0.01834034876728796,-0.010746579557827762
2017-04-03,3.5047784,0.0,-0.0015232902772470691,0.010728962740721881,0.0,-0.013595166163142047,-0.010624798772750466
2017-04-04,3.4986312,0.0,-0.0002408284451476117,0.009217813329964297,0.0034456355283307705,-0.005954412712860679,-0.0076010715333717505
2017-04-05,3.5087533,0.0,-0.00030503369284773374,0.00746254544537428,0.02575352918733298,0.018872929851820874,0.015870017003589476
2017-04-06,3.5069385,0.003934498408547871,0.0031451238298974005,0.009401351932227797,-0.008368978984563902,0.00988673813402019,0.006018754363125378
2017-04-07,3.497023,0.0031992320593356993,0.004919252724249201,0.010513619597234847,-0.004313578394598561,0.0023032774505362674,0.0011314350367717108
2017-04-10,3.482621,-0.0025512820837224615,0.0014407677392940244,0.005941867173621329,-0.01638726690525516,-0.014047277395967006,-0.01482850998000218
2017-04-11,3.49513,0.01606584284083623,0.01334434041414978,0.01918993657509449,0.0017234775947911896,-0.01193759208190115,-0.012366657226470346
2017-04-12,3.448918,0.0032253758761318085,0.011789560793840748,0.020480858593241225,-0.0237048365513286,-0.025418877142093677,-0.033515641263412776
2017-04-13,3.4567628,0.008311750317643307,0.014468754541908213,0.026658476277135357,0.009790483649892323,-0.009259970798432215,-0.021961766044606312
2017-04-14,3.450946,0.0027218290174579884,0.011627374879941588,0.027164825624243605,0.009889470622455043,0.004435872709739552,-0.011107946454001594
2017-04-17,3.445586,0.0,0.005583985590707163,0.025396335591913788,0.0,0.004978580525645482,-0.01083560460014632
2017-04-18,3.4302971,0.0017837185623272855,0.004166811622432931,0.025496441207324416,-0.0266897081413211,-0.01568992970600802,-0.035477456735389046
2017-04-19,3.4325106,-0.007973931367318055,-0.004784231651217441,0.01592789107527892,0.0031564411126454583,-0.011738640338943562,-0.030551451313092892
2017-04-20,3.427422,0.00039019821326169435,-0.003776916685845566,0.014968392266367703,0.0031465093411995326,-0.0064664407307857275,-0.026006262888566334
2017-04-21,3.3709242,0.0042905061980273995,0.0008084942322070798,0.018033445119264746,-0.001960399921583922,-0.0038741488612350494,-0.026307484866741282
2017-04-24,3.3703103,-0.009010389440699984,-0.0061076047262828,0.00804351159097938,0.0054999017874679534,0.005105046141763214,-0.0187659337920989
2017-04-25,3.4624877,-0.007995040642580942,-0.01002803753809578,-0.0004975727122266127,0.01015823403008409,0.011264520671177669,-0.007047256946444591
2017-04-26,3.464114,-0.002765486779011339,-0.009775949413302842,-0.003934258728317208,0.003867723844517501,0.010984302574689409,-0.0016155710274262658
2017-04-27,3.4512472,0.0012677090697150728,-0.005680958654401214,-0.0033165416793974334,-0.0009632055480639501,0.00667753707585983,-0.001290272883085919
2017-04-28,3.4285896,0.0018992043260244174,-0.0004421153048973503,-0.0022381144418646137,0.0036637099884304636,0.005913729128014689,0.0025521259690854947
2017-05-01,3.4108233,-0.008688097474221501,-0.005877130888515936,-0.011284660731198826,0.0205571565802114,0.01899098407826605,0.022295353290416875
2017-05-02,3.4065313,0.0,-0.004220811507945177,-0.011662265856212883,-0.009412650602409811,0.005887750420553672,0.012477992746024125
2017-05-03,3.374197,-0.006931679819221825,-0.008653566607042418,-0.018551749015802366,-0.030786773090079822,-0.021676577786303608,-0.016070842899311266
2017-05-04,3.366723,-0.015966001303167388,-0.018674382654373378,-0.03331573191361281,-0.012352941176470567,-0.0282065133508258,-0.025452012653452316
2017-05-05,3.3443918,-0.0013860180773542785,-0.013515001843374064,-0.03353201295013841,0.006750049632717747,-0.016561942440462274,-0.0166096205870091
2017-05-08,3.2580075,0.00040822989881372784,-0.008352058513134142,-0.03215228683748783,-0.014001183198580125,-0.018453082057322212,-0.028286577722498096
2017-05-09,3.2257385,-0.008977392933690265,-0.010721314735397836,-0.0386807376419126,0.0016000000000000458,-0.006979695431472144,-0.02461826114054233
2017-05-10,3.1414902,0.0024705590705484948,-0.0035525933135799326,-0.03408817276165843,-0.0015974440894568342,-0.004618569835961206,-0.025160604790360863
2017-05-11,3.2073627,0.004435966587653217,0.0014906639729770355,-0.027364612810930056,0.005400000000000071,0.0011551023659681636,-0.01865281939658947
2017-05-12,3.1921566,0.002862517493883443,0.0041271752808358375,-0.022122311446737153,0.006365625621643112,0.008009882840519511,-0.010967527516568598
2017-05-15,3.2829864,0.001957286339612674,0.005549082922071236,-0.017827183958799675,0.00593002569677803,0.010403843862923257,-0.003943904563381229
2017-05-16,3.3118665,0.005209201156796572,0.00737382521163199,-0.010468206716676698,0.004716054234623623,0.01095381208478341,0.0003228109990511818
2017-05-17,3.2716804,0.018218623481781382,0.019043780290922685,0.008525346482704865,-0.001369059260708072,0.005355595810033975,-0.0012518582270558687
2017-05-18,3.2775137,-0.004612364873260555,0.009598302807122927,0.005090860173532219,-0.005875440658049458,-0.002476123098691163,-0.0068771215871185065
2017-05-19,3.28996,0.0007989135088355415,0.006103907906962247,0.007297181481498827,0.019700551615445372,0.012519561815336422,0.011846580912538762
2017-05-22,3.2617297,0.006386206044405318,0.0073350651077446205,0.014345798286072409,0.005409582689335224,0.013437195715676697,0.016475735645991474
2017-05-23,3.2475972,-0.004679862435360449,-0.000541571073376268,0.010037635914661447,0.00019215987701781678,0.010012807078821906,0.016333583918302752
2017-05-24,3.260998,-0.001912674785360391,-0.0016421097217561575,0.00849947403933382,-0.004803073967339144,0.0022831933748692634,0.01156069364161838
2017-05-25,3.2869666,0.002714807048693091,0.0004142852138884212,0.011559103329272347,0.005212355212355302,0.0024256892037579636,0.0166248523482726
2017-05-26,3.2615812,0.009396342012268244,0.007422921930144044,0.021002376581975568,-0.011714999039754148,-0.008172076169917442,0.005294106155619316
2017-05-27,3.2630627,0.003471145865262981,0.009107336885469719,0.023849576817038143,0.001943256898562007,-0.004402564300610257,0.00878480170609075
2017-05-29,3.3090224,0.0,0.006360953014538762,0.023153676155826863,0.0,-0.002514993228864393,0.009831955814955329
2017-05-30,3.299156,0.0,0.0032495150182356713,0.022101333273591095,0.0,-0.0015878548468299947,0.009278471596914972
2017-05-31,3.3046908,0.0,0.0006923066950350609,0.020236289575939814,0.005818463925523654,0.005038759689922623,0.0136726576167161
2017-06-01,3.2886016,-0.0039308176100629755,-0.0031471282454760274,0.014509001055677428,0.0023139220979562225,0.005338078291815318,0.014758706856161208
2017-06-02,3.2795253,0.007734845168212434,0.0038051817866442406,0.020252466188197094,-0.0048095421315891285,-0.00015462522710574245,0.008175714522368649
2017-06-05,3.2808666,0.001958019975245584,0.004617509703545908,0.019602257162246728,-0.006379277015271634,-0.005918075271728718,0.0004574075696086588
2017-06-06,3.2725146,0.011803310411634405,0.012911808189036922,0.028477010968879224,-0.004085603112840452,-0.008560582584443921,-0.004782642507193513
2017-06-07,3.28368,-0.0033220401321233384,0.006695140086712126,0.022322931409737734,0.0017581558898223104,-0.004581101017159694,-0.004010760102162725
2017-06-08,3.295713,-0.010696788635737309,-0.005516667165709976,0.009383673444385288,0.021645865834633238,0.015349432148533015,0.01577268717342184
2017-06-09,3.3130512,-0.00611145383508116,-0.01031428028726955,0.0016345120608376451,0.01488833746898277,0.02474655976564022,0.028622280689875268
2017-06-12,3.3728418,-0.0018920176697378999,-0.010147941682556616,-0.0014866327840846738,-0.011848786909911757,0.008174386920980936,0.015049941075326867
2017-06-13,3.403983,-0.00023689026427287097,-0.005937017716530435,-0.002049792859413202,-0.006851922344879968,-0.0025233216088087485,0.007005422930698391
2017-06-14,3.3990774,0.005530099328468596,0.0022836635627285773,0.0026350188174040223,-0.008240705251054026,-0.012517650650688661,-0.002246151176578448
2017-06-15,3.3755534,-0.016184865545233684,-0.010181216730344778,-0.01357306796383806,-0.0027053140096618966,-0.012248803827751176,-0.004801480938699254
2017-06-16,3.3678045,0.001437509102632184,-0.006480854435316541,-0.011894313087688957,-0.003487696182910227,-0.009094061885861815,-0.007688819857800344
2017-06-19,3.463395,-0.007815030963417069,-0.010812568634222641,-0.019206786572959378,0.01030526929807496,0.003359981462171202,0.0026242667489966287
2017-06-20,3.4559767,-0.002571894629043392,-0.009450520678350949,-0.02128952177909993,-0.013086989992301734,-0.0063170949114442765,-0.01000038611529408
2017-06-21,3.4266865,0.0019339439275281034,-0.0028549119292680114,-0.01891703842508552,0.01735569422776906,0.009286128845037656,0.007084531783873471
2017-06-22,3.3907027,0.0033777956324667624,0.0012519544828324403,-0.014825806279410547,-0.0017251293847037052,0.005716051289973878,0.004745919666628184
2017-06-23,3.4284337,0.0068932155772913895,0.007797935671192802,-0.00741558446337276,0.009792626728110543,0.011035066133497473,0.013577974578639518
2017-06-26,3.5098467,-0.0078808332499255,-0.00048115419991567876,-0.014237093402273415,0.0011409013120364797,0.009510296429803944,0.013669618790912441
2017-06-27,3.587877,8.02179106320633e-05,-0.0012660302749788466,-0.013158922909991322,0.008357075023741833,0.010930002285017837,0.020637682273893843
2017-06-28,3.5529325,0.0012836774346898228,-0.0007206341580592301,-0.010952439527032953,0.005274062912036026,0.01163848661763578,0.024533517622667533
2017-06-29,3.5717993,-0.0030449109199718327,-0.0032206213336095635,-0.013072352735910453,0.010118043844856706,0.014833778848687862,0.032986194276516834
2017-06-30,3.534768,-0.002813052674293548,-0.003549893956121597,-0.01443753258117364,0.005750324615099167,0.014443945517138124,0.036453653967464916
2017-07-03,3.4801667,-0.018376664508028107,-0.01737878879980237,-0.030183805926939034,-0.00663961637772037,0.003166325200223641,0.027156915096498757
2017-07-04,3.5026405,0.0020527136463459605,-0.011213350669090238,-0.025321338383078262,-0.012253991830672106,-0.009532320524277549,0.012629314857289575
2017-07-05,3.521057,0.0,-0.0067712503549935965,-0.022600932853111155,0.0,-0.008904951749319934,0.010782311309552206
2017-07-06,3.5558717,0.0014748662092798348,-0.00173160934540606,-0.01903424008517518,0.0005639097744360999,-0.005827201075791044,0.010545899818698024
2017-07-07,3.5186784,-0.0111274555140487,-0.007636114963513019,-0.02761241243690371,-0.005448055607740199,-0.006493262770709052,0.005259859863661287
2017-07-10,3.508885,0.00289591268467726,-0.003813480846917572,-0.022673412492912548,0.00018889308651304226,-0.002899969870442831,0.005058509780101916
2017-07-11,3.520245,0.0012375216815549983,-0.001464566564710057,-0.019400308687643752,0.009254013220018953,0.005418422636965792,0.013147791796612296
2017-07-12,3.5240703,0.0037079763435456936,0.0026174603755770853,-0.013584380907262772,0.004491017964071808,0.008112980769230616,0.015839373237704235
2017-07-13,3.5624075,-0.0014776510909514373,0.0021092314781980814,-0.013608155145915402,-0.008383010432190696,-0.00033804086538469225,0.005781875897513444
2017-07-14,3.6061265,0.008468244959569216,0.007606737169440825,-0.0041487167471165876,0.011083975201953589,0.0074123989218328745,0.014638928426668807
2017-07-17,3.5261571,0.005054682345991157,0.009267481989112536,0.001348386450909178,0.012263099219621099,0.013958682300390768,0.024647589313422147
2017-07-18,3.5631082,0.006732581464206078,0.011507906116590583,0.008085952920437789,0.0023861967694567277,0.01197094359202433,0.023886305684715836
2017-07-19,3.6201768,8.055401490936198e-05,0.0077946989053871985,0.008257246777999327,-0.007324665812122322,0.0025892361753283577,0.01444664845241217
2017-07-20,3.7060764,0.002900497742407415,0.006061625174270446,0.011296701803238385,0.002029145914038022,0.0005894488653108709,0.01437908496732021
2017-07-21,3.7082295,0.00763174777261888,0.009220844231450975,0.019093312340042967,0.0023932253313696528,0.0006615944426067166,0.015043901347799427
2017-07-24,3.725179,-0.00031892242564790507,0.005484912189368307,0.018453861870150634,0.0051423324150596805,0.004883960047003644,0.018289392896347678
2017-07-25,3.6174636,-0.0017545842566001335,0.0020172803592857225,0.016448120813354006,0.04019733235885248,0.036447713370229895,0.05545152857857927
2017-07-26,3.625643,-0.0021570274644072684,-0.0013911881190805664,0.014214434449363544,0.008958369927981824,0.033576852484975106,0.06090409567345434
2017-07-27,3.6188495,0.008486769884657797,0.00470605055909501,0.022182711778134134,0.0019150417827298316,0.023657061543934654,0.05937468361420706
2017-07-28,3.702125,0.00698638377158689,0.009454707718970168,0.028168463027651525,0.0017376194613378804,0.013893774182201835,0.057875807398708234
2017-07-31,3.7452676,-0.0014191491591594163,0.0059885869792530855,0.024686795881847967,0.006071118820468291,0.008450116493375459,0.06027091749995428
2017-08-01,3.7571507,0.004737091517173386,0.007409506842659619,0.027371532622962214,-0.0037931034482758808,0.001664239650509547,0.05184591859025689
2017-08-02,3.768264,-0.0006285767508713569,0.0031551102919427088,0.024599946490331925,0.0008653513326410955,0.0011772445552440391,0.048338122127856264
2017-08-03,3.770167,-0.003145148487520344,-0.0012918813030852183,0.01950476065089113,-0.0022479681826043096,-0.0015919158361019647,0.041760701969776326
2017-08-04,3.66096,-0.007493295183874649,-0.007195697213697061,0.00984731017489926,0.0025996533795495935,0.0003112463687924283,0.03985979418505381
2017-08-07,3.666116,-7.954991048686466e-05,-0.005957039667942365,0.007902484093473383,0.007778738115816752,0.007047605886823849,0.0429338103756709
2017-08-08,3.6479344,-0.0014305570081576402,-0.004831683074882243,0.004738214103942262,0.012006861063464935,0.014861703591578346,0.050233187368720955
2017-08-09,3.6721742,0.013212333065401705,0.008125176388283695,0.015783336174159945,-0.005254237288135677,0.006551416615215633,0.04007726592058969
2017-08-10,3.6962464,0.00840530335575429,0.014045086674724372,0.021574219656210314,-0.008008178565343305,-0.0032869958227760288,0.027206323441194113
2017-08-11,3.640242,0.003115992951739477,0.012501946761409588,0.0222721083511499,0.007557540364135917,0.001468228224126733,0.03056921995783557
2017-08-14,3.6990736,-0.002718024487626036,0.005638195554885428,0.017417757591036587,-0.002045687009887387,-0.0013987922622905602,0.02480612012674399
2017-08-15,3.6786106,-0.008176296837901664,-0.005279360520320853,0.007797598671325678,-0.007174581482746856,-0.00557779830955063,0.014337199054076377
2017-08-16,3.6890378,0.0025124231489868087,-0.0033872978692724987,0.008904676442274218,0.02408809359944941,0.015491708182624908,0.03397957056493639
2017-08-17,3.7298636,0.007439893349801663,0.003604397022664463,0.014743140695792079,-0.00504032258064524,0.006937359722505532,0.024407964157830087
2017-08-18,3.753096,-0.0005442111543074724,0.0033713424346966114,0.01293643529468902,0.0001688618709896339,0.0051590129993550615,0.020362458654906268
2017-08-21,3.7906346,0.003966786847585668,0.006314842775493101,0.015478458079349888,0.013506668917778075,0.013609347561799101,0.02944454924287876
2017-08-22,3.741445,-0.004415922704188224,9.336386766278792e-05,0.009667684517896014,0.001999000499750103,0.008720442730169475,0.02866231145466358
2017-08-23,3.8014917,0.002957006381073324,0.001180707736243125,0.01106851176798207,-0.0014962593516208988,0.005390203890321077,0.024827233171231144
2017-08-24,3.7201726,-0.0018620718198475439,-0.0006990834239551935,0.008122183359312363,0.017815517815517934,0.016799733865602073,0.039908818726184014
2017-08-25,3.867404,0.004663816556548683,0.0029020067398390914,0.011868416948950689,0.0,0.010413223140495864,0.03683978425319734
2017-08-28,3.9515648,0.013307505742263137,0.013276154755094582,0.02360693568162109,0.009651562244397116,0.014497517998619314,0.043554713918571686
2017-08-29,3.9836814,0.002596033092175043,0.011524169553440489,0.024642596751572432,0.005994815294880107,0.01411165191258612,0.045999376679385806
2017-08-30,3.9239464,-0.003807783179470947,0.00470052935451748,0.01929736529881443,-0.0032211306168464793,0.004838290687102287,0.0390766002098637
2017-08-31,3.9583206,0.006192168593466274,0.006330647634578579,0.02367866733363666,0.0037162708030376024,0.005340670011328541,0.03908269003989373
2017-09-01,3.9532712,0.006306069849596474,0.0077454725818622006,0.027488929034118703,0.005956213779781061,0.006896329476974605,0.04123101532104201
2017-09-04,4.0499372,0.011098490880992795,0.014376377338574553,0.03563872324315431,0.003200512081933171,0.006971215625803051,0.04075703494645966
2017-09-05,4.011364,0.0,0.010381447448694292,0.032333636281719036,0.0,0.005033987431063425,0.03757892733306312
2017-09-06,4.0469203,-0.003957532072170977,0.002480120914380546,0.025840223946595353,0.007656723560376388,0.008589858219440583,0.04166151359997361
2017-09-07,4.199825,0.008396394757391734,0.006525086610567943,0.0320169968795867,-0.0025328478708247504,0.003184206336570572,0.03493586058505649
2017-09-08,4.2216845,0.0006691133970695429,0.003968150198968345,0.03040302467975531,-0.03237581336295825,-0.024573640930470653,-0.0004672246038835981
2017-09-11,4.131175,-0.011144130757800963,-0.006004294339982841,0.017098108637499942,0.008036739380022917,-0.01284934147124972,0.005159908086581844
2017-09-12,4.1205263,-0.002253944402704655,-0.006582884500299313,0.012704569287669942,-0.00976244712007801,-0.01670598119365374,-0.006878095346882773
2017-09-13,4.039655,-0.0034638370376035565,-0.008466303728131952,0.007410591172069436,-0.018074268813670802,-0.023720839051166398,-0.02501896612201937
2017-09-14,4.1356235,0.0009822629090459056,-0.004449086867052032,0.006932276784911595,-0.007864792503346707,-0.019481378580405995,-0.032742222294728895
2017-09-15,4.137461,-0.003245962796336377,-0.003847586258723168,0.0023419107825826124,-0.0028672626075224583,-0.016273420080535228,-0.035429056231288225
2017-09-18,4.0897994,-0.010678563560459153,-0.010798419482679122,-0.008944716592645952,0.006765899864682012,-0.0031820465583654034,-0.02849867789638627
2017-09-19,4.118456,-7.662684873943615e-05,-0.007597666637383926,-0.009813203210873533,0.0,0.0013122034924801795,-0.02799892217622424
2017-09-20,4.0824676,0.004440398901348397,-0.001461272470411057,-0.006286440861703935,0.0,0.0021214264067077604,-0.027570150716823782
2017-09-21,4.0605044,-0.0163109942180355,-0.012623383378519315,-0.022646647525319086,-0.011592741935483875,-0.007959259384169193,-0.03703400581086058
2017-09-22,4.0883713,0.0020921069992752006,-0.006437800398909732,-0.02063158802783105,0.0033996260411353063,-0.004284461237433312,-0.03209674113547867
2017-09-25,4.0793233,0.010438412967070265,0.003856292097345948,-0.010299867563787202,-0.0023716754192781853,-0.004530241049393147,-0.03214673109160826
2017-09-26,4.028045,-0.0074992718564047545,-0.002261654088117848,-0.017122674154414264,-0.006282900322635454,-0.00742901726652867,-0.035397865413936525
2017-09-27,3.9504197,-0.010485717491085178,-0.00836024397235513,-0.026517774514754677,0.003588516746411363,-0.0011904761904761862,-0.029408605260331067
2017-09-28,4.0166936,0.0016362595807930536,-0.005954240851140824,-0.023788278624722436,0.01992167546398771,0.015013386654014305,-0.008253516229707603
2017-09-29,4.021098,-0.003111629716063824,-0.007235609790870456,-0.02523437351436686,-0.013355592654424098,0.0012197601138443925,-0.018745122781384294
2017-09-30,4.050821,0.00023413876560685054,-0.003141888395359116,-0.02287303062802981,0.00016920473773263112,0.000643282773564291,-0.015653621981681964
2017-10-02,3.996839,0.0,-0.000779525699178385,-0.020730563958525905,0.0,-0.0013515796587261208,-0.01271066125503173
2017-10-03,4.000553,0.0,-0.0005302074521369438,-0.018777768214696344,0.0027068177973270657,-0.00047219130493447725,-0.006803405053958156
2017-10-04,4.011256,0.0,4.681898341019064e-05,-0.0163946741818235,-0.0015184747764467321,0.0004395307164350992,-0.005118980574771448
2017-10-05,3.9840496,0.0,0.0,-0.013965843450769122,0.02957080094626563,0.02368951612903225,0.024334888412558264
2017-10-06,3.985747,0.0,0.0,-0.012096362966229401,-0.005744296733957044,0.012806366402514646,0.01920472421073871
2017-10-09,3.9858322,0.0,0.0,-0.010334410078449596,0.000660283922086613,0.008383791336749047,0.020083632722775135
2017-10-10,4.092725,0.006865288206111098,0.0054846997559792054,-0.00227672319157457,0.009732761464863016,0.011668650006610992,0.028756785828333298
2017-10-11,4.12719,-0.003719143691780502,0.0011211923527012502,-0.004490535364126136,0.011436039862767533,0.014086814086814003,0.03823578735535804
2017-10-12,4.0884733,0.005832944248863159,0.005160659748533414,0.0023677852909034236,0.00791471490873863,0.017214397496087663,0.04358296819078844
2017-10-13,4.123729,0.006340331603099436,0.008445665101305178,0.008910800035634825,0.004326923076923173,0.014701596450892307,0.045344987197984965
2017-10-16,4.040911,-0.001229331990731941,0.004388747505906787,0.007916629070543246,0.03366842189245234,0.03492347509345928,0.07582060799309143
2017-10-17,3.9398396,-0.013001018614243187,-0.007503693224156227,-0.004067585811829977,-0.013430071009570832,0.012291316881553493,0.057517291590826414
2017-10-18,4.0273995,-0.0024161929742303467,-0.008997146727469985,-0.006061174496673649,-0.005476451259583848,0.0015126685995210387,0.04762611153690832
2017-10-19,4.0444674,0.005469177175150497,-0.0025886580763697653,-0.00037673551543027095,-0.0033039647577092213,-0.004775819272944348,0.04046052901710562
2017-10-20,4.0302396,-0.007382080829725246,-0.006239201969261532,-0.006621745810241109,-0.0006314127861088981,-0.007400206954940258,0.03604303890684446
2017-10-23,4.014741,0.00023479470180065576,-0.0025605815066860327,-0.00564229978165387,0.007107881851208253,0.002862625436471866,0.03895257416143183
2017-10-24,4.0783443,-0.0021131339712415764,-0.0034235370774093887,-0.007419073919088137,0.0031367628607277265,0.005850160407623983,0.03778942415342934
2017-10-25,4.0741405,0.0003137446384804399,-0.00240909553296631,-0.0067171588061032406,-0.004690431519699834,0.0008175072317946341,0.029780488199420807
2017-10-26,4.024935,-0.00713499718656363,-0.006324712699500301,-0.013220167052253373,-0.0017279296261387689,-0.0015397184514830409,0.024314370219933545
2017-10-27,3.9328403,0.0017373063942554001,-0.0032060891002198,-0.010993313695361828,-0.02328874901652256,-0.020977917981072514,-0.0019215462417290219
2017-10-30,3.7769978,0.004414643741377677,0.001761173244786196,-0.0063289269230807355,0.0049943612050911135,-0.011786325327925784,0.0004330184594165676
2017-10-31,3.816683,-0.005572541968437261,-0.0025664113965347957,-0.011295591489274726,-0.003526771401090145,-0.009623350965521582,-0.005400216008640379
2017-11-01,3.8315003,0.005603769207527698,0.0032283272330215773,-0.005456321556310151,0.013352638352638335,0.005748044068337954,0.004817508933129044
2017-11-02,3.7946155,0.0006279325354801024,0.0025005734824370407,-0.004563741378956099,0.0003175107159867352,0.007805252551102093,0.0034717798445662584
2017-11-03,3.7485557,-0.006588771082597589,-0.003791331164222811,-0.010531423046161947,-0.00809395334073959,-0.0017250191668797266,-0.006169698511639732
2017-11-06,3.8444686,0.010185570007155587,0.005517235027515888,-0.0003594028628542967,0.012799999999999923,0.008090202573576288,0.004411158008314597
2017-11-07,3.858915,-0.004455270543548773,-1.573653973352407e-05,-0.004155586398546962,-0.021484992101105882,-0.01287690444316969,-0.01773749772037081
2017-11-08,3.862724,0.006202421855158402,0.005003042998995566,0.0021856113265534827,0.0030674846625766694,-0.007127333162874061,-0.014896265231213124
2017-11-09,3.9401343,0.0031210986861724965,0.006450797213682025,0.0056162875724554695,-0.004184773861258595,-0.007666645281324103,-0.01860634804815764
2017-11-10,4.0369,-0.010267541554563886,-0.00480232598683672,-0.003574865418093598,-0.0032325844512688384,-0.008233894052941504,-0.02100233359262138
2017-11-13,3.9615214,0.003851009368157632,-0.0006415252810336725,0.0011483030029828534,0.01313442516620733,0.007449450159630944,-0.006329717866344287
2017-11-14,3.9263651,0.003288147664073149,0.0014222267365615604,0.004499275977780881,-0.016325224071703004,-0.00746099932172728,-0.02064360892670758
2017-11-15,3.8683665,-0.003901677721420138,-0.0016892760773999926,0.000713393454677469,-0.0035795639440286964,-0.008162736460222919,-0.022342132360571143
2017-11-16,3.9629374,0.0007050720047492298,0.0002975715940238821,0.0017920124602730514,-0.0019595035924231397,-0.007695554761827372,-0.022517911975435068
2017-11-17,3.9608405,0.014404277487392703,0.01100103311655043,0.015489422397733321,0.00638089005235587,-0.0008446769110815877,-0.014862743841891235
2017-11-20,3.952441,-0.016360605373768933,-0.0051203863137185834,-0.0010032521020599816,0.008128759551292442,0.008817596147588702,-0.005461062862366695
2017-11-21,4.0509605,0.0050996392001436686,1.5588958573342637e-05,0.0038513004852152033,0.011288501854539668,0.016073106711170126,0.006774980734651992
2017-11-22,4.043203,0.008196081648660813,0.005840647602162852,0.011436986324357745,0.0027108914048796784,0.013441640073494021,0.010136709023438106
2017-11-23,3.884605,-0.003793763167144415,0.0005754190089437561,0.006795659564927448,0.010337150127226469,0.016024820880245594,0.020595039198046505
2017-11-24,3.9362159,0.0,0.001993540750775624,0.0060792910549840595,0.0,0.00950231996440598,0.019399560340816135
2017-11-27,3.8288302,0.00551806786794673,0.004518756849976047,0.010852365631979,-0.01086101054619859,-0.004088877618942055,0.007955857821121404
2017-11-28,3.8350437,0.0006955497834189028,0.003099074658401202,0.010462037318315742,-0.019255251432208742,-0.019910308196304127,-0.011032214065069934
2017-11-29,3.9042852,-0.009731965753557614,-0.005198634487057485,0.00031597257560722625,-0.006977121531721586,-0.02152016116138511,-0.016519894581217498
2017-11-30,3.9071355,-0.0069417553884557615,-0.010030343409489162,-0.006562090136060017,-0.0014705882352942234,-0.015339499210466956,-0.016464680604509785
2017-12-01,3.903631,0.004398443191185875,-0.004452983457482573,-0.0026710952326326476,0.009327442317133006,-0.00019451468585862663,-0.006635315338529901
2017-12-04,3.8939588,-0.0035189238568795744,-0.004935067633770718,-0.005982937446489478,-0.0009727626459143934,0.0027991146986068305,-0.006257257128112537
2017-12-05,3.9208372,-0.009966313078200617,-0.009733143182152793,-0.015424973218748028,-0.04657578708211618,-0.03486003417006178,-0.05009822388578544
2017-12-06,3.8678787,0.0009512311869142032,-0.0057788635391855525,-0.013764922718531025,0.005446808510638279,-0.022764120041028457,-0.04255577797408239
2017-12-07,3.7722073,-0.010294583067259055,-0.01237493474988638,-0.02255135730790947,0.0008464533604197744,-0.015454303224087473,-0.03960492543617389
2017-12-08,3.807532,-0.0036806668879261206,-0.010756838838037908,-0.02511209318911356,0.004905277401894503,-0.003087559150250163,-0.03311904955651401
2017-12-11,3.8939884,-0.0012046258101667817,-0.0071211093388925395,-0.02500405227944813,0.011109240868540704,0.01325821469536459,-0.020456750564619486
2017-12-12,3.7995164,-0.004181033509710552,-0.007612179487179405,-0.027441307045988128,0.0036623938738138406,0.011712981608269502,-0.015930532432344213
2017-12-13,3.8885634,0.005571275263675846,0.0007071234695528172,-0.020827250784344442,0.009951899154088562,0.015578090599773331,-0.005853204568275094
2017-12-14,3.8763824,0.0067448404122318895,0.006809537905267282,-0.01330748067061538,0.006240762029889879,0.01463915477097344,0.0002285490400939505
2017-12-15,3.8043125,0.00039878766990586456,0.00574116305754635,-0.011299505971422485,0.02007507752570592,0.024522982099534296,0.019484385577150487
2017-12-18,3.8356056,0.006298255629608507,0.009081846111735015,-0.004585943528120584,0.0040000000000000036,0.019662008449788937,0.02294494029424965
2017-12-19,3.9692507,-0.001188401250219795,0.004317718969456985,-0.0049684836716582526,0.0017529880478086568,0.012988687272375676,0.024612876935615313
2017-12-20,4.0135674,0.004283354186730204,0.005304013351105086,0.00030020894843718615,0.013999363665287978,0.017820643842616057,0.038229114068379255
2017-12-21,4.08652,0.0009478503003934602,0.004104248194290339,0.0020162473438427586,0.007216818324442986,0.015662078785002365,0.045151522551341916
2017-12-22,4.1299815,0.006391521560681346,0.007154503726926276,0.008871344557533467,0.006074766355140149,0.01511912994279263,0.050594100472515224
2017-12-25,4.1583176,0.006821350952907368,0.010529448281417997,0.016143052612121123,0.013005109150023397,0.01973069010660189,0.06202015939229666
2017-12-26,4.1244016,0.0,0.0068213702257624576,0.016569404233007567,0.0,0.011626828287826019,0.05875499603553469
2017-12-27,3.9652107,0.0022584101465614737,0.005798773885863584,0.018667656718511783,0.0007641754546843238,0.00698182265555336,0.055907632270652874
2017-12-28,4.105032,0.005516686546960026,0.007128726182684675,0.02344081413250354,0.010537568723274271,0.011464383980434256,0.06269874409790255
2017-12-29,4.13007,0.009427458057607474,0.011757275674101564,0.03196707710637536,-0.0024180142058334297,0.004657250700109472,0.056455807626135224
2017-12-30,4.356068,0.005664779964134947,0.012844600831844577,0.036200324526853844,-0.0068171489168307176,-0.002586338049596848,0.04595601432685337
2017-12-31,4.356068,0.0,0.008242744167937577,0.03407557693695229,0.0,-0.0029807165886002185,0.04030466518565534
2018-01-01,4.3080964,0.0,0.004127475110223822,0.032008168969467565,0.0,-0.0032232560968193935,0.03497541222994904
2018-01-02,4.3080964,0.0,0.0011278447987321805,0.029424412285461,0.0,-0.001370906321401466,0.029740915552134872
2018-01-03,4.2781706,0.0019030220696665268,0.0015218384373067995,0.028522281571523367,-0.006253813300793221,-0.005009316106173167,0.018708905689289734
2018-01-04,4.3382044,0.002431297189563253,0.0030866990278195505,0.02798243313953175,0.0016884113584036964,-0.0024152373964353435,0.016305109557254838
2018-01-05,4.38067,0.0006821467313995466,0.0027646192009020965,0.02541603796809344,-0.01026662580447446,-0.009720348338035034,0.002514434717824532
2018-01-08,4.4329762,-0.0012876415809394137,0.0007285642198759934,0.021192876828734386,-0.0017030500077410693,-0.008122077282796014,-0.0019734550942227536
2018-01-09,4.5700994,-0.005232841302758695,-0.004205793252233692,0.01357666137243796,-0.002481389578163795,-0.006794317479925982,-0.006794317479925649
2018-01-10,4.564345,0.0043455618314960365,-6.070715946615568e-05,0.015505489764879199,0.006063432835820892,0.0005875804057398071,-0.0024741600573449096
2018-01-11,4.5313888,0.0024289897620868306,0.0021855784836093406,0.015685979691125063,-0.0007726781023025264,0.0016730697732061373,-0.0047101560816428245
2018-01-12,4.6955886,0.00969260113945225,0.009891417571446182,0.022671519819218,-0.004484998453448741,-0.002139269547963174,-0.010324177640429588
2018-01-15,4.6407895,0.001499924976286815,0.008838879212859752,0.021490801225180434,0.000310703743980012,-0.001550628004341914,-0.010511110428127912
2018-01-16,4.6492124,0.0,0.005239235260063202,0.018837144082173962,0.0,-0.0017673322584644824,-0.010655542495409787
2018-01-17,4.6459627,0.0019469638598204053,0.004082360414921826,0.018388852482192464,-0.009473520733033092,-0.008364687956715189,-0.019417923527512593
2018-01-18,4.6863203,-0.008968609865470767,-0.005728693323926226,0.007648560613007893,0.003135779241141279,-0.003147299866006148,-0.015245380595808933
2018-01-19,4.711039,0.004449490508342535,-0.0010799872639799535,0.010297180574158293,-0.0035948733979368486,-0.0048081426207498,-0.01751519961779413
2018-01-22,4.9278007,-0.000750807103888862,-0.0011557670269917164,0.007860562002284466,0.003450980392156966,-6.25254009440912e-05,-0.012976192313033375
2018-01-23,5.002006,0.0036065269139398115,0.002401464294090161,0.009904700843674785,-0.027356573393778283,-0.020774315391879128,-0.03704334233558004
2018-01-24,5.1461477,0.015123211784551671,0.014834455615543973,0.023258997123672076,0.03776920604307277,0.013689597789569463,0.00044157635010022567
2018-01-25,5.1001916,0.0047938637679489915,0.014173426713631976,0.02627844368794796,-0.0037168963915130693,0.008813197842177933,-0.0023263027295286065
2018-01-26,5.188936,-0.007927223014231544,0.003191550201096627,0.016691598579892553,-0.005440696409140355,0.0026013100573540893,-0.006537165571963155
2018-01-29,4.9436946,-0.011985758704125438,-0.009494122226626156,0.0036866152739090108,-0.0015629884338855815,0.0013166969715971977,-0.006794471135158853
2018-01-30,4.997578,0.0,-0.009450049769271995,0.002868787092958902,0.0017219787100815065,-0.002494154325799025,-0.0038683966780046486
2018-01-31,5.031214,0.0026958031452162246,-0.004283299416844466,0.004712162075506177,0.002187841850289196,0.001061471699291383,-0.000895813047711802
2018-02-01,5.0678368,0.003958214210698419,0.002356229882914729,0.007747609732639438,0.00421019803524092,0.005056495411698725,0.003983194194358219
2018-02-02,5.072472,-0.007885217043241521,-0.0028858956350127363,-0.0007006053997301587,-0.006832298136645987,-0.0017480334623549698,-0.002386411492209084
2018-02-05,4.969583,-0.0005248190728806001,-0.0030514291350651757,-0.0017635796280399685,0.01047529706066297,0.006352963159041991,0.007945976715714842
2018-02-06,4.751083,-0.005176312388644133,-0.0068303497285850945,-0.007465921053840363,-0.009747795141575089,-0.0034877927254609586,-0.0016301507694467254
2018-02-07,4.5292892,-0.010934318880138072,-0.01364177567167879,-0.0181054795568657,-0.0318750000000001,-0.02868788211318396,-0.03137555301952577
2018-02-08,4.4598618,0.0040409034208446215,-0.005557791535584555,-0.014001184189874727,-0.0019367333763717909,-0.022725117734441636,-0.03111584620687491
2018-02-09,4.0863466,-0.0028856016080764935,-0.005332778872328303,-0.016098658397342258,-0.015685640362225195,-0.02856686881583148,-0.04369137955413116
2018-02-11,4.2648478,0.008453260065734547,0.004414486558765418,-0.007364966044958177,0.01741416132741902,-0.0030585962652930343,-0.025154262687319018
2018-02-12,4.2682076,0.0,0.004704078680412005,-0.006948097768940786,0.0,0.0036301170064498844,-0.02326314959388076
2018-02-13,4.4086075,0.002945192990387424,0.005146446776391311,-0.003653510243358249,0.024220894558372397,0.023064516129032375,0.0006704791954248446
2018-02-14,4.587175,0.02063099534504098,0.01992447809709419,0.015778098730074408,0.02317515371275425,0.036542515811665455,0.02311869911009179
2018-02-15,4.8352494,-0.01836962332280523,-0.0014408753034856892,-0.0028327890935053723,0.002927580893682613,0.025750126071608648,0.025031298966150084
2018-02-16,4.7847457,0.0,-0.0023991603378116233,-0.0028215778111625456,0.0010754340144414343,0.016504945243517977,0.025173064820641855
2018-02-19,4.7122545,0.0,-0.003355607864960808,-0.0026309793732315345,-0.017341927562922077,-0.00762530609714529,0.005962246957997186
2018-02-20,4.7088695,0.0,-0.003728720822144038,-0.0016843769877513681,0.0,-0.009467528851211382,0.0063891486636227235
2018-02-21,4.6738772,0.0,0.0,-0.0004920251889645177,0.007652662814305877,-0.000712449276709104,0.013939308220577429
2018-02-22,4.7435675,0.0,0.0,0.0002969384550945975,0.007594544327340413,0.00712625871417516,0.020813541756628418
2018-02-23,4.7589273,-0.001803715961294694,-0.0014434934994888016,-0.0012370101473642148,-0.008460236886632888,0.0007762769756249899,0.011716512199141382
2018-02-24,4.8839474,0.0018822467187973313,0.00042099731302891463,0.000819768158211609,-0.00356810425069809,-0.0034134988363072605,0.007916768012804942
2018-02-26,4.901523,0.0,0.00040595886978467277,0.0011322449990369687,0.0,-0.004031632811288488,0.007837691529173574
2018-02-27,4.7608986,-0.011422523280690822,-0.00877071455919698,-0.009229846320924606,-0.007784524365561207,-0.009357706895479878,0.0005180777744635545
2018-02-28,4.6396604,0.0,-0.006509962007859138,-0.008550340849874494,-0.016946493017417352,-0.018947698089570975,-0.015424750320202962
2018-03-01,4.725098,-0.009578088624810022,-0.01225111906733567,-0.01693146964953196,-0.003032721468475552,-0.01575795776867328,-0.01673409631157219
2018-03-02,4.6904187,0.013968801006093878,0.0030065030148069827,-0.0030111181184436786,0.0004803073967338811,-0.009855494993028402,-0.01509121714803574
2018-03-05,4.6942925,-0.002270834952267098,0.002647137942276556,-0.005519028049836283,0.0011201792286765766,-0.0034725540794546816,-0.01445394037257286
2018-03-06,4.8356924,0.01175935079818946,0.011651888476567507,0.0055419416665798416,0.009910485933503743,0.00817003893534185,-0.005736137667304075
2018-03-07,4.752747,-0.005698842025396944,0.004286782046660775,-0.0006744895581670685,-0.007280785058562778,0.0006062346447146538,-0.014409855901440949
2018-03-08,4.739417,-0.00460028324731343,-0.002900845973258459,-0.005110468352957143,-0.01817602040816324,-0.014814577800531192,-0.03205778102625767
2018-03-09,4.8612943,0.0018940828500324525,-0.0012084407748773618,-0.003158443653969112,0.01851250405975957,0.0026857654431513556,-0.014750467333762618
2018-03-12,4.935215,-0.0022686024989521103,-0.003669963085589756,-0.005093644578951451,-0.003826530612244916,-0.000895484201100194,-0.017787664180219043
2018-03-13,4.9037476,0.004926481642962388,0.0024041405859567266,0.0009247827824807597,0.004481434058898781,0.004931787612886485,-0.011723578644033172
2018-03-14,4.849731,-0.0011313070158988081,0.0015124016659677775,2.6453568272799544e-05,0.006532823454429737,0.01004125227846897,-0.0037613253743583597
2018-03-15,4.844248,-0.0057384290590751785,-0.0037676317983100782,-0.005193831643008906,-0.009814785499446033,-0.002964804896710027,-0.011504788394070653
2018-03-16,4.7713966,-0.004176792068693036,-0.006259651048538428,-0.008626190738354578,-0.006394884092725817,-0.007537287215355626,-0.016364902506963874
2018-03-19,4.7992997,0.004194310832913661,-0.001698197301097104,-0.003948467033598968,-0.008205953338696781,-0.01303359272424498,-0.022587985316620318
2018-03-20,4.688761,-0.004328731037988809,-0.003784005227704834,-0.007528150536564526,-0.014276443867618394,-0.02085280562091074,-0.0336612247819138
2018-03-21,4.6623654,0.007322077465257371,0.004074943713219481,0.00011355205927454648,0.006747860434496378,-0.007850261134719538,-0.02416067767949004
2018-03-22,4.557297,0.00446734658302006,0.007059876706852819,0.004642267040953163,-0.012587869870851698,-0.013458774336861379,-0.033313860902827175
2018-03-23,4.2380075,0.017111468159164867,0.01841652111716008,0.021114002267095255,-0.00894039735099339,-0.014909653424612479,-0.038594349774344394
2018-03-26,4.2479997,0.0037797194110877896,0.016496322013646925,0.024055175594403178,-0.007684597393919024,-0.015219337511190756,-0.042267600751352274
2018-03-27,4.432642,-0.009672161362818121,0.0021218706885366423,0.013162146320780277,0.010269360269360206,-0.002625980587687926,-0.0295218765919254
2018-03-28,4.287805,-0.012748898109107065,-0.011171225607586877,-8.310636704278451e-05,0.004332611231461447,0.004700940188037572,-0.023437816467233308
2018-03-29,4.413803,-0.0010571684000674209,-0.01165568985458365,-0.0018901023820461216,0.00779824124771844,0.011389369921406711,-0.014449014692400675
2018-03-30,4.4480524,0.014590207170698477,0.0038445172501557767,0.011870852425777567,0.007902535396773214,0.014785837422092607,-0.005636136241817802
2018-04-02,4.4426556,0.0,0.005694998565708209,0.010956204812034853,0.0,0.008699663876622798,-0.004552845528455363
2018-04-03,4.371572,-0.006929384492203927,3.6635747990843015e-08,0.003981148327039552,0.004410323423717832,0.008231127434905172,0.00121304882317963
2018-04-04,4.270448,0.002250900277680712,0.000509339450331936,0.005869730639544768,-0.01740120344771512,-0.00980038677111672,-0.0143636675067903
2018-04-05,4.263596,0.0003743075173852084,-0.0011361548496319207,0.005625293334017734,0.021185038066865225,0.008005227903937318,0.006418568993499907
2018-04-06,4.3236194,0.0,-0.00026931706070154604,0.005099606773326659,-0.005186385737439236,0.0022533555403154715,0.002294270854595437
2018-04-08,4.351624,0.0,0.0005990265599031819,0.004461202740295489,0.005702183121538029,0.006292383933229173,0.008627169046763195
2018-04-09,4.3463345,0.0,7.483909320882276e-05,0.004068741300764289,0.0,0.005505603335939524,0.009476619160922573
2018-04-10,4.537896,0.00426547254628451,0.003409469437370971,0.007685274120105667,0.01927749878503149,0.016609577974536327,0.02914717524289312
2018-04-11,4.5058556,0.0108047690014903,0.011196566758431503,0.0170571556716983,-0.00619834710743794,0.0076057881336815125,0.022784892945352242
2018-04-12,4.3556557,-0.013343144552847352,-0.0026082419974082782,0.002467976138237349,-0.01679193986886296,-0.009633042301620653,0.006161676499709445
2018-04-13,4.3010798,0.004781847203614964,0.0008931411076640305,0.006206509988524456,0.002602472348731233,-0.006767644215275537,0.00878018444115325
2018-04-16,4.2469883,0.0020076971102340746,0.0012334195249767976,0.006855570630395436,0.007949383517196651,-0.00016092693916969214,0.015660759824756454
2018-04-17,4.106429,-0.00022267074443416135,0.00023754624606686647,0.0056357502020187855,-0.004828585224529225,-0.0014857401246729518,0.010211584020913378
2018-04-18,4.1688666,0.002969121247755835,0.003997530185468001,0.00769638890169233,0.025392204431505805,0.0209997423344499,0.033330616901637855
2018-04-19,4.1757092,-0.0032562925568004886,-0.0005194442833951207,0.0045086773207845265,-0.008675078864353258,0.007696007696007756,0.021876448064775733
2018-04-20,4.11757,-0.007499329737207905,-0.006820837987112194,-0.0023659476099098242,0.0007955449482894839,0.004439334419213736,0.019787773895702854
2018-04-23,4.06601,-0.01062314033858247,-0.01370740165896478,-0.0122710006135609,-0.007790143084260737,-0.004275822457640577,0.009878720701623767
2018-04-24,4.1954746,0.006729697099480347,-0.00472443465463146,-0.005891173792142657,0.010254766864284504,0.002034264645116135,0.01794521985517905
2018-04-25,4.1554766,-0.007661163478404176,-0.007899591493620739,-0.01344827059417053,-0.0020618556701030855,0.0014961958424857258,0.014061807486200006
2018-04-26,4.0520663,-0.0037086758438070744,-0.0070306319483650626,-0.0161593850025602,-0.00619834710743794,-0.003696504254166566,0.006713570428090732
2018-04-27,3.9975343,0.003038820824751376,-0.0015426938591545092,-0.01236504869759214,-0.018231249000479788,-0.01713096381684276,-0.011775311285142642
2018-04-28,3.96995,-0.013406099058996257,-0.011954272022017154,-0.02450351789291727,0.0014660368138132984,-0.01275010437742885,-0.010318571819513456
2018-04-30,3.9767187,0.0,-0.007618485764179894,-0.02328931958089231,0.0,-0.007746933505487386,-0.011162222150738255
2018-05-01,3.9303992,0.0,-0.004798017597829607,-0.022053740034890024,-0.011873780091086417,-0.012612554042193636,-0.022156406686357544
2018-05-02,3.9369204,0.0,-0.0027102873159883245,-0.020815030410399893,0.01020576131687223,0.001239925604463732,-0.012168818208157739
2018-05-03,3.9600768,0.006218313939622133,0.004968472047898853,-0.013777207410293757,0.003910705556460892,0.0044344452052562655,-0.008209916291049613
2018-05-04,3.9611313,0.001525902246514832,0.004945481320888678,-0.011394562246193063,0.0016231131309853986,0.005310830183761217,-0.0065841368985334325
2018-05-07,3.9930556,-0.0003808943540781762,0.0030882998677621565,-0.010660946036921692,-0.0021066277750769746,0.0028662627841835597,-0.007606523560884315
2018-05-08,4.0103207,-0.00015237858505967594,0.0014961636521220179,-0.009149500099104313,-0.006495615459564785,-0.005041470157749139,-0.012979051214416337
2018-05-09,4.0444703,-0.0005334993688071998,-0.0003658629097643695,-0.008663659848334837,-0.0004903563255965748,-0.004817237899944593,-0.013200361476891298
2018-05-10,4.1217356,0.007244718711396203,0.005328093186272476,-0.0005750345287893754,0.017170891251022002,0.010330712754206939,0.00329053487321751
2018-05-11,4.101832,-0.001362847336144557,0.002996053567986934,-0.0008597540875932008,0.0004823151125401548,0.009113316468833066,0.003693488814696444
2018-05-14,4.121758,-0.0018953752843061666,0.0004407414281579758,-0.0015925935888100318,-0.005945685360758457,0.0022033568790096325,-0.0022982944236118463
2018-05-15,4.1005616,-0.02096466052862711,-0.017082284437544337,-0.020209256049191215,-0.011962495958616204,-0.009592947886958747,-0.012417492749056791
2018-05-16,4.0819473,0.0010085551502749812,-0.012914323260916905,-0.017106582940070836,0.004744764397905721,-0.005731494074218024,-0.006575914197665567
2018-05-17,4.087855,-0.0015501473226557927,-0.009503624837685742,-0.01681387361536102,0.006025077348965846,0.001621271076524211,0.0003157357858178944
2018-05-18,4.0569916,0.0015525540100977953,-0.0035526911498287017,-0.014072159649647475,-0.008255098737455557,-0.0035454072339318188,-0.007025533397619466
2018-05-21,4.101674,0.0,0.0005117990671523742,-0.012517678604019533,0.011424840868287989,0.007478458787189224,0.005198744515365172
2018-05-22,4.1312423,0.0011626104919921776,0.0012402139838441073,-0.010252272303655885,0.010811683072454503,0.013362668651114573,0.016297425996381953
2018-05-23,3.9860134,-0.0018579410346596381,-0.00048058940793216376,-0.011068195019491411,-0.019636015325670497,-0.006535736240981027,-0.0027525394002874126
2018-05-24,4.00087,0.01116877514806447,0.008259718110109393,0.0006139914756806419,0.00830483634587198,0.0012612787426022898,0.005096906145505287
2018-05-25,3.9137368,-0.0003067441579562846,0.005912181355535839,0.00028018548942720933,-0.0059754521963824025,-0.005622152573588779,-0.0009657601506262159
2018-05-28,3.783661,-0.003529576831050041,0.0010482687250350509,-0.0031011813625109186,-0.004874086108854647,-0.008161414645205256,-0.005649534075781615
2018-05-29,3.7795663,0.0,-3.082915964780497e-05,-0.0029519377746868303,0.0,-0.0036762313748454067,-0.0060529347808447875
2018-05-30,3.8064508,0.0021560398347582055,0.0002459456309300556,-0.0007600704365645639,0.005551020408163243,0.0012680452594615588,-0.000713891683161938
2018-05-31,3.8552167,-0.0010757006638973943,-0.0002768326358981721,-0.0014286228352269337,-0.001461276181198179,0.001172103926548207,-0.0020850742757003715
2018-06-01,3.8571467,-0.004076553232318814,-0.0030490133420345567,-0.004815240939748389,0.010894308943089293,0.010040291135950286,0.008410176556936877
2018-06-04,3.9342685,-0.0013130006009236528,-0.0034986704190715923,-0.005391863700158761,0.011420299179668802,0.016193154271308074,0.018852332844539355
2018-06-05,4.0557194,0.003402694684970786,7.707723138583589e-05,-0.0014506797196166543,0.020356234096692072,0.02721741914825504,0.037088522682270364
2018-06-06,4.1512265,-0.0003083039800096943,0.00044733630868343255,-0.0012127839696890463,0.01995012468827917,0.034951763403447744,0.05412371134020599
2018-06-07,4.172714,0.0012335021324896278,0.0018977665833741497,0.0008708341566168176,0.003820293398532959,0.025316850845976235,0.05518476575990494
2018-06-08,4.1286654,-0.000461981680522916,0.0009252833854498377,0.0012147809866587256,0.007763738773024942,0.020439621419983123,0.05999711783261019
2018-06-11,4.0750384,0.0006163229667759396,0.0006471496479205641,0.0025122942988555774,-0.013141993957703879,-0.0005201640046509359,0.04316862669956012
2018-06-12,4.1230717,-0.0029255899273996633,-0.0019112539651825466,-0.0006597489077153629,-0.0021429664778815916,-0.005795333231660815,0.03756167435938251
2018-06-13,4.082665,0.0013898917937287258,-0.0004932147179500523,0.0004706047957410142,0.0012271820831415425,-0.004058837890625,0.035653650254668934
2018-06-14,3.953579,0.005474574332855919,0.004158324349299303,0.005335070696774524,-0.009652213880802729,-0.010501178703731906,0.023335338631542246
2018-06-15,3.8305488,-0.022546030992379285,-0.01491616385660599,-0.01673996174602832,-0.023669554455445607,-0.024695555418186244,-0.0023396250276643826
2018-06-18,3.7500641,0.0007845598769451456,-0.010579887958608758,-0.015414075346819156,-0.01204246553636501,-0.027483154479660432,-0.014649872781579365
2018-06-19,3.685718,0.0,-0.007577772980253639,-0.014801925286046291,-0.01908580593424225,-0.03389884055223846,-0.0323244149803017
2018-06-20,3.7119026,-0.003449376370551538,-0.00703017074339729,-0.01751351339111884,-0.002289077828646069,-0.022992186499295575,-0.034241534577856614
2018-06-21,3.6658518,-0.0031466332234457717,-0.004431047735685034,-0.01922164218558653,-0.006063585709603414,-0.01634824353692943,-0.03913181242078567
2018-06-22,3.693916,0.00015788608735545218,-0.0031460997708698812,-0.017702101932752123,0.001813685078318139,-0.006994835588677639,-0.03678632858014763
2018-06-25,3.6402292,-0.0014202688917867023,-0.002993540312812737,-0.017837403063760027,-0.01300197498354172,-0.012221636579259454,-0.04834448120730295
2018-06-26,3.6265166,-0.007111251717457745,-0.007111251717457745,-0.02322617630915602,0.0021677505419375187,-0.006611570247933907,-0.04541050524944812
2018-06-27,3.541425,-0.003023974877956359,-0.00722704000598362,-0.024333212973750573,-0.0024958402662229595,-0.005573433301263919,-0.046551203142643605
2018-06-28,3.513788,-0.0039910598699903765,-0.008139618534450221,-0.026244074229472836,-0.008673894912427094,-0.01019286499450378,-0.05326292145570988
2018-06-29,3.5971289,0.002804936578810757,-0.0028051598223942653,-0.02185251885488748,-0.0018509170452631896,-0.007263112092914303,-0.052865194552218386
2018-07-02,3.5451417,-0.009190441581753195,-0.007890134182001574,-0.028818921983803425,-0.007417397167903017,-0.011018543402311232,-0.0568787941887845
2018-07-03,3.5190105,0.009517604688728643,0.002354477060028115,-0.017809863193540054,-0.009171195652173947,-0.014260610975939558,-0.06115223688445459
2018-07-04,3.4509447,0.004554229269235099,0.0061941919049279814,-0.011793516464659204,-0.031196434693177788,-0.0338131218161305,-0.08386552987324547
2018-07-05,3.4518986,0.0,0.004666561047844686,-0.010183119498905935,0.0,-0.024103874576973605,-0.07700598509034784
2018-07-06,3.4581661,-0.0023860652855269837,0.0017890632935224637,-0.010839487886236676,-0.0007077140835103357,-0.015135662969937957,-0.0702804138305666
2018-07-09,3.5414171,0.003029519740003872,0.0018952919581356475,-0.00624407428595164,0.009206798866855603,0.0004914694937863118,-0.05524339913480181
2018-07-10,3.5452697,-0.00341779416680299,-0.0018787298491816928,-0.008022500789788611,-0.0036842105263157343,0.0022590095654935194,-0.05212558209403628
2018-07-11,3.4299836,-0.008773328737928687,-0.008346221108382346,-0.014616594682798856,-0.03380876914949815,-0.025953277000639097,-0.07615375549307157
2018-07-12,3.4785094,0.0017701569725150357,-0.004637051727576891,-0.010558029113054035,0.01221067978859125,-0.010617072823143725,-0.057653805694119264
2018-07-13,3.4669528,-0.004337369007279213,-0.00661935963573268,-0.013477566520686435,-0.0005401512423478527,-0.007722283793929363,-0.05205095802452275
2018-07-16,3.4907002,-0.0012100677876272226,-0.004630773667828492,-0.013198822032098545,-0.003963249864889273,-0.0055755395683454445,-0.05008160810926898
2018-07-17,3.472373,-0.01001536601129005,-0.010127309052687217,-0.021135439173308845,-0.0063302586362814495,-0.005250769509324793,-0.051024285763637156
2018-07-18,3.4641738,0.0004895958881911966,-0.006996243926484458,-0.018897180896267796,0.004732435384055211,-0.0017361111111112715,-0.04171657726160105
2018-07-19,3.4247572,-0.0031803182408655095,-0.006518075726135386,-0.02026159939208272,-0.023369565217391197,-0.019283245406585436,-0.05860370900708978
2018-07-20,3.516991,0.005808225985058035,0.0008954737870401352,-0.013072091622308712,0.02244481543312915,0.004153610726517654,-0.032710936403200996
2018-07-23,3.5465333,-0.004473363155754306,-0.0012891895074311766,-0.015843802846394972,-0.0034470246734396026,0.0020065669463700253,-0.0317633786928011
2018-07-24,3.6083403,-8.167940027581366e-05,-0.0010773535333618023,-0.0146288009785831,0.02330238485344993,0.02062679304208892,-0.0057926155206721175
2018-07-25,3.611631,0.006127951507796325,0.004207993299830903,-0.007735691986171966,0.002490660024906388,0.01891364096629533,-0.00013307900456904775
2018-07-26,3.5999637,-0.004953691298520302,-0.0012389516627757668,-0.01175519247277168,0.00017746228926363017,0.010144459977775355,0.002775603159917539
2018-07-27,3.5746837,-0.0022036016768054445,-0.0023175667748329687,-0.012790315941944685,-0.005677785663591228,0.0011075779770624017,0.0
2018-07-30,3.593939,-0.0010632478192138528,-0.002938995439778491,-0.013102843705632972,-0.00035688793718768874,-0.003131895508577065,0.0022004758752707243
2018-07-31,3.5977588,0.001965039095882304,-0.0009470948390026823,-0.010047618452045604,0.014102106390574853,0.008771929824561209,0.017726462500335938
2018-08-01,3.5450766,-0.00473966412457405,-0.003485619982263488,-0.013166946993671158,-0.029396233057560228,-0.016656560972999945,-0.010968314753863173
2018-08-02,3.4820905,-0.005993963939393998,-0.0070701100422991825,-0.01722258034836288,-0.004171200580341039,-0.0156675749318802,-0.013669594582457867
2018-08-03,3.4559047,0.0029737119267616574,-0.0027432684669824736,-0.01269306026439132,0.009470041886723735,-0.004168014085013105,-0.0033891600816274847
2018-08-06,3.4170406,-0.004612070343548269,-0.005267489817778581,-0.015264803839433072,-0.011906909615731487,-0.011585938063957357,-0.013277604626443562
2018-08-07,3.4813004,0.0008274036241937566,-0.0021284008351754036,-0.012672196236353295,0.007485849917838072,0.001706422684529807,-0.004447331150262079
2018-08-08,3.455313,0.002480158780217012,0.0012220134409584027,-0.009002031509028341,-0.0005436752446539295,0.001125471972117209,-0.00523985173293906
2018-08-09,3.4676907,-0.0005772317218930567,0.00042929877800301774,-0.008232653413066449,0.005439709882139709,0.0046017827378797005,0.000252543473555189
2018-08-10,3.4272354,-0.0006601607492430217,0.00028080729334334364,-0.0077302346852231585,-0.008115419296663595,-0.001996007984031989,-0.00740834318405359
2018-08-13,3.4548657,-0.016348713695773287,-0.01325267222055404,-0.022077707071222363,-0.004363636363636347,-0.006314872613776501,-0.011266791853242863
2018-08-14,3.4216464,0.0014269714615953166,-0.00911975683838806,-0.019366084361797764,-0.01753104455807164,-0.01882112634957689,-0.02759954452618074
2018-08-15,3.4081705,-0.01299245599329435,-0.01625786125422457,-0.030161764227493615,-0.04535315985130106,-0.05019047971298585,-0.06846830506937507
2018-08-16,3.4087415,-0.0011040754378979223,-0.011447146628235094,-0.029385833140889495,0.02141744548286617,-0.018999177200987205,-0.0472644721906923
2018-08-17,3.3969016,0.0002551001875368275,-0.005410431989179121,-0.027010484654253597,0.004574914220358162,-0.0059604647653538345,-0.04079793962669387
2018-08-20,3.3904054,0.008754822633340487,0.0040609550153341,-0.016979997657479373,0.014990512333965977,0.013797809029225672,-0.02514147203819972
2018-08-21,3.4371898,0.004887029422975919,0.009036128090625262,-0.010893788435479057,0.009721443260422458,0.022839178850087016,-0.013687122782348293
2018-08-22,3.4019258,0.00310252667946731,0.008956922526800914,-0.006378801939366574,-0.007591186817256013,0.0065349658228799345,-0.01871040972501914
2018-08-23,3.3991544,-0.007774010238681406,-0.0007071782715505348,-0.012532597142239754,-0.006716417910447858,-0.0031455961653684694,-0.022509455440091086
2018-08-24,3.3940203,0.016259518810551876,0.01047078585896144,0.004203994862122862,0.01746806912096166,0.008714759226844393,-0.0037243091636398606
2018-08-27,3.4527566,0.002238208623549287,0.008979824759665966,0.00696714859921288,0.003138268414251577,0.008687258687258614,0.0009486355305452498
2018-08-28,3.4465973,-0.0013233875814206986,0.005161505056598958,0.006317633633084574,0.010305483989694553,0.01572617946346,0.013045965346077715
2018-08-29,3.4420712,-0.0024018753978987117,0.001380054979337908,0.004461493557936791,-0.00928961748633883,0.0033574380165288797,0.00433012344083239
2018-08-30,3.4015005,-0.005645536594541256,-0.006041638601003485,-0.0006717098453838943,-0.0036771465342895215,-0.0038236699878673175,0.0013026727889209333
2018-08-31,3.3635905,0.0021709090442108003,-0.0028908571670670513,0.0020788314994888424,-0.016608230300793503,-0.01718859503522563,-0.013376533209905173
2018-09-03,3.3611927,-0.0063318314980242985,-0.006513880632658009,-0.003604843097814392,-0.025520735597673094,-0.03368068477856345,-0.0360215702471669
2018-09-04,3.3725495,0.0,-0.004074908879960426,-0.0029009672916784357,0.0,-0.022880367290106673,-0.033104937811871626
2018-09-05,3.3397098,0.0018446158566751691,-0.0006355995406810422,-0.0003220815511509878,0.0028885037550550052,-0.01146458127704797,-0.027532700333305127
2018-09-06,3.3382583,0.002510670297685591,0.0018399468211613978,0.0027750396512518094,0.009984639016896946,0.004468548294694896,-0.01520257620010479
2018-09-07,3.3535738,-0.003589655848139972,-0.0006363322406528482,-9.21732044083523e-05,-0.005323193916349722,0.002836770681591716,-0.017981155448778097
2018-09-10,3.343911,-0.0005026605212882229,-0.0011888574563323484,-0.0006659445046177659,0.0021024464831804757,0.0030226507499233612,-0.013759957864243666
2018-09-11,3.357904,0.0020117555859702207,0.0003682254174544042,0.001243825540025556,-0.0024794964714858203,-0.000878768196232782,-0.014815442720842342
2018-09-12,3.378015,0.007779761224591786,0.006499980020741258,0.007885173848591442,0.02065009560229436,0.014713150591187274,0.003619271445358452
2018-09-13,3.393313,-0.002241181440448048,0.003556706631120621,0.004542166574740492,0.0026227051330085516,0.013828376586474844,0.005249762868493102
2018-09-14,3.3663702,-0.005823627287853461,-0.002520821964154374,-0.0020793513401612396,-0.01420029895366226,-0.0022315518741253815,-0.009080920675763271
2018-09-17,3.3537085,0.003933013532949614,0.000283456030270024,0.0013061580009514628,0.0020849128127369276,-0.0018124834799682077,-0.006436457599248269
2018-09-18,3.471099,-0.0024171896822344774,-0.0023673280562237498,-0.0012892384004642432,0.030073765840741506,0.01988838533278381,0.023011176857330673
2018-09-19,3.5098443,0.004511950303676571,0.002551796256000216,0.0029699950317532142,-0.0005508630187293084,0.015333532308610565,0.02165119705686358
2018-09-20,3.5176835,0.00332723354056097,0.005183395393558943,0.0055017983569281,0.0036744442403087163,0.014861601337544217,0.024069283545158138
2018-09-21,3.603695,-0.008290499423652342,-0.003349402300725668,-0.0024143523810219447,0.04265055830129949,0.04188768977501356,0.06496153163006779
2018-09-24,3.593749,0.0031767672489888543,-0.0002332626331403853,0.0011304523013466738,-0.0073735955056178915,0.020503934733954177,0.05493931393493856
2018-09-25,3.6083932,0.0,-0.0007660549625021496,0.0014395795828205937,-0.004421648390520061,0.00932400932400923,0.048914562564054576
2018-09-26,3.5950866,-0.0050000000000000044,-0.004402625370838242,-0.0031308602222392956,0.0014212115828744487,0.003775063214501939,0.04847109590060272
2018-09-27,3.5440238,-0.009798954080297295,-0.010213437565403938,-0.012264151395580125,-0.01259535213766183,-0.012490241998438734,0.033851869050383065
2018-09-28,3.5512557,0.0077814013295471884,-0.0017259373209307372,-0.0042121368909601165,0.007905138339921125,-0.0016372437357629055,0.03931231242358013
2018-09-29,3.5247915,-0.005958854876993214,-0.0050737459763218196,-0.009802461734560675,-0.0062388591800356386,-0.005068351358103906,0.029186435045875037
2018-09-30,3.5247917,0.0,-0.0024593159966596057,-0.009458792824032503,0.0,-0.0031470156993169685,0.025570272259014093
2018-10-01,3.5247798,0.0,-0.0008435970806515147,-0.009023685175568397,0.0,-0.0009318662413532186,0.02211995929854149
2018-10-02,3.5013864,0.0,-0.0011974794604571182,-0.008463699060865526,0.006816143497757832,0.004186346071275215,0.02576754385964919
2018-10-03,3.5619361,0.0,0.0,-0.008081718174228425,0.009798681631925765,0.01192601585374553,0.03170847136772381
2018-10-04,3.5688877,0.0,0.0,-0.00772438196177283,-0.019936485532815906,-0.007539484027728194,0.00827676334991101
2018-10-05,3.57702,0.0,0.0,-0.007266947285381353,-0.005220522052205245,-0.010989010989011172,0.0003258390355165286
2018-10-08,3.5716512,0.0,0.0,-0.00642166715243353,0.001447701773434673,-0.008101519931173029,-1.1102230246251565e-16
2018-10-09,3.5904572,0.002364004306059986,0.0018903097047915374,-0.0034542092235037014,0.014275388507408948,0.006058216231717761,0.011889202368826624
2018-10-10,3.5829034,0.0017689502549063096,0.002833224394307665,-0.0014524873828495322,-0.009264208088366366,0.0005757673899744464,-5.3944221674817605e-05
2018-10-11,3.4937625,0.028756369097582946,0.02491287192658942,0.02623676207714798,0.0080920697716238,0.006824712643678232,0.00515487023174499
2018-10-12,3.5128455,-0.004413587588118051,0.014660537764212833,0.02079551142239522,-0.0008919015340705938,0.003224073078989864,0.0028648164726947645
2018-10-15,3.4915853,0.00681393070723324,0.014475990085253132,0.026710046416446698,-0.004284949116229231,-0.002611059446312236,-0.0026288964000215076
2018-10-16,3.4670448,0.0007338750783967285,0.008529754733489714,0.02655684521510082,-0.0032275416890801267,-0.00390625,-0.006700616456713937
2018-10-17,3.4893076,-0.0029333476028845507,-8.175259693177228e-05,0.022369771449151088,-0.0005396654074474316,-0.0042653858561240154,-0.005993380445478036
2018-10-18,3.4166887,0.002288182511932968,0.0017151257758900584,0.02357603797636143,-0.011339092872570178,-0.011552580436190785,-0.015847136496788483
2018-10-19,3.4962342,-0.000978353992560077,-0.00044048637167981575,0.021496216274745406,0.011469142545057265,0.0014058613604412962,-0.003908350962745111
2018-10-22,3.5513623,-0.0033461988842417023,-0.002939295254837493,0.016925107740804357,0.0026997840172786614,0.004326663061114067,-0.0006278590008074181
2018-10-23,3.493179,0.009990233974772389,0.006019501579311415,0.024903827521445043,-0.009872554299048542,-0.004044489383215444,-0.010050251256281562
2018-10-24,3.4438148,-0.004540275235196178,0.0007825259758604819,0.018714066558337183,-0.00018129079042794594,-0.0027485443564427836,-0.009385244061251075
2018-10-25,3.4568355,0.0010587446702361447,0.0014176491057784624,0.017905028988387972,-0.0010879419764278087,-0.004409585426681573,-0.009876077247279347
2018-10-26,3.4217823,0.0027662716472203197,0.0030110677083334814,0.018691850921234154,-0.004901070974768551,-0.006632116841227886,-0.013904628280538955
2018-10-29,3.3707557,-0.006490872210953347,-0.004034299388534501,0.010405227674266104,-0.00018241517694272957,-0.003563247645711476,-0.01325027904799625
2018-10-30,3.3477607,-0.001551673674203835,-0.003829564421137799,0.007249933628416416,-0.024812990330231766,-0.02220840040977612,-0.035407492961813336
2018-10-31,3.3738384,-0.0084246090000748,-0.009720593997610716,-0.0023822995310590622,-0.0020579981290926863,-0.017715737910205975,-0.034482758620689835
2018-11-01,3.4311187,0.01954957536691082,0.008502092948378115,0.014965813721861787,0.02305961754780661,0.006863721908557441,-0.01134140155083696
2018-11-02,3.5534654,-0.00412619383975521,0.004603116565859544,0.0088517484276045,0.03096939710463631,0.03255882244980346,0.01835426999239753
2018-11-05,3.5266566,-0.0008936351971080558,0.002837782341843509,0.006078389897810732,-0.01741912548880209,0.012825210699890066,0.0006697681154173019
2018-11-06,3.508806,-0.004878841894434327,-0.0022501836637848216,-0.00032671407851503353,-0.008863965267727814,-0.0010574679113185548,-0.0069957952733071815
2018-11-07,3.510349,0.0019610248798798136,-0.0025542676876587622,0.0001263769655523994,0.007848147472166556,-7.243227582209855e-05,0.0011512695693165487
2018-11-08,3.5003881,-0.0026911816092137775,-0.0031139910137335525,-0.0025407389870018005,-0.006700470843897133,-0.007778581765557235,-0.004464933933497783
2018-11-09,3.41335,-0.013492517516226155,-0.012620512735667444,-0.015529231699612844,-0.01877848678213323,-0.017739816031537625,-0.0212142980549771
2018-11-12,3.4100385,-0.00422743325822994,-0.012186273118698687,-0.018686023771768978,-0.0024154589371980784,-0.014392187098432374,-0.02172823759850595
2018-11-13,3.429854,-0.0017481874393484587,-0.009907570036430835,-0.0192759521505782,0.003911342894393766,-0.007293354943273878,-0.016387459396328352
2018-11-14,3.4161258,0.0072548979289781546,0.0002981348537172135,-0.011522272414997148,0.008534322820037188,0.004360357697139827,-0.0069056231502795384
2018-11-15,3.4495814,0.004056647334235608,0.006038911987298112,-0.006955702353821258,0.013245033112582849,0.016798966217463684,0.006110091240375981
2018-11-16,3.4634714,0.006596305803030056,0.010261522809944523,-0.00022108855073055267,0.017973856209150263,0.026547052361772128,0.023716930492413857
2018-11-19,3.465722,0.0018839504143370878,0.008525978542375245,0.0015845204491524711,0.0,0.017678234354580935,0.023380605596013737
2018-11-20,3.4153886,-0.0033521181160791613,0.0018738743771373745,-0.0011840053520117966,-0.011414303549134974,0.0005053969170787376,0.011450207563523662
2018-11-21,3.4299347,0.005578382959905648,0.004507108337314936,0.004470076363952469,0.010463647844127788,0.004988157611426125,0.021232370932893208
2018-11-22,3.391847,-0.0039158497609080856,-0.0007692805188214136,0.0008688831736274327,-0.0008926977325477425,0.0009300994490950565,0.019512106250797245
2018-11-23,3.3823025,0.0,-0.0008019811117174758,0.0013408498127478463,-0.0085775553967119,-0.005556551353289252,0.01015986307854777
2018-11-26,3.3875942,-0.0006552406454751747,-0.0009825190994965372,0.0008612057206502932,-0.0037851478010093587,-0.006471328419917266,0.005915005915005933
2018-11-27,3.349345,-0.0073758403213805,-0.007082928196869398,-0.006056278412510441,-0.017188348109281715,-0.019636153624025376,-0.012157087390999854
2018-11-28,3.4125566,0.008421461074464842,0.0020017384424610984,0.0019400711460226816,0.03276877761413832,0.012160357954750456,0.01765938341813844
2018-11-29,3.3777952,0.0022105380038535127,0.0037061899912871343,0.00464525705108354,-0.006060606060606211,0.006752608962553586,0.010401188707280795
2018-11-30,3.3602867,-0.003186034222569023,0.0006396323559472172,0.0018843393202765402,-0.0005380200860830575,0.005303412944656971,0.010342733346023758
2018-12-03,3.384453,0.011227728069510556,0.009605975652298149,0.012962721514873321,0.00789520904360308,0.00996116225546606,0.01749873197594365
2018-12-04,3.332941,0.005835117132195533,0.010552531026279288,0.01815047526482294,-0.018337190671176784,-0.011473646468268206,-0.001475874432965485
2018-12-05,3.2947366,-0.002417210586587726,0.00537564168494864,0.015193858775377711,0.006528835690968293,-0.002874595759971399,0.004788587049994852
2018-12-06,3.282938,0.0,0.0030949178287220658,0.01456161597634753,-0.011171171171171057,-0.010886021195299467,-0.0064630591813457094
2018-12-07,3.2867346,0.007026955345888153,0.0058083646564415226,0.020002494234977686,0.005648688046647088,-0.003358855822016782,-0.0020883998878953314
2018-12-10,3.2436886,-0.0024864433227795857,0.0017236104945075326,0.015704718066894774,-0.014314187352781227,-0.011304569081458271,-0.01700366816645893
2018-12-11,3.2811823,-0.0014472355298529305,0.00014498381082939105,0.012469397768627433,0.01764705882352935,0.00533904768822846,-0.0009744829826399126
2018-12-12,3.3067145,0.0020130444889712162,0.0011424315159307419,0.013000354640179124,0.0012644508670520693,0.006866235559107814,-0.0006760715734439593
2018-12-13,3.3172672,-0.0013661790492072168,-0.0009647470279966486,0.010386777517967793,-0.0018040772145047068,0.003409379420405534,-0.0027036770007209388
2018-12-14,3.2758906,-0.004586747723374196,-0.003977640041563202,0.005090461056538986,-0.0018073377914333832,0.001450589301903893,-0.003751939103142199
2018-12-17,3.2634318,0.00840745708493329,0.003798258210242489,0.012541118222430425,-0.0025348542458807355,-0.003581247286933875,-0.00539818375489709
2018-12-18,3.2403014,0.0014429426988811223,0.004067035042050637,0.012760819017914704,-0.03249228535124349,-0.02871929440921339,-0.035861258083480396
2018-12-19,3.2064993,0.0023215053853804513,0.005153807733806248,0.01403088656981577,0.020450281425891115,-0.0050852418233702235,-0.014700687481318475
2018-12-20,3.204075,0.00918457010161533,0.010993223557365317,0.021582085369102888,-0.0069865784151499355,-0.007242114550400691,-0.019853368176538932
2018-12-21,3.198999,-0.007755561053464088,0.00046285066723905643,0.012316920216682403,-0.00888724310312905,-0.009877182598401868,-0.026842282275731155
2018-12-24,3.207382,0.010926743211311818,0.008160740865164717,0.021427830163364803,-0.003923033812815224,-0.007261217650344376,-0.028938789633757733
2018-12-25,3.1759052,0.0013411843565087622,0.0063112183241356146,0.020413053353184996,-0.0018754688672167896,-0.0088278019890492,-0.029788164946950135
2018-12-26,3.192065,0.0,0.0035898706948100934,0.018456077358530054,0.01634723788049608,0.008502069582727367,-0.012117946797921775
2018-12-27,3.142507,0.006382050084993374,0.00781130568733257,0.02277281486126448,-0.012386762802736206,-0.0017938560430524886,-0.022265335444254464
2018-12-28,3.139843,0.0020355245334271466,0.005720505197786441,0.022410944970266744,0.003931111943092702,0.0017558278541542904,-0.01653172936742975
2018-12-29,3.0775824,0.0008594230525473812,0.004453787994040281,0.021368207808911466,-0.018832742867798014,-0.014532923814517873,-0.0319019759355339
2018-12-30,3.0775824,0.0,0.0025984558766669608,0.019746142103120423,0.0,-0.012313236729484145,-0.029652578003983243
2018-12-31,3.0775824,0.0,0.0007499651109157401,0.01800785457670906,0.0,-0.006832509154052313,-0.02706900377191035
2019-01-01,3.0977738,0.0,0.0001717665144278513,0.01627548323156658,0.007981755986317118,0.0025327940120214443,-0.0176322418136019
2019-01-02,3.0851698,0.0,0.0,0.014898652708622562,-0.010935143288084426,-0.004024908869987742,-0.025911931000547783
2019-01-03,3.070911,0.008430951466139813,0.00673340736676975,0.02150881609056232,-0.02096835684330922,-0.020221289584128166,-0.043637751729403096
2019-01-04,3.0910683,-0.0070445094536923936,-0.0006233337188352728,0.012679178677774905,0.030957943925233655,0.008840452692146394,-0.011813448295168283
2019-01-07,3.0801642,0.0031964588854191955,0.0016658408031946514,0.014218647580507504,-0.003966005665722361,0.004380118072748074,-0.013255750862980253
2019-01-08,3.0937026,-0.002797713335128127,-0.0014785221602404697,0.009769515407510143,0.0072051573758058485,0.01130868522255657,-0.004087142375042152
2019-01-09,3.1000488,0.004753816932956623,0.0019739804184328857,0.012486295608705067,0.0003765060240963347,0.00907675363639826,-0.0017564127851823486
2019-01-10,3.0856473,-0.003567903111793891,-0.0004979531231912304,0.007398426884669629,-0.007339104252916728,-0.00358896864374747,-0.006899927517814541
2019-01-11,3.1032622,0.001868159496599242,0.0006841601530769292,0.007782876105065117,0.009289099526066158,0.004566210045662267,0.002381692036864669
2019-01-14,3.0813751,0.0015538808468158471,0.0018808057589470017,0.00788889691761896,-0.010142749812171337,-0.005472730703906525,-0.006204152444888589
2019-01-15,3.1098487,-0.0022496505073196227,-0.0008390010823300376,0.004733821965816398,-0.0001897533206830504,-0.00404506275517913,-0.005154541849970773
2019-01-16,3.1264381,0.004198433073444363,0.002997507158338353,0.007464710626763349,0.014803568039476245,0.009439305267132436,0.009629909365558964
2019-01-17,3.1306663,-0.0004645212118907782,0.0015516093498399997,0.006074639179796559,0.0024312698709556546,0.008656379375235224,0.011817117831388835
2019-01-18,3.199318,-0.00751351756148344,-0.005078225133434255,-0.001955078037436997,0.014552238805970008,0.018962674261729706,0.025418615175742953
2019-01-20,3.1621718,0.0009365106736494155,-0.003124704732491379,-0.0015375931800929443,-0.0036778227289443466,0.009615384615384581,0.021560623344300645
2019-01-21,3.1431577,0.0,-0.002550984515513055,-0.001739656476114404,-0.009966777408637939,-0.003973706688454093,0.011169235119468324
2019-01-22,3.1301448,0.0,-0.001137114672202011,-0.0018406574578896384,-0.008389261744966459,-0.011301535373062221,0.003102280978020122
2019-01-23,3.1348293,0.00046781722100375234,0.0005614331948280427,-0.001455302099158784,-0.0018800526414739505,-0.011285756853396944,0.0007728703651341817
2019-01-24,3.1313944,-0.0031174499852776316,-0.002215403739701083,-0.004494614914275719,-0.0037671877943116217,-0.009513464923779913,-0.0032508833922262337
2019-01-25,3.2163515,0.01430697301025452,0.00971268977391615,0.009104048270646148,0.03195311022877689,0.020606604585063026,0.02670215667647957
2019-01-28,3.1757798,0.0038538614967715823,0.010474066579302166,0.012150647647914514,-0.017955294979846048,0.0024312698709558767,0.007736634798875652
2019-01-29,3.197131,0.004453260633515477,0.010942444626410142,0.015584634542852527,0.01679104477611948,0.014293158639172354,0.022696353008509806
2019-01-30,3.2083905,0.0012995515254869971,0.008080671397616257,0.016190493515949145,0.017247706422018227,0.022840485590937654,0.03636822477077084
2019-01-31,3.2249978,0.007481431082647871,0.00931531150588305,0.02232582320557519,0.006132756132756212,0.01825483753194601,0.039973152360355035
2019-02-01,3.2458112,-0.0021216389038479777,0.004178698904453881,0.01896883136300076,-0.004123341699533989,0.010477680357987351,0.0329790893791897
2019-02-02,3.2822552,-0.0075176734987664195,-0.004069060056168361,0.010378220178079767,0.007200720072007227,0.009126325661928947,0.03768685782113579
2019-02-03,3.2823029,0.0,-0.003886898864415844,0.009687443897610004,0.0,0.003875551727850146,0.03498987208302129
2019-02-04,3.2835896,0.0,-0.0034463791127971044,0.008818483034435998,0.0,0.002041693531055211,0.03193559393933798
2019-02-05,3.271885,0.0,-0.001512631877818249,0.008044305299437227,0.00822162645218949,0.008005432257603307,0.03738713058830023
2019-02-06,3.2656543,0.0,0.0,0.007348948672235567,0.006913667789399058,0.010460399914608898,0.040636107141548417
2019-02-07,3.2571402,0.0,0.0,0.006542139790520096,-0.0028169014084507005,0.005146406388642388,0.03396343522668155
2019-02-08,3.2507854,0.0,0.0,0.00594562352080974,-0.006355932203389814,-0.0024106636415199834,0.024763292061179998
2019-02-11,3.2442045,0.0,0.0,0.005326615772166976,-0.007462686567164201,-0.009539345366856744,0.0150273472280269
2019-02-12,3.2508993,0.0016832067114573857,0.0013461122121440905,0.005939403969118295,-0.0064446831364125545,-0.012736587448413328,0.007460654577138737
2019-02-13,3.266207,0.001222195016748806,0.0019875010152308192,0.006075019118619629,0.0003603603603603567,-0.007862759113652529,0.00659946334034367
2019-02-14,3.2660334,-0.0007628928614200614,0.0007946751541454411,0.004255356586639669,0.0009005763688763047,-0.00315717719657016,0.005746346319171147
2019-02-15,3.265418,0.006336789165062751,0.005431029212197291,0.009241730142433235,0.008637754183912216,0.006283662477558405,0.011815039127726967
2019-02-17,3.3164322,0.01669069145549451,0.01707648420304908,0.023852436308719804,0.004817127564674228,0.009463722397476282,0.013733642925283895
2019-02-18,3.3262494,0.0,0.012328310325679714,0.02147216454601364,0.0078125,0.012775676254371593,0.018107460919633223
2019-02-19,3.336936,0.0,0.007866780052034006,0.019812550612490654,0.013918252290345157,0.019486271036315284,0.029535412082505985
2019-02-20,3.3673847,0.002387936199154339,0.005208299268608441,0.02065940637178465,0.01476976542137276,0.024273888031429713,0.04027503161794832
2019-02-21,3.342992,-0.014739855660243939,-0.010408095563105402,0.0050308495491218075,-0.0077054794520547976,0.009652240574256066,0.02909707608570189
2019-02-22,3.3818605,0.00430672547931632,-0.004523560638293511,0.008620132083980048,0.01777394305435709,0.018160475072503734,0.044106322525823805
2019-02-25,3.4698741,-0.0024826413474535736,-0.004878396567050136,0.005879470784101004,-0.0006781959986434938,0.009869097388801373,0.040487938354532016
2019-02-26,3.4500575,-0.0006034005682129528,-0.0032345602633238046,0.004959939661033808,0.000339328130301908,0.0053541588514134375,0.03771758452575802
2019-02-27,3.4816809,-0.005584502717079998,-0.004968759925333743,-0.001057576558531781,0.004918588873812801,0.007378944504896401,0.03980204275034227
2019-02-28,3.4993386,-0.0037185266185921773,-0.007064260573946046,-0.0049909228486407775,-0.004894514767932456,-0.0009827510251109173,0.03198704765238691
2019-03-01,3.5172236,-0.012492400825778405,-0.014579106095838235,-0.01702611309508495,-0.005427408412483015,-0.00525869380831212,0.02397541341435727
2019-03-04,3.508757,-0.008947836599417336,-0.017256119790251545,-0.025001007298118716,-0.00784447476125516,-0.010510561583727429,0.014375256078318577
2019-03-05,3.5439746,-0.0021793654434233423,-0.012889427028987654,-0.02620215130989334,0.008422138191818584,-0.0011916922029281407,0.02125363365767896
2019-03-06,3.5452547,0.0022621095273498426,-0.005633893666328937,-0.02317942052984545,-0.0051133458326232395,-0.003312615258520557,0.014504088779970559
2019-03-07,3.4599931,-0.0008560787337825726,-0.0020056129681679247,-0.023154208884007987,-0.002741134144252144,-0.003492313486493037,0.010029150471960069
2019-03-08,3.3788795,0.01028193696045121,0.008161659841957603,-0.012734736072580577,-0.005840920803985572,-0.006694129763130774,0.0023816741003768183
2019-03-11,3.4377162,-0.006322244542694699,0.001165248493446569,-0.018214198687925842,0.0025920165889061764,-0.0035721645943531666,0.0027912925499278263
2019-03-12,3.469067,0.005819366632411116,0.004759110874444028,-0.011955137307782082,0.009479489831092813,0.006219076415612923,0.00963610349761268
2019-03-13,3.4429202,0.008639937321609947,0.009902037888147142,-0.003331128312882181,0.0023903022024927,0.00744731965131451,0.00931783798652197
2019-03-14,3.4046223,-0.010783920142208525,-0.0024679931665482213,-0.013150102983014778,-0.014988928632260312,-0.00635738831615118,-0.007329591293749993
2019-03-15,3.4427032,0.006494529345527189,0.00326768283297052,-0.005287582163189253,0.005014698253501537,-0.0022317596566523434,-0.003890517078855682
2019-03-18,3.5061657,-0.0011522506865401239,0.00033850925243283925,-0.0049206555123290086,0.0010323468685478066,-0.0017501115267151146,-0.0040740867540827175
2019-03-19,3.5058722,0.0036145128011884076,0.0026121508314109754,1.9143423515721736e-05,0.004812650395324969,0.00343288705801581,-5.986641237676338e-05
2019-03-20,3.5132198,-0.0034482758620689724,0.00023071495178039747,-0.0017922575312291356,-0.0006842285323298558,0.0037455757534106127,-0.0007611456524899696
2019-03-21,3.5020201,0.004306017367118331,0.0025791492544327,0.0031759385935701268,-0.005135227661759556,-0.002403020940610956,-0.006036974330032585
2019-03-22,3.5325606,0.004211009955445766,0.005288553373141269,0.00808168535379905,-0.0218513420509292,-0.01992897286487616,-0.025982370023900803
2019-03-25,3.4809582,0.007853041338708344,0.009839444275044906,0.016154393577115345,0.004925241864556007,-0.011523288808914178,-0.01966504221291776
2019-03-26,3.4529057,-0.005749281674539808,0.002608967970045617,0.010731789707554285,-0.0008751969193068199,-0.0076495132127955,-0.01894056581073178
2019-03-27,3.4878788,-0.003347808149277487,-0.0021786048708728467,0.007650265619400409,0.0031534688156973356,-0.0004887585532746819,-0.01416089183489
2019-03-28,3.489142,-0.015344663876106446,-0.015043890964990592,-0.006933276515279974,0.004889975550122161,0.006436717274190151,-0.008127698818337747
2019-03-29,3.5621774,0.0024809668558953835,-0.00978727581226424,-0.004339188361096702,0.021724018074382956,0.021369006254343237,0.013288750236991387
2019-04-01,3.599645,-0.0035575990610497987,-0.008221206270558334,-0.008018845002162545,-0.003742133015818938,0.012480984649426263,0.009157714275868756
2019-04-02,3.5935853,0.0012418313843676199,-0.003260666244970012,-0.007092760324322267,-0.006146491377838514,0.0023418397217342957,0.0033525523351518594
2019-04-03,3.6287289,-7.75004542151736e-05,-0.00024801592933243466,-0.0073607185919908336,0.01443051022161157,0.010576396495071139,0.01723529057097828
2019-04-04,3.6423185,-0.0006977474199764133,-0.0008216747729569152,-0.008251759533326353,-0.012701100762066098,-0.004847739997268952,0.004237434113067096
2019-04-05,3.6313138,0.006283922099253214,0.004818395729732972,-0.002023529093984733,-0.005145797598627877,-0.00729127443261568,-0.0010420165172535523
2019-04-08,3.63816,0.0,0.0034658139945791255,-0.0023420755456877718,0.012758620689655054,0.004789599726308769,0.011076398750355043
2019-04-09,3.679058,0.004934102640139049,0.006315045636327676,0.0023029430785510563,0.0005107252298264253,0.0033804548248308475,0.0114186880985776
2019-04-10,3.7287254,0.004296107085490775,0.007651090201708399,0.006547027496377922,-0.0027224774544836183,0.0021544354011353573,0.008751925509668412
2019-04-11,3.576883,-0.015659613766950353,-0.008067251470560644,-0.009032242729527185,-0.013137689814024855,-0.009453349773941633,-0.0045093112113180345
2019-04-12,3.588794,0.0015520720455473036,-0.005532528618771848,-0.007066574895304489,0.019882434301521368,0.006827103601297235,0.014523909846849703
2019-04-15,3.5877128,-0.0029443102663063714,-0.006884161950634793,-0.009475683197945783,-0.003729445668757436,0.002969485971738628,0.010227761065749963
2019-04-16,3.6978402,-0.011035182393037024,-0.013136478726308076,-0.019183212825250817,-0.0013612387272418092,0.0018777739842950059,0.008653209937012907
2019-04-17,3.7473547,-0.000314336336426968,-0.007768168008266629,-0.01842103954487584,0.012097461237008167,0.011270387142905847,0.019996393952142588
2019-04-18,3.6432905,-0.00023575441701295663,-0.0054112155968367714,-0.017355983810571796,-0.015824915824915853,-0.006829533485100625,0.003562078880734898
2019-04-19,3.6291335,0.001257941312387656,-0.0014897287125609227,-0.014669702434417675,-0.0017105713308244175,-0.006401525469899139,0.0005486215882595236
2019-04-22,3.6328926,0.0,0.0005971445632699801,-0.012821309734662778,-0.004455106237148843,-0.008566260537183124,-0.004736494993704765
2019-04-23,3.5828347,-0.0032979593026107867,-0.002185362590416351,-0.014357894981501307,-0.00240963855421672,-0.008485014369782329,-0.007882506996687688
2019-04-24,3.6159286,0.004884543396653118,0.0021685382087441862,-0.00821883817418212,0.005348516218081301,0.0006869311351536123,-0.0034376015460654274
2019-04-25,3.5031629,0.00023524016317133523,0.0017903364390881027,-0.007445289981475756,-0.016646644928779764,-0.012034897755094809,-0.0198258608597478
2019-04-26,3.497955,0.007132760023246698,0.007132779296018077,-5.056793548485761e-05,0.009249563699825547,-0.0010709597180956765,-0.009946756604064189
2019-04-28,3.4907086,-0.004903143208358163,0.0013940539993577694,-0.004573872137692447,0.0019021269237418093,0.0013826477704803608,-0.007528327580743288
2019-04-29,3.490936,0.0,-6.258743123321864e-05,-0.004131943717333608,0.0,0.0014518805309733374,-0.007298769831751373
2019-04-30,3.5091467,0.003284900142644487,0.0020779244061190916,-0.0005842788920377151,0.0024162927166033743,0.004531460790757169,-0.004072533973507153
2019-05-01,3.336811,-0.0008575753152293419,0.0002965348672738788,-0.001157312772160135,-0.03529614325068875,-0.026648599819331653,-0.03735138478455102
2019-05-02,3.3368773,0.0,0.0007964290210515923,-0.0005575770464767427,-0.007852935927181837,-0.026717557251908386,-0.04292957552489085
2019-05-03,3.3364255,0.0,0.0003121638910157376,4.2879311273225085e-05,0.01421118906278096,-0.00746426308006487,-0.027352476904365486
2019-05-05,3.3482776,0.0,-0.00017163281349719117,0.0008941111491833631,0.003724725079815583,0.0009905543566703923,-0.021890366683086526
2019-05-06,3.3481429,0.0,0.0,0.0019660641217624786,0.0,0.006294900064015785,-0.02017989628693373
2019-05-07,3.3808067,0.001404422951315043,0.001123222865057727,0.0035733053023936368,-0.015550450609648325,-0.008224738303781232,-0.03363458169265732
2019-05-08,3.3416293,-0.0031943713174424904,-0.0017165661780457198,0.0008057364462630279,-0.003949021719619306,-0.011789428693545934,-0.034519956850054045
2019-05-09,3.3258631,0.0032046080254024556,0.001201296971851562,0.004142533752065969,-0.0010812759055686127,-0.009506450805904065,-0.032753415813077
2019-05-10,3.384721,0.001714025065738145,0.0022919064001725165,0.005348482056283688,0.001082446328702913,-0.0045208281008933815,-0.02899539783365712
2019-05-13,3.350438,0.011200143860110812,0.010618439612619435,0.015500804936272372,-0.020003604253018725,-0.01663652802893323,-0.04422103487064133
2019-05-14,3.3292255,-0.004153545508397416,0.004671424088496412,0.010383185725147959,0.002206693637366808,-0.01013476697301019,-0.03876679953437512
2019-05-15,3.3921723,0.0012358829972936025,0.003281630516100753,0.010732695376544976,0.006605504587155808,-0.001310711425034583,-0.029421651363161994
2019-05-16,3.383324,-0.008717155290043022,-0.005694996312935574,0.0014729902794838878,0.0018228217280351622,0.0022247346730368545,-0.024944115246779863
2019-05-17,3.338393,-0.008171206225680794,-0.01210739712298503,-0.006911482339156838,-0.0034570596797671715,0.0013895491278750338,-0.02555754227713858
2019-05-20,3.3248692,0.0012553751164672278,-0.007173326149344961,-0.005688025772530136,-0.004564542632828239,-0.0036913855487737957,-0.026758778271657735
2019-05-21,3.3477669,-0.003212895278095207,-0.006855201400193467,-0.00873589317378265,-0.00403521643433602,-0.006985845433598037,-0.02808355259625195
2019-05-22,3.3598297,0.001257842441774626,-0.0020685879369387594,-0.007051840099742024,-0.013627992633517438,-0.015839182683473618,-0.03765126537359298
2019-05-23,3.37529,0.008794027525820702,0.006738793941486243,0.0014381348333887267,0.0009335324869306216,-0.010008863938543278,-0.03299121557026641
2019-05-24,3.3775597,-0.0014010342152203092,0.003990922607402858,-0.0001363709506757571,0.007088229807871604,-0.0001111193421734491,-0.022655069105654402
2019-05-26,3.4348936,-0.005066250974279041,-0.0011580814075007329,-0.004957661338091834,0.0005556584552695032,0.002300727326703278,-0.018505228158470888
2019-05-27,3.4340048,0.0,-0.001861007188888375,-0.004755954975069976,0.004442798963346872,0.006903206650831439,-0.012556869881710675
2019-05-28,3.4251654,0.0,-0.0023134836126430525,-0.004554166819134786,-0.00626612605971244,-0.000741289844329196,-0.017250963702805877
2019-05-29,3.415255,0.0032118884339502607,0.0015485292552215313,-0.0013140728312107663,-0.011869436201780381,-0.01139273388503359,-0.02616451751459925
2019-05-30,3.4193022,0.005075745840948942,0.005986982906606819,0.0035436943726474546,-0.0028153153153154253,-0.011019693980120038,-0.02582579278858066
2019-05-31,3.4468317,0.014528842822543409,0.01594962174443726,0.01716835803533856,-0.006022962544701693,-0.012528047868362036,-0.028325927561431152
2019-06-03,3.4711082,0.012942182349370057,0.021752870633530375,0.028762060320386418,0.003976519598560824,-0.00398256687706644,-0.022041870331089286
2019-06-04,3.4371233,0.0005292759265373981,0.01493958936884332,0.02754831777702682,0.007167106752169028,0.005119710886914763,-0.013130538435238925
2019-06-05,3.4200497,0.0037026026323612182,0.011298432348273657,0.029562264635165425,-0.01704119850187269,-0.009061733056447085,-0.02730549352803291
2019-06-06,3.3940938,0.007001375002596122,0.010607728940676076,0.03468946308386833,0.010287673842636735,0.0015108593012276295,-0.015053723498110183
2019-06-07,3.438084,-0.009644157184147462,-0.001988969730380763,0.023736715395643815,-0.008297190269658583,-0.005972857520885944,-0.021599598147011068
2019-06-10,3.4269657,0.0,-0.002289634329657564,0.02255136390489909,0.012549914432401499,0.005627738329052834,-0.008167484656863233
2019-06-11,3.4989495,0.0012833647654955094,-0.0014604437377286894,0.022675601322456274,0.003943661971830936,0.009364851597311263,-0.002956069267137207
2019-06-12,3.4770684,0.004146562046716928,0.0021368780143873334,0.025062841312407658,-0.006734006734006814,0.000263723015484274,-0.007949482022587384
2019-06-13,3.4644322,0.005480836867635119,0.007386880235448201,0.02812129573995925,0.001129943502824915,0.0009037505648439303,-0.005332584900364923
2019-06-14,3.4273174,0.0006720612655899405,0.005733748343939471,0.026290985852886806,-0.01015801354401813,-0.00937535298768788,-0.013683223992502436
2019-06-17,3.4363294,-0.0010447163939767412,0.0025762517098171234,0.022607016749361053,0.00551121246674291,-0.002639019792648467,-0.006953763572038363
2019-06-18,3.4603078,0.005901265931284261,0.00545060862620117,0.02578164478443168,0.021546021546021477,0.016588925669575705,0.01397617484288527
2019-06-19,3.5130572,-0.0014852220676223604,0.0020568844541291043,0.021930531229988892,-0.008140610545791072,0.006382579312934178,0.0057217897007786345
2019-06-20,3.6069098,0.0359215005987763,0.029809729943909957,0.054236955215816396,0.011938071255362726,0.014246186060424826,0.01748002550733352
2019-06-21,3.5989234,0.0023691052480243613,0.02375713166589355,0.0519693073994969,-0.002580645161290418,0.0060238723831478325,0.014768624876928094
2019-06-24,3.6150575,0.012963829171500851,0.025657800188712665,0.06010355867425132,0.0003696174459435486,0.001850823616509345,0.015267461925125625
2019-06-25,3.632162,0.00042422086206861387,0.01602781847577095,0.055080615665992205,0.011084426380934653,0.010412435845364332,0.02574194334336033
2019-06-26,3.5738876,-0.002332354775024803,0.003997191057915073,0.047503485521709576,-0.007674036177599097,7.365668618564136e-05,0.016888855602157138
2019-06-27,3.6109767,-0.002266896590549239,-0.00048257051863176414,0.040446223739107,0.0003682563063891475,0.0001472699826956525,0.016121792474003138
2019-06-28,3.6116679,0.0009229812093716205,-0.0014733554121345582,0.03742513867981123,-0.001104362230811784,-0.0015454244397836714,0.013615733736762392
2019-07-01,3.7076576,-0.017095819267002987,-0.014537292531082602,0.017334918406779032,-0.009397457158651035,-0.009579955784819405,0.003396916644891723
2019-07-02,3.6951444,0.013712471373251267,0.0004415982605252555,0.028220041826764408,-0.008928571428571397,-0.013150583441377872,-0.0054506085268424265
2019-07-03,3.6924503,0.009326481427904598,0.00889551366575092,0.03442486709426662,0.007132132132132041,-0.0037133308577794732,0.0005500601336925204
2019-07-04,3.608577,-0.014812725346178612,-0.004391036836997153,0.016909641451097857,-0.001118151323145633,-0.0021223517146368165,-0.001099535958553055
2019-07-05,3.5939853,0.0,-0.002542392030720708,0.014251198913181273,-0.0070895522388060295,-0.0053080143540669145,-0.00876318901854134
2019-07-08,3.488124,0.0002148269768844635,-0.00394995219767047,0.011812945742057712,-0.0007515971439309155,-0.003896006593242185,-0.009443626948795747
2019-07-09,3.4365802,0.0003579098067287845,-0.0025836265122312074,0.009575629497299953,-0.012786761940579039,-0.013751127141569008,-0.021234549488245547
2019-07-10,3.5006921,0.009016082709078832,0.007502143600427225,0.015808750050212206,0.026285714285714246,0.011337187476537336,0.003763180446365366
2019-07-11,3.470354,-0.004113131592249353,0.002269651223320901,0.009264029734058266,-0.0024127691165553022,0.008329268750234542,0.000791323371968744
2019-07-12,3.505566,0.00398773438098976,0.004373977464611212,0.010753485376988836,0.0024186046511627257,0.008271267637261825,0.002036432616397521
2019-07-15,3.5560913,0.0010639052230838608,0.003383957313921826,0.009198935341331094,0.006310319227913919,0.010699772583230738,0.0071327736087376525
2019-07-16,3.4970124,-0.001558787873126688,0.00015610320111036913,0.005375721723805071,-0.004057543341940084,0.0010010010010008674,0.003092869681518007
2019-07-17,3.5512168,0.008586501614754827,0.0071427765744305205,0.011241590181610528,0.00592592592592589,0.005292963689528918,0.008372162096939029
2019-07-18,3.5974996,0.003377138248725098,0.007431562092455435,0.013459723305005555,-0.0022091310751105597,0.001404182987214453,0.006191232027326743
2019-07-19,3.6686687,-0.0007012131106649555,0.004567805678091119,0.011710155079617257,0.01568265682656822,0.012730416865962768,0.021080063434946616
2019-07-22,3.573456,0.00014039242552454922,0.002743808096331124,0.011457260724518692,-0.011080835603996309,0.0006985037314803932,0.009475421387379779
2019-07-23,3.4751027,-0.003648405994557402,-0.0024445617983804846,0.007581149218361727,-0.008082292432035176,-0.007389434211977464,0.0019947116945773224
2019-07-24,3.536075,0.0019013261661902092,-0.0007584600183893064,0.009095944954455204,0.004444444444444473,-0.0026845143970873897,0.006513388632188422
2019-07-25,3.5409095,-0.006255288240531787,-0.005304473039081992,0.0025882152337355357,-0.0031342182890855552,-0.005334805003679111,0.0036008612369144988
2019-07-26,3.5262904,0.003253395223501432,-0.0011407624066764877,0.005536300450406317,-0.006842981320510422,-0.007210205213533105,-0.0027392172338549514
2019-07-29,3.565247,0.0007754498314682667,0.000436912924066446,0.005104807642889897,0.012104283054003684,0.005141293090693777,0.008779256454516604
2019-07-30,3.54401,0.007114663116113862,0.006193223430132289,0.011357134294778692,-0.01269549218031274,-0.006369898526035089,-0.004378803621790106
2019-07-31,3.5063117,-0.0025179937811335984,0.003193667717969806,0.008510909526234345,-0.004286246738725241,-0.007652018870027089,-0.008434707568967026
2019-08-01,3.5357492,-0.0036462739365369368,-0.001447659075944574,0.003974509840181328,-0.00037432154220473635,-0.005585552038726571,-0.00863109048723898
2019-08-02,3.4311519,0.017383313918979404,0.012055612198888843,0.01966536011428821,-0.03482493914997187,-0.03246996996996998,-0.04167015234748983
2019-08-05,3.4684591,0.013143331710626871,0.01893722988148938,0.030610073595058296,-0.011057225994180464,-0.03090902178458732,-0.05032459972243697
2019-08-06,3.4799917,0.0053257196218403635,0.018313619969498207,0.033375576397866036,0.004903883876029802,-0.017075978511128298,-0.04453728225595888
2019-08-07,3.526708,0.023702814340790912,0.030872160885959232,0.05427346458206794,0.005270349404645769,-0.004523137588433035,-0.03736518439596992
2019-08-08,3.5697997,-0.0063690687621974496,0.013657991852142004,0.04414811410675368,0.01378640776699025,0.01390453256690094,-0.022687282393021646
2019-08-09,3.5483263,-0.0007344432274815071,0.005968852000305835,0.040237419720151824,-0.0068952307986976935,0.005741552546844053,-0.027578511079228596
2019-08-12,3.5881808,0.005813225567360636,0.006310777078651242,0.04288127732768943,-0.0017357762777241437,0.0009669309611293198,-0.027021946520043416
2019-08-13,3.6130352,-0.0020594549629248116,0.0002529970675066995,0.03739150269721958,0.017581143740340144,0.012923573983614878,-0.008676667105832703
2019-08-14,3.6071725,0.009120006448875229,0.00822062217165298,0.0434441620484336,-0.01442946648946275,-0.003264208909370292,-0.020760038105658296
2019-08-15,3.6496053,0.0024407619976820616,0.007745756078950672,0.0426358034741503,0.0011558466576768733,-0.0011915744157441344,-0.0175617686534717
2019-08-16,3.618467,-0.004672266188474827,0.0009264774005692811,0.03466203406895141,0.0,-0.0016520670047641683,-0.014693335861219015
2019-08-19,3.6007564,-0.007999983858471005,-0.00643655519730435,0.023755037690386338,0.0025014431402732296,-0.0004604404880668156,-0.010032682222391176
2019-08-20,3.6060922,0.0027992209434379856,-0.003971947844606416,0.023669711109008063,-0.00902111324376198,-0.00550889899067708,-0.016749350117597817
2019-08-21,3.557218,0.0,-0.002479556779407699,0.020829080545887724,0.0029052876234747504,-0.002119868953555648,-0.011577410210645844
2019-08-22,3.525316,-0.0048517392504739965,-0.004375319861507299,0.01301024564091291,-0.010621861722672765,-0.009895249507170134,-0.019418311975423208
2019-08-23,3.5819075,0.019568507181138672,0.013207656192963046,0.029070245111568305,-0.010540698809291538,-0.015460513537660758,-0.02695128037777872
2019-08-26,3.552506,-0.000196467157480118,0.009537823040678628,0.02518121945111096,0.0047346616689682985,-0.006282681651447852,-0.019124472776996804
2019-08-27,3.5968509,0.00963110181589899,0.014376359365689595,0.031200334588038503,0.0013744354997053954,-0.002464499471893089,-0.01525391002123977
2019-08-28,3.59606,-0.002076541967472534,0.007864742575732109,0.025227369445605108,0.003529411764706003,0.0034113633690153744,-0.009627013690677644
2019-08-29,3.588101,-0.007348191227290024,-0.003355889503590226,0.014123991871137775,0.0056662758890191345,0.008148235201943077,-0.0021422824517016714
2019-08-30,3.5201883,-0.004847706789428363,-0.007215051535683359,0.006749865385427434,-0.010297260540120479,-0.003209142141515353,-0.011833171677982368
2019-09-01,3.5592537,0.017642057309485315,0.007718090930645127,0.02175839695502102,0.0019630938358852212,-0.0016821186871651683,-0.00995092429150568
2019-09-02,3.530755,0.0,0.007074740503173249,0.01928257872561434,-0.00783699059561127,-0.008109060994241468,-0.017147515211505482
2019-09-03,3.5279825,0.0,0.006013050765762307,0.017987152965479147,-0.0033570300157979016,-0.008681646763042283,-0.019466894622318986
2019-09-04,3.661413,0.002846254184988517,0.005760940680902493,0.01911961170500387,0.026352288488210807,0.016124602769822305,0.0067733690951672365
2019-09-05,3.7314398,-0.022511786954043767,-0.016408342032154133,-0.004437778362591627,0.01795366795366804,0.027154433535920175,0.023972968511811743
2019-09-06,3.7669246,-0.006071052589394443,-0.01731543720586548,-0.010511138396719022,-0.003034325810733929,0.01796986948607726,0.02006364483079781
2019-09-09,3.743378,-0.002655689901521985,-0.01430449398170941,-0.013138913974147237,-0.0026631158455391324,0.008269230769230695,0.017584038506327282
2019-09-10,3.683577,-0.007921650066934682,-0.01492514672796974,-0.020132523964862648,0.0003814609956132031,0.001030613023894844,0.017439040949739137
2019-09-11,3.5970838,0.0027511074626624943,-0.0048611410973813385,-0.016622129416604348,-0.005147759771210736,-0.005564872694008294,0.011995384152904798
2019-09-12,3.6676338,0.0028773599354687818,0.0002268919509571532,-0.013344605920199037,0.009965504024530336,0.004460031258338715,0.02135741695414528
2019-09-13,3.7740073,0.002935894146538276,0.0035787155223945266,-0.010535828165551764,0.022201138519924113,0.021697075446648784,0.042245073665270416
2019-09-16,3.5860012,0.0,0.0034581155773574235,-0.010486974744191357,-0.022090217189530303,-0.0018190086402910532,0.018187440808674404
2019-09-17,3.5297,0.001330583482459291,0.0028116805954527813,-0.009186651735466178,-0.004745634016704581,-0.006480709467141521,0.012719353312150572
2019-09-18,3.4802163,0.0015945946800832722,0.002660475210519264,-0.007939773831341035,-0.005340453938584844,-0.011674184133722565,0.006416751097602091
2019-09-19,3.531144,-0.006036468050373167,-0.003352289318529267,-0.013012492403748244,-0.0017257909875358912,-0.010980660359436234,0.003353505762633713
2019-09-20,3.5190806,0.005939685176889142,0.002007634174162831,-0.006528423003358319,-0.0005762581636573616,-0.004591543906638629,0.0017134826052638275
2019-09-23,3.4896922,0.010880316998928219,0.010143165719885383,0.004853758865833946,0.0019219680953295182,-0.0005751533742329729,0.0025481994326650437
2019-09-24,3.508325,0.0055129124389627915,0.012088767066942507,0.010583373835091558,-0.0019182812200267962,-0.0009600614439323474,-0.00019215987701759474
2019-09-25,3.4575462,-0.01794922031082402,-0.005696474775025995,-0.006838478896704636,0.0017297712857966552,0.0008833582978067245,0.0009121897354649189
2019-09-26,3.3847117,0.001927438828339234,-0.0049767598762910925,-0.0045431125509070025,-0.013430544896392838,-0.010125899973048913,-0.012985517261236423
2019-09-27,3.4195166,-0.005572155498548947,-0.009448923107365226,-0.008557988401956096,0.010307273434461361,0.00038513383400751167,-0.0036822523109968364
2019-09-29,3.4168692,-0.022280051336141082,-0.024037837928435057,-0.028069761019008377,-0.007314725697786351,-0.0047859817051991715,-0.011851269915786
2019-09-30,3.41794,0.0,-0.01533067743825467,-0.02547840994249484,0.0,-0.00301589142790859,-0.012891555887335149
2019-10-01,3.4375496,0.0214914382543403,0.0068323552729518955,-0.002774164179268568,-0.00698080279232105,-0.006479900667390903,-0.019228559390201738
2019-10-02,3.4955966,0.0,0.008229064013533183,-0.002169361519835822,0.0039054872095292126,-0.002561018198750542,-0.014152028840990871
2019-10-03,3.5302947,0.0,0.008487134860845291,-0.0018700133222213644,-0.006613499319198524,-0.005762566678347403,-0.019261421466018835
2019-10-04,3.55984,0.0,0.004225635660560778,-0.001703631146519835,0.003524574113961121,-0.00101360570737985,-0.014688353135694276
2019-10-07,3.5222697,0.0,0.0,-0.0019332207594561224,0.005658536585365859,0.004756706175920167,-0.008245379412528675
2019-10-08,3.5294104,0.0,0.0,-0.002026356322218703,-0.003298409002716385,0.0008182668329175247,-0.010745647820058601
2019-10-09,3.4761362,0.005944446102269962,0.004749909765297877,0.003658513897453197,-0.0001946661475568101,0.0008184262831754108,-0.009660438479782374
2019-10-10,3.5112658,-0.007502773349037706,-0.002469086965694367,-0.003596151208291265,0.017718068535825582,0.013809690057799084,0.009443618315598368
2019-10-11,3.5218542,-0.00809479345798525,-0.0086253173473132,-0.010989393954914162,0.0055481155538550375,0.014280200694712475,0.015161757605021808
2019-10-12,3.5479572,0.006070007618794948,-0.0018735526663121727,-0.004541208277431319,0.0022831050228309113,0.012142637565324188,0.0172338884866039
2019-10-14,3.557083,0.0,-0.0011383584048844098,-0.004016131817275448,0.0,0.00707321735805766,0.01671362952097888
2019-10-15,3.5139766,-0.009452286684638378,-0.006789003270650684,-0.0127449140831698,-0.00759301442672744,-0.004076656379776722,0.008779546550892414
2019-10-16,3.467809,0.007038457353749195,0.0011168603535269828,-0.005154720641641908,-0.009372609028309054,-0.011603496316653361,-0.0004439040395267657
2019-10-17,3.5164504,0.0028898177608365216,0.0027146221200107234,-0.00123142619184069,0.0030893994979726003,-0.006236131303083758,0.0028183151880165624
2019-10-18,3.5317523,-0.0027475021926518517,0.0004302117740557776,-0.0025101592919239968,0.014821944177093371,0.008339071226379113,0.017004735862341747
2019-10-21,3.5183554,-0.0038972765408610277,-0.002221158770907672,-0.005657868833515156,0.003983308042488698,0.011388389956815681,0.02025867884885968
2019-10-22,3.4945831,-0.00047225663158245723,-0.0032425019247269704,-0.005266722177274641,-0.0051010768940109585,0.004770082045411073,0.013842629136905149
2019-10-23,3.54816,0.005534233321464299,0.0020176369722662013,0.0005473504092987636,0.014622104063805486,0.013121468390913549,0.027203691242910555
2019-10-24,3.5095794,0.006040673771744887,0.007176378043512344,0.005470451173272384,-0.0013101253977165772,0.006412674462467072,0.024095807463846874
2019-10-25,3.5034845,0.00040027725409652604,0.006051738424962316,0.004733888477682857,0.0028110944527734993,0.006243183271277486,0.025066329511604257
2019-10-28,3.5080793,-0.006335445148382801,-0.0013404825737265424,-0.0013906685085649517,0.0028032143524574504,0.00630110269297135,0.02553321611497572
2019-10-29,3.500462,-0.00201342281879191,-0.004058785129859799,-0.0030605331845594552,0.003168095415579719,0.0050786063706635964,0.026408618552769436
2019-10-30,3.499225,0.004169435892316775,-0.000348153567611198,0.001230394343799679,-0.00037154003343853326,0.003281500540701865,0.0233539994674985
2019-10-31,3.5349455,0.012188637715869088,0.010145586442109833,0.01295178645791717,-0.017840550083627615,-0.012740043338563822,0.0035699365766588276
2019-11-01,3.5653343,-0.002249586052097907,0.006729334621121685,0.010307420109193277,0.0056764427625355385,-0.005798728020950161,0.007726216997677504
2019-11-04,3.5435956,0.0,0.00431563009742475,0.009942040442577404,0.00677328316086534,0.0014972861688189454,0.012497753053481997
2019-11-05,3.655598,-0.018037102899121527,-0.012984213607651895,-0.0074334887538543,0.011025976452999409,0.011517463166554442,0.02101478678531321
2019-11-06,3.5604134,0.006347853885599886,-0.0063213843487087695,-0.0009788023353625164,-0.013123844731977807,-0.00018726591760309663,0.006551350332280936
2019-11-07,3.6599894,-0.01744732307872776,-0.017473721838859424,-0.017799971447173824,0.023412624086907696,0.01640686037426997,0.02810156830647359
2019-11-08,3.5932229,-0.0019805371127276095,-0.013235161842038434,-0.018744739730939375,-0.0168374816983895,-0.0028215028215028415,0.00980290797672878
2019-11-11,3.5175176,-0.0039691019190593035,-0.010133297062024038,-0.021450108615663654,-0.006701414743112366,-0.008952119163478267,0.0023951533367774225
2019-11-12,3.4980872,-0.00233598379530231,-0.008575375780891625,-0.022898416169050972,-0.006746626686656709,-0.011599716534258286,-0.00504050236068232
2019-11-13,3.460083,0.006611098235205004,0.0018780267093152503,-0.015567626420143865,-0.002452830188679256,-0.012108075787585437,-0.008486098738806347
2019-11-14,3.4097745,0.006909829646058796,0.0077509064879124345,-0.008080622958341666,-0.006430868167202508,-0.010659936718396934,-0.015397880097091976
2019-11-15,3.440975,-0.003057480534521595,0.0038449208626638587,-0.010416458919006777,0.006091757091186034,-0.0013604928007254768,-0.009520596724015284
2019-11-18,3.4846237,0.0024534692742719244,0.004191822965879499,-0.007603700518401424,-0.006811731315042646,-0.004891180708273546,-0.015861706914654272
2019-11-19,3.6395829,0.0016316706602943487,0.002927177905104328,-0.005702687525280359,0.01314536102114694,0.0075022734161867,-0.0034106667666129464
2019-11-20,3.5917757,0.0,0.0013457336430373612,-0.0051454220743911705,-0.002632568634824972,0.004203112575258627,-0.00567090031400852
2019-11-21,3.5065737,-0.0069232830408855195,-0.004409459561067863,-0.01083747151633574,-0.009238310708899022,-0.005149369580856433,-0.014108288619563925
2019-11-22,3.4894824,0.0,-0.0038400527024859965,-0.00961885321357514,0.009134157944814536,0.003254001286465691,-0.004654829385487447
2019-11-25,3.5166402,-0.004442621904492072,-0.006330688232299653,-0.012902894218079997,0.0007542900245145479,0.0018122097632802259,-0.0033522071044252977
2019-11-26,3.6168463,0.0021969472029546022,-0.002310007000784764,-0.009821713654617814,0.012247974373468917,0.012019140198183953,0.008958924177826066
2019-11-27,3.5977743,-0.004384178791609239,-0.003974763970626127,-0.012830341862829497,0.0016753536857780915,0.010782177473889876,0.010649287230246385
2019-11-28,3.5203855,0.008394076625114488,0.004041909697840351,-0.002993218026740907,-0.007619401598216058,-0.0001123469273116573,0.002430989008926243
2019-11-29,3.4949846,0.0,0.003698106825049452,-0.0015532804379722043,-0.005243445692883819,-0.005690326445043303,-0.002797124030862186
2019-12-02,3.4636762,-0.0022515876178922367,0.0006569546923127501,-0.0022482053224984755,-0.00395331325301207,-0.00902756967335927,-0.0061796803095474084
2019-12-03,3.4902961,0.010873214670608755,0.008996434245686302,0.008690039481838774,-0.010395010395010562,-0.014307228915662717,-0.01490066225165565
2019-12-04,3.5233798,-0.002841260526727396,0.0033080644444574148,0.006380338773317451,0.01394194041252872,0.002151917849592344,-0.0008845060880364741
2019-12-05,3.5704622,0.001967452112661139,0.0037379532513677205,0.007923357015632737,0.0015068751177245154,0.004534290572453914,0.002007029313935149
2019-12-06,3.71197,-0.012052304512072176,-0.007482500791825553,-0.004149680774111486,0.023321421854429092,0.022975107167030107,0.02470902858864732
2019-12-09,3.7667766,0.00013712099618601314,-0.006941103213252808,-0.0041422701882493085,0.012313912883661127,0.027190332326284095,0.0356498194945849
2019-12-10,3.817762,0.002261307919822597,-0.0025777965358830812,-0.0022477951843875577,0.002723311546840801,0.019078898811720313,0.036297623626760256
2019-12-11,3.9106314,0.004649288213888214,0.0026885855787137647,0.002127842843356653,0.00869092884302014,0.018092105263157965,0.04252631578947352
2019-12-12,3.857554,-0.001837534502059035,0.00224129509343296,0.00046039123858698794,0.0025130138215760933,0.010749963804835616,0.041909576800022386
2019-12-13,3.9175682,0.006068060755678895,0.006054312001140039,0.006246401577480798,-0.0053715308863026,0.0011895321173673867,0.03370953785461084
2019-12-16,3.9971378,-0.0004065977201572757,0.0034969416812908882,0.005696674227466891,0.011341134113411533,0.00854516731293975,0.04185597982308109
2019-12-17,4.0127444,-0.00027120299258476255,0.0015893865605645097,0.0053793715461658564,0.0012459950160199629,0.006117192530586069,0.04019305983190469
2019-12-18,3.9733167,-0.0013563000360182764,-0.0002036798187062816,0.004039737306567481,-0.0005333333333333856,0.003749330476700452,0.03659042509057708
2019-12-19,3.992955,0.003802781256810217,0.0020336060436456638,0.00733933376709528,0.005514051938811715,0.00683931179425068,0.03849580688717613
2019-12-20,3.944638,-0.0023677446323991935,-0.00021695945655408888,0.004557162250759417,-0.0076065805766848404,-0.0027730375426621157,0.02769839525170381
2019-12-23,3.9089124,0.00528924465070113,0.004050083585410258,0.008980441358324986,0.0016042780748661833,-0.001208716982473601,0.026413853572994306
2019-12-24,3.9843159,0.011197285386804312,0.01193449881360853,0.018915621728220477,0.006050898736429833,0.003835635898710832,0.02998114221683701
2019-12-25,4.047622,0.00680413141771985,0.01379675950365633,0.0239033277550047,0.0040686361224129275,0.0059905710538443735,0.03139991277802001
2019-12-26,4.101747,0.0,0.009578752825148973,0.022387844246086308,0.0033474277660323626,0.007857572647152589,0.03152537153931845
2019-12-27,4.0912194,0.0029815145129650222,0.007319686076230569,0.02376479469759829,-0.0070237050043898686,-0.000812778288218241,0.021108322348819986
2019-12-30,4.1689634,0.0004623802016765488,0.00351177809448755,0.02243345574564426,0.0021220159151191798,-0.00038806180766248755,0.01981320520434049
2019-12-31,4.1225247,0.003301419610432621,0.004110257574743148,0.024380873168185158,-0.012881595200282203,-0.011206561317919861,0.0034440697424122924
2020-01-01,4.174702,0.0032905561039815456,0.005394626703721039,0.026005143489221894,0.0032177332856631047,-0.005775431385749097,0.0039445791107255435
2020-01-02,4.214834,0.0,0.003382996920636483,0.024364352356699426,0.006771204561653699,0.0025551848960181367,0.00774087682374347
2020-01-03,4.1238127,0.01620200142464734,0.01491048523565297,0.03781955808885873,-0.013451327433628424,-0.00807915435811668,-0.006992384091212722
2020-01-06,4.1169863,0.010973405974574524,0.01914390548876832,0.0454645324256151,0.0010764262648008671,-0.003927168868261388,-0.006560616715774903
2020-01-07,4.133211,0.003575595601353232,0.01587346419997182,0.04539260763439534,0.0012544802867382465,-0.0024283112523658668,-0.0058807305984823754
2020-01-08,4.113264,-0.009161486173001832,0.0023040180382059017,0.03279288485541976,0.0066225165562914245,0.0037479921470640054,0.00023120564853185144
2020-01-09,4.1780696,-0.0036599930350790233,-0.004848475719706702,0.02612085533316999,-0.0035561877667139585,0.0018234473881797442,-0.0034941719345975564
2020-01-10,4.244936,0.0037378675070167677,-0.0021910124336197434,0.02717479449282756,0.004104211277658809,0.004032545856826664,-4.4426673775022074e-05
2020-01-13,4.415307,-0.005842680954052937,-0.005753316699657063,0.018707686127431344,0.0168828860849477,0.01583581877574214,0.015898942733624022
2020-01-14,4.423739,-0.0038749676475046124,-0.005852463737961999,0.012502027203131982,0.004369101712687673,0.014510662335828428,0.019233668230307366
2020-01-15,4.4152184,0.0062888686581548114,0.001083564759252864,0.016217829039197884,-0.00261005742126319,0.008019133370849696,0.015582781867630624
2020-01-16,4.3412795,-0.001997278290509108,-0.0005677890417580267,0.01184293817557358,-0.0066294487090021725,-0.001823154056517895,0.008483732133685251
2020-01-17,4.3098826,0.006326693885167822,0.005586614175398408,0.015455298685912888,-0.0005268703898840821,-0.0045826628419506354,0.007229896551419035
2020-01-19,4.3247876,-0.001539661495306488,0.0030030866779449106,0.011457213882470008,0.0019328764716217695,-0.0019603724707694115,0.008436057513750539
2020-01-20,4.3104362,0.0,0.0011965016970283404,0.009577503465416415,-0.0024552788495265654,-0.002350299926334065,0.005648818521759802
2020-01-21,4.2571363,0.0,0.0006429214249090709,0.0080376270574678,-0.01775668073136427,-0.015055355757704003,-0.011430391393587702
2020-01-22,4.2468953,-0.000706743490544226,-0.0008736559824890078,0.005826876092720479,-0.010202255235367774,-0.01943400241151849,-0.020085587461348253
2020-01-23,4.0453196,0.005979506504111498,0.004352207552659193,0.010181860277376442,-0.01410488245931285,-0.02500089416645801,-0.03216644180927364
2020-01-24,3.9256954,0.00805316105237619,0.009744008400545567,0.01625999857649596,-0.015407190022010187,-0.028416289592760213,-0.04454233969652466
2020-01-27,3.8071055,0.0,0.007061923586948904,0.014374345545792089,-0.0326005961251864,-0.042941393291559216,-0.07238040798828205
2020-01-28,3.7631805,0.0,0.004394049349305318,0.012658198084851469,-0.006547275178124368,-0.03396749307168001,-0.07471011828429486
2020-01-29,3.7328968,0.0,0.0016003220892588654,0.010947847670784272,-0.00988563675130838,-0.028158295281582868,-0.07938253025619768
2020-01-30,3.714646,0.0,0.0,0.010041469916311163,-0.01037588097102582,-0.02349032183286326,-0.08465368945224072
2020-01-31,3.7419806,0.0,0.0,0.009685837447733547,-0.0029673590504450953,-0.013891606339268225,-0.08288599763442817
2020-02-03,3.7280102,0.0,0.0,0.00951134902158568,-0.0037698412698412564,-0.010952212110467707,-0.08161398887913374
2020-02-04,3.7614987,-0.01699209205395913,-0.013640028166010398,-0.0074200000593943605,0.01394144592710611,0.005530317993284628,-0.06424901894109969
2020-02-05,3.8192832,0.004772977488090024,-0.006479716713663208,-0.002877143115167846,0.012964054213317588,0.016598328339378687,-0.048207891919825885
2020-02-06,3.9106646,0.004686048612788207,-0.0002810625414760848,0.0015518144840895864,0.00698080279232105,0.018155438789114298,-0.0377096266098399
2020-02-07,3.8740737,0.0022362788669072486,0.0030566052894034357,0.003143206053468406,-0.01521278644328894,-0.00023459493274946563,-0.04698011591286033
2020-02-10,3.8974085,0.003888802550604975,0.007279351693979086,0.006005215263663155,-0.000977708251857612,-0.00463684538653375,-0.042218139552322786
2020-02-11,3.9284883,-0.005778863191787886,-0.000485207597699322,-0.00023947522147838018,0.012918379330593144,0.004932421935684328,-0.024753361538534024
2020-02-12,3.9738295,0.001149750163640162,-0.0005610962746742665,0.0003223160479366438,0.006956521739130528,0.009805441438648144,-0.013479232138124075
2020-02-13,3.980584,0.004912562876061788,0.0030695131932769737,0.004713875846569682,0.004605641911341385,0.012807614920290922,-0.004639312469102985
2020-02-14,3.8984532,0.004825075045227001,0.006102584536854749,0.008715584290887035,-0.005157593123209181,0.003932454314133693,-0.005100578829732361
2020-02-16,3.946463,0.0109307192530812,0.01383891040905616,0.018326710957000225,0.0011520737327188613,0.0010367469185579292,0.0005757052389177009
2020-02-17,3.9739223,0.0,0.009438253834474608,0.016915771475505714,0.004986574606827832,0.0035238241152135696,0.008924359554455918
2020-02-18,3.981118,0.0,0.0053029824361745526,0.01547328896068656,-0.0043893129770993244,-0.0011105154323353128,0.007531865585167941
2020-02-19,3.9163866,0.004687499999999956,0.0059197578430045805,0.018846293577788442,0.0007667241709796713,0.00019157088122589983,0.01055850729224117
2020-02-20,3.95153,0.0056609490425738596,0.00734037493587536,0.023336190451032524,-0.0068952307986976935,-0.005828891360202482,0.005371027475616907
2020-02-21,4.101501,0.017320302129691045,0.01912326988133972,0.03884454655621061,0.0077145612343298975,0.0014182766022692306,0.012812808932136655
2020-02-24,4.111692,0.01690383633759951,0.02713394346548048,0.05323817901902683,-0.011866028708133802,-0.007535273538118337,0.0007559458045007794
2020-02-25,4.183515,-0.015247548210801765,0.005679057409662347,0.03490749178195296,-0.00038737168313007775,-0.0057792332883838116,-0.0001452995592580164
2020-02-26,4.1316833,-0.004189704482223999,-0.0024937655860347574,0.028542047955369076,-0.002712652586707831,-0.005641203972025721,-0.003745390846535579
2020-02-27,4.245137,0.0,-0.005325152450181836,0.026520538246315617,-0.0007771517388771576,-0.004798947327682934,-0.005510973605337033
2020-02-28,4.278516,-0.046280502691501524,-0.042004574743228384,-0.020585806563153786,-0.012249659731674023,-0.011442360084066294,-0.018253147677530945
2020-03-02,4.534436,0.01802958486181372,-0.015068079120130862,-0.00423367726849655,0.021653543307086576,0.00890323082306299,0.0020465691006681386
2020-03-03,4.550758,0.03127546645147916,0.016339651906874586,0.024209659753399615,-0.008477842003853708,0.0009336341710106666,-0.006343107060447939
2020-03-04,4.619932,-0.0006089763198756648,0.015582442537276586,0.021165641090370446,0.005052467936261129,0.005013407951498294,-0.001120166866236616
2020-03-05,4.766781,0.01541651892298157,0.027880597343981517,0.033762949626173544,-0.005027068832173187,-0.00015543638765846968,-0.006448623392671049
2020-03-06,4.9854255,0.0026404370796917487,0.017205081110755138,0.03341212167989127,-0.004858142246404906,-0.006595538312317961,-0.01138996138996129
2020-03-09,5.21862,0.0022144787309945624,0.00935514296224671,0.0322242598899658,-0.019527436047647062,-0.019565726782785342,-0.02925197687682457
2020-03-10,4.9323163,-0.009196789736674926,-0.001973092365909479,0.019848647399390407,0.004381597291376327,-0.011292789083637178,-0.023412537035961134
2020-03-11,4.832848,-0.010668405420007132,-0.012656089873308463,0.006916662473161583,-0.007733491969066142,-0.01243339253996456,-0.02879268683222236
2020-03-12,4.720423,-0.031741181193497336,-0.03504509357424346,-0.025241393311338567,-0.011790567545963082,-0.01627277791040016,-0.03778798256537985
2020-03-13,4.62308,-0.04630975611591992,-0.06206686189859223,-0.06797277837439886,-0.003437815975733116,-0.012068481616615223,-0.03842026185876801
2020-03-16,4.797292,-0.019660835071461435,-0.05853206033336866,-0.08308057459036466,-0.029017857142857095,-0.031572556162720256,-0.06216006977450683
2020-03-17,4.156521,0.02624671872885842,-0.017106681524125422,-0.05682899354968807,-0.033019853709508995,-0.04751121907036093,-0.08785348880762534
2020-03-18,3.864227,-0.031215145139909972,-0.02720889371383317,-0.08257618777676268,-0.0702398962610763,-0.088056980540128,-0.14417013149780178
2020-03-19,3.8286572,0.0008799341466505517,-0.01194805760085993,-0.07781736665169603,0.016039051603905286,-0.050319384695606706,-0.1233453670276774
2020-03-20,3.9433477,0.003652119912907814,-0.004120428005475851,-0.06979077058718852,-0.006405856783344932,-0.03179061886927048,-0.12118820696493249
2020-03-23,3.896088,0.05592991913746648,0.0402559745620239,-0.014508799749667123,-0.03269629288510256,-0.03840871635231635,-0.1415668805427277
2020-03-24,3.8693628,0.059476675923340716,0.08267790719984602,0.04366845976850131,0.03784813139728649,0.010335079019326399,-0.1017254699974246
2020-03-25,3.9384618,-0.016805145864542514,0.04338991698060779,0.026377868119352277,0.011009174311926717,0.016464511368353252,-0.08486962298621492
2020-03-26,4.0381937,0.010904812978834055,0.03213819844980659,0.03724096194894222,-0.011796733212341315,0.005168912682296467,-0.08821651717966705
2020-03-27,4.298657,-0.01587779623023855,-0.0017212611950191414,0.01885692583138976,-0.0027548209366390353,0.0023535926900177806,-0.08366996087034462
2020-03-30,4.2419596,-0.0011700378012790003,-0.00958661537522143,0.016717541220662158,-0.005294659300184246,-0.008444628023314582,-0.08009026654176954
2020-03-31,4.5002465,-0.023797765466052834,-0.024002360715249527,-0.005648713333553657,0.033094191159454,0.01950395103457714,-0.042696918359031444
2020-04-01,4.4908247,-0.0032841184552284686,-0.020676159182802856,-0.006952999772976698,-0.023745519713261776,-0.0024264066291260766,-0.057199723087573595
2020-04-02,4.37592,0.03009758045216615,0.01186324319906884,0.024246840328041364,0.019733822854520522,0.013177693675619162,-0.03123841911363978
2020-04-03,4.237871,0.0049209572739628005,0.015603615545744853,0.030491467986907272,-0.011926192619261866,-0.0010465010465010582,-0.035114705106794486
2020-04-06,4.260252,0.019036603162007282,0.02945909118954959,0.05042987543378774,0.011614666363015225,0.005022851712747078,-0.01765870163760397
2020-04-07,4.296947,0.0,0.019198782190492425,0.05024101351411048,0.025213867627194908,0.026184145297219352,0.01258504913950298
2020-04-08,4.212979,0.00036038897665835457,0.008795320973240983,0.04982476901175614,-0.00461133069828723,0.013459130745841597,0.01322127474099477
2020-04-09,4.2311144,0.04251226475316172,0.03778882359893543,0.08941112219747227,0.0006618133686298044,0.009975062344139252,0.01854762653253683
2020-04-10,4.1509743,0.004953402775092153,0.029259098454299748,0.08699447086111811,0.0008818342151677427,0.004202610042026045,0.02390617952187646
2020-04-13,4.1842284,0.0,0.019635357605588766,0.07829840681723144,0.018722466960352513,0.014788485167632093,0.04496159060099414
2020-04-14,4.2901726,0.006820209772313124,0.015680076210698335,0.0779317294684223,0.011027027027026959,0.020515058926233065,0.05589991983651177
2020-04-15,4.4094234,-0.01679285069730929,-0.00846185238592323,0.05176621159765826,-0.01454234388366138,0.002392864911899162,0.03696202531645576
2020-04-16,4.4270487,-0.0039369655801571035,-0.010570618719525138,0.039969065504966705,-0.0008680555555554692,-0.0014314839717173289,0.033352785384028305
2020-04-17,4.5336676,-0.018135359683462915,-0.02226134453872952,0.014814876715631975,0.022589052997393555,0.013737565135007124,0.05238451823455126
2020-04-20,4.5229483,0.007340767684405947,-0.010133678150383685,0.01814786393423118,-0.011045029736618583,0.0012041974883880702,0.03549506271684022
2020-04-21,4.5585747,-0.013751777591560321,-0.014747680977920119,0.0036060664120844965,-0.03393470790377995,-0.02530987258386075,-0.00117691470699266
2020-04-22,4.4418654,0.03009176586183071,0.01472158163208137,0.030834984847031288,0.023343708314806477,-0.0023408036759288153,0.019931088731567348
2020-04-23,4.4535084,0.0026610156685267228,0.015883292480344036,0.031020465229738337,0.005648490115142346,0.0022083658093010605,0.022599244482735648
2020-04-24,4.4808855,-0.005653982895085452,0.006094366068736701,0.022163182842691143,0.009937351479801348,0.013616061749273767,0.028999064546304743
2020-04-26,4.4779043,-0.006730476116006634,-0.0018774025795815774,0.012584121608508969,0.004278074866310266,0.016233766233766378,0.029165159635682114
2020-04-27,4.4749594,0.0,-0.0057844338651654725,0.008750496786180229,0.0,0.007640468729879446,0.026566087241718606
2020-04-28,4.5593495,-0.0008178190280367925,-0.004493033164260307,0.004011941125045881,0.0002129925452607484,0.003847798204360764,0.023004531195538247
2020-04-29,4.6031847,-0.004150818816683777,-0.005162821893395786,-0.002430368414358286,0.00958262350936967,0.008637562760616113,0.029477227077791657
2020-04-30,4.6698327,-0.011271617334156048,-0.011840114090240661,-0.01513094386393865,-0.011179076144273381,-0.003189453540293541,0.014696651587627896
2020-05-01,4.664101,0.0,-0.008617668024450187,-0.01568926826700645,-0.013651877133105783,-0.01382016720696122,-0.001123304242633738
2020-05-04,4.5936174,0.0,-0.005374136033347465,-0.016246959998108434,0.00021626297577870268,-0.01065286215453054,-0.0016728724839457643
2020-05-05,4.525527,0.0,-0.0022748363345599376,-0.01678680153640899,0.00864864864864856,-0.0007711091119392277,0.00552879174884402
2020-05-06,4.458038,0.0,0.0,-0.01529216776969089,0.006216505894962365,0.007469093406593297,0.010059712733337056
2020-05-07,4.531749,0.022325198163132498,0.017780766702480744,0.007368959460572366,0.014273540690243003,0.0186571954298429,0.022046669385827444
2020-05-08,4.546266,-0.006911385803573311,0.00768480556738349,0.00142904611729322,0.010712035286704502,0.021352464235683932,0.03092562638586882
2020-05-09,4.4488316,-0.008538496624059033,-0.002224707514551838,-0.0053332520481421675,-0.010806317539484689,0.0045585007597499505,0.01886832839239272
2020-05-11,4.4425626,0.0,-0.0035267004642547395,-0.004401555272686819,0.0,0.0005465170050868995,0.017213561422816825
2020-05-12,4.4652243,0.005367766957966147,-0.0005512183065579102,0.0014130648467090001,-0.008823529411764675,-0.009281424551677797,0.007011515106239985
2020-05-13,4.449538,0.005573808885191545,0.005951536619567044,0.006264582964375265,-0.005510809665112304,-0.01187768511498588,0.0016330974414806576
2020-05-14,4.3480077,0.014119814940867448,0.016789487985243712,0.01938059290187044,0.0,-0.006858013716027456,0.0012483595275440962
2020-05-15,4.2795544,0.00880274382546209,0.018814426628013248,0.026091192966445798,-0.006606990622336051,-0.009267525400671772,-0.007093709392241743
2020-05-18,4.3334994,-0.01231890913949063,0.0020135329438693006,0.013358948024870143,0.03153829650289652,0.01989733146663264,0.021989350734926916
2020-05-19,4.4214716,0.007160123567464316,0.004561445312271095,0.020289350301655462,0.005823627287853572,0.02072691966735629,0.025684532015525452
2020-05-20,4.4772496,0.0036693180789062474,0.004003154637074902,0.023222088374269978,0.017369727047146233,0.028557093280929813,0.04079625144114307
2020-05-21,4.458588,-0.017194091172006654,-0.011263720475834571,0.0053760299187752825,-0.011382113821138184,0.009589439163103508,0.027113776501393794
2020-05-22,4.3159795,0.008195277876162255,-0.0010021163241206166,0.012943544168943166,-0.018708881578947456,-0.013883723813065685,0.007068256145162932
2020-05-24,4.449811,-0.017179711274783238,-0.015101587318871124,-0.004292819654746927,0.004399748585795171,-0.008971761690164115,0.010454430486468214
2020-05-25,4.4612856,0.0,-0.010597402779943699,-0.004333527459840614,0.003754693366708528,-0.004262715722385457,0.01349003254035952
2020-05-26,4.4656515,0.0,-0.005309513656754028,-0.004932121549853896,0.005195344970905902,0.0043604651162789665,0.017159439794759646
2020-05-27,4.394181,0.003226184797320064,-0.000911280899381417,-0.0024816714138296003,-0.015091999173041049,-0.006672226855713115,0.000335965059633736
2020-05-28,4.4623446,0.0017540781818112805,0.003338018175808477,-0.001579225654835703,0.016582703610411365,0.006860706860706722,0.014602057276936309
2020-05-29,4.511063,0.013774572411924924,0.01334872398346354,0.01062174252120518,0.005368573198430759,0.009119170984455804,0.017873941674506177
2020-06-01,4.6440554,0.0005181785948595863,0.009984775513494304,0.009571129322116567,0.017868145409735137,0.021055667724257487,0.03323187257640847
2020-06-02,4.665499,-0.007250602659809369,0.00028986302008204845,0.0021521593722844123,0.00827280064568181,0.022759834622784192,0.03922302637051822
2020-06-03,4.6339784,-0.015882160398357437,-0.014167910370480263,-0.013417459364276296,-0.0014008405043025585,0.011965118637193406,0.035849957445041714
2020-06-04,4.570572,0.012427833065796534,-0.0025648138866223302,-0.0018408050086434757,0.0006012024048096531,0.006450312437008776,0.03397218857101425
2020-06-05,4.5959415,-0.02484151063802731,-0.020442065481785954,-0.0260964915733638,0.026637292209092722,0.02266379379139738,0.05750683377172616
2020-06-08,4.672688,0.01318464282307108,-0.002923744798512984,-0.01308102976704606,0.0042918454935620964,0.01924447612259428,0.05735558408215646
2020-06-09,4.787757,0.009656657759073095,0.007947393133153069,-0.0035738507083881155,0.012820512820512997,0.023516940834674926,0.06520118083291626
2020-06-10,4.978861,-0.0008164124241057946,0.005292583331066414,-0.003669417474186032,0.02243958573072491,0.032659228265922824,0.08204108143216704
2020-06-11,4.907332,0.010914580423122988,0.014705020797937562,0.007832221092807012,-0.026261489401613325,-0.0021145713187236126,0.04798820988028174
2020-06-12,4.83334,-0.0015588632632071997,0.006858743515600896,0.006334345362964733,0.0057792332883837005,0.0,0.04966877431417682
2020-06-15,4.7999463,-0.005204417825639518,-0.0009407932335711022,0.0017936136673477598,-0.012258188086573418,-0.012598606111664301,0.03346693386773536
2020-06-16,4.740249,0.005405991102626517,0.0027247672939603174,0.00782553937071806,-0.0005817335660267542,-0.010900437552775033,0.030449647119979106
2020-06-17,4.769513,-0.0002312814637541738,0.0006480870595679811,0.00733711829840944,0.0093131548311991,0.003278688524590123,0.03654405611126599
2020-06-18,4.8034034,-0.002544472859120739,-0.0010656337190743104,0.005060865950795357,0.0001922337562476617,0.003007286887457994,0.032320787285966546
2020-06-19,4.817561,0.012233287910835333,0.009214094290305175,0.016139267108372657,0.007495675571785432,0.009707989829724983,0.035456790123456816
2020-06-22,4.8664665,0.00618587926386982,0.011201653799642664,0.02088311664726583,0.013925982449446872,0.017575432684944214,0.044686643145656735
2020-06-23,4.8927956,0.008766451210856507,0.015099605610812361,0.027822707274938407,0.0024459078080902863,0.013313046785849991,0.042212745980204414
2020-06-24,4.93933,-0.0035550628320105693,0.007267314861744589,0.02252297468265607,-0.0037537537537538634,0.005455372026064387,0.032805385842705315
2020-06-25,4.9260798,0.005096839818287124,0.006658899298646492,0.025907835672762225,0.00697061039939717,0.007046499359409042,0.03495014038145028
2020-06-26,4.9518175,0.0,0.0033694591542086094,0.024785297044266796,-0.0003741814780168218,0.0028529599459439225,0.029836937666242624
2020-06-28,4.978066,0.0,0.0013202072844031854,0.023691782913603632,0.007860752386299907,0.008087161630911055,0.03365869108289421
2020-06-29,4.9717903,0.0,0.0010152283984368182,0.02222953588912735,0.0,0.005940372113875991,0.029823772960671624
2020-06-30,5.0800886,0.010254648789249199,0.008186928216694422,0.029888587601555106,0.013370473537604566,0.013746981237228173,0.03895362120173629
2020-07-01,5.1398664,-0.011042972017916819,-0.0027670057731378206,0.01692967746349794,0.0020157595748580004,0.011169465197129913,0.03636174104223744
2020-07-02,5.2006545,0.0060907112144839015,0.0022697084272733647,0.019970605123926122,0.00530358449158741,0.010775228008237825,0.03820801934009488
2020-07-03,5.4581575,0.002522421524663754,0.0032534918943176727,0.01991354189423644,-0.018009823540112824,-0.007902959014887134,0.0171088332830871
2020-07-06,5.4289303,0.0,0.0017138687283595466,0.017771877021533156,0.02797332345313097,0.013738170923307536,0.0422712459733845
2020-07-07,5.482247,0.008778278541724971,0.009241011189706105,0.024057544305947864,0.008109569291764318,0.01686904675343559,0.04813475482940199
2020-07-08,5.5714245,0.006263190962168652,0.010778675309767172,0.028035261363608566,0.009653199856989536,0.02001011341472214,0.053741172958702954
2020-07-09,5.677108,-0.008978269803428862,1.1099891807031526e-05,0.016792991999518225,0.0051345609065156506,0.01862484748438953,0.054665366216153366
2020-07-10,5.7428856,-0.0005558025940076705,-0.0016212243374938984,0.013995845453125266,0.020785626211027086,0.025191947068605725,0.07024461414865235
2020-07-13,5.948936,0.007118256687629776,0.0029796022331209926,0.0188753551436045,0.01984469370146691,0.03235047512576861,0.08391640455208216
2020-07-14,5.967452,-0.00022088592714653021,0.0020477060434960226,0.016323125390289572,-0.0076142131979695105,0.014881467381899993,0.0691628992270672
2020-07-15,5.9253516,0.00044186945703783564,0.002945630316954162,0.014306926345472704,-0.016197783461210702,-0.005755246924216917,0.04643676493258009
2020-07-16,5.6011057,-0.007011191934976013,-0.00403106865834979,0.005708701113727344,0.005719237435008795,-0.004392135332669911,0.0470949115842656
2020-07-17,5.683493,0.005337242406658671,0.00016595621024628748,0.00961997442628082,0.0010339479579528632,-0.0038412731076585827,0.043526685468949555
2020-07-20,5.9351516,0.004202828834110051,0.0038253709342124242,0.0126250631284468,0.003787226717163028,0.0026480500722194655,0.04276759927394336
2020-07-21,6.1193914,0.014593314413634095,0.014906303803844612,0.025212995404293226,0.014577259475218707,0.015482852140478842,0.05224776557428101
2020-07-22,6.1463304,0.011778088842989476,0.020932356234208083,0.034717217542078904,-0.011325219743069659,0.0012667762256917126,0.035688673649169056
2020-07-23,6.1324825,0.0134112978528107,0.024479904976925093,0.04527822665668935,0.004787143101384839,0.0035175192951300005,0.03574984799485392
2020-07-24,5.8441105,0.004340730161538575,0.019089484614601027,0.04626959594399649,-0.015654245363280528,-0.011381502495044105,0.01595497133022472
2020-07-27,5.8685904,0.017762056767294032,0.024522753317335555,0.06028701204190301,0.0017286084701815252,-0.00845253576072813,0.014060353652454616
2020-07-28,5.9125133,0.007094744263011377,0.020711281066825515,0.06338068425376986,0.00690250215703192,0.0011667410178100024,0.017694098769523103
2020-07-29,6.090654,0.004525144777641543,0.01579724872080135,0.0629528202313625,0.0005141388174807471,0.002059732234809486,0.014942498761311152
2020-07-30,6.1232204,-0.005733274211351391,0.004416286932903857,0.05232649262425393,0.0010277492291881352,0.004227239921641424,0.012930287378236871
2020-07-31,6.0041356,0.0105544969802005,0.008187563041278434,0.05843561592193658,-0.015400410677618215,-0.010183719810087477,-0.005736798451755787
2020-08-03,6.2021155,0.0016302991095733521,0.006213336766041522,0.055111603853334135,0.015119916579770631,0.003194558944765058,0.006756523837429862
2020-08-04,6.1605616,0.017904349527911867,0.018339443723235593,0.06835505444284729,-0.005992124636192475,-0.00182237045696787,-0.0011010942123735878
2020-08-05,6.179019,0.014941047943037189,0.025455889178882307,0.07811288020536988,0.00757836720633831,0.005327375837772763,0.00472305710605414
2020-08-06,6.111493,0.010043830761298445,0.024459183929370187,0.08169813230854484,-0.002051282051282022,0.0034721028567499257,0.0012777525276346235
2020-08-07,5.8470964,-0.0201803677377832,-0.0009344053624105175,0.05398105843060996,-0.04008221993833505,-0.03175645322920617,-0.03727881807249611
2020-08-10,5.945467,0.007114098304466854,0.0003656933812286045,0.05557352782092195,0.024446823697358955,-0.004646485661777389,-0.012309571530567553
2020-08-11,5.9812393,-0.045346792986082574,-0.03847876803496941,0.004511608777769904,0.004703013412297619,0.0013541196486233087,-0.00683575253542712
2020-08-12,5.9096937,0.0011901318727003396,-0.02803032882199108,0.002489526779935858,0.005201109570041718,0.00838290027479216,-0.0019107951317759442
2020-08-13,5.732214,0.011266694135483535,-0.007627800387977168,0.009651701856501438,-0.028630562262849324,-0.013418351259503192,-0.029057589366525582
2020-08-14,5.9464507,-0.01006794688172663,-0.01028040956476095,-0.0038211706175904636,0.01846590909090917,0.00017436791630354165,-0.010505615070123708
2020-08-17,6.101036,0.0247805885389778,0.018345616724867675,0.01644490202011628,0.014295676429567639,0.011755703951029428,0.003752426137588971
2020-08-18,6.245163,0.007254420359729341,0.018750649349873916,0.019719659670283107,0.02457889309040917,0.029711521851788047,0.02802448909200672
2020-08-19,6.155177,-0.02035614321557022,-0.004401855402248356,-0.0034419565744596703,0.015936923335010844,0.036879772626100094,0.04254714788641456
2020-08-20,6.0745993,-0.012712463860967027,-0.014764749988584569,-0.01722821119676532,-0.015521796565389767,0.009379338367250245,0.025614560217439797
2020-08-21,6.0427265,0.00041365536126503066,-0.014116100705326762,-0.017752661535397674,-0.019121100301912053,-0.013661663012312308,0.005458843756716236
2020-08-24,6.0892973,-0.00356664142517249,-0.011861577155653835,-0.021173983372522076,0.0029069767441860517,-0.01236023171224565,0.007775248077666497
2020-08-25,6.071767,-0.008248120945422155,-0.011131083495444782,-0.028435933328022966,0.003069053708439906,-0.006719794691699921,0.010451465523904524
2020-08-26,5.9506035,0.015116592533547024,0.005689921896684824,-0.01342831772173525,0.009178990311065727,0.006441769791490026,0.01886015342108438
2020-08-27,6.0017133,-0.00984179732390078,-0.002947161253359143,-0.022623706693290502,0.00235809331312109,0.009191425858092295,0.020325935070167667
2020-08-28,6.1922355,0.022377185962904944,0.016200444546885295,-0.0007985135753810768,0.01226684590825089,0.01550910316925136,0.030456983039540253
2020-08-31,6.3225603,0.0015270284217046015,0.013568502123946224,0.0006865799371136294,0.014442231075697087,0.021701330836621402,0.04293065048767364
2020-09-01,6.266193,0.0003049276242030885,0.008020314885069713,0.0018324154541760063,-0.010800196367206638,0.005221497938007191,0.029567053854276715
2020-09-02,6.155038,-0.017173014732414615,-0.008650709392627798,-0.012942860979100801,-0.002481389578163684,-0.0003647093929246559,0.025440446228147895
2020-09-03,6.093491,-0.003515327100031773,-0.012742770800056591,-0.013293618131821394,-0.015091210613598749,-0.015058542571892874,0.009098709529432591
2020-09-04,6.061003,-0.0019194600636733838,-0.010512547148633589,-0.01301004850670795,0.02912948307795915,0.010682276680887837,0.03403063857144062
2020-09-06,5.8314257,0.004729962820551936,-0.002281382007167876,-0.006011235874652798,0.006053664921465973,0.015524360033030371,0.03671232876712316
2020-09-07,5.825769,0.0,0.0013572431907500349,-0.00602145898696016,-0.0015612294682061378,0.010787173931654959,0.03186314880114027
2020-09-08,5.809609,0.0,0.0015025128231700435,-0.00597289967047665,-0.01619050721568882,-0.0059053174190404345,0.013096452149643056
2020-09-09,5.76067,0.006052742458290128,0.00578217762574007,0.0003523434443357676,0.008609271523178696,-0.0023712515229722397,0.017891634307559467
2020-09-10,5.6478176,0.004885072370303556,0.007537699321680913,0.00479463381319345,-0.017564018384766844,-0.015799825031079906,-0.0020625707601831245
2020-09-11,5.702241,-0.00839213118080151,-0.0014119479217323816,-0.0024272355322628725,0.01453634085213018,0.001041927698131273,0.010304372494829517
2020-09-14,5.7642226,0.00789551366100194,0.004391734016284898,0.006648792843073403,0.009552042160737795,0.01091724661103588,0.01852282620976564
2020-09-15,5.894504,0.0016384584927495727,0.003632249683808597,0.008360508955083334,-0.0013050570962479524,0.0068747738561230065,0.01663616647458732
2020-09-16,5.7909436,0.0019935093014418204,0.004036201070723999,0.00968371458592543,-0.0008167265599476892,0.005225793729047634,0.014500204823892915
2020-09-17,5.8271136,-0.010305046258060946,-0.004862837710091106,-0.0008600787070518479,0.0032695765898316242,0.003499247825233809,0.015383800847780016
2020-09-18,6.017455,0.006237100817493735,-0.00012293691141795904,0.004740353492917793,0.014828091901580631,0.013210125593804856,0.027354891070359155
2020-09-21,5.8857183,-0.026074496721810836,-0.02098912155098198,-0.02119073420483264,-0.026493256262042353,-0.011478136107216264,-0.0013457043699980353
2020-09-22,5.79671,-0.0013675445259373475,-0.016483457278779312,-0.021468833361906414,0.009401286491835803,-0.0021196804174139494,0.006525972317246387
2020-09-23,5.765527,-0.020383414973937253,-0.026413849391958344,-0.03988806611594886,-0.022058823529411686,-0.01991288114499068,-0.0159519370209239
2020-09-24,5.600849,0.004516384915210114,-0.014620070653500461,-0.033148641988891336,-0.00835421888053478,-0.021628037321552274,-0.02345838879683826
2020-09-25,5.5113935,-0.005673659144257104,-0.010356201009852573,-0.035892613158144515,0.001347935973041281,-0.011016441456433546,-0.020788674563408382
2020-09-27,5.539223,0.008128383513561488,0.0007160393786174168,-0.025643933220440562,0.005552751135790013,-0.002636937147434737,-0.014791319084956234
2020-09-28,5.5803747,0.0,0.003482840019842559,-0.024080097961583502,0.0,0.0021801106825425354,-0.01435258336604528
2020-09-29,5.600394,0.01148013639440748,0.011274954462960673,-0.012019199663027114,0.0006693440428380271,0.0030191211003021134,-0.01402621898840406
2020-09-30,5.609513,-0.003589742201786539,0.005583307774931212,-0.014630453792041087,0.014214046822742521,0.012859051436205693,0.00037606882719298795
2020-10-01,5.524585,0.016953642384105905,0.015941721747918747,0.0024283886466305304,-0.0550700741962078,-0.0360939181916039,-0.05144476333290293
2020-10-02,5.6077485,0.0,0.010944204651025968,0.0027818773100685146,0.039085674402373094,0.0022890227892415904,-0.012863441965321853
2020-10-05,5.6151447,0.0,0.005995613437640435,0.003135615364515232,-0.004869857262804311,-0.0009104090096773154,-0.016741608455424717
2020-10-06,5.5828195,0.0,0.003345355705399511,0.0037965932881462994,0.0001687478906513551,0.001047155789758003,-0.015227667334036799
2020-10-07,5.6601152,0.0,0.0,0.004708176683232201,0.02345199932512232,0.024489106569836272,0.0071894665183389606
2020-10-08,5.684719,0.0,0.0,0.005189594387237095,0.0029673590504450953,0.01542159022631684,0.010077532249763488
2020-10-09,5.79822,0.0,0.0,0.006074708091914349,0.013313609467455745,0.021778042959427202,0.023228023003958542
2020-10-10,5.982682,0.0015629070070328765,0.0012499348992238701,0.00854046163027955,-0.0060016220600161985,0.008890352321369921,0.01703635473457976
2020-10-12,5.989245,0.0,0.0009371583276929218,0.009538760933847534,0.0,0.0022570409865558805,0.016943527107983858
2020-10-13,5.9679575,-0.01768530559167747,-0.013580569339253112,-0.00697249055431548,-0.006364229765013052,-0.004870235993985728,0.01087407653357686
2020-10-14,5.901933,0.006777891886748932,-0.00500296248215093,0.0010952082938704422,0.0019707669568072017,-0.0034628074875043824,0.013935168642962292
2020-10-15,5.816667,0.0009992648687517924,-0.002306588817427624,0.0020428068112241515,0.011473528929683674,0.007773459189339249,0.024649027405335033
2020-10-16,5.813932,-0.0012609827686639319,-0.0012924986207233369,0.0007212889308227943,-0.005833738454059434,0.0016653605015675144,0.01854465160294194
2020-10-19,5.832178,0.0029461150263487834,0.003347303065510232,0.0024424878077882184,0.006030969845150835,0.006260597365332021,0.023099301302081265
2020-10-20,6.009406,0.002098195524955271,0.0031400661731568746,0.0034351342088660974,0.02009073233959824,0.019595141700404994,0.04054076387855954
2020-10-21,6.0920434,0.007432972670857296,0.008129554897348346,0.009120657978249014,0.016041931385006425,0.026114016233037107,0.05328152270556874
2020-10-22,6.0134244,-0.012210329573991263,-0.003960911917788801,-0.003940036104318145,-0.014069094888228828,0.007282716325422545,0.03564068670514553
2020-10-23,5.8766294,0.0004734229791283351,-0.003614647179003616,-0.004230191856968046,-0.007769145394006749,-0.00445434298440972,0.025220959854522773
2020-10-26,5.7972283,0.0003680079768006994,-0.002861413205183294,-0.004082726421420935,-0.012623841482901854,-0.017240830868085366,0.01063133791298676
2020-10-27,5.8845634,0.00320602187039154,0.0005032175647141646,-0.0014464345234139753,0.001294707881534185,-0.01254468845760992,0.010931193934739625
2020-10-28,5.855718,-0.017078843683110856,-0.011569116591413353,-0.017387686617851283,-0.00953612413124294,-0.013490453652725498,-0.0019462699207649647
2020-10-29,5.8114805,-0.005649704648652665,-0.01346335386653108,-0.021558145187470235,-0.0013054830287205776,-0.008810572687224738,-0.0045867083048697355
2020-10-30,5.6682878,0.006325069137299355,-0.004633784271350083,-0.014281201084709427,-0.002777777777777879,-0.006576163036754901,-0.008778554664977567
2020-11-02,5.739599,0.0069244699216712835,0.003567495282548405,-0.0066967975632259424,0.009667376699983743,0.003583061889250949,-0.0011023213590972691
2020-11-03,5.8716054,0.009574680148212167,0.01320861158158615,0.00310365515283495,0.004057124310288929,0.007654723127035856,0.0019676591334201188
2020-11-04,6.0273967,-0.007283219499115812,0.0038679465829161153,-0.0035501219733676814,0.005172135122029964,0.009873014841999428,0.006050213536948235
2020-11-05,6.140946,0.02676030502244031,0.02209917501522085,0.022421501877380123,0.0012863804470171214,0.007670399378600701,0.006839458664122722
2020-11-06,6.1648126,0.0025702975759509528,0.016935911068867382,0.024301110710784224,0.01397141480648778,0.014818862708541047,0.019373587342589538
2020-11-09,6.2918987,-0.04978726104970066,-0.0299312459116976,-0.024921563434393224,0.0007918910357933573,0.01052261242243957,0.018610311837576887
2020-11-10,6.22599,0.01197931892246662,-0.014896827964704373,-0.012900600134113427,0.0,0.00627428498630489,0.01672552915905756
2020-11-11,6.0999093,-0.007838366775525851,-0.019125164006764894,-0.01959030477761281,-0.006963127077069142,-0.002511604247472432,0.00823458525808407
2020-11-12,6.0808563,0.006395455864105282,-0.005227266048046575,-0.012524072251463347,0.003346613545816668,-0.0013640833676996644,0.010593900481540963
2020-11-13,6.0455694,0.006995608115309526,0.00865461761430919,-0.005220020083826382,0.010324015247776375,0.007443775736458713,0.019178696745870027
2020-11-16,6.1707416,0.0008485430862186227,0.005841190109890704,-0.0038740592006678565,0.013991510768747162,0.017318065676161565,0.03114208978130195
2020-11-17,6.118963,-0.0014836267449170881,0.0033756520732448614,-0.004671623576262163,-0.006821705426356628,0.007612935699006007,0.023208267446132247
2020-11-18,6.0684223,-0.005837092066861227,-0.003838952707437726,-0.009144323997576698,0.0001561036528254789,0.003602756892230774,0.02328627100236358
2020-11-19,6.1005692,-0.00661864126718037,-0.009220525535435176,-0.014660190283536156,0.0015607928827843232,0.0013732405355639798,0.023983914979175625
2020-11-20,6.2847657,0.006179141449066616,-0.0017059518147257702,-0.00779942965121605,0.02773881876266171,0.021688613477923946,0.04956593008729149
2020-11-23,6.4347453,-0.018583748377398956,-0.015059730517109737,-0.02456109824283803,-0.009855951478392688,0.009117601607170567,0.036326990525463954
2020-11-24,6.479083,-0.01795625156340741,-0.024411317379353314,-0.03942516195695578,0.013016845329249627,0.01569217540842649,0.0462633451957295
2020-11-25,6.4543133,0.0004986160900950498,-0.016717517331804044,-0.037139759953142004,0.0031746031746031633,0.011801299057725645,0.04538508798185226
2020-11-26,6.586124,-0.013180443817571552,-0.021235216166557214,-0.047705561995267765,0.008981314044605115,0.012288489217334497,0.05001348664195149
2020-11-27,6.622765,0.0,-0.011384691079121434,-0.04526919771153037,0.019176772806021924,0.024606163252313573,0.0641333722143298
2020-11-30,6.7037163,-0.0034794731226438502,-0.007988854093924247,-0.04565867808011537,0.006301289566236878,0.02073275144481168,0.06498469288056108
2020-12-01,6.8730755,0.02162528888324866,0.012411678599994813,-0.022541210779304488,0.013543031891655843,0.024053486195876772,0.07297626040023864
2020-12-02,6.8478336,0.006394341955818117,0.016615975668320848,-0.014461640936779818,0.001293103448275934,0.01542738579538172,0.06818840213177868
2020-12-03,6.882951,0.006079913432174289,0.016581467509950487,-0.005557437085385475,0.00057397044052232,0.007862862428815065,0.06272565584026646
2020-12-04,6.9971867,-0.0004899958569997143,0.010046012564530304,-0.002957061668271588,0.009895310483292619,0.01146189422883559,0.06732061905202169
2020-12-07,6.8894243,0.014107535306737917,0.01468234029796145,0.010872690110423466,-0.001988071570576566,0.0048038430744594685,0.0595060060784407
2020-12-08,6.8650084,0.004834031455560828,0.013324679931076222,0.015886143204770775,-0.004980079681274785,-0.0011426939008711834,0.04890070166702176
2020-12-09,6.7654696,-0.019350049335771446,-0.007240367048787277,-0.003064832221876812,0.004004004004003914,0.0013691987334911726,0.04724146366201887
2020-12-10,6.894201,-0.000545077953399864,-0.007437742350378973,-0.002551298679337788,0.017661301808859164,0.014079309659655426,0.05903156047448177
2020-12-11,6.6958504,0.0033813663420267925,-0.004501856272968396,0.002072468328468746,-0.013016095171448527,0.0005959306450240565,0.03992166670599051
2020-12-14,6.811123,-0.006033317404964933,-0.006950881796429664,-0.0023812855865545934,-0.0005672149744753163,-0.0005388695084942441,0.03476930575906079
2020-12-15,6.8738894,0.012905396339692787,0.007889894889610005,0.011381684993482022,0.005107832009080493,0.001980198019801982,0.03490390178054903
2020-12-16,6.9023166,0.0020514639408535373,0.007600008460961538,0.013938151942021193,0.0043760587238848014,0.0036959711093558223,0.03408483129084017
2020-12-17,7.0561223,0.016755549806049652,0.01855547551585701,0.030192832897584454,0.01194659170765977,0.014113073607707305,0.040518062381948106
2020-12-18,7.029296,-0.0007948283376484344,0.012728236249562874,0.0290060816600759,0.008333333333333304,0.01660738790713312,0.044171623845082886
2020-12-21,7.1217666,-0.0034469958998303296,0.003792519458644561,0.02430207696055109,-0.015013774104683186,-0.0015358838313321854,0.02392206107449546
2020-12-22,6.9448576,-0.006704968025398328,-0.004458754067144133,0.015723406654124528,-0.01580198573626057,-0.01604965887484633,0.0046994466872614105
2020-12-23,7.0919237,0.004339427671638418,-0.0021185113888002594,0.018219519067942613,0.010230179028132946,-0.0058446824575630885,0.011555348154302703
2020-12-24,7.0449066,0.0027738162786727916,0.001427671638254413,0.018333707214877926,0.001828410689170168,-0.001877697438484316,0.010333113479854994
2020-12-25,7.223452,-0.0014362855508920358,0.0008957411784424885,0.014253121489282039,0.0023866348448686736,0.003880546650919303,0.010479836398502806
2020-12-28,7.2690983,0.0,0.0011092519418745006,0.011479616187511699,0.0,0.004191161992630255,0.008531555455110196
2020-12-29,7.2561736,0.0013317707569933113,0.0010438001998356317,0.011039823316078223,-0.004621848739495671,-0.0023862998315553607,0.002829143707800963
2020-12-30,7.4755893,0.006011623728074289,0.0053163341540964915,0.015334727516257196,-0.0012663571127058404,-0.0033138620534710617,0.0006484901457692871
2020-12-31,7.5144706,0.0011105106218600724,0.00502219635242529,0.014928247995112942,-0.008453085376162295,-0.009374208259437578,-0.008264462809917217
